step,sched_reqs,sched_tokens,batch,num_query_tokens,sum_seq_len,num_spec_tokens,draft_ms,target_fwd_ms,n_target_fwd,exec_ms,sample_ms,step_ms
0,32,64,-1,-1,-1,-1,-1,24.047615,1,3810.382812,12304.754883,16115.137695
1,32,32,-1,-1,-1,-1,-1,15.071232,1,16.478209,4.017152,20.49536
2,1,513,-1,-1,-1,-1,-1,-1,0,62.342144,0.836608,63.178752
3,18,8192,-1,-1,-1,-1,-1,-1,0,500.634613,0.861184,501.495797
4,32,7229,-1,-1,-1,-1,-1,-1,0,441.732086,0.877568,442.609654
5,32,32,-1,-1,-1,-1,-1,15.659008,1,15.721472,0.878592,16.600064
6,32,32,-1,-1,-1,-1,-1,15.500288,1,15.54432,0.891904,16.436224
7,32,32,-1,-1,-1,-1,-1,15.423488,1,15.466496,0.893952,16.360448
8,32,32,-1,-1,-1,-1,-1,15.372288,1,15.413248,0.884736,16.297984
9,32,32,-1,-1,-1,-1,-1,15.367168,1,15.409152,0.882688,16.29184
10,32,32,-1,-1,-1,-1,-1,15.371264,1,15.414272,0.877568,16.29184
11,32,32,-1,-1,-1,-1,-1,15.369216,1,15.412224,0.884736,16.29696
12,32,32,-1,-1,-1,-1,-1,15.376384,1,15.419392,0.879616,16.299008
13,32,32,-1,-1,-1,-1,-1,15.332352,1,15.37536,0.879616,16.254976
14,32,32,-1,-1,-1,-1,-1,15.30368,1,15.346688,0.8704,16.217088
15,32,32,-1,-1,-1,-1,-1,15.301632,1,15.345664,0.884736,16.2304
16,32,32,-1,-1,-1,-1,-1,15.307776,1,15.351808,0.889856,16.241664
17,32,32,-1,-1,-1,-1,-1,15.312896,1,15.355904,0.872448,16.228352
18,32,32,-1,-1,-1,-1,-1,15.323136,1,15.387648,0.884736,16.272384
19,32,32,-1,-1,-1,-1,-1,15.328256,1,15.394816,0.883712,16.278528
20,32,32,-1,-1,-1,-1,-1,15.341568,1,15.410176,0.886784,16.29696
21,32,32,-1,-1,-1,-1,-1,15.326208,1,15.39072,0.883712,16.274432
22,32,32,-1,-1,-1,-1,-1,15.333376,1,15.376384,0.874496,16.25088
23,32,32,-1,-1,-1,-1,-1,15.347712,1,15.392768,0.8704,16.263168
24,32,32,-1,-1,-1,-1,-1,15.335424,1,15.38048,0.878592,16.259072
25,32,32,-1,-1,-1,-1,-1,15.327232,1,15.371264,0.868352,16.239616
26,32,32,-1,-1,-1,-1,-1,15.318016,1,15.363072,0.884736,16.247808
27,32,32,-1,-1,-1,-1,-1,15.321088,1,15.363072,0.882688,16.24576
28,32,32,-1,-1,-1,-1,-1,15.328256,1,15.369216,0.873472,16.242688
29,32,32,-1,-1,-1,-1,-1,15.325184,1,15.369216,0.884736,16.253952
30,32,32,-1,-1,-1,-1,-1,15.337472,1,15.381504,0.879616,16.26112
31,32,32,-1,-1,-1,-1,-1,15.32416,1,15.37024,0.878592,16.248832
32,32,32,-1,-1,-1,-1,-1,15.323136,1,15.367168,0.883712,16.25088
33,32,32,-1,-1,-1,-1,-1,15.326208,1,15.371264,0.886784,16.258048
34,32,32,-1,-1,-1,-1,-1,15.336448,1,15.40096,0.87552,16.27648
35,32,32,-1,-1,-1,-1,-1,15.322112,1,15.387648,0.888832,16.27648
36,32,32,-1,-1,-1,-1,-1,15.321088,1,15.388672,0.873472,16.262144
37,32,32,-1,-1,-1,-1,-1,15.340544,1,15.404032,0.877568,16.2816
38,32,32,-1,-1,-1,-1,-1,15.347712,1,15.388672,0.882688,16.27136
39,32,32,-1,-1,-1,-1,-1,15.330304,1,15.371264,0.879616,16.25088
40,32,32,-1,-1,-1,-1,-1,15.340544,1,15.383552,0.877568,16.26112
41,32,32,-1,-1,-1,-1,-1,15.346688,1,15.39072,0.877568,16.268288
42,32,32,-1,-1,-1,-1,-1,15.340544,1,15.383552,0.881664,16.265216
43,32,32,-1,-1,-1,-1,-1,15.35488,1,15.396864,0.879616,16.27648
44,32,32,-1,-1,-1,-1,-1,15.345664,1,15.388672,0.874496,16.263168
45,32,32,-1,-1,-1,-1,-1,15.36,1,15.404032,0.879616,16.283648
46,32,32,-1,-1,-1,-1,-1,15.356928,1,15.399936,0.883712,16.283648
47,32,32,-1,-1,-1,-1,-1,15.347712,1,15.389696,0.881664,16.27136
48,32,32,-1,-1,-1,-1,-1,15.352832,1,15.39584,0.882688,16.278528
49,32,32,-1,-1,-1,-1,-1,15.345664,1,15.388672,0.884736,16.273408
50,32,32,-1,-1,-1,-1,-1,15.355904,1,15.420416,0.879616,16.300032
51,32,32,-1,-1,-1,-1,-1,15.361024,1,15.427584,0.88064,16.308224
52,32,32,-1,-1,-1,-1,-1,15.371264,1,15.437824,0.879616,16.31744
53,32,32,-1,-1,-1,-1,-1,15.362048,1,15.427584,0.87552,16.303104
54,32,32,-1,-1,-1,-1,-1,15.371264,1,15.41632,0.879616,16.295936
55,32,32,-1,-1,-1,-1,-1,15.363072,1,15.408128,0.877568,16.285696
56,32,32,-1,-1,-1,-1,-1,15.362048,1,15.40608,0.87552,16.2816
57,32,32,-1,-1,-1,-1,-1,15.363072,1,15.408128,0.879616,16.287744
58,32,32,-1,-1,-1,-1,-1,15.377408,1,15.422464,0.887808,16.310272
59,32,32,-1,-1,-1,-1,-1,15.3856,1,15.428608,0.882688,16.311296
60,32,32,-1,-1,-1,-1,-1,15.378432,1,15.422464,0.881664,16.304128
61,32,32,-1,-1,-1,-1,-1,15.391744,1,15.433728,0.869376,16.303104
62,32,32,-1,-1,-1,-1,-1,15.387648,1,15.432704,0.893952,16.326656
63,32,32,-1,-1,-1,-1,-1,15.373312,1,15.418368,0.877568,16.295936
64,32,32,-1,-1,-1,-1,-1,15.384576,1,15.428608,0.881664,16.310272
65,32,32,-1,-1,-1,-1,-1,15.389696,1,15.433728,0.884736,16.318464
66,32,32,-1,-1,-1,-1,-1,15.396864,1,15.4624,0.88576,16.34816
67,32,32,-1,-1,-1,-1,-1,15.393792,1,15.4624,0.877568,16.339968
68,32,32,-1,-1,-1,-1,-1,15.4112,1,15.47264,0.877568,16.350208
69,32,32,-1,-1,-1,-1,-1,15.405056,1,15.470592,0.879616,16.350208
70,32,32,-1,-1,-1,-1,-1,15.404032,1,15.448064,0.878592,16.326656
71,32,32,-1,-1,-1,-1,-1,15.39072,1,15.433728,0.883712,16.31744
72,32,32,-1,-1,-1,-1,-1,15.413248,1,15.456256,0.882688,16.338944
73,32,32,-1,-1,-1,-1,-1,15.408128,1,15.451136,0.884736,16.335872
74,32,32,-1,-1,-1,-1,-1,15.424512,1,15.468544,0.886784,16.355328
75,32,32,-1,-1,-1,-1,-1,15.41632,1,15.461376,0.88064,16.342016
76,32,32,-1,-1,-1,-1,-1,15.412224,1,15.454208,0.883712,16.33792
77,32,32,-1,-1,-1,-1,-1,15.425536,1,15.470592,0.878592,16.349184
78,32,32,-1,-1,-1,-1,-1,15.430656,1,15.474688,0.877568,16.352256
79,32,32,-1,-1,-1,-1,-1,15.42656,1,15.470592,0.878592,16.349184
80,32,32,-1,-1,-1,-1,-1,15.435776,1,15.480832,0.884736,16.365568
81,32,32,-1,-1,-1,-1,-1,15.4368,1,15.481856,0.877568,16.359424
82,32,32,-1,-1,-1,-1,-1,15.437824,1,15.504384,0.873472,16.377856
83,32,32,-1,-1,-1,-1,-1,15.4368,1,15.505408,0.877568,16.382976
84,32,32,-1,-1,-1,-1,-1,15.44192,1,15.507456,0.877568,16.385024
85,32,32,-1,-1,-1,-1,-1,15.444992,1,15.509504,0.877568,16.387072
86,32,32,-1,-1,-1,-1,-1,15.448064,1,15.490048,0.883712,16.37376
87,32,32,-1,-1,-1,-1,-1,15.443968,1,15.486976,0.881664,16.36864
88,32,32,-1,-1,-1,-1,-1,15.459328,1,15.50336,0.887808,16.391168
89,32,32,-1,-1,-1,-1,-1,15.455232,1,15.49824,0.887808,16.386048
90,32,32,-1,-1,-1,-1,-1,15.453184,1,15.496192,0.88576,16.381952
91,32,32,-1,-1,-1,-1,-1,15.471616,1,15.515648,0.891904,16.407552
92,32,32,-1,-1,-1,-1,-1,15.459328,1,15.501312,0.893952,16.395264
93,32,32,-1,-1,-1,-1,-1,15.45728,1,15.502336,0.878592,16.380928
94,32,32,-1,-1,-1,-1,-1,15.46752,1,15.510528,0.878592,16.38912
95,32,32,-1,-1,-1,-1,-1,15.460352,1,15.501312,0.879616,16.380928
96,32,32,-1,-1,-1,-1,-1,15.464448,1,15.505408,0.881664,16.387072
97,32,32,-1,-1,-1,-1,-1,15.46752,1,15.509504,0.881664,16.391168
98,32,32,-1,-1,-1,-1,-1,15.478784,1,15.543296,0.88576,16.429056
99,32,32,-1,-1,-1,-1,-1,15.484928,1,15.543296,0.88064,16.423936
100,32,32,-1,-1,-1,-1,-1,15.48288,1,15.541248,0.888832,16.43008
101,32,32,-1,-1,-1,-1,-1,15.479808,1,15.53408,0.878592,16.412672
102,32,32,-1,-1,-1,-1,-1,15.492096,1,15.533056,0.884736,16.417792
103,32,32,-1,-1,-1,-1,-1,15.484928,1,15.527936,0.882688,16.410624
104,32,32,-1,-1,-1,-1,-1,15.47776,1,15.519744,0.877568,16.397312
105,32,32,-1,-1,-1,-1,-1,15.49312,1,15.535104,0.878592,16.413696
106,32,32,-1,-1,-1,-1,-1,15.488,1,15.529984,0.882688,16.412672
107,32,32,-1,-1,-1,-1,-1,15.497216,1,15.540224,0.879616,16.41984
108,32,32,-1,-1,-1,-1,-1,15.497216,1,15.5392,0.882688,16.421888
109,32,528,-1,-1,-1,-1,-1,-1,0,48.168961,0.871424,49.040385
110,32,32,-1,-1,-1,-1,-1,15.624192,1,15.666176,0.88576,16.551936
111,32,32,-1,-1,-1,-1,-1,15.55456,1,15.596544,0.874496,16.47104
112,32,32,-1,-1,-1,-1,-1,15.522816,1,15.566848,0.873472,16.44032
113,32,32,-1,-1,-1,-1,-1,15.550464,1,15.593472,0.88576,16.479232
114,32,32,-1,-1,-1,-1,-1,15.552512,1,15.617024,0.876544,16.493568
115,32,32,-1,-1,-1,-1,-1,15.557632,1,15.623168,0.881664,16.504832
116,32,32,-1,-1,-1,-1,-1,15.50336,1,15.570944,0.889856,16.4608
117,32,32,-1,-1,-1,-1,-1,15.505408,1,15.560704,0.88064,16.441344
118,32,528,-1,-1,-1,-1,-1,-1,0,48.082943,0.877568,48.960511
119,32,528,-1,-1,-1,-1,-1,-1,0,49.139713,0.879616,50.019329
120,32,32,-1,-1,-1,-1,-1,15.594496,1,15.63648,0.888832,16.525312
121,32,32,-1,-1,-1,-1,-1,15.543296,1,15.586304,0.874496,16.4608
122,32,1520,-1,-1,-1,-1,-1,-1,0,98.088959,0.87552,98.964479
123,32,528,-1,-1,-1,-1,-1,-1,0,50.985985,0.871424,51.857409
124,32,1024,-1,-1,-1,-1,-1,-1,0,71.074814,0.874496,71.94931
125,32,528,-1,-1,-1,-1,-1,-1,0,50.10125,0.871424,50.972674
126,32,1520,-1,-1,-1,-1,-1,-1,0,99.212288,0.878592,100.09088
127,32,1520,-1,-1,-1,-1,-1,-1,0,100.021248,0.876544,100.897792
128,32,1024,-1,-1,-1,-1,-1,-1,0,72.291328,0.881664,73.172992
129,32,528,-1,-1,-1,-1,-1,-1,0,50.302975,0.874496,51.177471
130,32,32,-1,-1,-1,-1,-1,15.550464,1,15.593472,0.879616,16.473088
131,32,32,-1,-1,-1,-1,-1,15.531008,1,15.588352,0.873472,16.461824
132,32,528,-1,-1,-1,-1,-1,-1,0,49.051647,0.862208,49.913855
133,32,32,-1,-1,-1,-1,-1,15.540224,1,15.582208,0.87552,16.457728
134,32,32,-1,-1,-1,-1,-1,15.50336,1,15.561728,0.88064,16.442367
135,32,1024,-1,-1,-1,-1,-1,-1,0,70.183937,0.869376,71.053313
136,32,1519,-1,-1,-1,-1,-1,-1,0,99.905533,0.87552,100.781053
137,32,32,-1,-1,-1,-1,-1,15.7696,1,15.833088,0.883712,16.7168
138,32,32,-1,-1,-1,-1,-1,15.640576,1,15.70816,0.891904,16.600064
139,32,32,-1,-1,-1,-1,-1,15.56992,1,15.627264,0.888832,16.516096
140,32,32,-1,-1,-1,-1,-1,15.494144,1,15.563776,0.886784,16.45056
141,32,32,-1,-1,-1,-1,-1,15.459328,1,15.517696,0.889856,16.407552
142,32,528,-1,-1,-1,-1,-1,-1,0,48.901119,0.88064,49.781759
143,32,1024,-1,-1,-1,-1,-1,-1,0,70.500351,0.897024,71.397375
144,32,527,-1,-1,-1,-1,-1,-1,0,50.422783,0.879616,51.302399
145,32,528,-1,-1,-1,-1,-1,-1,0,49.710079,0.8704,50.580479
146,32,32,-1,-1,-1,-1,-1,15.521792,1,15.5648,0.877568,16.442368
147,32,1024,-1,-1,-1,-1,-1,-1,0,70.291458,0.877568,71.169026
148,32,32,-1,-1,-1,-1,-1,15.54944,1,15.611904,0.874496,16.4864
149,32,32,-1,-1,-1,-1,-1,15.463424,1,15.505408,0.874496,16.379904
150,32,32,-1,-1,-1,-1,-1,15.4112,1,15.475712,0.881664,16.357376
151,32,32,-1,-1,-1,-1,-1,15.379456,1,15.443968,0.881664,16.325632
152,32,32,-1,-1,-1,-1,-1,15.368192,1,15.434752,0.869376,16.304128
153,32,32,-1,-1,-1,-1,-1,15.37024,1,15.433728,0.891904,16.325632
154,32,32,-1,-1,-1,-1,-1,15.37536,1,15.432704,0.887808,16.320512
155,32,32,-1,-1,-1,-1,-1,15.367168,1,15.43168,0.878592,16.310272
156,32,32,-1,-1,-1,-1,-1,15.323136,1,15.388672,0.871424,16.260096
157,32,32,-1,-1,-1,-1,-1,15.330304,1,15.386624,0.873472,16.260096
158,32,32,-1,-1,-1,-1,-1,15.320064,1,15.3856,0.878592,16.264192
159,32,32,-1,-1,-1,-1,-1,15.330304,1,15.39584,0.889856,16.285696
160,32,32,-1,-1,-1,-1,-1,15.322112,1,15.379456,0.8704,16.249856
161,32,32,-1,-1,-1,-1,-1,15.335424,1,15.391744,0.903168,16.294912
162,32,32,-1,-1,-1,-1,-1,15.326208,1,15.369216,0.888832,16.258048
163,32,32,-1,-1,-1,-1,-1,15.338496,1,15.39584,0.869376,16.265216
164,32,32,-1,-1,-1,-1,-1,15.346688,1,15.413248,0.87552,16.288768
165,32,32,-1,-1,-1,-1,-1,15.34976,1,15.393792,0.881664,16.275456
166,32,32,-1,-1,-1,-1,-1,15.348736,1,15.413248,0.876544,16.289792
167,32,32,-1,-1,-1,-1,-1,15.348736,1,15.414272,0.882688,16.29696
168,32,32,-1,-1,-1,-1,-1,15.34976,1,15.415296,0.882688,16.297984
169,32,32,-1,-1,-1,-1,-1,15.341568,1,15.404032,0.884736,16.288768
170,32,32,-1,-1,-1,-1,-1,15.345664,1,15.403008,0.879616,16.282624
171,32,32,-1,-1,-1,-1,-1,15.347712,1,15.4112,0.886784,16.297984
172,32,32,-1,-1,-1,-1,-1,15.34464,1,15.4112,0.878592,16.289792
173,32,32,-1,-1,-1,-1,-1,15.347712,1,15.412224,0.871424,16.283648
174,32,32,-1,-1,-1,-1,-1,15.361024,1,15.42656,0.882688,16.309248
175,32,32,-1,-1,-1,-1,-1,15.352832,1,15.419392,0.884736,16.304128
176,32,32,-1,-1,-1,-1,-1,15.356928,1,15.423488,0.881664,16.305152
177,32,32,-1,-1,-1,-1,-1,15.343616,1,15.399936,0.883712,16.283648
178,32,32,-1,-1,-1,-1,-1,15.366144,1,15.407104,0.88576,16.292864
179,32,32,-1,-1,-1,-1,-1,15.363072,1,15.42656,0.884736,16.311296
180,32,32,-1,-1,-1,-1,-1,15.36,1,15.423488,0.883712,16.3072
181,32,32,-1,-1,-1,-1,-1,15.355904,1,15.399936,0.884736,16.284672
182,32,32,-1,-1,-1,-1,-1,15.36512,1,15.420416,0.886784,16.3072
183,32,32,-1,-1,-1,-1,-1,15.366144,1,15.423488,0.873472,16.29696
184,32,32,-1,-1,-1,-1,-1,15.358976,1,15.414272,0.883712,16.297984
185,32,32,-1,-1,-1,-1,-1,15.379456,1,15.44192,0.871424,16.313344
186,32,32,-1,-1,-1,-1,-1,15.38048,1,15.444992,0.878592,16.323584
187,32,32,-1,-1,-1,-1,-1,15.378432,1,15.440896,0.877568,16.318464
188,32,32,-1,-1,-1,-1,-1,15.39584,1,15.45216,0.88064,16.3328
189,32,32,-1,-1,-1,-1,-1,15.382528,1,15.449088,0.874496,16.323584
190,32,32,-1,-1,-1,-1,-1,15.393792,1,15.459328,0.88576,16.345088
191,32,32,-1,-1,-1,-1,-1,15.392768,1,15.450112,0.878592,16.328704
192,32,32,-1,-1,-1,-1,-1,15.40096,1,15.464448,0.869376,16.333824
193,32,32,-1,-1,-1,-1,-1,15.39072,1,15.455232,0.88064,16.335872
194,32,32,-1,-1,-1,-1,-1,15.4112,1,15.454208,0.881664,16.335872
195,32,32,-1,-1,-1,-1,-1,15.403008,1,15.468544,0.883712,16.352256
196,32,32,-1,-1,-1,-1,-1,15.405056,1,15.46752,0.884736,16.352256
197,32,32,-1,-1,-1,-1,-1,15.405056,1,15.44704,0.873472,16.320512
198,32,32,-1,-1,-1,-1,-1,15.410176,1,15.473664,0.883712,16.357376
199,32,32,-1,-1,-1,-1,-1,15.418368,1,15.474688,0.882688,16.357376
200,32,32,-1,-1,-1,-1,-1,15.420416,1,15.486976,0.876544,16.36352
201,32,32,-1,-1,-1,-1,-1,15.404032,1,15.465472,0.8704,16.335872
202,32,32,-1,-1,-1,-1,-1,15.425536,1,15.490048,0.871424,16.361472
203,32,32,-1,-1,-1,-1,-1,15.422464,1,15.476736,0.881664,16.3584
204,32,32,-1,-1,-1,-1,-1,15.415296,1,15.478784,0.881664,16.360448
205,32,32,-1,-1,-1,-1,-1,15.439872,1,15.497216,0.883712,16.380928
206,32,32,-1,-1,-1,-1,-1,15.423488,1,15.488,0.876544,16.364544
207,32,32,-1,-1,-1,-1,-1,15.425536,1,15.48288,0.878592,16.361472
208,32,32,-1,-1,-1,-1,-1,15.433728,1,15.497216,0.886784,16.384
209,32,32,-1,-1,-1,-1,-1,15.423488,1,15.484928,0.883712,16.36864
210,32,32,-1,-1,-1,-1,-1,15.425536,1,15.46752,0.889856,16.357376
211,32,32,-1,-1,-1,-1,-1,15.442944,1,15.507456,0.877568,16.385024
212,32,32,-1,-1,-1,-1,-1,15.448064,1,15.511552,0.888832,16.400384
213,32,32,-1,-1,-1,-1,-1,15.438848,1,15.480832,0.88064,16.361472
214,32,32,-1,-1,-1,-1,-1,15.468544,1,15.532032,0.891904,16.423936
215,32,32,-1,-1,-1,-1,-1,15.451136,1,15.516672,0.876544,16.393216
216,32,32,-1,-1,-1,-1,-1,15.438848,1,15.50336,0.88576,16.38912
217,32,32,-1,-1,-1,-1,-1,15.463424,1,15.52896,0.876544,16.405504
218,32,32,-1,-1,-1,-1,-1,15.454208,1,15.51872,0.88576,16.40448
219,32,32,-1,-1,-1,-1,-1,15.449088,1,15.5136,0.8704,16.384
220,32,32,-1,-1,-1,-1,-1,15.460352,1,15.516672,0.877568,16.39424
221,32,32,-1,-1,-1,-1,-1,15.460352,1,15.52384,0.872448,16.396288
222,32,32,-1,-1,-1,-1,-1,15.464448,1,15.529984,0.883712,16.413696
223,32,32,-1,-1,-1,-1,-1,15.469568,1,15.533056,0.883712,16.416768
224,32,32,-1,-1,-1,-1,-1,15.473664,1,15.536128,0.88576,16.421888
225,32,32,-1,-1,-1,-1,-1,15.46752,1,15.532032,0.884736,16.416768
226,32,32,-1,-1,-1,-1,-1,15.475712,1,15.517696,0.87552,16.393216
227,32,32,-1,-1,-1,-1,-1,15.481856,1,15.538176,0.87552,16.413696
228,32,32,-1,-1,-1,-1,-1,15.486976,1,15.550464,0.88576,16.436224
229,32,32,-1,-1,-1,-1,-1,15.48288,1,15.525888,0.882688,16.408576
230,32,32,-1,-1,-1,-1,-1,15.479808,1,15.543296,0.884736,16.428032
231,32,32,-1,-1,-1,-1,-1,15.49824,1,15.562752,0.881664,16.444416
232,32,32,-1,-1,-1,-1,-1,15.481856,1,15.547392,0.883712,16.431104
233,32,32,-1,-1,-1,-1,-1,15.486976,1,15.550464,0.881664,16.432128
234,32,32,-1,-1,-1,-1,-1,15.495168,1,15.55968,0.886784,16.446464
235,32,32,-1,-1,-1,-1,-1,15.485952,1,15.551488,0.886784,16.438272
236,32,32,-1,-1,-1,-1,-1,15.48288,1,15.547392,0.884736,16.432128
237,32,32,-1,-1,-1,-1,-1,15.5136,1,15.579136,0.883712,16.462848
238,32,32,-1,-1,-1,-1,-1,15.509504,1,15.574016,0.888832,16.462848
239,32,32,-1,-1,-1,-1,-1,15.516672,1,15.584256,0.883712,16.467968
240,32,32,-1,-1,-1,-1,-1,15.526912,1,15.593472,0.869376,16.462848
241,32,528,-1,-1,-1,-1,-1,-1,0,48.292866,0.871424,49.16429
242,32,1024,-1,-1,-1,-1,-1,-1,0,70.913025,0.888832,71.801857
243,32,32,-1,-1,-1,-1,-1,15.74912,1,15.816704,0.900096,16.7168
244,32,32,-1,-1,-1,-1,-1,15.655936,1,15.722496,0.889856,16.612352
245,32,32,-1,-1,-1,-1,-1,15.640576,1,15.685632,0.887808,16.57344
246,32,528,-1,-1,-1,-1,-1,-1,0,48.823296,0.876544,49.69984
247,32,32,-1,-1,-1,-1,-1,15.561728,1,15.62624,0.896,16.52224
248,32,528,-1,-1,-1,-1,-1,-1,0,48.585728,0.874496,49.460224
249,32,527,-1,-1,-1,-1,-1,-1,0,49.272831,0.878592,50.151423
250,32,528,-1,-1,-1,-1,-1,-1,0,49.542145,0.874496,50.416641
251,32,32,-1,-1,-1,-1,-1,15.63648,1,15.70304,0.896,16.59904
252,32,528,-1,-1,-1,-1,-1,-1,0,49.449986,0.877568,50.327554
253,32,1024,-1,-1,-1,-1,-1,-1,0,71.193604,0.886784,72.080388
254,32,528,-1,-1,-1,-1,-1,-1,0,50.441216,0.879616,51.320832
255,32,1520,-1,-1,-1,-1,-1,-1,0,99.593216,0.886784,100.48
256,32,32,-1,-1,-1,-1,-1,15.792128,1,15.858688,0.893952,16.75264
257,32,1024,-1,-1,-1,-1,-1,-1,0,70.838272,0.879616,71.717888
258,32,528,-1,-1,-1,-1,-1,-1,0,50.318336,0.868352,51.186688
259,32,528,-1,-1,-1,-1,-1,-1,0,49.684479,0.866304,50.550783
260,32,528,-1,-1,-1,-1,-1,-1,0,49.651711,0.867328,50.519038
261,32,527,-1,-1,-1,-1,-1,-1,0,49.580032,0.864256,50.444288
262,32,32,-1,-1,-1,-1,-1,15.556608,1,15.622144,0.87552,16.497664
263,32,528,-1,-1,-1,-1,-1,-1,0,49.165314,0.86528,50.030594
264,32,528,-1,-1,-1,-1,-1,-1,0,49.32608,0.869376,50.195456
265,32,527,-1,-1,-1,-1,-1,-1,0,49.482754,0.872448,50.355202
266,32,528,-1,-1,-1,-1,-1,-1,0,49.502209,0.868352,50.370561
267,32,528,-1,-1,-1,-1,-1,-1,0,49.47456,0.868352,50.342912
268,32,32,-1,-1,-1,-1,-1,15.52896,1,15.592448,0.886784,16.479232
269,32,528,-1,-1,-1,-1,-1,-1,0,49.059841,0.881664,49.941505
270,32,528,-1,-1,-1,-1,-1,-1,0,49.478657,0.882688,50.361345
271,32,32,-1,-1,-1,-1,-1,15.519744,1,15.58528,0.889856,16.475136
272,32,32,-1,-1,-1,-1,-1,15.516672,1,15.55968,0.884736,16.444416
273,32,32,-1,-1,-1,-1,-1,15.481856,1,15.547392,0.872448,16.41984
274,32,32,-1,-1,-1,-1,-1,15.43168,1,15.488,0.88064,16.36864
275,32,32,-1,-1,-1,-1,-1,15.442944,1,15.50848,0.873472,16.381952
276,32,32,-1,-1,-1,-1,-1,15.42656,1,15.491072,0.883712,16.374784
277,32,32,-1,-1,-1,-1,-1,15.446016,1,15.490048,0.877568,16.367616
278,32,1520,-1,-1,-1,-1,-1,-1,0,97.844223,0.886784,98.731007
279,32,32,-1,-1,-1,-1,-1,15.732736,1,15.80032,0.898048,16.698368
280,32,32,-1,-1,-1,-1,-1,15.561728,1,15.620096,0.88576,16.505856
281,32,32,-1,-1,-1,-1,-1,15.476736,1,15.520768,0.876544,16.397312
282,32,528,-1,-1,-1,-1,-1,-1,0,48.654335,0.864256,49.518591
283,32,32,-1,-1,-1,-1,-1,15.480832,1,15.546368,0.876544,16.422912
284,32,32,-1,-1,-1,-1,-1,15.42144,1,15.488,0.887808,16.375808
285,32,527,-1,-1,-1,-1,-1,-1,0,48.66048,0.879616,49.540097
286,32,32,-1,-1,-1,-1,-1,15.451136,1,15.517696,0.884736,16.402432
287,32,32,-1,-1,-1,-1,-1,15.373312,1,15.438848,0.88576,16.324608
288,32,32,-1,-1,-1,-1,-1,15.37536,1,15.419392,0.889856,16.309248
289,32,32,-1,-1,-1,-1,-1,15.3856,1,15.453184,0.88576,16.338944
290,32,32,-1,-1,-1,-1,-1,15.387648,1,15.455232,0.884736,16.339968
291,32,32,-1,-1,-1,-1,-1,15.37536,1,15.439872,0.881664,16.321536
292,32,32,-1,-1,-1,-1,-1,15.326208,1,15.393792,0.874496,16.268288
293,32,32,-1,-1,-1,-1,-1,15.36,1,15.404032,0.871424,16.275456
294,32,32,-1,-1,-1,-1,-1,15.331328,1,15.397888,0.87552,16.273408
295,32,32,-1,-1,-1,-1,-1,15.34464,1,15.410176,0.884736,16.294912
296,32,32,-1,-1,-1,-1,-1,15.350784,1,15.417344,0.8704,16.287744
297,32,32,-1,-1,-1,-1,-1,15.337472,1,15.38048,0.876544,16.257024
298,32,32,-1,-1,-1,-1,-1,15.33952,1,15.40608,0.871424,16.277504
299,32,32,-1,-1,-1,-1,-1,15.338496,1,15.405056,0.874496,16.279552
300,32,32,-1,-1,-1,-1,-1,15.36512,1,15.432704,0.88064,16.313344
301,32,32,-1,-1,-1,-1,-1,15.348736,1,15.407104,0.879616,16.28672
302,32,32,-1,-1,-1,-1,-1,15.372288,1,15.440896,0.88576,16.326656
303,32,32,-1,-1,-1,-1,-1,15.367168,1,15.425536,0.88064,16.306176
304,32,32,-1,-1,-1,-1,-1,15.348736,1,15.394816,0.883712,16.278528
305,32,32,-1,-1,-1,-1,-1,15.357952,1,15.422464,0.871424,16.293888
306,32,32,-1,-1,-1,-1,-1,15.353856,1,15.419392,0.883712,16.303104
307,32,32,-1,-1,-1,-1,-1,15.348736,1,15.405056,0.878592,16.283648
308,32,32,-1,-1,-1,-1,-1,15.358976,1,15.425536,0.884736,16.310272
309,32,32,-1,-1,-1,-1,-1,15.36512,1,15.408128,0.876544,16.284672
310,32,32,-1,-1,-1,-1,-1,15.371264,1,15.439872,0.88064,16.320512
311,32,32,-1,-1,-1,-1,-1,15.37536,1,15.439872,0.88064,16.320512
312,32,32,-1,-1,-1,-1,-1,15.37536,1,15.443968,0.874496,16.318464
313,32,32,-1,-1,-1,-1,-1,15.378432,1,15.42144,0.888832,16.310272
314,32,32,-1,-1,-1,-1,-1,15.3856,1,15.450112,0.87552,16.325632
315,32,32,-1,-1,-1,-1,-1,15.372288,1,15.4368,0.879616,16.316416
316,32,32,-1,-1,-1,-1,-1,15.37536,1,15.442944,0.871424,16.314368
317,32,32,-1,-1,-1,-1,-1,15.394816,1,15.460352,0.88064,16.340992
318,32,32,-1,-1,-1,-1,-1,15.389696,1,15.45728,0.879616,16.336896
319,32,32,-1,-1,-1,-1,-1,15.391744,1,15.45728,0.869376,16.326656
320,32,32,-1,-1,-1,-1,-1,15.393792,1,15.4368,0.868352,16.305152
321,32,32,-1,-1,-1,-1,-1,15.404032,1,15.460352,0.871424,16.331776
322,32,32,-1,-1,-1,-1,-1,15.399936,1,15.464448,0.891904,16.356352
323,32,32,-1,-1,-1,-1,-1,15.403008,1,15.468544,0.878592,16.347136
324,32,32,-1,-1,-1,-1,-1,15.401984,1,15.459328,0.887808,16.347136
325,32,32,-1,-1,-1,-1,-1,15.417344,1,15.460352,0.881664,16.342016
326,32,32,-1,-1,-1,-1,-1,15.420416,1,15.47776,0.882688,16.360448
327,32,32,-1,-1,-1,-1,-1,15.419392,1,15.48288,0.87552,16.3584
328,32,32,-1,-1,-1,-1,-1,15.425536,1,15.481856,0.879616,16.361472
329,32,32,-1,-1,-1,-1,-1,15.409152,1,15.451136,0.876544,16.32768
330,32,32,-1,-1,-1,-1,-1,15.417344,1,15.483904,0.874496,16.3584
331,32,32,-1,-1,-1,-1,-1,15.41632,1,15.481856,0.8704,16.352256
332,32,32,-1,-1,-1,-1,-1,15.424512,1,15.488,0.87552,16.36352
333,32,32,-1,-1,-1,-1,-1,15.424512,1,15.481856,0.882688,16.364544
334,32,32,-1,-1,-1,-1,-1,15.432704,1,15.499264,0.879616,16.37888
335,32,32,-1,-1,-1,-1,-1,15.424512,1,15.490048,0.882688,16.372736
336,32,32,-1,-1,-1,-1,-1,15.451136,1,15.495168,0.887808,16.382976
337,32,32,-1,-1,-1,-1,-1,15.44192,1,15.507456,0.877568,16.385024
338,32,32,-1,-1,-1,-1,-1,15.417344,1,15.484928,0.87552,16.360448
339,32,32,-1,-1,-1,-1,-1,15.433728,1,15.490048,0.88064,16.370688
340,32,32,-1,-1,-1,-1,-1,15.451136,1,15.507456,0.882688,16.390144
341,32,32,-1,-1,-1,-1,-1,15.433728,1,15.476736,0.881664,16.3584
342,32,32,-1,-1,-1,-1,-1,15.440896,1,15.49824,0.881664,16.379904
343,32,32,-1,-1,-1,-1,-1,15.455232,1,15.511552,0.883712,16.395264
344,32,32,-1,-1,-1,-1,-1,15.46752,1,15.533056,0.884736,16.417792
345,32,32,-1,-1,-1,-1,-1,15.437824,1,15.481856,0.884736,16.366592
346,32,32,-1,-1,-1,-1,-1,15.45728,1,15.522816,0.887808,16.410624
347,32,32,-1,-1,-1,-1,-1,15.46752,1,15.529984,0.88576,16.415744
348,32,32,-1,-1,-1,-1,-1,15.466496,1,15.52896,0.88064,16.4096
349,32,32,-1,-1,-1,-1,-1,15.45728,1,15.521792,0.878592,16.400384
350,32,32,-1,-1,-1,-1,-1,15.4624,1,15.525888,0.877568,16.403456
351,32,32,-1,-1,-1,-1,-1,15.468544,1,15.53408,0.884736,16.418816
352,32,32,-1,-1,-1,-1,-1,15.471616,1,15.512576,0.871424,16.384
353,32,32,-1,-1,-1,-1,-1,15.474688,1,15.5392,0.88576,16.42496
354,32,32,-1,-1,-1,-1,-1,15.466496,1,15.532032,0.90112,16.433152
355,32,32,-1,-1,-1,-1,-1,15.47776,1,15.5392,0.886784,16.425984
356,32,32,-1,-1,-1,-1,-1,15.474688,1,15.538176,0.876544,16.41472
357,32,32,-1,-1,-1,-1,-1,15.463424,1,15.505408,0.874496,16.379904
358,32,32,-1,-1,-1,-1,-1,15.499264,1,15.565824,0.873472,16.439296
359,32,32,-1,-1,-1,-1,-1,15.475712,1,15.5392,0.868352,16.407552
360,32,527,-1,-1,-1,-1,-1,-1,0,48.417793,0.861184,49.278977
361,32,528,-1,-1,-1,-1,-1,-1,0,49.520641,0.867328,50.387969
362,32,32,-1,-1,-1,-1,-1,15.63648,1,15.699968,0.882688,16.582656
363,32,32,-1,-1,-1,-1,-1,15.565824,1,15.632384,0.874496,16.50688
364,32,32,-1,-1,-1,-1,-1,15.53408,1,15.60064,0.874496,16.475136
365,32,32,-1,-1,-1,-1,-1,15.529984,1,15.596544,0.87552,16.472064
366,32,32,-1,-1,-1,-1,-1,15.537152,1,15.601664,0.874496,16.47616
367,32,32,-1,-1,-1,-1,-1,15.53408,1,15.598592,0.87552,16.474112
368,32,528,-1,-1,-1,-1,-1,-1,0,48.555008,0.867328,49.422336
369,32,32,-1,-1,-1,-1,-1,15.598592,1,15.664128,0.88576,16.549888
370,32,32,-1,-1,-1,-1,-1,15.57504,1,15.639552,0.876544,16.516096
371,32,528,-1,-1,-1,-1,-1,-1,0,48.739326,0.876544,49.61587
372,32,32,-1,-1,-1,-1,-1,15.598592,1,15.664128,0.88576,16.549888
373,32,1023,-1,-1,-1,-1,-1,-1,0,70.235138,0.879616,71.114754
374,32,32,-1,-1,-1,-1,-1,15.729664,1,15.7952,0.881664,16.676864
375,32,32,-1,-1,-1,-1,-1,15.643648,1,15.70816,0.879616,16.587776
376,32,32,-1,-1,-1,-1,-1,15.617024,1,15.68256,0.871424,16.553984
377,32,1023,-1,-1,-1,-1,-1,-1,0,70.015999,0.878592,70.894591
378,32,528,-1,-1,-1,-1,-1,-1,0,50.45248,0.879616,51.332096
379,32,528,-1,-1,-1,-1,-1,-1,0,50.057217,0.872448,50.929665
380,32,32,-1,-1,-1,-1,-1,15.655936,1,15.719424,0.886784,16.606208
381,32,1024,-1,-1,-1,-1,-1,-1,0,70.604797,0.87552,71.480317
382,32,32,-1,-1,-1,-1,-1,15.679488,1,15.737856,0.877568,16.615424
383,32,1519,-1,-1,-1,-1,-1,-1,0,98.827263,0.877568,99.704831
384,32,32,-1,-1,-1,-1,-1,15.796224,1,15.855616,0.894976,16.750592
385,32,32,-1,-1,-1,-1,-1,15.6672,1,15.73376,0.882688,16.616448
386,32,32,-1,-1,-1,-1,-1,15.543296,1,15.589376,0.879616,16.468992
387,32,528,-1,-1,-1,-1,-1,-1,0,48.78643,0.874496,49.660926
388,32,528,-1,-1,-1,-1,-1,-1,0,49.33427,0.877568,50.211838
389,32,32,-1,-1,-1,-1,-1,15.583232,1,15.648768,0.893952,16.54272
390,32,528,-1,-1,-1,-1,-1,-1,0,48.944126,0.868352,49.812478
391,32,528,-1,-1,-1,-1,-1,-1,0,49.498112,0.867328,50.36544
392,32,528,-1,-1,-1,-1,-1,-1,0,49.53088,0.86528,50.39616
393,32,528,-1,-1,-1,-1,-1,-1,0,49.546242,0.869376,50.415618
394,32,32,-1,-1,-1,-1,-1,15.561728,1,15.627264,0.882688,16.509952
395,32,528,-1,-1,-1,-1,-1,-1,0,48.861183,0.876544,49.737727
396,32,32,-1,-1,-1,-1,-1,15.521792,1,15.565824,0.886784,16.452608
397,32,528,-1,-1,-1,-1,-1,-1,0,48.904194,0.866304,49.770498
398,32,32,-1,-1,-1,-1,-1,15.550464,1,15.617024,0.878592,16.495616
399,32,32,-1,-1,-1,-1,-1,15.512576,1,15.571968,0.87552,16.447488
400,32,1024,-1,-1,-1,-1,-1,-1,0,70.078461,0.884736,70.963197
401,32,32,-1,-1,-1,-1,-1,15.65184,1,15.694848,0.882688,16.577536
402,32,528,-1,-1,-1,-1,-1,-1,0,49.55341,0.8704,50.42381
403,32,1520,-1,-1,-1,-1,-1,-1,0,99.4048,0.878592,100.283392
404,32,528,-1,-1,-1,-1,-1,-1,0,50.919422,0.877568,51.79699
405,32,528,-1,-1,-1,-1,-1,-1,0,49.990658,0.872448,50.863106
406,32,32,-1,-1,-1,-1,-1,15.50848,1,15.565824,0.877568,16.443392
407,32,32,-1,-1,-1,-1,-1,15.422464,1,15.486976,0.871424,16.3584
408,32,32,-1,-1,-1,-1,-1,15.374336,1,15.438848,0.872448,16.311296
409,32,32,-1,-1,-1,-1,-1,15.363072,1,15.428608,0.87552,16.304128
410,32,32,-1,-1,-1,-1,-1,15.392768,1,15.459328,0.878592,16.33792
411,32,32,-1,-1,-1,-1,-1,15.392768,1,15.449088,0.883712,16.3328
412,32,32,-1,-1,-1,-1,-1,15.388672,1,15.43168,0.892928,16.324608
413,32,32,-1,-1,-1,-1,-1,15.342592,1,15.409152,0.887808,16.29696
414,32,32,-1,-1,-1,-1,-1,15.37536,1,15.44192,0.886784,16.328704
415,32,32,-1,-1,-1,-1,-1,15.387648,1,15.446016,0.879616,16.325632
416,32,32,-1,-1,-1,-1,-1,15.367168,1,15.432704,0.883712,16.316416
417,32,32,-1,-1,-1,-1,-1,15.368192,1,15.413248,0.884736,16.297984
418,32,32,-1,-1,-1,-1,-1,15.37536,1,15.440896,0.879616,16.320512
419,32,32,-1,-1,-1,-1,-1,15.38048,1,15.443968,0.88064,16.324608
420,32,32,-1,-1,-1,-1,-1,15.371264,1,15.437824,0.879616,16.31744
421,32,32,-1,-1,-1,-1,-1,15.383552,1,15.449088,0.882688,16.331776
422,32,32,-1,-1,-1,-1,-1,15.38048,1,15.446016,0.87552,16.321536
423,32,32,-1,-1,-1,-1,-1,15.371264,1,15.435776,0.8704,16.306176
424,32,32,-1,-1,-1,-1,-1,15.37536,1,15.438848,0.87552,16.314368
425,32,32,-1,-1,-1,-1,-1,15.37024,1,15.434752,0.86528,16.300032
426,32,32,-1,-1,-1,-1,-1,15.379456,1,15.443968,0.872448,16.316416
427,32,32,-1,-1,-1,-1,-1,15.377408,1,15.44192,0.8704,16.31232
428,32,528,-1,-1,-1,-1,-1,-1,0,48.37376,0.866304,49.240064
429,32,32,-1,-1,-1,-1,-1,15.473664,1,15.538176,0.874496,16.412672
430,32,32,-1,-1,-1,-1,-1,15.437824,1,15.480832,0.89088,16.371712
431,32,32,-1,-1,-1,-1,-1,15.408128,1,15.47264,0.874496,16.347136
432,32,32,-1,-1,-1,-1,-1,15.397888,1,15.463424,0.884736,16.34816
433,32,32,-1,-1,-1,-1,-1,15.403008,1,15.448064,0.871424,16.319488
434,32,32,-1,-1,-1,-1,-1,15.409152,1,15.475712,0.887808,16.36352
435,32,32,-1,-1,-1,-1,-1,15.405056,1,15.473664,0.878592,16.352256
436,32,32,-1,-1,-1,-1,-1,15.373312,1,15.439872,0.878592,16.318464
437,32,32,-1,-1,-1,-1,-1,15.367168,1,15.427584,0.882688,16.310272
438,32,32,-1,-1,-1,-1,-1,15.364096,1,15.427584,0.888832,16.316416
439,32,32,-1,-1,-1,-1,-1,15.363072,1,15.427584,0.87552,16.303104
440,32,32,-1,-1,-1,-1,-1,15.371264,1,15.435776,0.876544,16.31232
441,32,32,-1,-1,-1,-1,-1,15.38048,1,15.44704,0.872448,16.319488
442,32,32,-1,-1,-1,-1,-1,15.381504,1,15.448064,0.882688,16.330752
443,32,32,-1,-1,-1,-1,-1,15.39584,1,15.459328,0.877568,16.336896
444,32,32,-1,-1,-1,-1,-1,15.39584,1,15.459328,0.876544,16.335872
445,32,32,-1,-1,-1,-1,-1,15.410176,1,15.474688,0.874496,16.349184
446,32,32,-1,-1,-1,-1,-1,15.419392,1,15.461376,0.871424,16.3328
447,32,32,-1,-1,-1,-1,-1,15.409152,1,15.474688,0.877568,16.352256
448,32,32,-1,-1,-1,-1,-1,15.386624,1,15.450112,0.883712,16.333824
449,32,32,-1,-1,-1,-1,-1,15.399936,1,15.440896,0.883712,16.324608
450,32,32,-1,-1,-1,-1,-1,15.4112,1,15.475712,0.888832,16.364544
451,32,32,-1,-1,-1,-1,-1,15.422464,1,15.489024,0.874496,16.36352
452,32,32,-1,-1,-1,-1,-1,15.40608,1,15.47264,0.879616,16.352256
453,32,32,-1,-1,-1,-1,-1,15.423488,1,15.489024,0.869376,16.3584
454,32,32,-1,-1,-1,-1,-1,15.418368,1,15.483904,0.888832,16.372736
455,32,32,-1,-1,-1,-1,-1,15.422464,1,15.486976,0.887808,16.374784
456,32,32,-1,-1,-1,-1,-1,15.404032,1,15.468544,0.876544,16.345088
457,32,32,-1,-1,-1,-1,-1,15.429632,1,15.495168,0.876544,16.371712
458,32,32,-1,-1,-1,-1,-1,15.449088,1,15.516672,0.881664,16.398336
459,32,32,-1,-1,-1,-1,-1,15.427584,1,15.485952,0.876544,16.362496
460,32,32,-1,-1,-1,-1,-1,15.435776,1,15.500288,0.876544,16.376832
461,32,32,-1,-1,-1,-1,-1,15.438848,1,15.496192,0.873472,16.369664
462,32,32,-1,-1,-1,-1,-1,15.420416,1,15.464448,0.873472,16.33792
463,32,32,-1,-1,-1,-1,-1,15.430656,1,15.491072,0.876544,16.367616
464,32,32,-1,-1,-1,-1,-1,15.442944,1,15.50848,0.884736,16.393216
465,32,32,-1,-1,-1,-1,-1,15.4368,1,15.48288,0.884736,16.367616
466,32,32,-1,-1,-1,-1,-1,15.454208,1,15.519744,0.882688,16.402432
467,32,32,-1,-1,-1,-1,-1,15.450112,1,15.515648,0.874496,16.390144
468,32,32,-1,-1,-1,-1,-1,15.448064,1,15.507456,0.884736,16.392192
469,32,32,-1,-1,-1,-1,-1,15.460352,1,15.525888,0.88576,16.411648
470,32,32,-1,-1,-1,-1,-1,15.461376,1,15.526912,0.882688,16.4096
471,32,32,-1,-1,-1,-1,-1,15.44704,1,15.5136,0.878592,16.392192
472,32,32,-1,-1,-1,-1,-1,15.453184,1,15.519744,0.873472,16.393216
473,32,32,-1,-1,-1,-1,-1,15.465472,1,15.533056,0.874496,16.407552
474,32,32,-1,-1,-1,-1,-1,15.471616,1,15.538176,0.881664,16.41984
475,32,32,-1,-1,-1,-1,-1,15.458304,1,15.517696,0.879616,16.397312
476,32,32,-1,-1,-1,-1,-1,15.464448,1,15.529984,0.874496,16.40448
477,32,32,-1,-1,-1,-1,-1,15.466496,1,15.53408,0.882688,16.416768
478,32,32,-1,-1,-1,-1,-1,15.466496,1,15.511552,0.892928,16.40448
479,32,32,-1,-1,-1,-1,-1,15.47776,1,15.536128,0.88576,16.421888
480,32,32,-1,-1,-1,-1,-1,15.475712,1,15.542272,0.88576,16.428032
481,32,32,-1,-1,-1,-1,-1,15.485952,1,15.531008,0.872448,16.403456
482,32,32,-1,-1,-1,-1,-1,15.475712,1,15.542272,0.878592,16.420864
483,32,528,-1,-1,-1,-1,-1,-1,0,48.431103,0.872448,49.303551
484,32,32,-1,-1,-1,-1,-1,15.645696,1,15.711232,0.884736,16.595968
485,32,32,-1,-1,-1,-1,-1,15.5904,1,15.650816,0.884736,16.535552
486,32,32,-1,-1,-1,-1,-1,15.543296,1,15.61088,0.894976,16.505856
487,32,32,-1,-1,-1,-1,-1,15.525888,1,15.592448,0.889856,16.482304
488,32,32,-1,-1,-1,-1,-1,15.535104,1,15.60064,0.894976,16.495616
489,32,32,-1,-1,-1,-1,-1,15.5392,1,15.60576,0.874496,16.480256
490,32,1024,-1,-1,-1,-1,-1,-1,0,69.769218,0.888832,70.65805
491,32,32,-1,-1,-1,-1,-1,15.709184,1,15.777792,0.879616,16.657408
492,32,32,-1,-1,-1,-1,-1,15.622144,1,15.680512,0.886784,16.567296
493,32,32,-1,-1,-1,-1,-1,15.589376,1,15.65696,0.882688,16.539648
494,32,32,-1,-1,-1,-1,-1,15.552512,1,15.596544,0.873472,16.470016
495,32,32,-1,-1,-1,-1,-1,15.545344,1,15.61088,0.882688,16.493568
496,32,32,-1,-1,-1,-1,-1,15.50848,1,15.574016,0.869376,16.443392
497,32,527,-1,-1,-1,-1,-1,-1,0,48.847874,0.87552,49.723394
498,32,32,-1,-1,-1,-1,-1,15.60576,1,15.663104,0.877568,16.540672
499,32,528,-1,-1,-1,-1,-1,-1,0,49.150974,0.868352,50.019326
500,32,32,-1,-1,-1,-1,-1,15.583232,1,15.649792,0.884736,16.534528
501,32,32,-1,-1,-1,-1,-1,15.522816,1,15.587328,0.877568,16.464896
502,32,528,-1,-1,-1,-1,-1,-1,0,48.575489,0.872448,49.447937
503,32,527,-1,-1,-1,-1,-1,-1,0,49.310719,0.882688,50.193407
504,32,32,-1,-1,-1,-1,-1,15.60576,1,15.663104,0.878592,16.541696
505,32,528,-1,-1,-1,-1,-1,-1,0,48.845825,0.88064,49.726465
506,32,1023,-1,-1,-1,-1,-1,-1,0,71.078911,0.879616,71.958527
507,32,528,-1,-1,-1,-1,-1,-1,0,50.497536,0.873472,51.371008
508,32,32,-1,-1,-1,-1,-1,15.698944,1,15.763456,0.879616,16.643072
509,32,528,-1,-1,-1,-1,-1,-1,0,49.278976,0.872448,50.151424
510,32,32,-1,-1,-1,-1,-1,15.596544,1,15.640576,0.877568,16.518144
511,32,528,-1,-1,-1,-1,-1,-1,0,49.099777,0.876544,49.976321
512,32,32,-1,-1,-1,-1,-1,15.5904,1,15.655936,0.886784,16.54272
513,32,1024,-1,-1,-1,-1,-1,-1,0,70.351875,0.879616,71.231491
514,32,32,-1,-1,-1,-1,-1,15.702016,1,15.768576,0.892928,16.661504
515,32,528,-1,-1,-1,-1,-1,-1,0,49.728512,0.868352,50.596864
516,32,528,-1,-1,-1,-1,-1,-1,0,49.481728,0.874496,50.356224
517,32,527,-1,-1,-1,-1,-1,-1,0,49.442818,0.8704,50.313218
518,32,32,-1,-1,-1,-1,-1,15.548416,1,15.612928,0.879616,16.492544
519,32,528,-1,-1,-1,-1,-1,-1,0,49.026047,0.868352,49.894399
520,32,32,-1,-1,-1,-1,-1,15.500288,1,15.5648,0.879616,16.444416
521,32,1023,-1,-1,-1,-1,-1,-1,0,69.92691,0.88064,70.80755
522,32,32,-1,-1,-1,-1,-1,15.640576,1,15.707136,0.884736,16.591872
523,32,32,-1,-1,-1,-1,-1,15.586304,1,15.645696,0.873472,16.519168
524,32,528,-1,-1,-1,-1,-1,-1,0,49.136639,0.87552,50.012159
525,32,528,-1,-1,-1,-1,-1,-1,0,49.471489,0.869376,50.340865
526,32,32,-1,-1,-1,-1,-1,15.556608,1,15.599616,0.894976,16.494592
527,32,32,-1,-1,-1,-1,-1,15.497216,1,15.562752,0.884736,16.447488
528,32,32,-1,-1,-1,-1,-1,15.501312,1,15.558656,0.878592,16.437248
529,32,528,-1,-1,-1,-1,-1,-1,0,48.992256,0.88064,49.872896
530,32,527,-1,-1,-1,-1,-1,-1,0,49.504257,0.877568,50.381825
531,32,32,-1,-1,-1,-1,-1,15.563776,1,15.632384,0.88576,16.518144
532,32,528,-1,-1,-1,-1,-1,-1,0,49.185791,0.881664,50.067455
533,32,528,-1,-1,-1,-1,-1,-1,0,49.552383,0.877568,50.429951
534,32,527,-1,-1,-1,-1,-1,-1,0,49.519615,0.88064,50.400255
535,32,32,-1,-1,-1,-1,-1,15.546368,1,15.614976,0.881664,16.49664
536,32,32,-1,-1,-1,-1,-1,15.48288,1,15.54944,0.892928,16.442368
537,32,32,-1,-1,-1,-1,-1,15.470592,1,15.52896,0.8704,16.39936
538,32,528,-1,-1,-1,-1,-1,-1,0,48.766975,0.869376,49.636351
539,32,32,-1,-1,-1,-1,-1,15.536128,1,15.601664,0.88064,16.482304
540,32,528,-1,-1,-1,-1,-1,-1,0,49.211391,0.877568,50.088959
541,32,32,-1,-1,-1,-1,-1,15.527936,1,15.592448,0.879616,16.472064
542,32,32,-1,-1,-1,-1,-1,15.448064,1,15.491072,0.88576,16.376832
543,32,32,-1,-1,-1,-1,-1,15.435776,1,15.500288,0.883712,16.384
544,32,528,-1,-1,-1,-1,-1,-1,0,48.728065,0.876544,49.604609
545,32,32,-1,-1,-1,-1,-1,15.505408,1,15.572992,0.876544,16.449536
546,32,32,-1,-1,-1,-1,-1,15.437824,1,15.504384,0.881664,16.386048
547,32,32,-1,-1,-1,-1,-1,15.410176,1,15.475712,0.886784,16.362496
548,32,32,-1,-1,-1,-1,-1,15.37536,1,15.439872,0.888832,16.328704
549,32,32,-1,-1,-1,-1,-1,15.393792,1,15.45216,0.882688,16.334848
550,32,32,-1,-1,-1,-1,-1,15.397888,1,15.463424,0.891904,16.355328
551,32,32,-1,-1,-1,-1,-1,15.398912,1,15.466496,0.888832,16.355328
552,32,32,-1,-1,-1,-1,-1,15.355904,1,15.422464,0.867328,16.289792
553,32,32,-1,-1,-1,-1,-1,15.342592,1,15.407104,0.877568,16.284672
554,32,32,-1,-1,-1,-1,-1,15.357952,1,15.42656,0.872448,16.299008
555,32,32,-1,-1,-1,-1,-1,15.356928,1,15.422464,0.88576,16.308224
556,32,528,-1,-1,-1,-1,-1,-1,0,48.398335,0.866304,49.264638
557,32,32,-1,-1,-1,-1,-1,15.45216,1,15.515648,0.872448,16.388096
558,32,32,-1,-1,-1,-1,-1,15.393792,1,15.4368,0.872448,16.309248
559,32,32,-1,-1,-1,-1,-1,15.408128,1,15.47264,0.88064,16.35328
560,32,32,-1,-1,-1,-1,-1,15.417344,1,15.484928,0.882688,16.367616
561,32,32,-1,-1,-1,-1,-1,15.398912,1,15.464448,0.883712,16.34816
562,32,32,-1,-1,-1,-1,-1,15.3856,1,15.450112,0.878592,16.328704
563,32,32,-1,-1,-1,-1,-1,15.36512,1,15.43168,0.882688,16.314368
564,32,32,-1,-1,-1,-1,-1,15.364096,1,15.430656,0.868352,16.299008
565,32,32,-1,-1,-1,-1,-1,15.353856,1,15.418368,0.87552,16.293888
566,32,32,-1,-1,-1,-1,-1,15.362048,1,15.427584,0.883712,16.311296
567,32,32,-1,-1,-1,-1,-1,15.364096,1,15.430656,0.888832,16.319488
568,32,32,-1,-1,-1,-1,-1,15.37536,1,15.440896,0.887808,16.328704
569,32,32,-1,-1,-1,-1,-1,15.381504,1,15.437824,0.888832,16.326656
570,32,32,-1,-1,-1,-1,-1,15.389696,1,15.449088,0.882688,16.331776
571,32,32,-1,-1,-1,-1,-1,15.38048,1,15.437824,0.888832,16.326656
572,32,32,-1,-1,-1,-1,-1,15.3856,1,15.45216,0.883712,16.335872
573,32,32,-1,-1,-1,-1,-1,15.39072,1,15.456256,0.88576,16.342016
574,32,32,-1,-1,-1,-1,-1,15.39584,1,15.439872,0.878592,16.318464
575,32,32,-1,-1,-1,-1,-1,15.391744,1,15.458304,0.8704,16.328704
576,32,32,-1,-1,-1,-1,-1,15.39072,1,15.44704,0.869376,16.316416
577,32,32,-1,-1,-1,-1,-1,15.405056,1,15.471616,0.889856,16.361472
578,32,32,-1,-1,-1,-1,-1,15.393792,1,15.459328,0.871424,16.330752
579,32,32,-1,-1,-1,-1,-1,15.40096,1,15.46752,0.883712,16.351232
580,32,32,-1,-1,-1,-1,-1,15.403008,1,15.469568,0.873472,16.34304
581,32,32,-1,-1,-1,-1,-1,15.405056,1,15.470592,0.872448,16.34304
582,32,32,-1,-1,-1,-1,-1,15.399936,1,15.465472,0.871424,16.336896
583,32,32,-1,-1,-1,-1,-1,15.418368,1,15.48288,0.877568,16.360448
584,32,32,-1,-1,-1,-1,-1,15.425536,1,15.489024,0.889856,16.37888
585,32,32,-1,-1,-1,-1,-1,15.40608,1,15.471616,0.88576,16.357376
586,32,32,-1,-1,-1,-1,-1,15.404032,1,15.470592,0.874496,16.345088
587,32,32,-1,-1,-1,-1,-1,15.423488,1,15.490048,0.871424,16.361472
588,32,32,-1,-1,-1,-1,-1,15.427584,1,15.496192,0.8704,16.366592
589,32,32,-1,-1,-1,-1,-1,15.418368,1,15.485952,0.874496,16.360448
590,32,32,-1,-1,-1,-1,-1,15.432704,1,15.475712,0.883712,16.359424
591,32,32,-1,-1,-1,-1,-1,15.425536,1,15.489024,0.877568,16.366592
592,32,32,-1,-1,-1,-1,-1,15.427584,1,15.492096,0.874496,16.366592
593,32,32,-1,-1,-1,-1,-1,15.41632,1,15.481856,0.872448,16.354304
594,32,32,-1,-1,-1,-1,-1,15.43168,1,15.495168,0.88064,16.375808
595,32,32,-1,-1,-1,-1,-1,15.425536,1,15.489024,0.869376,16.3584
596,32,32,-1,-1,-1,-1,-1,15.434752,1,15.501312,0.87552,16.376832
597,32,32,-1,-1,-1,-1,-1,15.439872,1,15.504384,0.871424,16.375808
598,32,32,-1,-1,-1,-1,-1,15.435776,1,15.501312,0.88064,16.381952
599,32,32,-1,-1,-1,-1,-1,15.438848,1,15.505408,0.88576,16.391168
600,32,32,-1,-1,-1,-1,-1,15.439872,1,15.50336,0.872448,16.375808
601,32,32,-1,-1,-1,-1,-1,15.455232,1,15.520768,0.8704,16.391168
602,32,32,-1,-1,-1,-1,-1,15.454208,1,15.511552,0.87552,16.387072
603,32,32,-1,-1,-1,-1,-1,15.4624,1,15.527936,0.888832,16.416768
604,32,32,-1,-1,-1,-1,-1,15.45728,1,15.522816,0.886784,16.4096
605,32,32,-1,-1,-1,-1,-1,15.455232,1,15.520768,0.867328,16.388096
606,32,528,-1,-1,-1,-1,-1,-1,0,48.31744,0.873472,49.190912
607,32,32,-1,-1,-1,-1,-1,15.56992,1,15.633408,0.874496,16.507904
608,32,32,-1,-1,-1,-1,-1,15.546368,1,15.61088,0.883712,16.494592
609,32,32,-1,-1,-1,-1,-1,15.510528,1,15.577088,0.886784,16.463872
610,32,32,-1,-1,-1,-1,-1,15.517696,1,15.57504,0.886784,16.461824
611,32,32,-1,-1,-1,-1,-1,15.507456,1,15.57504,0.867328,16.442368
612,32,32,-1,-1,-1,-1,-1,15.521792,1,15.586304,0.883712,16.470016
613,32,32,-1,-1,-1,-1,-1,15.50336,1,15.567872,0.879616,16.447488
614,32,528,-1,-1,-1,-1,-1,-1,0,48.42701,0.877568,49.304578
615,32,32,-1,-1,-1,-1,-1,15.608832,1,15.674368,0.881664,16.556032
616,32,528,-1,-1,-1,-1,-1,-1,0,49.210369,0.868352,50.078721
617,32,32,-1,-1,-1,-1,-1,15.629312,1,15.694848,0.888832,16.58368
618,32,32,-1,-1,-1,-1,-1,15.563776,1,15.629312,0.871424,16.500736
619,32,32,-1,-1,-1,-1,-1,15.5136,1,15.58016,0.883712,16.463872
620,32,32,-1,-1,-1,-1,-1,15.522816,1,15.587328,0.878592,16.46592
621,32,32,-1,-1,-1,-1,-1,15.524864,1,15.589376,0.87552,16.464896
622,32,32,-1,-1,-1,-1,-1,15.5136,1,15.577088,0.876544,16.453632
623,32,32,-1,-1,-1,-1,-1,15.52384,1,15.579136,0.873472,16.452608
624,32,528,-1,-1,-1,-1,-1,-1,0,48.48333,0.86528,49.34861
625,32,528,-1,-1,-1,-1,-1,-1,0,49.626114,0.863232,50.489346
626,32,528,-1,-1,-1,-1,-1,-1,0,49.5872,0.872448,50.459648
627,32,528,-1,-1,-1,-1,-1,-1,0,49.601536,0.87552,50.477056
628,32,527,-1,-1,-1,-1,-1,-1,0,49.509377,0.889856,50.399233
629,32,32,-1,-1,-1,-1,-1,15.58528,1,15.652864,0.888832,16.541696
630,32,32,-1,-1,-1,-1,-1,15.542272,1,15.609856,0.884736,16.494592
631,32,528,-1,-1,-1,-1,-1,-1,0,48.679935,0.874496,49.554431
632,32,32,-1,-1,-1,-1,-1,15.537152,1,15.59552,0.882688,16.478208
633,32,32,-1,-1,-1,-1,-1,15.484928,1,15.551488,0.88576,16.437248
634,32,528,-1,-1,-1,-1,-1,-1,0,48.629761,0.878592,49.508353
635,32,1023,-1,-1,-1,-1,-1,-1,0,70.813698,0.87552,71.689218
636,32,32,-1,-1,-1,-1,-1,15.671296,1,15.737856,0.888832,16.626688
637,32,528,-1,-1,-1,-1,-1,-1,0,49.792,0.876544,50.668544
638,32,32,-1,-1,-1,-1,-1,15.603712,1,15.668224,0.888832,16.557056
639,32,528,-1,-1,-1,-1,-1,-1,0,48.862209,0.88064,49.742849
640,32,32,-1,-1,-1,-1,-1,15.578112,1,15.644672,0.874496,16.519168
641,32,528,-1,-1,-1,-1,-1,-1,0,48.822273,0.8704,49.692673
642,32,1023,-1,-1,-1,-1,-1,-1,0,71.255043,0.893952,72.148995
643,32,32,-1,-1,-1,-1,-1,15.7184,1,15.787008,0.877568,16.664576
644,32,32,-1,-1,-1,-1,-1,15.543296,1,15.61088,0.884736,16.495616
645,32,528,-1,-1,-1,-1,-1,-1,0,48.877567,0.879616,49.757183
646,32,32,-1,-1,-1,-1,-1,15.505408,1,15.570944,0.882688,16.453632
647,32,1024,-1,-1,-1,-1,-1,-1,0,70.325249,0.89088,71.216129
648,32,528,-1,-1,-1,-1,-1,-1,0,50.734081,0.8704,51.604481
649,32,528,-1,-1,-1,-1,-1,-1,0,50.169857,0.87552,51.045377
650,32,528,-1,-1,-1,-1,-1,-1,0,49.951744,0.884736,50.83648
651,32,32,-1,-1,-1,-1,-1,15.574016,1,15.6416,0.883712,16.525312
652,32,32,-1,-1,-1,-1,-1,15.514624,1,15.57504,0.879616,16.454656
653,32,32,-1,-1,-1,-1,-1,15.424512,1,15.491072,0.874496,16.365568
654,32,1024,-1,-1,-1,-1,-1,-1,0,70.208511,0.874496,71.083007
655,32,32,-1,-1,-1,-1,-1,15.618048,1,15.683584,0.88576,16.569344
656,32,32,-1,-1,-1,-1,-1,15.504384,1,15.570944,0.884736,16.45568
657,32,32,-1,-1,-1,-1,-1,15.485952,1,15.55456,0.889856,16.444416
658,32,32,-1,-1,-1,-1,-1,15.451136,1,15.51872,0.881664,16.400384
659,32,528,-1,-1,-1,-1,-1,-1,0,48.825344,0.872448,49.697792
660,32,32,-1,-1,-1,-1,-1,15.488,1,15.531008,0.892928,16.423936
661,32,32,-1,-1,-1,-1,-1,15.44192,1,15.510528,0.882688,16.393216
662,32,528,-1,-1,-1,-1,-1,-1,0,48.735233,0.869376,49.604609
663,32,32,-1,-1,-1,-1,-1,15.520768,1,15.586304,0.886784,16.473088
664,32,32,-1,-1,-1,-1,-1,15.464448,1,15.531008,0.884736,16.415744
665,32,32,-1,-1,-1,-1,-1,15.449088,1,15.512576,0.886784,16.39936
666,32,528,-1,-1,-1,-1,-1,-1,0,48.758785,0.86528,49.624065
667,32,32,-1,-1,-1,-1,-1,15.52384,1,15.589376,0.88576,16.475136
668,32,32,-1,-1,-1,-1,-1,15.5136,1,15.58016,0.886784,16.466944
669,32,32,-1,-1,-1,-1,-1,15.44192,1,15.506432,0.872448,16.37888
670,32,32,-1,-1,-1,-1,-1,15.44192,1,15.507456,0.904192,16.411648
671,32,32,-1,-1,-1,-1,-1,15.439872,1,15.497216,0.872448,16.369664
672,32,32,-1,-1,-1,-1,-1,15.450112,1,15.515648,0.88576,16.401408
673,32,32,-1,-1,-1,-1,-1,15.453184,1,15.51872,0.877568,16.396288
674,32,527,-1,-1,-1,-1,-1,-1,0,48.471039,0.869376,49.340415
675,32,1024,-1,-1,-1,-1,-1,-1,0,71.131134,0.886784,72.017918
676,32,32,-1,-1,-1,-1,-1,15.598592,1,15.643648,0.89088,16.534528
677,32,32,-1,-1,-1,-1,-1,15.517696,1,15.58528,0.876544,16.461824
678,32,32,-1,-1,-1,-1,-1,15.443968,1,15.501312,0.883712,16.385024
679,32,32,-1,-1,-1,-1,-1,15.404032,1,15.470592,0.884736,16.355328
680,32,32,-1,-1,-1,-1,-1,15.414272,1,15.478784,0.88576,16.364544
681,32,32,-1,-1,-1,-1,-1,15.403008,1,15.468544,0.878592,16.347136
682,32,32,-1,-1,-1,-1,-1,15.417344,1,15.483904,0.88064,16.364544
683,32,32,-1,-1,-1,-1,-1,15.409152,1,15.475712,0.877568,16.35328
684,32,32,-1,-1,-1,-1,-1,15.383552,1,15.448064,0.88064,16.328704
685,32,32,-1,-1,-1,-1,-1,15.38048,1,15.442944,0.889856,16.3328
686,32,528,-1,-1,-1,-1,-1,-1,0,48.340992,0.867328,49.20832
687,32,32,-1,-1,-1,-1,-1,15.53408,1,15.598592,0.884736,16.483328
688,32,32,-1,-1,-1,-1,-1,15.461376,1,15.525888,0.886784,16.412672
689,32,32,-1,-1,-1,-1,-1,15.439872,1,15.504384,0.883712,16.388096
690,32,32,-1,-1,-1,-1,-1,15.40608,1,15.471616,0.88576,16.357376
691,32,32,-1,-1,-1,-1,-1,15.418368,1,15.48288,0.868352,16.351232
692,32,32,-1,-1,-1,-1,-1,15.4368,1,15.479808,0.87552,16.355328
693,32,32,-1,-1,-1,-1,-1,15.434752,1,15.502336,0.872448,16.374784
694,32,32,-1,-1,-1,-1,-1,15.39584,1,15.469568,0.877568,16.347136
695,32,32,-1,-1,-1,-1,-1,15.37024,1,15.435776,0.874496,16.310272
696,32,32,-1,-1,-1,-1,-1,15.37536,1,15.440896,0.878592,16.319488
697,32,32,-1,-1,-1,-1,-1,15.37536,1,15.438848,0.879616,16.318464
698,32,32,-1,-1,-1,-1,-1,15.381504,1,15.44704,0.886784,16.333824
699,32,32,-1,-1,-1,-1,-1,15.396864,1,15.460352,0.886784,16.347136
700,32,32,-1,-1,-1,-1,-1,15.387648,1,15.45216,0.881664,16.333824
701,32,32,-1,-1,-1,-1,-1,15.396864,1,15.4624,0.871424,16.333824
702,32,32,-1,-1,-1,-1,-1,15.398912,1,15.464448,0.872448,16.336896
703,32,32,-1,-1,-1,-1,-1,15.40608,1,15.463424,0.87552,16.338944
704,32,32,-1,-1,-1,-1,-1,15.407104,1,15.47264,0.877568,16.350208
705,32,32,-1,-1,-1,-1,-1,15.420416,1,15.486976,0.877568,16.364544
706,32,32,-1,-1,-1,-1,-1,15.412224,1,15.475712,0.887808,16.36352
707,32,32,-1,-1,-1,-1,-1,15.399936,1,15.466496,0.879616,16.346112
708,32,32,-1,-1,-1,-1,-1,15.410176,1,15.450112,0.866304,16.316416
709,32,32,-1,-1,-1,-1,-1,15.422464,1,15.486976,0.883712,16.370688
710,32,32,-1,-1,-1,-1,-1,15.418368,1,15.483904,0.88064,16.364544
711,32,32,-1,-1,-1,-1,-1,15.415296,1,15.473664,0.879616,16.35328
712,32,32,-1,-1,-1,-1,-1,15.420416,1,15.483904,0.883712,16.367616
713,32,32,-1,-1,-1,-1,-1,15.423488,1,15.488,0.879616,16.367616
714,32,32,-1,-1,-1,-1,-1,15.428608,1,15.494144,0.887808,16.381952
715,32,32,-1,-1,-1,-1,-1,15.429632,1,15.494144,0.876544,16.370688
716,32,32,-1,-1,-1,-1,-1,15.444992,1,15.50848,0.8704,16.37888
717,32,32,-1,-1,-1,-1,-1,15.430656,1,15.49312,0.877568,16.370688
718,32,32,-1,-1,-1,-1,-1,15.444992,1,15.511552,0.873472,16.385024
719,32,32,-1,-1,-1,-1,-1,15.44704,1,15.5136,0.874496,16.388096
720,32,32,-1,-1,-1,-1,-1,15.424512,1,15.490048,0.8704,16.360448
721,32,32,-1,-1,-1,-1,-1,15.4368,1,15.495168,0.877568,16.372736
722,32,32,-1,-1,-1,-1,-1,15.458304,1,15.524864,0.887808,16.412672
723,32,32,-1,-1,-1,-1,-1,15.432704,1,15.501312,0.872448,16.37376
724,32,32,-1,-1,-1,-1,-1,15.444992,1,15.489024,0.88576,16.374784
725,32,32,-1,-1,-1,-1,-1,15.434752,1,15.50336,0.887808,16.391168
726,32,32,-1,-1,-1,-1,-1,15.461376,1,15.527936,0.879616,16.407552
727,32,32,-1,-1,-1,-1,-1,15.469568,1,15.536128,0.889856,16.425984
728,32,32,-1,-1,-1,-1,-1,15.459328,1,15.525888,0.874496,16.400384
729,32,32,-1,-1,-1,-1,-1,15.474688,1,15.540224,0.883712,16.423936
730,32,32,-1,-1,-1,-1,-1,15.45728,1,15.516672,0.877568,16.39424
731,32,32,-1,-1,-1,-1,-1,15.471616,1,15.527936,0.881664,16.4096
732,32,32,-1,-1,-1,-1,-1,15.4624,1,15.526912,0.871424,16.398336
733,32,32,-1,-1,-1,-1,-1,15.465472,1,15.531008,0.893952,16.42496
734,32,32,-1,-1,-1,-1,-1,15.46752,1,15.535104,0.873472,16.408576
735,32,528,-1,-1,-1,-1,-1,-1,0,48.49152,0.884736,49.376256
736,32,528,-1,-1,-1,-1,-1,-1,0,49.350655,0.877568,50.228223
737,32,32,-1,-1,-1,-1,-1,15.623168,1,15.690752,0.879616,16.570368
738,32,528,-1,-1,-1,-1,-1,-1,0,49.078274,0.869376,49.94765
739,32,32,-1,-1,-1,-1,-1,15.596544,1,15.661056,0.879616,16.540672
740,32,32,-1,-1,-1,-1,-1,15.548416,1,15.593472,0.88064,16.474111
741,32,32,-1,-1,-1,-1,-1,15.499264,1,15.565824,0.884736,16.45056
742,32,528,-1,-1,-1,-1,-1,-1,0,48.757759,0.868352,49.626111
743,32,32,-1,-1,-1,-1,-1,15.601664,1,15.6672,0.888832,16.556032
744,32,32,-1,-1,-1,-1,-1,15.561728,1,15.627264,0.877568,16.504832
745,32,32,-1,-1,-1,-1,-1,15.510528,1,15.567872,0.886784,16.454656
746,32,1024,-1,-1,-1,-1,-1,-1,0,70.155266,0.887808,71.043074
747,32,32,-1,-1,-1,-1,-1,15.746048,1,15.812608,0.878592,16.6912
748,32,528,-1,-1,-1,-1,-1,-1,0,49.291264,0.878592,50.169856
749,32,32,-1,-1,-1,-1,-1,15.572992,1,15.63136,0.891904,16.523264
750,32,32,-1,-1,-1,-1,-1,15.521792,1,15.58016,0.884736,16.464896
751,32,32,-1,-1,-1,-1,-1,15.491072,1,15.55968,0.88576,16.44544
752,32,32,-1,-1,-1,-1,-1,15.490048,1,15.557632,0.886784,16.444416
753,32,528,-1,-1,-1,-1,-1,-1,0,48.74445,0.881664,49.626114
754,32,32,-1,-1,-1,-1,-1,15.603712,1,15.67232,0.892928,16.565248
755,32,32,-1,-1,-1,-1,-1,15.543296,1,15.612928,0.888832,16.50176
756,32,32,-1,-1,-1,-1,-1,15.509504,1,15.55456,0.88064,16.4352
757,32,32,-1,-1,-1,-1,-1,15.517696,1,15.577088,0.8704,16.447488
758,32,32,-1,-1,-1,-1,-1,15.491072,1,15.557632,0.88064,16.438272
759,32,528,-1,-1,-1,-1,-1,-1,0,48.75264,0.88576,49.6384
760,32,528,-1,-1,-1,-1,-1,-1,0,49.485825,0.887808,50.373633
761,32,32,-1,-1,-1,-1,-1,15.602688,1,15.668224,0.884736,16.55296
762,32,32,-1,-1,-1,-1,-1,15.5392,1,15.598592,0.887808,16.4864
763,32,528,-1,-1,-1,-1,-1,-1,0,48.668671,0.883712,49.552383
764,32,32,-1,-1,-1,-1,-1,15.5904,1,15.65696,0.89088,16.54784
765,32,32,-1,-1,-1,-1,-1,15.537152,1,15.604736,0.883712,16.488448
766,32,32,-1,-1,-1,-1,-1,15.505408,1,15.570944,0.878592,16.449536
767,32,528,-1,-1,-1,-1,-1,-1,0,48.683006,0.88064,49.563646
768,32,528,-1,-1,-1,-1,-1,-1,0,49.670143,0.883712,50.553855
769,32,528,-1,-1,-1,-1,-1,-1,0,50.017281,0.881664,50.898945
770,32,32,-1,-1,-1,-1,-1,15.633408,1,15.70304,0.893952,16.596992
771,32,32,-1,-1,-1,-1,-1,15.537152,1,15.60576,0.889856,16.495616
772,32,528,-1,-1,-1,-1,-1,-1,0,48.775169,0.881664,49.656833
773,32,32,-1,-1,-1,-1,-1,15.594496,1,15.661056,0.887808,16.548864
774,32,32,-1,-1,-1,-1,-1,15.545344,1,15.613952,0.886784,16.500736
775,32,1519,-1,-1,-1,-1,-1,-1,0,98.716675,0.879616,99.596291
776,32,32,-1,-1,-1,-1,-1,15.792128,1,15.853568,0.888832,16.7424
777,32,528,-1,-1,-1,-1,-1,-1,0,49.938431,0.877568,50.815999
778,32,527,-1,-1,-1,-1,-1,-1,0,49.575935,0.879616,50.455551
779,32,32,-1,-1,-1,-1,-1,15.578112,1,15.645696,0.882688,16.528384
780,32,32,-1,-1,-1,-1,-1,15.524864,1,15.5904,0.891904,16.482304
781,32,32,-1,-1,-1,-1,-1,15.495168,1,15.5392,0.878592,16.417792
782,32,1023,-1,-1,-1,-1,-1,-1,0,70.032387,0.887808,70.920195
783,32,32,-1,-1,-1,-1,-1,15.673344,1,15.742976,0.886784,16.62976
784,32,528,-1,-1,-1,-1,-1,-1,0,49.714176,0.86528,50.579456
785,32,528,-1,-1,-1,-1,-1,-1,0,49.594368,0.878592,50.47296
786,32,528,-1,-1,-1,-1,-1,-1,0,49.947647,0.88576,50.833407
787,32,32,-1,-1,-1,-1,-1,15.586304,1,15.652864,0.879616,16.53248
788,32,528,-1,-1,-1,-1,-1,-1,0,49.138687,0.878592,50.017279
789,32,32,-1,-1,-1,-1,-1,15.52896,1,15.574016,0.884736,16.458752
790,32,32,-1,-1,-1,-1,-1,15.463424,1,15.529984,0.887808,16.417792
791,32,528,-1,-1,-1,-1,-1,-1,0,48.736256,0.88576,49.622016
792,32,32,-1,-1,-1,-1,-1,15.499264,1,15.566848,0.883712,16.45056
793,32,32,-1,-1,-1,-1,-1,15.455232,1,15.514624,0.888832,16.403456
794,32,32,-1,-1,-1,-1,-1,15.409152,1,15.479808,0.88064,16.360448
795,32,32,-1,-1,-1,-1,-1,15.427584,1,15.496192,0.881664,16.377856
796,32,528,-1,-1,-1,-1,-1,-1,0,48.675838,0.88064,49.556478
797,32,32,-1,-1,-1,-1,-1,15.520768,1,15.565824,0.888832,16.454656
798,32,32,-1,-1,-1,-1,-1,15.450112,1,15.516672,0.88576,16.402432
799,32,32,-1,-1,-1,-1,-1,15.398912,1,15.45728,0.884736,16.342016
800,32,32,-1,-1,-1,-1,-1,15.398912,1,15.464448,0.886784,16.351232
801,32,32,-1,-1,-1,-1,-1,15.412224,1,15.479808,0.886784,16.366592
802,32,528,-1,-1,-1,-1,-1,-1,0,48.698368,0.86528,49.563648
803,32,32,-1,-1,-1,-1,-1,15.5136,1,15.577088,0.874496,16.451584
804,32,32,-1,-1,-1,-1,-1,15.460352,1,15.527936,0.883712,16.411648
805,32,32,-1,-1,-1,-1,-1,15.424512,1,15.466496,0.8704,16.336896
806,32,32,-1,-1,-1,-1,-1,15.439872,1,15.507456,0.874496,16.381952
807,32,32,-1,-1,-1,-1,-1,15.4368,1,15.501312,0.882688,16.384
808,32,528,-1,-1,-1,-1,-1,-1,0,48.702465,0.871424,49.573889
809,32,32,-1,-1,-1,-1,-1,15.545344,1,15.608832,0.878592,16.487424
810,32,528,-1,-1,-1,-1,-1,-1,0,49.204224,0.8704,50.074624
811,32,32,-1,-1,-1,-1,-1,15.520768,1,15.586304,0.888832,16.475136
812,32,32,-1,-1,-1,-1,-1,15.464448,1,15.529984,0.881664,16.411648
813,32,32,-1,-1,-1,-1,-1,15.419392,1,15.461376,0.872448,16.333824
814,32,32,-1,-1,-1,-1,-1,15.440896,1,15.50848,0.886784,16.395264
815,32,32,-1,-1,-1,-1,-1,15.41632,1,15.483904,0.872448,16.356352
816,32,32,-1,-1,-1,-1,-1,15.424512,1,15.49312,0.883712,16.376832
817,32,528,-1,-1,-1,-1,-1,-1,0,48.598015,0.877568,49.475583
818,32,32,-1,-1,-1,-1,-1,15.540224,1,15.598592,0.887808,16.4864
819,32,32,-1,-1,-1,-1,-1,15.491072,1,15.536128,0.883712,16.41984
820,32,32,-1,-1,-1,-1,-1,15.461376,1,15.519744,0.892928,16.412672
821,32,32,-1,-1,-1,-1,-1,15.420416,1,15.466496,0.882688,16.349184
822,32,32,-1,-1,-1,-1,-1,15.42656,1,15.48288,0.892928,16.375808
823,32,32,-1,-1,-1,-1,-1,15.413248,1,15.480832,0.879616,16.360448
824,32,32,-1,-1,-1,-1,-1,15.425536,1,15.492096,0.888832,16.380928
825,32,32,-1,-1,-1,-1,-1,15.413248,1,15.480832,0.881664,16.362496
826,32,32,-1,-1,-1,-1,-1,15.379456,1,15.446016,0.871424,16.31744
827,32,32,-1,-1,-1,-1,-1,15.386624,1,15.455232,0.878592,16.333824
828,32,32,-1,-1,-1,-1,-1,15.379456,1,15.448064,0.879616,16.32768
829,32,32,-1,-1,-1,-1,-1,15.3856,1,15.430656,0.877568,16.308224
830,32,32,-1,-1,-1,-1,-1,15.3856,1,15.450112,0.886784,16.336896
831,32,32,-1,-1,-1,-1,-1,15.39072,1,15.458304,0.886784,16.345088
832,32,32,-1,-1,-1,-1,-1,15.407104,1,15.473664,0.874496,16.34816
833,32,32,-1,-1,-1,-1,-1,15.404032,1,15.471616,0.871424,16.34304
834,32,32,-1,-1,-1,-1,-1,15.39584,1,15.463424,0.87552,16.338944
835,32,32,-1,-1,-1,-1,-1,15.399936,1,15.444992,0.877568,16.32256
836,32,32,-1,-1,-1,-1,-1,15.404032,1,15.471616,0.874496,16.346112
837,32,32,-1,-1,-1,-1,-1,15.409152,1,15.451136,0.882688,16.333824
838,32,32,-1,-1,-1,-1,-1,15.419392,1,15.48288,0.883712,16.366592
839,32,32,-1,-1,-1,-1,-1,15.422464,1,15.489024,0.883712,16.372736
840,32,32,-1,-1,-1,-1,-1,15.42144,1,15.479808,0.869376,16.349184
841,32,32,-1,-1,-1,-1,-1,15.42656,1,15.492096,0.887808,16.379904
842,32,32,-1,-1,-1,-1,-1,15.424512,1,15.491072,0.887808,16.37888
843,32,32,-1,-1,-1,-1,-1,15.424512,1,15.492096,0.879616,16.371712
844,32,32,-1,-1,-1,-1,-1,15.427584,1,15.492096,0.88064,16.372736
845,32,32,-1,-1,-1,-1,-1,15.420416,1,15.463424,0.891904,16.355328
846,32,32,-1,-1,-1,-1,-1,15.44192,1,15.506432,0.887808,16.39424
847,32,32,-1,-1,-1,-1,-1,15.4368,1,15.502336,0.869376,16.371712
848,32,32,-1,-1,-1,-1,-1,15.417344,1,15.474688,0.876544,16.351232
849,32,528,-1,-1,-1,-1,-1,-1,0,48.356354,0.877568,49.233922
850,32,32,-1,-1,-1,-1,-1,15.53408,1,15.593472,0.888832,16.482304
851,32,32,-1,-1,-1,-1,-1,15.47776,1,15.521792,0.882688,16.40448
852,32,32,-1,-1,-1,-1,-1,15.488,1,15.552512,0.879616,16.432128
853,32,32,-1,-1,-1,-1,-1,15.494144,1,15.538176,0.886784,16.42496
854,32,32,-1,-1,-1,-1,-1,15.488,1,15.552512,0.89088,16.443392
855,32,32,-1,-1,-1,-1,-1,15.481856,1,15.547392,0.884736,16.432128
856,32,32,-1,-1,-1,-1,-1,15.454208,1,15.520768,0.88064,16.401408
857,32,32,-1,-1,-1,-1,-1,15.45216,1,15.51872,0.88064,16.39936
858,32,32,-1,-1,-1,-1,-1,15.442944,1,15.509504,0.887808,16.397312
859,32,32,-1,-1,-1,-1,-1,15.455232,1,15.522816,0.889856,16.412672
860,32,32,-1,-1,-1,-1,-1,15.463424,1,15.531008,0.881664,16.412672
861,32,32,-1,-1,-1,-1,-1,15.454208,1,15.499264,0.872448,16.371712
862,32,32,-1,-1,-1,-1,-1,15.453184,1,15.51872,0.887808,16.406528
863,32,32,-1,-1,-1,-1,-1,15.485952,1,15.545344,0.88576,16.431104
864,32,32,-1,-1,-1,-1,-1,15.478784,1,15.545344,0.877568,16.422912
865,32,32,-1,-1,-1,-1,-1,15.492096,1,15.560704,0.882688,16.443392
866,32,528,-1,-1,-1,-1,-1,-1,0,48.374783,0.866304,49.241087
867,32,527,-1,-1,-1,-1,-1,-1,0,49.687553,0.87552,50.563073
868,32,528,-1,-1,-1,-1,-1,-1,0,50.039806,0.878592,50.918398
869,32,528,-1,-1,-1,-1,-1,-1,0,49.67424,0.881664,50.555904
870,32,32,-1,-1,-1,-1,-1,15.599616,1,15.6416,0.88576,16.52736
871,32,528,-1,-1,-1,-1,-1,-1,0,48.842751,0.879616,49.722367
872,32,32,-1,-1,-1,-1,-1,15.56992,1,15.635456,0.893952,16.529408
873,32,528,-1,-1,-1,-1,-1,-1,0,49.069057,0.879616,49.948673
874,32,32,-1,-1,-1,-1,-1,15.579136,1,15.63648,0.886784,16.523264
875,32,32,-1,-1,-1,-1,-1,15.525888,1,15.591424,0.89088,16.482304
876,32,32,-1,-1,-1,-1,-1,15.505408,1,15.563776,0.888832,16.452608
877,32,32,-1,-1,-1,-1,-1,15.48288,1,15.526912,0.883712,16.410624
878,32,32,-1,-1,-1,-1,-1,15.495168,1,15.557632,0.892928,16.45056
879,32,32,-1,-1,-1,-1,-1,15.516672,1,15.572992,0.871424,16.444416
880,32,32,-1,-1,-1,-1,-1,15.507456,1,15.571968,0.888832,16.4608
881,32,32,-1,-1,-1,-1,-1,15.486976,1,15.553536,0.877568,16.431104
882,32,528,-1,-1,-1,-1,-1,-1,0,48.39629,0.866304,49.262594
883,32,527,-1,-1,-1,-1,-1,-1,0,49.638401,0.882688,50.521089
884,32,528,-1,-1,-1,-1,-1,-1,0,50.000896,0.891904,50.8928
885,32,528,-1,-1,-1,-1,-1,-1,0,49.703938,0.878592,50.58253
886,32,32,-1,-1,-1,-1,-1,15.566848,1,15.609856,0.892928,16.502784
887,32,32,-1,-1,-1,-1,-1,15.49312,1,15.558656,0.888832,16.447488
888,32,528,-1,-1,-1,-1,-1,-1,0,48.835583,0.877568,49.713151
889,32,32,-1,-1,-1,-1,-1,15.55968,1,15.625216,0.888832,16.514048
890,32,32,-1,-1,-1,-1,-1,15.489024,1,15.55456,0.889856,16.444416
891,32,32,-1,-1,-1,-1,-1,15.468544,1,15.532032,0.874496,16.406528
892,32,32,-1,-1,-1,-1,-1,15.45216,1,15.510528,0.87552,16.386048
893,32,32,-1,-1,-1,-1,-1,15.47776,1,15.519744,0.881664,16.401408
894,32,32,-1,-1,-1,-1,-1,15.469568,1,15.533056,0.887808,16.420864
895,32,32,-1,-1,-1,-1,-1,15.471616,1,15.540224,0.876544,16.416768
896,32,32,-1,-1,-1,-1,-1,15.455232,1,15.519744,0.873472,16.393216
897,32,32,-1,-1,-1,-1,-1,15.458304,1,15.517696,0.87552,16.393216
898,32,32,-1,-1,-1,-1,-1,15.4624,1,15.52896,0.873472,16.402432
899,32,32,-1,-1,-1,-1,-1,15.459328,1,15.504384,0.884736,16.38912
900,32,1520,-1,-1,-1,-1,-1,-1,0,98.297859,0.882688,99.180547
901,32,528,-1,-1,-1,-1,-1,-1,0,50.965504,0.869376,51.83488
902,32,32,-1,-1,-1,-1,-1,15.693824,1,15.736832,0.882688,16.61952
903,32,1024,-1,-1,-1,-1,-1,-1,0,71.008255,0.874496,71.882751
904,32,32,-1,-1,-1,-1,-1,15.712256,1,15.7696,0.88064,16.65024
905,32,528,-1,-1,-1,-1,-1,-1,0,49.436672,0.872448,50.30912
906,32,528,-1,-1,-1,-1,-1,-1,0,49.534977,0.86528,50.400257
907,32,1023,-1,-1,-1,-1,-1,-1,0,71.773186,0.896,72.669186
908,32,32,-1,-1,-1,-1,-1,15.712256,1,15.768576,0.889856,16.658432
909,32,528,-1,-1,-1,-1,-1,-1,0,49.670143,0.874496,50.544639
910,32,32,-1,-1,-1,-1,-1,15.541248,1,15.582208,0.877568,16.459776
911,32,32,-1,-1,-1,-1,-1,15.490048,1,15.553536,0.886784,16.44032
912,32,528,-1,-1,-1,-1,-1,-1,0,48.655361,0.878592,49.533953
913,32,32,-1,-1,-1,-1,-1,15.52384,1,15.588352,0.887808,16.47616
914,32,528,-1,-1,-1,-1,-1,-1,0,49.197056,0.879616,50.076672
915,32,528,-1,-1,-1,-1,-1,-1,0,49.549313,0.877568,50.426881
916,32,32,-1,-1,-1,-1,-1,15.582208,1,15.638528,0.884736,16.523264
917,32,528,-1,-1,-1,-1,-1,-1,0,49.158146,0.876544,50.03469
918,32,32,-1,-1,-1,-1,-1,15.526912,1,15.56992,0.889856,16.459776
919,32,528,-1,-1,-1,-1,-1,-1,0,49.089535,0.8704,49.959935
920,32,32,-1,-1,-1,-1,-1,15.492096,1,15.557632,0.886784,16.444416
921,32,32,-1,-1,-1,-1,-1,15.439872,1,15.495168,0.871424,16.366592
922,32,32,-1,-1,-1,-1,-1,15.389696,1,15.455232,0.871424,16.326656
923,32,512,-1,-1,-1,-1,-1,-1,0,39.121922,0.872448,39.99437
924,32,32,-1,-1,-1,-1,-1,15.55456,1,15.619072,0.891904,16.510976
925,32,32,-1,-1,-1,-1,-1,15.464448,1,15.529984,0.882688,16.412672
926,32,32,-1,-1,-1,-1,-1,15.410176,1,15.45216,0.883712,16.335872
927,32,32,-1,-1,-1,-1,-1,15.399936,1,15.442944,0.884736,16.32768
928,32,32,-1,-1,-1,-1,-1,15.409152,1,15.465472,0.871424,16.336896
929,32,32,-1,-1,-1,-1,-1,15.405056,1,15.471616,0.882688,16.354304
930,32,32,-1,-1,-1,-1,-1,15.408128,1,15.471616,0.879616,16.351232
931,32,32,-1,-1,-1,-1,-1,15.377408,1,15.438848,0.871424,16.310272
932,32,32,-1,-1,-1,-1,-1,15.361024,1,15.425536,0.872448,16.297984
933,32,32,-1,-1,-1,-1,-1,15.363072,1,15.419392,0.871424,16.290816
934,32,32,-1,-1,-1,-1,-1,15.362048,1,15.404032,0.878592,16.282624
935,32,32,-1,-1,-1,-1,-1,15.364096,1,15.429632,0.888832,16.318464
936,32,32,-1,-1,-1,-1,-1,15.387648,1,15.444992,0.88576,16.330752
937,32,32,-1,-1,-1,-1,-1,15.3856,1,15.451136,0.883712,16.334848
938,32,32,-1,-1,-1,-1,-1,15.3856,1,15.450112,0.8704,16.320512
939,32,528,-1,-1,-1,-1,-1,-1,0,48.315392,0.866304,49.181696
940,32,32,-1,-1,-1,-1,-1,15.484928,1,15.54944,0.87552,16.42496
941,32,32,-1,-1,-1,-1,-1,15.440896,1,15.504384,0.8704,16.374784
942,32,32,-1,-1,-1,-1,-1,15.443968,1,15.485952,0.87552,16.361472
943,32,32,-1,-1,-1,-1,-1,15.469568,1,15.512576,0.88576,16.398336
944,32,528,-1,-1,-1,-1,-1,-1,0,48.762878,0.881664,49.644542
945,32,32,-1,-1,-1,-1,-1,15.546368,1,15.609856,0.87552,16.485376
946,32,32,-1,-1,-1,-1,-1,15.49824,1,15.5648,0.876544,16.441344
947,32,32,-1,-1,-1,-1,-1,15.4368,1,15.492096,0.871424,16.36352
948,32,32,-1,-1,-1,-1,-1,15.449088,1,15.515648,0.874496,16.390144
949,32,32,-1,-1,-1,-1,-1,15.454208,1,15.510528,0.876544,16.387072
950,32,32,-1,-1,-1,-1,-1,15.432704,1,15.475712,0.8704,16.346112
951,32,32,-1,-1,-1,-1,-1,15.444992,1,15.509504,0.872448,16.381952
952,32,32,-1,-1,-1,-1,-1,15.39584,1,15.461376,0.872448,16.333824
953,32,32,-1,-1,-1,-1,-1,15.409152,1,15.473664,0.887808,16.361472
954,32,32,-1,-1,-1,-1,-1,15.409152,1,15.47264,0.88064,16.35328
955,32,32,-1,-1,-1,-1,-1,15.418368,1,15.483904,0.868352,16.352256
956,32,32,-1,-1,-1,-1,-1,15.412224,1,15.46752,0.887808,16.355328
957,32,32,-1,-1,-1,-1,-1,15.409152,1,15.47264,0.89088,16.36352
958,32,32,-1,-1,-1,-1,-1,15.423488,1,15.466496,0.883712,16.350208
959,32,32,-1,-1,-1,-1,-1,15.419392,1,15.460352,0.88576,16.346112
960,32,528,-1,-1,-1,-1,-1,-1,0,48.353279,0.882688,49.235967
961,32,32,-1,-1,-1,-1,-1,15.540224,1,15.603712,0.88576,16.489472
962,32,32,-1,-1,-1,-1,-1,15.535104,1,15.592448,0.893952,16.4864
963,32,32,-1,-1,-1,-1,-1,15.49312,1,15.558656,0.877568,16.436224
964,32,32,-1,-1,-1,-1,-1,15.458304,1,15.52384,0.884736,16.408576
965,32,32,-1,-1,-1,-1,-1,15.440896,1,15.505408,0.883712,16.38912
966,32,32,-1,-1,-1,-1,-1,15.473664,1,15.515648,0.887808,16.403456
967,32,32,-1,-1,-1,-1,-1,15.463424,1,15.520768,0.888832,16.4096
968,32,32,-1,-1,-1,-1,-1,15.44192,1,15.496192,0.88576,16.381952
969,32,32,-1,-1,-1,-1,-1,15.414272,1,15.478784,0.879616,16.3584
970,32,32,-1,-1,-1,-1,-1,15.42144,1,15.484928,0.8704,16.355328
971,32,32,-1,-1,-1,-1,-1,15.424512,1,15.490048,0.877568,16.367616
972,32,32,-1,-1,-1,-1,-1,15.422464,1,15.489024,0.88576,16.374784
973,32,32,-1,-1,-1,-1,-1,15.428608,1,15.494144,0.881664,16.375808
974,32,32,-1,-1,-1,-1,-1,15.43168,1,15.473664,0.884736,16.3584
975,32,32,-1,-1,-1,-1,-1,15.429632,1,15.471616,0.879616,16.351232
976,32,32,-1,-1,-1,-1,-1,15.424512,1,15.488,0.88576,16.37376
977,32,32,-1,-1,-1,-1,-1,15.435776,1,15.491072,0.889856,16.380928
978,32,32,-1,-1,-1,-1,-1,15.464448,1,15.531008,0.88576,16.416768
979,32,32,-1,-1,-1,-1,-1,15.463424,1,15.527936,0.889856,16.417792
980,32,32,-1,-1,-1,-1,-1,15.448064,1,15.512576,0.873472,16.386048
981,32,32,-1,-1,-1,-1,-1,15.46752,1,15.533056,0.883712,16.416768
982,32,32,-1,-1,-1,-1,-1,15.456256,1,15.499264,0.884736,16.384
983,32,32,-1,-1,-1,-1,-1,15.460352,1,15.524864,0.871424,16.396288
984,32,528,-1,-1,-1,-1,-1,-1,0,48.410625,0.874496,49.285121
985,32,32,-1,-1,-1,-1,-1,15.614976,1,15.680512,0.899072,16.579584
986,32,1024,-1,-1,-1,-1,-1,-1,0,70.71949,0.887808,71.607298
987,32,32,-1,-1,-1,-1,-1,15.699968,1,15.766528,0.881664,16.648192
988,32,32,-1,-1,-1,-1,-1,15.579136,1,15.643648,0.881664,16.525312
989,32,528,-1,-1,-1,-1,-1,-1,0,48.890881,0.877568,49.768449
990,32,32,-1,-1,-1,-1,-1,15.58016,1,15.622144,0.88064,16.502784
991,32,32,-1,-1,-1,-1,-1,15.516672,1,15.560704,0.874496,16.4352
992,32,528,-1,-1,-1,-1,-1,-1,0,48.878593,0.877568,49.756161
993,32,528,-1,-1,-1,-1,-1,-1,0,49.547264,0.878592,50.425856
994,32,32,-1,-1,-1,-1,-1,15.632384,1,15.690752,0.893952,16.584704
995,32,32,-1,-1,-1,-1,-1,15.52384,1,15.588352,0.882688,16.47104
996,32,32,-1,-1,-1,-1,-1,15.488,1,15.546368,0.887808,16.434176
997,32,528,-1,-1,-1,-1,-1,-1,0,48.74445,0.88064,49.62509
998,32,32,-1,-1,-1,-1,-1,15.579136,1,15.622144,0.893952,16.516096
999,32,32,-1,-1,-1,-1,-1,15.546368,1,15.604736,0.874496,16.479232
1000,32,32,-1,-1,-1,-1,-1,15.497216,1,15.562752,0.893952,16.456704
1001,32,32,-1,-1,-1,-1,-1,15.485952,1,15.550464,0.888832,16.439296
1002,32,528,-1,-1,-1,-1,-1,-1,0,48.716801,0.877568,49.594369
1003,32,32,-1,-1,-1,-1,-1,15.574016,1,15.63136,0.882688,16.514048
1004,32,528,-1,-1,-1,-1,-1,-1,0,48.823296,0.874496,49.697792
1005,32,32,-1,-1,-1,-1,-1,15.56992,1,15.63648,0.888832,16.525312
1006,32,528,-1,-1,-1,-1,-1,-1,0,49.104897,0.878592,49.983489
1007,32,32,-1,-1,-1,-1,-1,15.584256,1,15.628288,0.88576,16.514048
1008,32,32,-1,-1,-1,-1,-1,15.531008,1,15.591424,0.887808,16.479232
1009,32,32,-1,-1,-1,-1,-1,15.47776,1,15.535104,0.883712,16.418816
1010,32,32,-1,-1,-1,-1,-1,15.479808,1,15.547392,0.876544,16.423936
1011,32,32,-1,-1,-1,-1,-1,15.495168,1,15.560704,0.888832,16.449536
1012,32,528,-1,-1,-1,-1,-1,-1,0,48.802814,0.882688,49.685502
1013,32,32,-1,-1,-1,-1,-1,15.55456,1,15.619072,0.88064,16.499712
1014,32,32,-1,-1,-1,-1,-1,15.556608,1,15.599616,0.891904,16.49152
1015,32,32,-1,-1,-1,-1,-1,15.509504,1,15.578112,0.878592,16.456704
1016,32,1023,-1,-1,-1,-1,-1,-1,0,70.320129,0.884736,71.204865
1017,32,528,-1,-1,-1,-1,-1,-1,0,50.691071,0.882688,51.573759
1018,32,32,-1,-1,-1,-1,-1,15.648768,1,15.717376,0.88576,16.603136
1019,32,32,-1,-1,-1,-1,-1,15.5392,1,15.599616,0.883712,16.483328
1020,32,32,-1,-1,-1,-1,-1,15.49312,1,15.55968,0.892928,16.452608
1021,32,32,-1,-1,-1,-1,-1,15.486976,1,15.555584,0.876544,16.432128
1022,32,32,-1,-1,-1,-1,-1,15.451136,1,15.576064,0.889856,16.46592
1023,32,528,-1,-1,-1,-1,-1,-1,0,48.773121,0.877568,49.650689
1024,32,528,-1,-1,-1,-1,-1,-1,0,49.583103,0.884736,50.467839
1025,32,32,-1,-1,-1,-1,-1,15.587328,1,15.65184,0.892928,16.544768
1026,32,32,-1,-1,-1,-1,-1,15.49312,1,15.551488,0.889856,16.441344
1027,32,32,-1,-1,-1,-1,-1,15.45728,1,15.521792,0.884736,16.406528
1028,32,528,-1,-1,-1,-1,-1,-1,0,48.779263,0.871424,49.650687
1029,32,32,-1,-1,-1,-1,-1,15.552512,1,15.617024,0.889856,16.50688
1030,32,528,-1,-1,-1,-1,-1,-1,0,49.080318,0.879616,49.959934
1031,32,32,-1,-1,-1,-1,-1,15.565824,1,15.633408,0.881664,16.515072
1032,32,32,-1,-1,-1,-1,-1,15.496192,1,15.562752,0.88576,16.448512
1033,32,32,-1,-1,-1,-1,-1,15.450112,1,15.5136,0.877568,16.391168
1034,32,1024,-1,-1,-1,-1,-1,-1,0,70.276093,0.891904,71.167997
1035,32,32,-1,-1,-1,-1,-1,15.68256,1,15.748096,0.898048,16.646144
1036,32,528,-1,-1,-1,-1,-1,-1,0,49.342464,0.871424,50.213888
1037,32,527,-1,-1,-1,-1,-1,-1,0,49.53907,0.88576,50.42483
1038,32,528,-1,-1,-1,-1,-1,-1,0,50.060287,0.872448,50.932736
1039,32,528,-1,-1,-1,-1,-1,-1,0,50.102272,0.871424,50.973696
1040,32,32,-1,-1,-1,-1,-1,15.599616,1,15.665152,0.896,16.561152
1041,32,32,-1,-1,-1,-1,-1,15.496192,1,15.551488,0.887808,16.439296
1042,32,1023,-1,-1,-1,-1,-1,-1,0,70.276093,0.896,71.172093
1043,32,32,-1,-1,-1,-1,-1,15.632384,1,15.698944,0.888832,16.587776
1044,32,32,-1,-1,-1,-1,-1,15.488,1,15.55456,0.88064,16.4352
1045,32,32,-1,-1,-1,-1,-1,15.466496,1,15.52384,0.887808,16.411648
1046,32,32,-1,-1,-1,-1,-1,15.437824,1,15.504384,0.876544,16.380928
1047,32,1024,-1,-1,-1,-1,-1,-1,0,70.250496,0.889856,71.140352
1048,32,32,-1,-1,-1,-1,-1,15.661056,1,15.72864,0.896,16.62464
1049,32,32,-1,-1,-1,-1,-1,15.551488,1,15.622144,0.886784,16.508928
1050,32,32,-1,-1,-1,-1,-1,15.473664,1,15.540224,0.891904,16.432128
1051,32,32,-1,-1,-1,-1,-1,15.42656,1,15.495168,0.879616,16.374784
1052,32,32,-1,-1,-1,-1,-1,15.405056,1,15.465472,0.893952,16.359424
1053,32,32,-1,-1,-1,-1,-1,15.40608,1,15.464448,0.88064,16.345088
1054,32,32,-1,-1,-1,-1,-1,15.40096,1,15.468544,0.887808,16.356352
1055,32,32,-1,-1,-1,-1,-1,15.415296,1,15.481856,0.886784,16.36864
1056,32,32,-1,-1,-1,-1,-1,15.386624,1,15.45216,0.882688,16.334848
1057,32,32,-1,-1,-1,-1,-1,15.363072,1,15.418368,0.886784,16.305152
1058,32,32,-1,-1,-1,-1,-1,15.36,1,15.420416,0.88576,16.306176
1059,32,32,-1,-1,-1,-1,-1,15.37536,1,15.438848,0.883712,16.32256
1060,32,32,-1,-1,-1,-1,-1,15.372288,1,15.428608,0.884736,16.313344
1061,32,32,-1,-1,-1,-1,-1,15.367168,1,15.43168,0.883712,16.315392
1062,32,32,-1,-1,-1,-1,-1,15.38048,1,15.437824,0.877568,16.315392
1063,32,32,-1,-1,-1,-1,-1,15.38048,1,15.44704,0.883712,16.330752
1064,32,32,-1,-1,-1,-1,-1,15.376384,1,15.432704,0.869376,16.30208
1065,32,32,-1,-1,-1,-1,-1,15.381504,1,15.448064,0.878592,16.326656
1066,32,32,-1,-1,-1,-1,-1,15.392768,1,15.451136,0.874496,16.325632
1067,32,32,-1,-1,-1,-1,-1,15.410176,1,15.473664,0.881664,16.355328
1068,32,32,-1,-1,-1,-1,-1,15.419392,1,15.485952,0.873472,16.359424
1069,32,528,-1,-1,-1,-1,-1,-1,0,48.561153,0.878592,49.439745
1070,32,32,-1,-1,-1,-1,-1,15.570944,1,15.634432,0.884736,16.519168
1071,32,32,-1,-1,-1,-1,-1,15.563776,1,15.622144,0.883712,16.505856
1072,32,32,-1,-1,-1,-1,-1,15.501312,1,15.567872,0.873472,16.441344
1073,32,32,-1,-1,-1,-1,-1,15.450112,1,15.5136,0.872448,16.386048
1074,32,32,-1,-1,-1,-1,-1,15.444992,1,15.50848,0.873472,16.381952
1075,32,32,-1,-1,-1,-1,-1,15.478784,1,15.543296,0.878592,16.421888
1076,32,32,-1,-1,-1,-1,-1,15.446016,1,15.510528,0.876544,16.387072
1077,32,1024,-1,-1,-1,-1,-1,-1,0,69.75795,0.898048,70.655998
1078,32,32,-1,-1,-1,-1,-1,15.688704,1,15.75424,0.894976,16.649216
1079,32,32,-1,-1,-1,-1,-1,15.627264,1,15.693824,0.876544,16.570368
1080,32,32,-1,-1,-1,-1,-1,15.526912,1,15.586304,0.874496,16.4608
1081,32,32,-1,-1,-1,-1,-1,15.479808,1,15.547392,0.891904,16.439296
1082,32,32,-1,-1,-1,-1,-1,15.434752,1,15.492096,0.883712,16.375808
1083,32,32,-1,-1,-1,-1,-1,15.448064,1,15.491072,0.877568,16.36864
1084,32,32,-1,-1,-1,-1,-1,15.448064,1,15.504384,0.884736,16.38912
1085,32,32,-1,-1,-1,-1,-1,15.440896,1,15.506432,0.88064,16.387072
1086,32,32,-1,-1,-1,-1,-1,15.442944,1,15.50848,0.876544,16.385024
1087,32,32,-1,-1,-1,-1,-1,15.412224,1,15.478784,0.872448,16.351232
1088,32,32,-1,-1,-1,-1,-1,15.419392,1,15.485952,0.873472,16.359424
1089,32,32,-1,-1,-1,-1,-1,15.414272,1,15.47776,0.876544,16.354304
1090,32,32,-1,-1,-1,-1,-1,15.4112,1,15.475712,0.881664,16.357376
1091,32,32,-1,-1,-1,-1,-1,15.424512,1,15.489024,0.878592,16.367616
1092,32,32,-1,-1,-1,-1,-1,15.430656,1,15.494144,0.872448,16.366592
1093,32,32,-1,-1,-1,-1,-1,15.428608,1,15.485952,0.871424,16.357376
1094,32,32,-1,-1,-1,-1,-1,15.419392,1,15.483904,0.87552,16.359424
1095,32,32,-1,-1,-1,-1,-1,15.427584,1,15.491072,0.874496,16.365568
1096,32,32,-1,-1,-1,-1,-1,15.42656,1,15.491072,0.881664,16.372736
1097,32,32,-1,-1,-1,-1,-1,15.42144,1,15.486976,0.871424,16.3584
1098,32,32,-1,-1,-1,-1,-1,15.427584,1,15.492096,0.872448,16.364544
1099,32,32,-1,-1,-1,-1,-1,15.44704,1,15.489024,0.882688,16.371712
1100,32,32,-1,-1,-1,-1,-1,15.449088,1,15.515648,0.877568,16.393216
1101,32,32,-1,-1,-1,-1,-1,15.439872,1,15.504384,0.883712,16.388096
1102,32,528,-1,-1,-1,-1,-1,-1,0,48.464897,0.877568,49.342465
1103,32,32,-1,-1,-1,-1,-1,15.572992,1,15.638528,0.879616,16.518144
1104,32,32,-1,-1,-1,-1,-1,15.579136,1,15.645696,0.873472,16.519168
1105,32,32,-1,-1,-1,-1,-1,15.545344,1,15.609856,0.881664,16.49152
1106,32,32,-1,-1,-1,-1,-1,15.497216,1,15.562752,0.88576,16.448512
1107,32,32,-1,-1,-1,-1,-1,15.49824,1,15.55456,0.871424,16.425984
1108,32,528,-1,-1,-1,-1,-1,-1,0,48.771072,0.878592,49.649664
1109,32,528,-1,-1,-1,-1,-1,-1,0,49.731583,0.886784,50.618367
1110,32,528,-1,-1,-1,-1,-1,-1,0,50.012161,0.884736,50.896897
1111,32,32,-1,-1,-1,-1,-1,15.625216,1,15.691776,0.876544,16.56832
1112,32,32,-1,-1,-1,-1,-1,15.526912,1,15.596544,0.894976,16.49152
1113,32,32,-1,-1,-1,-1,-1,15.501312,1,15.566848,0.869376,16.436224
1114,32,528,-1,-1,-1,-1,-1,-1,0,48.633858,0.88064,49.514498
1115,32,32,-1,-1,-1,-1,-1,15.602688,1,15.647744,0.891904,16.539648
1116,32,32,-1,-1,-1,-1,-1,15.515648,1,15.581184,0.892928,16.474112
1117,32,32,-1,-1,-1,-1,-1,15.488,1,15.55456,0.888832,16.443392
1118,32,528,-1,-1,-1,-1,-1,-1,0,48.81715,0.884736,49.701886
1119,32,32,-1,-1,-1,-1,-1,15.577088,1,15.63648,0.886784,16.523264
1120,32,528,-1,-1,-1,-1,-1,-1,0,49.078274,0.8704,49.948674
1121,32,32,-1,-1,-1,-1,-1,15.583232,1,15.62624,0.884736,16.510976
1122,32,32,-1,-1,-1,-1,-1,15.52896,1,15.584256,0.888832,16.473088
1123,32,32,-1,-1,-1,-1,-1,15.461376,1,15.525888,0.876544,16.402432
1124,32,32,-1,-1,-1,-1,-1,15.488,1,15.545344,0.883712,16.429056
1125,32,528,-1,-1,-1,-1,-1,-1,0,48.850945,0.88064,49.731584
1126,32,32,-1,-1,-1,-1,-1,15.583232,1,15.647744,0.891904,16.539648
1127,32,32,-1,-1,-1,-1,-1,15.550464,1,15.619072,0.891904,16.510976
1128,32,495,-1,-1,-1,-1,-1,-1,0,39.248898,0.877568,40.126466
1129,32,32,-1,-1,-1,-1,-1,15.586304,1,15.65184,0.884736,16.536576
1130,32,32,-1,-1,-1,-1,-1,15.59552,1,15.661056,0.87552,16.536576
1131,32,528,-1,-1,-1,-1,-1,-1,0,48.841728,0.86528,49.707008
1132,32,528,-1,-1,-1,-1,-1,-1,0,49.422337,0.871424,50.293761
1133,32,32,-1,-1,-1,-1,-1,15.622144,1,15.68768,0.876544,16.564224
1134,32,32,-1,-1,-1,-1,-1,15.537152,1,15.603712,0.888832,16.492544
1135,32,32,-1,-1,-1,-1,-1,15.500288,1,15.566848,0.8704,16.437248
1136,32,32,-1,-1,-1,-1,-1,15.480832,1,15.54432,0.878592,16.422912
1137,32,528,-1,-1,-1,-1,-1,-1,0,48.734207,0.866304,49.600511
1138,32,32,-1,-1,-1,-1,-1,15.58016,1,15.643648,0.882688,16.526336
1139,32,32,-1,-1,-1,-1,-1,15.526912,1,15.591424,0.88576,16.477184
1140,32,32,-1,-1,-1,-1,-1,15.501312,1,15.565824,0.869376,16.4352
1141,32,32,-1,-1,-1,-1,-1,15.479808,1,15.545344,0.877568,16.422912
1142,32,32,-1,-1,-1,-1,-1,15.47264,1,15.5392,0.872448,16.411648
1143,32,32,-1,-1,-1,-1,-1,15.489024,1,15.556608,0.892928,16.449536
1144,32,32,-1,-1,-1,-1,-1,15.484928,1,15.526912,0.886784,16.413696
1145,32,527,-1,-1,-1,-1,-1,-1,0,48.693249,0.87552,49.568769
1146,32,32,-1,-1,-1,-1,-1,15.616,1,15.681536,0.89088,16.572416
1147,32,32,-1,-1,-1,-1,-1,15.579136,1,15.644672,0.879616,16.524288
1148,32,527,-1,-1,-1,-1,-1,-1,0,48.748543,0.86528,49.613823
1149,32,528,-1,-1,-1,-1,-1,-1,0,49.629185,0.878592,50.507777
1150,32,32,-1,-1,-1,-1,-1,15.613952,1,15.679488,0.891904,16.571392
1151,32,32,-1,-1,-1,-1,-1,15.561728,1,15.62624,0.897024,16.523264
1152,32,528,-1,-1,-1,-1,-1,-1,0,48.866302,0.872448,49.738751
1153,32,32,-1,-1,-1,-1,-1,15.553536,1,15.617024,0.893952,16.510976
1154,32,32,-1,-1,-1,-1,-1,15.51872,1,15.574016,0.881664,16.45568
1155,32,528,-1,-1,-1,-1,-1,-1,0,48.827393,0.87552,49.702913
1156,32,528,-1,-1,-1,-1,-1,-1,0,49.629185,0.876544,50.505729
1157,32,32,-1,-1,-1,-1,-1,15.639552,1,15.705088,0.869376,16.574464
1158,32,32,-1,-1,-1,-1,-1,15.525888,1,15.582208,0.88576,16.467968
1159,32,528,-1,-1,-1,-1,-1,-1,0,48.630783,0.862208,49.492991
1160,32,32,-1,-1,-1,-1,-1,15.583232,1,15.625216,0.879616,16.504832
1161,32,528,-1,-1,-1,-1,-1,-1,0,49.276928,0.878592,50.15552
1162,32,32,-1,-1,-1,-1,-1,15.566848,1,15.63136,0.874496,16.505856
1163,32,32,-1,-1,-1,-1,-1,15.54432,1,15.608832,0.871424,16.480256
1164,32,528,-1,-1,-1,-1,-1,-1,0,48.724991,0.874496,49.599487
1165,32,32,-1,-1,-1,-1,-1,15.537152,1,15.602688,0.876544,16.479232
1166,32,32,-1,-1,-1,-1,-1,15.516672,1,15.582208,0.871424,16.453632
1167,32,1519,-1,-1,-1,-1,-1,-1,0,98.694145,0.883712,99.577857
1168,32,528,-1,-1,-1,-1,-1,-1,0,51.180546,0.871424,52.05197
1169,32,528,-1,-1,-1,-1,-1,-1,0,50.147327,0.871424,51.018751
1170,32,32,-1,-1,-1,-1,-1,15.603712,1,15.666176,0.874496,16.540672
1171,32,32,-1,-1,-1,-1,-1,15.548416,1,15.604736,0.872448,16.477184
1172,32,528,-1,-1,-1,-1,-1,-1,0,48.799744,0.869376,49.66912
1173,32,32,-1,-1,-1,-1,-1,15.556608,1,15.620096,0.877568,16.497664
1174,32,32,-1,-1,-1,-1,-1,15.50336,1,15.557632,0.876544,16.434176
1175,32,32,-1,-1,-1,-1,-1,15.459328,1,15.52384,0.872448,16.396288
1176,32,528,-1,-1,-1,-1,-1,-1,0,48.651264,0.866304,49.517568
1177,32,32,-1,-1,-1,-1,-1,15.55456,1,15.618048,0.882688,16.500736
1178,32,32,-1,-1,-1,-1,-1,15.510528,1,15.567872,0.872448,16.44032
1179,32,32,-1,-1,-1,-1,-1,15.481856,1,15.547392,0.87552,16.422912
1180,32,32,-1,-1,-1,-1,-1,15.440896,1,15.497216,0.877568,16.374784
1181,32,32,-1,-1,-1,-1,-1,15.444992,1,15.509504,0.8704,16.379904
1182,32,32,-1,-1,-1,-1,-1,15.434752,1,15.500288,0.871424,16.371712
1183,32,32,-1,-1,-1,-1,-1,15.454208,1,15.511552,0.874496,16.386048
1184,32,32,-1,-1,-1,-1,-1,15.408128,1,15.47264,0.871424,16.344064
1185,32,32,-1,-1,-1,-1,-1,15.41632,1,15.480832,0.872448,16.35328
1186,32,32,-1,-1,-1,-1,-1,15.41632,1,15.480832,0.872448,16.35328
1187,32,32,-1,-1,-1,-1,-1,15.408128,1,15.4624,0.873472,16.335872
1188,32,32,-1,-1,-1,-1,-1,15.407104,1,15.471616,0.884736,16.356352
1189,32,32,-1,-1,-1,-1,-1,15.422464,1,15.479808,0.8704,16.350208
1190,32,528,-1,-1,-1,-1,-1,-1,0,48.482304,0.876544,49.358848
1191,32,32,-1,-1,-1,-1,-1,15.571968,1,15.635456,0.878592,16.514048
1192,32,32,-1,-1,-1,-1,-1,15.49824,1,15.560704,0.87552,16.436224
1193,32,32,-1,-1,-1,-1,-1,15.459328,1,15.516672,0.8704,16.387072
1194,32,32,-1,-1,-1,-1,-1,15.44704,1,15.504384,0.874496,16.37888
1195,32,32,-1,-1,-1,-1,-1,15.453184,1,15.516672,0.876544,16.393216
1196,32,32,-1,-1,-1,-1,-1,15.453184,1,15.51872,0.874496,16.393216
1197,32,32,-1,-1,-1,-1,-1,15.464448,1,15.520768,0.871424,16.392192
1198,32,528,-1,-1,-1,-1,-1,-1,0,48.39629,0.863232,49.259522
1199,32,32,-1,-1,-1,-1,-1,15.592448,1,15.648768,0.878592,16.52736
1200,32,32,-1,-1,-1,-1,-1,15.531008,1,15.59552,0.873472,16.468992
1201,32,528,-1,-1,-1,-1,-1,-1,0,48.796673,0.866304,49.662977
1202,32,32,-1,-1,-1,-1,-1,15.565824,1,15.607808,0.874496,16.482304
1203,32,32,-1,-1,-1,-1,-1,15.527936,1,15.593472,0.874496,16.467968
1204,32,32,-1,-1,-1,-1,-1,15.479808,1,15.545344,0.873472,16.418816
1205,32,32,-1,-1,-1,-1,-1,15.466496,1,15.531008,0.871424,16.402432
1206,32,32,-1,-1,-1,-1,-1,15.466496,1,15.532032,0.877568,16.4096
1207,32,32,-1,-1,-1,-1,-1,15.476736,1,15.541248,0.873472,16.41472
1208,32,528,-1,-1,-1,-1,-1,-1,0,48.416767,0.863232,49.279999
1209,32,32,-1,-1,-1,-1,-1,15.592448,1,15.65696,0.872448,16.529408
1210,32,32,-1,-1,-1,-1,-1,15.55968,1,15.625216,0.876544,16.50176
1211,32,32,-1,-1,-1,-1,-1,15.47264,1,15.537152,0.872448,16.4096
1212,32,32,-1,-1,-1,-1,-1,15.460352,1,15.522816,0.876544,16.39936
1213,32,32,-1,-1,-1,-1,-1,15.465472,1,15.529984,0.872448,16.402433
1214,32,32,-1,-1,-1,-1,-1,15.458304,1,15.515648,0.867328,16.382976
1215,32,32,-1,-1,-1,-1,-1,15.481856,1,15.546368,0.878592,16.42496
1216,32,32,-1,-1,-1,-1,-1,15.45728,1,15.521792,0.873472,16.395264
1217,32,32,-1,-1,-1,-1,-1,15.425536,1,15.481856,0.876544,16.3584
1218,32,32,-1,-1,-1,-1,-1,15.433728,1,15.475712,0.868352,16.344064
1219,32,32,-1,-1,-1,-1,-1,15.433728,1,15.497216,0.872448,16.369664
1220,32,32,-1,-1,-1,-1,-1,15.434752,1,15.49824,0.874496,16.372736
1221,32,32,-1,-1,-1,-1,-1,15.438848,1,15.502336,0.868352,16.370688
1222,32,32,-1,-1,-1,-1,-1,15.433728,1,15.490048,0.869376,16.359424
1223,32,32,-1,-1,-1,-1,-1,15.439872,1,15.502336,0.874496,16.376832
1224,32,32,-1,-1,-1,-1,-1,15.456256,1,15.5136,0.89088,16.40448
1225,32,32,-1,-1,-1,-1,-1,15.44192,1,15.506432,0.871424,16.377856
1226,32,32,-1,-1,-1,-1,-1,15.449088,1,15.506432,0.877568,16.384
1227,32,32,-1,-1,-1,-1,-1,15.440896,1,15.50336,0.874496,16.377856
1228,32,32,-1,-1,-1,-1,-1,15.45216,1,15.516672,0.878592,16.395264
1229,32,32,-1,-1,-1,-1,-1,15.45216,1,15.517696,0.873472,16.391168
1230,32,32,-1,-1,-1,-1,-1,15.466496,1,15.532032,0.879616,16.411648
1231,32,32,-1,-1,-1,-1,-1,15.466496,1,15.53408,0.871424,16.405504
1232,32,32,-1,-1,-1,-1,-1,15.47264,1,15.537152,0.868352,16.405504
1233,32,32,-1,-1,-1,-1,-1,15.485952,1,15.550464,0.871424,16.421888
1234,32,1024,-1,-1,-1,-1,-1,-1,0,70.069244,0.877568,70.946812
1235,32,32,-1,-1,-1,-1,-1,15.773696,1,15.83104,0.879616,16.710656
1236,32,1024,-1,-1,-1,-1,-1,-1,0,70.919167,0.869376,71.788543
1237,32,32,-1,-1,-1,-1,-1,15.746048,1,15.811584,0.888832,16.700416
1238,32,32,-1,-1,-1,-1,-1,15.730688,1,15.788032,0.872448,16.66048
1239,32,32,-1,-1,-1,-1,-1,15.568896,1,15.62624,0.881664,16.507904
1240,32,32,-1,-1,-1,-1,-1,15.519744,1,15.578112,0.871424,16.449536
1241,32,32,-1,-1,-1,-1,-1,15.495168,1,15.560704,0.876544,16.437248
1242,32,528,-1,-1,-1,-1,-1,-1,0,48.601089,0.876544,49.477633
1243,32,32,-1,-1,-1,-1,-1,15.60064,1,15.664128,0.872448,16.536576
1244,32,32,-1,-1,-1,-1,-1,15.532032,1,15.597568,0.882688,16.480256
1245,32,32,-1,-1,-1,-1,-1,15.502336,1,15.566848,0.871424,16.438272
1246,32,32,-1,-1,-1,-1,-1,15.51872,1,15.57504,0.872448,16.447488
1247,32,32,-1,-1,-1,-1,-1,15.494144,1,15.558656,0.88064,16.439296
1248,32,528,-1,-1,-1,-1,-1,-1,0,48.867329,0.868352,49.735681
1249,32,527,-1,-1,-1,-1,-1,-1,0,49.660927,0.869376,50.530303
1250,32,32,-1,-1,-1,-1,-1,15.649792,1,15.716352,0.88064,16.596992
1251,32,32,-1,-1,-1,-1,-1,15.546368,1,15.603712,0.878592,16.482304
1252,32,32,-1,-1,-1,-1,-1,15.473664,1,15.5392,0.873472,16.412672
1253,32,1023,-1,-1,-1,-1,-1,-1,0,70.104065,0.873472,70.977537
1254,32,32,-1,-1,-1,-1,-1,15.711232,1,15.776768,0.87552,16.652288
1255,32,32,-1,-1,-1,-1,-1,15.596544,1,15.661056,0.872448,16.533504
1256,32,528,-1,-1,-1,-1,-1,-1,0,48.996353,0.866304,49.862657
1257,32,528,-1,-1,-1,-1,-1,-1,0,49.830914,0.868352,50.699266
1258,32,32,-1,-1,-1,-1,-1,15.611904,1,15.676416,0.88576,16.562176
1259,32,528,-1,-1,-1,-1,-1,-1,0,49.06496,0.8704,49.93536
1260,32,32,-1,-1,-1,-1,-1,15.583232,1,15.638528,0.874496,16.513024
1261,32,32,-1,-1,-1,-1,-1,15.484928,1,15.550464,0.877568,16.428032
1262,32,32,-1,-1,-1,-1,-1,15.449088,1,15.5136,0.878592,16.392192
1263,32,32,-1,-1,-1,-1,-1,15.468544,1,15.53408,0.873472,16.407552
1264,32,32,-1,-1,-1,-1,-1,15.461376,1,15.525888,0.874496,16.400384
1265,32,32,-1,-1,-1,-1,-1,15.460352,1,15.524864,0.876544,16.401408
1266,32,32,-1,-1,-1,-1,-1,15.464448,1,15.52896,0.87552,16.40448
1267,32,32,-1,-1,-1,-1,-1,15.430656,1,15.495168,0.871424,16.366592
1268,32,32,-1,-1,-1,-1,-1,15.410176,1,15.474688,0.871424,16.346112
1269,32,32,-1,-1,-1,-1,-1,15.419392,1,15.48288,0.87552,16.3584
1270,32,32,-1,-1,-1,-1,-1,15.413248,1,15.478784,0.872448,16.351232
1271,32,32,-1,-1,-1,-1,-1,15.420416,1,15.476736,0.874496,16.351232
1272,32,528,-1,-1,-1,-1,-1,-1,0,48.394241,0.876544,49.270785
1273,32,32,-1,-1,-1,-1,-1,15.55968,1,15.616,0.879616,16.495616
1274,32,32,-1,-1,-1,-1,-1,15.52896,1,15.594496,0.877568,16.472064
1275,32,528,-1,-1,-1,-1,-1,-1,0,48.773121,0.871424,49.644545
1276,32,32,-1,-1,-1,-1,-1,15.572992,1,15.638528,0.873472,16.512
1277,32,32,-1,-1,-1,-1,-1,15.535104,1,15.599616,0.872448,16.472064
1278,32,32,-1,-1,-1,-1,-1,15.490048,1,15.55456,0.881664,16.436224
1279,32,32,-1,-1,-1,-1,-1,15.49312,1,15.551488,0.881664,16.433152
1280,32,32,-1,-1,-1,-1,-1,15.499264,1,15.5648,0.87552,16.44032
1281,32,32,-1,-1,-1,-1,-1,15.50848,1,15.57504,0.87552,16.45056
1282,32,528,-1,-1,-1,-1,-1,-1,0,48.653313,0.866304,49.519617
1283,32,528,-1,-1,-1,-1,-1,-1,0,50.114559,0.872448,50.987007
1284,32,32,-1,-1,-1,-1,-1,15.630336,1,15.695872,0.886784,16.582656
1285,32,32,-1,-1,-1,-1,-1,15.547392,1,15.611904,0.879616,16.49152
1286,32,528,-1,-1,-1,-1,-1,-1,0,48.735233,0.877568,49.612801
1287,32,528,-1,-1,-1,-1,-1,-1,0,49.919998,0.867328,50.787326
1288,32,32,-1,-1,-1,-1,-1,15.643648,1,15.709184,0.888832,16.598016
1289,32,32,-1,-1,-1,-1,-1,15.54432,1,15.608832,0.877568,16.4864
1290,32,528,-1,-1,-1,-1,-1,-1,0,48.915455,0.8704,49.785855
1291,32,32,-1,-1,-1,-1,-1,15.591424,1,15.648768,0.883712,16.53248
1292,32,528,-1,-1,-1,-1,-1,-1,0,49.073151,0.868352,49.941503
1293,32,527,-1,-1,-1,-1,-1,-1,0,49.000446,0.866304,49.86675
1294,32,32,-1,-1,-1,-1,-1,15.536128,1,15.592448,0.887808,16.480256
1295,32,32,-1,-1,-1,-1,-1,15.541248,1,15.60576,0.87552,16.48128
1296,32,1520,-1,-1,-1,-1,-1,-1,0,99.276802,0.88576,100.162562
1297,32,32,-1,-1,-1,-1,-1,15.828992,1,15.895552,0.896,16.791552
1298,32,32,-1,-1,-1,-1,-1,15.812608,1,15.88224,0.886784,16.769024
1299,32,32,-1,-1,-1,-1,-1,15.832064,1,15.899648,0.896,16.795648
1300,32,32,-1,-1,-1,-1,-1,15.8208,1,15.888384,0.899072,16.787456
1301,32,1024,-1,-1,-1,-1,-1,-1,0,71.504898,0.878592,72.38349
1302,32,32,-1,-1,-1,-1,-1,15.729664,1,15.787008,0.886784,16.673792
1303,32,32,-1,-1,-1,-1,-1,15.571968,1,15.638528,0.883712,16.52224
1304,32,32,-1,-1,-1,-1,-1,15.505408,1,15.562752,0.886784,16.449536
1305,32,32,-1,-1,-1,-1,-1,15.485952,1,15.550464,0.889856,16.44032
1306,32,32,-1,-1,-1,-1,-1,15.449088,1,15.512576,0.872448,16.385024
1307,32,32,-1,-1,-1,-1,-1,15.4624,1,15.527936,0.881664,16.4096
1308,32,32,-1,-1,-1,-1,-1,15.460352,1,15.524864,0.88064,16.405504
1309,32,32,-1,-1,-1,-1,-1,15.456256,1,15.500288,0.87552,16.375808
1310,32,528,-1,-1,-1,-1,-1,-1,0,48.703487,0.8704,49.573887
1311,32,32,-1,-1,-1,-1,-1,15.5648,1,15.629312,0.884736,16.514048
1312,32,528,-1,-1,-1,-1,-1,-1,0,49.195007,0.879616,50.074623
1313,32,32,-1,-1,-1,-1,-1,15.542272,1,15.60576,0.891904,16.497664
1314,32,32,-1,-1,-1,-1,-1,15.494144,1,15.551488,0.884736,16.436224
1315,32,32,-1,-1,-1,-1,-1,15.492096,1,15.555584,0.88064,16.436224
1316,32,32,-1,-1,-1,-1,-1,15.473664,1,15.537152,0.869376,16.406528
1317,32,32,-1,-1,-1,-1,-1,15.4624,1,15.526912,0.88576,16.412672
1318,32,32,-1,-1,-1,-1,-1,15.459328,1,15.522816,0.8704,16.393216
1319,32,528,-1,-1,-1,-1,-1,-1,0,48.371712,0.871424,49.243136
1320,32,32,-1,-1,-1,-1,-1,15.494144,1,15.557632,0.876544,16.434176
1321,32,32,-1,-1,-1,-1,-1,15.481856,1,15.545344,0.884736,16.43008
1322,32,32,-1,-1,-1,-1,-1,15.43168,1,15.495168,0.881664,16.376832
1323,32,528,-1,-1,-1,-1,-1,-1,0,48.649216,0.868352,49.517568
1324,32,32,-1,-1,-1,-1,-1,15.50848,1,15.5648,0.891904,16.456704
1325,32,32,-1,-1,-1,-1,-1,15.47264,1,15.515648,0.884736,16.400384
1326,32,32,-1,-1,-1,-1,-1,15.456256,1,15.521792,0.89088,16.412672
1327,32,32,-1,-1,-1,-1,-1,15.45216,1,15.494144,0.881664,16.375808
1328,32,480,-1,-1,-1,-1,-1,-1,0,38.882305,0.878592,39.760897
1329,32,32,-1,-1,-1,-1,-1,15.584256,1,15.62624,0.881664,16.507904
1330,32,32,-1,-1,-1,-1,-1,15.566848,1,15.632384,0.8704,16.502784
1331,32,528,-1,-1,-1,-1,-1,-1,0,48.888832,0.864256,49.753088
1332,32,32,-1,-1,-1,-1,-1,15.50848,1,15.572992,0.877568,16.45056
1333,32,32,-1,-1,-1,-1,-1,15.507456,1,15.572992,0.878592,16.451584
1334,32,32,-1,-1,-1,-1,-1,15.484928,1,15.54944,0.869376,16.418816
1335,32,32,-1,-1,-1,-1,-1,15.439872,1,15.494144,0.872448,16.366592
1336,32,32,-1,-1,-1,-1,-1,15.435776,1,15.499264,0.87552,16.374784
1337,32,32,-1,-1,-1,-1,-1,15.449088,1,15.512576,0.8704,16.382976
1338,32,32,-1,-1,-1,-1,-1,15.44704,1,15.510528,0.869376,16.379904
1339,32,32,-1,-1,-1,-1,-1,15.43168,1,15.497216,0.878592,16.375808
1340,32,32,-1,-1,-1,-1,-1,15.403008,1,15.45728,0.871424,16.328704
1341,32,32,-1,-1,-1,-1,-1,15.399936,1,15.44192,0.877568,16.319488
1342,32,32,-1,-1,-1,-1,-1,15.414272,1,15.471616,0.87552,16.347136
1343,32,32,-1,-1,-1,-1,-1,15.414272,1,15.455232,0.87552,16.330752
1344,32,32,-1,-1,-1,-1,-1,15.408128,1,15.47264,0.872448,16.345088
1345,32,32,-1,-1,-1,-1,-1,15.414272,1,15.456256,0.884736,16.340992
1346,32,32,-1,-1,-1,-1,-1,15.4112,1,15.474688,0.869376,16.344064
1347,32,32,-1,-1,-1,-1,-1,15.414272,1,15.47776,0.866304,16.344064
1348,32,32,-1,-1,-1,-1,-1,15.425536,1,15.489024,0.874496,16.36352
1349,32,32,-1,-1,-1,-1,-1,15.428608,1,15.492096,0.8704,16.362496
1350,32,32,-1,-1,-1,-1,-1,15.432704,1,15.497216,0.87552,16.372736
1351,32,32,-1,-1,-1,-1,-1,15.424512,1,15.489024,0.873472,16.362496
1352,32,32,-1,-1,-1,-1,-1,15.432704,1,15.499264,0.8704,16.369664
1353,32,32,-1,-1,-1,-1,-1,15.434752,1,15.49824,0.88064,16.37888
1354,32,32,-1,-1,-1,-1,-1,15.437824,1,15.50336,0.876544,16.379904
1355,32,32,-1,-1,-1,-1,-1,15.448064,1,15.512576,0.866304,16.37888
1356,32,32,-1,-1,-1,-1,-1,15.438848,1,15.502336,0.876544,16.37888
1357,32,32,-1,-1,-1,-1,-1,15.44704,1,15.491072,0.87552,16.366592
1358,32,32,-1,-1,-1,-1,-1,15.444992,1,15.511552,0.88064,16.392192
1359,32,32,-1,-1,-1,-1,-1,15.446016,1,15.489024,0.868352,16.357376
1360,32,528,-1,-1,-1,-1,-1,-1,0,48.649216,0.86528,49.514496
1361,32,32,-1,-1,-1,-1,-1,15.637504,1,15.680512,0.879616,16.560128
1362,32,32,-1,-1,-1,-1,-1,15.5904,1,15.657984,0.887808,16.545792
1363,32,32,-1,-1,-1,-1,-1,15.527936,1,15.591424,0.879616,16.47104
1364,32,32,-1,-1,-1,-1,-1,15.506432,1,15.570944,0.871424,16.442368
1365,32,528,-1,-1,-1,-1,-1,-1,0,48.693249,0.87552,49.568769
1366,32,32,-1,-1,-1,-1,-1,15.620096,1,15.684608,0.873472,16.55808
1367,32,32,-1,-1,-1,-1,-1,15.551488,1,15.62112,0.877568,16.498688
1368,32,32,-1,-1,-1,-1,-1,15.521792,1,15.587328,0.878592,16.46592
1369,32,32,-1,-1,-1,-1,-1,15.532032,1,15.596544,0.873472,16.470016
1370,32,528,-1,-1,-1,-1,-1,-1,0,48.761856,0.867328,49.629184
1371,32,528,-1,-1,-1,-1,-1,-1,0,49.939457,0.869376,50.808833
1372,32,527,-1,-1,-1,-1,-1,-1,0,50.064384,0.876544,50.940928
1373,32,32,-1,-1,-1,-1,-1,15.654912,1,15.720448,0.881664,16.602112
1374,32,32,-1,-1,-1,-1,-1,15.561728,1,15.628288,0.877568,16.505856
1375,32,528,-1,-1,-1,-1,-1,-1,0,48.601089,0.871424,49.472513
1376,32,32,-1,-1,-1,-1,-1,15.59552,1,15.660032,0.878592,16.538624
1377,32,32,-1,-1,-1,-1,-1,15.553536,1,15.59552,0.87552,16.47104
1378,32,528,-1,-1,-1,-1,-1,-1,0,48.722942,0.866304,49.589246
1379,32,528,-1,-1,-1,-1,-1,-1,0,49.755135,0.869376,50.624511
1380,32,528,-1,-1,-1,-1,-1,-1,0,50.108418,0.868352,50.97677
1381,32,32,-1,-1,-1,-1,-1,15.637504,1,15.70304,0.88064,16.58368
1382,32,32,-1,-1,-1,-1,-1,15.547392,1,15.612928,0.87552,16.488448
1383,32,32,-1,-1,-1,-1,-1,15.492096,1,15.557632,0.876544,16.434176
1384,32,528,-1,-1,-1,-1,-1,-1,0,48.69939,0.874496,49.573886
1385,32,32,-1,-1,-1,-1,-1,15.59552,1,15.638528,0.878592,16.51712
1386,32,32,-1,-1,-1,-1,-1,15.553536,1,15.619072,0.876544,16.495616
1387,32,32,-1,-1,-1,-1,-1,15.491072,1,15.54944,0.874496,16.423936
1388,32,32,-1,-1,-1,-1,-1,15.497216,1,15.55456,0.87552,16.43008
1389,32,32,-1,-1,-1,-1,-1,15.50336,1,15.567872,0.87552,16.443392
1390,32,528,-1,-1,-1,-1,-1,-1,0,48.845825,0.866304,49.712129
1391,32,32,-1,-1,-1,-1,-1,15.630336,1,15.691776,0.887808,16.579584
1392,32,32,-1,-1,-1,-1,-1,15.589376,1,15.654912,0.877568,16.53248
1393,32,32,-1,-1,-1,-1,-1,15.517696,1,15.560704,0.878592,16.439296
1394,32,528,-1,-1,-1,-1,-1,-1,0,48.706558,0.86528,49.571838
1395,32,528,-1,-1,-1,-1,-1,-1,0,49.689602,0.873472,50.563074
1396,32,32,-1,-1,-1,-1,-1,15.619072,1,15.68256,0.878592,16.561152
1397,32,32,-1,-1,-1,-1,-1,15.495168,1,15.560704,0.874496,16.4352
1398,32,32,-1,-1,-1,-1,-1,15.499264,1,15.553536,0.873472,16.427008
1399,32,528,-1,-1,-1,-1,-1,-1,0,48.739326,0.866304,49.60563
1400,32,32,-1,-1,-1,-1,-1,15.561728,1,15.62624,0.87552,16.50176
1401,32,32,-1,-1,-1,-1,-1,15.522816,1,15.566848,0.873472,16.44032
1402,32,32,-1,-1,-1,-1,-1,15.507456,1,15.572992,0.879616,16.452608
1403,32,32,-1,-1,-1,-1,-1,15.471616,1,15.537152,0.871424,16.408576
1404,32,32,-1,-1,-1,-1,-1,15.4624,1,15.525888,0.884736,16.410624
1405,32,528,-1,-1,-1,-1,-1,-1,0,48.740353,0.871424,49.611777
1406,32,32,-1,-1,-1,-1,-1,15.560704,1,15.62624,0.884736,16.510976
1407,32,32,-1,-1,-1,-1,-1,15.49312,1,15.556608,0.871424,16.428032
1408,32,32,-1,-1,-1,-1,-1,15.470592,1,15.52896,0.873472,16.402432
1409,32,32,-1,-1,-1,-1,-1,15.474688,1,15.517696,0.868352,16.386048
1410,32,1024,-1,-1,-1,-1,-1,-1,0,70.250496,0.881664,71.13216
1411,32,528,-1,-1,-1,-1,-1,-1,0,50.87949,0.874496,51.753986
1412,32,32,-1,-1,-1,-1,-1,15.642624,1,15.70816,0.876544,16.584704
1413,32,528,-1,-1,-1,-1,-1,-1,0,49.248257,0.867328,50.115585
1414,32,32,-1,-1,-1,-1,-1,15.572992,1,15.629312,0.88576,16.515072
1415,32,32,-1,-1,-1,-1,-1,15.504384,1,15.570944,0.872448,16.443392
1416,32,528,-1,-1,-1,-1,-1,-1,0,48.861183,0.8704,49.731583
1417,32,528,-1,-1,-1,-1,-1,-1,0,49.762302,0.872448,50.63475
1418,32,32,-1,-1,-1,-1,-1,15.648768,1,15.71328,0.891904,16.605184
1419,32,32,-1,-1,-1,-1,-1,15.614976,1,15.681536,0.877568,16.559104
1420,32,32,-1,-1,-1,-1,-1,15.509504,1,15.552512,0.871424,16.423936
1421,32,32,-1,-1,-1,-1,-1,15.458304,1,15.525888,0.877568,16.403456
1422,32,528,-1,-1,-1,-1,-1,-1,0,48.788479,0.873472,49.661951
1423,32,32,-1,-1,-1,-1,-1,15.586304,1,15.649792,0.884736,16.534528
1424,32,528,-1,-1,-1,-1,-1,-1,0,48.986111,0.869376,49.855487
1425,32,528,-1,-1,-1,-1,-1,-1,0,49.685505,0.871424,50.556929
1426,32,32,-1,-1,-1,-1,-1,15.588352,1,15.653888,0.887808,16.541696
1427,32,32,-1,-1,-1,-1,-1,15.469568,1,15.535104,0.883712,16.418816
1428,32,32,-1,-1,-1,-1,-1,15.433728,1,15.49824,0.88064,16.37888
1429,32,32,-1,-1,-1,-1,-1,15.440896,1,15.506432,0.892928,16.39936
1430,32,528,-1,-1,-1,-1,-1,-1,0,48.824322,0.881664,49.705986
1431,32,528,-1,-1,-1,-1,-1,-1,0,50.089985,0.881664,50.971649
1432,32,32,-1,-1,-1,-1,-1,15.578112,1,15.645696,0.894976,16.540672
1433,32,528,-1,-1,-1,-1,-1,-1,0,49.282047,0.88064,50.162687
1434,32,32,-1,-1,-1,-1,-1,15.545344,1,15.611904,0.88576,16.497664
1435,32,32,-1,-1,-1,-1,-1,15.5136,1,15.572992,0.883712,16.456704
1436,32,528,-1,-1,-1,-1,-1,-1,0,48.776192,0.872448,49.64864
1437,32,32,-1,-1,-1,-1,-1,15.507456,1,15.572992,0.877568,16.45056
1438,32,32,-1,-1,-1,-1,-1,15.486976,1,15.55456,0.887808,16.442368
1439,32,32,-1,-1,-1,-1,-1,15.470592,1,15.536128,0.87552,16.411648
1440,32,32,-1,-1,-1,-1,-1,15.427584,1,15.486976,0.88064,16.367616
1441,32,32,-1,-1,-1,-1,-1,15.425536,1,15.492096,0.8704,16.362496
1442,32,32,-1,-1,-1,-1,-1,15.439872,1,15.505408,0.88064,16.386048
1443,32,528,-1,-1,-1,-1,-1,-1,0,48.893951,0.878592,49.772543
1444,32,32,-1,-1,-1,-1,-1,15.527936,1,15.596544,0.88064,16.477184
1445,32,32,-1,-1,-1,-1,-1,15.47776,1,15.546368,0.887808,16.434176
1446,32,527,-1,-1,-1,-1,-1,-1,0,48.907265,0.876544,49.783809
1447,32,32,-1,-1,-1,-1,-1,15.540224,1,15.608832,0.894976,16.503808
1448,32,528,-1,-1,-1,-1,-1,-1,0,49.06189,0.878592,49.940482
1449,32,32,-1,-1,-1,-1,-1,15.552512,1,15.62112,0.876544,16.497664
1450,32,32,-1,-1,-1,-1,-1,15.465472,1,15.53408,0.88064,16.41472
1451,32,32,-1,-1,-1,-1,-1,15.422464,1,15.489024,0.88064,16.369664
1452,32,528,-1,-1,-1,-1,-1,-1,0,48.548862,0.873472,49.422334
1453,32,32,-1,-1,-1,-1,-1,15.540224,1,15.603712,0.887808,16.49152
1454,32,32,-1,-1,-1,-1,-1,15.465472,1,15.532032,0.88576,16.417792
1455,32,32,-1,-1,-1,-1,-1,15.410176,1,15.475712,0.876544,16.352256
1456,32,32,-1,-1,-1,-1,-1,15.422464,1,15.490048,0.879616,16.369664
1457,32,32,-1,-1,-1,-1,-1,15.4368,1,15.499264,0.879616,16.37888
1458,32,32,-1,-1,-1,-1,-1,15.43168,1,15.499264,0.874496,16.37376
1459,32,32,-1,-1,-1,-1,-1,15.434752,1,15.501312,0.881664,16.382976
1460,32,32,-1,-1,-1,-1,-1,15.389696,1,15.454208,0.889856,16.344064
1461,32,32,-1,-1,-1,-1,-1,15.399936,1,15.46752,0.886784,16.354304
1462,32,32,-1,-1,-1,-1,-1,15.396864,1,15.4624,0.87552,16.33792
1463,32,32,-1,-1,-1,-1,-1,15.413248,1,15.479808,0.8704,16.350208
1464,32,32,-1,-1,-1,-1,-1,15.408128,1,15.474688,0.872448,16.347136
1465,32,32,-1,-1,-1,-1,-1,15.40608,1,15.471616,0.873472,16.345088
1466,32,32,-1,-1,-1,-1,-1,15.397888,1,15.465472,0.888832,16.354304
1467,32,32,-1,-1,-1,-1,-1,15.397888,1,15.456256,0.879616,16.335872
1468,32,32,-1,-1,-1,-1,-1,15.397888,1,15.461376,0.872448,16.333824
1469,32,32,-1,-1,-1,-1,-1,15.413248,1,15.480832,0.884736,16.365568
1470,32,32,-1,-1,-1,-1,-1,15.420416,1,15.483904,0.879616,16.36352
1471,32,32,-1,-1,-1,-1,-1,15.409152,1,15.474688,0.887808,16.362496
1472,32,32,-1,-1,-1,-1,-1,15.409152,1,15.471616,0.879616,16.351232
1473,32,32,-1,-1,-1,-1,-1,15.422464,1,15.486976,0.887808,16.374784
1474,32,32,-1,-1,-1,-1,-1,15.439872,1,15.504384,0.88576,16.390144
1475,32,32,-1,-1,-1,-1,-1,15.420416,1,15.484928,0.867328,16.352256
1476,32,32,-1,-1,-1,-1,-1,15.424512,1,15.479808,0.871424,16.351232
1477,32,32,-1,-1,-1,-1,-1,15.43168,1,15.489024,0.888832,16.377856
1478,32,32,-1,-1,-1,-1,-1,15.435776,1,15.491072,0.889856,16.380928
1479,32,32,-1,-1,-1,-1,-1,15.430656,1,15.489024,0.87552,16.364544
1480,32,32,-1,-1,-1,-1,-1,15.440896,1,15.507456,0.867328,16.374784
1481,32,528,-1,-1,-1,-1,-1,-1,0,48.46899,0.868352,49.337342
1482,32,32,-1,-1,-1,-1,-1,15.576064,1,15.639552,0.883712,16.523264
1483,32,32,-1,-1,-1,-1,-1,15.517696,1,15.584256,0.884736,16.468992
1484,32,32,-1,-1,-1,-1,-1,15.48288,1,15.54944,0.889856,16.439296
1485,32,32,-1,-1,-1,-1,-1,15.49312,1,15.552512,0.889856,16.442368
1486,32,32,-1,-1,-1,-1,-1,15.494144,1,15.553536,0.88576,16.439296
1487,32,32,-1,-1,-1,-1,-1,15.502336,1,15.567872,0.878592,16.446464
1488,32,32,-1,-1,-1,-1,-1,15.49312,1,15.552512,0.884736,16.437248
1489,32,32,-1,-1,-1,-1,-1,15.449088,1,15.515648,0.888832,16.40448
1490,32,528,-1,-1,-1,-1,-1,-1,0,48.470016,0.879616,49.349633
1491,32,32,-1,-1,-1,-1,-1,15.597568,1,15.665152,0.883712,16.548864
1492,32,32,-1,-1,-1,-1,-1,15.548416,1,15.611904,0.877568,16.489472
1493,32,32,-1,-1,-1,-1,-1,15.501312,1,15.566848,0.87552,16.442368
1494,32,32,-1,-1,-1,-1,-1,15.502336,1,15.566848,0.891904,16.458752
1495,32,32,-1,-1,-1,-1,-1,15.505408,1,15.56992,0.886784,16.456704
1496,32,32,-1,-1,-1,-1,-1,15.510528,1,15.578112,0.884736,16.462848
1497,32,528,-1,-1,-1,-1,-1,-1,0,48.789505,0.873472,49.662977
1498,32,32,-1,-1,-1,-1,-1,15.620096,1,15.66208,0.87552,16.5376
1499,32,32,-1,-1,-1,-1,-1,15.5904,1,15.654912,0.877568,16.53248
1500,32,528,-1,-1,-1,-1,-1,-1,0,48.907265,0.872448,49.779713
1501,32,32,-1,-1,-1,-1,-1,15.612928,1,15.671296,0.89088,16.562176
1502,32,32,-1,-1,-1,-1,-1,15.588352,1,15.648768,0.888832,16.5376
1503,32,528,-1,-1,-1,-1,-1,-1,0,48.932865,0.877568,49.810433
1504,32,32,-1,-1,-1,-1,-1,15.630336,1,15.686656,0.886784,16.57344
1505,32,32,-1,-1,-1,-1,-1,15.577088,1,15.644672,0.89088,16.535552
1506,32,32,-1,-1,-1,-1,-1,15.540224,1,15.597568,0.88576,16.483328
1507,32,32,-1,-1,-1,-1,-1,15.519744,1,15.58528,0.878592,16.463872
1508,32,528,-1,-1,-1,-1,-1,-1,0,48.814079,0.872448,49.686527
1509,32,528,-1,-1,-1,-1,-1,-1,0,49.921024,0.874496,50.79552
1510,32,1024,-1,-1,-1,-1,-1,-1,0,71.553024,0.877568,72.430592
1511,32,32,-1,-1,-1,-1,-1,15.702016,1,15.768576,0.888832,16.657408
1512,32,32,-1,-1,-1,-1,-1,15.702016,1,15.768576,0.90112,16.669696
1513,32,32,-1,-1,-1,-1,-1,15.70304,1,15.761408,0.887808,16.649216
1514,32,528,-1,-1,-1,-1,-1,-1,0,48.984062,0.871424,49.855486
1515,32,32,-1,-1,-1,-1,-1,15.561728,1,15.60576,0.88576,16.49152
1516,32,32,-1,-1,-1,-1,-1,15.525888,1,15.592448,0.876544,16.468992
1517,32,32,-1,-1,-1,-1,-1,15.473664,1,15.538176,0.88576,16.423936
1518,32,32,-1,-1,-1,-1,-1,15.484928,1,15.54944,0.898048,16.447488
1519,32,32,-1,-1,-1,-1,-1,15.481856,1,15.545344,0.881664,16.427008
1520,32,32,-1,-1,-1,-1,-1,15.49824,1,15.562752,0.884736,16.447488
1521,32,32,-1,-1,-1,-1,-1,15.484928,1,15.540224,0.88064,16.420864
1522,32,32,-1,-1,-1,-1,-1,15.460352,1,15.51872,0.879616,16.398336
1523,32,32,-1,-1,-1,-1,-1,15.46752,1,15.535104,0.873472,16.408576
1524,32,32,-1,-1,-1,-1,-1,15.464448,1,15.52896,0.878592,16.407552
1525,32,528,-1,-1,-1,-1,-1,-1,0,48.421886,0.878592,49.300478
1526,32,32,-1,-1,-1,-1,-1,15.601664,1,15.668224,0.88064,16.548864
1527,32,528,-1,-1,-1,-1,-1,-1,0,49.119232,0.867328,49.98656
1528,32,528,-1,-1,-1,-1,-1,-1,0,50.07872,0.877568,50.956288
1529,32,32,-1,-1,-1,-1,-1,15.63648,1,15.695872,0.881664,16.577536
1530,32,528,-1,-1,-1,-1,-1,-1,0,49.19091,0.884736,50.075646
1531,32,32,-1,-1,-1,-1,-1,15.571968,1,15.617024,0.88064,16.497664
1532,32,32,-1,-1,-1,-1,-1,15.52896,1,15.588352,0.887808,16.47616
1533,32,32,-1,-1,-1,-1,-1,15.49824,1,15.5648,0.878592,16.443392
1534,32,528,-1,-1,-1,-1,-1,-1,0,48.813057,0.88064,49.693697
1535,32,528,-1,-1,-1,-1,-1,-1,0,49.64045,0.874496,50.514946
1536,32,528,-1,-1,-1,-1,-1,-1,0,50.006016,0.882688,50.888704
1537,32,32,-1,-1,-1,-1,-1,15.633408,1,15.698944,0.873472,16.572416
1538,32,32,-1,-1,-1,-1,-1,15.521792,1,15.588352,0.887808,16.47616
1539,32,32,-1,-1,-1,-1,-1,15.480832,1,15.540224,0.888832,16.429056
1540,32,511,-1,-1,-1,-1,-1,-1,0,39.201794,0.868352,40.070146
1541,32,32,-1,-1,-1,-1,-1,15.638528,1,15.706112,0.877568,16.58368
1542,32,32,-1,-1,-1,-1,-1,15.593472,1,15.652864,0.889856,16.54272
1543,32,528,-1,-1,-1,-1,-1,-1,0,49.058815,0.8704,49.929215
1544,32,32,-1,-1,-1,-1,-1,15.582208,1,15.648768,0.877568,16.526336
1545,32,32,-1,-1,-1,-1,-1,15.55456,1,15.622144,0.869376,16.49152
1546,32,32,-1,-1,-1,-1,-1,15.506432,1,15.572992,0.87552,16.448512
1547,32,32,-1,-1,-1,-1,-1,15.47776,1,15.520768,0.88064,16.401408
1548,32,528,-1,-1,-1,-1,-1,-1,0,48.667648,0.869376,49.537024
1549,32,32,-1,-1,-1,-1,-1,15.566848,1,15.622144,0.87552,16.497664
1550,32,1520,-1,-1,-1,-1,-1,-1,0,99.621887,0.898048,100.519935
1551,32,32,-1,-1,-1,-1,-1,15.828992,1,15.8976,0.886784,16.784384
1552,32,1023,-1,-1,-1,-1,-1,-1,0,71.344131,0.88576,72.229891
1553,32,32,-1,-1,-1,-1,-1,15.64672,1,15.706112,0.892928,16.59904
1554,32,32,-1,-1,-1,-1,-1,15.583232,1,15.643648,0.877568,16.521216
1555,32,32,-1,-1,-1,-1,-1,15.50848,1,15.576064,0.884736,16.4608
1556,32,32,-1,-1,-1,-1,-1,15.480832,1,15.547392,0.894976,16.442368
1557,32,32,-1,-1,-1,-1,-1,15.438848,1,15.507456,0.882688,16.390144
1558,32,32,-1,-1,-1,-1,-1,15.434752,1,15.501312,0.883712,16.385024
1559,32,32,-1,-1,-1,-1,-1,15.45728,1,15.525888,0.88576,16.411648
1560,32,32,-1,-1,-1,-1,-1,15.442944,1,15.50336,0.89088,16.39424
1561,32,32,-1,-1,-1,-1,-1,15.47264,1,15.5392,0.883712,16.422912
1562,32,528,-1,-1,-1,-1,-1,-1,0,48.506882,0.879616,49.386498
1563,32,1023,-1,-1,-1,-1,-1,-1,0,71.692291,0.884736,72.577027
1564,32,32,-1,-1,-1,-1,-1,15.691776,1,15.753216,0.892928,16.646144
1565,32,32,-1,-1,-1,-1,-1,15.606784,1,15.653888,0.887808,16.541696
1566,32,1023,-1,-1,-1,-1,-1,-1,0,70.694916,0.896,71.590916
1567,32,32,-1,-1,-1,-1,-1,15.676416,1,15.747072,0.896,16.643072
1568,32,528,-1,-1,-1,-1,-1,-1,0,49.731583,0.881664,50.613247
1569,32,32,-1,-1,-1,-1,-1,15.545344,1,15.604736,0.889856,16.494592
1570,32,32,-1,-1,-1,-1,-1,15.459328,1,15.519744,0.887808,16.407552
1571,32,32,-1,-1,-1,-1,-1,15.404032,1,15.449088,0.87552,16.324608
1572,32,32,-1,-1,-1,-1,-1,15.398912,1,15.45728,0.888832,16.346112
1573,32,32,-1,-1,-1,-1,-1,15.4112,1,15.47776,0.884736,16.362496
1574,32,32,-1,-1,-1,-1,-1,15.410176,1,15.476736,0.89088,16.367616
1575,32,32,-1,-1,-1,-1,-1,15.427584,1,15.494144,0.886784,16.380928
1576,32,32,-1,-1,-1,-1,-1,15.379456,1,15.44704,0.88576,16.3328
1577,32,32,-1,-1,-1,-1,-1,15.379456,1,15.446016,0.891904,16.33792
1578,32,32,-1,-1,-1,-1,-1,15.379456,1,15.446016,0.884736,16.330752
1579,32,528,-1,-1,-1,-1,-1,-1,0,48.564224,0.874496,49.43872
1580,32,32,-1,-1,-1,-1,-1,15.568896,1,15.634432,0.886784,16.521216
1581,32,32,-1,-1,-1,-1,-1,15.515648,1,15.561728,0.878592,16.44032
1582,32,32,-1,-1,-1,-1,-1,15.45728,1,15.525888,0.876544,16.402432
1583,32,32,-1,-1,-1,-1,-1,15.424512,1,15.49312,0.874496,16.367616
1584,32,32,-1,-1,-1,-1,-1,15.415296,1,15.483904,0.886784,16.370688
1585,32,32,-1,-1,-1,-1,-1,15.420416,1,15.484928,0.872448,16.357376
1586,32,32,-1,-1,-1,-1,-1,15.434752,1,15.500288,0.887808,16.388096
1587,32,32,-1,-1,-1,-1,-1,15.40608,1,15.450112,0.873472,16.323584
1588,32,32,-1,-1,-1,-1,-1,15.387648,1,15.453184,0.868352,16.321536
1589,32,32,-1,-1,-1,-1,-1,15.39584,1,15.463424,0.88576,16.349184
1590,32,32,-1,-1,-1,-1,-1,15.39584,1,15.4624,0.871424,16.333824
1591,32,32,-1,-1,-1,-1,-1,15.391744,1,15.451136,0.881664,16.3328
1592,32,32,-1,-1,-1,-1,-1,15.393792,1,15.460352,0.886784,16.347136
1593,32,32,-1,-1,-1,-1,-1,15.39072,1,15.458304,0.88064,16.338944
1594,32,32,-1,-1,-1,-1,-1,15.408128,1,15.475712,0.876544,16.352256
1595,32,32,-1,-1,-1,-1,-1,15.405056,1,15.471616,0.87552,16.347136
1596,32,32,-1,-1,-1,-1,-1,15.407104,1,15.475712,0.8704,16.346112
1597,32,32,-1,-1,-1,-1,-1,15.410176,1,15.456256,0.884736,16.340992
1598,32,32,-1,-1,-1,-1,-1,15.425536,1,15.492096,0.887808,16.379904
1599,32,32,-1,-1,-1,-1,-1,15.408128,1,15.474688,0.87552,16.350208
1600,32,32,-1,-1,-1,-1,-1,15.417344,1,15.483904,0.868352,16.352256
1601,32,32,-1,-1,-1,-1,-1,15.42144,1,15.489024,0.889856,16.37888
1602,32,32,-1,-1,-1,-1,-1,15.424512,1,15.491072,0.88064,16.371712
1603,32,32,-1,-1,-1,-1,-1,15.425536,1,15.470592,0.879616,16.350208
1604,32,32,-1,-1,-1,-1,-1,15.42144,1,15.489024,0.88576,16.374784
1605,32,32,-1,-1,-1,-1,-1,15.44192,1,15.50848,0.874496,16.382976
1606,32,32,-1,-1,-1,-1,-1,15.427584,1,15.49312,0.88576,16.37888
1607,32,32,-1,-1,-1,-1,-1,15.434752,1,15.492096,0.886784,16.37888
1608,32,32,-1,-1,-1,-1,-1,15.443968,1,15.50336,0.88064,16.384
1609,32,32,-1,-1,-1,-1,-1,15.455232,1,15.521792,0.883712,16.405504
1610,32,32,-1,-1,-1,-1,-1,15.458304,1,15.52384,0.88064,16.40448
1611,32,32,-1,-1,-1,-1,-1,15.463424,1,15.531008,0.871424,16.402432
1612,32,528,-1,-1,-1,-1,-1,-1,0,48.623615,0.873472,49.497087
1613,32,32,-1,-1,-1,-1,-1,15.586304,1,15.628288,0.888832,16.51712
1614,32,32,-1,-1,-1,-1,-1,15.54432,1,15.608832,0.883712,16.492544
1615,32,32,-1,-1,-1,-1,-1,15.489024,1,15.553536,0.886784,16.44032
1616,32,32,-1,-1,-1,-1,-1,15.488,1,15.553536,0.879616,16.433152
1617,32,32,-1,-1,-1,-1,-1,15.491072,1,15.556608,0.88576,16.442368
1618,32,32,-1,-1,-1,-1,-1,15.504384,1,15.56992,0.888832,16.458752
1619,32,32,-1,-1,-1,-1,-1,15.509504,1,15.552512,0.884736,16.437248
1620,32,32,-1,-1,-1,-1,-1,15.47776,1,15.543296,0.879616,16.422912
1621,32,32,-1,-1,-1,-1,-1,15.461376,1,15.537152,0.886784,16.423936
1622,32,32,-1,-1,-1,-1,-1,15.47264,1,15.537152,0.882688,16.41984
1623,32,1024,-1,-1,-1,-1,-1,-1,0,70.075394,0.896,70.971394
1624,32,32,-1,-1,-1,-1,-1,15.760384,1,15.824896,0.902144,16.72704
1625,32,1024,-1,-1,-1,-1,-1,-1,0,71.3769,0.898048,72.274948
1626,32,528,-1,-1,-1,-1,-1,-1,0,50.664448,0.882688,51.547136
1627,32,1024,-1,-1,-1,-1,-1,-1,0,71.752701,0.878592,72.631293
1628,32,32,-1,-1,-1,-1,-1,15.717376,1,15.78496,0.887808,16.672768
1629,32,32,-1,-1,-1,-1,-1,15.66208,1,15.707136,0.886784,16.59392
1630,32,32,-1,-1,-1,-1,-1,15.567872,1,15.635456,0.893952,16.529408
1631,32,32,-1,-1,-1,-1,-1,15.536128,1,15.602688,0.87552,16.478208
1632,32,32,-1,-1,-1,-1,-1,15.507456,1,15.565824,0.881664,16.447488
1633,32,32,-1,-1,-1,-1,-1,15.473664,1,15.538176,0.88064,16.418816
1634,32,528,-1,-1,-1,-1,-1,-1,0,48.838657,0.891904,49.730561
1635,32,32,-1,-1,-1,-1,-1,15.639552,1,15.68256,0.892928,16.575488
1636,32,32,-1,-1,-1,-1,-1,15.55968,1,15.603712,0.892928,16.49664
1637,32,32,-1,-1,-1,-1,-1,15.52384,1,15.589376,0.884736,16.474112
1638,32,32,-1,-1,-1,-1,-1,15.481856,1,15.524864,0.879616,16.40448
1639,32,32,-1,-1,-1,-1,-1,15.468544,1,15.536128,0.882688,16.418816
1640,32,32,-1,-1,-1,-1,-1,15.478784,1,15.543296,0.886784,16.43008
1641,32,32,-1,-1,-1,-1,-1,15.475712,1,15.542272,0.877568,16.41984
1642,32,32,-1,-1,-1,-1,-1,15.471616,1,15.52896,0.882688,16.411648
1643,32,32,-1,-1,-1,-1,-1,15.458304,1,15.522816,0.879616,16.402432
1644,32,32,-1,-1,-1,-1,-1,15.46752,1,15.533056,0.89088,16.423936
1645,32,511,-1,-1,-1,-1,-1,-1,0,38.746113,0.874496,39.620609
1646,32,32,-1,-1,-1,-1,-1,15.670272,1,15.737856,0.889856,16.627712
1647,32,32,-1,-1,-1,-1,-1,15.577088,1,15.644672,0.878592,16.523264
1648,32,32,-1,-1,-1,-1,-1,15.521792,1,15.587328,0.882688,16.470016
1649,32,32,-1,-1,-1,-1,-1,15.512576,1,15.56992,0.879616,16.449536
1650,32,32,-1,-1,-1,-1,-1,15.507456,1,15.571968,0.881664,16.453632
1651,32,32,-1,-1,-1,-1,-1,15.519744,1,15.561728,0.887808,16.449536
1652,32,32,-1,-1,-1,-1,-1,15.496192,1,15.540224,0.884736,16.42496
1653,32,32,-1,-1,-1,-1,-1,15.489024,1,15.552512,0.883712,16.436224
1654,32,1519,-1,-1,-1,-1,-1,-1,0,98.701309,0.891904,99.593213
1655,32,528,-1,-1,-1,-1,-1,-1,0,51.449856,0.88064,52.330496
1656,32,32,-1,-1,-1,-1,-1,15.706112,1,15.770624,0.893952,16.664576
1657,32,32,-1,-1,-1,-1,-1,15.598592,1,15.665152,0.894976,16.560128
1658,32,32,-1,-1,-1,-1,-1,15.58016,1,15.649792,0.886784,16.536576
1659,32,528,-1,-1,-1,-1,-1,-1,0,48.965633,0.879616,49.845249
1660,32,32,-1,-1,-1,-1,-1,15.630336,1,15.685632,0.897024,16.582656
1661,32,32,-1,-1,-1,-1,-1,15.579136,1,15.623168,0.882688,16.505856
1662,32,32,-1,-1,-1,-1,-1,15.542272,1,15.609856,0.884736,16.494592
1663,32,32,-1,-1,-1,-1,-1,15.491072,1,15.548416,0.88576,16.434176
1664,32,32,-1,-1,-1,-1,-1,15.512576,1,15.579136,0.887808,16.466944
1665,32,528,-1,-1,-1,-1,-1,-1,0,48.779263,0.878592,49.657855
1666,32,1520,-1,-1,-1,-1,-1,-1,0,100.169731,0.888832,101.058563
1667,32,32,-1,-1,-1,-1,-1,15.783936,1,15.828992,0.90112,16.730112
1668,32,528,-1,-1,-1,-1,-1,-1,0,50.17395,0.878592,51.052542
1669,32,32,-1,-1,-1,-1,-1,15.566848,1,15.609856,0.886784,16.49664
1670,32,32,-1,-1,-1,-1,-1,15.509504,1,15.576064,0.882688,16.458752
1671,32,32,-1,-1,-1,-1,-1,15.49824,1,15.561728,0.87552,16.437248
1672,32,32,-1,-1,-1,-1,-1,15.458304,1,15.502336,0.881664,16.384
1673,32,1024,-1,-1,-1,-1,-1,-1,0,70.368256,0.902144,71.2704
1674,32,32,-1,-1,-1,-1,-1,15.742976,1,15.801344,0.891904,16.693248
1675,32,32,-1,-1,-1,-1,-1,15.642624,1,15.711232,0.887808,16.59904
1676,32,32,-1,-1,-1,-1,-1,15.533056,1,15.588352,0.873472,16.461824
1677,32,32,-1,-1,-1,-1,-1,15.481856,1,15.524864,0.881664,16.406528
1678,32,528,-1,-1,-1,-1,-1,-1,0,48.785408,0.876544,49.661952
1679,32,32,-1,-1,-1,-1,-1,15.562752,1,15.627264,0.883712,16.510976
1680,32,32,-1,-1,-1,-1,-1,15.49824,1,15.55968,0.88064,16.44032
1681,32,32,-1,-1,-1,-1,-1,15.465472,1,15.52896,0.883712,16.412672
1682,32,32,-1,-1,-1,-1,-1,15.471616,1,15.536128,0.884736,16.420864
1683,32,1023,-1,-1,-1,-1,-1,-1,0,70.328323,0.886784,71.215107
1684,32,32,-1,-1,-1,-1,-1,15.70304,1,15.75936,0.897024,16.656384
1685,32,32,-1,-1,-1,-1,-1,15.578112,1,15.623168,0.891904,16.515072
1686,32,32,-1,-1,-1,-1,-1,15.511552,1,15.577088,0.872448,16.449536
1687,32,32,-1,-1,-1,-1,-1,15.4624,1,15.526912,0.869376,16.396288
1688,32,32,-1,-1,-1,-1,-1,15.449088,1,15.492096,0.883712,16.375808
1689,32,32,-1,-1,-1,-1,-1,15.453184,1,15.51872,0.874496,16.393216
1690,32,32,-1,-1,-1,-1,-1,15.470592,1,15.52896,0.882688,16.411648
1691,32,527,-1,-1,-1,-1,-1,-1,0,48.925697,0.877568,49.803265
1692,32,1024,-1,-1,-1,-1,-1,-1,0,71.600128,0.884736,72.484864
1693,32,528,-1,-1,-1,-1,-1,-1,0,50.733055,0.88064,51.613695
1694,32,32,-1,-1,-1,-1,-1,15.65184,1,15.7184,0.891904,16.610304
1695,32,32,-1,-1,-1,-1,-1,15.54432,1,15.587328,0.892928,16.480256
1696,32,32,-1,-1,-1,-1,-1,15.466496,1,15.532032,0.887808,16.41984
1697,32,32,-1,-1,-1,-1,-1,15.463424,1,15.52896,0.891904,16.420864
1698,32,32,-1,-1,-1,-1,-1,15.437824,1,15.504384,0.897024,16.401408
1699,32,32,-1,-1,-1,-1,-1,15.460352,1,15.525888,0.889856,16.415744
1700,32,32,-1,-1,-1,-1,-1,15.4624,1,15.526912,0.886784,16.413696
1701,32,528,-1,-1,-1,-1,-1,-1,0,48.654335,0.873472,49.527807
1702,32,528,-1,-1,-1,-1,-1,-1,0,49.970177,0.882688,50.852865
1703,32,32,-1,-1,-1,-1,-1,15.572992,1,15.6416,0.897024,16.538624
1704,32,32,-1,-1,-1,-1,-1,15.511552,1,15.557632,0.89088,16.448512
1705,32,32,-1,-1,-1,-1,-1,15.45216,1,15.519744,0.873472,16.393216
1706,32,32,-1,-1,-1,-1,-1,15.417344,1,15.480832,0.884736,16.365568
1707,32,32,-1,-1,-1,-1,-1,15.449088,1,15.516672,0.868352,16.385024
1708,32,32,-1,-1,-1,-1,-1,15.451136,1,15.517696,0.889856,16.407552
1709,32,32,-1,-1,-1,-1,-1,15.455232,1,15.520768,0.887808,16.408576
1710,32,32,-1,-1,-1,-1,-1,15.433728,1,15.500288,0.89088,16.391168
1711,32,32,-1,-1,-1,-1,-1,15.413248,1,15.456256,0.876544,16.3328
1712,32,32,-1,-1,-1,-1,-1,15.414272,1,15.45728,0.873472,16.330752
1713,32,32,-1,-1,-1,-1,-1,15.415296,1,15.479808,0.873472,16.35328
1714,32,527,-1,-1,-1,-1,-1,-1,0,48.470016,0.877568,49.347584
1715,32,32,-1,-1,-1,-1,-1,15.535104,1,15.602688,0.884736,16.487424
1716,32,32,-1,-1,-1,-1,-1,15.476736,1,15.541248,0.884736,16.425984
1717,32,32,-1,-1,-1,-1,-1,15.450112,1,15.512576,0.88576,16.398336
1718,32,32,-1,-1,-1,-1,-1,15.44704,1,15.511552,0.878592,16.390144
1719,32,32,-1,-1,-1,-1,-1,15.44704,1,15.506432,0.889856,16.396288
1720,32,32,-1,-1,-1,-1,-1,15.438848,1,15.481856,0.88064,16.362496
1721,32,32,-1,-1,-1,-1,-1,15.453184,1,15.519744,0.879616,16.39936
1722,32,32,-1,-1,-1,-1,-1,15.396864,1,15.454208,0.888832,16.34304
1723,32,32,-1,-1,-1,-1,-1,15.427584,1,15.495168,0.878592,16.37376
1724,32,32,-1,-1,-1,-1,-1,15.405056,1,15.469568,0.8704,16.339968
1725,32,32,-1,-1,-1,-1,-1,15.41632,1,15.47264,0.879616,16.352256
1726,32,32,-1,-1,-1,-1,-1,15.415296,1,15.479808,0.882688,16.362496
1727,32,32,-1,-1,-1,-1,-1,15.42144,1,15.464448,0.887808,16.352256
1728,32,32,-1,-1,-1,-1,-1,15.399936,1,15.442944,0.874496,16.31744
1729,32,32,-1,-1,-1,-1,-1,15.425536,1,15.489024,0.883712,16.372736
1730,32,32,-1,-1,-1,-1,-1,15.425536,1,15.491072,0.883712,16.374784
1731,32,32,-1,-1,-1,-1,-1,15.429632,1,15.496192,0.889856,16.386048
1732,32,32,-1,-1,-1,-1,-1,15.424512,1,15.481856,0.879616,16.361472
1733,32,32,-1,-1,-1,-1,-1,15.43168,1,15.495168,0.8704,16.365568
1734,32,32,-1,-1,-1,-1,-1,15.423488,1,15.490048,0.88576,16.375808
1735,32,32,-1,-1,-1,-1,-1,15.433728,1,15.500288,0.886784,16.387072
1736,32,32,-1,-1,-1,-1,-1,15.423488,1,15.465472,0.874496,16.339968
1737,32,32,-1,-1,-1,-1,-1,15.440896,1,15.50848,0.888832,16.397312
1738,32,32,-1,-1,-1,-1,-1,15.439872,1,15.504384,0.872448,16.376832
1739,32,32,-1,-1,-1,-1,-1,15.443968,1,15.510528,0.874496,16.385024
1740,32,32,-1,-1,-1,-1,-1,15.468544,1,15.535104,0.877568,16.412672
1741,32,32,-1,-1,-1,-1,-1,15.4624,1,15.527936,0.876544,16.40448
1742,32,32,-1,-1,-1,-1,-1,15.470592,1,15.529984,0.878592,16.408576
1743,32,528,-1,-1,-1,-1,-1,-1,0,48.478207,0.869376,49.347583
1744,32,528,-1,-1,-1,-1,-1,-1,0,49.805313,0.88064,50.685953
1745,32,1024,-1,-1,-1,-1,-1,-1,0,71.941116,0.89088,72.831996
1746,32,32,-1,-1,-1,-1,-1,15.76448,1,15.832064,0.900096,16.73216
1747,32,528,-1,-1,-1,-1,-1,-1,0,49.78381,0.867328,50.651138
1748,32,32,-1,-1,-1,-1,-1,15.633408,1,15.699968,0.883712,16.58368
1749,32,528,-1,-1,-1,-1,-1,-1,0,49.325054,0.874496,50.19955
1750,32,32,-1,-1,-1,-1,-1,15.616,1,15.68256,0.877568,16.560128
1751,32,32,-1,-1,-1,-1,-1,15.51872,1,15.586304,0.883712,16.470016
1752,32,32,-1,-1,-1,-1,-1,15.483904,1,15.526912,0.873472,16.400384
1753,32,32,-1,-1,-1,-1,-1,15.475712,1,15.541248,0.876544,16.417792
1754,32,32,-1,-1,-1,-1,-1,15.473664,1,15.515648,0.8704,16.386048
1755,32,32,-1,-1,-1,-1,-1,15.501312,1,15.565824,0.874496,16.44032
1756,32,528,-1,-1,-1,-1,-1,-1,0,48.677887,0.869376,49.547263
1757,32,528,-1,-1,-1,-1,-1,-1,0,49.684479,0.877568,50.562047
1758,32,32,-1,-1,-1,-1,-1,15.627264,1,15.691776,0.888832,16.580608
1759,32,32,-1,-1,-1,-1,-1,15.49824,1,15.55456,0.888832,16.443392
1760,32,32,-1,-1,-1,-1,-1,15.474688,1,15.538176,0.889856,16.428032
1761,32,32,-1,-1,-1,-1,-1,15.45216,1,15.51872,0.888832,16.407552
1762,32,32,-1,-1,-1,-1,-1,15.474688,1,15.540224,0.874496,16.41472
1763,32,32,-1,-1,-1,-1,-1,15.481856,1,15.546368,0.87552,16.421888
1764,32,32,-1,-1,-1,-1,-1,15.492096,1,15.55968,0.893952,16.453632
1765,32,32,-1,-1,-1,-1,-1,15.449088,1,15.516672,0.877568,16.39424
1766,32,32,-1,-1,-1,-1,-1,15.455232,1,15.520768,0.87552,16.396288
1767,32,32,-1,-1,-1,-1,-1,15.449088,1,15.514624,0.88576,16.400384
1768,32,32,-1,-1,-1,-1,-1,15.45728,1,15.50336,0.881664,16.385024
1769,32,32,-1,-1,-1,-1,-1,15.456256,1,15.516672,0.882688,16.39936
1770,32,32,-1,-1,-1,-1,-1,15.45728,1,15.501312,0.8704,16.371712
1771,32,32,-1,-1,-1,-1,-1,15.453184,1,15.520768,0.883712,16.40448
1772,32,528,-1,-1,-1,-1,-1,-1,0,48.580608,0.876544,49.457152
1773,32,32,-1,-1,-1,-1,-1,15.654912,1,15.714304,0.891904,16.606208
1774,32,32,-1,-1,-1,-1,-1,15.565824,1,15.63648,0.87552,16.512
1775,32,32,-1,-1,-1,-1,-1,15.527936,1,15.593472,0.893952,16.487424
1776,32,528,-1,-1,-1,-1,-1,-1,0,48.901119,0.878592,49.779711
1777,32,32,-1,-1,-1,-1,-1,15.654912,1,15.71328,0.892928,16.606208
1778,32,32,-1,-1,-1,-1,-1,15.568896,1,15.638528,0.892928,16.531456
1779,32,32,-1,-1,-1,-1,-1,15.520768,1,15.587328,0.872448,16.459776
1780,32,32,-1,-1,-1,-1,-1,15.500288,1,15.558656,0.873472,16.432128
1781,32,528,-1,-1,-1,-1,-1,-1,0,48.917503,0.876544,49.794047
1782,32,32,-1,-1,-1,-1,-1,15.602688,1,15.669248,0.887808,16.557056
1783,32,528,-1,-1,-1,-1,-1,-1,0,49.449986,0.874496,50.324481
1784,32,32,-1,-1,-1,-1,-1,15.60576,1,15.647744,0.89088,16.538624
1785,32,528,-1,-1,-1,-1,-1,-1,0,49.206272,0.876544,50.082816
1786,32,32,-1,-1,-1,-1,-1,15.594496,1,15.63648,0.889856,16.526336
1787,32,32,-1,-1,-1,-1,-1,15.557632,1,15.612928,0.882688,16.495616
1788,32,32,-1,-1,-1,-1,-1,15.500288,1,15.565824,0.882688,16.448512
1789,32,528,-1,-1,-1,-1,-1,-1,0,48.858112,0.878592,49.736704
1790,32,528,-1,-1,-1,-1,-1,-1,0,49.871872,0.887808,50.75968
1791,32,528,-1,-1,-1,-1,-1,-1,0,49.995777,0.881664,50.877441
1792,32,1023,-1,-1,-1,-1,-1,-1,0,71.898109,0.889856,72.787965
1793,32,528,-1,-1,-1,-1,-1,-1,0,51.166206,0.882688,52.048894
1794,32,32,-1,-1,-1,-1,-1,15.665152,1,15.729664,0.893952,16.623616
1795,32,32,-1,-1,-1,-1,-1,15.574016,1,15.638528,0.892928,16.531456
1796,32,32,-1,-1,-1,-1,-1,15.512576,1,15.56992,0.882688,16.452608
1797,32,32,-1,-1,-1,-1,-1,15.499264,1,15.5648,0.879616,16.444416
1798,32,32,-1,-1,-1,-1,-1,15.474688,1,15.538176,0.88576,16.423936
1799,32,32,-1,-1,-1,-1,-1,15.485952,1,15.551488,0.88576,16.437248
1800,32,527,-1,-1,-1,-1,-1,-1,0,48.815105,0.873472,49.688577
1801,32,528,-1,-1,-1,-1,-1,-1,0,49.937408,0.881664,50.819072
1802,32,32,-1,-1,-1,-1,-1,15.616,1,15.660032,0.886784,16.546816
1803,32,528,-1,-1,-1,-1,-1,-1,0,49.212418,0.879616,50.092034
1804,32,528,-1,-1,-1,-1,-1,-1,0,49.714176,0.879616,50.593792
1805,32,528,-1,-1,-1,-1,-1,-1,0,50.055168,0.88064,50.935808
1806,32,32,-1,-1,-1,-1,-1,15.574016,1,15.630336,0.884736,16.515072
1807,32,32,-1,-1,-1,-1,-1,15.529984,1,15.588352,0.88576,16.474112
1808,32,32,-1,-1,-1,-1,-1,15.470592,1,15.538176,0.87552,16.413696
1809,32,32,-1,-1,-1,-1,-1,15.424512,1,15.484928,0.884736,16.369664
1810,32,32,-1,-1,-1,-1,-1,15.425536,1,15.468544,0.871424,16.339968
1811,32,528,-1,-1,-1,-1,-1,-1,0,48.720898,0.876544,49.597442
1812,32,528,-1,-1,-1,-1,-1,-1,0,49.956863,0.878592,50.835455
1813,32,32,-1,-1,-1,-1,-1,15.567872,1,15.635456,0.891904,16.52736
1814,32,32,-1,-1,-1,-1,-1,15.514624,1,15.58016,0.89088,16.47104
1815,32,32,-1,-1,-1,-1,-1,15.483904,1,15.551488,0.882688,16.434176
1816,32,32,-1,-1,-1,-1,-1,15.434752,1,15.478784,0.872448,16.351232
1817,32,528,-1,-1,-1,-1,-1,-1,0,48.716801,0.878592,49.595393
1818,32,32,-1,-1,-1,-1,-1,15.520768,1,15.565824,0.878592,16.444416
1819,32,528,-1,-1,-1,-1,-1,-1,0,49.23904,0.877568,50.116608
1820,32,1024,-1,-1,-1,-1,-1,-1,0,71.981056,0.894976,72.876032
1821,32,32,-1,-1,-1,-1,-1,15.753216,1,15.817728,0.89088,16.708608
1822,32,32,-1,-1,-1,-1,-1,15.576064,1,15.6416,0.891904,16.533504
1823,32,32,-1,-1,-1,-1,-1,15.506432,1,15.572992,0.887808,16.4608
1824,32,32,-1,-1,-1,-1,-1,15.454208,1,15.519744,0.872448,16.392192
1825,32,32,-1,-1,-1,-1,-1,15.430656,1,15.488,0.871424,16.359424
1826,32,32,-1,-1,-1,-1,-1,15.449088,1,15.491072,0.879616,16.370688
1827,32,32,-1,-1,-1,-1,-1,15.451136,1,15.515648,0.871424,16.387072
1828,32,32,-1,-1,-1,-1,-1,15.442944,1,15.507456,0.8704,16.377856
1829,32,32,-1,-1,-1,-1,-1,15.420416,1,15.474688,0.882688,16.357376
1830,32,32,-1,-1,-1,-1,-1,15.401984,1,15.444992,0.887808,16.3328
1831,32,32,-1,-1,-1,-1,-1,15.407104,1,15.47264,0.882688,16.355328
1832,32,32,-1,-1,-1,-1,-1,15.403008,1,15.446016,0.874496,16.320512
1833,32,528,-1,-1,-1,-1,-1,-1,0,48.419842,0.868352,49.288194
1834,32,32,-1,-1,-1,-1,-1,15.525888,1,15.56992,0.876544,16.446464
1835,32,32,-1,-1,-1,-1,-1,15.475712,1,15.541248,0.87552,16.416768
1836,32,32,-1,-1,-1,-1,-1,15.427584,1,15.494144,0.874496,16.36864
1837,32,32,-1,-1,-1,-1,-1,15.43168,1,15.486976,0.889856,16.376832
1838,32,32,-1,-1,-1,-1,-1,15.444992,1,15.509504,0.88064,16.390144
1839,32,32,-1,-1,-1,-1,-1,15.432704,1,15.500288,0.871424,16.371712
1840,32,528,-1,-1,-1,-1,-1,-1,0,48.692223,0.881664,49.573887
1841,32,32,-1,-1,-1,-1,-1,15.520768,1,15.58528,0.883712,16.468992
1842,32,32,-1,-1,-1,-1,-1,15.459328,1,15.501312,0.882688,16.384
1843,32,32,-1,-1,-1,-1,-1,15.439872,1,15.50336,0.893952,16.397312
1844,32,32,-1,-1,-1,-1,-1,15.446016,1,15.50848,0.90624,16.41472
1845,32,32,-1,-1,-1,-1,-1,15.454208,1,15.517696,0.872448,16.390144
1846,32,32,-1,-1,-1,-1,-1,15.45728,1,15.500288,0.877568,16.377856
1847,32,32,-1,-1,-1,-1,-1,15.434752,1,15.500288,0.873472,16.37376
1848,32,32,-1,-1,-1,-1,-1,15.407104,1,15.448064,0.8704,16.318464
1849,32,32,-1,-1,-1,-1,-1,15.398912,1,15.4624,0.867328,16.329728
1850,32,32,-1,-1,-1,-1,-1,15.41632,1,15.45728,0.869376,16.326656
1851,32,32,-1,-1,-1,-1,-1,15.40096,1,15.464448,0.866304,16.330752
1852,32,32,-1,-1,-1,-1,-1,15.407104,1,15.47264,0.871424,16.344064
1853,32,32,-1,-1,-1,-1,-1,15.42656,1,15.491072,0.87552,16.366592
1854,32,32,-1,-1,-1,-1,-1,15.432704,1,15.489024,0.867328,16.356352
1855,32,32,-1,-1,-1,-1,-1,15.435776,1,15.499264,0.882688,16.381952
1856,32,32,-1,-1,-1,-1,-1,15.427584,1,15.49312,0.884736,16.377856
1857,32,32,-1,-1,-1,-1,-1,15.423488,1,15.491072,0.883712,16.374784
1858,32,32,-1,-1,-1,-1,-1,15.43168,1,15.473664,0.887808,16.361472
1859,32,32,-1,-1,-1,-1,-1,15.427584,1,15.492096,0.867328,16.359424
1860,32,527,-1,-1,-1,-1,-1,-1,0,48.600063,0.878592,49.478655
1861,32,32,-1,-1,-1,-1,-1,15.560704,1,15.624192,0.887808,16.512
1862,32,32,-1,-1,-1,-1,-1,15.524864,1,15.565824,0.872448,16.438272
1863,32,32,-1,-1,-1,-1,-1,15.473664,1,15.5392,0.876544,16.415744
1864,32,32,-1,-1,-1,-1,-1,15.465472,1,15.506432,0.889856,16.396288
1865,32,32,-1,-1,-1,-1,-1,15.488,1,15.55456,0.868352,16.422912
1866,32,527,-1,-1,-1,-1,-1,-1,0,48.717823,0.86528,49.583103
1867,32,32,-1,-1,-1,-1,-1,15.607808,1,15.673344,0.87552,16.548864
1868,32,32,-1,-1,-1,-1,-1,15.542272,1,15.609856,0.869376,16.479232
1869,32,32,-1,-1,-1,-1,-1,15.510528,1,15.576064,0.877568,16.453632
1870,32,32,-1,-1,-1,-1,-1,15.480832,1,15.546368,0.888832,16.4352
1871,32,32,-1,-1,-1,-1,-1,15.478784,1,15.54432,0.876544,16.420864
1872,32,32,-1,-1,-1,-1,-1,15.495168,1,15.553536,0.893952,16.447488
1873,32,32,-1,-1,-1,-1,-1,15.520768,1,15.587328,0.869376,16.456704
1874,32,32,-1,-1,-1,-1,-1,15.479808,1,15.522816,0.886784,16.4096
1875,32,32,-1,-1,-1,-1,-1,15.461376,1,15.526912,0.869376,16.396288
1876,32,528,-1,-1,-1,-1,-1,-1,0,48.698368,0.874496,49.572864
1877,32,32,-1,-1,-1,-1,-1,15.690752,1,15.756288,0.879616,16.635904
1878,32,528,-1,-1,-1,-1,-1,-1,0,49.430527,0.876544,50.307071
1879,32,32,-1,-1,-1,-1,-1,15.608832,1,15.676416,0.887808,16.564224
1880,32,32,-1,-1,-1,-1,-1,15.557632,1,15.602688,0.87552,16.478208
1881,32,32,-1,-1,-1,-1,-1,15.512576,1,15.581184,0.888832,16.470016
1882,32,528,-1,-1,-1,-1,-1,-1,0,48.860161,0.878592,49.738753
1883,32,1024,-1,-1,-1,-1,-1,-1,0,71.816193,0.874496,72.690689
1884,32,32,-1,-1,-1,-1,-1,15.705088,1,15.763456,0.89088,16.654336
1885,32,32,-1,-1,-1,-1,-1,15.638528,1,15.706112,0.87552,16.581632
1886,32,32,-1,-1,-1,-1,-1,15.599616,1,15.664128,0.874496,16.538624
1887,32,32,-1,-1,-1,-1,-1,15.535104,1,15.591424,0.878592,16.470016
1888,32,32,-1,-1,-1,-1,-1,15.491072,1,15.557632,0.883712,16.441344
1889,32,32,-1,-1,-1,-1,-1,15.492096,1,15.558656,0.877568,16.436224
1890,32,32,-1,-1,-1,-1,-1,15.491072,1,15.536128,0.876544,16.412672
1891,32,32,-1,-1,-1,-1,-1,15.491072,1,15.557632,0.877568,16.4352
1892,32,32,-1,-1,-1,-1,-1,15.50848,1,15.576064,0.878592,16.454656
1893,32,528,-1,-1,-1,-1,-1,-1,0,48.627712,0.872448,49.50016
1894,32,32,-1,-1,-1,-1,-1,15.617024,1,15.675392,0.877568,16.55296
1895,32,32,-1,-1,-1,-1,-1,15.519744,1,15.584256,0.883712,16.467968
1896,32,32,-1,-1,-1,-1,-1,15.476736,1,15.521792,0.88064,16.402432
1897,32,32,-1,-1,-1,-1,-1,15.466496,1,15.533056,0.873472,16.406528
1898,32,32,-1,-1,-1,-1,-1,15.490048,1,15.556608,0.876544,16.433152
1899,32,32,-1,-1,-1,-1,-1,15.486976,1,15.553536,0.873472,16.427008
1900,32,528,-1,-1,-1,-1,-1,-1,0,48.732159,0.869376,49.601535
1901,32,32,-1,-1,-1,-1,-1,15.654912,1,15.721472,0.889856,16.611328
1902,32,32,-1,-1,-1,-1,-1,15.60064,1,15.659008,0.897024,16.556032
1903,32,512,-1,-1,-1,-1,-1,-1,0,39.361534,0.864256,40.22579
1904,32,32,-1,-1,-1,-1,-1,15.645696,1,15.711232,0.897024,16.608256
1905,32,32,-1,-1,-1,-1,-1,15.582208,1,15.649792,0.873472,16.523264
1906,32,32,-1,-1,-1,-1,-1,15.546368,1,15.5904,0.88064,16.47104
1907,32,32,-1,-1,-1,-1,-1,15.517696,1,15.582208,0.87552,16.457728
1908,32,32,-1,-1,-1,-1,-1,15.504384,1,15.567872,0.873472,16.441344
1909,32,32,-1,-1,-1,-1,-1,15.514624,1,15.577088,0.882688,16.459776
1910,32,32,-1,-1,-1,-1,-1,15.51872,1,15.57504,0.888832,16.463872
1911,32,1024,-1,-1,-1,-1,-1,-1,0,70.308861,0.887808,71.196669
1912,32,528,-1,-1,-1,-1,-1,-1,0,50.833408,0.88576,51.719168
1913,32,32,-1,-1,-1,-1,-1,15.725568,1,15.793152,0.883712,16.676864
1914,32,832,-1,-1,-1,-1,-1,-1,0,66.315262,0.874496,67.189758
1915,32,32,-1,-1,-1,-1,-1,15.675392,1,15.741952,0.883712,16.625664
1916,32,528,-1,-1,-1,-1,-1,-1,0,49.344513,0.866304,50.210817
1917,32,528,-1,-1,-1,-1,-1,-1,0,49.722366,0.874496,50.596862
1918,32,32,-1,-1,-1,-1,-1,15.635456,1,15.691776,0.888832,16.580608
1919,32,1024,-1,-1,-1,-1,-1,-1,0,71.088127,0.874496,71.962623
1920,32,32,-1,-1,-1,-1,-1,15.727616,1,15.794176,0.889856,16.684032
1921,32,32,-1,-1,-1,-1,-1,15.629312,1,15.674368,0.874496,16.548864
1922,32,32,-1,-1,-1,-1,-1,15.548416,1,15.5904,0.878592,16.468992
1923,32,32,-1,-1,-1,-1,-1,15.501312,1,15.557632,0.896,16.453632
1924,32,32,-1,-1,-1,-1,-1,15.468544,1,15.53408,0.879616,16.413696
1925,32,32,-1,-1,-1,-1,-1,15.464448,1,15.529984,0.87552,16.405504
1926,32,32,-1,-1,-1,-1,-1,15.456256,1,15.514624,0.892928,16.407552
1927,32,527,-1,-1,-1,-1,-1,-1,0,48.860161,0.886784,49.746945
1928,32,528,-1,-1,-1,-1,-1,-1,0,49.766399,0.874496,50.640895
1929,32,32,-1,-1,-1,-1,-1,15.62624,1,15.684608,0.873472,16.55808
1930,32,528,-1,-1,-1,-1,-1,-1,0,49.323009,0.877568,50.200577
1931,32,32,-1,-1,-1,-1,-1,15.592448,1,15.65184,0.877568,16.529408
1932,32,32,-1,-1,-1,-1,-1,15.558656,1,15.627264,0.881664,16.508928
1933,32,32,-1,-1,-1,-1,-1,15.520768,1,15.586304,0.877568,16.463872
1934,32,32,-1,-1,-1,-1,-1,15.47264,1,15.527936,0.873472,16.401408
1935,32,32,-1,-1,-1,-1,-1,15.469568,1,15.53408,0.883712,16.417792
1936,32,528,-1,-1,-1,-1,-1,-1,0,48.900097,0.879616,49.779713
1937,32,32,-1,-1,-1,-1,-1,15.629312,1,15.673344,0.900096,16.57344
1938,32,528,-1,-1,-1,-1,-1,-1,0,49.285118,0.87552,50.160638
1939,32,528,-1,-1,-1,-1,-1,-1,0,50.096127,0.877568,50.973695
1940,32,32,-1,-1,-1,-1,-1,15.599616,1,15.657984,0.89088,16.548864
1941,32,32,-1,-1,-1,-1,-1,15.521792,1,15.588352,0.88064,16.468992
1942,32,528,-1,-1,-1,-1,-1,-1,0,48.81715,0.883712,49.700862
1943,32,1024,-1,-1,-1,-1,-1,-1,0,72.091644,0.889856,72.9815
1944,32,32,-1,-1,-1,-1,-1,15.7184,1,15.785984,0.894976,16.68096
1945,32,32,-1,-1,-1,-1,-1,15.634432,1,15.676416,0.889856,16.566272
1946,32,32,-1,-1,-1,-1,-1,15.520768,1,15.587328,0.88576,16.473088
1947,32,528,-1,-1,-1,-1,-1,-1,0,49.202175,0.883712,50.085887
1948,32,32,-1,-1,-1,-1,-1,15.542272,1,15.606784,0.887808,16.494592
1949,32,32,-1,-1,-1,-1,-1,15.49312,1,15.556608,0.873472,16.43008
1950,32,1023,-1,-1,-1,-1,-1,-1,0,70.402046,0.893952,71.295998
1951,32,32,-1,-1,-1,-1,-1,15.721472,1,15.780864,0.888832,16.669696
1952,32,32,-1,-1,-1,-1,-1,15.675392,1,15.735808,0.887808,16.623616
1953,32,32,-1,-1,-1,-1,-1,15.54432,1,15.588352,0.893952,16.482304
1954,32,32,-1,-1,-1,-1,-1,15.450112,1,15.514624,0.887808,16.402432
1955,32,32,-1,-1,-1,-1,-1,15.405056,1,15.470592,0.877568,16.34816
1956,32,528,-1,-1,-1,-1,-1,-1,0,48.813057,0.871424,49.684481
1957,32,32,-1,-1,-1,-1,-1,15.576064,1,15.642624,0.884736,16.52736
1958,32,32,-1,-1,-1,-1,-1,15.468544,1,15.535104,0.886784,16.421888
1959,32,32,-1,-1,-1,-1,-1,15.442944,1,15.510528,0.894976,16.405504
1960,32,32,-1,-1,-1,-1,-1,15.439872,1,15.50336,0.887808,16.391168
1961,32,32,-1,-1,-1,-1,-1,15.43168,1,15.474688,0.88064,16.355328
1962,32,32,-1,-1,-1,-1,-1,15.410176,1,15.46752,0.886784,16.354304
1963,32,32,-1,-1,-1,-1,-1,15.427584,1,15.485952,0.873472,16.359424
1964,32,32,-1,-1,-1,-1,-1,15.397888,1,15.463424,0.877568,16.340992
1965,32,32,-1,-1,-1,-1,-1,15.381504,1,15.446016,0.8704,16.316416
1966,32,32,-1,-1,-1,-1,-1,15.381504,1,15.444992,0.876544,16.321536
1967,32,32,-1,-1,-1,-1,-1,15.40096,1,15.459328,0.872448,16.331776
1968,32,32,-1,-1,-1,-1,-1,15.39072,1,15.454208,0.879616,16.333824
1969,32,32,-1,-1,-1,-1,-1,15.396864,1,15.438848,0.88064,16.319488
1970,32,32,-1,-1,-1,-1,-1,15.3856,1,15.442944,0.882688,16.325632
1971,32,32,-1,-1,-1,-1,-1,15.39584,1,15.4624,0.891904,16.354304
1972,32,32,-1,-1,-1,-1,-1,15.40096,1,15.460352,0.86528,16.325632
1973,32,32,-1,-1,-1,-1,-1,15.399936,1,15.464448,0.883712,16.34816
1974,32,32,-1,-1,-1,-1,-1,15.407104,1,15.473664,0.883712,16.357376
1975,32,32,-1,-1,-1,-1,-1,15.40096,1,15.468544,0.8704,16.338944
1976,32,32,-1,-1,-1,-1,-1,15.414272,1,15.471616,0.894976,16.366592
1977,32,32,-1,-1,-1,-1,-1,15.399936,1,15.442944,0.877568,16.320512
1978,32,32,-1,-1,-1,-1,-1,15.420416,1,15.485952,0.891904,16.377856
1979,32,32,-1,-1,-1,-1,-1,15.418368,1,15.485952,0.878592,16.364544
1980,32,32,-1,-1,-1,-1,-1,15.42656,1,15.492096,0.881664,16.37376
1981,32,32,-1,-1,-1,-1,-1,15.417344,1,15.48288,0.884736,16.367616
1982,32,32,-1,-1,-1,-1,-1,15.440896,1,15.49824,0.876544,16.374784
1983,32,32,-1,-1,-1,-1,-1,15.43168,1,15.497216,0.869376,16.366592
1984,32,32,-1,-1,-1,-1,-1,15.439872,1,15.502336,0.881664,16.384
1985,32,32,-1,-1,-1,-1,-1,15.434752,1,15.475712,0.883712,16.359424
1986,32,32,-1,-1,-1,-1,-1,15.434752,1,15.497216,0.886784,16.384
1987,32,527,-1,-1,-1,-1,-1,-1,0,48.549889,0.868352,49.418241
1988,32,32,-1,-1,-1,-1,-1,15.635456,1,15.6928,0.874496,16.567296
1989,32,32,-1,-1,-1,-1,-1,15.550464,1,15.614976,0.87552,16.490496
1990,32,32,-1,-1,-1,-1,-1,15.507456,1,15.570944,0.874496,16.44544
1991,32,528,-1,-1,-1,-1,-1,-1,0,48.722942,0.863232,49.586174
1992,32,32,-1,-1,-1,-1,-1,15.649792,1,15.714304,0.881664,16.595968
1993,32,32,-1,-1,-1,-1,-1,15.5392,1,15.583232,0.874496,16.457728
1994,32,32,-1,-1,-1,-1,-1,15.50336,1,15.560704,0.874496,16.4352
1995,32,32,-1,-1,-1,-1,-1,15.484928,1,15.542272,0.871424,16.413696
1996,32,32,-1,-1,-1,-1,-1,15.481856,1,15.546368,0.888832,16.4352
1997,32,32,-1,-1,-1,-1,-1,15.489024,1,15.551488,0.872448,16.423936
1998,32,32,-1,-1,-1,-1,-1,15.489024,1,15.55456,0.869376,16.423936
1999,32,32,-1,-1,-1,-1,-1,15.463424,1,15.52896,0.88064,16.4096
2000,32,528,-1,-1,-1,-1,-1,-1,0,48.502785,0.864256,49.367041
2001,32,32,-1,-1,-1,-1,-1,15.630336,1,15.671296,0.891904,16.5632
2002,32,32,-1,-1,-1,-1,-1,15.588352,1,15.652864,0.871424,16.524288
2003,32,528,-1,-1,-1,-1,-1,-1,0,49.082367,0.882688,49.965055
2004,32,32,-1,-1,-1,-1,-1,15.66208,1,15.727616,0.896,16.623616
2005,32,528,-1,-1,-1,-1,-1,-1,0,49.130497,0.871424,50.001921
2006,32,32,-1,-1,-1,-1,-1,15.592448,1,15.65696,0.886784,16.543744
2007,32,528,-1,-1,-1,-1,-1,-1,0,49.236992,0.881664,50.118656
2008,32,32,-1,-1,-1,-1,-1,15.608832,1,15.674368,0.88576,16.560128
2009,32,528,-1,-1,-1,-1,-1,-1,0,49.260544,0.874496,50.13504
2010,32,32,-1,-1,-1,-1,-1,15.58016,1,15.637504,0.88576,16.523264
2011,32,32,-1,-1,-1,-1,-1,15.542272,1,15.607808,0.888832,16.49664
2012,32,32,-1,-1,-1,-1,-1,15.501312,1,15.557632,0.877568,16.4352
2013,32,32,-1,-1,-1,-1,-1,15.471616,1,15.536128,0.884736,16.420864
2014,32,528,-1,-1,-1,-1,-1,-1,0,48.879616,0.876544,49.75616
2015,32,32,-1,-1,-1,-1,-1,15.572992,1,15.632384,0.891904,16.524288
2016,32,32,-1,-1,-1,-1,-1,15.552512,1,15.619072,0.87552,16.494592
2017,32,32,-1,-1,-1,-1,-1,15.512576,1,15.557632,0.88064,16.438272
2018,32,32,-1,-1,-1,-1,-1,15.45216,1,15.516672,0.87552,16.392192
2019,32,32,-1,-1,-1,-1,-1,15.478784,1,15.545344,0.879616,16.42496
2020,32,32,-1,-1,-1,-1,-1,15.469568,1,15.5392,0.88576,16.42496
2021,32,32,-1,-1,-1,-1,-1,15.479808,1,15.546368,0.88064,16.427008
2022,32,32,-1,-1,-1,-1,-1,15.469568,1,15.538176,0.882688,16.420864
2023,32,528,-1,-1,-1,-1,-1,-1,0,48.521217,0.873472,49.394689
2024,32,32,-1,-1,-1,-1,-1,15.578112,1,15.642624,0.884736,16.52736
2025,32,528,-1,-1,-1,-1,-1,-1,0,49.386497,0.883712,50.270209
2026,32,528,-1,-1,-1,-1,-1,-1,0,49.841152,0.874496,50.715648
2027,32,32,-1,-1,-1,-1,-1,15.618048,1,15.683584,0.88576,16.569344
2028,32,32,-1,-1,-1,-1,-1,15.524864,1,15.58528,0.878592,16.463872
2029,32,528,-1,-1,-1,-1,-1,-1,0,48.727039,0.877568,49.604607
2030,32,32,-1,-1,-1,-1,-1,15.555584,1,15.614976,0.879616,16.494592
2031,32,32,-1,-1,-1,-1,-1,15.533056,1,15.592448,0.887808,16.480256
2032,32,32,-1,-1,-1,-1,-1,15.4624,1,15.52896,0.876544,16.405504
2033,32,32,-1,-1,-1,-1,-1,15.496192,1,15.540224,0.886784,16.427008
2034,32,32,-1,-1,-1,-1,-1,15.491072,1,15.555584,0.882688,16.438272
2035,32,32,-1,-1,-1,-1,-1,15.497216,1,15.563776,0.887808,16.451584
2036,32,527,-1,-1,-1,-1,-1,-1,0,48.658432,0.876544,49.534976
2037,32,32,-1,-1,-1,-1,-1,15.648768,1,15.715328,0.872448,16.587776
2038,32,32,-1,-1,-1,-1,-1,15.572992,1,15.640576,0.88576,16.526336
2039,32,32,-1,-1,-1,-1,-1,15.5136,1,15.581184,0.883712,16.464896
2040,32,32,-1,-1,-1,-1,-1,15.510528,1,15.567872,0.874496,16.442368
2041,32,528,-1,-1,-1,-1,-1,-1,0,48.896,0.87552,49.77152
2042,32,32,-1,-1,-1,-1,-1,15.603712,1,15.67232,0.889856,16.562176
2043,32,1024,-1,-1,-1,-1,-1,-1,0,71.112701,0.886784,71.999485
2044,32,528,-1,-1,-1,-1,-1,-1,0,51.108864,0.88064,51.989504
2045,32,528,-1,-1,-1,-1,-1,-1,0,50.112511,0.878592,50.991103
2046,32,32,-1,-1,-1,-1,-1,15.639552,1,15.696896,0.884736,16.581632
2047,32,1024,-1,-1,-1,-1,-1,-1,0,71.126015,0.892928,72.018943
2048,32,32,-1,-1,-1,-1,-1,15.694848,1,15.761408,0.894976,16.656384
2049,32,528,-1,-1,-1,-1,-1,-1,0,49.583103,0.8704,50.453503
2050,32,32,-1,-1,-1,-1,-1,15.579136,1,15.643648,0.878592,16.52224
2051,32,32,-1,-1,-1,-1,-1,15.543296,1,15.611904,0.883712,16.495616
2052,32,32,-1,-1,-1,-1,-1,15.496192,1,15.5648,0.887808,16.452608
2053,32,32,-1,-1,-1,-1,-1,15.4368,1,15.495168,0.874496,16.369664
2054,32,32,-1,-1,-1,-1,-1,15.450112,1,15.516672,0.898048,16.41472
2055,32,32,-1,-1,-1,-1,-1,15.435776,1,15.502336,0.887808,16.390144
2056,32,32,-1,-1,-1,-1,-1,15.459328,1,15.52384,0.883712,16.407552
2057,32,32,-1,-1,-1,-1,-1,15.443968,1,15.511552,0.889856,16.401408
2058,32,32,-1,-1,-1,-1,-1,15.415296,1,15.481856,0.883712,16.365568
2059,32,528,-1,-1,-1,-1,-1,-1,0,48.644096,0.878592,49.522688
2060,32,528,-1,-1,-1,-1,-1,-1,0,49.940479,0.881664,50.822143
2061,32,32,-1,-1,-1,-1,-1,15.606784,1,15.675392,0.89088,16.566272
2062,32,32,-1,-1,-1,-1,-1,15.51872,1,15.579136,0.892928,16.472064
2063,32,528,-1,-1,-1,-1,-1,-1,0,48.948223,0.876544,49.824767
2064,32,32,-1,-1,-1,-1,-1,15.622144,1,15.680512,0.894976,16.575488
2065,32,32,-1,-1,-1,-1,-1,15.484928,1,15.553536,0.888832,16.442368
2066,32,32,-1,-1,-1,-1,-1,15.470592,1,15.5136,0.871424,16.385024
2067,32,32,-1,-1,-1,-1,-1,15.468544,1,15.536128,0.87552,16.411648
2068,32,528,-1,-1,-1,-1,-1,-1,0,48.897022,0.883712,49.780734
2069,32,32,-1,-1,-1,-1,-1,15.622144,1,15.686656,0.89088,16.577536
2070,32,32,-1,-1,-1,-1,-1,15.556608,1,15.599616,0.88576,16.485376
2071,32,528,-1,-1,-1,-1,-1,-1,0,48.860161,0.876544,49.736705
2072,32,528,-1,-1,-1,-1,-1,-1,0,49.947647,0.88064,50.828287
2073,32,528,-1,-1,-1,-1,-1,-1,0,49.95789,0.869376,50.827266
2074,32,32,-1,-1,-1,-1,-1,15.612928,1,15.675392,0.877568,16.55296
2075,32,32,-1,-1,-1,-1,-1,15.547392,1,15.611904,0.879616,16.49152
2076,32,32,-1,-1,-1,-1,-1,15.481856,1,15.548416,0.873472,16.421888
2077,32,32,-1,-1,-1,-1,-1,15.461376,1,15.525888,0.874496,16.400384
2078,32,528,-1,-1,-1,-1,-1,-1,0,48.820225,0.87552,49.695745
2079,32,32,-1,-1,-1,-1,-1,15.581184,1,15.647744,0.892928,16.540672
2080,32,527,-1,-1,-1,-1,-1,-1,0,49.362946,0.881664,50.24461
2081,32,528,-1,-1,-1,-1,-1,-1,0,49.988609,0.869376,50.857985
2082,32,32,-1,-1,-1,-1,-1,15.566848,1,15.61088,0.894976,16.505856
2083,32,32,-1,-1,-1,-1,-1,15.52384,1,15.5904,0.883712,16.474112
2084,32,32,-1,-1,-1,-1,-1,15.478784,1,15.547392,0.881664,16.429056
2085,32,32,-1,-1,-1,-1,-1,15.4368,1,15.504384,0.882688,16.387072
2086,32,32,-1,-1,-1,-1,-1,15.459328,1,15.502336,0.884736,16.387072
2087,32,32,-1,-1,-1,-1,-1,15.440896,1,15.506432,0.88576,16.392192
2088,32,32,-1,-1,-1,-1,-1,15.45216,1,15.509504,0.877568,16.387072
2089,32,32,-1,-1,-1,-1,-1,15.4624,1,15.52896,0.873472,16.402432
2090,32,32,-1,-1,-1,-1,-1,15.4112,1,15.469568,0.87552,16.345088
2091,32,32,-1,-1,-1,-1,-1,15.423488,1,15.491072,0.872448,16.36352
2092,32,32,-1,-1,-1,-1,-1,15.415296,1,15.474688,0.876544,16.351232
2093,32,528,-1,-1,-1,-1,-1,-1,0,48.484352,0.877568,49.36192
2094,32,32,-1,-1,-1,-1,-1,15.589376,1,15.653888,0.877568,16.531456
2095,32,32,-1,-1,-1,-1,-1,15.545344,1,15.611904,0.898048,16.509952
2096,32,32,-1,-1,-1,-1,-1,15.47776,1,15.542272,0.882688,16.42496
2097,32,32,-1,-1,-1,-1,-1,15.45216,1,15.509504,0.886784,16.396288
2098,32,32,-1,-1,-1,-1,-1,15.471616,1,15.514624,0.872448,16.387072
2099,32,32,-1,-1,-1,-1,-1,15.461376,1,15.517696,0.873472,16.391168
2100,32,32,-1,-1,-1,-1,-1,15.47776,1,15.542272,0.89088,16.433152
2101,32,32,-1,-1,-1,-1,-1,15.43168,1,15.490048,0.866304,16.356352
2102,32,32,-1,-1,-1,-1,-1,15.41632,1,15.459328,0.874496,16.333824
2103,32,32,-1,-1,-1,-1,-1,15.4112,1,15.476736,0.866304,16.34304
2104,32,32,-1,-1,-1,-1,-1,15.42656,1,15.489024,0.867328,16.356352
2105,32,32,-1,-1,-1,-1,-1,15.42656,1,15.492096,0.879616,16.371712
2106,32,32,-1,-1,-1,-1,-1,15.440896,1,15.504384,0.883712,16.388096
2107,32,32,-1,-1,-1,-1,-1,15.435776,1,15.500288,0.876544,16.376832
2108,32,32,-1,-1,-1,-1,-1,15.433728,1,15.499264,0.886784,16.386048
2109,32,32,-1,-1,-1,-1,-1,15.42144,1,15.47776,0.874496,16.352256
2110,32,32,-1,-1,-1,-1,-1,15.44704,1,15.511552,0.87552,16.387072
2111,32,32,-1,-1,-1,-1,-1,15.446016,1,15.509504,0.882688,16.392192
2112,32,32,-1,-1,-1,-1,-1,15.446016,1,15.501312,0.88064,16.381952
2113,32,32,-1,-1,-1,-1,-1,15.438848,1,15.50336,0.869376,16.372736
2114,32,32,-1,-1,-1,-1,-1,15.435776,1,15.476736,0.882688,16.359424
2115,32,32,-1,-1,-1,-1,-1,15.446016,1,15.502336,0.87552,16.377856
2116,32,32,-1,-1,-1,-1,-1,15.476736,1,15.541248,0.877568,16.418816
2117,32,32,-1,-1,-1,-1,-1,15.468544,1,15.53408,0.869376,16.403456
2118,32,527,-1,-1,-1,-1,-1,-1,0,48.520191,0.878592,49.398783
2119,32,32,-1,-1,-1,-1,-1,15.669248,1,15.736832,0.889856,16.626688
2120,32,32,-1,-1,-1,-1,-1,15.597568,1,15.663104,0.888832,16.551936
2121,32,32,-1,-1,-1,-1,-1,15.548416,1,15.608832,0.89088,16.499712
2122,32,32,-1,-1,-1,-1,-1,15.512576,1,15.56992,0.876544,16.446464
2123,32,32,-1,-1,-1,-1,-1,15.527936,1,15.59552,0.89088,16.4864
2124,32,32,-1,-1,-1,-1,-1,15.555584,1,15.622144,0.874496,16.49664
2125,32,32,-1,-1,-1,-1,-1,15.535104,1,15.599616,0.88064,16.480256
2126,32,528,-1,-1,-1,-1,-1,-1,0,48.757759,0.883712,49.641471
2127,32,32,-1,-1,-1,-1,-1,15.69792,1,15.763456,0.888832,16.652288
2128,32,32,-1,-1,-1,-1,-1,15.58528,1,15.63136,0.891904,16.523264
2129,32,32,-1,-1,-1,-1,-1,15.550464,1,15.609856,0.881664,16.49152
2130,32,32,-1,-1,-1,-1,-1,15.522816,1,15.566848,0.872448,16.439296
2131,32,32,-1,-1,-1,-1,-1,15.542272,1,15.584256,0.884736,16.468992
2132,32,1008,-1,-1,-1,-1,-1,-1,0,70.078461,0.887808,70.966269
2133,32,527,-1,-1,-1,-1,-1,-1,0,50.783234,0.88576,51.668994
2134,32,32,-1,-1,-1,-1,-1,15.717376,1,15.782912,0.877568,16.66048
2135,32,528,-1,-1,-1,-1,-1,-1,0,49.411072,0.88064,50.291712
2136,32,32,-1,-1,-1,-1,-1,15.617024,1,15.68256,0.891904,16.574464
2137,32,32,-1,-1,-1,-1,-1,15.545344,1,15.61088,0.878592,16.489472
2138,32,32,-1,-1,-1,-1,-1,15.492096,1,15.557632,0.88064,16.438272
2139,32,528,-1,-1,-1,-1,-1,-1,0,48.824322,0.873472,49.697794
2140,32,32,-1,-1,-1,-1,-1,15.675392,1,15.739904,0.886784,16.626688
2141,32,32,-1,-1,-1,-1,-1,15.555584,1,15.622144,0.873472,16.495616
2142,32,32,-1,-1,-1,-1,-1,15.50336,1,15.566848,0.87552,16.442368
2143,32,32,-1,-1,-1,-1,-1,15.511552,1,15.579136,0.876544,16.45568
2144,32,32,-1,-1,-1,-1,-1,15.504384,1,15.545344,0.871424,16.416768
2145,32,528,-1,-1,-1,-1,-1,-1,0,48.814079,0.86528,49.679359
2146,32,32,-1,-1,-1,-1,-1,15.65696,1,15.69792,0.876544,16.574464
2147,32,32,-1,-1,-1,-1,-1,15.598592,1,15.642624,0.879616,16.52224
2148,32,32,-1,-1,-1,-1,-1,15.541248,1,15.607808,0.876544,16.484352
2149,32,1520,-1,-1,-1,-1,-1,-1,0,99.050499,0.883712,99.934211
2150,32,32,-1,-1,-1,-1,-1,15.826944,1,15.89248,0.88064,16.77312
2151,32,32,-1,-1,-1,-1,-1,15.678464,1,15.736832,0.878592,16.615424
2152,32,32,-1,-1,-1,-1,-1,15.596544,1,15.653888,0.879616,16.533504
2153,32,32,-1,-1,-1,-1,-1,15.542272,1,15.606784,0.871424,16.478208
2154,32,32,-1,-1,-1,-1,-1,15.517696,1,15.583232,0.88064,16.463872
2155,32,32,-1,-1,-1,-1,-1,15.500288,1,15.561728,0.887808,16.449536
2156,32,527,-1,-1,-1,-1,-1,-1,0,48.841728,0.867328,49.709056
2157,32,32,-1,-1,-1,-1,-1,15.598592,1,15.666176,0.900096,16.566272
2158,32,32,-1,-1,-1,-1,-1,15.579136,1,15.644672,0.876544,16.521216
2159,32,1024,-1,-1,-1,-1,-1,-1,0,71.053314,0.881664,71.934978
2160,32,32,-1,-1,-1,-1,-1,15.791104,1,15.835136,0.889856,16.724992
2161,32,32,-1,-1,-1,-1,-1,15.690752,1,15.75936,0.88576,16.64512
2162,32,1024,-1,-1,-1,-1,-1,-1,0,70.821892,0.881664,71.703556
2163,32,32,-1,-1,-1,-1,-1,15.696896,1,15.740928,0.898048,16.638976
2164,32,32,-1,-1,-1,-1,-1,15.553536,1,15.613952,0.878592,16.492544
2165,32,32,-1,-1,-1,-1,-1,15.52896,1,15.594496,0.871424,16.46592
2166,32,32,-1,-1,-1,-1,-1,15.497216,1,15.55968,0.8704,16.43008
2167,32,528,-1,-1,-1,-1,-1,-1,0,48.911362,0.866304,49.777666
2168,32,32,-1,-1,-1,-1,-1,15.61088,1,15.676416,0.88064,16.557056
2169,32,32,-1,-1,-1,-1,-1,15.562752,1,15.628288,0.886784,16.515072
2170,32,32,-1,-1,-1,-1,-1,15.49824,1,15.541248,0.88064,16.421888
2171,32,32,-1,-1,-1,-1,-1,15.461376,1,15.527936,0.87552,16.403456
2172,32,32,-1,-1,-1,-1,-1,15.47264,1,15.529984,0.878592,16.408576
2173,32,527,-1,-1,-1,-1,-1,-1,0,48.719872,0.872448,49.59232
2174,32,32,-1,-1,-1,-1,-1,15.567872,1,15.632384,0.87552,16.507904
2175,32,32,-1,-1,-1,-1,-1,15.506432,1,15.572992,0.88576,16.458752
2176,32,32,-1,-1,-1,-1,-1,15.47264,1,15.516672,0.879616,16.396288
2177,32,32,-1,-1,-1,-1,-1,15.49312,1,15.55968,0.872448,16.432128
2178,32,32,-1,-1,-1,-1,-1,15.480832,1,15.546368,0.884736,16.431104
2179,32,528,-1,-1,-1,-1,-1,-1,0,48.774143,0.87552,49.649663
2180,32,32,-1,-1,-1,-1,-1,15.635456,1,15.702016,0.893952,16.595968
2181,32,32,-1,-1,-1,-1,-1,15.58528,1,15.654912,0.873472,16.528384
2182,32,32,-1,-1,-1,-1,-1,15.52384,1,15.592448,0.884736,16.477184
2183,32,528,-1,-1,-1,-1,-1,-1,0,48.967682,0.88064,49.848322
2184,32,32,-1,-1,-1,-1,-1,15.635456,1,15.700992,0.897024,16.598016
2185,32,32,-1,-1,-1,-1,-1,15.592448,1,15.659008,0.88576,16.544768
2186,32,32,-1,-1,-1,-1,-1,15.51872,1,15.563776,0.886784,16.45056
2187,32,32,-1,-1,-1,-1,-1,15.504384,1,15.561728,0.878592,16.44032
2188,32,32,-1,-1,-1,-1,-1,15.507456,1,15.574016,0.874496,16.448512
2189,32,32,-1,-1,-1,-1,-1,15.501312,1,15.568896,0.878592,16.447488
2190,32,32,-1,-1,-1,-1,-1,15.499264,1,15.5648,0.873472,16.438272
2191,32,528,-1,-1,-1,-1,-1,-1,0,48.575489,0.876544,49.452033
2192,32,528,-1,-1,-1,-1,-1,-1,0,50.061314,0.871424,50.932738
2193,32,32,-1,-1,-1,-1,-1,15.628288,1,15.695872,0.886784,16.582656
2194,32,32,-1,-1,-1,-1,-1,15.557632,1,15.624192,0.874496,16.498688
2195,32,528,-1,-1,-1,-1,-1,-1,0,48.869377,0.876544,49.745921
2196,32,1008,-1,-1,-1,-1,-1,-1,0,72.039421,0.898048,72.937469
2197,32,32,-1,-1,-1,-1,-1,15.7696,1,15.837184,0.896,16.733184
2198,32,32,-1,-1,-1,-1,-1,15.637504,1,15.699968,0.881664,16.581632
2199,32,32,-1,-1,-1,-1,-1,15.553536,1,15.623168,0.876544,16.499712
2200,32,528,-1,-1,-1,-1,-1,-1,0,48.955391,0.879616,49.835007
2201,32,32,-1,-1,-1,-1,-1,15.620096,1,15.668224,0.889856,16.55808
2202,32,32,-1,-1,-1,-1,-1,15.551488,1,15.596544,0.883712,16.480256
2203,32,528,-1,-1,-1,-1,-1,-1,0,48.956417,0.88064,49.837057
2204,32,32,-1,-1,-1,-1,-1,15.59552,1,15.660032,0.89088,16.550912
2205,32,32,-1,-1,-1,-1,-1,15.526912,1,15.594496,0.878592,16.473088
2206,32,32,-1,-1,-1,-1,-1,15.48288,1,15.543296,0.876544,16.41984
2207,32,528,-1,-1,-1,-1,-1,-1,0,48.913406,0.883712,49.797118
2208,32,32,-1,-1,-1,-1,-1,15.62112,1,15.68768,0.891904,16.579584
2209,32,32,-1,-1,-1,-1,-1,15.52384,1,15.584256,0.884736,16.468992
2210,32,32,-1,-1,-1,-1,-1,15.49824,1,15.562752,0.881664,16.444416
2211,32,32,-1,-1,-1,-1,-1,15.484928,1,15.545344,0.88064,16.425984
2212,32,32,-1,-1,-1,-1,-1,15.480832,1,15.548416,0.877568,16.425984
2213,32,528,-1,-1,-1,-1,-1,-1,0,48.898048,0.878592,49.77664
2214,32,528,-1,-1,-1,-1,-1,-1,0,49.69677,0.882688,50.579458
2215,32,32,-1,-1,-1,-1,-1,15.624192,1,15.6928,0.891904,16.584704
2216,32,32,-1,-1,-1,-1,-1,15.526912,1,15.593472,0.88576,16.479232
2217,32,528,-1,-1,-1,-1,-1,-1,0,48.836609,0.884736,49.721345
2218,32,528,-1,-1,-1,-1,-1,-1,0,49.92717,0.882688,50.809858
2219,32,32,-1,-1,-1,-1,-1,15.608832,1,15.675392,0.883712,16.559104
2220,32,32,-1,-1,-1,-1,-1,15.553536,1,15.60064,0.878592,16.479232
2221,32,32,-1,-1,-1,-1,-1,15.481856,1,15.54944,0.88576,16.4352
2222,32,32,-1,-1,-1,-1,-1,15.428608,1,15.488,0.886784,16.374784
2223,32,32,-1,-1,-1,-1,-1,15.435776,1,15.504384,0.882688,16.387072
2224,32,32,-1,-1,-1,-1,-1,15.454208,1,15.5136,0.881664,16.395264
2225,32,32,-1,-1,-1,-1,-1,15.45216,1,15.510528,0.874496,16.385024
2226,32,32,-1,-1,-1,-1,-1,15.444992,1,15.505408,0.88064,16.386048
2227,32,32,-1,-1,-1,-1,-1,15.410176,1,15.476736,0.88576,16.362496
2228,32,32,-1,-1,-1,-1,-1,15.40608,1,15.47264,0.884736,16.357376
2229,32,32,-1,-1,-1,-1,-1,15.397888,1,15.465472,0.88064,16.346112
2230,32,32,-1,-1,-1,-1,-1,15.408128,1,15.47264,0.869376,16.342016
2231,32,32,-1,-1,-1,-1,-1,15.413248,1,15.479808,0.8704,16.350208
2232,32,32,-1,-1,-1,-1,-1,15.430656,1,15.496192,0.88576,16.381952
2233,32,32,-1,-1,-1,-1,-1,15.403008,1,15.468544,0.884736,16.35328
2234,32,32,-1,-1,-1,-1,-1,15.418368,1,15.484928,0.886784,16.371712
2235,32,32,-1,-1,-1,-1,-1,15.422464,1,15.490048,0.879616,16.369664
2236,32,32,-1,-1,-1,-1,-1,15.43168,1,15.473664,0.871424,16.345088
2237,32,32,-1,-1,-1,-1,-1,15.422464,1,15.489024,0.8704,16.359424
2238,32,32,-1,-1,-1,-1,-1,15.432704,1,15.499264,0.871424,16.370688
2239,32,32,-1,-1,-1,-1,-1,15.433728,1,15.49312,0.883712,16.376832
2240,32,32,-1,-1,-1,-1,-1,15.427584,1,15.495168,0.883712,16.37888
2241,32,32,-1,-1,-1,-1,-1,15.432704,1,15.492096,0.881664,16.37376
2242,32,32,-1,-1,-1,-1,-1,15.430656,1,15.489024,0.88064,16.369664
2243,32,32,-1,-1,-1,-1,-1,15.439872,1,15.50848,0.878592,16.387072
2244,32,528,-1,-1,-1,-1,-1,-1,0,48.618496,0.883712,49.502208
2245,32,32,-1,-1,-1,-1,-1,15.584256,1,15.652864,0.88576,16.538624
2246,32,32,-1,-1,-1,-1,-1,15.516672,1,15.584256,0.88064,16.464896
2247,32,32,-1,-1,-1,-1,-1,15.485952,1,15.545344,0.88064,16.425984
2248,32,32,-1,-1,-1,-1,-1,15.505408,1,15.571968,0.87552,16.447488
2249,32,32,-1,-1,-1,-1,-1,15.480832,1,15.548416,0.876544,16.42496
2250,32,32,-1,-1,-1,-1,-1,15.490048,1,15.556608,0.884736,16.441344
2251,32,528,-1,-1,-1,-1,-1,-1,0,48.587776,0.879616,49.467392
2252,32,528,-1,-1,-1,-1,-1,-1,0,49.974274,0.893952,50.868226
2253,32,32,-1,-1,-1,-1,-1,15.643648,1,15.711232,0.89088,16.602112
2254,32,32,-1,-1,-1,-1,-1,15.546368,1,15.612928,0.888832,16.50176
2255,32,32,-1,-1,-1,-1,-1,15.509504,1,15.566848,0.87552,16.442368
2256,32,32,-1,-1,-1,-1,-1,15.512576,1,15.576064,0.884736,16.4608
2257,32,528,-1,-1,-1,-1,-1,-1,0,48.931839,0.876544,49.808383
2258,32,32,-1,-1,-1,-1,-1,15.645696,1,15.709184,0.88576,16.594944
2259,32,32,-1,-1,-1,-1,-1,15.576064,1,15.642624,0.888832,16.531456
2260,32,32,-1,-1,-1,-1,-1,15.527936,1,15.594496,0.871424,16.46592
2261,32,32,-1,-1,-1,-1,-1,15.500288,1,15.563776,0.877568,16.441344
2262,32,528,-1,-1,-1,-1,-1,-1,0,48.842751,0.871424,49.714175
2263,32,32,-1,-1,-1,-1,-1,15.655936,1,15.721472,0.878592,16.600064
2264,32,32,-1,-1,-1,-1,-1,15.606784,1,15.67232,0.884736,16.557056
2265,32,528,-1,-1,-1,-1,-1,-1,0,49.077248,0.877568,49.954816
2266,32,32,-1,-1,-1,-1,-1,15.664128,1,15.72864,0.88064,16.60928
2267,32,527,-1,-1,-1,-1,-1,-1,0,49.409023,0.874496,50.283519
2268,32,32,-1,-1,-1,-1,-1,15.64672,1,15.71328,0.892928,16.606208
2269,32,32,-1,-1,-1,-1,-1,15.543296,1,15.607808,0.87552,16.483328
2270,32,32,-1,-1,-1,-1,-1,15.509504,1,15.574016,0.884736,16.458752
2271,32,527,-1,-1,-1,-1,-1,-1,0,48.701439,0.88064,49.582079
2272,32,32,-1,-1,-1,-1,-1,15.62624,1,15.691776,0.878592,16.570368
2273,32,528,-1,-1,-1,-1,-1,-1,0,49.129471,0.879616,50.009087
2274,32,32,-1,-1,-1,-1,-1,15.613952,1,15.680512,0.873472,16.553984
2275,32,528,-1,-1,-1,-1,-1,-1,0,49.238014,0.874496,50.11251
2276,32,32,-1,-1,-1,-1,-1,15.637504,1,15.70304,0.899072,16.602112
2277,32,32,-1,-1,-1,-1,-1,15.619072,1,15.684608,0.89088,16.575488
2278,32,32,-1,-1,-1,-1,-1,15.527936,1,15.594496,0.87552,16.470016
2279,32,527,-1,-1,-1,-1,-1,-1,0,48.830463,0.878592,49.709055
2280,32,528,-1,-1,-1,-1,-1,-1,0,50.036736,0.868352,50.905088
2281,32,512,-1,-1,-1,-1,-1,-1,0,40.54221,0.863232,41.405442
2282,32,527,-1,-1,-1,-1,-1,-1,0,50.66547,0.8704,51.53587
2283,32,32,-1,-1,-1,-1,-1,15.653888,1,15.7184,0.883712,16.602112
2284,32,32,-1,-1,-1,-1,-1,15.578112,1,15.643648,0.893952,16.5376
2285,32,32,-1,-1,-1,-1,-1,15.504384,1,15.548416,0.873472,16.421888
2286,32,32,-1,-1,-1,-1,-1,15.448064,1,15.5136,0.874496,16.388096
2287,32,528,-1,-1,-1,-1,-1,-1,0,48.914433,0.874496,49.788929
2288,32,32,-1,-1,-1,-1,-1,15.624192,1,15.689728,0.886784,16.576512
2289,32,32,-1,-1,-1,-1,-1,15.519744,1,15.587328,0.871424,16.458752
2290,32,32,-1,-1,-1,-1,-1,15.479808,1,15.525888,0.886784,16.412672
2291,32,32,-1,-1,-1,-1,-1,15.464448,1,15.531008,0.868352,16.39936
2292,32,527,-1,-1,-1,-1,-1,-1,0,48.814079,0.869376,49.683455
2293,32,32,-1,-1,-1,-1,-1,15.62624,1,15.691776,0.898048,16.589824
2294,32,528,-1,-1,-1,-1,-1,-1,0,49.248257,0.88064,50.128897
2295,32,32,-1,-1,-1,-1,-1,15.59552,1,15.660032,0.886784,16.546816
2296,32,32,-1,-1,-1,-1,-1,15.501312,1,15.568896,0.886784,16.45568
2297,32,32,-1,-1,-1,-1,-1,15.466496,1,15.52384,0.877568,16.401408
2298,32,32,-1,-1,-1,-1,-1,15.456256,1,15.522816,0.879616,16.402432
2299,32,32,-1,-1,-1,-1,-1,15.474688,1,15.540224,0.868352,16.408576
2300,32,1024,-1,-1,-1,-1,-1,-1,0,70.724609,0.89088,71.615489
2301,32,32,-1,-1,-1,-1,-1,15.770624,1,15.81568,0.889856,16.705536
2302,32,32,-1,-1,-1,-1,-1,15.62112,1,15.665152,0.88576,16.550912
2303,32,32,-1,-1,-1,-1,-1,15.527936,1,15.593472,0.886784,16.480256
2304,32,32,-1,-1,-1,-1,-1,15.481856,1,15.546368,0.878592,16.42496
2305,32,32,-1,-1,-1,-1,-1,15.468544,1,15.53408,0.88064,16.41472
2306,32,32,-1,-1,-1,-1,-1,15.471616,1,15.5136,0.878592,16.392192
2307,32,32,-1,-1,-1,-1,-1,15.47264,1,15.538176,0.889856,16.428032
2308,32,32,-1,-1,-1,-1,-1,15.459328,1,15.525888,0.873472,16.39936
2309,32,32,-1,-1,-1,-1,-1,15.461376,1,15.527936,0.878592,16.406528
2310,32,32,-1,-1,-1,-1,-1,15.418368,1,15.483904,0.88064,16.364544
2311,32,32,-1,-1,-1,-1,-1,15.429632,1,15.485952,0.882688,16.36864
2312,32,32,-1,-1,-1,-1,-1,15.446016,1,15.512576,0.884736,16.397312
2313,32,528,-1,-1,-1,-1,-1,-1,0,48.753662,0.883712,49.637374
2314,32,528,-1,-1,-1,-1,-1,-1,0,50.084866,0.878592,50.963458
2315,32,32,-1,-1,-1,-1,-1,15.649792,1,15.717376,0.884736,16.602112
2316,32,32,-1,-1,-1,-1,-1,15.584256,1,15.652864,0.889856,16.54272
2317,32,32,-1,-1,-1,-1,-1,15.504384,1,15.54944,0.868352,16.417792
2318,32,32,-1,-1,-1,-1,-1,15.481856,1,15.527936,0.882688,16.410624
2319,32,32,-1,-1,-1,-1,-1,15.49824,1,15.55968,0.889856,16.449536
2320,32,528,-1,-1,-1,-1,-1,-1,0,48.958466,0.881664,49.84013
2321,32,528,-1,-1,-1,-1,-1,-1,0,49.977345,0.878592,50.855937
2322,32,32,-1,-1,-1,-1,-1,15.650816,1,15.695872,0.899072,16.594944
2323,32,528,-1,-1,-1,-1,-1,-1,0,49.312767,0.8704,50.183167
2324,32,32,-1,-1,-1,-1,-1,15.62112,1,15.678464,0.88576,16.564224
2325,32,32,-1,-1,-1,-1,-1,15.524864,1,15.586304,0.876544,16.462848
2326,32,32,-1,-1,-1,-1,-1,15.48288,1,15.54944,0.884736,16.434176
2327,32,32,-1,-1,-1,-1,-1,15.454208,1,15.497216,0.893952,16.391168
2328,32,32,-1,-1,-1,-1,-1,15.490048,1,15.556608,0.88064,16.437248
2329,32,1023,-1,-1,-1,-1,-1,-1,0,70.478851,0.889856,71.368707
2330,32,32,-1,-1,-1,-1,-1,15.75936,1,15.827968,0.894976,16.722944
2331,32,528,-1,-1,-1,-1,-1,-1,0,50.251778,0.878592,51.13037
2332,32,527,-1,-1,-1,-1,-1,-1,0,49.945599,0.883712,50.829311
2333,32,32,-1,-1,-1,-1,-1,15.607808,1,15.675392,0.877568,16.55296
2334,32,32,-1,-1,-1,-1,-1,15.546368,1,15.5904,0.884736,16.475136
2335,32,32,-1,-1,-1,-1,-1,15.497216,1,15.563776,0.88576,16.449536
2336,32,32,-1,-1,-1,-1,-1,15.465472,1,15.522816,0.879616,16.402432
2337,32,32,-1,-1,-1,-1,-1,15.45728,1,15.514624,0.876544,16.391168
2338,32,528,-1,-1,-1,-1,-1,-1,0,48.905216,0.8704,49.775616
2339,32,32,-1,-1,-1,-1,-1,15.553536,1,15.61088,0.888832,16.499712
2340,32,32,-1,-1,-1,-1,-1,15.49824,1,15.562752,0.87552,16.438272
2341,32,32,-1,-1,-1,-1,-1,15.460352,1,15.525888,0.893952,16.41984
2342,32,32,-1,-1,-1,-1,-1,15.45728,1,15.522816,0.879616,16.402432
2343,32,32,-1,-1,-1,-1,-1,15.454208,1,15.49824,0.873472,16.371712
2344,32,528,-1,-1,-1,-1,-1,-1,0,48.882687,0.86528,49.747967
2345,32,32,-1,-1,-1,-1,-1,15.601664,1,15.669248,0.892928,16.562176
2346,32,32,-1,-1,-1,-1,-1,15.56992,1,15.637504,0.874496,16.512
2347,32,32,-1,-1,-1,-1,-1,15.50848,1,15.578112,0.873472,16.451584
2348,32,32,-1,-1,-1,-1,-1,15.479808,1,15.547392,0.894976,16.442368
2349,32,528,-1,-1,-1,-1,-1,-1,0,48.83968,0.866304,49.705984
2350,32,32,-1,-1,-1,-1,-1,15.55456,1,15.598592,0.888832,16.487424
2351,32,528,-1,-1,-1,-1,-1,-1,0,49.417217,0.874496,50.291713
2352,32,32,-1,-1,-1,-1,-1,15.607808,1,15.675392,0.900096,16.575488
2353,32,32,-1,-1,-1,-1,-1,15.548416,1,15.617024,0.886784,16.503808
2354,32,32,-1,-1,-1,-1,-1,15.47776,1,15.536128,0.883712,16.41984
2355,32,32,-1,-1,-1,-1,-1,15.451136,1,15.519744,0.884736,16.40448
2356,32,32,-1,-1,-1,-1,-1,15.448064,1,15.5136,0.87552,16.38912
2357,32,32,-1,-1,-1,-1,-1,15.45216,1,15.519744,0.889856,16.4096
2358,32,32,-1,-1,-1,-1,-1,15.461376,1,15.519744,0.884736,16.40448
2359,32,32,-1,-1,-1,-1,-1,15.473664,1,15.517696,0.882688,16.400384
2360,32,32,-1,-1,-1,-1,-1,15.419392,1,15.486976,0.883712,16.370688
2361,32,528,-1,-1,-1,-1,-1,-1,0,48.588799,0.867328,49.456127
2362,32,32,-1,-1,-1,-1,-1,15.562752,1,15.630336,0.883712,16.514048
2363,32,32,-1,-1,-1,-1,-1,15.506432,1,15.566848,0.877568,16.444416
2364,32,32,-1,-1,-1,-1,-1,15.4624,1,15.526912,0.896,16.422912
2365,32,32,-1,-1,-1,-1,-1,15.45728,1,15.521792,0.876544,16.398336
2366,32,32,-1,-1,-1,-1,-1,15.474688,1,15.517696,0.876544,16.39424
2367,32,32,-1,-1,-1,-1,-1,15.46752,1,15.535104,0.877568,16.412672
2368,32,32,-1,-1,-1,-1,-1,15.461376,1,15.525888,0.876544,16.402432
2369,32,32,-1,-1,-1,-1,-1,15.419392,1,15.484928,0.874496,16.359424
2370,32,32,-1,-1,-1,-1,-1,15.428608,1,15.486976,0.878592,16.365568
2371,32,32,-1,-1,-1,-1,-1,15.433728,1,15.500288,0.876544,16.376832
2372,32,32,-1,-1,-1,-1,-1,15.440896,1,15.484928,0.871424,16.356352
2373,32,32,-1,-1,-1,-1,-1,15.442944,1,15.505408,0.879616,16.385024
2374,32,32,-1,-1,-1,-1,-1,15.430656,1,15.495168,0.872448,16.367616
2375,32,32,-1,-1,-1,-1,-1,15.437824,1,15.479808,0.88576,16.365568
2376,32,32,-1,-1,-1,-1,-1,15.439872,1,15.505408,0.871424,16.376832
2377,32,32,-1,-1,-1,-1,-1,15.443968,1,15.510528,0.882688,16.393216
2378,32,32,-1,-1,-1,-1,-1,15.446016,1,15.511552,0.88064,16.392192
2379,32,32,-1,-1,-1,-1,-1,15.44704,1,15.506432,0.88576,16.392192
2380,32,32,-1,-1,-1,-1,-1,15.474688,1,15.540224,0.886784,16.427008
2381,32,528,-1,-1,-1,-1,-1,-1,0,48.645119,0.867328,49.512447
2382,32,528,-1,-1,-1,-1,-1,-1,0,49.942528,0.882688,50.825216
2383,32,32,-1,-1,-1,-1,-1,15.648768,1,15.70816,0.887808,16.595968
2384,32,32,-1,-1,-1,-1,-1,15.561728,1,15.63136,0.891904,16.523264
2385,32,32,-1,-1,-1,-1,-1,15.52384,1,15.591424,0.877568,16.468992
2386,32,32,-1,-1,-1,-1,-1,15.505408,1,15.571968,0.881664,16.453632
2387,32,528,-1,-1,-1,-1,-1,-1,0,48.815105,0.867328,49.682433
2388,32,32,-1,-1,-1,-1,-1,15.601664,1,15.643648,0.896,16.539648
2389,32,32,-1,-1,-1,-1,-1,15.567872,1,15.633408,0.889856,16.523264
2390,32,1007,-1,-1,-1,-1,-1,-1,0,70.51162,0.872448,71.384068
2391,32,32,-1,-1,-1,-1,-1,15.803392,1,15.869952,0.892928,16.76288
2392,32,32,-1,-1,-1,-1,-1,15.675392,1,15.735808,0.88064,16.616448
2393,32,32,-1,-1,-1,-1,-1,15.584256,1,15.643648,0.876544,16.520192
2394,32,32,-1,-1,-1,-1,-1,15.52896,1,15.593472,0.882688,16.47616
2395,32,528,-1,-1,-1,-1,-1,-1,0,48.821247,0.869376,49.690623
2396,32,32,-1,-1,-1,-1,-1,15.579136,1,15.645696,0.878592,16.524288
2397,32,528,-1,-1,-1,-1,-1,-1,0,49.400833,0.878592,50.279425
2398,32,528,-1,-1,-1,-1,-1,-1,0,49.975296,0.881664,50.85696
2399,32,528,-1,-1,-1,-1,-1,-1,0,49.933311,0.88576,50.819071
2400,32,32,-1,-1,-1,-1,-1,15.67232,1,15.73888,0.889856,16.628736
2401,32,32,-1,-1,-1,-1,-1,15.59552,1,15.663104,0.903168,16.566272
2402,32,32,-1,-1,-1,-1,-1,15.526912,1,15.594496,0.891904,16.4864
2403,32,1024,-1,-1,-1,-1,-1,-1,0,70.795265,0.888832,71.684097
2404,32,32,-1,-1,-1,-1,-1,15.793152,1,15.839232,0.894976,16.734208
2405,32,32,-1,-1,-1,-1,-1,15.652864,1,15.720448,0.881664,16.602112
2406,32,32,-1,-1,-1,-1,-1,15.567872,1,15.627264,0.877568,16.504832
2407,32,32,-1,-1,-1,-1,-1,15.501312,1,15.566848,0.886784,16.453632
2408,32,32,-1,-1,-1,-1,-1,15.471616,1,15.536128,0.888832,16.42496
2409,32,1024,-1,-1,-1,-1,-1,-1,0,70.767616,0.896,71.663616
2410,32,32,-1,-1,-1,-1,-1,15.736832,1,15.804416,0.889856,16.694272
2411,32,32,-1,-1,-1,-1,-1,15.664128,1,15.732736,0.87552,16.608256
2412,32,32,-1,-1,-1,-1,-1,15.540224,1,15.606784,0.89088,16.497664
2413,32,528,-1,-1,-1,-1,-1,-1,0,49.083393,0.877568,49.960961
2414,32,32,-1,-1,-1,-1,-1,15.531008,1,15.5904,0.89088,16.48128
2415,32,32,-1,-1,-1,-1,-1,15.484928,1,15.552512,0.8704,16.422912
2416,32,32,-1,-1,-1,-1,-1,15.440896,1,15.504384,0.868352,16.372736
2417,32,32,-1,-1,-1,-1,-1,15.439872,1,15.502336,0.867328,16.369664
2418,32,528,-1,-1,-1,-1,-1,-1,0,48.943104,0.863232,49.806336
2419,32,32,-1,-1,-1,-1,-1,15.609856,1,15.674368,0.88064,16.555008
2420,32,32,-1,-1,-1,-1,-1,15.49824,1,15.542272,0.878592,16.420864
2421,32,32,-1,-1,-1,-1,-1,15.475712,1,15.5392,0.874496,16.413696
2422,32,1024,-1,-1,-1,-1,-1,-1,0,70.755325,0.874496,71.629821
2423,32,32,-1,-1,-1,-1,-1,15.781888,1,15.8464,0.878592,16.724992
2424,32,32,-1,-1,-1,-1,-1,15.606784,1,15.67232,0.877568,16.549888
2425,32,32,-1,-1,-1,-1,-1,15.52384,1,15.589376,0.878592,16.467968
2426,32,32,-1,-1,-1,-1,-1,15.496192,1,15.562752,0.872448,16.4352
2427,32,32,-1,-1,-1,-1,-1,15.458304,1,15.522816,0.872448,16.395264
2428,32,32,-1,-1,-1,-1,-1,15.456256,1,15.49824,0.876544,16.374784
2429,32,32,-1,-1,-1,-1,-1,15.463424,1,15.526912,0.87552,16.402432
2430,32,32,-1,-1,-1,-1,-1,15.478784,1,15.545344,0.869376,16.41472
2431,32,528,-1,-1,-1,-1,-1,-1,0,48.946175,0.869376,49.815551
2432,32,528,-1,-1,-1,-1,-1,-1,0,53.984257,0.868352,54.852609
2433,32,32,-1,-1,-1,-1,-1,15.638528,1,18.319361,0.878592,19.197953
2434,32,32,-1,-1,-1,-1,-1,15.512576,1,15.579136,0.88576,16.464896
2435,32,32,-1,-1,-1,-1,-1,15.465472,1,15.532032,0.869376,16.401408
2436,32,32,-1,-1,-1,-1,-1,15.443968,1,15.483904,0.88576,16.369664
2437,32,32,-1,-1,-1,-1,-1,15.453184,1,15.496192,0.88576,16.381952
2438,32,528,-1,-1,-1,-1,-1,-1,0,49.041409,0.869376,49.910785
2439,32,32,-1,-1,-1,-1,-1,15.598592,1,15.66208,0.88064,16.54272
2440,32,32,-1,-1,-1,-1,-1,15.519744,1,15.584256,0.887808,16.472064
2441,32,32,-1,-1,-1,-1,-1,15.507456,1,15.563776,0.88576,16.449536
2442,32,1024,-1,-1,-1,-1,-1,-1,0,70.468605,0.883712,71.352317
2443,32,32,-1,-1,-1,-1,-1,15.705088,1,15.761408,0.878592,16.64
2444,32,32,-1,-1,-1,-1,-1,15.608832,1,15.65184,0.878592,16.530432
2445,32,32,-1,-1,-1,-1,-1,15.558656,1,15.623168,0.8704,16.493568
2446,32,32,-1,-1,-1,-1,-1,15.489024,1,15.54432,0.878592,16.422912
2447,32,32,-1,-1,-1,-1,-1,15.478784,1,15.546368,0.867328,16.413696
2448,32,527,-1,-1,-1,-1,-1,-1,0,48.785408,0.879616,49.665024
2449,32,32,-1,-1,-1,-1,-1,15.635456,1,15.70304,0.888832,16.591872
2450,32,32,-1,-1,-1,-1,-1,15.522816,1,15.581184,0.904192,16.485376
2451,32,32,-1,-1,-1,-1,-1,15.486976,1,15.555584,0.8704,16.425984
2452,32,32,-1,-1,-1,-1,-1,15.468544,1,15.5136,0.888832,16.402432
2453,32,32,-1,-1,-1,-1,-1,15.48288,1,15.525888,0.899072,16.42496
2454,32,32,-1,-1,-1,-1,-1,15.488,1,15.55456,0.88576,16.44032
2455,32,528,-1,-1,-1,-1,-1,-1,0,48.790527,0.87552,49.666047
2456,32,32,-1,-1,-1,-1,-1,15.56992,1,15.624192,0.88064,16.504832
2457,32,1024,-1,-1,-1,-1,-1,-1,0,70.858749,0.89088,71.749629
2458,32,32,-1,-1,-1,-1,-1,15.768576,1,15.83616,0.896,16.73216
2459,32,32,-1,-1,-1,-1,-1,15.663104,1,15.721472,0.88576,16.607232
2460,32,32,-1,-1,-1,-1,-1,15.571968,1,15.616,0.873472,16.489472
2461,32,32,-1,-1,-1,-1,-1,15.50336,1,15.568896,0.878592,16.447488
2462,32,32,-1,-1,-1,-1,-1,15.479808,1,15.536128,0.8704,16.406528
2463,32,528,-1,-1,-1,-1,-1,-1,0,48.841728,0.876544,49.718272
2464,32,32,-1,-1,-1,-1,-1,15.596544,1,15.661056,0.888832,16.549888
2465,32,32,-1,-1,-1,-1,-1,15.483904,1,15.540224,0.873472,16.413696
2466,32,32,-1,-1,-1,-1,-1,15.468544,1,15.53408,0.884736,16.418816
2467,32,528,-1,-1,-1,-1,-1,-1,0,48.883713,0.88064,49.764353
2468,32,32,-1,-1,-1,-1,-1,15.593472,1,15.63648,0.882688,16.519168
2469,32,32,-1,-1,-1,-1,-1,15.484928,1,15.52896,0.88064,16.4096
2470,32,528,-1,-1,-1,-1,-1,-1,0,48.92672,0.879616,49.806336
2471,32,32,-1,-1,-1,-1,-1,15.591424,1,15.657984,0.882688,16.540672
2472,32,32,-1,-1,-1,-1,-1,15.492096,1,15.547392,0.887808,16.4352
2473,32,527,-1,-1,-1,-1,-1,-1,0,48.764927,0.874496,49.639423
2474,32,32,-1,-1,-1,-1,-1,15.594496,1,15.652864,0.876544,16.529408
2475,32,32,-1,-1,-1,-1,-1,15.543296,1,15.61088,0.871424,16.482304
2476,32,32,-1,-1,-1,-1,-1,15.495168,1,15.5392,0.881664,16.420864
2477,32,528,-1,-1,-1,-1,-1,-1,0,48.811008,0.8704,49.681408
2478,32,32,-1,-1,-1,-1,-1,15.592448,1,15.657984,0.88064,16.538624
2479,32,32,-1,-1,-1,-1,-1,15.509504,1,15.568896,0.881664,16.45056
2480,32,32,-1,-1,-1,-1,-1,15.438848,1,15.495168,0.873472,16.36864
2481,32,32,-1,-1,-1,-1,-1,15.443968,1,15.507456,0.874496,16.381952
2482,32,32,-1,-1,-1,-1,-1,15.434752,1,15.492096,0.87552,16.367616
2483,32,32,-1,-1,-1,-1,-1,15.438848,1,15.505408,0.873472,16.37888
2484,32,32,-1,-1,-1,-1,-1,15.443968,1,15.485952,0.873472,16.359424
2485,32,32,-1,-1,-1,-1,-1,15.405056,1,15.446016,0.867328,16.313344
2486,32,32,-1,-1,-1,-1,-1,15.399936,1,15.466496,0.87552,16.342016
2487,32,32,-1,-1,-1,-1,-1,15.419392,1,15.483904,0.8704,16.354304
2488,32,32,-1,-1,-1,-1,-1,15.420416,1,15.463424,0.868352,16.331776
2489,32,32,-1,-1,-1,-1,-1,15.418368,1,15.474688,0.874496,16.349184
2490,32,32,-1,-1,-1,-1,-1,15.42656,1,15.491072,0.873472,16.364544
2491,32,32,-1,-1,-1,-1,-1,15.437824,1,15.50336,0.873472,16.376832
2492,32,32,-1,-1,-1,-1,-1,15.44192,1,15.486976,0.872448,16.359424
2493,32,32,-1,-1,-1,-1,-1,15.443968,1,15.510528,0.872448,16.382976
2494,32,32,-1,-1,-1,-1,-1,15.449088,1,15.515648,0.882688,16.398336
2495,32,32,-1,-1,-1,-1,-1,15.448064,1,15.505408,0.869376,16.374784
2496,32,32,-1,-1,-1,-1,-1,15.435776,1,15.49824,0.871424,16.369664
2497,32,528,-1,-1,-1,-1,-1,-1,0,48.728065,0.868352,49.596417
2498,32,32,-1,-1,-1,-1,-1,15.62624,1,15.689728,0.879616,16.569344
2499,32,32,-1,-1,-1,-1,-1,15.521792,1,15.587328,0.882688,16.470016
2500,32,32,-1,-1,-1,-1,-1,15.488,1,15.531008,0.874496,16.405504
2501,32,32,-1,-1,-1,-1,-1,15.49824,1,15.541248,0.879616,16.420864
2502,32,32,-1,-1,-1,-1,-1,15.481856,1,15.546368,0.876544,16.422912
2503,32,32,-1,-1,-1,-1,-1,15.494144,1,15.551488,0.876544,16.428032
2504,32,32,-1,-1,-1,-1,-1,15.501312,1,15.542272,0.87552,16.417792
2505,32,32,-1,-1,-1,-1,-1,15.434752,1,15.492096,0.871424,16.36352
2506,32,527,-1,-1,-1,-1,-1,-1,0,48.661503,0.872448,49.533951
2507,32,32,-1,-1,-1,-1,-1,15.649792,1,15.715328,0.874496,16.589824
2508,32,32,-1,-1,-1,-1,-1,15.532032,1,15.574016,0.883712,16.457728
2509,32,528,-1,-1,-1,-1,-1,-1,0,48.896,0.868352,49.764352
2510,32,528,-1,-1,-1,-1,-1,-1,0,49.970177,0.8704,50.840577
2511,32,32,-1,-1,-1,-1,-1,15.638528,1,15.695872,0.878592,16.574464
2512,32,32,-1,-1,-1,-1,-1,15.584256,1,15.649792,0.8704,16.520192
2513,32,32,-1,-1,-1,-1,-1,15.532032,1,15.597568,0.882688,16.480256
2514,32,528,-1,-1,-1,-1,-1,-1,0,48.922623,0.864256,49.786879
2515,32,32,-1,-1,-1,-1,-1,15.588352,1,15.652864,0.874496,16.52736
2516,32,32,-1,-1,-1,-1,-1,15.581184,1,15.625216,0.89088,16.516096
2517,32,32,-1,-1,-1,-1,-1,15.541248,1,15.586304,0.899072,16.485376
2518,32,528,-1,-1,-1,-1,-1,-1,0,60.36787,2.337792,62.705662
2519,32,32,-1,-1,-1,-1,-1,15.579136,1,20.277248,0.87552,21.152768
2520,32,32,-1,-1,-1,-1,-1,15.504384,1,15.545344,0.876544,16.421888
2521,32,1024,-1,-1,-1,-1,-1,-1,0,89.105408,1.690624,90.796032
2522,32,528,-1,-1,-1,-1,-1,-1,0,63.453182,0.86528,64.318462
2523,32,32,-1,-1,-1,-1,-1,15.592448,1,15.655936,0.884736,16.540672
2524,32,32,-1,-1,-1,-1,-1,15.546368,1,15.5904,0.873472,16.463872
2525,32,32,-1,-1,-1,-1,-1,15.511552,1,15.56992,0.87552,16.44544
2526,32,1023,-1,-1,-1,-1,-1,-1,0,71.040001,0.88064,71.920641
2527,32,528,-1,-1,-1,-1,-1,-1,0,51.046398,0.866304,51.912702
2528,32,32,-1,-1,-1,-1,-1,15.620096,1,15.686656,0.879616,16.566272
2529,32,32,-1,-1,-1,-1,-1,15.556608,1,15.624192,0.881664,16.505856
2530,32,528,-1,-1,-1,-1,-1,-1,0,48.964607,0.881664,49.846271
2531,32,528,-1,-1,-1,-1,-1,-1,0,49.945599,0.87552,50.821119
2532,32,32,-1,-1,-1,-1,-1,15.612928,1,15.657984,0.884736,16.54272
2533,32,32,-1,-1,-1,-1,-1,15.476736,1,15.520768,0.889856,16.410624
2534,32,32,-1,-1,-1,-1,-1,15.455232,1,15.519744,0.884736,16.40448
2535,32,32,-1,-1,-1,-1,-1,15.45728,1,15.521792,0.883712,16.405504
2536,32,32,-1,-1,-1,-1,-1,15.455232,1,15.497216,0.882688,16.379904
2537,32,527,-1,-1,-1,-1,-1,-1,0,48.801792,0.881664,49.683456
2538,32,32,-1,-1,-1,-1,-1,15.591424,1,15.65696,0.887808,16.544768
2539,32,32,-1,-1,-1,-1,-1,15.519744,1,15.586304,0.88576,16.472064
2540,32,32,-1,-1,-1,-1,-1,15.480832,1,15.526912,0.88576,16.412672
2541,32,32,-1,-1,-1,-1,-1,15.449088,1,15.514624,0.88064,16.395264
2542,32,32,-1,-1,-1,-1,-1,15.455232,1,15.522816,0.88576,16.408576
2543,32,528,-1,-1,-1,-1,-1,-1,0,49.021954,0.871424,49.893378
2544,32,528,-1,-1,-1,-1,-1,-1,0,50.029568,0.88064,50.910208
2545,32,528,-1,-1,-1,-1,-1,-1,0,49.955841,0.884736,50.840577
2546,32,32,-1,-1,-1,-1,-1,15.568896,1,15.62624,0.88576,16.512
2547,32,32,-1,-1,-1,-1,-1,15.491072,1,15.555584,0.869376,16.42496
2548,32,32,-1,-1,-1,-1,-1,15.458304,1,15.500288,0.878592,16.37888
2549,32,32,-1,-1,-1,-1,-1,15.438848,1,15.481856,0.879616,16.361472
2550,32,32,-1,-1,-1,-1,-1,15.446016,1,15.505408,0.88576,16.391168
2551,32,32,-1,-1,-1,-1,-1,15.454208,1,15.519744,0.886784,16.406528
2552,32,32,-1,-1,-1,-1,-1,15.449088,1,15.492096,0.884736,16.376832
2553,32,32,-1,-1,-1,-1,-1,15.419392,1,15.485952,0.882688,16.36864
2554,32,32,-1,-1,-1,-1,-1,15.423488,1,15.489024,0.88576,16.374784
2555,32,528,-1,-1,-1,-1,-1,-1,0,48.856064,0.883712,49.739776
2556,32,32,-1,-1,-1,-1,-1,15.623168,1,15.668224,0.882688,16.550912
2557,32,527,-1,-1,-1,-1,-1,-1,0,49.198078,0.879616,50.077694
2558,32,32,-1,-1,-1,-1,-1,15.609856,1,15.676416,0.878592,16.555008
2559,32,32,-1,-1,-1,-1,-1,15.542272,1,15.61088,0.871424,16.482304
2560,32,32,-1,-1,-1,-1,-1,15.521792,1,15.587328,0.878592,16.46592
2561,32,32,-1,-1,-1,-1,-1,15.461376,1,15.527936,0.878592,16.406528
2562,32,1024,-1,-1,-1,-1,-1,-1,0,70.87104,0.89088,71.76192
2563,32,32,-1,-1,-1,-1,-1,15.725568,1,15.791104,0.883712,16.674816
2564,32,32,-1,-1,-1,-1,-1,15.59552,1,15.640576,0.887808,16.528384
2565,32,32,-1,-1,-1,-1,-1,15.496192,1,15.540224,0.881664,16.421888
2566,32,32,-1,-1,-1,-1,-1,15.466496,1,15.532032,0.869376,16.401408
2567,32,32,-1,-1,-1,-1,-1,15.466496,1,15.531008,0.873472,16.40448
2568,32,32,-1,-1,-1,-1,-1,15.456256,1,15.500288,0.873472,16.37376
2569,32,32,-1,-1,-1,-1,-1,15.459328,1,15.525888,0.883712,16.4096
2570,32,32,-1,-1,-1,-1,-1,15.497216,1,15.565824,0.887808,16.453632
2571,32,32,-1,-1,-1,-1,-1,15.455232,1,15.515648,0.88064,16.396288
2572,32,32,-1,-1,-1,-1,-1,15.461376,1,15.505408,0.88064,16.386048
2573,32,527,-1,-1,-1,-1,-1,-1,0,48.845825,0.892928,49.738753
2574,32,528,-1,-1,-1,-1,-1,-1,0,49.993729,0.886784,50.880513
2575,32,32,-1,-1,-1,-1,-1,15.594496,1,15.66208,0.896,16.55808
2576,32,32,-1,-1,-1,-1,-1,15.552512,1,15.62112,0.876544,16.497664
2577,32,32,-1,-1,-1,-1,-1,15.510528,1,15.578112,0.892928,16.47104
2578,32,32,-1,-1,-1,-1,-1,15.451136,1,15.519744,0.892928,16.412672
2579,32,32,-1,-1,-1,-1,-1,15.460352,1,15.527936,0.883712,16.411648
2580,32,1024,-1,-1,-1,-1,-1,-1,0,70.366211,0.90112,71.267331
2581,32,32,-1,-1,-1,-1,-1,15.775744,1,15.823872,0.893952,16.717824
2582,32,32,-1,-1,-1,-1,-1,15.62624,1,15.696896,0.90624,16.603136
2583,32,32,-1,-1,-1,-1,-1,15.529984,1,15.574016,0.88576,16.459776
2584,32,32,-1,-1,-1,-1,-1,15.500288,1,15.54432,0.89088,16.4352
2585,32,527,-1,-1,-1,-1,-1,-1,0,48.891903,0.881664,49.773567
2586,32,32,-1,-1,-1,-1,-1,15.612928,1,15.67744,0.89088,16.56832
2587,32,32,-1,-1,-1,-1,-1,15.545344,1,15.611904,0.887808,16.499712
2588,32,32,-1,-1,-1,-1,-1,15.486976,1,15.529984,0.88576,16.415744
2589,32,32,-1,-1,-1,-1,-1,15.476736,1,15.545344,0.888832,16.434176
2590,32,32,-1,-1,-1,-1,-1,15.468544,1,15.535104,0.896,16.431104
2591,32,32,-1,-1,-1,-1,-1,15.497216,1,15.556608,0.887808,16.444416
2592,32,528,-1,-1,-1,-1,-1,-1,0,49.152,0.88064,50.03264
2593,32,32,-1,-1,-1,-1,-1,15.639552,1,15.696896,0.89088,16.587776
2594,32,32,-1,-1,-1,-1,-1,15.509504,1,15.568896,0.89088,16.459776
2595,32,528,-1,-1,-1,-1,-1,-1,0,49.072128,0.882688,49.954816
2596,32,32,-1,-1,-1,-1,-1,15.578112,1,15.645696,0.897024,16.54272
2597,32,32,-1,-1,-1,-1,-1,15.51872,1,15.563776,0.894976,16.458752
2598,32,32,-1,-1,-1,-1,-1,15.476736,1,15.543296,0.893952,16.437248
2599,32,32,-1,-1,-1,-1,-1,15.471616,1,15.516672,0.884736,16.401408
2600,32,32,-1,-1,-1,-1,-1,15.484928,1,15.52896,0.88576,16.41472
2601,32,528,-1,-1,-1,-1,-1,-1,0,48.845825,0.88064,49.726465
2602,32,32,-1,-1,-1,-1,-1,15.613952,1,15.678464,0.893952,16.572416
2603,32,32,-1,-1,-1,-1,-1,15.572992,1,15.63136,0.876544,16.507904
2604,32,528,-1,-1,-1,-1,-1,-1,0,48.979969,0.871424,49.851393
2605,32,32,-1,-1,-1,-1,-1,15.609856,1,15.6672,0.876544,16.543744
2606,32,32,-1,-1,-1,-1,-1,15.540224,1,15.60576,0.88576,16.49152
2607,32,32,-1,-1,-1,-1,-1,15.505408,1,15.571968,0.891904,16.463872
2608,32,32,-1,-1,-1,-1,-1,15.46752,1,15.532032,0.868352,16.400384
2609,32,32,-1,-1,-1,-1,-1,15.486976,1,15.546368,0.876544,16.422912
2610,32,32,-1,-1,-1,-1,-1,15.453184,1,15.519744,0.877568,16.397312
2611,32,32,-1,-1,-1,-1,-1,15.478784,1,15.546368,0.879616,16.425984
2612,32,32,-1,-1,-1,-1,-1,15.46752,1,15.533056,0.889856,16.422912
2613,32,32,-1,-1,-1,-1,-1,15.449088,1,15.492096,0.879616,16.371712
2614,32,32,-1,-1,-1,-1,-1,15.43168,1,15.496192,0.884736,16.380928
2615,32,32,-1,-1,-1,-1,-1,15.44192,1,15.483904,0.87552,16.359424
2616,32,32,-1,-1,-1,-1,-1,15.434752,1,15.47776,0.881664,16.359424
2617,32,32,-1,-1,-1,-1,-1,15.448064,1,15.512576,0.883712,16.396288
2618,32,32,-1,-1,-1,-1,-1,15.439872,1,15.505408,0.882688,16.388096
2619,32,32,-1,-1,-1,-1,-1,15.4624,1,15.527936,0.889856,16.417792
2620,32,528,-1,-1,-1,-1,-1,-1,0,48.527359,0.873472,49.400831
2621,32,32,-1,-1,-1,-1,-1,15.5904,1,15.654912,0.883712,16.538624
2622,32,32,-1,-1,-1,-1,-1,15.558656,1,15.618048,0.886784,16.504832
2623,32,32,-1,-1,-1,-1,-1,15.521792,1,15.589376,0.879616,16.468992
2624,32,32,-1,-1,-1,-1,-1,15.507456,1,15.56992,0.874496,16.444416
2625,32,32,-1,-1,-1,-1,-1,15.50336,1,15.568896,0.8704,16.439296
2626,32,32,-1,-1,-1,-1,-1,15.502336,1,15.565824,0.872448,16.438272
2627,32,528,-1,-1,-1,-1,-1,-1,0,49.037312,0.869376,49.906688
2628,32,32,-1,-1,-1,-1,-1,15.65696,1,15.715328,0.878592,16.59392
2629,32,32,-1,-1,-1,-1,-1,15.594496,1,15.638528,0.877568,16.516096
2630,32,528,-1,-1,-1,-1,-1,-1,0,48.856064,0.869376,49.72544
2631,32,528,-1,-1,-1,-1,-1,-1,0,49.987583,0.8704,50.857983
2632,32,528,-1,-1,-1,-1,-1,-1,0,50.067455,0.867328,50.934783
2633,32,32,-1,-1,-1,-1,-1,15.68768,1,15.753216,0.889856,16.643072
2634,32,32,-1,-1,-1,-1,-1,15.587328,1,15.644672,0.877568,16.52224
2635,32,32,-1,-1,-1,-1,-1,15.541248,1,15.60576,0.879616,16.485376
2636,32,32,-1,-1,-1,-1,-1,15.490048,1,15.547392,0.87552,16.422912
2637,32,32,-1,-1,-1,-1,-1,15.490048,1,15.53408,0.873472,16.407552
2638,32,32,-1,-1,-1,-1,-1,15.488,1,15.55456,0.881664,16.436224
2639,32,32,-1,-1,-1,-1,-1,15.492096,1,15.558656,0.878592,16.437248
2640,32,32,-1,-1,-1,-1,-1,15.49312,1,15.550464,0.874496,16.42496
2641,32,32,-1,-1,-1,-1,-1,15.474688,1,15.537152,0.873472,16.410624
2642,32,1024,-1,-1,-1,-1,-1,-1,0,70.533119,0.877568,71.410687
2643,32,528,-1,-1,-1,-1,-1,-1,0,51.002369,0.8704,51.872769
2644,32,528,-1,-1,-1,-1,-1,-1,0,50.424831,0.871424,51.296255
2645,32,32,-1,-1,-1,-1,-1,15.681536,1,15.725568,0.892928,16.618496
2646,32,32,-1,-1,-1,-1,-1,15.522816,1,15.58016,0.882688,16.462848
2647,32,32,-1,-1,-1,-1,-1,15.479808,1,15.536128,0.872448,16.408576
2648,32,32,-1,-1,-1,-1,-1,15.463424,1,15.526912,0.871424,16.398336
2649,32,32,-1,-1,-1,-1,-1,15.476736,1,15.536128,0.883712,16.41984
2650,32,528,-1,-1,-1,-1,-1,-1,0,48.912384,0.876544,49.788928
2651,32,528,-1,-1,-1,-1,-1,-1,0,50.0224,0.88576,50.90816
2652,32,528,-1,-1,-1,-1,-1,-1,0,50.500607,0.883712,51.384319
2653,32,32,-1,-1,-1,-1,-1,15.639552,1,15.68256,0.896,16.57856
2654,32,528,-1,-1,-1,-1,-1,-1,0,49.360897,0.88576,50.246657
2655,32,32,-1,-1,-1,-1,-1,15.627264,1,15.693824,0.889856,16.58368
2656,32,32,-1,-1,-1,-1,-1,15.52384,1,15.591424,0.896,16.487424
2657,32,32,-1,-1,-1,-1,-1,15.490048,1,15.548416,0.881664,16.43008
2658,32,32,-1,-1,-1,-1,-1,15.455232,1,15.5136,0.887808,16.401408
2659,32,32,-1,-1,-1,-1,-1,15.485952,1,15.543296,0.881664,16.42496
2660,32,32,-1,-1,-1,-1,-1,15.499264,1,15.566848,0.89088,16.457728
2661,32,527,-1,-1,-1,-1,-1,-1,0,48.945152,0.88064,49.825792
2662,32,1023,-1,-1,-1,-1,-1,-1,0,72.261635,0.887808,73.149443
2663,32,32,-1,-1,-1,-1,-1,15.745024,1,15.813632,0.903168,16.7168
2664,32,32,-1,-1,-1,-1,-1,15.629312,1,15.695872,0.887808,16.58368
2665,32,32,-1,-1,-1,-1,-1,15.524864,1,15.584256,0.892928,16.477184
2666,32,32,-1,-1,-1,-1,-1,15.473664,1,15.540224,0.882688,16.422912
2667,32,512,-1,-1,-1,-1,-1,-1,0,39.147518,0.873472,40.02099
2668,32,32,-1,-1,-1,-1,-1,15.62624,1,15.690752,0.872448,16.5632
2669,32,32,-1,-1,-1,-1,-1,15.504384,1,15.547392,0.882688,16.43008
2670,32,32,-1,-1,-1,-1,-1,15.485952,1,15.551488,0.873472,16.42496
2671,32,528,-1,-1,-1,-1,-1,-1,0,48.882687,0.866304,49.748991
2672,32,528,-1,-1,-1,-1,-1,-1,0,50.178047,0.8704,51.048447
2673,32,32,-1,-1,-1,-1,-1,15.63648,1,15.678464,0.886784,16.565248
2674,32,32,-1,-1,-1,-1,-1,15.550464,1,15.607808,0.877568,16.485376
2675,32,528,-1,-1,-1,-1,-1,-1,0,48.957439,0.869376,49.826815
2676,32,32,-1,-1,-1,-1,-1,15.576064,1,15.6416,0.894976,16.536576
2677,32,32,-1,-1,-1,-1,-1,15.536128,1,15.579136,0.888832,16.467968
2678,32,32,-1,-1,-1,-1,-1,15.481856,1,15.547392,0.89088,16.438272
2679,32,32,-1,-1,-1,-1,-1,15.443968,1,15.50848,0.894976,16.403456
2680,32,32,-1,-1,-1,-1,-1,15.446016,1,15.512576,0.904192,16.416768
2681,32,528,-1,-1,-1,-1,-1,-1,0,48.913406,0.87552,49.788926
2682,32,32,-1,-1,-1,-1,-1,15.561728,1,15.620096,0.886784,16.50688
2683,32,32,-1,-1,-1,-1,-1,15.488,1,15.553536,0.887808,16.441344
2684,32,32,-1,-1,-1,-1,-1,15.453184,1,15.512576,0.892928,16.405504
2685,32,32,-1,-1,-1,-1,-1,15.454208,1,15.496192,0.883712,16.379904
2686,32,32,-1,-1,-1,-1,-1,15.456256,1,15.52384,0.88576,16.4096
2687,32,32,-1,-1,-1,-1,-1,15.443968,1,15.50848,0.88064,16.38912
2688,32,32,-1,-1,-1,-1,-1,15.443968,1,15.509504,0.89088,16.400384
2689,32,32,-1,-1,-1,-1,-1,15.417344,1,15.460352,0.881664,16.342016
2690,32,32,-1,-1,-1,-1,-1,15.424512,1,15.491072,0.88576,16.376832
2691,32,528,-1,-1,-1,-1,-1,-1,0,48.587776,0.881664,49.46944
2692,32,32,-1,-1,-1,-1,-1,15.65184,1,15.7184,0.896,16.6144
2693,32,32,-1,-1,-1,-1,-1,15.566848,1,15.611904,0.88576,16.497664
2694,32,528,-1,-1,-1,-1,-1,-1,0,49.139713,0.878592,50.018305
2695,32,32,-1,-1,-1,-1,-1,15.576064,1,15.642624,0.89088,16.533504
2696,32,528,-1,-1,-1,-1,-1,-1,0,49.281025,0.876544,50.157569
2697,32,32,-1,-1,-1,-1,-1,15.540224,1,15.606784,0.886784,16.493568
2698,32,32,-1,-1,-1,-1,-1,15.500288,1,15.568896,0.892928,16.461824
2699,32,32,-1,-1,-1,-1,-1,15.471616,1,15.538176,0.884736,16.422912
2700,32,1024,-1,-1,-1,-1,-1,-1,0,70.616066,0.884736,71.500802
2701,32,32,-1,-1,-1,-1,-1,15.731712,1,15.773696,0.888832,16.662528
2702,32,32,-1,-1,-1,-1,-1,15.638528,1,15.694848,0.888832,16.58368
2703,32,32,-1,-1,-1,-1,-1,15.563776,1,15.627264,0.883712,16.510976
2704,32,32,-1,-1,-1,-1,-1,15.52384,1,15.589376,0.882688,16.472064
2705,32,32,-1,-1,-1,-1,-1,15.491072,1,15.532032,0.883712,16.415744
2706,32,32,-1,-1,-1,-1,-1,15.47264,1,15.536128,0.881664,16.417792
2707,32,32,-1,-1,-1,-1,-1,15.46752,1,15.522816,0.871424,16.39424
2708,32,32,-1,-1,-1,-1,-1,15.473664,1,15.538176,0.876544,16.41472
2709,32,32,-1,-1,-1,-1,-1,15.486976,1,15.527936,0.88576,16.413696
2710,32,32,-1,-1,-1,-1,-1,15.444992,1,15.50848,0.872448,16.380928
2711,32,32,-1,-1,-1,-1,-1,15.432704,1,15.49824,0.871424,16.369664
2712,32,32,-1,-1,-1,-1,-1,15.449088,1,15.50336,0.874496,16.377856
2713,32,528,-1,-1,-1,-1,-1,-1,0,48.689152,0.887808,49.57696
2714,32,32,-1,-1,-1,-1,-1,15.643648,1,15.709184,0.891904,16.601088
2715,32,528,-1,-1,-1,-1,-1,-1,0,49.512447,0.878592,50.391039
2716,32,528,-1,-1,-1,-1,-1,-1,0,50.105343,0.877568,50.982911
2717,32,32,-1,-1,-1,-1,-1,15.589376,1,15.632384,0.887808,16.520192
2718,32,32,-1,-1,-1,-1,-1,15.546368,1,15.612928,0.89088,16.503808
2719,32,32,-1,-1,-1,-1,-1,15.507456,1,15.570944,0.896,16.466944
2720,32,32,-1,-1,-1,-1,-1,15.481856,1,15.540224,0.882688,16.422912
2721,32,32,-1,-1,-1,-1,-1,15.488,1,15.532032,0.877568,16.4096
2722,32,527,-1,-1,-1,-1,-1,-1,0,48.820225,0.877568,49.697793
2723,32,32,-1,-1,-1,-1,-1,15.637504,1,15.704064,0.894976,16.59904
2724,32,32,-1,-1,-1,-1,-1,15.52896,1,15.596544,0.891904,16.488448
2725,32,32,-1,-1,-1,-1,-1,15.484928,1,15.52896,0.893952,16.422912
2726,32,32,-1,-1,-1,-1,-1,15.473664,1,15.5392,0.879616,16.418816
2727,32,32,-1,-1,-1,-1,-1,15.449088,1,15.516672,0.903168,16.41984
2728,32,32,-1,-1,-1,-1,-1,15.466496,1,15.533056,0.889856,16.422912
2729,32,32,-1,-1,-1,-1,-1,15.479808,1,15.546368,0.89088,16.437248
2730,32,527,-1,-1,-1,-1,-1,-1,0,48.684032,0.879616,49.563648
2731,32,32,-1,-1,-1,-1,-1,15.624192,1,15.683584,0.90112,16.584704
2732,32,32,-1,-1,-1,-1,-1,15.536128,1,15.603712,0.891904,16.495616
2733,32,528,-1,-1,-1,-1,-1,-1,0,48.944126,0.881664,49.82579
2734,32,32,-1,-1,-1,-1,-1,15.59552,1,15.653888,0.886784,16.540672
2735,32,32,-1,-1,-1,-1,-1,15.521792,1,15.586304,0.884736,16.47104
2736,32,32,-1,-1,-1,-1,-1,15.49312,1,15.560704,0.887808,16.448512
2737,32,32,-1,-1,-1,-1,-1,15.494144,1,15.538176,0.8704,16.408576
2738,32,32,-1,-1,-1,-1,-1,15.49312,1,15.560704,0.87552,16.436224
2739,32,32,-1,-1,-1,-1,-1,15.506432,1,15.572992,0.89088,16.463872
2740,32,528,-1,-1,-1,-1,-1,-1,0,48.711681,0.869376,49.581057
2741,32,32,-1,-1,-1,-1,-1,15.604736,1,15.645696,0.874496,16.520192
2742,32,32,-1,-1,-1,-1,-1,15.5648,1,15.630336,0.88064,16.510976
2743,32,32,-1,-1,-1,-1,-1,15.532032,1,15.597568,0.882688,16.480256
2744,32,32,-1,-1,-1,-1,-1,15.494144,1,15.557632,0.874496,16.432128
2745,32,32,-1,-1,-1,-1,-1,15.494144,1,15.557632,0.883712,16.441344
2746,32,32,-1,-1,-1,-1,-1,15.488,1,15.553536,0.879616,16.433152
2747,32,32,-1,-1,-1,-1,-1,15.471616,1,15.538176,0.874496,16.412672
2748,32,528,-1,-1,-1,-1,-1,-1,0,48.639999,0.8704,49.510399
2749,32,32,-1,-1,-1,-1,-1,15.632384,1,15.695872,0.878592,16.574464
2750,32,32,-1,-1,-1,-1,-1,15.576064,1,15.6416,0.879616,16.521216
2751,32,32,-1,-1,-1,-1,-1,15.532032,1,15.597568,0.872448,16.470016
2752,32,32,-1,-1,-1,-1,-1,15.488,1,15.552512,0.88064,16.433152
2753,32,32,-1,-1,-1,-1,-1,15.495168,1,15.538176,0.873472,16.411648
2754,32,32,-1,-1,-1,-1,-1,15.501312,1,15.566848,0.882688,16.449536
2755,32,528,-1,-1,-1,-1,-1,-1,0,49.068031,0.8704,49.938431
2756,32,32,-1,-1,-1,-1,-1,15.659008,1,15.725568,0.873472,16.59904
2757,32,32,-1,-1,-1,-1,-1,15.543296,1,15.58528,0.876544,16.461824
2758,32,32,-1,-1,-1,-1,-1,15.510528,1,15.576064,0.87552,16.451584
2759,32,528,-1,-1,-1,-1,-1,-1,0,48.758785,0.874496,49.633281
2760,32,32,-1,-1,-1,-1,-1,15.654912,1,15.721472,0.888832,16.610304
2761,32,32,-1,-1,-1,-1,-1,15.541248,1,15.61088,0.886784,16.497664
2762,32,32,-1,-1,-1,-1,-1,15.51872,1,15.577088,0.883712,16.4608
2763,32,32,-1,-1,-1,-1,-1,15.501312,1,15.567872,0.888832,16.456704
2764,32,528,-1,-1,-1,-1,-1,-1,0,48.911362,0.876544,49.787906
2765,32,32,-1,-1,-1,-1,-1,15.660032,1,15.726592,0.886784,16.613376
2766,32,1024,-1,-1,-1,-1,-1,-1,0,71.56736,0.887808,72.455168
2767,32,32,-1,-1,-1,-1,-1,15.785984,1,15.853568,0.893952,16.74752
2768,32,32,-1,-1,-1,-1,-1,15.614976,1,15.679488,0.887808,16.567296
2769,32,528,-1,-1,-1,-1,-1,-1,0,49.318913,0.881664,50.200576
2770,32,32,-1,-1,-1,-1,-1,15.634432,1,15.678464,0.88576,16.564224
2771,32,528,-1,-1,-1,-1,-1,-1,0,49.32608,0.876544,50.202624
2772,32,32,-1,-1,-1,-1,-1,15.649792,1,15.716352,0.892928,16.60928
2773,32,528,-1,-1,-1,-1,-1,-1,0,49.598465,0.879616,50.478081
2774,32,32,-1,-1,-1,-1,-1,15.63136,1,15.699968,0.900096,16.600064
2775,32,32,-1,-1,-1,-1,-1,15.571968,1,15.639552,0.882688,16.52224
2776,32,512,-1,-1,-1,-1,-1,-1,0,39.391232,0.86528,40.256512
2777,32,32,-1,-1,-1,-1,-1,15.617024,1,15.683584,0.881664,16.565248
2778,32,32,-1,-1,-1,-1,-1,15.565824,1,15.632384,0.879616,16.512
2779,32,528,-1,-1,-1,-1,-1,-1,0,49.209343,0.866304,50.075647
2780,32,32,-1,-1,-1,-1,-1,15.5904,1,15.653888,0.884736,16.538624
2781,32,528,-1,-1,-1,-1,-1,-1,0,49.267712,0.8704,50.138112
2782,32,32,-1,-1,-1,-1,-1,15.616,1,15.681536,0.876544,16.55808
2783,32,32,-1,-1,-1,-1,-1,15.531008,1,15.59552,0.876544,16.472064
2784,32,32,-1,-1,-1,-1,-1,15.484928,1,15.541248,0.877568,16.418816
2785,32,32,-1,-1,-1,-1,-1,15.459328,1,15.52384,0.87552,16.39936
2786,32,32,-1,-1,-1,-1,-1,15.4624,1,15.506432,0.876544,16.382976
2787,32,32,-1,-1,-1,-1,-1,15.466496,1,15.524864,0.872448,16.397312
2788,32,32,-1,-1,-1,-1,-1,15.47776,1,15.543296,0.87552,16.418816
2789,32,32,-1,-1,-1,-1,-1,15.438848,1,15.504384,0.877568,16.381952
2790,32,528,-1,-1,-1,-1,-1,-1,0,48.746494,0.867328,49.613822
2791,32,32,-1,-1,-1,-1,-1,15.709184,1,15.773696,0.882688,16.656384
2792,32,528,-1,-1,-1,-1,-1,-1,0,49.721344,0.866304,50.587648
2793,32,528,-1,-1,-1,-1,-1,-1,0,50.001919,0.872448,50.874367
2794,32,32,-1,-1,-1,-1,-1,15.644672,1,15.689728,0.887808,16.577536
2795,32,528,-1,-1,-1,-1,-1,-1,0,49.427456,0.867328,50.294784
2796,32,32,-1,-1,-1,-1,-1,15.657984,1,15.717376,0.881664,16.59904
2797,32,32,-1,-1,-1,-1,-1,15.51872,1,15.586304,0.874496,16.4608
2798,32,32,-1,-1,-1,-1,-1,15.497216,1,15.5648,0.871424,16.436224
2799,32,32,-1,-1,-1,-1,-1,15.476736,1,15.51872,0.871424,16.390144
2800,32,32,-1,-1,-1,-1,-1,15.494144,1,15.558656,0.878592,16.437248
2801,32,32,-1,-1,-1,-1,-1,15.475712,1,15.53408,0.873472,16.407552
2802,32,32,-1,-1,-1,-1,-1,15.480832,1,15.524864,0.869376,16.39424
2803,32,32,-1,-1,-1,-1,-1,15.47776,1,15.542272,0.873472,16.415744
2804,32,32,-1,-1,-1,-1,-1,15.470592,1,15.535104,0.872448,16.407552
2805,32,1519,-1,-1,-1,-1,-1,-1,0,99.426308,0.893952,100.32026
2806,32,32,-1,-1,-1,-1,-1,15.86176,1,15.920128,0.89088,16.811008
2807,32,32,-1,-1,-1,-1,-1,15.741952,1,15.809536,0.886784,16.69632
2808,32,32,-1,-1,-1,-1,-1,15.720448,1,15.77984,0.89088,16.67072
2809,32,528,-1,-1,-1,-1,-1,-1,0,50.623489,0.8704,51.493889
2810,32,32,-1,-1,-1,-1,-1,15.61088,1,15.652864,0.881664,16.534528
2811,32,32,-1,-1,-1,-1,-1,15.519744,1,15.578112,0.87552,16.453632
2812,32,32,-1,-1,-1,-1,-1,15.47776,1,15.535104,0.876544,16.411648
2813,32,528,-1,-1,-1,-1,-1,-1,0,49.215488,0.866304,50.081792
2814,32,32,-1,-1,-1,-1,-1,15.607808,1,15.673344,0.868352,16.541696
2815,32,32,-1,-1,-1,-1,-1,15.504384,1,15.547392,0.872448,16.41984
2816,32,32,-1,-1,-1,-1,-1,15.464448,1,15.507456,0.8704,16.377856
2817,32,32,-1,-1,-1,-1,-1,15.47264,1,15.535104,0.876544,16.411648
2818,32,528,-1,-1,-1,-1,-1,-1,0,49.029121,0.869376,49.898497
2819,32,32,-1,-1,-1,-1,-1,15.606784,1,15.673344,0.881664,16.555008
2820,32,528,-1,-1,-1,-1,-1,-1,0,49.360897,0.864256,50.225153
2821,32,32,-1,-1,-1,-1,-1,15.601664,1,15.675392,0.882688,16.55808
2822,32,528,-1,-1,-1,-1,-1,-1,0,49.267712,0.867328,50.13504
2823,32,32,-1,-1,-1,-1,-1,15.602688,1,15.666176,0.87552,16.541696
2824,32,32,-1,-1,-1,-1,-1,15.577088,1,15.642624,0.876544,16.519168
2825,32,32,-1,-1,-1,-1,-1,15.504384,1,15.56992,0.873472,16.443392
2826,32,32,-1,-1,-1,-1,-1,15.460352,1,15.504384,0.879616,16.384
2827,32,32,-1,-1,-1,-1,-1,15.460352,1,15.525888,0.879616,16.405504
2828,32,32,-1,-1,-1,-1,-1,15.456256,1,15.521792,0.873472,16.395264
2829,32,528,-1,-1,-1,-1,-1,-1,0,48.871426,0.867328,49.738754
2830,32,32,-1,-1,-1,-1,-1,15.613952,1,15.676416,0.8704,16.546816
2831,32,528,-1,-1,-1,-1,-1,-1,0,49.406975,0.8704,50.277375
2832,32,32,-1,-1,-1,-1,-1,15.60576,1,15.647744,0.88064,16.528384
2833,32,32,-1,-1,-1,-1,-1,15.509504,1,15.571968,0.872448,16.444416
2834,32,32,-1,-1,-1,-1,-1,15.44704,1,15.511552,0.874496,16.386048
2835,32,32,-1,-1,-1,-1,-1,15.456256,1,15.520768,0.873472,16.39424
2836,32,32,-1,-1,-1,-1,-1,15.453184,1,15.517696,0.869376,16.387072
2837,32,32,-1,-1,-1,-1,-1,15.474688,1,15.540224,0.88576,16.425984
2838,32,32,-1,-1,-1,-1,-1,15.469568,1,15.536128,0.8704,16.406528
2839,32,32,-1,-1,-1,-1,-1,15.419392,1,15.481856,0.871424,16.35328
2840,32,528,-1,-1,-1,-1,-1,-1,0,48.692223,0.8704,49.562623
2841,32,528,-1,-1,-1,-1,-1,-1,0,50.066433,0.863232,50.929665
2842,32,32,-1,-1,-1,-1,-1,15.62112,1,15.66208,0.876544,16.538624
2843,32,32,-1,-1,-1,-1,-1,15.574016,1,15.630336,0.877568,16.507904
2844,32,32,-1,-1,-1,-1,-1,15.516672,1,15.582208,0.878592,16.4608
2845,32,32,-1,-1,-1,-1,-1,15.469568,1,15.53408,0.869376,16.403456
2846,32,32,-1,-1,-1,-1,-1,15.473664,1,15.537152,0.8704,16.407552
2847,32,528,-1,-1,-1,-1,-1,-1,0,48.889854,0.868352,49.758206
2848,32,32,-1,-1,-1,-1,-1,15.565824,1,15.607808,0.872448,16.480256
2849,32,32,-1,-1,-1,-1,-1,15.507456,1,15.571968,0.871424,16.443392
2850,32,32,-1,-1,-1,-1,-1,15.463424,1,15.526912,0.867328,16.39424
2851,32,32,-1,-1,-1,-1,-1,15.476736,1,15.542272,0.874496,16.416768
2852,32,32,-1,-1,-1,-1,-1,15.475712,1,15.540224,0.873472,16.413696
2853,32,528,-1,-1,-1,-1,-1,-1,0,48.976894,0.868352,49.845246
2854,32,528,-1,-1,-1,-1,-1,-1,0,50.033665,0.869376,50.903041
2855,32,32,-1,-1,-1,-1,-1,15.604736,1,15.6672,0.876544,16.543744
2856,32,32,-1,-1,-1,-1,-1,15.517696,1,15.583232,0.874496,16.457728
2857,32,32,-1,-1,-1,-1,-1,15.474688,1,15.5392,0.868352,16.407552
2858,32,32,-1,-1,-1,-1,-1,15.4624,1,15.50336,0.8704,16.37376
2859,32,32,-1,-1,-1,-1,-1,15.470592,1,15.535104,0.873472,16.408576
2860,32,32,-1,-1,-1,-1,-1,15.473664,1,15.537152,0.873472,16.410624
2861,32,32,-1,-1,-1,-1,-1,15.473664,1,15.538176,0.878592,16.416768
2862,32,32,-1,-1,-1,-1,-1,15.437824,1,15.501312,0.8704,16.371712
2863,32,528,-1,-1,-1,-1,-1,-1,0,48.697346,0.867328,49.564674
2864,32,32,-1,-1,-1,-1,-1,15.63136,1,15.673344,0.883712,16.557056
2865,32,32,-1,-1,-1,-1,-1,15.532032,1,15.596544,0.873472,16.470016
2866,32,32,-1,-1,-1,-1,-1,15.476736,1,15.53408,0.878592,16.412672
2867,32,32,-1,-1,-1,-1,-1,15.473664,1,15.538176,0.879616,16.417792
2868,32,32,-1,-1,-1,-1,-1,15.475712,1,15.538176,0.882688,16.420864
2869,32,32,-1,-1,-1,-1,-1,15.494144,1,15.558656,0.871424,16.43008
2870,32,32,-1,-1,-1,-1,-1,15.480832,1,15.538176,0.882688,16.420864
2871,32,32,-1,-1,-1,-1,-1,15.428608,1,15.492096,0.873472,16.365568
2872,32,32,-1,-1,-1,-1,-1,15.449088,1,15.504384,0.871424,16.375808
2873,32,32,-1,-1,-1,-1,-1,15.449088,1,15.514624,0.883712,16.398336
2874,32,528,-1,-1,-1,-1,-1,-1,0,48.809982,0.86528,49.675262
2875,32,32,-1,-1,-1,-1,-1,15.664128,1,15.729664,0.881664,16.611328
2876,32,32,-1,-1,-1,-1,-1,15.589376,1,15.65696,0.878592,16.535552
2877,32,528,-1,-1,-1,-1,-1,-1,0,48.958466,0.868352,49.826818
2878,32,32,-1,-1,-1,-1,-1,15.650816,1,15.714304,0.889856,16.60416
2879,32,32,-1,-1,-1,-1,-1,15.557632,1,15.622144,0.88064,16.502784
2880,32,32,-1,-1,-1,-1,-1,15.510528,1,15.553536,0.873472,16.427008
2881,32,1024,-1,-1,-1,-1,-1,-1,0,71.187454,0.881664,72.069118
2882,32,32,-1,-1,-1,-1,-1,15.788032,1,15.853568,0.889856,16.743424
2883,32,32,-1,-1,-1,-1,-1,15.65184,1,15.717376,0.876544,16.59392
2884,32,32,-1,-1,-1,-1,-1,15.555584,1,15.620096,0.877568,16.497664
2885,32,32,-1,-1,-1,-1,-1,15.514624,1,15.571968,0.873472,16.44544
2886,32,32,-1,-1,-1,-1,-1,15.478784,1,15.542272,0.873472,16.415744
2887,32,32,-1,-1,-1,-1,-1,15.46752,1,15.509504,0.881664,16.391168
2888,32,527,-1,-1,-1,-1,-1,-1,0,48.940033,0.866304,49.806337
2889,32,32,-1,-1,-1,-1,-1,15.633408,1,15.69792,0.874496,16.572416
2890,32,32,-1,-1,-1,-1,-1,15.598592,1,15.653888,0.871424,16.525312
2891,32,528,-1,-1,-1,-1,-1,-1,0,49.246208,0.872448,50.118656
2892,32,32,-1,-1,-1,-1,-1,15.63136,1,15.674368,0.889856,16.564224
2893,32,528,-1,-1,-1,-1,-1,-1,0,49.551361,0.8704,50.421761
2894,32,32,-1,-1,-1,-1,-1,15.6416,1,15.681536,0.882688,16.564224
2895,32,32,-1,-1,-1,-1,-1,15.571968,1,15.63136,0.873472,16.504832
2896,32,32,-1,-1,-1,-1,-1,15.497216,1,15.540224,0.877568,16.417792
2897,32,32,-1,-1,-1,-1,-1,15.47264,1,15.529984,0.87552,16.405504
2898,32,32,-1,-1,-1,-1,-1,15.475712,1,15.533056,0.879616,16.412672
2899,32,32,-1,-1,-1,-1,-1,15.49312,1,15.557632,0.879616,16.437248
2900,32,528,-1,-1,-1,-1,-1,-1,0,49.025024,0.873472,49.898496
2901,32,528,-1,-1,-1,-1,-1,-1,0,50.120705,0.872448,50.993153
2902,32,528,-1,-1,-1,-1,-1,-1,0,50.024448,0.872448,50.896896
2903,32,32,-1,-1,-1,-1,-1,15.622144,1,15.664128,0.876544,16.540672
2904,32,32,-1,-1,-1,-1,-1,15.516672,1,15.583232,0.896,16.479232
2905,32,32,-1,-1,-1,-1,-1,15.492096,1,15.54944,0.876544,16.425984
2906,32,32,-1,-1,-1,-1,-1,15.458304,1,15.522816,0.873472,16.396288
2907,32,32,-1,-1,-1,-1,-1,15.490048,1,15.553536,0.872448,16.425984
2908,32,528,-1,-1,-1,-1,-1,-1,0,48.878593,0.8704,49.748993
2909,32,32,-1,-1,-1,-1,-1,15.606784,1,15.664128,0.886784,16.550912
2910,32,32,-1,-1,-1,-1,-1,15.561728,1,15.602688,0.882688,16.485376
2911,32,528,-1,-1,-1,-1,-1,-1,0,49.062912,0.876544,49.939456
2912,32,32,-1,-1,-1,-1,-1,15.611904,1,15.653888,0.884736,16.538624
2913,32,32,-1,-1,-1,-1,-1,15.5648,1,15.622144,0.88064,16.502784
2914,32,32,-1,-1,-1,-1,-1,15.512576,1,15.577088,0.871424,16.448512
2915,32,32,-1,-1,-1,-1,-1,15.469568,1,15.509504,0.876544,16.386048
2916,32,528,-1,-1,-1,-1,-1,-1,0,48.734207,0.867328,49.601535
2917,32,32,-1,-1,-1,-1,-1,15.560704,1,15.625216,0.8704,16.495616
2918,32,32,-1,-1,-1,-1,-1,15.50848,1,15.565824,0.879616,16.44544
2919,32,528,-1,-1,-1,-1,-1,-1,0,48.828415,0.868352,49.696767
2920,32,32,-1,-1,-1,-1,-1,15.602688,1,15.666176,0.882688,16.548864
2921,32,527,-1,-1,-1,-1,-1,-1,0,49.381374,0.867328,50.248702
2922,32,32,-1,-1,-1,-1,-1,15.6416,1,15.706112,0.88064,16.586752
2923,32,32,-1,-1,-1,-1,-1,15.567872,1,15.632384,0.886784,16.519168
2924,32,527,-1,-1,-1,-1,-1,-1,0,48.985088,0.86528,49.850368
2925,32,32,-1,-1,-1,-1,-1,15.639552,1,15.70304,0.877568,16.580608
2926,32,32,-1,-1,-1,-1,-1,15.555584,1,15.599616,0.87552,16.475136
2927,32,32,-1,-1,-1,-1,-1,15.486976,1,15.552512,0.873472,16.425984
2928,32,528,-1,-1,-1,-1,-1,-1,0,48.964607,0.866304,49.830911
2929,32,32,-1,-1,-1,-1,-1,15.612928,1,15.676416,0.877568,16.553984
2930,32,528,-1,-1,-1,-1,-1,-1,0,49.415169,0.872448,50.287617
2931,32,528,-1,-1,-1,-1,-1,-1,0,50.079742,0.871424,50.951166
2932,32,32,-1,-1,-1,-1,-1,15.61088,1,15.676416,0.88064,16.557056
2933,32,32,-1,-1,-1,-1,-1,15.55968,1,15.62624,0.87552,16.50176
2934,32,32,-1,-1,-1,-1,-1,15.514624,1,15.577088,0.882688,16.459776
2935,32,32,-1,-1,-1,-1,-1,15.468544,1,15.53408,0.87552,16.4096
2936,32,528,-1,-1,-1,-1,-1,-1,0,49.056767,0.869376,49.926143
2937,32,32,-1,-1,-1,-1,-1,15.607808,1,15.671296,0.874496,16.545792
2938,32,528,-1,-1,-1,-1,-1,-1,0,49.441792,0.869376,50.311168
2939,32,32,-1,-1,-1,-1,-1,15.60576,1,15.670272,0.886784,16.557056
2940,32,32,-1,-1,-1,-1,-1,15.547392,1,15.603712,0.876544,16.480256
2941,32,32,-1,-1,-1,-1,-1,15.474688,1,15.538176,0.892928,16.431104
2942,32,32,-1,-1,-1,-1,-1,15.448064,1,15.492096,0.886784,16.37888
2943,32,528,-1,-1,-1,-1,-1,-1,0,49.045506,0.877568,49.923074
2944,32,32,-1,-1,-1,-1,-1,15.601664,1,15.666176,0.88576,16.551936
2945,32,32,-1,-1,-1,-1,-1,15.53408,1,15.598592,0.888832,16.487424
2946,32,32,-1,-1,-1,-1,-1,15.521792,1,15.587328,0.898048,16.485376
2947,32,32,-1,-1,-1,-1,-1,15.48288,1,15.541248,0.889856,16.431104
2948,32,528,-1,-1,-1,-1,-1,-1,0,49.000446,0.882688,49.883134
2949,32,32,-1,-1,-1,-1,-1,15.614976,1,15.680512,0.883712,16.564224
2950,32,32,-1,-1,-1,-1,-1,15.533056,1,15.599616,0.891904,16.49152
2951,32,32,-1,-1,-1,-1,-1,15.522816,1,15.579136,0.881664,16.4608
2952,32,32,-1,-1,-1,-1,-1,15.47776,1,15.54432,0.88064,16.42496
2953,32,32,-1,-1,-1,-1,-1,15.49824,1,15.561728,0.881664,16.443392
2954,32,1024,-1,-1,-1,-1,-1,-1,0,70.660095,0.898048,71.558143
2955,32,528,-1,-1,-1,-1,-1,-1,0,51.100674,0.884736,51.98541
2956,32,32,-1,-1,-1,-1,-1,15.632384,1,15.696896,0.889856,16.586752
2957,32,32,-1,-1,-1,-1,-1,15.535104,1,15.60064,0.88576,16.4864
2958,32,32,-1,-1,-1,-1,-1,15.496192,1,15.540224,0.884736,16.42496
2959,32,32,-1,-1,-1,-1,-1,15.4624,1,15.527936,0.88576,16.413696
2960,32,32,-1,-1,-1,-1,-1,15.446016,1,15.510528,0.881664,16.392192
2961,32,32,-1,-1,-1,-1,-1,15.454208,1,15.519744,0.883712,16.403456
2962,32,528,-1,-1,-1,-1,-1,-1,0,48.971775,0.884736,49.856511
2963,32,32,-1,-1,-1,-1,-1,15.612928,1,15.671296,0.888832,16.560128
2964,32,32,-1,-1,-1,-1,-1,15.571968,1,15.63136,0.892928,16.524288
2965,32,32,-1,-1,-1,-1,-1,15.510528,1,15.58016,0.877568,16.457728
2966,32,32,-1,-1,-1,-1,-1,15.459328,1,15.526912,0.89088,16.417792
2967,32,32,-1,-1,-1,-1,-1,15.464448,1,15.522816,0.89088,16.413696
2968,32,32,-1,-1,-1,-1,-1,15.470592,1,15.537152,0.894976,16.432128
2969,32,32,-1,-1,-1,-1,-1,15.471616,1,15.52896,0.881664,16.410624
2970,32,528,-1,-1,-1,-1,-1,-1,0,48.6656,0.866304,49.531904
2971,32,32,-1,-1,-1,-1,-1,15.66208,1,15.729664,0.882688,16.612352
2972,32,32,-1,-1,-1,-1,-1,15.637504,1,15.70304,0.88576,16.5888
2973,32,32,-1,-1,-1,-1,-1,15.562752,1,15.630336,0.883712,16.514048
2974,32,32,-1,-1,-1,-1,-1,15.535104,1,15.579136,0.887808,16.466944
2975,32,32,-1,-1,-1,-1,-1,15.476736,1,15.54432,0.888832,16.433152
2976,32,32,-1,-1,-1,-1,-1,15.47776,1,15.543296,0.89088,16.434176
2977,32,32,-1,-1,-1,-1,-1,15.479808,1,15.546368,0.881664,16.428032
2978,32,32,-1,-1,-1,-1,-1,15.468544,1,15.536128,0.883712,16.41984
2979,32,1024,-1,-1,-1,-1,-1,-1,0,70.452225,0.886784,71.339009
2980,32,32,-1,-1,-1,-1,-1,15.813632,1,15.881216,0.893952,16.775168
2981,32,32,-1,-1,-1,-1,-1,15.730688,1,15.799296,0.889856,16.689152
2982,32,528,-1,-1,-1,-1,-1,-1,0,49.454079,0.876544,50.330623
2983,32,32,-1,-1,-1,-1,-1,15.612928,1,15.680512,0.897024,16.577536
2984,32,32,-1,-1,-1,-1,-1,15.529984,1,15.588352,0.881664,16.470016
2985,32,32,-1,-1,-1,-1,-1,15.489024,1,15.553536,0.871424,16.42496
2986,32,32,-1,-1,-1,-1,-1,15.464448,1,15.522816,0.867328,16.390144
2987,32,32,-1,-1,-1,-1,-1,15.465472,1,15.529984,0.872448,16.402433
2988,32,32,-1,-1,-1,-1,-1,15.460352,1,15.516672,0.88064,16.397312
2989,32,32,-1,-1,-1,-1,-1,15.48288,1,15.548416,0.873472,16.421888
2990,32,32,-1,-1,-1,-1,-1,15.439872,1,15.481856,0.88576,16.367616
2991,32,32,-1,-1,-1,-1,-1,15.458304,1,15.52384,0.882688,16.406528
2992,32,32,-1,-1,-1,-1,-1,15.456256,1,15.520768,0.878592,16.39936
2993,32,32,-1,-1,-1,-1,-1,15.44704,1,15.504384,0.889856,16.39424
2994,32,528,-1,-1,-1,-1,-1,-1,0,48.55603,0.866304,49.422334
2995,32,32,-1,-1,-1,-1,-1,15.650816,1,15.70816,0.883712,16.591872
2996,32,32,-1,-1,-1,-1,-1,15.5136,1,15.578112,0.878592,16.456704
2997,32,528,-1,-1,-1,-1,-1,-1,0,48.838657,0.868352,49.707009
2998,32,32,-1,-1,-1,-1,-1,15.623168,1,15.68768,0.88576,16.57344
2999,32,32,-1,-1,-1,-1,-1,15.51872,1,15.576064,0.877568,16.453632
3000,32,32,-1,-1,-1,-1,-1,15.473664,1,15.536128,0.883712,16.41984
3001,32,32,-1,-1,-1,-1,-1,15.473664,1,15.536128,0.886784,16.422912
3002,32,528,-1,-1,-1,-1,-1,-1,0,48.997375,0.881664,49.879039
3003,32,528,-1,-1,-1,-1,-1,-1,0,50.045952,0.878592,50.924544
3004,32,32,-1,-1,-1,-1,-1,15.64672,1,15.711232,0.887808,16.59904
3005,32,32,-1,-1,-1,-1,-1,15.606784,1,15.673344,0.889856,16.5632
3006,32,32,-1,-1,-1,-1,-1,15.512576,1,15.557632,0.886784,16.444416
3007,32,32,-1,-1,-1,-1,-1,15.475712,1,15.541248,0.881664,16.422912
3008,32,32,-1,-1,-1,-1,-1,15.483904,1,15.548416,0.884736,16.433152
3009,32,32,-1,-1,-1,-1,-1,15.484928,1,15.541248,0.868352,16.4096
3010,32,528,-1,-1,-1,-1,-1,-1,0,48.995327,0.869376,49.864703
3011,32,32,-1,-1,-1,-1,-1,15.638528,1,15.704064,0.88064,16.584704
3012,32,528,-1,-1,-1,-1,-1,-1,0,49.41824,0.869376,50.287616
3013,32,32,-1,-1,-1,-1,-1,15.63136,1,15.696896,0.879616,16.576512
3014,32,528,-1,-1,-1,-1,-1,-1,0,49.305599,0.868352,50.173951
3015,32,32,-1,-1,-1,-1,-1,15.630336,1,15.694848,0.888832,16.58368
3016,32,32,-1,-1,-1,-1,-1,15.581184,1,15.647744,0.872448,16.520192
3017,32,32,-1,-1,-1,-1,-1,15.532032,1,15.596544,0.879616,16.47616
3018,32,528,-1,-1,-1,-1,-1,-1,0,48.788479,0.872448,49.660927
3019,32,32,-1,-1,-1,-1,-1,15.561728,1,15.62624,0.886784,16.513024
3020,32,32,-1,-1,-1,-1,-1,15.50336,1,15.567872,0.873472,16.441344
3021,32,32,-1,-1,-1,-1,-1,15.475712,1,15.540224,0.874496,16.41472
3022,32,32,-1,-1,-1,-1,-1,15.4624,1,15.504384,0.878592,16.382976
3023,32,32,-1,-1,-1,-1,-1,15.466496,1,15.532032,0.877568,16.4096
3024,32,32,-1,-1,-1,-1,-1,15.474688,1,15.5392,0.871424,16.410624
3025,32,528,-1,-1,-1,-1,-1,-1,0,48.66048,0.868352,49.528832
3026,32,32,-1,-1,-1,-1,-1,15.614976,1,15.679488,0.884736,16.564224
3027,32,527,-1,-1,-1,-1,-1,-1,0,49.43565,0.869376,50.305026
3028,32,32,-1,-1,-1,-1,-1,15.652864,1,15.719424,0.877568,16.596992
3029,32,32,-1,-1,-1,-1,-1,15.524864,1,15.5904,0.88064,16.47104
3030,32,32,-1,-1,-1,-1,-1,15.50848,1,15.574016,0.869376,16.443392
3031,32,528,-1,-1,-1,-1,-1,-1,0,48.88781,0.871424,49.759234
3032,32,32,-1,-1,-1,-1,-1,15.65184,1,15.716352,0.879616,16.595968
3033,32,528,-1,-1,-1,-1,-1,-1,0,49.419266,0.871424,50.29069
3034,32,32,-1,-1,-1,-1,-1,15.643648,1,15.709184,0.882688,16.591872
3035,32,32,-1,-1,-1,-1,-1,15.521792,1,15.581184,0.876544,16.457728
3036,32,32,-1,-1,-1,-1,-1,15.48288,1,15.524864,0.877568,16.402432
3037,32,32,-1,-1,-1,-1,-1,15.486976,1,15.552512,0.876544,16.429056
3038,32,32,-1,-1,-1,-1,-1,15.468544,1,15.511552,0.878592,16.390144
3039,32,32,-1,-1,-1,-1,-1,15.489024,1,15.552512,0.8704,16.422912
3040,32,32,-1,-1,-1,-1,-1,15.478784,1,15.542272,0.87552,16.417792
3041,32,528,-1,-1,-1,-1,-1,-1,0,48.856064,0.874496,49.73056
3042,32,32,-1,-1,-1,-1,-1,15.640576,1,15.707136,0.87552,16.582656
3043,32,32,-1,-1,-1,-1,-1,15.591424,1,15.65696,0.886784,16.543744
3044,32,528,-1,-1,-1,-1,-1,-1,0,49.329151,0.874496,50.203647
3045,32,527,-1,-1,-1,-1,-1,-1,0,50.2528,0.873472,51.126272
3046,32,32,-1,-1,-1,-1,-1,15.668224,1,15.731712,0.878592,16.610304
3047,32,32,-1,-1,-1,-1,-1,15.611904,1,15.670272,0.878592,16.548864
3048,32,1023,-1,-1,-1,-1,-1,-1,0,71.042046,0.87552,71.917566
3049,32,32,-1,-1,-1,-1,-1,15.771648,1,15.828992,0.896,16.724992
3050,32,32,-1,-1,-1,-1,-1,15.613952,1,15.679488,0.883712,16.5632
3051,32,32,-1,-1,-1,-1,-1,15.521792,1,15.579136,0.872448,16.451584
3052,32,32,-1,-1,-1,-1,-1,15.488,1,15.531008,0.873472,16.40448
3053,32,32,-1,-1,-1,-1,-1,15.47264,1,15.5136,0.881664,16.395264
3054,32,32,-1,-1,-1,-1,-1,15.478784,1,15.519744,0.876544,16.396288
3055,32,32,-1,-1,-1,-1,-1,15.497216,1,15.552512,0.874496,16.427008
3056,32,32,-1,-1,-1,-1,-1,15.489024,1,15.552512,0.873472,16.425984
3057,32,527,-1,-1,-1,-1,-1,-1,0,48.708607,0.882688,49.591295
3058,32,32,-1,-1,-1,-1,-1,15.655936,1,15.719424,0.883712,16.603136
3059,32,32,-1,-1,-1,-1,-1,15.531008,1,15.596544,0.874496,16.47104
3060,32,528,-1,-1,-1,-1,-1,-1,0,49.074177,0.874496,49.948673
3061,32,1024,-1,-1,-1,-1,-1,-1,0,72.286209,0.876544,73.162753
3062,32,32,-1,-1,-1,-1,-1,15.77472,1,15.84128,0.899072,16.740352
3063,32,32,-1,-1,-1,-1,-1,15.643648,1,15.707136,0.87552,16.582656
3064,32,32,-1,-1,-1,-1,-1,15.566848,1,15.630336,0.873472,16.503808
3065,32,32,-1,-1,-1,-1,-1,15.481856,1,15.547392,0.874496,16.421888
3066,32,528,-1,-1,-1,-1,-1,-1,0,48.792576,0.867328,49.659904
3067,32,528,-1,-1,-1,-1,-1,-1,0,49.885185,0.88064,50.765825
3068,32,32,-1,-1,-1,-1,-1,15.606784,1,15.648768,0.878592,16.52736
3069,32,32,-1,-1,-1,-1,-1,15.598592,1,15.642624,0.88064,16.523264
3070,32,527,-1,-1,-1,-1,-1,-1,0,49.574913,0.868352,50.443265
3071,32,32,-1,-1,-1,-1,-1,15.547392,1,15.61088,0.883712,16.494592
3072,32,32,-1,-1,-1,-1,-1,15.486976,1,15.529984,0.874496,16.40448
3073,32,32,-1,-1,-1,-1,-1,15.4624,1,15.527936,0.869376,16.397312
3074,32,32,-1,-1,-1,-1,-1,15.455232,1,15.519744,0.869376,16.38912
3075,32,32,-1,-1,-1,-1,-1,15.455232,1,15.519744,0.872448,16.392192
3076,32,32,-1,-1,-1,-1,-1,15.437824,1,15.501312,0.871424,16.372736
3077,32,528,-1,-1,-1,-1,-1,-1,0,49.062912,0.871424,49.934336
3078,32,32,-1,-1,-1,-1,-1,15.606784,1,15.665152,0.87552,16.540672
3079,32,32,-1,-1,-1,-1,-1,15.542272,1,15.606784,0.887808,16.494592
3080,32,32,-1,-1,-1,-1,-1,15.511552,1,15.576064,0.882688,16.458752
3081,32,527,-1,-1,-1,-1,-1,-1,0,48.681984,0.868352,49.550336
3082,32,32,-1,-1,-1,-1,-1,15.593472,1,15.657984,0.883712,16.541696
3083,32,528,-1,-1,-1,-1,-1,-1,0,49.629185,0.867328,50.496513
3084,32,32,-1,-1,-1,-1,-1,15.65184,1,15.693824,0.88064,16.574464
3085,32,32,-1,-1,-1,-1,-1,15.627264,1,15.671296,0.887808,16.559104
3086,32,32,-1,-1,-1,-1,-1,15.543296,1,15.587328,0.874496,16.461824
3087,32,32,-1,-1,-1,-1,-1,15.515648,1,15.571968,0.878592,16.45056
3088,32,32,-1,-1,-1,-1,-1,15.471616,1,15.5136,0.8704,16.384
3089,32,32,-1,-1,-1,-1,-1,15.468544,1,15.53408,0.876544,16.410624
3090,32,528,-1,-1,-1,-1,-1,-1,0,49.017857,0.873472,49.891329
3091,32,32,-1,-1,-1,-1,-1,15.607808,1,15.665152,0.878592,16.543744
3092,32,32,-1,-1,-1,-1,-1,15.505408,1,15.572992,0.877568,16.45056
3093,32,32,-1,-1,-1,-1,-1,15.47776,1,15.54432,0.8704,16.41472
3094,32,32,-1,-1,-1,-1,-1,15.450112,1,15.515648,0.87552,16.391168
3095,32,32,-1,-1,-1,-1,-1,15.459328,1,15.522816,0.872448,16.395264
3096,32,32,-1,-1,-1,-1,-1,15.44192,1,15.506432,0.876544,16.382976
3097,32,528,-1,-1,-1,-1,-1,-1,0,49.076225,0.87552,49.951745
3098,32,32,-1,-1,-1,-1,-1,15.612928,1,15.671296,0.872448,16.543744
3099,32,32,-1,-1,-1,-1,-1,15.555584,1,15.623168,0.88064,16.503808
3100,32,32,-1,-1,-1,-1,-1,15.519744,1,15.563776,0.879616,16.443392
3101,32,32,-1,-1,-1,-1,-1,15.488,1,15.529984,0.879616,16.4096
3102,32,32,-1,-1,-1,-1,-1,15.499264,1,15.542272,0.873472,16.415744
3103,32,32,-1,-1,-1,-1,-1,15.480832,1,15.537152,0.872448,16.4096
3104,32,32,-1,-1,-1,-1,-1,15.488,1,15.531008,0.874496,16.405504
3105,32,32,-1,-1,-1,-1,-1,15.495168,1,15.55968,0.87552,16.4352
3106,32,32,-1,-1,-1,-1,-1,15.47264,1,15.52896,0.876544,16.405504
3107,32,32,-1,-1,-1,-1,-1,15.453184,1,15.516672,0.871424,16.388096
3108,32,1519,-1,-1,-1,-1,-1,-1,0,99.517441,0.882688,100.400129
3109,32,32,-1,-1,-1,-1,-1,15.821824,1,15.888384,0.892928,16.781312
3110,32,32,-1,-1,-1,-1,-1,15.752192,1,15.8208,0.872448,16.693248
3111,32,32,-1,-1,-1,-1,-1,15.596544,1,15.663104,0.878592,16.541696
3112,32,32,-1,-1,-1,-1,-1,15.502336,1,15.566848,0.874496,16.441344
3113,32,32,-1,-1,-1,-1,-1,15.49312,1,15.558656,0.872448,16.431104
3114,32,528,-1,-1,-1,-1,-1,-1,0,48.905216,0.868352,49.773568
3115,32,32,-1,-1,-1,-1,-1,15.632384,1,15.690752,0.879616,16.570368
3116,32,528,-1,-1,-1,-1,-1,-1,0,49.412094,0.868352,50.280446
3117,32,32,-1,-1,-1,-1,-1,15.613952,1,15.65696,0.87552,16.53248
3118,32,32,-1,-1,-1,-1,-1,15.507456,1,15.54944,0.873472,16.422912
3119,32,528,-1,-1,-1,-1,-1,-1,0,48.920574,0.86528,49.785854
3120,32,528,-1,-1,-1,-1,-1,-1,0,50.119678,0.874496,50.994174
3121,32,32,-1,-1,-1,-1,-1,15.6672,1,15.72352,0.87552,16.59904
3122,32,32,-1,-1,-1,-1,-1,15.58016,1,15.644672,0.88064,16.525312
3123,32,32,-1,-1,-1,-1,-1,15.545344,1,15.588352,0.879616,16.467968
3124,32,32,-1,-1,-1,-1,-1,15.484928,1,15.550464,0.871424,16.421888
3125,32,32,-1,-1,-1,-1,-1,15.458304,1,15.522816,0.869376,16.392192
3126,32,32,-1,-1,-1,-1,-1,15.479808,1,15.543296,0.869376,16.412672
3127,32,32,-1,-1,-1,-1,-1,15.473664,1,15.52896,0.873472,16.402432
3128,32,32,-1,-1,-1,-1,-1,15.463424,1,15.51872,0.873472,16.392192
3129,32,32,-1,-1,-1,-1,-1,15.48288,1,15.546368,0.871424,16.417792
3130,32,32,-1,-1,-1,-1,-1,15.44192,1,15.49824,0.868352,16.366592
3131,32,32,-1,-1,-1,-1,-1,15.43168,1,15.495168,0.868352,16.36352
3132,32,32,-1,-1,-1,-1,-1,15.438848,1,15.49312,0.869376,16.362496
3133,32,32,-1,-1,-1,-1,-1,15.450112,1,15.491072,0.87552,16.366592
3134,32,32,-1,-1,-1,-1,-1,15.435776,1,15.47776,0.868352,16.346112
3135,32,32,-1,-1,-1,-1,-1,15.435776,1,15.499264,0.871424,16.370688
3136,32,32,-1,-1,-1,-1,-1,15.451136,1,15.514624,0.873472,16.388096
3137,32,32,-1,-1,-1,-1,-1,15.439872,1,15.496192,0.869376,16.365568
3138,32,528,-1,-1,-1,-1,-1,-1,0,48.662529,0.868352,49.530881
3139,32,528,-1,-1,-1,-1,-1,-1,0,50.194431,0.868352,51.062783
3140,32,32,-1,-1,-1,-1,-1,15.668224,1,15.73376,0.888832,16.622592
3141,32,32,-1,-1,-1,-1,-1,15.593472,1,15.660032,0.873472,16.533504
3142,32,32,-1,-1,-1,-1,-1,15.545344,1,15.61088,0.871424,16.482304
3143,32,32,-1,-1,-1,-1,-1,15.496192,1,15.55968,0.874496,16.434176
3144,32,528,-1,-1,-1,-1,-1,-1,0,48.871426,0.871424,49.74285
3145,32,32,-1,-1,-1,-1,-1,15.63648,1,15.702016,0.886784,16.5888
3146,32,32,-1,-1,-1,-1,-1,15.609856,1,15.6672,0.881664,16.548864
3147,32,32,-1,-1,-1,-1,-1,15.560704,1,15.625216,0.876544,16.50176
3148,32,32,-1,-1,-1,-1,-1,15.541248,1,15.604736,0.871424,16.47616
3149,32,528,-1,-1,-1,-1,-1,-1,0,49.125378,0.871424,49.996802
3150,32,32,-1,-1,-1,-1,-1,15.66208,1,15.704064,0.876544,16.580608
3151,32,32,-1,-1,-1,-1,-1,15.540224,1,15.597568,0.874496,16.472064
3152,32,528,-1,-1,-1,-1,-1,-1,0,48.885761,0.871424,49.757185
3153,32,32,-1,-1,-1,-1,-1,15.642624,1,15.706112,0.88064,16.586752
3154,32,32,-1,-1,-1,-1,-1,15.550464,1,15.616,0.877568,16.493568
3155,32,32,-1,-1,-1,-1,-1,15.49824,1,15.55456,0.873472,16.428032
3156,32,32,-1,-1,-1,-1,-1,15.50848,1,15.571968,0.871424,16.443392
3157,32,528,-1,-1,-1,-1,-1,-1,0,48.967682,0.863232,49.830914
3158,32,528,-1,-1,-1,-1,-1,-1,0,50.002945,0.873472,50.876417
3159,32,528,-1,-1,-1,-1,-1,-1,0,50.409473,0.867328,51.276801
3160,32,32,-1,-1,-1,-1,-1,15.68768,1,15.752192,0.88576,16.637952
3161,32,32,-1,-1,-1,-1,-1,15.620096,1,15.678464,0.873472,16.551936
3162,32,32,-1,-1,-1,-1,-1,15.576064,1,15.634432,0.877568,16.512
3163,32,528,-1,-1,-1,-1,-1,-1,0,49.068031,0.86528,49.933311
3164,32,32,-1,-1,-1,-1,-1,15.68256,1,15.747072,0.883712,16.630784
3165,32,32,-1,-1,-1,-1,-1,15.61088,1,15.67744,0.889856,16.567296
3166,32,32,-1,-1,-1,-1,-1,15.574016,1,15.618048,0.879616,16.497664
3167,32,528,-1,-1,-1,-1,-1,-1,0,49.052673,0.869376,49.922049
3168,32,32,-1,-1,-1,-1,-1,15.62624,1,15.690752,0.882688,16.57344
3169,32,32,-1,-1,-1,-1,-1,15.577088,1,15.620096,0.879616,16.499712
3170,32,32,-1,-1,-1,-1,-1,15.52896,1,15.586304,0.872448,16.458752
3171,32,32,-1,-1,-1,-1,-1,15.468544,1,15.531008,0.877568,16.408576
3172,32,32,-1,-1,-1,-1,-1,15.488,1,15.552512,0.878592,16.431104
3173,32,528,-1,-1,-1,-1,-1,-1,0,49.034241,0.869376,49.903617
3174,32,528,-1,-1,-1,-1,-1,-1,0,50.054146,0.877568,50.931714
3175,32,32,-1,-1,-1,-1,-1,15.632384,1,15.69792,0.87552,16.57344
3176,32,32,-1,-1,-1,-1,-1,15.563776,1,15.628288,0.876544,16.504832
3177,32,32,-1,-1,-1,-1,-1,15.496192,1,15.561728,0.874496,16.436224
3178,32,528,-1,-1,-1,-1,-1,-1,0,48.932865,0.87552,49.808385
3179,32,32,-1,-1,-1,-1,-1,15.642624,1,15.707136,0.881664,16.5888
3180,32,32,-1,-1,-1,-1,-1,15.584256,1,15.649792,0.876544,16.526336
3181,32,32,-1,-1,-1,-1,-1,15.538176,1,15.601664,0.871424,16.473088
3182,32,32,-1,-1,-1,-1,-1,15.486976,1,15.529984,0.876544,16.406528
3183,32,528,-1,-1,-1,-1,-1,-1,0,48.965633,0.869376,49.835009
3184,32,32,-1,-1,-1,-1,-1,15.645696,1,15.702016,0.879616,16.581632
3185,32,528,-1,-1,-1,-1,-1,-1,0,49.496063,0.867328,50.363391
3186,32,528,-1,-1,-1,-1,-1,-1,0,50.368511,0.868352,51.236863
3187,32,527,-1,-1,-1,-1,-1,-1,0,50.375679,0.868352,51.244031
3188,32,32,-1,-1,-1,-1,-1,15.664128,1,15.729664,0.887808,16.617472
3189,32,32,-1,-1,-1,-1,-1,15.608832,1,15.676416,0.89088,16.567296
3190,32,32,-1,-1,-1,-1,-1,15.547392,1,15.604736,0.876544,16.48128
3191,32,32,-1,-1,-1,-1,-1,15.524864,1,15.589376,0.873472,16.462848
3192,32,32,-1,-1,-1,-1,-1,15.485952,1,15.54944,0.876544,16.425984
3193,32,528,-1,-1,-1,-1,-1,-1,0,48.802814,0.868352,49.671166
3194,32,32,-1,-1,-1,-1,-1,15.576064,1,15.632384,0.873472,16.505856
3195,32,32,-1,-1,-1,-1,-1,15.515648,1,15.581184,0.871424,16.452608
3196,32,32,-1,-1,-1,-1,-1,15.49312,1,15.557632,0.878592,16.436224
3197,32,32,-1,-1,-1,-1,-1,15.464448,1,15.52896,0.873472,16.402432
3198,32,32,-1,-1,-1,-1,-1,15.47264,1,15.514624,0.872448,16.387072
3199,32,528,-1,-1,-1,-1,-1,-1,0,48.942081,0.874496,49.816577
3200,32,32,-1,-1,-1,-1,-1,15.694848,1,15.75936,0.887808,16.647168
3201,32,32,-1,-1,-1,-1,-1,15.629312,1,15.694848,0.878592,16.57344
3202,32,32,-1,-1,-1,-1,-1,15.56992,1,15.629312,0.874496,16.503808
3203,32,528,-1,-1,-1,-1,-1,-1,0,49.071102,0.872448,49.94355
3204,32,528,-1,-1,-1,-1,-1,-1,0,50.072575,0.869376,50.941951
3205,32,32,-1,-1,-1,-1,-1,15.582208,1,15.647744,0.878592,16.526336
3206,32,528,-1,-1,-1,-1,-1,-1,0,49.153023,0.868352,50.021375
3207,32,32,-1,-1,-1,-1,-1,15.570944,1,15.633408,0.881664,16.515072
3208,32,32,-1,-1,-1,-1,-1,15.545344,1,15.611904,0.884736,16.49664
3209,32,32,-1,-1,-1,-1,-1,15.496192,1,15.562752,0.871424,16.434176
3210,32,32,-1,-1,-1,-1,-1,15.469568,1,15.526912,0.876544,16.403456
3211,32,32,-1,-1,-1,-1,-1,15.483904,1,15.547392,0.874496,16.421888
3212,32,32,-1,-1,-1,-1,-1,15.481856,1,15.547392,0.879616,16.427008
3213,32,32,-1,-1,-1,-1,-1,15.483904,1,15.54944,0.883712,16.433152
3214,32,512,-1,-1,-1,-1,-1,-1,0,39.044098,0.867328,39.911426
3215,32,528,-1,-1,-1,-1,-1,-1,0,50.747391,0.872448,51.619839
3216,32,32,-1,-1,-1,-1,-1,15.6928,1,15.760384,0.884736,16.64512
3217,32,32,-1,-1,-1,-1,-1,15.594496,1,15.661056,0.878592,16.539648
3218,32,32,-1,-1,-1,-1,-1,15.532032,1,15.597568,0.882688,16.480256
3219,32,32,-1,-1,-1,-1,-1,15.492096,1,15.556608,0.871424,16.428032
3220,32,32,-1,-1,-1,-1,-1,15.473664,1,15.540224,0.878592,16.418816
3221,32,32,-1,-1,-1,-1,-1,15.458304,1,15.52384,0.871424,16.395264
3222,32,528,-1,-1,-1,-1,-1,-1,0,48.968704,0.8704,49.839104
3223,32,32,-1,-1,-1,-1,-1,15.625216,1,15.688704,0.882688,16.571392
3224,32,32,-1,-1,-1,-1,-1,15.51872,1,15.583232,0.878592,16.461824
3225,32,32,-1,-1,-1,-1,-1,15.489024,1,15.553536,0.878592,16.432128
3226,32,32,-1,-1,-1,-1,-1,15.474688,1,15.5392,0.871424,16.410624
3227,32,32,-1,-1,-1,-1,-1,15.476736,1,15.541248,0.874496,16.415744
3228,32,32,-1,-1,-1,-1,-1,15.479808,1,15.546368,0.8704,16.416768
3229,32,32,-1,-1,-1,-1,-1,15.485952,1,15.550464,0.876544,16.427008
3230,32,32,-1,-1,-1,-1,-1,15.446016,1,15.511552,0.8704,16.381952
3231,32,32,-1,-1,-1,-1,-1,15.4368,1,15.49312,0.882688,16.375808
3232,32,32,-1,-1,-1,-1,-1,15.446016,1,15.509504,0.8704,16.379904
3233,32,32,-1,-1,-1,-1,-1,15.432704,1,15.496192,0.88576,16.381952
3234,32,32,-1,-1,-1,-1,-1,15.434752,1,15.49824,0.872448,16.370688
3235,32,32,-1,-1,-1,-1,-1,15.451136,1,15.50848,0.872448,16.380928
3236,32,32,-1,-1,-1,-1,-1,15.464448,1,15.52896,0.872448,16.401408
3237,32,528,-1,-1,-1,-1,-1,-1,0,48.799744,0.868352,49.668096
3238,32,528,-1,-1,-1,-1,-1,-1,0,50.399231,0.88064,51.279871
3239,32,32,-1,-1,-1,-1,-1,15.68256,1,15.748096,0.887808,16.635904
3240,32,528,-1,-1,-1,-1,-1,-1,0,49.565697,0.8704,50.436097
3241,32,32,-1,-1,-1,-1,-1,15.653888,1,15.717376,0.878592,16.595968
3242,32,32,-1,-1,-1,-1,-1,15.568896,1,15.633408,0.881664,16.515072
3243,32,32,-1,-1,-1,-1,-1,15.535104,1,15.60064,0.872448,16.473088
3244,32,32,-1,-1,-1,-1,-1,15.500288,1,15.563776,0.883712,16.447488
3245,32,32,-1,-1,-1,-1,-1,15.525888,1,15.589376,0.8704,16.459776
3246,32,528,-1,-1,-1,-1,-1,-1,0,48.927746,0.869376,49.797122
3247,32,32,-1,-1,-1,-1,-1,15.63648,1,15.702016,0.87552,16.577536
3248,32,32,-1,-1,-1,-1,-1,15.613952,1,15.679488,0.874496,16.553984
3249,32,32,-1,-1,-1,-1,-1,15.555584,1,15.611904,0.873472,16.485376
3250,32,32,-1,-1,-1,-1,-1,15.515648,1,15.581184,0.879616,16.4608
3251,32,32,-1,-1,-1,-1,-1,15.521792,1,15.586304,0.869376,16.45568
3252,32,528,-1,-1,-1,-1,-1,-1,0,49.074177,0.873472,49.947649
3253,32,32,-1,-1,-1,-1,-1,15.686656,1,15.751168,0.887808,16.638976
3254,32,528,-1,-1,-1,-1,-1,-1,0,49.671169,0.868352,50.539521
3255,32,32,-1,-1,-1,-1,-1,15.637504,1,15.700992,0.873472,16.574464
3256,32,32,-1,-1,-1,-1,-1,15.535104,1,15.598592,0.88064,16.479232
3257,32,528,-1,-1,-1,-1,-1,-1,0,48.909313,0.869376,49.778689
3258,32,32,-1,-1,-1,-1,-1,15.603712,1,15.660032,0.881664,16.541696
3259,32,32,-1,-1,-1,-1,-1,15.558656,1,15.613952,0.877568,16.49152
3260,32,528,-1,-1,-1,-1,-1,-1,0,49.179649,0.868352,50.048001
3261,32,32,-1,-1,-1,-1,-1,15.609856,1,15.671296,0.877568,16.548864
3262,32,32,-1,-1,-1,-1,-1,15.55456,1,15.611904,0.878592,16.490496
3263,32,32,-1,-1,-1,-1,-1,15.515648,1,15.58016,0.881664,16.461824
3264,32,32,-1,-1,-1,-1,-1,15.475712,1,15.540224,0.877568,16.417792
3265,32,32,-1,-1,-1,-1,-1,15.486976,1,15.542272,0.879616,16.421888
3266,32,32,-1,-1,-1,-1,-1,15.48288,1,15.538176,0.867328,16.405504
3267,32,32,-1,-1,-1,-1,-1,15.490048,1,15.546368,0.879616,16.425984
3268,32,32,-1,-1,-1,-1,-1,15.497216,1,15.553536,0.8704,16.423936
3269,32,1024,-1,-1,-1,-1,-1,-1,0,70.874115,0.88064,71.754755
3270,32,32,-1,-1,-1,-1,-1,15.773696,1,15.840256,0.878592,16.718848
3271,32,32,-1,-1,-1,-1,-1,15.694848,1,15.758336,0.871424,16.62976
3272,32,528,-1,-1,-1,-1,-1,-1,0,49.316864,0.869376,50.18624
3273,32,32,-1,-1,-1,-1,-1,15.58528,1,15.648768,0.884736,16.533504
3274,32,528,-1,-1,-1,-1,-1,-1,0,49.329151,0.871424,50.200575
3275,32,32,-1,-1,-1,-1,-1,15.633408,1,15.696896,0.88064,16.577536
3276,32,32,-1,-1,-1,-1,-1,15.55456,1,15.63648,0.874496,16.510976
3277,32,32,-1,-1,-1,-1,-1,15.480832,1,15.522816,0.878592,16.401408
3278,32,32,-1,-1,-1,-1,-1,15.470592,1,15.535104,0.881664,16.416768
3279,32,528,-1,-1,-1,-1,-1,-1,0,48.997375,0.868352,49.865727
3280,32,32,-1,-1,-1,-1,-1,15.625216,1,15.668224,0.88064,16.548864
3281,32,32,-1,-1,-1,-1,-1,15.548416,1,15.612928,0.872448,16.485376
3282,32,32,-1,-1,-1,-1,-1,15.502336,1,15.55968,0.879616,16.439296
3283,32,32,-1,-1,-1,-1,-1,15.465472,1,15.527936,0.867328,16.395264
3284,32,32,-1,-1,-1,-1,-1,15.478784,1,15.535104,0.877568,16.412672
3285,32,32,-1,-1,-1,-1,-1,15.479808,1,15.537152,0.886784,16.423936
3286,32,32,-1,-1,-1,-1,-1,15.512576,1,15.577088,0.872448,16.449536
3287,32,527,-1,-1,-1,-1,-1,-1,0,48.796673,0.86528,49.661953
3288,32,32,-1,-1,-1,-1,-1,15.681536,1,15.746048,0.884736,16.630784
3289,32,32,-1,-1,-1,-1,-1,15.628288,1,15.685632,0.88064,16.566272
3290,32,32,-1,-1,-1,-1,-1,15.591424,1,15.65696,0.871424,16.528384
3291,32,528,-1,-1,-1,-1,-1,-1,0,49.098751,0.864256,49.963007
3292,32,32,-1,-1,-1,-1,-1,15.674368,1,15.737856,0.878592,16.616448
3293,32,32,-1,-1,-1,-1,-1,15.597568,1,15.640576,0.87552,16.516096
3294,32,1024,-1,-1,-1,-1,-1,-1,0,71.000061,0.884736,71.884797
3295,32,32,-1,-1,-1,-1,-1,15.808512,1,15.875072,0.886784,16.761856
3296,32,32,-1,-1,-1,-1,-1,15.66208,1,15.706112,0.881664,16.587776
3297,32,32,-1,-1,-1,-1,-1,15.594496,1,15.659008,0.876544,16.535552
3298,32,32,-1,-1,-1,-1,-1,15.53408,1,15.598592,0.872448,16.47104
3299,32,32,-1,-1,-1,-1,-1,15.471616,1,15.52896,0.878592,16.407552
3300,32,32,-1,-1,-1,-1,-1,15.50336,1,15.568896,0.877568,16.446464
3301,32,32,-1,-1,-1,-1,-1,15.494144,1,15.551488,0.871424,16.422912
3302,32,528,-1,-1,-1,-1,-1,-1,0,49.057793,0.87552,49.933313
3303,32,528,-1,-1,-1,-1,-1,-1,0,50.102272,0.878592,50.980864
3304,32,32,-1,-1,-1,-1,-1,15.665152,1,15.721472,0.88576,16.607232
3305,32,32,-1,-1,-1,-1,-1,15.618048,1,15.675392,0.871424,16.546816
3306,32,528,-1,-1,-1,-1,-1,-1,0,49.071102,0.866304,49.937406
3307,32,528,-1,-1,-1,-1,-1,-1,0,50.352127,0.871424,51.223551
3308,32,528,-1,-1,-1,-1,-1,-1,0,50.405376,0.872448,51.277824
3309,32,32,-1,-1,-1,-1,-1,15.676416,1,15.720448,0.889856,16.610304
3310,32,528,-1,-1,-1,-1,-1,-1,0,49.598465,0.866304,50.464769
3311,32,32,-1,-1,-1,-1,-1,15.612928,1,15.67744,0.878592,16.556032
3312,32,32,-1,-1,-1,-1,-1,15.5136,1,15.556608,0.871424,16.428032
3313,32,32,-1,-1,-1,-1,-1,15.480832,1,15.537152,0.88064,16.417792
3314,32,32,-1,-1,-1,-1,-1,15.47264,1,15.514624,0.876544,16.391168
3315,32,32,-1,-1,-1,-1,-1,15.492096,1,15.548416,0.874496,16.422912
3316,32,32,-1,-1,-1,-1,-1,15.486976,1,15.543296,0.88064,16.423936
3317,32,528,-1,-1,-1,-1,-1,-1,0,48.888832,0.871424,49.760256
3318,32,32,-1,-1,-1,-1,-1,15.60064,1,15.665152,0.88064,16.545792
3319,32,32,-1,-1,-1,-1,-1,15.593472,1,15.657984,0.876544,16.534528
3320,32,32,-1,-1,-1,-1,-1,15.532032,1,15.5904,0.876544,16.466944
3321,32,32,-1,-1,-1,-1,-1,15.485952,1,15.550464,0.878592,16.429056
3322,32,32,-1,-1,-1,-1,-1,15.499264,1,15.556608,0.874496,16.431104
3323,32,32,-1,-1,-1,-1,-1,15.499264,1,15.563776,0.874496,16.438272
3324,32,528,-1,-1,-1,-1,-1,-1,0,48.864258,0.867328,49.731586
3325,32,32,-1,-1,-1,-1,-1,15.635456,1,15.67744,0.883712,16.561152
3326,32,528,-1,-1,-1,-1,-1,-1,0,49.403904,0.874496,50.2784
3327,32,32,-1,-1,-1,-1,-1,15.715328,1,15.772672,0.884736,16.657408
3328,32,528,-1,-1,-1,-1,-1,-1,0,49.707008,0.872448,50.579456
3329,32,32,-1,-1,-1,-1,-1,15.627264,1,15.671296,0.879616,16.550912
3330,32,32,-1,-1,-1,-1,-1,15.57504,1,15.618048,0.87552,16.493568
3331,32,528,-1,-1,-1,-1,-1,-1,0,49.127422,0.871424,49.998846
3332,32,32,-1,-1,-1,-1,-1,15.593472,1,15.65696,0.878592,16.535552
3333,32,32,-1,-1,-1,-1,-1,15.551488,1,15.616,0.88064,16.49664
3334,32,32,-1,-1,-1,-1,-1,15.519744,1,15.584256,0.872448,16.456704
3335,32,528,-1,-1,-1,-1,-1,-1,0,48.919552,0.872448,49.792
3336,32,32,-1,-1,-1,-1,-1,15.618048,1,15.68256,0.879616,16.562176
3337,32,32,-1,-1,-1,-1,-1,15.581184,1,15.645696,0.882688,16.528384
3338,32,528,-1,-1,-1,-1,-1,-1,0,49.245186,0.867328,50.112514
3339,32,32,-1,-1,-1,-1,-1,15.616,1,15.68256,0.881664,16.564224
3340,32,32,-1,-1,-1,-1,-1,15.586304,1,15.653888,0.87552,16.529408
3341,32,32,-1,-1,-1,-1,-1,15.504384,1,15.548416,0.87552,16.423936
3342,32,32,-1,-1,-1,-1,-1,15.464448,1,15.531008,0.874496,16.405504
3343,32,32,-1,-1,-1,-1,-1,15.470592,1,15.536128,0.8704,16.406528
3344,32,32,-1,-1,-1,-1,-1,15.476736,1,15.54432,0.87552,16.41984
3345,32,32,-1,-1,-1,-1,-1,15.478784,1,15.520768,0.871424,16.392192
3346,32,528,-1,-1,-1,-1,-1,-1,0,48.561153,0.869376,49.430529
3347,32,32,-1,-1,-1,-1,-1,15.606784,1,15.671296,0.87552,16.546816
3348,32,511,-1,-1,-1,-1,-1,-1,0,39.846912,0.872448,40.71936
3349,32,32,-1,-1,-1,-1,-1,15.629312,1,15.695872,0.88064,16.576512
3350,32,32,-1,-1,-1,-1,-1,15.58528,1,15.65184,0.876544,16.528384
3351,32,32,-1,-1,-1,-1,-1,15.510528,1,15.579136,0.8704,16.449536
3352,32,32,-1,-1,-1,-1,-1,15.460352,1,15.526912,0.87552,16.402432
3353,32,32,-1,-1,-1,-1,-1,15.463424,1,15.52896,0.871424,16.400384
3354,32,32,-1,-1,-1,-1,-1,15.468544,1,15.533056,0.88064,16.413696
3355,32,32,-1,-1,-1,-1,-1,15.473664,1,15.540224,0.88064,16.420864
3356,32,32,-1,-1,-1,-1,-1,15.469568,1,15.537152,0.872448,16.4096
3357,32,32,-1,-1,-1,-1,-1,15.439872,1,15.483904,0.878592,16.362496
3358,32,32,-1,-1,-1,-1,-1,15.437824,1,15.501312,0.872448,16.37376
3359,32,32,-1,-1,-1,-1,-1,15.437824,1,15.502336,0.889856,16.392192
3360,32,528,-1,-1,-1,-1,-1,-1,0,48.885761,0.882688,49.768449
3361,32,32,-1,-1,-1,-1,-1,15.647744,1,15.6928,0.886784,16.579584
3362,32,32,-1,-1,-1,-1,-1,15.560704,1,15.627264,0.879616,16.50688
3363,32,528,-1,-1,-1,-1,-1,-1,0,49.014786,0.866304,49.88109
3364,32,32,-1,-1,-1,-1,-1,15.620096,1,15.686656,0.872448,16.559104
3365,32,32,-1,-1,-1,-1,-1,15.553536,1,15.619072,0.877568,16.49664
3366,32,32,-1,-1,-1,-1,-1,15.491072,1,15.557632,0.873472,16.431104
3367,32,528,-1,-1,-1,-1,-1,-1,0,48.988159,0.867328,49.855487
3368,32,32,-1,-1,-1,-1,-1,15.643648,1,15.710208,0.884736,16.594944
3369,32,32,-1,-1,-1,-1,-1,15.551488,1,15.617024,0.87552,16.492544
3370,32,528,-1,-1,-1,-1,-1,-1,0,49.018879,0.864256,49.883135
3371,32,32,-1,-1,-1,-1,-1,15.638528,1,15.70304,0.88064,16.58368
3372,32,32,-1,-1,-1,-1,-1,15.529984,1,15.59552,0.882688,16.478208
3373,32,32,-1,-1,-1,-1,-1,15.489024,1,15.531008,0.871424,16.402432
3374,32,32,-1,-1,-1,-1,-1,15.476736,1,15.542272,0.872448,16.41472
3375,32,32,-1,-1,-1,-1,-1,15.471616,1,15.536128,0.873472,16.4096
3376,32,32,-1,-1,-1,-1,-1,15.484928,1,15.542272,0.869376,16.411648
3377,32,32,-1,-1,-1,-1,-1,15.484928,1,15.526912,0.878592,16.405504
3378,32,32,-1,-1,-1,-1,-1,15.451136,1,15.506432,0.872448,16.37888
3379,32,32,-1,-1,-1,-1,-1,15.423488,1,15.488,0.87552,16.36352
3380,32,32,-1,-1,-1,-1,-1,15.458304,1,15.514624,0.88064,16.395264
3381,32,32,-1,-1,-1,-1,-1,15.45216,1,15.506432,0.879616,16.386048
3382,32,528,-1,-1,-1,-1,-1,-1,0,48.854015,0.871424,49.725439
3383,32,32,-1,-1,-1,-1,-1,15.6416,1,15.70816,0.879616,16.587776
3384,32,32,-1,-1,-1,-1,-1,15.59552,1,15.660032,0.87552,16.535552
3385,32,32,-1,-1,-1,-1,-1,15.555584,1,15.611904,0.874496,16.4864
3386,32,32,-1,-1,-1,-1,-1,15.519744,1,15.586304,0.873472,16.459776
3387,32,32,-1,-1,-1,-1,-1,15.504384,1,15.570944,0.881664,16.452608
3388,32,32,-1,-1,-1,-1,-1,15.542272,1,15.599616,0.876544,16.47616
3389,32,32,-1,-1,-1,-1,-1,15.53408,1,15.577088,0.873472,16.45056
3390,32,528,-1,-1,-1,-1,-1,-1,0,48.957439,0.869376,49.826815
3391,32,528,-1,-1,-1,-1,-1,-1,0,50.321407,0.869376,51.190783
3392,32,32,-1,-1,-1,-1,-1,15.740928,1,15.799296,0.887808,16.687104
3393,32,32,-1,-1,-1,-1,-1,15.591424,1,15.635456,0.879616,16.515072
3394,32,32,-1,-1,-1,-1,-1,15.583232,1,15.647744,0.878592,16.526336
3395,32,32,-1,-1,-1,-1,-1,15.540224,1,15.606784,0.873472,16.480256
3396,32,528,-1,-1,-1,-1,-1,-1,0,48.838657,0.873472,49.712129
3397,32,528,-1,-1,-1,-1,-1,-1,0,50.521088,0.868352,51.38944
3398,32,1520,-1,-1,-1,-1,-1,-1,0,101.186562,0.883712,102.070274
3399,32,32,-1,-1,-1,-1,-1,15.792128,1,15.859712,0.88576,16.745472
3400,32,32,-1,-1,-1,-1,-1,15.706112,1,15.770624,0.892928,16.663552
3401,32,32,-1,-1,-1,-1,-1,15.55456,1,15.598592,0.879616,16.478208
3402,32,32,-1,-1,-1,-1,-1,15.497216,1,15.562752,0.879616,16.442368
3403,32,32,-1,-1,-1,-1,-1,15.480832,1,15.546368,0.876544,16.422912
3404,32,32,-1,-1,-1,-1,-1,15.463424,1,15.527936,0.883712,16.411648
3405,32,32,-1,-1,-1,-1,-1,15.45216,1,15.494144,0.887808,16.381952
3406,32,528,-1,-1,-1,-1,-1,-1,0,48.842751,0.882688,49.725439
3407,32,32,-1,-1,-1,-1,-1,15.618048,1,15.67744,0.886784,16.564224
3408,32,32,-1,-1,-1,-1,-1,15.557632,1,15.625216,0.886784,16.512
3409,32,32,-1,-1,-1,-1,-1,15.51872,1,15.563776,0.88576,16.449536
3410,32,528,-1,-1,-1,-1,-1,-1,0,48.750591,0.872448,49.623039
3411,32,32,-1,-1,-1,-1,-1,15.55968,1,15.625216,0.88576,16.510976
3412,32,32,-1,-1,-1,-1,-1,15.524864,1,15.5904,0.896,16.4864
3413,32,32,-1,-1,-1,-1,-1,15.460352,1,15.526912,0.889856,16.416768
3414,32,528,-1,-1,-1,-1,-1,-1,0,49.053696,0.867328,49.921024
3415,32,32,-1,-1,-1,-1,-1,15.635456,1,15.699968,0.876544,16.576512
3416,32,32,-1,-1,-1,-1,-1,15.521792,1,15.5648,0.876544,16.441344
3417,32,528,-1,-1,-1,-1,-1,-1,0,49.034241,0.868352,49.902593
3418,32,32,-1,-1,-1,-1,-1,15.620096,1,15.68768,0.88064,16.56832
3419,32,32,-1,-1,-1,-1,-1,15.555584,1,15.619072,0.879616,16.498688
3420,32,32,-1,-1,-1,-1,-1,15.50336,1,15.570944,0.884736,16.45568
3421,32,528,-1,-1,-1,-1,-1,-1,0,48.962559,0.872448,49.835007
3422,32,32,-1,-1,-1,-1,-1,15.62624,1,15.693824,0.878592,16.572416
3423,32,32,-1,-1,-1,-1,-1,15.519744,1,15.584256,0.876544,16.4608
3424,32,32,-1,-1,-1,-1,-1,15.49312,1,15.55968,0.881664,16.441344
3425,32,528,-1,-1,-1,-1,-1,-1,0,49.137665,0.8704,50.008065
3426,32,32,-1,-1,-1,-1,-1,15.624192,1,15.689728,0.889856,16.579584
3427,32,32,-1,-1,-1,-1,-1,15.5136,1,15.58016,0.888832,16.468992
3428,32,527,-1,-1,-1,-1,-1,-1,0,48.985088,0.879616,49.864704
3429,32,32,-1,-1,-1,-1,-1,15.59552,1,15.664128,0.89088,16.555008
3430,32,528,-1,-1,-1,-1,-1,-1,0,49.548286,0.88576,50.434046
3431,32,32,-1,-1,-1,-1,-1,15.619072,1,15.68768,0.897024,16.584704
3432,32,1024,-1,-1,-1,-1,-1,-1,0,71.768066,0.889856,72.657922
3433,32,32,-1,-1,-1,-1,-1,15.751168,1,15.819776,0.898048,16.717824
3434,32,32,-1,-1,-1,-1,-1,15.601664,1,15.67232,0.90624,16.57856
3435,32,32,-1,-1,-1,-1,-1,15.535104,1,15.602688,0.886784,16.489472
3436,32,32,-1,-1,-1,-1,-1,15.49824,1,15.563776,0.884736,16.448512
3437,32,32,-1,-1,-1,-1,-1,15.474688,1,15.533056,0.881664,16.41472
3438,32,528,-1,-1,-1,-1,-1,-1,0,48.991234,0.883712,49.874946
3439,32,32,-1,-1,-1,-1,-1,15.593472,1,15.653888,0.888832,16.54272
3440,32,32,-1,-1,-1,-1,-1,15.576064,1,15.645696,0.888832,16.534528
3441,32,32,-1,-1,-1,-1,-1,15.49824,1,15.565824,0.88576,16.451584
3442,32,32,-1,-1,-1,-1,-1,15.459328,1,15.517696,0.881664,16.39936
3443,32,32,-1,-1,-1,-1,-1,15.460352,1,15.52896,0.876544,16.405504
3444,32,528,-1,-1,-1,-1,-1,-1,0,49.122303,0.883712,50.006015
3445,32,32,-1,-1,-1,-1,-1,15.676416,1,15.745024,0.892928,16.637952
3446,32,32,-1,-1,-1,-1,-1,15.567872,1,15.629312,0.894976,16.524288
3447,32,32,-1,-1,-1,-1,-1,15.543296,1,15.609856,0.893952,16.503808
3448,32,32,-1,-1,-1,-1,-1,15.495168,1,15.562752,0.886784,16.449536
3449,32,32,-1,-1,-1,-1,-1,15.4624,1,15.520768,0.893952,16.41472
3450,32,32,-1,-1,-1,-1,-1,15.470592,1,15.538176,0.896,16.434176
3451,32,32,-1,-1,-1,-1,-1,15.490048,1,15.53408,0.874496,16.408576
3452,32,32,-1,-1,-1,-1,-1,15.486976,1,15.531008,0.887808,16.418816
3453,32,32,-1,-1,-1,-1,-1,15.470592,1,15.529984,0.88064,16.410624
3454,32,32,-1,-1,-1,-1,-1,15.44704,1,15.512576,0.886784,16.39936
3455,32,528,-1,-1,-1,-1,-1,-1,0,48.568321,0.879616,49.447937
3456,32,32,-1,-1,-1,-1,-1,15.604736,1,15.670272,0.89088,16.561152
3457,32,32,-1,-1,-1,-1,-1,15.547392,1,15.60576,0.888832,16.494592
3458,32,32,-1,-1,-1,-1,-1,15.545344,1,15.612928,0.884736,16.497664
3459,32,32,-1,-1,-1,-1,-1,15.505408,1,15.572992,0.893952,16.466944
3460,32,1487,-1,-1,-1,-1,-1,-1,0,99.42733,0.886784,100.314114
3461,32,32,-1,-1,-1,-1,-1,15.82592,1,15.891456,0.88576,16.777216
3462,32,32,-1,-1,-1,-1,-1,15.684608,1,15.751168,0.88064,16.631808
3463,32,32,-1,-1,-1,-1,-1,15.593472,1,15.65696,0.873472,16.530432
3464,32,32,-1,-1,-1,-1,-1,15.519744,1,15.588352,0.891904,16.480256
3465,32,1023,-1,-1,-1,-1,-1,-1,0,70.704124,0.891904,71.596028
3466,32,32,-1,-1,-1,-1,-1,15.755264,1,15.816704,0.912384,16.729088
3467,32,32,-1,-1,-1,-1,-1,15.690752,1,15.737856,0.886784,16.62464
3468,32,32,-1,-1,-1,-1,-1,15.582208,1,15.628288,0.886784,16.515072
3469,32,528,-1,-1,-1,-1,-1,-1,0,48.916481,0.874496,49.790977
3470,32,32,-1,-1,-1,-1,-1,15.561728,1,15.62624,0.881664,16.507904
3471,32,32,-1,-1,-1,-1,-1,15.532032,1,15.599616,0.883712,16.483328
3472,32,32,-1,-1,-1,-1,-1,15.49824,1,15.562752,0.887808,16.45056
3473,32,32,-1,-1,-1,-1,-1,15.466496,1,15.529984,0.881664,16.411648
3474,32,32,-1,-1,-1,-1,-1,15.464448,1,15.52896,0.884736,16.413696
3475,32,32,-1,-1,-1,-1,-1,15.451136,1,15.516672,0.89088,16.407552
3476,32,527,-1,-1,-1,-1,-1,-1,0,48.95232,0.888832,49.841152
3477,32,32,-1,-1,-1,-1,-1,15.624192,1,15.689728,0.894976,16.584704
3478,32,32,-1,-1,-1,-1,-1,15.529984,1,15.596544,0.888832,16.485376
3479,32,32,-1,-1,-1,-1,-1,15.49312,1,15.556608,0.8704,16.427008
3480,32,32,-1,-1,-1,-1,-1,15.455232,1,15.512576,0.887808,16.400384
3481,32,32,-1,-1,-1,-1,-1,15.455232,1,15.512576,0.871424,16.384
3482,32,32,-1,-1,-1,-1,-1,15.465472,1,15.531008,0.88576,16.416768
3483,32,32,-1,-1,-1,-1,-1,15.463424,1,15.506432,0.893952,16.400384
3484,32,32,-1,-1,-1,-1,-1,15.448064,1,15.490048,0.887808,16.377856
3485,32,32,-1,-1,-1,-1,-1,15.427584,1,15.492096,0.888832,16.380928
3486,32,32,-1,-1,-1,-1,-1,15.432704,1,15.49824,0.88064,16.37888
3487,32,32,-1,-1,-1,-1,-1,15.42144,1,15.485952,0.883712,16.369664
3488,32,528,-1,-1,-1,-1,-1,-1,0,48.679935,0.881664,49.561599
3489,32,32,-1,-1,-1,-1,-1,15.623168,1,15.68768,0.892928,16.580608
3490,32,32,-1,-1,-1,-1,-1,15.570944,1,15.637504,0.88576,16.523264
3491,32,32,-1,-1,-1,-1,-1,15.522816,1,15.581184,0.879616,16.4608
3492,32,32,-1,-1,-1,-1,-1,15.494144,1,15.562752,0.887808,16.45056
3493,32,32,-1,-1,-1,-1,-1,15.496192,1,15.561728,0.878592,16.44032
3494,32,1024,-1,-1,-1,-1,-1,-1,0,70.788094,0.883712,71.671806
3495,32,32,-1,-1,-1,-1,-1,15.813632,1,15.879168,0.899072,16.77824
3496,32,32,-1,-1,-1,-1,-1,15.659008,1,15.727616,0.886784,16.6144
3497,32,32,-1,-1,-1,-1,-1,15.574016,1,15.633408,0.884736,16.518144
3498,32,528,-1,-1,-1,-1,-1,-1,0,49.09568,0.868352,49.964032
3499,32,32,-1,-1,-1,-1,-1,15.633408,1,15.676416,0.89088,16.567296
3500,32,32,-1,-1,-1,-1,-1,15.5392,1,15.584256,0.879616,16.463872
3501,32,32,-1,-1,-1,-1,-1,15.486976,1,15.553536,0.88064,16.434176
3502,32,32,-1,-1,-1,-1,-1,15.47776,1,15.542272,0.877568,16.41984
3503,32,32,-1,-1,-1,-1,-1,15.469568,1,15.536128,0.887808,16.423936
3504,32,32,-1,-1,-1,-1,-1,15.48288,1,15.547392,0.874496,16.421888
3505,32,528,-1,-1,-1,-1,-1,-1,0,49.019905,0.883712,49.903617
3506,32,32,-1,-1,-1,-1,-1,15.632384,1,15.69792,0.88576,16.58368
3507,32,32,-1,-1,-1,-1,-1,15.535104,1,15.578112,0.893952,16.472064
3508,32,32,-1,-1,-1,-1,-1,15.471616,1,15.538176,0.888832,16.427008
3509,32,32,-1,-1,-1,-1,-1,15.480832,1,15.546368,0.882688,16.429056
3510,32,32,-1,-1,-1,-1,-1,15.489024,1,15.546368,0.881664,16.428032
3511,32,32,-1,-1,-1,-1,-1,15.490048,1,15.532032,0.889856,16.421888
3512,32,32,-1,-1,-1,-1,-1,15.49312,1,15.558656,0.889856,16.448512
3513,32,32,-1,-1,-1,-1,-1,15.448064,1,15.514624,0.879616,16.39424
3514,32,528,-1,-1,-1,-1,-1,-1,0,48.958466,0.886784,49.84525
3515,32,32,-1,-1,-1,-1,-1,15.650816,1,15.693824,0.88576,16.579584
3516,32,1024,-1,-1,-1,-1,-1,-1,0,71.234558,0.886784,72.121342
3517,32,32,-1,-1,-1,-1,-1,15.780864,1,15.849472,0.900096,16.749568
3518,32,32,-1,-1,-1,-1,-1,15.717376,1,15.787008,0.896,16.683008
3519,32,32,-1,-1,-1,-1,-1,15.609856,1,15.674368,0.897024,16.571392
3520,32,32,-1,-1,-1,-1,-1,15.529984,1,15.59552,0.886784,16.482304
3521,32,32,-1,-1,-1,-1,-1,15.483904,1,15.54944,0.88576,16.4352
3522,32,32,-1,-1,-1,-1,-1,15.484928,1,15.552512,0.884736,16.437248
3523,32,527,-1,-1,-1,-1,-1,-1,0,49.015808,0.877568,49.893376
3524,32,32,-1,-1,-1,-1,-1,15.645696,1,15.71328,0.887808,16.601088
3525,32,528,-1,-1,-1,-1,-1,-1,0,49.350655,0.879616,50.230271
3526,32,528,-1,-1,-1,-1,-1,-1,0,50.042881,0.877568,50.920449
3527,32,528,-1,-1,-1,-1,-1,-1,0,50.168831,0.879616,51.048447
3528,32,32,-1,-1,-1,-1,-1,15.663104,1,15.730688,0.889856,16.620544
3529,32,32,-1,-1,-1,-1,-1,15.567872,1,15.627264,0.88064,16.507904
3530,32,32,-1,-1,-1,-1,-1,15.53408,1,15.593472,0.898048,16.49152
3531,32,32,-1,-1,-1,-1,-1,15.484928,1,15.529984,0.88576,16.415744
3532,32,32,-1,-1,-1,-1,-1,15.495168,1,15.55968,0.89088,16.45056
3533,32,32,-1,-1,-1,-1,-1,15.496192,1,15.561728,0.887808,16.449536
3534,32,32,-1,-1,-1,-1,-1,15.509504,1,15.56992,0.888832,16.458752
3535,32,32,-1,-1,-1,-1,-1,15.49312,1,15.556608,0.90112,16.457728
3536,32,32,-1,-1,-1,-1,-1,15.45728,1,15.520768,0.881664,16.402432
3537,32,32,-1,-1,-1,-1,-1,15.443968,1,15.50848,0.886784,16.395264
3538,32,528,-1,-1,-1,-1,-1,-1,0,48.784386,0.879616,49.664002
3539,32,32,-1,-1,-1,-1,-1,15.660032,1,15.70304,0.884736,16.587776
3540,32,32,-1,-1,-1,-1,-1,15.561728,1,15.629312,0.884736,16.514048
3541,32,32,-1,-1,-1,-1,-1,15.50848,1,15.57504,0.897024,16.472064
3542,32,32,-1,-1,-1,-1,-1,15.517696,1,15.58528,0.879616,16.464896
3543,32,528,-1,-1,-1,-1,-1,-1,0,48.939007,0.886784,49.825791
3544,32,32,-1,-1,-1,-1,-1,15.649792,1,15.71328,0.90112,16.6144
3545,32,480,-1,-1,-1,-1,-1,-1,0,39.706623,0.882688,40.589311
3546,32,528,-1,-1,-1,-1,-1,-1,0,50.466816,0.873472,51.340288
3547,32,528,-1,-1,-1,-1,-1,-1,0,50.565121,0.872448,51.437569
3548,32,32,-1,-1,-1,-1,-1,15.657984,1,15.725568,0.88576,16.611328
3549,32,32,-1,-1,-1,-1,-1,15.59552,1,15.663104,0.881664,16.544768
3550,32,32,-1,-1,-1,-1,-1,15.526912,1,15.591424,0.877568,16.468992
3551,32,32,-1,-1,-1,-1,-1,15.497216,1,15.563776,0.88064,16.444416
3552,32,32,-1,-1,-1,-1,-1,15.490048,1,15.556608,0.879616,16.436224
3553,32,32,-1,-1,-1,-1,-1,15.488,1,15.555584,0.874496,16.43008
3554,32,32,-1,-1,-1,-1,-1,15.521792,1,15.589376,0.874496,16.463872
3555,32,32,-1,-1,-1,-1,-1,15.47264,1,15.516672,0.871424,16.388096
3556,32,528,-1,-1,-1,-1,-1,-1,0,48.844799,0.874496,49.719295
3557,32,32,-1,-1,-1,-1,-1,15.644672,1,15.711232,0.878592,16.589824
3558,32,32,-1,-1,-1,-1,-1,15.620096,1,15.679488,0.89088,16.570368
3559,32,32,-1,-1,-1,-1,-1,15.548416,1,15.616,0.87552,16.49152
3560,32,32,-1,-1,-1,-1,-1,15.495168,1,15.551488,0.871424,16.422912
3561,32,527,-1,-1,-1,-1,-1,-1,0,49.058815,0.868352,49.927167
3562,32,528,-1,-1,-1,-1,-1,-1,0,50.276352,0.876544,51.152896
3563,32,32,-1,-1,-1,-1,-1,15.707136,1,15.772672,0.884736,16.657408
3564,32,528,-1,-1,-1,-1,-1,-1,0,49.716225,0.883712,50.599937
3565,32,32,-1,-1,-1,-1,-1,15.64672,1,15.71328,0.886784,16.600064
3566,32,528,-1,-1,-1,-1,-1,-1,0,49.229824,0.88064,50.110464
3567,32,32,-1,-1,-1,-1,-1,15.625216,1,15.688704,0.88576,16.574464
3568,32,32,-1,-1,-1,-1,-1,15.560704,1,15.625216,0.900096,16.525312
3569,32,32,-1,-1,-1,-1,-1,15.533056,1,15.591424,0.887808,16.479232
3570,32,32,-1,-1,-1,-1,-1,15.480832,1,15.546368,0.888832,16.4352
3571,32,32,-1,-1,-1,-1,-1,15.499264,1,15.542272,0.881664,16.423936
3572,32,528,-1,-1,-1,-1,-1,-1,0,49.023998,0.876544,49.900542
3573,32,528,-1,-1,-1,-1,-1,-1,0,50.413567,0.884736,51.298303
3574,32,528,-1,-1,-1,-1,-1,-1,0,50.412544,0.881664,51.294208
3575,32,32,-1,-1,-1,-1,-1,15.649792,1,15.716352,0.881664,16.598016
3576,32,32,-1,-1,-1,-1,-1,15.541248,1,15.586304,0.877568,16.463872
3577,32,32,-1,-1,-1,-1,-1,15.512576,1,15.571968,0.877568,16.449536
3578,32,32,-1,-1,-1,-1,-1,15.468544,1,15.536128,0.88064,16.416768
3579,32,32,-1,-1,-1,-1,-1,15.450112,1,15.515648,0.873472,16.38912
3580,32,32,-1,-1,-1,-1,-1,15.464448,1,15.52896,0.873472,16.402432
3581,32,32,-1,-1,-1,-1,-1,15.469568,1,15.535104,0.876544,16.411648
3582,32,32,-1,-1,-1,-1,-1,15.483904,1,15.547392,0.877568,16.42496
3583,32,32,-1,-1,-1,-1,-1,15.437824,1,15.480832,0.877568,16.3584
3584,32,32,-1,-1,-1,-1,-1,15.434752,1,15.499264,0.874496,16.37376
3585,32,528,-1,-1,-1,-1,-1,-1,0,48.613377,0.86528,49.478657
3586,32,528,-1,-1,-1,-1,-1,-1,0,50.454529,0.8704,51.324929
3587,32,32,-1,-1,-1,-1,-1,15.6672,1,15.711232,0.886784,16.598016
3588,32,32,-1,-1,-1,-1,-1,15.5904,1,15.647744,0.874496,16.52224
3589,32,32,-1,-1,-1,-1,-1,15.5392,1,15.60576,0.883712,16.489472
3590,32,527,-1,-1,-1,-1,-1,-1,0,48.963585,0.877568,49.841153
3591,32,528,-1,-1,-1,-1,-1,-1,0,50.206718,0.876544,51.083262
3592,32,32,-1,-1,-1,-1,-1,15.67744,1,15.720448,0.888832,16.60928
3593,32,32,-1,-1,-1,-1,-1,15.642624,1,15.710208,0.889856,16.600064
3594,32,32,-1,-1,-1,-1,-1,15.572992,1,15.638528,0.872448,16.510976
3595,32,528,-1,-1,-1,-1,-1,-1,0,48.993279,0.878592,49.871871
3596,32,32,-1,-1,-1,-1,-1,15.59552,1,15.66208,0.889856,16.551936
3597,32,32,-1,-1,-1,-1,-1,15.563776,1,15.607808,0.891904,16.499712
3598,32,32,-1,-1,-1,-1,-1,15.519744,1,15.583232,0.883712,16.466944
3599,32,32,-1,-1,-1,-1,-1,15.494144,1,15.538176,0.886784,16.42496
3600,32,32,-1,-1,-1,-1,-1,15.490048,1,15.553536,0.89088,16.444416
3601,32,528,-1,-1,-1,-1,-1,-1,0,49.009663,0.883712,49.893375
3602,32,32,-1,-1,-1,-1,-1,15.63136,1,15.69792,0.886784,16.584704
3603,32,527,-1,-1,-1,-1,-1,-1,0,49.279999,0.876544,50.156543
3604,32,32,-1,-1,-1,-1,-1,15.604736,1,15.669248,0.879616,16.548864
3605,32,32,-1,-1,-1,-1,-1,15.560704,1,15.619072,0.886784,16.505856
3606,32,32,-1,-1,-1,-1,-1,15.505408,1,15.571968,0.893952,16.46592
3607,32,32,-1,-1,-1,-1,-1,15.479808,1,15.546368,0.884736,16.431104
3608,32,528,-1,-1,-1,-1,-1,-1,0,49.067009,0.883712,49.950721
3609,32,32,-1,-1,-1,-1,-1,15.619072,1,15.68256,0.881664,16.564224
3610,32,32,-1,-1,-1,-1,-1,15.516672,1,15.582208,0.87552,16.457728
3611,32,32,-1,-1,-1,-1,-1,15.473664,1,15.5392,0.873472,16.412672
3612,32,32,-1,-1,-1,-1,-1,15.464448,1,15.52896,0.869376,16.398336
3613,32,32,-1,-1,-1,-1,-1,15.470592,1,15.5136,0.876544,16.390144
3614,32,528,-1,-1,-1,-1,-1,-1,0,48.894978,0.883712,49.77869
3615,32,32,-1,-1,-1,-1,-1,15.653888,1,15.695872,0.888832,16.584704
3616,32,32,-1,-1,-1,-1,-1,15.619072,1,15.663104,0.882688,16.545792
3617,32,32,-1,-1,-1,-1,-1,15.545344,1,15.601664,0.894976,16.49664
3618,32,32,-1,-1,-1,-1,-1,15.517696,1,15.58528,0.874496,16.459776
3619,32,32,-1,-1,-1,-1,-1,15.455232,1,15.497216,0.876544,16.37376
3620,32,528,-1,-1,-1,-1,-1,-1,0,48.990208,0.878592,49.8688
3621,32,32,-1,-1,-1,-1,-1,15.597568,1,15.663104,0.878592,16.541696
3622,32,32,-1,-1,-1,-1,-1,15.52384,1,15.5904,0.879616,16.470016
3623,32,32,-1,-1,-1,-1,-1,15.478784,1,15.54432,0.883712,16.428032
3624,32,32,-1,-1,-1,-1,-1,15.48288,1,15.538176,0.873472,16.411648
3625,32,527,-1,-1,-1,-1,-1,-1,0,48.914433,0.872448,49.786881
3626,32,32,-1,-1,-1,-1,-1,15.69792,1,15.755264,0.889856,16.64512
3627,32,32,-1,-1,-1,-1,-1,15.603712,1,15.670272,0.88576,16.556032
3628,32,32,-1,-1,-1,-1,-1,15.552512,1,15.619072,0.872448,16.49152
3629,32,32,-1,-1,-1,-1,-1,15.507456,1,15.550464,0.868352,16.418816
3630,32,32,-1,-1,-1,-1,-1,15.502336,1,15.558656,0.87552,16.434176
3631,32,32,-1,-1,-1,-1,-1,15.501312,1,15.543296,0.88576,16.429056
3632,32,32,-1,-1,-1,-1,-1,15.500288,1,15.541248,0.874496,16.415744
3633,32,32,-1,-1,-1,-1,-1,15.519744,1,15.579136,0.88576,16.464896
3634,32,528,-1,-1,-1,-1,-1,-1,0,48.755711,0.881664,49.637375
3635,32,32,-1,-1,-1,-1,-1,15.644672,1,15.688704,0.893952,16.582656
3636,32,32,-1,-1,-1,-1,-1,15.556608,1,15.622144,0.884736,16.50688
3637,32,528,-1,-1,-1,-1,-1,-1,0,49.036289,0.866304,49.902593
3638,32,32,-1,-1,-1,-1,-1,15.644672,1,15.700992,0.879616,16.580608
3639,32,32,-1,-1,-1,-1,-1,15.53408,1,15.599616,0.871424,16.47104
3640,32,32,-1,-1,-1,-1,-1,15.488,1,15.543296,0.88064,16.423936
3641,32,32,-1,-1,-1,-1,-1,15.479808,1,15.537152,0.882688,16.41984
3642,32,528,-1,-1,-1,-1,-1,-1,0,49.119232,0.879616,49.998848
3643,32,32,-1,-1,-1,-1,-1,15.635456,1,15.700992,0.882688,16.58368
3644,32,32,-1,-1,-1,-1,-1,15.584256,1,15.649792,0.87552,16.525312
3645,32,32,-1,-1,-1,-1,-1,15.52384,1,15.567872,0.879616,16.447488
3646,32,32,-1,-1,-1,-1,-1,15.488,1,15.553536,0.871424,16.42496
3647,32,32,-1,-1,-1,-1,-1,15.492096,1,15.535104,0.8704,16.405504
3648,32,32,-1,-1,-1,-1,-1,15.505408,1,15.54944,0.868352,16.417792
3649,32,32,-1,-1,-1,-1,-1,15.50336,1,15.561728,0.878592,16.44032
3650,32,528,-1,-1,-1,-1,-1,-1,0,48.732159,0.874496,49.606655
3651,32,32,-1,-1,-1,-1,-1,15.637504,1,15.681536,0.891904,16.57344
3652,32,1024,-1,-1,-1,-1,-1,-1,0,71.625725,0.894976,72.520701
3653,32,32,-1,-1,-1,-1,-1,15.794176,1,15.862784,0.896,16.758784
3654,32,528,-1,-1,-1,-1,-1,-1,0,50.077698,0.878592,50.95629
3655,32,32,-1,-1,-1,-1,-1,15.648768,1,15.715328,0.892928,16.608256
3656,32,32,-1,-1,-1,-1,-1,15.567872,1,15.625216,0.897024,16.52224
3657,32,528,-1,-1,-1,-1,-1,-1,0,48.953342,0.882688,49.83603
3658,32,528,-1,-1,-1,-1,-1,-1,0,50.425858,0.884736,51.310594
3659,32,32,-1,-1,-1,-1,-1,15.70816,1,15.776768,0.889856,16.666624
3660,32,32,-1,-1,-1,-1,-1,15.60576,1,15.663104,0.897024,16.560128
3661,32,32,-1,-1,-1,-1,-1,15.491072,1,15.537152,0.881664,16.418816
3662,32,32,-1,-1,-1,-1,-1,15.458304,1,15.524864,0.88064,16.405504
3663,32,32,-1,-1,-1,-1,-1,15.461376,1,15.504384,0.876544,16.380928
3664,32,32,-1,-1,-1,-1,-1,15.468544,1,15.512576,0.88064,16.393216
3665,32,32,-1,-1,-1,-1,-1,15.47264,1,15.5392,0.881664,16.420864
3666,32,32,-1,-1,-1,-1,-1,15.47776,1,15.54432,0.87552,16.41984
3667,32,32,-1,-1,-1,-1,-1,15.433728,1,15.47776,0.88576,16.36352
3668,32,32,-1,-1,-1,-1,-1,15.432704,1,15.497216,0.883712,16.380928
3669,32,32,-1,-1,-1,-1,-1,15.443968,1,15.502336,0.882688,16.385024
3670,32,32,-1,-1,-1,-1,-1,15.438848,1,15.50336,0.884736,16.388096
3671,32,1024,-1,-1,-1,-1,-1,-1,0,70.664192,0.893952,71.558144
3672,32,32,-1,-1,-1,-1,-1,15.776768,1,15.842304,0.897024,16.739328
3673,32,32,-1,-1,-1,-1,-1,15.72352,1,15.793152,0.876544,16.669696
3674,32,32,-1,-1,-1,-1,-1,15.60064,1,15.668224,0.876544,16.544768
3675,32,528,-1,-1,-1,-1,-1,-1,0,49.251328,0.879616,50.130944
3676,32,32,-1,-1,-1,-1,-1,15.65696,1,15.722496,0.88064,16.603136
3677,32,32,-1,-1,-1,-1,-1,15.60064,1,15.643648,0.884736,16.528384
3678,32,32,-1,-1,-1,-1,-1,15.543296,1,15.609856,0.878592,16.488448
3679,32,32,-1,-1,-1,-1,-1,15.492096,1,15.53408,0.886784,16.420864
3680,32,32,-1,-1,-1,-1,-1,15.497216,1,15.5392,0.883712,16.422912
3681,32,32,-1,-1,-1,-1,-1,15.500288,1,15.5648,0.869376,16.434176
3682,32,528,-1,-1,-1,-1,-1,-1,0,49.027073,0.867328,49.894401
3683,32,32,-1,-1,-1,-1,-1,15.698944,1,15.741952,0.881664,16.623616
3684,32,32,-1,-1,-1,-1,-1,15.618048,1,15.685632,0.872448,16.55808
3685,32,32,-1,-1,-1,-1,-1,15.574016,1,15.632384,0.886784,16.519168
3686,32,32,-1,-1,-1,-1,-1,15.517696,1,15.577088,0.881664,16.458752
3687,32,32,-1,-1,-1,-1,-1,15.49824,1,15.563776,0.886784,16.45056
3688,32,32,-1,-1,-1,-1,-1,15.490048,1,15.55456,0.871424,16.425984
3689,32,32,-1,-1,-1,-1,-1,15.499264,1,15.562752,0.884736,16.447488
3690,32,528,-1,-1,-1,-1,-1,-1,0,49.197056,0.874496,50.071552
3691,32,528,-1,-1,-1,-1,-1,-1,0,50.10944,0.881664,50.991104
3692,32,32,-1,-1,-1,-1,-1,15.660032,1,15.702016,0.884736,16.586752
3693,32,528,-1,-1,-1,-1,-1,-1,0,49.717247,0.878592,50.595839
3694,32,32,-1,-1,-1,-1,-1,15.654912,1,15.719424,0.88576,16.605184
3695,32,32,-1,-1,-1,-1,-1,15.58016,1,15.623168,0.873472,16.49664
3696,32,32,-1,-1,-1,-1,-1,15.531008,1,15.574016,0.876544,16.45056
3697,32,32,-1,-1,-1,-1,-1,15.499264,1,15.555584,0.871424,16.427008
3698,32,1024,-1,-1,-1,-1,-1,-1,0,70.975487,0.878592,71.854079
3699,32,32,-1,-1,-1,-1,-1,15.804416,1,15.849472,0.894976,16.744448
3700,32,528,-1,-1,-1,-1,-1,-1,0,50.225151,0.882688,51.107839
3701,32,32,-1,-1,-1,-1,-1,15.66208,1,15.7184,0.882688,16.601088
3702,32,528,-1,-1,-1,-1,-1,-1,0,49.310719,0.868352,50.179071
3703,32,32,-1,-1,-1,-1,-1,15.617024,1,15.68256,0.884736,16.567296
3704,32,32,-1,-1,-1,-1,-1,15.581184,1,15.64672,0.873472,16.520192
3705,32,528,-1,-1,-1,-1,-1,-1,0,49.268738,0.869376,50.138114
3706,32,32,-1,-1,-1,-1,-1,15.614976,1,15.680512,0.889856,16.570368
3707,32,32,-1,-1,-1,-1,-1,15.561728,1,15.627264,0.873472,16.500736
3708,32,528,-1,-1,-1,-1,-1,-1,0,48.912384,0.883712,49.796096
3709,32,32,-1,-1,-1,-1,-1,15.640576,1,15.704064,0.898048,16.602112
3710,32,32,-1,-1,-1,-1,-1,15.604736,1,15.671296,0.876544,16.54784
3711,32,32,-1,-1,-1,-1,-1,15.551488,1,15.59552,0.882688,16.478208
3712,32,32,-1,-1,-1,-1,-1,15.516672,1,15.55968,0.882688,16.442368
3713,32,32,-1,-1,-1,-1,-1,15.455232,1,15.51872,0.888832,16.407552
3714,32,528,-1,-1,-1,-1,-1,-1,0,49.002495,0.881664,49.884159
3715,32,528,-1,-1,-1,-1,-1,-1,0,50.22208,0.881664,51.103744
3716,32,32,-1,-1,-1,-1,-1,15.695872,1,15.75424,0.879616,16.633856
3717,32,528,-1,-1,-1,-1,-1,-1,0,49.716225,0.877568,50.593793
3718,32,32,-1,-1,-1,-1,-1,15.607808,1,15.673344,0.878592,16.551936
3719,32,32,-1,-1,-1,-1,-1,15.496192,1,15.562752,0.878592,16.441344
3720,32,32,-1,-1,-1,-1,-1,15.463424,1,15.529984,0.8704,16.400384
3721,32,528,-1,-1,-1,-1,-1,-1,0,48.950272,0.876544,49.826816
3722,32,32,-1,-1,-1,-1,-1,15.657984,1,15.716352,0.886784,16.603136
3723,32,528,-1,-1,-1,-1,-1,-1,0,49.620991,0.872448,50.493439
3724,32,32,-1,-1,-1,-1,-1,15.61088,1,15.675392,0.881664,16.557056
3725,32,32,-1,-1,-1,-1,-1,15.540224,1,15.596544,0.887808,16.484352
3726,32,32,-1,-1,-1,-1,-1,15.500288,1,15.557632,0.879616,16.437248
3727,32,528,-1,-1,-1,-1,-1,-1,0,49.003521,0.878592,49.882113
3728,32,32,-1,-1,-1,-1,-1,15.614976,1,15.65696,0.877568,16.534528
3729,32,528,-1,-1,-1,-1,-1,-1,0,49.290241,0.871424,50.161665
3730,32,32,-1,-1,-1,-1,-1,15.616,1,15.680512,0.88064,16.561152
3731,32,32,-1,-1,-1,-1,-1,15.576064,1,15.639552,0.873472,16.513024
3732,32,32,-1,-1,-1,-1,-1,15.495168,1,15.561728,0.87552,16.437248
3733,32,32,-1,-1,-1,-1,-1,15.448064,1,15.5136,0.878592,16.392192
3734,32,32,-1,-1,-1,-1,-1,15.45216,1,15.517696,0.89088,16.408576
3735,32,32,-1,-1,-1,-1,-1,15.473664,1,15.540224,0.872448,16.412672
3736,32,32,-1,-1,-1,-1,-1,15.501312,1,15.565824,0.871424,16.437248
3737,32,32,-1,-1,-1,-1,-1,15.469568,1,15.535104,0.882688,16.417792
3738,32,32,-1,-1,-1,-1,-1,15.427584,1,15.492096,0.8704,16.362496
3739,32,32,-1,-1,-1,-1,-1,15.439872,1,15.505408,0.87552,16.380928
3740,32,32,-1,-1,-1,-1,-1,15.439872,1,15.50336,0.868352,16.371712
3741,32,528,-1,-1,-1,-1,-1,-1,0,48.644096,0.869376,49.513472
3742,32,32,-1,-1,-1,-1,-1,15.635456,1,15.67744,0.878592,16.556032
3743,32,32,-1,-1,-1,-1,-1,15.536128,1,15.593472,0.878592,16.472064
3744,32,32,-1,-1,-1,-1,-1,15.500288,1,15.543296,0.874496,16.417792
3745,32,32,-1,-1,-1,-1,-1,15.474688,1,15.538176,0.869376,16.407552
3746,32,32,-1,-1,-1,-1,-1,15.481856,1,15.546368,0.882688,16.429056
3747,32,528,-1,-1,-1,-1,-1,-1,0,48.920574,0.872448,49.793022
3748,32,32,-1,-1,-1,-1,-1,15.623168,1,15.68768,0.876544,16.564224
3749,32,32,-1,-1,-1,-1,-1,15.565824,1,15.632384,0.873472,16.505856
3750,32,32,-1,-1,-1,-1,-1,15.519744,1,15.576064,0.874496,16.45056
3751,32,32,-1,-1,-1,-1,-1,15.49824,1,15.55456,0.872448,16.427008
3752,32,32,-1,-1,-1,-1,-1,15.463424,1,15.505408,0.88576,16.391168
3753,32,32,-1,-1,-1,-1,-1,15.47264,1,15.537152,0.881664,16.418816
3754,32,528,-1,-1,-1,-1,-1,-1,0,48.836609,0.868352,49.704961
3755,32,32,-1,-1,-1,-1,-1,15.664128,1,15.726592,0.878592,16.605184
3756,32,528,-1,-1,-1,-1,-1,-1,0,49.969151,0.8704,50.839551
3757,32,528,-1,-1,-1,-1,-1,-1,0,50.650112,0.878592,51.528704
3758,32,32,-1,-1,-1,-1,-1,15.685632,1,15.72864,0.884736,16.613376
3759,32,32,-1,-1,-1,-1,-1,15.618048,1,15.68256,0.88576,16.56832
3760,32,32,-1,-1,-1,-1,-1,15.54432,1,15.587328,0.882688,16.470016
3761,32,32,-1,-1,-1,-1,-1,15.473664,1,15.537152,0.87552,16.412672
3762,32,32,-1,-1,-1,-1,-1,15.47776,1,15.542272,0.872448,16.41472
3763,32,32,-1,-1,-1,-1,-1,15.480832,1,15.54432,0.874496,16.418816
3764,32,32,-1,-1,-1,-1,-1,15.480832,1,15.545344,0.88064,16.425984
3765,32,32,-1,-1,-1,-1,-1,15.454208,1,15.51872,0.872448,16.391168
3766,32,32,-1,-1,-1,-1,-1,15.453184,1,15.50848,0.867328,16.375808
3767,32,32,-1,-1,-1,-1,-1,15.439872,1,15.495168,0.872448,16.367616
3768,32,32,-1,-1,-1,-1,-1,15.456256,1,15.49824,0.878592,16.376832
3769,32,528,-1,-1,-1,-1,-1,-1,0,48.87347,0.88064,49.75411
3770,32,32,-1,-1,-1,-1,-1,15.663104,1,15.72864,0.891904,16.620544
3771,32,32,-1,-1,-1,-1,-1,15.543296,1,15.609856,0.869376,16.479232
3772,32,32,-1,-1,-1,-1,-1,15.49312,1,15.55968,0.871424,16.431104
3773,32,528,-1,-1,-1,-1,-1,-1,0,48.996353,0.882688,49.879041
3774,32,528,-1,-1,-1,-1,-1,-1,0,50.398209,0.89088,51.289089
3775,32,528,-1,-1,-1,-1,-1,-1,0,50.51392,0.88064,51.39456
3776,32,527,-1,-1,-1,-1,-1,-1,0,50.498562,0.873472,51.372034
3777,32,32,-1,-1,-1,-1,-1,15.6672,1,15.732736,0.879616,16.612352
3778,32,32,-1,-1,-1,-1,-1,15.5648,1,15.63136,0.874496,16.505856
3779,32,1023,-1,-1,-1,-1,-1,-1,0,70.843391,0.888832,71.732223
3780,32,32,-1,-1,-1,-1,-1,15.763456,1,15.830016,0.891904,16.72192
3781,32,32,-1,-1,-1,-1,-1,15.661056,1,15.727616,0.891904,16.61952
3782,32,32,-1,-1,-1,-1,-1,15.56992,1,15.627264,0.877568,16.504832
3783,32,32,-1,-1,-1,-1,-1,15.506432,1,15.571968,0.886784,16.458752
3784,32,32,-1,-1,-1,-1,-1,15.46752,1,15.510528,0.878592,16.38912
3785,32,32,-1,-1,-1,-1,-1,15.478784,1,15.536128,0.87552,16.411648
3786,32,32,-1,-1,-1,-1,-1,15.479808,1,15.545344,0.876544,16.421888
3787,32,32,-1,-1,-1,-1,-1,15.473664,1,15.5392,0.88576,16.42496
3788,32,32,-1,-1,-1,-1,-1,15.4624,1,15.527936,0.876544,16.40448
3789,32,32,-1,-1,-1,-1,-1,15.443968,1,15.509504,0.877568,16.387072
3790,32,32,-1,-1,-1,-1,-1,15.43168,1,15.497216,0.872448,16.369664
3791,32,32,-1,-1,-1,-1,-1,15.435776,1,15.501312,0.881664,16.382976
3792,32,32,-1,-1,-1,-1,-1,15.438848,1,15.481856,0.88064,16.362496
3793,32,32,-1,-1,-1,-1,-1,15.444992,1,15.510528,0.874496,16.385024
3794,32,32,-1,-1,-1,-1,-1,15.450112,1,15.5136,0.869376,16.382976
3795,32,32,-1,-1,-1,-1,-1,15.4624,1,15.527936,0.871424,16.39936
3796,32,528,-1,-1,-1,-1,-1,-1,0,48.961536,0.869376,49.830912
3797,32,32,-1,-1,-1,-1,-1,15.623168,1,15.686656,0.878592,16.565248
3798,32,32,-1,-1,-1,-1,-1,15.577088,1,15.6416,0.876544,16.518144
3799,32,528,-1,-1,-1,-1,-1,-1,0,49.195007,0.882688,50.077695
3800,32,32,-1,-1,-1,-1,-1,15.673344,1,15.716352,0.877568,16.59392
3801,32,528,-1,-1,-1,-1,-1,-1,0,49.384449,0.878592,50.263041
3802,32,32,-1,-1,-1,-1,-1,15.668224,1,15.732736,0.883712,16.616448
3803,32,32,-1,-1,-1,-1,-1,15.618048,1,15.685632,0.878592,16.564224
3804,32,32,-1,-1,-1,-1,-1,15.563776,1,15.630336,0.88064,16.510976
3805,32,528,-1,-1,-1,-1,-1,-1,0,49.220608,0.873472,50.09408
3806,32,32,-1,-1,-1,-1,-1,15.623168,1,15.68768,0.892928,16.580608
3807,32,32,-1,-1,-1,-1,-1,15.591424,1,15.659008,0.877568,16.536576
3808,32,32,-1,-1,-1,-1,-1,15.527936,1,15.571968,0.8704,16.442368
3809,32,528,-1,-1,-1,-1,-1,-1,0,48.951298,0.869376,49.820674
3810,32,32,-1,-1,-1,-1,-1,15.637504,1,15.70304,0.878592,16.581632
3811,32,32,-1,-1,-1,-1,-1,15.589376,1,15.655936,0.88576,16.541696
3812,32,528,-1,-1,-1,-1,-1,-1,0,49.00864,0.86528,49.87392
3813,32,32,-1,-1,-1,-1,-1,15.616,1,15.679488,0.90112,16.580608
3814,32,32,-1,-1,-1,-1,-1,15.58016,1,15.645696,0.879616,16.525312
3815,32,32,-1,-1,-1,-1,-1,15.510528,1,15.576064,0.874496,16.45056
3816,32,528,-1,-1,-1,-1,-1,-1,0,48.963585,0.8704,49.833985
3817,32,32,-1,-1,-1,-1,-1,15.649792,1,15.715328,0.878592,16.59392
3818,32,32,-1,-1,-1,-1,-1,15.598592,1,15.66208,0.882688,16.544768
3819,32,528,-1,-1,-1,-1,-1,-1,0,48.95232,0.877568,49.829888
3820,32,528,-1,-1,-1,-1,-1,-1,0,49.997826,0.881664,50.87949
3821,32,32,-1,-1,-1,-1,-1,15.74912,1,15.813632,0.888832,16.702464
3822,32,32,-1,-1,-1,-1,-1,15.57504,1,15.639552,0.883712,16.523264
3823,32,528,-1,-1,-1,-1,-1,-1,0,49.42131,0.879616,50.300926
3824,32,32,-1,-1,-1,-1,-1,15.602688,1,15.642624,0.898048,16.540672
3825,32,32,-1,-1,-1,-1,-1,15.5648,1,15.63136,0.89088,16.52224
3826,32,32,-1,-1,-1,-1,-1,15.538176,1,15.602688,0.889856,16.492544
3827,32,32,-1,-1,-1,-1,-1,15.49824,1,15.562752,0.878592,16.441344
3828,32,32,-1,-1,-1,-1,-1,15.48288,1,15.5392,0.882688,16.421888
3829,32,32,-1,-1,-1,-1,-1,15.478784,1,15.543296,0.8704,16.413696
3830,32,32,-1,-1,-1,-1,-1,15.510528,1,15.566848,0.883712,16.45056
3831,32,528,-1,-1,-1,-1,-1,-1,0,48.727039,0.869376,49.596415
3832,32,528,-1,-1,-1,-1,-1,-1,0,50.488319,0.87552,51.363839
3833,32,528,-1,-1,-1,-1,-1,-1,0,50.53952,0.8704,51.40992
3834,32,528,-1,-1,-1,-1,-1,-1,0,50.074623,0.877568,50.952191
3835,32,32,-1,-1,-1,-1,-1,15.685632,1,15.750144,0.878592,16.628736
3836,32,32,-1,-1,-1,-1,-1,15.567872,1,15.633408,0.879616,16.513024
3837,32,32,-1,-1,-1,-1,-1,15.541248,1,15.60576,0.878592,16.484352
3838,32,32,-1,-1,-1,-1,-1,15.516672,1,15.581184,0.874496,16.45568
3839,32,32,-1,-1,-1,-1,-1,15.470592,1,15.535104,0.878592,16.413696
3840,32,32,-1,-1,-1,-1,-1,15.490048,1,15.532032,0.87552,16.407552
3841,32,1024,-1,-1,-1,-1,-1,-1,0,70.785027,0.879616,71.664643
3842,32,32,-1,-1,-1,-1,-1,15.75936,1,15.802368,0.881664,16.684032
3843,32,32,-1,-1,-1,-1,-1,15.67744,1,15.744,0.882688,16.626688
3844,32,32,-1,-1,-1,-1,-1,15.542272,1,15.608832,0.88576,16.494592
3845,32,32,-1,-1,-1,-1,-1,15.519744,1,15.583232,0.88064,16.463872
3846,32,32,-1,-1,-1,-1,-1,15.510528,1,15.552512,0.873472,16.425984
3847,32,32,-1,-1,-1,-1,-1,15.490048,1,15.546368,0.876544,16.422912
3848,32,32,-1,-1,-1,-1,-1,15.495168,1,15.552512,0.88064,16.433152
3849,32,32,-1,-1,-1,-1,-1,15.495168,1,15.55968,0.873472,16.433152
3850,32,32,-1,-1,-1,-1,-1,15.495168,1,15.55968,0.881664,16.441344
3851,32,1024,-1,-1,-1,-1,-1,-1,0,70.851585,0.897024,71.748609
3852,32,32,-1,-1,-1,-1,-1,15.799296,1,15.86688,0.884736,16.751616
3853,32,32,-1,-1,-1,-1,-1,15.702016,1,15.768576,0.878592,16.647168
3854,32,528,-1,-1,-1,-1,-1,-1,0,49.385471,0.878592,50.264063
3855,32,32,-1,-1,-1,-1,-1,15.565824,1,15.630336,0.873472,16.503808
3856,32,528,-1,-1,-1,-1,-1,-1,0,49.315842,0.867328,50.18317
3857,32,32,-1,-1,-1,-1,-1,15.622144,1,15.678464,0.891904,16.570368
3858,32,32,-1,-1,-1,-1,-1,15.59552,1,15.638528,0.879616,16.518144
3859,32,32,-1,-1,-1,-1,-1,15.519744,1,15.58528,0.877568,16.462848
3860,32,32,-1,-1,-1,-1,-1,15.496192,1,15.560704,0.88064,16.441344
3861,32,32,-1,-1,-1,-1,-1,15.464448,1,15.507456,0.891904,16.39936
3862,32,32,-1,-1,-1,-1,-1,15.463424,1,15.505408,0.871424,16.376832
3863,32,32,-1,-1,-1,-1,-1,15.470592,1,15.537152,0.877568,16.41472
3864,32,32,-1,-1,-1,-1,-1,15.481856,1,15.546368,0.876544,16.422912
3865,32,32,-1,-1,-1,-1,-1,15.461376,1,15.526912,0.88064,16.407552
3866,32,32,-1,-1,-1,-1,-1,15.432704,1,15.497216,0.872448,16.369664
3867,32,32,-1,-1,-1,-1,-1,15.422464,1,15.488,0.873472,16.361472
3868,32,527,-1,-1,-1,-1,-1,-1,0,48.644096,0.88064,49.524736
3869,32,32,-1,-1,-1,-1,-1,15.63648,1,15.707136,0.878592,16.585728
3870,32,32,-1,-1,-1,-1,-1,15.543296,1,15.609856,0.873472,16.483328
3871,32,32,-1,-1,-1,-1,-1,15.50848,1,15.57504,0.888832,16.463872
3872,32,527,-1,-1,-1,-1,-1,-1,0,48.969727,0.883712,49.853439
3873,32,32,-1,-1,-1,-1,-1,15.640576,1,15.707136,0.878592,16.585728
3874,32,32,-1,-1,-1,-1,-1,15.517696,1,15.563776,0.883712,16.447488
3875,32,32,-1,-1,-1,-1,-1,15.485952,1,15.551488,0.871424,16.422912
3876,32,32,-1,-1,-1,-1,-1,15.488,1,15.555584,0.886784,16.442368
3877,32,32,-1,-1,-1,-1,-1,15.483904,1,15.52896,0.87552,16.40448
3878,32,32,-1,-1,-1,-1,-1,15.484928,1,15.529984,0.874496,16.40448
3879,32,32,-1,-1,-1,-1,-1,15.492096,1,15.560704,0.879616,16.44032
3880,32,528,-1,-1,-1,-1,-1,-1,0,48.676865,0.868352,49.545217
3881,32,32,-1,-1,-1,-1,-1,15.63136,1,15.696896,0.883712,16.580608
3882,32,32,-1,-1,-1,-1,-1,15.577088,1,15.63648,0.883712,16.520192
3883,32,32,-1,-1,-1,-1,-1,15.515648,1,15.583232,0.88064,16.463872
3884,32,32,-1,-1,-1,-1,-1,15.504384,1,15.563776,0.882688,16.446464
3885,32,32,-1,-1,-1,-1,-1,15.519744,1,15.58016,0.887808,16.467968
3886,32,32,-1,-1,-1,-1,-1,15.50848,1,15.568896,0.874496,16.443392
3887,32,32,-1,-1,-1,-1,-1,15.500288,1,15.566848,0.891904,16.458752
3888,32,32,-1,-1,-1,-1,-1,15.490048,1,15.555584,0.893952,16.449536
3889,32,32,-1,-1,-1,-1,-1,15.471616,1,15.5392,0.886784,16.425984
3890,32,32,-1,-1,-1,-1,-1,15.471616,1,15.516672,0.878592,16.395264
3891,32,32,-1,-1,-1,-1,-1,15.490048,1,15.555584,0.896,16.451584
3892,32,32,-1,-1,-1,-1,-1,15.479808,1,15.547392,0.881664,16.429056
3893,32,1520,-1,-1,-1,-1,-1,-1,0,99.917824,0.891904,100.809728
3894,32,32,-1,-1,-1,-1,-1,15.93856,1,15.98464,0.894976,16.879616
3895,32,32,-1,-1,-1,-1,-1,15.849472,1,15.91808,0.886784,16.804864
3896,32,32,-1,-1,-1,-1,-1,15.625216,1,15.690752,0.884736,16.575488
3897,32,32,-1,-1,-1,-1,-1,15.553536,1,15.620096,0.876544,16.49664
3898,32,528,-1,-1,-1,-1,-1,-1,0,49.001472,0.881664,49.883136
3899,32,32,-1,-1,-1,-1,-1,15.668224,1,15.736832,0.88064,16.617472
3900,32,528,-1,-1,-1,-1,-1,-1,0,49.453056,0.88064,50.333696
3901,32,528,-1,-1,-1,-1,-1,-1,0,50.046974,0.863232,50.910206
3902,32,32,-1,-1,-1,-1,-1,15.664128,1,15.730688,0.878592,16.60928
3903,32,32,-1,-1,-1,-1,-1,15.588352,1,15.64672,0.887808,16.534528
3904,32,32,-1,-1,-1,-1,-1,15.556608,1,15.623168,0.891904,16.515072
3905,32,32,-1,-1,-1,-1,-1,15.486976,1,15.581184,0.881664,16.462848
3906,32,32,-1,-1,-1,-1,-1,15.507456,1,15.551488,0.872448,16.423936
3907,32,32,-1,-1,-1,-1,-1,15.502336,1,15.567872,0.88576,16.453632
3908,32,528,-1,-1,-1,-1,-1,-1,0,49.049599,0.869376,49.918975
3909,32,528,-1,-1,-1,-1,-1,-1,0,50.089985,0.884736,50.974721
3910,32,32,-1,-1,-1,-1,-1,15.65696,1,15.702016,0.881664,16.58368
3911,32,32,-1,-1,-1,-1,-1,15.58016,1,15.648768,0.90112,16.549888
3912,32,32,-1,-1,-1,-1,-1,15.543296,1,15.622144,0.884736,16.50688
3913,32,32,-1,-1,-1,-1,-1,15.492096,1,15.557632,0.892928,16.45056
3914,32,32,-1,-1,-1,-1,-1,15.483904,1,15.54944,0.88064,16.43008
3915,32,32,-1,-1,-1,-1,-1,15.499264,1,15.563776,0.879616,16.443392
3916,32,527,-1,-1,-1,-1,-1,-1,0,49.092609,0.886784,49.979393
3917,32,32,-1,-1,-1,-1,-1,15.66208,1,15.727616,0.883712,16.611328
3918,32,32,-1,-1,-1,-1,-1,15.582208,1,15.648768,0.872448,16.521216
3919,32,528,-1,-1,-1,-1,-1,-1,0,49.273857,0.88064,50.154497
3920,32,32,-1,-1,-1,-1,-1,15.67744,1,15.744,0.886784,16.630784
3921,32,32,-1,-1,-1,-1,-1,15.557632,1,15.617024,0.881664,16.498688
3922,32,32,-1,-1,-1,-1,-1,15.538176,1,15.581184,0.882688,16.463872
3923,32,32,-1,-1,-1,-1,-1,15.5136,1,15.578112,0.872448,16.45056
3924,32,528,-1,-1,-1,-1,-1,-1,0,49.037312,0.871424,49.908736
3925,32,512,-1,-1,-1,-1,-1,-1,0,40.619007,0.8704,41.489407
3926,32,32,-1,-1,-1,-1,-1,15.748096,1,15.792128,0.888832,16.68096
3927,32,528,-1,-1,-1,-1,-1,-1,0,49.707008,0.878592,50.5856
3928,32,32,-1,-1,-1,-1,-1,15.637504,1,15.705088,0.884736,16.589824
3929,32,32,-1,-1,-1,-1,-1,15.527936,1,15.58528,0.87552,16.4608
3930,32,32,-1,-1,-1,-1,-1,15.521792,1,15.587328,0.88576,16.473088
3931,32,32,-1,-1,-1,-1,-1,15.47776,1,15.542272,0.881664,16.423936
3932,32,32,-1,-1,-1,-1,-1,15.47264,1,15.538176,0.876544,16.41472
3933,32,528,-1,-1,-1,-1,-1,-1,0,48.944126,0.871424,49.81555
3934,32,32,-1,-1,-1,-1,-1,15.6416,1,15.706112,0.89088,16.596992
3935,32,528,-1,-1,-1,-1,-1,-1,0,49.765377,0.874496,50.639873
3936,32,32,-1,-1,-1,-1,-1,15.624192,1,15.688704,0.896,16.584704
3937,32,32,-1,-1,-1,-1,-1,15.532032,1,15.598592,0.887808,16.4864
3938,32,528,-1,-1,-1,-1,-1,-1,0,49.15712,0.872448,50.029568
3939,32,32,-1,-1,-1,-1,-1,15.681536,1,15.725568,0.881664,16.607232
3940,32,32,-1,-1,-1,-1,-1,15.576064,1,15.643648,0.877568,16.521216
3941,32,32,-1,-1,-1,-1,-1,15.548416,1,15.616,0.883712,16.499712
3942,32,32,-1,-1,-1,-1,-1,15.524864,1,15.568896,0.888832,16.457728
3943,32,32,-1,-1,-1,-1,-1,15.468544,1,15.53408,0.883712,16.417792
3944,32,528,-1,-1,-1,-1,-1,-1,0,48.908287,0.868352,49.776639
3945,32,32,-1,-1,-1,-1,-1,15.601664,1,15.657984,0.881664,16.539648
3946,32,32,-1,-1,-1,-1,-1,15.57504,1,15.633408,0.879616,16.513024
3947,32,32,-1,-1,-1,-1,-1,15.547392,1,15.613952,0.879616,16.493568
3948,32,32,-1,-1,-1,-1,-1,15.488,1,15.552512,0.876544,16.429056
3949,32,32,-1,-1,-1,-1,-1,15.496192,1,15.563776,0.879616,16.443392
3950,32,32,-1,-1,-1,-1,-1,15.473664,1,15.538176,0.876544,16.41472
3951,32,528,-1,-1,-1,-1,-1,-1,0,48.854015,0.869376,49.723391
3952,32,32,-1,-1,-1,-1,-1,15.695872,1,15.75424,0.891904,16.646144
3953,32,1024,-1,-1,-1,-1,-1,-1,0,72.039421,0.889856,72.929277
3954,32,32,-1,-1,-1,-1,-1,15.757312,1,15.822848,0.883712,16.70656
3955,32,32,-1,-1,-1,-1,-1,15.603712,1,15.648768,0.891904,16.540672
3956,32,32,-1,-1,-1,-1,-1,15.524864,1,15.592448,0.882688,16.475136
3957,32,527,-1,-1,-1,-1,-1,-1,0,48.982018,0.877568,49.859586
3958,32,32,-1,-1,-1,-1,-1,15.619072,1,15.684608,0.881664,16.566272
3959,32,32,-1,-1,-1,-1,-1,15.502336,1,15.568896,0.876544,16.44544
3960,32,528,-1,-1,-1,-1,-1,-1,0,49.149952,0.87552,50.025472
3961,32,32,-1,-1,-1,-1,-1,15.674368,1,15.7184,0.881664,16.600064
3962,32,32,-1,-1,-1,-1,-1,15.618048,1,15.676416,0.88576,16.562176
3963,32,32,-1,-1,-1,-1,-1,15.546368,1,15.613952,0.881664,16.495616
3964,32,32,-1,-1,-1,-1,-1,15.512576,1,15.577088,0.871424,16.448512
