step,sched_reqs,sched_tokens,batch,num_query_tokens,sum_seq_len,num_spec_tokens,draft_ms,target_fwd_ms,n_target_fwd,exec_ms,sample_ms,step_ms
0,32,160,32,160,160,3,3.879936,25.430016,1,507.74118,189.543427,697.284607
1,32,128,32,128,288,3,3.536896,19.502081,1,373.300232,3600.151611,3973.451843
2,1,513,1,513,513,3,4.048896,-1,0,60.634113,4.883456,65.51757
3,17,8192,17,8192,8705,3,22.477823,-1,0,524.32489,23.369728,547.694618
4,32,7775,32,7775,16480,3,22.103041,-1,0,477.388794,23.112703,500.501497
5,32,128,32,128,16605,3,2.84672,21.039104,1,21.082111,3.924992,25.007103
6,32,128,32,128,16699,3,2.82624,20.700159,1,20.765696,3.909632,24.675328
7,32,128,32,128,16782,3,2.816,20.467712,1,20.534271,3.900416,24.434687
8,32,128,32,128,16859,3,2.818048,20.431871,1,20.494335,3.89632,24.390655
9,32,128,32,128,16943,3,2.814976,20.428801,1,20.489216,3.900416,24.389632
10,32,128,32,128,17026,3,2.80576,20.423679,1,20.468737,3.900416,24.369153
11,32,128,32,128,17111,3,2.806784,20.330496,1,20.397057,3.895296,24.292353
12,32,128,32,128,17195,3,2.79552,20.348928,1,20.417536,3.889152,24.306688
13,32,128,32,128,17282,3,2.801664,20.323328,1,20.389889,3.892224,24.282113
14,32,128,32,128,17356,3,2.806784,20.322304,1,20.379648,3.887104,24.266752
15,32,128,32,128,17427,3,2.79552,20.341761,1,20.408319,3.871744,24.280063
16,32,128,32,128,17508,3,2.806784,20.329472,1,20.396032,3.904512,24.300544
17,32,128,32,128,17577,3,2.79552,20.347904,1,20.415487,3.873792,24.289279
18,32,128,32,128,17658,3,2.802688,20.364288,1,20.430847,3.897344,24.328191
19,32,128,32,128,17736,3,2.802688,20.380672,1,20.448256,3.89632,24.344576
20,32,128,32,128,17820,3,2.807808,20.357121,1,20.426752,3.905536,24.332288
21,32,128,32,128,17900,3,2.799616,20.366337,1,20.432896,3.874816,24.307712
22,32,128,32,128,17978,3,2.814976,20.379648,1,20.446207,3.908608,24.354815
23,32,128,32,128,18063,3,2.808832,20.382721,1,20.44928,3.902464,24.351744
24,32,128,32,128,18133,3,2.811904,20.379648,1,20.440063,3.91168,24.351743
25,32,128,32,128,18205,3,2.802688,20.376575,1,20.44416,3.881984,24.326144
26,32,128,32,128,18279,3,2.809856,20.386816,1,20.446207,3.881984,24.328191
27,32,128,32,128,18346,3,2.804736,20.381697,1,20.442112,3.900416,24.342528
28,32,128,32,128,18417,3,2.813952,20.371456,1,20.438017,3.91168,24.349697
29,32,128,32,128,18492,3,2.812928,20.366337,1,20.424704,3.903488,24.328192
30,32,128,32,128,18569,3,2.808832,20.389889,1,20.455423,3.89632,24.351743
31,32,128,32,128,18650,3,2.806784,20.395008,1,20.460545,3.910656,24.371201
32,32,128,32,128,18723,3,2.812928,20.408319,1,20.47488,3.892224,24.367104
33,32,128,32,128,18795,3,2.809856,20.400127,1,20.466688,3.887104,24.353792
34,32,128,32,128,18874,3,2.814976,20.415487,1,20.49024,3.907584,24.397824
35,32,128,32,128,18952,3,2.817024,20.436993,1,20.504576,3.903488,24.408064
36,32,128,32,128,19027,3,2.812928,20.412416,1,20.477951,3.887104,24.365055
37,32,128,32,128,19098,3,2.813952,20.420609,1,20.478975,3.888128,24.367103
38,32,128,32,128,19177,3,2.817024,20.419584,1,20.486143,3.89632,24.382463
39,32,128,32,128,19244,3,2.809856,20.406273,1,20.470783,3.887104,24.357887
40,32,128,32,128,19331,3,2.818048,20.410368,1,20.47488,3.895296,24.370176
41,32,128,32,128,19395,3,2.807808,20.432896,1,20.499456,3.889152,24.388608
42,32,128,32,128,19469,3,2.814976,20.428801,1,20.489216,3.91168,24.400896
43,32,128,32,128,19548,3,2.811904,20.446207,1,20.513792,3.904512,24.418304
44,32,128,32,128,19618,3,2.817024,20.443136,1,20.511744,3.898368,24.410111
45,32,128,32,128,19685,3,2.812928,20.431871,1,20.497408,3.912704,24.410112
46,32,128,32,128,19766,3,2.824192,20.472832,1,20.5312,3.905536,24.436736
47,32,128,32,128,19837,3,2.811904,20.45952,1,20.519936,3.884032,24.403968
48,32,128,32,128,19909,3,2.816,20.46464,1,20.532225,3.898368,24.430593
49,32,128,32,128,19976,3,2.814976,20.446207,1,20.513792,3.892224,24.406016
50,32,128,32,128,20054,3,2.811904,20.484097,1,20.550655,3.895296,24.445951
51,32,1146,32,1146,19891,3,5.279744,-1,0,76.935165,6.339584,83.274749
52,32,637,32,637,19840,3,4.091904,-1,0,51.767296,5.147648,56.914944
53,32,2673,32,2673,19297,3,9.3184,-1,0,172.078079,10.369024,182.447104
54,32,637,32,637,19254,3,4.114432,-1,0,52.066303,5.180416,57.246719
55,32,637,32,637,19214,3,4.078592,-1,0,51.216385,5.14048,56.356865
56,32,1146,32,1146,19036,3,5.287936,-1,0,78.068733,6.3488,84.417533
57,32,1655,32,1655,18728,3,6.473728,-1,0,106.310654,7.53152,113.842174
58,32,1146,32,1146,18542,3,5.274624,-1,0,79.307777,6.329344,85.637121
59,32,1146,32,1146,18347,3,5.291008,-1,0,78.965759,6.344704,85.310463
60,32,128,32,128,18428,3,2.880512,21.380096,1,21.439487,3.966976,25.406463
61,32,3690,32,3690,17526,3,12.017664,-1,0,237.265915,13.058048,250.323963
62,32,1146,32,1146,17331,3,5.231616,-1,0,78.49472,6.286336,84.781056
63,32,1145,32,1145,17159,3,5.269504,-1,0,78.205956,6.329344,84.535299
64,32,637,32,637,17087,3,4.073472,-1,0,51.780609,5.132288,56.912897
65,32,128,32,128,17183,3,2.833408,20.775936,1,20.842497,3.915776,24.758273
66,32,128,32,128,17257,3,2.827264,20.595713,1,20.662271,3.907584,24.569855
67,32,128,32,128,17337,3,2.813952,20.452353,1,20.518911,3.8912,24.410111
68,32,128,32,128,17421,3,2.817024,20.434944,1,20.500481,3.894272,24.394753
69,32,128,32,128,17509,3,2.813952,20.434944,1,20.492289,3.8912,24.383489
70,32,128,32,128,17588,3,2.803712,20.389889,1,20.448256,3.883008,24.331264
71,32,128,32,128,17681,3,2.79552,20.357121,1,20.423679,3.871744,24.295423
72,32,637,32,637,17636,3,4.043776,-1,0,49.3312,5.113856,54.445055
73,32,128,32,128,17727,3,2.848768,20.819967,1,20.886528,3.935232,24.82176
74,32,128,32,128,17802,3,2.82112,20.595713,1,20.654079,3.910656,24.564735
75,32,128,32,128,17878,3,2.814976,20.470783,1,20.538368,3.900416,24.438784
76,32,128,32,128,17981,3,2.813952,20.477951,1,20.543488,3.898368,24.441855
77,32,128,32,128,18059,3,2.818048,20.493313,1,20.558847,3.89632,24.455168
78,32,128,32,128,18138,3,2.803712,20.408319,1,20.473856,3.890176,24.364032
79,32,128,32,128,18218,3,2.804736,20.381697,1,20.441088,3.881984,24.323072
80,32,128,32,128,18299,3,2.799616,20.361216,1,20.422655,3.871744,24.294399
81,32,128,32,128,18370,3,2.807808,20.370432,1,20.435968,3.879936,24.315904
82,32,128,32,128,18448,3,2.80576,20.368383,1,20.432896,3.87584,24.308736
83,32,128,32,128,18529,3,2.80576,20.37248,1,20.438017,3.88608,24.324097
84,32,128,32,128,18604,3,2.806784,20.379648,1,20.445185,3.88608,24.331265
85,32,128,32,128,18682,3,2.818048,20.39296,1,20.451328,3.898368,24.349696
86,32,128,32,128,18761,3,2.811904,20.419584,1,20.478975,3.889152,24.368127
87,32,128,32,128,18844,3,2.80576,20.417536,1,20.485121,3.888128,24.373249
88,32,128,32,128,18925,3,2.80576,20.385792,1,20.452353,3.88608,24.338433
89,32,128,32,128,19009,3,2.808832,20.409344,1,20.475904,3.88096,24.356864
90,32,128,32,128,19081,3,2.814976,20.413441,1,20.48,3.895296,24.375296
91,32,128,32,128,19152,3,2.81088,20.404224,1,20.466688,3.890176,24.356864
92,32,128,32,128,19240,3,2.80576,20.425728,1,20.491264,3.88096,24.372224
93,32,128,32,128,19325,3,2.811904,20.427776,1,20.492289,3.888128,24.380417
94,32,128,32,128,19403,3,2.80576,20.447231,1,20.511744,3.883008,24.394752
95,32,128,32,128,19476,3,2.809856,20.438017,1,20.501505,3.8912,24.392705
96,32,128,32,128,19550,3,2.814976,20.446207,1,20.507648,3.893248,24.400897
97,32,128,32,128,19626,3,2.818048,20.447231,1,20.511744,3.892224,24.403968
98,32,128,32,128,19707,3,2.806784,20.491264,1,20.556801,3.88608,24.442881
99,32,128,32,128,19782,3,2.818048,20.515841,1,20.578304,3.902464,24.480768
100,32,128,32,128,19860,3,2.818048,20.542463,1,20.612097,3.897344,24.509441
101,32,637,32,637,19815,3,4.08576,-1,0,49.78381,5.146624,54.930434
102,32,637,32,637,19754,3,4.087808,-1,0,51.3536,5.148672,56.502272
103,32,637,32,637,19687,3,4.076544,-1,0,51.277824,5.141504,56.419328
104,32,637,32,637,19601,3,4.077568,-1,0,51.268608,5.136384,56.404992
105,32,2163,32,2163,19143,3,7.983104,-1,0,140.212219,9.038848,149.251067
106,32,128,32,128,19217,3,2.853888,21.300224,1,21.37088,3.9424,25.31328
107,32,1146,32,1146,19028,3,5.272576,-1,0,77.900803,6.330368,84.231171
108,32,1146,32,1146,18845,3,5.266432,-1,0,79.081474,6.319104,85.400578
109,32,128,32,128,18933,3,2.875392,21.128193,1,21.1968,3.953664,25.150464
110,32,637,32,637,18881,3,4.04992,-1,0,50.700287,5.105664,55.805951
111,32,1655,32,1655,18556,3,6.531072,-1,0,105.974785,7.586816,113.561601
112,32,1146,32,1146,18382,3,5.275648,-1,0,79.726593,6.334464,86.061057
113,32,128,32,128,18467,3,2.868224,21.177343,1,21.244928,3.94752,25.192448
114,32,637,32,637,18407,3,4.041728,-1,0,50.603008,5.10464,55.707648
115,32,1145,32,1145,18217,3,5.264384,-1,0,78.027779,6.322176,84.349955
116,32,1145,32,1145,18010,3,5.270528,-1,0,78.401535,6.326272,84.727807
117,32,128,32,128,18096,3,2.883584,21.279743,1,21.347328,3.968,25.315328
118,32,637,32,637,18032,3,4.063232,-1,0,50.516991,5.118976,55.635967
119,32,128,32,128,18119,3,2.860032,20.999168,1,21.066751,3.93728,25.004031
120,32,1146,32,1146,17929,3,5.272576,-1,0,77.273087,6.33344,83.606526
121,32,1655,32,1655,17584,3,6.459392,-1,0,106.20723,7.52128,113.728509
122,32,637,32,637,17530,3,4.073472,-1,0,52.017151,5.137408,57.154559
123,32,1145,32,1145,17354,3,5.254144,-1,0,78.146561,6.31296,84.459521
124,32,128,32,128,17426,3,2.876416,21.069824,1,21.138432,3.964928,25.103359
125,32,128,32,128,17505,3,2.825216,20.716543,1,20.78208,3.903488,24.685568
126,32,128,32,128,17589,3,2.828288,20.563969,1,20.620289,3.910656,24.530945
127,32,128,32,128,17681,3,2.816,20.44928,1,20.511744,3.892224,24.403968
128,32,128,32,128,17770,3,2.819072,20.468737,1,20.528128,3.900416,24.428544
129,32,128,32,128,17857,3,2.808832,20.460545,1,20.526079,3.889152,24.415231
130,32,128,32,128,17922,3,2.798592,20.380672,1,20.438017,3.87584,24.313857
131,32,128,32,128,18005,3,2.802688,20.348928,1,20.413441,3.876864,24.290305
132,32,128,32,128,18091,3,2.806784,20.341761,1,20.408319,3.889152,24.297472
133,32,128,32,128,18156,3,2.798592,20.350977,1,20.41856,3.889152,24.307712
134,32,128,32,128,18244,3,2.796544,20.330496,1,20.38784,3.876864,24.264704
135,32,128,32,128,18316,3,2.806784,20.376575,1,20.441088,3.888128,24.329216
136,32,128,32,128,18387,3,2.81088,20.390911,1,20.456448,3.8912,24.347648
137,32,128,32,128,18468,3,2.799616,20.364288,1,20.428801,3.883008,24.311809
138,32,128,32,128,18561,3,2.807808,20.3776,1,20.443136,3.883008,24.326144
139,32,128,32,128,18646,3,2.803712,20.393984,1,20.456448,3.876864,24.333312
140,32,128,32,128,18715,3,2.80576,20.406273,1,20.463615,3.881984,24.345599
141,32,128,32,128,18796,3,2.808832,20.379648,1,20.446207,3.900416,24.346623
142,32,128,32,128,18875,3,2.806784,20.395008,1,20.451328,3.889152,24.34048
143,32,128,32,128,18955,3,2.804736,20.402176,1,20.458496,3.874816,24.333312
144,32,128,32,128,19027,3,2.81088,20.41856,1,20.485121,3.884032,24.369153
145,32,128,32,128,19105,3,2.808832,20.396032,1,20.462591,3.887104,24.349695
146,32,128,32,128,19178,3,2.806784,20.421633,1,20.475904,3.883008,24.358912
147,32,128,32,128,19255,3,2.812928,20.412416,1,20.470783,3.893248,24.364031
148,32,128,32,128,19334,3,2.814976,20.443136,1,20.501505,3.888128,24.389633
149,32,128,32,128,19412,3,2.808832,20.424704,1,20.484097,3.881984,24.366081
150,32,128,32,128,19482,3,2.816,20.432896,1,20.497408,3.893248,24.390656
151,32,128,32,128,19565,3,2.819072,20.461569,1,20.526079,3.900416,24.426495
152,32,128,32,128,19635,3,2.809856,20.498432,1,20.556801,3.88608,24.442881
153,32,636,32,636,19573,3,4.071424,-1,0,49.652737,5.132288,54.785025
154,32,128,32,128,19653,3,2.860032,21.02784,1,21.095425,3.9424,25.037825
155,32,1146,32,1146,19469,3,5.27872,-1,0,77.441025,6.33856,83.779585
156,32,128,32,128,19548,3,2.875392,21.193727,1,21.255169,3.959808,25.214977
157,32,1146,32,1146,19373,3,5.264384,-1,0,77.27002,6.321152,83.591172
158,32,128,32,128,19444,3,2.84672,21.213184,1,21.272575,3.928064,25.200639
159,32,1653,32,1653,19135,3,6.465536,-1,0,104.639488,7.525376,112.164864
160,32,1146,32,1146,18957,3,5.286912,-1,0,79.75322,6.347776,86.100996
161,32,1654,32,1654,18643,3,6.470656,-1,0,106.405891,7.53664,113.942532
162,32,128,32,128,18719,3,2.878464,21.441536,1,21.486591,3.96288,25.449471
163,32,128,32,128,18803,3,2.843648,21.054464,1,21.116928,3.924992,25.04192
164,32,128,32,128,18876,3,2.824192,20.804607,1,20.862976,3.900416,24.763392
165,32,637,32,637,18814,3,4.081664,-1,0,50.029568,5.144576,55.174144
166,32,1146,32,1146,18602,3,5.307392,-1,0,78.234627,6.36928,84.603907
167,32,128,32,128,18680,3,2.881536,21.241856,1,21.313536,3.969024,25.28256
168,32,637,32,637,18603,3,4.06016,-1,0,50.779137,5.129216,55.908353
169,32,637,32,637,18550,3,4.04992,-1,0,50.870274,5.113856,55.984129
170,32,637,32,637,18512,3,4.04992,-1,0,50.820095,5.12,55.940095
171,32,1655,32,1655,18195,3,6.532096,-1,0,106.644478,7.590912,114.23539
172,32,637,32,637,18146,3,4.076544,-1,0,52.194305,5.144576,57.338881
173,32,1146,32,1146,17957,3,5.285888,-1,0,78.489601,6.345728,84.835329
174,32,1655,32,1655,17622,3,6.530048,-1,0,106.149887,7.589888,113.739775
175,32,637,32,637,17578,3,4.124672,-1,0,52.807678,5.192704,58.000382
176,32,637,32,637,17526,3,4.04992,-1,0,51.002369,5.10464,56.107009
177,32,637,32,637,17467,3,4.078592,-1,0,51.277824,5.146624,56.424448
178,32,128,32,128,17550,3,2.85696,20.871168,1,20.9408,3.943424,24.884224
179,32,128,32,128,17639,3,2.814976,20.644863,1,20.711424,3.895296,24.60672
180,32,128,32,128,17714,3,2.81088,20.494335,1,20.553728,3.8912,24.444928
181,32,637,32,637,17650,3,4.0448,-1,0,49.70496,5.108736,54.813696
182,32,128,32,128,17742,3,2.834432,20.868095,1,20.934656,3.922944,24.8576
183,32,128,32,128,17812,3,2.824192,20.615168,1,20.682753,3.905536,24.588289
184,32,128,32,128,17874,3,2.814976,20.502527,1,20.570112,3.889152,24.459264
185,32,128,32,128,17960,3,2.818048,20.457472,1,20.5312,3.912704,24.443904
186,32,128,32,128,18045,3,2.832384,20.487167,1,20.552704,3.913728,24.466432
187,32,128,32,128,18125,3,2.811904,20.491264,1,20.553728,3.90144,24.455168
188,32,128,32,128,18214,3,2.811904,20.409344,1,20.476929,3.910656,24.387585
189,32,128,32,128,18278,3,2.804736,20.400127,1,20.461569,3.90144,24.363009
190,32,128,32,128,18360,3,2.81088,20.358145,1,20.425728,3.90656,24.332288
191,32,128,32,128,18451,3,2.799616,20.36224,1,20.428801,3.877888,24.306689
192,32,128,32,128,18524,3,2.804736,20.357121,1,20.41856,3.900416,24.318976
193,32,128,32,128,18600,3,2.801664,20.369408,1,20.434944,3.898368,24.333312
194,32,128,32,128,18681,3,2.803712,20.371456,1,20.440063,3.894272,24.334336
195,32,128,32,128,18759,3,2.807808,20.365313,1,20.430847,3.90144,24.332287
196,32,128,32,128,18836,3,2.808832,20.398081,1,20.46464,3.904512,24.369152
197,32,128,32,128,18915,3,2.803712,20.365313,1,20.423679,3.898368,24.322047
198,32,128,32,128,18996,3,2.807808,20.396032,1,20.461569,3.897344,24.358913
199,32,128,32,128,19076,3,2.803712,20.407295,1,20.465664,3.89632,24.361984
200,32,128,32,128,19156,3,2.81088,20.413441,1,20.471807,3.900416,24.372223
201,32,128,32,128,19234,3,2.816,20.455423,1,20.514816,3.914752,24.429568
202,32,128,32,128,19310,3,2.812928,20.451328,1,20.517887,3.905536,24.423423
203,32,128,32,128,19397,3,2.812928,20.473856,1,20.534271,3.903488,24.437759
204,32,637,32,637,19344,3,4.093952,-1,0,49.843201,5.152768,54.995969
205,32,128,32,128,19418,3,2.85184,21.003263,1,21.062656,3.93728,24.999936
206,32,1146,32,1146,19219,3,5.317632,-1,0,77.32634,6.38464,83.71098
207,32,636,32,636,19168,3,4.10112,-1,0,51.891201,5.16608,57.057281
208,32,128,32,128,19256,3,2.853888,21.00736,1,21.078016,3.9424,25.020416
209,32,637,32,637,19192,3,4.050944,-1,0,50.240513,5.123072,55.363585
210,32,128,32,128,19262,3,2.86208,20.849665,1,20.919296,3.948544,24.86784
211,32,637,32,637,19214,3,4.050944,-1,0,50.156544,5.123072,55.279616
212,32,636,32,636,19166,3,4.08064,-1,0,50.866177,5.147648,56.013824
213,32,637,32,637,19108,3,4.04992,-1,0,50.929665,5.121024,56.050689
214,32,637,32,637,19069,3,4.07552,-1,0,51.281921,5.143552,56.425473
215,32,1145,32,1145,18890,3,5.270528,-1,0,78.242813,6.329344,84.572157
216,32,637,32,637,18840,3,4.112384,-1,0,51.952641,5.177344,57.129984
217,32,1146,32,1146,18665,3,5.302272,-1,0,78.408707,6.365184,84.77389
218,32,128,32,128,18742,3,2.864128,21.306368,1,21.378048,3.95264,25.330688
219,32,1146,32,1146,18556,3,5.346304,-1,0,78.49984,6.41024,84.91008
220,32,128,32,128,18640,3,2.885632,21.36064,1,21.433344,3.977216,25.41056
221,32,128,32,128,18710,3,2.847744,20.895744,1,20.964352,3.930112,24.894464
222,32,128,32,128,18780,3,2.822144,20.706305,1,20.765696,3.900416,24.666111
223,32,1145,32,1145,18589,3,5.316608,-1,0,77.53421,6.380544,83.914754
224,32,637,32,637,18534,3,4.096,-1,0,52.435966,5.168128,57.604095
225,32,128,32,128,18620,3,2.85184,21.145599,1,21.217279,3.940352,25.157631
226,32,1145,32,1145,18414,3,5.269504,-1,0,77.491203,6.330368,83.821571
227,32,637,32,637,18351,3,4.092928,-1,0,51.658752,5.16096,56.819713
228,32,637,32,637,18292,3,4.08064,-1,0,51.310593,5.151744,56.462337
229,32,1145,32,1145,18086,3,5.267456,-1,0,78.137344,6.33344,84.470784
230,32,1146,32,1146,17885,3,5.275648,-1,0,79.144958,6.335488,85.480446
231,32,128,32,128,17967,3,2.864128,21.124096,1,21.193727,3.95264,25.146368
232,32,636,32,636,17897,3,4.03968,-1,0,50.320385,5.105664,55.426049
233,32,128,32,128,17984,3,2.849792,20.867071,1,20.936705,3.954688,24.891393
234,32,1146,32,1146,17785,3,5.276672,-1,0,77.523972,6.35904,83.883011
235,32,637,32,637,17735,3,4.066304,-1,0,51.75808,5.158912,56.916992
236,32,128,32,128,17828,3,2.853888,20.811775,1,20.883455,3.939328,24.822783
237,32,128,32,128,17911,3,2.83136,20.595713,1,20.66432,3.919872,24.584192
238,32,128,32,128,17989,3,2.824192,20.512768,1,20.582399,3.904512,24.486911
239,32,128,32,128,18067,3,2.82624,20.514816,1,20.57728,3.904512,24.481792
240,32,128,32,128,18140,3,2.814976,20.527103,1,20.596737,3.898368,24.495105
241,32,637,32,637,18070,3,4.072448,-1,0,49.865726,5.153792,55.019518
242,32,128,32,128,18149,3,2.847744,20.868095,1,20.936705,3.95264,24.889345
243,32,128,32,128,18226,3,2.82624,20.635649,1,20.704256,3.92192,24.626176
244,32,128,32,128,18296,3,2.818048,20.49024,1,20.558847,3.915776,24.474623
245,32,128,32,128,18367,3,2.814976,20.472832,1,20.540417,3.894272,24.434689
246,32,128,32,128,18441,3,2.813952,20.489216,1,20.548609,3.889152,24.437761
247,32,128,32,128,18524,3,2.804736,20.426752,1,20.494335,3.893248,24.387583
248,32,128,32,128,18599,3,2.808832,20.376575,1,20.435968,3.883008,24.318976
249,32,128,32,128,18687,3,2.81088,20.399103,1,20.465664,3.905536,24.3712
250,32,128,32,128,18764,3,2.807808,20.400127,1,20.469761,3.892224,24.361985
251,32,128,32,128,18852,3,2.809856,20.381697,1,20.442112,3.904512,24.346624
252,32,128,32,128,18930,3,2.80576,20.414465,1,20.473856,3.898368,24.372224
253,32,128,32,128,18999,3,2.809856,20.408319,1,20.469761,3.881984,24.351745
254,32,128,32,128,19084,3,2.811904,20.408319,1,20.476929,3.904512,24.381441
255,32,128,32,128,19168,3,2.809856,20.415487,1,20.482048,3.883008,24.365056
256,32,637,32,637,19105,3,4.083712,-1,0,49.627136,5.161984,54.78912
257,32,637,32,637,19057,3,4.08064,-1,0,51.244034,5.14048,56.384514
258,32,128,32,128,19137,3,2.85696,21.02784,1,21.087233,3.943424,25.030657
259,32,1655,32,1655,18834,3,6.534144,-1,0,105.829376,7.61856,113.447936
260,32,637,32,637,18796,3,4.073472,-1,0,52.152321,5.152768,57.305089
261,32,128,32,128,18878,3,2.852864,20.921345,1,20.988928,3.949568,24.938496
262,32,637,32,637,18812,3,4.077568,-1,0,50.402306,5.154816,55.557122
263,32,128,32,128,18881,3,2.850816,20.909056,1,20.980736,3.950592,24.931328
264,32,128,32,128,18962,3,2.832384,20.666368,1,20.737024,3.934208,24.671232
265,32,128,32,128,19037,3,2.823168,20.581375,1,20.642817,3.919872,24.562689
266,32,128,32,128,19113,3,2.814976,20.587521,1,20.656128,3.913728,24.569856
267,32,1145,32,1145,18922,3,5.307392,-1,0,77.038589,6.390784,83.429373
268,32,637,32,637,18870,3,4.137984,-1,0,52.320255,5.224448,57.544703
269,32,636,32,636,18803,3,4.082688,-1,0,51.311615,5.1712,56.482815
270,32,128,32,128,18893,3,2.845696,20.941824,1,21.01248,3.953664,24.966144
271,32,637,32,637,18827,3,4.071424,-1,0,50.211842,5.149696,55.361537
272,32,637,32,637,18789,3,4.07552,-1,0,51.204098,5.163008,56.367106
273,32,128,32,128,18856,3,2.845696,21.013504,1,21.08416,3.941376,25.025536
274,32,637,32,637,18803,3,4.056064,-1,0,50.395138,5.137408,55.532546
275,32,128,32,128,18887,3,2.849792,20.896769,1,20.965376,3.92704,24.892416
276,32,1146,32,1146,18696,3,5.30944,-1,0,78.111748,6.39488,84.506628
277,32,1145,32,1145,18508,3,5.266432,-1,0,79.043587,6.327296,85.370883
278,32,637,32,637,18471,3,4.087808,-1,0,51.605503,5.174272,56.779775
279,32,1655,32,1655,18167,3,6.515712,-1,0,106.518532,7.604224,114.122756
280,32,637,32,637,18106,3,4.073472,-1,0,52.251648,5.159936,57.411584
281,32,128,32,128,18192,3,2.83648,20.960257,1,21.031937,3.943424,24.975361
282,32,128,32,128,18283,3,2.832384,20.750336,1,20.820992,3.92704,24.748032
283,32,637,32,637,18234,3,4.073472,-1,0,50.242561,5.15584,55.398401
284,32,1146,32,1146,18051,3,5.267456,-1,0,78.392319,6.347776,84.740095
285,32,637,32,637,17998,3,4.094976,-1,0,51.794945,5.179392,56.974337
286,32,128,32,128,18068,3,2.849792,20.978687,1,21.051392,3.95776,25.009152
287,32,637,32,637,18018,3,4.046848,-1,0,50.535423,5.13024,55.665663
288,32,128,32,128,18101,3,2.833408,20.833281,1,20.903936,3.922944,24.82688
289,32,128,32,128,18182,3,2.83136,20.701183,1,20.7616,3.93216,24.69376
290,32,128,32,128,18258,3,2.82112,20.582399,1,20.653055,3.9168,24.569855
291,32,1145,32,1145,18050,3,5.312512,-1,0,77.198334,6.38976,83.588094
292,32,128,32,128,18133,3,2.869248,21.332993,1,21.405697,3.97824,25.383937
293,32,128,32,128,18210,3,2.844672,20.9408,1,21.01248,3.943424,24.955904
294,32,637,32,637,18147,3,4.100096,-1,0,50.102272,5.184512,55.286784
295,32,128,32,128,18221,3,2.85696,20.999168,1,21.061632,3.960832,25.022464
296,32,128,32,128,18311,3,2.825216,20.7104,1,20.779009,3.903488,24.682497
297,32,128,32,128,18385,3,2.818048,20.509695,1,20.571136,3.899392,24.470528
298,32,128,32,128,18471,3,2.82112,20.509695,1,20.570112,3.9168,24.486912
299,32,128,32,128,18562,3,2.820096,20.502527,1,20.572161,3.899392,24.471553
300,32,128,32,128,18652,3,2.809856,20.517887,1,20.583424,3.88608,24.469504
301,32,637,32,637,18599,3,4.073472,-1,0,49.841152,5.131264,54.972416
302,32,128,32,128,18677,3,2.839552,20.911104,1,20.979712,3.924992,24.904704
303,32,128,32,128,18753,3,2.829312,20.691969,1,20.757504,3.907584,24.665087
304,32,128,32,128,18823,3,2.813952,20.53632,1,20.604927,3.892224,24.497151
305,32,128,32,128,18899,3,2.812928,20.515841,1,20.580353,3.892224,24.472577
306,32,128,32,128,18963,3,2.82112,20.5312,1,20.596737,3.902464,24.499201
307,32,128,32,128,19044,3,2.804736,20.484097,1,20.55168,3.88608,24.43776
308,32,128,32,128,19110,3,2.81088,20.429825,1,20.498432,3.892224,24.390656
309,32,637,32,637,19072,3,4.076544,-1,0,49.780735,5.147648,54.928383
310,32,1146,32,1146,18891,3,5.316608,-1,0,78.715904,6.377472,85.093376
311,32,637,32,637,18849,3,4.083712,-1,0,52.121601,5.152768,57.274369
312,32,1146,32,1146,18680,3,5.276672,-1,0,78.341118,6.334464,84.675582
313,32,128,32,128,18771,3,2.880512,21.161983,1,21.234688,3.960832,25.19552
314,32,128,32,128,18843,3,2.842624,20.819967,1,20.885504,3.919872,24.805376
315,32,128,32,128,18922,3,2.823168,20.663296,1,20.727808,3.900416,24.628224
316,32,128,32,128,19009,3,2.823168,20.589567,1,20.660225,3.900416,24.560641
317,32,637,32,637,18931,3,4.082688,-1,0,49.990658,5.142528,55.133186
318,32,637,32,637,18880,3,4.07552,-1,0,51.280895,5.146624,56.427519
319,32,128,32,128,18964,3,2.839552,20.971519,1,21.039104,3.924992,24.964097
320,32,637,32,637,18898,3,4.0448,-1,0,50.265087,5.110784,55.375871
321,32,128,32,128,18982,3,2.834432,20.905985,1,20.974592,3.915776,24.890368
322,32,637,32,637,18937,3,4.051968,-1,0,50.353153,5.113856,55.467009
323,32,128,32,128,19019,3,2.863104,21.015553,1,21.08416,3.949568,25.033728
324,32,637,32,637,18974,3,4.048896,-1,0,50.484222,5.10976,55.593982
325,32,637,32,637,18930,3,4.07552,-1,0,51.31469,5.13536,56.450049
326,32,128,32,128,19006,3,2.868224,21.121023,1,21.187584,3.953664,25.141248
327,32,637,32,637,18960,3,4.08576,-1,0,50.615295,5.147648,55.762943
328,32,128,32,128,19025,3,2.859008,21.078016,1,21.145599,3.941376,25.086975
329,32,1655,32,1655,18696,3,6.525952,-1,0,105.792511,7.58272,113.375231
330,32,1145,32,1145,18504,3,5.270528,-1,0,79.42144,6.325248,85.746688
331,32,1145,32,1145,18287,3,5.264384,-1,0,78.979073,6.321152,85.300225
332,32,128,32,128,18361,3,2.870272,21.239807,1,21.2992,3.959808,25.259008
333,32,636,32,636,18294,3,4.05504,-1,0,50.525185,5.118976,55.644161
334,32,128,32,128,18376,3,2.840576,21.004288,1,21.071873,3.920896,24.992769
335,32,1655,32,1655,18052,3,6.53312,-1,0,105.622528,7.591936,113.214464
336,32,1146,32,1146,17860,3,5.302272,-1,0,80.137215,6.35904,86.496254
337,32,128,32,128,17949,3,2.86208,21.244928,1,21.31456,3.948544,25.263104
338,32,128,32,128,18027,3,2.832384,20.88448,1,20.95104,3.910656,24.861696
339,32,637,32,637,17977,3,4.091904,-1,0,50.397182,5.154816,55.551999
340,32,637,32,637,17918,3,4.098048,-1,0,51.732479,5.16096,56.893439
341,32,128,32,128,17993,3,2.844672,20.938751,1,21.00736,3.93216,24.93952
342,32,128,32,128,18074,3,2.832384,20.645887,1,20.713472,3.910656,24.624128
343,32,128,32,128,18151,3,2.82624,20.534271,1,20.600832,3.904512,24.505344
344,32,128,32,128,18237,3,2.817024,20.542463,1,20.609024,3.892224,24.501248
345,32,637,32,637,18186,3,4.102144,-1,0,50.294785,5.168128,55.462913
346,32,128,32,128,18262,3,2.860032,21.111809,1,21.177343,3.953664,25.131007
347,32,637,32,637,18211,3,4.074496,-1,0,50.844673,5.141504,55.986177
348,32,128,32,128,18292,3,2.843648,20.98176,1,21.052416,3.92704,24.979456
349,32,128,32,128,18371,3,2.82624,20.739073,1,20.80768,3.90656,24.71424
350,32,637,32,637,18312,3,4.04992,-1,0,49.99168,5.11488,55.10656
351,32,128,32,128,18402,3,2.83648,20.777985,1,20.84864,3.924992,24.773633
352,32,128,32,128,18480,3,2.834432,20.672512,1,20.739073,3.922944,24.662017
353,32,128,32,128,18566,3,2.812928,20.543488,1,20.612097,3.897344,24.509441
354,32,128,32,128,18639,3,2.828288,20.47488,1,20.533249,3.914752,24.448001
355,32,128,32,128,18715,3,2.819072,20.500481,1,20.569088,3.90656,24.475648
356,32,128,32,128,18789,3,2.807808,20.475904,1,20.535295,3.892224,24.42752
357,32,128,32,128,18867,3,2.803712,20.409344,1,20.476929,3.877888,24.354817
358,32,128,32,128,18943,3,2.809856,20.402176,1,20.45952,3.885056,24.344576
359,32,128,32,128,19018,3,2.806784,20.405249,1,20.471807,3.881984,24.353791
360,32,637,32,637,18971,3,4.105216,-1,0,49.95789,5.169152,55.127041
361,32,128,32,128,19054,3,2.874368,21.041151,1,21.110785,3.955712,25.066497
362,32,637,32,637,19020,3,4.098048,-1,0,50.534401,5.16096,55.695361
363,32,128,32,128,19088,3,2.865152,21.047297,1,21.107712,3.948544,25.056256
364,32,128,32,128,19174,3,2.8416,20.854784,1,20.923391,3.924992,24.848383
365,32,128,32,128,19256,3,2.828288,20.714497,1,20.784128,3.904512,24.68864
366,32,128,32,128,19322,3,2.834432,20.659201,1,20.72576,3.9168,24.64256
367,32,637,32,637,19272,3,4.081664,-1,0,50.10125,5.1456,55.24685
368,32,636,32,636,19204,3,4.117504,-1,0,51.341312,5.180416,56.521729
369,32,637,32,637,19146,3,4.119552,-1,0,51.610622,5.18656,56.797183
370,32,1655,32,1655,18814,3,6.523904,-1,0,106.647552,7.591936,114.239489
371,32,637,32,637,18757,3,4.098048,-1,0,52.508671,5.168128,57.676799
372,32,128,32,128,18835,3,2.852864,20.938751,1,21.008385,3.938304,24.946689
373,32,636,32,636,18796,3,4.091904,-1,0,50.189312,5.163008,55.35232
374,32,637,32,637,18754,3,4.10112,-1,0,51.351551,5.173248,56.524799
375,32,128,32,128,18835,3,2.857984,21.072895,1,21.141504,3.940352,25.081856
376,32,637,32,637,18789,3,4.073472,-1,0,50.643967,5.132288,55.776255
377,32,637,32,637,18727,3,4.099072,-1,0,51.369984,5.16608,56.536064
378,32,128,32,128,18806,3,2.848768,21.026815,1,21.096449,3.949568,25.046017
379,32,128,32,128,18873,3,2.834432,20.815872,1,20.881409,3.918848,24.800257
380,32,637,32,637,18826,3,4.102144,-1,0,50.246655,5.168128,55.414783
381,32,637,32,637,18772,3,4.11136,-1,0,51.820545,5.1712,56.991745
382,32,1655,32,1655,18450,3,6.53312,-1,0,106.574844,7.59296,114.167804
383,32,1655,32,1655,18121,3,6.526976,-1,0,107.308029,7.588864,114.896893
384,32,128,32,128,18196,3,2.869248,21.311487,1,21.373953,3.955712,25.329665
385,32,1145,32,1145,18028,3,5.25824,-1,0,78.027779,6.324224,84.352003
386,32,637,32,637,17995,3,4.107264,-1,0,52.004864,5.175296,57.18016
387,32,637,32,637,17954,3,4.078592,-1,0,51.17952,5.165056,56.344576
388,32,128,32,128,18036,3,2.85184,20.883455,1,20.942848,3.931136,24.873984
389,32,128,32,128,18121,3,2.824192,20.655104,1,20.721664,3.90656,24.628224
390,32,637,32,637,18073,3,4.067328,-1,0,49.90976,5.126144,55.035903
391,32,128,32,128,18162,3,2.857984,20.888577,1,20.955135,3.943424,24.898559
392,32,637,32,637,18117,3,4.06528,-1,0,50.392063,5.129216,55.521279
393,32,128,32,128,18191,3,2.849792,20.939775,1,21.011456,3.935232,24.946687
394,32,1146,32,1146,17988,3,5.292032,-1,0,77.59565,6.35392,83.94957
395,32,128,32,128,18078,3,2.883584,21.383167,1,21.444609,3.971072,25.415681
396,32,128,32,128,18169,3,2.8416,20.98176,1,21.044224,3.918848,24.963072
397,32,128,32,128,18257,3,2.827264,20.668415,1,20.736,3.907584,24.643584
398,32,621,32,621,18210,3,4.113408,-1,0,49.867775,5.17632,55.044095
399,32,128,32,128,18293,3,2.85184,21.041151,1,21.100544,3.938304,25.038848
400,32,128,32,128,18369,3,2.837504,20.753408,1,20.819967,3.9168,24.736767
401,32,128,32,128,18447,3,2.82112,20.548609,1,20.614143,3.899392,24.513535
402,32,128,32,128,18525,3,2.82112,20.528128,1,20.585472,3.905536,24.491008
403,32,128,32,128,18593,3,2.818048,20.542463,1,20.608,3.892224,24.500224
404,32,128,32,128,18680,3,2.811904,20.5312,1,20.589567,3.890176,24.479743
405,32,128,32,128,18757,3,2.808832,20.473856,1,20.539392,3.887104,24.426497
406,32,637,32,637,18692,3,4.10624,-1,0,50.038784,5.174272,55.213056
407,32,128,32,128,18772,3,2.878464,21.026815,1,21.087233,3.956736,25.043969
408,32,637,32,637,18705,3,4.078592,-1,0,50.402306,5.143552,55.545857
409,32,128,32,128,18790,3,2.85696,20.883455,1,20.954111,3.943424,24.897535
410,32,128,32,128,18867,3,2.83136,20.669439,1,20.739073,3.914752,24.653825
411,32,128,32,128,18953,3,2.816,20.491264,1,20.557823,3.893248,24.451071
412,32,637,32,637,18897,3,4.046848,-1,0,49.853439,5.108736,54.962175
413,32,128,32,128,18983,3,2.834432,20.945921,1,21.01248,3.91168,24.92416
414,32,128,32,128,19063,3,2.837504,20.706305,1,20.770817,3.917824,24.688641
415,32,128,32,128,19134,3,2.817024,20.584448,1,20.652033,3.899392,24.551425
416,32,637,32,637,19078,3,4.107264,-1,0,50.011135,5.172224,55.183359
417,32,128,32,128,19159,3,2.85696,21.050367,1,21.118977,3.956736,25.075713
418,32,1146,32,1146,18977,3,5.320704,-1,0,78.102531,6.38464,84.487172
419,32,637,32,637,18923,3,4.107264,-1,0,52.069378,5.175296,57.244674
420,32,637,32,637,18878,3,4.104192,-1,0,51.094528,5.174272,56.2688
421,32,637,32,637,18833,3,4.109312,-1,0,51.728382,5.177344,56.905726
422,32,1146,32,1146,18673,3,5.316608,-1,0,78.779388,6.375424,85.154812
423,32,1146,32,1146,18494,3,5.313536,-1,0,79.685631,6.37952,86.065151
424,32,128,32,128,18569,3,2.875392,21.183489,1,21.254145,3.963904,25.218049
425,32,128,32,128,18653,3,2.83648,20.914177,1,20.984833,3.924992,24.909825
426,32,637,32,637,18590,3,4.08576,-1,0,50.118656,5.15072,55.269376
427,32,128,32,128,18659,3,2.871296,21.111809,1,21.18144,3.96288,25.14432
428,32,636,32,636,18601,3,4.105216,-1,0,50.880512,5.167104,56.047616
429,32,637,32,637,18562,3,4.112384,-1,0,51.577854,5.178368,56.756222
430,32,650,32,650,18367,3,4.230144,-1,0,55.407616,5.295104,60.70272
431,32,637,32,637,18320,3,4.08064,-1,0,50.836479,5.147648,55.984127
432,32,128,32,128,18389,3,2.852864,20.93568,1,21.005312,3.936256,24.941568
433,32,128,32,128,18467,3,2.834432,20.70528,1,20.772863,3.918848,24.691711
434,32,637,32,637,18405,3,4.100096,-1,0,50.338818,5.167104,55.505921
435,32,637,32,637,18362,3,4.114432,-1,0,51.426304,5.182464,56.608768
436,32,637,32,637,18300,3,4.094976,-1,0,51.325951,5.157888,56.483839
437,32,1146,32,1146,18141,3,5.306368,-1,0,79.003647,6.367232,85.370879
438,32,637,32,637,18084,3,4.13696,-1,0,52.352001,5.209088,57.561089
439,32,636,32,636,18021,3,4.091904,-1,0,51.699711,5.15584,56.855551
440,32,128,32,128,18108,3,2.8416,20.988928,1,21.057535,3.926016,24.983551
441,32,128,32,128,18184,3,2.827264,20.717567,1,20.777985,3.912704,24.690689
442,32,637,32,637,18134,3,4.108288,-1,0,50.04493,5.1712,55.216129
443,32,128,32,128,18216,3,2.855936,21.051392,1,21.120001,3.941376,25.061377
444,32,128,32,128,18291,3,2.83136,20.754433,1,20.824064,3.903488,24.727552
445,32,128,32,128,18373,3,2.823168,20.578304,1,20.646912,3.905536,24.552448
446,32,1146,32,1146,18172,3,5.307392,-1,0,77.423615,6.372352,83.795967
447,32,636,32,636,18123,3,4.133888,-1,0,52.21069,5.202944,57.413633
448,32,128,32,128,18190,3,2.857984,21.216255,1,21.285889,3.94752,25.233409
449,32,128,32,128,18271,3,2.824192,20.791296,1,20.860928,3.908608,24.769536
450,32,128,32,128,18342,3,2.823168,20.570112,1,20.637695,3.905536,24.543231
451,32,128,32,128,18421,3,2.814976,20.542463,1,20.60288,3.89632,24.499201
452,32,1146,32,1146,18222,3,5.312512,-1,0,77.453316,6.372352,83.825668
453,32,128,32,128,18302,3,2.87232,21.292032,1,21.362688,3.956736,25.319424
454,32,128,32,128,18379,3,2.837504,20.873217,1,20.9408,3.928064,24.868864
455,32,128,32,128,18453,3,2.829312,20.663296,1,20.730881,3.915776,24.646657
456,32,128,32,128,18542,3,2.825216,20.53632,1,20.595713,3.907584,24.503297
457,32,637,32,637,18493,3,4.100096,-1,0,50.311169,5.1712,55.482368
458,32,128,32,128,18582,3,2.871296,20.988928,1,21.058559,3.95776,25.01632
459,32,128,32,128,18651,3,2.847744,20.721664,1,20.790272,3.940352,24.730624
460,32,128,32,128,18732,3,2.82112,20.604927,1,20.669439,3.904512,24.573951
461,32,128,32,128,18804,3,2.820096,20.501505,1,20.568064,3.899392,24.467456
462,32,128,32,128,18881,3,2.830336,20.567039,1,20.626432,3.912704,24.539136
463,32,128,32,128,18956,3,2.818048,20.560896,1,20.627457,3.900416,24.527873
464,32,128,32,128,19031,3,2.81088,20.460545,1,20.517887,3.887104,24.404991
465,32,128,32,128,19104,3,2.812928,20.450304,1,20.516865,3.893248,24.410113
466,32,637,32,637,19040,3,4.11648,-1,0,49.882111,5.180416,55.062527
467,32,128,32,128,19120,3,2.871296,21.233664,1,21.303295,3.963904,25.267199
468,32,637,32,637,19071,3,4.071424,-1,0,50.930687,5.139456,56.070143
469,32,1146,32,1146,18878,3,5.322752,-1,0,78.696449,6.383616,85.080065
470,32,637,32,637,18841,3,4.113408,-1,0,52.163586,5.180416,57.344002
471,32,128,32,128,18921,3,2.847744,21.054464,1,21.12512,3.928064,25.053184
472,32,637,32,637,18862,3,4.108288,-1,0,50.693119,5.164032,55.857151
473,32,128,32,128,18936,3,2.855936,21.076992,1,21.146624,3.940352,25.086976
474,32,1655,32,1655,18610,3,6.520832,-1,0,105.849854,7.58784,113.437694
475,32,128,32,128,18697,3,2.875392,21.391359,1,21.463039,3.969024,25.432063
476,32,1113,32,1113,18534,3,5.2992,-1,0,78.271484,6.354944,84.626429
477,32,128,32,128,18605,3,2.88256,21.262337,1,21.331968,3.97824,25.310208
478,32,128,32,128,18683,3,2.843648,20.867071,1,20.934656,3.926016,24.860672
479,32,1146,32,1146,18497,3,5.305344,-1,0,77.873154,6.376448,84.249602
480,32,128,32,128,18572,3,2.86208,21.223425,1,21.292032,3.948544,25.240576
481,32,128,32,128,18656,3,2.840576,20.839424,1,20.909056,3.922944,24.832
482,32,637,32,637,18617,3,4.108288,-1,0,50.336769,5.173248,55.510017
483,32,128,32,128,18687,3,2.863104,21.011456,1,21.079041,3.94752,25.026561
484,32,128,32,128,18759,3,2.83136,20.790272,1,20.857857,3.914752,24.772609
485,32,636,32,636,18705,3,4.099072,-1,0,49.785854,5.16608,54.951934
486,32,636,32,636,18642,3,4.098048,-1,0,51.558399,5.159936,56.718335
487,32,637,32,637,18581,3,4.104192,-1,0,51.550209,5.1712,56.721409
488,32,128,32,128,18659,3,2.859008,21.133312,1,21.198849,3.93728,25.136129
489,32,128,32,128,18729,3,2.83648,20.864,1,20.929537,3.920896,24.850433
490,32,128,32,128,18804,3,2.828288,20.67968,1,20.746241,3.904512,24.650753
491,32,1655,32,1655,18457,3,6.576128,-1,0,106.214401,7.647232,113.861633
492,32,128,32,128,18536,3,2.893824,21.472256,1,21.533695,3.992576,25.526271
493,32,637,32,637,18488,3,4.109312,-1,0,51.119102,5.1712,56.290302
494,32,1146,32,1146,18247,3,5.26336,-1,0,78.759933,6.3232,85.083134
495,32,1145,32,1145,18075,3,5.311488,-1,0,78.893059,6.3744,85.267459
496,32,128,32,128,18152,3,2.870272,21.34528,1,21.414911,3.951616,25.366527
497,32,637,32,637,18106,3,4.084736,-1,0,51.088383,5.148672,56.237055
498,32,128,32,128,18188,3,2.852864,21.082111,1,21.141504,3.93216,25.073664
499,32,128,32,128,18272,3,2.828288,20.830208,1,20.897793,3.910656,24.808449
500,32,637,32,637,18210,3,4.127744,-1,0,50.407425,5.193728,55.601153
501,32,128,32,128,18287,3,2.8672,21.161983,1,21.230593,3.948544,25.179137
502,32,1146,32,1146,18121,3,5.300224,-1,0,78.313469,6.365184,84.678653
503,32,637,32,637,18070,3,4.104192,-1,0,52.072449,5.168128,57.240577
504,32,128,32,128,18156,3,2.853888,20.950016,1,21.018623,3.941376,24.959999
505,32,128,32,128,18232,3,2.828288,20.658176,1,20.726784,3.905536,24.63232
506,32,128,32,128,18317,3,2.813952,20.471807,1,20.540417,3.892224,24.432641
507,32,128,32,128,18385,3,2.818048,20.506624,1,20.568064,3.894272,24.462336
508,32,128,32,128,18464,3,2.82112,20.541439,1,20.606976,3.895296,24.502272
509,32,637,32,637,18415,3,4.094976,-1,0,49.70496,5.156864,54.861824
510,32,128,32,128,18491,3,2.852864,21.030912,1,21.098495,3.9424,25.040895
511,32,128,32,128,18563,3,2.829312,20.774912,1,20.843519,3.91168,24.755199
512,32,128,32,128,18651,3,2.813952,20.560896,1,20.627457,3.898368,24.525825
513,32,128,32,128,18726,3,2.830336,20.528128,1,20.595713,3.910656,24.506369
514,32,637,32,637,18671,3,4.110336,-1,0,50.263039,5.18144,55.444479
515,32,128,32,128,18749,3,2.857984,21.11488,1,21.175297,3.946496,25.121793
516,32,128,32,128,18830,3,2.832384,20.858879,1,20.929537,3.914752,24.844289
517,32,128,32,128,18904,3,2.819072,20.625408,1,20.684799,3.893248,24.578047
518,32,128,32,128,18972,3,2.83136,20.557823,1,20.61824,3.914752,24.532992
519,32,128,32,128,19048,3,2.828288,20.573183,1,20.640768,3.9168,24.557568
520,32,128,32,128,19124,3,2.809856,20.573183,1,20.640768,3.888128,24.528896
521,32,637,32,637,19057,3,4.114432,-1,0,50.103294,5.183488,55.286782
522,32,637,32,637,18992,3,4.107264,-1,0,51.990528,5.174272,57.1648
523,32,128,32,128,19076,3,2.869248,21.159937,1,21.231615,3.953664,25.185279
524,32,637,32,637,19019,3,4.045824,-1,0,50.378754,5.10464,55.483394
525,32,637,32,637,18961,3,4.100096,-1,0,51.236862,5.16608,56.402942
526,32,1146,32,1146,18777,3,5.3248,-1,0,78.610435,6.393856,85.004292
527,32,128,32,128,18861,3,2.891776,21.214209,1,21.28384,3.985408,25.269248
528,32,1146,32,1146,18687,3,5.297152,-1,0,78.089218,6.36416,84.453378
529,32,636,32,636,18636,3,4.091904,-1,0,52.012032,5.16608,57.178112
530,32,636,32,636,18591,3,4.096,-1,0,51.508224,5.170176,56.678401
531,32,637,32,637,18533,3,4.127744,-1,0,51.78368,5.195776,56.979456
532,32,128,32,128,18619,3,2.8672,21.060608,1,21.132288,3.95264,25.084928
533,32,637,32,637,18545,3,4.093952,-1,0,50.658302,5.161984,55.820286
534,32,128,32,128,18627,3,2.865152,21.05344,1,21.123072,3.954688,25.07776
535,32,637,32,637,18565,3,4.110336,-1,0,50.728958,5.174272,55.90323
536,32,128,32,128,18643,3,2.853888,21.035007,1,21.103617,3.938304,25.041921
537,32,637,32,637,18605,3,4.096,-1,0,50.834431,5.164032,55.998463
538,32,128,32,128,18690,3,2.860032,21.051392,1,21.121023,3.9424,25.063423
539,32,128,32,128,18772,3,2.82624,20.790272,1,20.852736,3.907584,24.760319
540,32,128,32,128,18849,3,2.824192,20.671488,1,20.739073,3.902464,24.641537
541,32,128,32,128,18922,3,2.822144,20.568064,1,20.625408,3.903488,24.528896
542,32,128,32,128,19001,3,2.827264,20.57728,1,20.639744,3.908608,24.548352
543,32,637,32,637,18943,3,4.105216,-1,0,50.281471,5.172224,55.453695
544,32,1146,32,1146,18737,3,5.313536,-1,0,79.300606,6.380544,85.68115
545,32,1146,32,1146,18542,3,5.264384,-1,0,79.09581,6.32832,85.42413
546,32,637,32,637,18475,3,4.107264,-1,0,51.923969,5.174272,57.098241
547,32,128,32,128,18558,3,2.883584,21.146624,1,21.215233,3.972096,25.187329
548,32,637,32,637,18494,3,4.104192,-1,0,51.06995,5.177344,56.247294
549,32,637,32,637,18450,3,4.100096,-1,0,51.642368,5.1712,56.813568
550,32,128,32,128,18536,3,2.865152,21.090303,1,21.150721,3.956736,25.107457
551,32,636,32,636,18491,3,4.097024,-1,0,50.629631,5.174272,55.803903
552,32,637,32,637,18440,3,4.104192,-1,0,51.426304,5.1712,56.597504
553,32,1655,32,1655,18116,3,6.51776,-1,0,106.689537,7.576576,114.266113
554,32,1146,32,1146,17929,3,5.315584,-1,0,79.97747,6.38464,86.362111
555,32,128,32,128,18007,3,2.854912,21.192703,1,21.261312,3.941376,25.202688
556,32,637,32,637,17940,3,4.104192,-1,0,50.667519,5.169152,55.83667
557,32,128,32,128,18028,3,2.847744,20.936705,1,20.998144,3.943424,24.941568
558,32,128,32,128,18094,3,2.832384,20.655104,1,20.722689,3.907584,24.630273
559,32,128,32,128,18175,3,2.825216,20.481024,1,20.54656,3.90656,24.45312
560,32,128,32,128,18239,3,2.822144,20.484097,1,20.55168,3.899392,24.451072
561,32,128,32,128,18315,3,2.823168,20.483072,1,20.540417,3.899392,24.439809
562,32,128,32,128,18391,3,2.811904,20.439039,1,20.5056,3.890176,24.395776
563,32,637,32,637,18340,3,4.094976,-1,0,49.821697,5.161984,54.983681
564,32,128,32,128,18424,3,2.865152,21.055489,1,21.122047,3.956736,25.078784
565,32,128,32,128,18502,3,2.843648,20.827135,1,20.895744,3.933184,24.828928
566,32,128,32,128,18577,3,2.822144,20.663296,1,20.731903,3.903488,24.635391
567,32,637,32,637,18516,3,4.098048,-1,0,50.2272,5.169152,55.396351
568,32,128,32,128,18604,3,2.871296,21.062656,1,21.130239,3.960832,25.091072
569,32,128,32,128,18681,3,2.835456,20.819967,1,20.886528,3.914752,24.80128
570,32,128,32,128,18751,3,2.818048,20.563969,1,20.630527,3.90144,24.531967
571,32,128,32,128,18833,3,2.816,20.501505,1,20.569088,3.899392,24.46848
572,32,128,32,128,18917,3,2.825216,20.55168,1,20.611073,3.900416,24.511488
573,32,1098,32,1098,18723,3,5.303296,-1,0,77.277184,6.36928,83.646463
574,32,637,32,637,18677,3,4.13696,-1,0,52.448257,5.206016,57.654274
575,32,637,32,637,18630,3,4.100096,-1,0,51.750912,5.163008,56.91392
576,32,128,32,128,18719,3,2.874368,21.044224,1,21.112831,3.963904,25.076735
577,32,128,32,128,18788,3,2.838528,20.816896,1,20.876287,3.924992,24.80128
578,32,128,32,128,18877,3,2.839552,20.703232,1,20.762625,3.924992,24.687617
579,32,128,32,128,18966,3,2.830336,20.643841,1,20.711424,3.910656,24.62208
580,32,1146,32,1146,18761,3,5.306368,-1,0,77.426689,6.373376,83.800065
581,32,636,32,636,18700,3,4.134912,-1,0,52.290562,5.213184,57.503746
582,32,637,32,637,18638,3,4.102144,-1,0,51.825665,5.168128,56.993793
583,32,128,32,128,18728,3,2.857984,21.044224,1,21.113855,3.9424,25.056255
584,32,637,32,637,18676,3,4.071424,-1,0,50.377728,5.141504,55.519231
585,32,128,32,128,18762,3,2.866176,20.952065,1,21.019648,3.950592,24.97024
586,32,128,32,128,18853,3,2.834432,20.72576,1,20.794369,3.918848,24.713217
587,32,637,32,637,18796,3,4.104192,-1,0,50.270206,5.1712,55.441406
588,32,128,32,128,18881,3,2.869248,21.054464,1,21.116928,3.95264,25.069568
589,32,128,32,128,18962,3,2.83648,20.857857,1,20.927488,3.918848,24.846336
590,32,1146,32,1146,18781,3,5.323776,-1,0,78.073853,6.387712,84.461565
591,32,637,32,637,18729,3,4.1472,-1,0,52.458496,5.215232,57.673728
592,32,128,32,128,18808,3,2.87232,21.251072,1,21.318657,3.964928,25.283585
593,32,1146,32,1146,18598,3,5.313536,-1,0,78.413826,6.36928,84.783106
594,32,128,32,128,18682,3,2.888704,21.244928,1,21.31456,3.979264,25.293824
595,32,1655,32,1655,18374,3,6.534144,-1,0,106.272766,7.595008,113.867774
596,32,128,32,128,18450,3,2.900992,21.380096,1,21.450752,3.994624,25.445376
597,32,128,32,128,18536,3,2.854912,20.99712,1,21.065727,3.940352,25.006079
598,32,128,32,128,18601,3,2.819072,20.690945,1,20.758528,3.897344,24.655872
599,32,1146,32,1146,18393,3,5.313536,-1,0,77.62944,6.375424,84.004864
600,32,128,32,128,18466,3,2.87744,21.203968,1,21.272575,3.963904,25.236479
601,32,637,32,637,18410,3,4.07552,-1,0,50.996223,5.14048,56.136703
602,32,128,32,128,18494,3,2.859008,20.967424,1,21.036032,3.93728,24.973312
603,32,128,32,128,18574,3,2.83136,20.779009,1,20.845568,3.913728,24.759296
604,32,128,32,128,18646,3,2.822144,20.595713,1,20.659201,3.902464,24.561665
605,32,1146,32,1146,18473,3,5.31456,-1,0,77.739006,6.373376,84.112382
606,32,637,32,637,18413,3,4.140032,-1,0,52.427776,5.21216,57.639936
607,32,637,32,637,18364,3,4.123648,-1,0,52.072449,5.1968,57.269249
608,32,128,32,128,18443,3,2.857984,21.219328,1,21.285889,3.954688,25.240577
609,32,128,32,128,18524,3,2.835456,20.865025,1,20.932608,3.912704,24.845312
610,32,1146,32,1146,18342,3,5.316608,-1,0,77.693954,6.382592,84.076547
611,32,637,32,637,18277,3,4.134912,-1,0,52.403198,5.20192,57.605118
612,32,1146,32,1146,18100,3,5.303296,-1,0,79.34771,6.363136,85.710845
613,32,128,32,128,18188,3,2.880512,21.128193,1,21.188608,3.968,25.156608
614,32,128,32,128,18276,3,2.864128,20.862976,1,20.933632,3.953664,24.887296
615,32,128,32,128,18354,3,2.812928,20.609024,1,20.677631,3.894272,24.571903
616,32,637,32,637,18316,3,4.073472,-1,0,50.093056,5.143552,55.236608
617,32,128,32,128,18409,3,2.855936,21.0432,1,21.106688,3.936256,25.042943
618,32,128,32,128,18491,3,2.830336,20.809729,1,20.880384,3.91168,24.792064
619,32,128,32,128,18567,3,2.819072,20.627457,1,20.69504,3.897344,24.592384
620,32,1145,32,1145,18393,3,5.312512,-1,0,77.430786,6.377472,83.808258
621,32,128,32,128,18488,3,2.878464,21.406719,1,21.478399,3.969024,25.447423
622,32,637,32,637,18432,3,4.118528,-1,0,51.202049,5.184512,56.386561
623,32,128,32,128,18509,3,2.859008,21.10976,1,21.170176,3.956736,25.126912
624,32,128,32,128,18581,3,2.840576,20.860928,1,20.926464,3.920896,24.84736
625,32,128,32,128,18667,3,2.820096,20.616192,1,20.682753,3.90144,24.584193
626,32,128,32,128,18738,3,2.825216,20.543488,1,20.611073,3.910656,24.521729
627,32,128,32,128,18812,3,2.827264,20.548609,1,20.608,3.910656,24.518656
628,32,128,32,128,18890,3,2.811904,20.575232,1,20.6336,3.890176,24.523776
629,32,637,32,637,18819,3,4.115456,-1,0,50.231297,5.178368,55.409665
630,32,128,32,128,18906,3,2.864128,21.247999,1,21.315584,3.954688,25.270272
631,32,637,32,637,18850,3,4.073472,-1,0,51.054592,5.141504,56.196096
632,32,128,32,128,18933,3,2.855936,21.126144,1,21.18656,3.941376,25.127936
633,32,637,32,637,18871,3,4.057088,-1,0,50.603008,5.122048,55.725056
634,32,128,32,128,18955,3,2.864128,21.165056,1,21.229568,3.944448,25.174016
635,32,637,32,637,18890,3,4.086784,-1,0,50.983936,5.147648,56.131584
636,32,128,32,128,18970,3,2.857984,21.1712,1,21.238785,3.94752,25.186305
637,32,637,32,637,18897,3,4.057088,-1,0,50.674686,5.128192,55.802878
638,32,128,32,128,18985,3,2.859008,21.168127,1,21.237761,3.939328,25.177088
639,32,128,32,128,19070,3,2.83648,20.874241,1,20.944897,3.9168,24.861697
640,32,637,32,637,18996,3,4.084736,-1,0,50.138111,5.147648,55.285759
641,32,637,32,637,18932,3,4.114432,-1,0,51.436543,5.18144,56.617982
642,32,128,32,128,19018,3,2.855936,21.144575,1,21.213184,3.940352,25.153536
643,32,128,32,128,19096,3,2.843648,20.902912,1,20.971519,3.923968,24.895488
644,32,1655,32,1655,18773,3,6.577152,-1,0,106.002434,7.645184,113.647618
645,32,128,32,128,18866,3,2.896896,21.552128,1,21.614592,3.98336,25.597952
646,32,128,32,128,18942,3,2.863104,21.010431,1,21.080065,3.944448,25.024513
647,32,637,32,637,18878,3,4.103168,-1,0,50.470913,5.173248,55.644161
648,32,128,32,128,18949,3,2.88256,21.148672,1,21.209087,3.969024,25.178111
649,32,1146,32,1146,18754,3,5.313536,-1,0,78.267395,6.377472,84.644867
650,32,128,32,128,18827,3,2.87232,21.407743,1,21.476353,3.965952,25.442305
651,32,1146,32,1146,18656,3,5.357568,-1,0,78.777344,6.424576,85.20192
652,32,637,32,637,18586,3,4.141056,-1,0,52.87936,5.209088,58.088448
653,32,637,32,637,18522,3,4.09088,-1,0,51.900417,5.158912,57.05933
654,32,128,32,128,18606,3,2.881536,21.152767,1,21.221376,3.968,25.189376
655,32,1129,32,1129,18413,3,5.2992,-1,0,78.319618,6.360064,84.679682
656,32,637,32,637,18354,3,4.11136,-1,0,52.163586,5.180416,57.344002
657,32,637,32,637,18299,3,4.108288,-1,0,51.603455,5.18144,56.784894
658,32,128,32,128,18373,3,2.860032,21.046272,1,21.115904,3.948544,25.064448
659,32,637,32,637,18327,3,4.083712,-1,0,51.015678,5.15072,56.166399
660,32,637,32,637,18271,3,4.118528,-1,0,51.813377,5.182464,56.995842
661,32,128,32,128,18357,3,2.85696,21.185535,1,21.245953,3.943424,25.189377
662,32,128,32,128,18432,3,2.833408,20.87936,1,20.938751,3.912704,24.851455
663,32,1145,32,1145,18227,3,5.362688,-1,0,77.868034,6.426624,84.294658
664,32,637,32,637,18183,3,4.132864,-1,0,52.877312,5.195776,58.073088
665,32,1145,32,1145,18004,3,5.26336,-1,0,78.804993,6.319104,85.124097
666,32,128,32,128,18093,3,2.870272,21.08416,1,21.154816,3.959808,25.114624
667,32,128,32,128,18177,3,2.843648,20.836351,1,20.895744,3.923968,24.819712
668,32,128,32,128,18255,3,2.812928,20.581375,1,20.649984,3.894272,24.544256
669,32,1145,32,1145,18081,3,5.30944,-1,0,77.336578,6.372352,83.70893
670,32,637,32,637,18044,3,4.128768,-1,0,52.377602,5.19168,57.569282
671,32,128,32,128,18125,3,2.861056,21.090303,1,21.161983,3.946496,25.108479
672,32,128,32,128,18191,3,2.827264,20.744192,1,20.811775,3.92704,24.738815
673,32,128,32,128,18263,3,2.82112,20.543488,1,20.611073,3.910656,24.521729
674,32,128,32,128,18345,3,2.820096,20.530176,1,20.587521,3.917824,24.505345
675,32,128,32,128,18402,3,2.820096,20.538368,1,20.604927,3.909632,24.514559
676,32,637,32,637,18333,3,4.120576,-1,0,50.066433,5.192704,55.259137
677,32,128,32,128,18404,3,2.870272,21.189632,1,21.260288,3.979264,25.239552
678,32,128,32,128,18472,3,2.842624,20.89472,1,20.955135,3.933184,24.888319
679,32,128,32,128,18559,3,2.824192,20.694016,1,20.762625,3.900416,24.663041
680,32,637,32,637,18497,3,4.10624,-1,0,50.016254,5.185536,55.20179
681,32,128,32,128,18578,3,2.859008,21.058559,1,21.130239,3.965952,25.096191
682,32,637,32,637,18522,3,4.099072,-1,0,50.758656,5.165056,55.923712
683,32,128,32,128,18604,3,2.874368,20.973568,1,21.044224,3.958784,25.003008
684,32,128,32,128,18693,3,2.837504,20.755457,1,20.82304,3.922944,24.745984
685,32,128,32,128,18759,3,2.823168,20.599808,1,20.660225,3.907584,24.567809
686,32,637,32,637,18719,3,4.069376,-1,0,50.027519,5.14048,55.167999
687,32,128,32,128,18796,3,2.876416,21.215233,1,21.285889,3.98336,25.269249
688,32,1146,32,1146,18608,3,5.302272,-1,0,78.39846,6.382592,84.781053
689,32,128,32,128,18679,3,2.884608,21.297152,1,21.369856,3.991552,25.361408
690,32,637,32,637,18634,3,4.11136,-1,0,51.015678,5.179392,56.19507
691,32,128,32,128,18706,3,2.8672,21.108736,1,21.170176,3.97312,25.143296
692,32,128,32,128,18803,3,2.843648,20.865025,1,20.924416,3.941376,24.865792
693,32,637,32,637,18733,3,4.08064,-1,0,50.270206,5.164032,55.434238
694,32,128,32,128,18813,3,2.857984,20.943872,1,21.009409,3.966976,24.976385
695,32,637,32,637,18770,3,4.109312,-1,0,50.742271,5.1968,55.939072
696,32,637,32,637,18734,3,4.112384,-1,0,51.429375,5.192704,56.622079
697,32,1144,32,1144,18533,3,5.302272,-1,0,78.502914,6.386688,84.889603
698,32,637,32,637,18484,3,4.103168,-1,0,52.234241,5.1968,57.431042
699,32,128,32,128,18579,3,2.853888,20.941824,1,21.01248,3.953664,24.966144
700,32,128,32,128,18653,3,2.834432,20.654079,1,20.72576,3.919872,24.645632
701,32,128,32,128,18721,3,2.823168,20.501505,1,20.571136,3.92192,24.493057
702,32,128,32,128,18796,3,2.829312,20.576256,1,20.643841,3.93216,24.576001
703,32,637,32,637,18745,3,4.12672,-1,0,50.308098,5.190656,55.498754
704,32,637,32,637,18705,3,4.137984,-1,0,52.330498,5.203968,57.534466
705,32,128,32,128,18783,3,2.868224,21.254145,1,21.323776,3.956736,25.280512
706,32,637,32,637,18733,3,4.077568,-1,0,51.015678,5.1456,56.161278
707,32,637,32,637,18677,3,4.144128,-1,0,51.474434,5.21728,56.691714
708,32,637,32,637,18645,3,4.098048,-1,0,51.749889,5.185536,56.935425
709,32,637,32,637,18603,3,4.108288,-1,0,51.517441,5.19168,56.709121
710,32,128,32,128,18672,3,2.853888,20.999168,1,21.069824,3.960832,25.030656
711,32,1146,32,1146,18504,3,5.361664,-1,0,78.619652,6.447104,85.066756
712,32,128,32,128,18596,3,2.875392,21.486591,1,21.558271,3.982336,25.540607
713,32,1146,32,1146,18418,3,5.352448,-1,0,78.911491,6.416384,85.327876
714,32,128,32,128,18505,3,2.874368,21.300224,1,21.368832,3.954688,25.32352
715,32,1146,32,1146,18327,3,5.307392,-1,0,78.105598,6.366208,84.471807
716,32,128,32,128,18398,3,2.865152,21.293056,1,21.361664,3.953664,25.315328
717,32,128,32,128,18483,3,2.833408,20.919296,1,20.985855,3.913728,24.899583
718,32,636,32,636,18435,3,4.092928,-1,0,50.472961,5.153792,55.626753
719,32,128,32,128,18507,3,2.871296,21.244928,1,21.313536,3.955712,25.269248
720,32,636,32,636,18448,3,4.109312,-1,0,51.095551,5.182464,56.278015
721,32,128,32,128,18531,3,2.857984,21.142529,1,21.210112,3.948544,25.158656
722,32,128,32,128,18605,3,2.8416,20.846592,1,20.904961,3.920896,24.825857
723,32,1146,32,1146,18411,3,5.36064,-1,0,77.952003,6.433792,84.385796
724,32,1146,32,1146,18208,3,5.317632,-1,0,80.396286,6.381568,86.777854
725,32,128,32,128,18291,3,2.86208,21.280767,1,21.349377,3.949568,25.298945
726,32,637,32,637,18218,3,4.100096,-1,0,51.219456,5.168128,56.387584
727,32,636,32,636,18165,3,4.091904,-1,0,51.290112,5.157888,56.447999
728,32,128,32,128,18236,3,2.845696,21.0432,1,21.110785,3.92704,25.037825
729,32,128,32,128,18321,3,2.833408,20.744192,1,20.810753,3.90656,24.717313
730,32,128,32,128,18408,3,2.819072,20.544512,1,20.612097,3.90144,24.513537
731,32,128,32,128,18480,3,2.819072,20.596737,1,20.654079,3.895296,24.549376
732,32,637,32,637,18433,3,4.129792,-1,0,50.31731,5.195776,55.513086
733,32,128,32,128,18513,3,2.880512,21.098495,1,21.164032,3.976192,25.140224
734,32,1146,32,1146,18315,3,5.307392,-1,0,77.99398,6.386688,84.380669
735,32,128,32,128,18403,3,2.864128,21.267456,1,21.338112,3.950592,25.288704
736,32,128,32,128,18494,3,2.83136,20.861952,1,20.930559,3.908608,24.839167
737,32,128,32,128,18566,3,2.83136,20.656128,1,20.722689,3.910656,24.633345
738,32,128,32,128,18628,3,2.818048,20.527103,1,20.594688,3.900416,24.495104
739,32,128,32,128,18716,3,2.819072,20.523008,1,20.591616,3.908608,24.500224
740,32,637,32,637,18666,3,4.10112,-1,0,50.251778,5.163008,55.414786
741,32,128,32,128,18750,3,2.84672,21.132288,1,21.199871,3.93216,25.132031
742,32,637,32,637,18716,3,4.107264,-1,0,51.009537,5.168128,56.177665
743,32,637,32,637,18669,3,4.10112,-1,0,51.736576,5.168128,56.904704
744,32,128,32,128,18749,3,2.875392,21.013504,1,21.082111,3.961856,25.043967
745,32,128,32,128,18835,3,2.829312,20.779009,1,20.8384,3.91168,24.75008
746,32,637,32,637,18762,3,4.078592,-1,0,50.433025,5.141504,55.574529
747,32,637,32,637,18704,3,4.107264,-1,0,51.777534,5.173248,56.950782
748,32,637,32,637,18645,3,4.098048,-1,0,51.515392,5.157888,56.67328
749,32,637,32,637,18580,3,4.099072,-1,0,51.383297,5.16096,56.544257
750,32,637,32,637,18541,3,4.091904,-1,0,51.646465,5.154816,56.801281
751,32,128,32,128,18628,3,2.854912,21.090303,1,21.151745,3.953664,25.105409
752,32,128,32,128,18706,3,2.840576,20.80768,1,20.874241,3.931136,24.805377
753,32,128,32,128,18778,3,2.833408,20.591616,1,20.651009,3.923968,24.574977
754,32,128,32,128,18845,3,2.824192,20.572161,1,20.629503,3.922944,24.552447
755,32,128,32,128,18915,3,2.817024,20.562944,1,20.621311,3.9168,24.538111
756,32,637,32,637,18845,3,4.104192,-1,0,50.206718,5.18656,55.393279
757,32,128,32,128,18935,3,2.845696,21.113855,1,21.184511,3.938304,25.122815
758,32,128,32,128,19017,3,2.839552,20.851711,1,20.919296,3.940352,24.859648
759,32,1655,32,1655,18690,3,6.632448,-1,0,106.466301,7.713792,114.180093
760,32,128,32,128,18778,3,2.895872,21.684223,1,21.747711,4.004864,25.752575
761,32,637,32,637,18719,3,4.099072,-1,0,51.44371,5.177344,56.621054
762,32,128,32,128,18787,3,2.857984,21.083136,1,21.153791,3.95776,25.111552
763,32,636,32,636,18746,3,4.103168,-1,0,50.411518,5.180416,55.591934
764,32,128,32,128,18822,3,2.85696,21.096449,1,21.165056,3.95776,25.122816
765,32,1654,32,1654,18501,3,6.573056,-1,0,106.539009,7.658496,114.197505
766,32,128,32,128,18589,3,2.884608,21.602304,1,21.664768,3.995648,25.660416
767,32,1146,32,1146,18413,3,5.318656,-1,0,78.735359,6.382592,85.117951
768,32,637,32,637,18362,3,4.143104,-1,0,52.412415,5.20704,57.619454
769,32,128,32,128,18437,3,2.859008,21.144575,1,21.216255,3.944448,25.160703
770,32,128,32,128,18515,3,2.843648,20.841473,1,20.909056,3.926016,24.835072
771,32,128,32,128,18579,3,2.827264,20.590591,1,20.659201,3.903488,24.562689
772,32,637,32,637,18517,3,4.115456,-1,0,50.239487,5.182464,55.421951
773,32,1146,32,1146,18331,3,5.363712,-1,0,79.614975,6.4256,86.040575
774,32,128,32,128,18411,3,2.88768,21.458944,1,21.528576,3.974144,25.50272
775,32,1146,32,1146,18228,3,5.30944,-1,0,78.804993,6.370304,85.175297
776,32,128,32,128,18317,3,2.87744,21.179392,1,21.249023,3.972096,25.221119
777,32,128,32,128,18394,3,2.85184,20.892672,1,20.960257,3.934208,24.894464
778,32,637,32,637,18349,3,4.079616,-1,0,50.284546,5.16096,55.445506
779,32,128,32,128,18421,3,2.865152,20.970495,1,21.040129,3.954688,24.994817
780,32,128,32,128,18505,3,2.822144,20.777985,1,20.8384,3.902464,24.740864
781,32,1146,32,1146,18320,3,5.35552,-1,0,78.012413,6.418432,84.430845
782,32,637,32,637,18263,3,4.171776,-1,0,52.840446,5.23776,58.078207
783,32,636,32,636,18226,3,4.13184,-1,0,52.294655,5.200896,57.495551
784,32,128,32,128,18313,3,2.869248,21.21216,1,21.280767,3.95776,25.238528
785,32,128,32,128,18390,3,2.842624,20.917248,1,20.986879,3.922944,24.909823
786,32,128,32,128,18472,3,2.825216,20.634624,1,20.701183,3.904512,24.605695
787,32,128,32,128,18550,3,2.82112,20.542463,1,20.610048,3.898368,24.508416
788,32,128,32,128,18637,3,2.819072,20.545536,1,20.612097,3.900416,24.512513
789,32,636,32,636,18576,3,4.097024,-1,0,50.200577,5.16096,55.361537
790,32,637,32,637,18518,3,4.108288,-1,0,51.782658,5.192704,56.975362
791,32,128,32,128,18585,3,2.870272,21.082111,1,21.151745,3.976192,25.127937
792,32,128,32,128,18664,3,2.830336,20.834305,1,20.901888,3.931136,24.833024
793,32,128,32,128,18731,3,2.812928,20.578304,1,20.647936,3.909632,24.557568
794,32,128,32,128,18804,3,2.820096,20.582399,1,20.640768,3.924992,24.56576
795,32,128,32,128,18886,3,2.829312,20.587521,1,20.64896,3.910656,24.559616
796,32,1146,32,1146,18701,3,5.351424,-1,0,78.222336,6.416384,84.63872
797,32,128,32,128,18787,3,2.881536,21.481472,1,21.549055,3.968,25.517055
798,32,128,32,128,18867,3,2.847744,21.039104,1,21.106688,3.930112,25.036799
799,32,128,32,128,18935,3,2.840576,20.757504,1,20.825089,3.924992,24.750081
800,32,637,32,637,18880,3,4.1472,-1,0,50.369537,5.223424,55.592961
801,32,637,32,637,18819,3,4.105216,-1,0,51.889153,5.17632,57.065473
802,32,128,32,128,18897,3,2.869248,21.098495,1,21.168127,3.953664,25.121791
803,32,637,32,637,18823,3,4.077568,-1,0,50.654209,5.142528,55.796737
804,32,637,32,637,18773,3,4.109312,-1,0,51.434498,5.177344,56.611842
805,32,128,32,128,18854,3,2.857984,21.063681,1,21.124096,3.943424,25.06752
806,32,1130,32,1130,18655,3,5.344256,-1,0,78.295036,6.403072,84.698108
807,32,128,32,128,18731,3,2.888704,21.312511,1,21.382145,3.980288,25.362433
808,32,128,32,128,18806,3,2.853888,20.987904,1,21.056513,3.940352,24.996865
809,32,1146,32,1146,18639,3,5.363712,-1,0,78.261246,6.428672,84.689918
810,32,128,32,128,18720,3,2.874368,21.38624,1,21.455872,3.959808,25.41568
811,32,128,32,128,18802,3,2.845696,20.933632,1,21.002239,3.92704,24.929279
812,32,637,32,637,18738,3,4.110336,-1,0,50.440193,5.170176,55.610369
813,32,445,32,445,18676,3,3.679232,-1,0,40.228863,4.742144,44.971007
814,32,128,32,128,18749,3,2.860032,21.006336,1,21.073919,3.94752,25.021439
815,32,637,32,637,18709,3,4.109312,-1,0,50.845695,5.174272,56.019968
816,32,637,32,637,18653,3,4.108288,-1,0,51.724289,5.177344,56.901633
817,32,128,32,128,18739,3,2.868224,21.059584,1,21.128193,3.954688,25.082881
818,32,637,32,637,18690,3,4.105216,-1,0,50.68288,5.169152,55.852032
819,32,1145,32,1145,18515,3,5.36576,-1,0,79.397888,6.43072,85.828608
820,32,637,32,637,18465,3,4.110336,-1,0,52.87936,5.177344,58.056704
821,32,637,32,637,18394,3,4.145152,-1,0,51.434498,5.20704,56.641538
822,32,128,32,128,18476,3,2.864128,21.11488,1,21.182465,3.953664,25.136129
823,32,637,32,637,18407,3,4.099072,-1,0,50.716671,5.167104,55.883775
824,32,128,32,128,18476,3,2.866176,21.021696,1,21.091328,3.94752,25.038848
825,32,128,32,128,18559,3,2.843648,20.796415,1,20.862976,3.930112,24.793088
826,32,128,32,128,18620,3,2.820096,20.655104,1,20.722689,3.897344,24.620033
827,32,1146,32,1146,18446,3,5.361664,-1,0,78.048256,6.419456,84.467712
828,32,1146,32,1146,18270,3,5.31968,-1,0,80.005119,6.380544,86.385664
829,32,1655,32,1655,17968,3,6.534144,-1,0,107.500542,7.615488,115.11603
830,32,128,32,128,18047,3,2.890752,21.372929,1,21.435392,3.97824,25.413632
831,32,636,32,636,18001,3,4.099072,-1,0,50.883583,5.168128,56.051711
832,32,128,32,128,18079,3,2.865152,21.046272,1,21.115904,3.95264,25.068544
833,32,637,32,637,18018,3,4.0704,-1,0,50.632706,5.129216,55.761922
834,32,128,32,128,18106,3,2.85696,20.864,1,20.932608,3.939328,24.871936
835,32,128,32,128,18184,3,2.835456,20.672512,1,20.740095,3.915776,24.655871
836,32,128,32,128,18265,3,2.813952,20.494335,1,20.56192,3.895296,24.457216
837,32,128,32,128,18337,3,2.82624,20.489216,1,20.547585,3.910656,24.458241
838,32,128,32,128,18412,3,2.824192,20.511744,1,20.571136,3.91168,24.482816
839,32,128,32,128,18495,3,2.812928,20.518911,1,20.587521,3.89632,24.483841
840,32,128,32,128,18564,3,2.807808,20.424704,1,20.491264,3.881984,24.373248
841,32,128,32,128,18631,3,2.807808,20.463615,1,20.529152,3.881984,24.411136
842,32,1145,32,1145,18448,3,5.349376,-1,0,77.688835,6.41536,84.104195
843,32,128,32,128,18535,3,2.880512,21.365761,1,21.434368,3.965952,25.40032
844,32,637,32,637,18496,3,4.072448,-1,0,51.113983,5.137408,56.251391
845,32,637,32,637,18441,3,4.110336,-1,0,51.421185,5.168128,56.589313
846,32,637,32,637,18400,3,4.11648,-1,0,51.561474,5.175296,56.73677
847,32,128,32,128,18481,3,2.861056,21.063681,1,21.130239,3.951616,25.081856
848,32,128,32,128,18558,3,2.83136,20.812799,1,20.880384,3.910656,24.79104
849,32,128,32,128,18632,3,2.817024,20.570112,1,20.636671,3.897344,24.534015
850,32,128,32,128,18696,3,2.820096,20.553728,1,20.612097,3.900416,24.512513
851,32,637,32,637,18649,3,4.103168,-1,0,50.150398,5.170176,55.320574
852,32,128,32,128,18721,3,2.8672,20.999168,1,21.066751,3.956736,25.023488
853,32,637,32,637,18684,3,4.10112,-1,0,50.9184,5.159936,56.078336
854,32,637,32,637,18631,3,4.146176,-1,0,52.030464,5.209088,57.239552
855,32,1146,32,1146,18456,3,5.313536,-1,0,79.379456,6.3744,85.753856
856,32,128,32,128,18545,3,2.889728,21.221376,1,21.289984,3.97824,25.268224
857,32,637,32,637,18501,3,4.108288,-1,0,51.209217,5.1712,56.380417
858,32,128,32,128,18589,3,2.8672,20.994047,1,21.055489,3.949568,25.005057
859,32,128,32,128,18668,3,2.828288,20.722689,1,20.79232,3.904512,24.696832
860,32,128,32,128,18731,3,2.811904,20.622335,1,20.687872,3.892224,24.580096
861,32,128,32,128,18814,3,2.828288,20.566015,1,20.626432,3.907584,24.534016
862,32,128,32,128,18905,3,2.825216,20.552704,1,20.611073,3.908608,24.519681
863,32,128,32,128,18994,3,2.820096,20.576256,1,20.634624,3.898368,24.532992
864,32,1145,32,1145,18788,3,5.356544,-1,0,77.830147,6.418432,84.248579
865,32,128,32,128,18863,3,2.920448,21.475328,1,21.542912,4.007936,25.550848
866,32,637,32,637,18811,3,4.108288,-1,0,51.960831,5.170176,57.131007
867,32,128,32,128,18889,3,2.857984,21.045248,1,21.104639,3.946496,25.051135
868,32,637,32,637,18853,3,4.135936,-1,0,50.806786,5.206016,56.012802
869,32,637,32,637,18805,3,4.145152,-1,0,52.273151,5.214208,57.48736
870,32,637,32,637,18754,3,4.143104,-1,0,52.085758,5.209088,57.294846
871,32,128,32,128,18833,3,2.873344,21.239807,1,21.308416,3.956736,25.265152
872,32,637,32,637,18765,3,4.084736,-1,0,51.303425,5.1456,56.449025
873,32,1146,32,1146,18577,3,5.312512,-1,0,79.370239,6.367232,85.737471
874,32,637,32,637,18532,3,4.132864,-1,0,52.372478,5.198848,57.571326
875,32,637,32,637,18498,3,4.134912,-1,0,52.263935,5.199872,57.463807
876,32,128,32,128,18589,3,2.87232,21.177343,1,21.238785,3.958784,25.197569
877,32,128,32,128,18657,3,2.847744,20.963327,1,21.029888,3.929088,24.958976
878,32,637,32,637,18618,3,4.097024,-1,0,50.530304,5.161984,55.692288
879,32,637,32,637,18558,3,4.112384,-1,0,51.804161,5.179392,56.983553
880,32,637,32,637,18487,3,4.133888,-1,0,52.296703,5.20192,57.498623
881,32,128,32,128,18573,3,2.87232,21.275648,1,21.34528,3.965952,25.311232
882,32,128,32,128,18644,3,2.85184,21.014528,1,21.078016,3.931136,25.009152
883,32,2164,32,2164,18173,3,8.116224,-1,0,141.048828,9.167872,150.216701
884,32,636,32,636,18130,3,4.135936,-1,0,52.30899,5.198848,57.507838
885,32,128,32,128,18217,3,2.878464,21.161983,1,21.230593,3.959808,25.190401
886,32,128,32,128,18286,3,2.834432,20.907007,1,20.973568,3.910656,24.884224
887,32,128,32,128,18364,3,2.820096,20.6336,1,20.700159,3.895296,24.595455
888,32,128,32,128,18437,3,2.824192,20.543488,1,20.601856,3.900416,24.502272
889,32,637,32,637,18364,3,4.132864,-1,0,50.340862,5.199872,55.540734
890,32,128,32,128,18437,3,2.869248,21.161983,1,21.228544,3.95776,25.186304
891,32,637,32,637,18390,3,4.098048,-1,0,50.978817,5.161984,56.140801
892,32,128,32,128,18477,3,2.870272,21.01248,1,21.079041,3.948544,25.027585
893,32,636,32,636,18431,3,4.094976,-1,0,50.850815,5.16096,56.011775
894,32,128,32,128,18500,3,2.869248,21.057535,1,21.118977,3.960832,25.079809
895,32,128,32,128,18568,3,2.844672,20.87936,1,20.945921,3.924992,24.870913
896,32,128,32,128,18642,3,2.830336,20.700159,1,20.758528,3.909632,24.66816
897,32,637,32,637,18573,3,4.146176,-1,0,50.431999,5.21216,55.644159
898,32,128,32,128,18658,3,2.881536,21.176319,1,21.238785,3.964928,25.203713
899,32,128,32,128,18748,3,2.83648,20.916224,1,20.975616,3.908608,24.884224
900,32,128,32,128,18829,3,2.830336,20.678656,1,20.753408,3.910656,24.664064
901,32,1130,32,1130,18623,3,5.352448,-1,0,77.829117,6.41536,84.244477
902,32,636,32,636,18575,3,4.13696,-1,0,52.450302,5.202944,57.653246
903,32,1146,32,1146,18380,3,5.312512,-1,0,79.237122,6.3744,85.611522
904,32,128,32,128,18454,3,2.894848,21.261312,1,21.328896,3.981312,25.310208
905,32,1146,32,1146,18293,3,5.354496,-1,0,78.661629,6.412288,85.073917
906,32,128,32,128,18377,3,2.876416,21.415936,1,21.476353,3.959808,25.436161
907,32,128,32,128,18464,3,2.839552,20.937729,1,21.005312,3.931136,24.936448
908,32,128,32,128,18536,3,2.82624,20.671488,1,20.739073,3.915776,24.654849
909,32,128,32,128,18608,3,2.827264,20.558847,1,20.626432,3.908608,24.53504
910,32,637,32,637,18541,3,4.109312,-1,0,50.205696,5.18144,55.387136
911,32,128,32,128,18622,3,2.861056,21.108736,1,21.177343,3.944448,25.121791
912,32,637,32,637,18576,3,4.078592,-1,0,50.812927,5.147648,55.960575
913,32,636,32,636,18531,3,4.109312,-1,0,51.519489,5.174272,56.693761
914,32,128,32,128,18623,3,2.873344,21.016577,1,21.086208,3.956736,25.042944
915,32,128,32,128,18706,3,2.83648,20.791296,1,20.859903,3.919872,24.779775
916,32,637,32,637,18669,3,4.11648,-1,0,50.413567,5.182464,55.596031
917,32,128,32,128,18745,3,2.869248,21.096449,1,21.16608,3.953664,25.119745
918,32,637,32,637,18695,3,4.076544,-1,0,50.779137,5.141504,55.92064
919,32,128,32,128,18759,3,2.865152,21.057535,1,21.124096,3.954688,25.078784
920,32,128,32,128,18840,3,2.828288,20.822016,1,20.888577,3.90656,24.795136
921,32,128,32,128,18916,3,2.825216,20.588545,1,20.645887,3.902464,24.548351
922,32,1146,32,1146,18740,3,5.364736,-1,0,78.010368,6.434816,84.445184
923,32,637,32,637,18699,3,4.137984,-1,0,52.629505,5.206016,57.835521
924,32,128,32,128,18782,3,2.865152,21.153791,1,21.214209,3.95264,25.166849
925,32,636,32,636,18727,3,4.103168,-1,0,50.799618,5.16608,55.965698
926,32,128,32,128,18822,3,2.871296,21.137407,1,21.198849,3.958784,25.157633
927,32,637,32,637,18769,3,4.145152,-1,0,51.060738,5.213184,56.273921
928,32,128,32,128,18843,3,2.88768,21.276672,1,21.347328,3.97824,25.325568
929,32,637,32,637,18787,3,4.112384,-1,0,51.302399,5.177344,56.479743
930,32,637,32,637,18728,3,4.145152,-1,0,52.062206,5.218304,57.28051
931,32,128,32,128,18805,3,2.875392,21.215233,1,21.28384,3.966976,25.250816
932,32,1655,32,1655,18446,3,6.583296,-1,0,106.484734,7.640064,114.124797
933,32,128,32,128,18537,3,2.896896,21.478399,1,21.548033,3.981312,25.529345
934,32,128,32,128,18617,3,2.860032,21.035007,1,21.102592,3.938304,25.040896
935,32,1130,32,1130,18411,3,5.307392,-1,0,77.631485,6.371328,84.002813
936,32,128,32,128,18480,3,2.864128,21.349377,1,21.410816,3.953664,25.36448
937,32,637,32,637,18440,3,4.099072,-1,0,51.248127,5.165056,56.413183
938,32,637,32,637,18398,3,4.141056,-1,0,51.853313,5.204992,57.058305
939,32,128,32,128,18489,3,2.866176,21.247999,1,21.306368,3.955712,25.26208
940,32,1146,32,1146,18285,3,5.367808,-1,0,78.498817,6.431744,84.930562
941,32,637,32,637,18230,3,4.146176,-1,0,52.946945,5.214208,58.161153
942,32,128,32,128,18309,3,2.87232,21.182465,1,21.250048,3.959808,25.209856
943,32,637,32,637,18262,3,4.10624,-1,0,51.236862,5.16608,56.402942
944,32,128,32,128,18352,3,2.847744,20.988928,1,21.054464,3.938304,24.992768
945,32,128,32,128,18431,3,2.825216,20.709375,1,20.777985,3.909632,24.687617
946,32,637,32,637,18380,3,4.133888,-1,0,50.287617,5.199872,55.487489
947,32,128,32,128,18463,3,2.8672,21.128193,1,21.195776,3.953664,25.14944
948,32,128,32,128,18550,3,2.842624,20.826113,1,20.89472,3.926016,24.820736
949,32,128,32,128,18625,3,2.825216,20.647936,1,20.708351,3.90656,24.614911
950,32,637,32,637,18577,3,4.108288,-1,0,50.270206,5.179392,55.449598
951,32,637,32,637,18527,3,4.10624,-1,0,51.776512,5.17632,56.952832
952,32,128,32,128,18621,3,2.865152,21.073919,1,21.142529,3.94752,25.090049
953,32,637,32,637,18565,3,4.094976,-1,0,50.697216,5.154816,55.852032
954,32,128,32,128,18648,3,2.864128,21.023745,1,21.093376,3.948544,25.04192
955,32,128,32,128,18717,3,2.839552,20.859903,1,20.929537,3.919872,24.849409
956,32,1654,32,1654,18393,3,6.58432,-1,0,106.435585,7.650304,114.085889
957,32,128,32,128,18473,3,2.922496,21.548033,1,21.612543,4.025344,25.637887
958,32,636,32,636,18421,3,4.07552,-1,0,50.840576,5.136384,55.97696
959,32,128,32,128,18509,3,2.863104,20.980736,1,21.048321,3.951616,24.999937
960,32,637,32,637,18455,3,4.10112,-1,0,50.908161,5.16096,56.069121
961,32,128,32,128,18546,3,2.873344,21.065727,1,21.134336,3.954688,25.089025
962,32,128,32,128,18618,3,2.828288,20.803583,1,20.873217,3.914752,24.787969
963,32,128,32,128,18699,3,2.825216,20.588545,1,20.647936,3.904512,24.552448
964,32,637,32,637,18663,3,4.10112,-1,0,50.262016,5.163008,55.425025
965,32,636,32,636,18615,3,4.109312,-1,0,51.591167,5.182464,56.773632
966,32,128,32,128,18693,3,2.854912,21.091328,1,21.159937,3.940352,25.100289
967,32,637,32,637,18646,3,4.078592,-1,0,50.864128,5.14048,56.004608
968,32,128,32,128,18719,3,2.868224,21.222401,1,21.286913,3.961856,25.248769
969,32,128,32,128,18795,3,2.85184,20.958208,1,21.025791,3.935232,24.961023
970,32,128,32,128,18887,3,2.837504,20.740095,1,20.808704,3.918848,24.727552
971,32,621,32,621,18834,3,4.117504,-1,0,50.161663,5.188608,55.350271
972,32,636,32,636,18757,3,4.112384,-1,0,51.788799,5.173248,56.962047
973,32,637,32,637,18703,3,4.12672,-1,0,51.789825,5.192704,56.98253
974,32,636,32,636,18631,3,4.127744,-1,0,51.796993,5.200896,56.997889
975,32,637,32,637,18579,3,4.146176,-1,0,52.282368,5.215232,57.4976
976,32,128,32,128,18664,3,2.870272,21.095425,1,21.168127,3.959808,25.127935
977,32,637,32,637,18622,3,4.102144,-1,0,50.996223,5.17632,56.172544
978,32,637,32,637,18575,3,4.13184,-1,0,51.850239,5.200896,57.051135
979,32,128,32,128,18655,3,2.875392,21.126144,1,21.191681,3.965952,25.157633
980,32,128,32,128,18739,3,2.83648,20.895744,1,20.963327,3.922944,24.886271
981,32,128,32,128,18814,3,2.825216,20.663296,1,20.729856,3.90656,24.636416
982,32,1146,32,1146,18629,3,5.36064,-1,0,78.045181,6.428672,84.473853
983,32,128,32,128,18714,3,2.900992,21.405697,1,21.476353,3.994624,25.470977
984,32,637,32,637,18672,3,4.074496,-1,0,51.225601,5.134336,56.359937
985,32,128,32,128,18749,3,2.860032,20.947968,1,21.015553,3.9424,24.957952
986,32,1146,32,1146,18560,3,5.358592,-1,0,78.681091,6.441984,85.123075
987,32,128,32,128,18634,3,2.893824,21.549055,1,21.623808,4.017152,25.64096
988,32,636,32,636,18582,3,4.078592,-1,0,51.216385,5.172224,56.388609
989,32,637,32,637,18511,3,4.128768,-1,0,52.325375,5.188608,57.513983
990,32,128,32,128,18579,3,2.868224,21.293056,1,21.356544,3.956736,25.313281
991,32,1145,32,1145,18378,3,5.307392,-1,0,78.42099,6.39488,84.81587
992,32,128,32,128,18468,3,2.88768,21.322752,1,21.394432,4.001792,25.396224
993,32,128,32,128,18535,3,2.848768,20.984833,1,21.054464,3.958784,25.013248
994,32,1146,32,1146,18334,3,5.36576,-1,0,78.171135,6.455296,84.626431
995,32,128,32,128,18419,3,2.888704,21.477377,1,21.549055,4.000768,25.549823
996,32,128,32,128,18495,3,2.85184,21.020672,1,21.086208,3.961856,25.048064
997,32,128,32,128,18581,3,2.839552,20.728832,1,20.798464,3.943424,24.741888
998,32,1146,32,1146,18407,3,5.359616,-1,0,77.915138,6.423552,84.33869
999,32,637,32,637,18353,3,4.144128,-1,0,53.02272,5.21216,58.23488
1000,32,128,32,128,18432,3,2.869248,21.019648,1,21.091328,3.961856,25.053184
1001,32,637,32,637,18376,3,4.098048,-1,0,50.725887,5.161984,55.887871
1002,32,128,32,128,18447,3,2.886656,21.067776,1,21.14048,3.97824,25.11872
1003,32,128,32,128,18529,3,2.842624,20.854784,1,20.921345,3.954688,24.876033
1004,32,128,32,128,18610,3,2.824192,20.628481,1,20.699137,3.926016,24.625153
1005,32,128,32,128,18697,3,2.822144,20.554752,1,20.624384,3.915776,24.54016
1006,32,128,32,128,18778,3,2.816,20.549631,1,20.617216,3.924992,24.542208
1007,32,637,32,637,18721,3,4.148224,-1,0,50.486271,5.239808,55.726079
1008,32,128,32,128,18799,3,2.883584,21.133312,1,21.203968,4.002816,25.206784
1009,32,128,32,128,18877,3,2.844672,20.922367,1,20.993025,3.96288,24.955905
1010,32,128,32,128,18957,3,2.82112,20.668415,1,20.739073,3.920896,24.659969
1011,32,1146,32,1146,18764,3,5.362688,-1,0,78.136322,6.447104,84.583426
1012,32,1129,32,1129,18590,3,5.305344,-1,0,79.803391,6.383616,86.187006
1013,32,128,32,128,18681,3,2.893824,21.293056,1,21.363712,4.015104,25.378816
1014,32,1655,32,1655,18348,3,6.585344,-1,0,107.054077,7.666688,114.720765
1015,32,637,32,637,18293,3,4.134912,-1,0,53.071873,5.224448,58.296321
1016,32,128,32,128,18385,3,2.864128,21.047297,1,21.120001,3.972096,25.092097
1017,32,128,32,128,18467,3,2.848768,20.789248,1,20.859903,3.96288,24.822783
1018,32,637,32,637,18428,3,4.097024,-1,0,50.388992,5.183488,55.57248
1019,32,128,32,128,18516,3,2.87232,21.050367,1,21.116928,3.994624,25.111552
1020,32,128,32,128,18595,3,2.834432,20.827135,1,20.892672,3.931136,24.823807
1021,32,128,32,128,18679,3,2.811904,20.605951,1,20.668415,3.917824,24.586239
1022,32,1146,32,1146,18492,3,5.352448,-1,0,77.948929,6.43584,84.384769
1023,32,637,32,637,18440,3,4.14208,-1,0,52.588543,5.226496,57.815039
1024,32,128,32,128,18519,3,2.870272,21.124096,1,21.192703,3.981312,25.174015
1025,32,128,32,128,18601,3,2.842624,20.88448,1,20.952065,3.941376,24.89344
1026,32,128,32,128,18680,3,2.823168,20.692991,1,20.7616,3.92192,24.683521
1027,32,1146,32,1146,18479,3,5.3504,-1,0,78.046211,6.434816,84.481027
1028,32,128,32,128,18552,3,2.888704,21.303295,1,21.384192,3.997696,25.381887
1029,32,637,32,637,18509,3,4.10112,-1,0,51.177471,5.182464,56.359935
1030,32,637,32,637,18456,3,4.104192,-1,0,51.779583,5.184512,56.964095
1031,32,637,32,637,18394,3,4.140032,-1,0,51.816448,5.233664,57.050112
1032,32,128,32,128,18473,3,2.866176,21.161983,1,21.235712,3.97824,25.213952
1033,32,128,32,128,18548,3,2.850816,20.883455,1,20.953089,3.956736,24.909825
1034,32,128,32,128,18636,3,2.832384,20.764671,1,20.835327,3.929088,24.764415
1035,32,128,32,128,18708,3,2.82624,20.626432,1,20.694016,3.935232,24.629247
1036,32,637,32,637,18641,3,4.105216,-1,0,50.366463,5.18656,55.553023
1037,32,128,32,128,18719,3,2.886656,21.152767,1,21.214209,4.004864,25.219073
1038,32,1146,32,1146,18518,3,5.317632,-1,0,78.589951,6.401024,84.990974
1039,32,636,32,636,18470,3,4.123648,-1,0,52.292606,5.206016,57.498622
1040,32,1146,32,1146,18305,3,5.312512,-1,0,79.315971,6.391808,85.707779
1041,32,128,32,128,18401,3,2.881536,21.266432,1,21.331968,4.009984,25.341952
1042,32,637,32,637,18335,3,4.093952,-1,0,51.211266,5.18144,56.392705
1043,32,128,32,128,18406,3,2.863104,21.080065,1,21.151745,3.97824,25.129985
1044,32,128,32,128,18488,3,2.843648,20.868095,1,20.938751,3.951616,24.890367
1045,32,128,32,128,18556,3,2.833408,20.702208,1,20.747265,3.935232,24.682497
1046,32,128,32,128,18638,3,2.832384,20.595713,1,20.66432,3.931136,24.595456
1047,32,637,32,637,18584,3,4.10112,-1,0,50.31731,5.185536,55.502846
1048,32,1146,32,1146,18380,3,5.347328,-1,0,79.601662,6.41024,86.011902
1049,32,128,32,128,18476,3,2.879488,21.372929,1,21.444609,3.965952,25.410561
1050,32,636,32,636,18434,3,4.092928,-1,0,51.175423,5.153792,56.329215
1051,32,128,32,128,18502,3,2.865152,21.009409,1,21.071873,3.955712,25.027585
1052,32,637,32,637,18459,3,4.103168,-1,0,50.74432,5.165056,55.909376
1053,32,128,32,128,18545,3,2.871296,21.095425,1,21.165056,3.96288,25.127936
1054,32,128,32,128,18633,3,2.840576,20.929537,1,20.989952,3.923968,24.91392
1055,32,128,32,128,18717,3,2.835456,20.736,1,20.805632,3.912704,24.718336
1056,32,1145,32,1145,18516,3,5.3504,-1,0,78.096382,6.413312,84.509694
1057,32,128,32,128,18597,3,2.87232,21.429249,1,21.500929,3.961856,25.462785
1058,32,128,32,128,18674,3,2.840576,21.006336,1,21.074944,3.92192,24.996864
1059,32,637,32,637,18633,3,4.102144,-1,0,50.485249,5.170176,55.655425
1060,32,637,32,637,18562,3,4.128768,-1,0,51.778561,5.199872,56.978433
1061,32,128,32,128,18646,3,2.864128,21.208063,1,21.275648,3.948544,25.224192
1062,32,637,32,637,18582,3,4.098048,-1,0,51.065857,5.16608,56.231937
1063,32,1146,32,1146,18396,3,5.358592,-1,0,79.417343,6.426624,85.843967
1064,32,128,32,128,18471,3,2.889728,21.331968,1,21.404673,3.975168,25.379841
1065,32,128,32,128,18550,3,2.852864,20.965376,1,21.037056,3.94752,24.984576
1066,32,128,32,128,18619,3,2.822144,20.654079,1,20.723713,3.904512,24.628225
1067,32,128,32,128,18701,3,2.824192,20.560896,1,20.625408,3.907584,24.532992
1068,32,128,32,128,18780,3,2.823168,20.562944,1,20.630527,3.90144,24.531967
1069,32,128,32,128,18852,3,2.823168,20.576256,1,20.641792,3.910656,24.552448
1070,32,637,32,637,18801,3,4.133888,-1,0,50.162689,5.200896,55.363585
1071,32,637,32,637,18763,3,4.15232,-1,0,52.319233,5.219328,57.538561
1072,32,636,32,636,18724,3,4.10624,-1,0,51.699711,5.1712,56.870911
1073,32,1146,32,1146,18525,3,5.315584,-1,0,79.223808,6.377472,85.60128
1074,32,128,32,128,18605,3,2.88256,21.346304,1,21.414911,3.980288,25.395199
1075,32,1146,32,1146,18423,3,5.352448,-1,0,79.035393,6.414336,85.449729
1076,32,128,32,128,18504,3,2.919424,21.531649,1,21.600256,4.012032,25.612288
1077,32,636,32,636,18445,3,4.098048,-1,0,51.378178,5.158912,56.53709
1078,32,637,32,637,18397,3,4.107264,-1,0,51.748863,5.174272,56.923135
1079,32,1146,32,1146,18202,3,5.349376,-1,0,79.67437,6.409216,86.083586
1080,32,637,32,637,18158,3,4.164608,-1,0,53.016575,5.234688,58.251263
1081,32,128,32,128,18236,3,2.883584,21.206017,1,21.274624,3.977216,25.25184
1082,32,128,32,128,18306,3,2.844672,20.932608,1,21.001217,3.93216,24.933377
1083,32,128,32,128,18386,3,2.83136,20.685823,1,20.753408,3.908608,24.662016
1084,32,128,32,128,18463,3,2.827264,20.543488,1,20.613119,3.903488,24.516607
1085,32,636,32,636,18403,3,4.098048,-1,0,50.16576,5.163008,55.328768
1086,32,1146,32,1146,18229,3,5.35552,-1,0,79.364098,6.413312,85.77741
1087,32,128,32,128,18316,3,2.902016,21.338112,1,21.410816,3.989504,25.40032
1088,32,128,32,128,18402,3,2.842624,20.936705,1,21.006336,3.919872,24.926208
1089,32,128,32,128,18482,3,2.83136,20.713472,1,20.780031,3.912704,24.692735
1090,32,128,32,128,18553,3,2.82112,20.569088,1,20.63872,3.897344,24.536064
1091,32,636,32,636,18505,3,4.128768,-1,0,50.030594,5.189632,55.220226
1092,32,128,32,128,18584,3,2.875392,21.148672,1,21.217279,3.963904,25.181183
1093,32,1146,32,1146,18412,3,5.373952,-1,0,78.84288,6.428672,85.271552
1094,32,128,32,128,18494,3,2.891776,21.540865,1,21.610497,3.981312,25.591809
1095,32,128,32,128,18565,3,2.863104,21.115904,1,21.185535,3.948544,25.134079
1096,32,637,32,637,18507,3,4.11648,-1,0,50.950146,5.187584,56.13773
1097,32,636,32,636,18453,3,4.104192,-1,0,51.570686,5.177344,56.74803
1098,32,637,32,637,18395,3,4.093952,-1,0,51.694592,5.154816,56.849408
1099,32,637,32,637,18349,3,4.137984,-1,0,51.766273,5.210112,56.976386
1100,32,128,32,128,18419,3,2.865152,21.020672,1,21.087233,3.959808,25.047041
1101,32,128,32,128,18497,3,2.843648,20.803583,1,20.875263,3.923968,24.799231
1102,32,128,32,128,18578,3,2.818048,20.599808,1,20.660225,3.900416,24.560641
1103,32,128,32,128,18652,3,2.823168,20.535295,1,20.601856,3.90144,24.503296
1104,32,128,32,128,18726,3,2.835456,20.558847,1,20.62336,3.9168,24.54016
1105,32,128,32,128,18801,3,2.820096,20.579329,1,20.63872,3.90144,24.540159
1106,32,637,32,637,18745,3,4.108288,-1,0,49.973248,5.173248,55.146495
1107,32,637,32,637,18674,3,4.137984,-1,0,51.98848,5.209088,57.197567
1108,32,128,32,128,18755,3,2.873344,21.173248,1,21.235712,3.971072,25.206784
1109,32,128,32,128,18835,3,2.844672,20.885504,1,20.958208,3.934208,24.892416
1110,32,128,32,128,18911,3,2.832384,20.678656,1,20.746241,3.91168,24.657921
1111,32,128,32,128,19000,3,2.828288,20.557823,1,20.61824,3.905536,24.523776
1112,32,128,32,128,19077,3,2.83136,20.600832,1,20.660225,3.923968,24.584193
1113,32,1655,32,1655,18754,3,6.597632,-1,0,106.390526,7.683072,114.073598
1114,32,128,32,128,18855,3,2.902016,21.561344,1,21.634048,4.01408,25.648129
1115,32,1146,32,1146,18648,3,5.311488,-1,0,79.011841,6.391808,85.403649
1116,32,637,32,637,18585,3,4.143104,-1,0,52.314114,5.223424,57.537538
1117,32,128,32,128,18666,3,2.8672,21.055489,1,21.126144,3.971072,25.097216
1118,32,128,32,128,18756,3,2.850816,20.817921,1,20.888577,3.93728,24.825856
1119,32,128,32,128,18836,3,2.834432,20.639744,1,20.699137,3.914752,24.613889
1120,32,128,32,128,18911,3,2.830336,20.584448,1,20.644863,3.908608,24.553471
1121,32,128,32,128,18996,3,2.83136,20.599808,1,20.666368,3.91168,24.578048
1122,32,637,32,637,18941,3,4.100096,-1,0,50.215935,5.189632,55.405567
1123,32,128,32,128,19022,3,2.871296,21.228544,1,21.298176,3.956736,25.254912
1124,32,1655,32,1655,18703,3,6.66624,-1,0,107.771904,7.74144,115.513344
1125,32,1146,32,1146,18498,3,5.364736,-1,0,81.519615,6.424576,87.944191
1126,32,128,32,128,18594,3,2.8928,21.37088,1,21.439487,3.982336,25.421824
1127,32,1145,32,1145,18418,3,5.346304,-1,0,78.582787,6.431744,85.014531
1128,32,1145,32,1145,18224,3,5.364736,-1,0,80.630783,6.44608,87.076863
1129,32,621,32,621,18154,3,4.163584,-1,0,52.743168,5.249024,57.992192
1130,32,128,32,128,18239,3,2.868224,21.278721,1,21.350401,3.971072,25.321473
1131,32,128,32,128,18312,3,2.850816,20.862976,1,20.927488,3.94752,24.875008
1132,32,128,32,128,18391,3,2.832384,20.657152,1,20.726784,3.920896,24.64768
1133,32,128,32,128,18461,3,2.828288,20.582399,1,20.646912,3.938304,24.585216
1134,32,1146,32,1146,18285,3,5.374976,-1,0,78.354431,6.46144,84.815871
1135,32,128,32,128,18372,3,2.894848,21.377024,1,21.44256,4.004864,25.447424
1136,32,637,32,637,18329,3,4.076544,-1,0,51.26656,5.16096,56.42752
1137,32,1146,32,1146,18150,3,5.36064,-1,0,79.295486,6.444032,85.739519
1138,32,128,32,128,18231,3,2.911232,21.369856,1,21.444609,4.017152,25.461761
1139,32,128,32,128,18312,3,2.843648,21.011456,1,21.083136,3.934208,25.017344
1140,32,128,32,128,18392,3,2.837504,20.779009,1,20.850689,3.935232,24.785921
1141,32,128,32,128,18477,3,2.824192,20.63872,1,20.708351,3.924992,24.633343
1142,32,128,32,128,18556,3,2.827264,20.567039,1,20.636671,3.909632,24.546303
1143,32,637,32,637,18517,3,4.140032,-1,0,50.393089,5.2224,55.615489
1144,32,637,32,637,18467,3,4.144128,-1,0,52.314114,5.228544,57.542658
1145,32,128,32,128,18548,3,2.874368,21.160959,1,21.225471,3.982336,25.207808
1146,32,637,32,637,18476,3,4.107264,-1,0,50.872318,5.1712,56.043518
1147,32,128,32,128,18551,3,2.860032,21.057535,1,21.128193,3.943424,25.071617
1148,32,637,32,637,18488,3,4.099072,-1,0,50.888702,5.16608,56.054782
1149,32,637,32,637,18444,3,4.10624,-1,0,51.769344,5.169152,56.938496
1150,32,128,32,128,18512,3,2.863104,21.199871,1,21.267456,3.945472,25.212928
1151,32,128,32,128,18602,3,2.85184,20.885504,1,20.953089,3.938304,24.891393
1152,32,128,32,128,18675,3,2.833408,20.701183,1,20.759552,3.909632,24.669184
1153,32,1654,32,1654,18338,3,6.571008,-1,0,105.743362,7.630848,113.37421
1154,32,128,32,128,18414,3,2.909184,21.470207,1,21.539841,4.007936,25.547777
1155,32,128,32,128,18490,3,2.873344,21.069824,1,21.138432,3.953664,25.092096
1156,32,128,32,128,18564,3,2.83648,20.727808,1,20.79744,3.923968,24.721408
1157,32,128,32,128,18642,3,2.827264,20.629503,1,20.692991,3.899392,24.592383
1158,32,128,32,128,18718,3,2.823168,20.57728,1,20.642817,3.898368,24.541184
1159,32,128,32,128,18791,3,2.83136,20.601856,1,20.669439,3.904512,24.573951
1160,32,1145,32,1145,18604,3,5.359616,-1,0,78.249985,6.421504,84.671489
1161,32,128,32,128,18693,3,2.883584,21.513216,1,21.583872,3.963904,25.547776
1162,32,128,32,128,18754,3,2.848768,21.070848,1,21.136383,3.929088,25.065471
1163,32,128,32,128,18836,3,2.834432,20.76672,1,20.834305,3.914752,24.749057
1164,32,637,32,637,18777,3,4.139008,-1,0,50.266113,5.20192,55.468033
1165,32,637,32,637,18705,3,4.143104,-1,0,52.246529,5.20704,57.453568
1166,32,1146,32,1146,18521,3,5.308416,-1,0,79.496193,6.373376,85.869569
1167,32,128,32,128,18599,3,2.8928,21.244928,1,21.31456,3.982336,25.296896
1168,32,637,32,637,18557,3,4.108288,-1,0,51.271679,5.172224,56.443903
1169,32,128,32,128,18654,3,2.871296,20.993025,1,21.063681,3.960832,25.024513
1170,32,128,32,128,18730,3,2.847744,20.811775,1,20.875263,3.935232,24.810495
1171,32,637,32,637,18687,3,4.102144,-1,0,50.442242,5.185536,55.627778
1172,32,128,32,128,18763,3,2.870272,21.069824,1,21.141504,3.976192,25.117696
1173,32,128,32,128,18833,3,2.833408,20.825089,1,20.885504,3.943424,24.828928
1174,32,128,32,128,18910,3,2.833408,20.63872,1,20.708351,3.941376,24.649727
1175,32,128,32,128,18991,3,2.817024,20.581375,1,20.64896,3.9424,24.59136
1176,32,1146,32,1146,18816,3,5.357568,-1,0,78.03392,6.412288,84.446208
1177,32,128,32,128,18906,3,2.880512,21.549055,1,21.618689,3.963904,25.582592
1178,32,637,32,637,18836,3,4.098048,-1,0,51.544064,5.167104,56.711167
1179,32,1130,32,1130,18658,3,5.306368,-1,0,79.098877,6.38464,85.483517
1180,32,128,32,128,18746,3,2.88768,21.331968,1,21.394432,4.001792,25.396224
1181,32,637,32,637,18710,3,4.137984,-1,0,51.402752,5.223424,56.626176
1182,32,1146,32,1146,18523,3,5.4016,-1,0,80.103424,6.488064,86.591488
1183,32,637,32,637,18477,3,4.098048,-1,0,52.802559,5.183488,57.986047
1184,32,637,32,637,18419,3,4.129792,-1,0,51.782658,5.21728,56.999938
1185,32,1146,32,1146,18235,3,5.308416,-1,0,79.490051,6.387712,85.877763
1186,32,1145,32,1145,18057,3,5.311488,-1,0,79.765503,6.390784,86.156287
1187,32,128,32,128,18144,3,2.900992,21.373953,1,21.443584,4.00384,25.447424
1188,32,637,32,637,18083,3,4.112384,-1,0,51.380222,5.1968,56.577023
1189,32,128,32,128,18164,3,2.87232,21.103617,1,21.174273,3.982336,25.156609
1190,32,637,32,637,18100,3,4.0704,-1,0,51.142654,5.15072,56.293375
1191,32,128,32,128,18172,3,2.87232,21.152767,1,21.223425,3.97312,25.196545
1192,32,637,32,637,18129,3,4.099072,-1,0,51.332096,5.159936,56.492032
1193,32,128,32,128,18213,3,2.848768,21.0432,1,21.111809,3.933184,25.044993
1194,32,128,32,128,18298,3,2.832384,20.783104,1,20.849665,3.907584,24.757249
1195,32,128,32,128,18375,3,2.82624,20.564993,1,20.6336,3.920896,24.554496
1196,32,128,32,128,18454,3,2.824192,20.491264,1,20.559872,3.90656,24.466432
1197,32,1146,32,1146,18276,3,5.348352,-1,0,78.023682,6.407168,84.43085
1198,32,637,32,637,18234,3,4.168704,-1,0,52.937729,5.230592,58.168321
1199,32,128,32,128,18313,3,2.878464,21.238785,1,21.297152,3.98336,25.280512
1200,32,128,32,128,18377,3,2.84672,20.978687,1,21.045248,3.933184,24.978432
1201,32,637,32,637,18315,3,4.105216,-1,0,50.83136,5.168128,55.999488
1202,32,637,32,637,18252,3,4.114432,-1,0,51.929089,5.179392,57.10848
1203,32,128,32,128,18338,3,2.85184,21.063681,1,21.132288,3.94752,25.079808
1204,32,128,32,128,18422,3,2.833408,20.800512,1,20.859903,3.92192,24.781823
1205,32,128,32,128,18493,3,2.823168,20.566015,1,20.630527,3.909632,24.540159
1206,32,637,32,637,18454,3,4.103168,-1,0,49.99168,5.17632,55.168
1207,32,637,32,637,18413,3,4.130816,-1,0,51.900417,5.20192,57.102337
1208,32,128,32,128,18493,3,2.874368,21.238785,1,21.306368,3.966976,25.273344
1209,32,128,32,128,18584,3,2.84672,20.923391,1,20.992001,3.922944,24.914945
1210,32,128,32,128,18671,3,2.834432,20.698112,1,20.764671,3.912704,24.677375
1211,32,128,32,128,18753,3,2.823168,20.563969,1,20.62336,3.899392,24.522752
1212,32,1146,32,1146,18561,3,5.363712,-1,0,78.381058,6.429696,84.810754
1213,32,637,32,637,18506,3,4.148224,-1,0,52.858879,5.219328,58.078207
1214,32,128,32,128,18577,3,2.869248,21.153791,1,21.215233,3.96288,25.178113
1215,32,128,32,128,18653,3,2.845696,20.873217,1,20.932608,3.926016,24.858624
1216,32,128,32,128,18739,3,2.820096,20.591616,1,20.660225,3.89632,24.556545
1217,32,128,32,128,18822,3,2.824192,20.517887,1,20.584448,3.90144,24.485888
1218,32,637,32,637,18774,3,4.10112,-1,0,50.551807,5.170176,55.721983
1219,32,128,32,128,18853,3,2.881536,21.08416,1,21.144575,3.96288,25.107455
1220,32,637,32,637,18805,3,4.107264,-1,0,50.929665,5.172224,56.101889
1221,32,637,32,637,18757,3,4.16768,-1,0,52.090881,5.234688,57.325569
1222,32,128,32,128,18832,3,2.883584,21.2736,1,21.318657,3.970048,25.288705
1223,32,637,32,637,18777,3,4.133888,-1,0,51.253246,5.20192,56.455166
1224,32,1145,32,1145,18590,3,5.351424,-1,0,79.170563,6.418432,85.588995
1225,32,128,32,128,18670,3,2.926592,21.495808,1,21.565439,4.016128,25.581567
1226,32,128,32,128,18743,3,2.861056,21.101568,1,21.173248,3.950592,25.12384
1227,32,637,32,637,18677,3,4.09088,-1,0,50.72179,5.151744,55.873534
1228,32,128,32,128,18758,3,2.854912,21.078016,1,21.148672,3.939328,25.088
1229,32,128,32,128,18844,3,2.839552,20.831232,1,20.897793,3.920896,24.818689
1230,32,1146,32,1146,18656,3,5.368832,-1,0,78.240768,6.432768,84.673536
1231,32,637,32,637,18611,3,4.108288,-1,0,52.524033,5.17632,57.700353
1232,32,637,32,637,18565,3,4.104192,-1,0,51.472385,5.169152,56.641537
1233,32,637,32,637,18508,3,4.151296,-1,0,51.735554,5.223424,56.958978
1234,32,128,32,128,18578,3,2.866176,21.203968,1,21.270529,3.96288,25.233409
1235,32,128,32,128,18655,3,2.850816,20.916224,1,20.982784,3.938304,24.921088
1236,32,637,32,637,18614,3,4.132864,-1,0,50.68288,5.200896,55.883776
1237,32,1653,32,1653,18282,3,6.573056,-1,0,107.485184,7.641088,115.126272
1238,32,637,32,637,18228,3,4.151296,-1,0,53.386238,5.23776,58.623998
1239,32,637,32,637,18185,3,4.104192,-1,0,51.788799,5.192704,56.981503
1240,32,128,32,128,18261,3,2.860032,21.112831,1,21.174273,3.961856,25.136128
1241,32,128,32,128,18341,3,2.843648,20.865025,1,20.934656,3.9424,24.877056
1242,32,128,32,128,18416,3,2.82112,20.655104,1,20.724735,3.917824,24.642559
1243,32,637,32,637,18348,3,4.117504,-1,0,50.199551,5.195776,55.395327
1244,32,637,32,637,18287,3,4.146176,-1,0,51.916801,5.234688,57.151489
1245,32,128,32,128,18365,3,2.868224,21.182465,1,21.250048,3.949568,25.199616
1246,32,128,32,128,18449,3,2.850816,20.899839,1,20.970495,3.934208,24.904703
1247,32,128,32,128,18526,3,2.833408,20.68992,1,20.756479,3.915776,24.672255
1248,32,1146,32,1146,18318,3,5.347328,-1,0,77.906944,6.407168,84.314112
1249,32,637,32,637,18277,3,4.173824,-1,0,53.016575,5.25312,58.269695
1250,32,128,32,128,18345,3,2.86208,21.312511,1,21.379072,3.971072,25.350144
1251,32,128,32,128,18415,3,2.840576,20.960257,1,21.028864,3.92192,24.950784
1252,32,637,32,637,18357,3,4.1216,-1,0,50.733055,5.204992,55.938047
1253,32,128,32,128,18448,3,2.875392,21.170176,1,21.241856,3.958784,25.20064
1254,32,637,32,637,18408,3,4.08576,-1,0,51.093506,5.172224,56.26573
1255,32,128,32,128,18493,3,2.869248,21.202944,1,21.274624,3.968,25.242624
1256,32,128,32,128,18568,3,2.847744,20.927488,1,20.998144,3.930112,24.928256
1257,32,128,32,128,18639,3,2.837504,20.730881,1,20.789248,3.946496,24.735744
1258,32,637,32,637,18576,3,4.105216,-1,0,50.268162,5.188608,55.45677
1259,32,637,32,637,18521,3,4.128768,-1,0,51.98848,5.1968,57.18528
1260,32,128,32,128,18595,3,2.880512,21.113855,1,21.175297,3.963904,25.139201
1261,32,128,32,128,18664,3,2.848768,20.825089,1,20.89472,3.936256,24.830976
1262,32,637,32,637,18598,3,4.109312,-1,0,50.692097,5.187584,55.879681
1263,32,128,32,128,18681,3,2.87744,21.126144,1,21.1968,3.972096,25.168896
1264,32,128,32,128,18763,3,2.866176,20.899839,1,20.961281,3.969024,24.930305
1265,32,128,32,128,18841,3,2.844672,20.767744,1,20.829184,3.941376,24.77056
1266,32,637,32,637,18780,3,4.107264,-1,0,50.375679,5.188608,55.564287
1267,32,637,32,637,18735,3,4.110336,-1,0,51.753983,5.184512,56.938495
1268,32,128,32,128,18819,3,2.879488,21.187584,1,21.260288,3.968,25.228288
1269,32,637,32,637,18777,3,4.105216,-1,0,51.329025,5.164032,56.493057
1270,32,128,32,128,18860,3,2.8672,21.101568,1,21.170176,3.950592,25.120768
1271,32,128,32,128,18934,3,2.843648,20.834305,1,20.900864,3.928064,24.828928
1272,32,637,32,637,18882,3,4.139008,-1,0,50.875393,5.20192,56.077313
1273,32,637,32,637,18836,3,4.107264,-1,0,51.863552,5.173248,57.0368
1274,32,128,32,128,18909,3,2.870272,21.238785,1,21.309441,3.954688,25.264129
1275,32,1655,32,1655,18596,3,6.586368,-1,0,107.030525,7.655424,114.685949
1276,32,128,32,128,18666,3,2.900992,21.608448,1,21.67808,3.996672,25.674752
1277,32,128,32,128,18745,3,2.863104,21.189632,1,21.261312,3.948544,25.209857
1278,32,637,32,637,18695,3,4.10112,-1,0,51.082241,5.167104,56.249345
1279,32,637,32,637,18649,3,4.10624,-1,0,51.800064,5.174272,56.974336
1280,32,637,32,637,18599,3,4.103168,-1,0,51.979263,5.167104,57.146367
1281,32,637,32,637,18548,3,4.13696,-1,0,52.21888,5.199872,57.418752
1282,32,128,32,128,18627,3,2.87744,21.145599,1,21.215233,3.961856,25.177089
1283,32,1145,32,1145,18463,3,5.385216,-1,0,79.185921,6.455296,85.641217
1284,32,637,32,637,18414,3,4.171776,-1,0,53.123074,5.244928,58.368001
1285,32,128,32,128,18499,3,2.880512,21.2736,1,21.343231,3.97312,25.316351
1286,32,128,32,128,18566,3,2.847744,20.953089,1,21.020672,3.930112,24.950784
1287,32,637,32,637,18496,3,4.099072,-1,0,50.637825,5.163008,55.800833
1288,32,128,32,128,18573,3,2.871296,21.116928,1,21.185535,3.963904,25.149439
1289,32,1145,32,1145,18393,3,5.363712,-1,0,78.714882,6.4256,85.140482
1290,32,637,32,637,18344,3,4.112384,-1,0,52.571136,5.174272,57.745409
1291,32,128,32,128,18428,3,2.869248,21.086208,1,21.154816,3.955712,25.110528
1292,32,1144,32,1144,18247,3,5.346304,-1,0,78.548988,6.403072,84.95206
1293,32,128,32,128,18322,3,2.884608,21.536768,1,21.605375,3.972096,25.577471
1294,32,1655,32,1655,17970,3,6.585344,-1,0,107.335678,7.6544,114.990078
1295,32,128,32,128,18053,3,2.889728,21.512192,1,21.580799,3.981312,25.562111
1296,32,128,32,128,18135,3,2.854912,21.087233,1,21.148672,3.946496,25.095168
1297,32,128,32,128,18213,3,2.829312,20.717567,1,20.786177,3.912704,24.698881
1298,32,128,32,128,18288,3,2.816,20.544512,1,20.613119,3.894272,24.507391
1299,32,128,32,128,18372,3,2.82112,20.495359,1,20.562944,3.903488,24.466432
1300,32,637,32,637,18322,3,4.11648,-1,0,50.502655,5.180416,55.683071
1301,32,128,32,128,18411,3,2.870272,21.184511,1,21.254145,3.96288,25.217025
1302,32,128,32,128,18489,3,2.845696,20.926464,1,20.99712,3.936256,24.933376
1303,32,1145,32,1145,18302,3,5.354496,-1,0,78.099457,6.414336,84.513793
1304,32,128,32,128,18380,3,2.893824,21.308416,1,21.379072,3.980288,25.35936
1305,32,128,32,128,18457,3,2.85184,20.934656,1,21.003263,3.938304,24.941567
1306,32,128,32,128,18531,3,2.834432,20.757504,1,20.822016,3.919872,24.741888
1307,32,128,32,128,18601,3,2.820096,20.588545,1,20.649984,3.905536,24.55552
1308,32,128,32,128,18682,3,2.822144,20.510719,1,20.579329,3.915776,24.495105
1309,32,128,32,128,18755,3,2.823168,20.507648,1,20.574207,3.90656,24.480767
1310,32,637,32,637,18685,3,4.102144,-1,0,50.366463,5.183488,55.549951
1311,32,128,32,128,18766,3,2.883584,21.158913,1,21.228544,3.975168,25.203712
1312,32,1145,32,1145,18582,3,5.352448,-1,0,78.831619,6.444032,85.275651
1313,32,128,32,128,18666,3,2.880512,21.466112,1,21.539841,3.995648,25.535489
1314,32,637,32,637,18597,3,4.110336,-1,0,51.523582,5.197824,56.721406
1315,32,128,32,128,18665,3,2.852864,21.048321,1,21.121023,3.95776,25.078783
1316,32,128,32,128,18743,3,2.842624,20.802561,1,20.868095,3.924992,24.793087
1317,32,128,32,128,18817,3,2.840576,20.670464,1,20.740095,3.923968,24.664063
1318,32,128,32,128,18898,3,2.817024,20.548609,1,20.617216,3.89632,24.513536
1319,32,128,32,128,18966,3,2.819072,20.502527,1,20.572161,3.899392,24.471553
1320,32,128,32,128,19044,3,2.827264,20.541439,1,20.60288,3.91168,24.51456
1321,32,637,32,637,19001,3,4.129792,-1,0,50.266113,5.194752,55.460865
1322,32,636,32,636,18960,3,4.133888,-1,0,52.172798,5.197824,57.370622
1323,32,637,32,637,18913,3,4.1216,-1,0,52.052994,5.187584,57.240578
1324,32,1655,32,1655,18596,3,6.591488,-1,0,107.914238,7.651328,115.565566
1325,32,128,32,128,18677,3,2.909184,21.49888,1,21.562368,3.999744,25.562112
1326,32,128,32,128,18757,3,2.871296,21.085184,1,21.15584,3.95776,25.1136
1327,32,128,32,128,18831,3,2.839552,20.795391,1,20.857857,3.9168,24.774657
1328,32,128,32,128,18917,3,2.823168,20.680704,1,20.748287,3.897344,24.645631
1329,32,1655,32,1655,18573,3,6.622208,-1,0,106.999809,7.69024,114.690049
1330,32,637,32,637,18539,3,4.16768,-1,0,53.354496,5.236736,58.591232
1331,32,128,32,128,18614,3,2.871296,21.249023,1,21.319679,3.96288,25.282559
1332,32,637,32,637,18567,3,4.08576,-1,0,51.325951,5.152768,56.478719
1333,32,637,32,637,18506,3,4.15232,-1,0,52.302849,5.216256,57.519105
1334,32,1146,32,1146,18318,3,5.385216,-1,0,79.676414,6.448128,86.124543
1335,32,128,32,128,18403,3,2.902016,21.547009,1,21.621759,3.996672,25.618431
1336,32,128,32,128,18482,3,2.870272,21.1968,1,21.265408,3.958784,25.224192
1337,32,128,32,128,18559,3,2.857984,20.872192,1,20.941824,3.9424,24.884224
1338,32,637,32,637,18488,3,4.134912,-1,0,50.620415,5.203968,55.824383
1339,32,128,32,128,18562,3,2.884608,21.154816,1,21.226496,3.98336,25.209856
1340,32,1146,32,1146,18378,3,5.361664,-1,0,78.774269,6.428672,85.202941
1341,32,128,32,128,18464,3,2.878464,21.368832,1,21.439487,3.960832,25.40032
1342,32,128,32,128,18542,3,2.866176,20.952065,1,21.014528,3.946496,24.961024
1343,32,128,32,128,18633,3,2.832384,20.736,1,20.805632,3.913728,24.71936
1344,32,637,32,637,18573,3,4.110336,-1,0,50.409473,5.17632,55.585793
1345,32,637,32,637,18538,3,4.137984,-1,0,51.826687,5.20704,57.033727
1346,32,128,32,128,18624,3,2.881536,21.193727,1,21.262337,3.972096,25.234433
1347,32,128,32,128,18695,3,2.84672,20.919296,1,20.986879,3.92704,24.913919
1348,32,128,32,128,18759,3,2.829312,20.702208,1,20.7616,3.91168,24.67328
1349,32,128,32,128,18836,3,2.828288,20.612097,1,20.678656,3.915776,24.594432
1350,32,128,32,128,18917,3,2.82624,20.582399,1,20.640768,3.912704,24.553472
1351,32,1146,32,1146,18739,3,5.374976,-1,0,78.322685,6.436864,84.759549
1352,32,1655,32,1655,18420,3,6.572032,-1,0,107.764732,7.629824,115.394557
1353,32,2163,32,2163,17989,3,8.111104,-1,0,144.253952,9.15968,153.413632
1354,32,128,32,128,18076,3,2.869248,21.317633,1,21.387264,3.966976,25.35424
1355,32,128,32,128,18168,3,2.838528,20.920321,1,20.987904,3.914752,24.902656
1356,32,637,32,637,18113,3,4.134912,-1,0,50.646015,5.195776,55.841791
1357,32,128,32,128,18180,3,2.865152,21.131264,1,21.198849,3.951616,25.150465
1358,32,128,32,128,18273,3,2.847744,20.880384,1,20.948992,3.929088,24.87808
1359,32,128,32,128,18365,3,2.83136,20.681728,1,20.748287,3.908608,24.656895
1360,32,637,32,637,18307,3,4.113408,-1,0,50.495487,5.178368,55.673855
1361,32,128,32,128,18385,3,2.866176,20.996096,1,21.065727,3.953664,25.019391
1362,32,128,32,128,18459,3,2.83136,20.741119,1,20.806656,3.917824,24.72448
1363,32,128,32,128,18534,3,2.818048,20.596737,1,20.665344,3.899392,24.564736
1364,32,1130,32,1130,18361,3,5.357568,-1,0,77.787132,6.421504,84.208636
1365,32,128,32,128,18442,3,2.891776,21.292032,1,21.365761,3.984384,25.350145
1366,32,128,32,128,18528,3,2.854912,20.932608,1,21.001217,3.938304,24.939521
1367,32,128,32,128,18605,3,2.822144,20.622335,1,20.690945,3.903488,24.594433
1368,32,128,32,128,18684,3,2.82624,20.512768,1,20.579329,3.902464,24.481792
1369,32,128,32,128,18751,3,2.822144,20.533249,1,20.59264,3.904512,24.497152
1370,32,128,32,128,18827,3,2.823168,20.525057,1,20.591616,3.897344,24.48896
1371,32,128,32,128,18910,3,2.823168,20.516865,1,20.583424,3.904512,24.487936
1372,32,128,32,128,18993,3,2.828288,20.537344,1,20.595713,3.905536,24.501249
1373,32,1146,32,1146,18830,3,5.354496,-1,0,78.4384,6.4256,84.864
1374,32,637,32,637,18788,3,4.143104,-1,0,52.687874,5.210112,57.897986
1375,32,128,32,128,18874,3,2.870272,21.194752,1,21.263359,3.953664,25.217023
1376,32,128,32,128,18950,3,2.855936,20.900864,1,20.963327,3.943424,24.906751
1377,32,128,32,128,19036,3,2.832384,20.726784,1,20.794369,3.9168,24.711169
1378,32,1146,32,1146,18828,3,5.352448,-1,0,77.971458,6.412288,84.383747
1379,32,637,32,637,18766,3,4.176896,-1,0,52.913151,5.254144,58.167295
1380,32,128,32,128,18845,3,2.884608,21.344255,1,21.405697,3.982336,25.388033
1381,32,637,32,637,18788,3,4.107264,-1,0,51.580929,5.173248,56.754177
1382,32,128,32,128,18871,3,2.866176,21.133312,1,21.20192,3.946496,25.148416
1383,32,1146,32,1146,18664,3,5.367808,-1,0,78.848,6.434816,85.282815
1384,32,637,32,637,18618,3,4.174848,-1,0,52.938751,5.249024,58.187775
1385,32,128,32,128,18698,3,2.865152,21.159937,1,21.230593,3.95264,25.183233
1386,32,637,32,637,18651,3,4.10112,-1,0,50.972672,5.165056,56.137728
1387,32,1146,32,1146,18476,3,5.399552,-1,0,80.074753,6.46144,86.536193
1388,32,128,32,128,18556,3,2.905088,21.586945,1,21.650433,3.997696,25.648129
1389,32,637,32,637,18487,3,4.107264,-1,0,51.788799,5.170176,56.958975
1390,32,1145,32,1145,18288,3,5.301248,-1,0,78.863358,6.363136,85.226493
1391,32,128,32,128,18377,3,2.875392,21.257215,1,21.317633,3.958784,25.276417
1392,32,637,32,637,18339,3,4.109312,-1,0,51.560448,5.167104,56.727551
1393,32,128,32,128,18422,3,2.869248,21.086208,1,21.152767,3.948544,25.101311
1394,32,128,32,128,18494,3,2.842624,20.841473,1,20.91008,3.917824,24.827904
1395,32,128,32,128,18567,3,2.83136,20.722689,1,20.789248,3.908608,24.697855
1396,32,637,32,637,18504,3,4.103168,-1,0,50.683903,5.163008,55.846911
1397,32,637,32,637,18448,3,4.13696,-1,0,51.981312,5.20192,57.183232
1398,32,128,32,128,18525,3,2.866176,21.128193,1,21.190657,3.946496,25.137153
1399,32,128,32,128,18594,3,2.85184,20.865025,1,20.933632,3.93216,24.865792
1400,32,128,32,128,18669,3,2.825216,20.640768,1,20.714497,3.902464,24.616961
1401,32,1146,32,1146,18495,3,5.358592,-1,0,78.069763,6.42048,84.490243
1402,32,128,32,128,18585,3,2.893824,21.41184,1,21.479424,3.976192,25.455616
1403,32,128,32,128,18658,3,2.85184,21.048321,1,21.10976,3.93216,25.04192
1404,32,637,32,637,18610,3,4.10624,-1,0,50.743298,5.16608,55.909378
1405,32,637,32,637,18554,3,4.168704,-1,0,52.047871,5.236736,57.284606
1406,32,637,32,637,18513,3,4.11648,-1,0,52.278271,5.177344,57.455615
1407,32,128,32,128,18604,3,2.860032,21.108736,1,21.177343,3.943424,25.120767
1408,32,2164,32,2164,18110,3,8.123392,-1,0,142.431229,9.171968,151.603197
1409,32,128,32,128,18196,3,2.880512,21.479424,1,21.541887,3.966976,25.508863
1410,32,128,32,128,18263,3,2.859008,21.051392,1,21.120001,3.941376,25.061377
1411,32,637,32,637,18214,3,4.108288,-1,0,50.937855,5.172224,56.110079
1412,32,637,32,637,18158,3,4.109312,-1,0,51.681278,5.17632,56.857598
1413,32,128,32,128,18244,3,2.861056,21.154816,1,21.220352,3.943424,25.163776
1414,32,128,32,128,18344,3,2.840576,20.839424,1,20.905985,3.917824,24.823809
1415,32,128,32,128,18422,3,2.832384,20.63872,1,20.696064,3.90656,24.602624
1416,32,128,32,128,18502,3,2.819072,20.518911,1,20.57728,3.90144,24.47872
1417,32,128,32,128,18574,3,2.82112,20.496384,1,20.56192,3.897344,24.459264
1418,32,637,32,637,18523,3,4.148224,-1,0,50.705406,5.216256,55.921662
1419,32,128,32,128,18599,3,2.871296,21.286913,1,21.35552,3.95776,25.31328
1420,32,128,32,128,18674,3,2.84672,20.974592,1,21.0432,3.935232,24.978431
1421,32,128,32,128,18748,3,2.840576,20.715521,1,20.780031,3.923968,24.703999
1422,32,128,32,128,18821,3,2.82112,20.590591,1,20.64896,3.895296,24.544256
1423,32,1129,32,1129,18622,3,5.346304,-1,0,77.829117,6.41536,84.244477
1424,32,128,32,128,18708,3,2.871296,21.456896,1,21.517311,3.960832,25.478143
1425,32,637,32,637,18658,3,4.1216,-1,0,51.542015,5.193728,56.735743
1426,32,128,32,128,18746,3,2.870272,21.1712,1,21.239807,3.949568,25.189375
1427,32,128,32,128,18818,3,2.860032,20.930559,1,20.998144,3.941376,24.93952
1428,32,128,32,128,18893,3,2.845696,20.713472,1,20.771839,3.92192,24.693759
1429,32,128,32,128,18977,3,2.827264,20.583424,1,20.651009,3.909632,24.560641
1430,32,1146,32,1146,18797,3,5.366784,-1,0,78.202881,6.436864,84.639745
1431,32,128,32,128,18879,3,2.87744,21.468161,1,21.5296,3.964928,25.494528
1432,32,128,32,128,18967,3,2.86208,21.05344,1,21.121023,3.9424,25.063423
1433,32,128,32,128,19046,3,2.838528,20.775936,1,20.842497,3.92704,24.769537
1434,32,128,32,128,19130,3,2.822144,20.656128,1,20.722689,3.904512,24.627201
1435,32,128,32,128,19213,3,2.827264,20.616192,1,20.682753,3.907584,24.590337
1436,32,128,32,128,19299,3,2.824192,20.636671,1,20.704256,3.898368,24.602624
1437,32,1146,32,1146,19107,3,5.363712,-1,0,78.023682,6.419456,84.443138
1438,32,637,32,637,19026,3,4.10624,-1,0,52.594688,5.173248,57.767936
1439,32,637,32,637,18978,3,4.135936,-1,0,51.837952,5.20192,57.039872
1440,32,128,32,128,19068,3,2.873344,21.203968,1,21.274624,3.990528,25.265152
1441,32,1146,32,1146,18877,3,5.363712,-1,0,78.897156,6.44608,85.343236
1442,32,637,32,637,18827,3,4.163584,-1,0,53.056511,5.257216,58.313727
1443,32,1146,32,1146,18650,3,5.359616,-1,0,80.113663,6.4512,86.564863
1444,32,637,32,637,18604,3,4.137984,-1,0,52.633598,5.228544,57.862143
1445,32,637,32,637,18558,3,4.105216,-1,0,51.729408,5.185536,56.914944
1446,32,128,32,128,18639,3,2.873344,21.117952,1,21.177343,3.976192,25.153535
1447,32,1146,32,1146,18460,3,5.357568,-1,0,79.032318,6.436864,85.469182
1448,32,637,32,637,18411,3,4.161536,-1,0,52.908031,5.250048,58.15808
1449,32,637,32,637,18356,3,4.149248,-1,0,52.514816,5.23264,57.747456
1450,32,1145,32,1145,18167,3,5.404672,-1,0,80.132095,6.480896,86.612991
1451,32,637,32,637,18119,3,4.16256,-1,0,53.332993,5.256192,58.589185
1452,32,637,32,637,18079,3,4.10112,-1,0,51.903488,5.158912,57.0624
1453,32,637,32,637,18020,3,4.139008,-1,0,51.987457,5.204992,57.192449
1454,32,1146,32,1146,17855,3,5.356544,-1,0,79.758339,6.423552,86.181891
1455,32,128,32,128,17938,3,2.88256,21.397505,1,21.469185,3.97312,25.442305
1456,32,128,32,128,18016,3,2.859008,21.021696,1,21.091328,3.948544,25.039872
1457,32,128,32,128,18093,3,2.837504,20.723713,1,20.793344,3.92192,24.715265
1458,32,128,32,128,18179,3,2.820096,20.539392,1,20.605951,3.892224,24.498175
1459,32,128,32,128,18269,3,2.827264,20.556801,1,20.62336,3.905536,24.528896
1460,32,637,32,637,18208,3,4.127744,-1,0,50.584576,5.194752,55.779328
1461,32,636,32,636,18155,3,4.13696,-1,0,52.0704,5.206016,57.276416
1462,32,128,32,128,18227,3,2.864128,21.111809,1,21.182465,3.95776,25.140225
1463,32,605,32,605,18175,3,4.11136,-1,0,50.708481,5.178368,55.886849
1464,32,128,32,128,18244,3,2.866176,21.0944,1,21.154816,3.950592,25.105408
1465,32,128,32,128,18324,3,2.8416,20.84864,1,20.918272,3.922944,24.841216
1466,32,128,32,128,18402,3,2.830336,20.709375,1,20.77696,3.910656,24.687616
1467,32,636,32,636,18351,3,4.098048,-1,0,50.116608,5.163008,55.279616
1468,32,128,32,128,18443,3,2.857984,21.067776,1,21.129215,3.943424,25.072639
1469,32,637,32,637,18387,3,4.141056,-1,0,51.079166,5.215232,56.294398
1470,32,128,32,128,18480,3,2.871296,21.14048,1,21.211136,3.956736,25.167872
1471,32,128,32,128,18559,3,2.843648,20.859903,1,20.927488,3.930112,24.8576
1472,32,128,32,128,18633,3,2.834432,20.673536,1,20.742144,3.914752,24.656896
1473,32,128,32,128,18714,3,2.82112,20.529152,1,20.599808,3.894272,24.49408
1474,32,637,32,637,18661,3,4.144128,-1,0,50.502655,5.204992,55.707647
1475,32,128,32,128,18737,3,2.864128,21.269505,1,21.341185,3.944448,25.285633
1476,32,128,32,128,18821,3,2.845696,21.011456,1,21.081087,3.930112,25.011199
1477,32,1145,32,1145,18631,3,5.358592,-1,0,77.991936,6.422528,84.414464
1478,32,128,32,128,18710,3,2.895872,21.367807,1,21.43232,3.987456,25.419776
1479,32,637,32,637,18649,3,4.117504,-1,0,51.212288,5.182464,56.394752
1480,32,128,32,128,18734,3,2.888704,21.095425,1,21.167105,3.976192,25.143297
1481,32,128,32,128,18812,3,2.853888,20.902912,1,20.974592,3.939328,24.91392
1482,32,128,32,128,18884,3,2.823168,20.730881,1,20.801537,3.900416,24.701952
1483,32,128,32,128,18961,3,2.817024,20.57728,1,20.645887,3.897344,24.543231
1484,32,128,32,128,19038,3,2.827264,20.587521,1,20.659201,3.905536,24.564737
1485,32,637,32,637,18971,3,4.10624,-1,0,50.247681,5.16608,55.413761
1486,32,128,32,128,19061,3,2.874368,21.029888,1,21.09952,3.954688,25.054208
1487,32,637,32,637,19018,3,4.108288,-1,0,50.882561,5.184512,56.067073
1488,32,128,32,128,19099,3,2.874368,21.082111,1,21.151745,3.960832,25.112577
1489,32,128,32,128,19185,3,2.85184,20.881409,1,20.948992,3.935232,24.884224
1490,32,128,32,128,19260,3,2.829312,20.699137,1,20.76672,3.904512,24.671232
1491,32,128,32,128,19337,3,2.825216,20.587521,1,20.646912,3.904512,24.551424
1492,32,1146,32,1146,19143,3,5.359616,-1,0,78.235649,6.413312,84.648961
1493,32,1654,32,1654,18852,3,6.628352,-1,0,107.856895,7.696384,115.553279
1494,32,128,32,128,18936,3,2.90304,21.690369,1,21.762049,3.995648,25.757697
1495,32,1146,32,1146,18736,3,5.363712,-1,0,79.400963,6.43072,85.831683
1496,32,637,32,637,18689,3,4.166656,-1,0,53.124096,5.233664,58.35776
1497,32,637,32,637,18637,3,4.146176,-1,0,52.442112,5.213184,57.655296
1498,32,128,32,128,18727,3,2.874368,21.147648,1,21.226496,3.960832,25.187328
1499,32,637,32,637,18663,3,4.115456,-1,0,50.987007,5.177344,56.164351
1500,32,128,32,128,18729,3,2.875392,21.122047,1,21.189632,3.964928,25.15456
1501,32,2164,32,2164,18263,3,8.153088,-1,0,143.312897,9.207808,152.520704
1502,32,636,32,636,18196,3,4.139008,-1,0,52.56192,5.204992,57.766912
1503,32,128,32,128,18278,3,2.87744,21.211136,1,21.279743,3.961856,25.241599
1504,32,128,32,128,18342,3,2.847744,20.933632,1,20.999168,3.931136,24.930304
1505,32,637,32,637,18299,3,4.128768,-1,0,50.664448,5.19168,55.856128
1506,32,128,32,128,18389,3,2.883584,21.235712,1,21.297152,3.965952,25.263103
1507,32,128,32,128,18468,3,2.865152,21.05344,1,21.115904,3.946496,25.0624
1508,32,637,32,637,18407,3,4.118528,-1,0,50.946049,5.177344,56.123393
1509,32,637,32,637,18334,3,4.133888,-1,0,51.815426,5.198848,57.014274
1510,32,1655,32,1655,18011,3,6.58432,-1,0,107.965439,7.647232,115.612671
1511,32,128,32,128,18096,3,2.891776,21.492737,1,21.562368,3.981312,25.54368
1512,32,637,32,637,18036,3,4.100096,-1,0,51.492863,5.167104,56.659966
1513,32,637,32,637,17984,3,4.114432,-1,0,51.75808,5.18144,56.939519
1514,32,128,32,128,18059,3,2.871296,21.151745,1,21.222401,3.95776,25.180161
1515,32,128,32,128,18148,3,2.844672,20.903936,1,20.972544,3.924992,24.897536
1516,32,128,32,128,18220,3,2.83136,20.711424,1,20.781055,3.912704,24.693759
1517,32,636,32,636,18172,3,4.13696,-1,0,50.206718,5.210112,55.416831
1518,32,637,32,637,18122,3,4.153344,-1,0,52.268032,5.224448,57.49248
1519,32,128,32,128,18189,3,2.879488,21.22752,1,21.297152,3.969024,25.266176
1520,32,128,32,128,18266,3,2.86208,20.963327,1,21.025791,3.970048,24.995839
1521,32,128,32,128,18348,3,2.834432,20.787201,1,20.855808,3.933184,24.788992
1522,32,128,32,128,18424,3,2.822144,20.559872,1,20.625408,3.918848,24.544256
1523,32,128,32,128,18506,3,2.814976,20.545536,1,20.614143,3.9168,24.530943
1524,32,637,32,637,18447,3,4.13696,-1,0,50.406399,5.215232,55.621631
1525,32,128,32,128,18531,3,2.8672,21.124096,1,21.18656,3.968,25.15456
1526,32,128,32,128,18614,3,2.842624,20.835327,1,20.897793,3.950592,24.848385
1527,32,128,32,128,18696,3,2.833408,20.703232,1,20.771839,3.934208,24.706047
1528,32,637,32,637,18641,3,4.110336,-1,0,50.734081,5.195776,55.929857
1529,32,128,32,128,18729,3,2.88768,21.116928,1,21.184511,3.999744,25.184255
1530,32,636,32,636,18688,3,4.122624,-1,0,51.076096,5.211136,56.287231
1531,32,128,32,128,18766,3,2.88256,21.137407,1,21.208063,3.987456,25.195519
1532,32,128,32,128,18842,3,2.839552,20.875263,1,20.942848,3.943424,24.886272
1533,32,128,32,128,18906,3,2.83648,20.771839,1,20.839424,3.924992,24.764416
1534,32,128,32,128,18995,3,2.820096,20.627457,1,20.690945,3.919872,24.610817
1535,32,128,32,128,19074,3,2.82624,20.568064,1,20.628481,3.926016,24.554497
1536,32,637,32,637,19018,3,4.137984,-1,0,50.375679,5.23264,55.608319
1537,32,637,32,637,18944,3,4.135936,-1,0,52.272129,5.223424,57.495553
1538,32,128,32,128,19019,3,2.885632,21.243904,1,21.31456,3.987456,25.302016
1539,32,1145,32,1145,18838,3,5.359616,-1,0,79.005699,6.4512,85.456899
1540,32,128,32,128,18907,3,2.881536,21.501951,1,21.573631,3.992576,25.566207
1541,32,128,32,128,19000,3,2.863104,21.056513,1,21.117952,3.968,25.085952
1542,32,637,32,637,18923,3,4.087808,-1,0,50.690048,5.1712,55.861248
1543,32,128,32,128,19002,3,2.866176,21.189632,1,21.260288,3.950592,25.21088
1544,32,128,32,128,19081,3,2.847744,20.872192,1,20.934656,3.922944,24.8576
1545,32,128,32,128,19168,3,2.840576,20.670464,1,20.739073,3.926016,24.665089
1546,32,128,32,128,19238,3,2.834432,20.717567,1,20.775936,3.912704,24.68864
1547,32,637,32,637,19191,3,4.107264,-1,0,50.627583,5.189632,55.817214
1548,32,1146,32,1146,19005,3,5.367808,-1,0,80.026627,6.429696,86.456323
1549,32,128,32,128,19091,3,2.886656,21.495808,1,21.567488,3.974144,25.541632
1550,32,1146,32,1146,18897,3,5.361664,-1,0,78.986237,6.42048,85.406716
1551,32,1655,32,1655,18565,3,6.578176,-1,0,108.270592,7.640064,115.910655
1552,32,128,32,128,18643,3,2.907136,21.528576,1,21.600256,3.98848,25.588736
1553,32,1146,32,1146,18445,3,5.364736,-1,0,79.481857,6.426624,85.908481
1554,32,1146,32,1146,18258,3,5.362688,-1,0,80.753662,6.426624,87.180286
1555,32,1146,32,1146,18073,3,5.347328,-1,0,80.38195,6.412288,86.794239
1556,32,128,32,128,18156,3,2.893824,21.279743,1,21.350401,3.990528,25.340929
1557,32,128,32,128,18237,3,2.85696,20.89472,1,20.962303,3.941376,24.903679
1558,32,128,32,128,18322,3,2.819072,20.691969,1,20.760576,3.902464,24.66304
1559,32,128,32,128,18404,3,2.824192,20.552704,1,20.611073,3.902464,24.513536
1560,32,128,32,128,18490,3,2.820096,20.575232,1,20.6336,3.897344,24.530944
1561,32,128,32,128,18573,3,2.822144,20.597759,1,20.654079,3.895296,24.549376
1562,32,637,32,637,18517,3,4.171776,-1,0,50.579456,5.236736,55.816192
1563,32,1146,32,1146,18319,3,5.364736,-1,0,80.187393,6.428672,86.616065
1564,32,637,32,637,18271,3,4.133888,-1,0,52.903934,5.203968,58.107903
1565,32,1655,32,1655,17935,3,6.587392,-1,0,107.435005,7.646208,115.081213
1566,32,637,32,637,17880,3,4.160512,-1,0,53.213184,5.233664,58.446848
1567,32,128,32,128,17962,3,2.868224,21.213184,1,21.280767,3.951616,25.232383
1568,32,128,32,128,18040,3,2.839552,21.047297,1,21.11488,3.919872,25.034752
1569,32,1146,32,1146,17853,3,5.347328,-1,0,78.35955,6.403072,84.762622
1570,32,128,32,128,17933,3,2.881536,21.396481,1,21.467136,3.970048,25.437184
1571,32,128,32,128,18007,3,2.85184,20.979712,1,21.047297,3.941376,24.988672
1572,32,128,32,128,18081,3,2.834432,20.692991,1,20.76672,3.9168,24.68352
1573,32,128,32,128,18162,3,2.825216,20.526079,1,20.603905,3.902464,24.506369
1574,32,128,32,128,18242,3,2.822144,20.527103,1,20.595713,3.90656,24.502273
1575,32,637,32,637,18191,3,4.100096,-1,0,50.292736,5.167104,55.45984
1576,32,128,32,128,18263,3,2.904064,21.167105,1,21.234688,3.999744,25.234432
1577,32,128,32,128,18346,3,2.849792,20.98176,1,21.041151,3.928064,24.969215
1578,32,128,32,128,18429,3,2.825216,20.703232,1,20.770817,3.909632,24.680449
1579,32,128,32,128,18495,3,2.813952,20.547585,1,20.608,3.89632,24.50432
1580,32,128,32,128,18570,3,2.824192,20.500481,1,20.559872,3.908608,24.46848
1581,32,128,32,128,18655,3,2.824192,20.567039,1,20.634624,3.904512,24.539136
1582,32,128,32,128,18727,3,2.819072,20.532225,1,20.59264,3.894272,24.486912
1583,32,1146,32,1146,18541,3,5.34528,-1,0,78.065666,6.406144,84.47181
1584,32,637,32,637,18511,3,4.141056,-1,0,52.645889,5.21216,57.858049
1585,32,128,32,128,18593,3,2.859008,21.185535,1,21.254145,3.935232,25.189377
1586,32,128,32,128,18665,3,2.844672,20.815872,1,20.87936,3.931136,24.810496
