step,sched_reqs,sched_tokens,batch,num_query_tokens,sum_seq_len,num_spec_tokens,draft_ms,target_fwd_ms,n_target_fwd,exec_ms,sample_ms,step_ms
0,32,64,-1,-1,-1,-1,-1,24.214527,1,4801.61377,17465.066406,22266.680176
1,32,32,-1,-1,-1,-1,-1,15.44704,1,17.567743,4.006912,21.574656
2,1,2048,-1,-1,-1,-1,-1,-1,0,188.432388,0.838656,189.271044
3,6,8192,-1,-1,-1,-1,-1,-1,0,514.749451,0.822272,515.571723
4,10,8192,-1,-1,-1,-1,-1,-1,0,500.2117,0.832512,501.044212
5,14,8192,-1,-1,-1,-1,-1,-1,0,508.942322,0.83968,509.782002
6,18,8192,-1,-1,-1,-1,-1,-1,0,506.934265,0.861184,507.795449
7,22,8192,-1,-1,-1,-1,-1,-1,0,512.908264,0.87552,513.783784
8,26,8192,-1,-1,-1,-1,-1,-1,0,512.779236,0.887808,513.667044
9,30,8192,-1,-1,-1,-1,-1,-1,0,518.402039,0.88064,519.282679
10,32,5798,-1,-1,-1,-1,-1,-1,0,374.163452,0.904192,375.067644
11,32,32,-1,-1,-1,-1,-1,21.160959,1,21.203968,0.873472,22.07744
12,32,32,-1,-1,-1,-1,-1,20.962303,1,21.005312,0.869376,21.874688
13,32,32,-1,-1,-1,-1,-1,20.887552,1,20.929537,0.874496,21.804033
14,32,32,-1,-1,-1,-1,-1,20.854784,1,20.898815,0.866304,21.765119
15,32,32,-1,-1,-1,-1,-1,20.875263,1,20.918272,0.8704,21.788672
16,32,32,-1,-1,-1,-1,-1,20.856833,1,20.899839,0.868352,21.768191
17,32,32,-1,-1,-1,-1,-1,20.816896,1,20.859903,0.873472,21.733375
18,32,32,-1,-1,-1,-1,-1,20.799488,1,20.841473,0.871424,21.712897
19,32,32,-1,-1,-1,-1,-1,20.794369,1,20.850689,0.869376,21.720065
20,32,32,-1,-1,-1,-1,-1,20.811775,1,20.876287,0.868352,21.744639
21,32,32,-1,-1,-1,-1,-1,20.786177,1,20.850689,0.866304,21.716993
22,32,32,-1,-1,-1,-1,-1,20.790272,1,20.85376,0.871424,21.725184
23,32,32,-1,-1,-1,-1,-1,20.806656,1,20.873217,0.874496,21.747713
24,32,32,-1,-1,-1,-1,-1,20.791296,1,20.856833,0.8704,21.727233
25,32,32,-1,-1,-1,-1,-1,20.808704,1,20.873217,0.871424,21.744641
26,32,32,-1,-1,-1,-1,-1,20.790272,1,20.855808,0.871424,21.727232
27,32,32,-1,-1,-1,-1,-1,20.809729,1,20.852736,0.868352,21.721088
28,32,32,-1,-1,-1,-1,-1,20.801537,1,20.843519,0.869376,21.712895
29,32,32,-1,-1,-1,-1,-1,20.79744,1,20.839424,0.867328,21.706752
30,32,32,-1,-1,-1,-1,-1,20.82304,1,20.864,0.8704,21.7344
31,32,32,-1,-1,-1,-1,-1,20.785152,1,20.828159,0.873472,21.701631
32,32,32,-1,-1,-1,-1,-1,20.810753,1,20.852736,0.8704,21.723136
33,32,32,-1,-1,-1,-1,-1,20.804607,1,20.847616,0.86528,21.712896
34,32,32,-1,-1,-1,-1,-1,20.817921,1,20.859903,0.866304,21.726207
35,32,32,-1,-1,-1,-1,-1,20.812799,1,20.877312,0.8704,21.747712
36,32,32,-1,-1,-1,-1,-1,20.814848,1,20.871168,0.867328,21.738496
37,32,32,-1,-1,-1,-1,-1,20.82304,1,20.888577,0.869376,21.757953
38,32,32,-1,-1,-1,-1,-1,20.794369,1,20.851711,0.8704,21.722111
39,32,32,-1,-1,-1,-1,-1,20.82304,1,20.891647,0.869376,21.761023
40,32,32,-1,-1,-1,-1,-1,20.799488,1,20.855808,0.873472,21.72928
41,32,32,-1,-1,-1,-1,-1,20.836351,1,20.900864,0.867328,21.768192
42,32,32,-1,-1,-1,-1,-1,20.819967,1,20.885504,0.86528,21.750784
43,32,32,-1,-1,-1,-1,-1,20.812799,1,20.855808,0.878592,21.7344
44,32,32,-1,-1,-1,-1,-1,20.840448,1,20.883455,0.874496,21.757951
45,32,32,-1,-1,-1,-1,-1,20.8384,1,20.881409,0.868352,21.749761
46,32,32,-1,-1,-1,-1,-1,20.836351,1,20.878336,0.868352,21.746688
47,32,32,-1,-1,-1,-1,-1,20.846592,1,20.889601,0.871424,21.761025
48,32,32,-1,-1,-1,-1,-1,20.847616,1,20.890623,0.866304,21.756927
49,32,32,-1,-1,-1,-1,-1,20.84864,1,20.890623,0.867328,21.757951
50,32,32,-1,-1,-1,-1,-1,20.840448,1,20.88448,0.871424,21.755904
51,32,32,-1,-1,-1,-1,-1,20.85376,1,20.917248,0.869376,21.786624
52,32,32,-1,-1,-1,-1,-1,20.854784,1,20.919296,0.871424,21.79072
53,32,32,-1,-1,-1,-1,-1,20.834305,1,20.890623,0.87552,21.766143
54,32,32,-1,-1,-1,-1,-1,20.829184,1,20.89472,0.868352,21.763072
55,32,32,-1,-1,-1,-1,-1,20.833281,1,20.897793,0.87552,21.773313
56,32,32,-1,-1,-1,-1,-1,20.866049,1,20.930559,0.872448,21.803007
57,32,32,-1,-1,-1,-1,-1,20.849665,1,20.915199,0.8704,21.785599
58,32,32,-1,-1,-1,-1,-1,20.828159,1,20.893696,0.867328,21.761024
59,32,32,-1,-1,-1,-1,-1,20.861952,1,20.903936,0.8704,21.774336
60,32,32,-1,-1,-1,-1,-1,20.834305,1,20.875263,0.867328,21.742591
61,32,32,-1,-1,-1,-1,-1,20.865025,1,20.908031,0.866304,21.774335
62,32,32,-1,-1,-1,-1,-1,20.854784,1,20.897793,0.8704,21.768193
63,32,32,-1,-1,-1,-1,-1,20.835327,1,20.877312,0.8704,21.747712
64,32,32,-1,-1,-1,-1,-1,20.891647,1,20.933632,0.868352,21.801984
65,32,32,-1,-1,-1,-1,-1,20.870144,1,20.913153,0.871424,21.784577
66,32,32,-1,-1,-1,-1,-1,20.864,1,20.907007,0.874496,21.781503
67,32,32,-1,-1,-1,-1,-1,20.873217,1,20.938751,0.873472,21.812223
68,32,32,-1,-1,-1,-1,-1,20.878336,1,20.941824,0.8704,21.812224
69,32,32,-1,-1,-1,-1,-1,20.87936,1,20.944897,0.869376,21.814273
70,32,32,-1,-1,-1,-1,-1,20.888577,1,20.953089,0.8704,21.823489
71,32,32,-1,-1,-1,-1,-1,20.890623,1,20.946943,0.8704,21.817343
72,32,32,-1,-1,-1,-1,-1,20.901888,1,20.965376,0.867328,21.832704
73,32,32,-1,-1,-1,-1,-1,20.897793,1,20.955135,0.872448,21.827583
74,32,32,-1,-1,-1,-1,-1,20.898815,1,20.964352,0.867328,21.83168
75,32,32,-1,-1,-1,-1,-1,20.897793,1,20.9408,0.881664,21.822464
76,32,32,-1,-1,-1,-1,-1,20.900864,1,20.942848,0.869376,21.812224
77,32,32,-1,-1,-1,-1,-1,20.893696,1,20.936705,0.871424,21.808129
78,32,32,-1,-1,-1,-1,-1,20.91008,1,20.952065,0.8704,21.822465
79,32,32,-1,-1,-1,-1,-1,20.913153,1,20.955135,0.866304,21.821439
80,32,32,-1,-1,-1,-1,-1,20.904961,1,20.946943,0.866304,21.813247
81,32,32,-1,-1,-1,-1,-1,20.916224,1,20.958208,0.869376,21.827584
82,32,32,-1,-1,-1,-1,-1,20.938751,1,20.98176,0.867328,21.849088
83,32,32,-1,-1,-1,-1,-1,20.914177,1,20.978687,0.864256,21.842943
84,32,32,-1,-1,-1,-1,-1,20.919296,1,20.975616,0.868352,21.843968
85,32,32,-1,-1,-1,-1,-1,20.914177,1,20.978687,0.8704,21.849087
86,32,32,-1,-1,-1,-1,-1,20.943872,1,21.009409,0.867328,21.876737
87,32,32,-1,-1,-1,-1,-1,20.945921,1,21.001217,0.869376,21.870593
88,32,32,-1,-1,-1,-1,-1,20.945921,1,21.011456,0.873472,21.884928
89,32,32,-1,-1,-1,-1,-1,20.95616,1,21.019648,0.872448,21.892096
90,32,32,-1,-1,-1,-1,-1,20.952065,1,21.017599,0.871424,21.889023
91,32,32,-1,-1,-1,-1,-1,20.947968,1,20.990976,0.868352,21.859328
92,32,32,-1,-1,-1,-1,-1,20.937729,1,20.978687,0.864256,21.842943
93,32,32,-1,-1,-1,-1,-1,20.95104,1,20.994047,0.8704,21.864447
94,32,32,-1,-1,-1,-1,-1,20.938751,1,20.980736,0.872448,21.853184
95,32,32,-1,-1,-1,-1,-1,20.957184,1,20.999168,0.869376,21.868544
96,32,32,-1,-1,-1,-1,-1,20.948992,1,20.992001,0.869376,21.861377
97,32,32,-1,-1,-1,-1,-1,20.952065,1,20.994047,0.869376,21.863423
98,32,32,-1,-1,-1,-1,-1,20.980736,1,21.023745,0.86528,21.889025
99,32,32,-1,-1,-1,-1,-1,20.963327,1,21.02784,0.8704,21.89824
100,32,32,-1,-1,-1,-1,-1,20.954111,1,21.018623,0.873472,21.892095
101,32,32,-1,-1,-1,-1,-1,20.971519,1,21.036032,0.869376,21.905408
102,32,32,-1,-1,-1,-1,-1,20.9664,1,21.030912,0.868352,21.899264
103,32,32,-1,-1,-1,-1,-1,21.005312,1,21.071873,0.869376,21.941249
104,32,32,-1,-1,-1,-1,-1,20.964352,1,21.021696,0.868352,21.890048
105,32,32,-1,-1,-1,-1,-1,20.998144,1,21.062656,0.864256,21.926912
106,32,32,-1,-1,-1,-1,-1,20.970495,1,21.035007,0.867328,21.902335
107,32,32,-1,-1,-1,-1,-1,20.989952,1,21.030912,0.869376,21.900288
108,32,32,-1,-1,-1,-1,-1,20.975616,1,21.018623,0.868352,21.886975
109,32,32,-1,-1,-1,-1,-1,20.983809,1,21.026815,0.867328,21.894143
110,32,32,-1,-1,-1,-1,-1,21.001217,1,21.042175,0.873472,21.915647
111,32,32,-1,-1,-1,-1,-1,20.995071,1,21.03808,0.867328,21.905408
112,32,32,-1,-1,-1,-1,-1,20.986879,1,21.029888,0.8704,21.900288
113,32,32,-1,-1,-1,-1,-1,21.010431,1,21.052416,0.866304,21.91872
114,32,32,-1,-1,-1,-1,-1,21.010431,1,21.054464,0.871424,21.925888
115,32,32,-1,-1,-1,-1,-1,21.013504,1,21.080065,0.869376,21.949441
116,32,32,-1,-1,-1,-1,-1,21.020672,1,21.079041,0.872448,21.951489
117,32,32,-1,-1,-1,-1,-1,21.033983,1,21.106688,0.873472,21.98016
118,32,2064,-1,-1,-1,-1,-1,-1,0,153.107452,0.877568,153.98502
119,32,32,-1,-1,-1,-1,-1,21.352448,1,21.417984,0.88064,22.298624
120,32,4096,-1,-1,-1,-1,-1,-1,0,269.015045,0.889856,269.904901
121,32,32,-1,-1,-1,-1,-1,21.336063,1,21.4016,0.87552,22.27712
122,32,32,-1,-1,-1,-1,-1,21.159937,1,21.22752,0.8704,22.09792
123,32,4096,-1,-1,-1,-1,-1,-1,0,269.458435,0.88576,270.344195
124,32,6128,-1,-1,-1,-1,-1,-1,0,396.677124,0.887808,397.564932
125,32,32,-1,-1,-1,-1,-1,21.316608,1,21.361664,0.87552,22.237184
126,32,32,-1,-1,-1,-1,-1,21.131264,1,21.174273,0.883712,22.057985
127,32,6127,-1,-1,-1,-1,-1,-1,0,394.896393,0.893952,395.790345
128,32,6128,-1,-1,-1,-1,-1,-1,0,396.718079,0.888832,397.606911
129,32,8192,-1,-1,-1,-1,-1,-1,0,521.22522,0.88064,522.10586
130,32,4062,-1,-1,-1,-1,-1,-1,0,270.342133,0.893952,271.236085
131,32,2064,-1,-1,-1,-1,-1,-1,0,155.759613,0.888832,156.648445
132,32,2064,-1,-1,-1,-1,-1,-1,0,156.168198,0.882688,157.050886
133,32,4095,-1,-1,-1,-1,-1,-1,0,272.244751,0.897024,273.141775
134,32,4096,-1,-1,-1,-1,-1,-1,0,271.139832,0.89088,272.030712
135,32,32,-1,-1,-1,-1,-1,21.229568,1,21.272575,0.879616,22.152191
136,32,32,-1,-1,-1,-1,-1,21.035007,1,21.101568,0.87552,21.977088
137,32,32,-1,-1,-1,-1,-1,20.965376,1,21.031937,0.869376,21.901313
138,32,32,-1,-1,-1,-1,-1,20.902912,1,20.968449,0.873472,21.841921
139,32,2064,-1,-1,-1,-1,-1,-1,0,153.363449,0.886784,154.250233
140,32,4095,-1,-1,-1,-1,-1,-1,0,270.149628,0.894976,271.044604
141,32,32,-1,-1,-1,-1,-1,21.190657,1,21.249023,0.876544,22.125567
142,32,32,-1,-1,-1,-1,-1,21.018623,1,21.062656,0.881664,21.94432
143,32,32,-1,-1,-1,-1,-1,20.899839,1,20.958208,0.881664,21.839872
144,32,32,-1,-1,-1,-1,-1,20.912128,1,20.977665,0.869376,21.847041
145,32,32,-1,-1,-1,-1,-1,20.92544,1,20.989952,0.8704,21.860352
146,32,32,-1,-1,-1,-1,-1,20.929537,1,20.995071,0.869376,21.864447
147,32,32,-1,-1,-1,-1,-1,20.851711,1,20.908031,0.88064,21.788671
148,32,32,-1,-1,-1,-1,-1,20.824064,1,20.887552,0.8704,21.757952
149,32,32,-1,-1,-1,-1,-1,20.828159,1,20.892672,0.88064,21.773312
150,32,32,-1,-1,-1,-1,-1,20.839424,1,20.904961,0.869376,21.774337
151,32,2064,-1,-1,-1,-1,-1,-1,0,153.230331,0.884736,154.115067
152,32,32,-1,-1,-1,-1,-1,21.195776,1,21.263359,0.89088,22.154239
153,32,32,-1,-1,-1,-1,-1,21.046272,1,21.103617,0.873472,21.977089
154,32,2064,-1,-1,-1,-1,-1,-1,0,153.738235,0.882688,154.620923
155,32,32,-1,-1,-1,-1,-1,21.12512,1,21.190657,0.886784,22.077441
156,32,32,-1,-1,-1,-1,-1,20.989952,1,21.055489,0.874496,21.929985
157,32,32,-1,-1,-1,-1,-1,20.924416,1,20.98176,0.88064,21.8624
158,32,32,-1,-1,-1,-1,-1,20.909056,1,20.953089,0.876544,21.829633
159,32,2064,-1,-1,-1,-1,-1,-1,0,152.943619,0.884736,153.828355
160,32,32,-1,-1,-1,-1,-1,21.121023,1,21.18656,0.874496,22.061056
161,32,32,-1,-1,-1,-1,-1,20.994047,1,21.060608,0.882688,21.943296
162,32,32,-1,-1,-1,-1,-1,20.876287,1,20.941824,0.874496,21.81632
163,32,32,-1,-1,-1,-1,-1,20.899839,1,20.964352,0.88064,21.844992
164,32,32,-1,-1,-1,-1,-1,20.916224,1,20.980736,0.873472,21.854208
165,32,32,-1,-1,-1,-1,-1,20.89472,1,20.960257,0.877568,21.837825
166,32,32,-1,-1,-1,-1,-1,20.844543,1,20.901888,0.874496,21.776384
167,32,32,-1,-1,-1,-1,-1,20.836351,1,20.900864,0.8704,21.771264
168,32,32,-1,-1,-1,-1,-1,20.809729,1,20.874241,0.917504,21.791745
169,32,32,-1,-1,-1,-1,-1,20.819967,1,20.876287,0.873472,21.749759
170,32,32,-1,-1,-1,-1,-1,20.825089,1,20.892672,0.87552,21.768192
171,32,32,-1,-1,-1,-1,-1,20.810753,1,20.877312,0.879616,21.756928
172,32,32,-1,-1,-1,-1,-1,20.842497,1,20.903936,0.874496,21.778432
173,32,32,-1,-1,-1,-1,-1,20.831232,1,20.895744,0.881664,21.777408
174,32,32,-1,-1,-1,-1,-1,20.82304,1,20.86912,0.871424,21.740544
175,32,32,-1,-1,-1,-1,-1,20.851711,1,20.917248,0.874496,21.791744
176,32,32,-1,-1,-1,-1,-1,20.827135,1,20.892672,0.874496,21.767168
177,32,32,-1,-1,-1,-1,-1,20.851711,1,20.920321,0.872448,21.792769
178,32,32,-1,-1,-1,-1,-1,20.831232,1,20.889601,0.868352,21.757953
179,32,32,-1,-1,-1,-1,-1,20.866049,1,20.930559,0.88576,21.816319
180,32,32,-1,-1,-1,-1,-1,20.865025,1,20.930559,0.871424,21.801983
181,32,32,-1,-1,-1,-1,-1,20.824064,1,20.888577,0.877568,21.766145
182,32,32,-1,-1,-1,-1,-1,20.836351,1,20.901888,0.877568,21.779456
183,32,32,-1,-1,-1,-1,-1,20.859903,1,20.924416,0.871424,21.79584
184,32,32,-1,-1,-1,-1,-1,20.843519,1,20.909056,0.868352,21.777408
185,32,32,-1,-1,-1,-1,-1,20.861952,1,20.903936,0.874496,21.778432
186,32,32,-1,-1,-1,-1,-1,20.890623,1,20.954111,0.8704,21.824511
187,32,32,-1,-1,-1,-1,-1,20.864,1,20.929537,0.872448,21.801985
188,32,32,-1,-1,-1,-1,-1,20.882433,1,20.939775,0.874496,21.814271
189,32,32,-1,-1,-1,-1,-1,20.883455,1,20.946943,0.881664,21.828607
190,32,32,-1,-1,-1,-1,-1,20.880384,1,20.922367,0.8704,21.792767
191,32,32,-1,-1,-1,-1,-1,20.895744,1,20.953089,0.877568,21.830657
192,32,32,-1,-1,-1,-1,-1,20.889601,1,20.947968,0.873472,21.82144
193,32,32,-1,-1,-1,-1,-1,20.885504,1,20.942848,0.868352,21.8112
194,32,32,-1,-1,-1,-1,-1,20.89472,1,20.952065,0.874496,21.82656
195,32,32,-1,-1,-1,-1,-1,20.87936,1,20.942848,0.878592,21.82144
196,32,32,-1,-1,-1,-1,-1,20.908031,1,20.973568,0.867328,21.840896
197,32,32,-1,-1,-1,-1,-1,20.909056,1,20.972544,0.8704,21.842944
198,32,32,-1,-1,-1,-1,-1,20.905985,1,20.971519,0.873472,21.844991
199,32,32,-1,-1,-1,-1,-1,20.901888,1,20.9664,0.869376,21.835776
200,32,32,-1,-1,-1,-1,-1,20.893696,1,20.950016,0.869376,21.819392
201,32,32,-1,-1,-1,-1,-1,20.887552,1,20.930559,0.871424,21.801983
202,32,32,-1,-1,-1,-1,-1,20.900864,1,20.965376,0.869376,21.834752
203,32,32,-1,-1,-1,-1,-1,20.918272,1,20.983809,0.86528,21.849088
204,32,32,-1,-1,-1,-1,-1,20.93568,1,21.002239,0.867328,21.869567
205,32,32,-1,-1,-1,-1,-1,20.909056,1,20.971519,0.864256,21.835775
206,32,32,-1,-1,-1,-1,-1,20.912128,1,20.955135,0.869376,21.824511
207,32,32,-1,-1,-1,-1,-1,20.909056,1,20.973568,0.8704,21.843968
208,32,32,-1,-1,-1,-1,-1,20.934656,1,20.999168,0.864256,21.863424
209,32,32,-1,-1,-1,-1,-1,20.92544,1,20.990976,0.868352,21.859328
210,32,32,-1,-1,-1,-1,-1,20.946943,1,21.013504,0.883712,21.897216
211,32,32,-1,-1,-1,-1,-1,20.934656,1,20.990976,0.8704,21.861376
212,32,32,-1,-1,-1,-1,-1,20.915199,1,20.980736,0.874496,21.855232
213,32,32,-1,-1,-1,-1,-1,20.938751,1,21.003263,0.868352,21.871615
214,32,32,-1,-1,-1,-1,-1,20.954111,1,21.019648,0.868352,21.888
215,32,32,-1,-1,-1,-1,-1,20.93568,1,20.998144,0.874496,21.87264
216,32,32,-1,-1,-1,-1,-1,20.939775,1,21.003263,0.868352,21.871615
217,32,32,-1,-1,-1,-1,-1,20.948992,1,20.990976,0.8704,21.861376
218,32,32,-1,-1,-1,-1,-1,20.954111,1,21.018623,0.878592,21.897215
219,32,32,-1,-1,-1,-1,-1,20.958208,1,21.02272,0.872448,21.895168
220,32,32,-1,-1,-1,-1,-1,20.938751,1,20.995071,0.8704,21.865471
221,32,32,-1,-1,-1,-1,-1,20.960257,1,21.02272,0.881664,21.904384
222,32,32,-1,-1,-1,-1,-1,20.952065,1,21.001217,0.879616,21.880833
223,32,32,-1,-1,-1,-1,-1,20.964352,1,21.02272,0.872448,21.895168
224,32,32,-1,-1,-1,-1,-1,20.98176,1,21.047297,0.866304,21.913601
225,32,32,-1,-1,-1,-1,-1,20.982784,1,21.046272,0.8704,21.916672
226,32,32,-1,-1,-1,-1,-1,20.9664,1,21.029888,0.872448,21.902336
227,32,32,-1,-1,-1,-1,-1,20.967424,1,21.031937,0.872448,21.904385
228,32,32,-1,-1,-1,-1,-1,20.976641,1,21.042175,0.868352,21.910527
229,32,32,-1,-1,-1,-1,-1,20.979712,1,21.045248,0.871424,21.916672
230,32,32,-1,-1,-1,-1,-1,20.983809,1,21.049343,0.868352,21.917695
231,32,32,-1,-1,-1,-1,-1,20.990976,1,21.05344,0.871424,21.924864
232,32,32,-1,-1,-1,-1,-1,21.000193,1,21.064705,0.871424,21.936129
233,32,32,-1,-1,-1,-1,-1,21.011456,1,21.05344,0.872448,21.925888
234,32,32,-1,-1,-1,-1,-1,21.011456,1,21.074944,0.874496,21.94944
235,32,32,-1,-1,-1,-1,-1,20.992001,1,21.056513,0.872448,21.928961
236,32,32,-1,-1,-1,-1,-1,21.001217,1,21.065727,0.866304,21.932031
237,32,32,-1,-1,-1,-1,-1,21.01248,1,21.067776,0.87552,21.943296
238,32,32,-1,-1,-1,-1,-1,20.995071,1,21.037056,0.868352,21.905408
239,32,2063,-1,-1,-1,-1,-1,-1,0,153.491455,0.88064,154.372095
240,32,2064,-1,-1,-1,-1,-1,-1,0,156.845062,0.889856,157.734918
241,32,32,-1,-1,-1,-1,-1,21.369856,1,21.435392,0.89088,22.326272
242,32,32,-1,-1,-1,-1,-1,21.178368,1,21.245953,0.869376,22.115329
243,32,2064,-1,-1,-1,-1,-1,-1,0,153.235458,0.881664,154.117122
244,32,32,-1,-1,-1,-1,-1,21.276672,1,21.341185,0.881664,22.222849
245,32,6128,-1,-1,-1,-1,-1,-1,0,396.547058,0.88576,397.432818
246,32,4096,-1,-1,-1,-1,-1,-1,0,270.578674,0.882688,271.461362
247,32,2064,-1,-1,-1,-1,-1,-1,0,157.990906,0.883712,158.874618
248,32,2064,-1,-1,-1,-1,-1,-1,0,155.855865,0.88064,156.736505
249,32,4096,-1,-1,-1,-1,-1,-1,0,270.246918,0.902144,271.149062
250,32,4096,-1,-1,-1,-1,-1,-1,0,271.115265,0.893952,272.009217
251,32,32,-1,-1,-1,-1,-1,21.250048,1,21.31456,0.871424,22.185984
252,32,2064,-1,-1,-1,-1,-1,-1,0,154.648575,0.88064,155.529215
253,32,2063,-1,-1,-1,-1,-1,-1,0,157.044739,0.889856,157.934595
254,32,2064,-1,-1,-1,-1,-1,-1,0,155.850754,0.878592,156.729346
255,32,6127,-1,-1,-1,-1,-1,-1,0,397.414398,0.896,398.310398
256,32,2064,-1,-1,-1,-1,-1,-1,0,155.819016,0.887808,156.706824
257,32,32,-1,-1,-1,-1,-1,21.15584,1,21.198849,0.87552,22.074369
258,32,2064,-1,-1,-1,-1,-1,-1,0,154.448898,0.882688,155.331586
259,32,6127,-1,-1,-1,-1,-1,-1,0,400.392181,0.903168,401.295349
260,32,2064,-1,-1,-1,-1,-1,-1,0,156.47847,0.88576,157.36423
261,32,2064,-1,-1,-1,-1,-1,-1,0,156.122116,0.887808,157.009924
262,32,32,-1,-1,-1,-1,-1,21.110785,1,21.168127,0.8704,22.038527
263,32,2064,-1,-1,-1,-1,-1,-1,0,154.220551,0.88576,155.106311
264,32,32,-1,-1,-1,-1,-1,21.20192,1,21.266432,0.877568,22.144
265,32,32,-1,-1,-1,-1,-1,20.973568,1,21.040129,0.871424,21.911553
266,32,32,-1,-1,-1,-1,-1,20.91008,1,20.976641,0.873472,21.850113
267,32,32,-1,-1,-1,-1,-1,20.885504,1,20.928513,0.874496,21.803009
268,32,32,-1,-1,-1,-1,-1,20.862976,1,20.926464,0.8704,21.796864
269,32,32,-1,-1,-1,-1,-1,20.908031,1,20.95104,0.868352,21.819392
270,32,32,-1,-1,-1,-1,-1,20.852736,1,20.921345,0.872448,21.793793
271,32,32,-1,-1,-1,-1,-1,20.815872,1,20.880384,0.8704,21.750784
272,32,2064,-1,-1,-1,-1,-1,-1,0,153.412613,0.88064,154.293253
273,32,32,-1,-1,-1,-1,-1,21.156864,1,21.200895,0.87552,22.076415
274,32,32,-1,-1,-1,-1,-1,20.973568,1,21.039104,0.873472,21.912576
275,32,32,-1,-1,-1,-1,-1,20.887552,1,20.945921,0.868352,21.814273
276,32,2064,-1,-1,-1,-1,-1,-1,0,153.814011,0.884736,154.698747
277,32,32,-1,-1,-1,-1,-1,21.169151,1,21.234688,0.882688,22.117376
278,32,32,-1,-1,-1,-1,-1,20.982784,1,21.048321,0.876544,21.924865
279,32,32,-1,-1,-1,-1,-1,20.888577,1,20.954111,0.876544,21.830655
280,32,32,-1,-1,-1,-1,-1,20.893696,1,20.959232,0.87552,21.834752
281,32,32,-1,-1,-1,-1,-1,20.896769,1,20.953089,0.881664,21.834753
282,32,32,-1,-1,-1,-1,-1,20.904961,1,20.970495,0.867328,21.837823
283,32,32,-1,-1,-1,-1,-1,20.805632,1,20.84864,0.866304,21.714944
284,32,2064,-1,-1,-1,-1,-1,-1,0,153.816071,0.887808,154.703879
285,32,32,-1,-1,-1,-1,-1,21.200895,1,21.244928,0.88064,22.125568
286,32,32,-1,-1,-1,-1,-1,21.085184,1,21.151745,0.888832,22.040577
287,32,32,-1,-1,-1,-1,-1,20.979712,1,21.03808,0.8704,21.90848
288,32,32,-1,-1,-1,-1,-1,20.897793,1,20.963327,0.8704,21.833727
289,32,32,-1,-1,-1,-1,-1,20.89472,1,20.936705,0.869376,21.806081
290,32,32,-1,-1,-1,-1,-1,20.907007,1,20.970495,0.872448,21.842943
291,32,32,-1,-1,-1,-1,-1,20.901888,1,20.959232,0.868352,21.827584
292,32,32,-1,-1,-1,-1,-1,20.849665,1,20.905985,0.867328,21.773313
293,32,32,-1,-1,-1,-1,-1,20.837376,1,20.903936,0.873472,21.777408
294,32,32,-1,-1,-1,-1,-1,20.852736,1,20.916224,0.867328,21.783552
295,32,32,-1,-1,-1,-1,-1,20.851711,1,20.921345,0.872448,21.793793
296,32,32,-1,-1,-1,-1,-1,20.8384,1,20.900864,0.867328,21.768192
297,32,32,-1,-1,-1,-1,-1,20.832256,1,20.895744,0.8704,21.766144
298,32,32,-1,-1,-1,-1,-1,20.856833,1,20.921345,0.866304,21.787649
299,32,32,-1,-1,-1,-1,-1,20.849665,1,20.891647,0.869376,21.761023
300,32,32,-1,-1,-1,-1,-1,20.858879,1,20.923391,0.86528,21.788671
301,32,32,-1,-1,-1,-1,-1,20.844543,1,20.887552,0.867328,21.75488
302,32,2064,-1,-1,-1,-1,-1,-1,0,153.605118,0.881664,154.486782
303,32,32,-1,-1,-1,-1,-1,21.295103,1,21.361664,0.879616,22.24128
304,32,32,-1,-1,-1,-1,-1,21.064705,1,21.132288,0.874496,22.006784
305,32,32,-1,-1,-1,-1,-1,21.01248,1,21.055489,0.872448,21.927937
306,32,32,-1,-1,-1,-1,-1,20.938751,1,21.005312,0.867328,21.87264
307,32,32,-1,-1,-1,-1,-1,20.922367,1,20.987904,0.8704,21.858304
308,32,32,-1,-1,-1,-1,-1,20.943872,1,21.008385,0.88064,21.889025
309,32,32,-1,-1,-1,-1,-1,20.915199,1,20.980736,0.872448,21.853184
310,32,32,-1,-1,-1,-1,-1,20.876287,1,20.933632,0.873472,21.807104
311,32,32,-1,-1,-1,-1,-1,20.877312,1,20.942848,0.872448,21.815296
312,32,32,-1,-1,-1,-1,-1,20.883455,1,20.946943,0.869376,21.816319
313,32,32,-1,-1,-1,-1,-1,20.886528,1,20.952065,0.863232,21.815297
314,32,32,-1,-1,-1,-1,-1,20.862976,1,20.927488,0.866304,21.793792
315,32,32,-1,-1,-1,-1,-1,20.881409,1,20.924416,0.869376,21.793792
316,32,32,-1,-1,-1,-1,-1,20.872192,1,20.93568,0.868352,21.804032
317,32,32,-1,-1,-1,-1,-1,20.890623,1,20.932608,0.872448,21.805056
318,32,32,-1,-1,-1,-1,-1,20.866049,1,20.930559,0.871424,21.801983
319,32,32,-1,-1,-1,-1,-1,20.918272,1,20.980736,0.868352,21.849088
320,32,32,-1,-1,-1,-1,-1,20.891647,1,20.958208,0.874496,21.832704
321,32,32,-1,-1,-1,-1,-1,20.888577,1,20.932608,0.867328,21.799936
322,32,32,-1,-1,-1,-1,-1,20.923391,1,20.986879,0.873472,21.860351
323,32,32,-1,-1,-1,-1,-1,20.905985,1,20.970495,0.868352,21.838847
324,32,32,-1,-1,-1,-1,-1,20.881409,1,20.937729,0.869376,21.807105
325,32,32,-1,-1,-1,-1,-1,20.920321,1,20.985855,0.871424,21.857279
326,32,32,-1,-1,-1,-1,-1,20.922367,1,20.985855,0.869376,21.855231
327,32,32,-1,-1,-1,-1,-1,20.915199,1,20.971519,0.872448,21.843967
328,32,32,-1,-1,-1,-1,-1,20.933632,1,20.998144,0.872448,21.870592
329,32,32,-1,-1,-1,-1,-1,20.918272,1,20.98176,0.8704,21.85216
330,32,32,-1,-1,-1,-1,-1,20.909056,1,20.972544,0.868352,21.840896
331,32,32,-1,-1,-1,-1,-1,20.907007,1,20.950016,0.8704,21.820416
332,32,32,-1,-1,-1,-1,-1,20.929537,1,20.986879,0.863232,21.850111
333,32,32,-1,-1,-1,-1,-1,20.927488,1,20.970495,0.884736,21.855231
334,32,32,-1,-1,-1,-1,-1,20.932608,1,20.989952,0.883712,21.873664
335,32,32,-1,-1,-1,-1,-1,20.95616,1,21.018623,0.869376,21.887999
336,32,32,-1,-1,-1,-1,-1,20.934656,1,20.999168,0.867328,21.866496
337,32,32,-1,-1,-1,-1,-1,20.953089,1,20.995071,0.873472,21.868543
338,32,32,-1,-1,-1,-1,-1,20.943872,1,21.006336,0.8704,21.876736
339,32,32,-1,-1,-1,-1,-1,20.95616,1,21.021696,0.867328,21.889024
340,32,32,-1,-1,-1,-1,-1,20.957184,1,21.014528,0.8704,21.884928
341,32,32,-1,-1,-1,-1,-1,20.965376,1,21.030912,0.876544,21.907456
342,32,32,-1,-1,-1,-1,-1,20.95616,1,21.013504,0.869376,21.88288
343,32,32,-1,-1,-1,-1,-1,20.969473,1,21.035007,0.87552,21.910527
344,32,32,-1,-1,-1,-1,-1,20.952065,1,21.016577,0.868352,21.884929
345,32,32,-1,-1,-1,-1,-1,20.973568,1,21.03808,0.871424,21.909504
346,32,32,-1,-1,-1,-1,-1,20.948992,1,21.01248,0.871424,21.883904
347,32,32,-1,-1,-1,-1,-1,20.975616,1,21.019648,0.881664,21.901312
348,32,32,-1,-1,-1,-1,-1,20.983809,1,21.055489,0.871424,21.926913
349,32,32,-1,-1,-1,-1,-1,20.983809,1,21.026815,0.872448,21.899263
350,32,32,-1,-1,-1,-1,-1,20.987904,1,21.05344,0.868352,21.921792
351,32,32,-1,-1,-1,-1,-1,20.98176,1,21.047297,0.877568,21.924865
352,32,32,-1,-1,-1,-1,-1,20.973568,1,21.039104,0.871424,21.910528
353,32,32,-1,-1,-1,-1,-1,20.975616,1,21.019648,0.876544,21.896192
354,32,32,-1,-1,-1,-1,-1,21.008385,1,21.075968,0.867328,21.943296
355,32,32,-1,-1,-1,-1,-1,20.977665,1,21.032961,0.878592,21.911553
356,32,32,-1,-1,-1,-1,-1,20.982784,1,21.048321,0.878592,21.926913
357,32,32,-1,-1,-1,-1,-1,20.971519,1,21.037056,0.868352,21.905408
358,32,2064,-1,-1,-1,-1,-1,-1,0,154.006531,0.88576,154.892291
359,32,32,-1,-1,-1,-1,-1,21.343231,1,21.400576,0.886784,22.28736
360,32,32,-1,-1,-1,-1,-1,21.1712,1,21.236736,0.873472,22.110208
361,32,32,-1,-1,-1,-1,-1,21.089279,1,21.153791,0.868352,22.022143
362,32,32,-1,-1,-1,-1,-1,21.073919,1,21.138432,0.873472,22.011904
363,32,32,-1,-1,-1,-1,-1,21.063681,1,21.106688,0.868352,21.97504
364,32,2064,-1,-1,-1,-1,-1,-1,0,154.352646,0.891904,155.24455
365,32,32,-1,-1,-1,-1,-1,21.305344,1,21.349377,0.873472,22.222849
366,32,32,-1,-1,-1,-1,-1,21.172224,1,21.229568,0.878592,22.10816
367,32,32,-1,-1,-1,-1,-1,21.089279,1,21.15584,0.878592,22.034432
368,32,2064,-1,-1,-1,-1,-1,-1,0,154.288132,0.874496,155.162628
369,32,2064,-1,-1,-1,-1,-1,-1,0,155.910141,0.889856,156.799997
370,32,2064,-1,-1,-1,-1,-1,-1,0,155.879425,0.89088,156.770305
371,32,4096,-1,-1,-1,-1,-1,-1,0,270.296051,0.897024,271.193075
372,32,2064,-1,-1,-1,-1,-1,-1,0,156.486649,0.889856,157.376505
373,32,2064,-1,-1,-1,-1,-1,-1,0,156.421127,0.889856,157.310983
374,32,32,-1,-1,-1,-1,-1,21.35552,1,21.422079,0.874496,22.296575
375,32,6128,-1,-1,-1,-1,-1,-1,0,398.750732,0.886784,399.637516
376,32,32,-1,-1,-1,-1,-1,21.404673,1,21.448704,0.88064,22.329344
377,32,6128,-1,-1,-1,-1,-1,-1,0,398.181366,0.89088,399.072246
378,32,2064,-1,-1,-1,-1,-1,-1,0,156.581894,0.88576,157.467654
379,32,4096,-1,-1,-1,-1,-1,-1,0,271.503357,0.883712,272.387069
380,32,32,-1,-1,-1,-1,-1,21.377024,1,21.435392,0.87552,22.310912
381,32,2064,-1,-1,-1,-1,-1,-1,0,155.43808,0.894976,156.333056
382,32,2064,-1,-1,-1,-1,-1,-1,0,155.408386,0.888832,156.297218
383,32,2064,-1,-1,-1,-1,-1,-1,0,155.840515,0.894976,156.735491
384,32,2064,-1,-1,-1,-1,-1,-1,0,156.338181,0.887808,157.225989
385,32,32,-1,-1,-1,-1,-1,21.327871,1,21.392384,0.879616,22.272
386,32,32,-1,-1,-1,-1,-1,21.086208,1,21.152767,0.874496,22.027263
387,32,32,-1,-1,-1,-1,-1,20.961281,1,21.026815,0.883712,21.910527
388,32,2063,-1,-1,-1,-1,-1,-1,0,154.128387,0.879616,155.008003
389,32,32,-1,-1,-1,-1,-1,21.189632,1,21.255169,0.879616,22.134785
390,32,32,-1,-1,-1,-1,-1,21.060608,1,21.117952,0.874496,21.992448
391,32,2064,-1,-1,-1,-1,-1,-1,0,154.193924,0.883712,155.077636
392,32,2063,-1,-1,-1,-1,-1,-1,0,155.993088,0.882688,156.875776
393,32,32,-1,-1,-1,-1,-1,21.236736,1,21.302273,0.87552,22.177793
394,32,4096,-1,-1,-1,-1,-1,-1,0,270.925812,0.891904,271.817716
395,32,32,-1,-1,-1,-1,-1,21.260288,1,21.326847,0.874496,22.201343
396,32,32,-1,-1,-1,-1,-1,21.05344,1,21.110785,0.876544,21.987329
397,32,32,-1,-1,-1,-1,-1,20.958208,1,21.021696,0.883712,21.905408
398,32,32,-1,-1,-1,-1,-1,20.927488,1,20.992001,0.871424,21.863425
399,32,32,-1,-1,-1,-1,-1,20.937729,1,21.004288,0.8704,21.874688
400,32,32,-1,-1,-1,-1,-1,20.928513,1,20.993025,0.871424,21.864449
401,32,2064,-1,-1,-1,-1,-1,-1,0,151.452667,0.882688,152.335355
402,32,32,-1,-1,-1,-1,-1,21.264383,1,21.328896,0.873472,22.202368
403,32,2064,-1,-1,-1,-1,-1,-1,0,153.047043,0.888832,153.935875
404,32,2064,-1,-1,-1,-1,-1,-1,0,155.66951,0.879616,156.549126
405,32,32,-1,-1,-1,-1,-1,21.256191,1,21.323776,0.876544,22.20032
406,32,32,-1,-1,-1,-1,-1,21.069824,1,21.137407,0.886784,22.024191
407,32,32,-1,-1,-1,-1,-1,20.988928,1,21.055489,0.883712,21.939201
408,32,32,-1,-1,-1,-1,-1,20.919296,1,20.961281,0.871424,21.832705
409,32,32,-1,-1,-1,-1,-1,20.936705,1,20.994047,0.8704,21.864447
410,32,32,-1,-1,-1,-1,-1,20.926464,1,20.982784,0.87552,21.858304
411,32,32,-1,-1,-1,-1,-1,20.920321,1,20.986879,0.872448,21.859327
412,32,32,-1,-1,-1,-1,-1,20.902912,1,20.968449,0.874496,21.842945
413,32,32,-1,-1,-1,-1,-1,20.904961,1,20.969473,0.873472,21.842945
414,32,32,-1,-1,-1,-1,-1,20.915199,1,20.971519,0.872448,21.843967
415,32,32,-1,-1,-1,-1,-1,20.865025,1,20.929537,0.871424,21.800961
416,32,32,-1,-1,-1,-1,-1,20.85376,1,20.919296,0.869376,21.788672
417,32,32,-1,-1,-1,-1,-1,20.839424,1,20.904961,0.869376,21.774337
418,32,32,-1,-1,-1,-1,-1,20.827135,1,20.882433,0.883712,21.766145
419,32,32,-1,-1,-1,-1,-1,20.865025,1,20.930559,0.884736,21.815295
420,32,32,-1,-1,-1,-1,-1,20.844543,1,20.91008,0.868352,21.778432
421,32,32,-1,-1,-1,-1,-1,20.852736,1,20.918272,0.866304,21.784576
422,32,32,-1,-1,-1,-1,-1,20.864,1,20.929537,0.88576,21.815297
423,32,32,-1,-1,-1,-1,-1,20.865025,1,20.929537,0.868352,21.797889
424,32,32,-1,-1,-1,-1,-1,20.854784,1,20.897793,0.868352,21.766145
425,32,32,-1,-1,-1,-1,-1,20.867071,1,20.924416,0.866304,21.79072
426,32,2064,-1,-1,-1,-1,-1,-1,0,153.896957,0.899072,154.796029
427,32,32,-1,-1,-1,-1,-1,21.241856,1,21.308416,0.871424,22.17984
428,32,32,-1,-1,-1,-1,-1,21.058559,1,21.124096,0.871424,21.99552
429,32,32,-1,-1,-1,-1,-1,20.985855,1,21.050367,0.871424,21.921791
430,32,32,-1,-1,-1,-1,-1,20.943872,1,21.011456,0.871424,21.88288
431,32,32,-1,-1,-1,-1,-1,20.933632,1,20.989952,0.879616,21.869568
432,32,32,-1,-1,-1,-1,-1,20.953089,1,21.010431,0.877568,21.887999
433,32,32,-1,-1,-1,-1,-1,20.898815,1,20.965376,0.867328,21.832704
434,32,32,-1,-1,-1,-1,-1,20.866049,1,20.922367,0.869376,21.791743
435,32,2064,-1,-1,-1,-1,-1,-1,0,153.860092,0.876544,154.736636
436,32,32,-1,-1,-1,-1,-1,21.300224,1,21.358591,0.876544,22.235135
437,32,32,-1,-1,-1,-1,-1,21.282816,1,21.342209,0.878592,22.220801
438,32,32,-1,-1,-1,-1,-1,21.294081,1,21.36064,0.876544,22.237184
439,32,32,-1,-1,-1,-1,-1,21.175297,1,21.241856,0.874496,22.116352
440,32,32,-1,-1,-1,-1,-1,20.946943,1,20.989952,0.874496,21.864448
441,32,32,-1,-1,-1,-1,-1,20.969473,1,21.036032,0.8704,21.906432
442,32,32,-1,-1,-1,-1,-1,20.962303,1,21.02784,0.864256,21.892096
443,32,32,-1,-1,-1,-1,-1,20.899839,1,20.967424,0.868352,21.835776
444,32,32,-1,-1,-1,-1,-1,20.916224,1,20.980736,0.874496,21.855232
445,32,32,-1,-1,-1,-1,-1,20.901888,1,20.9664,0.867328,21.833728
446,32,32,-1,-1,-1,-1,-1,20.903936,1,20.968449,0.869376,21.837825
447,32,32,-1,-1,-1,-1,-1,20.914177,1,20.977665,0.872448,21.850113
448,32,32,-1,-1,-1,-1,-1,20.89472,1,20.95104,0.874496,21.825536
449,32,32,-1,-1,-1,-1,-1,20.89472,1,20.959232,0.872448,21.83168
450,32,32,-1,-1,-1,-1,-1,20.897793,1,20.962303,0.872448,21.834751
451,32,32,-1,-1,-1,-1,-1,20.907007,1,20.970495,0.868352,21.838847
452,32,32,-1,-1,-1,-1,-1,20.914177,1,20.978687,0.873472,21.852159
453,32,32,-1,-1,-1,-1,-1,20.928513,1,20.993025,0.867328,21.860353
454,32,32,-1,-1,-1,-1,-1,20.919296,1,20.983809,0.86528,21.849088
455,32,32,-1,-1,-1,-1,-1,20.933632,1,20.999168,0.8704,21.869568
456,32,32,-1,-1,-1,-1,-1,20.902912,1,20.944897,0.871424,21.816321
457,32,32,-1,-1,-1,-1,-1,20.946943,1,21.011456,0.873472,21.884928
458,32,32,-1,-1,-1,-1,-1,20.9408,1,21.00736,0.87552,21.88288
459,32,32,-1,-1,-1,-1,-1,20.931583,1,20.996096,0.866304,21.8624
460,32,32,-1,-1,-1,-1,-1,20.9408,1,21.006336,0.868352,21.874688
461,32,32,-1,-1,-1,-1,-1,20.920321,1,20.982784,0.871424,21.854208
462,32,32,-1,-1,-1,-1,-1,20.939775,1,21.003263,0.867328,21.870591
463,32,32,-1,-1,-1,-1,-1,20.942848,1,21.00736,0.868352,21.875712
464,32,32,-1,-1,-1,-1,-1,20.927488,1,20.992001,0.872448,21.864449
465,32,32,-1,-1,-1,-1,-1,20.961281,1,21.026815,0.867328,21.894143
466,32,32,-1,-1,-1,-1,-1,20.950016,1,21.006336,0.872448,21.878784
467,32,32,-1,-1,-1,-1,-1,20.941824,1,21.006336,0.877568,21.883904
468,32,32,-1,-1,-1,-1,-1,20.942848,1,21.009409,0.86528,21.874689
469,32,32,-1,-1,-1,-1,-1,20.967424,1,21.030912,0.869376,21.900288
470,32,32,-1,-1,-1,-1,-1,20.954111,1,21.009409,0.869376,21.878785
471,32,32,-1,-1,-1,-1,-1,20.946943,1,21.010431,0.86528,21.875711
472,32,32,-1,-1,-1,-1,-1,20.95104,1,20.993025,0.8704,21.863425
473,32,32,-1,-1,-1,-1,-1,20.963327,1,21.028864,0.8704,21.899264
474,32,32,-1,-1,-1,-1,-1,20.996096,1,21.059584,0.867328,21.926912
475,32,32,-1,-1,-1,-1,-1,20.947968,1,21.01248,0.871424,21.883904
476,32,32,-1,-1,-1,-1,-1,20.984833,1,21.048321,0.86528,21.913601
477,32,32,-1,-1,-1,-1,-1,20.983809,1,21.048321,0.866304,21.914625
478,32,32,-1,-1,-1,-1,-1,20.99712,1,21.061632,0.86528,21.926912
479,32,32,-1,-1,-1,-1,-1,20.977665,1,21.040129,0.869376,21.909505
480,32,32,-1,-1,-1,-1,-1,21.023745,1,21.089279,0.869376,21.958655
481,32,32,-1,-1,-1,-1,-1,20.980736,1,21.046272,0.868352,21.914624
482,32,2064,-1,-1,-1,-1,-1,-1,0,153.85498,0.888832,154.743812
483,32,32,-1,-1,-1,-1,-1,21.385216,1,21.450752,0.868352,22.319104
484,32,32,-1,-1,-1,-1,-1,21.18144,1,21.247999,0.872448,22.120447
485,32,32,-1,-1,-1,-1,-1,21.106688,1,21.1712,0.871424,22.042624
486,32,32,-1,-1,-1,-1,-1,21.050367,1,21.11488,0.8704,21.98528
487,32,2064,-1,-1,-1,-1,-1,-1,0,154.041351,0.883712,154.925063
488,32,32,-1,-1,-1,-1,-1,21.425152,1,21.467136,0.877568,22.344704
489,32,2064,-1,-1,-1,-1,-1,-1,0,156.457977,0.881664,157.339641
490,32,32,-1,-1,-1,-1,-1,21.382145,1,21.439487,0.886784,22.326271
491,32,4096,-1,-1,-1,-1,-1,-1,0,271.28421,0.898048,272.182258
492,32,32,-1,-1,-1,-1,-1,21.383167,1,21.4272,0.888832,22.316032
493,32,2063,-1,-1,-1,-1,-1,-1,0,154.59021,0.876544,155.466754
494,32,32,-1,-1,-1,-1,-1,21.336063,1,21.393408,0.876544,22.269952
495,32,2064,-1,-1,-1,-1,-1,-1,0,154.616837,0.878592,155.495429
496,32,32,-1,-1,-1,-1,-1,21.381121,1,21.446655,0.874496,22.321151
497,32,2064,-1,-1,-1,-1,-1,-1,0,154.753021,0.888832,155.641853
498,32,32,-1,-1,-1,-1,-1,21.330944,1,21.388288,0.87552,22.263808
499,32,32,-1,-1,-1,-1,-1,21.202944,1,21.261312,0.874496,22.135808
500,32,32,-1,-1,-1,-1,-1,21.074944,1,21.141504,0.868352,22.009856
501,32,2064,-1,-1,-1,-1,-1,-1,0,154.352646,0.889856,155.242502
502,32,2063,-1,-1,-1,-1,-1,-1,0,155.986938,0.892928,156.879866
503,32,2064,-1,-1,-1,-1,-1,-1,0,155.998215,0.886784,156.884999
504,32,32,-1,-1,-1,-1,-1,21.28384,1,21.325825,0.87552,22.201345
505,32,6127,-1,-1,-1,-1,-1,-1,0,398.834686,0.888832,399.723518
506,32,2064,-1,-1,-1,-1,-1,-1,0,157.922302,0.883712,158.806014
507,32,4095,-1,-1,-1,-1,-1,-1,0,274.15451,0.886784,275.041295
508,32,32,-1,-1,-1,-1,-1,21.328896,1,21.394432,0.879616,22.274048
509,32,32,-1,-1,-1,-1,-1,21.134336,1,21.178368,0.878592,22.05696
510,32,2064,-1,-1,-1,-1,-1,-1,0,155.014145,0.891904,155.906049
511,32,2064,-1,-1,-1,-1,-1,-1,0,155.9767,0.878592,156.855292
512,32,2064,-1,-1,-1,-1,-1,-1,0,155.831299,0.877568,156.708867
513,32,32,-1,-1,-1,-1,-1,21.277697,1,21.343231,0.869376,22.212607
514,32,2064,-1,-1,-1,-1,-1,-1,0,155.019257,0.881664,155.900921
515,32,32,-1,-1,-1,-1,-1,21.301249,1,21.367807,0.88064,22.248447
516,32,32,-1,-1,-1,-1,-1,21.100544,1,21.16608,0.873472,22.039552
517,32,2063,-1,-1,-1,-1,-1,-1,0,154.907654,0.886784,155.794438
518,32,32,-1,-1,-1,-1,-1,21.294081,1,21.359615,0.879616,22.239231
519,32,2064,-1,-1,-1,-1,-1,-1,0,154.789886,0.888832,155.678718
520,32,2064,-1,-1,-1,-1,-1,-1,0,156.081146,0.886784,156.96793
521,32,32,-1,-1,-1,-1,-1,21.216255,1,21.274624,0.876544,22.151168
522,32,2064,-1,-1,-1,-1,-1,-1,0,154.489853,0.888832,155.378685
523,32,32,-1,-1,-1,-1,-1,21.221376,1,21.28896,0.871424,22.160384
524,32,2064,-1,-1,-1,-1,-1,-1,0,154.586105,0.889856,155.475961
525,32,32,-1,-1,-1,-1,-1,21.280767,1,21.323776,0.876544,22.20032
526,32,2064,-1,-1,-1,-1,-1,-1,0,154.583038,0.886784,155.469822
527,32,32,-1,-1,-1,-1,-1,21.274624,1,21.342209,0.883712,22.225921
528,32,32,-1,-1,-1,-1,-1,21.058559,1,21.124096,0.874496,21.998592
529,32,32,-1,-1,-1,-1,-1,20.995071,1,21.059584,0.882688,21.942272
530,32,32,-1,-1,-1,-1,-1,20.912128,1,20.977665,0.877568,21.855233
531,32,2064,-1,-1,-1,-1,-1,-1,0,155.410431,0.87552,156.285951
532,32,32,-1,-1,-1,-1,-1,21.293056,1,21.335039,0.88064,22.215679
533,32,32,-1,-1,-1,-1,-1,21.065727,1,21.131264,0.876544,22.007808
534,32,32,-1,-1,-1,-1,-1,20.978687,1,21.044224,0.876544,21.920768
535,32,32,-1,-1,-1,-1,-1,20.930559,1,20.996096,0.88064,21.876736
536,32,32,-1,-1,-1,-1,-1,20.933632,1,20.99712,0.874496,21.871616
537,32,32,-1,-1,-1,-1,-1,20.95616,1,21.020672,0.88576,21.906432
538,32,32,-1,-1,-1,-1,-1,20.898815,1,20.95616,0.874496,21.830656
539,32,32,-1,-1,-1,-1,-1,20.861952,1,20.92544,0.884736,21.810176
540,32,32,-1,-1,-1,-1,-1,20.876287,1,20.946943,0.876544,21.823487
541,32,32,-1,-1,-1,-1,-1,20.872192,1,20.916224,0.872448,21.788672
542,32,32,-1,-1,-1,-1,-1,20.854784,1,20.921345,0.873472,21.794817
543,32,32,-1,-1,-1,-1,-1,20.908031,1,20.973568,0.871424,21.844992
544,32,2064,-1,-1,-1,-1,-1,-1,0,154.031097,0.883712,154.914809
545,32,32,-1,-1,-1,-1,-1,21.269505,1,21.335039,0.879616,22.214655
546,32,32,-1,-1,-1,-1,-1,21.103617,1,21.172224,0.873472,22.045696
547,32,32,-1,-1,-1,-1,-1,21.023745,1,21.089279,0.873472,21.962751
548,32,2064,-1,-1,-1,-1,-1,-1,0,154.25946,0.886784,155.146244
549,32,32,-1,-1,-1,-1,-1,21.270529,1,21.336063,0.876544,22.212607
550,32,2064,-1,-1,-1,-1,-1,-1,0,154.986496,0.889856,155.876352
551,32,32,-1,-1,-1,-1,-1,21.25312,1,21.320704,0.88064,22.201343
552,32,2064,-1,-1,-1,-1,-1,-1,0,154.312698,0.88064,155.193338
553,32,32,-1,-1,-1,-1,-1,21.25824,1,21.323776,0.872448,22.196224
554,32,32,-1,-1,-1,-1,-1,21.032961,1,21.106688,0.876544,21.983232
555,32,32,-1,-1,-1,-1,-1,20.969473,1,21.035007,0.878592,21.913599
556,32,32,-1,-1,-1,-1,-1,20.934656,1,20.999168,0.879616,21.878784
557,32,32,-1,-1,-1,-1,-1,20.934656,1,20.977665,0.879616,21.857281
558,32,32,-1,-1,-1,-1,-1,20.967424,1,21.032961,0.884736,21.917697
559,32,32,-1,-1,-1,-1,-1,20.909056,1,20.978687,0.883712,21.862399
560,32,32,-1,-1,-1,-1,-1,20.868095,1,20.932608,0.873472,21.80608
561,32,32,-1,-1,-1,-1,-1,20.886528,1,20.952065,0.871424,21.823489
562,32,32,-1,-1,-1,-1,-1,20.877312,1,20.941824,0.87552,21.817344
563,32,32,-1,-1,-1,-1,-1,20.883455,1,20.938751,0.874496,21.813247
564,32,32,-1,-1,-1,-1,-1,20.904961,1,20.961281,0.87552,21.836801
565,32,32,-1,-1,-1,-1,-1,20.885504,1,20.950016,0.869376,21.819392
566,32,32,-1,-1,-1,-1,-1,20.903936,1,20.968449,0.871424,21.839873
567,32,32,-1,-1,-1,-1,-1,20.89472,1,20.960257,0.877568,21.837825
568,32,32,-1,-1,-1,-1,-1,20.913153,1,20.970495,0.868352,21.838847
569,32,32,-1,-1,-1,-1,-1,20.916224,1,20.973568,0.879616,21.853184
570,32,32,-1,-1,-1,-1,-1,20.886528,1,20.943872,0.878592,21.822464
571,32,32,-1,-1,-1,-1,-1,20.915199,1,20.98176,0.874496,21.856256
572,32,32,-1,-1,-1,-1,-1,20.89472,1,20.960257,0.868352,21.828609
573,32,32,-1,-1,-1,-1,-1,20.915199,1,20.958208,0.878592,21.8368
574,32,32,-1,-1,-1,-1,-1,20.909056,1,20.9664,0.868352,21.834752
575,32,32,-1,-1,-1,-1,-1,20.932608,1,20.99712,0.872448,21.869568
576,32,32,-1,-1,-1,-1,-1,20.9408,1,21.006336,0.866304,21.87264
577,32,32,-1,-1,-1,-1,-1,20.930559,1,20.993025,0.867328,21.860353
578,32,32,-1,-1,-1,-1,-1,20.912128,1,20.968449,0.8704,21.838849
579,32,32,-1,-1,-1,-1,-1,20.923391,1,20.986879,0.8704,21.857279
580,32,32,-1,-1,-1,-1,-1,20.938751,1,21.002239,0.882688,21.884927
581,32,32,-1,-1,-1,-1,-1,20.945921,1,21.009409,0.874496,21.883905
582,32,32,-1,-1,-1,-1,-1,20.922367,1,20.987904,0.872448,21.860352
583,32,32,-1,-1,-1,-1,-1,20.954111,1,21.019648,0.877568,21.897216
584,32,32,-1,-1,-1,-1,-1,20.93568,1,21.000193,0.868352,21.868545
585,32,32,-1,-1,-1,-1,-1,20.932608,1,20.988928,0.869376,21.858304
586,32,32,-1,-1,-1,-1,-1,20.934656,1,20.999168,0.866304,21.865472
587,32,32,-1,-1,-1,-1,-1,20.941824,1,21.006336,0.8704,21.876736
588,32,32,-1,-1,-1,-1,-1,20.945921,1,21.011456,0.876544,21.888
589,32,32,-1,-1,-1,-1,-1,20.948992,1,20.990976,0.869376,21.860352
590,32,32,-1,-1,-1,-1,-1,20.970495,1,21.033983,0.872448,21.906431
591,32,32,-1,-1,-1,-1,-1,20.969473,1,21.035007,0.867328,21.902335
592,32,32,-1,-1,-1,-1,-1,20.95616,1,21.02272,0.877568,21.900288
593,32,32,-1,-1,-1,-1,-1,20.945921,1,21.008385,0.874496,21.882881
594,32,32,-1,-1,-1,-1,-1,20.979712,1,21.0432,0.872448,21.915648
595,32,32,-1,-1,-1,-1,-1,20.965376,1,21.030912,0.873472,21.904384
596,32,32,-1,-1,-1,-1,-1,20.959232,1,21.02272,0.874496,21.897216
597,32,32,-1,-1,-1,-1,-1,20.973568,1,21.029888,0.874496,21.904384
598,32,32,-1,-1,-1,-1,-1,20.967424,1,21.030912,0.877568,21.90848
599,32,32,-1,-1,-1,-1,-1,20.964352,1,21.020672,0.869376,21.890048
600,32,2064,-1,-1,-1,-1,-1,-1,0,154.188797,0.887808,155.076605
601,32,32,-1,-1,-1,-1,-1,21.381121,1,21.439487,0.891904,22.331391
602,32,32,-1,-1,-1,-1,-1,21.16608,1,21.231615,0.871424,22.103039
603,32,32,-1,-1,-1,-1,-1,21.104639,1,21.170176,0.873472,22.043648
604,32,32,-1,-1,-1,-1,-1,21.02272,1,21.087233,0.872448,21.959681
605,32,32,-1,-1,-1,-1,-1,21.066751,1,21.110785,0.872448,21.983233
606,32,32,-1,-1,-1,-1,-1,21.089279,1,21.15584,0.876544,22.032384
607,32,32,-1,-1,-1,-1,-1,21.059584,1,21.12512,0.869376,21.994496
608,32,32,-1,-1,-1,-1,-1,21.00736,1,21.071873,0.866304,21.938177
609,32,32,-1,-1,-1,-1,-1,21.010431,1,21.075968,0.867328,21.943296
610,32,2064,-1,-1,-1,-1,-1,-1,0,154.669052,0.883712,155.552764
611,32,32,-1,-1,-1,-1,-1,21.356544,1,21.421057,0.877568,22.298625
612,32,2064,-1,-1,-1,-1,-1,-1,0,154.933243,0.883712,155.816955
613,32,32,-1,-1,-1,-1,-1,21.327871,1,21.391359,0.874496,22.265855
614,32,32,-1,-1,-1,-1,-1,21.169151,1,21.234688,0.8704,22.105088
615,32,32,-1,-1,-1,-1,-1,21.100544,1,21.16608,0.8704,22.03648
616,32,4095,-1,-1,-1,-1,-1,-1,0,272.053253,0.892928,272.946181
617,32,2064,-1,-1,-1,-1,-1,-1,0,156.648453,0.88576,157.534213
618,32,32,-1,-1,-1,-1,-1,21.371904,1,21.439487,0.882688,22.322175
619,32,2063,-1,-1,-1,-1,-1,-1,0,154.672134,0.88064,155.552774
620,32,32,-1,-1,-1,-1,-1,21.330944,1,21.396481,0.877568,22.274049
621,32,32,-1,-1,-1,-1,-1,21.180416,1,21.225471,0.873472,22.098943
622,32,2064,-1,-1,-1,-1,-1,-1,0,154.612732,0.877568,155.4903
623,32,32,-1,-1,-1,-1,-1,21.336063,1,21.399551,0.894976,22.294527
624,32,2064,-1,-1,-1,-1,-1,-1,0,155.483139,0.878592,156.361731
625,32,2064,-1,-1,-1,-1,-1,-1,0,156.129272,0.893952,157.023224
626,32,2064,-1,-1,-1,-1,-1,-1,0,155.874298,0.888832,156.76313
627,32,4096,-1,-1,-1,-1,-1,-1,0,273.338379,0.899072,274.237451
628,32,2064,-1,-1,-1,-1,-1,-1,0,157.703171,0.887808,158.590979
629,32,8160,-1,-1,-1,-1,-1,-1,0,522.738708,0.884736,523.623444
630,32,32,-1,-1,-1,-1,-1,21.347328,1,21.413889,0.878592,22.292481
631,32,32,-1,-1,-1,-1,-1,21.12512,1,21.183489,0.882688,22.066177
632,32,32,-1,-1,-1,-1,-1,21.018623,1,21.086208,0.873472,21.95968
633,32,2063,-1,-1,-1,-1,-1,-1,0,154.792953,0.89088,155.683833
634,32,32,-1,-1,-1,-1,-1,21.265408,1,21.3248,0.884736,22.209536
635,32,2064,-1,-1,-1,-1,-1,-1,0,154.519547,0.881664,155.40121
636,32,2064,-1,-1,-1,-1,-1,-1,0,156.049408,0.884736,156.934144
637,32,32,-1,-1,-1,-1,-1,21.310465,1,21.356544,0.879616,22.236161
638,32,2064,-1,-1,-1,-1,-1,-1,0,154.643463,0.886784,155.530247
639,32,2063,-1,-1,-1,-1,-1,-1,0,155.980804,0.887808,156.868612
640,32,32,-1,-1,-1,-1,-1,21.233664,1,21.301249,0.886784,22.188033
641,32,32,-1,-1,-1,-1,-1,21.081087,1,21.147648,0.876544,22.024192
642,32,32,-1,-1,-1,-1,-1,20.969473,1,21.02784,0.874496,21.902336
643,32,32,-1,-1,-1,-1,-1,20.947968,1,21.015553,0.87552,21.891073
644,32,4096,-1,-1,-1,-1,-1,-1,0,271.929352,0.900096,272.829448
645,32,32,-1,-1,-1,-1,-1,21.259264,1,21.318657,0.881664,22.200321
646,32,32,-1,-1,-1,-1,-1,21.058559,1,21.124096,0.874496,21.998592
647,32,2064,-1,-1,-1,-1,-1,-1,0,154.681351,0.896,155.577351
648,32,32,-1,-1,-1,-1,-1,21.257215,1,21.323776,0.881664,22.20544
649,32,32,-1,-1,-1,-1,-1,21.042175,1,21.108736,0.874496,21.983232
650,32,32,-1,-1,-1,-1,-1,20.975616,1,21.035007,0.8704,21.905407
651,32,32,-1,-1,-1,-1,-1,20.958208,1,21.02272,0.88064,21.90336
652,32,32,-1,-1,-1,-1,-1,20.936705,1,21.003263,0.871424,21.874687
653,32,32,-1,-1,-1,-1,-1,20.931583,1,20.975616,0.878592,21.854208
654,32,32,-1,-1,-1,-1,-1,20.901888,1,20.960257,0.874496,21.834753
655,32,32,-1,-1,-1,-1,-1,20.888577,1,20.932608,0.873472,21.80608
656,32,32,-1,-1,-1,-1,-1,20.873217,1,20.931583,0.876544,21.808127
657,32,32,-1,-1,-1,-1,-1,20.870144,1,20.934656,0.873472,21.808128
658,32,2064,-1,-1,-1,-1,-1,-1,0,154.333191,0.888832,155.222023
659,32,32,-1,-1,-1,-1,-1,21.300224,1,21.358591,0.882688,22.241279
660,32,32,-1,-1,-1,-1,-1,21.075968,1,21.145599,0.876544,22.022143
661,32,32,-1,-1,-1,-1,-1,21.002239,1,21.070848,0.877568,21.948416
662,32,2064,-1,-1,-1,-1,-1,-1,0,154.993668,0.886784,155.880452
663,32,32,-1,-1,-1,-1,-1,21.300224,1,21.367807,0.883712,22.251519
664,32,32,-1,-1,-1,-1,-1,21.105663,1,21.176319,0.888832,22.065151
665,32,32,-1,-1,-1,-1,-1,21.013504,1,21.081087,0.876544,21.957631
666,32,2063,-1,-1,-1,-1,-1,-1,0,154.017792,0.884736,154.902528
667,32,32,-1,-1,-1,-1,-1,21.306368,1,21.372929,0.883712,22.256641
668,32,32,-1,-1,-1,-1,-1,21.124096,1,21.190657,0.878592,22.069249
669,32,32,-1,-1,-1,-1,-1,21.020672,1,21.065727,0.877568,21.943295
670,32,32,-1,-1,-1,-1,-1,20.941824,1,21.00736,0.881664,21.889024
671,32,32,-1,-1,-1,-1,-1,20.9408,1,20.984833,0.87552,21.860353
672,32,32,-1,-1,-1,-1,-1,20.98176,1,21.046272,0.881664,21.927936
673,32,32,-1,-1,-1,-1,-1,20.945921,1,21.01248,0.888832,21.901312
674,32,32,-1,-1,-1,-1,-1,20.890623,1,20.958208,0.8704,21.828608
675,32,32,-1,-1,-1,-1,-1,20.923391,1,20.986879,0.869376,21.856255
676,32,2064,-1,-1,-1,-1,-1,-1,0,154.150909,0.889856,155.040765
677,32,32,-1,-1,-1,-1,-1,21.267456,1,21.332993,0.874496,22.207489
678,32,32,-1,-1,-1,-1,-1,21.037056,1,21.104639,0.873472,21.978111
679,32,2064,-1,-1,-1,-1,-1,-1,0,154.482681,0.891904,155.374585
680,32,2064,-1,-1,-1,-1,-1,-1,0,156.082169,0.884736,156.966905
681,32,32,-1,-1,-1,-1,-1,21.307392,1,21.367807,0.892928,22.260735
682,32,32,-1,-1,-1,-1,-1,21.050367,1,21.120001,0.88064,22.000641
683,32,32,-1,-1,-1,-1,-1,21.017599,1,21.076992,0.871424,21.948416
684,32,32,-1,-1,-1,-1,-1,20.965376,1,21.032961,0.873472,21.906433
685,32,32,-1,-1,-1,-1,-1,20.948992,1,20.990976,0.87552,21.866496
686,32,32,-1,-1,-1,-1,-1,20.961281,1,21.02784,0.878592,21.906432
687,32,32,-1,-1,-1,-1,-1,20.937729,1,20.982784,0.88064,21.863424
688,32,32,-1,-1,-1,-1,-1,20.897793,1,20.965376,0.871424,21.8368
689,32,32,-1,-1,-1,-1,-1,20.911104,1,20.969473,0.871424,21.840897
690,32,32,-1,-1,-1,-1,-1,20.912128,1,20.978687,0.871424,21.850111
691,32,32,-1,-1,-1,-1,-1,20.885504,1,20.943872,0.877568,21.82144
692,32,32,-1,-1,-1,-1,-1,20.91008,1,20.977665,0.872448,21.850113
693,32,32,-1,-1,-1,-1,-1,20.89472,1,20.959232,0.87552,21.834752
694,32,32,-1,-1,-1,-1,-1,20.91008,1,20.975616,0.874496,21.850112
695,32,32,-1,-1,-1,-1,-1,20.904961,1,20.971519,0.874496,21.846015
696,32,32,-1,-1,-1,-1,-1,20.914177,1,20.98176,0.877568,21.859328
697,32,32,-1,-1,-1,-1,-1,20.917248,1,20.983809,0.87552,21.859329
698,32,32,-1,-1,-1,-1,-1,20.938751,1,20.996096,0.871424,21.86752
699,32,32,-1,-1,-1,-1,-1,20.930559,1,20.998144,0.87552,21.873664
700,32,32,-1,-1,-1,-1,-1,20.929537,1,20.996096,0.873472,21.869568
701,32,32,-1,-1,-1,-1,-1,20.934656,1,20.978687,0.872448,21.851135
702,32,32,-1,-1,-1,-1,-1,20.937729,1,21.003263,0.878592,21.881855
703,32,32,-1,-1,-1,-1,-1,20.934656,1,20.978687,0.8704,21.849087
704,32,32,-1,-1,-1,-1,-1,20.923391,1,20.989952,0.877568,21.86752
705,32,32,-1,-1,-1,-1,-1,20.907007,1,20.963327,0.87552,21.838847
706,32,32,-1,-1,-1,-1,-1,20.953089,1,21.019648,0.874496,21.894144
707,32,32,-1,-1,-1,-1,-1,20.938751,1,21.005312,0.873472,21.878784
708,32,32,-1,-1,-1,-1,-1,20.937729,1,21.004288,0.876544,21.880832
709,32,32,-1,-1,-1,-1,-1,20.958208,1,21.02272,0.8704,21.89312
710,32,32,-1,-1,-1,-1,-1,20.963327,1,21.020672,0.871424,21.892096
711,32,32,-1,-1,-1,-1,-1,20.969473,1,21.02784,0.868352,21.896192
712,32,32,-1,-1,-1,-1,-1,20.957184,1,21.02272,0.869376,21.892096
713,32,32,-1,-1,-1,-1,-1,20.950016,1,21.014528,0.871424,21.885952
714,32,32,-1,-1,-1,-1,-1,20.975616,1,21.041151,0.873472,21.914623
715,32,32,-1,-1,-1,-1,-1,20.977665,1,21.041151,0.868352,21.909503
716,32,32,-1,-1,-1,-1,-1,20.977665,1,21.0432,0.867328,21.910528
717,32,32,-1,-1,-1,-1,-1,20.973568,1,21.016577,0.87552,21.892097
718,32,32,-1,-1,-1,-1,-1,20.989952,1,21.055489,0.867328,21.922817
719,32,32,-1,-1,-1,-1,-1,20.98176,1,21.023745,0.872448,21.896193
720,32,32,-1,-1,-1,-1,-1,20.963327,1,21.020672,0.876544,21.897216
721,32,32,-1,-1,-1,-1,-1,20.969473,1,21.032961,0.88064,21.913601
722,32,32,-1,-1,-1,-1,-1,20.985855,1,21.042175,0.868352,21.910527
723,32,32,-1,-1,-1,-1,-1,20.974592,1,21.040129,0.8704,21.910529
724,32,32,-1,-1,-1,-1,-1,21.00736,1,21.071873,0.868352,21.940225
725,32,32,-1,-1,-1,-1,-1,20.996096,1,21.060608,0.867328,21.927936
726,32,32,-1,-1,-1,-1,-1,21.01248,1,21.075968,0.869376,21.945344
727,32,32,-1,-1,-1,-1,-1,20.977665,1,21.042175,0.869376,21.911551
728,32,32,-1,-1,-1,-1,-1,20.998144,1,21.062656,0.866304,21.92896
729,32,32,-1,-1,-1,-1,-1,21.013504,1,21.071873,0.869376,21.941249
730,32,32,-1,-1,-1,-1,-1,21.001217,1,21.064705,0.871424,21.936129
731,32,32,-1,-1,-1,-1,-1,21.014528,1,21.078016,0.867328,21.945344
732,32,32,-1,-1,-1,-1,-1,20.99712,1,21.060608,0.8704,21.931008
733,32,32,-1,-1,-1,-1,-1,21.004288,1,21.047297,0.869376,21.916673
734,32,2064,-1,-1,-1,-1,-1,-1,0,154.076157,0.881664,154.957821
735,32,32,-1,-1,-1,-1,-1,21.371904,1,21.415936,0.878592,22.294528
736,32,32,-1,-1,-1,-1,-1,21.193727,1,21.261312,0.871424,22.132737
737,32,2063,-1,-1,-1,-1,-1,-1,0,154.411011,0.884736,155.295747
738,32,2063,-1,-1,-1,-1,-1,-1,0,156.253189,0.887808,157.140997
739,32,2064,-1,-1,-1,-1,-1,-1,0,156.429306,0.876544,157.30585
740,32,2064,-1,-1,-1,-1,-1,-1,0,156.293121,0.884736,157.177857
741,32,4096,-1,-1,-1,-1,-1,-1,0,274.371582,0.898048,275.26963
742,32,32,-1,-1,-1,-1,-1,21.579777,1,21.645311,0.881664,22.526975
743,32,2064,-1,-1,-1,-1,-1,-1,0,155.473923,0.892928,156.366851
744,32,32,-1,-1,-1,-1,-1,21.366783,1,21.433344,0.873472,22.306816
745,32,32,-1,-1,-1,-1,-1,21.143553,1,21.207041,0.884736,22.091777
746,32,2064,-1,-1,-1,-1,-1,-1,0,154.671097,0.888832,155.559929
747,32,4096,-1,-1,-1,-1,-1,-1,0,272.584717,0.88576,273.470477
748,32,32,-1,-1,-1,-1,-1,21.359615,1,21.41696,0.87552,22.29248
749,32,32,-1,-1,-1,-1,-1,21.21216,1,21.256191,0.872448,22.128639
750,32,4095,-1,-1,-1,-1,-1,-1,0,271.527924,0.89088,272.418804
751,32,4096,-1,-1,-1,-1,-1,-1,0,273.922058,0.891904,274.813962
752,32,2064,-1,-1,-1,-1,-1,-1,0,156.261383,0.883712,157.145095
753,32,32,-1,-1,-1,-1,-1,21.285889,1,21.328896,0.877568,22.206464
754,32,32,-1,-1,-1,-1,-1,21.139456,1,21.207041,0.874496,22.081537
755,32,32,-1,-1,-1,-1,-1,21.060608,1,21.126144,0.873472,21.999616
756,32,2064,-1,-1,-1,-1,-1,-1,0,154.218491,0.891904,155.110395
757,32,4096,-1,-1,-1,-1,-1,-1,0,272.962555,0.896,273.858555
758,32,32,-1,-1,-1,-1,-1,21.341185,1,21.406719,0.87552,22.282239
759,32,32,-1,-1,-1,-1,-1,21.112831,1,21.178368,0.87552,22.053888
760,32,32,-1,-1,-1,-1,-1,20.995071,1,21.058559,0.876544,21.935103
761,32,32,-1,-1,-1,-1,-1,20.953089,1,20.995071,0.874496,21.869567
762,32,32,-1,-1,-1,-1,-1,20.994047,1,21.051392,0.872448,21.92384
763,32,2064,-1,-1,-1,-1,-1,-1,0,155.411453,0.884736,156.296189
764,32,4096,-1,-1,-1,-1,-1,-1,0,272.467957,0.894976,273.362933
765,32,32,-1,-1,-1,-1,-1,21.390335,1,21.435392,0.886784,22.322176
766,32,32,-1,-1,-1,-1,-1,21.137407,1,21.195776,0.873472,22.069248
767,32,32,-1,-1,-1,-1,-1,21.001217,1,21.066751,0.874496,21.941247
768,32,2064,-1,-1,-1,-1,-1,-1,0,155.0336,0.886784,155.920384
769,32,2064,-1,-1,-1,-1,-1,-1,0,155.904007,0.884736,156.788743
770,32,32,-1,-1,-1,-1,-1,21.315584,1,21.380096,0.877568,22.257664
771,32,32,-1,-1,-1,-1,-1,21.111809,1,21.179392,0.879616,22.059008
772,32,32,-1,-1,-1,-1,-1,21.015553,1,21.083136,0.869376,21.952512
773,32,32,-1,-1,-1,-1,-1,20.953089,1,21.018623,0.867328,21.885951
774,32,32,-1,-1,-1,-1,-1,20.967424,1,21.030912,0.867328,21.89824
775,32,2064,-1,-1,-1,-1,-1,-1,0,154.232834,0.877568,155.110402
776,32,32,-1,-1,-1,-1,-1,21.308416,1,21.373953,0.873472,22.247425
777,32,32,-1,-1,-1,-1,-1,21.067776,1,21.10976,0.868352,21.978112
778,32,4095,-1,-1,-1,-1,-1,-1,0,271.262726,0.886784,272.14951
779,32,32,-1,-1,-1,-1,-1,21.352448,1,21.419008,0.88064,22.299648
780,32,2064,-1,-1,-1,-1,-1,-1,0,154.824707,0.893952,155.718659
781,32,32,-1,-1,-1,-1,-1,21.214209,1,21.25824,0.881664,22.139904
782,32,32,-1,-1,-1,-1,-1,21.069824,1,21.136383,0.874496,22.010879
783,32,32,-1,-1,-1,-1,-1,20.955135,1,21.019648,0.876544,21.896192
784,32,32,-1,-1,-1,-1,-1,20.945921,1,21.002239,0.867328,21.869567
785,32,32,-1,-1,-1,-1,-1,20.936705,1,20.999168,0.876544,21.875712
786,32,32,-1,-1,-1,-1,-1,20.933632,1,20.99712,0.872448,21.869568
787,32,32,-1,-1,-1,-1,-1,20.877312,1,20.941824,0.8704,21.812224
788,32,32,-1,-1,-1,-1,-1,20.860928,1,20.92544,0.8704,21.79584
789,32,32,-1,-1,-1,-1,-1,20.865025,1,20.930559,0.869376,21.799935
790,32,32,-1,-1,-1,-1,-1,20.874241,1,20.916224,0.871424,21.787648
791,32,32,-1,-1,-1,-1,-1,20.888577,1,20.953089,0.872448,21.825537
792,32,32,-1,-1,-1,-1,-1,20.907007,1,20.961281,0.867328,21.828609
793,32,32,-1,-1,-1,-1,-1,20.907007,1,20.948992,0.8704,21.819392
794,32,32,-1,-1,-1,-1,-1,20.902912,1,20.960257,0.876544,21.836801
795,32,32,-1,-1,-1,-1,-1,20.89472,1,20.958208,0.868352,21.82656
796,32,32,-1,-1,-1,-1,-1,20.897793,1,20.963327,0.878592,21.841919
797,32,32,-1,-1,-1,-1,-1,20.905985,1,20.948992,0.872448,21.82144
798,32,32,-1,-1,-1,-1,-1,20.908031,1,20.972544,0.869376,21.84192
799,32,32,-1,-1,-1,-1,-1,20.913153,1,20.969473,0.872448,21.841921
800,32,32,-1,-1,-1,-1,-1,20.903936,1,20.968449,0.872448,21.840897
801,32,32,-1,-1,-1,-1,-1,20.903936,1,20.967424,0.872448,21.839872
802,32,32,-1,-1,-1,-1,-1,20.889601,1,20.955135,0.873472,21.828607
803,32,32,-1,-1,-1,-1,-1,20.902912,1,20.967424,0.873472,21.840896
804,32,32,-1,-1,-1,-1,-1,20.901888,1,20.965376,0.867328,21.832704
805,32,2064,-1,-1,-1,-1,-1,-1,0,154.985474,0.877568,155.863042
806,32,4096,-1,-1,-1,-1,-1,-1,0,272.413696,0.888832,273.302528
807,32,2064,-1,-1,-1,-1,-1,-1,0,156.685318,0.88576,157.571078
808,32,32,-1,-1,-1,-1,-1,21.218304,1,21.260288,0.881664,22.141952
809,32,32,-1,-1,-1,-1,-1,21.046272,1,21.090303,0.873472,21.963775
810,32,32,-1,-1,-1,-1,-1,20.994047,1,21.060608,0.871424,21.932032
811,32,32,-1,-1,-1,-1,-1,20.934656,1,20.999168,0.871424,21.870592
812,32,32,-1,-1,-1,-1,-1,20.957184,1,21.02272,0.8704,21.89312
813,32,32,-1,-1,-1,-1,-1,20.970495,1,21.01248,0.87552,21.888
814,32,32,-1,-1,-1,-1,-1,20.882433,1,20.945921,0.872448,21.818369
815,32,32,-1,-1,-1,-1,-1,20.899839,1,20.963327,0.871424,21.834751
816,32,32,-1,-1,-1,-1,-1,20.895744,1,20.961281,0.876544,21.837825
817,32,32,-1,-1,-1,-1,-1,20.897793,1,20.961281,0.8704,21.831681
818,32,32,-1,-1,-1,-1,-1,20.916224,1,20.980736,0.871424,21.85216
819,32,32,-1,-1,-1,-1,-1,20.92544,1,20.989952,0.869376,21.859328
820,32,32,-1,-1,-1,-1,-1,20.919296,1,20.984833,0.869376,21.854209
821,32,32,-1,-1,-1,-1,-1,20.924416,1,20.987904,0.867328,21.855232
822,32,32,-1,-1,-1,-1,-1,20.9408,1,21.006336,0.868352,21.874688
823,32,32,-1,-1,-1,-1,-1,20.92544,1,20.989952,0.8704,21.860352
824,32,32,-1,-1,-1,-1,-1,20.929537,1,20.973568,0.867328,21.840896
825,32,32,-1,-1,-1,-1,-1,20.916224,1,20.958208,0.873472,21.83168
826,32,32,-1,-1,-1,-1,-1,20.926464,1,20.992001,0.86528,21.857281
827,32,32,-1,-1,-1,-1,-1,20.9408,1,21.005312,0.873472,21.878784
828,32,32,-1,-1,-1,-1,-1,20.9408,1,20.998144,0.868352,21.866496
829,32,32,-1,-1,-1,-1,-1,20.957184,1,20.999168,0.8704,21.869568
830,32,32,-1,-1,-1,-1,-1,20.95104,1,21.015553,0.8704,21.885953
831,32,32,-1,-1,-1,-1,-1,20.963327,1,21.026815,0.8704,21.897215
832,32,32,-1,-1,-1,-1,-1,20.9664,1,21.030912,0.873472,21.904384
833,32,32,-1,-1,-1,-1,-1,20.964352,1,21.028864,0.8704,21.899264
834,32,32,-1,-1,-1,-1,-1,20.939775,1,21.004288,0.867328,21.871616
835,32,32,-1,-1,-1,-1,-1,20.95104,1,21.016577,0.866304,21.882881
836,32,32,-1,-1,-1,-1,-1,20.933632,1,20.99712,0.869376,21.866496
837,32,32,-1,-1,-1,-1,-1,20.963327,1,21.02784,0.871424,21.899264
838,32,32,-1,-1,-1,-1,-1,20.973568,1,21.03808,0.867328,21.905408
839,32,32,-1,-1,-1,-1,-1,20.9664,1,21.030912,0.86528,21.896192
840,32,32,-1,-1,-1,-1,-1,20.986879,1,21.028864,0.866304,21.895168
841,32,32,-1,-1,-1,-1,-1,20.993025,1,21.036032,0.869376,21.905408
842,32,32,-1,-1,-1,-1,-1,20.990976,1,21.057535,0.868352,21.925887
843,32,32,-1,-1,-1,-1,-1,20.993025,1,21.058559,0.874496,21.933055
844,32,32,-1,-1,-1,-1,-1,20.976641,1,21.0432,0.86528,21.90848
845,32,32,-1,-1,-1,-1,-1,20.978687,1,21.021696,0.869376,21.891072
846,32,32,-1,-1,-1,-1,-1,20.976641,1,21.041151,0.87552,21.916671
847,32,32,-1,-1,-1,-1,-1,20.982784,1,21.040129,0.869376,21.909505
848,32,32,-1,-1,-1,-1,-1,21.002239,1,21.067776,0.86528,21.933056
849,32,32,-1,-1,-1,-1,-1,20.983809,1,21.046272,0.871424,21.917696
850,32,32,-1,-1,-1,-1,-1,20.988928,1,21.052416,0.86528,21.917696
851,32,32,-1,-1,-1,-1,-1,21.009409,1,21.073919,0.866304,21.940223
852,32,32,-1,-1,-1,-1,-1,21.016577,1,21.082111,0.867328,21.949439
853,32,32,-1,-1,-1,-1,-1,21.033983,1,21.09952,0.8704,21.96992
854,32,2063,-1,-1,-1,-1,-1,-1,0,154.355713,0.889856,155.245569
855,32,32,-1,-1,-1,-1,-1,21.374975,1,21.44256,0.876544,22.319104
856,32,2064,-1,-1,-1,-1,-1,-1,0,154.937347,0.894976,155.832323
857,32,2064,-1,-1,-1,-1,-1,-1,0,155.953156,0.878592,156.831748
858,32,32,-1,-1,-1,-1,-1,21.41696,1,21.480448,0.886784,22.367232
859,32,32,-1,-1,-1,-1,-1,21.210112,1,21.276672,0.873472,22.150144
860,32,32,-1,-1,-1,-1,-1,21.14048,1,21.199871,0.871424,22.071295
861,32,32,-1,-1,-1,-1,-1,21.085184,1,21.128193,0.8704,21.998593
862,32,32,-1,-1,-1,-1,-1,21.071873,1,21.128193,0.871424,21.999617
863,32,32,-1,-1,-1,-1,-1,21.088257,1,21.151745,0.871424,22.023169
864,32,2064,-1,-1,-1,-1,-1,-1,0,154.784775,0.89088,155.675655
865,32,2064,-1,-1,-1,-1,-1,-1,0,156.334076,0.888832,157.222908
866,32,32,-1,-1,-1,-1,-1,21.436417,1,21.479424,0.878592,22.358016
867,32,6126,-1,-1,-1,-1,-1,-1,0,400.244751,0.894976,401.139727
868,32,32,-1,-1,-1,-1,-1,21.463039,1,21.5296,0.879616,22.409216
869,32,2064,-1,-1,-1,-1,-1,-1,0,155.351044,0.878592,156.229636
870,32,32,-1,-1,-1,-1,-1,21.380096,1,21.446655,0.87552,22.322175
871,32,2064,-1,-1,-1,-1,-1,-1,0,155.93779,0.886784,156.824574
872,32,2063,-1,-1,-1,-1,-1,-1,0,156.271622,0.886784,157.158406
873,32,32,-1,-1,-1,-1,-1,21.335039,1,21.400576,0.877568,22.278144
874,32,32,-1,-1,-1,-1,-1,21.120001,1,21.177343,0.869376,22.046719
875,32,32,-1,-1,-1,-1,-1,21.067776,1,21.12512,0.871424,21.996544
876,32,4096,-1,-1,-1,-1,-1,-1,0,272.034821,0.898048,272.932869
877,32,2064,-1,-1,-1,-1,-1,-1,0,157.069305,0.884736,157.954041
878,32,32,-1,-1,-1,-1,-1,21.336063,1,21.379072,0.879616,22.258688
879,32,32,-1,-1,-1,-1,-1,21.148672,1,21.191681,0.868352,22.060033
880,32,6128,-1,-1,-1,-1,-1,-1,0,399.131653,0.902144,400.033797
881,32,32,-1,-1,-1,-1,-1,21.482496,1,21.541887,0.883712,22.425599
882,32,32,-1,-1,-1,-1,-1,21.170176,1,21.215233,0.872448,22.087681
883,32,2064,-1,-1,-1,-1,-1,-1,0,154.424316,0.878592,155.302908
884,32,32,-1,-1,-1,-1,-1,21.323776,1,21.388288,0.876544,22.264832
885,32,32,-1,-1,-1,-1,-1,21.133312,1,21.20192,0.874496,22.076416
886,32,32,-1,-1,-1,-1,-1,21.056513,1,21.123072,0.876544,21.999616
887,32,2064,-1,-1,-1,-1,-1,-1,0,154.180603,0.89088,155.071483
888,32,2064,-1,-1,-1,-1,-1,-1,0,155.804672,0.88576,156.690432
889,32,32,-1,-1,-1,-1,-1,21.254145,1,21.320704,0.883712,22.204416
890,32,2064,-1,-1,-1,-1,-1,-1,0,154.672134,0.882688,155.554822
891,32,2064,-1,-1,-1,-1,-1,-1,0,156.044281,0.883712,156.927993
892,32,32,-1,-1,-1,-1,-1,21.313536,1,21.371904,0.883712,22.255616
893,32,2064,-1,-1,-1,-1,-1,-1,0,155.024384,0.888832,155.913216
894,32,32,-1,-1,-1,-1,-1,21.380096,1,21.426176,0.888832,22.315008
895,32,32,-1,-1,-1,-1,-1,21.137407,1,21.18144,0.8704,22.05184
896,32,2064,-1,-1,-1,-1,-1,-1,0,155.023361,0.892928,155.916289
897,32,32,-1,-1,-1,-1,-1,21.359615,1,21.424128,0.88576,22.309888
898,32,32,-1,-1,-1,-1,-1,21.1712,1,21.216255,0.879616,22.095871
899,32,32,-1,-1,-1,-1,-1,21.009409,1,21.065727,0.877568,21.943295
900,32,32,-1,-1,-1,-1,-1,20.920321,1,20.977665,0.867328,21.844993
901,32,32,-1,-1,-1,-1,-1,20.931583,1,20.988928,0.873472,21.8624
902,32,2064,-1,-1,-1,-1,-1,-1,0,154.18573,0.884736,155.070466
903,32,32,-1,-1,-1,-1,-1,21.291008,1,21.357569,0.881664,22.239233
904,32,32,-1,-1,-1,-1,-1,21.091328,1,21.156864,0.874496,22.03136
905,32,2064,-1,-1,-1,-1,-1,-1,0,154.291199,0.89088,155.182079
906,32,32,-1,-1,-1,-1,-1,21.302273,1,21.367807,0.88064,22.248447
907,32,32,-1,-1,-1,-1,-1,21.141504,1,21.207041,0.873472,22.080513
908,32,32,-1,-1,-1,-1,-1,21.015553,1,21.080065,0.874496,21.954561
909,32,32,-1,-1,-1,-1,-1,20.947968,1,21.01248,0.869376,21.881856
910,32,32,-1,-1,-1,-1,-1,20.95104,1,20.999168,0.872448,21.871616
911,32,2064,-1,-1,-1,-1,-1,-1,0,153.467911,0.893952,154.361863
912,32,2064,-1,-1,-1,-1,-1,-1,0,156.198914,0.896,157.094914
913,32,32,-1,-1,-1,-1,-1,21.319679,1,21.385216,0.879616,22.264832
914,32,32,-1,-1,-1,-1,-1,21.141504,1,21.185535,0.882688,22.068223
915,32,32,-1,-1,-1,-1,-1,21.031937,1,21.098495,0.876544,21.975039
916,32,32,-1,-1,-1,-1,-1,20.973568,1,21.039104,0.868352,21.907456
917,32,2064,-1,-1,-1,-1,-1,-1,0,154.35878,0.88064,155.23942
918,32,32,-1,-1,-1,-1,-1,21.318657,1,21.38624,0.881664,22.267904
919,32,32,-1,-1,-1,-1,-1,21.132288,1,21.197824,0.874496,22.07232
920,32,32,-1,-1,-1,-1,-1,21.008385,1,21.067776,0.869376,21.937152
921,32,32,-1,-1,-1,-1,-1,20.942848,1,21.006336,0.87552,21.881856
922,32,32,-1,-1,-1,-1,-1,20.950016,1,21.013504,0.872448,21.885952
923,32,32,-1,-1,-1,-1,-1,20.941824,1,21.005312,0.866304,21.871616
924,32,32,-1,-1,-1,-1,-1,20.893696,1,20.95104,0.884736,21.835776
925,32,32,-1,-1,-1,-1,-1,20.902912,1,20.959232,0.872448,21.83168
926,32,32,-1,-1,-1,-1,-1,20.905985,1,20.948992,0.869376,21.818368
927,32,32,-1,-1,-1,-1,-1,20.897793,1,20.962303,0.869376,21.831679
928,32,2064,-1,-1,-1,-1,-1,-1,0,154.131454,0.879616,155.01107
929,32,2064,-1,-1,-1,-1,-1,-1,0,155.674622,0.882688,156.55731
930,32,32,-1,-1,-1,-1,-1,21.325825,1,21.369856,0.879616,22.249472
931,32,32,-1,-1,-1,-1,-1,21.107712,1,21.175297,0.88064,22.055937
932,32,32,-1,-1,-1,-1,-1,21.037056,1,21.095425,0.889856,21.985281
933,32,32,-1,-1,-1,-1,-1,20.950016,1,21.029888,0.873472,21.90336
934,32,32,-1,-1,-1,-1,-1,20.958208,1,21.023745,0.866304,21.890049
935,32,2064,-1,-1,-1,-1,-1,-1,0,153.904129,0.892928,154.797057
936,32,32,-1,-1,-1,-1,-1,21.348352,1,21.405697,0.88064,22.286337
937,32,32,-1,-1,-1,-1,-1,21.108736,1,21.175297,0.873472,22.048769
938,32,32,-1,-1,-1,-1,-1,21.037056,1,21.102592,0.876544,21.979136
939,32,32,-1,-1,-1,-1,-1,20.985855,1,21.050367,0.872448,21.922815
940,32,32,-1,-1,-1,-1,-1,20.980736,1,21.046272,0.87552,21.921792
941,32,32,-1,-1,-1,-1,-1,20.989952,1,21.054464,0.8704,21.924864
942,32,32,-1,-1,-1,-1,-1,20.974592,1,21.017599,0.867328,21.884927
943,32,32,-1,-1,-1,-1,-1,20.921345,1,20.978687,0.866304,21.844991
944,32,32,-1,-1,-1,-1,-1,20.905985,1,20.975616,0.874496,21.850112
945,32,32,-1,-1,-1,-1,-1,20.928513,1,20.993025,0.867328,21.860353
946,32,32,-1,-1,-1,-1,-1,20.9408,1,20.982784,0.8704,21.853184
947,32,32,-1,-1,-1,-1,-1,20.939775,1,20.995071,0.871424,21.866495
948,32,32,-1,-1,-1,-1,-1,20.926464,1,20.992001,0.872448,21.864449
949,32,32,-1,-1,-1,-1,-1,20.93568,1,21.000193,0.8704,21.870593
950,32,32,-1,-1,-1,-1,-1,20.922367,1,20.977665,0.8704,21.848065
951,32,32,-1,-1,-1,-1,-1,20.929537,1,20.993025,0.868352,21.861377
952,32,32,-1,-1,-1,-1,-1,20.922367,1,20.986879,0.869376,21.856255
953,32,32,-1,-1,-1,-1,-1,20.941824,1,21.005312,0.88576,21.891072
954,32,32,-1,-1,-1,-1,-1,20.955135,1,21.010431,0.8704,21.880831
955,32,32,-1,-1,-1,-1,-1,20.930559,1,20.993025,0.86528,21.858305
956,32,32,-1,-1,-1,-1,-1,20.947968,1,21.013504,0.8704,21.883904
957,32,32,-1,-1,-1,-1,-1,20.937729,1,21.001217,0.8704,21.871617
958,32,32,-1,-1,-1,-1,-1,20.946943,1,20.988928,0.872448,21.861376
959,32,32,-1,-1,-1,-1,-1,20.944897,1,21.008385,0.867328,21.875713
960,32,32,-1,-1,-1,-1,-1,20.95616,1,21.011456,0.869376,21.880832
961,32,32,-1,-1,-1,-1,-1,20.973568,1,21.03808,0.869376,21.907456
962,32,32,-1,-1,-1,-1,-1,20.952065,1,20.995071,0.88064,21.875711
963,32,32,-1,-1,-1,-1,-1,20.979712,1,21.036032,0.871424,21.907456
964,32,32,-1,-1,-1,-1,-1,20.965376,1,21.028864,0.867328,21.896192
965,32,32,-1,-1,-1,-1,-1,20.973568,1,21.028864,0.867328,21.896192
966,32,32,-1,-1,-1,-1,-1,20.975616,1,21.039104,0.872448,21.911552
967,32,32,-1,-1,-1,-1,-1,20.970495,1,21.033983,0.873472,21.907455
968,32,32,-1,-1,-1,-1,-1,20.985855,1,21.049343,0.872448,21.921791
969,32,32,-1,-1,-1,-1,-1,20.992001,1,21.057535,0.873472,21.931007
970,32,32,-1,-1,-1,-1,-1,20.970495,1,21.033983,0.8704,21.904383
971,32,32,-1,-1,-1,-1,-1,20.989952,1,21.045248,0.867328,21.912576
972,32,32,-1,-1,-1,-1,-1,20.998144,1,21.062656,0.872448,21.935104
973,32,32,-1,-1,-1,-1,-1,21.018623,1,21.083136,0.869376,21.952512
974,32,2064,-1,-1,-1,-1,-1,-1,0,154.144775,0.877568,155.022343
975,32,32,-1,-1,-1,-1,-1,21.407743,1,21.472256,0.88064,22.352896
976,32,32,-1,-1,-1,-1,-1,21.219328,1,21.279743,0.874496,22.154239
977,32,2064,-1,-1,-1,-1,-1,-1,0,154.963974,0.891904,155.855878
978,32,32,-1,-1,-1,-1,-1,21.419008,1,21.462015,0.878592,22.340607
979,32,32,-1,-1,-1,-1,-1,21.233664,1,21.300224,0.878592,22.178816
980,32,32,-1,-1,-1,-1,-1,21.131264,1,21.202944,0.8704,22.073344
981,32,32,-1,-1,-1,-1,-1,21.074944,1,21.139456,0.868352,22.007808
982,32,2064,-1,-1,-1,-1,-1,-1,0,154.434555,0.879616,155.314171
983,32,32,-1,-1,-1,-1,-1,21.428225,1,21.495808,0.886784,22.382592
984,32,2064,-1,-1,-1,-1,-1,-1,0,155.083771,0.888832,155.972603
985,32,2064,-1,-1,-1,-1,-1,-1,0,157.059067,0.891904,157.950971
986,32,32,-1,-1,-1,-1,-1,21.400576,1,21.456896,0.884736,22.341632
987,32,32,-1,-1,-1,-1,-1,21.197824,1,21.263359,0.871424,22.134783
988,32,2063,-1,-1,-1,-1,-1,-1,0,154.526718,0.883712,155.41043
989,32,2064,-1,-1,-1,-1,-1,-1,0,156.243973,0.887808,157.131781
990,32,4096,-1,-1,-1,-1,-1,-1,0,274.128906,0.899072,275.027978
991,32,2064,-1,-1,-1,-1,-1,-1,0,157.816833,0.886784,158.703618
992,32,2064,-1,-1,-1,-1,-1,-1,0,156.806137,0.884736,157.690873
993,32,32,-1,-1,-1,-1,-1,21.4016,1,21.468161,0.877568,22.345729
994,32,2064,-1,-1,-1,-1,-1,-1,0,154.966019,0.883712,155.849731
995,32,2064,-1,-1,-1,-1,-1,-1,0,156.057602,0.884736,156.942338
996,32,32,-1,-1,-1,-1,-1,21.336063,1,21.393408,0.888832,22.28224
997,32,32,-1,-1,-1,-1,-1,21.14048,1,21.206017,0.877568,22.083585
998,32,32,-1,-1,-1,-1,-1,21.067776,1,21.133312,0.872448,22.00576
999,32,2064,-1,-1,-1,-1,-1,-1,0,155.087875,0.892928,155.980803
1000,32,32,-1,-1,-1,-1,-1,21.348352,1,21.414911,0.933888,22.348799
1001,32,4096,-1,-1,-1,-1,-1,-1,0,272.532471,0.898048,273.430519
1002,32,32,-1,-1,-1,-1,-1,21.364737,1,21.429249,0.888832,22.318081
1003,32,32,-1,-1,-1,-1,-1,21.177343,1,21.24288,0.882688,22.125568
1004,32,32,-1,-1,-1,-1,-1,21.074944,1,21.118977,0.877568,21.996545
1005,32,32,-1,-1,-1,-1,-1,20.988928,1,21.057535,0.876544,21.934079
1006,32,32,-1,-1,-1,-1,-1,20.967424,1,21.032961,0.872448,21.905409
1007,32,4095,-1,-1,-1,-1,-1,-1,0,269.833221,0.900096,270.733317
1008,32,32,-1,-1,-1,-1,-1,21.374975,1,21.441536,0.877568,22.319104
1009,32,4096,-1,-1,-1,-1,-1,-1,0,272.041992,0.893952,272.935944
1010,32,32,-1,-1,-1,-1,-1,21.38624,1,21.451777,0.879616,22.331393
1011,32,32,-1,-1,-1,-1,-1,21.150721,1,21.208063,0.87552,22.083583
1012,32,32,-1,-1,-1,-1,-1,21.02784,1,21.069824,0.873472,21.943296
1013,32,2064,-1,-1,-1,-1,-1,-1,0,155.005951,0.886784,155.892735
1014,32,32,-1,-1,-1,-1,-1,21.341185,1,21.406719,0.89088,22.297599
1015,32,32,-1,-1,-1,-1,-1,21.135361,1,21.202944,0.877568,22.080512
1016,32,2064,-1,-1,-1,-1,-1,-1,0,155.226105,0.884736,156.110841
1017,32,32,-1,-1,-1,-1,-1,21.321728,1,21.388288,0.884736,22.273024
1018,32,32,-1,-1,-1,-1,-1,21.112831,1,21.179392,0.88576,22.065152
1019,32,32,-1,-1,-1,-1,-1,21.031937,1,21.096449,0.873472,21.969921
1020,32,2064,-1,-1,-1,-1,-1,-1,0,154.147842,0.883712,155.031554
1021,32,2064,-1,-1,-1,-1,-1,-1,0,156.075012,0.878592,156.953604
1022,32,32,-1,-1,-1,-1,-1,21.271551,1,21.32992,0.88064,22.21056
1023,32,2063,-1,-1,-1,-1,-1,-1,0,156.438522,0.887808,157.32633
1024,32,32,-1,-1,-1,-1,-1,21.326847,1,21.392384,0.87552,22.267904
1025,32,32,-1,-1,-1,-1,-1,21.076992,1,21.143553,0.873472,22.017025
1026,32,2064,-1,-1,-1,-1,-1,-1,0,154.349564,0.892928,155.242492
1027,32,32,-1,-1,-1,-1,-1,21.282816,1,21.346304,0.896,22.242304
1028,32,32,-1,-1,-1,-1,-1,21.071873,1,21.118977,0.87552,21.994497
1029,32,32,-1,-1,-1,-1,-1,20.979712,1,21.045248,0.867328,21.912576
1030,32,2064,-1,-1,-1,-1,-1,-1,0,155.513855,0.88064,156.394495
1031,32,32,-1,-1,-1,-1,-1,21.252096,1,21.317633,0.8704,22.188033
1032,32,2064,-1,-1,-1,-1,-1,-1,0,154.506241,0.884736,155.390977
1033,32,32,-1,-1,-1,-1,-1,21.303295,1,21.369856,0.879616,22.249472
1034,32,32,-1,-1,-1,-1,-1,21.078016,1,21.123072,0.869376,21.992448
1035,32,32,-1,-1,-1,-1,-1,20.99712,1,21.039104,0.873472,21.912576
1036,32,32,-1,-1,-1,-1,-1,20.9408,1,21.005312,0.872448,21.87776
1037,32,32,-1,-1,-1,-1,-1,20.968449,1,21.035007,0.868352,21.903359
1038,32,2064,-1,-1,-1,-1,-1,-1,0,154.901505,0.882688,155.784193
1039,32,32,-1,-1,-1,-1,-1,21.323776,1,21.390335,0.88064,22.270975
1040,32,32,-1,-1,-1,-1,-1,21.056513,1,21.124096,0.883712,22.007808
1041,32,32,-1,-1,-1,-1,-1,21.001217,1,21.066751,0.877568,21.944319
1042,32,32,-1,-1,-1,-1,-1,20.957184,1,21.021696,0.871424,21.89312
1043,32,32,-1,-1,-1,-1,-1,20.955135,1,21.020672,0.884736,21.905408
1044,32,32,-1,-1,-1,-1,-1,20.95104,1,20.994047,0.873472,21.867519
1045,32,32,-1,-1,-1,-1,-1,20.912128,1,20.976641,0.873472,21.850113
1046,32,32,-1,-1,-1,-1,-1,20.899839,1,20.963327,0.877568,21.840895
1047,32,32,-1,-1,-1,-1,-1,20.88448,1,20.948992,0.868352,21.817344
1048,32,32,-1,-1,-1,-1,-1,20.897793,1,20.964352,0.872448,21.8368
1049,32,32,-1,-1,-1,-1,-1,20.913153,1,20.977665,0.872448,21.850113
1050,32,32,-1,-1,-1,-1,-1,20.931583,1,20.975616,0.871424,21.84704
1051,32,32,-1,-1,-1,-1,-1,20.930559,1,20.972544,0.878592,21.851136
1052,32,32,-1,-1,-1,-1,-1,20.911104,1,20.975616,0.871424,21.84704
1053,32,32,-1,-1,-1,-1,-1,20.911104,1,20.976641,0.866304,21.842945
1054,32,32,-1,-1,-1,-1,-1,20.913153,1,20.977665,0.869376,21.847041
1055,32,32,-1,-1,-1,-1,-1,20.921345,1,20.979712,0.869376,21.849088
1056,32,32,-1,-1,-1,-1,-1,20.927488,1,20.992001,0.879616,21.871617
1057,32,32,-1,-1,-1,-1,-1,20.937729,1,21.002239,0.869376,21.871615
1058,32,2064,-1,-1,-1,-1,-1,-1,0,154.366974,0.881664,155.248638
1059,32,2064,-1,-1,-1,-1,-1,-1,0,156.062714,0.888832,156.951546
1060,32,32,-1,-1,-1,-1,-1,21.294081,1,21.337088,0.879616,22.216704
1061,32,32,-1,-1,-1,-1,-1,21.108736,1,21.174273,0.87552,22.049793
1062,32,32,-1,-1,-1,-1,-1,21.032961,1,21.09952,0.876544,21.976064
1063,32,2064,-1,-1,-1,-1,-1,-1,0,155.722748,0.878592,156.60134
1064,32,32,-1,-1,-1,-1,-1,21.318657,1,21.384192,0.877568,22.26176
1065,32,32,-1,-1,-1,-1,-1,21.086208,1,21.154816,0.876544,22.03136
1066,32,32,-1,-1,-1,-1,-1,21.0432,1,21.088257,0.8704,21.958657
1067,32,32,-1,-1,-1,-1,-1,21.010431,1,21.054464,0.868352,21.922816
1068,32,32,-1,-1,-1,-1,-1,20.987904,1,21.05344,0.88064,21.93408
1069,32,32,-1,-1,-1,-1,-1,20.982784,1,21.049343,0.872448,21.921791
1070,32,32,-1,-1,-1,-1,-1,20.960257,1,21.025791,0.877568,21.903359
1071,32,32,-1,-1,-1,-1,-1,20.938751,1,21.004288,0.872448,21.876736
1072,32,32,-1,-1,-1,-1,-1,20.921345,1,20.986879,0.874496,21.861375
1073,32,32,-1,-1,-1,-1,-1,20.941824,1,21.008385,0.866304,21.874689
1074,32,32,-1,-1,-1,-1,-1,20.958208,1,21.015553,0.874496,21.890049
1075,32,32,-1,-1,-1,-1,-1,20.969473,1,21.036032,0.866304,21.902336
1076,32,32,-1,-1,-1,-1,-1,20.960257,1,21.004288,0.874496,21.878784
1077,32,32,-1,-1,-1,-1,-1,20.955135,1,21.018623,0.871424,21.890047
1078,32,32,-1,-1,-1,-1,-1,20.959232,1,21.024769,0.87552,21.900289
1079,32,32,-1,-1,-1,-1,-1,20.963327,1,21.028864,0.872448,21.901312
1080,32,32,-1,-1,-1,-1,-1,20.973568,1,21.040129,0.87552,21.915649
1081,32,32,-1,-1,-1,-1,-1,20.977665,1,21.035007,0.872448,21.907456
1082,32,32,-1,-1,-1,-1,-1,20.952065,1,20.996096,0.88064,21.876736
1083,32,32,-1,-1,-1,-1,-1,20.960257,1,21.005312,0.874496,21.879808
1084,32,32,-1,-1,-1,-1,-1,20.953089,1,21.01248,0.8704,21.88288
1085,32,32,-1,-1,-1,-1,-1,20.962303,1,21.02784,0.87552,21.90336
1086,32,32,-1,-1,-1,-1,-1,20.98176,1,21.048321,0.879616,21.927937
1087,32,32,-1,-1,-1,-1,-1,20.968449,1,21.036032,0.89088,21.926912
1088,32,32,-1,-1,-1,-1,-1,20.983809,1,21.042175,0.87552,21.917695
1089,32,32,-1,-1,-1,-1,-1,20.98176,1,21.048321,0.878592,21.926913
1090,32,32,-1,-1,-1,-1,-1,20.988928,1,21.05344,0.871424,21.924864
1091,32,32,-1,-1,-1,-1,-1,20.989952,1,21.054464,0.869376,21.92384
1092,32,32,-1,-1,-1,-1,-1,21.002239,1,21.045248,0.868352,21.9136
1093,32,32,-1,-1,-1,-1,-1,21.005312,1,21.0688,0.868352,21.937152
1094,32,32,-1,-1,-1,-1,-1,20.995071,1,21.059584,0.869376,21.92896
1095,32,32,-1,-1,-1,-1,-1,21.024769,1,21.090303,0.8704,21.960703
1096,32,32,-1,-1,-1,-1,-1,21.005312,1,21.070848,0.876544,21.947392
1097,32,32,-1,-1,-1,-1,-1,20.967424,1,21.033983,0.871424,21.905407
1098,32,32,-1,-1,-1,-1,-1,21.008385,1,21.051392,0.869376,21.920768
1099,32,4096,-1,-1,-1,-1,-1,-1,0,271.062012,0.89088,271.952892
1100,32,32,-1,-1,-1,-1,-1,21.49888,1,21.565439,0.881664,22.447103
1101,32,32,-1,-1,-1,-1,-1,21.287935,1,21.35552,0.879616,22.235136
1102,32,2064,-1,-1,-1,-1,-1,-1,0,155.61113,0.88576,156.49689
1103,32,32,-1,-1,-1,-1,-1,21.394432,1,21.453823,0.894976,22.348799
1104,32,32,-1,-1,-1,-1,-1,21.234688,1,21.302273,0.87552,22.177793
1105,32,32,-1,-1,-1,-1,-1,21.14048,1,21.208063,0.876544,22.084607
1106,32,32,-1,-1,-1,-1,-1,21.065727,1,21.133312,0.86528,21.998592
1107,32,2064,-1,-1,-1,-1,-1,-1,0,154.288132,0.887808,155.17594
1108,32,32,-1,-1,-1,-1,-1,21.439487,1,21.482496,0.881664,22.36416
1109,32,32,-1,-1,-1,-1,-1,21.237761,1,21.302273,0.879616,22.181889
1110,32,2063,-1,-1,-1,-1,-1,-1,0,154.64653,0.892928,155.539458
1111,32,32,-1,-1,-1,-1,-1,21.390335,1,21.45792,0.877568,22.335488
1112,32,2064,-1,-1,-1,-1,-1,-1,0,155.740158,0.89088,156.631038
1113,32,32,-1,-1,-1,-1,-1,21.34528,1,21.412865,0.872448,22.285313
1114,32,2064,-1,-1,-1,-1,-1,-1,0,154.88205,0.884736,155.766786
1115,32,2064,-1,-1,-1,-1,-1,-1,0,156.084229,0.889856,156.974084
1116,32,32,-1,-1,-1,-1,-1,21.398527,1,21.456896,0.877568,22.334464
1117,32,2063,-1,-1,-1,-1,-1,-1,0,155.481094,0.882688,156.363782
1118,32,32,-1,-1,-1,-1,-1,21.470207,1,21.536768,0.877568,22.414336
1119,32,32,-1,-1,-1,-1,-1,21.204992,1,21.271551,0.872448,22.143999
1120,32,2064,-1,-1,-1,-1,-1,-1,0,154.460159,0.889856,155.350015
1121,32,32,-1,-1,-1,-1,-1,21.385216,1,21.452801,0.884736,22.337537
1122,32,2064,-1,-1,-1,-1,-1,-1,0,156.127228,0.888832,157.01606
1123,32,2064,-1,-1,-1,-1,-1,-1,0,156.569595,0.899072,157.468667
1124,32,2064,-1,-1,-1,-1,-1,-1,0,156.602371,0.899072,157.501443
1125,32,2063,-1,-1,-1,-1,-1,-1,0,157.65094,0.891904,158.542844
1126,32,32,-1,-1,-1,-1,-1,21.350401,1,21.417984,0.884736,22.30272
1127,32,32,-1,-1,-1,-1,-1,21.123072,1,21.183489,0.888832,22.072321
1128,32,2063,-1,-1,-1,-1,-1,-1,0,183.313416,0.881664,184.19508
1129,32,32,-1,-1,-1,-1,-1,21.291008,1,29.370367,0.876544,30.246911
1130,32,32,-1,-1,-1,-1,-1,21.131264,1,29.463552,0.873472,30.337024
1131,32,6128,-1,-1,-1,-1,-1,-1,0,405.601288,0.903168,406.504456
1132,32,32,-1,-1,-1,-1,-1,21.43232,1,21.499905,0.893952,22.393857
1133,32,32,-1,-1,-1,-1,-1,21.421057,1,21.499905,0.898048,22.397953
1134,32,32,-1,-1,-1,-1,-1,21.238785,1,21.310465,0.87552,22.185985
1135,32,32,-1,-1,-1,-1,-1,20.993025,1,21.03808,0.88064,21.91872
1136,32,2063,-1,-1,-1,-1,-1,-1,0,172.152832,0.887808,173.04064
1137,32,32,-1,-1,-1,-1,-1,21.247999,1,27.669504,0.876544,28.546048
1138,32,32,-1,-1,-1,-1,-1,21.042175,1,21.101568,0.882688,21.984256
1139,32,32,-1,-1,-1,-1,-1,21.060608,1,25.772032,0.876544,26.648576
1140,32,32,-1,-1,-1,-1,-1,20.985855,1,21.042175,0.88064,21.922815
1141,32,32,-1,-1,-1,-1,-1,20.993025,1,21.037056,0.873472,21.910528
1142,32,2063,-1,-1,-1,-1,-1,-1,0,182.739975,7.044096,189.784071
1143,32,32,-1,-1,-1,-1,-1,21.073919,1,31.04768,0.882688,31.930368
1144,32,32,-1,-1,-1,-1,-1,20.993025,1,21.060608,0.883712,21.94432
1145,32,32,-1,-1,-1,-1,-1,21.0944,1,28.8512,0.884736,29.735936
1146,32,32,-1,-1,-1,-1,-1,20.959232,1,21.025791,0.87552,21.901311
1147,32,2064,-1,-1,-1,-1,-1,-1,0,165.316605,0.889856,166.206461
1148,32,32,-1,-1,-1,-1,-1,21.366783,1,21.410816,0.89088,22.301696
1149,32,32,-1,-1,-1,-1,-1,21.145599,1,21.191681,0.883712,22.075393
1150,32,32,-1,-1,-1,-1,-1,21.347328,1,28.719105,0.878592,29.597697
1151,32,4096,-1,-1,-1,-1,-1,-1,0,271.289337,0.902144,272.191481
1152,32,32,-1,-1,-1,-1,-1,21.423103,1,21.490688,0.89088,22.381568
1153,32,2064,-1,-1,-1,-1,-1,-1,0,158.640121,0.896,159.536121
1154,32,2064,-1,-1,-1,-1,-1,-1,0,170.783737,0.902144,171.685881
1155,32,2064,-1,-1,-1,-1,-1,-1,0,190.913528,0.891904,191.805432
1156,32,32,-1,-1,-1,-1,-1,21.249023,1,29.267967,0.883712,30.151679
1157,32,2064,-1,-1,-1,-1,-1,-1,0,168.870911,0.89088,169.761791
1158,32,2064,-1,-1,-1,-1,-1,-1,0,158.445572,0.891904,159.337476
1159,32,32,-1,-1,-1,-1,-1,21.407743,1,23.787519,0.881664,24.669183
1160,32,2064,-1,-1,-1,-1,-1,-1,0,163.529724,0.893952,164.423676
1161,32,32,-1,-1,-1,-1,-1,21.259264,1,21.323776,0.88064,22.204416
1162,32,32,-1,-1,-1,-1,-1,21.05344,1,21.118977,0.883712,22.002689
1163,32,32,-1,-1,-1,-1,-1,20.970495,1,21.037056,0.873472,21.910528
1164,32,32,-1,-1,-1,-1,-1,20.939775,1,20.983809,0.879616,21.863425
1165,32,32,-1,-1,-1,-1,-1,20.967424,1,21.01248,0.878592,21.891072
1166,32,32,-1,-1,-1,-1,-1,20.941824,1,21.01248,0.88064,21.89312
1167,32,32,-1,-1,-1,-1,-1,20.963327,1,21.031937,0.879616,21.911553
1168,32,32,-1,-1,-1,-1,-1,20.959232,1,21.025791,0.88576,21.911551
1169,32,32,-1,-1,-1,-1,-1,20.905985,1,20.973568,0.876544,21.850112
1170,32,32,-1,-1,-1,-1,-1,20.995071,1,24.212481,0.876544,25.089025
1171,32,32,-1,-1,-1,-1,-1,20.912128,1,20.977665,0.873472,21.851137
1172,32,32,-1,-1,-1,-1,-1,20.924416,1,20.989952,0.869376,21.859328
1173,32,32,-1,-1,-1,-1,-1,20.918272,1,20.982784,0.877568,21.860352
1174,32,32,-1,-1,-1,-1,-1,20.933632,1,20.994047,0.87552,21.869567
1175,32,32,-1,-1,-1,-1,-1,20.908031,1,20.975616,0.882688,21.858304
1176,32,32,-1,-1,-1,-1,-1,20.904961,1,20.962303,0.874496,21.836799
1177,32,32,-1,-1,-1,-1,-1,20.917248,1,20.98176,0.879616,21.861376
1178,32,32,-1,-1,-1,-1,-1,20.905985,1,20.971519,0.87552,21.847039
1179,32,32,-1,-1,-1,-1,-1,20.909056,1,20.977665,0.877568,21.855233
1180,32,32,-1,-1,-1,-1,-1,20.936705,1,20.979712,0.882688,21.8624
1181,32,32,-1,-1,-1,-1,-1,20.917248,1,20.961281,0.872448,21.833729
1182,32,2063,-1,-1,-1,-1,-1,-1,0,153.922562,0.886784,154.809346
1183,32,2064,-1,-1,-1,-1,-1,-1,0,156.091385,0.88576,156.977145
1184,32,32,-1,-1,-1,-1,-1,21.335039,1,21.399551,0.886784,22.286335
1185,32,32,-1,-1,-1,-1,-1,21.097471,1,21.156864,0.886784,22.043648
1186,32,32,-1,-1,-1,-1,-1,21.050367,1,21.118977,0.879616,21.998593
1187,32,32,-1,-1,-1,-1,-1,20.983809,1,21.052416,0.87552,21.927936
1188,32,32,-1,-1,-1,-1,-1,20.976641,1,21.041151,0.878592,21.919743
1189,32,32,-1,-1,-1,-1,-1,20.989952,1,21.05344,0.876544,21.929984
1190,32,2064,-1,-1,-1,-1,-1,-1,0,169.179138,0.896,170.075138
1191,32,32,-1,-1,-1,-1,-1,21.331968,1,21.400576,0.88576,22.286336
1192,32,32,-1,-1,-1,-1,-1,21.134336,1,21.203968,0.88576,22.089728
1193,32,32,-1,-1,-1,-1,-1,21.087233,1,21.152767,0.882688,22.035455
1194,32,32,-1,-1,-1,-1,-1,20.996096,1,21.064705,0.894976,21.959681
1195,32,32,-1,-1,-1,-1,-1,20.988928,1,21.057535,0.874496,21.932031
1196,32,32,-1,-1,-1,-1,-1,20.975616,1,21.019648,0.882688,21.902336
1197,32,32,-1,-1,-1,-1,-1,20.990976,1,21.033983,0.872448,21.906431
1198,32,32,-1,-1,-1,-1,-1,20.946943,1,21.01248,0.877568,21.890048
1199,32,32,-1,-1,-1,-1,-1,20.939775,1,21.006336,0.874496,21.880832
1200,32,32,-1,-1,-1,-1,-1,20.943872,1,21.009409,0.877568,21.886977
1201,32,32,-1,-1,-1,-1,-1,20.93568,1,21.001217,0.871424,21.872641
1202,32,32,-1,-1,-1,-1,-1,20.942848,1,21.011456,0.873472,21.884928
1203,32,32,-1,-1,-1,-1,-1,20.926464,1,20.993025,0.871424,21.864449
1204,32,32,-1,-1,-1,-1,-1,20.944897,1,21.011456,0.873472,21.884928
1205,32,32,-1,-1,-1,-1,-1,20.944897,1,21.002239,0.873472,21.875711
1206,32,32,-1,-1,-1,-1,-1,20.943872,1,21.009409,0.877568,21.886977
1207,32,32,-1,-1,-1,-1,-1,20.960257,1,21.025791,0.873472,21.899263
1208,32,32,-1,-1,-1,-1,-1,20.946943,1,21.013504,0.877568,21.891072
1209,32,32,-1,-1,-1,-1,-1,20.970495,1,21.036032,0.874496,21.910528
1210,32,32,-1,-1,-1,-1,-1,20.936705,1,21.001217,0.873472,21.874689
1211,32,32,-1,-1,-1,-1,-1,20.947968,1,21.013504,0.8704,21.883904
1212,32,32,-1,-1,-1,-1,-1,20.974592,1,21.018623,0.874496,21.893119
1213,32,32,-1,-1,-1,-1,-1,20.971519,1,21.017599,0.874496,21.892095
1214,32,32,-1,-1,-1,-1,-1,20.962303,1,21.029888,0.881664,21.911552
1215,32,32,-1,-1,-1,-1,-1,20.985855,1,21.044224,0.874496,21.91872
1216,32,32,-1,-1,-1,-1,-1,21.071873,1,22.432768,2.809856,25.242624
1217,32,32,-1,-1,-1,-1,-1,21.0688,1,25.934849,0.871424,26.806273
1218,32,32,-1,-1,-1,-1,-1,21.002239,1,21.066751,0.8704,21.937151
1219,32,32,-1,-1,-1,-1,-1,21.048321,1,23.223295,0.874496,24.097791
1220,32,32,-1,-1,-1,-1,-1,20.989952,1,21.047297,0.876544,21.923841
1221,32,32,-1,-1,-1,-1,-1,20.974592,1,21.037056,0.871424,21.90848
1222,32,2064,-1,-1,-1,-1,-1,-1,0,154.152954,0.902144,155.055098
1223,32,32,-1,-1,-1,-1,-1,21.445633,1,21.51424,0.883712,22.397952
1224,32,2064,-1,-1,-1,-1,-1,-1,0,155.609085,0.894976,156.504061
1225,32,32,-1,-1,-1,-1,-1,21.435392,1,21.499905,0.88576,22.385665
1226,32,32,-1,-1,-1,-1,-1,21.361664,1,21.4272,0.886784,22.313984
1227,32,32,-1,-1,-1,-1,-1,21.117952,1,21.18656,0.881664,22.068224
1228,32,2064,-1,-1,-1,-1,-1,-1,0,154.364929,0.90112,155.266049
1229,32,32,-1,-1,-1,-1,-1,21.392384,1,21.436417,0.886784,22.323201
1230,32,32,-1,-1,-1,-1,-1,21.22752,1,21.287935,0.883712,22.171647
1231,32,32,-1,-1,-1,-1,-1,21.122047,1,21.189632,0.877568,22.0672
1232,32,32,-1,-1,-1,-1,-1,21.055489,1,21.120001,0.871424,21.991425
1233,32,32,-1,-1,-1,-1,-1,21.074944,1,21.14048,0.871424,22.011904
1234,32,32,-1,-1,-1,-1,-1,21.051392,1,21.117952,0.877568,21.99552
1235,32,2064,-1,-1,-1,-1,-1,-1,0,155.020294,0.894976,155.91527
1236,32,4095,-1,-1,-1,-1,-1,-1,0,272.580597,0.90112,273.481717
1237,32,32,-1,-1,-1,-1,-1,21.380096,1,21.453823,0.891904,22.345727
1238,32,32,-1,-1,-1,-1,-1,21.1712,1,21.239807,0.88064,22.120447
1239,32,32,-1,-1,-1,-1,-1,21.134336,1,21.208063,0.899072,22.107135
1240,32,32,-1,-1,-1,-1,-1,21.063681,1,21.173248,0.881664,22.054912
1241,32,32,-1,-1,-1,-1,-1,21.0688,1,21.139456,0.876544,22.016
1242,32,32,-1,-1,-1,-1,-1,21.03808,1,21.107712,0.891904,21.999616
1243,32,2064,-1,-1,-1,-1,-1,-1,0,154.543106,0.918528,155.461634
1244,32,4096,-1,-1,-1,-1,-1,-1,0,272.98407,0.905216,273.889286
1245,32,32,-1,-1,-1,-1,-1,21.435392,1,21.487616,0.929792,22.417408
1246,32,2064,-1,-1,-1,-1,-1,-1,0,155.290619,0.888832,156.179451
1247,32,2064,-1,-1,-1,-1,-1,-1,0,156.34227,0.88576,157.22803
1248,32,32,-1,-1,-1,-1,-1,21.417984,1,21.481472,0.900096,22.381568
1249,32,6128,-1,-1,-1,-1,-1,-1,0,404.383759,0.909312,405.293071
1250,32,32,-1,-1,-1,-1,-1,21.415936,1,21.482496,0.896,22.378496
1251,32,32,-1,-1,-1,-1,-1,21.191681,1,21.264383,0.92672,22.191103
1252,32,32,-1,-1,-1,-1,-1,21.083136,1,21.191681,0.886784,22.078465
1253,32,2064,-1,-1,-1,-1,-1,-1,0,154.394623,0.919552,155.314175
1254,32,32,-1,-1,-1,-1,-1,21.385216,1,21.45792,0.937984,22.395904
1255,32,32,-1,-1,-1,-1,-1,21.225471,1,21.32992,0.883712,22.213632
1256,32,32,-1,-1,-1,-1,-1,21.044224,1,21.120001,0.872448,21.992449
1257,32,32,-1,-1,-1,-1,-1,21.02272,1,21.065727,0.87552,21.941247
1258,32,32,-1,-1,-1,-1,-1,20.985855,1,21.050367,0.874496,21.924863
1259,32,2063,-1,-1,-1,-1,-1,-1,0,152.947708,0.887808,153.835516
1260,32,32,-1,-1,-1,-1,-1,21.454847,1,21.523457,0.878592,22.402049
1261,32,32,-1,-1,-1,-1,-1,21.122047,1,21.167105,0.874496,22.041601
1262,32,32,-1,-1,-1,-1,-1,21.096449,1,21.161983,0.881664,22.043647
1263,32,4096,-1,-1,-1,-1,-1,-1,0,271.345673,0.888832,272.234505
1264,32,4096,-1,-1,-1,-1,-1,-1,0,273.257477,0.90624,274.163717
1265,32,4095,-1,-1,-1,-1,-1,-1,0,276.950012,0.893952,277.843964
1266,32,32,-1,-1,-1,-1,-1,21.486591,1,21.545984,0.891904,22.437888
1267,32,32,-1,-1,-1,-1,-1,21.18656,1,21.255169,0.891904,22.147073
1268,32,32,-1,-1,-1,-1,-1,21.018623,1,21.085184,0.879616,21.9648
1269,32,32,-1,-1,-1,-1,-1,20.963327,1,21.030912,0.879616,21.910528
1270,32,32,-1,-1,-1,-1,-1,20.959232,1,21.026815,0.88064,21.907455
1271,32,32,-1,-1,-1,-1,-1,20.961281,1,21.005312,0.882688,21.888
1272,32,32,-1,-1,-1,-1,-1,20.952065,1,21.018623,0.871424,21.890047
1273,32,32,-1,-1,-1,-1,-1,20.927488,1,20.973568,0.879616,21.853184
1274,32,2064,-1,-1,-1,-1,-1,-1,0,152.882172,0.902144,153.784316
1275,32,32,-1,-1,-1,-1,-1,21.389313,1,21.456896,0.881664,22.33856
1276,32,32,-1,-1,-1,-1,-1,21.158913,1,21.224447,0.888832,22.113279
1277,32,32,-1,-1,-1,-1,-1,21.050367,1,21.096449,0.879616,21.976065
1278,32,32,-1,-1,-1,-1,-1,20.965376,1,21.030912,0.904192,21.935104
1279,32,32,-1,-1,-1,-1,-1,20.976641,1,21.051392,0.877568,21.92896
1280,32,2064,-1,-1,-1,-1,-1,-1,0,155.245575,0.889856,156.135431
1281,32,32,-1,-1,-1,-1,-1,21.34016,1,21.408768,0.879616,22.288384
1282,32,32,-1,-1,-1,-1,-1,21.122047,1,21.190657,0.887808,22.078465
1283,32,32,-1,-1,-1,-1,-1,21.014528,1,21.080065,0.877568,21.957633
1284,32,2064,-1,-1,-1,-1,-1,-1,0,155.158524,0.886784,156.045308
1285,32,32,-1,-1,-1,-1,-1,21.374975,1,21.435392,0.879616,22.315008
1286,32,32,-1,-1,-1,-1,-1,21.135361,1,21.195776,0.87552,22.071296
1287,32,32,-1,-1,-1,-1,-1,21.039104,1,21.083136,0.877568,21.960704
1288,32,32,-1,-1,-1,-1,-1,20.98176,1,21.03808,0.873472,21.911552
1289,32,2064,-1,-1,-1,-1,-1,-1,0,155.288574,0.88576,156.174334
1290,32,32,-1,-1,-1,-1,-1,21.338112,1,21.395456,0.876544,22.272
1291,32,2064,-1,-1,-1,-1,-1,-1,0,155.662338,0.883712,156.54605
1292,32,32,-1,-1,-1,-1,-1,21.425152,1,21.492737,0.883712,22.376449
1293,32,32,-1,-1,-1,-1,-1,21.187584,1,21.233664,0.872448,22.106112
1294,32,32,-1,-1,-1,-1,-1,21.032961,1,21.091328,0.877568,21.968896
1295,32,32,-1,-1,-1,-1,-1,20.999168,1,21.065727,0.874496,21.940223
1296,32,2064,-1,-1,-1,-1,-1,-1,0,155.553787,0.898048,156.451835
1297,32,32,-1,-1,-1,-1,-1,21.357569,1,21.424128,0.881664,22.305792
1298,32,32,-1,-1,-1,-1,-1,21.144575,1,21.214209,0.889856,22.104065
1299,32,2064,-1,-1,-1,-1,-1,-1,0,154.838013,0.892928,155.730941
1300,32,32,-1,-1,-1,-1,-1,21.400576,1,21.468161,0.886784,22.354945
1301,32,32,-1,-1,-1,-1,-1,21.183489,1,21.252096,0.882688,22.134784
1302,32,32,-1,-1,-1,-1,-1,20.978687,1,21.044224,0.876544,21.920768
1303,32,32,-1,-1,-1,-1,-1,20.960257,1,21.004288,0.877568,21.881856
1304,32,32,-1,-1,-1,-1,-1,20.967424,1,21.024769,0.878592,21.903361
1305,32,32,-1,-1,-1,-1,-1,20.954111,1,21.021696,0.881664,21.90336
1306,32,32,-1,-1,-1,-1,-1,20.927488,1,20.996096,0.873472,21.869568
1307,32,32,-1,-1,-1,-1,-1,20.921345,1,20.987904,0.88064,21.868544
1308,32,2064,-1,-1,-1,-1,-1,-1,0,154.8759,0.889856,155.765756
1309,32,32,-1,-1,-1,-1,-1,21.330944,1,22.556671,0.87552,23.432191
1310,32,32,-1,-1,-1,-1,-1,21.085184,1,21.151745,0.879616,22.031361
1311,32,2064,-1,-1,-1,-1,-1,-1,0,154.433533,0.898048,155.331581
1312,32,32,-1,-1,-1,-1,-1,21.316608,1,21.387264,0.907264,22.294528
1313,32,32,-1,-1,-1,-1,-1,21.117952,1,21.191681,0.873472,22.065153
1314,32,32,-1,-1,-1,-1,-1,20.998144,1,21.065727,0.873472,21.939199
1315,32,2064,-1,-1,-1,-1,-1,-1,0,155.356155,0.896,156.252155
1316,32,32,-1,-1,-1,-1,-1,21.326847,1,21.393408,0.879616,22.273024
1317,32,32,-1,-1,-1,-1,-1,21.110785,1,21.179392,0.873472,22.052864
1318,32,32,-1,-1,-1,-1,-1,21.026815,1,21.091328,0.87552,21.966848
1319,32,32,-1,-1,-1,-1,-1,20.970495,1,21.014528,0.879616,21.894144
1320,32,32,-1,-1,-1,-1,-1,20.974592,1,21.033983,0.874496,21.908479
1321,32,32,-1,-1,-1,-1,-1,20.99712,1,21.056513,0.876544,21.933057
1322,32,32,-1,-1,-1,-1,-1,20.948992,1,21.00736,0.87552,21.88288
1323,32,32,-1,-1,-1,-1,-1,20.916224,1,20.98176,0.8704,21.85216
1324,32,32,-1,-1,-1,-1,-1,20.938751,1,21.005312,0.867328,21.87264
1325,32,32,-1,-1,-1,-1,-1,20.950016,1,20.993025,0.8704,21.863425
1326,32,32,-1,-1,-1,-1,-1,20.947968,1,21.004288,0.874496,21.878784
1327,32,32,-1,-1,-1,-1,-1,20.9408,1,20.998144,0.872448,21.870592
1328,32,32,-1,-1,-1,-1,-1,20.932608,1,20.999168,0.873472,21.87264
1329,32,32,-1,-1,-1,-1,-1,20.954111,1,21.014528,0.871424,21.885952
1330,32,32,-1,-1,-1,-1,-1,20.946943,1,21.01248,0.874496,21.886976
1331,32,32,-1,-1,-1,-1,-1,20.952065,1,21.017599,0.87552,21.893119
1332,32,32,-1,-1,-1,-1,-1,20.948992,1,21.016577,0.882688,21.899265
1333,32,32,-1,-1,-1,-1,-1,20.98176,1,21.048321,0.873472,21.921793
1334,32,32,-1,-1,-1,-1,-1,20.943872,1,21.009409,0.872448,21.881857
1335,32,32,-1,-1,-1,-1,-1,20.937729,1,20.98176,0.884736,21.866496
1336,32,32,-1,-1,-1,-1,-1,20.962303,1,21.028864,0.876544,21.905408
1337,32,32,-1,-1,-1,-1,-1,20.963327,1,21.020672,0.8704,21.891072
1338,32,32,-1,-1,-1,-1,-1,20.957184,1,21.015553,0.879616,21.895169
1339,32,32,-1,-1,-1,-1,-1,21.111809,1,21.454847,0.869376,22.324223
1340,32,32,-1,-1,-1,-1,-1,20.975616,1,21.041151,0.874496,21.915647
1341,32,32,-1,-1,-1,-1,-1,20.994047,1,21.037056,0.878592,21.915648
1342,32,32,-1,-1,-1,-1,-1,20.967424,1,21.036032,0.876544,21.912576
1343,32,32,-1,-1,-1,-1,-1,20.962303,1,21.025791,0.873472,21.899263
1344,32,32,-1,-1,-1,-1,-1,20.969473,1,21.036032,0.867328,21.90336
1345,32,32,-1,-1,-1,-1,-1,20.99712,1,21.062656,0.871424,21.93408
1346,32,32,-1,-1,-1,-1,-1,21.026815,1,21.092352,0.87552,21.967872
1347,32,32,-1,-1,-1,-1,-1,21.000193,1,21.065727,0.87552,21.941247
1348,32,32,-1,-1,-1,-1,-1,21.001217,1,21.067776,0.872448,21.940224
1349,32,2064,-1,-1,-1,-1,-1,-1,0,156.516357,0.893952,157.410309
1350,32,32,-1,-1,-1,-1,-1,21.502975,1,21.562368,0.88064,22.443008
1351,32,32,-1,-1,-1,-1,-1,21.182465,1,21.22752,0.876544,22.104064
1352,32,32,-1,-1,-1,-1,-1,21.113855,1,21.158913,0.883712,22.042625
1353,32,32,-1,-1,-1,-1,-1,21.046272,1,21.104639,0.88064,21.985279
1354,32,32,-1,-1,-1,-1,-1,21.073919,1,21.139456,0.87552,22.014976
1355,32,32,-1,-1,-1,-1,-1,21.079041,1,21.137407,0.883712,22.021119
1356,32,32,-1,-1,-1,-1,-1,21.045248,1,21.112831,0.884736,21.997567
1357,32,2064,-1,-1,-1,-1,-1,-1,0,154.357758,0.896,155.253758
1358,32,32,-1,-1,-1,-1,-1,21.364737,1,21.433344,0.889856,22.3232
1359,32,32,-1,-1,-1,-1,-1,21.1712,1,21.237761,0.892928,22.130689
1360,32,32,-1,-1,-1,-1,-1,21.191681,1,29.485056,0.872448,30.357504
1361,32,32,-1,-1,-1,-1,-1,21.058559,1,21.124096,0.873472,21.997568
1362,32,32,-1,-1,-1,-1,-1,21.061632,1,21.127169,0.874496,22.001665
1363,32,4096,-1,-1,-1,-1,-1,-1,0,271.966217,0.89088,272.857097
1364,32,32,-1,-1,-1,-1,-1,21.491713,1,21.56032,0.89088,22.4512
1365,32,2064,-1,-1,-1,-1,-1,-1,0,156.566528,0.905216,157.471744
1366,32,2064,-1,-1,-1,-1,-1,-1,0,156.259323,0.886784,157.146107
1367,32,2063,-1,-1,-1,-1,-1,-1,0,156.977158,0.900096,157.877254
1368,32,32,-1,-1,-1,-1,-1,21.482496,1,21.543936,0.88576,22.429696
1369,32,4096,-1,-1,-1,-1,-1,-1,0,273.96402,0.893952,274.857972
1370,32,2064,-1,-1,-1,-1,-1,-1,0,157.761536,0.89088,158.652416
1371,32,32,-1,-1,-1,-1,-1,21.365761,1,21.434368,0.887808,22.322176
1372,32,2064,-1,-1,-1,-1,-1,-1,0,155.670532,0.902144,156.572676
1373,32,32,-1,-1,-1,-1,-1,21.37088,1,21.430271,0.877568,22.307839
1374,32,32,-1,-1,-1,-1,-1,21.142529,1,21.18656,0.88064,22.0672
1375,32,32,-1,-1,-1,-1,-1,21.028864,1,21.096449,0.879616,21.976065
1376,32,2064,-1,-1,-1,-1,-1,-1,0,155.538437,0.894976,156.433413
1377,32,2064,-1,-1,-1,-1,-1,-1,0,156.912643,0.88576,157.798403
1378,32,32,-1,-1,-1,-1,-1,21.395456,1,21.462015,0.882688,22.344703
1379,32,2064,-1,-1,-1,-1,-1,-1,0,155.789307,0.90112,156.690427
1380,32,2064,-1,-1,-1,-1,-1,-1,0,157.719559,0.908288,158.627847
1381,32,32,-1,-1,-1,-1,-1,21.336063,1,21.403648,0.88064,22.284288
1382,32,2064,-1,-1,-1,-1,-1,-1,0,161.921021,0.893952,162.814973
1383,32,2064,-1,-1,-1,-1,-1,-1,0,156.5737,0.89088,157.46458
1384,32,2064,-1,-1,-1,-1,-1,-1,0,165.557251,0.88064,166.437891
1385,32,32,-1,-1,-1,-1,-1,21.390335,1,21.458944,0.882688,22.341632
1386,32,32,-1,-1,-1,-1,-1,21.134336,1,21.202944,0.878592,22.081536
1387,32,2064,-1,-1,-1,-1,-1,-1,0,182.029312,0.896,182.925312
1388,32,32,-1,-1,-1,-1,-1,21.135361,1,29.274113,0.874496,30.148609
1389,32,32,-1,-1,-1,-1,-1,21.01248,1,21.078016,0.87552,21.953536
1390,32,32,-1,-1,-1,-1,-1,20.9664,1,21.011456,0.876544,21.888
1391,32,32,-1,-1,-1,-1,-1,20.983809,1,21.040129,0.876544,21.916673
1392,32,2064,-1,-1,-1,-1,-1,-1,0,155.041794,0.897024,155.938818
1393,32,32,-1,-1,-1,-1,-1,21.377024,1,21.443584,0.888832,22.332416
1394,32,32,-1,-1,-1,-1,-1,21.137407,1,21.204992,0.87552,22.080512
1395,32,32,-1,-1,-1,-1,-1,21.055489,1,21.12512,0.877568,22.002688
1396,32,32,-1,-1,-1,-1,-1,20.990976,1,21.048321,0.872448,21.920769
1397,32,32,-1,-1,-1,-1,-1,21.005312,1,21.071873,0.88576,21.957633
1398,32,4096,-1,-1,-1,-1,-1,-1,0,272.281586,0.905216,273.186802
1399,32,32,-1,-1,-1,-1,-1,21.364737,1,21.43232,0.893952,22.326272
1400,32,32,-1,-1,-1,-1,-1,21.154816,1,21.222401,0.881664,22.104065
1401,32,32,-1,-1,-1,-1,-1,21.033983,1,21.100544,0.879616,21.98016
1402,32,32,-1,-1,-1,-1,-1,20.964352,1,21.032961,0.879616,21.912577
1403,32,32,-1,-1,-1,-1,-1,20.998144,1,21.062656,0.87552,21.938176
1404,32,2064,-1,-1,-1,-1,-1,-1,0,155.345917,0.889856,156.235773
1405,32,2064,-1,-1,-1,-1,-1,-1,0,156.91571,0.89088,157.80659
1406,32,32,-1,-1,-1,-1,-1,21.330944,1,21.374975,0.88576,22.260735
1407,32,32,-1,-1,-1,-1,-1,21.121023,1,21.188608,0.878592,22.0672
1408,32,32,-1,-1,-1,-1,-1,21.051392,1,21.10976,0.873472,21.983232
1409,32,32,-1,-1,-1,-1,-1,20.976641,1,21.042175,0.87552,21.917695
1410,32,2063,-1,-1,-1,-1,-1,-1,0,154.989563,0.89088,155.880443
1411,32,2064,-1,-1,-1,-1,-1,-1,0,156.559357,0.902144,157.461501
1412,32,32,-1,-1,-1,-1,-1,21.364737,1,21.43232,0.89088,22.3232
1413,32,32,-1,-1,-1,-1,-1,21.167105,1,21.234688,0.873472,22.10816
1414,32,2064,-1,-1,-1,-1,-1,-1,0,157.889542,0.882688,158.77223
1415,32,2064,-1,-1,-1,-1,-1,-1,0,157.331451,0.879616,158.211067
1416,32,32,-1,-1,-1,-1,-1,21.251072,1,21.320704,0.882688,22.203391
1417,32,32,-1,-1,-1,-1,-1,21.086208,1,21.146624,0.872448,22.019072
1418,32,32,-1,-1,-1,-1,-1,20.971519,1,21.040129,0.873472,21.913601
1419,32,32,-1,-1,-1,-1,-1,20.970495,1,21.036032,0.87552,21.911552
1420,32,32,-1,-1,-1,-1,-1,20.963327,1,21.028864,0.873472,21.902336
1421,32,4096,-1,-1,-1,-1,-1,-1,0,272.493561,0.900096,273.393657
1422,32,32,-1,-1,-1,-1,-1,21.338112,1,21.383167,0.879616,22.262783
1423,32,32,-1,-1,-1,-1,-1,21.161983,1,21.228544,0.88064,22.109184
1424,32,32,-1,-1,-1,-1,-1,21.063681,1,21.123072,0.878592,22.001664
1425,32,32,-1,-1,-1,-1,-1,20.987904,1,21.05344,0.874496,21.927936
1426,32,32,-1,-1,-1,-1,-1,20.931583,1,20.975616,0.87552,21.851136
1427,32,32,-1,-1,-1,-1,-1,20.973568,1,21.031937,0.872448,21.904385
1428,32,2064,-1,-1,-1,-1,-1,-1,0,155.26503,0.90624,156.17127
1429,32,32,-1,-1,-1,-1,-1,21.276672,1,21.347328,0.88576,22.233088
1430,32,32,-1,-1,-1,-1,-1,21.116928,1,21.183489,0.88064,22.064129
1431,32,32,-1,-1,-1,-1,-1,21.044224,1,21.10976,0.888832,21.998592
1432,32,32,-1,-1,-1,-1,-1,20.975616,1,21.050367,0.874496,21.924863
1433,32,32,-1,-1,-1,-1,-1,20.973568,1,21.03808,0.88576,21.92384
1434,32,32,-1,-1,-1,-1,-1,21.008385,1,21.064705,0.888832,21.953537
1435,32,32,-1,-1,-1,-1,-1,20.986879,1,21.05344,0.888832,21.942272
1436,32,32,-1,-1,-1,-1,-1,20.928513,1,20.996096,0.88576,21.881856
1437,32,32,-1,-1,-1,-1,-1,20.927488,1,20.986879,0.889856,21.876735
1438,32,32,-1,-1,-1,-1,-1,20.928513,1,20.972544,0.8704,21.842944
1439,32,32,-1,-1,-1,-1,-1,20.963327,1,21.02784,0.872448,21.900288
1440,32,2064,-1,-1,-1,-1,-1,-1,0,155.004929,0.888832,155.893761
1441,32,32,-1,-1,-1,-1,-1,21.406719,1,21.468161,0.887808,22.355969
1442,32,32,-1,-1,-1,-1,-1,21.331968,1,21.379072,0.873472,22.252544
1443,32,32,-1,-1,-1,-1,-1,21.017599,1,21.086208,0.872448,21.958656
1444,32,32,-1,-1,-1,-1,-1,21.001217,1,21.067776,0.873472,21.941248
1445,32,32,-1,-1,-1,-1,-1,20.986879,1,21.052416,0.876544,21.92896
1446,32,32,-1,-1,-1,-1,-1,21.024769,1,21.090303,0.883712,21.974015
1447,32,32,-1,-1,-1,-1,-1,20.977665,1,21.047297,0.878592,21.925889
1448,32,32,-1,-1,-1,-1,-1,20.944897,1,21.011456,0.876544,21.888
1449,32,32,-1,-1,-1,-1,-1,20.938751,1,21.005312,0.874496,21.879808
1450,32,32,-1,-1,-1,-1,-1,20.967424,1,21.032961,0.889856,21.922817
1451,32,32,-1,-1,-1,-1,-1,20.964352,1,21.041151,0.878592,21.919743
1452,32,32,-1,-1,-1,-1,-1,20.95616,1,21.024769,0.8704,21.895169
1453,32,32,-1,-1,-1,-1,-1,20.970495,1,21.036032,0.877568,21.9136
1454,32,32,-1,-1,-1,-1,-1,20.976641,1,21.021696,0.871424,21.89312
1455,32,32,-1,-1,-1,-1,-1,20.959232,1,21.003263,0.873472,21.876735
1456,32,32,-1,-1,-1,-1,-1,20.979712,1,21.046272,0.871424,21.917696
1457,32,32,-1,-1,-1,-1,-1,20.952065,1,21.016577,0.873472,21.890049
1458,32,32,-1,-1,-1,-1,-1,20.959232,1,21.003263,0.882688,21.885951
1459,32,32,-1,-1,-1,-1,-1,20.964352,1,21.035007,0.87552,21.910527
1460,32,32,-1,-1,-1,-1,-1,20.967424,1,21.035007,0.87552,21.910527
1461,32,32,-1,-1,-1,-1,-1,20.960257,1,21.028864,0.871424,21.900288
1462,32,32,-1,-1,-1,-1,-1,20.970495,1,21.028864,0.871424,21.900288
1463,32,32,-1,-1,-1,-1,-1,20.963327,1,21.028864,0.889856,21.91872
1464,32,32,-1,-1,-1,-1,-1,20.979712,1,21.048321,0.871424,21.919745
1465,32,32,-1,-1,-1,-1,-1,20.987904,1,21.045248,0.879616,21.924864
1466,32,32,-1,-1,-1,-1,-1,20.974592,1,21.041151,0.879616,21.920767
1467,32,32,-1,-1,-1,-1,-1,20.990976,1,21.067776,0.876544,21.94432
1468,32,32,-1,-1,-1,-1,-1,20.957184,1,21.02272,0.900096,21.922816
1469,32,2064,-1,-1,-1,-1,-1,-1,0,154.641403,0.887808,155.529211
1470,32,32,-1,-1,-1,-1,-1,21.421057,1,21.467136,0.882688,22.349824
1471,32,32,-1,-1,-1,-1,-1,21.187584,1,21.234688,0.882688,22.117376
1472,32,32,-1,-1,-1,-1,-1,21.092352,1,21.150721,0.888832,22.039553
1473,32,32,-1,-1,-1,-1,-1,21.066751,1,21.135361,0.878592,22.013953
1474,32,32,-1,-1,-1,-1,-1,21.045248,1,21.091328,0.882688,21.974016
1475,32,32,-1,-1,-1,-1,-1,21.062656,1,21.122047,0.879616,22.001663
1476,32,32,-1,-1,-1,-1,-1,21.02272,1,21.082111,0.873472,21.955583
1477,32,32,-1,-1,-1,-1,-1,21.003263,1,21.067776,0.882688,21.950464
1478,32,32,-1,-1,-1,-1,-1,21.008385,1,21.076992,0.873472,21.950464
1479,32,32,-1,-1,-1,-1,-1,21.028864,1,21.097471,0.874496,21.971967
1480,32,32,-1,-1,-1,-1,-1,21.015553,1,21.083136,0.874496,21.957632
1481,32,32,-1,-1,-1,-1,-1,21.010431,1,21.069824,0.876544,21.946368
1482,32,32,-1,-1,-1,-1,-1,21.005312,1,21.069824,0.872448,21.942272
1483,32,32,-1,-1,-1,-1,-1,21.025791,1,21.090303,0.878592,21.968895
1484,32,32,-1,-1,-1,-1,-1,21.023745,1,21.090303,0.887808,21.978111
1485,32,32,-1,-1,-1,-1,-1,21.01248,1,21.081087,0.874496,21.955583
1486,32,2064,-1,-1,-1,-1,-1,-1,0,155.043839,0.897024,155.940862
1487,32,2064,-1,-1,-1,-1,-1,-1,0,156.160004,0.88576,157.045764
1488,32,32,-1,-1,-1,-1,-1,21.377024,1,21.444609,0.878592,22.323201
1489,32,4096,-1,-1,-1,-1,-1,-1,0,271.787018,0.897024,272.684042
1490,32,32,-1,-1,-1,-1,-1,21.510143,1,21.553152,0.886784,22.439936
1491,32,4095,-1,-1,-1,-1,-1,-1,0,273.088501,0.889856,273.978357
1492,32,32,-1,-1,-1,-1,-1,21.45792,1,21.524481,0.88064,22.405121
1493,32,4096,-1,-1,-1,-1,-1,-1,0,274.507782,0.90112,275.408902
1494,32,32,-1,-1,-1,-1,-1,21.4272,1,21.493759,0.88064,22.374399
1495,32,2064,-1,-1,-1,-1,-1,-1,0,156.028931,0.887808,156.916739
1496,32,2064,-1,-1,-1,-1,-1,-1,0,158.221313,0.881664,159.102977
1497,32,32,-1,-1,-1,-1,-1,21.448704,1,21.492737,0.873472,22.366209
1498,32,32,-1,-1,-1,-1,-1,21.189632,1,21.256191,0.872448,22.128639
1499,32,32,-1,-1,-1,-1,-1,21.071873,1,21.136383,0.871424,22.007807
1500,32,32,-1,-1,-1,-1,-1,21.03808,1,21.102592,0.8704,21.972992
1501,32,2064,-1,-1,-1,-1,-1,-1,0,154.686462,0.897024,155.583486
1502,32,32,-1,-1,-1,-1,-1,21.414911,1,21.480448,0.87552,22.355968
1503,32,32,-1,-1,-1,-1,-1,21.222401,1,21.286913,0.87552,22.162433
1504,32,32,-1,-1,-1,-1,-1,21.071873,1,21.139456,0.874496,22.013952
1505,32,4095,-1,-1,-1,-1,-1,-1,0,272.17511,0.892928,273.068038
1506,32,32,-1,-1,-1,-1,-1,21.464064,1,21.5296,0.887808,22.417408
1507,32,6127,-1,-1,-1,-1,-1,-1,0,401.386505,0.902144,402.288649
1508,32,32,-1,-1,-1,-1,-1,21.383167,1,21.449728,0.876544,22.326272
1509,32,32,-1,-1,-1,-1,-1,21.180416,1,21.246977,0.876544,22.123521
1510,32,32,-1,-1,-1,-1,-1,21.059584,1,21.124096,0.876544,22.00064
1511,32,32,-1,-1,-1,-1,-1,20.970495,1,21.036032,0.868352,21.904384
1512,32,2048,-1,-1,-1,-1,-1,-1,0,146.678787,0.883712,147.562499
1513,32,32,-1,-1,-1,-1,-1,21.387264,1,21.431295,0.877568,22.308863
1514,32,32,-1,-1,-1,-1,-1,21.161983,1,21.206017,0.872448,22.078465
1515,32,2064,-1,-1,-1,-1,-1,-1,0,155.428864,0.887808,156.316672
1516,32,32,-1,-1,-1,-1,-1,21.384192,1,21.443584,0.879616,22.3232
1517,32,4095,-1,-1,-1,-1,-1,-1,0,273.090546,0.89088,273.981426
1518,32,32,-1,-1,-1,-1,-1,21.354496,1,21.421057,0.876544,22.297601
1519,32,32,-1,-1,-1,-1,-1,21.122047,1,21.187584,0.872448,22.060032
1520,32,32,-1,-1,-1,-1,-1,20.988928,1,21.047297,0.872448,21.919745
1521,32,32,-1,-1,-1,-1,-1,20.975616,1,21.041151,0.866304,21.907455
1522,32,32,-1,-1,-1,-1,-1,20.992001,1,21.056513,0.868352,21.924865
1523,32,2064,-1,-1,-1,-1,-1,-1,0,155.43399,0.879616,156.313607
1524,32,32,-1,-1,-1,-1,-1,21.332993,1,21.4016,0.877568,22.279168
1525,32,2064,-1,-1,-1,-1,-1,-1,0,155.997177,0.896,156.893177
1526,32,32,-1,-1,-1,-1,-1,21.304319,1,21.37088,0.88064,22.25152
1527,32,32,-1,-1,-1,-1,-1,21.115904,1,21.183489,0.868352,22.051841
1528,32,32,-1,-1,-1,-1,-1,20.970495,1,21.028864,0.867328,21.896192
1529,32,2064,-1,-1,-1,-1,-1,-1,0,155.183105,0.892928,156.076033
1530,32,32,-1,-1,-1,-1,-1,21.243904,1,21.286913,0.87552,22.162433
1531,32,32,-1,-1,-1,-1,-1,21.074944,1,21.14048,0.871424,22.011904
1532,32,32,-1,-1,-1,-1,-1,21.018623,1,21.060608,0.877568,21.938176
1533,32,32,-1,-1,-1,-1,-1,20.995071,1,21.060608,0.867328,21.927936
1534,32,2064,-1,-1,-1,-1,-1,-1,0,155.911163,0.889856,156.801019
1535,32,2064,-1,-1,-1,-1,-1,-1,0,156.616699,0.883712,157.500411
1536,32,32,-1,-1,-1,-1,-1,21.327871,1,21.392384,0.87552,22.267904
1537,32,32,-1,-1,-1,-1,-1,21.128193,1,21.193727,0.873472,22.067199
1538,32,2063,-1,-1,-1,-1,-1,-1,0,155.480057,0.89088,156.370937
1539,32,4096,-1,-1,-1,-1,-1,-1,0,273.285126,0.896,274.181126
1540,32,32,-1,-1,-1,-1,-1,21.437441,1,21.504,0.886784,22.390784
1541,32,32,-1,-1,-1,-1,-1,21.172224,1,21.238785,0.872448,22.111233
1542,32,2063,-1,-1,-1,-1,-1,-1,0,155.317245,0.888832,156.206077
1543,32,2064,-1,-1,-1,-1,-1,-1,0,156.625916,0.888832,157.514748
1544,32,32,-1,-1,-1,-1,-1,21.287935,1,21.35552,0.881664,22.237184
1545,32,32,-1,-1,-1,-1,-1,21.130239,1,21.194752,0.87552,22.070272
1546,32,32,-1,-1,-1,-1,-1,21.057535,1,21.100544,0.879616,21.98016
1547,32,32,-1,-1,-1,-1,-1,20.962303,1,21.026815,0.8704,21.897215
1548,32,32,-1,-1,-1,-1,-1,20.953089,1,20.995071,0.8704,21.865471
1549,32,32,-1,-1,-1,-1,-1,20.955135,1,21.010431,0.87552,21.885951
1550,32,32,-1,-1,-1,-1,-1,20.943872,1,21.008385,0.871424,21.879809
1551,32,32,-1,-1,-1,-1,-1,20.875263,1,20.932608,0.868352,21.80096
1552,32,32,-1,-1,-1,-1,-1,20.87936,1,20.943872,0.872448,21.81632
1553,32,32,-1,-1,-1,-1,-1,20.903936,1,20.968449,0.867328,21.835777
1554,32,32,-1,-1,-1,-1,-1,20.911104,1,20.975616,0.871424,21.84704
1555,32,32,-1,-1,-1,-1,-1,20.916224,1,20.98176,0.872448,21.854208
1556,32,32,-1,-1,-1,-1,-1,20.916224,1,20.980736,0.869376,21.850112
1557,32,32,-1,-1,-1,-1,-1,20.905985,1,20.970495,0.872448,21.842943
1558,32,32,-1,-1,-1,-1,-1,20.907007,1,20.950016,0.872448,21.822464
1559,32,32,-1,-1,-1,-1,-1,20.945921,1,21.010431,0.88064,21.891071
1560,32,32,-1,-1,-1,-1,-1,20.905985,1,20.970495,0.874496,21.844991
1561,32,32,-1,-1,-1,-1,-1,20.929537,1,20.994047,0.873472,21.867519
1562,32,32,-1,-1,-1,-1,-1,20.905985,1,20.947968,0.869376,21.817344
1563,32,32,-1,-1,-1,-1,-1,20.924416,1,20.986879,0.869376,21.856255
1564,32,32,-1,-1,-1,-1,-1,20.908031,1,20.958208,0.868352,21.82656
1565,32,32,-1,-1,-1,-1,-1,20.918272,1,20.984833,0.8704,21.855233
1566,32,2064,-1,-1,-1,-1,-1,-1,0,154.825729,0.883712,155.709441
1567,32,32,-1,-1,-1,-1,-1,21.395456,1,21.452801,0.877568,22.330369
1568,32,32,-1,-1,-1,-1,-1,21.153791,1,21.199871,0.872448,22.072319
1569,32,32,-1,-1,-1,-1,-1,21.042175,1,21.107712,0.872448,21.98016
1570,32,32,-1,-1,-1,-1,-1,20.999168,1,21.063681,0.8704,21.934081
1571,32,32,-1,-1,-1,-1,-1,21.017599,1,21.082111,0.872448,21.954559
1572,32,32,-1,-1,-1,-1,-1,20.995071,1,21.060608,0.869376,21.929984
1573,32,32,-1,-1,-1,-1,-1,20.95104,1,21.016577,0.873472,21.890049
1574,32,32,-1,-1,-1,-1,-1,20.942848,1,20.984833,0.868352,21.853185
1575,32,32,-1,-1,-1,-1,-1,20.958208,1,21.023745,0.869376,21.893121
1576,32,32,-1,-1,-1,-1,-1,20.942848,1,21.00736,0.868352,21.875712
1577,32,32,-1,-1,-1,-1,-1,20.948992,1,21.004288,0.8704,21.874688
1578,32,32,-1,-1,-1,-1,-1,20.9664,1,21.008385,0.864256,21.872641
1579,32,32,-1,-1,-1,-1,-1,20.945921,1,21.000193,0.866304,21.866497
1580,32,32,-1,-1,-1,-1,-1,20.953089,1,20.995071,0.868352,21.863423
1581,32,32,-1,-1,-1,-1,-1,20.974592,1,21.03808,0.8704,21.90848
1582,32,32,-1,-1,-1,-1,-1,20.989952,1,21.055489,0.8704,21.925889
1583,32,32,-1,-1,-1,-1,-1,20.969473,1,21.035007,0.866304,21.901311
1584,32,32,-1,-1,-1,-1,-1,20.965376,1,21.008385,0.873472,21.881857
1585,32,32,-1,-1,-1,-1,-1,20.978687,1,21.042175,0.8704,21.912575
1586,32,32,-1,-1,-1,-1,-1,20.978687,1,21.0432,0.881664,21.924864
1587,32,32,-1,-1,-1,-1,-1,20.977665,1,21.040129,0.867328,21.907457
1588,32,32,-1,-1,-1,-1,-1,20.986879,1,21.052416,0.8704,21.922816
1589,32,32,-1,-1,-1,-1,-1,21.000193,1,21.056513,0.86528,21.921793
1590,32,32,-1,-1,-1,-1,-1,21.005312,1,21.047297,0.86528,21.912576
1591,32,32,-1,-1,-1,-1,-1,21.008385,1,21.072895,0.871424,21.944319
1592,32,2064,-1,-1,-1,-1,-1,-1,0,154.886139,0.886784,155.772923
1593,32,32,-1,-1,-1,-1,-1,21.487616,1,21.554176,0.884736,22.438912
1594,32,32,-1,-1,-1,-1,-1,21.485567,1,21.530624,0.888832,22.419456
1595,32,32,-1,-1,-1,-1,-1,21.254145,1,21.312511,0.872448,22.184959
1596,32,32,-1,-1,-1,-1,-1,21.048321,1,21.091328,0.873472,21.9648
1597,32,32,-1,-1,-1,-1,-1,21.062656,1,21.122047,0.871424,21.993471
1598,32,32,-1,-1,-1,-1,-1,21.081087,1,21.145599,0.869376,22.014975
1599,32,32,-1,-1,-1,-1,-1,21.030912,1,21.095425,0.869376,21.964801
1600,32,32,-1,-1,-1,-1,-1,21.021696,1,21.064705,0.86528,21.929985
1601,32,32,-1,-1,-1,-1,-1,20.993025,1,21.049343,0.873472,21.922815
1602,32,32,-1,-1,-1,-1,-1,21.013504,1,21.078016,0.866304,21.94432
1603,32,32,-1,-1,-1,-1,-1,20.995071,1,21.059584,0.867328,21.926912
1604,32,32,-1,-1,-1,-1,-1,21.026815,1,21.090303,0.866304,21.956607
1605,32,32,-1,-1,-1,-1,-1,21.039104,1,21.103617,0.872448,21.976065
1606,32,2064,-1,-1,-1,-1,-1,-1,0,155.170822,0.884736,156.055558
1607,32,2064,-1,-1,-1,-1,-1,-1,0,156.445694,0.881664,157.327358
1608,32,2064,-1,-1,-1,-1,-1,-1,0,157.13588,0.887808,158.023688
1609,32,2064,-1,-1,-1,-1,-1,-1,0,156.636154,0.891904,157.528058
1610,32,2064,-1,-1,-1,-1,-1,-1,0,156.80307,0.88576,157.68883
1611,32,32,-1,-1,-1,-1,-1,21.433344,1,21.490688,0.876544,22.367232
1612,32,2064,-1,-1,-1,-1,-1,-1,0,157.575165,0.896,158.471165
1613,32,2064,-1,-1,-1,-1,-1,-1,0,158.15065,0.88576,159.03641
1614,32,32,-1,-1,-1,-1,-1,21.428225,1,21.494783,0.87552,22.370303
1615,32,2063,-1,-1,-1,-1,-1,-1,0,155.695099,0.892928,156.588027
1616,32,2064,-1,-1,-1,-1,-1,-1,0,156.711929,0.881664,157.593593
1617,32,32,-1,-1,-1,-1,-1,21.378048,1,21.444609,0.87552,22.320129
1618,32,32,-1,-1,-1,-1,-1,21.225471,1,21.291008,0.877568,22.168576
1619,32,32,-1,-1,-1,-1,-1,21.112831,1,21.179392,0.872448,22.05184
1620,32,4096,-1,-1,-1,-1,-1,-1,0,272.245758,0.886784,273.132542
1621,32,32,-1,-1,-1,-1,-1,21.380096,1,21.437441,0.883712,22.321153
1622,32,32,-1,-1,-1,-1,-1,21.167105,1,21.233664,0.873472,22.107136
1623,32,32,-1,-1,-1,-1,-1,21.061632,1,21.128193,0.869376,21.997569
1624,32,32,-1,-1,-1,-1,-1,21.016577,1,21.080065,0.869376,21.949441
1625,32,32,-1,-1,-1,-1,-1,21.018623,1,21.085184,0.8704,21.955584
1626,32,2064,-1,-1,-1,-1,-1,-1,0,155.443207,0.886784,156.329991
1627,32,2064,-1,-1,-1,-1,-1,-1,0,157.437958,0.88064,158.318598
1628,32,32,-1,-1,-1,-1,-1,21.361664,1,21.419008,0.87552,22.294528
1629,32,32,-1,-1,-1,-1,-1,21.167105,1,21.224447,0.872448,22.096895
1630,32,2064,-1,-1,-1,-1,-1,-1,0,155.563004,0.888832,156.451836
1631,32,32,-1,-1,-1,-1,-1,21.366783,1,21.43232,0.877568,22.309888
1632,32,32,-1,-1,-1,-1,-1,21.175297,1,21.241856,0.872448,22.114304
1633,32,32,-1,-1,-1,-1,-1,21.040129,1,21.105663,0.873472,21.979135
1634,32,2064,-1,-1,-1,-1,-1,-1,0,155.354111,0.879616,156.233727
1635,32,4096,-1,-1,-1,-1,-1,-1,0,272.975861,0.898048,273.873909
1636,32,32,-1,-1,-1,-1,-1,21.430271,1,21.497856,0.88576,22.383616
1637,32,32,-1,-1,-1,-1,-1,21.198849,1,21.25824,0.87552,22.13376
1638,32,32,-1,-1,-1,-1,-1,21.079041,1,21.143553,0.878592,22.022145
1639,32,2064,-1,-1,-1,-1,-1,-1,0,154.951675,0.893952,155.845627
1640,32,2064,-1,-1,-1,-1,-1,-1,0,157.69191,0.877568,158.569478
1641,32,32,-1,-1,-1,-1,-1,21.399551,1,21.45792,0.882688,22.340608
1642,32,32,-1,-1,-1,-1,-1,21.151745,1,21.219328,0.87552,22.094848
1643,32,32,-1,-1,-1,-1,-1,21.091328,1,21.156864,0.867328,22.024192
1644,32,2063,-1,-1,-1,-1,-1,-1,0,155.3367,0.89088,156.22758
1645,32,32,-1,-1,-1,-1,-1,21.412865,1,21.478399,0.881664,22.360063
1646,32,4096,-1,-1,-1,-1,-1,-1,0,273.107971,0.898048,274.006019
1647,32,32,-1,-1,-1,-1,-1,21.339136,1,21.403648,0.879616,22.283264
1648,32,32,-1,-1,-1,-1,-1,21.174273,1,21.240831,0.874496,22.115327
1649,32,2063,-1,-1,-1,-1,-1,-1,0,155.055099,0.889856,155.944955
1650,32,32,-1,-1,-1,-1,-1,21.331968,1,21.398527,0.874496,22.273023
1651,32,32,-1,-1,-1,-1,-1,21.107712,1,21.174273,0.873472,22.047745
1652,32,32,-1,-1,-1,-1,-1,20.992001,1,21.058559,0.8704,21.928959
1653,32,32,-1,-1,-1,-1,-1,20.995071,1,21.03808,0.868352,21.906432
1654,32,2064,-1,-1,-1,-1,-1,-1,0,155.41658,0.887808,156.304388
1655,32,32,-1,-1,-1,-1,-1,21.32992,1,21.396481,0.877568,22.274049
1656,32,2064,-1,-1,-1,-1,-1,-1,0,155.642883,0.88064,156.523523
1657,32,32,-1,-1,-1,-1,-1,21.354496,1,21.420033,0.87552,22.295552
1658,32,4096,-1,-1,-1,-1,-1,-1,0,272.709625,0.894976,273.604601
1659,32,2064,-1,-1,-1,-1,-1,-1,0,157.641724,0.884736,158.52646
1660,32,32,-1,-1,-1,-1,-1,21.398527,1,21.464064,0.883712,22.347776
1661,32,32,-1,-1,-1,-1,-1,21.110785,1,21.177343,0.8704,22.047743
1662,32,2064,-1,-1,-1,-1,-1,-1,0,155.20665,0.89088,156.09753
1663,32,32,-1,-1,-1,-1,-1,21.392384,1,21.435392,0.88064,22.316032
1664,32,32,-1,-1,-1,-1,-1,21.167105,1,21.233664,0.871424,22.105088
1665,32,32,-1,-1,-1,-1,-1,21.046272,1,21.088257,0.871424,21.959681
1666,32,32,-1,-1,-1,-1,-1,20.965376,1,21.030912,0.868352,21.899264
1667,32,32,-1,-1,-1,-1,-1,20.973568,1,21.039104,0.872448,21.911552
1668,32,32,-1,-1,-1,-1,-1,20.979712,1,21.0432,0.872448,21.915648
1669,32,2064,-1,-1,-1,-1,-1,-1,0,155.335678,0.887808,156.223486
1670,32,32,-1,-1,-1,-1,-1,21.407743,1,21.474304,0.877568,22.351872
1671,32,32,-1,-1,-1,-1,-1,21.110785,1,21.176319,0.8704,22.046719
1672,32,32,-1,-1,-1,-1,-1,20.998144,1,21.063681,0.868352,21.932033
1673,32,32,-1,-1,-1,-1,-1,20.970495,1,21.036032,0.868352,21.904384
1674,32,32,-1,-1,-1,-1,-1,20.976641,1,21.042175,0.871424,21.913599
1675,32,32,-1,-1,-1,-1,-1,20.968449,1,21.032961,0.872448,21.905409
1676,32,32,-1,-1,-1,-1,-1,20.891647,1,20.954111,0.868352,21.822463
1677,32,32,-1,-1,-1,-1,-1,20.902912,1,20.968449,0.874496,21.842945
1678,32,32,-1,-1,-1,-1,-1,20.907007,1,20.973568,0.8704,21.843968
1679,32,32,-1,-1,-1,-1,-1,20.913153,1,20.955135,0.872448,21.827583
1680,32,32,-1,-1,-1,-1,-1,20.931583,1,20.996096,0.869376,21.865472
1681,32,32,-1,-1,-1,-1,-1,20.92544,1,20.969473,0.872448,21.841921
1682,32,32,-1,-1,-1,-1,-1,20.909056,1,20.974592,0.8704,21.844992
1683,32,32,-1,-1,-1,-1,-1,20.926464,1,20.992001,0.866304,21.858305
1684,32,32,-1,-1,-1,-1,-1,20.924416,1,20.989952,0.867328,21.85728
1685,32,32,-1,-1,-1,-1,-1,20.924416,1,20.989952,0.868352,21.858304
1686,32,32,-1,-1,-1,-1,-1,20.914177,1,20.979712,0.868352,21.848064
1687,32,32,-1,-1,-1,-1,-1,20.929537,1,20.996096,0.879616,21.875712
1688,32,32,-1,-1,-1,-1,-1,20.917248,1,20.982784,0.869376,21.85216
1689,32,32,-1,-1,-1,-1,-1,20.932608,1,20.996096,0.868352,21.864448
1690,32,32,-1,-1,-1,-1,-1,20.942848,1,21.008385,0.868352,21.876737
1691,32,32,-1,-1,-1,-1,-1,20.965376,1,21.029888,0.867328,21.897216
1692,32,32,-1,-1,-1,-1,-1,20.944897,1,21.009409,0.879616,21.889025
1693,32,32,-1,-1,-1,-1,-1,20.937729,1,21.002239,0.871424,21.873663
1694,32,32,-1,-1,-1,-1,-1,20.945921,1,21.010431,0.868352,21.878783
1695,32,32,-1,-1,-1,-1,-1,20.946943,1,20.988928,0.8704,21.859328
1696,32,32,-1,-1,-1,-1,-1,20.968449,1,21.032961,0.878592,21.911553
1697,32,32,-1,-1,-1,-1,-1,20.980736,1,21.023745,0.8704,21.894145
1698,32,32,-1,-1,-1,-1,-1,20.944897,1,21.000193,0.871424,21.871617
1699,32,32,-1,-1,-1,-1,-1,20.98176,1,21.045248,0.87552,21.920768
1700,32,32,-1,-1,-1,-1,-1,20.955135,1,21.021696,0.8704,21.892096
1701,32,32,-1,-1,-1,-1,-1,20.969473,1,21.032961,0.868352,21.901313
1702,32,32,-1,-1,-1,-1,-1,20.955135,1,21.019648,0.8704,21.890048
1703,32,32,-1,-1,-1,-1,-1,20.972544,1,21.039104,0.868352,21.907456
1704,32,32,-1,-1,-1,-1,-1,20.976641,1,21.041151,0.879616,21.920767
1705,32,32,-1,-1,-1,-1,-1,20.983809,1,21.03808,0.869376,21.907456
1706,32,2064,-1,-1,-1,-1,-1,-1,0,155.195389,0.882688,156.078077
1707,32,32,-1,-1,-1,-1,-1,21.489664,1,21.556225,0.884736,22.440961
1708,32,32,-1,-1,-1,-1,-1,21.26848,1,21.336063,0.872448,22.208511
1709,32,32,-1,-1,-1,-1,-1,21.112831,1,21.177343,0.872448,22.049791
1710,32,32,-1,-1,-1,-1,-1,21.039104,1,21.105663,0.881664,21.987327
1711,32,32,-1,-1,-1,-1,-1,21.051392,1,21.0944,0.866304,21.960704
1712,32,32,-1,-1,-1,-1,-1,21.063681,1,21.130239,0.873472,22.003711
1713,32,32,-1,-1,-1,-1,-1,21.042175,1,21.08416,0.871424,21.955584
1714,32,32,-1,-1,-1,-1,-1,21.009409,1,21.076992,0.869376,21.946368
1715,32,32,-1,-1,-1,-1,-1,21.017599,1,21.083136,0.86528,21.948416
1716,32,32,-1,-1,-1,-1,-1,21.015553,1,21.081087,0.868352,21.949439
1717,32,2064,-1,-1,-1,-1,-1,-1,0,155.417603,0.879616,156.297219
1718,32,32,-1,-1,-1,-1,-1,21.343231,1,21.408768,0.874496,22.283264
1719,32,32,-1,-1,-1,-1,-1,21.192703,1,21.259264,0.87552,22.134784
1720,32,32,-1,-1,-1,-1,-1,21.074944,1,21.14048,0.869376,22.009856
1721,32,2064,-1,-1,-1,-1,-1,-1,0,155.623428,0.88576,156.509188
1722,32,32,-1,-1,-1,-1,-1,21.375999,1,21.441536,0.881664,22.3232
1723,32,2064,-1,-1,-1,-1,-1,-1,0,155.697159,0.897024,156.594183
1724,32,32,-1,-1,-1,-1,-1,21.410816,1,21.477377,0.878592,22.355969
1725,32,32,-1,-1,-1,-1,-1,21.20192,1,21.26848,0.874496,22.142976
1726,32,32,-1,-1,-1,-1,-1,21.062656,1,21.127169,0.869376,21.996545
1727,32,32,-1,-1,-1,-1,-1,21.067776,1,21.111809,0.872448,21.984257
1728,32,2064,-1,-1,-1,-1,-1,-1,0,155.672577,0.886784,156.559361
1729,32,32,-1,-1,-1,-1,-1,21.368832,1,21.41184,0.87552,22.28736
1730,32,32,-1,-1,-1,-1,-1,21.200895,1,21.26848,0.873472,22.141952
1731,32,32,-1,-1,-1,-1,-1,21.074944,1,21.14048,0.868352,22.008832
1732,32,2064,-1,-1,-1,-1,-1,-1,0,155.57222,0.887808,156.460028
1733,32,32,-1,-1,-1,-1,-1,21.420033,1,21.486591,0.876544,22.363135
1734,32,2064,-1,-1,-1,-1,-1,-1,0,155.497467,0.882688,156.380155
1735,32,2064,-1,-1,-1,-1,-1,-1,0,157.546494,0.878592,158.425086
1736,32,32,-1,-1,-1,-1,-1,21.474304,1,21.540865,0.872448,22.413313
1737,32,2064,-1,-1,-1,-1,-1,-1,0,155.830276,0.89088,156.721156
1738,32,2064,-1,-1,-1,-1,-1,-1,0,157.80249,0.886784,158.689274
1739,32,32,-1,-1,-1,-1,-1,21.402624,1,21.469185,0.878592,22.347777
1740,32,32,-1,-1,-1,-1,-1,21.185535,1,21.230593,0.868352,22.098945
1741,32,32,-1,-1,-1,-1,-1,21.092352,1,21.157888,0.871424,22.029312
1742,32,2064,-1,-1,-1,-1,-1,-1,0,155.367416,0.89088,156.258296
1743,32,32,-1,-1,-1,-1,-1,21.451777,1,21.495808,0.88064,22.376448
1744,32,32,-1,-1,-1,-1,-1,21.257215,1,21.3248,0.869376,22.194176
1745,32,2064,-1,-1,-1,-1,-1,-1,0,155.398148,0.879616,156.277764
1746,32,2064,-1,-1,-1,-1,-1,-1,0,156.695557,0.887808,157.583365
1747,32,32,-1,-1,-1,-1,-1,21.381121,1,21.448704,0.879616,22.32832
1748,32,32,-1,-1,-1,-1,-1,21.189632,1,21.249023,0.871424,22.120447
1749,32,32,-1,-1,-1,-1,-1,21.113855,1,21.180416,0.878592,22.059008
1750,32,32,-1,-1,-1,-1,-1,21.049343,1,21.115904,0.873472,21.989376
1751,32,32,-1,-1,-1,-1,-1,21.02784,1,21.093376,0.8704,21.963776
1752,32,2064,-1,-1,-1,-1,-1,-1,0,155.867142,0.887808,156.75495
1753,32,2063,-1,-1,-1,-1,-1,-1,0,156.727295,0.892928,157.620223
1754,32,32,-1,-1,-1,-1,-1,21.352448,1,21.419008,0.879616,22.298624
1755,32,4096,-1,-1,-1,-1,-1,-1,0,272.875519,0.893952,273.769471
1756,32,32,-1,-1,-1,-1,-1,21.369856,1,21.413889,0.88064,22.294529
1757,32,32,-1,-1,-1,-1,-1,21.149696,1,21.214209,0.877568,22.091777
1758,32,2064,-1,-1,-1,-1,-1,-1,0,156.174332,0.893952,157.068284
1759,32,32,-1,-1,-1,-1,-1,21.357569,1,21.4016,0.88064,22.28224
1760,32,32,-1,-1,-1,-1,-1,21.139456,1,21.206017,0.871424,22.077441
1761,32,2064,-1,-1,-1,-1,-1,-1,0,155.650055,0.892928,156.542983
1762,32,2064,-1,-1,-1,-1,-1,-1,0,156.755966,0.883712,157.639678
1763,32,32,-1,-1,-1,-1,-1,21.425152,1,21.469185,0.873472,22.342657
1764,32,32,-1,-1,-1,-1,-1,21.191681,1,21.259264,0.871424,22.130688
1765,32,32,-1,-1,-1,-1,-1,21.040129,1,21.105663,0.868352,21.974015
1766,32,2064,-1,-1,-1,-1,-1,-1,0,152.648697,0.879616,153.528313
1767,32,32,-1,-1,-1,-1,-1,21.44768,1,21.51424,0.88064,22.39488
1768,32,32,-1,-1,-1,-1,-1,21.207041,1,21.2736,0.873472,22.147072
1769,32,32,-1,-1,-1,-1,-1,21.075968,1,21.142529,0.884736,22.027265
1770,32,32,-1,-1,-1,-1,-1,20.978687,1,21.044224,0.869376,21.9136
1771,32,32,-1,-1,-1,-1,-1,21.005312,1,21.070848,0.871424,21.942272
1772,32,4096,-1,-1,-1,-1,-1,-1,0,272.883698,0.89088,273.774577
1773,32,32,-1,-1,-1,-1,-1,21.38624,1,21.429249,0.883712,22.312961
1774,32,6128,-1,-1,-1,-1,-1,-1,0,402.944,0.886784,403.830784
1775,32,32,-1,-1,-1,-1,-1,21.430271,1,21.474304,0.88576,22.360064
1776,32,32,-1,-1,-1,-1,-1,21.167105,1,21.233664,0.87552,22.109184
1777,32,32,-1,-1,-1,-1,-1,21.037056,1,21.102592,0.87552,21.978112
1778,32,32,-1,-1,-1,-1,-1,21.002239,1,21.069824,0.877568,21.947392
1779,32,2064,-1,-1,-1,-1,-1,-1,0,156.124161,0.893952,157.018113
1780,32,32,-1,-1,-1,-1,-1,21.421057,1,21.486591,0.878592,22.365183
1781,32,32,-1,-1,-1,-1,-1,21.180416,1,21.239807,0.872448,22.112255
1782,32,4096,-1,-1,-1,-1,-1,-1,0,273.147919,0.884736,274.032655
1783,32,32,-1,-1,-1,-1,-1,21.380096,1,21.445633,0.88064,22.326273
1784,32,32,-1,-1,-1,-1,-1,21.144575,1,21.210112,0.871424,22.081536
1785,32,32,-1,-1,-1,-1,-1,21.052416,1,21.111809,0.8704,21.982209
1786,32,32,-1,-1,-1,-1,-1,20.979712,1,21.044224,0.867328,21.911552
1787,32,2064,-1,-1,-1,-1,-1,-1,0,156.05043,0.882688,156.933118
1788,32,32,-1,-1,-1,-1,-1,21.398527,1,21.465088,0.88064,22.345728
1789,32,32,-1,-1,-1,-1,-1,21.189632,1,21.234688,0.879616,22.114304
1790,32,32,-1,-1,-1,-1,-1,21.050367,1,21.108736,0.886784,21.99552
1791,32,2063,-1,-1,-1,-1,-1,-1,0,153.341949,0.884736,154.226685
1792,32,32,-1,-1,-1,-1,-1,21.349377,1,21.415936,0.879616,22.295552
1793,32,32,-1,-1,-1,-1,-1,21.156864,1,21.218304,0.874496,22.0928
1794,32,2064,-1,-1,-1,-1,-1,-1,0,155.508743,0.882688,156.391431
1795,32,32,-1,-1,-1,-1,-1,21.327871,1,21.393408,0.883712,22.27712
1796,32,32,-1,-1,-1,-1,-1,21.159937,1,21.226496,0.872448,22.098944
1797,32,32,-1,-1,-1,-1,-1,21.067776,1,21.131264,0.873472,22.004736
1798,32,32,-1,-1,-1,-1,-1,20.967424,1,21.024769,0.878592,21.903361
1799,32,32,-1,-1,-1,-1,-1,20.9664,1,21.030912,0.884736,21.915648
1800,32,32,-1,-1,-1,-1,-1,20.973568,1,21.028864,0.883712,21.912576
1801,32,32,-1,-1,-1,-1,-1,20.959232,1,21.026815,0.868352,21.895167
1802,32,32,-1,-1,-1,-1,-1,20.930559,1,20.994047,0.868352,21.862399
1803,32,32,-1,-1,-1,-1,-1,20.931583,1,20.996096,0.873472,21.869568
1804,32,32,-1,-1,-1,-1,-1,20.928513,1,20.993025,0.867328,21.860353
1805,32,32,-1,-1,-1,-1,-1,20.942848,1,20.985855,0.866304,21.852159
1806,32,32,-1,-1,-1,-1,-1,20.92544,1,20.990976,0.868352,21.859328
1807,32,32,-1,-1,-1,-1,-1,20.934656,1,20.979712,0.873472,21.853184
1808,32,32,-1,-1,-1,-1,-1,20.92544,1,20.987904,0.869376,21.85728
1809,32,32,-1,-1,-1,-1,-1,20.939775,1,21.004288,0.86528,21.869568
1810,32,32,-1,-1,-1,-1,-1,20.926464,1,20.990976,0.877568,21.868544
1811,32,32,-1,-1,-1,-1,-1,20.919296,1,20.982784,0.871424,21.854208
1812,32,32,-1,-1,-1,-1,-1,20.934656,1,21.000193,0.874496,21.874689
1813,32,32,-1,-1,-1,-1,-1,20.942848,1,21.00736,0.868352,21.875712
1814,32,32,-1,-1,-1,-1,-1,20.95104,1,21.017599,0.869376,21.886975
1815,32,32,-1,-1,-1,-1,-1,20.934656,1,20.989952,0.873472,21.863424
1816,32,32,-1,-1,-1,-1,-1,20.936705,1,20.999168,0.871424,21.870592
1817,32,32,-1,-1,-1,-1,-1,20.955135,1,21.020672,0.8704,21.891072
1818,32,32,-1,-1,-1,-1,-1,20.942848,1,21.000193,0.871424,21.871617
1819,32,32,-1,-1,-1,-1,-1,20.957184,1,21.020672,0.871424,21.892096
1820,32,32,-1,-1,-1,-1,-1,20.926464,1,20.989952,0.869376,21.859328
1821,32,32,-1,-1,-1,-1,-1,20.961281,1,21.004288,0.874496,21.878784
1822,32,32,-1,-1,-1,-1,-1,20.961281,1,21.026815,0.863232,21.890047
1823,32,32,-1,-1,-1,-1,-1,20.968449,1,21.011456,0.874496,21.885952
1824,32,32,-1,-1,-1,-1,-1,20.983809,1,21.048321,0.869376,21.917697
1825,32,32,-1,-1,-1,-1,-1,20.989952,1,21.054464,0.869376,21.92384
1826,32,32,-1,-1,-1,-1,-1,20.955135,1,21.019648,0.873472,21.89312
1827,32,32,-1,-1,-1,-1,-1,20.977665,1,21.0432,0.874496,21.917696
1828,32,32,-1,-1,-1,-1,-1,20.989952,1,21.05344,0.864256,21.917696
1829,32,32,-1,-1,-1,-1,-1,20.996096,1,21.059584,0.873472,21.933056
1830,32,32,-1,-1,-1,-1,-1,20.993025,1,21.060608,0.873472,21.93408
1831,32,2063,-1,-1,-1,-1,-1,-1,0,155.4944,0.889856,156.384256
1832,32,32,-1,-1,-1,-1,-1,21.426176,1,21.492737,0.878592,22.371329
1833,32,32,-1,-1,-1,-1,-1,21.254145,1,21.321728,0.873472,22.1952
1834,32,32,-1,-1,-1,-1,-1,21.126144,1,21.191681,0.878592,22.070273
1835,32,32,-1,-1,-1,-1,-1,21.061632,1,21.127169,0.8704,21.997569
1836,32,32,-1,-1,-1,-1,-1,21.018623,1,21.075968,0.866304,21.942272
1837,32,32,-1,-1,-1,-1,-1,21.047297,1,21.090303,0.869376,21.959679
1838,32,2064,-1,-1,-1,-1,-1,-1,0,155.053055,0.886784,155.939839
1839,32,32,-1,-1,-1,-1,-1,21.41696,1,21.460993,0.882688,22.343681
1840,32,2064,-1,-1,-1,-1,-1,-1,0,155.55072,0.892928,156.443648
1841,32,32,-1,-1,-1,-1,-1,21.391359,1,21.456896,0.881664,22.33856
1842,32,2064,-1,-1,-1,-1,-1,-1,0,156.051453,0.898048,156.949501
1843,32,32,-1,-1,-1,-1,-1,21.375999,1,21.433344,0.876544,22.309888
1844,32,32,-1,-1,-1,-1,-1,21.194752,1,21.259264,0.87552,22.134784
1845,32,32,-1,-1,-1,-1,-1,21.076992,1,21.121023,0.873472,21.994495
1846,32,32,-1,-1,-1,-1,-1,21.044224,1,21.10976,0.877568,21.987328
1847,32,32,-1,-1,-1,-1,-1,21.076992,1,21.133312,0.8704,22.003712
1848,32,32,-1,-1,-1,-1,-1,21.059584,1,21.124096,0.874496,21.998592
1849,32,32,-1,-1,-1,-1,-1,21.019648,1,21.083136,0.866304,21.94944
1850,32,32,-1,-1,-1,-1,-1,21.01248,1,21.078016,0.8704,21.948416
1851,32,32,-1,-1,-1,-1,-1,21.025791,1,21.092352,0.88064,21.972992
1852,32,32,-1,-1,-1,-1,-1,21.020672,1,21.087233,0.866304,21.953537
1853,32,32,-1,-1,-1,-1,-1,21.021696,1,21.063681,0.868352,21.932033
1854,32,32,-1,-1,-1,-1,-1,21.010431,1,21.075968,0.8704,21.946368
1855,32,32,-1,-1,-1,-1,-1,21.026815,1,21.069824,0.8704,21.940224
1856,32,32,-1,-1,-1,-1,-1,21.013504,1,21.069824,0.871424,21.941248
1857,32,32,-1,-1,-1,-1,-1,21.026815,1,21.085184,0.8704,21.955584
1858,32,2063,-1,-1,-1,-1,-1,-1,0,155.632645,0.89088,156.523525
1859,32,32,-1,-1,-1,-1,-1,21.424128,1,21.490688,0.881664,22.372352
1860,32,4096,-1,-1,-1,-1,-1,-1,0,272.865265,0.898048,273.763313
1861,32,2063,-1,-1,-1,-1,-1,-1,0,157.147141,0.883712,158.030852
1862,32,32,-1,-1,-1,-1,-1,21.397505,1,21.464064,0.876544,22.340608
1863,32,2064,-1,-1,-1,-1,-1,-1,0,155.97261,0.900096,156.872706
1864,32,32,-1,-1,-1,-1,-1,21.415936,1,21.483521,0.88064,22.36416
1865,32,4096,-1,-1,-1,-1,-1,-1,0,274.3255,0.896,275.221501
1866,32,32,-1,-1,-1,-1,-1,21.556225,1,21.623808,0.881664,22.505472
1867,32,32,-1,-1,-1,-1,-1,21.317633,1,21.388288,0.87552,22.263808
1868,32,32,-1,-1,-1,-1,-1,21.121023,1,21.188608,0.873472,22.06208
1869,32,32,-1,-1,-1,-1,-1,21.071873,1,21.11488,0.871424,21.986304
1870,32,32,-1,-1,-1,-1,-1,21.040129,1,21.106688,0.871424,21.978112
1871,32,32,-1,-1,-1,-1,-1,21.036032,1,21.080065,0.872448,21.952513
1872,32,32,-1,-1,-1,-1,-1,21.049343,1,21.116928,0.8704,21.987328
1873,32,32,-1,-1,-1,-1,-1,20.987904,1,21.042175,0.866304,21.908479
1874,32,32,-1,-1,-1,-1,-1,21.009409,1,21.065727,0.867328,21.933055
1875,32,32,-1,-1,-1,-1,-1,21.036032,1,21.101568,0.871424,21.972992
1876,32,2064,-1,-1,-1,-1,-1,-1,0,155.390976,0.882688,156.273664
1877,32,7968,-1,-1,-1,-1,-1,-1,0,523.10321,0.89088,523.99409
1878,32,32,-1,-1,-1,-1,-1,21.389313,1,21.453823,0.8704,22.324223
1879,32,32,-1,-1,-1,-1,-1,21.15584,1,21.21216,0.876544,22.088704
1880,32,2064,-1,-1,-1,-1,-1,-1,0,155.700226,0.893952,156.594178
1881,32,32,-1,-1,-1,-1,-1,21.378048,1,21.444609,0.878592,22.323201
1882,32,32,-1,-1,-1,-1,-1,21.16608,1,21.210112,0.87552,22.085632
1883,32,32,-1,-1,-1,-1,-1,21.047297,1,21.105663,0.869376,21.975039
1884,32,32,-1,-1,-1,-1,-1,20.98176,1,21.046272,0.877568,21.92384
1885,32,32,-1,-1,-1,-1,-1,21.017599,1,21.059584,0.868352,21.927936
1886,32,2064,-1,-1,-1,-1,-1,-1,0,155.403259,0.88064,156.283899
1887,32,2064,-1,-1,-1,-1,-1,-1,0,156.868607,0.879616,157.748223
1888,32,2064,-1,-1,-1,-1,-1,-1,0,157.631485,0.892928,158.524413
1889,32,32,-1,-1,-1,-1,-1,21.408768,1,21.452801,0.89088,22.343681
1890,32,32,-1,-1,-1,-1,-1,21.18656,1,21.25312,0.872448,22.125568
1891,32,32,-1,-1,-1,-1,-1,21.057535,1,21.124096,0.8704,21.994496
1892,32,32,-1,-1,-1,-1,-1,21.016577,1,21.082111,0.869376,21.951487
1893,32,32,-1,-1,-1,-1,-1,20.98176,1,21.046272,0.868352,21.914624
1894,32,2064,-1,-1,-1,-1,-1,-1,0,155.102203,0.89088,155.993083
1895,32,2064,-1,-1,-1,-1,-1,-1,0,157.732864,0.888832,158.621696
1896,32,32,-1,-1,-1,-1,-1,21.380096,1,21.446655,0.877568,22.324223
1897,32,2064,-1,-1,-1,-1,-1,-1,0,155.84256,0.88576,156.72832
1898,32,2064,-1,-1,-1,-1,-1,-1,0,157.608963,0.888832,158.497795
1899,32,32,-1,-1,-1,-1,-1,21.37088,1,21.430271,0.876544,22.306815
1900,32,2064,-1,-1,-1,-1,-1,-1,0,155.858948,0.889856,156.748804
1901,32,32,-1,-1,-1,-1,-1,21.375999,1,21.419008,0.888832,22.30784
1902,32,32,-1,-1,-1,-1,-1,21.136383,1,21.203968,0.868352,22.07232
1903,32,32,-1,-1,-1,-1,-1,21.058559,1,21.123072,0.874496,21.997568
1904,32,2064,-1,-1,-1,-1,-1,-1,0,155.151367,0.883712,156.035079
1905,32,32,-1,-1,-1,-1,-1,21.41184,1,21.455872,0.893952,22.349824
1906,32,32,-1,-1,-1,-1,-1,21.223425,1,21.289984,0.877568,22.167552
1907,32,32,-1,-1,-1,-1,-1,21.035007,1,21.100544,0.873472,21.974016
1908,32,32,-1,-1,-1,-1,-1,20.985855,1,21.044224,0.869376,21.9136
1909,32,32,-1,-1,-1,-1,-1,21.009409,1,21.072895,0.87552,21.948415
1910,32,32,-1,-1,-1,-1,-1,21.005312,1,21.070848,0.871424,21.942272
1911,32,2064,-1,-1,-1,-1,-1,-1,0,155.310074,0.881664,156.191738
1912,32,4096,-1,-1,-1,-1,-1,-1,0,273.190918,0.892928,274.083846
1913,32,32,-1,-1,-1,-1,-1,21.359615,1,21.425152,0.88064,22.305792
1914,32,32,-1,-1,-1,-1,-1,21.176319,1,21.24288,0.883712,22.126592
1915,32,32,-1,-1,-1,-1,-1,21.045248,1,21.089279,0.871424,21.960703
1916,32,2064,-1,-1,-1,-1,-1,-1,0,155.424774,0.88576,156.310534
1917,32,32,-1,-1,-1,-1,-1,21.384192,1,21.428225,0.882688,22.310913
1918,32,32,-1,-1,-1,-1,-1,21.177343,1,21.243904,0.878592,22.122496
1919,32,32,-1,-1,-1,-1,-1,21.066751,1,21.124096,0.867328,21.991424
1920,32,32,-1,-1,-1,-1,-1,20.971519,1,21.037056,0.871424,21.90848
1921,32,32,-1,-1,-1,-1,-1,20.967424,1,21.009409,0.867328,21.876737
1922,32,2064,-1,-1,-1,-1,-1,-1,0,155.116547,0.883712,156.000259
1923,32,32,-1,-1,-1,-1,-1,21.431295,1,21.496832,0.879616,22.376448
1924,32,32,-1,-1,-1,-1,-1,21.21216,1,21.279743,0.871424,22.151167
1925,32,32,-1,-1,-1,-1,-1,21.044224,1,21.108736,0.873472,21.982208
1926,32,32,-1,-1,-1,-1,-1,20.948992,1,21.005312,0.872448,21.87776
1927,32,32,-1,-1,-1,-1,-1,20.989952,1,21.054464,0.873472,21.927936
1928,32,32,-1,-1,-1,-1,-1,20.987904,1,21.05344,0.878592,21.932032
1929,32,32,-1,-1,-1,-1,-1,20.952065,1,21.017599,0.868352,21.885951
1930,32,2064,-1,-1,-1,-1,-1,-1,0,155.549698,0.879616,156.429314
1931,32,32,-1,-1,-1,-1,-1,21.318657,1,21.362688,0.876544,22.239232
1932,32,32,-1,-1,-1,-1,-1,21.085184,1,21.151745,0.878592,22.030337
1933,32,32,-1,-1,-1,-1,-1,21.032961,1,21.076992,0.874496,21.951488
1934,32,32,-1,-1,-1,-1,-1,20.992001,1,21.057535,0.871424,21.928959
1935,32,32,-1,-1,-1,-1,-1,20.990976,1,21.046272,0.8704,21.916672
1936,32,32,-1,-1,-1,-1,-1,21.002239,1,21.067776,0.874496,21.942272
1937,32,32,-1,-1,-1,-1,-1,20.965376,1,21.008385,0.869376,21.877761
1938,32,32,-1,-1,-1,-1,-1,20.961281,1,21.016577,0.868352,21.884929
1939,32,32,-1,-1,-1,-1,-1,20.944897,1,21.00736,0.868352,21.875712
1940,32,32,-1,-1,-1,-1,-1,20.939775,1,21.004288,0.874496,21.878784
1941,32,32,-1,-1,-1,-1,-1,20.965376,1,21.020672,0.883712,21.904384
1942,32,32,-1,-1,-1,-1,-1,20.952065,1,21.016577,0.872448,21.889025
1943,32,32,-1,-1,-1,-1,-1,20.964352,1,21.021696,0.871424,21.89312
1944,32,32,-1,-1,-1,-1,-1,20.95616,1,21.020672,0.872448,21.89312
1945,32,32,-1,-1,-1,-1,-1,20.944897,1,21.019648,0.867328,21.886976
1946,32,32,-1,-1,-1,-1,-1,20.959232,1,21.023745,0.866304,21.890049
1947,32,2064,-1,-1,-1,-1,-1,-1,0,155.049988,0.88576,155.935748
1948,32,32,-1,-1,-1,-1,-1,21.392384,1,21.450752,0.876544,22.327296
1949,32,32,-1,-1,-1,-1,-1,21.173248,1,21.218304,0.874496,22.0928
1950,32,32,-1,-1,-1,-1,-1,21.062656,1,21.129215,0.867328,21.996543
1951,32,2064,-1,-1,-1,-1,-1,-1,0,155.352066,0.886784,156.23885
1952,32,32,-1,-1,-1,-1,-1,21.384192,1,21.44256,0.873472,22.316032
1953,32,32,-1,-1,-1,-1,-1,21.149696,1,21.195776,0.876544,22.07232
1954,32,32,-1,-1,-1,-1,-1,21.041151,1,21.107712,0.876544,21.984256
1955,32,32,-1,-1,-1,-1,-1,21.024769,1,21.089279,0.874496,21.963775
1956,32,32,-1,-1,-1,-1,-1,21.024769,1,21.091328,0.87552,21.966848
1957,32,2064,-1,-1,-1,-1,-1,-1,0,155.547653,0.887808,156.435461
1958,32,32,-1,-1,-1,-1,-1,21.394432,1,21.465088,0.876544,22.341632
1959,32,32,-1,-1,-1,-1,-1,21.226496,1,21.292032,0.878592,22.170624
1960,32,32,-1,-1,-1,-1,-1,21.116928,1,21.182465,0.8704,22.052865
1961,32,32,-1,-1,-1,-1,-1,21.028864,1,21.0944,0.869376,21.963776
1962,32,32,-1,-1,-1,-1,-1,21.036032,1,21.101568,0.871424,21.972992
1963,32,32,-1,-1,-1,-1,-1,21.032961,1,21.097471,0.869376,21.966847
1964,32,32,-1,-1,-1,-1,-1,21.031937,1,21.095425,0.877568,21.972993
1965,32,32,-1,-1,-1,-1,-1,20.971519,1,21.017599,0.86528,21.882879
1966,32,32,-1,-1,-1,-1,-1,20.983809,1,21.048321,0.869376,21.917697
1967,32,32,-1,-1,-1,-1,-1,20.974592,1,21.041151,0.867328,21.908479
1968,32,32,-1,-1,-1,-1,-1,21.016577,1,21.073919,0.8704,21.944319
1969,32,32,-1,-1,-1,-1,-1,21.026815,1,21.0688,0.869376,21.938176
1970,32,32,-1,-1,-1,-1,-1,21.003263,1,21.061632,0.871424,21.933056
1971,32,32,-1,-1,-1,-1,-1,21.002239,1,21.066751,0.872448,21.9392
1972,32,32,-1,-1,-1,-1,-1,21.017599,1,21.083136,0.872448,21.955584
1973,32,32,-1,-1,-1,-1,-1,20.993025,1,21.058559,0.866304,21.924863
1974,32,32,-1,-1,-1,-1,-1,21.017599,1,21.082111,0.873472,21.955583
1975,32,32,-1,-1,-1,-1,-1,21.006336,1,21.064705,0.867328,21.932033
1976,32,32,-1,-1,-1,-1,-1,20.999168,1,21.064705,0.872448,21.937153
1977,32,32,-1,-1,-1,-1,-1,21.004288,1,21.069824,0.871424,21.941248
1978,32,2063,-1,-1,-1,-1,-1,-1,0,155.277313,0.882688,156.160001
1979,32,32,-1,-1,-1,-1,-1,21.435392,1,21.500929,0.873472,22.374401
1980,32,32,-1,-1,-1,-1,-1,21.223425,1,21.291008,0.88576,22.176768
1981,32,32,-1,-1,-1,-1,-1,21.145599,1,21.188608,0.873472,22.06208
1982,32,32,-1,-1,-1,-1,-1,21.096449,1,21.161983,0.877568,22.039551
1983,32,4094,-1,-1,-1,-1,-1,-1,0,271.801331,0.891904,272.693235
1984,32,2064,-1,-1,-1,-1,-1,-1,0,157.025284,0.88576,157.911044
1985,32,2064,-1,-1,-1,-1,-1,-1,0,156.8983,0.89088,157.78918
1986,32,32,-1,-1,-1,-1,-1,21.409792,1,21.475328,0.882688,22.358016
1987,32,32,-1,-1,-1,-1,-1,21.236736,1,21.301249,0.88576,22.187009
1988,32,32,-1,-1,-1,-1,-1,21.091328,1,21.156864,0.874496,22.03136
1989,32,32,-1,-1,-1,-1,-1,21.067776,1,21.133312,0.872448,22.00576
1990,32,2064,-1,-1,-1,-1,-1,-1,0,155.57222,0.900096,156.472316
1991,32,32,-1,-1,-1,-1,-1,21.420033,1,21.487616,0.87552,22.363136
1992,32,2064,-1,-1,-1,-1,-1,-1,0,155.874298,0.892928,156.767226
1993,32,2064,-1,-1,-1,-1,-1,-1,0,157.484039,0.881664,158.365703
1994,32,2064,-1,-1,-1,-1,-1,-1,0,157.759491,0.877568,158.637059
1995,32,2064,-1,-1,-1,-1,-1,-1,0,157.413376,0.884736,158.298112
1996,32,32,-1,-1,-1,-1,-1,21.455872,1,21.522432,0.882688,22.40512
1997,32,4096,-1,-1,-1,-1,-1,-1,0,275.192841,0.891904,276.084745
1998,32,32,-1,-1,-1,-1,-1,21.556225,1,21.622784,0.887808,22.510592
1999,32,4096,-1,-1,-1,-1,-1,-1,0,273.114105,0.899072,274.013177
2000,32,32,-1,-1,-1,-1,-1,21.453823,1,21.520384,0.881664,22.402048
2001,32,32,-1,-1,-1,-1,-1,21.234688,1,21.301249,0.877568,22.178817
2002,32,32,-1,-1,-1,-1,-1,21.112831,1,21.180416,0.876544,22.05696
2003,32,32,-1,-1,-1,-1,-1,21.040129,1,21.082111,0.871424,21.953535
2004,32,32,-1,-1,-1,-1,-1,21.021696,1,21.064705,0.869376,21.934081
2005,32,32,-1,-1,-1,-1,-1,21.051392,1,21.116928,0.871424,21.988352
2006,32,32,-1,-1,-1,-1,-1,21.028864,1,21.0944,0.866304,21.960704
2007,32,32,-1,-1,-1,-1,-1,20.984833,1,21.041151,0.86528,21.906431
2008,32,2064,-1,-1,-1,-1,-1,-1,0,153.469955,0.883712,154.353667
2009,32,32,-1,-1,-1,-1,-1,21.470207,1,21.536768,0.878592,22.41536
2010,32,32,-1,-1,-1,-1,-1,21.179392,1,21.247999,0.874496,22.122495
2011,32,32,-1,-1,-1,-1,-1,21.11488,1,21.172224,0.869376,22.0416
2012,32,2064,-1,-1,-1,-1,-1,-1,0,155.363327,0.891904,156.255231
2013,32,32,-1,-1,-1,-1,-1,21.481472,1,21.548033,0.883712,22.431745
2014,32,2064,-1,-1,-1,-1,-1,-1,0,155.975677,0.898048,156.873725
2015,32,32,-1,-1,-1,-1,-1,21.414911,1,21.480448,0.876544,22.356992
2016,32,32,-1,-1,-1,-1,-1,21.199871,1,21.265408,0.87552,22.140928
2017,32,32,-1,-1,-1,-1,-1,21.104639,1,21.169151,0.87552,22.044671
2018,32,32,-1,-1,-1,-1,-1,21.031937,1,21.095425,0.8704,21.965825
2019,32,32,-1,-1,-1,-1,-1,21.030912,1,21.072895,0.879616,21.952511
2020,32,2064,-1,-1,-1,-1,-1,-1,0,155.218948,0.88064,156.099588
2021,32,4096,-1,-1,-1,-1,-1,-1,0,274.499573,0.888832,275.388405
2022,32,2064,-1,-1,-1,-1,-1,-1,0,157.686783,0.88064,158.567423
2023,32,32,-1,-1,-1,-1,-1,21.291008,1,21.348352,0.877568,22.22592
2024,32,32,-1,-1,-1,-1,-1,21.130239,1,21.197824,0.8704,22.068224
2025,32,32,-1,-1,-1,-1,-1,21.031937,1,21.095425,0.872448,21.967873
2026,32,32,-1,-1,-1,-1,-1,21.018623,1,21.082111,0.869376,21.951487
2027,32,32,-1,-1,-1,-1,-1,21.02784,1,21.092352,0.868352,21.960704
2028,32,2064,-1,-1,-1,-1,-1,-1,0,155.774979,0.891904,156.666883
2029,32,32,-1,-1,-1,-1,-1,21.374975,1,21.441536,0.87552,22.317056
2030,32,2064,-1,-1,-1,-1,-1,-1,0,155.703293,0.892928,156.596221
2031,32,32,-1,-1,-1,-1,-1,21.35552,1,21.424128,0.87552,22.299648
2032,32,32,-1,-1,-1,-1,-1,21.146624,1,21.21216,0.874496,22.086656
2033,32,32,-1,-1,-1,-1,-1,21.035007,1,21.09952,0.873472,21.972992
2034,32,32,-1,-1,-1,-1,-1,21.009409,1,21.066751,0.879616,21.946368
2035,32,32,-1,-1,-1,-1,-1,21.00736,1,21.050367,0.871424,21.921791
2036,32,32,-1,-1,-1,-1,-1,21.026815,1,21.091328,0.869376,21.960704
2037,32,32,-1,-1,-1,-1,-1,21.024769,1,21.089279,0.87552,21.964799
2038,32,32,-1,-1,-1,-1,-1,20.999168,1,21.056513,0.866304,21.922817
2039,32,32,-1,-1,-1,-1,-1,20.972544,1,21.037056,0.873472,21.910528
2040,32,2064,-1,-1,-1,-1,-1,-1,0,155.060226,0.881664,155.94189
2041,32,32,-1,-1,-1,-1,-1,21.45792,1,21.515265,0.89088,22.406144
2042,32,32,-1,-1,-1,-1,-1,21.176319,1,21.244928,0.8704,22.115328
2043,32,2064,-1,-1,-1,-1,-1,-1,0,155.338745,0.886784,156.225529
2044,32,32,-1,-1,-1,-1,-1,21.445633,1,21.512192,0.88064,22.392832
2045,32,32,-1,-1,-1,-1,-1,21.272575,1,21.34016,0.883712,22.223872
2046,32,32,-1,-1,-1,-1,-1,21.100544,1,21.16608,0.87552,22.0416
2047,32,32,-1,-1,-1,-1,-1,21.009409,1,21.074944,0.874496,21.94944
2048,32,2064,-1,-1,-1,-1,-1,-1,0,156.036102,0.89088,156.926982
2049,32,32,-1,-1,-1,-1,-1,21.455872,1,21.522432,0.883712,22.406144
2050,32,32,-1,-1,-1,-1,-1,21.25312,1,21.320704,0.87552,22.196223
2051,32,4094,-1,-1,-1,-1,-1,-1,0,272.417786,0.896,273.313786
2052,32,32,-1,-1,-1,-1,-1,21.353472,1,21.420033,0.876544,22.296576
2053,32,32,-1,-1,-1,-1,-1,21.200895,1,21.26848,0.873472,22.141952
2054,32,2064,-1,-1,-1,-1,-1,-1,0,155.847687,0.881664,156.729351
2055,32,32,-1,-1,-1,-1,-1,21.367807,1,21.410816,0.879616,22.290432
2056,32,32,-1,-1,-1,-1,-1,21.226496,1,21.292032,0.8704,22.162432
2057,32,32,-1,-1,-1,-1,-1,21.072895,1,21.139456,0.872448,22.011904
2058,32,32,-1,-1,-1,-1,-1,21.009409,1,21.072895,0.872448,21.945343
2059,32,32,-1,-1,-1,-1,-1,21.005312,1,21.071873,0.868352,21.940225
2060,32,32,-1,-1,-1,-1,-1,21.011456,1,21.076992,0.869376,21.946368
2061,32,32,-1,-1,-1,-1,-1,20.972544,1,21.03808,0.866304,21.904384
2062,32,32,-1,-1,-1,-1,-1,20.946943,1,21.011456,0.869376,21.880832
2063,32,32,-1,-1,-1,-1,-1,20.968449,1,21.032961,0.869376,21.902337
2064,32,32,-1,-1,-1,-1,-1,20.98176,1,21.046272,0.869376,21.915648
2065,32,32,-1,-1,-1,-1,-1,20.979712,1,21.044224,0.869376,21.9136
2066,32,32,-1,-1,-1,-1,-1,20.980736,1,21.02272,0.87552,21.89824
2067,32,32,-1,-1,-1,-1,-1,20.977665,1,21.020672,0.86528,21.885952
2068,32,32,-1,-1,-1,-1,-1,20.980736,1,21.045248,0.867328,21.912576
2069,32,32,-1,-1,-1,-1,-1,20.979712,1,21.045248,0.871424,21.916672
2070,32,32,-1,-1,-1,-1,-1,20.963327,1,21.029888,0.874496,21.904384
2071,32,32,-1,-1,-1,-1,-1,20.971519,1,21.014528,0.869376,21.883904
2072,32,32,-1,-1,-1,-1,-1,21.001217,1,21.064705,0.871424,21.936129
2073,32,32,-1,-1,-1,-1,-1,20.979712,1,21.0432,0.8704,21.9136
2074,32,32,-1,-1,-1,-1,-1,20.975616,1,21.039104,0.869376,21.90848
2075,32,32,-1,-1,-1,-1,-1,20.973568,1,21.040129,0.872448,21.912577
2076,32,32,-1,-1,-1,-1,-1,20.979712,1,21.036032,0.871424,21.907456
2077,32,32,-1,-1,-1,-1,-1,20.980736,1,21.03808,0.878592,21.916672
2078,32,32,-1,-1,-1,-1,-1,20.965376,1,21.030912,0.868352,21.899264
2079,32,32,-1,-1,-1,-1,-1,20.988928,1,21.052416,0.874496,21.926912
2080,32,32,-1,-1,-1,-1,-1,21.016577,1,21.080065,0.868352,21.948417
2081,32,2064,-1,-1,-1,-1,-1,-1,0,155.324417,0.887808,156.212225
2082,32,32,-1,-1,-1,-1,-1,21.429249,1,21.47328,0.877568,22.350848
2083,32,32,-1,-1,-1,-1,-1,21.26848,1,21.312511,0.874496,22.187007
2084,32,2064,-1,-1,-1,-1,-1,-1,0,155.670532,0.884736,156.555268
2085,32,32,-1,-1,-1,-1,-1,21.4272,1,21.492737,0.876544,22.369281
2086,32,32,-1,-1,-1,-1,-1,21.20192,1,21.26848,0.871424,22.139904
2087,32,2064,-1,-1,-1,-1,-1,-1,0,154.557434,0.898048,155.455482
2088,32,32,-1,-1,-1,-1,-1,21.435392,1,21.492737,0.877568,22.370305
2089,32,32,-1,-1,-1,-1,-1,21.230593,1,21.296127,0.87552,22.171647
2090,32,32,-1,-1,-1,-1,-1,21.079041,1,21.135361,0.874496,22.009857
2091,32,32,-1,-1,-1,-1,-1,21.030912,1,21.0944,0.872448,21.966848
2092,32,32,-1,-1,-1,-1,-1,21.081087,1,21.147648,0.87552,22.023168
2093,32,32,-1,-1,-1,-1,-1,21.064705,1,21.129215,0.86528,21.994495
2094,32,32,-1,-1,-1,-1,-1,21.02272,1,21.089279,0.871424,21.960703
2095,32,32,-1,-1,-1,-1,-1,20.980736,1,21.046272,0.877568,21.92384
2096,32,32,-1,-1,-1,-1,-1,21.00736,1,21.071873,0.871424,21.943297
2097,32,32,-1,-1,-1,-1,-1,21.024769,1,21.088257,0.869376,21.957633
2098,32,32,-1,-1,-1,-1,-1,21.017599,1,21.060608,0.866304,21.926912
2099,32,32,-1,-1,-1,-1,-1,21.013504,1,21.054464,0.8704,21.924864
2100,32,32,-1,-1,-1,-1,-1,21.021696,1,21.086208,0.869376,21.955584
2101,32,4095,-1,-1,-1,-1,-1,-1,0,271.732727,0.896,272.628727
2102,32,32,-1,-1,-1,-1,-1,21.477377,1,21.543936,0.876544,22.42048
2103,32,32,-1,-1,-1,-1,-1,21.188608,1,21.25312,0.8704,22.12352
2104,32,32,-1,-1,-1,-1,-1,21.145599,1,21.21216,0.874496,22.086656
2105,32,2064,-1,-1,-1,-1,-1,-1,0,156.138489,0.881664,157.020153
2106,32,32,-1,-1,-1,-1,-1,21.485567,1,21.551104,0.877568,22.428672
2107,32,32,-1,-1,-1,-1,-1,21.289984,1,21.354496,0.878592,22.233088
2108,32,2064,-1,-1,-1,-1,-1,-1,0,156.18663,0.891904,157.078534
2109,32,2064,-1,-1,-1,-1,-1,-1,0,157.045761,0.888832,157.934593
2110,32,2064,-1,-1,-1,-1,-1,-1,0,157.08876,0.88064,157.9694
2111,32,2064,-1,-1,-1,-1,-1,-1,0,157.471741,0.887808,158.359549
2112,32,32,-1,-1,-1,-1,-1,21.361664,1,21.4272,0.871424,22.298624
2113,32,2064,-1,-1,-1,-1,-1,-1,0,155.771912,0.893952,156.665864
2114,32,32,-1,-1,-1,-1,-1,21.423103,1,21.466112,0.88064,22.346752
2115,32,32,-1,-1,-1,-1,-1,21.194752,1,21.237761,0.879616,22.117377
2116,32,6128,-1,-1,-1,-1,-1,-1,0,402.144257,0.899072,403.043329
2117,32,32,-1,-1,-1,-1,-1,21.445633,1,21.512192,0.884736,22.396928
2118,32,32,-1,-1,-1,-1,-1,21.257215,1,21.323776,0.877568,22.201344
2119,32,2064,-1,-1,-1,-1,-1,-1,0,155.491333,0.889856,156.381189
2120,32,4096,-1,-1,-1,-1,-1,-1,0,273.727478,0.894976,274.622454
2121,32,32,-1,-1,-1,-1,-1,21.593088,1,21.6576,0.88064,22.53824
2122,32,32,-1,-1,-1,-1,-1,21.270529,1,21.31456,0.876544,22.191104
2123,32,2063,-1,-1,-1,-1,-1,-1,0,155.176956,0.89088,156.067836
2124,32,32,-1,-1,-1,-1,-1,21.422079,1,21.48864,0.877568,22.366208
2125,32,32,-1,-1,-1,-1,-1,21.195776,1,21.261312,0.8704,22.131712
2126,32,32,-1,-1,-1,-1,-1,21.047297,1,21.111809,0.868352,21.980161
2127,32,32,-1,-1,-1,-1,-1,20.979712,1,21.036032,0.874496,21.910528
2128,32,32,-1,-1,-1,-1,-1,21.01248,1,21.076992,0.872448,21.94944
2129,32,32,-1,-1,-1,-1,-1,20.982784,1,21.041151,0.8704,21.911551
2130,32,32,-1,-1,-1,-1,-1,20.992001,1,21.033983,0.878592,21.912575
2131,32,32,-1,-1,-1,-1,-1,20.916224,1,20.958208,0.873472,21.83168
2132,32,32,-1,-1,-1,-1,-1,20.930559,1,20.998144,0.864256,21.8624
2133,32,32,-1,-1,-1,-1,-1,20.957184,1,21.021696,0.869376,21.891072
2134,32,32,-1,-1,-1,-1,-1,20.955135,1,21.018623,0.873472,21.892095
2135,32,32,-1,-1,-1,-1,-1,20.939775,1,21.005312,0.87552,21.880832
2136,32,32,-1,-1,-1,-1,-1,20.926464,1,20.993025,0.868352,21.861377
2137,32,32,-1,-1,-1,-1,-1,20.963327,1,21.019648,0.8704,21.890048
2138,32,2064,-1,-1,-1,-1,-1,-1,0,155.144196,0.881664,156.02586
2139,32,32,-1,-1,-1,-1,-1,21.361664,1,21.426176,0.876544,22.30272
2140,32,2064,-1,-1,-1,-1,-1,-1,0,155.924484,0.881664,156.806148
2141,32,2064,-1,-1,-1,-1,-1,-1,0,157.415421,0.882688,158.298109
2142,32,32,-1,-1,-1,-1,-1,21.325825,1,21.390335,0.876544,22.266879
2143,32,2064,-1,-1,-1,-1,-1,-1,0,156.256256,0.889856,157.146112
2144,32,32,-1,-1,-1,-1,-1,21.363712,1,21.431295,0.871424,22.302719
2145,32,32,-1,-1,-1,-1,-1,21.173248,1,21.239807,0.868352,22.108159
2146,32,32,-1,-1,-1,-1,-1,21.036032,1,21.078016,0.8704,21.948416
2147,32,32,-1,-1,-1,-1,-1,21.01248,1,21.055489,0.874496,21.929985
2148,32,32,-1,-1,-1,-1,-1,21.001217,1,21.067776,0.871424,21.9392
2149,32,32,-1,-1,-1,-1,-1,21.013504,1,21.079041,0.871424,21.950465
2150,32,32,-1,-1,-1,-1,-1,20.973568,1,21.039104,0.876544,21.915648
2151,32,32,-1,-1,-1,-1,-1,20.959232,1,21.023745,0.8704,21.894145
2152,32,32,-1,-1,-1,-1,-1,20.974592,1,21.031937,0.866304,21.898241
2153,32,32,-1,-1,-1,-1,-1,20.982784,1,21.048321,0.8704,21.918721
2154,32,32,-1,-1,-1,-1,-1,20.982784,1,21.045248,0.871424,21.916672
2155,32,32,-1,-1,-1,-1,-1,20.958208,1,21.021696,0.868352,21.890048
2156,32,2064,-1,-1,-1,-1,-1,-1,0,155.108353,0.88576,155.994113
2157,32,32,-1,-1,-1,-1,-1,21.464064,1,21.530624,0.893952,22.424576
2158,32,32,-1,-1,-1,-1,-1,21.448704,1,21.516289,0.882688,22.398977
2159,32,32,-1,-1,-1,-1,-1,21.120001,1,21.178368,0.882688,22.061056
2160,32,2064,-1,-1,-1,-1,-1,-1,0,155.332611,0.884736,156.217347
2161,32,32,-1,-1,-1,-1,-1,21.464064,1,21.530624,0.874496,22.40512
2162,32,32,-1,-1,-1,-1,-1,21.204992,1,21.247999,0.873472,22.121471
2163,32,2064,-1,-1,-1,-1,-1,-1,0,154.827774,0.887808,155.715582
2164,32,32,-1,-1,-1,-1,-1,21.450752,1,21.508097,0.884736,22.392833
2165,32,32,-1,-1,-1,-1,-1,21.246977,1,21.303295,0.877568,22.180863
2166,32,2063,-1,-1,-1,-1,-1,-1,0,155.390976,0.889856,156.280832
2167,32,32,-1,-1,-1,-1,-1,21.481472,1,21.547009,0.883712,22.430721
2168,32,32,-1,-1,-1,-1,-1,21.25312,1,21.321728,0.874496,22.196224
2169,32,32,-1,-1,-1,-1,-1,21.091328,1,21.157888,0.874496,22.032384
2170,32,32,-1,-1,-1,-1,-1,21.001217,1,21.064705,0.872448,21.937153
2171,32,2064,-1,-1,-1,-1,-1,-1,0,155.582458,0.886784,156.469243
2172,32,32,-1,-1,-1,-1,-1,21.458944,1,21.525503,0.882688,22.408191
2173,32,32,-1,-1,-1,-1,-1,21.229568,1,21.296127,0.874496,22.170623
2174,32,32,-1,-1,-1,-1,-1,21.069824,1,21.136383,0.869376,22.005759
2175,32,2064,-1,-1,-1,-1,-1,-1,0,154.808319,0.883712,155.692031
2176,32,2064,-1,-1,-1,-1,-1,-1,0,157.722626,0.886784,158.60941
2177,32,32,-1,-1,-1,-1,-1,21.381121,1,21.438463,0.887808,22.326271
2178,32,2064,-1,-1,-1,-1,-1,-1,0,156.051453,0.888832,156.940285
2179,32,32,-1,-1,-1,-1,-1,21.354496,1,21.419008,0.881664,22.300672
2180,32,32,-1,-1,-1,-1,-1,21.118977,1,21.185535,0.873472,22.059007
2181,32,32,-1,-1,-1,-1,-1,21.029888,1,21.0944,0.871424,21.965824
2182,32,2064,-1,-1,-1,-1,-1,-1,0,155.322372,0.888832,156.211204
2183,32,2064,-1,-1,-1,-1,-1,-1,0,156.662781,0.87552,157.538301
2184,32,32,-1,-1,-1,-1,-1,21.244928,1,21.311487,0.873472,22.184959
2185,32,32,-1,-1,-1,-1,-1,21.115904,1,21.180416,0.874496,22.054912
2186,32,32,-1,-1,-1,-1,-1,21.018623,1,21.083136,0.876544,21.95968
2187,32,2064,-1,-1,-1,-1,-1,-1,0,155.475967,0.881664,156.357631
2188,32,32,-1,-1,-1,-1,-1,21.300224,1,21.358591,0.87552,22.234111
2189,32,32,-1,-1,-1,-1,-1,21.111809,1,21.177343,0.888832,22.066175
2190,32,32,-1,-1,-1,-1,-1,21.001217,1,21.066751,0.874496,21.941247
2191,32,32,-1,-1,-1,-1,-1,20.99712,1,21.061632,0.883712,21.945344
2192,32,32,-1,-1,-1,-1,-1,21.011456,1,21.078016,0.874496,21.952512
2193,32,32,-1,-1,-1,-1,-1,20.977665,1,21.0432,0.873472,21.916672
2194,32,32,-1,-1,-1,-1,-1,20.957184,1,21.020672,0.872448,21.89312
2195,32,32,-1,-1,-1,-1,-1,20.933632,1,20.987904,0.874496,21.8624
2196,32,32,-1,-1,-1,-1,-1,20.932608,1,20.996096,0.8704,21.866496
2197,32,32,-1,-1,-1,-1,-1,20.932608,1,20.998144,0.871424,21.869568
2198,32,32,-1,-1,-1,-1,-1,20.95616,1,21.020672,0.8704,21.891072
2199,32,32,-1,-1,-1,-1,-1,20.961281,1,21.025791,0.866304,21.892095
2200,32,2064,-1,-1,-1,-1,-1,-1,0,155.238403,0.881664,156.120067
2201,32,32,-1,-1,-1,-1,-1,21.430271,1,21.48864,0.878592,22.367232
2202,32,32,-1,-1,-1,-1,-1,21.170176,1,21.229568,0.87552,22.105088
2203,32,32,-1,-1,-1,-1,-1,21.045248,1,21.110785,0.8704,21.981185
2204,32,32,-1,-1,-1,-1,-1,21.009409,1,21.066751,0.869376,21.936127
2205,32,32,-1,-1,-1,-1,-1,21.0432,1,21.107712,0.881664,21.989376
2206,32,32,-1,-1,-1,-1,-1,21.035007,1,21.09952,0.872448,21.971968
2207,32,32,-1,-1,-1,-1,-1,20.975616,1,21.041151,0.86528,21.906431
2208,32,32,-1,-1,-1,-1,-1,20.972544,1,21.029888,0.867328,21.897216
2209,32,32,-1,-1,-1,-1,-1,20.975616,1,21.039104,0.8704,21.909504
2210,32,32,-1,-1,-1,-1,-1,20.9664,1,21.031937,0.874496,21.906433
2211,32,32,-1,-1,-1,-1,-1,20.972544,1,21.035007,0.867328,21.902335
2212,32,32,-1,-1,-1,-1,-1,21.00736,1,21.071873,0.8704,21.942273
2213,32,32,-1,-1,-1,-1,-1,20.985855,1,21.049343,0.868352,21.917695
2214,32,32,-1,-1,-1,-1,-1,20.964352,1,21.029888,0.871424,21.901312
2215,32,32,-1,-1,-1,-1,-1,20.965376,1,21.029888,0.869376,21.899264
2216,32,2064,-1,-1,-1,-1,-1,-1,0,155.014145,0.896,155.910145
2217,32,32,-1,-1,-1,-1,-1,21.482496,1,21.548033,0.876544,22.424577
2218,32,2064,-1,-1,-1,-1,-1,-1,0,156.220413,0.884736,157.105149
2219,32,32,-1,-1,-1,-1,-1,21.477377,1,21.542912,0.89088,22.433792
2220,32,32,-1,-1,-1,-1,-1,21.252096,1,21.318657,0.87552,22.194177
2221,32,2064,-1,-1,-1,-1,-1,-1,0,155.831299,0.889856,156.721155
2222,32,32,-1,-1,-1,-1,-1,21.471231,1,21.536768,0.876544,22.413312
2223,32,32,-1,-1,-1,-1,-1,21.165056,1,21.231615,0.878592,22.110207
2224,32,32,-1,-1,-1,-1,-1,21.10976,1,21.176319,0.8704,22.046719
2225,32,4096,-1,-1,-1,-1,-1,-1,0,272.055298,0.896,272.951298
2226,32,32,-1,-1,-1,-1,-1,21.465088,1,21.530624,0.891904,22.422528
2227,32,32,-1,-1,-1,-1,-1,21.311487,1,21.369856,0.877568,22.247424
2228,32,32,-1,-1,-1,-1,-1,21.121023,1,21.18656,0.874496,22.061056
2229,32,32,-1,-1,-1,-1,-1,21.071873,1,21.11488,0.868352,21.983232
2230,32,32,-1,-1,-1,-1,-1,21.052416,1,21.116928,0.871424,21.988352
2231,32,32,-1,-1,-1,-1,-1,21.065727,1,21.130239,0.879616,22.009856
2232,32,32,-1,-1,-1,-1,-1,21.035007,1,21.093376,0.871424,21.9648
2233,32,32,-1,-1,-1,-1,-1,20.993025,1,21.036032,0.871424,21.907456
2234,32,2064,-1,-1,-1,-1,-1,-1,0,154.412033,0.88576,155.297793
2235,32,4096,-1,-1,-1,-1,-1,-1,0,272.946167,0.891904,273.838071
2236,32,32,-1,-1,-1,-1,-1,21.397505,1,21.464064,0.877568,22.341632
2237,32,4096,-1,-1,-1,-1,-1,-1,0,273.718262,0.892928,274.61119
2238,32,32,-1,-1,-1,-1,-1,21.415936,1,21.458944,0.874496,22.33344
2239,32,32,-1,-1,-1,-1,-1,21.158913,1,21.216255,0.873472,22.089727
2240,32,2064,-1,-1,-1,-1,-1,-1,0,157.09491,0.898048,157.992958
2241,32,32,-1,-1,-1,-1,-1,21.565439,1,21.632,0.884736,22.516736
2242,32,32,-1,-1,-1,-1,-1,21.241856,1,21.307392,0.87552,22.182912
2243,32,2064,-1,-1,-1,-1,-1,-1,0,155.601913,0.879616,156.481529
2244,32,2064,-1,-1,-1,-1,-1,-1,0,156.910599,0.881664,157.792263
2245,32,32,-1,-1,-1,-1,-1,21.435392,1,21.479424,0.876544,22.355968
2246,32,32,-1,-1,-1,-1,-1,21.198849,1,21.264383,0.872448,22.136831
2247,32,2064,-1,-1,-1,-1,-1,-1,0,155.467773,0.89088,156.358653
2248,32,32,-1,-1,-1,-1,-1,21.44256,1,21.508097,0.882688,22.390785
2249,32,32,-1,-1,-1,-1,-1,21.225471,1,21.26848,0.878592,22.147072
2250,32,32,-1,-1,-1,-1,-1,21.082111,1,21.146624,0.878592,22.025216
2251,32,2063,-1,-1,-1,-1,-1,-1,0,155.235321,0.886784,156.122105
2252,32,32,-1,-1,-1,-1,-1,21.454847,1,21.522432,0.89088,22.413312
2253,32,32,-1,-1,-1,-1,-1,21.221376,1,21.28896,0.878592,22.167552
2254,32,32,-1,-1,-1,-1,-1,21.070848,1,21.113855,0.8704,21.984255
2255,32,32,-1,-1,-1,-1,-1,21.018623,1,21.083136,0.874496,21.957632
2256,32,32,-1,-1,-1,-1,-1,21.011456,1,21.075968,0.871424,21.947392
2257,32,2064,-1,-1,-1,-1,-1,-1,0,155.22406,0.884736,156.108796
2258,32,2064,-1,-1,-1,-1,-1,-1,0,157.595642,0.88576,158.481402
2259,32,32,-1,-1,-1,-1,-1,21.452801,1,21.518335,0.89088,22.409215
2260,32,32,-1,-1,-1,-1,-1,21.210112,1,21.275648,0.874496,22.150144
2261,32,32,-1,-1,-1,-1,-1,21.085184,1,21.128193,0.868352,21.996545
2262,32,32,-1,-1,-1,-1,-1,21.036032,1,21.101568,0.876544,21.978112
2263,32,32,-1,-1,-1,-1,-1,21.035007,1,21.102592,0.873472,21.976064
2264,32,32,-1,-1,-1,-1,-1,21.01248,1,21.079041,0.871424,21.950465
2265,32,32,-1,-1,-1,-1,-1,20.999168,1,21.042175,0.869376,21.911551
2266,32,32,-1,-1,-1,-1,-1,20.959232,1,21.015553,0.87552,21.891073
2267,32,2064,-1,-1,-1,-1,-1,-1,0,155.586563,0.889856,156.476419
2268,32,32,-1,-1,-1,-1,-1,21.374975,1,21.435392,0.898048,22.33344
2269,32,32,-1,-1,-1,-1,-1,21.141504,1,21.214209,0.889856,22.104065
2270,32,32,-1,-1,-1,-1,-1,21.025791,1,21.069824,0.88064,21.950464
2271,32,32,-1,-1,-1,-1,-1,21.015553,1,21.073919,0.879616,21.953535
2272,32,32,-1,-1,-1,-1,-1,21.036032,1,21.101568,0.877568,21.979136
2273,32,32,-1,-1,-1,-1,-1,21.035007,1,21.101568,0.873472,21.97504
2274,32,32,-1,-1,-1,-1,-1,21.006336,1,21.070848,0.873472,21.94432
2275,32,32,-1,-1,-1,-1,-1,20.986879,1,21.052416,0.868352,21.920768
2276,32,32,-1,-1,-1,-1,-1,21.005312,1,21.070848,0.872448,21.943296
2277,32,2064,-1,-1,-1,-1,-1,-1,0,155.163651,0.88576,156.049411
2278,32,32,-1,-1,-1,-1,-1,21.468161,1,21.533695,0.881664,22.415359
2279,32,32,-1,-1,-1,-1,-1,21.468161,1,21.534719,0.882688,22.417407
2280,32,32,-1,-1,-1,-1,-1,21.368832,1,21.436417,0.879616,22.316033
2281,32,32,-1,-1,-1,-1,-1,21.056513,1,21.09952,0.873472,21.972992
2282,32,2064,-1,-1,-1,-1,-1,-1,0,155.598846,0.887808,156.486654
2283,32,2064,-1,-1,-1,-1,-1,-1,0,156.877823,0.898048,157.775871
2284,32,32,-1,-1,-1,-1,-1,21.336063,1,21.4016,0.879616,22.281216
2285,32,2064,-1,-1,-1,-1,-1,-1,0,155.879425,0.887808,156.767233
2286,32,2064,-1,-1,-1,-1,-1,-1,0,156.743683,0.889856,157.633539
2287,32,32,-1,-1,-1,-1,-1,21.349377,1,21.414911,0.883712,22.298623
2288,32,32,-1,-1,-1,-1,-1,21.141504,1,21.200895,0.872448,22.073343
2289,32,32,-1,-1,-1,-1,-1,21.072895,1,21.138432,0.877568,22.016
2290,32,32,-1,-1,-1,-1,-1,21.029888,1,21.087233,0.872448,21.959681
2291,32,32,-1,-1,-1,-1,-1,21.03808,1,21.101568,0.869376,21.970944
2292,32,32,-1,-1,-1,-1,-1,21.035007,1,21.098495,0.872448,21.970944
2293,32,32,-1,-1,-1,-1,-1,20.985855,1,21.042175,0.869376,21.911551
2294,32,32,-1,-1,-1,-1,-1,20.980736,1,21.045248,0.868352,21.9136
2295,32,32,-1,-1,-1,-1,-1,21.000193,1,21.065727,0.89088,21.956607
2296,32,2064,-1,-1,-1,-1,-1,-1,0,155.331589,0.897024,156.228613
2297,32,2064,-1,-1,-1,-1,-1,-1,0,156.951553,0.887808,157.839361
2298,32,32,-1,-1,-1,-1,-1,21.380096,1,21.439487,0.89088,22.330367
2299,32,2064,-1,-1,-1,-1,-1,-1,0,155.91629,0.892928,156.809218
2300,32,32,-1,-1,-1,-1,-1,21.429249,1,21.494783,0.882688,22.377471
2301,32,32,-1,-1,-1,-1,-1,21.22752,1,21.295103,0.879616,22.174719
2302,32,32,-1,-1,-1,-1,-1,21.111809,1,21.178368,0.878592,22.05696
2303,32,2064,-1,-1,-1,-1,-1,-1,0,155.891708,0.888832,156.78054
2304,32,32,-1,-1,-1,-1,-1,21.392384,1,21.458944,0.881664,22.340608
2305,32,32,-1,-1,-1,-1,-1,21.195776,1,21.262337,0.877568,22.139905
2306,32,32,-1,-1,-1,-1,-1,21.095425,1,21.159937,0.883712,22.043649
2307,32,2064,-1,-1,-1,-1,-1,-1,0,156.023804,0.886784,156.910588
2308,32,32,-1,-1,-1,-1,-1,21.404673,1,21.464064,0.89088,22.354944
2309,32,32,-1,-1,-1,-1,-1,21.178368,1,21.246977,0.878592,22.125569
2310,32,32,-1,-1,-1,-1,-1,21.100544,1,21.157888,0.876544,22.034432
2311,32,32,-1,-1,-1,-1,-1,20.994047,1,21.060608,0.878592,21.9392
2312,32,4096,-1,-1,-1,-1,-1,-1,0,272.514038,0.899072,273.41311
2313,32,32,-1,-1,-1,-1,-1,21.414911,1,21.474304,0.886784,22.361088
2314,32,32,-1,-1,-1,-1,-1,21.204992,1,21.264383,0.882688,22.147071
2315,32,2064,-1,-1,-1,-1,-1,-1,0,156.01561,0.900096,156.915706
2316,32,32,-1,-1,-1,-1,-1,21.391359,1,21.45792,0.884736,22.342656
2317,32,32,-1,-1,-1,-1,-1,21.204992,1,21.264383,0.87552,22.139903
2318,32,32,-1,-1,-1,-1,-1,21.074944,1,21.141504,0.879616,22.02112
2319,32,32,-1,-1,-1,-1,-1,21.020672,1,21.087233,0.882688,21.969921
2320,32,32,-1,-1,-1,-1,-1,21.014528,1,21.079041,0.872448,21.951489
2321,32,2064,-1,-1,-1,-1,-1,-1,0,155.365372,0.887808,156.25318
2322,32,32,-1,-1,-1,-1,-1,21.445633,1,21.510143,0.881664,22.391807
2323,32,32,-1,-1,-1,-1,-1,21.237761,1,21.307392,0.872448,22.17984
2324,32,32,-1,-1,-1,-1,-1,21.096449,1,21.163008,0.881664,22.044672
2325,32,32,-1,-1,-1,-1,-1,21.00736,1,21.069824,0.869376,21.9392
2326,32,32,-1,-1,-1,-1,-1,21.035007,1,21.076992,0.872448,21.94944
2327,32,32,-1,-1,-1,-1,-1,21.032961,1,21.096449,0.871424,21.967873
2328,32,32,-1,-1,-1,-1,-1,21.044224,1,21.10976,0.874496,21.984256
2329,32,32,-1,-1,-1,-1,-1,21.0688,1,21.133312,0.871424,22.004736
2330,32,32,-1,-1,-1,-1,-1,20.960257,1,21.023745,0.871424,21.895169
2331,32,32,-1,-1,-1,-1,-1,20.98176,1,21.046272,0.8704,21.916672
2332,32,32,-1,-1,-1,-1,-1,20.993025,1,21.055489,0.869376,21.924865
2333,32,32,-1,-1,-1,-1,-1,20.995071,1,21.060608,0.871424,21.932032
2334,32,32,-1,-1,-1,-1,-1,20.994047,1,21.057535,0.874496,21.932031
2335,32,32,-1,-1,-1,-1,-1,21.003263,1,21.067776,0.869376,21.937152
2336,32,32,-1,-1,-1,-1,-1,21.002239,1,21.066751,0.871424,21.938175
2337,32,32,-1,-1,-1,-1,-1,21.013504,1,21.070848,0.868352,21.9392
2338,32,32,-1,-1,-1,-1,-1,21.006336,1,21.062656,0.868352,21.931008
2339,32,32,-1,-1,-1,-1,-1,20.993025,1,21.057535,0.876544,21.934079
2340,32,32,-1,-1,-1,-1,-1,21.017599,1,21.073919,0.881664,21.955583
2341,32,32,-1,-1,-1,-1,-1,21.006336,1,21.069824,0.873472,21.943296
2342,32,2064,-1,-1,-1,-1,-1,-1,0,155.312134,0.883712,156.195846
2343,32,32,-1,-1,-1,-1,-1,21.440512,1,21.506048,0.88576,22.391808
2344,32,2064,-1,-1,-1,-1,-1,-1,0,156.487686,0.88064,157.368326
2345,32,2064,-1,-1,-1,-1,-1,-1,0,156.912643,0.888832,157.801475
2346,32,32,-1,-1,-1,-1,-1,21.407743,1,21.464064,0.888832,22.352896
2347,32,32,-1,-1,-1,-1,-1,21.425152,1,21.485567,0.887808,22.373375
2348,32,2064,-1,-1,-1,-1,-1,-1,0,155.234299,0.881664,156.115963
2349,32,32,-1,-1,-1,-1,-1,21.485567,1,21.552128,0.882688,22.434816
2350,32,32,-1,-1,-1,-1,-1,21.244928,1,21.310465,0.874496,22.184961
2351,32,32,-1,-1,-1,-1,-1,21.123072,1,21.190657,0.869376,22.060033
2352,32,32,-1,-1,-1,-1,-1,21.065727,1,21.131264,0.869376,22.00064
2353,32,6128,-1,-1,-1,-1,-1,-1,0,402.886658,0.894976,403.781634
2354,32,32,-1,-1,-1,-1,-1,21.404673,1,21.470207,0.877568,22.347775
2355,32,4096,-1,-1,-1,-1,-1,-1,0,273.153015,0.894976,274.047991
2356,32,32,-1,-1,-1,-1,-1,21.464064,1,21.5296,0.879616,22.409216
2357,32,32,-1,-1,-1,-1,-1,21.222401,1,21.286913,0.88064,22.167553
2358,32,32,-1,-1,-1,-1,-1,21.085184,1,21.149696,0.873472,22.023168
2359,32,32,-1,-1,-1,-1,-1,21.018623,1,21.081087,0.877568,21.958655
2360,32,2064,-1,-1,-1,-1,-1,-1,0,155.874298,0.883712,156.75801
2361,32,32,-1,-1,-1,-1,-1,21.417984,1,21.483521,0.883712,22.367233
2362,32,32,-1,-1,-1,-1,-1,21.198849,1,21.265408,0.873472,22.13888
2363,32,32,-1,-1,-1,-1,-1,21.066751,1,21.131264,0.872448,22.003712
2364,32,2064,-1,-1,-1,-1,-1,-1,0,155.324417,0.891904,156.216321
2365,32,2064,-1,-1,-1,-1,-1,-1,0,157.752319,0.888832,158.641151
2366,32,32,-1,-1,-1,-1,-1,21.357569,1,21.424128,0.874496,22.298624
2367,32,32,-1,-1,-1,-1,-1,21.159937,1,21.225471,0.87552,22.100991
2368,32,32,-1,-1,-1,-1,-1,21.08416,1,21.128193,0.878592,22.006785
2369,32,32,-1,-1,-1,-1,-1,21.018623,1,21.078016,0.883712,21.961728
2370,32,2064,-1,-1,-1,-1,-1,-1,0,155.878403,0.888832,156.767235
2371,32,32,-1,-1,-1,-1,-1,21.417984,1,21.485567,0.87552,22.361087
2372,32,32,-1,-1,-1,-1,-1,21.164032,1,21.208063,0.871424,22.079487
2373,32,2063,-1,-1,-1,-1,-1,-1,0,155.171844,0.886784,156.058628
2374,32,32,-1,-1,-1,-1,-1,21.426176,1,21.491713,0.877568,22.369281
2375,32,32,-1,-1,-1,-1,-1,21.169151,1,21.234688,0.877568,22.112256
2376,32,32,-1,-1,-1,-1,-1,21.050367,1,21.108736,0.873472,21.982208
2377,32,2064,-1,-1,-1,-1,-1,-1,0,155.369476,0.893952,156.263428
2378,32,32,-1,-1,-1,-1,-1,21.425152,1,21.482496,0.884736,22.367232
2379,32,32,-1,-1,-1,-1,-1,21.210112,1,21.271551,0.886784,22.158335
2380,32,2063,-1,-1,-1,-1,-1,-1,0,158.121979,0.903168,159.025147
2381,32,32,-1,-1,-1,-1,-1,21.404673,1,21.47328,0.886784,22.360064
2382,32,32,-1,-1,-1,-1,-1,21.183489,1,21.252096,0.878592,22.130688
2383,32,32,-1,-1,-1,-1,-1,21.051392,1,21.10976,0.874496,21.984256
2384,32,32,-1,-1,-1,-1,-1,20.998144,1,21.0432,0.89088,21.93408
2385,32,32,-1,-1,-1,-1,-1,20.99712,1,21.055489,0.872448,21.927937
2386,32,32,-1,-1,-1,-1,-1,21.019648,1,21.085184,0.89088,21.976064
2387,32,32,-1,-1,-1,-1,-1,21.02272,1,21.089279,0.88576,21.975039
2388,32,32,-1,-1,-1,-1,-1,21.029888,1,21.072895,0.878592,21.951487
2389,32,2064,-1,-1,-1,-1,-1,-1,0,157.718521,0.894976,158.613497
2390,32,32,-1,-1,-1,-1,-1,21.459969,1,21.527552,0.88576,22.413312
2391,32,2064,-1,-1,-1,-1,-1,-1,0,166.185989,0.892928,167.078917
2392,32,32,-1,-1,-1,-1,-1,21.383167,1,21.451777,0.882688,22.334464
2393,32,32,-1,-1,-1,-1,-1,21.190657,1,21.260288,0.874496,22.134784
2394,32,32,-1,-1,-1,-1,-1,21.069824,1,21.135361,0.88576,22.021121
2395,32,32,-1,-1,-1,-1,-1,21.024769,1,21.090303,0.877568,21.967871
2396,32,32,-1,-1,-1,-1,-1,21.032961,1,21.09952,0.879616,21.979136
2397,32,32,-1,-1,-1,-1,-1,21.031937,1,21.098495,0.879616,21.978112
2398,32,32,-1,-1,-1,-1,-1,20.988928,1,21.05344,0.872448,21.925888
2399,32,32,-1,-1,-1,-1,-1,20.972544,1,21.02784,0.874496,21.902336
2400,32,32,-1,-1,-1,-1,-1,20.977665,1,21.020672,0.8704,21.891072
2401,32,32,-1,-1,-1,-1,-1,20.959232,1,21.024769,0.877568,21.902337
2402,32,32,-1,-1,-1,-1,-1,20.962303,1,21.02784,0.87552,21.90336
2403,32,32,-1,-1,-1,-1,-1,20.993025,1,21.058559,0.876544,21.935103
2404,32,32,-1,-1,-1,-1,-1,20.996096,1,21.039104,0.88576,21.924864
2405,32,32,-1,-1,-1,-1,-1,20.984833,1,21.041151,0.881664,21.922815
2406,32,32,-1,-1,-1,-1,-1,21.000193,1,21.059584,0.879616,21.9392
2407,32,32,-1,-1,-1,-1,-1,20.976641,1,21.040129,0.874496,21.914625
2408,32,32,-1,-1,-1,-1,-1,20.971519,1,21.036032,0.879616,21.915648
2409,32,32,-1,-1,-1,-1,-1,20.990976,1,21.056513,0.869376,21.925889
2410,32,32,-1,-1,-1,-1,-1,21.001217,1,21.066751,0.8704,21.937151
2411,32,2064,-1,-1,-1,-1,-1,-1,0,155.36026,0.886784,156.247044
2412,32,2064,-1,-1,-1,-1,-1,-1,0,157.873154,0.884736,158.75789
2413,32,2064,-1,-1,-1,-1,-1,-1,0,157.476868,0.879616,158.356484
2414,32,4096,-1,-1,-1,-1,-1,-1,0,274.308105,0.893952,275.202057
2415,32,32,-1,-1,-1,-1,-1,21.390335,1,21.456896,0.883712,22.340608
2416,32,32,-1,-1,-1,-1,-1,21.224447,1,21.269505,0.87552,22.145025
2417,32,32,-1,-1,-1,-1,-1,21.087233,1,21.152767,0.877568,22.030335
2418,32,2064,-1,-1,-1,-1,-1,-1,0,155.960327,0.887808,156.848135
2419,32,2064,-1,-1,-1,-1,-1,-1,0,157.465607,0.876544,158.342151
2420,32,2064,-1,-1,-1,-1,-1,-1,0,157.515778,0.884736,158.400514
2421,32,32,-1,-1,-1,-1,-1,21.379072,1,21.444609,0.882688,22.327297
2422,32,32,-1,-1,-1,-1,-1,21.209087,1,21.275648,0.873472,22.14912
2423,32,32,-1,-1,-1,-1,-1,21.056513,1,21.120001,0.873472,21.993473
2424,32,32,-1,-1,-1,-1,-1,21.013504,1,21.076992,0.866304,21.943296
2425,32,32,-1,-1,-1,-1,-1,21.00736,1,21.072895,0.871424,21.944319
2426,32,32,-1,-1,-1,-1,-1,21.023745,1,21.066751,0.868352,21.935103
2427,32,2064,-1,-1,-1,-1,-1,-1,0,155.779068,0.878592,156.65766
2428,32,32,-1,-1,-1,-1,-1,21.413889,1,21.479424,0.87552,22.354944
2429,32,32,-1,-1,-1,-1,-1,21.215233,1,21.282816,0.871424,22.15424
2430,32,32,-1,-1,-1,-1,-1,21.118977,1,21.185535,0.87552,22.061055
2431,32,32,-1,-1,-1,-1,-1,21.055489,1,21.110785,0.872448,21.983233
2432,32,32,-1,-1,-1,-1,-1,21.041151,1,21.08416,0.867328,21.951488
2433,32,32,-1,-1,-1,-1,-1,21.033983,1,21.09952,0.876544,21.976064
2434,32,32,-1,-1,-1,-1,-1,21.03808,1,21.095425,0.879616,21.975041
2435,32,32,-1,-1,-1,-1,-1,20.98176,1,21.046272,0.871424,21.917696
2436,32,2064,-1,-1,-1,-1,-1,-1,0,156.058624,0.894976,156.9536
2437,32,32,-1,-1,-1,-1,-1,21.464064,1,21.528576,0.876544,22.40512
2438,32,2064,-1,-1,-1,-1,-1,-1,0,156.2798,0.893952,157.173752
2439,32,32,-1,-1,-1,-1,-1,21.450752,1,21.516289,0.88064,22.396929
2440,32,2064,-1,-1,-1,-1,-1,-1,0,156.855301,0.888832,157.744133
2441,32,32,-1,-1,-1,-1,-1,21.448704,1,21.516289,0.87552,22.391809
2442,32,32,-1,-1,-1,-1,-1,21.151745,1,21.193727,0.872448,22.066176
2443,32,32,-1,-1,-1,-1,-1,21.082111,1,21.149696,0.879616,22.029312
2444,32,32,-1,-1,-1,-1,-1,21.046272,1,21.112831,0.874496,21.987327
2445,32,32,-1,-1,-1,-1,-1,21.01248,1,21.080065,0.8704,21.950465
2446,32,2064,-1,-1,-1,-1,-1,-1,0,155.324417,0.883712,156.208129
2447,32,32,-1,-1,-1,-1,-1,21.456896,1,21.499905,0.872448,22.372353
2448,32,2064,-1,-1,-1,-1,-1,-1,0,156.181503,0.893952,157.075455
2449,32,32,-1,-1,-1,-1,-1,21.394432,1,21.451777,0.883712,22.335488
2450,32,32,-1,-1,-1,-1,-1,21.244928,1,21.304319,0.877568,22.181887
2451,32,32,-1,-1,-1,-1,-1,21.085184,1,21.150721,0.874496,22.025217
2452,32,32,-1,-1,-1,-1,-1,21.017599,1,21.08416,0.871424,21.955584
2453,32,32,-1,-1,-1,-1,-1,21.026815,1,21.081087,0.869376,21.950463
2454,32,32,-1,-1,-1,-1,-1,21.036032,1,21.101568,0.871424,21.972992
2455,32,32,-1,-1,-1,-1,-1,21.014528,1,21.078016,0.874496,21.952512
2456,32,32,-1,-1,-1,-1,-1,21.000193,1,21.057535,0.866304,21.923839
2457,32,32,-1,-1,-1,-1,-1,20.98176,1,21.037056,0.873472,21.910528
2458,32,32,-1,-1,-1,-1,-1,20.989952,1,21.031937,0.869376,21.901313
2459,32,32,-1,-1,-1,-1,-1,21.00736,1,21.071873,0.867328,21.939201
2460,32,32,-1,-1,-1,-1,-1,21.000193,1,21.064705,0.8704,21.935105
2461,32,32,-1,-1,-1,-1,-1,21.006336,1,21.070848,0.871424,21.942272
2462,32,32,-1,-1,-1,-1,-1,20.998144,1,21.061632,0.866304,21.927936
2463,32,32,-1,-1,-1,-1,-1,21.001217,1,21.044224,0.87552,21.919744
2464,32,32,-1,-1,-1,-1,-1,20.999168,1,21.063681,0.873472,21.937153
2465,32,32,-1,-1,-1,-1,-1,21.001217,1,21.065727,0.879616,21.945343
2466,32,32,-1,-1,-1,-1,-1,21.017599,1,21.083136,0.866304,21.94944
2467,32,32,-1,-1,-1,-1,-1,21.013504,1,21.078016,0.868352,21.946368
2468,32,4096,-1,-1,-1,-1,-1,-1,0,273.144836,0.888832,274.033668
2469,32,32,-1,-1,-1,-1,-1,21.455872,1,21.522432,0.886784,22.409216
2470,32,2063,-1,-1,-1,-1,-1,-1,0,155.270142,0.893952,156.164094
2471,32,32,-1,-1,-1,-1,-1,21.505024,1,21.571585,0.877568,22.449153
2472,32,32,-1,-1,-1,-1,-1,21.232639,1,21.300224,0.87552,22.175744
2473,32,32,-1,-1,-1,-1,-1,21.120001,1,21.185535,0.872448,22.057983
2474,32,32,-1,-1,-1,-1,-1,21.074944,1,21.117952,0.867328,21.98528
2475,32,2064,-1,-1,-1,-1,-1,-1,0,155.856903,0.896,156.752903
2476,32,32,-1,-1,-1,-1,-1,21.499905,1,21.566463,0.881664,22.448127
2477,32,2064,-1,-1,-1,-1,-1,-1,0,156.815353,0.897024,157.712377
2478,32,4096,-1,-1,-1,-1,-1,-1,0,275.44986,0.892928,276.342788
2479,32,32,-1,-1,-1,-1,-1,21.460993,1,21.505024,0.88064,22.385664
2480,32,4095,-1,-1,-1,-1,-1,-1,0,273.302521,0.887808,274.190329
2481,32,32,-1,-1,-1,-1,-1,21.597183,1,21.663744,0.882688,22.546432
2482,32,32,-1,-1,-1,-1,-1,21.292032,1,21.358591,0.877568,22.236159
2483,32,32,-1,-1,-1,-1,-1,21.111809,1,21.176319,0.871424,22.047743
2484,32,2064,-1,-1,-1,-1,-1,-1,0,155.66951,0.878592,156.548102
2485,32,32,-1,-1,-1,-1,-1,21.318657,1,21.383167,0.874496,22.257663
2486,32,32,-1,-1,-1,-1,-1,21.098495,1,21.165056,0.8704,22.035456
2487,32,32,-1,-1,-1,-1,-1,21.093376,1,21.149696,0.8704,22.020096
2488,32,32,-1,-1,-1,-1,-1,20.999168,1,21.065727,0.87552,21.941247
2489,32,2064,-1,-1,-1,-1,-1,-1,0,156.119034,0.894976,157.01401
2490,32,32,-1,-1,-1,-1,-1,21.440512,1,21.484545,0.881664,22.366209
2491,32,32,-1,-1,-1,-1,-1,21.169151,1,21.235712,0.872448,22.10816
2492,32,32,-1,-1,-1,-1,-1,21.032961,1,21.090303,0.8704,21.960703
2493,32,32,-1,-1,-1,-1,-1,21.004288,1,21.069824,0.876544,21.946368
2494,32,32,-1,-1,-1,-1,-1,21.033983,1,21.09952,0.871424,21.970944
2495,32,2064,-1,-1,-1,-1,-1,-1,0,155.545593,0.896,156.441593
2496,32,32,-1,-1,-1,-1,-1,21.380096,1,21.446655,0.878592,22.325247
2497,32,32,-1,-1,-1,-1,-1,21.178368,1,21.243904,0.87552,22.119424
2498,32,32,-1,-1,-1,-1,-1,21.056513,1,21.122047,0.871424,21.993471
2499,32,32,-1,-1,-1,-1,-1,21.023745,1,21.089279,0.874496,21.963775
2500,32,32,-1,-1,-1,-1,-1,21.024769,1,21.090303,0.869376,21.959679
2501,32,32,-1,-1,-1,-1,-1,21.009409,1,21.071873,0.8704,21.942273
2502,32,32,-1,-1,-1,-1,-1,20.95616,1,21.02272,0.869376,21.892096
2503,32,2064,-1,-1,-1,-1,-1,-1,0,155.61113,0.887808,156.498938
2504,32,2064,-1,-1,-1,-1,-1,-1,0,156.934143,0.888832,157.822975
2505,32,32,-1,-1,-1,-1,-1,21.34016,1,21.398527,0.877568,22.276095
2506,32,2063,-1,-1,-1,-1,-1,-1,0,155.970566,0.873472,156.844038
2507,32,2063,-1,-1,-1,-1,-1,-1,0,156.958725,0.883712,157.842437
2508,32,32,-1,-1,-1,-1,-1,21.37088,1,21.436417,0.871424,22.307841
2509,32,32,-1,-1,-1,-1,-1,21.138432,1,21.204992,0.873472,22.078464
2510,32,32,-1,-1,-1,-1,-1,21.080065,1,21.145599,0.871424,22.017023
2511,32,32,-1,-1,-1,-1,-1,21.009409,1,21.073919,0.8704,21.944319
2512,32,32,-1,-1,-1,-1,-1,21.01248,1,21.078016,0.874496,21.952512
2513,32,32,-1,-1,-1,-1,-1,21.026815,1,21.091328,0.871424,21.962752
2514,32,32,-1,-1,-1,-1,-1,20.972544,1,21.035007,0.869376,21.904383
2515,32,2064,-1,-1,-1,-1,-1,-1,0,155.663361,0.881664,156.545025
2516,32,32,-1,-1,-1,-1,-1,21.384192,1,21.448704,0.882688,22.331392
2517,32,32,-1,-1,-1,-1,-1,21.21216,1,21.277697,0.87552,22.153217
2518,32,2064,-1,-1,-1,-1,-1,-1,0,156.158981,0.88576,157.044741
2519,32,32,-1,-1,-1,-1,-1,21.341185,1,21.407743,0.88576,22.293503
2520,32,32,-1,-1,-1,-1,-1,21.134336,1,21.199871,0.872448,22.072319
2521,32,32,-1,-1,-1,-1,-1,21.039104,1,21.104639,0.873472,21.978111
2522,32,32,-1,-1,-1,-1,-1,21.00736,1,21.050367,0.874496,21.924863
2523,32,32,-1,-1,-1,-1,-1,21.029888,1,21.0944,0.873472,21.967872
2524,32,32,-1,-1,-1,-1,-1,21.021696,1,21.087233,0.871424,21.958657
2525,32,32,-1,-1,-1,-1,-1,20.953089,1,21.017599,0.872448,21.890047
2526,32,32,-1,-1,-1,-1,-1,20.957184,1,21.013504,0.868352,21.881856
2527,32,32,-1,-1,-1,-1,-1,20.969473,1,21.032961,0.873472,21.906433
2528,32,2064,-1,-1,-1,-1,-1,-1,0,155.160583,0.884736,156.045319
2529,32,32,-1,-1,-1,-1,-1,21.458944,1,21.523457,0.876544,22.400001
2530,32,32,-1,-1,-1,-1,-1,21.209087,1,21.2736,0.869376,22.142976
2531,32,2064,-1,-1,-1,-1,-1,-1,0,155.222015,0.884736,156.106751
2532,32,32,-1,-1,-1,-1,-1,21.399551,1,21.466112,0.877568,22.34368
2533,32,32,-1,-1,-1,-1,-1,21.173248,1,21.217279,0.874496,22.091775
2534,32,32,-1,-1,-1,-1,-1,21.100544,1,21.165056,0.87552,22.040576
2535,32,2064,-1,-1,-1,-1,-1,-1,0,155.339783,0.88576,156.225543
2536,32,2064,-1,-1,-1,-1,-1,-1,0,157.740036,0.883712,158.623748
2537,32,32,-1,-1,-1,-1,-1,21.409792,1,21.475328,0.88064,22.355968
2538,32,32,-1,-1,-1,-1,-1,21.236736,1,21.279743,0.876544,22.156287
2539,32,2064,-1,-1,-1,-1,-1,-1,0,155.61319,0.881664,156.494854
2540,32,32,-1,-1,-1,-1,-1,21.405697,1,21.470207,0.88576,22.355967
2541,32,32,-1,-1,-1,-1,-1,21.232639,1,21.298176,0.872448,22.170624
2542,32,32,-1,-1,-1,-1,-1,21.100544,1,21.168127,0.868352,22.036479
2543,32,2064,-1,-1,-1,-1,-1,-1,0,155.415558,0.881664,156.297222
2544,32,32,-1,-1,-1,-1,-1,21.388288,1,21.455872,0.883712,22.339584
2545,32,32,-1,-1,-1,-1,-1,21.187584,1,21.245953,0.887808,22.133761
2546,32,2063,-1,-1,-1,-1,-1,-1,0,156.411911,0.882688,157.294599
2547,32,32,-1,-1,-1,-1,-1,21.445633,1,21.513216,0.88064,22.393856
2548,32,32,-1,-1,-1,-1,-1,21.194752,1,21.262337,0.872448,22.134785
2549,32,32,-1,-1,-1,-1,-1,21.11488,1,21.157888,0.871424,22.029312
2550,32,32,-1,-1,-1,-1,-1,21.047297,1,21.112831,0.87552,21.988351
2551,32,32,-1,-1,-1,-1,-1,21.037056,1,21.100544,0.873472,21.974016
2552,32,32,-1,-1,-1,-1,-1,21.049343,1,21.115904,0.869376,21.98528
2553,32,2063,-1,-1,-1,-1,-1,-1,0,155.473923,0.89088,156.364803
2554,32,2063,-1,-1,-1,-1,-1,-1,0,157.317123,0.879616,158.196739
2555,32,32,-1,-1,-1,-1,-1,21.35552,1,21.421057,0.877568,22.298625
2556,32,32,-1,-1,-1,-1,-1,21.202944,1,21.26848,0.869376,22.137856
2557,32,32,-1,-1,-1,-1,-1,21.10976,1,21.174273,0.871424,22.045697
2558,32,32,-1,-1,-1,-1,-1,21.029888,1,21.086208,0.8704,21.956608
2559,32,2064,-1,-1,-1,-1,-1,-1,0,155.346939,0.882688,156.229627
2560,32,32,-1,-1,-1,-1,-1,21.477377,1,21.543936,0.881664,22.4256
2561,32,32,-1,-1,-1,-1,-1,21.259264,1,21.318657,0.881664,22.200321
2562,32,32,-1,-1,-1,-1,-1,21.101568,1,21.145599,0.866304,22.011903
2563,32,32,-1,-1,-1,-1,-1,21.013504,1,21.080065,0.877568,21.957633
2564,32,32,-1,-1,-1,-1,-1,21.024769,1,21.082111,0.8704,21.952511
2565,32,32,-1,-1,-1,-1,-1,21.031937,1,21.073919,0.8704,21.944319
2566,32,2063,-1,-1,-1,-1,-1,-1,0,156.049408,0.889856,156.939264
2567,32,32,-1,-1,-1,-1,-1,21.419008,1,21.485567,0.887808,22.373375
2568,32,32,-1,-1,-1,-1,-1,21.225471,1,21.292032,0.876544,22.168576
2569,32,32,-1,-1,-1,-1,-1,21.088257,1,21.152767,0.881664,22.034431
2570,32,32,-1,-1,-1,-1,-1,21.039104,1,21.103617,0.876544,21.980161
2571,32,32,-1,-1,-1,-1,-1,21.054464,1,21.120001,0.876544,21.996545
2572,32,32,-1,-1,-1,-1,-1,21.024769,1,21.088257,0.874496,21.962753
2573,32,32,-1,-1,-1,-1,-1,21.006336,1,21.061632,0.88064,21.942272
2574,32,2064,-1,-1,-1,-1,-1,-1,0,154.986496,0.897024,155.88352
2575,32,32,-1,-1,-1,-1,-1,21.362688,1,21.420033,0.873472,22.293504
2576,32,32,-1,-1,-1,-1,-1,21.18656,1,21.252096,0.886784,22.13888
2577,32,32,-1,-1,-1,-1,-1,21.091328,1,23.550976,0.871424,24.4224
2578,32,32,-1,-1,-1,-1,-1,21.042175,1,21.086208,0.879616,21.965824
2579,32,32,-1,-1,-1,-1,-1,21.058559,1,21.117952,0.874496,21.992448
2580,32,32,-1,-1,-1,-1,-1,21.025791,1,21.092352,0.872448,21.9648
2581,32,32,-1,-1,-1,-1,-1,21.013504,1,21.056513,0.872448,21.928961
2582,32,2063,-1,-1,-1,-1,-1,-1,0,155.363327,0.879616,156.242943
2583,32,2064,-1,-1,-1,-1,-1,-1,0,157.693954,0.888832,158.582786
2584,32,32,-1,-1,-1,-1,-1,21.339136,1,21.404673,0.872448,22.277121
2585,32,4096,-1,-1,-1,-1,-1,-1,0,273.360901,0.903168,274.264069
2586,32,32,-1,-1,-1,-1,-1,21.511168,1,21.577728,0.876544,22.454272
2587,32,32,-1,-1,-1,-1,-1,21.236736,1,21.294081,0.883712,22.177793
2588,32,2064,-1,-1,-1,-1,-1,-1,0,155.466751,0.889856,156.356607
2589,32,32,-1,-1,-1,-1,-1,21.463039,1,21.507072,0.873472,22.380544
2590,32,2064,-1,-1,-1,-1,-1,-1,0,156.308487,0.89088,157.199367
2591,32,2064,-1,-1,-1,-1,-1,-1,0,157.646851,0.896,158.542851
2592,32,32,-1,-1,-1,-1,-1,21.456896,1,21.522432,0.889856,22.412288
2593,32,2064,-1,-1,-1,-1,-1,-1,0,156.258301,0.887808,157.146109
2594,32,32,-1,-1,-1,-1,-1,21.4016,1,21.445633,0.88576,22.331393
2595,32,32,-1,-1,-1,-1,-1,21.213184,1,21.279743,0.881664,22.161407
2596,32,32,-1,-1,-1,-1,-1,21.090303,1,21.15584,0.877568,22.033408
2597,32,32,-1,-1,-1,-1,-1,21.01248,1,21.056513,0.868352,21.924865
2598,32,32,-1,-1,-1,-1,-1,21.026815,1,21.091328,0.869376,21.960704
2599,32,32,-1,-1,-1,-1,-1,21.033983,1,21.09952,0.873472,21.972992
2600,32,4096,-1,-1,-1,-1,-1,-1,0,272.823303,0.884736,273.708039
2601,32,32,-1,-1,-1,-1,-1,21.455872,1,21.522432,0.877568,22.4
2602,32,32,-1,-1,-1,-1,-1,21.251072,1,21.319679,0.876544,22.196223
2603,32,32,-1,-1,-1,-1,-1,21.113855,1,21.179392,0.876544,22.055936
2604,32,32,-1,-1,-1,-1,-1,21.036032,1,21.102592,0.87552,21.978112
2605,32,32,-1,-1,-1,-1,-1,21.035007,1,21.078016,0.882688,21.960704
2606,32,32,-1,-1,-1,-1,-1,21.049343,1,21.11488,0.872448,21.987328
2607,32,32,-1,-1,-1,-1,-1,21.024769,1,21.090303,0.8704,21.960703
2608,32,32,-1,-1,-1,-1,-1,20.992001,1,21.055489,0.868352,21.923841
2609,32,32,-1,-1,-1,-1,-1,20.954111,1,21.018623,0.894976,21.913599
2610,32,4096,-1,-1,-1,-1,-1,-1,0,273.217529,0.897024,274.114553
2611,32,32,-1,-1,-1,-1,-1,21.400576,1,21.467136,0.874496,22.341632
2612,32,32,-1,-1,-1,-1,-1,21.216255,1,21.259264,0.872448,22.131712
2613,32,32,-1,-1,-1,-1,-1,21.086208,1,21.130239,0.8704,22.000639
2614,32,2064,-1,-1,-1,-1,-1,-1,0,155.491333,0.908288,156.399621
2615,32,32,-1,-1,-1,-1,-1,21.342209,1,21.414911,0.869376,22.284287
2616,32,32,-1,-1,-1,-1,-1,21.122047,1,21.188608,0.871424,22.060032
2617,32,2064,-1,-1,-1,-1,-1,-1,0,155.932678,0.888832,156.82151
2618,32,32,-1,-1,-1,-1,-1,21.439487,1,21.504,0.874496,22.378496
2619,32,32,-1,-1,-1,-1,-1,21.173248,1,21.239807,0.876544,22.116351
2620,32,32,-1,-1,-1,-1,-1,21.090303,1,21.15584,0.873472,22.029312
2621,32,32,-1,-1,-1,-1,-1,21.026815,1,21.069824,0.874496,21.94432
2622,32,32,-1,-1,-1,-1,-1,21.03808,1,21.104639,0.873472,21.978111
2623,32,32,-1,-1,-1,-1,-1,21.059584,1,21.124096,0.869376,21.993472
2624,32,32,-1,-1,-1,-1,-1,20.985855,1,21.051392,0.871424,21.922816
2625,32,32,-1,-1,-1,-1,-1,20.965376,1,21.029888,0.867328,21.897216
2626,32,32,-1,-1,-1,-1,-1,20.978687,1,21.0432,0.871424,21.914624
2627,32,32,-1,-1,-1,-1,-1,20.990976,1,21.056513,0.871424,21.927937
2628,32,32,-1,-1,-1,-1,-1,20.985855,1,21.02784,0.868352,21.896192
2629,32,32,-1,-1,-1,-1,-1,20.980736,1,21.02272,0.873472,21.896192
2630,32,2064,-1,-1,-1,-1,-1,-1,0,154.959869,0.888832,155.848701
2631,32,2064,-1,-1,-1,-1,-1,-1,0,157.292542,0.881664,158.174205
2632,32,4096,-1,-1,-1,-1,-1,-1,0,275.074036,0.894976,275.969012
2633,32,2064,-1,-1,-1,-1,-1,-1,0,158.161926,0.894976,159.056902
2634,32,32,-1,-1,-1,-1,-1,21.460993,1,21.526527,0.878592,22.405119
2635,32,32,-1,-1,-1,-1,-1,21.21216,1,21.277697,0.874496,22.152193
2636,32,32,-1,-1,-1,-1,-1,21.072895,1,21.139456,0.87552,22.014976
2637,32,2064,-1,-1,-1,-1,-1,-1,0,155.514877,0.88576,156.400637
2638,32,32,-1,-1,-1,-1,-1,21.405697,1,21.472256,0.883712,22.355968
2639,32,32,-1,-1,-1,-1,-1,21.209087,1,21.274624,0.873472,22.148096
2640,32,32,-1,-1,-1,-1,-1,21.059584,1,21.123072,0.873472,21.996544
2641,32,32,-1,-1,-1,-1,-1,21.028864,1,21.0944,0.874496,21.968896
2642,32,32,-1,-1,-1,-1,-1,21.025791,1,21.091328,0.872448,21.963776
2643,32,32,-1,-1,-1,-1,-1,21.030912,1,21.096449,0.871424,21.967873
2644,32,32,-1,-1,-1,-1,-1,20.976641,1,21.019648,0.876544,21.896192
2645,32,32,-1,-1,-1,-1,-1,20.969473,1,21.011456,0.8704,21.881856
2646,32,32,-1,-1,-1,-1,-1,20.977665,1,21.036032,0.869376,21.905408
2647,32,32,-1,-1,-1,-1,-1,20.979712,1,21.045248,0.871424,21.916672
2648,32,32,-1,-1,-1,-1,-1,20.970495,1,21.035007,0.881664,21.916671
2649,32,32,-1,-1,-1,-1,-1,20.986879,1,21.051392,0.8704,21.921792
2650,32,32,-1,-1,-1,-1,-1,20.975616,1,21.041151,0.8704,21.911551
2651,32,32,-1,-1,-1,-1,-1,20.989952,1,21.046272,0.8704,21.916672
2652,32,32,-1,-1,-1,-1,-1,20.998144,1,21.062656,0.869376,21.932032
2653,32,2064,-1,-1,-1,-1,-1,-1,0,155.372543,0.88576,156.258303
2654,32,32,-1,-1,-1,-1,-1,21.352448,1,21.41696,0.881664,22.298624
2655,32,32,-1,-1,-1,-1,-1,21.150721,1,21.209087,0.8704,22.079487
2656,32,32,-1,-1,-1,-1,-1,21.081087,1,21.124096,0.883712,22.007808
2657,32,32,-1,-1,-1,-1,-1,21.051392,1,21.117952,0.873472,21.991424
2658,32,32,-1,-1,-1,-1,-1,21.03808,1,21.105663,0.873472,21.979135
2659,32,32,-1,-1,-1,-1,-1,21.050367,1,21.115904,0.884736,22.00064
2660,32,32,-1,-1,-1,-1,-1,21.024769,1,21.0688,0.873472,21.942272
2661,32,32,-1,-1,-1,-1,-1,20.999168,1,21.0432,0.877568,21.920768
2662,32,4096,-1,-1,-1,-1,-1,-1,0,273.503235,0.891904,274.395139
2663,32,32,-1,-1,-1,-1,-1,21.492737,1,21.56032,0.878592,22.438912
2664,32,32,-1,-1,-1,-1,-1,21.272575,1,21.332993,0.874496,22.207489
2665,32,32,-1,-1,-1,-1,-1,21.159937,1,21.226496,0.878592,22.105088
2666,32,32,-1,-1,-1,-1,-1,21.090303,1,21.147648,0.872448,22.020096
2667,32,32,-1,-1,-1,-1,-1,21.063681,1,21.128193,0.872448,22.000641
2668,32,2063,-1,-1,-1,-1,-1,-1,0,155.643906,0.88576,156.529666
2669,32,2063,-1,-1,-1,-1,-1,-1,0,157.688828,0.884736,158.573564
2670,32,32,-1,-1,-1,-1,-1,21.356544,1,21.424128,0.87552,22.299648
2671,32,4096,-1,-1,-1,-1,-1,-1,0,272.632843,0.897024,273.529867
2672,32,2064,-1,-1,-1,-1,-1,-1,0,157.515778,0.87552,158.391298
2673,32,32,-1,-1,-1,-1,-1,21.373953,1,21.431295,0.878592,22.309887
2674,32,32,-1,-1,-1,-1,-1,21.167105,1,21.232639,0.872448,22.105087
2675,32,32,-1,-1,-1,-1,-1,21.113855,1,21.157888,0.8704,22.028288
2676,32,32,-1,-1,-1,-1,-1,21.049343,1,21.092352,0.876544,21.968896
2677,32,32,-1,-1,-1,-1,-1,21.062656,1,21.105663,0.876544,21.982207
2678,32,32,-1,-1,-1,-1,-1,21.039104,1,21.104639,0.869376,21.974015
2679,32,32,-1,-1,-1,-1,-1,21.02784,1,21.093376,0.866304,21.95968
2680,32,32,-1,-1,-1,-1,-1,20.974592,1,21.039104,0.871424,21.910528
2681,32,32,-1,-1,-1,-1,-1,20.971519,1,21.037056,0.87552,21.912576
2682,32,2064,-1,-1,-1,-1,-1,-1,0,152.909821,0.889856,153.799677
2683,32,32,-1,-1,-1,-1,-1,21.440512,1,21.507072,0.878592,22.385664
2684,32,32,-1,-1,-1,-1,-1,21.197824,1,21.261312,0.873472,22.134784
2685,32,2064,-1,-1,-1,-1,-1,-1,0,155.787262,0.89088,156.678142
2686,32,32,-1,-1,-1,-1,-1,21.399551,1,21.458944,0.871424,22.330368
2687,32,32,-1,-1,-1,-1,-1,21.170176,1,21.235712,0.874496,22.110208
2688,32,32,-1,-1,-1,-1,-1,21.089279,1,21.154816,0.8704,22.025216
2689,32,32,-1,-1,-1,-1,-1,21.054464,1,21.117952,0.8704,21.988352
2690,32,32,-1,-1,-1,-1,-1,21.042175,1,21.098495,0.869376,21.967871
2691,32,32,-1,-1,-1,-1,-1,21.065727,1,21.10976,0.871424,21.981184
2692,32,32,-1,-1,-1,-1,-1,21.016577,1,21.061632,0.867328,21.92896
2693,32,2064,-1,-1,-1,-1,-1,-1,0,155.66745,0.883712,156.551162
2694,32,32,-1,-1,-1,-1,-1,21.430271,1,21.496832,0.882688,22.37952
2695,32,32,-1,-1,-1,-1,-1,21.235712,1,21.301249,0.88064,22.181889
2696,32,32,-1,-1,-1,-1,-1,21.126144,1,21.192703,0.879616,22.072319
2697,32,32,-1,-1,-1,-1,-1,21.074944,1,21.139456,0.871424,22.01088
2698,32,32,-1,-1,-1,-1,-1,21.069824,1,21.136383,0.873472,22.009855
2699,32,32,-1,-1,-1,-1,-1,21.065727,1,21.108736,0.8704,21.979136
2700,32,32,-1,-1,-1,-1,-1,21.05344,1,21.117952,0.876544,21.994496
2701,32,2064,-1,-1,-1,-1,-1,-1,0,155.333633,0.88064,156.214273
2702,32,32,-1,-1,-1,-1,-1,21.495808,1,21.561344,0.883712,22.445056
2703,32,32,-1,-1,-1,-1,-1,21.247999,1,21.315584,0.877568,22.193152
2704,32,32,-1,-1,-1,-1,-1,21.129215,1,21.18656,0.878592,22.065152
2705,32,2064,-1,-1,-1,-1,-1,-1,0,161.650681,0.877568,162.528249
2706,32,32,-1,-1,-1,-1,-1,21.430271,1,21.486591,0.882688,22.369279
2707,32,32,-1,-1,-1,-1,-1,21.41184,1,21.45792,0.876544,22.334464
2708,32,32,-1,-1,-1,-1,-1,21.431295,1,21.475328,0.882688,22.358016
2709,32,4096,-1,-1,-1,-1,-1,-1,0,274.21286,0.899072,275.111932
2710,32,2064,-1,-1,-1,-1,-1,-1,0,157.63559,0.879616,158.515206
2711,32,32,-1,-1,-1,-1,-1,21.381121,1,21.446655,0.876544,22.323199
2712,32,32,-1,-1,-1,-1,-1,21.163008,1,21.220352,0.872448,22.0928
2713,32,2064,-1,-1,-1,-1,-1,-1,0,155.949051,0.896,156.845051
2714,32,2063,-1,-1,-1,-1,-1,-1,0,157.272064,0.88576,158.157824
2715,32,32,-1,-1,-1,-1,-1,21.372929,1,21.430271,0.874496,22.304767
2716,32,32,-1,-1,-1,-1,-1,21.138432,1,21.180416,0.87552,22.055936
2717,32,32,-1,-1,-1,-1,-1,21.098495,1,21.164032,0.8704,22.034432
2718,32,32,-1,-1,-1,-1,-1,21.01248,1,21.079041,0.872448,21.951489
2719,32,2064,-1,-1,-1,-1,-1,-1,0,155.783173,0.888832,156.672005
2720,32,32,-1,-1,-1,-1,-1,21.452801,1,21.518335,0.871424,22.389759
2721,32,32,-1,-1,-1,-1,-1,21.202944,1,21.261312,0.878592,22.139904
2722,32,32,-1,-1,-1,-1,-1,21.092352,1,21.157888,0.872448,22.030336
2723,32,32,-1,-1,-1,-1,-1,21.055489,1,21.09952,0.871424,21.970944
2724,32,32,-1,-1,-1,-1,-1,21.033983,1,21.075968,0.872448,21.948416
2725,32,32,-1,-1,-1,-1,-1,21.041151,1,21.106688,0.8704,21.977088
2726,32,32,-1,-1,-1,-1,-1,21.051392,1,21.115904,0.872448,21.988352
2727,32,32,-1,-1,-1,-1,-1,21.062656,1,21.117952,0.87552,21.993472
2728,32,2064,-1,-1,-1,-1,-1,-1,0,155.634689,0.893952,156.528641
2729,32,32,-1,-1,-1,-1,-1,21.494783,1,21.561344,0.877568,22.438912
2730,32,2064,-1,-1,-1,-1,-1,-1,0,156.529663,0.879616,157.409279
2731,32,2063,-1,-1,-1,-1,-1,-1,0,156.82457,0.884736,157.709306
2732,32,2048,-1,-1,-1,-1,-1,-1,0,148.653061,0.89088,149.543941
2733,32,32,-1,-1,-1,-1,-1,21.421057,1,21.486591,0.874496,22.361087
2734,32,32,-1,-1,-1,-1,-1,21.240831,1,21.308416,0.874496,22.182912
2735,32,32,-1,-1,-1,-1,-1,21.101568,1,21.16608,0.869376,22.035456
2736,32,2064,-1,-1,-1,-1,-1,-1,0,155.689987,0.882688,156.572675
2737,32,32,-1,-1,-1,-1,-1,21.417984,1,21.483521,0.876544,22.360065
2738,32,32,-1,-1,-1,-1,-1,21.211136,1,21.275648,0.87552,22.151168
2739,32,32,-1,-1,-1,-1,-1,21.102592,1,21.144575,0.871424,22.015999
2740,32,32,-1,-1,-1,-1,-1,21.025791,1,21.0688,0.874496,21.943296
2741,32,32,-1,-1,-1,-1,-1,21.042175,1,21.106688,0.873472,21.98016
2742,32,32,-1,-1,-1,-1,-1,21.03808,1,21.102592,0.872448,21.97504
2743,32,32,-1,-1,-1,-1,-1,21.041151,1,21.105663,0.872448,21.978111
2744,32,32,-1,-1,-1,-1,-1,21.006336,1,21.071873,0.876544,21.948417
2745,32,32,-1,-1,-1,-1,-1,21.002239,1,21.067776,0.871424,21.9392
2746,32,32,-1,-1,-1,-1,-1,20.95616,1,21.021696,0.874496,21.896192
2747,32,2064,-1,-1,-1,-1,-1,-1,0,155.398148,0.879616,156.277764
2748,32,2064,-1,-1,-1,-1,-1,-1,0,157.721603,0.89088,158.612483
2749,32,2064,-1,-1,-1,-1,-1,-1,0,157.786118,0.883712,158.66983
2750,32,2064,-1,-1,-1,-1,-1,-1,0,157.512711,0.882688,158.395399
2751,32,32,-1,-1,-1,-1,-1,21.358591,1,21.424128,0.872448,22.296576
2752,32,32,-1,-1,-1,-1,-1,21.159937,1,21.226496,0.878592,22.105088
2753,32,32,-1,-1,-1,-1,-1,21.074944,1,21.131264,0.86528,21.996544
2754,32,32,-1,-1,-1,-1,-1,21.02272,1,21.065727,0.872448,21.938175
2755,32,2064,-1,-1,-1,-1,-1,-1,0,155.337723,0.882688,156.220411
2756,32,32,-1,-1,-1,-1,-1,21.436417,1,21.480448,0.881664,22.362112
2757,32,32,-1,-1,-1,-1,-1,21.160959,1,21.22752,0.88576,22.11328
2758,32,32,-1,-1,-1,-1,-1,21.080065,1,21.145599,0.873472,22.019071
2759,32,32,-1,-1,-1,-1,-1,21.028864,1,21.070848,0.868352,21.9392
2760,32,32,-1,-1,-1,-1,-1,21.048321,1,21.11488,0.873472,21.988352
2761,32,32,-1,-1,-1,-1,-1,21.039104,1,21.103617,0.873472,21.977089
2762,32,32,-1,-1,-1,-1,-1,20.985855,1,21.0432,0.874496,21.917696
2763,32,32,-1,-1,-1,-1,-1,20.963327,1,21.02784,0.868352,21.896192
2764,32,2064,-1,-1,-1,-1,-1,-1,0,152.372223,0.887808,153.260031
2765,32,32,-1,-1,-1,-1,-1,21.430271,1,21.496832,0.874496,22.371328
2766,32,2063,-1,-1,-1,-1,-1,-1,0,155.413498,0.881664,156.295162
2767,32,32,-1,-1,-1,-1,-1,21.437441,1,21.501951,0.878592,22.380543
2768,32,32,-1,-1,-1,-1,-1,21.203968,1,21.270529,0.881664,22.152193
2769,32,32,-1,-1,-1,-1,-1,21.056513,1,21.112831,0.873472,21.986303
2770,32,2064,-1,-1,-1,-1,-1,-1,0,155.316223,0.879616,156.195839
2771,32,32,-1,-1,-1,-1,-1,21.44256,1,21.507072,0.878592,22.385664
2772,32,32,-1,-1,-1,-1,-1,21.203968,1,21.247999,0.879616,22.127615
2773,32,32,-1,-1,-1,-1,-1,21.064705,1,21.130239,0.868352,21.998591
2774,32,32,-1,-1,-1,-1,-1,21.02272,1,21.089279,0.876544,21.965823
2775,32,32,-1,-1,-1,-1,-1,21.031937,1,21.074944,0.873472,21.948416
2776,32,32,-1,-1,-1,-1,-1,21.029888,1,21.093376,0.8704,21.963776
2777,32,32,-1,-1,-1,-1,-1,20.999168,1,21.063681,0.876544,21.940225
2778,32,32,-1,-1,-1,-1,-1,20.9664,1,21.032961,0.8704,21.903361
2779,32,32,-1,-1,-1,-1,-1,20.976641,1,21.040129,0.868352,21.908481
2780,32,2063,-1,-1,-1,-1,-1,-1,0,155.276291,0.882688,156.158979
2781,32,2064,-1,-1,-1,-1,-1,-1,0,156.879868,0.888832,157.7687
2782,32,32,-1,-1,-1,-1,-1,21.383167,1,21.441536,0.876544,22.31808
2783,32,32,-1,-1,-1,-1,-1,21.156864,1,21.224447,0.876544,22.100991
2784,32,32,-1,-1,-1,-1,-1,21.060608,1,21.128193,0.868352,21.996545
2785,32,32,-1,-1,-1,-1,-1,21.024769,1,21.089279,0.872448,21.961727
2786,32,32,-1,-1,-1,-1,-1,21.019648,1,21.083136,0.869376,21.952512
2787,32,2064,-1,-1,-1,-1,-1,-1,0,155.688965,0.882688,156.571653
2788,32,32,-1,-1,-1,-1,-1,21.406719,1,21.449728,0.87552,22.325248
2789,32,2064,-1,-1,-1,-1,-1,-1,0,156.021759,0.897024,156.918783
2790,32,32,-1,-1,-1,-1,-1,21.381121,1,21.44768,0.881664,22.329343
2791,32,32,-1,-1,-1,-1,-1,21.164032,1,21.207041,0.867328,22.074369
2792,32,32,-1,-1,-1,-1,-1,21.02272,1,21.089279,0.873472,21.962751
2793,32,32,-1,-1,-1,-1,-1,21.016577,1,21.080065,0.868352,21.948417
2794,32,2063,-1,-1,-1,-1,-1,-1,0,155.56813,0.887808,156.455939
2795,32,2064,-1,-1,-1,-1,-1,-1,0,157.053955,0.882688,157.936643
2796,32,32,-1,-1,-1,-1,-1,21.361664,1,21.4272,0.878592,22.305792
2797,32,2063,-1,-1,-1,-1,-1,-1,0,155.711487,0.892928,156.604415
2798,32,2064,-1,-1,-1,-1,-1,-1,0,158.169083,0.89088,159.059963
2799,32,32,-1,-1,-1,-1,-1,21.383167,1,21.449728,0.886784,22.336512
2800,32,32,-1,-1,-1,-1,-1,21.174273,1,21.241856,0.900096,22.141952
2801,32,32,-1,-1,-1,-1,-1,21.031937,1,21.102592,0.886784,21.989376
2802,32,32,-1,-1,-1,-1,-1,20.998144,1,21.062656,0.87552,21.938176
2803,32,32,-1,-1,-1,-1,-1,21.016577,1,21.082111,0.871424,21.953535
2804,32,32,-1,-1,-1,-1,-1,21.00736,1,21.050367,0.868352,21.918719
2805,32,32,-1,-1,-1,-1,-1,20.967424,1,21.024769,0.8704,21.895169
2806,32,32,-1,-1,-1,-1,-1,20.952065,1,21.017599,0.874496,21.892095
2807,32,32,-1,-1,-1,-1,-1,20.982784,1,21.024769,0.873472,21.898241
2808,32,2064,-1,-1,-1,-1,-1,-1,0,154.025986,0.883712,154.909698
2809,32,2064,-1,-1,-1,-1,-1,-1,0,157.636612,0.888832,158.525444
2810,32,32,-1,-1,-1,-1,-1,21.383167,1,21.450752,0.884736,22.335488
2811,32,32,-1,-1,-1,-1,-1,21.179392,1,21.246977,0.877568,22.124545
2812,32,32,-1,-1,-1,-1,-1,21.117952,1,21.185535,0.878592,22.064127
2813,32,32,-1,-1,-1,-1,-1,21.058559,1,21.116928,0.869376,21.986304
2814,32,32,-1,-1,-1,-1,-1,21.016577,1,21.082111,0.87552,21.957631
2815,32,32,-1,-1,-1,-1,-1,21.017599,1,21.076992,0.884736,21.961728
2816,32,32,-1,-1,-1,-1,-1,21.032961,1,21.097471,0.868352,21.965823
2817,32,32,-1,-1,-1,-1,-1,21.035007,1,21.098495,0.868352,21.966847
2818,32,32,-1,-1,-1,-1,-1,20.975616,1,21.039104,0.87552,21.914624
2819,32,32,-1,-1,-1,-1,-1,20.977665,1,21.042175,0.879616,21.921791
2820,32,2064,-1,-1,-1,-1,-1,-1,0,155.244537,0.88576,156.130297
2821,32,2064,-1,-1,-1,-1,-1,-1,0,156.91571,0.887808,157.803518
2822,32,32,-1,-1,-1,-1,-1,21.466112,1,21.532673,0.889856,22.422529
2823,32,32,-1,-1,-1,-1,-1,21.220352,1,21.263359,0.879616,22.142975
2824,32,32,-1,-1,-1,-1,-1,21.097471,1,21.164032,0.8704,22.034432
2825,32,32,-1,-1,-1,-1,-1,21.061632,1,21.127169,0.872448,21.999617
2826,32,2064,-1,-1,-1,-1,-1,-1,0,155.730942,0.884736,156.615678
2827,32,32,-1,-1,-1,-1,-1,21.445633,1,21.512192,0.873472,22.385664
2828,32,32,-1,-1,-1,-1,-1,21.224447,1,21.292032,0.874496,22.166528
2829,32,32,-1,-1,-1,-1,-1,21.103617,1,21.163008,0.8704,22.033408
2830,32,2064,-1,-1,-1,-1,-1,-1,0,156.008453,0.887808,156.896261
2831,32,2064,-1,-1,-1,-1,-1,-1,0,157.526016,0.887808,158.413824
2832,32,32,-1,-1,-1,-1,-1,21.410816,1,21.477377,0.876544,22.353921
2833,32,32,-1,-1,-1,-1,-1,21.163008,1,21.206017,0.874496,22.080513
2834,32,32,-1,-1,-1,-1,-1,21.088257,1,21.154816,0.876544,22.03136
2835,32,2064,-1,-1,-1,-1,-1,-1,0,155.696121,0.893952,156.590073
2836,32,32,-1,-1,-1,-1,-1,21.412865,1,21.477377,0.878592,22.355969
2837,32,32,-1,-1,-1,-1,-1,21.180416,1,21.247999,0.872448,22.120447
2838,32,32,-1,-1,-1,-1,-1,21.0688,1,21.127169,0.87552,22.002689
2839,32,2064,-1,-1,-1,-1,-1,-1,0,155.452423,0.889856,156.342279
2840,32,2063,-1,-1,-1,-1,-1,-1,0,157.690887,0.88576,158.576647
2841,32,32,-1,-1,-1,-1,-1,21.403648,1,21.470207,0.886784,22.356991
2842,32,32,-1,-1,-1,-1,-1,21.195776,1,21.254145,0.877568,22.131713
2843,32,32,-1,-1,-1,-1,-1,21.093376,1,21.159937,0.874496,22.034433
2844,32,32,-1,-1,-1,-1,-1,21.023745,1,21.080065,0.871424,21.951489
2845,32,32,-1,-1,-1,-1,-1,21.054464,1,21.118977,0.869376,21.988353
2846,32,32,-1,-1,-1,-1,-1,21.045248,1,21.110785,0.872448,21.983233
2847,32,2064,-1,-1,-1,-1,-1,-1,0,153.18425,0.897024,154.081274
2848,32,32,-1,-1,-1,-1,-1,21.469185,1,21.533695,0.878592,22.412287
2849,32,32,-1,-1,-1,-1,-1,21.236736,1,21.280767,0.872448,22.153215
2850,32,32,-1,-1,-1,-1,-1,21.106688,1,21.1712,0.87552,22.04672
2851,32,32,-1,-1,-1,-1,-1,21.060608,1,21.126144,0.873472,21.999616
2852,32,2064,-1,-1,-1,-1,-1,-1,0,155.348999,0.894976,156.243975
2853,32,32,-1,-1,-1,-1,-1,21.474304,1,21.539841,0.889856,22.429697
2854,32,2064,-1,-1,-1,-1,-1,-1,0,156.544006,0.88576,157.429766
2855,32,2064,-1,-1,-1,-1,-1,-1,0,157.732864,0.892928,158.625792
2856,32,32,-1,-1,-1,-1,-1,21.472256,1,21.537792,0.88576,22.423552
2857,32,32,-1,-1,-1,-1,-1,21.251072,1,21.320704,0.92672,22.247424
2858,32,32,-1,-1,-1,-1,-1,21.108736,1,21.182465,0.87552,22.057985
2859,32,32,-1,-1,-1,-1,-1,21.047297,1,21.112831,0.874496,21.987327
2860,32,32,-1,-1,-1,-1,-1,21.042175,1,21.106688,0.873472,21.98016
2861,32,32,-1,-1,-1,-1,-1,21.065727,1,21.130239,0.872448,22.002688
2862,32,32,-1,-1,-1,-1,-1,21.051392,1,21.116928,0.874496,21.991424
2863,32,32,-1,-1,-1,-1,-1,21.011456,1,21.076992,0.873472,21.950464
2864,32,32,-1,-1,-1,-1,-1,21.013504,1,21.078016,0.868352,21.946368
2865,32,2064,-1,-1,-1,-1,-1,-1,0,155.58963,0.888832,156.478462
2866,32,32,-1,-1,-1,-1,-1,21.425152,1,21.482496,0.888832,22.371328
2867,32,32,-1,-1,-1,-1,-1,21.241856,1,21.308416,0.877568,22.185984
2868,32,2064,-1,-1,-1,-1,-1,-1,0,155.721725,0.898048,156.619773
2869,32,32,-1,-1,-1,-1,-1,21.412865,1,21.480448,0.87552,22.355968
2870,32,32,-1,-1,-1,-1,-1,21.184511,1,21.250048,0.8704,22.120448
2871,32,32,-1,-1,-1,-1,-1,21.098495,1,21.165056,0.889856,22.054912
2872,32,32,-1,-1,-1,-1,-1,21.05344,1,21.116928,0.871424,21.988352
2873,32,2064,-1,-1,-1,-1,-1,-1,0,155.508743,0.889856,156.398599
2874,32,2064,-1,-1,-1,-1,-1,-1,0,156.871674,0.891904,157.763578
2875,32,32,-1,-1,-1,-1,-1,21.430271,1,21.496832,0.87552,22.372352
2876,32,2064,-1,-1,-1,-1,-1,-1,0,156.5952,0.893952,157.489152
2877,32,32,-1,-1,-1,-1,-1,21.41184,1,21.479424,0.883712,22.363136
2878,32,32,-1,-1,-1,-1,-1,21.188608,1,21.246977,0.874496,22.121473
2879,32,32,-1,-1,-1,-1,-1,21.0688,1,21.127169,0.8704,21.997569
2880,32,32,-1,-1,-1,-1,-1,21.072895,1,21.115904,0.872448,21.988352
2881,32,2064,-1,-1,-1,-1,-1,-1,0,155.750397,0.879616,156.630013
2882,32,32,-1,-1,-1,-1,-1,21.377024,1,21.435392,0.877568,22.31296
2883,32,32,-1,-1,-1,-1,-1,21.157888,1,21.222401,0.90112,22.123521
2884,32,32,-1,-1,-1,-1,-1,21.083136,1,21.157888,0.879616,22.037504
2885,32,2064,-1,-1,-1,-1,-1,-1,0,155.531265,0.883712,156.414977
2886,32,32,-1,-1,-1,-1,-1,21.398527,1,21.465088,0.882688,22.347776
2887,32,32,-1,-1,-1,-1,-1,21.178368,1,21.245953,0.8704,22.116353
2888,32,32,-1,-1,-1,-1,-1,21.102592,1,21.178368,0.868352,22.04672
2889,32,32,-1,-1,-1,-1,-1,21.045248,1,21.10976,0.876544,21.986304
2890,32,32,-1,-1,-1,-1,-1,21.058559,1,21.123072,0.871424,21.994496
2891,32,2064,-1,-1,-1,-1,-1,-1,0,156.717056,0.900096,157.617152
2892,32,32,-1,-1,-1,-1,-1,21.395456,1,21.463039,0.882688,22.345727
2893,32,32,-1,-1,-1,-1,-1,21.267456,1,21.334017,0.878592,22.212609
2894,32,2064,-1,-1,-1,-1,-1,-1,0,155.947006,0.894976,156.841982
2895,32,32,-1,-1,-1,-1,-1,21.377024,1,21.443584,0.88576,22.329344
2896,32,2064,-1,-1,-1,-1,-1,-1,0,155.769852,0.894976,156.664828
2897,32,32,-1,-1,-1,-1,-1,21.405697,1,21.47328,0.886784,22.360064
2898,32,32,-1,-1,-1,-1,-1,21.176319,1,21.241856,0.877568,22.119424
2899,32,32,-1,-1,-1,-1,-1,21.073919,1,21.138432,0.87552,22.013952
2900,32,32,-1,-1,-1,-1,-1,21.03808,1,21.103617,0.874496,21.978113
2901,32,32,-1,-1,-1,-1,-1,21.044224,1,21.101568,0.87552,21.977088
2902,32,32,-1,-1,-1,-1,-1,21.039104,1,21.103617,0.871424,21.975041
2903,32,32,-1,-1,-1,-1,-1,20.978687,1,21.037056,0.874496,21.911552
2904,32,32,-1,-1,-1,-1,-1,21.013504,1,21.0688,0.871424,21.940224
2905,32,32,-1,-1,-1,-1,-1,21.026815,1,21.0944,0.882688,21.977088
2906,32,32,-1,-1,-1,-1,-1,21.013504,1,21.078016,0.869376,21.947392
2907,32,2064,-1,-1,-1,-1,-1,-1,0,155.299835,0.896,156.195835
2908,32,2064,-1,-1,-1,-1,-1,-1,0,157.601791,0.88576,158.487551
2909,32,2063,-1,-1,-1,-1,-1,-1,0,157.688828,0.884736,158.573564
2910,32,32,-1,-1,-1,-1,-1,21.492737,1,21.565439,0.893952,22.459391
2911,32,32,-1,-1,-1,-1,-1,21.274624,1,21.342209,0.88064,22.222849
2912,32,2064,-1,-1,-1,-1,-1,-1,0,155.968506,0.903168,156.871674
2913,32,32,-1,-1,-1,-1,-1,21.41184,1,21.479424,0.881664,22.361088
2914,32,32,-1,-1,-1,-1,-1,21.221376,1,21.265408,0.874496,22.139904
2915,32,2064,-1,-1,-1,-1,-1,-1,0,155.896835,0.888832,156.785667
2916,32,32,-1,-1,-1,-1,-1,21.422079,1,21.48864,0.878592,22.367232
2917,32,2064,-1,-1,-1,-1,-1,-1,0,156.582916,0.883712,157.466628
2918,32,32,-1,-1,-1,-1,-1,21.389313,1,21.455872,0.877568,22.33344
2919,32,32,-1,-1,-1,-1,-1,21.21216,1,21.279743,0.876544,22.156287
2920,32,2064,-1,-1,-1,-1,-1,-1,0,155.704315,0.892928,156.597243
2921,32,32,-1,-1,-1,-1,-1,21.378048,1,21.444609,0.879616,22.324225
2922,32,32,-1,-1,-1,-1,-1,21.180416,1,21.246977,0.87552,22.122497
2923,32,32,-1,-1,-1,-1,-1,21.051392,1,21.10976,0.881664,21.991424
2924,32,32,-1,-1,-1,-1,-1,21.021696,1,21.087233,0.867328,21.954561
2925,32,2064,-1,-1,-1,-1,-1,-1,0,155.509766,0.893952,156.403718
2926,32,32,-1,-1,-1,-1,-1,21.410816,1,21.471231,0.886784,22.358015
2927,32,32,-1,-1,-1,-1,-1,21.210112,1,21.277697,0.882688,22.160385
2928,32,2064,-1,-1,-1,-1,-1,-1,0,155.819016,0.887808,156.706824
2929,32,32,-1,-1,-1,-1,-1,21.389313,1,21.455872,0.88064,22.336512
2930,32,32,-1,-1,-1,-1,-1,21.222401,1,21.267456,0.874496,22.141952
2931,32,2064,-1,-1,-1,-1,-1,-1,0,155.78215,0.891904,156.674054
2932,32,32,-1,-1,-1,-1,-1,21.37088,1,21.437441,0.881664,22.319105
2933,32,32,-1,-1,-1,-1,-1,21.209087,1,21.269505,0.878592,22.148097
2934,32,32,-1,-1,-1,-1,-1,21.10976,1,21.177343,0.8704,22.047743
2935,32,32,-1,-1,-1,-1,-1,21.046272,1,21.105663,0.877568,21.983231
2936,32,32,-1,-1,-1,-1,-1,21.052416,1,21.116928,0.872448,21.989376
2937,32,32,-1,-1,-1,-1,-1,21.057535,1,21.124096,0.878592,22.002688
2938,32,32,-1,-1,-1,-1,-1,21.035007,1,21.101568,0.873472,21.97504
2939,32,32,-1,-1,-1,-1,-1,21.050367,1,21.116928,0.883712,22.00064
2940,32,32,-1,-1,-1,-1,-1,21.054464,1,21.121023,0.872448,21.993471
2941,32,32,-1,-1,-1,-1,-1,21.046272,1,21.111809,0.873472,21.985281
2942,32,32,-1,-1,-1,-1,-1,20.983809,1,21.050367,0.88064,21.931007
2943,32,2063,-1,-1,-1,-1,-1,-1,0,155.391998,0.881664,156.273662
2944,32,32,-1,-1,-1,-1,-1,21.428225,1,21.493759,0.872448,22.366207
2945,32,32,-1,-1,-1,-1,-1,21.225471,1,21.291008,0.894976,22.185984
2946,32,32,-1,-1,-1,-1,-1,21.075968,1,21.120001,0.869376,21.989377
2947,32,2064,-1,-1,-1,-1,-1,-1,0,155.464706,0.887808,156.352514
2948,32,32,-1,-1,-1,-1,-1,21.415936,1,21.482496,0.878592,22.361088
2949,32,2064,-1,-1,-1,-1,-1,-1,0,156.15181,0.893952,157.045762
2950,32,32,-1,-1,-1,-1,-1,21.430271,1,21.494783,0.879616,22.374399
2951,32,32,-1,-1,-1,-1,-1,21.213184,1,21.280767,0.881664,22.162431
2952,32,32,-1,-1,-1,-1,-1,21.096449,1,21.161983,0.879616,22.0416
2953,32,4095,-1,-1,-1,-1,-1,-1,0,272.667633,0.897024,273.564657
2954,32,32,-1,-1,-1,-1,-1,21.568512,1,21.636095,0.888832,22.524927
2955,32,32,-1,-1,-1,-1,-1,21.270529,1,21.34016,0.88576,22.22592
2956,32,32,-1,-1,-1,-1,-1,21.090303,1,21.153791,0.883712,22.037503
2957,32,4096,-1,-1,-1,-1,-1,-1,0,273.11615,0.894976,274.011126
2958,32,32,-1,-1,-1,-1,-1,21.547009,1,21.614592,0.883712,22.498304
2959,32,32,-1,-1,-1,-1,-1,21.280767,1,21.341185,0.883712,22.224897
2960,32,32,-1,-1,-1,-1,-1,21.087233,1,21.153791,0.881664,22.035455
2961,32,32,-1,-1,-1,-1,-1,21.033983,1,21.102592,0.881664,21.984256
2962,32,32,-1,-1,-1,-1,-1,21.056513,1,21.104639,0.874496,21.979135
2963,32,32,-1,-1,-1,-1,-1,21.051392,1,21.110785,0.882688,21.993473
2964,32,32,-1,-1,-1,-1,-1,21.016577,1,21.08416,0.886784,21.970944
2965,32,2064,-1,-1,-1,-1,-1,-1,0,155.61113,0.897024,156.508154
2966,32,32,-1,-1,-1,-1,-1,21.379072,1,21.44768,0.879616,22.327296
2967,32,32,-1,-1,-1,-1,-1,21.138432,1,21.203968,0.876544,22.080512
2968,32,32,-1,-1,-1,-1,-1,21.073919,1,21.138432,0.881664,22.020096
2969,32,32,-1,-1,-1,-1,-1,21.05344,1,21.118977,0.872448,21.991425
2970,32,32,-1,-1,-1,-1,-1,21.072895,1,21.138432,0.879616,22.018048
2971,32,32,-1,-1,-1,-1,-1,21.067776,1,21.133312,0.877568,22.01088
2972,32,32,-1,-1,-1,-1,-1,21.000193,1,21.066751,0.873472,21.940223
2973,32,2064,-1,-1,-1,-1,-1,-1,0,161.484802,0.886784,162.371586
2974,32,32,-1,-1,-1,-1,-1,21.568512,1,21.634048,0.879616,22.513664
2975,32,2064,-1,-1,-1,-1,-1,-1,0,154.833923,0.89088,155.724803
2976,32,32,-1,-1,-1,-1,-1,21.37088,1,21.438463,0.87552,22.313983
2977,32,2064,-1,-1,-1,-1,-1,-1,0,156.230652,0.887808,157.11846
2978,32,32,-1,-1,-1,-1,-1,21.393408,1,21.437441,0.877568,22.315009
2979,32,32,-1,-1,-1,-1,-1,21.25824,1,21.325825,0.879616,22.205441
2980,32,32,-1,-1,-1,-1,-1,21.143553,1,21.208063,0.869376,22.077439
2981,32,2064,-1,-1,-1,-1,-1,-1,0,155.439102,0.89088,156.329982
2982,32,32,-1,-1,-1,-1,-1,21.420033,1,21.486591,0.877568,22.364159
2983,32,32,-1,-1,-1,-1,-1,21.22752,1,21.271551,0.873472,22.145023
2984,32,32,-1,-1,-1,-1,-1,21.128193,1,21.194752,0.877568,22.07232
2985,32,32,-1,-1,-1,-1,-1,21.047297,1,21.111809,0.873472,21.985281
2986,32,32,-1,-1,-1,-1,-1,21.052416,1,21.118977,0.869376,21.988353
2987,32,2064,-1,-1,-1,-1,-1,-1,0,155.573242,0.896,156.469242
2988,32,2063,-1,-1,-1,-1,-1,-1,0,157.205505,0.888832,158.094337
2989,32,32,-1,-1,-1,-1,-1,21.395456,1,21.462015,0.874496,22.336511
2990,32,32,-1,-1,-1,-1,-1,21.228544,1,21.286913,0.874496,22.161409
2991,32,32,-1,-1,-1,-1,-1,21.127169,1,21.192703,0.872448,22.065151
2992,32,32,-1,-1,-1,-1,-1,21.040129,1,21.105663,0.87552,21.981183
2993,32,32,-1,-1,-1,-1,-1,21.067776,1,21.133312,0.881664,22.014976
2994,32,2064,-1,-1,-1,-1,-1,-1,0,155.860992,0.889856,156.750848
2995,32,32,-1,-1,-1,-1,-1,21.460993,1,21.527552,0.878592,22.406144
2996,32,2064,-1,-1,-1,-1,-1,-1,0,156.443649,0.894976,157.338625
2997,32,32,-1,-1,-1,-1,-1,21.426176,1,21.492737,0.88064,22.373377
2998,32,32,-1,-1,-1,-1,-1,21.247999,1,21.292032,0.873472,22.165504
2999,32,32,-1,-1,-1,-1,-1,21.153791,1,21.1968,0.878592,22.075392
3000,32,2064,-1,-1,-1,-1,-1,-1,0,156.311554,0.887808,157.199362
3001,32,2064,-1,-1,-1,-1,-1,-1,0,157.972473,0.889856,158.862329
3002,32,32,-1,-1,-1,-1,-1,21.365761,1,21.430271,0.874496,22.304767
3003,32,2064,-1,-1,-1,-1,-1,-1,0,156.061691,0.891904,156.953595
3004,32,2064,-1,-1,-1,-1,-1,-1,0,157.486084,0.886784,158.372868
3005,32,32,-1,-1,-1,-1,-1,21.423103,1,21.490688,0.87552,22.366208
3006,32,32,-1,-1,-1,-1,-1,21.143553,1,21.211136,0.868352,22.079488
3007,32,2064,-1,-1,-1,-1,-1,-1,0,155.924484,0.886784,156.811268
3008,32,32,-1,-1,-1,-1,-1,21.4272,1,21.492737,0.876544,22.369281
3009,32,32,-1,-1,-1,-1,-1,21.176319,1,21.233664,0.874496,22.10816
3010,32,32,-1,-1,-1,-1,-1,21.081087,1,21.145599,0.873472,22.019071
3011,32,32,-1,-1,-1,-1,-1,21.01248,1,21.076992,0.88064,21.957632
3012,32,32,-1,-1,-1,-1,-1,21.021696,1,21.086208,0.872448,21.958656
3013,32,32,-1,-1,-1,-1,-1,21.049343,1,21.112831,0.871424,21.984255
3014,32,32,-1,-1,-1,-1,-1,21.000193,1,21.042175,0.876544,21.918719
3015,32,32,-1,-1,-1,-1,-1,20.972544,1,21.015553,0.868352,21.883905
3016,32,32,-1,-1,-1,-1,-1,20.98176,1,21.046272,0.872448,21.91872
3017,32,32,-1,-1,-1,-1,-1,20.985855,1,21.051392,0.871424,21.922816
3018,32,32,-1,-1,-1,-1,-1,21.013504,1,21.0688,0.873472,21.942272
3019,32,32,-1,-1,-1,-1,-1,20.988928,1,21.055489,0.879616,21.935105
3020,32,32,-1,-1,-1,-1,-1,21.005312,1,21.062656,0.869376,21.932032
3021,32,32,-1,-1,-1,-1,-1,20.999168,1,21.065727,0.872448,21.938175
3022,32,2064,-1,-1,-1,-1,-1,-1,0,153.561081,0.898048,154.459129
3023,32,32,-1,-1,-1,-1,-1,21.464064,1,21.522432,0.879616,22.402048
3024,32,32,-1,-1,-1,-1,-1,21.228544,1,21.295103,0.872448,22.167551
3025,32,32,-1,-1,-1,-1,-1,21.115904,1,21.179392,0.868352,22.047744
3026,32,32,-1,-1,-1,-1,-1,21.066751,1,21.131264,0.869376,22.00064
3027,32,32,-1,-1,-1,-1,-1,21.060608,1,21.133312,0.88064,22.013952
3028,32,32,-1,-1,-1,-1,-1,21.066751,1,21.131264,0.872448,22.003712
3029,32,32,-1,-1,-1,-1,-1,21.019648,1,21.086208,0.871424,21.957632
3030,32,2064,-1,-1,-1,-1,-1,-1,0,156.126205,0.905216,157.031421
3031,32,32,-1,-1,-1,-1,-1,21.462015,1,21.508097,0.87552,22.383617
3032,32,4095,-1,-1,-1,-1,-1,-1,0,273.219574,0.894976,274.11455
3033,32,32,-1,-1,-1,-1,-1,21.45792,1,21.524481,0.874496,22.398977
3034,32,2064,-1,-1,-1,-1,-1,-1,0,156.380157,0.891904,157.272061
3035,32,32,-1,-1,-1,-1,-1,21.49888,1,21.564417,0.87552,22.439937
3036,32,32,-1,-1,-1,-1,-1,21.238785,1,21.304319,0.876544,22.180863
3037,32,32,-1,-1,-1,-1,-1,21.105663,1,21.1712,0.869376,22.040576
3038,32,32,-1,-1,-1,-1,-1,21.03808,1,21.103617,0.8704,21.974017
3039,32,32,-1,-1,-1,-1,-1,21.037056,1,21.093376,0.873472,21.966848
3040,32,32,-1,-1,-1,-1,-1,21.065727,1,21.132288,0.871424,22.003712
3041,32,2064,-1,-1,-1,-1,-1,-1,0,154.988541,0.88576,155.874301
3042,32,32,-1,-1,-1,-1,-1,21.453823,1,21.512192,0.879616,22.391808
3043,32,2064,-1,-1,-1,-1,-1,-1,0,155.658234,0.897024,156.555258
3044,32,2064,-1,-1,-1,-1,-1,-1,0,157.751297,0.892928,158.644225
3045,32,32,-1,-1,-1,-1,-1,21.474304,1,21.542912,0.876544,22.419456
3046,32,32,-1,-1,-1,-1,-1,21.234688,1,21.301249,0.874496,22.175745
3047,32,32,-1,-1,-1,-1,-1,21.123072,1,21.165056,0.873472,22.038528
3048,32,32,-1,-1,-1,-1,-1,21.047297,1,21.104639,0.872448,21.977087
3049,32,32,-1,-1,-1,-1,-1,21.055489,1,21.123072,0.877568,22.00064
3050,32,2064,-1,-1,-1,-1,-1,-1,0,155.679749,0.909312,156.589061
3051,32,32,-1,-1,-1,-1,-1,21.358591,1,21.4272,0.871424,22.298624
3052,32,32,-1,-1,-1,-1,-1,21.153791,1,21.218304,0.876544,22.094848
3053,32,32,-1,-1,-1,-1,-1,21.086208,1,21.143553,0.8704,22.013953
3054,32,32,-1,-1,-1,-1,-1,21.040129,1,21.106688,0.873472,21.98016
3055,32,32,-1,-1,-1,-1,-1,21.031937,1,21.096449,0.87552,21.971969
3056,32,2064,-1,-1,-1,-1,-1,-1,0,155.794434,0.879616,156.67405
3057,32,32,-1,-1,-1,-1,-1,21.387264,1,21.452801,0.88064,22.333441
3058,32,32,-1,-1,-1,-1,-1,21.175297,1,21.233664,0.881664,22.115328
3059,32,32,-1,-1,-1,-1,-1,21.075968,1,21.139456,0.873472,22.012928
3060,32,32,-1,-1,-1,-1,-1,21.044224,1,21.108736,0.8704,21.979136
3061,32,32,-1,-1,-1,-1,-1,21.051392,1,21.116928,0.874496,21.991424
3062,32,32,-1,-1,-1,-1,-1,21.074944,1,21.132288,0.882688,22.014976
3063,32,32,-1,-1,-1,-1,-1,21.063681,1,21.106688,0.87552,21.982208
3064,32,2063,-1,-1,-1,-1,-1,-1,0,155.378693,0.892928,156.271621
3065,32,32,-1,-1,-1,-1,-1,21.490688,1,21.558271,0.882688,22.440959
3066,32,32,-1,-1,-1,-1,-1,21.483521,1,21.552128,0.882688,22.434816
3067,32,2064,-1,-1,-1,-1,-1,-1,0,157.611008,0.883712,158.49472
3068,32,4096,-1,-1,-1,-1,-1,-1,0,274.911224,0.896,275.807224
3069,32,2064,-1,-1,-1,-1,-1,-1,0,157.717499,0.882688,158.600187
3070,32,32,-1,-1,-1,-1,-1,21.391359,1,21.456896,0.877568,22.334464
3071,32,32,-1,-1,-1,-1,-1,21.165056,1,21.231615,0.873472,22.105087
3072,32,32,-1,-1,-1,-1,-1,21.074944,1,21.14048,0.869376,22.009856
3073,32,2064,-1,-1,-1,-1,-1,-1,0,155.651077,0.878592,156.529669
3074,32,32,-1,-1,-1,-1,-1,21.357569,1,21.414911,0.87552,22.290431
3075,32,32,-1,-1,-1,-1,-1,21.16608,1,21.230593,0.876544,22.107137
3076,32,4095,-1,-1,-1,-1,-1,-1,0,273.549316,0.898048,274.447364
3077,32,32,-1,-1,-1,-1,-1,21.452801,1,21.520384,0.87552,22.395904
3078,32,32,-1,-1,-1,-1,-1,21.172224,1,21.236736,0.872448,22.109184
3079,32,32,-1,-1,-1,-1,-1,21.052416,1,21.096449,0.874496,21.970945
3080,32,32,-1,-1,-1,-1,-1,21.02784,1,21.092352,0.872448,21.9648
3081,32,32,-1,-1,-1,-1,-1,21.013504,1,21.080065,0.8704,21.950465
3082,32,2064,-1,-1,-1,-1,-1,-1,0,155.573242,0.902144,156.475386
3083,32,32,-1,-1,-1,-1,-1,21.372929,1,21.435392,0.879616,22.315008
3084,32,32,-1,-1,-1,-1,-1,21.154816,1,21.222401,0.874496,22.096897
3085,32,32,-1,-1,-1,-1,-1,21.061632,1,21.120001,0.892928,22.012929
3086,32,32,-1,-1,-1,-1,-1,21.000193,1,21.066751,0.88064,21.947391
3087,32,32,-1,-1,-1,-1,-1,21.015553,1,21.072895,0.87552,21.948415
3088,32,32,-1,-1,-1,-1,-1,21.003263,1,21.066751,0.87552,21.942271
3089,32,32,-1,-1,-1,-1,-1,20.982784,1,21.048321,0.864256,21.912577
3090,32,32,-1,-1,-1,-1,-1,20.965376,1,21.021696,0.88064,21.902336
3091,32,32,-1,-1,-1,-1,-1,20.980736,1,21.045248,0.877568,21.922816
3092,32,32,-1,-1,-1,-1,-1,20.975616,1,21.041151,0.874496,21.915647
3093,32,32,-1,-1,-1,-1,-1,20.975616,1,21.042175,0.873472,21.915647
3094,32,32,-1,-1,-1,-1,-1,20.98176,1,21.048321,0.893952,21.942273
3095,32,32,-1,-1,-1,-1,-1,20.975616,1,21.023745,0.882688,21.906433
3096,32,32,-1,-1,-1,-1,-1,20.98176,1,21.060608,0.893952,21.95456
3097,32,32,-1,-1,-1,-1,-1,20.988928,1,21.057535,0.883712,21.941247
3098,32,2064,-1,-1,-1,-1,-1,-1,0,155.449341,0.887808,156.337149
3099,32,32,-1,-1,-1,-1,-1,21.36064,1,21.421057,0.883712,22.304769
3100,32,32,-1,-1,-1,-1,-1,21.179392,1,21.246977,0.884736,22.131713
3101,32,32,-1,-1,-1,-1,-1,21.063681,1,21.130239,0.872448,22.002688
3102,32,32,-1,-1,-1,-1,-1,21.03808,1,21.101568,0.879616,21.981184
3103,32,32,-1,-1,-1,-1,-1,21.044224,1,21.10976,0.871424,21.981184
3104,32,32,-1,-1,-1,-1,-1,21.046272,1,21.110785,0.878592,21.989377
3105,32,2064,-1,-1,-1,-1,-1,-1,0,155.578369,0.892928,156.471297
3106,32,32,-1,-1,-1,-1,-1,21.424128,1,21.490688,0.877568,22.368256
3107,32,2064,-1,-1,-1,-1,-1,-1,0,156.131332,0.891904,157.023236
3108,32,32,-1,-1,-1,-1,-1,21.406719,1,21.472256,0.881664,22.35392
3109,32,32,-1,-1,-1,-1,-1,21.214209,1,21.280767,0.876544,22.157311
3110,32,32,-1,-1,-1,-1,-1,21.123072,1,21.187584,0.87552,22.063104
3111,32,4096,-1,-1,-1,-1,-1,-1,0,273.581055,0.888832,274.469887
3112,32,32,-1,-1,-1,-1,-1,21.480448,1,21.547009,0.878592,22.425601
3113,32,4096,-1,-1,-1,-1,-1,-1,0,272.90213,0.883712,273.785842
3114,32,2064,-1,-1,-1,-1,-1,-1,0,158.445572,0.878592,159.324164
3115,32,32,-1,-1,-1,-1,-1,21.444609,1,21.510143,0.876544,22.386687
3116,32,2064,-1,-1,-1,-1,-1,-1,0,156.822525,0.90112,157.723645
3117,32,32,-1,-1,-1,-1,-1,21.707775,1,21.766144,0.888832,22.654976
3118,32,32,-1,-1,-1,-1,-1,21.348352,1,21.415936,0.874496,22.290431
3119,32,32,-1,-1,-1,-1,-1,21.149696,1,21.214209,0.87552,22.089729
3120,32,32,-1,-1,-1,-1,-1,21.088257,1,21.151745,0.888832,22.040577
3121,32,32,-1,-1,-1,-1,-1,21.015553,1,21.078016,0.872448,21.950464
3122,32,32,-1,-1,-1,-1,-1,21.026815,1,21.0688,0.874496,21.943296
3123,32,32,-1,-1,-1,-1,-1,21.024769,1,21.090303,0.876544,21.966847
3124,32,32,-1,-1,-1,-1,-1,21.002239,1,21.067776,0.883712,21.951488
3125,32,2064,-1,-1,-1,-1,-1,-1,0,155.200516,0.878592,156.079108
3126,32,2064,-1,-1,-1,-1,-1,-1,0,157.582336,0.891904,158.47424
3127,32,32,-1,-1,-1,-1,-1,21.331968,1,21.398527,0.889856,22.288383
3128,32,32,-1,-1,-1,-1,-1,21.144575,1,21.209087,0.876544,22.085631
3129,32,32,-1,-1,-1,-1,-1,21.039104,1,21.104639,0.869376,21.974015
3130,32,32,-1,-1,-1,-1,-1,21.020672,1,21.086208,0.899072,21.98528
3131,32,32,-1,-1,-1,-1,-1,21.015553,1,21.085184,0.876544,21.961728
3132,32,32,-1,-1,-1,-1,-1,21.045248,1,21.110785,0.869376,21.980161
3133,32,4096,-1,-1,-1,-1,-1,-1,0,273.742859,0.889856,274.632715
3134,32,32,-1,-1,-1,-1,-1,21.43232,1,21.476353,0.878592,22.354945
3135,32,2064,-1,-1,-1,-1,-1,-1,0,156.259323,0.89088,157.150203
3136,32,32,-1,-1,-1,-1,-1,21.41184,1,21.470207,0.872448,22.342655
3137,32,32,-1,-1,-1,-1,-1,21.16608,1,21.233664,0.869376,22.10304
3138,32,32,-1,-1,-1,-1,-1,21.033983,1,21.078016,0.873472,21.951488
3139,32,32,-1,-1,-1,-1,-1,21.009409,1,21.065727,0.868352,21.934079
3140,32,32,-1,-1,-1,-1,-1,21.037056,1,21.104639,0.871424,21.976063
3141,32,32,-1,-1,-1,-1,-1,21.032961,1,21.097471,0.872448,21.969919
3142,32,32,-1,-1,-1,-1,-1,21.008385,1,21.073919,0.872448,21.946367
3143,32,32,-1,-1,-1,-1,-1,20.985855,1,21.051392,0.873472,21.924864
3144,32,32,-1,-1,-1,-1,-1,20.98176,1,21.044224,0.868352,21.912576
3145,32,32,-1,-1,-1,-1,-1,20.980736,1,21.044224,0.877568,21.921792
3146,32,32,-1,-1,-1,-1,-1,20.994047,1,21.050367,0.873472,21.923839
3147,32,32,-1,-1,-1,-1,-1,20.996096,1,21.060608,0.868352,21.92896
3148,32,32,-1,-1,-1,-1,-1,20.965376,1,21.029888,0.87552,21.905408
3149,32,32,-1,-1,-1,-1,-1,20.972544,1,21.03808,0.869376,21.907456
3150,32,2064,-1,-1,-1,-1,-1,-1,0,155.930618,0.888832,156.81945
3151,32,32,-1,-1,-1,-1,-1,21.445633,1,21.510143,0.878592,22.388735
3152,32,2064,-1,-1,-1,-1,-1,-1,0,156.140549,0.892928,157.033477
3153,32,32,-1,-1,-1,-1,-1,21.482496,1,21.540865,0.878592,22.419457
3154,32,2064,-1,-1,-1,-1,-1,-1,0,156.966919,0.88576,157.852679
3155,32,32,-1,-1,-1,-1,-1,21.481472,1,21.549055,0.877568,22.426623
3156,32,2064,-1,-1,-1,-1,-1,-1,0,156.270599,0.884736,157.155335
3157,32,32,-1,-1,-1,-1,-1,21.467136,1,21.525503,0.882688,22.408191
3158,32,32,-1,-1,-1,-1,-1,21.246977,1,21.31456,0.878592,22.193152
3159,32,32,-1,-1,-1,-1,-1,21.092352,1,21.157888,0.872448,22.030336
3160,32,2064,-1,-1,-1,-1,-1,-1,0,155.490311,0.884736,156.375047
3161,32,32,-1,-1,-1,-1,-1,21.468161,1,21.527552,0.879616,22.407168
3162,32,32,-1,-1,-1,-1,-1,21.225471,1,21.285889,0.8704,22.156289
3163,32,32,-1,-1,-1,-1,-1,21.098495,1,21.163008,0.869376,22.032384
3164,32,32,-1,-1,-1,-1,-1,21.056513,1,21.122047,0.868352,21.990399
3165,32,2064,-1,-1,-1,-1,-1,-1,0,155.439102,0.886784,156.325886
3166,32,32,-1,-1,-1,-1,-1,21.455872,1,21.526527,0.871424,22.397951
3167,32,32,-1,-1,-1,-1,-1,21.213184,1,21.279743,0.871424,22.151167
3168,32,32,-1,-1,-1,-1,-1,21.074944,1,21.138432,0.877568,22.016
3169,32,32,-1,-1,-1,-1,-1,21.08416,1,21.148672,0.871424,22.020096
3170,32,32,-1,-1,-1,-1,-1,21.082111,1,21.148672,0.877568,22.02624
3171,32,32,-1,-1,-1,-1,-1,21.051392,1,21.10976,0.874496,21.984256
3172,32,32,-1,-1,-1,-1,-1,21.044224,1,21.10976,0.866304,21.976064
3173,32,2048,-1,-1,-1,-1,-1,-1,0,147.191803,0.879616,148.071419
3174,32,32,-1,-1,-1,-1,-1,21.454847,1,21.512192,0.873472,22.385664
3175,32,32,-1,-1,-1,-1,-1,21.207041,1,21.2736,0.8704,22.144
3176,32,2064,-1,-1,-1,-1,-1,-1,0,156.504059,0.879616,157.383675
3177,32,4095,-1,-1,-1,-1,-1,-1,0,274.973694,0.902144,275.875838
3178,32,32,-1,-1,-1,-1,-1,21.469185,1,21.536768,0.887808,22.424576
3179,32,32,-1,-1,-1,-1,-1,21.274624,1,21.342209,0.873472,22.215681
3180,32,32,-1,-1,-1,-1,-1,21.120001,1,21.185535,0.869376,22.054911
3181,32,32,-1,-1,-1,-1,-1,21.028864,1,21.0944,0.883712,21.978112
3182,32,32,-1,-1,-1,-1,-1,21.046272,1,21.11488,0.881664,21.996544
3183,32,32,-1,-1,-1,-1,-1,21.041151,1,21.105663,0.89088,21.996543
3184,32,32,-1,-1,-1,-1,-1,21.02272,1,21.098495,0.874496,21.972991
3185,32,32,-1,-1,-1,-1,-1,20.989952,1,21.054464,0.877568,21.932032
3186,32,32,-1,-1,-1,-1,-1,20.974592,1,21.031937,0.88064,21.912577
3187,32,32,-1,-1,-1,-1,-1,20.959232,1,21.026815,0.877568,21.904383
3188,32,32,-1,-1,-1,-1,-1,20.9664,1,21.031937,0.869376,21.901313
3189,32,32,-1,-1,-1,-1,-1,20.982784,1,21.047297,0.892928,21.940225
3190,32,32,-1,-1,-1,-1,-1,20.983809,1,21.049343,0.872448,21.921791
3191,32,2063,-1,-1,-1,-1,-1,-1,0,155.706375,0.9216,156.627975
3192,32,32,-1,-1,-1,-1,-1,21.452801,1,21.520384,0.889856,22.41024
3193,32,32,-1,-1,-1,-1,-1,21.243904,1,21.311487,0.871424,22.182911
3194,32,32,-1,-1,-1,-1,-1,21.123072,1,21.189632,0.873472,22.063104
3195,32,32,-1,-1,-1,-1,-1,21.070848,1,21.135361,0.871424,22.006785
3196,32,4096,-1,-1,-1,-1,-1,-1,0,273.386505,0.903168,274.289673
3197,32,2064,-1,-1,-1,-1,-1,-1,0,158.106628,0.896,159.002628
3198,32,32,-1,-1,-1,-1,-1,21.378048,1,21.443584,0.878592,22.322176
3199,32,2064,-1,-1,-1,-1,-1,-1,0,157.613052,0.88064,158.493692
3200,32,2064,-1,-1,-1,-1,-1,-1,0,158.127106,0.883712,159.010818
3201,32,32,-1,-1,-1,-1,-1,21.36064,1,21.426176,0.872448,22.298624
3202,32,32,-1,-1,-1,-1,-1,21.128193,1,21.193727,0.871424,22.065152
3203,32,32,-1,-1,-1,-1,-1,21.059584,1,21.124096,0.8704,21.994496
3204,32,32,-1,-1,-1,-1,-1,21.037056,1,21.102592,0.873472,21.976064
3205,32,32,-1,-1,-1,-1,-1,21.029888,1,21.087233,0.871424,21.958657
3206,32,32,-1,-1,-1,-1,-1,21.016577,1,21.081087,0.881664,21.962751
3207,32,32,-1,-1,-1,-1,-1,20.965376,1,21.0432,0.8704,21.9136
3208,32,32,-1,-1,-1,-1,-1,20.995071,1,21.060608,0.873472,21.93408
3209,32,32,-1,-1,-1,-1,-1,20.974592,1,21.040129,0.866304,21.906433
3210,32,32,-1,-1,-1,-1,-1,20.983809,1,21.049343,0.871424,21.920767
3211,32,32,-1,-1,-1,-1,-1,20.992001,1,21.033983,0.872448,21.906431
3212,32,32,-1,-1,-1,-1,-1,21.00736,1,21.072895,0.872448,21.945343
3213,32,32,-1,-1,-1,-1,-1,20.9664,1,21.030912,0.8704,21.901312
3214,32,32,-1,-1,-1,-1,-1,20.979712,1,21.044224,0.872448,21.916672
3215,32,32,-1,-1,-1,-1,-1,21.003263,1,21.067776,0.876544,21.94432
3216,32,32,-1,-1,-1,-1,-1,21.004288,1,21.060608,0.869376,21.929984
3217,32,32,-1,-1,-1,-1,-1,20.989952,1,21.05344,0.874496,21.927936
3218,32,32,-1,-1,-1,-1,-1,20.982784,1,21.047297,0.87552,21.922817
3219,32,32,-1,-1,-1,-1,-1,21.025791,1,21.090303,0.873472,21.963775
3220,32,32,-1,-1,-1,-1,-1,20.973568,1,21.039104,0.867328,21.906432
3221,32,4095,-1,-1,-1,-1,-1,-1,0,272.804871,0.903168,273.708039
3222,32,32,-1,-1,-1,-1,-1,21.592064,1,21.658625,0.881664,22.540289
3223,32,2064,-1,-1,-1,-1,-1,-1,0,156.540924,0.88576,157.426684
3224,32,32,-1,-1,-1,-1,-1,21.424128,1,21.489664,0.877568,22.367232
3225,32,32,-1,-1,-1,-1,-1,21.219328,1,21.278721,0.873472,22.152193
3226,32,32,-1,-1,-1,-1,-1,21.152767,1,21.210112,0.876544,22.086656
3227,32,32,-1,-1,-1,-1,-1,21.085184,1,21.130239,0.872448,22.002688
3228,32,32,-1,-1,-1,-1,-1,21.063681,1,21.129215,0.868352,21.997567
3229,32,32,-1,-1,-1,-1,-1,21.065727,1,21.130239,0.876544,22.006783
3230,32,32,-1,-1,-1,-1,-1,21.058559,1,21.123072,0.871424,21.994496
3231,32,32,-1,-1,-1,-1,-1,20.988928,1,21.054464,0.871424,21.925888
3232,32,32,-1,-1,-1,-1,-1,21.009409,1,21.074944,0.872448,21.947392
3233,32,4096,-1,-1,-1,-1,-1,-1,0,271.266815,0.88576,272.152575
3234,32,32,-1,-1,-1,-1,-1,21.471231,1,21.536768,0.883712,22.42048
3235,32,32,-1,-1,-1,-1,-1,21.246977,1,21.312511,0.874496,22.187007
3236,32,2064,-1,-1,-1,-1,-1,-1,0,155.643906,0.886784,156.53069
3237,32,2064,-1,-1,-1,-1,-1,-1,0,157.728775,0.881664,158.610439
3238,32,4096,-1,-1,-1,-1,-1,-1,0,275.885071,0.898048,276.783119
3239,32,2064,-1,-1,-1,-1,-1,-1,0,159.858688,0.896,160.754688
3240,32,32,-1,-1,-1,-1,-1,21.434368,1,21.492737,0.87552,22.368257
3241,32,32,-1,-1,-1,-1,-1,21.197824,1,21.263359,0.874496,22.137855
3242,32,32,-1,-1,-1,-1,-1,21.065727,1,21.124096,0.866304,21.9904
3243,32,32,-1,-1,-1,-1,-1,21.033983,1,21.076992,0.866304,21.943296
3244,32,32,-1,-1,-1,-1,-1,21.044224,1,21.10976,0.867328,21.977088
3245,32,2064,-1,-1,-1,-1,-1,-1,0,155.701248,0.88064,156.581888
3246,32,32,-1,-1,-1,-1,-1,21.402624,1,21.467136,0.878592,22.345728
3247,32,32,-1,-1,-1,-1,-1,21.197824,1,21.264383,0.876544,22.140927
3248,32,32,-1,-1,-1,-1,-1,21.066751,1,21.124096,0.872448,21.996544
3249,32,32,-1,-1,-1,-1,-1,21.02272,1,21.081087,0.8704,21.951487
3250,32,2064,-1,-1,-1,-1,-1,-1,0,154.781693,0.881664,155.663356
3251,32,32,-1,-1,-1,-1,-1,21.439487,1,21.482496,0.873472,22.355968
3252,32,32,-1,-1,-1,-1,-1,21.174273,1,21.240831,0.872448,22.113279
3253,32,32,-1,-1,-1,-1,-1,21.058559,1,21.123072,0.882688,22.00576
3254,32,32,-1,-1,-1,-1,-1,21.039104,1,21.097471,0.877568,21.975039
3255,32,32,-1,-1,-1,-1,-1,21.067776,1,21.127169,0.872448,21.999617
3256,32,32,-1,-1,-1,-1,-1,21.037056,1,21.095425,0.876544,21.971969
3257,32,4095,-1,-1,-1,-1,-1,-1,0,272.920563,0.894976,273.815539
3258,32,32,-1,-1,-1,-1,-1,21.475328,1,21.540865,0.883712,22.424577
3259,32,2064,-1,-1,-1,-1,-1,-1,0,156.034042,0.884736,156.918778
3260,32,32,-1,-1,-1,-1,-1,21.429249,1,21.495808,0.888832,22.38464
3261,32,32,-1,-1,-1,-1,-1,21.200895,1,21.267456,0.871424,22.13888
3262,32,32,-1,-1,-1,-1,-1,21.087233,1,21.151745,0.873472,22.025217
3263,32,32,-1,-1,-1,-1,-1,21.037056,1,21.09952,0.874496,21.974016
3264,32,32,-1,-1,-1,-1,-1,21.03808,1,21.104639,0.868352,21.972991
3265,32,32,-1,-1,-1,-1,-1,21.059584,1,21.124096,0.8704,21.994496
3266,32,32,-1,-1,-1,-1,-1,21.01248,1,21.078016,0.872448,21.950464
3267,32,32,-1,-1,-1,-1,-1,20.999168,1,21.041151,0.8704,21.911551
3268,32,32,-1,-1,-1,-1,-1,20.987904,1,21.05344,0.869376,21.922816
3269,32,32,-1,-1,-1,-1,-1,20.989952,1,21.054464,0.866304,21.920768
3270,32,32,-1,-1,-1,-1,-1,20.977665,1,21.042175,0.869376,21.911551
3271,32,32,-1,-1,-1,-1,-1,21.005312,1,21.060608,0.871424,21.932032
3272,32,32,-1,-1,-1,-1,-1,21.004288,1,21.0688,0.869376,21.938176
3273,32,4096,-1,-1,-1,-1,-1,-1,0,272.206848,0.905216,273.112064
3274,32,32,-1,-1,-1,-1,-1,21.565439,1,21.633024,0.87552,22.508544
3275,32,32,-1,-1,-1,-1,-1,21.236736,1,21.302273,0.871424,22.173697
3276,32,32,-1,-1,-1,-1,-1,21.12512,1,21.190657,0.873472,22.064129
3277,32,32,-1,-1,-1,-1,-1,21.0688,1,21.134336,0.871424,22.00576
3278,32,32,-1,-1,-1,-1,-1,21.030912,1,21.073919,0.874496,21.948415
3279,32,32,-1,-1,-1,-1,-1,21.049343,1,21.113855,0.877568,21.991423
3280,32,32,-1,-1,-1,-1,-1,21.02784,1,21.08416,0.872448,21.956608
3281,32,32,-1,-1,-1,-1,-1,21.009409,1,21.073919,0.873472,21.947391
3282,32,2064,-1,-1,-1,-1,-1,-1,0,155.674622,0.894976,156.569598
3283,32,4095,-1,-1,-1,-1,-1,-1,0,274.956299,0.894976,275.851275
3284,32,32,-1,-1,-1,-1,-1,21.423103,1,21.490688,0.888832,22.37952
3285,32,32,-1,-1,-1,-1,-1,21.207041,1,21.263359,0.874496,22.137855
3286,32,2064,-1,-1,-1,-1,-1,-1,0,155.491333,0.891904,156.383237
3287,32,32,-1,-1,-1,-1,-1,21.44768,1,21.51424,0.879616,22.393856
3288,32,2064,-1,-1,-1,-1,-1,-1,0,155.735046,0.888832,156.623878
3289,32,2064,-1,-1,-1,-1,-1,-1,0,157.745148,0.90112,158.646268
3290,32,32,-1,-1,-1,-1,-1,21.455872,1,21.522432,0.88064,22.403072
3291,32,32,-1,-1,-1,-1,-1,21.24288,1,21.308416,0.884736,22.193152
3292,32,32,-1,-1,-1,-1,-1,21.096449,1,21.161983,0.873472,22.035455
3293,32,32,-1,-1,-1,-1,-1,21.044224,1,21.100544,0.872448,21.972992
3294,32,32,-1,-1,-1,-1,-1,21.059584,1,21.102592,0.871424,21.974016
3295,32,2064,-1,-1,-1,-1,-1,-1,0,155.854843,0.878592,156.733435
3296,32,32,-1,-1,-1,-1,-1,21.440512,1,21.496832,0.88576,22.382592
3297,32,32,-1,-1,-1,-1,-1,21.218304,1,21.28384,0.873472,22.157312
3298,32,32,-1,-1,-1,-1,-1,21.124096,1,21.182465,0.868352,22.050817
3299,32,32,-1,-1,-1,-1,-1,21.037056,1,21.101568,0.88064,21.982208
3300,32,32,-1,-1,-1,-1,-1,21.018623,1,21.08416,0.8704,21.95456
3301,32,32,-1,-1,-1,-1,-1,21.0432,1,21.10976,0.874496,21.984256
3302,32,32,-1,-1,-1,-1,-1,21.02784,1,21.0944,0.878592,21.972992
3303,32,32,-1,-1,-1,-1,-1,20.999168,1,21.065727,0.872448,21.938175
3304,32,2064,-1,-1,-1,-1,-1,-1,0,155.66951,0.879616,156.549126
3305,32,32,-1,-1,-1,-1,-1,21.413889,1,21.480448,0.879616,22.360064
3306,32,32,-1,-1,-1,-1,-1,21.243904,1,21.310465,0.88064,22.191105
3307,32,32,-1,-1,-1,-1,-1,21.08416,1,21.148672,0.873472,22.022144
3308,32,32,-1,-1,-1,-1,-1,21.050367,1,21.108736,0.8704,21.979136
3309,32,2064,-1,-1,-1,-1,-1,-1,0,155.405319,0.89088,156.296199
3310,32,32,-1,-1,-1,-1,-1,21.412865,1,21.456896,0.876544,22.33344
3311,32,32,-1,-1,-1,-1,-1,21.22752,1,21.285889,0.878592,22.164481
3312,32,32,-1,-1,-1,-1,-1,21.141504,1,21.185535,0.87552,22.061055
3313,32,32,-1,-1,-1,-1,-1,21.073919,1,21.14048,0.866304,22.006784
3314,32,32,-1,-1,-1,-1,-1,21.079041,1,21.137407,0.869376,22.006783
3315,32,32,-1,-1,-1,-1,-1,21.059584,1,21.124096,0.873472,21.997568
3316,32,32,-1,-1,-1,-1,-1,21.048321,1,21.11488,0.869376,21.984256
3317,32,32,-1,-1,-1,-1,-1,21.023745,1,21.090303,0.86528,21.955583
3318,32,6128,-1,-1,-1,-1,-1,-1,0,401.927155,0.897024,402.824179
3319,32,32,-1,-1,-1,-1,-1,21.511168,1,21.57056,0.877568,22.448128
3320,32,32,-1,-1,-1,-1,-1,21.191681,1,21.251072,0.88064,22.131712
3321,32,2064,-1,-1,-1,-1,-1,-1,0,155.618301,0.892928,156.511229
3322,32,2064,-1,-1,-1,-1,-1,-1,0,157.892609,0.889856,158.782465
3323,32,32,-1,-1,-1,-1,-1,21.444609,1,21.511168,0.878592,22.38976
3324,32,32,-1,-1,-1,-1,-1,21.236736,1,21.304319,0.871424,22.175743
3325,32,2064,-1,-1,-1,-1,-1,-1,0,155.599869,0.882688,156.482557
3326,32,32,-1,-1,-1,-1,-1,21.464064,1,21.508097,0.88064,22.388737
3327,32,32,-1,-1,-1,-1,-1,21.223425,1,21.287935,0.876544,22.164479
3328,32,32,-1,-1,-1,-1,-1,21.112831,1,21.156864,0.873472,22.030336
3329,32,32,-1,-1,-1,-1,-1,21.062656,1,21.127169,0.869376,21.996545
3330,32,32,-1,-1,-1,-1,-1,21.024769,1,21.091328,0.872448,21.963776
3331,32,32,-1,-1,-1,-1,-1,21.032961,1,21.088257,0.874496,21.962753
3332,32,32,-1,-1,-1,-1,-1,21.00736,1,21.073919,0.876544,21.950463
3333,32,32,-1,-1,-1,-1,-1,20.970495,1,21.026815,0.869376,21.896191
3334,32,32,-1,-1,-1,-1,-1,20.993025,1,21.058559,0.869376,21.927935
3335,32,32,-1,-1,-1,-1,-1,21.004288,1,21.0688,0.868352,21.937152
3336,32,32,-1,-1,-1,-1,-1,20.987904,1,21.059584,0.873472,21.933056
3337,32,32,-1,-1,-1,-1,-1,21.005312,1,21.062656,0.868352,21.931008
3338,32,32,-1,-1,-1,-1,-1,21.013504,1,21.070848,0.869376,21.940224
3339,32,32,-1,-1,-1,-1,-1,21.024769,1,21.079041,0.871424,21.950465
3340,32,32,-1,-1,-1,-1,-1,20.99712,1,21.040129,0.874496,21.914625
3341,32,32,-1,-1,-1,-1,-1,21.02272,1,21.089279,0.8704,21.959679
3342,32,32,-1,-1,-1,-1,-1,21.033983,1,21.076992,0.871424,21.948416
3343,32,32,-1,-1,-1,-1,-1,21.005312,1,21.069824,0.876544,21.946368
3344,32,32,-1,-1,-1,-1,-1,21.023745,1,21.065727,0.868352,21.934079
3345,32,32,-1,-1,-1,-1,-1,20.987904,1,21.051392,0.874496,21.925888
3346,32,2064,-1,-1,-1,-1,-1,-1,0,155.214844,0.886784,156.101628
3347,32,2064,-1,-1,-1,-1,-1,-1,0,157.776901,0.88576,158.662661
3348,32,32,-1,-1,-1,-1,-1,21.424128,1,21.490688,0.882688,22.373376
3349,32,2064,-1,-1,-1,-1,-1,-1,0,155.837433,0.877568,156.715001
3350,32,2064,-1,-1,-1,-1,-1,-1,0,156.93927,0.876544,157.815814
3351,32,2064,-1,-1,-1,-1,-1,-1,0,157.783035,0.88064,158.663675
3352,32,32,-1,-1,-1,-1,-1,21.489664,1,21.555201,0.883712,22.438913
3353,32,32,-1,-1,-1,-1,-1,21.247999,1,21.315584,0.871424,22.187008
3354,32,32,-1,-1,-1,-1,-1,21.100544,1,21.16608,0.874496,22.040576
3355,32,32,-1,-1,-1,-1,-1,21.058559,1,21.123072,0.869376,21.992448
3356,32,2064,-1,-1,-1,-1,-1,-1,0,156.557312,0.886784,157.444096
3357,32,32,-1,-1,-1,-1,-1,21.435392,1,21.493759,0.878592,22.372351
3358,32,32,-1,-1,-1,-1,-1,21.207041,1,21.252096,0.874496,22.126592
3359,32,32,-1,-1,-1,-1,-1,21.091328,1,21.156864,0.873472,22.030336
3360,32,32,-1,-1,-1,-1,-1,21.058559,1,21.101568,0.874496,21.976064
3361,32,2064,-1,-1,-1,-1,-1,-1,0,155.715591,0.88576,156.601351
3362,32,2064,-1,-1,-1,-1,-1,-1,0,157.76358,0.884736,158.648316
3363,32,2064,-1,-1,-1,-1,-1,-1,0,157.779968,0.886784,158.666752
3364,32,2063,-1,-1,-1,-1,-1,-1,0,157.529083,0.889856,158.418939
3365,32,32,-1,-1,-1,-1,-1,21.437441,1,21.505024,0.88064,22.385664
3366,32,32,-1,-1,-1,-1,-1,21.26848,1,21.336063,0.88064,22.216703
3367,32,2063,-1,-1,-1,-1,-1,-1,0,155.646973,0.88064,156.527613
3368,32,2064,-1,-1,-1,-1,-1,-1,0,157.666306,0.893952,158.560258
3369,32,2064,-1,-1,-1,-1,-1,-1,0,157.497345,0.88576,158.383105
3370,32,32,-1,-1,-1,-1,-1,21.351423,1,21.409792,0.886784,22.296576
3371,32,32,-1,-1,-1,-1,-1,21.164032,1,21.208063,0.88064,22.088703
3372,32,32,-1,-1,-1,-1,-1,21.09952,1,21.165056,0.8704,22.035456
3373,32,32,-1,-1,-1,-1,-1,21.018623,1,21.083136,0.868352,21.951488
3374,32,32,-1,-1,-1,-1,-1,21.010431,1,21.052416,0.8704,21.922816
3375,32,32,-1,-1,-1,-1,-1,21.018623,1,21.083136,0.872448,21.955584
3376,32,32,-1,-1,-1,-1,-1,21.010431,1,21.051392,0.86528,21.916672
3377,32,32,-1,-1,-1,-1,-1,20.950016,1,21.01248,0.869376,21.881856
3378,32,32,-1,-1,-1,-1,-1,20.959232,1,21.024769,0.867328,21.892097
3379,32,32,-1,-1,-1,-1,-1,20.962303,1,21.026815,0.882688,21.909503
3380,32,32,-1,-1,-1,-1,-1,20.934656,1,20.992001,0.871424,21.863425
3381,32,32,-1,-1,-1,-1,-1,20.974592,1,21.040129,0.871424,21.911553
3382,32,32,-1,-1,-1,-1,-1,20.973568,1,21.03808,0.872448,21.910528
3383,32,32,-1,-1,-1,-1,-1,20.996096,1,21.061632,0.871424,21.933056
3384,32,32,-1,-1,-1,-1,-1,20.964352,1,21.028864,0.881664,21.910528
3385,32,2064,-1,-1,-1,-1,-1,-1,0,154.998779,0.888832,155.887611
3386,32,32,-1,-1,-1,-1,-1,21.417984,1,21.484545,0.87552,22.360065
3387,32,32,-1,-1,-1,-1,-1,21.222401,1,21.266432,0.876544,22.142976
3388,32,32,-1,-1,-1,-1,-1,21.122047,1,21.18656,0.87552,22.06208
3389,32,32,-1,-1,-1,-1,-1,21.082111,1,21.138432,0.8704,22.008832
3390,32,32,-1,-1,-1,-1,-1,21.054464,1,21.097471,0.876544,21.974015
3391,32,32,-1,-1,-1,-1,-1,21.057535,1,21.121023,0.878592,21.999615
3392,32,32,-1,-1,-1,-1,-1,21.02272,1,21.065727,0.869376,21.935103
3393,32,32,-1,-1,-1,-1,-1,20.975616,1,21.029888,0.872448,21.902336
3394,32,32,-1,-1,-1,-1,-1,20.994047,1,21.059584,0.877568,21.937152
3395,32,32,-1,-1,-1,-1,-1,20.983809,1,21.048321,0.872448,21.920769
3396,32,32,-1,-1,-1,-1,-1,20.992001,1,21.054464,0.867328,21.921792
3397,32,32,-1,-1,-1,-1,-1,21.014528,1,21.070848,0.8704,21.941248
3398,32,2064,-1,-1,-1,-1,-1,-1,0,155.379715,0.889856,156.269571
3399,32,2064,-1,-1,-1,-1,-1,-1,0,157.367294,0.887808,158.255102
3400,32,32,-1,-1,-1,-1,-1,21.417984,1,21.484545,0.873472,22.358017
3401,32,2064,-1,-1,-1,-1,-1,-1,0,155.808762,0.879616,156.688378
3402,32,2064,-1,-1,-1,-1,-1,-1,0,157.737991,0.882688,158.620679
3403,32,32,-1,-1,-1,-1,-1,21.419008,1,21.462015,0.87552,22.337535
3404,32,32,-1,-1,-1,-1,-1,21.174273,1,21.239807,0.877568,22.117375
3405,32,32,-1,-1,-1,-1,-1,21.108736,1,21.16608,0.872448,22.038529
3406,32,32,-1,-1,-1,-1,-1,21.051392,1,21.0944,0.868352,21.962752
3407,32,4096,-1,-1,-1,-1,-1,-1,0,273.013763,0.893952,273.907715
3408,32,32,-1,-1,-1,-1,-1,21.463039,1,21.506048,0.886784,22.392832
3409,32,32,-1,-1,-1,-1,-1,21.249023,1,21.31456,0.872448,22.187008
3410,32,32,-1,-1,-1,-1,-1,21.092352,1,21.159937,0.873472,22.033409
3411,32,32,-1,-1,-1,-1,-1,21.037056,1,21.101568,0.868352,21.96992
3412,32,32,-1,-1,-1,-1,-1,21.014528,1,21.058559,0.873472,21.932031
3413,32,32,-1,-1,-1,-1,-1,21.02272,1,21.080065,0.88064,21.960705
3414,32,2063,-1,-1,-1,-1,-1,-1,0,155.531265,0.893952,156.425217
3415,32,2064,-1,-1,-1,-1,-1,-1,0,156.932098,0.882688,157.814786
3416,32,32,-1,-1,-1,-1,-1,21.481472,1,21.547009,0.88064,22.427648
3417,32,32,-1,-1,-1,-1,-1,21.247999,1,21.313536,0.873472,22.187008
3418,32,32,-1,-1,-1,-1,-1,21.121023,1,21.179392,0.869376,22.048768
3419,32,2063,-1,-1,-1,-1,-1,-1,0,155.427841,0.889856,156.317697
3420,32,32,-1,-1,-1,-1,-1,21.448704,1,21.516289,0.876544,22.392833
3421,32,32,-1,-1,-1,-1,-1,21.234688,1,21.302273,0.87552,22.177793
3422,32,32,-1,-1,-1,-1,-1,21.085184,1,21.128193,0.88064,22.008833
3423,32,32,-1,-1,-1,-1,-1,21.048321,1,21.113855,0.874496,21.988351
3424,32,32,-1,-1,-1,-1,-1,21.045248,1,21.089279,0.8704,21.959679
3425,32,32,-1,-1,-1,-1,-1,21.056513,1,21.122047,0.869376,21.991423
3426,32,2064,-1,-1,-1,-1,-1,-1,0,155.414536,0.877568,156.292104
3427,32,32,-1,-1,-1,-1,-1,21.366783,1,21.433344,0.877568,22.310912
3428,32,32,-1,-1,-1,-1,-1,21.126144,1,21.168127,0.8704,22.038527
3429,32,32,-1,-1,-1,-1,-1,21.081087,1,21.138432,0.869376,22.007808
3430,32,32,-1,-1,-1,-1,-1,21.071873,1,21.138432,0.881664,22.020096
3431,32,32,-1,-1,-1,-1,-1,21.059584,1,21.126144,0.8704,21.996544
3432,32,32,-1,-1,-1,-1,-1,21.057535,1,21.124096,0.874496,21.998592
3433,32,6128,-1,-1,-1,-1,-1,-1,0,403.117065,0.899072,404.016137
3434,32,32,-1,-1,-1,-1,-1,21.539841,1,21.6064,0.89088,22.49728
3435,32,32,-1,-1,-1,-1,-1,21.307392,1,21.353472,0.873472,22.226944
3436,32,32,-1,-1,-1,-1,-1,21.118977,1,21.185535,0.87552,22.061055
3437,32,32,-1,-1,-1,-1,-1,21.031937,1,21.087233,0.87552,21.962753
3438,32,32,-1,-1,-1,-1,-1,21.041151,1,21.083136,0.872448,21.955584
3439,32,2064,-1,-1,-1,-1,-1,-1,0,155.655167,0.882688,156.537855
3440,32,32,-1,-1,-1,-1,-1,21.48864,1,21.531649,0.884736,22.416385
3441,32,32,-1,-1,-1,-1,-1,21.22752,1,21.292032,0.868352,22.160384
3442,32,2063,-1,-1,-1,-1,-1,-1,0,155.754501,0.893952,156.648453
3443,32,32,-1,-1,-1,-1,-1,21.481472,1,21.547009,0.878592,22.425601
3444,32,32,-1,-1,-1,-1,-1,21.1712,1,21.214209,0.88064,22.094849
3445,32,32,-1,-1,-1,-1,-1,21.106688,1,21.1712,0.8704,22.0416
3446,32,32,-1,-1,-1,-1,-1,21.062656,1,21.118977,0.8704,21.989377
3447,32,2064,-1,-1,-1,-1,-1,-1,0,155.915268,0.877568,156.792836
3448,32,32,-1,-1,-1,-1,-1,21.474304,1,21.540865,0.882688,22.423553
3449,32,32,-1,-1,-1,-1,-1,21.210112,1,21.276672,0.878592,22.155264
3450,32,32,-1,-1,-1,-1,-1,21.060608,1,21.126144,0.87552,22.001664
3451,32,2064,-1,-1,-1,-1,-1,-1,0,155.081726,0.882688,155.964414
3452,32,32,-1,-1,-1,-1,-1,21.44768,1,21.506048,0.879616,22.385664
3453,32,32,-1,-1,-1,-1,-1,21.199871,1,21.24288,0.873472,22.116352
3454,32,32,-1,-1,-1,-1,-1,21.091328,1,21.134336,0.871424,22.00576
3455,32,32,-1,-1,-1,-1,-1,21.02272,1,21.088257,0.884736,21.972993
3456,32,32,-1,-1,-1,-1,-1,21.060608,1,21.103617,0.874496,21.978113
3457,32,32,-1,-1,-1,-1,-1,21.057535,1,21.122047,0.872448,21.994495
3458,32,32,-1,-1,-1,-1,-1,21.005312,1,21.074944,0.869376,21.94432
3459,32,32,-1,-1,-1,-1,-1,21.021696,1,21.086208,0.876544,21.962752
3460,32,32,-1,-1,-1,-1,-1,21.013504,1,21.055489,0.868352,21.923841
3461,32,32,-1,-1,-1,-1,-1,21.004288,1,21.0688,0.873472,21.942272
3462,32,32,-1,-1,-1,-1,-1,21.024769,1,21.082111,0.868352,21.950463
3463,32,2064,-1,-1,-1,-1,-1,-1,0,155.341827,0.883712,156.225539
3464,32,32,-1,-1,-1,-1,-1,21.512192,1,21.579777,0.891904,22.471681
3465,32,32,-1,-1,-1,-1,-1,21.295103,1,21.364737,0.87552,22.240257
3466,32,2064,-1,-1,-1,-1,-1,-1,0,155.790329,0.893952,156.684281
3467,32,2064,-1,-1,-1,-1,-1,-1,0,157.613052,0.882688,158.49574
3468,32,2064,-1,-1,-1,-1,-1,-1,0,157.465607,0.892928,158.358535
3469,32,32,-1,-1,-1,-1,-1,21.4016,1,21.444609,0.884736,22.329345
3470,32,32,-1,-1,-1,-1,-1,21.18144,1,21.223425,0.872448,22.095873
3471,32,32,-1,-1,-1,-1,-1,21.069824,1,21.134336,0.871424,22.00576
3472,32,32,-1,-1,-1,-1,-1,21.056513,1,21.09952,0.8704,21.96992
3473,32,32,-1,-1,-1,-1,-1,21.072895,1,21.136383,0.878592,22.014975
3474,32,32,-1,-1,-1,-1,-1,21.05344,1,21.110785,0.877568,21.988353
3475,32,32,-1,-1,-1,-1,-1,21.013504,1,21.069824,0.871424,21.941248
3476,32,2064,-1,-1,-1,-1,-1,-1,0,155.810822,0.888832,156.699654
3477,32,2064,-1,-1,-1,-1,-1,-1,0,157.711365,0.884736,158.596101
3478,32,2064,-1,-1,-1,-1,-1,-1,0,156.900345,0.883712,157.784057
3479,32,32,-1,-1,-1,-1,-1,21.400576,1,21.467136,0.879616,22.346752
3480,32,32,-1,-1,-1,-1,-1,21.222401,1,21.289984,0.874496,22.16448
3481,32,32,-1,-1,-1,-1,-1,21.135361,1,21.202944,0.872448,22.075392
3482,32,32,-1,-1,-1,-1,-1,21.05344,1,21.118977,0.87552,21.994497
3483,32,32,-1,-1,-1,-1,-1,21.054464,1,21.118977,0.874496,21.993473
3484,32,32,-1,-1,-1,-1,-1,21.036032,1,21.101568,0.867328,21.968896
3485,32,32,-1,-1,-1,-1,-1,21.047297,1,21.090303,0.867328,21.957631
3486,32,32,-1,-1,-1,-1,-1,20.976641,1,21.019648,0.867328,21.886976
3487,32,32,-1,-1,-1,-1,-1,21.02784,1,21.092352,0.868352,21.960704
3488,32,4096,-1,-1,-1,-1,-1,-1,0,271.860748,0.888832,272.74958
3489,32,32,-1,-1,-1,-1,-1,21.479424,1,21.524481,0.88576,22.410241
3490,32,32,-1,-1,-1,-1,-1,21.193727,1,21.261312,0.87552,22.136832
3491,32,2064,-1,-1,-1,-1,-1,-1,0,156.860413,0.887808,157.748221
3492,32,2064,-1,-1,-1,-1,-1,-1,0,157.783035,0.881664,158.664699
3493,32,2064,-1,-1,-1,-1,-1,-1,0,157.721603,0.896,158.617603
3494,32,32,-1,-1,-1,-1,-1,21.422079,1,21.487616,0.888832,22.376448
3495,32,2064,-1,-1,-1,-1,-1,-1,0,156.004349,0.89088,156.895229
3496,32,32,-1,-1,-1,-1,-1,21.349377,1,21.392384,0.877568,22.269952
3497,32,32,-1,-1,-1,-1,-1,21.146624,1,21.21216,0.881664,22.093824
3498,32,32,-1,-1,-1,-1,-1,21.030912,1,21.097471,0.873472,21.970943
3499,32,32,-1,-1,-1,-1,-1,21.010431,1,21.074944,0.874496,21.94944
3500,32,32,-1,-1,-1,-1,-1,21.041151,1,21.105663,0.876544,21.982207
3501,32,4096,-1,-1,-1,-1,-1,-1,0,273.048584,0.899072,273.947656
3502,32,32,-1,-1,-1,-1,-1,21.465088,1,21.509121,0.88064,22.389761
3503,32,32,-1,-1,-1,-1,-1,21.240831,1,21.307392,0.884736,22.192128
3504,32,32,-1,-1,-1,-1,-1,21.088257,1,21.146624,0.8704,22.017024
3505,32,32,-1,-1,-1,-1,-1,21.035007,1,21.076992,0.873472,21.950464
3506,32,32,-1,-1,-1,-1,-1,21.026815,1,21.092352,0.879616,21.971968
3507,32,32,-1,-1,-1,-1,-1,21.037056,1,21.101568,0.8704,21.971968
3508,32,32,-1,-1,-1,-1,-1,21.026815,1,21.093376,0.869376,21.962752
3509,32,32,-1,-1,-1,-1,-1,20.999168,1,21.064705,0.879616,21.944321
3510,32,32,-1,-1,-1,-1,-1,20.984833,1,21.050367,0.8704,21.920767
3511,32,32,-1,-1,-1,-1,-1,20.965376,1,21.028864,0.86528,21.894144
3512,32,32,-1,-1,-1,-1,-1,20.9664,1,21.009409,0.88064,21.890049
3513,32,32,-1,-1,-1,-1,-1,20.98176,1,21.046272,0.8704,21.916672
3514,32,32,-1,-1,-1,-1,-1,20.957184,1,21.02272,0.864256,21.886976
3515,32,32,-1,-1,-1,-1,-1,20.984833,1,21.048321,0.868352,21.916673
3516,32,32,-1,-1,-1,-1,-1,21.010431,1,21.066751,0.866304,21.933055
3517,32,32,-1,-1,-1,-1,-1,20.974592,1,21.039104,0.869376,21.90848
3518,32,2064,-1,-1,-1,-1,-1,-1,0,155.254791,0.877568,156.132359
3519,32,32,-1,-1,-1,-1,-1,21.500929,1,21.567488,0.897024,22.464512
3520,32,32,-1,-1,-1,-1,-1,21.446655,1,21.507072,0.88064,22.387712
3521,32,32,-1,-1,-1,-1,-1,21.153791,1,21.197824,0.872448,22.070273
3522,32,32,-1,-1,-1,-1,-1,21.052416,1,21.116928,0.869376,21.986304
3523,32,2063,-1,-1,-1,-1,-1,-1,0,155.939835,0.88576,156.825595
3524,32,2064,-1,-1,-1,-1,-1,-1,0,156.913666,0.884736,157.798402
3525,32,32,-1,-1,-1,-1,-1,21.392384,1,21.459969,0.883712,22.343681
3526,32,2064,-1,-1,-1,-1,-1,-1,0,155.58963,0.88576,156.47539
3527,32,32,-1,-1,-1,-1,-1,21.410816,1,21.478399,0.871424,22.349823
3528,32,2063,-1,-1,-1,-1,-1,-1,0,155.87738,0.89088,156.76826
3529,32,32,-1,-1,-1,-1,-1,21.407743,1,21.475328,0.877568,22.352896
3530,32,2064,-1,-1,-1,-1,-1,-1,0,155.983871,0.891904,156.875775
3531,32,32,-1,-1,-1,-1,-1,21.466112,1,21.532673,0.878592,22.411265
3532,32,32,-1,-1,-1,-1,-1,21.232639,1,21.2992,0.882688,22.181888
3533,32,32,-1,-1,-1,-1,-1,21.097471,1,21.161983,0.871424,22.033408
3534,32,32,-1,-1,-1,-1,-1,21.059584,1,21.123072,0.872448,21.99552
3535,32,32,-1,-1,-1,-1,-1,21.055489,1,21.118977,0.881664,22.000641
3536,32,32,-1,-1,-1,-1,-1,21.048321,1,21.104639,0.872448,21.977087
3537,32,32,-1,-1,-1,-1,-1,21.002239,1,21.046272,0.873472,21.919744
3538,32,32,-1,-1,-1,-1,-1,21.0432,1,21.107712,0.882688,21.9904
3539,32,32,-1,-1,-1,-1,-1,21.01248,1,21.076992,0.877568,21.95456
3540,32,2063,-1,-1,-1,-1,-1,-1,0,155.666428,0.887808,156.554236
3541,32,32,-1,-1,-1,-1,-1,21.415936,1,21.482496,0.879616,22.362112
3542,32,32,-1,-1,-1,-1,-1,21.208063,1,21.274624,0.884736,22.15936
3543,32,2064,-1,-1,-1,-1,-1,-1,0,156.083206,0.883712,156.966918
3544,32,32,-1,-1,-1,-1,-1,21.431295,1,21.476353,0.886784,22.363137
3545,32,32,-1,-1,-1,-1,-1,21.245953,1,21.313536,0.874496,22.188032
3546,32,32,-1,-1,-1,-1,-1,21.133312,1,21.198849,0.873472,22.072321
3547,32,32,-1,-1,-1,-1,-1,21.065727,1,21.123072,0.869376,21.992448
3548,32,32,-1,-1,-1,-1,-1,21.05344,1,21.117952,0.87552,21.993472
3549,32,32,-1,-1,-1,-1,-1,21.056513,1,21.121023,0.873472,21.994495
3550,32,2063,-1,-1,-1,-1,-1,-1,0,154.846207,0.89088,155.737087
3551,32,32,-1,-1,-1,-1,-1,21.499905,1,21.566463,0.881664,22.448127
3552,32,32,-1,-1,-1,-1,-1,21.316608,1,21.385216,0.869376,22.254592
3553,32,2063,-1,-1,-1,-1,-1,-1,0,156.275711,0.89088,157.166591
3554,32,2064,-1,-1,-1,-1,-1,-1,0,157.789185,0.887808,158.676993
3555,32,2064,-1,-1,-1,-1,-1,-1,0,156.687363,0.891904,157.579267
3556,32,32,-1,-1,-1,-1,-1,21.4016,1,21.459969,0.883712,22.343681
3557,32,32,-1,-1,-1,-1,-1,21.208063,1,21.274624,0.874496,22.14912
3558,32,32,-1,-1,-1,-1,-1,21.118977,1,21.184511,0.874496,22.059007
3559,32,32,-1,-1,-1,-1,-1,21.060608,1,21.132288,0.877568,22.009856
3560,32,32,-1,-1,-1,-1,-1,21.058559,1,21.100544,0.873472,21.974016
3561,32,32,-1,-1,-1,-1,-1,21.019648,1,21.085184,0.869376,21.95456
3562,32,2064,-1,-1,-1,-1,-1,-1,0,155.164673,0.888832,156.053505
3563,32,32,-1,-1,-1,-1,-1,21.490688,1,21.556225,0.886784,22.443009
3564,32,32,-1,-1,-1,-1,-1,21.322752,1,21.390335,0.872448,22.262783
3565,32,2064,-1,-1,-1,-1,-1,-1,0,155.758591,0.881664,156.640255
3566,32,32,-1,-1,-1,-1,-1,21.471231,1,21.536768,0.886784,22.423552
3567,32,32,-1,-1,-1,-1,-1,21.291008,1,21.348352,0.8704,22.218752
3568,32,32,-1,-1,-1,-1,-1,21.120001,1,21.185535,0.871424,22.056959
3569,32,32,-1,-1,-1,-1,-1,21.039104,1,21.082111,0.871424,21.953535
3570,32,32,-1,-1,-1,-1,-1,21.069824,1,21.126144,0.871424,21.997568
3571,32,32,-1,-1,-1,-1,-1,21.026815,1,21.092352,0.8704,21.962752
3572,32,2064,-1,-1,-1,-1,-1,-1,0,155.799545,0.889856,156.689401
3573,32,2064,-1,-1,-1,-1,-1,-1,0,157.703171,0.892928,158.596099
3574,32,32,-1,-1,-1,-1,-1,21.474304,1,21.540865,0.876544,22.417409
3575,32,32,-1,-1,-1,-1,-1,21.239807,1,21.301249,0.87552,22.176769
3576,32,32,-1,-1,-1,-1,-1,21.08416,1,21.126144,0.873472,21.999616
3577,32,32,-1,-1,-1,-1,-1,21.060608,1,21.124096,0.872448,21.996544
3578,32,2064,-1,-1,-1,-1,-1,-1,0,155.528198,0.881664,156.409862
3579,32,32,-1,-1,-1,-1,-1,21.445633,1,21.511168,0.88064,22.391807
3580,32,32,-1,-1,-1,-1,-1,21.221376,1,21.277697,0.871424,22.149121
3581,32,2064,-1,-1,-1,-1,-1,-1,0,156.53479,0.882688,157.417478
3582,32,32,-1,-1,-1,-1,-1,21.428225,1,21.494783,0.882688,22.377471
3583,32,32,-1,-1,-1,-1,-1,21.220352,1,21.286913,0.872448,22.159361
3584,32,32,-1,-1,-1,-1,-1,21.112831,1,21.178368,0.869376,22.047744
3585,32,2064,-1,-1,-1,-1,-1,-1,0,155.992065,0.883712,156.875777
3586,32,32,-1,-1,-1,-1,-1,21.480448,1,21.548033,0.882688,22.430721
3587,32,32,-1,-1,-1,-1,-1,21.233664,1,21.300224,0.876544,22.176768
3588,32,32,-1,-1,-1,-1,-1,21.064705,1,21.130239,0.869376,21.999615
3589,32,32,-1,-1,-1,-1,-1,21.055489,1,21.122047,0.8704,21.992447
3590,32,32,-1,-1,-1,-1,-1,21.052416,1,21.117952,0.869376,21.987328
3591,32,32,-1,-1,-1,-1,-1,21.051392,1,21.116928,0.8704,21.987328
3592,32,32,-1,-1,-1,-1,-1,21.020672,1,21.063681,0.871424,21.935105
3593,32,32,-1,-1,-1,-1,-1,21.009409,1,21.072895,0.8704,21.943295
3594,32,2064,-1,-1,-1,-1,-1,-1,0,155.393021,0.888832,156.281853
3595,32,2064,-1,-1,-1,-1,-1,-1,0,158.217209,0.89088,159.108089
3596,32,32,-1,-1,-1,-1,-1,21.398527,1,21.441536,0.876544,22.31808
3597,32,32,-1,-1,-1,-1,-1,21.260288,1,21.315584,0.884736,22.20032
3598,32,32,-1,-1,-1,-1,-1,21.150721,1,21.215233,0.877568,22.092801
3599,32,32,-1,-1,-1,-1,-1,21.063681,1,21.129215,0.8704,21.999615
3600,32,32,-1,-1,-1,-1,-1,21.058559,1,21.123072,0.868352,21.991424
3601,32,2063,-1,-1,-1,-1,-1,-1,0,155.552765,0.893952,156.446717
3602,32,32,-1,-1,-1,-1,-1,21.483521,1,21.550079,0.887808,22.437887
3603,32,2064,-1,-1,-1,-1,-1,-1,0,156.022781,0.881664,156.904445
3604,32,32,-1,-1,-1,-1,-1,21.389313,1,21.455872,0.876544,22.332416
3605,32,32,-1,-1,-1,-1,-1,21.236736,1,21.303295,0.879616,22.182911
3606,32,32,-1,-1,-1,-1,-1,21.144575,1,21.210112,0.878592,22.088704
3607,32,32,-1,-1,-1,-1,-1,21.052416,1,21.117952,0.8704,21.988352
3608,32,2064,-1,-1,-1,-1,-1,-1,0,155.41658,0.88064,156.29722
3609,32,2064,-1,-1,-1,-1,-1,-1,0,157.058044,0.886784,157.944828
3610,32,2064,-1,-1,-1,-1,-1,-1,0,157.687805,0.88064,158.568445
3611,32,32,-1,-1,-1,-1,-1,21.351423,1,21.41696,0.874496,22.291456
3612,32,2064,-1,-1,-1,-1,-1,-1,0,156.135422,0.89088,157.026302
3613,32,32,-1,-1,-1,-1,-1,21.400576,1,21.458944,0.877568,22.336512
3614,32,32,-1,-1,-1,-1,-1,21.163008,1,21.228544,0.877568,22.106112
3615,32,32,-1,-1,-1,-1,-1,21.093376,1,21.15584,0.874496,22.030336
3616,32,32,-1,-1,-1,-1,-1,21.041151,1,21.105663,0.871424,21.977087
3617,32,32,-1,-1,-1,-1,-1,21.059584,1,21.12512,0.87552,22.00064
3618,32,32,-1,-1,-1,-1,-1,21.024769,1,21.090303,0.869376,21.959679
3619,32,2064,-1,-1,-1,-1,-1,-1,0,155.013123,0.888832,155.901955
3620,32,32,-1,-1,-1,-1,-1,21.396481,1,21.453823,0.88064,22.334463
3621,32,32,-1,-1,-1,-1,-1,21.209087,1,21.276672,0.876544,22.153216
3622,32,4096,-1,-1,-1,-1,-1,-1,0,273.376251,0.892928,274.269179
3623,32,32,-1,-1,-1,-1,-1,21.462015,1,21.527552,0.879616,22.407168
3624,32,32,-1,-1,-1,-1,-1,21.217279,1,21.282816,0.873472,22.156288
3625,32,32,-1,-1,-1,-1,-1,21.08416,1,21.148672,0.876544,22.025216
3626,32,32,-1,-1,-1,-1,-1,21.032961,1,21.098495,0.876544,21.975039
3627,32,2063,-1,-1,-1,-1,-1,-1,0,155.670532,0.889856,156.560388
3628,32,32,-1,-1,-1,-1,-1,21.4016,1,21.468161,0.876544,22.344705
3629,32,32,-1,-1,-1,-1,-1,21.218304,1,21.285889,0.879616,22.165505
3630,32,2064,-1,-1,-1,-1,-1,-1,0,155.847687,0.878592,156.726279
3631,32,32,-1,-1,-1,-1,-1,21.383167,1,21.44768,0.882688,22.330368
3632,32,32,-1,-1,-1,-1,-1,21.147648,1,21.189632,0.874496,22.064128
3633,32,32,-1,-1,-1,-1,-1,21.054464,1,21.117952,0.874496,21.992448
3634,32,32,-1,-1,-1,-1,-1,21.026815,1,21.092352,0.872448,21.9648
3635,32,32,-1,-1,-1,-1,-1,21.044224,1,21.101568,0.871424,21.972992
3636,32,32,-1,-1,-1,-1,-1,21.031937,1,21.098495,0.872448,21.970944
3637,32,32,-1,-1,-1,-1,-1,20.994047,1,21.059584,0.869376,21.92896
3638,32,32,-1,-1,-1,-1,-1,20.9664,1,21.042175,0.871424,21.913599
3639,32,32,-1,-1,-1,-1,-1,20.996096,1,21.058559,0.867328,21.925887
3640,32,32,-1,-1,-1,-1,-1,20.993025,1,21.057535,0.866304,21.923839
3641,32,32,-1,-1,-1,-1,-1,20.964352,1,21.02784,0.869376,21.897216
3642,32,32,-1,-1,-1,-1,-1,21.00736,1,21.072895,0.868352,21.941247
3643,32,2064,-1,-1,-1,-1,-1,-1,0,155.110397,0.879616,155.990013
3644,32,2064,-1,-1,-1,-1,-1,-1,0,156.495865,0.879616,157.375481
3645,32,32,-1,-1,-1,-1,-1,21.474304,1,21.541887,0.884736,22.426623
3646,32,32,-1,-1,-1,-1,-1,21.472256,1,21.538816,0.893952,22.432768
3647,32,32,-1,-1,-1,-1,-1,21.474304,1,21.540865,0.88576,22.426625
3648,32,32,-1,-1,-1,-1,-1,21.478399,1,21.523457,0.88576,22.409217
3649,32,32,-1,-1,-1,-1,-1,21.106688,1,21.16608,0.87552,22.0416
3650,32,2064,-1,-1,-1,-1,-1,-1,0,155.114502,0.893952,156.008454
3651,32,32,-1,-1,-1,-1,-1,21.445633,1,21.512192,0.883712,22.395904
3652,32,32,-1,-1,-1,-1,-1,21.230593,1,21.296127,0.871424,22.167551
3653,32,32,-1,-1,-1,-1,-1,21.110785,1,21.176319,0.87552,22.051839
3654,32,2064,-1,-1,-1,-1,-1,-1,0,155.968506,0.892928,156.861434
3655,32,2064,-1,-1,-1,-1,-1,-1,0,157.659134,0.888832,158.547966
3656,32,32,-1,-1,-1,-1,-1,21.460993,1,21.518335,0.872448,22.390783
3657,32,32,-1,-1,-1,-1,-1,21.157888,1,21.223425,0.874496,22.097921
3658,32,32,-1,-1,-1,-1,-1,21.105663,1,21.167105,0.868352,22.035457
3659,32,2064,-1,-1,-1,-1,-1,-1,0,154.991623,0.883712,155.875335
3660,32,2064,-1,-1,-1,-1,-1,-1,0,157.324295,0.882688,158.206983
3661,32,32,-1,-1,-1,-1,-1,21.4016,1,21.458944,0.87552,22.334464
3662,32,32,-1,-1,-1,-1,-1,21.265408,1,21.323776,0.879616,22.203392
3663,32,32,-1,-1,-1,-1,-1,21.113855,1,21.178368,0.871424,22.049792
3664,32,32,-1,-1,-1,-1,-1,21.02784,1,21.070848,0.872448,21.943296
3665,32,32,-1,-1,-1,-1,-1,21.028864,1,21.093376,0.873472,21.966848
3666,32,32,-1,-1,-1,-1,-1,21.028864,1,21.096449,0.89088,21.987329
3667,32,32,-1,-1,-1,-1,-1,21.040129,1,21.10976,0.873472,21.983232
3668,32,32,-1,-1,-1,-1,-1,20.983809,1,21.046272,0.866304,21.912576
3669,32,2064,-1,-1,-1,-1,-1,-1,0,155.155457,0.884736,156.040193
3670,32,32,-1,-1,-1,-1,-1,21.338112,1,21.406719,0.884736,22.291455
3671,32,2064,-1,-1,-1,-1,-1,-1,0,155.706375,0.887808,156.594183
3672,32,32,-1,-1,-1,-1,-1,21.484545,1,21.550079,0.886784,22.436863
3673,32,32,-1,-1,-1,-1,-1,21.262337,1,21.320704,0.891904,22.212608
3674,32,2064,-1,-1,-1,-1,-1,-1,0,156.365829,0.896,157.261829
3675,32,32,-1,-1,-1,-1,-1,21.485567,1,21.543936,0.882688,22.426624
3676,32,2064,-1,-1,-1,-1,-1,-1,0,157.08876,0.894976,157.983736
3677,32,32,-1,-1,-1,-1,-1,21.477377,1,21.536768,0.878592,22.41536
3678,32,2064,-1,-1,-1,-1,-1,-1,0,156.253189,0.883712,157.136901
3679,32,32,-1,-1,-1,-1,-1,21.450752,1,21.493759,0.883712,22.377471
3680,32,32,-1,-1,-1,-1,-1,21.230593,1,21.274624,0.873472,22.148096
3681,32,32,-1,-1,-1,-1,-1,21.085184,1,21.149696,0.878592,22.028288
3682,32,32,-1,-1,-1,-1,-1,21.058559,1,21.12512,0.871424,21.996544
3683,32,32,-1,-1,-1,-1,-1,21.03808,1,21.095425,0.87552,21.970945
3684,32,32,-1,-1,-1,-1,-1,21.024769,1,21.089279,0.871424,21.960703
3685,32,32,-1,-1,-1,-1,-1,21.049343,1,21.11488,0.879616,21.994496
3686,32,32,-1,-1,-1,-1,-1,21.061632,1,21.128193,0.8704,21.998593
3687,32,4096,-1,-1,-1,-1,-1,-1,0,271.891449,0.891904,272.783353
3688,32,32,-1,-1,-1,-1,-1,21.44256,1,21.509121,0.881664,22.390785
3689,32,32,-1,-1,-1,-1,-1,21.330944,1,21.389313,0.881664,22.270977
3690,32,32,-1,-1,-1,-1,-1,21.089279,1,21.15584,0.876544,22.032384
3691,32,32,-1,-1,-1,-1,-1,21.047297,1,21.103617,0.864256,21.967873
3692,32,32,-1,-1,-1,-1,-1,21.051392,1,21.115904,0.87552,21.991424
3693,32,32,-1,-1,-1,-1,-1,21.019648,1,21.085184,0.869376,21.95456
3694,32,2064,-1,-1,-1,-1,-1,-1,0,156.168198,0.88576,157.053958
3695,32,32,-1,-1,-1,-1,-1,21.493759,1,21.535744,0.87552,22.411264
3696,32,32,-1,-1,-1,-1,-1,21.237761,1,21.281792,0.874496,22.156288
3697,32,32,-1,-1,-1,-1,-1,21.095425,1,21.160959,0.868352,22.029311
3698,32,32,-1,-1,-1,-1,-1,21.060608,1,21.12512,0.869376,21.994496
3699,32,32,-1,-1,-1,-1,-1,21.074944,1,21.132288,0.876544,22.008832
3700,32,2064,-1,-1,-1,-1,-1,-1,0,156.289017,0.888832,157.177849
3701,32,32,-1,-1,-1,-1,-1,21.4272,1,21.494783,0.882688,22.377471
3702,32,32,-1,-1,-1,-1,-1,21.182465,1,21.249023,0.884736,22.133759
3703,32,32,-1,-1,-1,-1,-1,21.092352,1,21.158913,0.868352,22.027265
3704,32,32,-1,-1,-1,-1,-1,21.060608,1,21.12512,0.8704,21.99552
3705,32,32,-1,-1,-1,-1,-1,21.045248,1,21.10976,0.881664,21.991424
3706,32,2064,-1,-1,-1,-1,-1,-1,0,155.485184,0.88064,156.365824
3707,32,2064,-1,-1,-1,-1,-1,-1,0,157.462524,0.892928,158.355452
3708,32,32,-1,-1,-1,-1,-1,21.393408,1,21.459969,0.879616,22.339585
3709,32,32,-1,-1,-1,-1,-1,21.197824,1,21.24288,0.8704,22.11328
3710,32,4096,-1,-1,-1,-1,-1,-1,0,274.551819,0.898048,275.449867
3711,32,32,-1,-1,-1,-1,-1,21.551104,1,21.595137,0.882688,22.477825
3712,32,32,-1,-1,-1,-1,-1,21.278721,1,21.322752,0.873472,22.196224
3713,32,32,-1,-1,-1,-1,-1,21.078016,1,21.122047,0.872448,21.994495
3714,32,32,-1,-1,-1,-1,-1,21.041151,1,21.098495,0.873472,21.971967
3715,32,32,-1,-1,-1,-1,-1,21.037056,1,21.0944,0.869376,21.963776
3716,32,32,-1,-1,-1,-1,-1,21.046272,1,21.110785,0.869376,21.980161
3717,32,2064,-1,-1,-1,-1,-1,-1,0,156.065796,0.878592,156.944388
3718,32,32,-1,-1,-1,-1,-1,21.397505,1,21.464064,0.874496,22.33856
3719,32,32,-1,-1,-1,-1,-1,21.175297,1,21.234688,0.867328,22.102016
3720,32,2064,-1,-1,-1,-1,-1,-1,0,155.609085,0.884736,156.493821
3721,32,2064,-1,-1,-1,-1,-1,-1,0,156.868607,0.891904,157.760511
3722,32,32,-1,-1,-1,-1,-1,21.44768,1,21.513216,0.873472,22.386688
3723,32,32,-1,-1,-1,-1,-1,21.218304,1,21.284864,0.869376,22.15424
3724,32,32,-1,-1,-1,-1,-1,21.076992,1,21.142529,0.877568,22.020097
3725,32,32,-1,-1,-1,-1,-1,21.056513,1,21.098495,0.88064,21.979135
3726,32,32,-1,-1,-1,-1,-1,21.042175,1,21.107712,0.872448,21.98016
3727,32,2064,-1,-1,-1,-1,-1,-1,0,155.730942,0.894976,156.625918
3728,32,32,-1,-1,-1,-1,-1,21.429249,1,21.47328,0.881664,22.354944
3729,32,32,-1,-1,-1,-1,-1,21.237761,1,21.280767,0.872448,22.153215
3730,32,32,-1,-1,-1,-1,-1,21.095425,1,21.159937,0.88064,22.040577
3731,32,32,-1,-1,-1,-1,-1,21.081087,1,21.144575,0.8704,22.014975
3732,32,32,-1,-1,-1,-1,-1,21.063681,1,21.128193,0.868352,21.996545
3733,32,32,-1,-1,-1,-1,-1,21.079041,1,21.146624,0.876544,22.023168
3734,32,32,-1,-1,-1,-1,-1,21.083136,1,21.141504,0.87552,22.017024
3735,32,32,-1,-1,-1,-1,-1,21.086208,1,21.151745,0.871424,22.023169
3736,32,32,-1,-1,-1,-1,-1,21.031937,1,21.098495,0.867328,21.965823
3737,32,32,-1,-1,-1,-1,-1,20.992001,1,21.049343,0.867328,21.916671
3738,32,2064,-1,-1,-1,-1,-1,-1,0,155.275269,0.881664,156.156933
3739,32,32,-1,-1,-1,-1,-1,21.506048,1,21.572609,0.882688,22.455297
3740,32,32,-1,-1,-1,-1,-1,21.280767,1,21.349377,0.887808,22.237185
3741,32,32,-1,-1,-1,-1,-1,21.130239,1,21.174273,0.868352,22.042625
3742,32,2064,-1,-1,-1,-1,-1,-1,0,155.512833,0.888832,156.401665
3743,32,2063,-1,-1,-1,-1,-1,-1,0,157.772797,0.888832,158.661629
3744,32,32,-1,-1,-1,-1,-1,21.430271,1,21.495808,0.878592,22.3744
3745,32,4096,-1,-1,-1,-1,-1,-1,0,274.339844,0.903168,275.243012
3746,32,32,-1,-1,-1,-1,-1,21.474304,1,21.531649,0.886784,22.418433
3747,32,4096,-1,-1,-1,-1,-1,-1,0,274.405365,0.893952,275.299317
3748,32,32,-1,-1,-1,-1,-1,21.655552,1,21.714945,0.881664,22.596609
3749,32,32,-1,-1,-1,-1,-1,21.262337,1,21.328896,0.88064,22.209536
3750,32,32,-1,-1,-1,-1,-1,21.148672,1,21.214209,0.878592,22.092801
3751,32,32,-1,-1,-1,-1,-1,21.065727,1,21.132288,0.872448,22.004736
3752,32,2064,-1,-1,-1,-1,-1,-1,0,156.006393,0.879616,156.886009
3753,32,32,-1,-1,-1,-1,-1,21.381121,1,21.446655,0.883712,22.330367
3754,32,32,-1,-1,-1,-1,-1,21.158913,1,21.224447,0.878592,22.103039
3755,32,32,-1,-1,-1,-1,-1,21.052416,1,21.116928,0.869376,21.986304
3756,32,32,-1,-1,-1,-1,-1,21.028864,1,21.093376,0.871424,21.9648
3757,32,32,-1,-1,-1,-1,-1,21.03808,1,21.080065,0.873472,21.953537
3758,32,32,-1,-1,-1,-1,-1,21.037056,1,21.101568,0.869376,21.970944
3759,32,2064,-1,-1,-1,-1,-1,-1,0,154.435577,0.896,155.331577
3760,32,32,-1,-1,-1,-1,-1,21.425152,1,21.489664,0.88064,22.370304
3761,32,32,-1,-1,-1,-1,-1,21.182465,1,21.249023,0.882688,22.131711
3762,32,32,-1,-1,-1,-1,-1,21.075968,1,21.14048,0.87552,22.016
3763,32,32,-1,-1,-1,-1,-1,21.031937,1,21.097471,0.877568,21.975039
3764,32,32,-1,-1,-1,-1,-1,21.041151,1,21.106688,0.876544,21.983232
3765,32,32,-1,-1,-1,-1,-1,21.05344,1,21.120001,0.874496,21.994497
3766,32,32,-1,-1,-1,-1,-1,20.990976,1,21.054464,0.877568,21.932032
3767,32,32,-1,-1,-1,-1,-1,20.980736,1,21.03808,0.869376,21.907456
3768,32,32,-1,-1,-1,-1,-1,21.000193,1,21.065727,0.867328,21.933055
3769,32,32,-1,-1,-1,-1,-1,20.990976,1,21.054464,0.867328,21.921792
3770,32,2064,-1,-1,-1,-1,-1,-1,0,155.24147,0.892928,156.134398
3771,32,32,-1,-1,-1,-1,-1,21.462015,1,21.528576,0.883712,22.412288
3772,32,2064,-1,-1,-1,-1,-1,-1,0,155.769852,0.883712,156.653564
3773,32,32,-1,-1,-1,-1,-1,21.496832,1,21.539841,0.897024,22.436865
3774,32,32,-1,-1,-1,-1,-1,21.255169,1,21.323776,0.881664,22.20544
3775,32,32,-1,-1,-1,-1,-1,21.113855,1,21.180416,0.869376,22.049792
3776,32,32,-1,-1,-1,-1,-1,21.046272,1,21.10976,0.873472,21.983232
3777,32,32,-1,-1,-1,-1,-1,21.052416,1,21.117952,0.881664,21.999616
3778,32,2064,-1,-1,-1,-1,-1,-1,0,155.20665,0.882688,156.089338
3779,32,2064,-1,-1,-1,-1,-1,-1,0,157.761536,0.881664,158.6432
3780,32,2064,-1,-1,-1,-1,-1,-1,0,157.4953,0.88576,158.38106
3781,32,32,-1,-1,-1,-1,-1,21.4272,1,21.493759,0.879616,22.373375
3782,32,2064,-1,-1,-1,-1,-1,-1,0,156.164093,0.897024,157.061117
3783,32,32,-1,-1,-1,-1,-1,21.396481,1,21.462015,0.881664,22.343679
3784,32,32,-1,-1,-1,-1,-1,21.220352,1,21.28896,0.887808,22.176768
3785,32,32,-1,-1,-1,-1,-1,21.09952,1,21.164032,0.88576,22.049792
3786,32,32,-1,-1,-1,-1,-1,21.028864,1,21.095425,0.871424,21.966849
3787,32,2063,-1,-1,-1,-1,-1,-1,0,155.380737,0.892928,156.273665
3788,32,32,-1,-1,-1,-1,-1,21.402624,1,21.469185,0.877568,22.346753
3789,32,32,-1,-1,-1,-1,-1,21.215233,1,21.260288,0.87552,22.135808
3790,32,32,-1,-1,-1,-1,-1,21.120001,1,21.185535,0.866304,22.051839
3791,32,32,-1,-1,-1,-1,-1,21.024769,1,21.089279,0.88064,21.969919
3792,32,2063,-1,-1,-1,-1,-1,-1,0,155.424774,0.884736,156.30951
3793,32,32,-1,-1,-1,-1,-1,21.476353,1,21.542912,0.89088,22.433792
3794,32,32,-1,-1,-1,-1,-1,21.2736,1,21.34016,0.876544,22.216704
3795,32,32,-1,-1,-1,-1,-1,21.097471,1,21.164032,0.8704,22.034432
3796,32,32,-1,-1,-1,-1,-1,21.03808,1,21.117952,0.873472,21.991424
3797,32,2064,-1,-1,-1,-1,-1,-1,0,155.945984,0.88576,156.831744
3798,32,32,-1,-1,-1,-1,-1,21.484545,1,21.549055,0.874496,22.423551
3799,32,32,-1,-1,-1,-1,-1,21.232639,1,21.291008,0.881664,22.172672
3800,32,32,-1,-1,-1,-1,-1,21.075968,1,21.14048,0.878592,22.019072
3801,32,32,-1,-1,-1,-1,-1,21.029888,1,21.093376,0.868352,21.961728
3802,32,32,-1,-1,-1,-1,-1,21.054464,1,21.116928,0.877568,21.994496
3803,32,32,-1,-1,-1,-1,-1,21.048321,1,21.110785,0.8704,21.981185
3804,32,32,-1,-1,-1,-1,-1,21.006336,1,21.062656,0.869376,21.932032
3805,32,2064,-1,-1,-1,-1,-1,-1,0,155.777023,0.886784,156.663807
3806,32,32,-1,-1,-1,-1,-1,21.4016,1,21.468161,0.873472,22.341633
3807,32,32,-1,-1,-1,-1,-1,21.223425,1,21.28896,0.874496,22.163455
3808,32,32,-1,-1,-1,-1,-1,21.058559,1,21.12512,0.88064,22.00576
3809,32,32,-1,-1,-1,-1,-1,21.046272,1,21.110785,0.871424,21.982209
3810,32,32,-1,-1,-1,-1,-1,21.071873,1,21.136383,0.868352,22.004735
3811,32,2063,-1,-1,-1,-1,-1,-1,0,155.660294,0.881664,156.541958
3812,32,32,-1,-1,-1,-1,-1,21.389313,1,21.454847,0.87552,22.330367
3813,32,2064,-1,-1,-1,-1,-1,-1,0,156.560379,0.894976,157.455355
3814,32,32,-1,-1,-1,-1,-1,21.407743,1,21.474304,0.877568,22.351872
3815,32,32,-1,-1,-1,-1,-1,21.224447,1,21.289984,0.871424,22.161408
3816,32,32,-1,-1,-1,-1,-1,21.126144,1,21.191681,0.869376,22.061057
3817,32,32,-1,-1,-1,-1,-1,21.071873,1,21.137407,0.877568,22.014975
3818,32,32,-1,-1,-1,-1,-1,21.070848,1,21.128193,0.871424,21.999617
3819,32,32,-1,-1,-1,-1,-1,21.054464,1,21.117952,0.88064,21.998592
3820,32,32,-1,-1,-1,-1,-1,21.087233,1,21.144575,0.869376,22.013951
3821,32,32,-1,-1,-1,-1,-1,21.024769,1,21.088257,0.872448,21.960705
3822,32,32,-1,-1,-1,-1,-1,20.999168,1,21.064705,0.874496,21.939201
3823,32,32,-1,-1,-1,-1,-1,21.014528,1,21.079041,0.869376,21.948417
3824,32,4096,-1,-1,-1,-1,-1,-1,0,272.265228,0.893952,273.15918
3825,32,32,-1,-1,-1,-1,-1,21.497856,1,21.564417,0.876544,22.440961
3826,32,32,-1,-1,-1,-1,-1,21.245953,1,21.302273,0.874496,22.176769
3827,32,32,-1,-1,-1,-1,-1,21.123072,1,21.187584,0.878592,22.066176
3828,32,32,-1,-1,-1,-1,-1,21.055489,1,21.121023,0.871424,21.992447
3829,32,32,-1,-1,-1,-1,-1,21.081087,1,21.146624,0.87552,22.022144
3830,32,2064,-1,-1,-1,-1,-1,-1,0,155.704315,0.882688,156.587003
3831,32,32,-1,-1,-1,-1,-1,21.450752,1,21.494783,0.877568,22.372351
3832,32,32,-1,-1,-1,-1,-1,21.222401,1,21.279743,0.868352,22.148095
3833,32,2064,-1,-1,-1,-1,-1,-1,0,155.729919,0.893952,156.623871
3834,32,32,-1,-1,-1,-1,-1,21.440512,1,21.507072,0.872448,22.37952
3835,32,32,-1,-1,-1,-1,-1,21.18144,1,21.245953,0.87552,22.121473
3836,32,32,-1,-1,-1,-1,-1,21.107712,1,21.173248,0.874496,22.047744
3837,32,32,-1,-1,-1,-1,-1,21.074944,1,21.138432,0.868352,22.006784
3838,32,32,-1,-1,-1,-1,-1,21.074944,1,21.139456,0.876544,22.016
3839,32,32,-1,-1,-1,-1,-1,21.079041,1,21.146624,0.872448,22.019072
3840,32,32,-1,-1,-1,-1,-1,21.032961,1,21.098495,0.873472,21.971967
3841,32,32,-1,-1,-1,-1,-1,21.028864,1,21.093376,0.868352,21.961728
3842,32,32,-1,-1,-1,-1,-1,20.999168,1,21.063681,0.8704,21.934081
3843,32,2064,-1,-1,-1,-1,-1,-1,0,155.855865,0.881664,156.737529
3844,32,4096,-1,-1,-1,-1,-1,-1,0,275.260406,0.897024,276.15743
3845,32,32,-1,-1,-1,-1,-1,21.532673,1,21.600256,0.88576,22.486016
3846,32,4095,-1,-1,-1,-1,-1,-1,0,274.025482,0.90112,274.926602
3847,32,32,-1,-1,-1,-1,-1,21.490688,1,21.556225,0.88576,22.441985
3848,32,32,-1,-1,-1,-1,-1,21.216255,1,21.282816,0.89088,22.173696
3849,32,32,-1,-1,-1,-1,-1,21.095425,1,21.158913,0.873472,22.032385
3850,32,32,-1,-1,-1,-1,-1,21.05344,1,21.118977,0.873472,21.992449
3851,32,32,-1,-1,-1,-1,-1,21.079041,1,21.122047,0.872448,21.994495
3852,32,32,-1,-1,-1,-1,-1,21.072895,1,21.138432,0.877568,22.016
3853,32,32,-1,-1,-1,-1,-1,21.003263,1,21.067776,0.867328,21.935104
3854,32,32,-1,-1,-1,-1,-1,21.001217,1,21.057535,0.869376,21.926911
3855,32,2064,-1,-1,-1,-1,-1,-1,0,155.510788,0.887808,156.398596
3856,32,32,-1,-1,-1,-1,-1,21.440512,1,21.508097,0.887808,22.395905
3857,32,32,-1,-1,-1,-1,-1,21.228544,1,21.297152,0.88064,22.177792
3858,32,2064,-1,-1,-1,-1,-1,-1,0,155.537415,0.879616,156.417031
3859,32,32,-1,-1,-1,-1,-1,21.445633,1,21.512192,0.878592,22.390784
3860,32,32,-1,-1,-1,-1,-1,21.255169,1,21.323776,0.869376,22.193152
3861,32,32,-1,-1,-1,-1,-1,21.153791,1,21.211136,0.874496,22.085632
3862,32,2064,-1,-1,-1,-1,-1,-1,0,155.558914,0.894976,156.45389
3863,32,32,-1,-1,-1,-1,-1,21.4272,1,21.491713,0.879616,22.371329
3864,32,6112,-1,-1,-1,-1,-1,-1,0,403.618805,0.891904,404.510709
3865,32,32,-1,-1,-1,-1,-1,21.549055,1,21.61664,0.89088,22.50752
3866,32,2063,-1,-1,-1,-1,-1,-1,0,156.269562,0.89088,157.160442
3867,32,32,-1,-1,-1,-1,-1,21.474304,1,21.538816,0.876544,22.41536
3868,32,32,-1,-1,-1,-1,-1,21.257215,1,21.3248,0.881664,22.206464
3869,32,32,-1,-1,-1,-1,-1,21.108736,1,21.172224,0.873472,22.045696
3870,32,2064,-1,-1,-1,-1,-1,-1,0,155.732986,0.89088,156.623866
3871,32,32,-1,-1,-1,-1,-1,21.462015,1,21.528576,0.897024,22.4256
3872,32,32,-1,-1,-1,-1,-1,21.251072,1,21.318657,0.888832,22.207489
3873,32,32,-1,-1,-1,-1,-1,21.113855,1,21.177343,0.868352,22.045695
3874,32,32,-1,-1,-1,-1,-1,21.047297,1,21.103617,0.871424,21.975041
3875,32,32,-1,-1,-1,-1,-1,21.033983,1,21.09952,0.883712,21.983232
3876,32,32,-1,-1,-1,-1,-1,21.054464,1,21.111809,0.867328,21.979137
3877,32,32,-1,-1,-1,-1,-1,21.020672,1,21.086208,0.877568,21.963776
3878,32,32,-1,-1,-1,-1,-1,20.987904,1,21.045248,0.872448,21.917696
3879,32,32,-1,-1,-1,-1,-1,20.975616,1,21.040129,0.88064,21.920769
3880,32,32,-1,-1,-1,-1,-1,20.990976,1,21.056513,0.869376,21.925889
3881,32,2064,-1,-1,-1,-1,-1,-1,0,154.588165,0.898048,155.486213
3882,32,32,-1,-1,-1,-1,-1,21.393408,1,21.458944,0.881664,22.340608
3883,32,32,-1,-1,-1,-1,-1,21.211136,1,21.274624,0.874496,22.14912
3884,32,32,-1,-1,-1,-1,-1,21.079041,1,21.144575,0.874496,22.019071
3885,32,32,-1,-1,-1,-1,-1,21.03808,1,21.100544,0.873472,21.974016
3886,32,32,-1,-1,-1,-1,-1,21.063681,1,21.126144,0.871424,21.997568
3887,32,2064,-1,-1,-1,-1,-1,-1,0,155.633667,0.88064,156.514307
3888,32,32,-1,-1,-1,-1,-1,21.41184,1,21.481472,0.873472,22.354944
3889,32,2064,-1,-1,-1,-1,-1,-1,0,156.635132,0.893952,157.529084
3890,32,32,-1,-1,-1,-1,-1,21.469185,1,21.535744,0.889856,22.4256
3891,32,32,-1,-1,-1,-1,-1,21.492737,1,21.559296,0.882688,22.441984
3892,32,32,-1,-1,-1,-1,-1,21.475328,1,21.541887,0.881664,22.423551
3893,32,2064,-1,-1,-1,-1,-1,-1,0,155.802628,0.882688,156.685316
3894,32,32,-1,-1,-1,-1,-1,21.409792,1,21.476353,0.881664,22.358017
3895,32,32,-1,-1,-1,-1,-1,21.220352,1,21.286913,0.873472,22.160385
3896,32,32,-1,-1,-1,-1,-1,21.137407,1,21.203968,0.869376,22.073344
3897,32,32,-1,-1,-1,-1,-1,21.059584,1,21.127169,0.871424,21.998593
3898,32,32,-1,-1,-1,-1,-1,21.066751,1,21.10976,0.8704,21.98016
3899,32,2064,-1,-1,-1,-1,-1,-1,0,155.566086,0.886784,156.45287
3900,32,32,-1,-1,-1,-1,-1,21.441536,1,21.49888,0.883712,22.382592
3901,32,2064,-1,-1,-1,-1,-1,-1,0,156.099579,0.887808,156.987387
3902,32,32,-1,-1,-1,-1,-1,21.395456,1,21.460993,0.881664,22.342657
3903,32,32,-1,-1,-1,-1,-1,21.243904,1,21.304319,0.871424,22.175743
3904,32,2064,-1,-1,-1,-1,-1,-1,0,155.732986,0.882688,156.615674
3905,32,32,-1,-1,-1,-1,-1,21.361664,1,21.428225,0.88064,22.308865
3906,32,32,-1,-1,-1,-1,-1,21.160959,1,21.217279,0.87552,22.092799
3907,32,2063,-1,-1,-1,-1,-1,-1,0,155.428864,0.886784,156.315648
3908,32,32,-1,-1,-1,-1,-1,21.423103,1,21.48864,0.881664,22.370304
3909,32,32,-1,-1,-1,-1,-1,21.192703,1,21.25824,0.873472,22.131712
3910,32,2064,-1,-1,-1,-1,-1,-1,0,155.845627,0.888832,156.734459
3911,32,32,-1,-1,-1,-1,-1,21.388288,1,21.452801,0.872448,22.325249
3912,32,32,-1,-1,-1,-1,-1,21.179392,1,21.246977,0.874496,22.121473
3913,32,32,-1,-1,-1,-1,-1,21.063681,1,21.129215,0.873472,22.002687
3914,32,32,-1,-1,-1,-1,-1,21.054464,1,21.096449,0.8704,21.966849
3915,32,32,-1,-1,-1,-1,-1,21.035007,1,21.101568,0.87552,21.977088
3916,32,32,-1,-1,-1,-1,-1,21.052416,1,21.107712,0.869376,21.977088
3917,32,32,-1,-1,-1,-1,-1,21.017599,1,21.083136,0.867328,21.950464
3918,32,32,-1,-1,-1,-1,-1,21.016577,1,21.080065,0.871424,21.951489
3919,32,32,-1,-1,-1,-1,-1,20.987904,1,21.045248,0.8704,21.915648
3920,32,32,-1,-1,-1,-1,-1,21.004288,1,21.0688,0.8704,21.9392
3921,32,32,-1,-1,-1,-1,-1,20.974592,1,21.039104,0.869376,21.90848
3922,32,32,-1,-1,-1,-1,-1,20.99712,1,21.062656,0.866304,21.92896
3923,32,4096,-1,-1,-1,-1,-1,-1,0,273.162231,0.889856,274.052087
3924,32,32,-1,-1,-1,-1,-1,21.542912,1,21.602304,0.878592,22.480896
3925,32,32,-1,-1,-1,-1,-1,21.236736,1,21.304319,0.872448,22.176767
3926,32,32,-1,-1,-1,-1,-1,21.103617,1,21.160959,0.867328,22.028287
3927,32,2064,-1,-1,-1,-1,-1,-1,0,156.311554,0.886784,157.198338
3928,32,32,-1,-1,-1,-1,-1,21.417984,1,21.485567,0.882688,22.368255
3929,32,2064,-1,-1,-1,-1,-1,-1,0,156.434433,0.900096,157.334529
3930,32,32,-1,-1,-1,-1,-1,21.487616,1,21.530624,0.873472,22.404096
3931,32,32,-1,-1,-1,-1,-1,21.219328,1,21.278721,0.871424,22.150145
3932,32,32,-1,-1,-1,-1,-1,21.079041,1,21.142529,0.876544,22.019073
3933,32,2064,-1,-1,-1,-1,-1,-1,0,155.356155,0.888832,156.244987
3934,32,32,-1,-1,-1,-1,-1,21.500929,1,21.566463,0.877568,22.444031
3935,32,32,-1,-1,-1,-1,-1,21.22752,1,21.296127,0.872448,22.168575
3936,32,32,-1,-1,-1,-1,-1,21.111809,1,21.177343,0.876544,22.053887
3937,32,32,-1,-1,-1,-1,-1,21.058559,1,21.11488,0.8704,21.98528
3938,32,2064,-1,-1,-1,-1,-1,-1,0,155.633667,0.881664,156.515331
3939,32,32,-1,-1,-1,-1,-1,21.448704,1,21.507072,0.873472,22.380544
3940,32,32,-1,-1,-1,-1,-1,21.198849,1,21.266432,0.873472,22.139904
3941,32,2064,-1,-1,-1,-1,-1,-1,0,155.598846,0.884736,156.483582
3942,32,32,-1,-1,-1,-1,-1,21.425152,1,21.492737,0.879616,22.372353
3943,32,32,-1,-1,-1,-1,-1,21.220352,1,21.287935,0.871424,22.159359
3944,32,32,-1,-1,-1,-1,-1,21.096449,1,21.154816,0.872448,22.027264
3945,32,32,-1,-1,-1,-1,-1,21.048321,1,21.113855,0.8704,21.984255
3946,32,32,-1,-1,-1,-1,-1,21.020672,1,21.062656,0.878592,21.941248
3947,32,2064,-1,-1,-1,-1,-1,-1,0,155.753479,0.888832,156.642311
3948,32,32,-1,-1,-1,-1,-1,21.395456,1,21.439487,0.87552,22.315007
3949,32,32,-1,-1,-1,-1,-1,21.202944,1,21.26848,0.868352,22.136832
3950,32,32,-1,-1,-1,-1,-1,21.065727,1,21.123072,0.876544,21.999616
3951,32,32,-1,-1,-1,-1,-1,21.069824,1,21.134336,0.87552,22.009856
3952,32,32,-1,-1,-1,-1,-1,21.045248,1,21.10976,0.8704,21.98016
3953,31,31,-1,-1,-1,-1,-1,21.009409,1,21.073919,0.869376,21.943295
3954,30,30,-1,-1,-1,-1,-1,20.896769,1,20.962303,0.876544,21.838847
3955,30,30,-1,-1,-1,-1,-1,20.899839,1,20.958208,0.866304,21.824512
3956,30,30,-1,-1,-1,-1,-1,20.909056,1,20.973568,0.867328,21.840896
3957,30,30,-1,-1,-1,-1,-1,20.917248,1,20.982784,0.86528,21.848064
3958,30,30,-1,-1,-1,-1,-1,20.917248,1,20.983809,0.876544,21.860353
3959,30,30,-1,-1,-1,-1,-1,20.9408,1,21.004288,0.868352,21.87264
3960,29,29,-1,-1,-1,-1,-1,20.849665,1,20.907007,0.882688,21.789695
