step,sched_reqs,sched_tokens,batch,num_query_tokens,sum_seq_len,num_spec_tokens,draft_ms,target_fwd_ms,n_target_fwd,exec_ms,sample_ms,step_ms
0,32,160,32,160,160,3,4.554752,25.350143,1,668.945435,247.160828,916.106262
1,32,128,32,128,288,3,3.680256,19.543039,1,456.635406,5180.068848,5636.704254
2,1,2048,1,2048,2048,3,8.356864,-1,0,166.801407,9.193472,175.994879
3,5,8192,5,8192,10240,3,22.36928,-1,0,509.444092,23.223295,532.667387
4,9,8192,9,8192,18432,3,23.138304,-1,0,502.686707,24.041471,526.728178
5,13,8192,13,8192,26622,3,22.868992,-1,0,506.53183,23.802879,530.334709
6,17,8192,17,8192,34807,3,23.359488,-1,0,508.181519,24.33024,532.511759
7,21,8192,21,8192,42982,3,23.46496,-1,0,512.263184,24.470528,536.733711
8,25,8192,25,8192,51156,3,23.575552,-1,0,513.197083,24.616961,537.814043
9,29,8192,29,8192,59321,3,23.586817,-1,0,517.179382,24.625153,541.804535
10,32,6626,32,6626,65923,3,19.825665,-1,0,423.169037,20.883455,444.052492
11,32,128,32,128,66003,3,3.489792,30.927872,1,31.0016,4.574208,35.575808
12,32,128,32,128,66076,3,3.454976,30.32576,1,30.392321,4.544512,34.936832
13,32,128,32,128,66146,3,3.438592,29.971457,1,30.029823,4.51584,34.545663
14,32,128,32,128,66233,3,3.427328,29.953024,1,30.020609,4.517888,34.538497
15,32,128,32,128,66314,3,3.419136,29.883392,1,29.950975,4.509696,34.460671
16,32,128,32,128,66399,3,3.42016,29.737984,1,29.805569,4.506624,34.312193
17,32,128,32,128,66480,3,3.429376,29.799423,1,29.857792,4.514816,34.372608
18,32,128,32,128,66548,3,3.419136,29.735935,1,29.804544,4.501504,34.306048
19,32,128,32,128,66623,3,3.421184,29.768703,1,29.826048,4.504576,34.330624
20,32,128,32,128,66710,3,3.424256,29.7728,1,29.833216,4.513792,34.347008
21,32,128,32,128,66783,3,3.418112,29.779968,1,29.847551,4.501504,34.349055
22,32,128,32,128,66852,3,3.41504,29.798401,1,29.867008,4.503552,34.37056
23,32,128,32,128,66930,3,3.408896,29.767679,1,29.829121,4.49024,34.319361
24,32,128,32,128,67002,3,3.421184,29.786112,1,29.845505,4.502528,34.348033
25,32,128,32,128,67074,3,3.424256,29.801472,1,29.869057,4.51072,34.379776
26,32,128,32,128,67152,3,3.42528,29.79328,1,29.85984,4.507648,34.367488
27,32,128,32,128,67222,3,3.428352,29.797377,1,29.863935,4.517888,34.381824
28,32,128,32,128,67303,3,3.42528,29.750273,1,29.819904,4.508672,34.328577
29,32,128,32,128,67380,3,3.423232,29.776896,1,29.835264,4.513792,34.349056
30,32,128,32,128,67460,3,3.422208,29.805569,1,29.872128,4.501504,34.373631
31,32,128,32,128,67526,3,3.42528,29.789185,1,29.8496,4.52096,34.37056
32,32,128,32,128,67620,3,3.422208,29.783039,1,29.852673,4.519936,34.372609
33,32,128,32,128,67691,3,3.423232,29.779968,1,29.844481,4.50048,34.344961
34,32,128,32,128,67773,3,3.41504,29.804544,1,29.8752,4.492288,34.367488
35,32,128,32,128,67858,3,3.42528,29.799423,1,29.868032,4.49536,34.363392
36,32,128,32,128,67932,3,3.426304,29.812737,1,29.879295,4.507648,34.386943
37,32,128,32,128,68006,3,3.4304,29.782017,1,29.8496,4.512768,34.362368
38,32,128,32,128,68089,3,3.427328,29.817856,1,29.884417,4.506624,34.391041
39,32,128,32,128,68173,3,3.431424,29.80864,1,29.876225,4.516864,34.393088
40,32,128,32,128,68260,3,3.434496,29.820929,1,29.885441,4.514816,34.400257
41,32,128,32,128,68341,3,3.433472,29.801472,1,29.85984,4.512768,34.372608
42,32,128,32,128,68404,3,3.427328,29.832191,1,29.891584,4.508672,34.400257
43,32,128,32,128,68479,3,3.427328,29.810688,1,29.869057,4.51072,34.379776
44,32,128,32,128,68550,3,3.4304,29.821953,1,29.88032,4.517888,34.398208
45,32,128,32,128,68630,3,3.426304,29.830145,1,29.887487,4.507648,34.395135
46,32,128,32,128,68690,3,3.43552,29.829121,1,29.896704,4.512768,34.409472
47,32,2173,32,2173,68646,3,8.518656,-1,0,169.656326,9.57952,179.235847
48,32,128,32,128,68727,3,3.452928,30.198784,1,30.259199,4.538368,34.797567
49,32,128,32,128,68802,3,3.446784,30.057472,1,30.116863,4.527104,34.643967
50,32,128,32,128,68874,3,3.441664,29.984768,1,30.045183,4.538368,34.583551
51,32,128,32,128,68962,3,3.428352,29.925377,1,29.99296,4.511744,34.504704
52,32,128,32,128,69040,3,3.4304,29.797377,1,29.855743,4.511744,34.367487
53,32,128,32,128,69126,3,3.423232,29.876225,1,29.943808,4.502528,34.446336
54,32,6263,32,6263,68811,3,19.234816,-1,0,408.328186,20.312063,428.640249
55,32,6263,32,6263,68509,3,19.290112,-1,0,411.912201,20.364288,432.276489
56,32,2173,32,2173,68459,3,8.804352,-1,0,156.565506,9.877504,166.44301
57,32,2173,32,2173,68414,3,8.79616,-1,0,156.742661,9.86624,166.6089
58,32,4217,32,4217,68237,3,13.850624,-1,0,281.480194,14.921728,296.401922
59,32,6263,32,6263,67941,3,19.06176,-1,0,412.704773,20.127745,432.832518
60,31,8192,31,8192,65211,3,23.831553,-1,0,517.886963,24.901632,542.788595
61,32,4325,32,4325,67305,3,14.647296,-1,0,295.007233,15.709184,310.716416
62,32,6263,32,6263,67002,3,19.252224,-1,0,411.585541,20.325377,431.910917
63,32,2172,32,2172,66948,3,8.735744,-1,0,157.018112,9.810944,166.829056
64,32,128,32,128,67031,3,3.49184,30.81216,1,30.882816,4.5824,35.465216
65,32,6263,32,6263,66727,3,19.252224,-1,0,409.064453,20.311041,429.375494
66,32,4217,32,4217,66504,3,13.939712,-1,0,283.298828,15.010816,298.309644
67,32,2173,32,2173,66453,3,8.91904,-1,0,157.408249,9.988096,167.396345
68,32,128,32,128,66537,3,3.508224,31.325184,1,31.394815,4.584448,35.979263
69,32,2173,32,2173,66465,3,8.77568,-1,0,156.180481,9.843712,166.024193
70,32,128,32,128,66536,3,3.488768,30.770176,1,30.837761,4.576256,35.414017
71,32,2173,32,2173,66468,3,8.695808,-1,0,155.731964,9.754624,165.486588
72,32,128,32,128,66563,3,3.465216,30.626816,1,30.696447,4.539392,35.235839
73,32,128,32,128,66643,3,3.432448,30.077951,1,30.13632,4.506624,34.642944
74,32,128,32,128,66723,3,3.438592,29.923328,1,29.988865,4.516864,34.505729
75,32,128,32,128,66802,3,3.437568,29.919231,1,29.986816,4.514816,34.501632
76,32,128,32,128,66881,3,3.436544,29.945856,1,30.013439,4.519936,34.533375
77,32,128,32,128,66954,3,3.421184,29.966335,1,30.032896,4.487168,34.520064
78,32,128,32,128,67027,3,3.432448,29.974527,1,30.041088,4.511744,34.552832
79,32,128,32,128,67109,3,3.439616,29.937664,1,30.002176,4.518912,34.521088
80,32,128,32,128,67181,3,3.439616,29.965311,1,30.021631,4.51072,34.532351
81,32,128,32,128,67251,3,3.41504,29.816832,1,29.882368,4.487168,34.369536
82,32,128,32,128,67326,3,3.423232,29.765633,1,29.832191,4.491264,34.323455
83,32,128,32,128,67421,3,3.438592,29.969408,1,30.028799,4.51584,34.544639
84,32,128,32,128,67488,3,3.432448,29.954048,1,30.021631,4.504576,34.526207
85,32,128,32,128,67567,3,3.442688,29.948929,1,30.00832,4.517888,34.526208
86,32,128,32,128,67628,3,3.449856,29.965311,1,30.030848,4.529152,34.559999
87,32,128,32,128,67696,3,3.434496,29.986816,1,30.054399,4.51072,34.565119
88,32,128,32,128,67775,3,3.447808,29.978624,1,30.036991,4.530176,34.567167
89,32,128,32,128,67853,3,3.437568,29.993984,1,30.053375,4.51584,34.569215
90,32,128,32,128,67937,3,3.446784,30.007296,1,30.073856,4.52096,34.594816
91,32,128,32,128,68013,3,3.437568,30.006271,1,30.06464,4.51584,34.58048
92,32,128,32,128,68100,3,3.441664,29.985792,1,30.051329,4.518912,34.57024
93,32,128,32,128,68167,3,3.43552,30.024704,1,30.085119,4.506624,34.591743
94,32,128,32,128,68245,3,3.452928,29.999104,1,30.06464,4.52608,34.59072
95,32,128,32,128,68311,3,3.432448,29.883392,1,29.948929,4.509696,34.458625
96,32,128,32,128,68391,3,3.446784,29.989887,1,30.054399,4.525056,34.579455
97,32,128,32,128,68474,3,3.436544,30.025728,1,30.092287,4.512768,34.605055
98,32,128,32,128,68545,3,3.45088,30.01856,1,30.083073,4.523008,34.606081
99,32,2172,32,2172,68464,3,8.790016,-1,0,155.191299,9.863168,165.054467
100,32,128,32,128,68541,3,3.514368,30.893057,1,30.961664,4.601856,35.56352
101,32,2173,32,2173,68486,3,8.797184,-1,0,156.109818,9.860096,165.969913
102,32,128,32,128,68559,3,3.493888,30.727167,1,30.78656,4.563968,35.350528
103,32,128,32,128,68631,3,3.454976,30.29504,1,30.361601,4.538368,34.899969
104,32,128,32,128,68700,3,3.451904,30.135296,1,30.200832,4.519936,34.720768
105,32,2173,32,2173,68637,3,8.80128,-1,0,155.598846,9.865216,165.464063
106,32,2173,32,2173,68586,3,8.807424,-1,0,157.305862,9.878528,167.18439
107,32,128,32,128,68662,3,3.495936,30.819328,1,30.885887,4.568064,35.453951
108,32,2173,32,2173,68627,3,8.716288,-1,0,156.358658,9.7792,166.137857
109,32,4218,32,4218,68444,3,13.999104,-1,0,282.866699,15.058944,297.925643
110,32,128,32,128,68528,3,3.495936,31.152128,1,31.224833,4.585472,35.810305
111,31,8192,31,8192,65843,3,23.837696,-1,0,520.62616,24.89344,545.5196
112,32,4326,32,4326,67969,3,14.575616,-1,0,294.323212,15.633408,309.956619
113,32,4218,32,4218,67781,3,13.991936,-1,0,284.289032,15.056896,299.345928
114,32,6262,32,6262,67460,3,19.056641,-1,0,412.405762,20.121599,432.527361
115,32,128,32,128,67541,3,3.477504,30.824448,1,30.891008,4.552704,35.443712
116,32,6262,32,6262,67246,3,19.253248,-1,0,410.241028,20.313087,430.554115
117,32,2173,32,2173,67200,3,8.80128,-1,0,157.453308,9.874432,167.32774
118,32,6262,32,6262,66864,3,19.240959,-1,0,412.767242,20.308992,433.076235
119,32,128,32,128,66941,3,3.509248,31.065088,1,31.13472,4.605952,35.740672
120,32,128,32,128,67030,3,3.451904,30.483456,1,30.548992,4.528128,35.07712
121,32,128,32,128,67112,3,3.44064,30.071808,1,30.137344,4.513792,34.651136
122,32,4218,32,4218,66901,3,13.975552,-1,0,281.990143,15.040512,297.030655
123,32,4218,32,4218,66730,3,14.11584,-1,0,285.661194,15.181824,300.843018
124,32,2173,32,2173,66658,3,8.783872,-1,0,157.831161,9.848832,167.679994
125,32,128,32,128,66740,3,3.483648,30.80192,1,30.867456,4.553728,35.421185
126,32,2173,32,2173,66684,3,8.778752,-1,0,157.649918,9.843712,167.493629
127,32,128,32,128,66759,3,3.483648,30.777344,1,30.844929,4.569088,35.414017
128,32,128,32,128,66844,3,3.458048,30.319616,1,30.388224,4.54144,34.929664
129,32,2173,32,2173,66789,3,8.777728,-1,0,156.213242,9.83552,166.048761
130,32,128,32,128,66877,3,3.483648,30.845951,1,30.912512,4.566016,35.478528
131,32,128,32,128,66965,3,3.446784,30.270464,1,30.329857,4.528128,34.857985
132,32,128,32,128,67050,3,3.429376,30.072832,1,30.139393,4.504576,34.643969
133,32,128,32,128,67132,3,3.44064,29.986816,1,30.043137,4.511744,34.554881
134,32,128,32,128,67205,3,3.439616,29.975552,1,30.031872,4.519936,34.551808
135,32,128,32,128,67273,3,3.443712,29.971457,1,30.035969,4.511744,34.547713
136,32,128,32,128,67353,3,3.436544,29.968384,1,30.040064,4.51584,34.555904
137,32,128,32,128,67428,3,3.44064,29.954048,1,30.011393,4.51584,34.527233
138,32,128,32,128,67509,3,3.438592,29.972481,1,30.030848,4.512768,34.543615
139,32,128,32,128,67582,3,3.441664,29.990911,1,30.048256,4.514816,34.563072
140,32,128,32,128,67670,3,3.443712,29.987841,1,30.054399,4.521984,34.576384
141,32,128,32,128,67748,3,3.448832,30.011393,1,30.078976,4.524032,34.603008
142,32,128,32,128,67829,3,3.444736,29.96736,1,30.032896,4.521984,34.55488
143,32,128,32,128,67912,3,3.451904,30.013439,1,30.071808,4.529152,34.60096
144,32,128,32,128,67983,3,3.443712,29.957121,1,30.022655,4.512768,34.535423
145,32,128,32,128,68060,3,3.448832,29.983744,1,30.048256,4.519936,34.568192
146,32,128,32,128,68130,3,3.446784,30.012417,1,30.069759,4.52096,34.590719
147,32,128,32,128,68198,3,3.45088,29.984768,1,30.042112,4.525056,34.567168
148,32,128,32,128,68281,3,3.444736,29.980673,1,30.048256,4.52608,34.574336
149,32,128,32,128,68367,3,3.444736,29.980673,1,30.046207,4.516864,34.563071
150,32,128,32,128,68431,3,3.439616,29.989887,1,30.054399,4.51584,34.57024
151,32,128,32,128,68500,3,3.449856,29.989887,1,30.055424,4.519936,34.57536
152,32,2173,32,2173,68444,3,8.795136,-1,0,155.797501,9.868288,165.665789
153,32,128,32,128,68519,3,3.49184,30.931969,1,31.004671,4.569088,35.573759
154,32,2173,32,2173,68465,3,8.798208,-1,0,156.334076,9.864192,166.198268
155,32,2173,32,2173,68422,3,8.803328,-1,0,157.862915,9.879552,167.742467
156,32,2173,32,2173,68368,3,8.815616,-1,0,157.271042,9.887744,167.158786
157,32,128,32,128,68457,3,3.479552,30.863359,1,30.930944,4.559872,35.490817
158,32,128,32,128,68543,3,3.470336,30.332928,1,30.399488,4.559872,34.959361
159,32,128,32,128,68623,3,3.465216,30.232576,1,30.300159,4.54656,34.846719
160,32,128,32,128,68700,3,3.457024,30.116863,1,30.183424,4.530176,34.7136
161,32,2173,32,2173,68641,3,8.8064,-1,0,156.049408,9.873408,165.922816
162,32,4218,32,4218,68447,3,13.989888,-1,0,284.361725,15.050752,299.412477
163,32,4218,32,4218,68281,3,14.133248,-1,0,284.756989,15.198208,299.955196
164,32,2173,32,2173,68221,3,8.914944,-1,0,160.284668,9.976832,170.2615
165,32,2173,32,2173,68173,3,8.875008,-1,0,157.021179,9.939968,166.961147
166,32,4218,32,4218,67981,3,13.986816,-1,0,284.080139,15.04256,299.122699
167,32,2173,32,2173,67937,3,8.795136,-1,0,157.156357,9.87648,167.032837
168,32,128,32,128,68017,3,3.514368,31.056896,1,31.116287,4.595712,35.711999
169,32,8192,32,8192,67444,3,23.898111,-1,0,522.143738,24.95488,547.098618
170,32,2285,32,2285,67509,3,8.9856,-1,0,162.724869,10.048512,172.773381
171,32,6263,32,6263,67165,3,19.433472,-1,0,412.785675,20.497408,433.283083
172,32,2172,32,2172,67108,3,8.795136,-1,0,158.488571,9.864192,168.352763
173,32,128,32,128,67186,3,3.493888,30.911488,1,30.978048,4.573184,35.551232
174,32,2173,32,2173,67115,3,8.794112,-1,0,157.587463,9.86112,167.448584
175,32,128,32,128,67192,3,3.464192,30.892033,1,30.951424,4.53632,35.487744
176,32,128,32,128,67267,3,3.458048,30.314495,1,30.38208,4.537344,34.919424
177,32,2172,32,2172,67218,3,8.773632,-1,0,155.676666,9.842688,165.519354
178,32,2173,32,2173,67147,3,8.721408,-1,0,157.075455,9.800704,166.876159
179,32,2173,32,2173,67097,3,8.802304,-1,0,156.770309,9.860096,166.630405
180,32,128,32,128,67179,3,3.464192,30.818304,1,30.885887,4.535296,35.421183
181,32,2173,32,2173,67105,3,8.787968,-1,0,156.721146,9.852928,166.574074
182,32,2173,32,2173,67041,3,8.864768,-1,0,157.996033,9.934848,167.930881
183,32,4218,32,4218,66856,3,14.103552,-1,0,284.772339,15.182848,299.955187
184,32,128,32,128,66924,3,3.499008,31.112192,1,31.180799,4.580352,35.761151
185,32,2173,32,2173,66865,3,8.781824,-1,0,156.047363,9.846784,165.894147
186,32,128,32,128,66949,3,3.482624,30.748672,1,30.81728,4.562944,35.380224
187,32,128,32,128,67026,3,3.458048,30.27968,1,30.345217,4.53632,34.881537
188,32,128,32,128,67105,3,3.45088,30.156799,1,30.224384,4.529152,34.753536
189,32,128,32,128,67196,3,3.447808,30.12608,1,30.194689,4.521984,34.716673
190,32,128,32,128,67269,3,3.446784,30.030848,1,30.089216,4.521984,34.6112
191,32,128,32,128,67355,3,3.442688,30.052353,1,30.108671,4.517888,34.626559
192,32,128,32,128,67432,3,3.44064,29.980673,1,30.040064,4.547584,34.587648
193,32,128,32,128,67510,3,3.432448,29.972481,1,30.031872,4.508672,34.540544
194,32,128,32,128,67587,3,3.443712,29.981695,1,30.03904,4.524032,34.563072
195,32,128,32,128,67667,3,3.44576,29.991936,1,30.059521,4.533248,34.592769
196,32,128,32,128,67742,3,3.444736,29.966335,1,30.030848,4.524032,34.55488
197,32,128,32,128,67818,3,3.448832,29.987841,1,30.054399,4.52096,34.575359
198,32,128,32,128,67905,3,3.448832,29.999104,1,30.067713,4.524032,34.591745
199,32,128,32,128,67991,3,3.447808,29.997055,1,30.065664,4.524032,34.589696
200,32,128,32,128,68059,3,3.444736,30.000128,1,30.067713,4.511744,34.579457
201,32,2173,32,2173,68005,3,8.792064,-1,0,155.800583,9.862144,165.662727
202,32,128,32,128,68083,3,3.499008,30.977024,1,31.046656,4.580352,35.627007
203,32,128,32,128,68166,3,3.45088,30.414848,1,30.48448,4.530176,35.014656
204,32,128,32,128,68236,3,3.473408,30.157824,1,30.22336,4.55168,34.77504
205,32,128,32,128,68325,3,3.464192,30.204927,1,30.272512,4.543488,34.816
206,32,128,32,128,68417,3,3.454976,30.043137,1,30.111744,4.532224,34.643968
207,32,128,32,128,68494,3,3.444736,30.043137,1,30.11072,4.52608,34.6368
208,32,128,32,128,68574,3,3.433472,30.048256,1,30.112768,4.504576,34.617344
209,32,128,32,128,68653,3,3.454976,30.068735,1,30.135296,4.530176,34.665472
210,32,2173,32,2173,68598,3,8.957952,-1,0,158.233597,10.03008,168.263677
211,32,2173,32,2173,68546,3,8.80128,-1,0,158.117889,9.870336,167.988225
212,32,2173,32,2173,68479,3,8.873984,-1,0,157.890564,9.940992,167.831556
213,32,4217,32,4217,68292,3,13.955072,-1,0,284.633087,15.017984,299.651072
214,32,2173,32,2173,68252,3,8.8064,-1,0,158.290939,9.872384,168.163323
215,32,2173,32,2173,68218,3,8.86784,-1,0,159.024124,9.9328,168.956924
216,32,2173,32,2173,68162,3,8.871936,-1,0,158.490631,9.947136,168.437767
217,32,2172,32,2172,68104,3,8.864768,-1,0,158.211075,9.939968,168.151043
218,32,128,32,128,68186,3,3.488768,30.915585,1,30.976,4.576256,35.552256
219,32,4218,32,4218,67995,3,14.014464,-1,0,285.05191,15.0784,300.13031
220,32,6262,32,6262,67699,3,19.217407,-1,0,413.158386,20.282368,433.440754
221,32,128,32,128,67789,3,3.500032,31.106049,1,31.17568,4.576256,35.751936
222,32,2172,32,2172,67745,3,8.861696,-1,0,156.907516,9.9328,166.840317
223,32,4218,32,4218,67516,3,14.128128,-1,0,285.147125,15.193088,300.340213
224,32,2173,32,2173,67470,3,8.802304,-1,0,158.332932,9.86624,168.199171
225,32,4218,32,4218,67276,3,14.173184,-1,0,285.712372,15.232,300.944372
226,32,128,32,128,67354,3,3.52768,31.316992,1,31.38048,4.619264,35.999744
227,32,128,32,128,67419,3,3.47648,30.58176,1,30.648319,4.560896,35.209215
228,32,2172,32,2172,67375,3,8.781824,-1,0,156.416,9.847808,166.263808
229,32,4218,32,4218,67194,3,13.981696,-1,0,284.165131,15.045632,299.210763
230,32,2173,32,2173,67141,3,8.79104,-1,0,157.131775,9.856,166.987775
231,32,128,32,128,67224,3,3.48672,30.878719,1,30.940161,4.574208,35.514369
232,32,4218,32,4218,67051,3,14.109696,-1,0,286.623749,15.177728,301.801476
233,32,2173,32,2173,67000,3,8.782848,-1,0,157.304825,9.848832,167.153657
234,32,2173,32,2173,66930,3,8.79104,-1,0,157.054977,9.853952,166.90893
235,32,128,32,128,67022,3,3.4816,30.884865,1,30.954496,4.560896,35.515392
236,32,2173,32,2173,66979,3,8.781824,-1,0,156.312576,9.847808,166.160384
237,32,128,32,128,67052,3,3.483648,30.862335,1,30.931969,4.571136,35.503105
238,32,128,32,128,67144,3,3.458048,30.480385,1,30.547968,4.542464,35.090432
239,32,2173,32,2173,67077,3,8.79104,-1,0,156.904449,9.854976,166.759425
240,32,128,32,128,67166,3,3.503104,30.91968,1,30.987265,4.57728,35.564545
241,32,128,32,128,67240,3,3.467264,30.521343,1,30.589952,4.54656,35.136512
242,32,128,32,128,67318,3,3.44064,30.077951,1,30.138369,4.516864,34.655232
243,32,2173,32,2173,67260,3,8.855552,-1,0,157.377533,9.918464,167.295997
244,32,128,32,128,67329,3,3.48672,30.848,1,30.908417,4.574208,35.482625
245,32,128,32,128,67403,3,3.454976,30.432257,1,30.49984,4.530176,35.030016
246,32,128,32,128,67474,3,3.459072,30.160896,1,30.227455,4.53632,34.763775
247,32,128,32,128,67566,3,3.457024,30.163967,1,30.231552,4.539392,34.770944
248,32,128,32,128,67646,3,3.438592,30.043137,1,30.101503,4.516864,34.618367
249,32,128,32,128,67714,3,3.438592,29.973503,1,30.042112,4.519936,34.562048
250,32,128,32,128,67795,3,3.429376,29.993984,1,30.059521,4.506624,34.566145
251,32,2173,32,2173,67756,3,8.870912,-1,0,156.637177,9.933824,166.571
252,32,128,32,128,67837,3,3.508224,31.045631,1,31.114241,4.595712,35.709953
253,32,128,32,128,67904,3,3.456,30.383104,1,30.44352,4.534272,34.977792
254,32,128,32,128,67976,3,3.46624,30.046207,1,30.11072,4.549632,34.660352
255,32,128,32,128,68061,3,3.447808,30.154753,1,30.216192,4.516864,34.733056
256,32,128,32,128,68146,3,3.474432,30.179329,1,30.236671,4.558848,34.795519
257,32,128,32,128,68220,3,3.45088,30.02368,1,30.084097,4.52096,34.605057
258,32,128,32,128,68300,3,3.444736,30.029823,1,30.09536,4.525056,34.620416
259,32,128,32,128,68391,3,3.44576,29.996033,1,30.062592,4.527104,34.589695
260,32,2173,32,2173,68354,3,8.797184,-1,0,156.045319,9.864192,165.909511
261,32,2173,32,2173,68305,3,8.958976,-1,0,159.663101,10.031104,169.694205
262,32,128,32,128,68375,3,3.495936,31.179775,1,31.246336,4.580352,35.826688
263,32,2172,32,2172,68329,3,8.863744,-1,0,157.253632,9.945088,167.19872
264,32,128,32,128,68399,3,3.49184,30.971905,1,31.039488,4.578304,35.617792
265,32,6262,32,6262,68094,3,19.234816,-1,0,412.236786,20.293633,432.530418
266,32,128,32,128,68175,3,3.485696,30.941183,1,31.011841,4.576256,35.588097
267,32,2173,32,2173,68132,3,8.86784,-1,0,157.297668,9.94816,167.245829
268,32,128,32,128,68209,3,3.48672,30.966784,1,31.038464,4.580352,35.618815
269,32,128,32,128,68282,3,3.46112,30.436352,1,30.503937,4.538368,35.042305
270,32,4218,32,4218,68094,3,13.975552,-1,0,285.259766,15.135744,300.39551
271,32,2173,32,2173,68055,3,8.827904,-1,0,157.716476,9.894912,167.611388
272,32,8192,32,8192,67503,3,24.136703,-1,0,524.478455,25.198591,549.677046
273,32,240,32,240,67693,3,3.729408,35.352577,1,35.422207,4.809728,40.231935
274,32,2173,32,2173,67654,3,8.860672,-1,0,158.007294,9.9328,167.940094
275,32,2173,32,2173,67595,3,8.849408,-1,0,157.954041,9.91232,167.866361
276,32,128,32,128,67673,3,3.478528,30.965759,1,31.033344,4.566016,35.59936
277,32,2173,32,2173,67639,3,8.794112,-1,0,156.594177,9.857024,166.451201
278,32,4217,32,4217,67469,3,14.097408,-1,0,285.327362,15.166464,300.493826
279,32,128,32,128,67554,3,3.51744,31.230976,1,31.300608,4.594688,35.895296
280,32,4218,32,4218,67382,3,13.952,-1,0,285.291534,15.013888,300.305423
281,32,6262,32,6262,67084,3,19.433472,-1,0,413.742065,20.508673,434.250738
282,32,2173,32,2173,67066,3,8.858624,-1,0,158.721024,9.931776,168.6528
283,32,128,32,128,67151,3,3.497984,30.940161,1,31.008768,4.584448,35.593216
284,32,128,32,128,67224,3,3.465216,30.44352,1,30.489599,4.545536,35.035135
285,32,128,32,128,67293,3,3.457024,30.233601,1,30.300159,4.540416,34.840575
286,32,128,32,128,67351,3,3.460096,30.218241,1,30.282751,4.545536,34.828287
287,32,4218,32,4218,67132,3,13.974528,-1,0,284.100616,15.0528,299.153417
288,32,4217,32,4217,66952,3,13.96736,-1,0,284.529663,15.038464,299.568127
289,32,128,32,128,67028,3,3.483648,31.09376,1,31.161345,4.557824,35.719169
290,32,128,32,128,67116,3,3.472384,30.514175,1,30.58176,4.55168,35.13344
291,32,2173,32,2173,67048,3,8.93952,-1,0,157.469696,10.010624,167.48032
292,32,128,32,128,67129,3,3.518464,31.248384,1,31.3088,4.599808,35.908608
293,32,2173,32,2173,67065,3,8.855552,-1,0,157.806595,9.92256,167.729155
294,32,128,32,128,67146,3,3.490816,30.930944,1,31.000576,4.571136,35.571712
295,32,128,32,128,67229,3,3.453952,30.478336,1,30.544895,4.529152,35.074047
296,32,128,32,128,67304,3,3.443712,30.152704,1,30.212095,4.519936,34.732031
297,32,128,32,128,67382,3,3.44064,29.970432,1,30.035969,4.509696,34.545665
298,32,128,32,128,67453,3,3.44064,29.971457,1,30.03904,4.512768,34.551807
299,32,128,32,128,67536,3,3.437568,29.9776,1,30.044161,4.51584,34.560001
300,32,128,32,128,67624,3,3.45088,29.96224,1,30.030848,4.544512,34.575359
301,32,128,32,128,67707,3,3.438592,29.988865,1,30.056448,4.519936,34.576384
302,32,128,32,128,67791,3,3.443712,29.96736,1,30.036991,4.521984,34.558975
303,32,128,32,128,67877,3,3.44064,29.991936,1,30.057472,4.525056,34.582528
304,32,128,32,128,67955,3,3.44576,29.974527,1,30.03392,4.52608,34.56
305,32,128,32,128,68027,3,3.441664,29.981695,1,30.048256,4.524032,34.572288
306,32,128,32,128,68103,3,3.452928,30.029823,1,30.097408,4.540416,34.637824
307,32,128,32,128,68181,3,3.443712,30.027777,1,30.09536,4.51584,34.6112
308,32,2173,32,2173,68123,3,8.864768,-1,0,157.095932,9.930752,167.026684
309,32,128,32,128,68205,3,3.494912,30.892033,1,30.961664,4.585472,35.547136
310,32,128,32,128,68285,3,3.46624,30.486528,1,30.558208,4.549632,35.107841
311,32,128,32,128,68350,3,3.462144,30.22336,1,30.290943,4.544512,34.835455
312,32,128,32,128,68414,3,3.463168,30.242817,1,30.309376,4.543488,34.852864
313,32,2172,32,2172,68356,3,8.925184,-1,0,157.799423,10.005504,167.804927
314,32,2172,32,2172,68296,3,8.861696,-1,0,159.856644,9.928704,169.785348
315,32,4218,32,4218,68136,3,14.12608,-1,0,286.709747,15.188992,301.898739
316,32,128,32,128,68217,3,3.506176,31.255552,1,31.326208,4.585472,35.91168
317,32,4218,32,4218,68000,3,13.98272,-1,0,284.111877,15.04768,299.159557
318,32,2173,32,2173,67951,3,8.877056,-1,0,158.711807,9.94304,168.654847
319,32,2173,32,2173,67902,3,8.877056,-1,0,158.700546,9.942016,168.642562
320,32,2173,32,2173,67859,3,8.792064,-1,0,157.074432,9.859072,166.933504
321,32,2173,32,2173,67810,3,8.876032,-1,0,159.285248,9.938944,169.224192
322,32,128,32,128,67884,3,3.5072,30.964737,1,31.027201,4.594688,35.621889
323,32,4217,32,4217,67714,3,13.950976,-1,0,284.581879,15.012864,299.594743
324,32,2173,32,2173,67651,3,8.875008,-1,0,158.66777,9.94816,168.615931
325,32,2173,32,2173,67597,3,8.870912,-1,0,159.089661,9.938944,169.028605
326,32,128,32,128,67683,3,3.499008,30.992384,1,31.060991,4.591616,35.652607
327,32,128,32,128,67749,3,3.46112,30.432257,1,30.508032,4.54144,35.049472
328,32,4218,32,4218,67573,3,13.976576,-1,0,284.870667,15.039488,299.910154
329,32,2173,32,2173,67514,3,8.875008,-1,0,158.666748,9.946112,168.61286
330,32,4218,32,4218,67346,3,13.986816,-1,0,285.45639,15.045632,300.502023
331,32,128,32,128,67426,3,3.511296,31.111168,1,31.170561,4.588544,35.759105
332,32,128,32,128,67511,3,3.484672,30.52544,1,30.595072,4.553728,35.1488
333,32,128,32,128,67597,3,3.458048,30.245888,1,30.312449,4.537344,34.849792
334,32,128,32,128,67680,3,3.443712,30.099457,1,30.16704,4.584448,34.751488
335,32,2173,32,2173,67606,3,8.933376,-1,0,156.7314,10.001408,166.732807
336,32,128,32,128,67689,3,3.488768,31.13472,1,31.204351,4.573184,35.777535
337,32,2173,32,2173,67631,3,8.866816,-1,0,158.331909,9.930752,168.262661
338,32,2173,32,2173,67577,3,8.79104,-1,0,157.192184,9.852928,167.045113
339,32,2173,32,2173,67503,3,8.869888,-1,0,158.259201,9.933824,168.193025
340,32,2173,32,2173,67455,3,8.945664,-1,0,159.552505,10.017792,169.570297
341,32,6262,32,6262,67135,3,19.427328,-1,0,413.790222,20.486143,434.276365
342,32,128,32,128,67226,3,3.511296,31.169537,1,31.238144,4.59776,35.835904
343,32,2173,32,2173,67178,3,8.880128,-1,0,157.007874,9.94816,166.956034
344,32,128,32,128,67243,3,3.488768,30.952448,1,31.021055,4.575232,35.596287
345,32,128,32,128,67331,3,3.469312,30.529535,1,30.599169,4.55168,35.150849
346,32,2173,32,2173,67280,3,8.851456,-1,0,157.506561,9.918464,167.425025
347,32,128,32,128,67366,3,3.490816,30.815231,1,30.884865,4.559872,35.444737
348,32,2173,32,2173,67303,3,8.798208,-1,0,156.204025,9.880576,166.084601
349,32,128,32,128,67381,3,3.504128,30.956545,1,31.019009,4.594688,35.613697
350,32,2173,32,2173,67321,3,8.797184,-1,0,156.317703,9.87648,166.194183
351,32,128,32,128,67382,3,3.51232,30.885887,1,30.954496,4.605952,35.560448
352,32,128,32,128,67464,3,3.46112,30.369793,1,30.437376,4.547584,34.98496
353,32,128,32,128,67553,3,3.46112,30.035969,1,30.108671,4.533248,34.641919
354,32,128,32,128,67623,3,3.462144,30.181376,1,30.24896,4.550656,34.799616
355,32,128,32,128,67712,3,3.459072,30.159872,1,30.219263,4.5312,34.750463
356,32,128,32,128,67803,3,3.458048,30.004225,1,30.070784,4.538368,34.609152
357,32,128,32,128,67870,3,3.457024,30.180351,1,30.24896,4.534272,34.783233
358,32,128,32,128,67945,3,3.465216,30.180351,1,30.23872,4.540416,34.779136
359,32,2172,32,2172,67895,3,8.849408,-1,0,157.32634,9.918464,167.244803
360,32,128,32,128,67974,3,3.501056,30.924801,1,30.996481,4.588544,35.585025
361,32,2173,32,2173,67915,3,8.875008,-1,0,158.271484,9.942016,168.2135
362,32,128,32,128,67993,3,3.515392,30.972927,1,31.046656,4.600832,35.647488
363,32,128,32,128,68082,3,3.472384,30.543873,1,30.614529,4.56192,35.176449
364,32,128,32,128,68159,3,3.448832,30.235647,1,30.302208,4.532224,34.834432
365,32,128,32,128,68227,3,3.456,30.012417,1,30.082048,4.532224,34.614273
366,32,2173,32,2173,68176,3,8.876032,-1,0,157.728775,9.947136,167.675911
367,32,128,32,128,68257,3,3.494912,31.15008,1,31.219711,4.58752,35.807231
368,32,4218,32,4218,68073,3,14.135296,-1,0,286.011383,15.199232,301.210615
369,32,2172,32,2172,68030,3,8.866816,-1,0,158.564346,9.934848,168.499194
370,32,128,32,128,68106,3,3.494912,30.969856,1,31.030272,4.570112,35.600384
371,32,2172,32,2172,68053,3,8.928256,-1,0,158.107651,10.001408,168.109058
372,32,4218,32,4218,67871,3,14.132224,-1,0,286.491638,15.200256,301.691895
373,32,2173,32,2173,67819,3,8.87296,-1,0,158.923782,9.94304,168.866822
374,32,4217,32,4217,67639,3,14.103552,-1,0,285.531128,15.184896,300.716024
375,32,128,32,128,67720,3,3.500032,31.225857,1,31.294464,4.585472,35.879936
376,32,2173,32,2173,67670,3,8.795136,-1,0,156.66893,9.857024,166.525954
377,32,128,32,128,67745,3,3.499008,30.942207,1,31.007744,4.588544,35.596288
378,32,2173,32,2173,67694,3,8.79616,-1,0,156.448761,9.864192,166.312953
379,32,2173,32,2173,67638,3,8.858624,-1,0,159.47673,9.926656,169.403386
380,32,2173,32,2173,67593,3,8.951808,-1,0,158.041092,10.022912,168.064004
381,32,128,32,128,67677,3,3.48672,31.136768,1,31.211519,4.568064,35.779583
382,32,2173,32,2173,67618,3,8.942592,-1,0,157.647873,10.012672,167.660545
383,32,2173,32,2173,67576,3,8.868864,-1,0,158.788605,9.991168,168.779773
384,32,2173,32,2173,67543,3,8.863744,-1,0,158.497787,9.94304,168.440827
385,32,2173,32,2173,67479,3,8.865792,-1,0,157.508606,9.929728,167.438334
386,32,2173,32,2173,67438,3,8.941568,-1,0,158.912506,10.013696,168.926202
387,32,128,32,128,67509,3,3.528704,31.309824,1,31.38048,4.620288,36.000768
388,32,128,32,128,67591,3,3.451904,30.431232,1,30.489599,4.530176,35.019775
389,32,128,32,128,67671,3,3.462144,30.077951,1,30.145536,4.53632,34.681857
390,32,4218,32,4218,67508,3,14.129152,-1,0,285.282318,15.195136,300.477454
391,32,128,32,128,67592,3,3.52256,31.335424,1,31.40608,4.608,36.01408
392,32,128,32,128,67668,3,3.47648,30.691328,1,30.758911,4.559872,35.318783
393,32,6263,32,6263,67340,3,19.442688,-1,0,413.72876,20.512768,434.241528
394,32,4218,32,4218,67162,3,13.98272,-1,0,285.790222,15.041536,300.831758
395,32,128,32,128,67253,3,3.50208,31.098881,1,31.158272,4.580352,35.738624
396,32,128,32,128,67339,3,3.474432,30.442495,1,30.51008,4.555776,35.065856
397,32,128,32,128,67406,3,3.452928,30.26432,1,30.330879,4.533248,34.864127
398,32,128,32,128,67474,3,3.45088,30.215168,1,30.285824,4.534272,34.820096
399,32,2173,32,2173,67415,3,8.869888,-1,0,157.943802,9.93792,167.881721
400,32,128,32,128,67484,3,3.501056,31.009792,1,31.0784,4.59776,35.67616
401,32,128,32,128,67573,3,3.470336,30.488577,1,30.550016,4.559872,35.109889
402,32,4218,32,4218,67387,3,14.11584,-1,0,284.953613,15.182848,300.136461
403,32,2173,32,2173,67331,3,8.933376,-1,0,159.393799,10.00448,169.398279
404,32,128,32,128,67421,3,3.51232,31.068159,1,31.135744,4.645888,35.781632
405,32,128,32,128,67500,3,3.468288,30.455809,1,30.52544,4.547584,35.073024
406,32,128,32,128,67576,3,3.462144,30.278656,1,30.344193,4.542464,34.886656
407,32,128,32,128,67650,3,3.47136,30.196735,1,30.25408,4.547584,34.801664
408,32,128,32,128,67725,3,3.459072,30.194689,1,30.262272,4.535296,34.797568
409,32,128,32,128,67796,3,3.460096,30.171137,1,30.239744,4.538368,34.778112
410,32,128,32,128,67872,3,3.454976,30.190592,1,30.247936,4.527104,34.77504
411,32,128,32,128,67960,3,3.472384,30.224384,1,30.294016,4.550656,34.844672
412,32,128,32,128,68031,3,3.462144,30.211073,1,30.278656,4.543488,34.822144
413,32,128,32,128,68109,3,3.454976,30.23872,1,30.307327,4.5312,34.838527
414,32,128,32,128,68179,3,3.462144,30.216192,1,30.275583,4.54144,34.817023
415,32,128,32,128,68258,3,3.465216,30.225409,1,30.2848,4.535296,34.820096
416,32,4218,32,4218,68073,3,14.004224,-1,0,284.830719,15.065088,299.895807
417,32,2173,32,2173,68020,3,8.876032,-1,0,158.577667,9.94304,168.520707
418,32,2173,32,2173,67962,3,8.946688,-1,0,159.57196,10.0096,169.58156
419,32,128,32,128,68047,3,3.503104,31.139839,1,31.200256,4.589568,35.789824
420,32,4217,32,4217,67881,3,14.057472,-1,0,288.01947,15.117312,303.136783
421,32,2173,32,2173,67833,3,8.866816,-1,0,158.937088,9.942016,168.879104
422,32,128,32,128,67911,3,3.490816,31.072256,1,31.133696,4.575232,35.708928
423,32,128,32,128,67984,3,3.475456,30.483456,1,30.553087,4.56192,35.115007
424,32,2173,32,2173,67934,3,8.87296,-1,0,157.435898,9.936896,167.372794
425,32,6263,32,6263,67638,3,19.438593,-1,0,416.496643,20.510719,437.007362
426,32,2173,32,2173,67591,3,8.864768,-1,0,160.17305,9.935872,170.108922
427,32,128,32,128,67676,3,3.48672,30.956545,1,31.026176,4.576256,35.602432
428,32,2173,32,2173,67599,3,8.953856,-1,0,158.662659,10.01984,168.682499
429,32,2173,32,2173,67543,3,8.876032,-1,0,158.647293,9.936896,168.584189
430,32,128,32,128,67620,3,3.503104,31.128576,1,31.197184,4.601856,35.79904
431,32,4218,32,4218,67435,3,14.109696,-1,0,285.276154,15.179776,300.45593
432,32,128,32,128,67525,3,3.494912,31.095808,1,31.164415,4.575232,35.739647
433,32,128,32,128,67603,3,3.464192,30.468096,1,30.535681,4.54144,35.077121
434,32,128,32,128,67664,3,3.480576,30.388224,1,30.455809,4.555776,35.011585
435,32,2172,32,2172,67624,3,8.940544,-1,0,157.549561,10.005504,167.555064
436,32,4218,32,4218,67447,3,14.251008,-1,0,286.74765,15.314944,302.062594
437,32,128,32,128,67521,3,3.54304,31.533056,1,31.593472,4.629504,36.222976
438,32,2173,32,2173,67459,3,8.863744,-1,0,157.53421,9.9328,167.46701
439,32,128,32,128,67536,3,3.497984,31.037439,1,31.098881,4.578304,35.677185
440,32,128,32,128,67618,3,3.467264,30.541824,1,30.611456,4.55168,35.163136
441,32,4218,32,4218,67443,3,14.111744,-1,0,285.028351,15.187968,300.216319
442,32,4218,32,4218,67270,3,14.176256,-1,0,286.769165,15.24736,302.016525
443,32,128,32,128,67367,3,3.505152,31.217665,1,31.287296,4.58752,35.874816
444,32,2172,32,2172,67323,3,8.932352,-1,0,157.409286,10.000384,167.409671
445,32,128,32,128,67389,3,3.511296,31.176704,1,31.248384,4.601856,35.850241
446,32,128,32,128,67460,3,3.492864,30.735359,1,30.794752,4.586496,35.381248
447,32,128,32,128,67539,3,3.465216,30.373888,1,30.44352,4.545536,34.989056
448,32,4218,32,4218,67361,3,14.099456,-1,0,285.620239,15.163392,300.783631
449,32,2173,32,2173,67308,3,8.882176,-1,0,158.773254,9.954304,168.727558
450,32,128,32,128,67392,3,3.501056,31.076351,1,31.145985,4.581376,35.727361
451,32,2173,32,2173,67361,3,8.927232,-1,0,157.856766,10.001408,167.858173
452,32,128,32,128,67440,3,3.525632,31.268864,1,31.336449,4.610048,35.946496
453,32,128,32,128,67522,3,3.467264,30.630913,1,30.698496,4.548608,35.247104
454,32,128,32,128,67601,3,3.456,30.265345,1,30.330879,4.539392,34.870271
455,32,2173,32,2173,67548,3,8.936448,-1,0,158.273529,10.000384,168.273913
456,32,128,32,128,67636,3,3.490816,31.117311,1,31.185921,4.574208,35.760128
457,32,2173,32,2173,67580,3,8.863744,-1,0,157.579269,9.934848,167.514117
458,32,128,32,128,67663,3,3.488768,31.045631,1,31.113216,4.573184,35.6864
459,32,128,32,128,67745,3,3.473408,30.471169,1,30.5408,4.56192,35.10272
460,32,128,32,128,67817,3,3.474432,30.414848,1,30.482431,4.554752,35.037183
461,32,2173,32,2173,67746,3,8.868864,-1,0,158.285828,9.931776,168.217604
462,32,128,32,128,67825,3,3.51232,31.022079,1,31.091713,4.600832,35.692545
463,32,128,32,128,67904,3,3.48672,30.533632,1,30.600191,4.564992,35.165183
464,32,2173,32,2173,67864,3,8.865792,-1,0,158.359558,9.936896,168.296454
465,32,128,32,128,67952,3,3.514368,31.056896,1,31.11936,4.598784,35.718144
466,32,128,32,128,68033,3,3.479552,30.496769,1,30.565376,4.558848,35.124224
467,32,128,32,128,68117,3,3.465216,30.271488,1,30.338049,4.543488,34.881537
468,32,2173,32,2173,68068,3,8.861696,-1,0,158.274567,9.92768,168.202247
469,32,128,32,128,68145,3,3.485696,30.936064,1,31.005695,4.566016,35.571712
470,32,4218,32,4218,67962,3,14.118912,-1,0,286.020599,15.192064,301.212664
471,32,128,32,128,68045,3,3.524608,31.270912,1,31.332352,4.611072,35.943424
472,32,2172,32,2172,67985,3,8.926208,-1,0,158.688263,10.000384,168.688647
473,32,128,32,128,68069,3,3.490816,31.0784,1,31.147009,4.5824,35.729409
474,32,128,32,128,68148,3,3.473408,30.541824,1,30.610432,4.549632,35.160064
475,32,6263,32,6263,67832,3,19.439615,-1,0,415.813629,20.510719,436.324348
476,32,128,32,128,67904,3,3.499008,31.167488,1,31.23712,4.58752,35.82464
477,32,128,32,128,67989,3,3.482624,30.567425,1,30.635008,4.573184,35.208192
478,32,128,32,128,68065,3,3.472384,30.475264,1,30.532608,4.555776,35.088384
479,32,2172,32,2172,67990,3,8.861696,-1,0,156.900345,9.920512,166.820857
480,32,128,32,128,68060,3,3.514368,31.136768,1,31.205376,4.601856,35.807232
481,32,2173,32,2173,68011,3,8.871936,-1,0,158.483459,9.938944,168.422403
482,32,128,32,128,68084,3,3.508224,31.15008,1,31.212543,4.590592,35.803135
483,32,2173,32,2173,68041,3,8.863744,-1,0,157.737991,9.929728,167.667719
484,32,4218,32,4218,67853,3,14.240768,-1,0,287.624207,15.304704,302.92891
485,32,2172,32,2172,67802,3,8.848384,-1,0,159.429626,9.909248,169.338875
486,32,6262,32,6262,67478,3,19.428352,-1,0,417.15506,20.495359,437.650419
487,32,2173,32,2173,67424,3,8.87296,-1,0,159.116287,9.942016,169.058303
488,32,128,32,128,67508,3,3.499008,31.045631,1,31.113216,4.5824,35.695616
489,32,128,32,128,67583,3,3.47136,30.560255,1,30.629889,4.559872,35.189761
490,32,2172,32,2172,67524,3,8.863744,-1,0,157.028351,9.938944,166.967295
491,32,2172,32,2172,67486,3,8.922112,-1,0,158.256134,9.98912,168.245254
492,32,128,32,128,67565,3,3.5072,31.250431,1,31.310848,4.59776,35.908608
493,32,128,32,128,67639,3,3.47136,30.554111,1,30.621696,4.55168,35.173377
494,32,128,32,128,67701,3,3.479552,30.496769,1,30.563328,4.564992,35.12832
495,32,128,32,128,67782,3,3.474432,30.454784,1,30.519297,4.553728,35.073025
496,32,128,32,128,67852,3,3.465216,30.186497,1,30.243839,4.544512,34.788351
497,32,4218,32,4218,67674,3,14.17216,-1,0,284.909576,15.233024,300.1426
498,32,2173,32,2173,67617,3,8.953856,-1,0,160.934906,10.01984,170.954746
499,32,6263,32,6263,67283,3,19.732479,-1,0,417.965057,20.796415,438.761473
500,32,2173,32,2173,67232,3,8.851456,-1,0,158.856186,9.923584,168.77977
501,32,128,32,128,67317,3,3.50208,31.128576,1,31.198208,4.580352,35.77856
502,32,2173,32,2173,67258,3,8.863744,-1,0,157.731842,9.931776,167.663618
503,32,128,32,128,67341,3,3.511296,31.106049,1,31.173632,4.588544,35.762176
504,32,2173,32,2173,67262,3,8.870912,-1,0,158.07283,9.938944,168.011774
505,32,128,32,128,67348,3,3.499008,31.075329,1,31.141888,4.578304,35.720191
506,32,128,32,128,67423,3,3.473408,30.425089,1,30.49472,4.554752,35.049472
507,32,128,32,128,67501,3,3.456,30.235647,1,30.302208,4.5312,34.833408
508,32,2172,32,2172,67450,3,8.863744,-1,0,157.048828,9.93792,166.986748
509,32,128,32,128,67521,3,3.48672,31.039488,1,31.109119,4.568064,35.677184
510,32,128,32,128,67600,3,3.483648,30.502913,1,30.57152,4.564992,35.136512
511,32,2173,32,2173,67548,3,8.86272,-1,0,157.806595,9.935872,167.742467
512,32,2173,32,2173,67493,3,8.870912,-1,0,158.503937,9.935872,168.439809
513,32,2173,32,2173,67451,3,8.864768,-1,0,158.427139,9.931776,168.358915
514,32,128,32,128,67528,3,3.500032,31.097857,1,31.167488,4.578304,35.745792
515,32,128,32,128,67615,3,3.472384,30.578688,1,30.647297,4.547584,35.194881
516,32,128,32,128,67700,3,3.459072,30.253056,1,30.312449,4.54144,34.853889
517,32,128,32,128,67767,3,3.446784,30.212095,1,30.278656,4.524032,34.802688
518,32,128,32,128,67851,3,3.459072,30.202881,1,30.26944,4.540416,34.809855
519,32,128,32,128,67927,3,3.464192,30.065664,1,30.131201,4.538368,34.669569
520,32,128,32,128,68001,3,3.457024,30.196735,1,30.26432,4.543488,34.807808
521,32,2173,32,2173,67953,3,8.941568,-1,0,158.690308,10.008576,168.698884
522,32,128,32,128,68037,3,3.492864,31.196159,1,31.267839,4.581376,35.849216
523,32,128,32,128,68110,3,3.4816,30.474239,1,30.532608,4.57216,35.104768
524,32,128,32,128,68182,3,3.479552,30.408705,1,30.46912,4.550656,35.019776
525,32,128,32,128,68257,3,3.463168,30.142464,1,30.209024,4.545536,34.75456
526,32,4218,32,4218,68066,3,14.091264,-1,0,285.083649,15.15008,300.233728
527,32,2172,32,2172,68015,3,9.009152,-1,0,159.379456,10.089472,169.468927
528,32,128,32,128,68098,3,3.514368,31.325184,1,31.394815,4.589568,35.984384
529,32,128,32,128,68177,3,3.475456,30.555136,1,30.622721,4.559872,35.182593
530,32,2173,32,2173,68115,3,8.914944,-1,0,157.726715,9.979904,167.706619
531,32,2173,32,2173,68065,3,9.035776,-1,0,160.480255,10.10688,170.587135
532,32,4218,32,4218,67890,3,14.1312,-1,0,287.703033,15.205376,302.908409
533,32,2173,32,2173,67831,3,8.864768,-1,0,158.888962,9.9328,168.821762
534,32,2173,32,2173,67787,3,8.952832,-1,0,161.103867,10.02496,171.128826
535,32,128,32,128,67874,3,3.503104,31.219711,1,31.290367,4.59264,35.883007
536,32,4218,32,4218,67660,3,14.26432,-1,0,286.536713,15.340544,301.877256
537,32,128,32,128,67736,3,3.494912,31.38048,1,31.442944,4.59776,36.040704
538,32,2173,32,2173,67681,3,8.868864,-1,0,157.526016,9.93792,167.463936
539,32,2173,32,2173,67631,3,8.869888,-1,0,158.521347,9.931776,168.453123
540,32,2172,32,2172,67581,3,8.858624,-1,0,158.376953,9.924608,168.301561
541,32,128,32,128,67659,3,3.516416,31.095808,1,31.164415,4.60288,35.767295
542,32,2173,32,2173,67618,3,8.89856,-1,0,158.946304,9.970688,168.916992
543,32,128,32,128,67685,3,3.488768,31.079424,1,31.149055,4.56704,35.716095
544,32,2173,32,2173,67652,3,8.945664,-1,0,159.153152,10.016768,169.169921
545,32,128,32,128,67727,3,3.477504,31.132671,1,31.199232,4.56192,35.761152
546,32,2173,32,2173,67673,3,8.882176,-1,0,157.828094,9.95328,167.781375
547,32,2173,32,2173,67628,3,8.9344,-1,0,159.107071,10.007552,169.114623
548,32,2172,32,2172,67588,3,8.9344,-1,0,159.471619,10.007552,169.479171
549,32,128,32,128,67656,3,3.488768,31.223808,1,31.29344,4.571136,35.864576
550,32,128,32,128,67726,3,3.478528,30.579712,1,30.647297,4.566016,35.213313
551,32,4218,32,4218,67530,3,14.26432,-1,0,286.376953,15.328256,301.705209
552,32,2173,32,2173,67476,3,8.873984,-1,0,160.026627,9.93792,169.964546
553,32,4218,32,4218,67249,3,14.099456,-1,0,286.383118,15.161344,301.544461
554,32,2173,32,2173,67209,3,8.945664,-1,0,160.607239,10.010624,170.617863
555,32,128,32,128,67288,3,3.494912,31.100927,1,31.169537,4.5824,35.751936
556,32,128,32,128,67356,3,3.47648,30.505983,1,30.574593,4.553728,35.128321
557,32,2173,32,2173,67289,3,8.870912,-1,0,157.472763,9.933824,167.406587
558,32,128,32,128,67371,3,3.483648,31.128576,1,31.196159,4.562944,35.759103
559,32,2173,32,2173,67307,3,8.94976,-1,0,158.193665,10.017792,168.211456
560,32,128,32,128,67379,3,3.494912,31.139839,1,31.209473,4.571136,35.780609
561,32,128,32,128,67464,3,3.474432,30.557184,1,30.624767,4.553728,35.178495
562,32,128,32,128,67533,3,3.4816,30.370815,1,30.430208,4.560896,34.991104
563,32,128,32,128,67595,3,3.453952,30.235647,1,30.302208,4.532224,34.834432
564,32,128,32,128,67673,3,3.465216,30.21312,1,30.27968,4.54656,34.82624
565,32,128,32,128,67746,3,3.467264,30.179329,1,30.244864,4.537344,34.782207
566,32,128,32,128,67828,3,3.452928,30.233601,1,30.300159,4.532224,34.832384
567,32,2173,32,2173,67755,3,8.94464,-1,0,158.162949,10.012672,168.175621
568,32,128,32,128,67833,3,3.523584,31.080448,1,31.152128,4.627456,35.779584
569,32,128,32,128,67907,3,3.469312,30.490623,1,30.557184,4.545536,35.10272
570,32,128,32,128,67984,3,3.452928,30.299135,1,30.357504,4.534272,34.891776
571,32,2173,32,2173,67942,3,8.8832,-1,0,157.360123,9.949184,167.309307
572,32,128,32,128,68042,3,3.48672,31.122433,1,31.19104,4.566016,35.757056
573,32,2173,32,2173,67990,3,8.869888,-1,0,157.55571,9.93792,167.493629
574,32,128,32,128,68073,3,3.505152,31.111168,1,31.178753,4.583424,35.762177
575,32,128,32,128,68159,3,3.489792,30.681087,1,30.749697,4.576256,35.325953
576,32,2173,32,2173,68078,3,8.963072,-1,0,159.050751,10.037248,169.087998
577,32,128,32,128,68165,3,3.501056,31.164415,1,31.233025,4.57728,35.810305
578,32,128,32,128,68240,3,3.482624,30.521343,1,30.588928,4.568064,35.156992
579,32,128,32,128,68314,3,3.48672,30.425089,1,30.492672,4.57728,35.069952
580,32,4218,32,4218,68150,3,14.135296,-1,0,285.4953,15.202304,300.697604
581,32,2173,32,2173,68092,3,8.882176,-1,0,159.703033,9.945088,169.648122
582,32,4218,32,4218,67911,3,14.235648,-1,0,288.180237,15.301632,303.481869
583,32,2172,32,2172,67854,3,8.946688,-1,0,161.604614,10.02496,171.629574
584,32,128,32,128,67939,3,3.490816,31.185921,1,31.253504,4.578304,35.831808
585,32,4218,32,4218,67752,3,14.088192,-1,0,285.759491,15.153152,300.912643
586,32,4218,32,4218,67583,3,14.118912,-1,0,287.309814,15.182848,302.492662
587,32,2173,32,2173,67537,3,8.938496,-1,0,159.111176,10.00448,169.115656
588,32,128,32,128,67621,3,3.510272,31.211519,1,31.281153,4.599808,35.880961
589,32,128,32,128,67705,3,3.4816,30.686209,1,30.753792,4.5568,35.310592
590,32,2173,32,2173,67620,3,8.950784,-1,0,159.840256,10.022912,169.863168
591,32,128,32,128,67699,3,3.497984,31.086592,1,31.156223,4.583424,35.739647
592,32,128,32,128,67779,3,3.480576,30.519297,1,30.58688,4.56704,35.15392
593,32,128,32,128,67868,3,3.483648,30.420992,1,30.487553,4.554752,35.042305
594,32,128,32,128,67938,3,3.46624,30.267391,1,30.32576,4.549632,34.875392
595,32,4218,32,4218,67740,3,14.124032,-1,0,285.848572,15.181824,301.030396
596,32,2173,32,2173,67681,3,8.886272,-1,0,159.520767,9.956352,169.477119
597,32,128,32,128,67762,3,3.51232,31.054848,1,31.125504,4.600832,35.726336
598,32,2173,32,2173,67705,3,8.875008,-1,0,158.829575,9.94304,168.772614
599,32,2173,32,2173,67654,3,9.027584,-1,0,160.202759,10.095616,170.298375
600,32,2173,32,2173,67605,3,8.880128,-1,0,159.269882,9.945088,169.214971
601,32,2173,32,2173,67560,3,8.932352,-1,0,159.037445,9.998336,169.035781
602,32,8192,32,8192,66993,3,24.253441,-1,0,527.896606,25.314304,553.210911
603,32,240,32,240,67201,3,3.743744,35.774464,1,35.852287,4.830208,40.682495
604,32,128,32,128,67284,3,3.490816,30.910463,1,30.970881,4.568064,35.538945
605,32,128,32,128,67360,3,3.47648,30.481407,1,30.550016,4.558848,35.108864
606,32,2172,32,2172,67302,3,8.887296,-1,0,157.775879,9.966592,167.742471
607,32,2173,32,2173,67255,3,8.86784,-1,0,158.311417,9.935872,168.247289
608,32,2173,32,2173,67206,3,8.8576,-1,0,158.396423,9.924608,168.321032
609,32,128,32,128,67291,3,3.506176,31.054848,1,31.123455,4.59264,35.716095
610,32,128,32,128,67373,3,3.487744,30.575617,1,30.644224,4.568064,35.212288
611,32,4218,32,4218,67171,3,14.44864,-1,0,287.505402,15.517696,303.023098
612,32,128,32,128,67247,3,3.516416,31.574017,1,31.644672,4.604928,36.2496
613,32,128,32,128,67335,3,3.46624,30.533632,1,30.601215,4.55168,35.152895
614,32,2173,32,2173,67284,3,8.864768,-1,0,157.393921,9.936896,167.330817
615,32,128,32,128,67359,3,3.489792,30.944256,1,31.003649,4.564992,35.568641
616,32,128,32,128,67430,3,3.47136,30.492672,1,30.563328,4.56192,35.125248
617,32,128,32,128,67512,3,3.472384,30.365696,1,30.433281,4.550656,34.983937
618,32,128,32,128,67587,3,3.460096,30.22336,1,30.290943,4.544512,34.835455
619,32,2173,32,2173,67550,3,8.87296,-1,0,157.857788,9.945088,167.802876
620,32,128,32,128,67628,3,3.500032,30.99136,1,31.059969,4.57728,35.637249
621,32,128,32,128,67705,3,3.477504,30.497791,1,30.565376,4.563968,35.129344
622,32,128,32,128,67797,3,3.4816,30.422016,1,30.491648,4.563968,35.055616
623,32,128,32,128,67879,3,3.470336,30.4128,1,30.471169,4.542464,35.013632
624,32,2173,32,2173,67811,3,8.94464,-1,0,158.579712,10.011648,168.59136
625,32,128,32,128,67897,3,3.505152,31.090689,1,31.15008,4.588544,35.738624
626,32,128,32,128,67980,3,3.485696,30.447617,1,30.509056,4.588544,35.0976
627,32,128,32,128,68067,3,3.458048,30.277632,1,30.344193,4.533248,34.87744
628,32,128,32,128,68148,3,3.46624,30.181376,1,30.241793,4.554752,34.796545
629,32,128,32,128,68224,3,3.46624,30.205952,1,30.272512,4.543488,34.816
630,32,128,32,128,68301,3,3.46112,30.212095,1,30.27968,4.534272,34.813952
631,32,128,32,128,68385,3,3.457024,30.206976,1,30.272512,4.538368,34.810881
632,32,2173,32,2173,68335,3,8.94976,-1,0,157.600769,10.013696,167.614465
633,32,128,32,128,68412,3,3.51744,31.279104,1,31.32416,4.605952,35.930111
634,32,4218,32,4218,68195,3,14.25408,-1,0,286.424072,15.320064,301.744136
635,32,6263,32,6263,67895,3,19.536896,-1,0,420.243469,20.596737,440.840206
636,32,128,32,128,67981,3,3.525632,31.344641,1,31.413248,4.604928,36.018176
637,32,128,32,128,68064,3,3.475456,30.645248,1,30.708736,4.555776,35.264513
638,32,4217,32,4217,67876,3,14.107648,-1,0,286.496765,15.172608,301.669374
639,32,4218,32,4218,67701,3,14.052352,-1,0,286.803955,15.113216,301.917171
640,32,128,32,128,67796,3,3.523584,31.132671,1,31.202305,4.60288,35.805185
641,32,2173,32,2173,67736,3,8.94464,-1,0,158.662659,10.01472,168.677379
642,32,128,32,128,67821,3,3.545088,31.315968,1,31.384577,4.62336,36.007937
643,32,4217,32,4217,67634,3,14.087168,-1,0,287.207428,15.1552,302.362628
644,32,128,32,128,67724,3,3.515392,31.246336,1,31.315968,4.594688,35.910655
645,32,128,32,128,67797,3,3.504128,30.728191,1,30.796801,4.575232,35.372033
646,32,128,32,128,67877,3,3.460096,30.413824,1,30.480385,4.54144,35.021825
647,32,2173,32,2173,67816,3,8.863744,-1,0,157.212677,9.92768,167.140357
648,32,128,32,128,67888,3,3.509248,31.022079,1,31.091713,4.588544,35.680257
649,32,4217,32,4217,67716,3,14.089216,-1,0,285.196289,15.168512,300.364801
650,32,128,32,128,67783,3,3.503104,31.202305,1,31.26272,4.584448,35.847168
651,32,128,32,128,67867,3,3.479552,30.543873,1,30.610432,4.558848,35.16928
652,32,4202,32,4202,67687,3,14.390272,-1,0,287.655945,15.459328,303.115273
653,32,128,32,128,67772,3,3.52768,31.768576,1,31.838207,4.61312,36.451327
654,32,4218,32,4218,67580,3,14.127104,-1,0,286.612488,15.19104,301.803528
655,32,2172,32,2172,67529,3,8.860672,-1,0,158.491653,9.926656,168.418309
656,32,8192,32,8192,66957,3,24.311808,-1,0,529.017883,25.375744,554.393627
657,32,240,32,240,67150,3,3.720192,35.515392,1,35.594238,4.789248,40.383486
658,32,128,32,128,67237,3,3.503104,30.887936,1,30.956545,4.590592,35.547137
659,32,128,32,128,67314,3,3.480576,30.600191,1,30.6688,4.562944,35.231744
660,32,2173,32,2173,67268,3,8.86272,-1,0,157.564926,9.930752,167.495678
661,32,128,32,128,67358,3,3.516416,31.050753,1,31.11936,4.59776,35.71712
662,32,2172,32,2172,67311,3,8.865792,-1,0,157.501434,9.9328,167.434235
663,32,2173,32,2173,67271,3,8.865792,-1,0,158.709763,9.930752,168.640514
664,32,4217,32,4217,67071,3,14.252032,-1,0,286.982147,15.325184,302.307331
665,32,128,32,128,67164,3,3.561472,31.505407,1,31.575041,4.656128,36.231169
666,32,128,32,128,67251,3,3.48672,30.768127,1,30.837761,4.568064,35.405825
667,32,128,32,128,67336,3,3.465216,30.306305,1,30.365696,4.545536,34.911232
668,32,128,32,128,67422,3,3.454976,30.027777,1,30.087168,4.532224,34.619392
669,32,128,32,128,67495,3,3.469312,30.19776,1,30.26432,4.542464,34.806784
670,32,2173,32,2173,67437,3,8.955904,-1,0,158.915588,10.020864,168.936452
671,32,128,32,128,67523,3,3.494912,31.098881,1,31.167488,4.584448,35.751936
672,32,128,32,128,67609,3,3.475456,30.478336,1,30.545919,4.549632,35.095551
673,32,128,32,128,67697,3,3.479552,30.410751,1,30.478336,4.5568,35.035136
674,32,2173,32,2173,67636,3,8.94464,-1,0,157.958145,10.028032,167.986177
675,32,128,32,128,67706,3,3.5072,31.230976,1,31.305729,4.590592,35.896321
676,32,128,32,128,67778,3,3.479552,30.442495,1,30.51008,4.569088,35.079168
677,32,128,32,128,67849,3,3.464192,30.242817,1,30.309376,4.547584,34.85696
678,32,128,32,128,67923,3,3.468288,30.191616,1,30.252031,4.552704,34.804735
679,32,128,32,128,68011,3,3.454976,30.19264,1,30.260223,4.535296,34.795519
680,32,128,32,128,68082,3,3.453952,30.190592,1,30.257153,4.530176,34.787329
681,32,2173,32,2173,68026,3,8.951808,-1,0,158.397446,10.020864,168.418309
682,32,128,32,128,68102,3,3.515392,31.236095,1,31.297537,4.605952,35.903489
683,32,128,32,128,68175,3,3.477504,30.642176,1,30.713856,4.555776,35.269632
684,32,2173,32,2173,68130,3,8.881152,-1,0,158.642181,9.96352,168.605701
685,32,6263,32,6263,67837,3,19.445761,-1,0,419.018738,20.512768,439.531506
686,32,4218,32,4218,67648,3,14.267392,-1,0,287.270905,15.340544,302.611448
687,32,2173,32,2173,67613,3,8.87808,-1,0,159.882233,9.947136,169.829369
688,32,128,32,128,67691,3,3.513344,31.070208,1,31.138817,4.598784,35.737601
689,32,128,32,128,67765,3,3.487744,30.580736,1,30.650368,4.563968,35.214336
690,32,4217,32,4217,67589,3,14.2336,-1,0,285.498383,15.299584,300.797967
691,32,4218,32,4218,67421,3,14.002176,-1,0,289.276917,15.069184,304.346101
692,32,128,32,128,67509,3,3.505152,31.033344,1,31.092735,4.589568,35.682303
693,32,128,32,128,67597,3,3.477504,30.545919,1,30.614529,4.552704,35.167233
694,32,128,32,128,67665,3,3.470336,30.259199,1,30.331903,4.549632,34.881536
695,32,128,32,128,67759,3,3.462144,30.204927,1,30.263296,4.543488,34.806784
696,32,128,32,128,67838,3,3.463168,30.195711,1,30.26432,4.542464,34.806784
697,32,128,32,128,67920,3,3.460096,30.224384,1,30.290943,4.538368,34.829311
698,32,2173,32,2173,67879,3,8.953856,-1,0,158.911484,10.037248,168.948731
699,32,2173,32,2173,67831,3,8.876032,-1,0,158.709763,9.947136,168.656898
700,32,4218,32,4218,67640,3,14.127104,-1,0,287.208435,15.199232,302.407667
701,32,2173,32,2173,67584,3,8.94464,-1,0,161.38855,10.011648,171.400198
702,32,2173,32,2173,67540,3,8.951808,-1,0,159.580154,10.023936,169.604091
703,32,128,32,128,67624,3,3.520512,31.277056,1,31.355904,4.612096,35.967999
704,32,2173,32,2173,67578,3,8.868864,-1,0,157.861893,9.929728,167.79162
705,32,2173,32,2173,67527,3,8.882176,-1,0,159.970306,9.952256,169.922563
706,32,128,32,128,67608,3,3.49184,31.053823,1,31.122433,4.580352,35.702785
707,32,4217,32,4217,67433,3,14.113792,-1,0,286.036987,15.173632,301.210619
708,32,128,32,128,67516,3,3.545088,31.465471,1,31.535105,4.62848,36.163585
709,32,128,32,128,67596,3,3.48672,30.739456,1,30.809088,4.581376,35.390464
710,32,2173,32,2173,67558,3,8.94976,-1,0,157.489151,10.017792,167.506943
711,32,2172,32,2172,67509,3,8.933376,-1,0,159.290375,9.997312,169.287686
712,32,128,32,128,67594,3,3.51744,31.219711,1,31.288321,4.604928,35.893249
713,32,2173,32,2173,67529,3,8.931328,-1,0,158.180359,9.998336,168.178695
714,32,4218,32,4218,67358,3,14.11584,-1,0,287.082489,15.182848,302.265337
715,32,2173,32,2173,67307,3,8.869888,-1,0,160.663559,9.935872,170.599431
716,32,2173,32,2173,67256,3,8.863744,-1,0,159.410172,9.940992,169.351164
717,32,128,32,128,67331,3,3.509248,31.058945,1,31.11936,4.588544,35.707904
718,32,128,32,128,67416,3,3.477504,30.541824,1,30.609407,4.558848,35.168255
719,32,128,32,128,67495,3,3.453952,30.245888,1,30.305281,4.532224,34.837505
720,32,2173,32,2173,67441,3,8.942592,-1,0,158.713852,10.01472,168.728572
721,32,128,32,128,67514,3,3.487744,30.988289,1,31.05792,4.564992,35.622912
722,32,128,32,128,67595,3,3.470336,30.485504,1,30.552065,4.555776,35.107841
723,32,2173,32,2173,67541,3,8.856576,-1,0,157.506561,9.925632,167.432194
724,32,2173,32,2173,67508,3,8.96,-1,0,159.447037,10.027008,169.474045
725,32,128,32,128,67589,3,3.516416,31.3088,1,31.376385,4.611072,35.987457
726,32,128,32,128,67667,3,3.473408,30.667776,1,30.735359,4.557824,35.293183
727,32,128,32,128,67737,3,3.467264,30.289921,1,30.35648,4.538368,34.894848
728,32,128,32,128,67814,3,3.467264,30.206976,1,30.273537,4.542464,34.816
729,32,2173,32,2173,67752,3,9.008128,-1,0,159.027206,10.075136,169.102343
730,32,2173,32,2173,67704,3,8.877056,-1,0,159.457275,9.942016,169.399291
731,32,128,32,128,67785,3,3.503104,31.027201,1,31.08864,4.591616,35.680256
732,32,128,32,128,67864,3,3.482624,30.539776,1,30.609407,4.568064,35.177472
733,32,2173,32,2173,67806,3,8.858624,-1,0,158.761978,9.920512,168.68249
734,32,128,32,128,67889,3,3.500032,31.052799,1,31.112192,4.579328,35.69152
735,32,128,32,128,67969,3,3.4816,30.698496,1,30.766081,4.576256,35.342337
736,32,2173,32,2173,67908,3,8.875008,-1,0,158.271484,9.966592,168.238076
737,32,128,32,128,67977,3,3.520512,31.116287,1,31.176704,4.63872,35.815424
738,32,128,32,128,68051,3,3.499008,30.726145,1,30.795776,4.58752,35.383296
739,32,2173,32,2173,67992,3,8.94464,-1,0,158.242813,10.012672,168.255486
740,32,128,32,128,68081,3,3.520512,31.25248,1,31.320065,4.60288,35.922945
741,32,128,32,128,68152,3,3.484672,30.584831,1,30.652416,4.5568,35.209216
742,32,4218,32,4218,67944,3,14.12096,-1,0,286.74765,15.18592,301.93357
743,32,4218,32,4218,67757,3,14.267392,-1,0,287.186951,15.333376,302.520327
744,32,4218,32,4218,67576,3,14.261248,-1,0,289.459198,15.330304,304.789502
745,32,128,32,128,67647,3,3.515392,31.213568,1,31.27808,4.60288,35.88096
746,32,2173,32,2173,67601,3,8.87808,-1,0,157.756409,9.951232,167.707641
747,32,2173,32,2173,67541,3,8.864768,-1,0,159.529984,9.933824,169.463807
748,32,128,32,128,67613,3,3.516416,31.029247,1,31.096832,4.595712,35.692544
749,32,128,32,128,67689,3,3.473408,30.527489,1,30.595072,4.5568,35.151872
750,32,128,32,128,67766,3,3.464192,30.23872,1,30.297089,4.533248,34.830337
751,32,128,32,128,67842,3,3.46624,30.189568,1,30.259199,4.53632,34.795519
752,32,4217,32,4217,67665,3,14.103552,-1,0,286.58075,15.161344,301.742093
753,32,128,32,128,67743,3,3.51744,31.230976,1,31.299583,4.595712,35.895296
754,32,128,32,128,67818,3,3.485696,30.579712,1,30.646273,4.559872,35.206145
755,32,2173,32,2173,67759,3,8.870912,-1,0,157.766663,9.931776,167.698439
756,32,2173,32,2173,67710,3,8.875008,-1,0,159.579132,9.938944,169.518076
757,32,2173,32,2173,67665,3,9.066496,-1,0,161.142776,10.133504,171.27628
758,32,128,32,128,67739,3,3.509248,31.315968,1,31.377407,4.586496,35.963903
759,32,128,32,128,67813,3,3.474432,30.508032,1,30.575617,4.543488,35.119105
760,32,128,32,128,67893,3,3.467264,30.304256,1,30.363647,4.540416,34.904063
761,32,2173,32,2173,67855,3,8.861696,-1,0,157.519867,9.921536,167.441403
762,32,6263,32,6263,67576,3,19.638271,-1,0,416.680969,20.703232,437.384201
763,32,2173,32,2173,67526,3,9.02656,-1,0,159.927292,10.095616,170.022908
764,32,2173,32,2173,67473,3,8.94976,-1,0,162.404358,10.01984,172.424198
765,32,128,32,128,67553,3,3.529728,31.296513,1,31.36512,4.612096,35.977216
766,32,4218,32,4218,67370,3,14.11584,-1,0,286.47525,15.1808,301.656051
767,32,128,32,128,67454,3,3.5072,31.215616,1,31.285248,4.58752,35.872768
768,32,2173,32,2173,67410,3,8.86784,-1,0,157.725693,9.935872,167.661565
769,32,128,32,128,67490,3,3.514368,31.19104,1,31.258623,4.591616,35.850239
770,32,4218,32,4218,67306,3,14.253056,-1,0,287.143921,15.315968,302.459888
771,32,128,32,128,67393,3,3.523584,31.491072,1,31.559681,4.601856,36.161537
772,32,128,32,128,67474,3,3.479552,30.784512,1,30.851072,4.557824,35.408896
773,32,128,32,128,67547,3,3.478528,30.360577,1,30.419968,4.554752,34.97472
774,32,128,32,128,67624,3,3.483648,30.398464,1,30.456833,4.576256,35.033089
775,32,128,32,128,67710,3,3.451904,30.301184,1,30.369793,4.528128,34.897921
776,32,2172,32,2172,67651,3,8.848384,-1,0,158.384125,9.924608,168.308733
777,32,4217,32,4217,67462,3,14.114816,-1,0,286.811127,15.172608,301.983735
778,32,128,32,128,67549,3,3.51232,31.250431,1,31.312897,4.59776,35.910657
779,32,128,32,128,67627,3,3.48672,30.743551,1,30.81216,4.563968,35.376129
780,32,2173,32,2173,67573,3,8.865792,-1,0,158.936066,9.928704,168.86477
781,32,128,32,128,67655,3,3.511296,31.053823,1,31.121408,4.588544,35.709952
782,32,128,32,128,67749,3,3.494912,30.683136,1,30.751743,4.581376,35.333119
783,32,2173,32,2173,67691,3,8.871936,-1,0,159.07431,9.942016,169.016326
784,32,2173,32,2173,67638,3,8.941568,-1,0,159.426559,10.0096,169.436159
785,32,128,32,128,67724,3,3.509248,31.163391,1,31.232,4.5824,35.8144
786,32,128,32,128,67808,3,3.473408,30.526464,1,30.593023,4.555776,35.148799
787,32,2172,32,2172,67752,3,8.869888,-1,0,157.056,9.94304,166.99904
788,32,128,32,128,67839,3,3.510272,31.068159,1,31.137793,4.595712,35.733505
789,32,128,32,128,67907,3,3.482624,30.744576,1,30.813185,4.554752,35.367937
790,32,128,32,128,67970,3,3.490816,30.49984,1,30.566401,4.576256,35.142656
791,32,128,32,128,68048,3,3.489792,30.500864,1,30.559233,4.563968,35.123201
792,32,2173,32,2173,67993,3,8.877056,-1,0,158.621689,9.94816,168.569849
793,32,2173,32,2173,67932,3,8.87808,-1,0,158.812164,9.946112,168.758276
794,32,128,32,128,68011,3,3.52768,31.171583,1,31.242241,4.614144,35.856385
795,32,128,32,128,68083,3,3.495936,30.75584,1,30.816256,4.576256,35.392511
796,32,4217,32,4217,67890,3,14.104576,-1,0,286.12915,15.178752,301.307902
797,32,2173,32,2173,67838,3,9.024512,-1,0,160.197632,10.095616,170.293248
798,32,2173,32,2173,67783,3,8.952832,-1,0,160.071686,10.027008,170.098694
799,32,128,32,128,67867,3,3.503104,31.157248,1,31.226879,4.591616,35.818495
800,32,2173,32,2173,67805,3,8.94464,-1,0,158.338043,10.020864,168.358907
801,32,2173,32,2173,67763,3,8.943616,-1,0,158.826492,10.018816,168.845308
802,32,2173,32,2173,67699,3,8.94464,-1,0,159.791107,10.021888,169.812995
803,32,128,32,128,67772,3,3.501056,31.164415,1,31.235071,4.585472,35.820543
804,32,128,32,128,67836,3,3.485696,30.502913,1,30.569471,4.566016,35.135488
805,32,128,32,128,67911,3,3.478528,30.424065,1,30.490623,4.569088,35.059711
806,32,2173,32,2173,67833,3,8.94976,-1,0,158.005249,10.018816,168.024065
807,32,128,32,128,67910,3,3.52256,31.286272,1,31.354879,4.601856,35.956736
808,32,1981,32,1981,67839,3,8.474624,-1,0,149.259262,9.547776,158.807038
809,32,2173,32,2173,67805,3,8.876032,-1,0,159.372284,9.95328,169.325564
810,32,6263,32,6263,67522,3,19.449856,-1,0,417.813507,20.514816,438.328323
811,32,128,32,128,67606,3,3.530752,31.37536,1,31.435776,4.610048,36.045824
812,32,2173,32,2173,67545,3,8.864768,-1,0,157.892609,9.930752,167.82336
813,32,128,32,128,67624,3,3.515392,31.116287,1,31.183872,4.595712,35.779584
814,32,2173,32,2173,67574,3,8.943616,-1,0,159.224838,10.01472,169.239558
815,32,2173,32,2173,67528,3,8.859648,-1,0,159.65593,9.92256,169.578489
816,32,128,32,128,67611,3,3.5072,31.121408,1,31.192064,4.586496,35.77856
817,32,2173,32,2173,67546,3,8.87808,-1,0,158.870529,9.94304,168.813569
818,32,4218,32,4218,67358,3,13.997056,-1,0,288.277496,15.055872,303.333368
819,32,128,32,128,67431,3,3.515392,31.067137,1,31.133696,4.591616,35.725312
820,32,128,32,128,67511,3,3.49184,30.733313,1,30.800896,4.569088,35.369984
821,32,128,32,128,67585,3,3.456,30.368769,1,30.427135,4.528128,34.955264
822,32,128,32,128,67678,3,3.46112,30.261248,1,30.326784,4.539392,34.866176
823,32,2173,32,2173,67610,3,8.932352,-1,0,157.907974,9.995264,167.903238
824,32,2173,32,2173,67549,3,8.93952,-1,0,159.608826,10.005504,169.614329
825,32,2173,32,2173,67470,3,8.947712,-1,0,160.316422,10.007552,170.323974
826,32,2173,32,2173,67423,3,8.938496,-1,0,159.820801,10.008576,169.829377
827,32,2173,32,2173,67377,3,9.063424,-1,0,161.569794,10.136576,171.706369
828,32,128,32,128,67450,3,3.505152,31.297537,1,31.367168,4.59264,35.959808
829,32,128,32,128,67531,3,3.474432,30.500864,1,30.57152,4.545536,35.117056
830,32,128,32,128,67601,3,3.472384,30.383104,1,30.450687,4.555776,35.006464
831,32,128,32,128,67670,3,3.458048,30.349312,1,30.416897,4.54144,34.958337
832,32,128,32,128,67752,3,3.462144,30.229504,1,30.297089,4.535296,34.832385
833,32,128,32,128,67825,3,3.462144,30.22336,1,30.280704,4.539392,34.820096
834,32,4218,32,4218,67617,3,14.102528,-1,0,285.95813,15.161344,301.119473
835,32,128,32,128,67695,3,3.521536,31.302656,1,31.372288,4.60288,35.975168
836,32,4218,32,4218,67508,3,14.121984,-1,0,286.495758,15.187968,301.683726
837,32,128,32,128,67603,3,3.526656,31.342592,1,31.403008,4.61824,36.021247
838,32,128,32,128,67672,3,3.473408,30.666752,1,30.736383,4.560896,35.297279
839,32,128,32,128,67751,3,3.47648,30.435328,1,30.502913,4.557824,35.060737
840,32,128,32,128,67839,3,3.488768,30.483456,1,30.553087,4.573184,35.126271
841,32,2172,32,2172,67789,3,8.926208,-1,0,159.249405,10.001408,169.250813
842,32,2172,32,2172,67727,3,8.927232,-1,0,158.794754,10.0096,168.804354
843,32,128,32,128,67814,3,3.505152,31.124479,1,31.194113,4.586496,35.780609
844,32,2172,32,2172,67771,3,8.86784,-1,0,158.681091,9.935872,168.616963
845,32,128,32,128,67847,3,3.505152,31.000576,1,31.069183,4.584448,35.653631
846,32,4218,32,4218,67672,3,14.267392,-1,0,287.624207,15.335424,302.959631
847,32,2173,32,2173,67635,3,8.938496,-1,0,160.029694,10.013696,170.043389
848,32,128,32,128,67725,3,3.51744,31.323135,1,31.391745,4.604928,35.996673
849,32,128,32,128,67798,3,3.479552,30.703615,1,30.7712,4.566016,35.337216
850,32,4218,32,4218,67624,3,14.180352,-1,0,286.908417,15.243264,302.151681
851,32,128,32,128,67703,3,3.53792,31.463425,1,31.524864,4.620288,36.145152
852,32,128,32,128,67773,3,3.494912,30.711807,1,30.779392,4.579328,35.35872
853,32,128,32,128,67850,3,3.479552,30.439425,1,30.497791,4.56192,35.059711
854,32,128,32,128,67910,3,3.456,30.306305,1,30.364672,4.532224,34.896896
855,32,128,32,128,67986,3,3.469312,30.241793,1,30.308352,4.54656,34.854911
856,32,2173,32,2173,67935,3,8.873984,-1,0,157.522949,9.94304,167.465989
857,32,4218,32,4218,67757,3,14.176256,-1,0,289.069061,15.238144,304.307205
858,32,2173,32,2173,67719,3,8.868864,-1,0,158.871552,9.9328,168.804352
859,32,128,32,128,67800,3,3.51232,31.154177,1,31.222784,4.58752,35.810304
860,32,4218,32,4218,67625,3,14.117888,-1,0,288.514038,15.18592,303.699958
861,32,2173,32,2173,67574,3,8.909824,-1,0,159.264771,9.975808,169.240579
862,32,2173,32,2173,67501,3,8.873984,-1,0,159.583237,9.93792,169.521156
863,32,128,32,128,67591,3,3.477504,31.08864,1,31.149055,4.553728,35.702784
864,32,4218,32,4218,67410,3,14.087168,-1,0,287.529999,15.154176,302.684175
865,32,128,32,128,67489,3,3.526656,31.250431,1,31.318016,4.61824,35.936256
866,32,128,32,128,67566,3,3.490816,30.743551,1,30.813185,4.573184,35.386369
867,32,2173,32,2173,67510,3,8.97536,-1,0,158.413818,10.05056,168.464378
868,32,128,32,128,67588,3,3.526656,31.352833,1,31.423489,4.609024,36.032513
869,32,2173,32,2173,67547,3,8.859648,-1,0,158.643204,9.930752,168.573956
870,32,4218,32,4218,67382,3,14.119936,-1,0,288.411652,15.190016,303.601667
871,32,128,32,128,67471,3,3.519488,31.190016,1,31.260672,4.598784,35.859456
872,32,128,32,128,67558,3,3.473408,30.529535,1,30.595072,4.54656,35.141632
873,32,128,32,128,67638,3,3.462144,30.246912,1,30.313473,4.533248,34.846721
874,32,128,32,128,67717,3,3.462144,30.225409,1,30.294016,4.542464,34.83648
875,32,2173,32,2173,67660,3,8.943616,-1,0,158.888962,10.018816,168.907778
876,32,2173,32,2173,67602,3,8.957952,-1,0,159.799301,10.032128,169.831429
877,32,128,32,128,67680,3,3.5328,31.347712,1,31.409151,4.617216,36.026367
878,32,128,32,128,67764,3,3.482624,30.574593,1,30.642176,4.56704,35.209216
879,32,128,32,128,67838,3,3.479552,30.323711,1,30.390272,4.555776,34.946048
880,32,2173,32,2173,67783,3,8.88832,-1,0,157.941757,9.951232,167.892989
881,32,2173,32,2173,67711,3,8.951808,-1,0,159.587326,10.018816,169.606142
882,32,128,32,128,67799,3,3.534848,31.286272,1,31.354879,4.625408,35.980288
883,32,128,32,128,67866,3,3.492864,30.611456,1,30.678017,4.576256,35.254272
884,32,128,32,128,67947,3,3.457024,30.267391,1,30.333952,4.532224,34.866176
885,32,2172,32,2172,67895,3,8.935424,-1,0,158.146561,10.000384,168.146945
886,32,2172,32,2172,67843,3,8.988672,-1,0,159.491074,10.059776,169.55085
887,32,128,32,128,67914,3,3.5328,31.209473,1,31.27808,4.61824,35.89632
888,32,2173,32,2173,67855,3,8.946688,-1,0,159.020035,10.016768,169.036803
889,32,128,32,128,67922,3,3.52256,31.096832,1,31.164415,4.604928,35.769343
890,32,128,32,128,68005,3,3.4816,30.640127,1,30.69952,4.569088,35.268608
891,32,128,32,128,68075,3,3.467264,30.301184,1,30.359552,4.549632,34.909184
892,32,4218,32,4218,67888,3,14.128128,-1,0,286.978058,15.190016,302.168074
893,32,128,32,128,67958,3,3.525632,31.320065,1,31.39072,4.615168,36.005888
894,32,4217,32,4217,67754,3,14.308352,-1,0,286.368774,15.378432,301.747207
895,32,128,32,128,67837,3,3.540992,31.642624,1,31.711231,4.621312,36.332543
896,32,2173,32,2173,67787,3,8.973312,-1,0,159.667206,10.042368,169.709574
897,32,128,32,128,67857,3,3.5328,31.461376,1,31.531008,4.61824,36.149248
898,32,128,32,128,67937,3,3.489792,30.727167,1,30.770176,4.568064,35.33824
899,32,4218,32,4218,67756,3,14.123008,-1,0,286.095367,15.182848,301.278215
900,32,128,32,128,67831,3,3.511296,31.218687,1,31.286272,4.590592,35.876864
901,32,2173,32,2173,67787,3,8.94976,-1,0,158.282745,10.020864,168.303609
902,32,2173,32,2173,67727,3,8.875008,-1,0,158.853119,9.959424,168.812543
903,32,6263,32,6263,67413,3,19.447807,-1,0,420.192261,20.513792,440.706053
904,32,128,32,128,67491,3,3.520512,31.299583,1,31.370239,4.610048,35.980287
905,32,2173,32,2173,67455,3,8.937472,-1,0,158.511108,10.006528,168.517636
906,32,2173,32,2173,67404,3,8.942592,-1,0,159.560699,10.010624,169.571323
907,32,6263,32,6263,67118,3,19.602432,-1,0,417.748993,20.660225,438.409218
908,32,2172,32,2172,67071,3,9.017344,-1,0,160.149506,10.0864,170.235906
909,32,128,32,128,67154,3,3.509248,31.276031,1,31.346687,4.60288,35.949567
910,32,128,32,128,67231,3,3.467264,30.587904,1,30.655487,4.549632,35.205119
911,32,128,32,128,67313,3,3.482624,30.464001,1,30.53056,4.559872,35.090432
912,32,128,32,128,67398,3,3.459072,30.311424,1,30.369793,4.535296,34.905089
913,32,128,32,128,67484,3,3.453952,30.036991,1,30.103552,4.54144,34.644992
914,32,2173,32,2173,67428,3,8.87808,-1,0,158.348282,9.951232,168.299514
915,32,128,32,128,67514,3,3.5072,30.982143,1,31.049728,4.581376,35.631104
916,32,128,32,128,67598,3,3.4816,30.521343,1,30.587904,4.558848,35.146752
917,32,128,32,128,67688,3,3.47648,30.396416,1,30.464001,4.5568,35.020801
918,32,128,32,128,67767,3,3.46112,30.330879,1,30.399488,4.540416,34.939904
919,32,2173,32,2173,67723,3,8.873984,-1,0,158.112762,9.940992,168.053755
920,32,4218,32,4218,67539,3,14.380032,-1,0,288.417786,15.446016,303.863802
921,32,128,32,128,67625,3,3.564544,31.725569,1,31.7952,4.655104,36.450305
922,32,2173,32,2173,67563,3,8.879104,-1,0,159.30777,9.947136,169.254906
923,32,128,32,128,67640,3,3.514368,31.133696,1,31.195135,4.61312,35.808255
924,32,128,32,128,67723,3,3.473408,30.591999,1,30.659584,4.548608,35.208192
925,32,128,32,128,67799,3,3.465216,30.263296,1,30.329857,4.543488,34.873345
926,32,2173,32,2173,67739,3,8.941568,-1,0,158.563324,10.017792,168.581116
927,32,128,32,128,67829,3,3.520512,31.190016,1,31.258623,4.606976,35.865599
928,32,128,32,128,67913,3,3.4816,30.547968,1,30.608383,4.560896,35.169279
929,32,2173,32,2173,67855,3,8.95488,-1,0,158.397446,10.038272,168.435718
930,32,2172,32,2172,67774,3,8.86784,-1,0,158.369797,9.938944,168.308741
931,32,4218,32,4218,67596,3,14.322688,-1,0,289.132538,15.396864,304.529402
932,32,2173,32,2173,67577,3,8.864768,-1,0,160.262146,9.94304,170.205186
933,32,128,32,128,67662,3,3.523584,31.031296,1,31.099903,4.61824,35.718143
934,32,2173,32,2173,67621,3,8.93952,-1,0,158.725113,10.046464,168.771577
935,32,128,32,128,67699,3,3.503104,31.019009,1,31.098881,4.610048,35.708929
936,32,128,32,128,67784,3,3.465216,30.646273,1,30.716928,4.558848,35.275776
937,32,128,32,128,67853,3,3.473408,30.409727,1,30.486528,4.57216,35.058688
938,32,128,32,128,67942,3,3.47648,30.42304,1,30.49472,4.575232,35.069952
939,32,128,32,128,68009,3,3.467264,30.304256,1,30.363647,4.585472,34.94912
940,32,4218,32,4218,67817,3,13.991936,-1,0,286.126068,15.07328,301.199348
941,32,128,32,128,67907,3,3.518464,31.101952,1,31.173632,4.621312,35.794944
942,32,2173,32,2173,67850,3,8.952832,-1,0,159.475708,10.031104,169.506812
943,32,128,32,128,67925,3,3.487744,31.178753,1,31.241217,4.58752,35.828737
944,32,2173,32,2173,67883,3,8.87296,-1,0,158.531586,9.950208,168.481793
945,32,128,32,128,67961,3,3.5072,31.072256,1,31.145985,4.622336,35.768321
946,32,4218,32,4218,67787,3,14.125056,-1,0,289.154053,15.207424,304.361477
947,32,128,32,128,67870,3,3.5072,31.244287,1,31.314943,4.594688,35.909631
948,32,2173,32,2173,67810,3,8.864768,-1,0,159.109116,9.972736,169.081852
949,32,128,32,128,67893,3,3.513344,31.050753,1,31.123455,4.610048,35.733503
950,32,4218,32,4218,67721,3,14.104576,-1,0,287.531006,15.178752,302.709758
951,32,128,32,128,67789,3,3.51232,31.201281,1,31.270912,4.611072,35.881984
952,32,128,32,128,67871,3,3.499008,30.747648,1,30.818304,4.594688,35.412992
953,32,4218,32,4218,67679,3,14.414848,-1,0,285.914124,15.486976,301.401099
954,32,128,32,128,67750,3,3.550208,31.737856,1,31.809536,4.640768,36.450304
955,32,128,32,128,67834,3,3.484672,30.81728,1,30.886911,4.579328,35.466239
956,32,2173,32,2173,67780,3,8.882176,-1,0,158.601212,9.96864,168.569852
957,32,128,32,128,67852,3,3.520512,31.085567,1,31.147009,4.615168,35.762177
958,32,2173,32,2173,67790,3,8.94976,-1,0,158.277634,10.032128,168.309762
959,32,2173,32,2173,67736,3,8.994816,-1,0,159.870972,10.067968,169.93894
960,32,2173,32,2173,67677,3,8.948736,-1,0,159.518723,10.028032,169.546755
961,32,2173,32,2173,67629,3,9.115648,-1,0,159.629318,10.210304,169.839622
962,32,4218,32,4218,67441,3,14.112768,-1,0,289.992706,15.182848,305.175554
963,32,128,32,128,67534,3,3.524608,31.301632,1,31.373312,4.612096,35.985408
964,32,128,32,128,67612,3,3.479552,30.578688,1,30.647297,4.560896,35.208193
965,32,2172,32,2172,67546,3,8.932352,-1,0,157.652985,10.007552,167.660537
966,32,4218,32,4218,67337,3,14.113792,-1,0,287.388672,15.174656,302.563328
967,32,2173,32,2173,67295,3,8.937472,-1,0,160.274429,10.002432,170.276861
968,32,128,32,128,67383,3,3.482624,31.133696,1,31.196159,4.568064,35.764224
969,32,2173,32,2173,67333,3,8.947712,-1,0,159.558655,10.015744,169.574399
970,32,128,32,128,67410,3,3.524608,31.246336,1,31.314943,4.610048,35.924991
971,32,128,32,128,67500,3,3.469312,30.736383,1,30.804993,4.547584,35.352577
972,32,128,32,128,67569,3,3.477504,30.391296,1,30.457855,4.56192,35.019775
973,32,128,32,128,67645,3,3.478528,30.44352,1,30.511105,4.56192,35.073025
974,32,128,32,128,67722,3,3.46112,30.294016,1,30.360577,4.535296,34.895873
975,32,6263,32,6263,67416,3,19.431423,-1,0,416.234497,20.498432,436.732929
976,32,128,32,128,67505,3,3.52256,31.337473,1,31.40608,4.610048,36.016128
977,32,128,32,128,67593,3,3.479552,30.598145,1,30.6688,4.55168,35.22048
978,32,128,32,128,67674,3,3.453952,30.322687,1,30.390272,4.538368,34.92864
979,32,2173,32,2173,67599,3,8.946688,-1,0,157.992966,10.017792,168.010757
980,32,2173,32,2173,67550,3,9.014272,-1,0,160.78746,10.084352,170.871812
981,32,128,32,128,67632,3,3.539968,31.266815,1,31.326208,4.62848,35.954688
982,32,128,32,128,67715,3,3.474432,30.61248,1,30.680063,4.559872,35.239935
983,32,128,32,128,67802,3,3.468288,30.302208,1,30.369793,4.550656,34.920449
984,32,2173,32,2173,67760,3,8.860672,-1,0,158.674942,9.9328,168.607742
985,32,2173,32,2173,67723,3,8.946688,-1,0,159.255554,10.010624,169.266178
986,32,2173,32,2173,67668,3,8.941568,-1,0,161.035263,10.0096,171.044863
987,32,128,32,128,67741,3,3.51232,31.137793,1,31.2064,4.591616,35.798016
988,32,128,32,128,67811,3,3.477504,30.710785,1,30.768127,4.552704,35.320831
989,32,4218,32,4218,67630,3,14.266368,-1,0,287.592438,15.330304,302.922742
990,32,128,32,128,67711,3,3.545088,31.578112,1,31.647743,4.634624,36.282367
991,32,128,32,128,67798,3,3.475456,30.768127,1,30.837761,4.563968,35.401729
992,32,128,32,128,67862,3,3.460096,30.27968,1,30.338049,4.53632,34.874369
993,32,2173,32,2173,67782,3,8.875008,-1,0,157.544449,9.939968,167.484417
994,32,128,32,128,67863,3,3.51744,31.070208,1,31.137793,4.594688,35.732481
995,32,4218,32,4218,67673,3,14.242816,-1,0,287.838196,15.302656,303.140852
996,32,128,32,128,67745,3,3.5328,31.152128,1,31.219711,4.61312,35.832831
997,32,128,32,128,67819,3,3.487744,30.471169,1,30.537727,4.570112,35.10784
998,32,128,32,128,67894,3,3.477504,30.401537,1,30.461952,4.553728,35.01568
999,32,128,32,128,67962,3,3.465216,30.257153,1,30.322687,4.538368,34.861055
1000,32,2173,32,2173,67914,3,9.023488,-1,0,157.558777,10.095616,167.654393
1001,32,6263,32,6263,67612,3,19.437569,-1,0,419.937286,20.500481,440.437767
1002,32,2173,32,2173,67578,3,8.951808,-1,0,158.82547,10.021888,168.847358
1003,32,128,32,128,67662,3,3.524608,31.367168,1,31.435776,4.610048,36.045824
1004,32,4218,32,4218,67479,3,14.123008,-1,0,287.376373,15.184896,302.56127
1005,32,128,32,128,67558,3,3.503104,31.228928,1,31.299583,4.58752,35.887104
1006,32,128,32,128,67638,3,3.487744,30.652416,1,30.723072,4.574208,35.29728
1007,32,2173,32,2173,67588,3,8.931328,-1,0,158.607361,9.990144,168.597505
1008,32,128,32,128,67679,3,3.516416,31.147009,1,31.217665,4.599808,35.817473
1009,32,128,32,128,67752,3,3.490816,30.679041,1,30.746624,4.57728,35.323904
1010,32,2173,32,2173,67697,3,8.94976,-1,0,158.729218,10.020864,168.750081
1011,32,2173,32,2173,67649,3,8.951808,-1,0,159.965179,10.021888,169.987067
1012,32,128,32,128,67729,3,3.513344,31.195135,1,31.26272,4.59776,35.86048
1013,32,4218,32,4218,67551,3,14.256128,-1,0,287.815674,15.325184,303.140858
1014,32,2173,32,2173,67496,3,8.98048,-1,0,159.674362,10.0608,169.735162
1015,32,128,32,128,67577,3,3.545088,31.333376,1,31.394815,4.629504,36.02432
1016,32,128,32,128,67656,3,3.474432,30.632959,1,30.700544,4.56192,35.262465
1017,32,128,32,128,67741,3,3.462144,30.321665,1,30.380032,4.54144,34.921472
1018,32,2172,32,2172,67692,3,8.935424,-1,0,158.12915,10.010624,168.139774
1019,32,2173,32,2173,67646,3,8.946688,-1,0,159.55661,10.016768,169.573379
1020,32,128,32,128,67732,3,3.52768,31.351809,1,31.424513,4.616192,36.040705
1021,32,2172,32,2172,67667,3,8.964096,-1,0,158.540802,10.059776,168.600578
1022,32,2173,32,2173,67593,3,8.95488,-1,0,159.915009,10.027008,169.942017
1023,32,128,32,128,67672,3,3.485696,31.136768,1,31.205376,4.570112,35.775488
1024,32,4218,32,4218,67491,3,14.065664,-1,0,288.765961,15.1296,303.89556
1025,32,2173,32,2173,67439,3,8.866816,-1,0,159.71431,9.934848,169.649158
1026,32,128,32,128,67514,3,3.506176,31.023104,1,31.09376,4.590592,35.684351
1027,32,128,32,128,67601,3,3.472384,30.662657,1,30.723072,4.55168,35.274752
1028,32,128,32,128,67675,3,3.477504,30.404608,1,30.466047,4.562944,35.028991
1029,32,128,32,128,67751,3,3.47648,30.450687,1,30.517248,4.5568,35.074048
1030,32,2173,32,2173,67719,3,8.950784,-1,0,158.906372,10.01984,168.926212
1031,32,2173,32,2173,67642,3,8.886272,-1,0,159.782913,9.954304,169.737217
1032,32,2173,32,2173,67591,3,8.953856,-1,0,159.451141,10.021888,169.473029
1033,32,2173,32,2173,67541,3,8.921088,-1,0,159.513596,9.991168,169.504764
1034,32,128,32,128,67623,3,3.510272,31.037439,1,31.108095,4.60288,35.710975
1035,32,2173,32,2173,67570,3,9.025536,-1,0,160.053253,10.093568,170.146821
1036,32,128,32,128,67645,3,3.514368,31.478785,1,31.54944,4.600832,36.150272
1037,32,2173,32,2173,67598,3,8.9344,-1,0,158.672897,10.001408,168.674305
1038,32,128,32,128,67675,3,3.515392,31.170561,1,31.233025,4.614144,35.847168
1039,32,2173,32,2173,67627,3,8.8832,-1,0,157.89978,9.946112,167.845892
1040,32,2173,32,2173,67571,3,8.941568,-1,0,159.497223,10.013696,169.510919
1041,32,128,32,128,67656,3,3.524608,31.32416,1,31.385599,4.610048,35.995647
1042,32,128,32,128,67737,3,3.483648,30.647297,1,30.717953,4.56192,35.279873
1043,32,2173,32,2173,67675,3,8.977408,-1,0,158.212097,10.04032,168.252418
1044,32,128,32,128,67755,3,3.509248,31.241217,1,31.3088,4.600832,35.909632
1045,32,128,32,128,67838,3,3.490816,30.570496,1,30.639105,4.571136,35.210241
1046,32,128,32,128,67914,3,3.465216,30.265345,1,30.32576,4.545536,34.871296
1047,32,128,32,128,67989,3,3.460096,30.202881,1,30.268415,4.542464,34.810879
1048,32,2173,32,2173,67944,3,9.03168,-1,0,158.703613,10.10688,168.810493
1049,32,2173,32,2173,67897,3,8.875008,-1,0,160.011261,9.945088,169.956349
1050,32,2173,32,2173,67842,3,8.950784,-1,0,159.318008,10.01984,169.337849
1051,32,128,32,128,67918,3,3.528704,31.207424,1,31.277056,4.612096,35.889152
1052,32,2173,32,2173,67870,3,8.865792,-1,0,159.057922,9.934848,168.99277
1053,32,4217,32,4217,67676,3,14.1056,-1,0,289.543182,15.168512,304.711695
1054,32,128,32,128,67752,3,3.534848,31.271936,1,31.331327,4.622336,35.953663
1055,32,4218,32,4218,67566,3,14.111744,-1,0,287.376373,15.167488,302.543861
1056,32,128,32,128,67638,3,3.531776,31.340544,1,31.408129,4.619264,36.027393
1057,32,2173,32,2173,67585,3,8.870912,-1,0,159.128571,9.939968,169.068539
1058,32,128,32,128,67659,3,3.508224,31.08864,1,31.156223,4.595712,35.751935
1059,32,2173,32,2173,67598,3,8.946688,-1,0,159.217667,10.013696,169.231362
1060,32,128,32,128,67674,3,3.493888,31.235071,1,31.298559,4.568064,35.866623
1061,32,2172,32,2172,67618,3,8.92928,-1,0,158.270462,9.997312,168.267774
1062,32,128,32,128,67708,3,3.51744,31.294464,1,31.355904,4.59776,35.953664
1063,32,128,32,128,67784,3,3.492864,30.763008,1,30.831615,4.580352,35.411967
1064,32,128,32,128,67847,3,3.462144,30.386175,1,30.45376,4.539392,34.993152
1065,32,2173,32,2173,67777,3,8.880128,-1,0,157.310974,9.946112,167.257086
1066,32,2173,32,2173,67736,3,8.938496,-1,0,159.677444,10.0096,169.687044
1067,32,4218,32,4218,67579,3,14.19776,-1,0,290.144257,15.258624,305.402881
1068,32,128,32,128,67649,3,3.515392,31.182848,1,31.25248,4.601856,35.854336
1069,32,128,32,128,67730,3,3.495936,30.735359,1,30.80192,4.57728,35.3792
1070,32,128,32,128,67799,3,3.477504,30.449663,1,30.517248,4.559872,35.07712
1071,32,2173,32,2173,67715,3,8.976384,-1,0,159.203323,10.044416,169.24774
1072,32,4217,32,4217,67538,3,13.980672,-1,0,286.726135,15.050752,301.776887
1073,32,2172,32,2172,67493,3,8.875008,-1,0,159.610886,9.949184,169.56007
1074,32,4218,32,4218,67312,3,14.242816,-1,0,289.79303,15.310848,305.103878
1075,32,128,32,128,67382,3,3.52256,31.348736,1,31.410175,4.606976,36.017151
1076,32,128,32,128,67470,3,3.489792,30.681087,1,30.748672,4.573184,35.321856
1077,32,2173,32,2173,67425,3,8.950784,-1,0,158.816254,10.015744,168.831998
1078,32,128,32,128,67507,3,3.50208,31.203327,1,31.271936,4.588544,35.86048
1079,32,4218,32,4218,67335,3,14.108672,-1,0,287.248383,15.168512,302.416895
1080,32,128,32,128,67405,3,3.526656,31.273985,1,31.343616,4.604928,35.948545
1081,32,2173,32,2173,67358,3,8.986624,-1,0,159.024124,10.051584,169.075708
1082,32,128,32,128,67432,3,3.523584,31.256577,1,31.322111,4.599808,35.921919
1083,32,128,32,128,67524,3,3.48672,30.758911,1,30.826496,4.569088,35.395584
1084,32,128,32,128,67597,3,3.462144,30.417919,1,30.478336,4.547584,35.02592
1085,32,4218,32,4218,67411,3,14.232576,-1,0,287.126526,15.292416,302.418941
1086,32,128,32,128,67489,3,3.509248,31.425535,1,31.494144,4.59264,36.086784
1087,32,128,32,128,67570,3,3.49696,30.785536,1,30.853121,4.585472,35.438593
1088,32,128,32,128,67643,3,3.479552,30.467072,1,30.534657,4.5568,35.091456
1089,32,2172,32,2172,67594,3,8.92928,-1,0,157.451263,9.997312,167.448575
1090,32,128,32,128,67669,3,3.528704,31.322111,1,31.388672,4.617216,36.005888
1091,32,128,32,128,67756,3,3.47136,30.49984,1,30.567425,4.562944,35.130369
1092,32,2172,32,2172,67713,3,8.930304,-1,0,158.023682,10.011648,168.03533
1093,32,128,32,128,67793,3,3.506176,31.187967,1,31.255552,4.583424,35.838976
1094,32,128,32,128,67872,3,3.469312,30.566401,1,30.635008,4.550656,35.185664
1095,32,128,32,128,67957,3,3.477504,30.413824,1,30.481407,4.552704,35.034111
1096,32,4217,32,4217,67773,3,14.108672,-1,0,286.091278,15.17056,301.261838
1097,32,128,32,128,67843,3,3.544064,31.587328,1,31.655935,4.6336,36.289536
1098,32,128,32,128,67915,3,3.478528,30.783487,1,30.854143,4.5568,35.410943
1099,32,128,32,128,68006,3,3.46112,30.344193,1,30.409727,4.534272,34.943999
1100,32,128,32,128,68093,3,3.46624,30.314495,1,30.381056,4.548608,34.929664
1101,32,128,32,128,68156,3,3.458048,30.327808,1,30.393345,4.540416,34.933761
1102,32,4217,32,4217,67947,3,14.112768,-1,0,286.852081,15.174656,302.026737
1103,32,128,32,128,68023,3,3.516416,31.285248,1,31.352833,4.604928,35.957761
1104,32,128,32,128,68087,3,3.483648,30.645248,1,30.713856,4.560896,35.274752
1105,32,2172,32,2172,68041,3,8.858624,-1,0,158.232574,9.928704,168.161279
1106,32,2173,32,2173,68003,3,8.946688,-1,0,159.194107,10.015744,169.209851
1107,32,4218,32,4218,67804,3,14.112768,-1,0,291.266571,15.17568,306.442251
1108,32,4218,32,4218,67619,3,14.113792,-1,0,288.891907,15.176704,304.068611
1109,32,128,32,128,67684,3,3.519488,31.285248,1,31.355904,4.606976,35.96288
1110,32,2173,32,2173,67628,3,8.940544,-1,0,159.197189,10.005504,169.202693
1111,32,4218,32,4218,67440,3,14.236672,-1,0,287.810547,15.309824,303.120371
1112,32,128,32,128,67522,3,3.53792,31.448065,1,31.518721,4.627456,36.146177
1113,32,128,32,128,67603,3,3.490816,30.737408,1,30.807039,4.569088,35.376127
1114,32,128,32,128,67677,3,3.473408,30.38208,1,30.451712,4.557824,35.009536
1115,32,128,32,128,67743,3,3.462144,30.280704,1,30.348288,4.535296,34.883584
1116,32,2173,32,2173,67707,3,8.945664,-1,0,159.269882,10.017792,169.287674
1117,32,128,32,128,67780,3,3.5072,31.145985,1,31.2064,4.58752,35.79392
1118,32,128,32,128,67853,3,3.494912,30.696447,1,30.765057,4.573184,35.338241
1119,32,128,32,128,67920,3,3.479552,30.511105,1,30.577663,4.552704,35.130367
1120,32,128,32,128,68003,3,3.48672,30.375937,1,30.44352,4.580352,35.023871
1121,32,128,32,128,68079,3,3.462144,30.285824,1,30.352385,4.542464,34.894848
1122,32,128,32,128,68152,3,3.47136,30.256128,1,30.323711,4.545536,34.869247
1123,32,6263,32,6263,67865,3,19.43552,-1,0,416.780273,20.493313,437.273586
1124,32,8192,32,8192,67303,3,24.122368,-1,0,531.729431,25.190399,556.91983
1125,32,240,32,240,67499,3,3.731456,35.561474,1,35.638271,4.810752,40.449023
1126,32,128,32,128,67583,3,3.506176,30.931969,1,30.99136,4.588544,35.579904
1127,32,4218,32,4218,67414,3,14.184448,-1,0,286.979065,15.253504,302.232569
1128,32,2173,32,2173,67368,3,8.946688,-1,0,160.131073,10.016768,170.147841
1129,32,128,32,128,67447,3,3.508224,31.177729,1,31.240192,4.591616,35.831809
1130,32,128,32,128,67512,3,3.49184,30.712831,1,30.780416,4.575232,35.355649
1131,32,2173,32,2173,67464,3,8.87296,-1,0,158.783493,9.939968,168.723461
1132,32,128,32,128,67544,3,3.52256,31.180799,1,31.242241,4.610048,35.852289
1133,32,2173,32,2173,67497,3,8.94464,-1,0,160.349182,10.013696,170.362878
1134,32,2173,32,2173,67435,3,8.877056,-1,0,158.886917,9.950208,168.837125
1135,32,128,32,128,67511,3,3.504128,31.156223,1,31.218687,4.593664,35.812351
1136,32,128,32,128,67591,3,3.483648,30.550016,1,30.619648,4.581376,35.201024
1137,32,128,32,128,67678,3,3.463168,30.339071,1,30.406656,4.544512,34.951168
1138,32,2172,32,2172,67606,3,8.853504,-1,0,158.099457,9.933824,168.03328
1139,32,128,32,128,67682,3,3.521536,31.149055,1,31.217665,4.606976,35.824641
1140,32,2172,32,2172,67636,3,8.931328,-1,0,158.62886,9.996288,168.625149
1141,32,2173,32,2173,67591,3,8.940544,-1,0,158.984192,10.005504,168.989696
1142,32,128,32,128,67679,3,3.529728,31.372288,1,31.443968,4.61312,36.057088
1143,32,128,32,128,67760,3,3.485696,30.780416,1,30.849024,4.57216,35.421184
1144,32,2173,32,2173,67692,3,8.95488,-1,0,158.845947,10.025984,168.871931
1145,32,2173,32,2173,67645,3,8.961024,-1,0,160.394241,10.043392,170.437634
1146,32,2173,32,2173,67594,3,8.982528,-1,0,159.790085,10.05056,169.840645
1147,32,128,32,128,67662,3,3.51744,31.207424,1,31.276031,4.598784,35.874815
1148,32,128,32,128,67740,3,3.479552,30.737408,1,30.806017,4.558848,35.364865
1149,32,128,32,128,67821,3,3.478528,30.432257,1,30.502913,4.557824,35.060737
1150,32,128,32,128,67904,3,3.475456,30.427135,1,30.495745,4.557824,35.053569
1151,32,4218,32,4218,67707,3,14.324736,-1,0,287.841278,15.39072,303.231998
1152,32,2173,32,2173,67662,3,8.991744,-1,0,159.833084,10.064896,169.89798
1153,32,128,32,128,67746,3,3.52768,31.370239,1,31.439873,4.61312,36.052993
1154,32,2173,32,2173,67702,3,8.87296,-1,0,158.544891,9.94304,168.487931
1155,32,128,32,128,67781,3,3.508224,31.072256,1,31.132671,4.59776,35.730432
1156,32,128,32,128,67865,3,3.48672,30.550016,1,30.611456,4.57728,35.188736
1157,32,2173,32,2173,67820,3,8.943616,-1,0,159.421432,10.008576,169.430009
1158,32,128,32,128,67896,3,3.514368,31.131647,1,31.201281,4.601856,35.803137
1159,32,128,32,128,67976,3,3.478528,30.576639,1,30.644224,4.560896,35.20512
1160,32,2173,32,2173,67910,3,8.984576,-1,0,158.67392,10.05568,168.7296
1161,32,128,32,128,67993,3,3.51744,31.19104,1,31.251455,4.604928,35.856383
1162,32,2173,32,2173,67936,3,8.984576,-1,0,159.278076,10.05056,169.328636
1163,32,2173,32,2173,67882,3,8.984576,-1,0,159.812607,10.05056,169.863167
1164,32,4217,32,4217,67659,3,14.249984,-1,0,288.150543,15.332352,303.482895
1165,32,2173,32,2173,67606,3,8.901632,-1,0,160.30925,9.965568,170.274817
1166,32,2173,32,2173,67574,3,8.94976,-1,0,160.658432,10.027008,170.68544
1167,32,128,32,128,67645,3,3.509248,31.19104,1,31.261696,4.600832,35.862528
1168,32,128,32,128,67735,3,3.490816,30.700544,1,30.767103,4.580352,35.347455
1169,32,2172,32,2172,67688,3,8.921088,-1,0,157.991943,9.986048,167.977991
1170,32,2157,32,2157,67648,3,8.936448,-1,0,158.620667,10.012672,168.633339
1171,32,128,32,128,67719,3,3.484672,31.141888,1,31.211519,4.56704,35.778559
1172,32,128,32,128,67803,3,3.477504,30.504959,1,30.572544,4.557824,35.130368
1173,32,2173,32,2173,67742,3,8.95488,-1,0,158.375931,10.028032,168.403963
1174,32,128,32,128,67817,3,3.519488,31.259647,1,31.321089,4.605952,35.927041
1175,32,2173,32,2173,67770,3,8.942592,-1,0,158.991364,10.010624,169.001987
1176,32,2173,32,2173,67709,3,8.976384,-1,0,162.180099,10.047488,172.227588
1177,32,128,32,128,67784,3,3.525632,31.423489,1,31.492096,4.614144,36.10624
1178,32,128,32,128,67847,3,3.47136,30.723072,1,30.791679,4.553728,35.345407
1179,32,2173,32,2173,67787,3,8.879104,-1,0,158.682114,9.947136,168.62925
1180,32,4218,32,4218,67597,3,14.12096,-1,0,288.534515,15.182848,303.717363
1181,32,2173,32,2173,67527,3,8.868864,-1,0,159.518723,9.933824,169.452546
1182,32,128,32,128,67613,3,3.519488,31.154177,1,31.222784,4.601856,35.82464
1183,32,8192,32,8192,67046,3,24.351744,-1,0,528.388123,25.41568,553.803802
1184,32,2283,32,2283,67108,3,9.080832,-1,0,164.94899,10.149888,175.098878
1185,32,128,32,128,67198,3,3.518464,31.21664,1,31.285248,4.615168,35.900416
1186,32,128,32,128,67277,3,3.47136,30.473215,1,30.538752,4.5568,35.095551
1187,32,128,32,128,67352,3,3.454976,30.173183,1,30.239744,4.545536,34.78528
1188,32,128,32,128,67423,3,3.46112,30.142464,1,30.200832,4.543488,34.74432
1189,32,128,32,128,67498,3,3.462144,30.141439,1,30.209024,4.547584,34.756608
1190,32,128,32,128,67580,3,3.467264,30.174208,1,30.240768,4.547584,34.788352
1191,32,2173,32,2173,67530,3,8.937472,-1,0,157.801468,10.006528,167.807996
1192,32,128,32,128,67612,3,3.520512,31.315968,1,31.383553,4.611072,35.994625
1193,32,2172,32,2172,67565,3,8.930304,-1,0,159.031296,9.99936,169.030656
1194,32,128,32,128,67664,3,3.529728,31.234049,1,31.294464,4.622336,35.9168
1195,32,128,32,128,67745,3,3.473408,30.567425,1,30.635008,4.55168,35.186688
1196,32,128,32,128,67827,3,3.454976,30.227455,1,30.296064,4.534272,34.830337
1197,32,128,32,128,67902,3,3.458048,30.220287,1,30.285824,4.540416,34.82624
1198,32,2173,32,2173,67841,3,8.866816,-1,0,158.235641,9.933824,168.169465
1199,32,2172,32,2172,67793,3,9.00608,-1,0,160.980988,10.079232,171.06022
1200,32,2173,32,2173,67747,3,8.95488,-1,0,159.395844,10.02496,169.420803
1201,32,128,32,128,67831,3,3.51232,31.254528,1,31.323135,4.590592,35.913727
1202,32,2173,32,2173,67781,3,8.880128,-1,0,158.815231,9.940992,168.756224
1203,32,4218,32,4218,67601,3,14.117888,-1,0,290.099213,15.187968,305.287181
1204,32,2173,32,2173,67564,3,8.879104,-1,0,158.778366,9.942016,168.720382
1205,32,128,32,128,67641,3,3.508224,31.116287,1,31.184896,4.5824,35.767296
1206,32,2173,32,2173,67575,3,8.943616,-1,0,159.863815,10.008576,169.872392
1207,32,128,32,128,67660,3,3.515392,31.209473,1,31.279104,4.620288,35.899392
1208,32,128,32,128,67735,3,3.47648,30.445568,1,30.513151,4.558848,35.071999
1209,32,128,32,128,67825,3,3.454976,30.285824,1,30.345217,4.532224,34.877441
1210,32,4218,32,4218,67658,3,14.276608,-1,0,287.646729,15.36512,303.011848
1211,32,128,32,128,67727,3,3.534848,31.369217,1,31.438848,4.637696,36.076544
1212,32,128,32,128,67807,3,3.477504,30.569471,1,30.640127,4.583424,35.223551
1213,32,128,32,128,67882,3,3.473408,30.365696,1,30.431232,4.570112,35.001345
1214,32,2173,32,2173,67834,3,8.947712,-1,0,158.537735,10.029056,168.566791
1215,32,128,32,128,67931,3,3.513344,31.32416,1,31.398912,4.604928,36.00384
1216,32,4217,32,4217,67742,3,14.280704,-1,0,287.919098,15.367168,303.286266
1217,32,2173,32,2173,67682,3,8.955904,-1,0,160.117767,10.042368,170.160135
1218,32,128,32,128,67760,3,3.52768,31.32416,1,31.398912,4.608,36.006912
1219,32,2173,32,2173,67706,3,8.972288,-1,0,159.453186,10.048512,169.501698
1220,32,128,32,128,67789,3,3.51744,31.315968,1,31.391745,4.608,35.999744
1221,32,2173,32,2173,67726,3,8.962048,-1,0,158.893051,10.054656,168.947707
1222,32,128,32,128,67806,3,3.513344,31.267839,1,31.347712,4.598784,35.946496
1223,32,128,32,128,67876,3,3.494912,30.524416,1,30.596096,4.588544,35.18464
1224,32,128,32,128,67957,3,3.468288,30.285824,1,30.362623,4.559872,34.922495
1225,32,128,32,128,68034,3,3.47136,30.281729,1,30.344193,4.555776,34.899969
1226,32,128,32,128,68114,3,3.477504,30.3104,1,30.381056,4.560896,34.941952
1227,32,128,32,128,68190,3,3.464192,30.309376,1,30.390272,4.569088,34.95936
1228,32,128,32,128,68266,3,3.479552,30.321665,1,30.391296,4.568064,34.959361
1229,32,2173,32,2173,68217,3,8.96512,-1,0,158.702591,10.061824,168.764415
1230,32,6263,32,6263,67907,3,19.461121,-1,0,418.451447,20.529152,438.980598
1231,32,2173,32,2173,67867,3,9.0368,-1,0,160.683014,10.124288,170.807302
1232,32,4218,32,4218,67677,3,14.137344,-1,0,289.630219,15.236096,304.866315
1233,32,6263,32,6263,67357,3,19.497984,-1,0,419.332092,20.583424,439.915516
1234,32,128,32,128,67431,3,3.518464,31.3344,1,31.423489,4.617216,36.040705
1235,32,4218,32,4218,67257,3,14.125056,-1,0,286.422028,15.203328,301.625356
1236,32,128,32,128,67323,3,3.528704,31.431681,1,31.525888,4.636672,36.16256
1237,32,128,32,128,67401,3,3.503104,30.713856,1,30.800896,4.604928,35.405824
1238,32,128,32,128,67483,3,3.516416,30.49984,1,30.578688,4.65408,35.232768
1239,32,128,32,128,67565,3,3.477504,30.446592,1,30.52544,4.573184,35.098624
1240,32,128,32,128,67636,3,3.528704,30.408705,1,30.490623,4.6336,35.124224
1241,32,128,32,128,67708,3,3.5072,30.425089,1,30.500864,4.661248,35.162112
1242,32,2173,32,2173,67636,3,8.905728,-1,0,158.439423,10.056704,168.496126
1243,32,4217,32,4217,67435,3,14.198784,-1,0,287.787018,15.346688,303.133706
1244,32,128,32,128,67523,3,3.55328,31.300608,1,31.388672,4.657152,36.045824
1245,32,128,32,128,67603,3,3.500032,30.693377,1,30.787584,4.600832,35.388416
1246,32,128,32,128,67677,3,3.49184,30.434303,1,30.5152,4.593664,35.108864
1247,32,2173,32,2173,67631,3,8.956928,-1,0,159.081467,10.046464,169.127931
1248,32,128,32,128,67699,3,3.5328,31.400961,1,31.475712,4.629504,36.105216
1249,32,128,32,128,67771,3,3.504128,30.713856,1,30.787584,4.606976,35.39456
1250,32,2173,32,2173,67729,3,8.952832,-1,0,159.345657,10.042368,169.388025
1251,32,4218,32,4218,67551,3,14.257152,-1,0,288.322571,15.347712,303.670282
1252,32,2173,32,2173,67510,3,8.96,-1,0,161.229828,10.044416,171.274244
1253,32,2173,32,2173,67465,3,8.86784,-1,0,159.623169,9.947136,169.570305
1254,32,128,32,128,67546,3,3.514368,31.060991,1,31.143936,4.603904,35.74784
1255,32,2172,32,2172,67492,3,8.961024,-1,0,159.598587,10.032128,169.630715
1256,32,128,32,128,67572,3,3.518464,31.299583,1,31.367168,4.608,35.975168
1257,32,128,32,128,67646,3,3.488768,30.638081,1,30.708736,4.583424,35.292161
1258,32,4218,32,4218,67457,3,14.11584,-1,0,286.568451,15.193088,301.761539
1259,32,128,32,128,67536,3,3.518464,31.284224,1,31.357952,4.616192,35.974144
1260,32,2172,32,2172,67487,3,8.94464,-1,0,157.582336,10.028032,167.610369
1261,32,128,32,128,67567,3,3.526656,31.386623,1,31.447041,4.620288,36.067328
1262,32,128,32,128,67648,3,3.497984,30.821377,1,30.88896,4.59264,35.4816
1263,32,128,32,128,67719,3,3.479552,30.497791,1,30.565376,4.581376,35.146752
1264,32,128,32,128,67800,3,3.475456,30.272512,1,30.330879,4.558848,34.889727
1265,32,2173,32,2173,67758,3,8.942592,-1,0,158.118912,10.00448,168.123392
1266,32,4218,32,4218,67579,3,14.124032,-1,0,288.524292,15.181824,303.706116
1267,32,2173,32,2173,67526,3,8.936448,-1,0,159.955963,10.000384,169.956347
1268,32,2173,32,2173,67477,3,9.024512,-1,0,159.71225,10.100736,169.812985
1269,32,128,32,128,67560,3,3.526656,31.571968,1,31.640575,4.605952,36.246527
1270,32,128,32,128,67637,3,3.493888,30.84288,1,30.905344,4.581376,35.48672
1271,32,2173,32,2173,67565,3,8.948736,-1,0,158.355453,10.01984,168.375294
1272,32,128,32,128,67649,3,3.524608,31.212543,1,31.282175,4.608,35.890175
1273,32,128,32,128,67734,3,3.497984,30.844929,1,30.905344,4.576256,35.4816
1274,32,128,32,128,67804,3,3.467264,30.481407,1,30.548992,4.544512,35.093504
1275,32,128,32,128,67889,3,3.47136,30.2848,1,30.349312,4.545536,34.894848
1276,32,128,32,128,67965,3,3.459072,30.225409,1,30.291967,4.530176,34.822144
1277,32,128,32,128,68049,3,3.462144,30.221312,1,30.285824,4.543488,34.829312
1278,32,4218,32,4218,67875,3,14.255104,-1,0,285.808655,15.318016,301.126671
1279,32,2173,32,2173,67812,3,9.04192,-1,0,160.582657,10.112,170.694657
1280,32,128,32,128,67895,3,3.560448,31.550465,1,31.618048,4.653056,36.271104
1281,32,6262,32,6262,67606,3,19.581951,-1,0,419.940338,20.641792,440.58213
1282,32,4218,32,4218,67435,3,14.113792,-1,0,288.522247,15.177728,303.699975
1283,32,128,32,128,67517,3,3.516416,31.257601,1,31.316992,4.596736,35.913728
1284,32,2173,32,2173,67462,3,8.93952,-1,0,159.13063,10.001408,169.132038
1285,32,2173,32,2173,67419,3,8.973312,-1,0,159.972351,10.041344,170.013695
1286,32,128,32,128,67504,3,3.520512,31.367168,1,31.437824,4.604928,36.042752
1287,32,2173,32,2173,67439,3,8.956928,-1,0,158.11174,10.020864,168.132604
1288,32,2173,32,2173,67389,3,9.043968,-1,0,160.198654,10.116096,170.31475
1289,32,2173,32,2173,67332,3,9.033728,-1,0,159.857666,10.103808,169.961474
1290,32,128,32,128,67416,3,3.549184,31.480831,1,31.550465,4.634624,36.185089
1291,32,128,32,128,67498,3,3.478528,30.670849,1,30.731264,4.557824,35.289088
1292,32,128,32,128,67570,3,3.468288,30.294016,1,30.361601,4.550656,34.912257
1293,32,128,32,128,67647,3,3.467264,30.244864,1,30.303232,4.548608,34.85184
1294,32,128,32,128,67725,3,3.460096,30.291967,1,30.35136,4.537344,34.888704
1295,32,2173,32,2173,67682,3,8.87808,-1,0,158.510086,9.945088,168.455174
1296,32,2172,32,2172,67622,3,8.937472,-1,0,158.734329,10.00448,168.73881
1297,32,128,32,128,67708,3,3.506176,31.253504,1,31.321089,4.590592,35.911681
1298,32,128,32,128,67785,3,3.493888,30.675968,1,30.7456,4.5824,35.328
1299,32,128,32,128,67850,3,3.478528,30.385153,1,30.450687,4.56192,35.012608
1300,32,2173,32,2173,67789,3,8.94976,-1,0,158.9207,10.017792,168.938492
1301,32,128,32,128,67871,3,3.503104,31.132671,1,31.192064,4.588544,35.780608
1302,32,2173,32,2173,67813,3,9.032704,-1,0,159.459335,10.100736,169.560071
1303,32,4218,32,4218,67639,3,14.119936,-1,0,287.637512,15.179776,302.817288
1304,32,128,32,128,67710,3,3.511296,31.213568,1,31.282175,4.594688,35.876863
1305,32,128,32,128,67792,3,3.479552,30.727167,1,30.794752,4.558848,35.3536
1306,32,2173,32,2173,67734,3,8.946688,-1,0,159.389694,10.011648,169.401342
1307,32,128,32,128,67813,3,3.510272,31.240192,1,31.3088,4.588544,35.897344
1308,32,128,32,128,67899,3,3.473408,30.551041,1,30.609407,4.550656,35.160063
1309,32,128,32,128,67969,3,3.459072,30.242817,1,30.308352,4.529152,34.837503
1310,32,2173,32,2173,67911,3,8.945664,-1,0,158.142471,10.015744,168.158216
1311,32,128,32,128,67981,3,3.500032,31.197184,1,31.264769,4.585472,35.850241
1312,32,2172,32,2172,67946,3,8.928256,-1,0,158.530563,10.008576,168.53914
1313,32,4218,32,4218,67773,3,14.257152,-1,0,289.484802,15.318016,304.802818
1314,32,2173,32,2173,67697,3,9.02656,-1,0,160.627716,10.09664,170.724356
1315,32,2173,32,2173,67653,3,8.86784,-1,0,160.605179,9.936896,170.542075
1316,32,2173,32,2173,67595,3,8.876032,-1,0,159.536133,9.94816,169.484293
1317,32,128,32,128,67685,3,3.518464,31.102976,1,31.172607,4.609024,35.781631
1318,32,2172,32,2172,67634,3,8.9344,-1,0,159.115265,10.001408,169.116673
1319,32,2173,32,2173,67591,3,8.938496,-1,0,159.929337,10.005504,169.93484
1320,32,4218,32,4218,67422,3,14.258176,-1,0,289.353729,15.322112,304.675841
1321,32,128,32,128,67498,3,3.529728,31.469568,1,31.537151,4.611072,36.148223
1322,32,128,32,128,67569,3,3.479552,30.583809,1,30.651392,4.56192,35.213312
1323,32,128,32,128,67645,3,3.467264,30.249985,1,30.318592,4.542464,34.861056
1324,32,128,32,128,67715,3,3.460096,30.216192,1,30.282751,4.533248,34.815999
1325,32,2173,32,2173,67648,3,8.942592,-1,0,158.306305,10.008576,168.314881
1326,32,128,32,128,67723,3,3.50208,31.158272,1,31.228928,4.583424,35.812352
1327,32,128,32,128,67796,3,3.48672,30.51008,1,30.576639,4.557824,35.134463
1328,32,128,32,128,67877,3,3.4816,30.430208,1,30.498816,4.558848,35.057663
1329,32,2173,32,2173,67822,3,8.950784,-1,0,158.954498,10.015744,168.970243
1330,32,2173,32,2173,67755,3,8.87808,-1,0,159.473663,9.947136,169.420799
1331,32,128,32,128,67827,3,3.497984,31.089664,1,31.159296,4.575232,35.734528
1332,32,2173,32,2173,67778,3,9.02144,-1,0,159.330307,10.094592,169.424899
1333,32,4218,32,4218,67594,3,14.25408,-1,0,290.256897,15.315968,305.572865
1334,32,128,32,128,67669,3,3.506176,31.270912,1,31.341568,4.591616,35.933184
1335,32,4218,32,4218,67502,3,14.186496,-1,0,287.663116,15.253504,302.91662
1336,32,128,32,128,67574,3,3.519488,31.321089,1,31.382528,4.601856,35.984385
1337,32,2173,32,2173,67515,3,8.945664,-1,0,158.22438,10.01472,168.2391
1338,32,128,32,128,67606,3,3.505152,31.121408,1,31.19104,4.590592,35.781632
1339,32,2173,32,2173,67539,3,8.951808,-1,0,158.341125,10.01472,168.355845
1340,32,6263,32,6263,67235,3,19.635201,-1,0,418.554871,20.704256,439.259127
1341,32,128,32,128,67314,3,3.503104,31.377407,1,31.4368,4.60288,36.03968
1342,32,128,32,128,67411,3,3.490816,30.688255,1,30.753792,4.5824,35.336192
1343,32,2173,32,2173,67372,3,8.936448,-1,0,158.725113,10.003456,168.728569
1344,32,128,32,128,67460,3,3.495936,31.147009,1,31.215616,4.575232,35.790848
1345,32,128,32,128,67543,3,3.479552,30.474239,1,30.541824,4.554752,35.096576
1346,32,2173,32,2173,67503,3,8.869888,-1,0,158.334976,9.934848,168.269824
1347,32,4218,32,4218,67324,3,14.263296,-1,0,288.601074,15.337472,303.938546
1348,32,128,32,128,67411,3,3.534848,31.453184,1,31.515648,4.624384,36.140032
1349,32,128,32,128,67487,3,3.487744,30.76096,1,30.826496,4.569088,35.395584
1350,32,128,32,128,67571,3,3.482624,30.493696,1,30.554111,4.57216,35.126271
1351,32,128,32,128,67641,3,3.468288,30.352385,1,30.411776,4.548608,34.960383
1352,32,2173,32,2173,67575,3,8.875008,-1,0,157.609985,9.944064,167.554049
1353,32,128,32,128,67650,3,3.494912,31.113216,1,31.181824,4.576256,35.75808
1354,32,4202,32,4202,67471,3,14.12096,-1,0,287.124481,15.188992,302.313473
1355,32,128,32,128,67551,3,3.509248,31.183872,1,31.245312,4.605952,35.851264
1356,32,128,32,128,67620,3,3.479552,30.491648,1,30.562304,4.566016,35.12832
1357,32,128,32,128,67684,3,3.4816,30.394367,1,30.454784,4.566016,35.020801
1358,32,128,32,128,67762,3,3.465216,30.251007,1,30.319616,4.552704,34.87232
1359,32,2173,32,2173,67723,3,8.942592,-1,0,158.243835,10.007552,168.251388
1360,32,2172,32,2172,67661,3,8.933376,-1,0,160.529404,10.012672,170.542076
1361,32,128,32,128,67736,3,3.526656,31.254528,1,31.315968,4.615168,35.931136
1362,32,128,32,128,67821,3,3.474432,30.606337,1,30.674944,4.555776,35.23072
1363,32,2173,32,2173,67770,3,8.952832,-1,0,158.374908,10.03008,168.404988
1364,32,128,32,128,67857,3,3.538944,31.316992,1,31.385599,4.652032,36.037631
1365,32,128,32,128,67934,3,3.483648,30.524416,1,30.594048,4.56704,35.161088
1366,32,128,32,128,67997,3,3.467264,30.299135,1,30.357504,4.552704,34.910208
1367,32,128,32,128,68076,3,3.46624,30.235647,1,30.304256,4.555776,34.860033
1368,32,128,32,128,68161,3,3.463168,30.289921,1,30.347263,4.554752,34.902015
1369,32,2172,32,2172,68098,3,8.941568,-1,0,159.203323,10.013696,169.217019
1370,32,4218,32,4218,67902,3,14.116864,-1,0,287.520782,15.183872,302.704655
1371,32,128,32,128,67986,3,3.521536,31.304705,1,31.372288,4.621312,35.9936
1372,32,2173,32,2173,67937,3,8.940544,-1,0,159.357956,10.0096,169.367556
1373,32,2173,32,2173,67875,3,9.030656,-1,0,161.095673,10.102784,171.198457
1374,32,2173,32,2173,67830,3,8.947712,-1,0,159.796219,10.01984,169.816059
1375,32,128,32,128,67913,3,3.51744,31.292416,1,31.352833,4.606976,35.959809
1376,32,128,32,128,67992,3,3.47136,30.642176,1,30.711807,4.547584,35.259391
1377,32,4217,32,4217,67800,3,14.247936,-1,0,286.363647,15.315968,301.679615
1378,32,128,32,128,67871,3,3.520512,31.56992,1,31.640575,4.611072,36.251647
1379,32,4218,32,4218,67668,3,14.121984,-1,0,287.57605,15.183872,302.759922
1380,32,2173,32,2173,67611,3,8.952832,-1,0,160.370682,10.020864,170.391545
1381,32,128,32,128,67692,3,3.530752,31.342592,1,31.4112,4.61824,36.029439
1382,32,2173,32,2173,67638,3,8.93952,-1,0,158.978043,10.0096,168.987642
1383,32,128,32,128,67722,3,3.531776,31.298559,1,31.367168,4.624384,35.991552
1384,32,2173,32,2173,67674,3,8.99072,-1,0,158.605316,10.063872,168.669188
1385,32,128,32,128,67765,3,3.528704,31.298559,1,31.368193,4.612096,35.980289
1386,32,4218,32,4218,67592,3,14.266368,-1,0,286.616577,15.330304,301.946881
1387,32,2173,32,2173,67546,3,9.023488,-1,0,160.543747,10.100736,170.644483
1388,32,128,32,128,67634,3,3.508224,31.484928,1,31.545343,4.593664,36.139008
1389,32,2173,32,2173,67577,3,8.946688,-1,0,159.983612,10.011648,169.99526
1390,32,2173,32,2173,67526,3,8.884224,-1,0,159.86586,9.956352,169.822212
1391,32,2173,32,2173,67471,3,8.98048,-1,0,159.670273,10.046464,169.716737
1392,32,128,32,128,67558,3,3.506176,31.297537,1,31.358976,4.590592,35.949568
1393,32,128,32,128,67623,3,3.492864,30.700544,1,30.769152,4.568064,35.337216
1394,32,128,32,128,67683,3,3.475456,30.430208,1,30.489599,4.555776,35.045375
1395,32,128,32,128,67745,3,3.472384,30.302208,1,30.362623,4.55168,34.914303
1396,32,4217,32,4217,67541,3,14.108672,-1,0,286.511108,15.173632,301.68474
1397,32,2173,32,2173,67496,3,8.955904,-1,0,160.374786,10.023936,170.398723
1398,32,128,32,128,67574,3,3.508224,31.212543,1,31.271936,4.588544,35.86048
1399,32,2173,32,2173,67523,3,8.936448,-1,0,158.967804,10.002432,168.970236
1400,32,128,32,128,67590,3,3.505152,31.152128,1,31.220736,4.593664,35.8144
1401,32,128,32,128,67660,3,3.473408,30.533632,1,30.601215,4.543488,35.144703
1402,32,2173,32,2173,67610,3,8.955904,-1,0,159.703033,10.02496,169.727993
1403,32,6262,32,6262,67297,3,19.418112,-1,0,417.835022,20.485121,438.320143
1404,32,128,32,128,67394,3,3.508224,31.243263,1,31.311872,4.595712,35.907585
1405,32,4218,32,4218,67233,3,14.297088,-1,0,287.994873,15.356928,303.351801
1406,32,128,32,128,67305,3,3.5072,31.407104,1,31.476736,4.591616,36.068352
1407,32,128,32,128,67386,3,3.490816,30.717953,1,30.787584,4.568064,35.355649
1408,32,128,32,128,67463,3,3.475456,30.419968,1,30.486528,4.553728,35.040257
1409,32,128,32,128,67548,3,3.468288,30.224384,1,30.297089,4.548608,34.845696
1410,32,128,32,128,67639,3,3.464192,30.196735,1,30.263296,4.535296,34.798592
1411,32,128,32,128,67722,3,3.456,30.216192,1,30.275583,4.53632,34.811903
1412,32,2173,32,2173,67673,3,8.952832,-1,0,159.063034,10.022912,169.085946
1413,32,128,32,128,67751,3,3.528704,31.230976,1,31.292416,4.62336,35.915776
1414,32,128,32,128,67830,3,3.499008,30.723072,1,30.791679,4.579328,35.371007
1415,32,128,32,128,67924,3,3.463168,30.445568,1,30.514175,4.532224,35.0464
1416,32,2173,32,2173,67870,3,8.940544,-1,0,159.467514,10.0096,169.477114
1417,32,2173,32,2173,67810,3,8.956928,-1,0,159.695877,10.028032,169.723909
1418,32,128,32,128,67892,3,3.528704,31.260672,1,31.331327,4.609024,35.940351
1419,32,128,32,128,67975,3,3.506176,30.743551,1,30.813185,4.58752,35.400705
1420,32,128,32,128,68048,3,3.475456,30.419968,1,30.486528,4.573184,35.059712
1421,32,128,32,128,68111,3,3.469312,30.236671,1,30.29504,4.542464,34.837504
1422,32,128,32,128,68192,3,3.454976,30.226433,1,30.292992,4.533248,34.82624
1423,32,6263,32,6263,67872,3,19.483648,-1,0,417.963013,20.550655,438.513668
1424,32,2173,32,2173,67828,3,8.946688,-1,0,159.773697,10.015744,169.789441
1425,32,2173,32,2173,67789,3,9.03168,-1,0,159.433731,10.102784,169.536515
1426,32,2173,32,2173,67731,3,8.978432,-1,0,161.070084,10.044416,171.1145
1427,32,128,32,128,67801,3,3.526656,31.316992,1,31.37536,4.609024,35.984385
1428,32,4218,32,4218,67623,3,14.175232,-1,0,287.147003,15.238144,302.385147
1429,32,4218,32,4218,67461,3,14.255104,-1,0,289.533966,15.316992,304.850958
1430,32,2173,32,2173,67406,3,8.871936,-1,0,159.949829,9.940992,169.890821
1431,32,128,32,128,67505,3,3.510272,31.136768,1,31.200256,4.59776,35.798017
1432,32,2173,32,2173,67448,3,8.937472,-1,0,159.819778,10.003456,169.823235
1433,32,128,32,128,67522,3,3.5072,31.102976,1,31.173632,4.59264,35.766272
1434,32,128,32,128,67596,3,3.489792,30.682112,1,30.749697,4.570112,35.319809
1435,32,128,32,128,67660,3,3.480576,30.466047,1,30.535681,4.555776,35.091457
1436,32,128,32,128,67733,3,3.463168,30.343168,1,30.409727,4.537344,34.947071
1437,32,2173,32,2173,67680,3,8.947712,-1,0,157.69191,10.017792,167.709702
1438,32,2173,32,2173,67622,3,8.940544,-1,0,159.224838,10.011648,169.236486
1439,32,2173,32,2173,67586,3,8.947712,-1,0,160.367615,10.013696,170.38131
1440,32,2172,32,2172,67531,3,8.936448,-1,0,160.058365,10.00448,170.062845
1441,32,2172,32,2172,67478,3,9.022464,-1,0,160.55603,10.095616,170.651647
1442,32,128,32,128,67561,3,3.510272,31.524864,1,31.594496,4.595712,36.190208
1443,32,2173,32,2173,67510,3,8.864768,-1,0,159.444992,9.929728,169.37472
1444,32,128,32,128,67576,3,3.501056,30.974976,1,31.043585,4.581376,35.624961
1445,32,128,32,128,67654,3,3.470336,30.707712,1,30.768127,4.548608,35.316735
1446,32,4218,32,4218,67481,3,14.125056,-1,0,286.027771,15.187968,301.215739
1447,32,128,32,128,67567,3,3.528704,31.254528,1,31.325184,4.611072,35.936256
1448,32,2173,32,2173,67521,3,8.945664,-1,0,158.470139,10.013696,168.483834
1449,32,128,32,128,67598,3,3.533824,31.239168,1,31.301632,4.620288,35.92192
1450,32,2173,32,2173,67549,3,9.029632,-1,0,159.615997,10.095616,169.711614
1451,32,4218,32,4218,67349,3,14.118912,-1,0,289.824768,15.181824,305.006592
1452,32,128,32,128,67437,3,3.520512,31.357952,1,31.420416,4.604928,36.025344
1453,32,128,32,128,67522,3,3.490816,30.818304,1,30.886911,4.568064,35.454976
1454,32,2173,32,2173,67459,3,8.899584,-1,0,158.752762,9.971712,168.724474
1455,32,128,32,128,67549,3,3.508224,31.194113,1,31.261696,4.58752,35.849216
1456,32,2173,32,2173,67492,3,8.940544,-1,0,158.178299,10.013696,168.191995
1457,32,2172,32,2172,67449,3,8.945664,-1,0,159.520767,10.017792,169.538559
1458,32,128,32,128,67533,3,3.504128,31.098881,1,31.168512,4.588544,35.757056
1459,32,2173,32,2173,67478,3,8.946688,-1,0,158.492676,10.031104,168.52378
1460,32,128,32,128,67547,3,3.520512,31.259647,1,31.329281,4.605952,35.935233
1461,32,128,32,128,67628,3,3.4816,30.593023,1,30.660608,4.557824,35.218432
1462,32,128,32,128,67704,3,3.459072,30.260223,1,30.327808,4.537344,34.865152
1463,32,128,32,128,67789,3,3.453952,30.183424,1,30.251007,4.532224,34.783231
1464,32,128,32,128,67865,3,3.453952,30.26432,1,30.330879,4.528128,34.859007
1465,32,2172,32,2172,67813,3,9.015296,-1,0,158.330887,10.0864,168.417287
1466,32,128,32,128,67892,3,3.547136,31.495169,1,31.565825,4.625408,36.191233
1467,32,128,32,128,67977,3,3.479552,30.719999,1,30.788609,4.557824,35.346433
1468,32,2173,32,2173,67921,3,8.953856,-1,0,158.821381,10.021888,168.843268
1469,32,128,32,128,68003,3,3.530752,31.37536,1,31.443968,4.610048,36.054016
1470,32,2173,32,2173,67956,3,8.94464,-1,0,158.518265,10.008576,168.526841
1471,32,2173,32,2173,67892,3,9.027584,-1,0,159.772675,10.103808,169.876483
1472,32,128,32,128,67958,3,3.511296,31.30368,1,31.373312,4.594688,35.968
1473,32,128,32,128,68046,3,3.489792,30.750719,1,30.818304,4.574208,35.392512
1474,32,4218,32,4218,67864,3,14.268416,-1,0,287.894531,15.342592,303.237123
1475,32,2172,32,2172,67810,3,9.015296,-1,0,160.162811,10.08128,170.244091
1476,32,2173,32,2173,67769,3,8.982528,-1,0,160.751617,10.05056,170.802177
1477,32,4218,32,4218,67596,3,14.252032,-1,0,288.403442,15.316992,303.720434
1478,32,128,32,128,67667,3,3.51744,31.31904,1,31.386623,4.609024,35.995647
1479,32,2173,32,2173,67620,3,8.911872,-1,0,159.01799,9.970688,168.988678
1480,32,128,32,128,67698,3,3.5072,31.0784,1,31.147009,4.59264,35.739649
1481,32,2173,32,2173,67640,3,8.97536,-1,0,158.841858,10.037248,168.879106
1482,32,128,32,128,67716,3,3.516416,31.290367,1,31.358976,4.601856,35.960833
1483,32,128,32,128,67801,3,3.501056,30.820353,1,30.88896,4.5824,35.47136
1484,32,2173,32,2173,67740,3,8.93952,-1,0,158.466049,10.008576,168.474626
1485,32,128,32,128,67824,3,3.524608,31.260672,1,31.325184,4.610048,35.935232
1486,32,2173,32,2173,67752,3,8.94976,-1,0,158.837753,10.018816,168.856569
1487,32,128,32,128,67829,3,3.524608,31.244287,1,31.315968,4.604928,35.920896
1488,32,128,32,128,67909,3,3.505152,30.784512,1,30.851072,4.580352,35.431424
1489,32,4218,32,4218,67711,3,14.104576,-1,0,287.857666,15.164416,303.022082
1490,32,4218,32,4218,67517,3,14.113792,-1,0,289.153015,15.174656,304.327671
1491,32,128,32,128,67592,3,3.524608,31.315968,1,31.385599,4.611072,35.996671
1492,32,128,32,128,67672,3,3.488768,30.678017,1,30.747648,4.562944,35.310592
1493,32,2173,32,2173,67603,3,9.028608,-1,0,158.157822,10.098688,168.25651
1494,32,128,32,128,67679,3,3.544064,31.46752,1,31.528959,4.636672,36.165631
1495,32,2173,32,2173,67612,3,8.863744,-1,0,159.321091,9.924608,169.245699
1496,32,128,32,128,67680,3,3.509248,31.111168,1,31.179775,4.593664,35.773439
1497,32,128,32,128,67753,3,3.479552,30.501888,1,30.561279,4.554752,35.116031
1498,32,6263,32,6263,67421,3,19.641344,-1,0,417.218567,20.70528,437.923847
1499,32,2173,32,2173,67376,3,8.873984,-1,0,159.877121,9.944064,169.821185
1500,32,128,32,128,67462,3,3.5072,31.075329,1,31.147009,4.595712,35.742721
1501,32,2173,32,2173,67413,3,8.948736,-1,0,159.111176,10.022912,169.134088
1502,32,128,32,128,67493,3,3.505152,31.201281,1,31.270912,4.581376,35.852288
1503,32,2172,32,2172,67445,3,8.865792,-1,0,158.661636,9.944064,168.6057
1504,32,128,32,128,67524,3,3.506176,31.177729,1,31.245312,4.59776,35.843072
1505,32,128,32,128,67601,3,3.479552,30.651392,1,30.718975,4.558848,35.277823
1506,32,128,32,128,67686,3,3.46112,30.294016,1,30.361601,4.553728,34.915329
1507,32,4218,32,4218,67514,3,14.26432,-1,0,286.749695,15.331328,302.081023
1508,32,2172,32,2172,67477,3,8.928256,-1,0,160.694275,9.99936,170.693635
1509,32,128,32,128,67547,3,3.518464,31.139839,1,31.200256,4.596736,35.796992
1510,32,128,32,128,67626,3,3.495936,30.729216,1,30.796801,4.57728,35.374081
1511,32,128,32,128,67701,3,3.475456,30.470144,1,30.536703,4.564992,35.101695
1512,32,2173,32,2173,67643,3,8.9344,-1,0,158.384125,10.002432,168.386557
1513,32,2172,32,2172,67581,3,8.931328,-1,0,160.625671,10.008576,170.634248
1514,32,2173,32,2173,67528,3,8.946688,-1,0,159.257599,10.015744,169.273343
1515,32,128,32,128,67617,3,3.526656,31.31904,1,31.387648,4.611072,35.99872
1516,32,2172,32,2172,67582,3,8.952832,-1,0,157.821945,10.023936,167.845881
1517,32,128,32,128,67669,3,3.523584,31.258623,1,31.327232,4.608,35.935232
1518,32,128,32,128,67763,3,3.483648,30.610432,1,30.678017,4.560896,35.238913
1519,32,2172,32,2172,67709,3,8.933376,-1,0,158.936066,10.007552,168.943618
1520,32,128,32,128,67794,3,3.52768,31.36512,1,31.432705,4.617216,36.049921
1521,32,2173,32,2173,67764,3,8.933376,-1,0,159.447037,10.000384,169.447421
1522,32,2173,32,2173,67723,3,8.952832,-1,0,159.898621,10.023936,169.922557
1523,32,128,32,128,67808,3,3.510272,31.170561,1,31.240192,4.591616,35.831809
1524,32,128,32,128,67878,3,3.488768,30.729216,1,30.797825,4.570112,35.367937
1525,32,2173,32,2173,67814,3,8.974336,-1,0,158.698502,10.044416,168.742918
1526,32,2173,32,2173,67769,3,8.952832,-1,0,160.476166,10.016768,170.492934
1527,32,2173,32,2173,67717,3,9.029632,-1,0,160.726013,10.10176,170.827773
1528,32,128,32,128,67796,3,3.520512,31.460352,1,31.528959,4.608,36.136959
1529,32,128,32,128,67869,3,3.493888,30.746624,1,30.806017,4.573184,35.379201
1530,32,4218,32,4218,67684,3,14.265344,-1,0,287.160309,15.328256,302.488564
1531,32,128,32,128,67773,3,3.530752,31.619072,1,31.687679,4.611072,36.298751
1532,32,128,32,128,67846,3,3.480576,30.764032,1,30.83264,4.56192,35.39456
1533,32,128,32,128,67924,3,3.469312,30.35648,1,30.42304,4.558848,34.981888
1534,32,128,32,128,68013,3,3.463168,30.305281,1,30.37184,4.537344,34.909184
1535,32,4218,32,4218,67830,3,14.262272,-1,0,287.905792,15.333376,303.239168
1536,32,4218,32,4218,67630,3,14.13632,-1,0,290.011139,15.200256,305.211395
1537,32,2172,32,2172,67586,3,8.928256,-1,0,159.740921,10.000384,169.741305
1538,32,128,32,128,67671,3,3.523584,31.368193,1,31.456257,4.615168,36.071425
1539,32,2173,32,2173,67602,3,8.936448,-1,0,159.994873,10.003456,169.998329
1540,32,128,32,128,67680,3,3.510272,31.096832,1,31.16544,4.593664,35.759104
1541,32,128,32,128,67748,3,3.485696,30.710785,1,30.769152,4.56192,35.331072
1542,32,128,32,128,67819,3,3.480576,30.447617,1,30.513151,4.566016,35.079167
1543,32,2173,32,2173,67762,3,8.933376,-1,0,158.629883,9.99936,168.629243
1544,32,2173,32,2173,67696,3,8.946688,-1,0,159.905792,10.013696,169.919488
1545,32,128,32,128,67775,3,3.514368,31.115265,1,31.186943,4.596736,35.783679
1546,32,2173,32,2173,67721,3,8.953856,-1,0,159.00058,10.025984,169.026564
1547,32,2173,32,2173,67666,3,8.98048,-1,0,159.79213,10.0608,169.852929
1548,32,128,32,128,67758,3,3.538944,31.331327,1,31.399937,4.62848,36.028417
1549,32,2173,32,2173,67692,3,8.953856,-1,0,160.008194,10.022912,170.031106
1550,32,128,32,128,67767,3,3.494912,31.213568,1,31.272961,4.57216,35.84512
1551,32,2173,32,2173,67703,3,8.94976,-1,0,158.478333,10.027008,168.505341
1552,32,128,32,128,67776,3,3.503104,31.149055,1,31.215616,4.584448,35.800064
1553,32,2173,32,2173,67724,3,8.93952,-1,0,158.493698,10.00448,168.498178
1554,32,128,32,128,67803,3,3.504128,31.111168,1,31.181824,4.583424,35.765248
1555,32,2172,32,2172,67743,3,8.923136,-1,0,158.429184,9.99424,168.423424
1556,32,2173,32,2173,67678,3,8.955904,-1,0,159.122437,10.02496,169.147396
1557,32,128,32,128,67755,3,3.521536,31.302656,1,31.363071,4.610048,35.973119
1558,32,4218,32,4218,67569,3,14.26944,-1,0,288.325623,15.332352,303.657974
1559,32,2173,32,2173,67512,3,8.910848,-1,0,160.371719,9.974784,170.346503
1560,32,128,32,128,67594,3,3.511296,31.199232,1,31.259647,4.608,35.867647
1561,32,2173,32,2173,67552,3,8.967168,-1,0,159.262726,10.03008,169.292806
1562,32,2173,32,2173,67513,3,8.946688,-1,0,159.973373,10.008576,169.98195
1563,32,2173,32,2173,67457,3,8.876032,-1,0,160.307205,9.933824,170.241029
1564,32,2173,32,2173,67394,3,8.947712,-1,0,159.946747,10.01472,169.961467
1565,32,128,32,128,67457,3,3.529728,31.358976,1,31.426559,4.610048,36.036607
1566,32,2173,32,2173,67410,3,9.024512,-1,0,158.374908,10.09152,168.466429
1567,32,128,32,128,67489,3,3.552256,31.526913,1,31.59552,4.637696,36.233216
1568,32,128,32,128,67566,3,3.477504,30.724096,1,30.790655,4.554752,35.345407
1569,32,2173,32,2173,67517,3,8.871936,-1,0,158.543869,9.942016,168.485885
1570,32,128,32,128,67603,3,3.504128,31.133696,1,31.202305,4.58752,35.789825
1571,32,128,32,128,67691,3,3.478528,30.631935,1,30.698496,4.552704,35.2512
1572,32,128,32,128,67772,3,3.489792,30.401537,1,30.470144,4.576256,35.0464
1573,32,128,32,128,67840,3,3.474432,30.4128,1,30.472193,4.543488,35.015681
1574,32,4218,32,4218,67663,3,14.116864,-1,0,286.843903,15.181824,302.025726
1575,32,128,32,128,67742,3,3.52768,31.34976,1,31.409151,4.609024,36.018175
1576,32,128,32,128,67816,3,3.472384,30.711807,1,30.781441,4.553728,35.335169
1577,32,4218,32,4218,67643,3,14.249984,-1,0,287.44397,15.309824,302.753794
1578,32,2173,32,2173,67590,3,9.033728,-1,0,160.971771,10.104832,171.076603
1579,32,128,32,128,67664,3,3.514368,31.268864,1,31.337473,4.596736,35.934209
1580,32,128,32,128,67752,3,3.47136,30.551041,1,30.621696,4.553728,35.175425
1581,32,2173,32,2173,67706,3,8.876032,-1,0,158.527481,9.94304,168.470521
1582,32,128,32,128,67785,3,3.508224,31.058945,1,31.126528,4.593664,35.720192
1583,32,2173,32,2173,67728,3,9.023488,-1,0,158.926849,10.088448,169.015297
