step,sched_reqs,sched_tokens,batch,num_query_tokens,sum_seq_len,num_spec_tokens,draft_ms,step_ms
0,32,64,-1,-1,-1,-1,-1,4693.608398
1,32,32,-1,-1,-1,-1,-1,16.949247
2,0,-1,-1,-1,-1,-1,-1,0.004096
3,1,2048,-1,-1,-1,-1,-1,201.025543
4,6,8192,-1,-1,-1,-1,-1,535.496704
5,10,8192,-1,-1,-1,-1,-1,515.783691
6,14,8192,-1,-1,-1,-1,-1,519.575562
7,18,8192,-1,-1,-1,-1,-1,520.425476
8,22,8192,-1,-1,-1,-1,-1,523.197449
9,26,8192,-1,-1,-1,-1,-1,528.386047
10,30,8192,-1,-1,-1,-1,-1,528.742371
11,32,5798,-1,-1,-1,-1,-1,386.344971
12,32,32,-1,-1,-1,-1,-1,21.568512
13,32,32,-1,-1,-1,-1,-1,21.160959
14,32,32,-1,-1,-1,-1,-1,20.988928
15,32,32,-1,-1,-1,-1,-1,31.072256
16,32,32,-1,-1,-1,-1,-1,21.986303
17,32,32,-1,-1,-1,-1,-1,36.770817
18,32,32,-1,-1,-1,-1,-1,24.748032
19,32,32,-1,-1,-1,-1,-1,20.839424
20,32,32,-1,-1,-1,-1,-1,29.742081
21,32,32,-1,-1,-1,-1,-1,20.847616
22,32,32,-1,-1,-1,-1,-1,20.835327
23,32,32,-1,-1,-1,-1,-1,20.852736
24,32,32,-1,-1,-1,-1,-1,20.834305
25,32,32,-1,-1,-1,-1,-1,20.827135
26,32,32,-1,-1,-1,-1,-1,20.849665
27,32,32,-1,-1,-1,-1,-1,20.822016
28,32,32,-1,-1,-1,-1,-1,20.8384
29,32,32,-1,-1,-1,-1,-1,20.811775
30,32,32,-1,-1,-1,-1,-1,20.835327
31,32,32,-1,-1,-1,-1,-1,20.855808
32,32,32,-1,-1,-1,-1,-1,20.85376
33,32,32,-1,-1,-1,-1,-1,20.825089
34,32,32,-1,-1,-1,-1,-1,20.845568
35,32,32,-1,-1,-1,-1,-1,22.274048
36,32,32,-1,-1,-1,-1,-1,26.595327
37,32,32,-1,-1,-1,-1,-1,20.858879
38,32,32,-1,-1,-1,-1,-1,20.890623
39,32,32,-1,-1,-1,-1,-1,20.856833
40,32,32,-1,-1,-1,-1,-1,20.880384
41,32,32,-1,-1,-1,-1,-1,20.885504
42,32,32,-1,-1,-1,-1,-1,20.874241
43,32,32,-1,-1,-1,-1,-1,20.870144
44,32,32,-1,-1,-1,-1,-1,20.849665
45,32,32,-1,-1,-1,-1,-1,20.860928
46,32,32,-1,-1,-1,-1,-1,20.87936
47,32,32,-1,-1,-1,-1,-1,20.868095
48,32,32,-1,-1,-1,-1,-1,20.849665
49,32,32,-1,-1,-1,-1,-1,20.868095
50,32,32,-1,-1,-1,-1,-1,20.856833
51,32,32,-1,-1,-1,-1,-1,20.859903
52,32,32,-1,-1,-1,-1,-1,20.89472
53,32,32,-1,-1,-1,-1,-1,20.907007
54,32,32,-1,-1,-1,-1,-1,20.896769
55,32,32,-1,-1,-1,-1,-1,20.886528
56,32,32,-1,-1,-1,-1,-1,20.907007
57,32,32,-1,-1,-1,-1,-1,20.908031
58,32,32,-1,-1,-1,-1,-1,20.908031
59,32,32,-1,-1,-1,-1,-1,20.904961
60,32,32,-1,-1,-1,-1,-1,20.888577
61,32,32,-1,-1,-1,-1,-1,20.875263
62,32,32,-1,-1,-1,-1,-1,20.89472
63,32,32,-1,-1,-1,-1,-1,20.900864
64,32,32,-1,-1,-1,-1,-1,20.919296
65,32,32,-1,-1,-1,-1,-1,20.890623
66,32,32,-1,-1,-1,-1,-1,20.914177
67,32,32,-1,-1,-1,-1,-1,20.91008
68,32,32,-1,-1,-1,-1,-1,20.924416
69,32,32,-1,-1,-1,-1,-1,20.933632
70,32,32,-1,-1,-1,-1,-1,20.946943
71,32,32,-1,-1,-1,-1,-1,20.961281
72,32,32,-1,-1,-1,-1,-1,20.936705
73,32,32,-1,-1,-1,-1,-1,20.963327
74,32,32,-1,-1,-1,-1,-1,20.941824
75,32,32,-1,-1,-1,-1,-1,20.947968
76,32,32,-1,-1,-1,-1,-1,20.943872
77,32,32,-1,-1,-1,-1,-1,20.924416
78,32,32,-1,-1,-1,-1,-1,20.946943
79,32,32,-1,-1,-1,-1,-1,20.942848
80,32,32,-1,-1,-1,-1,-1,20.962303
81,32,32,-1,-1,-1,-1,-1,20.968449
82,32,32,-1,-1,-1,-1,-1,20.970495
83,32,32,-1,-1,-1,-1,-1,20.961281
84,32,32,-1,-1,-1,-1,-1,20.972544
85,32,32,-1,-1,-1,-1,-1,20.955135
86,32,32,-1,-1,-1,-1,-1,20.999168
87,32,32,-1,-1,-1,-1,-1,20.984833
88,32,32,-1,-1,-1,-1,-1,20.987904
89,32,32,-1,-1,-1,-1,-1,20.988928
90,32,32,-1,-1,-1,-1,-1,20.998144
91,32,32,-1,-1,-1,-1,-1,21.003263
92,32,32,-1,-1,-1,-1,-1,20.969473
93,32,32,-1,-1,-1,-1,-1,20.978687
94,32,32,-1,-1,-1,-1,-1,20.988928
95,32,32,-1,-1,-1,-1,-1,20.995071
96,32,32,-1,-1,-1,-1,-1,20.987904
97,32,32,-1,-1,-1,-1,-1,21.002239
98,32,32,-1,-1,-1,-1,-1,21.00736
99,32,32,-1,-1,-1,-1,-1,20.983809
100,32,32,-1,-1,-1,-1,-1,21.029888
101,32,32,-1,-1,-1,-1,-1,21.010431
102,32,32,-1,-1,-1,-1,-1,21.024769
103,32,32,-1,-1,-1,-1,-1,21.028864
104,32,32,-1,-1,-1,-1,-1,21.028864
105,32,32,-1,-1,-1,-1,-1,21.039104
106,32,32,-1,-1,-1,-1,-1,21.026815
107,32,32,-1,-1,-1,-1,-1,21.042175
108,32,32,-1,-1,-1,-1,-1,21.028864
109,32,32,-1,-1,-1,-1,-1,21.015553
110,32,32,-1,-1,-1,-1,-1,21.031937
111,32,32,-1,-1,-1,-1,-1,21.031937
112,32,32,-1,-1,-1,-1,-1,21.028864
113,32,32,-1,-1,-1,-1,-1,21.023745
114,32,32,-1,-1,-1,-1,-1,21.036032
115,32,32,-1,-1,-1,-1,-1,21.042175
116,32,32,-1,-1,-1,-1,-1,21.066751
117,32,32,-1,-1,-1,-1,-1,21.051392
118,32,32,-1,-1,-1,-1,-1,21.062656
119,32,2064,-1,-1,-1,-1,-1,156.12825
120,32,32,-1,-1,-1,-1,-1,21.509121
121,32,4096,-1,-1,-1,-1,-1,275.340302
122,32,32,-1,-1,-1,-1,-1,21.581823
123,32,32,-1,-1,-1,-1,-1,21.278721
124,32,4096,-1,-1,-1,-1,-1,275.597321
125,32,6128,-1,-1,-1,-1,-1,409.963531
126,32,32,-1,-1,-1,-1,-1,21.520384
127,32,32,-1,-1,-1,-1,-1,21.319679
128,32,6127,-1,-1,-1,-1,-1,407.266296
129,32,6128,-1,-1,-1,-1,-1,409.398285
130,32,8192,-1,-1,-1,-1,-1,534.162415
131,32,4062,-1,-1,-1,-1,-1,279.829498
132,32,2064,-1,-1,-1,-1,-1,159.016953
133,32,2064,-1,-1,-1,-1,-1,160.406525
134,32,4095,-1,-1,-1,-1,-1,279.707642
135,32,4096,-1,-1,-1,-1,-1,279.615479
136,32,32,-1,-1,-1,-1,-1,21.438463
137,32,32,-1,-1,-1,-1,-1,21.192703
138,32,32,-1,-1,-1,-1,-1,21.057535
139,32,32,-1,-1,-1,-1,-1,20.974592
140,32,2064,-1,-1,-1,-1,-1,156.901382
141,32,4095,-1,-1,-1,-1,-1,279.216125
142,32,32,-1,-1,-1,-1,-1,21.471231
143,32,32,-1,-1,-1,-1,-1,21.220352
144,32,32,-1,-1,-1,-1,-1,21.073919
145,32,32,-1,-1,-1,-1,-1,21.016577
146,32,32,-1,-1,-1,-1,-1,20.969473
147,32,32,-1,-1,-1,-1,-1,20.947968
148,32,32,-1,-1,-1,-1,-1,20.977665
149,32,32,-1,-1,-1,-1,-1,20.902912
150,32,32,-1,-1,-1,-1,-1,20.905985
151,32,32,-1,-1,-1,-1,-1,20.916224
152,32,2064,-1,-1,-1,-1,-1,156.658691
153,32,32,-1,-1,-1,-1,-1,21.433344
154,32,32,-1,-1,-1,-1,-1,21.144575
155,32,2064,-1,-1,-1,-1,-1,157.272064
156,32,32,-1,-1,-1,-1,-1,21.399551
157,32,32,-1,-1,-1,-1,-1,21.121023
158,32,32,-1,-1,-1,-1,-1,20.992001
159,32,32,-1,-1,-1,-1,-1,20.95616
160,32,2064,-1,-1,-1,-1,-1,156.99353
161,32,32,-1,-1,-1,-1,-1,21.357569
162,32,32,-1,-1,-1,-1,-1,21.149696
163,32,32,-1,-1,-1,-1,-1,21.062656
164,32,32,-1,-1,-1,-1,-1,20.957184
165,32,32,-1,-1,-1,-1,-1,20.950016
166,32,32,-1,-1,-1,-1,-1,20.957184
167,32,32,-1,-1,-1,-1,-1,20.952065
168,32,32,-1,-1,-1,-1,-1,20.892672
169,32,32,-1,-1,-1,-1,-1,20.871168
170,32,32,-1,-1,-1,-1,-1,20.858879
171,32,32,-1,-1,-1,-1,-1,20.885504
172,32,32,-1,-1,-1,-1,-1,20.915199
173,32,32,-1,-1,-1,-1,-1,20.881409
174,32,32,-1,-1,-1,-1,-1,20.91008
175,32,32,-1,-1,-1,-1,-1,20.857857
176,32,32,-1,-1,-1,-1,-1,20.913153
177,32,32,-1,-1,-1,-1,-1,20.88448
178,32,32,-1,-1,-1,-1,-1,20.889601
179,32,32,-1,-1,-1,-1,-1,20.898815
180,32,32,-1,-1,-1,-1,-1,20.908031
181,32,32,-1,-1,-1,-1,-1,20.920321
182,32,32,-1,-1,-1,-1,-1,20.920321
183,32,32,-1,-1,-1,-1,-1,20.913153
184,32,32,-1,-1,-1,-1,-1,20.899839
185,32,32,-1,-1,-1,-1,-1,20.908031
186,32,32,-1,-1,-1,-1,-1,20.895744
187,32,32,-1,-1,-1,-1,-1,20.889601
188,32,32,-1,-1,-1,-1,-1,20.92544
189,32,32,-1,-1,-1,-1,-1,20.930559
190,32,32,-1,-1,-1,-1,-1,20.918272
191,32,32,-1,-1,-1,-1,-1,20.921345
192,32,32,-1,-1,-1,-1,-1,20.924416
193,32,32,-1,-1,-1,-1,-1,20.943872
194,32,32,-1,-1,-1,-1,-1,20.920321
195,32,32,-1,-1,-1,-1,-1,20.939775
196,32,32,-1,-1,-1,-1,-1,20.92544
197,32,32,-1,-1,-1,-1,-1,20.95104
198,32,32,-1,-1,-1,-1,-1,20.960257
199,32,32,-1,-1,-1,-1,-1,20.948992
200,32,32,-1,-1,-1,-1,-1,20.945921
201,32,32,-1,-1,-1,-1,-1,20.963327
202,32,32,-1,-1,-1,-1,-1,20.937729
203,32,32,-1,-1,-1,-1,-1,20.971519
204,32,32,-1,-1,-1,-1,-1,20.961281
205,32,32,-1,-1,-1,-1,-1,20.964352
206,32,32,-1,-1,-1,-1,-1,20.98176
207,32,32,-1,-1,-1,-1,-1,20.938751
208,32,32,-1,-1,-1,-1,-1,20.995071
209,32,32,-1,-1,-1,-1,-1,20.990976
210,32,32,-1,-1,-1,-1,-1,20.983809
211,32,32,-1,-1,-1,-1,-1,20.98176
212,32,32,-1,-1,-1,-1,-1,20.995071
213,32,32,-1,-1,-1,-1,-1,20.977665
214,32,32,-1,-1,-1,-1,-1,21.009409
215,32,32,-1,-1,-1,-1,-1,20.987904
216,32,32,-1,-1,-1,-1,-1,20.999168
217,32,32,-1,-1,-1,-1,-1,21.000193
218,32,32,-1,-1,-1,-1,-1,20.988928
219,32,32,-1,-1,-1,-1,-1,21.015553
220,32,32,-1,-1,-1,-1,-1,21.000193
221,32,32,-1,-1,-1,-1,-1,21.01248
222,32,32,-1,-1,-1,-1,-1,21.014528
223,32,32,-1,-1,-1,-1,-1,21.002239
224,32,32,-1,-1,-1,-1,-1,21.002239
225,32,32,-1,-1,-1,-1,-1,21.028864
226,32,32,-1,-1,-1,-1,-1,21.03808
227,32,32,-1,-1,-1,-1,-1,21.051392
228,32,32,-1,-1,-1,-1,-1,21.031937
229,32,32,-1,-1,-1,-1,-1,21.02784
230,32,32,-1,-1,-1,-1,-1,21.023745
231,32,32,-1,-1,-1,-1,-1,21.05344
232,32,32,-1,-1,-1,-1,-1,21.031937
233,32,32,-1,-1,-1,-1,-1,21.016577
234,32,32,-1,-1,-1,-1,-1,21.046272
235,32,32,-1,-1,-1,-1,-1,21.050367
236,32,32,-1,-1,-1,-1,-1,21.061632
237,32,32,-1,-1,-1,-1,-1,21.036032
238,32,32,-1,-1,-1,-1,-1,21.046272
239,32,32,-1,-1,-1,-1,-1,21.030912
240,32,2063,-1,-1,-1,-1,-1,157.277191
241,32,2064,-1,-1,-1,-1,-1,158.414841
242,32,32,-1,-1,-1,-1,-1,21.561344
243,32,32,-1,-1,-1,-1,-1,21.34016
244,32,2064,-1,-1,-1,-1,-1,157.606918
245,32,32,-1,-1,-1,-1,-1,21.622784
246,32,6128,-1,-1,-1,-1,-1,409.740295
247,32,4096,-1,-1,-1,-1,-1,280.364044
248,32,2064,-1,-1,-1,-1,-1,160.676865
249,32,2064,-1,-1,-1,-1,-1,160.152573
250,32,4096,-1,-1,-1,-1,-1,279.308289
251,32,4096,-1,-1,-1,-1,-1,279.979004
252,32,32,-1,-1,-1,-1,-1,21.64736
253,32,2064,-1,-1,-1,-1,-1,158.845947
254,32,2063,-1,-1,-1,-1,-1,161.160187
255,32,2064,-1,-1,-1,-1,-1,160.875519
256,32,6127,-1,-1,-1,-1,-1,410.917877
257,32,2064,-1,-1,-1,-1,-1,161.004547
258,32,32,-1,-1,-1,-1,-1,21.400576
259,32,2064,-1,-1,-1,-1,-1,158.307327
260,32,6127,-1,-1,-1,-1,-1,410.589172
261,32,2064,-1,-1,-1,-1,-1,160.962555
262,32,2064,-1,-1,-1,-1,-1,160.644089
263,32,32,-1,-1,-1,-1,-1,21.556225
264,32,2064,-1,-1,-1,-1,-1,158.434311
265,32,32,-1,-1,-1,-1,-1,21.477377
266,32,32,-1,-1,-1,-1,-1,21.145599
267,32,32,-1,-1,-1,-1,-1,21.02784
268,32,32,-1,-1,-1,-1,-1,20.948992
269,32,32,-1,-1,-1,-1,-1,20.959232
270,32,32,-1,-1,-1,-1,-1,20.961281
271,32,32,-1,-1,-1,-1,-1,20.932608
272,32,32,-1,-1,-1,-1,-1,20.883455
273,32,2064,-1,-1,-1,-1,-1,157.721603
274,32,32,-1,-1,-1,-1,-1,21.377024
275,32,32,-1,-1,-1,-1,-1,21.20192
276,32,32,-1,-1,-1,-1,-1,21.072895
277,32,2064,-1,-1,-1,-1,-1,157.776901
278,32,32,-1,-1,-1,-1,-1,21.444609
279,32,32,-1,-1,-1,-1,-1,21.167105
280,32,32,-1,-1,-1,-1,-1,21.073919
281,32,32,-1,-1,-1,-1,-1,20.977665
282,32,32,-1,-1,-1,-1,-1,20.941824
283,32,32,-1,-1,-1,-1,-1,20.957184
284,32,32,-1,-1,-1,-1,-1,20.923391
285,32,2064,-1,-1,-1,-1,-1,158.252029
286,32,32,-1,-1,-1,-1,-1,21.448704
287,32,32,-1,-1,-1,-1,-1,21.149696
288,32,32,-1,-1,-1,-1,-1,21.009409
289,32,32,-1,-1,-1,-1,-1,20.950016
290,32,32,-1,-1,-1,-1,-1,20.954111
291,32,32,-1,-1,-1,-1,-1,20.986879
292,32,32,-1,-1,-1,-1,-1,20.93568
293,32,32,-1,-1,-1,-1,-1,20.902912
294,32,32,-1,-1,-1,-1,-1,20.905985
295,32,32,-1,-1,-1,-1,-1,20.904961
296,32,32,-1,-1,-1,-1,-1,20.888577
297,32,32,-1,-1,-1,-1,-1,20.913153
298,32,32,-1,-1,-1,-1,-1,20.892672
299,32,32,-1,-1,-1,-1,-1,20.886528
300,32,32,-1,-1,-1,-1,-1,20.908031
301,32,32,-1,-1,-1,-1,-1,20.916224
302,32,32,-1,-1,-1,-1,-1,20.89472
303,32,2064,-1,-1,-1,-1,-1,157.105148
304,32,32,-1,-1,-1,-1,-1,21.425152
305,32,32,-1,-1,-1,-1,-1,21.254145
306,32,32,-1,-1,-1,-1,-1,21.076992
307,32,32,-1,-1,-1,-1,-1,21.03808
308,32,32,-1,-1,-1,-1,-1,20.999168
309,32,32,-1,-1,-1,-1,-1,21.001217
310,32,32,-1,-1,-1,-1,-1,20.962303
311,32,32,-1,-1,-1,-1,-1,20.930559
312,32,32,-1,-1,-1,-1,-1,20.9408
313,32,32,-1,-1,-1,-1,-1,20.934656
314,32,32,-1,-1,-1,-1,-1,20.9664
315,32,32,-1,-1,-1,-1,-1,20.947968
316,32,32,-1,-1,-1,-1,-1,20.931583
317,32,32,-1,-1,-1,-1,-1,20.957184
318,32,32,-1,-1,-1,-1,-1,20.941824
319,32,32,-1,-1,-1,-1,-1,20.95616
320,32,32,-1,-1,-1,-1,-1,20.930559
321,32,32,-1,-1,-1,-1,-1,20.934656
322,32,32,-1,-1,-1,-1,-1,20.916224
323,32,32,-1,-1,-1,-1,-1,20.963327
324,32,32,-1,-1,-1,-1,-1,20.965376
325,32,32,-1,-1,-1,-1,-1,20.968449
326,32,32,-1,-1,-1,-1,-1,20.960257
327,32,32,-1,-1,-1,-1,-1,20.962303
328,32,32,-1,-1,-1,-1,-1,20.979712
329,32,32,-1,-1,-1,-1,-1,20.941824
330,32,32,-1,-1,-1,-1,-1,20.984833
331,32,32,-1,-1,-1,-1,-1,20.963327
332,32,32,-1,-1,-1,-1,-1,20.933632
333,32,32,-1,-1,-1,-1,-1,20.99712
334,32,32,-1,-1,-1,-1,-1,20.962303
335,32,32,-1,-1,-1,-1,-1,20.985855
336,32,32,-1,-1,-1,-1,-1,20.995071
337,32,32,-1,-1,-1,-1,-1,21.01248
338,32,32,-1,-1,-1,-1,-1,20.968449
339,32,32,-1,-1,-1,-1,-1,21.000193
340,32,32,-1,-1,-1,-1,-1,20.99712
341,32,32,-1,-1,-1,-1,-1,20.988928
342,32,32,-1,-1,-1,-1,-1,21.010431
343,32,32,-1,-1,-1,-1,-1,20.990976
344,32,32,-1,-1,-1,-1,-1,20.998144
345,32,32,-1,-1,-1,-1,-1,21.000193
346,32,32,-1,-1,-1,-1,-1,21.015553
347,32,32,-1,-1,-1,-1,-1,21.011456
348,32,32,-1,-1,-1,-1,-1,20.996096
349,32,32,-1,-1,-1,-1,-1,21.042175
350,32,32,-1,-1,-1,-1,-1,20.99712
351,32,32,-1,-1,-1,-1,-1,21.054464
352,32,32,-1,-1,-1,-1,-1,21.079041
353,32,32,-1,-1,-1,-1,-1,21.033983
354,32,32,-1,-1,-1,-1,-1,21.029888
355,32,32,-1,-1,-1,-1,-1,21.039104
356,32,32,-1,-1,-1,-1,-1,21.064705
357,32,32,-1,-1,-1,-1,-1,21.067776
358,32,32,-1,-1,-1,-1,-1,21.055489
359,32,2064,-1,-1,-1,-1,-1,157.540359
360,32,32,-1,-1,-1,-1,-1,21.622784
361,32,32,-1,-1,-1,-1,-1,21.4016
362,32,32,-1,-1,-1,-1,-1,21.200895
363,32,32,-1,-1,-1,-1,-1,21.143553
364,32,32,-1,-1,-1,-1,-1,21.089279
365,32,2064,-1,-1,-1,-1,-1,157.447174
366,32,32,-1,-1,-1,-1,-1,21.584896
367,32,32,-1,-1,-1,-1,-1,21.285889
368,32,32,-1,-1,-1,-1,-1,21.191681
369,32,2064,-1,-1,-1,-1,-1,158.917633
370,32,2064,-1,-1,-1,-1,-1,160.183289
371,32,2064,-1,-1,-1,-1,-1,160.216064
372,32,4096,-1,-1,-1,-1,-1,280.29953
373,32,2064,-1,-1,-1,-1,-1,162.512894
374,32,2064,-1,-1,-1,-1,-1,160.800766
375,32,32,-1,-1,-1,-1,-1,21.618689
376,32,6128,-1,-1,-1,-1,-1,409.041931
377,32,32,-1,-1,-1,-1,-1,21.655552
378,32,6128,-1,-1,-1,-1,-1,409.940979
379,32,2064,-1,-1,-1,-1,-1,161.896454
380,32,4096,-1,-1,-1,-1,-1,279.839752
381,32,32,-1,-1,-1,-1,-1,21.592064
382,32,2064,-1,-1,-1,-1,-1,158.994431
383,32,2064,-1,-1,-1,-1,-1,160.211975
384,32,2064,-1,-1,-1,-1,-1,160.184326
385,32,2064,-1,-1,-1,-1,-1,160.130051
386,32,32,-1,-1,-1,-1,-1,21.474304
387,32,32,-1,-1,-1,-1,-1,21.241856
388,32,32,-1,-1,-1,-1,-1,21.112831
389,32,2063,-1,-1,-1,-1,-1,156.991486
390,32,32,-1,-1,-1,-1,-1,21.436417
391,32,32,-1,-1,-1,-1,-1,21.237761
392,32,2064,-1,-1,-1,-1,-1,158.736389
393,32,2063,-1,-1,-1,-1,-1,160.039932
394,32,32,-1,-1,-1,-1,-1,21.448704
395,32,4096,-1,-1,-1,-1,-1,277.929993
396,32,32,-1,-1,-1,-1,-1,21.515265
397,32,32,-1,-1,-1,-1,-1,21.250048
398,32,32,-1,-1,-1,-1,-1,21.051392
399,32,32,-1,-1,-1,-1,-1,20.999168
400,32,32,-1,-1,-1,-1,-1,20.959232
401,32,32,-1,-1,-1,-1,-1,20.974592
402,32,2064,-1,-1,-1,-1,-1,157.552643
403,32,32,-1,-1,-1,-1,-1,21.454847
404,32,2064,-1,-1,-1,-1,-1,157.998077
405,32,2064,-1,-1,-1,-1,-1,159.698944
406,32,32,-1,-1,-1,-1,-1,21.400576
407,32,32,-1,-1,-1,-1,-1,21.151745
408,32,32,-1,-1,-1,-1,-1,21.059584
409,32,32,-1,-1,-1,-1,-1,20.979712
410,32,32,-1,-1,-1,-1,-1,20.961281
411,32,32,-1,-1,-1,-1,-1,20.952065
412,32,32,-1,-1,-1,-1,-1,20.970495
413,32,32,-1,-1,-1,-1,-1,20.889601
414,32,32,-1,-1,-1,-1,-1,20.907007
415,32,32,-1,-1,-1,-1,-1,20.891647
416,32,32,-1,-1,-1,-1,-1,20.915199
417,32,32,-1,-1,-1,-1,-1,20.919296
418,32,32,-1,-1,-1,-1,-1,20.924416
419,32,32,-1,-1,-1,-1,-1,20.927488
420,32,32,-1,-1,-1,-1,-1,20.934656
421,32,32,-1,-1,-1,-1,-1,20.89472
422,32,32,-1,-1,-1,-1,-1,20.903936
423,32,32,-1,-1,-1,-1,-1,20.907007
424,32,32,-1,-1,-1,-1,-1,20.900864
425,32,32,-1,-1,-1,-1,-1,20.899839
426,32,32,-1,-1,-1,-1,-1,20.898815
427,32,2064,-1,-1,-1,-1,-1,154.665985
428,32,32,-1,-1,-1,-1,-1,21.587969
429,32,32,-1,-1,-1,-1,-1,21.254145
430,32,32,-1,-1,-1,-1,-1,21.066751
431,32,32,-1,-1,-1,-1,-1,21.001217
432,32,32,-1,-1,-1,-1,-1,20.979712
433,32,32,-1,-1,-1,-1,-1,20.979712
434,32,32,-1,-1,-1,-1,-1,20.957184
435,32,32,-1,-1,-1,-1,-1,20.943872
436,32,2064,-1,-1,-1,-1,-1,157.445114
437,32,32,-1,-1,-1,-1,-1,21.454847
438,32,32,-1,-1,-1,-1,-1,21.216255
439,32,32,-1,-1,-1,-1,-1,21.132288
440,32,32,-1,-1,-1,-1,-1,21.017599
441,32,32,-1,-1,-1,-1,-1,20.992001
442,32,32,-1,-1,-1,-1,-1,20.98176
443,32,32,-1,-1,-1,-1,-1,20.998144
444,32,32,-1,-1,-1,-1,-1,20.945921
445,32,32,-1,-1,-1,-1,-1,20.955135
446,32,32,-1,-1,-1,-1,-1,20.9664
447,32,32,-1,-1,-1,-1,-1,20.950016
448,32,32,-1,-1,-1,-1,-1,20.974592
449,32,32,-1,-1,-1,-1,-1,20.970495
450,32,32,-1,-1,-1,-1,-1,20.955135
451,32,32,-1,-1,-1,-1,-1,20.9664
452,32,32,-1,-1,-1,-1,-1,20.965376
453,32,32,-1,-1,-1,-1,-1,20.964352
454,32,32,-1,-1,-1,-1,-1,20.9664
455,32,32,-1,-1,-1,-1,-1,20.976641
456,32,32,-1,-1,-1,-1,-1,20.964352
457,32,32,-1,-1,-1,-1,-1,20.95104
458,32,32,-1,-1,-1,-1,-1,20.979712
459,32,32,-1,-1,-1,-1,-1,20.988928
460,32,32,-1,-1,-1,-1,-1,21.006336
461,32,32,-1,-1,-1,-1,-1,20.983809
462,32,32,-1,-1,-1,-1,-1,20.980736
463,32,32,-1,-1,-1,-1,-1,20.973568
464,32,32,-1,-1,-1,-1,-1,20.994047
465,32,32,-1,-1,-1,-1,-1,21.008385
466,32,32,-1,-1,-1,-1,-1,20.994047
467,32,32,-1,-1,-1,-1,-1,21.024769
468,32,32,-1,-1,-1,-1,-1,21.011456
469,32,32,-1,-1,-1,-1,-1,21.001217
470,32,32,-1,-1,-1,-1,-1,21.005312
471,32,32,-1,-1,-1,-1,-1,21.002239
472,32,32,-1,-1,-1,-1,-1,21.02272
473,32,32,-1,-1,-1,-1,-1,21.001217
474,32,32,-1,-1,-1,-1,-1,21.013504
475,32,32,-1,-1,-1,-1,-1,21.029888
476,32,32,-1,-1,-1,-1,-1,21.040129
477,32,32,-1,-1,-1,-1,-1,21.059584
478,32,32,-1,-1,-1,-1,-1,21.036032
479,32,32,-1,-1,-1,-1,-1,21.037056
480,32,32,-1,-1,-1,-1,-1,21.044224
481,32,32,-1,-1,-1,-1,-1,21.063681
482,32,32,-1,-1,-1,-1,-1,21.030912
483,32,2064,-1,-1,-1,-1,-1,157.649918
484,32,32,-1,-1,-1,-1,-1,21.705729
485,32,32,-1,-1,-1,-1,-1,21.387264
486,32,32,-1,-1,-1,-1,-1,21.237761
487,32,32,-1,-1,-1,-1,-1,21.148672
488,32,2064,-1,-1,-1,-1,-1,157.94278
489,32,32,-1,-1,-1,-1,-1,21.557247
490,32,2064,-1,-1,-1,-1,-1,157.962234
491,32,32,-1,-1,-1,-1,-1,21.619713
492,32,4096,-1,-1,-1,-1,-1,278.608887
493,32,32,-1,-1,-1,-1,-1,21.605375
494,32,2063,-1,-1,-1,-1,-1,159.339523
495,32,32,-1,-1,-1,-1,-1,21.586945
496,32,2064,-1,-1,-1,-1,-1,159.591431
497,32,32,-1,-1,-1,-1,-1,21.506048
498,32,2064,-1,-1,-1,-1,-1,158.925827
499,32,32,-1,-1,-1,-1,-1,21.509121
500,32,32,-1,-1,-1,-1,-1,21.269505
501,32,32,-1,-1,-1,-1,-1,21.198849
502,32,2064,-1,-1,-1,-1,-1,157.997055
503,32,2063,-1,-1,-1,-1,-1,160.212997
504,32,2064,-1,-1,-1,-1,-1,160.22937
505,32,32,-1,-1,-1,-1,-1,21.524481
506,32,6127,-1,-1,-1,-1,-1,411.568115
507,32,2064,-1,-1,-1,-1,-1,161.866745
508,32,4095,-1,-1,-1,-1,-1,280.805389
509,32,32,-1,-1,-1,-1,-1,21.593088
510,32,32,-1,-1,-1,-1,-1,21.327871
511,32,2064,-1,-1,-1,-1,-1,158.491653
512,32,2064,-1,-1,-1,-1,-1,159.994873
513,32,2064,-1,-1,-1,-1,-1,160.144379
514,32,32,-1,-1,-1,-1,-1,21.483521
515,32,2064,-1,-1,-1,-1,-1,158.296066
516,32,32,-1,-1,-1,-1,-1,21.450752
517,32,32,-1,-1,-1,-1,-1,21.281792
518,32,2063,-1,-1,-1,-1,-1,157.718521
519,32,32,-1,-1,-1,-1,-1,21.530624
520,32,2064,-1,-1,-1,-1,-1,159.507462
521,32,2064,-1,-1,-1,-1,-1,159.498245
522,32,32,-1,-1,-1,-1,-1,21.469185
523,32,2064,-1,-1,-1,-1,-1,158.727173
524,32,32,-1,-1,-1,-1,-1,21.579777
525,32,2064,-1,-1,-1,-1,-1,158.782471
526,32,32,-1,-1,-1,-1,-1,21.542912
527,32,2064,-1,-1,-1,-1,-1,159.490051
528,32,32,-1,-1,-1,-1,-1,21.464064
529,32,32,-1,-1,-1,-1,-1,21.21216
530,32,32,-1,-1,-1,-1,-1,21.123072
531,32,32,-1,-1,-1,-1,-1,21.042175
532,32,2064,-1,-1,-1,-1,-1,158.128128
533,32,32,-1,-1,-1,-1,-1,21.468161
534,32,32,-1,-1,-1,-1,-1,21.236736
535,32,32,-1,-1,-1,-1,-1,21.096449
536,32,32,-1,-1,-1,-1,-1,21.037056
537,32,32,-1,-1,-1,-1,-1,21.014528
538,32,32,-1,-1,-1,-1,-1,21.000193
539,32,32,-1,-1,-1,-1,-1,21.005312
540,32,32,-1,-1,-1,-1,-1,20.93568
541,32,32,-1,-1,-1,-1,-1,20.939775
542,32,32,-1,-1,-1,-1,-1,20.908031
543,32,32,-1,-1,-1,-1,-1,20.923391
544,32,32,-1,-1,-1,-1,-1,20.973568
545,32,2064,-1,-1,-1,-1,-1,157.399033
546,32,32,-1,-1,-1,-1,-1,21.45792
547,32,32,-1,-1,-1,-1,-1,21.233664
548,32,32,-1,-1,-1,-1,-1,21.092352
549,32,2064,-1,-1,-1,-1,-1,157.9561
550,32,32,-1,-1,-1,-1,-1,21.508097
551,32,2064,-1,-1,-1,-1,-1,158.511108
552,32,32,-1,-1,-1,-1,-1,21.423103
553,32,2064,-1,-1,-1,-1,-1,158.153732
554,32,32,-1,-1,-1,-1,-1,21.423103
555,32,32,-1,-1,-1,-1,-1,21.214209
556,32,32,-1,-1,-1,-1,-1,21.103617
557,32,32,-1,-1,-1,-1,-1,21.047297
558,32,32,-1,-1,-1,-1,-1,20.980736
559,32,32,-1,-1,-1,-1,-1,21.015553
560,32,32,-1,-1,-1,-1,-1,21.004288
561,32,32,-1,-1,-1,-1,-1,20.93568
562,32,32,-1,-1,-1,-1,-1,20.909056
563,32,32,-1,-1,-1,-1,-1,20.922367
564,32,32,-1,-1,-1,-1,-1,20.9408
565,32,32,-1,-1,-1,-1,-1,20.964352
566,32,32,-1,-1,-1,-1,-1,20.941824
567,32,32,-1,-1,-1,-1,-1,20.982784
568,32,32,-1,-1,-1,-1,-1,20.947968
569,32,32,-1,-1,-1,-1,-1,20.934656
570,32,32,-1,-1,-1,-1,-1,20.972544
571,32,32,-1,-1,-1,-1,-1,20.952065
572,32,32,-1,-1,-1,-1,-1,20.975616
573,32,32,-1,-1,-1,-1,-1,20.965376
574,32,32,-1,-1,-1,-1,-1,20.92544
575,32,32,-1,-1,-1,-1,-1,21.001217
576,32,32,-1,-1,-1,-1,-1,20.979712
577,32,32,-1,-1,-1,-1,-1,20.963327
578,32,32,-1,-1,-1,-1,-1,20.978687
579,32,32,-1,-1,-1,-1,-1,20.971519
580,32,32,-1,-1,-1,-1,-1,20.98176
581,32,32,-1,-1,-1,-1,-1,20.993025
582,32,32,-1,-1,-1,-1,-1,20.995071
583,32,32,-1,-1,-1,-1,-1,20.987904
584,32,32,-1,-1,-1,-1,-1,20.985855
585,32,32,-1,-1,-1,-1,-1,21.008385
586,32,32,-1,-1,-1,-1,-1,20.990976
587,32,32,-1,-1,-1,-1,-1,21.016577
588,32,32,-1,-1,-1,-1,-1,20.98176
589,32,32,-1,-1,-1,-1,-1,21.006336
590,32,32,-1,-1,-1,-1,-1,20.983809
591,32,32,-1,-1,-1,-1,-1,21.016577
592,32,32,-1,-1,-1,-1,-1,20.998144
593,32,32,-1,-1,-1,-1,-1,21.039104
594,32,32,-1,-1,-1,-1,-1,21.017599
595,32,32,-1,-1,-1,-1,-1,21.015553
596,32,32,-1,-1,-1,-1,-1,21.048321
597,32,32,-1,-1,-1,-1,-1,21.051392
598,32,32,-1,-1,-1,-1,-1,21.03808
599,32,32,-1,-1,-1,-1,-1,21.052416
600,32,32,-1,-1,-1,-1,-1,21.02784
601,32,2064,-1,-1,-1,-1,-1,156.947449
602,32,32,-1,-1,-1,-1,-1,21.540865
603,32,32,-1,-1,-1,-1,-1,21.295103
604,32,32,-1,-1,-1,-1,-1,21.138432
605,32,32,-1,-1,-1,-1,-1,21.10976
606,32,32,-1,-1,-1,-1,-1,21.101568
607,32,32,-1,-1,-1,-1,-1,21.100544
608,32,32,-1,-1,-1,-1,-1,21.079041
609,32,32,-1,-1,-1,-1,-1,21.037056
610,32,32,-1,-1,-1,-1,-1,21.03808
611,32,2064,-1,-1,-1,-1,-1,158.187515
612,32,32,-1,-1,-1,-1,-1,21.632
613,32,2064,-1,-1,-1,-1,-1,158.475266
614,32,32,-1,-1,-1,-1,-1,21.583872
615,32,32,-1,-1,-1,-1,-1,21.335039
616,32,32,-1,-1,-1,-1,-1,21.176319
617,32,4095,-1,-1,-1,-1,-1,278.183929
618,32,2064,-1,-1,-1,-1,-1,161.031174
619,32,32,-1,-1,-1,-1,-1,21.59104
620,32,2063,-1,-1,-1,-1,-1,159.170563
621,32,32,-1,-1,-1,-1,-1,21.615616
622,32,32,-1,-1,-1,-1,-1,21.326847
623,32,2064,-1,-1,-1,-1,-1,157.828094
624,32,32,-1,-1,-1,-1,-1,21.596161
625,32,2064,-1,-1,-1,-1,-1,159.398911
626,32,2064,-1,-1,-1,-1,-1,160.259079
627,32,2064,-1,-1,-1,-1,-1,161.565689
628,32,4096,-1,-1,-1,-1,-1,282.633209
629,32,2064,-1,-1,-1,-1,-1,161.176575
630,32,8160,-1,-1,-1,-1,-1,539.160583
631,32,32,-1,-1,-1,-1,-1,21.691393
632,32,32,-1,-1,-1,-1,-1,21.352448
633,32,32,-1,-1,-1,-1,-1,21.183489
634,32,2063,-1,-1,-1,-1,-1,158.414841
635,32,32,-1,-1,-1,-1,-1,21.524481
636,32,2064,-1,-1,-1,-1,-1,158.518265
637,32,2064,-1,-1,-1,-1,-1,160.013306
638,32,32,-1,-1,-1,-1,-1,21.516289
639,32,2064,-1,-1,-1,-1,-1,157.874176
640,32,2063,-1,-1,-1,-1,-1,160.728058
641,32,32,-1,-1,-1,-1,-1,21.586945
642,32,32,-1,-1,-1,-1,-1,21.263359
643,32,32,-1,-1,-1,-1,-1,21.135361
644,32,32,-1,-1,-1,-1,-1,21.047297
645,32,4096,-1,-1,-1,-1,-1,277.82962
646,32,32,-1,-1,-1,-1,-1,21.556225
647,32,32,-1,-1,-1,-1,-1,21.1968
648,32,2064,-1,-1,-1,-1,-1,158.630905
649,32,32,-1,-1,-1,-1,-1,21.452801
650,32,32,-1,-1,-1,-1,-1,21.1968
651,32,32,-1,-1,-1,-1,-1,21.090303
652,32,32,-1,-1,-1,-1,-1,21.047297
653,32,32,-1,-1,-1,-1,-1,21.01248
654,32,32,-1,-1,-1,-1,-1,21.002239
655,32,32,-1,-1,-1,-1,-1,20.993025
656,32,32,-1,-1,-1,-1,-1,20.936705
657,32,32,-1,-1,-1,-1,-1,20.943872
658,32,32,-1,-1,-1,-1,-1,20.948992
659,32,2064,-1,-1,-1,-1,-1,158.432251
660,32,32,-1,-1,-1,-1,-1,21.511168
661,32,32,-1,-1,-1,-1,-1,21.192703
662,32,32,-1,-1,-1,-1,-1,21.03808
663,32,2064,-1,-1,-1,-1,-1,157.191162
664,32,32,-1,-1,-1,-1,-1,21.497856
665,32,32,-1,-1,-1,-1,-1,21.193727
666,32,32,-1,-1,-1,-1,-1,21.05344
667,32,2063,-1,-1,-1,-1,-1,157.356033
668,32,32,-1,-1,-1,-1,-1,21.499905
669,32,32,-1,-1,-1,-1,-1,21.211136
670,32,32,-1,-1,-1,-1,-1,21.10976
671,32,32,-1,-1,-1,-1,-1,21.052416
672,32,32,-1,-1,-1,-1,-1,20.992001
673,32,32,-1,-1,-1,-1,-1,21.02272
674,32,32,-1,-1,-1,-1,-1,21.040129
675,32,32,-1,-1,-1,-1,-1,20.971519
676,32,32,-1,-1,-1,-1,-1,20.939775
677,32,2064,-1,-1,-1,-1,-1,158.15065
678,32,32,-1,-1,-1,-1,-1,21.469185
679,32,32,-1,-1,-1,-1,-1,21.22752
680,32,2064,-1,-1,-1,-1,-1,158.554108
681,32,2064,-1,-1,-1,-1,-1,161.033218
682,32,32,-1,-1,-1,-1,-1,21.525503
683,32,32,-1,-1,-1,-1,-1,21.21216
684,32,32,-1,-1,-1,-1,-1,21.056513
685,32,32,-1,-1,-1,-1,-1,20.990976
686,32,32,-1,-1,-1,-1,-1,20.972544
687,32,32,-1,-1,-1,-1,-1,20.990976
688,32,32,-1,-1,-1,-1,-1,20.964352
689,32,32,-1,-1,-1,-1,-1,20.921345
690,32,32,-1,-1,-1,-1,-1,20.937729
691,32,32,-1,-1,-1,-1,-1,20.932608
692,32,32,-1,-1,-1,-1,-1,20.936705
693,32,32,-1,-1,-1,-1,-1,20.930559
694,32,32,-1,-1,-1,-1,-1,20.934656
695,32,32,-1,-1,-1,-1,-1,20.927488
696,32,32,-1,-1,-1,-1,-1,20.952065
697,32,32,-1,-1,-1,-1,-1,20.948992
698,32,32,-1,-1,-1,-1,-1,20.996096
699,32,32,-1,-1,-1,-1,-1,20.964352
700,32,32,-1,-1,-1,-1,-1,20.982784
701,32,32,-1,-1,-1,-1,-1,20.974592
702,32,32,-1,-1,-1,-1,-1,20.964352
703,32,32,-1,-1,-1,-1,-1,20.983809
704,32,32,-1,-1,-1,-1,-1,20.963327
705,32,32,-1,-1,-1,-1,-1,20.960257
706,32,32,-1,-1,-1,-1,-1,21.001217
707,32,32,-1,-1,-1,-1,-1,21.001217
708,32,32,-1,-1,-1,-1,-1,20.994047
709,32,32,-1,-1,-1,-1,-1,21.014528
710,32,32,-1,-1,-1,-1,-1,21.004288
711,32,32,-1,-1,-1,-1,-1,21.011456
712,32,32,-1,-1,-1,-1,-1,20.99712
713,32,32,-1,-1,-1,-1,-1,21.011456
714,32,32,-1,-1,-1,-1,-1,21.019648
715,32,32,-1,-1,-1,-1,-1,21.024769
716,32,32,-1,-1,-1,-1,-1,21.023745
717,32,32,-1,-1,-1,-1,-1,21.020672
718,32,32,-1,-1,-1,-1,-1,21.020672
719,32,32,-1,-1,-1,-1,-1,21.020672
720,32,32,-1,-1,-1,-1,-1,21.026815
721,32,32,-1,-1,-1,-1,-1,21.074944
722,32,32,-1,-1,-1,-1,-1,21.03808
723,32,32,-1,-1,-1,-1,-1,21.047297
724,32,32,-1,-1,-1,-1,-1,21.048321
725,32,32,-1,-1,-1,-1,-1,21.05344
726,32,32,-1,-1,-1,-1,-1,21.052416
727,32,32,-1,-1,-1,-1,-1,21.061632
728,32,32,-1,-1,-1,-1,-1,21.046272
729,32,32,-1,-1,-1,-1,-1,21.059584
730,32,32,-1,-1,-1,-1,-1,21.044224
731,32,32,-1,-1,-1,-1,-1,21.05344
732,32,32,-1,-1,-1,-1,-1,21.05344
733,32,32,-1,-1,-1,-1,-1,21.063681
734,32,32,-1,-1,-1,-1,-1,21.049343
735,32,2064,-1,-1,-1,-1,-1,158.097412
736,32,32,-1,-1,-1,-1,-1,21.517311
737,32,32,-1,-1,-1,-1,-1,21.332993
738,32,2063,-1,-1,-1,-1,-1,158.161926
739,32,2063,-1,-1,-1,-1,-1,160.161789
740,32,2064,-1,-1,-1,-1,-1,160.204803
741,32,2064,-1,-1,-1,-1,-1,160.42189
742,32,4096,-1,-1,-1,-1,-1,284.248077
743,32,32,-1,-1,-1,-1,-1,21.728256
744,32,2064,-1,-1,-1,-1,-1,158.473221
745,32,32,-1,-1,-1,-1,-1,21.541887
746,32,32,-1,-1,-1,-1,-1,21.344255
747,32,2064,-1,-1,-1,-1,-1,158.202881
748,32,4096,-1,-1,-1,-1,-1,280.850433
749,32,32,-1,-1,-1,-1,-1,21.656576
750,32,32,-1,-1,-1,-1,-1,21.344255
751,32,4095,-1,-1,-1,-1,-1,279.149567
752,32,4096,-1,-1,-1,-1,-1,282.750977
753,32,2064,-1,-1,-1,-1,-1,161.027069
754,32,32,-1,-1,-1,-1,-1,21.537792
755,32,32,-1,-1,-1,-1,-1,21.232639
756,32,32,-1,-1,-1,-1,-1,21.085184
757,32,2064,-1,-1,-1,-1,-1,158.008316
758,32,4096,-1,-1,-1,-1,-1,280.080383
759,32,32,-1,-1,-1,-1,-1,21.630976
760,32,32,-1,-1,-1,-1,-1,21.269505
761,32,32,-1,-1,-1,-1,-1,21.143553
762,32,32,-1,-1,-1,-1,-1,21.066751
763,32,32,-1,-1,-1,-1,-1,21.02784
764,32,2064,-1,-1,-1,-1,-1,158.156799
765,32,4096,-1,-1,-1,-1,-1,281.270264
766,32,32,-1,-1,-1,-1,-1,21.518335
767,32,32,-1,-1,-1,-1,-1,21.280767
768,32,32,-1,-1,-1,-1,-1,21.108736
769,32,2064,-1,-1,-1,-1,-1,158.44249
770,32,2064,-1,-1,-1,-1,-1,159.576065
771,32,32,-1,-1,-1,-1,-1,21.48864
772,32,32,-1,-1,-1,-1,-1,21.243904
773,32,32,-1,-1,-1,-1,-1,21.112831
774,32,32,-1,-1,-1,-1,-1,21.010431
775,32,32,-1,-1,-1,-1,-1,20.987904
776,32,2064,-1,-1,-1,-1,-1,157.970428
777,32,32,-1,-1,-1,-1,-1,21.562368
778,32,32,-1,-1,-1,-1,-1,21.243904
779,32,4095,-1,-1,-1,-1,-1,278.585358
780,32,32,-1,-1,-1,-1,-1,21.614592
781,32,2064,-1,-1,-1,-1,-1,159.681534
782,32,32,-1,-1,-1,-1,-1,21.475328
783,32,32,-1,-1,-1,-1,-1,21.235712
784,32,32,-1,-1,-1,-1,-1,21.046272
785,32,32,-1,-1,-1,-1,-1,20.971519
786,32,32,-1,-1,-1,-1,-1,20.970495
787,32,32,-1,-1,-1,-1,-1,20.982784
788,32,32,-1,-1,-1,-1,-1,20.943872
789,32,32,-1,-1,-1,-1,-1,20.943872
790,32,32,-1,-1,-1,-1,-1,20.914177
791,32,32,-1,-1,-1,-1,-1,20.897793
792,32,32,-1,-1,-1,-1,-1,20.919296
793,32,32,-1,-1,-1,-1,-1,20.959232
794,32,32,-1,-1,-1,-1,-1,20.91008
795,32,32,-1,-1,-1,-1,-1,20.946943
796,32,32,-1,-1,-1,-1,-1,20.953089
797,32,32,-1,-1,-1,-1,-1,20.962303
798,32,32,-1,-1,-1,-1,-1,20.930559
799,32,32,-1,-1,-1,-1,-1,20.958208
800,32,32,-1,-1,-1,-1,-1,20.970495
801,32,32,-1,-1,-1,-1,-1,20.980736
802,32,32,-1,-1,-1,-1,-1,20.9664
803,32,32,-1,-1,-1,-1,-1,20.971519
804,32,32,-1,-1,-1,-1,-1,20.988928
805,32,32,-1,-1,-1,-1,-1,20.975616
806,32,2064,-1,-1,-1,-1,-1,158.320633
807,32,4096,-1,-1,-1,-1,-1,280.073212
808,32,2064,-1,-1,-1,-1,-1,160.611328
809,32,32,-1,-1,-1,-1,-1,21.454847
810,32,32,-1,-1,-1,-1,-1,21.261312
811,32,32,-1,-1,-1,-1,-1,21.105663
812,32,32,-1,-1,-1,-1,-1,21.016577
813,32,32,-1,-1,-1,-1,-1,21.020672
814,32,32,-1,-1,-1,-1,-1,20.994047
815,32,32,-1,-1,-1,-1,-1,20.982784
816,32,32,-1,-1,-1,-1,-1,20.943872
817,32,32,-1,-1,-1,-1,-1,20.946943
818,32,32,-1,-1,-1,-1,-1,20.957184
819,32,32,-1,-1,-1,-1,-1,20.977665
820,32,32,-1,-1,-1,-1,-1,20.989952
821,32,32,-1,-1,-1,-1,-1,20.969473
822,32,32,-1,-1,-1,-1,-1,20.95616
823,32,32,-1,-1,-1,-1,-1,20.965376
824,32,32,-1,-1,-1,-1,-1,20.982784
825,32,32,-1,-1,-1,-1,-1,20.957184
826,32,32,-1,-1,-1,-1,-1,20.983809
827,32,32,-1,-1,-1,-1,-1,20.969473
828,32,32,-1,-1,-1,-1,-1,20.999168
829,32,32,-1,-1,-1,-1,-1,21.003263
830,32,32,-1,-1,-1,-1,-1,20.964352
831,32,32,-1,-1,-1,-1,-1,20.998144
832,32,32,-1,-1,-1,-1,-1,20.99712
833,32,32,-1,-1,-1,-1,-1,21.017599
834,32,32,-1,-1,-1,-1,-1,21.019648
835,32,32,-1,-1,-1,-1,-1,21.025791
836,32,32,-1,-1,-1,-1,-1,21.006336
837,32,32,-1,-1,-1,-1,-1,21.029888
838,32,32,-1,-1,-1,-1,-1,21.026815
839,32,32,-1,-1,-1,-1,-1,21.015553
840,32,32,-1,-1,-1,-1,-1,21.029888
841,32,32,-1,-1,-1,-1,-1,21.010431
842,32,32,-1,-1,-1,-1,-1,21.017599
843,32,32,-1,-1,-1,-1,-1,21.056513
844,32,32,-1,-1,-1,-1,-1,21.049343
845,32,32,-1,-1,-1,-1,-1,21.045248
846,32,32,-1,-1,-1,-1,-1,21.02784
847,32,32,-1,-1,-1,-1,-1,21.062656
848,32,32,-1,-1,-1,-1,-1,21.061632
849,32,32,-1,-1,-1,-1,-1,21.059584
850,32,32,-1,-1,-1,-1,-1,21.033983
851,32,32,-1,-1,-1,-1,-1,21.045248
852,32,32,-1,-1,-1,-1,-1,21.063681
853,32,32,-1,-1,-1,-1,-1,21.066751
854,32,32,-1,-1,-1,-1,-1,21.075968
855,32,2063,-1,-1,-1,-1,-1,158.145538
856,32,32,-1,-1,-1,-1,-1,21.6064
857,32,2064,-1,-1,-1,-1,-1,159.005692
858,32,2064,-1,-1,-1,-1,-1,159.440903
859,32,32,-1,-1,-1,-1,-1,21.525503
860,32,32,-1,-1,-1,-1,-1,21.319679
861,32,32,-1,-1,-1,-1,-1,21.210112
862,32,32,-1,-1,-1,-1,-1,21.116928
863,32,32,-1,-1,-1,-1,-1,21.139456
864,32,32,-1,-1,-1,-1,-1,21.127169
865,32,2064,-1,-1,-1,-1,-1,158.545914
866,32,2064,-1,-1,-1,-1,-1,160.074753
867,32,32,-1,-1,-1,-1,-1,21.596161
868,32,6126,-1,-1,-1,-1,-1,410.015747
869,32,32,-1,-1,-1,-1,-1,21.628927
870,32,2064,-1,-1,-1,-1,-1,161.408005
871,32,32,-1,-1,-1,-1,-1,21.561344
872,32,2064,-1,-1,-1,-1,-1,159.938553
873,32,2063,-1,-1,-1,-1,-1,160.477188
874,32,32,-1,-1,-1,-1,-1,21.571585
875,32,32,-1,-1,-1,-1,-1,21.326847
876,32,32,-1,-1,-1,-1,-1,21.142529
877,32,4096,-1,-1,-1,-1,-1,278.243317
878,32,2064,-1,-1,-1,-1,-1,161.524734
879,32,32,-1,-1,-1,-1,-1,21.607424
880,32,32,-1,-1,-1,-1,-1,21.377024
881,32,6128,-1,-1,-1,-1,-1,411.53537
882,32,32,-1,-1,-1,-1,-1,21.67296
883,32,32,-1,-1,-1,-1,-1,21.341185
884,32,2064,-1,-1,-1,-1,-1,158.501892
885,32,32,-1,-1,-1,-1,-1,21.530624
886,32,32,-1,-1,-1,-1,-1,21.313536
887,32,32,-1,-1,-1,-1,-1,21.124096
888,32,2064,-1,-1,-1,-1,-1,158.274567
889,32,2064,-1,-1,-1,-1,-1,160.481277
890,32,32,-1,-1,-1,-1,-1,21.485567
891,32,2064,-1,-1,-1,-1,-1,159.265793
892,32,2064,-1,-1,-1,-1,-1,160.096252
893,32,32,-1,-1,-1,-1,-1,21.624832
894,32,2064,-1,-1,-1,-1,-1,159.44397
895,32,32,-1,-1,-1,-1,-1,21.623808
896,32,32,-1,-1,-1,-1,-1,21.278721
897,32,2064,-1,-1,-1,-1,-1,158.354431
898,32,32,-1,-1,-1,-1,-1,21.505024
899,32,32,-1,-1,-1,-1,-1,21.1968
900,32,32,-1,-1,-1,-1,-1,21.052416
901,32,32,-1,-1,-1,-1,-1,21.006336
902,32,32,-1,-1,-1,-1,-1,21.02784
903,32,2064,-1,-1,-1,-1,-1,158.42099
904,32,32,-1,-1,-1,-1,-1,21.492737
905,32,32,-1,-1,-1,-1,-1,21.257215
906,32,2064,-1,-1,-1,-1,-1,158.84288
907,32,32,-1,-1,-1,-1,-1,21.463039
908,32,32,-1,-1,-1,-1,-1,21.215233
909,32,32,-1,-1,-1,-1,-1,21.120001
910,32,32,-1,-1,-1,-1,-1,21.071873
911,32,32,-1,-1,-1,-1,-1,20.983809
912,32,2064,-1,-1,-1,-1,-1,158.010361
913,32,2064,-1,-1,-1,-1,-1,160.007172
914,32,32,-1,-1,-1,-1,-1,21.548033
915,32,32,-1,-1,-1,-1,-1,21.256191
916,32,32,-1,-1,-1,-1,-1,21.111809
917,32,32,-1,-1,-1,-1,-1,21.039104
918,32,2064,-1,-1,-1,-1,-1,157.770752
919,32,32,-1,-1,-1,-1,-1,21.541887
920,32,32,-1,-1,-1,-1,-1,21.211136
921,32,32,-1,-1,-1,-1,-1,21.073919
922,32,32,-1,-1,-1,-1,-1,21.029888
923,32,32,-1,-1,-1,-1,-1,21.020672
924,32,32,-1,-1,-1,-1,-1,21.014528
925,32,32,-1,-1,-1,-1,-1,20.986879
926,32,32,-1,-1,-1,-1,-1,20.968449
927,32,32,-1,-1,-1,-1,-1,20.946943
928,32,32,-1,-1,-1,-1,-1,20.947968
929,32,2064,-1,-1,-1,-1,-1,157.996033
930,32,2064,-1,-1,-1,-1,-1,159.993851
931,32,32,-1,-1,-1,-1,-1,21.491713
932,32,32,-1,-1,-1,-1,-1,21.275648
933,32,32,-1,-1,-1,-1,-1,21.138432
934,32,32,-1,-1,-1,-1,-1,21.039104
935,32,32,-1,-1,-1,-1,-1,21.016577
936,32,2064,-1,-1,-1,-1,-1,157.536255
937,32,32,-1,-1,-1,-1,-1,21.547009
938,32,32,-1,-1,-1,-1,-1,21.207041
939,32,32,-1,-1,-1,-1,-1,21.079041
940,32,32,-1,-1,-1,-1,-1,21.046272
941,32,32,-1,-1,-1,-1,-1,21.036032
942,32,32,-1,-1,-1,-1,-1,21.025791
943,32,32,-1,-1,-1,-1,-1,20.978687
944,32,32,-1,-1,-1,-1,-1,20.959232
945,32,32,-1,-1,-1,-1,-1,20.970495
946,32,32,-1,-1,-1,-1,-1,20.969473
947,32,32,-1,-1,-1,-1,-1,20.952065
948,32,32,-1,-1,-1,-1,-1,20.989952
949,32,32,-1,-1,-1,-1,-1,20.974592
950,32,32,-1,-1,-1,-1,-1,21.009409
951,32,32,-1,-1,-1,-1,-1,21.004288
952,32,32,-1,-1,-1,-1,-1,20.989952
953,32,32,-1,-1,-1,-1,-1,20.99712
954,32,32,-1,-1,-1,-1,-1,20.995071
955,32,32,-1,-1,-1,-1,-1,21.025791
956,32,32,-1,-1,-1,-1,-1,21.001217
957,32,32,-1,-1,-1,-1,-1,21.004288
958,32,32,-1,-1,-1,-1,-1,21.015553
959,32,32,-1,-1,-1,-1,-1,20.998144
960,32,32,-1,-1,-1,-1,-1,21.015553
961,32,32,-1,-1,-1,-1,-1,21.030912
962,32,32,-1,-1,-1,-1,-1,21.041151
963,32,32,-1,-1,-1,-1,-1,21.010431
964,32,32,-1,-1,-1,-1,-1,21.032961
965,32,32,-1,-1,-1,-1,-1,21.029888
966,32,32,-1,-1,-1,-1,-1,21.037056
967,32,32,-1,-1,-1,-1,-1,21.046272
968,32,32,-1,-1,-1,-1,-1,21.02784
969,32,32,-1,-1,-1,-1,-1,21.039104
970,32,32,-1,-1,-1,-1,-1,21.056513
971,32,32,-1,-1,-1,-1,-1,21.03808
972,32,32,-1,-1,-1,-1,-1,21.056513
973,32,32,-1,-1,-1,-1,-1,21.052416
974,32,32,-1,-1,-1,-1,-1,21.049343
975,32,2064,-1,-1,-1,-1,-1,157.937668
976,32,32,-1,-1,-1,-1,-1,21.583872
977,32,32,-1,-1,-1,-1,-1,21.342209
978,32,2064,-1,-1,-1,-1,-1,158.883835
979,32,32,-1,-1,-1,-1,-1,21.580799
980,32,32,-1,-1,-1,-1,-1,21.300224
981,32,32,-1,-1,-1,-1,-1,21.233664
982,32,32,-1,-1,-1,-1,-1,21.146624
983,32,2064,-1,-1,-1,-1,-1,158.858246
984,32,32,-1,-1,-1,-1,-1,21.639168
985,32,2064,-1,-1,-1,-1,-1,159.878143
986,32,2064,-1,-1,-1,-1,-1,160.714752
987,32,32,-1,-1,-1,-1,-1,21.640192
988,32,32,-1,-1,-1,-1,-1,21.358591
989,32,2063,-1,-1,-1,-1,-1,158.782471
990,32,2064,-1,-1,-1,-1,-1,160.898041
991,32,4096,-1,-1,-1,-1,-1,281.618439
992,32,2064,-1,-1,-1,-1,-1,160.756729
993,32,2064,-1,-1,-1,-1,-1,162.245636
994,32,32,-1,-1,-1,-1,-1,21.731327
995,32,2064,-1,-1,-1,-1,-1,159.853561
996,32,2064,-1,-1,-1,-1,-1,160.097275
997,32,32,-1,-1,-1,-1,-1,21.620735
998,32,32,-1,-1,-1,-1,-1,21.334017
999,32,32,-1,-1,-1,-1,-1,21.174273
1000,32,2064,-1,-1,-1,-1,-1,158.554108
1001,32,32,-1,-1,-1,-1,-1,21.598207
1002,32,4096,-1,-1,-1,-1,-1,279.791626
1003,32,32,-1,-1,-1,-1,-1,21.561344
1004,32,32,-1,-1,-1,-1,-1,21.259264
1005,32,32,-1,-1,-1,-1,-1,21.130239
1006,32,32,-1,-1,-1,-1,-1,21.070848
1007,32,32,-1,-1,-1,-1,-1,21.044224
1008,32,4095,-1,-1,-1,-1,-1,278.474762
1009,32,32,-1,-1,-1,-1,-1,21.590015
1010,32,4096,-1,-1,-1,-1,-1,280.446991
1011,32,32,-1,-1,-1,-1,-1,21.578753
1012,32,32,-1,-1,-1,-1,-1,21.293056
1013,32,32,-1,-1,-1,-1,-1,21.106688
1014,32,2064,-1,-1,-1,-1,-1,158.404602
1015,32,32,-1,-1,-1,-1,-1,21.493759
1016,32,32,-1,-1,-1,-1,-1,21.296127
1017,32,2064,-1,-1,-1,-1,-1,158.385147
1018,32,32,-1,-1,-1,-1,-1,21.549055
1019,32,32,-1,-1,-1,-1,-1,21.304319
1020,32,32,-1,-1,-1,-1,-1,21.08416
1021,32,2064,-1,-1,-1,-1,-1,159.298553
1022,32,2064,-1,-1,-1,-1,-1,160.963577
1023,32,32,-1,-1,-1,-1,-1,21.528576
1024,32,2063,-1,-1,-1,-1,-1,159.436798
1025,32,32,-1,-1,-1,-1,-1,21.57568
1026,32,32,-1,-1,-1,-1,-1,21.185535
1027,32,2064,-1,-1,-1,-1,-1,158.218246
1028,32,32,-1,-1,-1,-1,-1,21.540865
1029,32,32,-1,-1,-1,-1,-1,21.209087
1030,32,32,-1,-1,-1,-1,-1,21.124096
1031,32,2064,-1,-1,-1,-1,-1,158.820358
1032,32,32,-1,-1,-1,-1,-1,21.496832
1033,32,2064,-1,-1,-1,-1,-1,159.137787
1034,32,32,-1,-1,-1,-1,-1,21.494783
1035,32,32,-1,-1,-1,-1,-1,21.198849
1036,32,32,-1,-1,-1,-1,-1,21.093376
1037,32,32,-1,-1,-1,-1,-1,21.047297
1038,32,32,-1,-1,-1,-1,-1,21.020672
1039,32,2064,-1,-1,-1,-1,-1,158.229507
1040,32,32,-1,-1,-1,-1,-1,21.548033
1041,32,32,-1,-1,-1,-1,-1,21.309441
1042,32,32,-1,-1,-1,-1,-1,21.0944
1043,32,32,-1,-1,-1,-1,-1,21.017599
1044,32,32,-1,-1,-1,-1,-1,21.031937
1045,32,32,-1,-1,-1,-1,-1,20.994047
1046,32,32,-1,-1,-1,-1,-1,20.971519
1047,32,32,-1,-1,-1,-1,-1,20.948992
1048,32,32,-1,-1,-1,-1,-1,20.946943
1049,32,32,-1,-1,-1,-1,-1,20.946943
1050,32,32,-1,-1,-1,-1,-1,20.948992
1051,32,32,-1,-1,-1,-1,-1,20.939775
1052,32,32,-1,-1,-1,-1,-1,20.970495
1053,32,32,-1,-1,-1,-1,-1,20.971519
1054,32,32,-1,-1,-1,-1,-1,20.961281
1055,32,32,-1,-1,-1,-1,-1,20.985855
1056,32,32,-1,-1,-1,-1,-1,20.968449
1057,32,32,-1,-1,-1,-1,-1,20.998144
1058,32,32,-1,-1,-1,-1,-1,20.985855
1059,32,2064,-1,-1,-1,-1,-1,158.71283
1060,32,2064,-1,-1,-1,-1,-1,159.811584
1061,32,32,-1,-1,-1,-1,-1,21.554176
1062,32,32,-1,-1,-1,-1,-1,21.327871
1063,32,32,-1,-1,-1,-1,-1,21.153791
1064,32,2064,-1,-1,-1,-1,-1,157.876221
1065,32,32,-1,-1,-1,-1,-1,21.556225
1066,32,32,-1,-1,-1,-1,-1,21.276672
1067,32,32,-1,-1,-1,-1,-1,21.10976
1068,32,32,-1,-1,-1,-1,-1,21.063681
1069,32,32,-1,-1,-1,-1,-1,21.070848
1070,32,32,-1,-1,-1,-1,-1,21.050367
1071,32,32,-1,-1,-1,-1,-1,21.067776
1072,32,32,-1,-1,-1,-1,-1,21.008385
1073,32,32,-1,-1,-1,-1,-1,20.979712
1074,32,32,-1,-1,-1,-1,-1,20.99712
1075,32,32,-1,-1,-1,-1,-1,20.987904
1076,32,32,-1,-1,-1,-1,-1,20.980736
1077,32,32,-1,-1,-1,-1,-1,20.989952
1078,32,32,-1,-1,-1,-1,-1,20.99712
1079,32,32,-1,-1,-1,-1,-1,21.008385
1080,32,32,-1,-1,-1,-1,-1,21.008385
1081,32,32,-1,-1,-1,-1,-1,21.02784
1082,32,32,-1,-1,-1,-1,-1,21.029888
1083,32,32,-1,-1,-1,-1,-1,21.026815
1084,32,32,-1,-1,-1,-1,-1,21.009409
1085,32,32,-1,-1,-1,-1,-1,21.011456
1086,32,32,-1,-1,-1,-1,-1,21.028864
1087,32,32,-1,-1,-1,-1,-1,21.044224
1088,32,32,-1,-1,-1,-1,-1,21.028864
1089,32,32,-1,-1,-1,-1,-1,21.014528
1090,32,32,-1,-1,-1,-1,-1,21.031937
1091,32,32,-1,-1,-1,-1,-1,21.031937
1092,32,32,-1,-1,-1,-1,-1,21.041151
1093,32,32,-1,-1,-1,-1,-1,21.014528
1094,32,32,-1,-1,-1,-1,-1,21.055489
1095,32,32,-1,-1,-1,-1,-1,21.071873
1096,32,32,-1,-1,-1,-1,-1,21.050367
1097,32,32,-1,-1,-1,-1,-1,21.057535
1098,32,32,-1,-1,-1,-1,-1,21.054464
1099,32,32,-1,-1,-1,-1,-1,21.050367
1100,32,4096,-1,-1,-1,-1,-1,277.854218
1101,32,32,-1,-1,-1,-1,-1,21.682177
1102,32,32,-1,-1,-1,-1,-1,21.369856
1103,32,2064,-1,-1,-1,-1,-1,159.096832
1104,32,32,-1,-1,-1,-1,-1,21.607424
1105,32,32,-1,-1,-1,-1,-1,21.372929
1106,32,32,-1,-1,-1,-1,-1,21.234688
1107,32,32,-1,-1,-1,-1,-1,21.136383
1108,32,2064,-1,-1,-1,-1,-1,158.318588
1109,32,32,-1,-1,-1,-1,-1,21.573631
1110,32,32,-1,-1,-1,-1,-1,21.382145
1111,32,2063,-1,-1,-1,-1,-1,158.217209
1112,32,32,-1,-1,-1,-1,-1,21.639168
1113,32,2064,-1,-1,-1,-1,-1,159.519745
1114,32,32,-1,-1,-1,-1,-1,21.624832
1115,32,2064,-1,-1,-1,-1,-1,159.606781
1116,32,2064,-1,-1,-1,-1,-1,161.73671
1117,32,32,-1,-1,-1,-1,-1,21.757952
1118,32,2063,-1,-1,-1,-1,-1,159.740921
1119,32,32,-1,-1,-1,-1,-1,21.68832
1120,32,32,-1,-1,-1,-1,-1,21.346304
1121,32,2064,-1,-1,-1,-1,-1,158.537735
1122,32,32,-1,-1,-1,-1,-1,21.681152
1123,32,2064,-1,-1,-1,-1,-1,159.088638
1124,32,2064,-1,-1,-1,-1,-1,161.434631
1125,32,2064,-1,-1,-1,-1,-1,159.775742
1126,32,2063,-1,-1,-1,-1,-1,162.145279
1127,32,32,-1,-1,-1,-1,-1,21.573631
1128,32,32,-1,-1,-1,-1,-1,21.342209
1129,32,2063,-1,-1,-1,-1,-1,159.153152
1130,32,32,-1,-1,-1,-1,-1,21.57568
1131,32,32,-1,-1,-1,-1,-1,21.320704
1132,32,6128,-1,-1,-1,-1,-1,411.012085
1133,32,32,-1,-1,-1,-1,-1,21.677055
1134,32,32,-1,-1,-1,-1,-1,21.361664
1135,32,32,-1,-1,-1,-1,-1,21.160959
1136,32,32,-1,-1,-1,-1,-1,21.05344
1137,32,2063,-1,-1,-1,-1,-1,158.758911
1138,32,32,-1,-1,-1,-1,-1,21.547009
1139,32,32,-1,-1,-1,-1,-1,21.279743
1140,32,32,-1,-1,-1,-1,-1,21.161983
1141,32,32,-1,-1,-1,-1,-1,21.080065
1142,32,32,-1,-1,-1,-1,-1,21.051392
1143,32,2063,-1,-1,-1,-1,-1,159.163391
1144,32,32,-1,-1,-1,-1,-1,21.583872
1145,32,32,-1,-1,-1,-1,-1,21.320704
1146,32,32,-1,-1,-1,-1,-1,21.138432
1147,32,32,-1,-1,-1,-1,-1,21.051392
1148,32,2064,-1,-1,-1,-1,-1,158.232574
1149,32,32,-1,-1,-1,-1,-1,21.618689
1150,32,32,-1,-1,-1,-1,-1,21.21216
1151,32,32,-1,-1,-1,-1,-1,21.088257
1152,32,4096,-1,-1,-1,-1,-1,278.685699
1153,32,32,-1,-1,-1,-1,-1,21.600256
1154,32,2064,-1,-1,-1,-1,-1,158.390274
1155,32,2064,-1,-1,-1,-1,-1,161.503235
1156,32,2064,-1,-1,-1,-1,-1,162.209793
1157,32,32,-1,-1,-1,-1,-1,21.491713
1158,32,2064,-1,-1,-1,-1,-1,161.562622
1159,32,2064,-1,-1,-1,-1,-1,160.626694
1160,32,32,-1,-1,-1,-1,-1,21.539841
1161,32,2064,-1,-1,-1,-1,-1,158.389252
1162,32,32,-1,-1,-1,-1,-1,21.532673
1163,32,32,-1,-1,-1,-1,-1,21.25824
1164,32,32,-1,-1,-1,-1,-1,21.101568
1165,32,32,-1,-1,-1,-1,-1,21.010431
1166,32,32,-1,-1,-1,-1,-1,20.98176
1167,32,32,-1,-1,-1,-1,-1,21.019648
1168,32,32,-1,-1,-1,-1,-1,21.02784
1169,32,32,-1,-1,-1,-1,-1,20.948992
1170,32,32,-1,-1,-1,-1,-1,20.929537
1171,32,32,-1,-1,-1,-1,-1,20.934656
1172,32,32,-1,-1,-1,-1,-1,20.957184
1173,32,32,-1,-1,-1,-1,-1,20.954111
1174,32,32,-1,-1,-1,-1,-1,20.9664
1175,32,32,-1,-1,-1,-1,-1,20.974592
1176,32,32,-1,-1,-1,-1,-1,20.984833
1177,32,32,-1,-1,-1,-1,-1,20.958208
1178,32,32,-1,-1,-1,-1,-1,20.971519
1179,32,32,-1,-1,-1,-1,-1,20.982784
1180,32,32,-1,-1,-1,-1,-1,20.964352
1181,32,32,-1,-1,-1,-1,-1,20.942848
1182,32,32,-1,-1,-1,-1,-1,20.9408
1183,32,2063,-1,-1,-1,-1,-1,158.969849
1184,32,2064,-1,-1,-1,-1,-1,161.001465
1185,32,32,-1,-1,-1,-1,-1,21.586945
1186,32,32,-1,-1,-1,-1,-1,21.260288
1187,32,32,-1,-1,-1,-1,-1,21.151745
1188,32,32,-1,-1,-1,-1,-1,21.093376
1189,32,32,-1,-1,-1,-1,-1,21.031937
1190,32,32,-1,-1,-1,-1,-1,21.051392
1191,32,2064,-1,-1,-1,-1,-1,158.480377
1192,32,32,-1,-1,-1,-1,-1,21.541887
1193,32,32,-1,-1,-1,-1,-1,21.327871
1194,32,32,-1,-1,-1,-1,-1,21.173248
1195,32,32,-1,-1,-1,-1,-1,21.0688
1196,32,32,-1,-1,-1,-1,-1,21.063681
1197,32,32,-1,-1,-1,-1,-1,21.032961
1198,32,32,-1,-1,-1,-1,-1,21.036032
1199,32,32,-1,-1,-1,-1,-1,21.000193
1200,32,32,-1,-1,-1,-1,-1,21.009409
1201,32,32,-1,-1,-1,-1,-1,21.000193
1202,32,32,-1,-1,-1,-1,-1,21.018623
1203,32,32,-1,-1,-1,-1,-1,21.004288
1204,32,32,-1,-1,-1,-1,-1,20.998144
1205,32,32,-1,-1,-1,-1,-1,21.026815
1206,32,32,-1,-1,-1,-1,-1,21.024769
1207,32,32,-1,-1,-1,-1,-1,21.002239
1208,32,32,-1,-1,-1,-1,-1,21.029888
1209,32,32,-1,-1,-1,-1,-1,21.02272
1210,32,32,-1,-1,-1,-1,-1,21.050367
1211,32,32,-1,-1,-1,-1,-1,21.054464
1212,32,32,-1,-1,-1,-1,-1,21.039104
1213,32,32,-1,-1,-1,-1,-1,21.004288
1214,32,32,-1,-1,-1,-1,-1,21.031937
1215,32,32,-1,-1,-1,-1,-1,21.052416
1216,32,32,-1,-1,-1,-1,-1,21.033983
1217,32,32,-1,-1,-1,-1,-1,21.057535
1218,32,32,-1,-1,-1,-1,-1,21.025791
1219,32,32,-1,-1,-1,-1,-1,21.059584
1220,32,32,-1,-1,-1,-1,-1,21.075968
1221,32,32,-1,-1,-1,-1,-1,21.048321
1222,32,32,-1,-1,-1,-1,-1,21.057535
1223,32,2064,-1,-1,-1,-1,-1,157.353989
1224,32,32,-1,-1,-1,-1,-1,21.653503
1225,32,2064,-1,-1,-1,-1,-1,159.273987
1226,32,32,-1,-1,-1,-1,-1,21.582848
1227,32,32,-1,-1,-1,-1,-1,21.353472
1228,32,32,-1,-1,-1,-1,-1,21.236736
1229,32,2064,-1,-1,-1,-1,-1,157.395966
1230,32,32,-1,-1,-1,-1,-1,21.588991
1231,32,32,-1,-1,-1,-1,-1,21.368832
1232,32,32,-1,-1,-1,-1,-1,21.198849
1233,32,32,-1,-1,-1,-1,-1,21.157888
1234,32,32,-1,-1,-1,-1,-1,21.144575
1235,32,32,-1,-1,-1,-1,-1,21.134336
1236,32,2064,-1,-1,-1,-1,-1,158.696442
1237,32,4095,-1,-1,-1,-1,-1,281.049103
1238,32,32,-1,-1,-1,-1,-1,21.752832
1239,32,32,-1,-1,-1,-1,-1,21.440512
1240,32,32,-1,-1,-1,-1,-1,21.22752
1241,32,32,-1,-1,-1,-1,-1,21.15584
1242,32,32,-1,-1,-1,-1,-1,21.113855
1243,32,32,-1,-1,-1,-1,-1,21.113855
1244,32,2064,-1,-1,-1,-1,-1,158.688263
1245,32,4096,-1,-1,-1,-1,-1,280.808441
1246,32,32,-1,-1,-1,-1,-1,21.582848
1247,32,2064,-1,-1,-1,-1,-1,159.292419
1248,32,2064,-1,-1,-1,-1,-1,161.5401
1249,32,32,-1,-1,-1,-1,-1,21.58592
1250,32,6128,-1,-1,-1,-1,-1,414.42099
1251,32,32,-1,-1,-1,-1,-1,21.715967
1252,32,32,-1,-1,-1,-1,-1,21.320704
1253,32,32,-1,-1,-1,-1,-1,21.164032
1254,32,2064,-1,-1,-1,-1,-1,158.892029
1255,32,32,-1,-1,-1,-1,-1,21.583872
1256,32,32,-1,-1,-1,-1,-1,21.298176
1257,32,32,-1,-1,-1,-1,-1,21.138432
1258,32,32,-1,-1,-1,-1,-1,21.075968
1259,32,32,-1,-1,-1,-1,-1,21.082111
1260,32,2063,-1,-1,-1,-1,-1,158.088196
1261,32,32,-1,-1,-1,-1,-1,21.562368
1262,32,32,-1,-1,-1,-1,-1,21.34016
1263,32,32,-1,-1,-1,-1,-1,21.183489
1264,32,4096,-1,-1,-1,-1,-1,279.542786
1265,32,4096,-1,-1,-1,-1,-1,281.074677
1266,32,4095,-1,-1,-1,-1,-1,281.970703
1267,32,32,-1,-1,-1,-1,-1,21.715967
1268,32,32,-1,-1,-1,-1,-1,21.390335
1269,32,32,-1,-1,-1,-1,-1,21.18656
1270,32,32,-1,-1,-1,-1,-1,21.075968
1271,32,32,-1,-1,-1,-1,-1,21.01248
1272,32,32,-1,-1,-1,-1,-1,21.006336
1273,32,32,-1,-1,-1,-1,-1,21.02272
1274,32,32,-1,-1,-1,-1,-1,20.999168
1275,32,2064,-1,-1,-1,-1,-1,158.109695
1276,32,32,-1,-1,-1,-1,-1,21.528576
1277,32,32,-1,-1,-1,-1,-1,21.269505
1278,32,32,-1,-1,-1,-1,-1,21.126144
1279,32,32,-1,-1,-1,-1,-1,21.079041
1280,32,32,-1,-1,-1,-1,-1,21.056513
1281,32,2064,-1,-1,-1,-1,-1,159.196167
1282,32,32,-1,-1,-1,-1,-1,21.556225
1283,32,32,-1,-1,-1,-1,-1,21.359615
1284,32,32,-1,-1,-1,-1,-1,21.163008
1285,32,2064,-1,-1,-1,-1,-1,158.734329
1286,32,32,-1,-1,-1,-1,-1,21.553152
1287,32,32,-1,-1,-1,-1,-1,21.337088
1288,32,32,-1,-1,-1,-1,-1,21.083136
1289,32,32,-1,-1,-1,-1,-1,21.046272
1290,32,2064,-1,-1,-1,-1,-1,158.693375
1291,32,32,-1,-1,-1,-1,-1,21.618689
1292,32,2064,-1,-1,-1,-1,-1,158.973953
1293,32,32,-1,-1,-1,-1,-1,21.59104
1294,32,32,-1,-1,-1,-1,-1,21.265408
1295,32,32,-1,-1,-1,-1,-1,21.122047
1296,32,32,-1,-1,-1,-1,-1,21.0688
1297,32,2064,-1,-1,-1,-1,-1,158.804993
1298,32,32,-1,-1,-1,-1,-1,21.5296
1299,32,32,-1,-1,-1,-1,-1,21.291008
1300,32,2064,-1,-1,-1,-1,-1,158.916611
1301,32,32,-1,-1,-1,-1,-1,21.535744
1302,32,32,-1,-1,-1,-1,-1,21.291008
1303,32,32,-1,-1,-1,-1,-1,21.132288
1304,32,32,-1,-1,-1,-1,-1,21.033983
1305,32,32,-1,-1,-1,-1,-1,21.052416
1306,32,32,-1,-1,-1,-1,-1,21.05344
1307,32,32,-1,-1,-1,-1,-1,21.029888
1308,32,32,-1,-1,-1,-1,-1,20.971519
1309,32,2064,-1,-1,-1,-1,-1,158.726151
1310,32,32,-1,-1,-1,-1,-1,21.556225
1311,32,32,-1,-1,-1,-1,-1,21.285889
1312,32,2064,-1,-1,-1,-1,-1,157.945862
1313,32,32,-1,-1,-1,-1,-1,21.516289
1314,32,32,-1,-1,-1,-1,-1,21.276672
1315,32,32,-1,-1,-1,-1,-1,21.169151
1316,32,2064,-1,-1,-1,-1,-1,158.950394
1317,32,32,-1,-1,-1,-1,-1,21.51936
1318,32,32,-1,-1,-1,-1,-1,21.274624
1319,32,32,-1,-1,-1,-1,-1,21.147648
1320,32,32,-1,-1,-1,-1,-1,21.063681
1321,32,32,-1,-1,-1,-1,-1,21.020672
1322,32,32,-1,-1,-1,-1,-1,21.033983
1323,32,32,-1,-1,-1,-1,-1,21.041151
1324,32,32,-1,-1,-1,-1,-1,20.983809
1325,32,32,-1,-1,-1,-1,-1,20.976641
1326,32,32,-1,-1,-1,-1,-1,20.962303
1327,32,32,-1,-1,-1,-1,-1,20.980736
1328,32,32,-1,-1,-1,-1,-1,20.977665
1329,32,32,-1,-1,-1,-1,-1,20.982784
1330,32,32,-1,-1,-1,-1,-1,21.003263
1331,32,32,-1,-1,-1,-1,-1,20.990976
1332,32,32,-1,-1,-1,-1,-1,21.006336
1333,32,32,-1,-1,-1,-1,-1,21.025791
1334,32,32,-1,-1,-1,-1,-1,21.01248
1335,32,32,-1,-1,-1,-1,-1,21.025791
1336,32,32,-1,-1,-1,-1,-1,20.999168
1337,32,32,-1,-1,-1,-1,-1,20.994047
1338,32,32,-1,-1,-1,-1,-1,21.039104
1339,32,32,-1,-1,-1,-1,-1,21.032961
1340,32,32,-1,-1,-1,-1,-1,21.029888
1341,32,32,-1,-1,-1,-1,-1,21.036032
1342,32,32,-1,-1,-1,-1,-1,21.008385
1343,32,32,-1,-1,-1,-1,-1,21.023745
1344,32,32,-1,-1,-1,-1,-1,21.042175
1345,32,32,-1,-1,-1,-1,-1,21.03808
1346,32,32,-1,-1,-1,-1,-1,21.049343
1347,32,32,-1,-1,-1,-1,-1,21.05344
1348,32,32,-1,-1,-1,-1,-1,21.050367
1349,32,32,-1,-1,-1,-1,-1,21.045248
1350,32,2064,-1,-1,-1,-1,-1,158.462982
1351,32,32,-1,-1,-1,-1,-1,21.584896
1352,32,32,-1,-1,-1,-1,-1,21.316608
1353,32,32,-1,-1,-1,-1,-1,21.225471
1354,32,32,-1,-1,-1,-1,-1,21.164032
1355,32,32,-1,-1,-1,-1,-1,21.135361
1356,32,32,-1,-1,-1,-1,-1,21.110785
1357,32,32,-1,-1,-1,-1,-1,21.092352
1358,32,2064,-1,-1,-1,-1,-1,157.835266
1359,32,32,-1,-1,-1,-1,-1,21.635073
1360,32,32,-1,-1,-1,-1,-1,21.398527
1361,32,32,-1,-1,-1,-1,-1,21.204992
1362,32,32,-1,-1,-1,-1,-1,21.12512
1363,32,32,-1,-1,-1,-1,-1,21.14048
1364,32,4096,-1,-1,-1,-1,-1,279.325684
1365,32,32,-1,-1,-1,-1,-1,21.74464
1366,32,2064,-1,-1,-1,-1,-1,159.61908
1367,32,2064,-1,-1,-1,-1,-1,161.169403
1368,32,2063,-1,-1,-1,-1,-1,161.085434
1369,32,32,-1,-1,-1,-1,-1,21.60128
1370,32,4096,-1,-1,-1,-1,-1,282.03009
1371,32,2064,-1,-1,-1,-1,-1,161.913849
1372,32,32,-1,-1,-1,-1,-1,21.622784
1373,32,2064,-1,-1,-1,-1,-1,159.495163
1374,32,32,-1,-1,-1,-1,-1,21.586945
1375,32,32,-1,-1,-1,-1,-1,21.302273
1376,32,32,-1,-1,-1,-1,-1,21.168127
1377,32,2064,-1,-1,-1,-1,-1,158.212097
1378,32,2064,-1,-1,-1,-1,-1,161.06189
1379,32,32,-1,-1,-1,-1,-1,21.583872
1380,32,2064,-1,-1,-1,-1,-1,158.872574
1381,32,2064,-1,-1,-1,-1,-1,161.541122
1382,32,32,-1,-1,-1,-1,-1,21.641216
1383,32,2064,-1,-1,-1,-1,-1,159.3815
1384,32,2064,-1,-1,-1,-1,-1,163.143677
1385,32,2064,-1,-1,-1,-1,-1,161.005569
1386,32,32,-1,-1,-1,-1,-1,21.648384
1387,32,32,-1,-1,-1,-1,-1,21.347328
1388,32,2064,-1,-1,-1,-1,-1,158.226425
1389,32,32,-1,-1,-1,-1,-1,21.636095
1390,32,32,-1,-1,-1,-1,-1,21.312511
1391,32,32,-1,-1,-1,-1,-1,21.153791
1392,32,32,-1,-1,-1,-1,-1,21.102592
1393,32,2064,-1,-1,-1,-1,-1,159.288315
1394,32,32,-1,-1,-1,-1,-1,21.597183
1395,32,32,-1,-1,-1,-1,-1,21.3248
1396,32,32,-1,-1,-1,-1,-1,21.158913
1397,32,32,-1,-1,-1,-1,-1,21.063681
1398,32,32,-1,-1,-1,-1,-1,21.052416
1399,32,4096,-1,-1,-1,-1,-1,279.441406
1400,32,32,-1,-1,-1,-1,-1,21.629951
1401,32,32,-1,-1,-1,-1,-1,21.349377
1402,32,32,-1,-1,-1,-1,-1,21.173248
1403,32,32,-1,-1,-1,-1,-1,21.057535
1404,32,32,-1,-1,-1,-1,-1,21.042175
1405,32,2064,-1,-1,-1,-1,-1,158.802948
1406,32,2064,-1,-1,-1,-1,-1,160.604156
1407,32,32,-1,-1,-1,-1,-1,21.602304
1408,32,32,-1,-1,-1,-1,-1,21.362688
1409,32,32,-1,-1,-1,-1,-1,21.156864
1410,32,32,-1,-1,-1,-1,-1,21.054464
1411,32,2063,-1,-1,-1,-1,-1,158.919678
1412,32,2064,-1,-1,-1,-1,-1,160.181244
1413,32,32,-1,-1,-1,-1,-1,21.611521
1414,32,32,-1,-1,-1,-1,-1,21.286913
1415,32,2064,-1,-1,-1,-1,-1,158.819321
1416,32,2064,-1,-1,-1,-1,-1,160.836609
1417,32,32,-1,-1,-1,-1,-1,21.470207
1418,32,32,-1,-1,-1,-1,-1,21.250048
1419,32,32,-1,-1,-1,-1,-1,21.131264
1420,32,32,-1,-1,-1,-1,-1,21.046272
1421,32,32,-1,-1,-1,-1,-1,21.02784
1422,32,4096,-1,-1,-1,-1,-1,279.527435
1423,32,32,-1,-1,-1,-1,-1,21.599232
1424,32,32,-1,-1,-1,-1,-1,21.302273
1425,32,32,-1,-1,-1,-1,-1,21.139456
1426,32,32,-1,-1,-1,-1,-1,21.0432
1427,32,32,-1,-1,-1,-1,-1,21.004288
1428,32,32,-1,-1,-1,-1,-1,21.024769
1429,32,2064,-1,-1,-1,-1,-1,158.427139
1430,32,32,-1,-1,-1,-1,-1,21.599232
1431,32,32,-1,-1,-1,-1,-1,21.185535
1432,32,32,-1,-1,-1,-1,-1,21.081087
1433,32,32,-1,-1,-1,-1,-1,21.037056
1434,32,32,-1,-1,-1,-1,-1,21.0432
1435,32,32,-1,-1,-1,-1,-1,21.02272
1436,32,32,-1,-1,-1,-1,-1,21.001217
1437,32,32,-1,-1,-1,-1,-1,20.967424
1438,32,32,-1,-1,-1,-1,-1,20.979712
1439,32,32,-1,-1,-1,-1,-1,20.945921
1440,32,32,-1,-1,-1,-1,-1,20.968449
1441,32,2064,-1,-1,-1,-1,-1,158.283783
1442,32,32,-1,-1,-1,-1,-1,21.620735
1443,32,32,-1,-1,-1,-1,-1,21.326847
1444,32,32,-1,-1,-1,-1,-1,21.158913
1445,32,32,-1,-1,-1,-1,-1,21.033983
1446,32,32,-1,-1,-1,-1,-1,21.055489
1447,32,32,-1,-1,-1,-1,-1,21.035007
1448,32,32,-1,-1,-1,-1,-1,21.03808
1449,32,32,-1,-1,-1,-1,-1,20.993025
1450,32,32,-1,-1,-1,-1,-1,20.998144
1451,32,32,-1,-1,-1,-1,-1,20.992001
1452,32,32,-1,-1,-1,-1,-1,21.00736
1453,32,32,-1,-1,-1,-1,-1,21.013504
1454,32,32,-1,-1,-1,-1,-1,20.998144
1455,32,32,-1,-1,-1,-1,-1,20.990976
1456,32,32,-1,-1,-1,-1,-1,20.999168
1457,32,32,-1,-1,-1,-1,-1,21.021696
1458,32,32,-1,-1,-1,-1,-1,21.005312
1459,32,32,-1,-1,-1,-1,-1,21.005312
1460,32,32,-1,-1,-1,-1,-1,21.00736
1461,32,32,-1,-1,-1,-1,-1,21.028864
1462,32,32,-1,-1,-1,-1,-1,21.019648
1463,32,32,-1,-1,-1,-1,-1,21.039104
1464,32,32,-1,-1,-1,-1,-1,21.016577
1465,32,32,-1,-1,-1,-1,-1,21.052416
1466,32,32,-1,-1,-1,-1,-1,21.049343
1467,32,32,-1,-1,-1,-1,-1,21.055489
1468,32,32,-1,-1,-1,-1,-1,21.047297
1469,32,32,-1,-1,-1,-1,-1,21.03808
1470,32,2064,-1,-1,-1,-1,-1,159.043579
1471,32,32,-1,-1,-1,-1,-1,21.702656
1472,32,32,-1,-1,-1,-1,-1,21.343231
1473,32,32,-1,-1,-1,-1,-1,21.252096
1474,32,32,-1,-1,-1,-1,-1,21.159937
1475,32,32,-1,-1,-1,-1,-1,21.092352
1476,32,32,-1,-1,-1,-1,-1,21.131264
1477,32,32,-1,-1,-1,-1,-1,21.121023
1478,32,32,-1,-1,-1,-1,-1,21.061632
1479,32,32,-1,-1,-1,-1,-1,21.058559
1480,32,32,-1,-1,-1,-1,-1,21.073919
1481,32,32,-1,-1,-1,-1,-1,21.086208
1482,32,32,-1,-1,-1,-1,-1,21.050367
1483,32,32,-1,-1,-1,-1,-1,21.073919
1484,32,32,-1,-1,-1,-1,-1,21.066751
1485,32,32,-1,-1,-1,-1,-1,21.083136
1486,32,32,-1,-1,-1,-1,-1,21.076992
1487,32,2064,-1,-1,-1,-1,-1,158.40358
1488,32,2064,-1,-1,-1,-1,-1,161.266693
1489,32,32,-1,-1,-1,-1,-1,21.651457
1490,32,4096,-1,-1,-1,-1,-1,280.830963
1491,32,32,-1,-1,-1,-1,-1,21.726208
1492,32,4095,-1,-1,-1,-1,-1,281.451508
1493,32,32,-1,-1,-1,-1,-1,21.785601
1494,32,4096,-1,-1,-1,-1,-1,280.58316
1495,32,32,-1,-1,-1,-1,-1,21.762049
1496,32,2064,-1,-1,-1,-1,-1,159.697922
1497,32,2064,-1,-1,-1,-1,-1,161.397766
1498,32,32,-1,-1,-1,-1,-1,21.660671
1499,32,32,-1,-1,-1,-1,-1,21.323776
1500,32,32,-1,-1,-1,-1,-1,21.204992
1501,32,32,-1,-1,-1,-1,-1,21.138432
1502,32,2064,-1,-1,-1,-1,-1,158.411774
1503,32,32,-1,-1,-1,-1,-1,21.612543
1504,32,32,-1,-1,-1,-1,-1,21.294081
1505,32,32,-1,-1,-1,-1,-1,21.219328
1506,32,4095,-1,-1,-1,-1,-1,279.426056
1507,32,32,-1,-1,-1,-1,-1,21.665792
1508,32,6127,-1,-1,-1,-1,-1,413.158386
1509,32,32,-1,-1,-1,-1,-1,21.721088
1510,32,32,-1,-1,-1,-1,-1,21.349377
1511,32,32,-1,-1,-1,-1,-1,21.173248
1512,32,32,-1,-1,-1,-1,-1,21.110785
1513,32,2048,-1,-1,-1,-1,-1,149.967865
1514,32,32,-1,-1,-1,-1,-1,21.633024
1515,32,32,-1,-1,-1,-1,-1,21.28896
1516,32,2064,-1,-1,-1,-1,-1,158.697479
1517,32,32,-1,-1,-1,-1,-1,21.610497
1518,32,4095,-1,-1,-1,-1,-1,280.223755
1519,32,32,-1,-1,-1,-1,-1,21.677055
1520,32,32,-1,-1,-1,-1,-1,21.313536
1521,32,32,-1,-1,-1,-1,-1,21.165056
1522,32,32,-1,-1,-1,-1,-1,21.081087
1523,32,32,-1,-1,-1,-1,-1,21.056513
1524,32,2064,-1,-1,-1,-1,-1,158.527481
1525,32,32,-1,-1,-1,-1,-1,21.5296
1526,32,2064,-1,-1,-1,-1,-1,159.318008
1527,32,32,-1,-1,-1,-1,-1,21.57568
1528,32,32,-1,-1,-1,-1,-1,21.275648
1529,32,32,-1,-1,-1,-1,-1,21.147648
1530,32,2064,-1,-1,-1,-1,-1,157.877243
1531,32,32,-1,-1,-1,-1,-1,21.542912
1532,32,32,-1,-1,-1,-1,-1,21.317633
1533,32,32,-1,-1,-1,-1,-1,21.121023
1534,32,32,-1,-1,-1,-1,-1,21.062656
1535,32,2064,-1,-1,-1,-1,-1,158.184448
1536,32,2064,-1,-1,-1,-1,-1,161.039352
1537,32,32,-1,-1,-1,-1,-1,21.594112
1538,32,32,-1,-1,-1,-1,-1,21.306368
1539,32,2063,-1,-1,-1,-1,-1,158.392319
1540,32,4096,-1,-1,-1,-1,-1,282.128387
1541,32,32,-1,-1,-1,-1,-1,21.709824
1542,32,32,-1,-1,-1,-1,-1,21.3248
1543,32,2063,-1,-1,-1,-1,-1,158.400513
1544,32,2064,-1,-1,-1,-1,-1,160.898041
1545,32,32,-1,-1,-1,-1,-1,21.5296
1546,32,32,-1,-1,-1,-1,-1,21.233664
1547,32,32,-1,-1,-1,-1,-1,21.056513
1548,32,32,-1,-1,-1,-1,-1,21.014528
1549,32,32,-1,-1,-1,-1,-1,21.002239
1550,32,32,-1,-1,-1,-1,-1,21.016577
1551,32,32,-1,-1,-1,-1,-1,20.983809
1552,32,32,-1,-1,-1,-1,-1,20.964352
1553,32,32,-1,-1,-1,-1,-1,20.95104
1554,32,32,-1,-1,-1,-1,-1,20.92544
1555,32,32,-1,-1,-1,-1,-1,20.953089
1556,32,32,-1,-1,-1,-1,-1,20.929537
1557,32,32,-1,-1,-1,-1,-1,20.957184
1558,32,32,-1,-1,-1,-1,-1,20.962303
1559,32,32,-1,-1,-1,-1,-1,20.931583
1560,32,32,-1,-1,-1,-1,-1,20.964352
1561,32,32,-1,-1,-1,-1,-1,20.953089
1562,32,32,-1,-1,-1,-1,-1,20.980736
1563,32,32,-1,-1,-1,-1,-1,20.95104
1564,32,32,-1,-1,-1,-1,-1,20.998144
1565,32,32,-1,-1,-1,-1,-1,20.960257
1566,32,32,-1,-1,-1,-1,-1,20.99712
1567,32,2064,-1,-1,-1,-1,-1,158.123001
1568,32,32,-1,-1,-1,-1,-1,21.549055
1569,32,32,-1,-1,-1,-1,-1,21.289984
1570,32,32,-1,-1,-1,-1,-1,21.158913
1571,32,32,-1,-1,-1,-1,-1,21.061632
1572,32,32,-1,-1,-1,-1,-1,21.05344
1573,32,32,-1,-1,-1,-1,-1,21.062656
1574,32,32,-1,-1,-1,-1,-1,21.061632
1575,32,32,-1,-1,-1,-1,-1,20.969473
1576,32,32,-1,-1,-1,-1,-1,21.017599
1577,32,32,-1,-1,-1,-1,-1,21.002239
1578,32,32,-1,-1,-1,-1,-1,21.00736
1579,32,32,-1,-1,-1,-1,-1,20.988928
1580,32,32,-1,-1,-1,-1,-1,20.989952
1581,32,32,-1,-1,-1,-1,-1,21.004288
1582,32,32,-1,-1,-1,-1,-1,21.008385
1583,32,32,-1,-1,-1,-1,-1,21.026815
1584,32,32,-1,-1,-1,-1,-1,21.033983
1585,32,32,-1,-1,-1,-1,-1,21.01248
1586,32,32,-1,-1,-1,-1,-1,21.046272
1587,32,32,-1,-1,-1,-1,-1,21.024769
1588,32,32,-1,-1,-1,-1,-1,21.051392
1589,32,32,-1,-1,-1,-1,-1,21.021696
1590,32,32,-1,-1,-1,-1,-1,21.050367
1591,32,32,-1,-1,-1,-1,-1,21.0432
1592,32,32,-1,-1,-1,-1,-1,21.041151
1593,32,2064,-1,-1,-1,-1,-1,157.796356
1594,32,32,-1,-1,-1,-1,-1,21.690369
1595,32,32,-1,-1,-1,-1,-1,21.400576
1596,32,32,-1,-1,-1,-1,-1,21.174273
1597,32,32,-1,-1,-1,-1,-1,21.086208
1598,32,32,-1,-1,-1,-1,-1,21.080065
1599,32,32,-1,-1,-1,-1,-1,21.124096
1600,32,32,-1,-1,-1,-1,-1,21.113855
1601,32,32,-1,-1,-1,-1,-1,21.032961
1602,32,32,-1,-1,-1,-1,-1,21.044224
1603,32,32,-1,-1,-1,-1,-1,21.061632
1604,32,32,-1,-1,-1,-1,-1,21.072895
1605,32,32,-1,-1,-1,-1,-1,21.087233
1606,32,32,-1,-1,-1,-1,-1,21.08416
1607,32,2064,-1,-1,-1,-1,-1,158.95961
1608,32,2064,-1,-1,-1,-1,-1,161.183746
1609,32,2064,-1,-1,-1,-1,-1,161.411072
1610,32,2064,-1,-1,-1,-1,-1,160.828415
1611,32,2064,-1,-1,-1,-1,-1,161.065979
1612,32,32,-1,-1,-1,-1,-1,21.747711
1613,32,2064,-1,-1,-1,-1,-1,162.038788
1614,32,2064,-1,-1,-1,-1,-1,161.520645
1615,32,32,-1,-1,-1,-1,-1,21.64736
1616,32,2063,-1,-1,-1,-1,-1,159.496185
1617,32,2064,-1,-1,-1,-1,-1,161.472519
1618,32,32,-1,-1,-1,-1,-1,21.646336
1619,32,32,-1,-1,-1,-1,-1,21.34528
1620,32,32,-1,-1,-1,-1,-1,21.187584
1621,32,4096,-1,-1,-1,-1,-1,279.767029
1622,32,32,-1,-1,-1,-1,-1,21.66272
1623,32,32,-1,-1,-1,-1,-1,21.441536
1624,32,32,-1,-1,-1,-1,-1,21.198849
1625,32,32,-1,-1,-1,-1,-1,21.124096
1626,32,32,-1,-1,-1,-1,-1,21.09952
1627,32,2064,-1,-1,-1,-1,-1,158.423035
1628,32,2064,-1,-1,-1,-1,-1,161.436676
1629,32,32,-1,-1,-1,-1,-1,21.677055
1630,32,32,-1,-1,-1,-1,-1,21.371904
1631,32,2064,-1,-1,-1,-1,-1,159.179779
1632,32,32,-1,-1,-1,-1,-1,21.629951
1633,32,32,-1,-1,-1,-1,-1,21.32992
1634,32,32,-1,-1,-1,-1,-1,21.16608
1635,32,2064,-1,-1,-1,-1,-1,157.824005
1636,32,4096,-1,-1,-1,-1,-1,282.222595
1637,32,32,-1,-1,-1,-1,-1,21.655552
1638,32,32,-1,-1,-1,-1,-1,21.393408
1639,32,32,-1,-1,-1,-1,-1,21.200895
1640,32,2064,-1,-1,-1,-1,-1,158.55719
1641,32,2064,-1,-1,-1,-1,-1,161.394684
1642,32,32,-1,-1,-1,-1,-1,21.57056
1643,32,32,-1,-1,-1,-1,-1,21.307392
1644,32,32,-1,-1,-1,-1,-1,21.159937
1645,32,2063,-1,-1,-1,-1,-1,158.98317
1646,32,32,-1,-1,-1,-1,-1,21.590015
1647,32,4096,-1,-1,-1,-1,-1,280.712189
1648,32,32,-1,-1,-1,-1,-1,21.645311
1649,32,32,-1,-1,-1,-1,-1,21.35552
1650,32,2063,-1,-1,-1,-1,-1,158.814209
1651,32,32,-1,-1,-1,-1,-1,21.648384
1652,32,32,-1,-1,-1,-1,-1,21.3248
1653,32,32,-1,-1,-1,-1,-1,21.156864
1654,32,32,-1,-1,-1,-1,-1,21.01248
1655,32,2064,-1,-1,-1,-1,-1,159.716354
1656,32,32,-1,-1,-1,-1,-1,21.572609
1657,32,2064,-1,-1,-1,-1,-1,159.541245
1658,32,32,-1,-1,-1,-1,-1,21.598207
1659,32,4096,-1,-1,-1,-1,-1,280.856567
1660,32,2064,-1,-1,-1,-1,-1,161.335297
1661,32,32,-1,-1,-1,-1,-1,21.532673
1662,32,32,-1,-1,-1,-1,-1,21.279743
1663,32,2064,-1,-1,-1,-1,-1,158.476288
1664,32,32,-1,-1,-1,-1,-1,21.494783
1665,32,32,-1,-1,-1,-1,-1,21.295103
1666,32,32,-1,-1,-1,-1,-1,21.100544
1667,32,32,-1,-1,-1,-1,-1,21.032961
1668,32,32,-1,-1,-1,-1,-1,21.020672
1669,32,32,-1,-1,-1,-1,-1,21.002239
1670,32,2064,-1,-1,-1,-1,-1,158.461945
1671,32,32,-1,-1,-1,-1,-1,21.623808
1672,32,32,-1,-1,-1,-1,-1,21.294081
1673,32,32,-1,-1,-1,-1,-1,21.117952
1674,32,32,-1,-1,-1,-1,-1,21.026815
1675,32,32,-1,-1,-1,-1,-1,21.017599
1676,32,32,-1,-1,-1,-1,-1,21.024769
1677,32,32,-1,-1,-1,-1,-1,20.998144
1678,32,32,-1,-1,-1,-1,-1,20.962303
1679,32,32,-1,-1,-1,-1,-1,20.958208
1680,32,32,-1,-1,-1,-1,-1,20.9408
1681,32,32,-1,-1,-1,-1,-1,20.968449
1682,32,32,-1,-1,-1,-1,-1,20.962303
1683,32,32,-1,-1,-1,-1,-1,20.993025
1684,32,32,-1,-1,-1,-1,-1,20.952065
1685,32,32,-1,-1,-1,-1,-1,20.993025
1686,32,32,-1,-1,-1,-1,-1,20.988928
1687,32,32,-1,-1,-1,-1,-1,20.969473
1688,32,32,-1,-1,-1,-1,-1,21.001217
1689,32,32,-1,-1,-1,-1,-1,21.008385
1690,32,32,-1,-1,-1,-1,-1,21.001217
1691,32,32,-1,-1,-1,-1,-1,20.989952
1692,32,32,-1,-1,-1,-1,-1,21.013504
1693,32,32,-1,-1,-1,-1,-1,20.995071
1694,32,32,-1,-1,-1,-1,-1,21.008385
1695,32,32,-1,-1,-1,-1,-1,21.001217
1696,32,32,-1,-1,-1,-1,-1,20.987904
1697,32,32,-1,-1,-1,-1,-1,21.037056
1698,32,32,-1,-1,-1,-1,-1,21.014528
1699,32,32,-1,-1,-1,-1,-1,21.054464
1700,32,32,-1,-1,-1,-1,-1,21.02272
1701,32,32,-1,-1,-1,-1,-1,21.033983
1702,32,32,-1,-1,-1,-1,-1,21.031937
1703,32,32,-1,-1,-1,-1,-1,21.029888
1704,32,32,-1,-1,-1,-1,-1,21.016577
1705,32,32,-1,-1,-1,-1,-1,21.016577
1706,32,32,-1,-1,-1,-1,-1,21.029888
1707,32,2064,-1,-1,-1,-1,-1,159.119354
1708,32,32,-1,-1,-1,-1,-1,21.701632
1709,32,32,-1,-1,-1,-1,-1,21.4016
1710,32,32,-1,-1,-1,-1,-1,21.197824
1711,32,32,-1,-1,-1,-1,-1,21.129215
1712,32,32,-1,-1,-1,-1,-1,21.083136
1713,32,32,-1,-1,-1,-1,-1,21.112831
1714,32,32,-1,-1,-1,-1,-1,21.078016
1715,32,32,-1,-1,-1,-1,-1,21.052416
1716,32,32,-1,-1,-1,-1,-1,21.069824
1717,32,32,-1,-1,-1,-1,-1,21.075968
1718,32,2064,-1,-1,-1,-1,-1,158.301178
1719,32,32,-1,-1,-1,-1,-1,21.619713
1720,32,32,-1,-1,-1,-1,-1,21.407743
1721,32,32,-1,-1,-1,-1,-1,21.224447
1722,32,2064,-1,-1,-1,-1,-1,159.075333
1723,32,32,-1,-1,-1,-1,-1,21.721088
1724,32,2064,-1,-1,-1,-1,-1,159.230972
1725,32,32,-1,-1,-1,-1,-1,21.713921
1726,32,32,-1,-1,-1,-1,-1,21.407743
1727,32,32,-1,-1,-1,-1,-1,21.25312
1728,32,32,-1,-1,-1,-1,-1,21.10976
1729,32,2064,-1,-1,-1,-1,-1,159.306747
1730,32,32,-1,-1,-1,-1,-1,21.659649
1731,32,32,-1,-1,-1,-1,-1,21.420033
1732,32,32,-1,-1,-1,-1,-1,21.241856
1733,32,2064,-1,-1,-1,-1,-1,159.661057
1734,32,32,-1,-1,-1,-1,-1,21.714945
1735,32,2064,-1,-1,-1,-1,-1,159.114243
1736,32,2064,-1,-1,-1,-1,-1,161.477631
1737,32,32,-1,-1,-1,-1,-1,21.643265
1738,32,2064,-1,-1,-1,-1,-1,159.477753
1739,32,2064,-1,-1,-1,-1,-1,160.595963
1740,32,32,-1,-1,-1,-1,-1,21.690369
1741,32,32,-1,-1,-1,-1,-1,21.5296
1742,32,32,-1,-1,-1,-1,-1,21.204992
1743,32,2064,-1,-1,-1,-1,-1,159.661057
1744,32,32,-1,-1,-1,-1,-1,21.611521
1745,32,32,-1,-1,-1,-1,-1,21.361664
1746,32,2064,-1,-1,-1,-1,-1,159.447037
1747,32,2064,-1,-1,-1,-1,-1,161.461243
1748,32,32,-1,-1,-1,-1,-1,21.677055
1749,32,32,-1,-1,-1,-1,-1,21.387264
1750,32,32,-1,-1,-1,-1,-1,21.289984
1751,32,32,-1,-1,-1,-1,-1,21.090303
1752,32,32,-1,-1,-1,-1,-1,21.10976
1753,32,2064,-1,-1,-1,-1,-1,158.945282
1754,32,2063,-1,-1,-1,-1,-1,161.414139
1755,32,32,-1,-1,-1,-1,-1,21.638144
1756,32,4096,-1,-1,-1,-1,-1,280.519684
1757,32,32,-1,-1,-1,-1,-1,21.663744
1758,32,32,-1,-1,-1,-1,-1,21.330944
1759,32,2064,-1,-1,-1,-1,-1,159.463425
1760,32,32,-1,-1,-1,-1,-1,21.6064
1761,32,32,-1,-1,-1,-1,-1,21.339136
1762,32,2064,-1,-1,-1,-1,-1,158.663681
1763,32,2064,-1,-1,-1,-1,-1,161.339386
1764,32,32,-1,-1,-1,-1,-1,21.554176
1765,32,32,-1,-1,-1,-1,-1,21.359615
1766,32,32,-1,-1,-1,-1,-1,21.222401
1767,32,2064,-1,-1,-1,-1,-1,159.522812
1768,32,32,-1,-1,-1,-1,-1,21.576704
1769,32,32,-1,-1,-1,-1,-1,21.404673
1770,32,32,-1,-1,-1,-1,-1,21.16608
1771,32,32,-1,-1,-1,-1,-1,21.076992
1772,32,32,-1,-1,-1,-1,-1,21.072895
1773,32,4096,-1,-1,-1,-1,-1,279.638031
1774,32,32,-1,-1,-1,-1,-1,21.709824
1775,32,6128,-1,-1,-1,-1,-1,412.881927
1776,32,32,-1,-1,-1,-1,-1,21.582848
1777,32,32,-1,-1,-1,-1,-1,21.311487
1778,32,32,-1,-1,-1,-1,-1,21.104639
1779,32,32,-1,-1,-1,-1,-1,21.062656
1780,32,2064,-1,-1,-1,-1,-1,158.212097
1781,32,32,-1,-1,-1,-1,-1,21.644287
1782,32,32,-1,-1,-1,-1,-1,21.327871
1783,32,4096,-1,-1,-1,-1,-1,279.768066
1784,32,32,-1,-1,-1,-1,-1,21.705729
1785,32,32,-1,-1,-1,-1,-1,21.406719
1786,32,32,-1,-1,-1,-1,-1,21.18144
1787,32,32,-1,-1,-1,-1,-1,21.11488
1788,32,2064,-1,-1,-1,-1,-1,159.723526
1789,32,32,-1,-1,-1,-1,-1,21.543936
1790,32,32,-1,-1,-1,-1,-1,21.25824
1791,32,32,-1,-1,-1,-1,-1,21.147648
1792,32,2063,-1,-1,-1,-1,-1,158.919678
1793,32,32,-1,-1,-1,-1,-1,21.563393
1794,32,32,-1,-1,-1,-1,-1,21.323776
1795,32,2064,-1,-1,-1,-1,-1,159.210495
1796,32,32,-1,-1,-1,-1,-1,21.550079
1797,32,32,-1,-1,-1,-1,-1,21.309441
1798,32,32,-1,-1,-1,-1,-1,21.128193
1799,32,32,-1,-1,-1,-1,-1,21.070848
1800,32,32,-1,-1,-1,-1,-1,21.052416
1801,32,32,-1,-1,-1,-1,-1,21.028864
1802,32,32,-1,-1,-1,-1,-1,21.02784
1803,32,32,-1,-1,-1,-1,-1,20.987904
1804,32,32,-1,-1,-1,-1,-1,20.986879
1805,32,32,-1,-1,-1,-1,-1,20.986879
1806,32,32,-1,-1,-1,-1,-1,20.970495
1807,32,32,-1,-1,-1,-1,-1,20.982784
1808,32,32,-1,-1,-1,-1,-1,20.971519
1809,32,32,-1,-1,-1,-1,-1,20.973568
1810,32,32,-1,-1,-1,-1,-1,20.993025
1811,32,32,-1,-1,-1,-1,-1,20.988928
1812,32,32,-1,-1,-1,-1,-1,21.010431
1813,32,32,-1,-1,-1,-1,-1,20.988928
1814,32,32,-1,-1,-1,-1,-1,20.985855
1815,32,32,-1,-1,-1,-1,-1,21.024769
1816,32,32,-1,-1,-1,-1,-1,21.013504
1817,32,32,-1,-1,-1,-1,-1,21.020672
1818,32,32,-1,-1,-1,-1,-1,21.009409
1819,32,32,-1,-1,-1,-1,-1,21.01248
1820,32,32,-1,-1,-1,-1,-1,21.015553
1821,32,32,-1,-1,-1,-1,-1,21.026815
1822,32,32,-1,-1,-1,-1,-1,21.013504
1823,32,32,-1,-1,-1,-1,-1,21.016577
1824,32,32,-1,-1,-1,-1,-1,21.014528
1825,32,32,-1,-1,-1,-1,-1,21.033983
1826,32,32,-1,-1,-1,-1,-1,21.048321
1827,32,32,-1,-1,-1,-1,-1,21.03808
1828,32,32,-1,-1,-1,-1,-1,21.044224
1829,32,32,-1,-1,-1,-1,-1,21.040129
1830,32,32,-1,-1,-1,-1,-1,21.044224
1831,32,32,-1,-1,-1,-1,-1,21.080065
1832,32,2063,-1,-1,-1,-1,-1,158.119934
1833,32,32,-1,-1,-1,-1,-1,21.640192
1834,32,32,-1,-1,-1,-1,-1,21.446655
1835,32,32,-1,-1,-1,-1,-1,21.1968
1836,32,32,-1,-1,-1,-1,-1,21.144575
1837,32,32,-1,-1,-1,-1,-1,21.12512
1838,32,32,-1,-1,-1,-1,-1,21.138432
1839,32,2064,-1,-1,-1,-1,-1,158.734329
1840,32,32,-1,-1,-1,-1,-1,21.637119
1841,32,2064,-1,-1,-1,-1,-1,159.519745
1842,32,32,-1,-1,-1,-1,-1,21.650433
1843,32,2064,-1,-1,-1,-1,-1,159.542267
1844,32,32,-1,-1,-1,-1,-1,21.643265
1845,32,32,-1,-1,-1,-1,-1,21.380096
1846,32,32,-1,-1,-1,-1,-1,21.193727
1847,32,32,-1,-1,-1,-1,-1,21.1712
1848,32,32,-1,-1,-1,-1,-1,21.0944
1849,32,32,-1,-1,-1,-1,-1,21.105663
1850,32,32,-1,-1,-1,-1,-1,21.107712
1851,32,32,-1,-1,-1,-1,-1,21.072895
1852,32,32,-1,-1,-1,-1,-1,21.066751
1853,32,32,-1,-1,-1,-1,-1,21.076992
1854,32,32,-1,-1,-1,-1,-1,21.026815
1855,32,32,-1,-1,-1,-1,-1,21.081087
1856,32,32,-1,-1,-1,-1,-1,21.063681
1857,32,32,-1,-1,-1,-1,-1,21.078016
1858,32,32,-1,-1,-1,-1,-1,21.070848
1859,32,2063,-1,-1,-1,-1,-1,158.410751
1860,32,32,-1,-1,-1,-1,-1,21.612543
1861,32,4096,-1,-1,-1,-1,-1,280.047607
1862,32,2063,-1,-1,-1,-1,-1,161.50119
1863,32,32,-1,-1,-1,-1,-1,21.612543
1864,32,2064,-1,-1,-1,-1,-1,159.483902
1865,32,32,-1,-1,-1,-1,-1,21.615616
1866,32,4096,-1,-1,-1,-1,-1,282.924042
1867,32,32,-1,-1,-1,-1,-1,21.706753
1868,32,32,-1,-1,-1,-1,-1,21.397505
1869,32,32,-1,-1,-1,-1,-1,21.223425
1870,32,32,-1,-1,-1,-1,-1,21.106688
1871,32,32,-1,-1,-1,-1,-1,21.076992
1872,32,32,-1,-1,-1,-1,-1,21.0688
1873,32,32,-1,-1,-1,-1,-1,21.10976
1874,32,32,-1,-1,-1,-1,-1,21.067776
1875,32,32,-1,-1,-1,-1,-1,21.023745
1876,32,32,-1,-1,-1,-1,-1,21.026815
1877,32,2064,-1,-1,-1,-1,-1,157.872131
1878,32,7968,-1,-1,-1,-1,-1,536.485901
1879,32,32,-1,-1,-1,-1,-1,21.681152
1880,32,32,-1,-1,-1,-1,-1,21.373953
1881,32,2064,-1,-1,-1,-1,-1,160.130051
1882,32,32,-1,-1,-1,-1,-1,21.6576
1883,32,32,-1,-1,-1,-1,-1,21.362688
1884,32,32,-1,-1,-1,-1,-1,21.206017
1885,32,32,-1,-1,-1,-1,-1,21.098495
1886,32,32,-1,-1,-1,-1,-1,21.041151
1887,32,2064,-1,-1,-1,-1,-1,159.300613
1888,32,2064,-1,-1,-1,-1,-1,161.399811
1889,32,2064,-1,-1,-1,-1,-1,161.36499
1890,32,32,-1,-1,-1,-1,-1,21.619713
1891,32,32,-1,-1,-1,-1,-1,21.354496
1892,32,32,-1,-1,-1,-1,-1,21.177343
1893,32,32,-1,-1,-1,-1,-1,21.093376
1894,32,32,-1,-1,-1,-1,-1,21.082111
1895,32,2064,-1,-1,-1,-1,-1,158.297089
1896,32,2064,-1,-1,-1,-1,-1,159.807495
1897,32,32,-1,-1,-1,-1,-1,21.577728
1898,32,2064,-1,-1,-1,-1,-1,159.77063
1899,32,2064,-1,-1,-1,-1,-1,161.333252
1900,32,32,-1,-1,-1,-1,-1,21.551104
1901,32,2064,-1,-1,-1,-1,-1,160.165894
1902,32,32,-1,-1,-1,-1,-1,21.74976
1903,32,32,-1,-1,-1,-1,-1,21.45792
1904,32,32,-1,-1,-1,-1,-1,21.197824
1905,32,2064,-1,-1,-1,-1,-1,159.357956
1906,32,32,-1,-1,-1,-1,-1,21.578753
1907,32,32,-1,-1,-1,-1,-1,21.325825
1908,32,32,-1,-1,-1,-1,-1,21.115904
1909,32,32,-1,-1,-1,-1,-1,21.063681
1910,32,32,-1,-1,-1,-1,-1,21.026815
1911,32,32,-1,-1,-1,-1,-1,21.047297
1912,32,2064,-1,-1,-1,-1,-1,159.449081
1913,32,4096,-1,-1,-1,-1,-1,282.193909
1914,32,32,-1,-1,-1,-1,-1,21.648384
1915,32,32,-1,-1,-1,-1,-1,21.332993
1916,32,32,-1,-1,-1,-1,-1,21.11488
1917,32,2064,-1,-1,-1,-1,-1,159.479813
1918,32,32,-1,-1,-1,-1,-1,21.521408
1919,32,32,-1,-1,-1,-1,-1,21.282816
1920,32,32,-1,-1,-1,-1,-1,21.123072
1921,32,32,-1,-1,-1,-1,-1,21.069824
1922,32,32,-1,-1,-1,-1,-1,21.036032
1923,32,2064,-1,-1,-1,-1,-1,158.454788
1924,32,32,-1,-1,-1,-1,-1,21.567488
1925,32,32,-1,-1,-1,-1,-1,21.301249
1926,32,32,-1,-1,-1,-1,-1,21.128193
1927,32,32,-1,-1,-1,-1,-1,21.049343
1928,32,32,-1,-1,-1,-1,-1,21.03808
1929,32,32,-1,-1,-1,-1,-1,21.045248
1930,32,32,-1,-1,-1,-1,-1,21.052416
1931,32,2064,-1,-1,-1,-1,-1,159.197189
1932,32,32,-1,-1,-1,-1,-1,21.54496
1933,32,32,-1,-1,-1,-1,-1,21.318657
1934,32,32,-1,-1,-1,-1,-1,21.135361
1935,32,32,-1,-1,-1,-1,-1,21.076992
1936,32,32,-1,-1,-1,-1,-1,21.073919
1937,32,32,-1,-1,-1,-1,-1,21.073919
1938,32,32,-1,-1,-1,-1,-1,21.048321
1939,32,32,-1,-1,-1,-1,-1,20.982784
1940,32,32,-1,-1,-1,-1,-1,20.998144
1941,32,32,-1,-1,-1,-1,-1,20.996096
1942,32,32,-1,-1,-1,-1,-1,20.996096
1943,32,32,-1,-1,-1,-1,-1,21.029888
1944,32,32,-1,-1,-1,-1,-1,20.998144
1945,32,32,-1,-1,-1,-1,-1,21.00736
1946,32,32,-1,-1,-1,-1,-1,21.024769
1947,32,32,-1,-1,-1,-1,-1,21.021696
1948,32,2064,-1,-1,-1,-1,-1,158.041092
1949,32,32,-1,-1,-1,-1,-1,21.617664
1950,32,32,-1,-1,-1,-1,-1,21.341185
1951,32,32,-1,-1,-1,-1,-1,21.172224
1952,32,2064,-1,-1,-1,-1,-1,158.603271
1953,32,32,-1,-1,-1,-1,-1,21.671936
1954,32,32,-1,-1,-1,-1,-1,21.292032
1955,32,32,-1,-1,-1,-1,-1,21.163008
1956,32,32,-1,-1,-1,-1,-1,21.086208
1957,32,32,-1,-1,-1,-1,-1,21.118977
1958,32,2064,-1,-1,-1,-1,-1,159.446014
1959,32,32,-1,-1,-1,-1,-1,21.64736
1960,32,32,-1,-1,-1,-1,-1,21.37088
1961,32,32,-1,-1,-1,-1,-1,21.1968
1962,32,32,-1,-1,-1,-1,-1,21.154816
1963,32,32,-1,-1,-1,-1,-1,21.133312
1964,32,32,-1,-1,-1,-1,-1,21.127169
1965,32,32,-1,-1,-1,-1,-1,21.139456
1966,32,32,-1,-1,-1,-1,-1,21.061632
1967,32,32,-1,-1,-1,-1,-1,21.05344
1968,32,32,-1,-1,-1,-1,-1,21.004288
1969,32,32,-1,-1,-1,-1,-1,21.040129
1970,32,32,-1,-1,-1,-1,-1,21.021696
1971,32,32,-1,-1,-1,-1,-1,21.066751
1972,32,32,-1,-1,-1,-1,-1,21.023745
1973,32,32,-1,-1,-1,-1,-1,21.0688
1974,32,32,-1,-1,-1,-1,-1,21.045248
1975,32,32,-1,-1,-1,-1,-1,21.045248
1976,32,32,-1,-1,-1,-1,-1,21.073919
1977,32,32,-1,-1,-1,-1,-1,21.074944
1978,32,32,-1,-1,-1,-1,-1,21.062656
1979,32,2063,-1,-1,-1,-1,-1,158.430206
1980,32,32,-1,-1,-1,-1,-1,21.726208
1981,32,32,-1,-1,-1,-1,-1,21.417984
1982,32,32,-1,-1,-1,-1,-1,21.261312
1983,32,32,-1,-1,-1,-1,-1,21.184511
1984,32,4094,-1,-1,-1,-1,-1,279.23764
1985,32,2064,-1,-1,-1,-1,-1,161.935364
1986,32,2064,-1,-1,-1,-1,-1,160.819199
1987,32,32,-1,-1,-1,-1,-1,21.611521
1988,32,32,-1,-1,-1,-1,-1,21.354496
1989,32,32,-1,-1,-1,-1,-1,21.232639
1990,32,32,-1,-1,-1,-1,-1,21.161983
1991,32,2064,-1,-1,-1,-1,-1,158.650375
1992,32,32,-1,-1,-1,-1,-1,21.659649
1993,32,2064,-1,-1,-1,-1,-1,159.465469
1994,32,2064,-1,-1,-1,-1,-1,160.519165
1995,32,2064,-1,-1,-1,-1,-1,160.466949
1996,32,2064,-1,-1,-1,-1,-1,161.171463
1997,32,32,-1,-1,-1,-1,-1,21.619713
1998,32,4096,-1,-1,-1,-1,-1,283.914246
1999,32,32,-1,-1,-1,-1,-1,21.837824
2000,32,4096,-1,-1,-1,-1,-1,281.256958
2001,32,32,-1,-1,-1,-1,-1,21.735424
2002,32,32,-1,-1,-1,-1,-1,21.32992
2003,32,32,-1,-1,-1,-1,-1,21.191681
2004,32,32,-1,-1,-1,-1,-1,21.120001
2005,32,32,-1,-1,-1,-1,-1,21.048321
2006,32,32,-1,-1,-1,-1,-1,21.071873
2007,32,32,-1,-1,-1,-1,-1,21.074944
2008,32,32,-1,-1,-1,-1,-1,21.036032
2009,32,2064,-1,-1,-1,-1,-1,158.627838
2010,32,32,-1,-1,-1,-1,-1,21.597183
2011,32,32,-1,-1,-1,-1,-1,21.34528
2012,32,32,-1,-1,-1,-1,-1,21.168127
2013,32,2064,-1,-1,-1,-1,-1,158.312454
2014,32,32,-1,-1,-1,-1,-1,21.652479
2015,32,2064,-1,-1,-1,-1,-1,159.273987
2016,32,32,-1,-1,-1,-1,-1,21.645311
2017,32,32,-1,-1,-1,-1,-1,21.365761
2018,32,32,-1,-1,-1,-1,-1,21.192703
2019,32,32,-1,-1,-1,-1,-1,21.086208
2020,32,32,-1,-1,-1,-1,-1,21.050367
2021,32,2064,-1,-1,-1,-1,-1,158.237701
2022,32,4096,-1,-1,-1,-1,-1,282.450958
2023,32,2064,-1,-1,-1,-1,-1,161.977341
2024,32,32,-1,-1,-1,-1,-1,21.548033
2025,32,32,-1,-1,-1,-1,-1,21.306368
2026,32,32,-1,-1,-1,-1,-1,21.18144
2027,32,32,-1,-1,-1,-1,-1,21.095425
2028,32,32,-1,-1,-1,-1,-1,21.121023
2029,32,2064,-1,-1,-1,-1,-1,158.492676
2030,32,32,-1,-1,-1,-1,-1,21.593088
2031,32,2064,-1,-1,-1,-1,-1,159.057922
2032,32,32,-1,-1,-1,-1,-1,21.596161
2033,32,32,-1,-1,-1,-1,-1,21.315584
2034,32,32,-1,-1,-1,-1,-1,21.149696
2035,32,32,-1,-1,-1,-1,-1,21.080065
2036,32,32,-1,-1,-1,-1,-1,21.064705
2037,32,32,-1,-1,-1,-1,-1,21.111809
2038,32,32,-1,-1,-1,-1,-1,21.0944
2039,32,32,-1,-1,-1,-1,-1,21.031937
2040,32,32,-1,-1,-1,-1,-1,21.029888
2041,32,2064,-1,-1,-1,-1,-1,159.184891
2042,32,32,-1,-1,-1,-1,-1,21.594112
2043,32,32,-1,-1,-1,-1,-1,21.372929
2044,32,2064,-1,-1,-1,-1,-1,158.50087
2045,32,32,-1,-1,-1,-1,-1,21.588991
2046,32,32,-1,-1,-1,-1,-1,21.365761
2047,32,32,-1,-1,-1,-1,-1,21.177343
2048,32,32,-1,-1,-1,-1,-1,21.093376
2049,32,2064,-1,-1,-1,-1,-1,158.736389
2050,32,32,-1,-1,-1,-1,-1,21.659649
2051,32,32,-1,-1,-1,-1,-1,21.371904
2052,32,4094,-1,-1,-1,-1,-1,279.68103
2053,32,32,-1,-1,-1,-1,-1,21.714945
2054,32,32,-1,-1,-1,-1,-1,21.303295
2055,32,2064,-1,-1,-1,-1,-1,160.026627
2056,32,32,-1,-1,-1,-1,-1,21.572609
2057,32,32,-1,-1,-1,-1,-1,21.2736
2058,32,32,-1,-1,-1,-1,-1,21.15584
2059,32,32,-1,-1,-1,-1,-1,21.087233
2060,32,32,-1,-1,-1,-1,-1,21.052416
2061,32,32,-1,-1,-1,-1,-1,21.059584
2062,32,32,-1,-1,-1,-1,-1,21.062656
2063,32,32,-1,-1,-1,-1,-1,21.019648
2064,32,32,-1,-1,-1,-1,-1,20.989952
2065,32,32,-1,-1,-1,-1,-1,20.986879
2066,32,32,-1,-1,-1,-1,-1,20.993025
2067,32,32,-1,-1,-1,-1,-1,20.972544
2068,32,32,-1,-1,-1,-1,-1,20.985855
2069,32,32,-1,-1,-1,-1,-1,21.009409
2070,32,32,-1,-1,-1,-1,-1,21.029888
2071,32,32,-1,-1,-1,-1,-1,20.996096
2072,32,32,-1,-1,-1,-1,-1,21.004288
2073,32,32,-1,-1,-1,-1,-1,21.023745
2074,32,32,-1,-1,-1,-1,-1,21.042175
2075,32,32,-1,-1,-1,-1,-1,21.01248
2076,32,32,-1,-1,-1,-1,-1,21.0432
2077,32,32,-1,-1,-1,-1,-1,21.024769
2078,32,32,-1,-1,-1,-1,-1,21.030912
2079,32,32,-1,-1,-1,-1,-1,21.033983
2080,32,32,-1,-1,-1,-1,-1,21.030912
2081,32,32,-1,-1,-1,-1,-1,21.044224
2082,32,2064,-1,-1,-1,-1,-1,159.26886
2083,32,32,-1,-1,-1,-1,-1,21.590015
2084,32,32,-1,-1,-1,-1,-1,21.323776
2085,32,2064,-1,-1,-1,-1,-1,159.099899
2086,32,32,-1,-1,-1,-1,-1,21.59104
2087,32,32,-1,-1,-1,-1,-1,21.34528
2088,32,2064,-1,-1,-1,-1,-1,159.667206
2089,32,32,-1,-1,-1,-1,-1,21.644287
2090,32,32,-1,-1,-1,-1,-1,21.358591
2091,32,32,-1,-1,-1,-1,-1,21.183489
2092,32,32,-1,-1,-1,-1,-1,21.103617
2093,32,32,-1,-1,-1,-1,-1,21.128193
2094,32,32,-1,-1,-1,-1,-1,21.129215
2095,32,32,-1,-1,-1,-1,-1,21.098495
2096,32,32,-1,-1,-1,-1,-1,21.0432
2097,32,32,-1,-1,-1,-1,-1,21.070848
2098,32,32,-1,-1,-1,-1,-1,21.055489
2099,32,32,-1,-1,-1,-1,-1,21.03808
2100,32,32,-1,-1,-1,-1,-1,21.045248
2101,32,32,-1,-1,-1,-1,-1,21.052416
2102,32,4095,-1,-1,-1,-1,-1,279.792633
2103,32,32,-1,-1,-1,-1,-1,21.787647
2104,32,32,-1,-1,-1,-1,-1,21.429249
2105,32,32,-1,-1,-1,-1,-1,21.264383
2106,32,2064,-1,-1,-1,-1,-1,158.84903
2107,32,32,-1,-1,-1,-1,-1,21.689344
2108,32,32,-1,-1,-1,-1,-1,21.388288
2109,32,2064,-1,-1,-1,-1,-1,159.111176
2110,32,2064,-1,-1,-1,-1,-1,161.035263
2111,32,2064,-1,-1,-1,-1,-1,161.357819
2112,32,2064,-1,-1,-1,-1,-1,161.358841
2113,32,32,-1,-1,-1,-1,-1,21.626881
2114,32,2064,-1,-1,-1,-1,-1,161.007614
2115,32,32,-1,-1,-1,-1,-1,21.555201
2116,32,32,-1,-1,-1,-1,-1,21.328896
2117,32,6128,-1,-1,-1,-1,-1,412.421112
2118,32,32,-1,-1,-1,-1,-1,21.699583
2119,32,32,-1,-1,-1,-1,-1,21.420033
2120,32,2064,-1,-1,-1,-1,-1,159.276031
2121,32,4096,-1,-1,-1,-1,-1,282.352631
2122,32,32,-1,-1,-1,-1,-1,21.643265
2123,32,32,-1,-1,-1,-1,-1,21.373953
2124,32,2063,-1,-1,-1,-1,-1,159.322113
2125,32,32,-1,-1,-1,-1,-1,21.530624
2126,32,32,-1,-1,-1,-1,-1,21.25824
2127,32,32,-1,-1,-1,-1,-1,21.177343
2128,32,32,-1,-1,-1,-1,-1,21.107712
2129,32,32,-1,-1,-1,-1,-1,21.096449
2130,32,32,-1,-1,-1,-1,-1,21.088257
2131,32,32,-1,-1,-1,-1,-1,21.071873
2132,32,32,-1,-1,-1,-1,-1,20.98176
2133,32,32,-1,-1,-1,-1,-1,21.004288
2134,32,32,-1,-1,-1,-1,-1,21.008385
2135,32,32,-1,-1,-1,-1,-1,21.015553
2136,32,32,-1,-1,-1,-1,-1,20.99712
2137,32,32,-1,-1,-1,-1,-1,21.01248
2138,32,32,-1,-1,-1,-1,-1,21.004288
2139,32,2064,-1,-1,-1,-1,-1,158.270462
2140,32,32,-1,-1,-1,-1,-1,21.571585
2141,32,2064,-1,-1,-1,-1,-1,159.326202
2142,32,2064,-1,-1,-1,-1,-1,160.9431
2143,32,32,-1,-1,-1,-1,-1,21.555201
2144,32,2064,-1,-1,-1,-1,-1,159.027206
2145,32,32,-1,-1,-1,-1,-1,21.610497
2146,32,32,-1,-1,-1,-1,-1,21.330944
2147,32,32,-1,-1,-1,-1,-1,21.139456
2148,32,32,-1,-1,-1,-1,-1,21.055489
2149,32,32,-1,-1,-1,-1,-1,21.075968
2150,32,32,-1,-1,-1,-1,-1,21.062656
2151,32,32,-1,-1,-1,-1,-1,21.075968
2152,32,32,-1,-1,-1,-1,-1,20.987904
2153,32,32,-1,-1,-1,-1,-1,20.993025
2154,32,32,-1,-1,-1,-1,-1,20.999168
2155,32,32,-1,-1,-1,-1,-1,21.006336
2156,32,32,-1,-1,-1,-1,-1,21.016577
2157,32,2064,-1,-1,-1,-1,-1,158.214142
2158,32,32,-1,-1,-1,-1,-1,21.593088
2159,32,32,-1,-1,-1,-1,-1,21.364737
2160,32,32,-1,-1,-1,-1,-1,21.160959
2161,32,2064,-1,-1,-1,-1,-1,159.98259
2162,32,32,-1,-1,-1,-1,-1,21.691393
2163,32,32,-1,-1,-1,-1,-1,21.371904
2164,32,2064,-1,-1,-1,-1,-1,158.918655
2165,32,32,-1,-1,-1,-1,-1,21.655552
2166,32,32,-1,-1,-1,-1,-1,21.368832
2167,32,2063,-1,-1,-1,-1,-1,159.111176
2168,32,32,-1,-1,-1,-1,-1,21.632
2169,32,32,-1,-1,-1,-1,-1,21.342209
2170,32,32,-1,-1,-1,-1,-1,21.240831
2171,32,32,-1,-1,-1,-1,-1,21.097471
2172,32,2064,-1,-1,-1,-1,-1,158.451706
2173,32,32,-1,-1,-1,-1,-1,21.578753
2174,32,32,-1,-1,-1,-1,-1,21.322752
2175,32,32,-1,-1,-1,-1,-1,21.192703
2176,32,2064,-1,-1,-1,-1,-1,158.607361
2177,32,2064,-1,-1,-1,-1,-1,161.324036
2178,32,32,-1,-1,-1,-1,-1,21.628927
2179,32,2064,-1,-1,-1,-1,-1,159.090683
2180,32,32,-1,-1,-1,-1,-1,21.615616
2181,32,32,-1,-1,-1,-1,-1,21.36064
2182,32,32,-1,-1,-1,-1,-1,21.160959
2183,32,2064,-1,-1,-1,-1,-1,159.132675
2184,32,2064,-1,-1,-1,-1,-1,161.857529
2185,32,32,-1,-1,-1,-1,-1,21.738497
2186,32,32,-1,-1,-1,-1,-1,21.354496
2187,32,32,-1,-1,-1,-1,-1,21.151745
2188,32,2064,-1,-1,-1,-1,-1,159.362045
2189,32,32,-1,-1,-1,-1,-1,21.612543
2190,32,32,-1,-1,-1,-1,-1,21.286913
2191,32,32,-1,-1,-1,-1,-1,21.169151
2192,32,32,-1,-1,-1,-1,-1,21.082111
2193,32,32,-1,-1,-1,-1,-1,21.076992
2194,32,32,-1,-1,-1,-1,-1,21.057535
2195,32,32,-1,-1,-1,-1,-1,21.0688
2196,32,32,-1,-1,-1,-1,-1,21.011456
2197,32,32,-1,-1,-1,-1,-1,21.005312
2198,32,32,-1,-1,-1,-1,-1,21.023745
2199,32,32,-1,-1,-1,-1,-1,21.010431
2200,32,32,-1,-1,-1,-1,-1,21.015553
2201,32,2064,-1,-1,-1,-1,-1,158.074875
2202,32,32,-1,-1,-1,-1,-1,21.640192
2203,32,32,-1,-1,-1,-1,-1,21.34016
2204,32,32,-1,-1,-1,-1,-1,21.198849
2205,32,32,-1,-1,-1,-1,-1,21.135361
2206,32,32,-1,-1,-1,-1,-1,21.075968
2207,32,32,-1,-1,-1,-1,-1,21.082111
2208,32,32,-1,-1,-1,-1,-1,21.104639
2209,32,32,-1,-1,-1,-1,-1,21.048321
2210,32,32,-1,-1,-1,-1,-1,21.037056
2211,32,32,-1,-1,-1,-1,-1,21.014528
2212,32,32,-1,-1,-1,-1,-1,21.019648
2213,32,32,-1,-1,-1,-1,-1,21.044224
2214,32,32,-1,-1,-1,-1,-1,21.069824
2215,32,32,-1,-1,-1,-1,-1,21.05344
2216,32,32,-1,-1,-1,-1,-1,21.050367
2217,32,2064,-1,-1,-1,-1,-1,159.034363
2218,32,32,-1,-1,-1,-1,-1,21.641216
2219,32,2064,-1,-1,-1,-1,-1,159.36615
2220,32,32,-1,-1,-1,-1,-1,21.608448
2221,32,32,-1,-1,-1,-1,-1,21.381121
2222,32,2064,-1,-1,-1,-1,-1,158.980103
2223,32,32,-1,-1,-1,-1,-1,21.620735
2224,32,32,-1,-1,-1,-1,-1,21.393408
2225,32,32,-1,-1,-1,-1,-1,21.215233
2226,32,4096,-1,-1,-1,-1,-1,279.371765
2227,32,32,-1,-1,-1,-1,-1,21.702656
2228,32,32,-1,-1,-1,-1,-1,21.430271
2229,32,32,-1,-1,-1,-1,-1,21.255169
2230,32,32,-1,-1,-1,-1,-1,21.128193
2231,32,32,-1,-1,-1,-1,-1,21.086208
2232,32,32,-1,-1,-1,-1,-1,21.10976
2233,32,32,-1,-1,-1,-1,-1,21.106688
2234,32,32,-1,-1,-1,-1,-1,21.062656
2235,32,2064,-1,-1,-1,-1,-1,158.784515
2236,32,4096,-1,-1,-1,-1,-1,282.291199
2237,32,32,-1,-1,-1,-1,-1,21.649408
2238,32,4096,-1,-1,-1,-1,-1,281.457672
2239,32,32,-1,-1,-1,-1,-1,21.629951
2240,32,32,-1,-1,-1,-1,-1,21.371904
2241,32,2064,-1,-1,-1,-1,-1,160.041977
2242,32,32,-1,-1,-1,-1,-1,21.656576
2243,32,32,-1,-1,-1,-1,-1,21.362688
2244,32,2064,-1,-1,-1,-1,-1,158.748672
2245,32,2064,-1,-1,-1,-1,-1,161.177597
2246,32,32,-1,-1,-1,-1,-1,21.633024
2247,32,32,-1,-1,-1,-1,-1,21.344255
2248,32,2064,-1,-1,-1,-1,-1,159.097855
2249,32,32,-1,-1,-1,-1,-1,21.656576
2250,32,32,-1,-1,-1,-1,-1,21.302273
2251,32,32,-1,-1,-1,-1,-1,21.193727
2252,32,2063,-1,-1,-1,-1,-1,158.270462
2253,32,32,-1,-1,-1,-1,-1,21.625856
2254,32,32,-1,-1,-1,-1,-1,21.31456
2255,32,32,-1,-1,-1,-1,-1,21.1712
2256,32,32,-1,-1,-1,-1,-1,21.117952
2257,32,32,-1,-1,-1,-1,-1,21.082111
2258,32,2064,-1,-1,-1,-1,-1,159.592453
2259,32,2064,-1,-1,-1,-1,-1,161.312775
2260,32,32,-1,-1,-1,-1,-1,21.614592
2261,32,32,-1,-1,-1,-1,-1,21.358591
2262,32,32,-1,-1,-1,-1,-1,21.16608
2263,32,32,-1,-1,-1,-1,-1,21.100544
2264,32,32,-1,-1,-1,-1,-1,21.103617
2265,32,32,-1,-1,-1,-1,-1,21.098495
2266,32,32,-1,-1,-1,-1,-1,21.041151
2267,32,32,-1,-1,-1,-1,-1,21.021696
2268,32,2064,-1,-1,-1,-1,-1,158.527481
2269,32,32,-1,-1,-1,-1,-1,21.598207
2270,32,32,-1,-1,-1,-1,-1,21.341185
2271,32,32,-1,-1,-1,-1,-1,21.158913
2272,32,32,-1,-1,-1,-1,-1,21.121023
2273,32,32,-1,-1,-1,-1,-1,21.100544
2274,32,32,-1,-1,-1,-1,-1,21.078016
2275,32,32,-1,-1,-1,-1,-1,21.096449
2276,32,32,-1,-1,-1,-1,-1,21.042175
2277,32,32,-1,-1,-1,-1,-1,21.031937
2278,32,2064,-1,-1,-1,-1,-1,159.124481
2279,32,32,-1,-1,-1,-1,-1,21.655552
2280,32,32,-1,-1,-1,-1,-1,21.361664
2281,32,32,-1,-1,-1,-1,-1,21.203968
2282,32,32,-1,-1,-1,-1,-1,21.072895
2283,32,2064,-1,-1,-1,-1,-1,159.30983
2284,32,2064,-1,-1,-1,-1,-1,161.325058
2285,32,32,-1,-1,-1,-1,-1,21.577728
2286,32,2064,-1,-1,-1,-1,-1,159.388672
2287,32,2064,-1,-1,-1,-1,-1,161.257477
2288,32,32,-1,-1,-1,-1,-1,21.586945
2289,32,32,-1,-1,-1,-1,-1,21.393408
2290,32,32,-1,-1,-1,-1,-1,21.214209
2291,32,32,-1,-1,-1,-1,-1,21.104639
2292,32,32,-1,-1,-1,-1,-1,21.071873
2293,32,32,-1,-1,-1,-1,-1,21.069824
2294,32,32,-1,-1,-1,-1,-1,21.08416
2295,32,32,-1,-1,-1,-1,-1,21.020672
2296,32,32,-1,-1,-1,-1,-1,21.026815
2297,32,2064,-1,-1,-1,-1,-1,158.07283
2298,32,2064,-1,-1,-1,-1,-1,161.225723
2299,32,32,-1,-1,-1,-1,-1,21.652479
2300,32,2064,-1,-1,-1,-1,-1,159.869949
2301,32,32,-1,-1,-1,-1,-1,21.597183
2302,32,32,-1,-1,-1,-1,-1,21.387264
2303,32,32,-1,-1,-1,-1,-1,21.176319
2304,32,2064,-1,-1,-1,-1,-1,159.488007
2305,32,32,-1,-1,-1,-1,-1,21.582848
2306,32,32,-1,-1,-1,-1,-1,21.357569
2307,32,32,-1,-1,-1,-1,-1,21.190657
2308,32,2064,-1,-1,-1,-1,-1,159.174652
2309,32,32,-1,-1,-1,-1,-1,21.634048
2310,32,32,-1,-1,-1,-1,-1,21.348352
2311,32,32,-1,-1,-1,-1,-1,21.15584
2312,32,32,-1,-1,-1,-1,-1,21.088257
2313,32,4096,-1,-1,-1,-1,-1,279.428101
2314,32,32,-1,-1,-1,-1,-1,21.763071
2315,32,32,-1,-1,-1,-1,-1,21.372929
2316,32,2064,-1,-1,-1,-1,-1,158.586884
2317,32,32,-1,-1,-1,-1,-1,21.614592
2318,32,32,-1,-1,-1,-1,-1,21.302273
2319,32,32,-1,-1,-1,-1,-1,21.174273
2320,32,32,-1,-1,-1,-1,-1,21.154816
2321,32,32,-1,-1,-1,-1,-1,21.113855
2322,32,2064,-1,-1,-1,-1,-1,158.40358
2323,32,32,-1,-1,-1,-1,-1,21.573631
2324,32,32,-1,-1,-1,-1,-1,21.35552
2325,32,32,-1,-1,-1,-1,-1,21.161983
2326,32,32,-1,-1,-1,-1,-1,21.106688
2327,32,32,-1,-1,-1,-1,-1,21.071873
2328,32,32,-1,-1,-1,-1,-1,21.092352
2329,32,32,-1,-1,-1,-1,-1,21.085184
2330,32,32,-1,-1,-1,-1,-1,21.02272
2331,32,32,-1,-1,-1,-1,-1,21.015553
2332,32,32,-1,-1,-1,-1,-1,21.023745
2333,32,32,-1,-1,-1,-1,-1,21.030912
2334,32,32,-1,-1,-1,-1,-1,21.018623
2335,32,32,-1,-1,-1,-1,-1,21.02784
2336,32,32,-1,-1,-1,-1,-1,21.040129
2337,32,32,-1,-1,-1,-1,-1,21.032961
2338,32,32,-1,-1,-1,-1,-1,21.054464
2339,32,32,-1,-1,-1,-1,-1,21.047297
2340,32,32,-1,-1,-1,-1,-1,21.063681
2341,32,32,-1,-1,-1,-1,-1,21.062656
2342,32,32,-1,-1,-1,-1,-1,21.0432
2343,32,2064,-1,-1,-1,-1,-1,158.532608
2344,32,32,-1,-1,-1,-1,-1,21.6064
2345,32,2064,-1,-1,-1,-1,-1,158.714874
2346,32,2064,-1,-1,-1,-1,-1,161.284103
2347,32,32,-1,-1,-1,-1,-1,21.651457
2348,32,32,-1,-1,-1,-1,-1,21.384192
2349,32,2064,-1,-1,-1,-1,-1,158.711807
2350,32,32,-1,-1,-1,-1,-1,21.584896
2351,32,32,-1,-1,-1,-1,-1,21.346304
2352,32,32,-1,-1,-1,-1,-1,21.191681
2353,32,32,-1,-1,-1,-1,-1,21.150721
2354,32,6128,-1,-1,-1,-1,-1,412.695557
2355,32,32,-1,-1,-1,-1,-1,21.682177
2356,32,4096,-1,-1,-1,-1,-1,280.604675
2357,32,32,-1,-1,-1,-1,-1,21.655552
2358,32,32,-1,-1,-1,-1,-1,21.379072
2359,32,32,-1,-1,-1,-1,-1,21.231615
2360,32,32,-1,-1,-1,-1,-1,21.145599
2361,32,2064,-1,-1,-1,-1,-1,158.688263
2362,32,32,-1,-1,-1,-1,-1,21.619713
2363,32,32,-1,-1,-1,-1,-1,21.367807
2364,32,32,-1,-1,-1,-1,-1,21.161983
2365,32,2064,-1,-1,-1,-1,-1,158.733307
2366,32,2064,-1,-1,-1,-1,-1,161.277954
2367,32,32,-1,-1,-1,-1,-1,21.671936
2368,32,32,-1,-1,-1,-1,-1,21.32992
2369,32,32,-1,-1,-1,-1,-1,21.18144
2370,32,32,-1,-1,-1,-1,-1,21.121023
2371,32,2064,-1,-1,-1,-1,-1,159.278076
2372,32,32,-1,-1,-1,-1,-1,21.6064
2373,32,32,-1,-1,-1,-1,-1,21.34016
2374,32,2063,-1,-1,-1,-1,-1,158.630905
2375,32,32,-1,-1,-1,-1,-1,21.558271
2376,32,32,-1,-1,-1,-1,-1,21.326847
2377,32,32,-1,-1,-1,-1,-1,21.1712
2378,32,2064,-1,-1,-1,-1,-1,159.512573
2379,32,32,-1,-1,-1,-1,-1,21.561344
2380,32,32,-1,-1,-1,-1,-1,21.32992
2381,32,2063,-1,-1,-1,-1,-1,159.025146
2382,32,32,-1,-1,-1,-1,-1,21.61664
2383,32,32,-1,-1,-1,-1,-1,21.305344
2384,32,32,-1,-1,-1,-1,-1,21.137407
2385,32,32,-1,-1,-1,-1,-1,21.056513
2386,32,32,-1,-1,-1,-1,-1,21.055489
2387,32,32,-1,-1,-1,-1,-1,21.074944
2388,32,32,-1,-1,-1,-1,-1,21.033983
2389,32,32,-1,-1,-1,-1,-1,21.005312
2390,32,2064,-1,-1,-1,-1,-1,158.752762
2391,32,32,-1,-1,-1,-1,-1,21.583872
2392,32,2064,-1,-1,-1,-1,-1,159.456253
2393,32,32,-1,-1,-1,-1,-1,21.566463
2394,32,32,-1,-1,-1,-1,-1,21.315584
2395,32,32,-1,-1,-1,-1,-1,21.174273
2396,32,32,-1,-1,-1,-1,-1,21.083136
2397,32,32,-1,-1,-1,-1,-1,21.0688
2398,32,32,-1,-1,-1,-1,-1,21.067776
2399,32,32,-1,-1,-1,-1,-1,21.098495
2400,32,32,-1,-1,-1,-1,-1,21.02784
2401,32,32,-1,-1,-1,-1,-1,21.005312
2402,32,32,-1,-1,-1,-1,-1,21.02784
2403,32,32,-1,-1,-1,-1,-1,21.030912
2404,32,32,-1,-1,-1,-1,-1,21.058559
2405,32,32,-1,-1,-1,-1,-1,21.032961
2406,32,32,-1,-1,-1,-1,-1,21.025791
2407,32,32,-1,-1,-1,-1,-1,21.042175
2408,32,32,-1,-1,-1,-1,-1,21.052416
2409,32,32,-1,-1,-1,-1,-1,21.057535
2410,32,32,-1,-1,-1,-1,-1,21.050367
2411,32,32,-1,-1,-1,-1,-1,21.049343
2412,32,2064,-1,-1,-1,-1,-1,158.457855
2413,32,2064,-1,-1,-1,-1,-1,161.392639
2414,32,2064,-1,-1,-1,-1,-1,161.433594
2415,32,4096,-1,-1,-1,-1,-1,282.35675
2416,32,32,-1,-1,-1,-1,-1,21.708799
2417,32,32,-1,-1,-1,-1,-1,21.342209
2418,32,32,-1,-1,-1,-1,-1,21.206017
2419,32,2064,-1,-1,-1,-1,-1,159.356934
2420,32,2064,-1,-1,-1,-1,-1,161.138687
2421,32,2064,-1,-1,-1,-1,-1,161.289215
2422,32,32,-1,-1,-1,-1,-1,21.600256
2423,32,32,-1,-1,-1,-1,-1,21.37088
2424,32,32,-1,-1,-1,-1,-1,21.195776
2425,32,32,-1,-1,-1,-1,-1,21.090303
2426,32,32,-1,-1,-1,-1,-1,21.073919
2427,32,32,-1,-1,-1,-1,-1,21.081087
2428,32,2064,-1,-1,-1,-1,-1,159.671295
2429,32,32,-1,-1,-1,-1,-1,21.671936
2430,32,32,-1,-1,-1,-1,-1,21.344255
2431,32,32,-1,-1,-1,-1,-1,21.217279
2432,32,32,-1,-1,-1,-1,-1,21.115904
2433,32,32,-1,-1,-1,-1,-1,21.079041
2434,32,32,-1,-1,-1,-1,-1,21.082111
2435,32,32,-1,-1,-1,-1,-1,21.091328
2436,32,32,-1,-1,-1,-1,-1,21.058559
2437,32,2064,-1,-1,-1,-1,-1,159.25145
2438,32,32,-1,-1,-1,-1,-1,21.590015
2439,32,2064,-1,-1,-1,-1,-1,159.331329
2440,32,32,-1,-1,-1,-1,-1,21.617664
2441,32,2064,-1,-1,-1,-1,-1,159.553543
2442,32,32,-1,-1,-1,-1,-1,21.641216
2443,32,32,-1,-1,-1,-1,-1,21.304319
2444,32,32,-1,-1,-1,-1,-1,21.141504
2445,32,32,-1,-1,-1,-1,-1,21.054464
2446,32,32,-1,-1,-1,-1,-1,21.075968
2447,32,2064,-1,-1,-1,-1,-1,159.603714
2448,32,32,-1,-1,-1,-1,-1,21.615616
2449,32,2064,-1,-1,-1,-1,-1,159.584259
2450,32,32,-1,-1,-1,-1,-1,21.614592
2451,32,32,-1,-1,-1,-1,-1,21.339136
2452,32,32,-1,-1,-1,-1,-1,21.219328
2453,32,32,-1,-1,-1,-1,-1,21.105663
2454,32,32,-1,-1,-1,-1,-1,21.118977
2455,32,32,-1,-1,-1,-1,-1,21.149696
2456,32,32,-1,-1,-1,-1,-1,21.129215
2457,32,32,-1,-1,-1,-1,-1,21.073919
2458,32,32,-1,-1,-1,-1,-1,21.033983
2459,32,32,-1,-1,-1,-1,-1,21.010431
2460,32,32,-1,-1,-1,-1,-1,21.039104
2461,32,32,-1,-1,-1,-1,-1,21.044224
2462,32,32,-1,-1,-1,-1,-1,21.016577
2463,32,32,-1,-1,-1,-1,-1,21.060608
2464,32,32,-1,-1,-1,-1,-1,21.025791
2465,32,32,-1,-1,-1,-1,-1,21.0432
2466,32,32,-1,-1,-1,-1,-1,21.049343
2467,32,32,-1,-1,-1,-1,-1,21.058559
2468,32,32,-1,-1,-1,-1,-1,21.058559
2469,32,4096,-1,-1,-1,-1,-1,279.870453
2470,32,32,-1,-1,-1,-1,-1,21.794815
2471,32,2063,-1,-1,-1,-1,-1,159.55661
2472,32,32,-1,-1,-1,-1,-1,21.670912
2473,32,32,-1,-1,-1,-1,-1,21.35552
2474,32,32,-1,-1,-1,-1,-1,21.1968
2475,32,32,-1,-1,-1,-1,-1,21.09952
2476,32,2064,-1,-1,-1,-1,-1,159.022079
2477,32,32,-1,-1,-1,-1,-1,21.645311
2478,32,2064,-1,-1,-1,-1,-1,159.74707
2479,32,4096,-1,-1,-1,-1,-1,282.409973
2480,32,32,-1,-1,-1,-1,-1,21.654528
2481,32,4095,-1,-1,-1,-1,-1,282.985474
2482,32,32,-1,-1,-1,-1,-1,21.727232
2483,32,32,-1,-1,-1,-1,-1,21.460993
2484,32,32,-1,-1,-1,-1,-1,21.20192
2485,32,2064,-1,-1,-1,-1,-1,158.681091
2486,32,32,-1,-1,-1,-1,-1,21.676031
2487,32,32,-1,-1,-1,-1,-1,21.409792
2488,32,32,-1,-1,-1,-1,-1,21.197824
2489,32,32,-1,-1,-1,-1,-1,21.149696
2490,32,2064,-1,-1,-1,-1,-1,159.599609
2491,32,32,-1,-1,-1,-1,-1,21.582848
2492,32,32,-1,-1,-1,-1,-1,21.34016
2493,32,32,-1,-1,-1,-1,-1,21.234688
2494,32,32,-1,-1,-1,-1,-1,21.146624
2495,32,32,-1,-1,-1,-1,-1,21.100544
2496,32,2064,-1,-1,-1,-1,-1,158.575623
2497,32,32,-1,-1,-1,-1,-1,21.595137
2498,32,32,-1,-1,-1,-1,-1,21.367807
2499,32,32,-1,-1,-1,-1,-1,21.18656
2500,32,32,-1,-1,-1,-1,-1,21.085184
2501,32,32,-1,-1,-1,-1,-1,21.0944
2502,32,32,-1,-1,-1,-1,-1,21.087233
2503,32,32,-1,-1,-1,-1,-1,21.0944
2504,32,2064,-1,-1,-1,-1,-1,158.499847
2505,32,2064,-1,-1,-1,-1,-1,161.258499
2506,32,32,-1,-1,-1,-1,-1,21.687296
2507,32,2063,-1,-1,-1,-1,-1,159.344635
2508,32,2063,-1,-1,-1,-1,-1,161.175552
2509,32,32,-1,-1,-1,-1,-1,21.581823
2510,32,32,-1,-1,-1,-1,-1,21.351423
2511,32,32,-1,-1,-1,-1,-1,21.188608
2512,32,32,-1,-1,-1,-1,-1,21.11488
2513,32,32,-1,-1,-1,-1,-1,21.085184
2514,32,32,-1,-1,-1,-1,-1,21.080065
2515,32,32,-1,-1,-1,-1,-1,21.089279
2516,32,2064,-1,-1,-1,-1,-1,159.234055
2517,32,32,-1,-1,-1,-1,-1,21.677055
2518,32,32,-1,-1,-1,-1,-1,21.366783
2519,32,2064,-1,-1,-1,-1,-1,159.936508
2520,32,32,-1,-1,-1,-1,-1,21.661695
2521,32,32,-1,-1,-1,-1,-1,21.32992
2522,32,32,-1,-1,-1,-1,-1,21.209087
2523,32,32,-1,-1,-1,-1,-1,21.093376
2524,32,32,-1,-1,-1,-1,-1,21.085184
2525,32,32,-1,-1,-1,-1,-1,21.086208
2526,32,32,-1,-1,-1,-1,-1,21.076992
2527,32,32,-1,-1,-1,-1,-1,21.076992
2528,32,32,-1,-1,-1,-1,-1,21.031937
2529,32,2064,-1,-1,-1,-1,-1,159.041534
2530,32,32,-1,-1,-1,-1,-1,21.605375
2531,32,32,-1,-1,-1,-1,-1,21.368832
2532,32,2064,-1,-1,-1,-1,-1,159.004669
2533,32,32,-1,-1,-1,-1,-1,21.704704
2534,32,32,-1,-1,-1,-1,-1,21.41184
2535,32,32,-1,-1,-1,-1,-1,21.279743
2536,32,2064,-1,-1,-1,-1,-1,158.202881
2537,32,2064,-1,-1,-1,-1,-1,161.249283
2538,32,32,-1,-1,-1,-1,-1,21.680128
2539,32,32,-1,-1,-1,-1,-1,21.341185
2540,32,2064,-1,-1,-1,-1,-1,159.773697
2541,32,32,-1,-1,-1,-1,-1,21.676031
2542,32,32,-1,-1,-1,-1,-1,21.323776
2543,32,32,-1,-1,-1,-1,-1,21.20192
2544,32,2064,-1,-1,-1,-1,-1,158.622726
2545,32,32,-1,-1,-1,-1,-1,21.605375
2546,32,32,-1,-1,-1,-1,-1,21.336063
2547,32,2063,-1,-1,-1,-1,-1,158.857224
2548,32,32,-1,-1,-1,-1,-1,21.595137
2549,32,32,-1,-1,-1,-1,-1,21.385216
2550,32,32,-1,-1,-1,-1,-1,21.202944
2551,32,32,-1,-1,-1,-1,-1,21.122047
2552,32,32,-1,-1,-1,-1,-1,21.112831
2553,32,32,-1,-1,-1,-1,-1,21.09952
2554,32,2063,-1,-1,-1,-1,-1,158.084091
2555,32,2063,-1,-1,-1,-1,-1,161.285126
2556,32,32,-1,-1,-1,-1,-1,21.689344
2557,32,32,-1,-1,-1,-1,-1,21.374975
2558,32,32,-1,-1,-1,-1,-1,21.231615
2559,32,32,-1,-1,-1,-1,-1,21.160959
2560,32,2064,-1,-1,-1,-1,-1,158.376953
2561,32,32,-1,-1,-1,-1,-1,21.596161
2562,32,32,-1,-1,-1,-1,-1,21.306368
2563,32,32,-1,-1,-1,-1,-1,21.169151
2564,32,32,-1,-1,-1,-1,-1,21.154816
2565,32,32,-1,-1,-1,-1,-1,21.085184
2566,32,32,-1,-1,-1,-1,-1,21.096449
2567,32,2063,-1,-1,-1,-1,-1,158.465027
2568,32,32,-1,-1,-1,-1,-1,21.648384
2569,32,32,-1,-1,-1,-1,-1,21.402624
2570,32,32,-1,-1,-1,-1,-1,21.178368
2571,32,32,-1,-1,-1,-1,-1,21.0944
2572,32,32,-1,-1,-1,-1,-1,21.11488
2573,32,32,-1,-1,-1,-1,-1,21.105663
2574,32,32,-1,-1,-1,-1,-1,21.087233
2575,32,2064,-1,-1,-1,-1,-1,158.414841
2576,32,32,-1,-1,-1,-1,-1,21.638144
2577,32,32,-1,-1,-1,-1,-1,21.41184
2578,32,32,-1,-1,-1,-1,-1,21.230593
2579,32,32,-1,-1,-1,-1,-1,21.137407
2580,32,32,-1,-1,-1,-1,-1,21.128193
2581,32,32,-1,-1,-1,-1,-1,21.130239
2582,32,32,-1,-1,-1,-1,-1,21.120001
2583,32,2063,-1,-1,-1,-1,-1,157.785095
2584,32,2064,-1,-1,-1,-1,-1,161.180679
2585,32,32,-1,-1,-1,-1,-1,21.715967
2586,32,4096,-1,-1,-1,-1,-1,280.863739
2587,32,32,-1,-1,-1,-1,-1,21.783552
2588,32,32,-1,-1,-1,-1,-1,21.436417
2589,32,2064,-1,-1,-1,-1,-1,158.437378
2590,32,32,-1,-1,-1,-1,-1,21.868544
2591,32,2064,-1,-1,-1,-1,-1,160.13414
2592,32,2064,-1,-1,-1,-1,-1,161.241089
2593,32,32,-1,-1,-1,-1,-1,21.6576
2594,32,2064,-1,-1,-1,-1,-1,160.303101
2595,32,32,-1,-1,-1,-1,-1,21.659649
2596,32,32,-1,-1,-1,-1,-1,21.319679
2597,32,32,-1,-1,-1,-1,-1,21.189632
2598,32,32,-1,-1,-1,-1,-1,21.116928
2599,32,32,-1,-1,-1,-1,-1,21.089279
2600,32,32,-1,-1,-1,-1,-1,21.087233
2601,32,4096,-1,-1,-1,-1,-1,279.478271
2602,32,32,-1,-1,-1,-1,-1,21.658625
2603,32,32,-1,-1,-1,-1,-1,21.382145
2604,32,32,-1,-1,-1,-1,-1,21.177343
2605,32,32,-1,-1,-1,-1,-1,21.090303
2606,32,32,-1,-1,-1,-1,-1,21.033983
2607,32,32,-1,-1,-1,-1,-1,21.095425
2608,32,32,-1,-1,-1,-1,-1,21.0688
2609,32,32,-1,-1,-1,-1,-1,21.032961
2610,32,32,-1,-1,-1,-1,-1,21.042175
2611,32,4096,-1,-1,-1,-1,-1,279.02771
2612,32,32,-1,-1,-1,-1,-1,21.709824
2613,32,32,-1,-1,-1,-1,-1,21.397505
2614,32,32,-1,-1,-1,-1,-1,21.189632
2615,32,2064,-1,-1,-1,-1,-1,158.586884
2616,32,32,-1,-1,-1,-1,-1,21.58592
2617,32,32,-1,-1,-1,-1,-1,21.366783
2618,32,2064,-1,-1,-1,-1,-1,159.408127
2619,32,32,-1,-1,-1,-1,-1,21.617664
2620,32,32,-1,-1,-1,-1,-1,21.403648
2621,32,32,-1,-1,-1,-1,-1,21.18656
2622,32,32,-1,-1,-1,-1,-1,21.072895
2623,32,32,-1,-1,-1,-1,-1,21.079041
2624,32,32,-1,-1,-1,-1,-1,21.092352
2625,32,32,-1,-1,-1,-1,-1,21.078016
2626,32,32,-1,-1,-1,-1,-1,21.030912
2627,32,32,-1,-1,-1,-1,-1,21.047297
2628,32,32,-1,-1,-1,-1,-1,21.025791
2629,32,32,-1,-1,-1,-1,-1,21.016577
2630,32,32,-1,-1,-1,-1,-1,21.018623
2631,32,2064,-1,-1,-1,-1,-1,158.901245
2632,32,2064,-1,-1,-1,-1,-1,161.209351
2633,32,4096,-1,-1,-1,-1,-1,282.20517
2634,32,2064,-1,-1,-1,-1,-1,161.759232
2635,32,32,-1,-1,-1,-1,-1,21.665792
2636,32,32,-1,-1,-1,-1,-1,21.378048
2637,32,32,-1,-1,-1,-1,-1,21.216255
2638,32,2064,-1,-1,-1,-1,-1,158.843903
2639,32,32,-1,-1,-1,-1,-1,21.650433
2640,32,32,-1,-1,-1,-1,-1,21.353472
2641,32,32,-1,-1,-1,-1,-1,21.204992
2642,32,32,-1,-1,-1,-1,-1,21.126144
2643,32,32,-1,-1,-1,-1,-1,21.098495
2644,32,32,-1,-1,-1,-1,-1,21.09952
2645,32,32,-1,-1,-1,-1,-1,21.085184
2646,32,32,-1,-1,-1,-1,-1,21.03808
2647,32,32,-1,-1,-1,-1,-1,21.014528
2648,32,32,-1,-1,-1,-1,-1,21.031937
2649,32,32,-1,-1,-1,-1,-1,21.031937
2650,32,32,-1,-1,-1,-1,-1,21.042175
2651,32,32,-1,-1,-1,-1,-1,21.036032
2652,32,32,-1,-1,-1,-1,-1,21.047297
2653,32,32,-1,-1,-1,-1,-1,21.029888
2654,32,2064,-1,-1,-1,-1,-1,158.954498
2655,32,32,-1,-1,-1,-1,-1,21.639168
2656,32,32,-1,-1,-1,-1,-1,21.363712
2657,32,32,-1,-1,-1,-1,-1,21.206017
2658,32,32,-1,-1,-1,-1,-1,21.135361
2659,32,32,-1,-1,-1,-1,-1,21.110785
2660,32,32,-1,-1,-1,-1,-1,21.132288
2661,32,32,-1,-1,-1,-1,-1,21.080065
2662,32,32,-1,-1,-1,-1,-1,21.041151
2663,32,4096,-1,-1,-1,-1,-1,279.781372
2664,32,32,-1,-1,-1,-1,-1,21.782528
2665,32,32,-1,-1,-1,-1,-1,21.426176
2666,32,32,-1,-1,-1,-1,-1,21.213184
2667,32,32,-1,-1,-1,-1,-1,21.144575
2668,32,32,-1,-1,-1,-1,-1,21.113855
2669,32,2063,-1,-1,-1,-1,-1,158.639099
2670,32,2063,-1,-1,-1,-1,-1,161.254395
2671,32,32,-1,-1,-1,-1,-1,21.634048
2672,32,4096,-1,-1,-1,-1,-1,280.609802
2673,32,2064,-1,-1,-1,-1,-1,162.099197
2674,32,32,-1,-1,-1,-1,-1,21.599232
2675,32,32,-1,-1,-1,-1,-1,21.292032
2676,32,32,-1,-1,-1,-1,-1,21.160959
2677,32,32,-1,-1,-1,-1,-1,21.097471
2678,32,32,-1,-1,-1,-1,-1,21.080065
2679,32,32,-1,-1,-1,-1,-1,21.113855
2680,32,32,-1,-1,-1,-1,-1,21.11488
2681,32,32,-1,-1,-1,-1,-1,21.024769
2682,32,32,-1,-1,-1,-1,-1,21.025791
2683,32,2064,-1,-1,-1,-1,-1,159.494141
2684,32,32,-1,-1,-1,-1,-1,21.630976
2685,32,32,-1,-1,-1,-1,-1,21.359615
2686,32,2064,-1,-1,-1,-1,-1,159.686661
2687,32,32,-1,-1,-1,-1,-1,21.614592
2688,32,32,-1,-1,-1,-1,-1,21.3248
2689,32,32,-1,-1,-1,-1,-1,21.191681
2690,32,32,-1,-1,-1,-1,-1,21.123072
2691,32,32,-1,-1,-1,-1,-1,21.092352
2692,32,32,-1,-1,-1,-1,-1,21.066751
2693,32,32,-1,-1,-1,-1,-1,21.088257
2694,32,2064,-1,-1,-1,-1,-1,159.652863
2695,32,32,-1,-1,-1,-1,-1,21.718016
2696,32,32,-1,-1,-1,-1,-1,21.37088
2697,32,32,-1,-1,-1,-1,-1,21.257215
2698,32,32,-1,-1,-1,-1,-1,21.159937
2699,32,32,-1,-1,-1,-1,-1,21.111809
2700,32,32,-1,-1,-1,-1,-1,21.096449
2701,32,32,-1,-1,-1,-1,-1,21.105663
2702,32,2064,-1,-1,-1,-1,-1,158.186493
2703,32,32,-1,-1,-1,-1,-1,21.648384
2704,32,32,-1,-1,-1,-1,-1,21.45792
2705,32,32,-1,-1,-1,-1,-1,21.232639
2706,32,2064,-1,-1,-1,-1,-1,159.569916
2707,32,32,-1,-1,-1,-1,-1,21.663744
2708,32,32,-1,-1,-1,-1,-1,21.382145
2709,32,32,-1,-1,-1,-1,-1,21.189632
2710,32,4096,-1,-1,-1,-1,-1,279.351288
2711,32,2064,-1,-1,-1,-1,-1,161.576965
2712,32,32,-1,-1,-1,-1,-1,21.689344
2713,32,32,-1,-1,-1,-1,-1,21.381121
2714,32,2064,-1,-1,-1,-1,-1,159.868927
2715,32,2063,-1,-1,-1,-1,-1,161.23085
2716,32,32,-1,-1,-1,-1,-1,21.640192
2717,32,32,-1,-1,-1,-1,-1,21.325825
2718,32,32,-1,-1,-1,-1,-1,21.224447
2719,32,32,-1,-1,-1,-1,-1,21.132288
2720,32,2064,-1,-1,-1,-1,-1,158.195709
2721,32,32,-1,-1,-1,-1,-1,21.599232
2722,32,32,-1,-1,-1,-1,-1,21.347328
2723,32,32,-1,-1,-1,-1,-1,21.197824
2724,32,32,-1,-1,-1,-1,-1,21.102592
2725,32,32,-1,-1,-1,-1,-1,21.074944
2726,32,32,-1,-1,-1,-1,-1,21.126144
2727,32,32,-1,-1,-1,-1,-1,21.131264
2728,32,32,-1,-1,-1,-1,-1,21.047297
2729,32,2064,-1,-1,-1,-1,-1,159.089661
2730,32,32,-1,-1,-1,-1,-1,21.663744
2731,32,2064,-1,-1,-1,-1,-1,159.515656
2732,32,2063,-1,-1,-1,-1,-1,161.233917
2733,32,2048,-1,-1,-1,-1,-1,152.541183
2734,32,32,-1,-1,-1,-1,-1,21.659649
2735,32,32,-1,-1,-1,-1,-1,21.412865
2736,32,32,-1,-1,-1,-1,-1,21.225471
2737,32,2064,-1,-1,-1,-1,-1,159.577087
2738,32,32,-1,-1,-1,-1,-1,21.787647
2739,32,32,-1,-1,-1,-1,-1,21.440512
2740,32,32,-1,-1,-1,-1,-1,21.193727
2741,32,32,-1,-1,-1,-1,-1,21.141504
2742,32,32,-1,-1,-1,-1,-1,21.108736
2743,32,32,-1,-1,-1,-1,-1,21.075968
2744,32,32,-1,-1,-1,-1,-1,21.106688
2745,32,32,-1,-1,-1,-1,-1,21.048321
2746,32,32,-1,-1,-1,-1,-1,21.032961
2747,32,32,-1,-1,-1,-1,-1,21.0432
2748,32,2064,-1,-1,-1,-1,-1,159.454208
2749,32,2064,-1,-1,-1,-1,-1,161.307648
2750,32,2064,-1,-1,-1,-1,-1,161.25235
2751,32,2064,-1,-1,-1,-1,-1,161.286148
2752,32,32,-1,-1,-1,-1,-1,21.658625
2753,32,32,-1,-1,-1,-1,-1,21.318657
2754,32,32,-1,-1,-1,-1,-1,21.187584
2755,32,32,-1,-1,-1,-1,-1,21.061632
2756,32,2064,-1,-1,-1,-1,-1,158.93811
2757,32,32,-1,-1,-1,-1,-1,21.651457
2758,32,32,-1,-1,-1,-1,-1,21.4272
2759,32,32,-1,-1,-1,-1,-1,21.209087
2760,32,32,-1,-1,-1,-1,-1,21.092352
2761,32,32,-1,-1,-1,-1,-1,21.080065
2762,32,32,-1,-1,-1,-1,-1,21.0944
2763,32,32,-1,-1,-1,-1,-1,21.105663
2764,32,32,-1,-1,-1,-1,-1,21.030912
2765,32,2064,-1,-1,-1,-1,-1,159.026169
2766,32,32,-1,-1,-1,-1,-1,21.686272
2767,32,2063,-1,-1,-1,-1,-1,159.237122
2768,32,32,-1,-1,-1,-1,-1,21.658625
2769,32,32,-1,-1,-1,-1,-1,21.361664
2770,32,32,-1,-1,-1,-1,-1,21.175297
2771,32,2064,-1,-1,-1,-1,-1,159.589371
2772,32,32,-1,-1,-1,-1,-1,21.649408
2773,32,32,-1,-1,-1,-1,-1,21.361664
2774,32,32,-1,-1,-1,-1,-1,21.218304
2775,32,32,-1,-1,-1,-1,-1,21.122047
2776,32,32,-1,-1,-1,-1,-1,21.051392
2777,32,32,-1,-1,-1,-1,-1,21.112831
2778,32,32,-1,-1,-1,-1,-1,21.093376
2779,32,32,-1,-1,-1,-1,-1,21.037056
2780,32,32,-1,-1,-1,-1,-1,21.020672
2781,32,2063,-1,-1,-1,-1,-1,159.067139
2782,32,2064,-1,-1,-1,-1,-1,161.223679
2783,32,32,-1,-1,-1,-1,-1,21.67296
2784,32,32,-1,-1,-1,-1,-1,21.275648
2785,32,32,-1,-1,-1,-1,-1,21.128193
2786,32,32,-1,-1,-1,-1,-1,21.089279
2787,32,32,-1,-1,-1,-1,-1,21.085184
2788,32,2064,-1,-1,-1,-1,-1,159.358978
2789,32,32,-1,-1,-1,-1,-1,21.595137
2790,32,2064,-1,-1,-1,-1,-1,158.754822
2791,32,32,-1,-1,-1,-1,-1,21.607424
2792,32,32,-1,-1,-1,-1,-1,21.436417
2793,32,32,-1,-1,-1,-1,-1,21.210112
2794,32,32,-1,-1,-1,-1,-1,21.128193
2795,32,2063,-1,-1,-1,-1,-1,159.32518
2796,32,2064,-1,-1,-1,-1,-1,161.117188
2797,32,32,-1,-1,-1,-1,-1,21.690369
2798,32,2063,-1,-1,-1,-1,-1,159.400955
2799,32,2064,-1,-1,-1,-1,-1,161.239044
2800,32,32,-1,-1,-1,-1,-1,21.669888
2801,32,32,-1,-1,-1,-1,-1,21.419008
2802,32,32,-1,-1,-1,-1,-1,21.193727
2803,32,32,-1,-1,-1,-1,-1,21.093376
2804,32,32,-1,-1,-1,-1,-1,21.110785
2805,32,32,-1,-1,-1,-1,-1,21.064705
2806,32,32,-1,-1,-1,-1,-1,21.075968
2807,32,32,-1,-1,-1,-1,-1,21.030912
2808,32,32,-1,-1,-1,-1,-1,20.984833
2809,32,2064,-1,-1,-1,-1,-1,158.107651
2810,32,2064,-1,-1,-1,-1,-1,161.304581
2811,32,32,-1,-1,-1,-1,-1,21.59104
2812,32,32,-1,-1,-1,-1,-1,21.36064
2813,32,32,-1,-1,-1,-1,-1,21.183489
2814,32,32,-1,-1,-1,-1,-1,21.102592
2815,32,32,-1,-1,-1,-1,-1,21.090303
2816,32,32,-1,-1,-1,-1,-1,21.103617
2817,32,32,-1,-1,-1,-1,-1,21.092352
2818,32,32,-1,-1,-1,-1,-1,21.058559
2819,32,32,-1,-1,-1,-1,-1,21.066751
2820,32,32,-1,-1,-1,-1,-1,21.02272
2821,32,2064,-1,-1,-1,-1,-1,159.109116
2822,32,2064,-1,-1,-1,-1,-1,161.42746
2823,32,32,-1,-1,-1,-1,-1,21.626881
2824,32,32,-1,-1,-1,-1,-1,21.394432
2825,32,32,-1,-1,-1,-1,-1,21.221376
2826,32,32,-1,-1,-1,-1,-1,21.112831
2827,32,2064,-1,-1,-1,-1,-1,158.331909
2828,32,32,-1,-1,-1,-1,-1,21.630976
2829,32,32,-1,-1,-1,-1,-1,21.354496
2830,32,32,-1,-1,-1,-1,-1,21.241856
2831,32,2064,-1,-1,-1,-1,-1,159.790085
2832,32,2064,-1,-1,-1,-1,-1,161.184769
2833,32,32,-1,-1,-1,-1,-1,21.67296
2834,32,32,-1,-1,-1,-1,-1,21.343231
2835,32,32,-1,-1,-1,-1,-1,21.216255
2836,32,2064,-1,-1,-1,-1,-1,158.696442
2837,32,32,-1,-1,-1,-1,-1,21.617664
2838,32,32,-1,-1,-1,-1,-1,21.428225
2839,32,32,-1,-1,-1,-1,-1,21.215233
2840,32,2064,-1,-1,-1,-1,-1,159.508484
2841,32,2063,-1,-1,-1,-1,-1,160.890884
2842,32,32,-1,-1,-1,-1,-1,21.612543
2843,32,32,-1,-1,-1,-1,-1,21.41696
2844,32,32,-1,-1,-1,-1,-1,21.237761
2845,32,32,-1,-1,-1,-1,-1,21.107712
2846,32,32,-1,-1,-1,-1,-1,21.110785
2847,32,32,-1,-1,-1,-1,-1,21.08416
2848,32,2064,-1,-1,-1,-1,-1,159.351807
2849,32,32,-1,-1,-1,-1,-1,21.696512
2850,32,32,-1,-1,-1,-1,-1,21.343231
2851,32,32,-1,-1,-1,-1,-1,21.238785
2852,32,32,-1,-1,-1,-1,-1,21.170176
2853,32,2064,-1,-1,-1,-1,-1,158.73024
2854,32,32,-1,-1,-1,-1,-1,21.618689
2855,32,2064,-1,-1,-1,-1,-1,159.145981
2856,32,2064,-1,-1,-1,-1,-1,160.92775
2857,32,32,-1,-1,-1,-1,-1,21.640192
2858,32,32,-1,-1,-1,-1,-1,21.347328
2859,32,32,-1,-1,-1,-1,-1,21.187584
2860,32,32,-1,-1,-1,-1,-1,21.170176
2861,32,32,-1,-1,-1,-1,-1,21.137407
2862,32,32,-1,-1,-1,-1,-1,21.131264
2863,32,32,-1,-1,-1,-1,-1,21.132288
2864,32,32,-1,-1,-1,-1,-1,21.061632
2865,32,32,-1,-1,-1,-1,-1,21.030912
2866,32,2064,-1,-1,-1,-1,-1,159.357956
2867,32,32,-1,-1,-1,-1,-1,21.685247
2868,32,32,-1,-1,-1,-1,-1,21.44768
2869,32,2064,-1,-1,-1,-1,-1,159.871994
2870,32,32,-1,-1,-1,-1,-1,21.67808
2871,32,32,-1,-1,-1,-1,-1,21.378048
2872,32,32,-1,-1,-1,-1,-1,21.224447
2873,32,32,-1,-1,-1,-1,-1,21.164032
2874,32,2064,-1,-1,-1,-1,-1,158.392319
2875,32,2064,-1,-1,-1,-1,-1,161.352707
2876,32,32,-1,-1,-1,-1,-1,21.635073
2877,32,2064,-1,-1,-1,-1,-1,159.902725
2878,32,32,-1,-1,-1,-1,-1,21.569536
2879,32,32,-1,-1,-1,-1,-1,21.491713
2880,32,32,-1,-1,-1,-1,-1,21.172224
2881,32,32,-1,-1,-1,-1,-1,21.080065
2882,32,2064,-1,-1,-1,-1,-1,158.936066
2883,32,32,-1,-1,-1,-1,-1,21.668863
2884,32,32,-1,-1,-1,-1,-1,21.402624
2885,32,32,-1,-1,-1,-1,-1,21.21216
2886,32,2064,-1,-1,-1,-1,-1,159.154175
2887,32,32,-1,-1,-1,-1,-1,21.669888
2888,32,32,-1,-1,-1,-1,-1,21.346304
2889,32,32,-1,-1,-1,-1,-1,21.232639
2890,32,32,-1,-1,-1,-1,-1,21.175297
2891,32,32,-1,-1,-1,-1,-1,21.104639
2892,32,2064,-1,-1,-1,-1,-1,158.978043
2893,32,32,-1,-1,-1,-1,-1,21.666817
2894,32,32,-1,-1,-1,-1,-1,21.337088
2895,32,2064,-1,-1,-1,-1,-1,159.358978
2896,32,32,-1,-1,-1,-1,-1,21.666817
2897,32,2064,-1,-1,-1,-1,-1,159.630341
2898,32,32,-1,-1,-1,-1,-1,21.588991
2899,32,32,-1,-1,-1,-1,-1,21.444609
2900,32,32,-1,-1,-1,-1,-1,21.203968
2901,32,32,-1,-1,-1,-1,-1,21.123072
2902,32,32,-1,-1,-1,-1,-1,21.097471
2903,32,32,-1,-1,-1,-1,-1,21.096449
2904,32,32,-1,-1,-1,-1,-1,21.118977
2905,32,32,-1,-1,-1,-1,-1,21.039104
2906,32,32,-1,-1,-1,-1,-1,21.041151
2907,32,32,-1,-1,-1,-1,-1,21.0432
2908,32,2064,-1,-1,-1,-1,-1,159.269882
2909,32,2064,-1,-1,-1,-1,-1,161.255417
2910,32,2063,-1,-1,-1,-1,-1,161.226746
2911,32,32,-1,-1,-1,-1,-1,21.604353
2912,32,32,-1,-1,-1,-1,-1,21.408768
2913,32,2064,-1,-1,-1,-1,-1,158.608383
2914,32,32,-1,-1,-1,-1,-1,21.644287
2915,32,32,-1,-1,-1,-1,-1,21.363712
2916,32,2064,-1,-1,-1,-1,-1,159.873032
2917,32,32,-1,-1,-1,-1,-1,21.772287
2918,32,2064,-1,-1,-1,-1,-1,159.750137
2919,32,32,-1,-1,-1,-1,-1,21.617664
2920,32,32,-1,-1,-1,-1,-1,21.44256
2921,32,2064,-1,-1,-1,-1,-1,160.137222
2922,32,32,-1,-1,-1,-1,-1,21.702656
2923,32,32,-1,-1,-1,-1,-1,21.487616
2924,32,32,-1,-1,-1,-1,-1,21.208063
2925,32,32,-1,-1,-1,-1,-1,21.145599
2926,32,2064,-1,-1,-1,-1,-1,158.599167
2927,32,32,-1,-1,-1,-1,-1,21.638144
2928,32,32,-1,-1,-1,-1,-1,21.337088
2929,32,2064,-1,-1,-1,-1,-1,158.904327
2930,32,32,-1,-1,-1,-1,-1,21.613567
2931,32,32,-1,-1,-1,-1,-1,21.285889
2932,32,2064,-1,-1,-1,-1,-1,158.354431
2933,32,32,-1,-1,-1,-1,-1,21.648384
2934,32,32,-1,-1,-1,-1,-1,21.388288
2935,32,32,-1,-1,-1,-1,-1,21.231615
2936,32,32,-1,-1,-1,-1,-1,21.152767
2937,32,32,-1,-1,-1,-1,-1,21.091328
2938,32,32,-1,-1,-1,-1,-1,21.093376
2939,32,32,-1,-1,-1,-1,-1,21.115904
2940,32,32,-1,-1,-1,-1,-1,21.044224
2941,32,32,-1,-1,-1,-1,-1,21.064705
2942,32,32,-1,-1,-1,-1,-1,21.024769
2943,32,32,-1,-1,-1,-1,-1,21.046272
2944,32,2063,-1,-1,-1,-1,-1,159.162369
2945,32,32,-1,-1,-1,-1,-1,21.651457
2946,32,32,-1,-1,-1,-1,-1,21.326847
2947,32,32,-1,-1,-1,-1,-1,21.218304
2948,32,2064,-1,-1,-1,-1,-1,158.289917
2949,32,32,-1,-1,-1,-1,-1,21.636095
2950,32,2064,-1,-1,-1,-1,-1,159.451141
2951,32,32,-1,-1,-1,-1,-1,21.6064
2952,32,32,-1,-1,-1,-1,-1,21.353472
2953,32,32,-1,-1,-1,-1,-1,21.192703
2954,32,4095,-1,-1,-1,-1,-1,279.478271
2955,32,32,-1,-1,-1,-1,-1,21.673985
2956,32,32,-1,-1,-1,-1,-1,21.469185
2957,32,32,-1,-1,-1,-1,-1,21.169151
2958,32,4096,-1,-1,-1,-1,-1,279.483398
2959,32,32,-1,-1,-1,-1,-1,21.701632
2960,32,32,-1,-1,-1,-1,-1,21.433344
2961,32,32,-1,-1,-1,-1,-1,21.280767
2962,32,32,-1,-1,-1,-1,-1,21.098495
2963,32,32,-1,-1,-1,-1,-1,21.088257
2964,32,32,-1,-1,-1,-1,-1,21.113855
2965,32,32,-1,-1,-1,-1,-1,21.071873
2966,32,2064,-1,-1,-1,-1,-1,159.236099
2967,32,32,-1,-1,-1,-1,-1,21.652479
2968,32,32,-1,-1,-1,-1,-1,21.405697
2969,32,32,-1,-1,-1,-1,-1,21.223425
2970,32,32,-1,-1,-1,-1,-1,21.138432
2971,32,32,-1,-1,-1,-1,-1,21.080065
2972,32,32,-1,-1,-1,-1,-1,21.083136
2973,32,32,-1,-1,-1,-1,-1,21.089279
2974,32,2064,-1,-1,-1,-1,-1,159.464447
2975,32,32,-1,-1,-1,-1,-1,21.692415
2976,32,2064,-1,-1,-1,-1,-1,159.551483
2977,32,32,-1,-1,-1,-1,-1,21.694464
2978,32,2064,-1,-1,-1,-1,-1,159.984634
2979,32,32,-1,-1,-1,-1,-1,21.714945
2980,32,32,-1,-1,-1,-1,-1,21.424128
2981,32,32,-1,-1,-1,-1,-1,21.28384
2982,32,2064,-1,-1,-1,-1,-1,158.575623
2983,32,32,-1,-1,-1,-1,-1,21.641216
2984,32,32,-1,-1,-1,-1,-1,21.348352
2985,32,32,-1,-1,-1,-1,-1,21.214209
2986,32,32,-1,-1,-1,-1,-1,21.183489
2987,32,32,-1,-1,-1,-1,-1,21.16608
2988,32,2064,-1,-1,-1,-1,-1,159.226883
2989,32,2063,-1,-1,-1,-1,-1,161.202179
2990,32,32,-1,-1,-1,-1,-1,21.617664
2991,32,32,-1,-1,-1,-1,-1,21.393408
2992,32,32,-1,-1,-1,-1,-1,21.234688
2993,32,32,-1,-1,-1,-1,-1,21.113855
2994,32,32,-1,-1,-1,-1,-1,21.098495
2995,32,2064,-1,-1,-1,-1,-1,158.076935
2996,32,32,-1,-1,-1,-1,-1,21.689344
2997,32,2064,-1,-1,-1,-1,-1,159.504379
2998,32,32,-1,-1,-1,-1,-1,21.689344
2999,32,32,-1,-1,-1,-1,-1,21.357569
3000,32,32,-1,-1,-1,-1,-1,21.202944
3001,32,2064,-1,-1,-1,-1,-1,159.454208
3002,32,2064,-1,-1,-1,-1,-1,161.212418
3003,32,32,-1,-1,-1,-1,-1,21.618689
3004,32,2064,-1,-1,-1,-1,-1,160.405502
3005,32,2064,-1,-1,-1,-1,-1,161.101822
3006,32,32,-1,-1,-1,-1,-1,21.645311
3007,32,32,-1,-1,-1,-1,-1,21.382145
3008,32,2064,-1,-1,-1,-1,-1,159.749115
3009,32,32,-1,-1,-1,-1,-1,21.685247
3010,32,32,-1,-1,-1,-1,-1,21.4016
3011,32,32,-1,-1,-1,-1,-1,21.199871
3012,32,32,-1,-1,-1,-1,-1,21.120001
3013,32,32,-1,-1,-1,-1,-1,21.075968
3014,32,32,-1,-1,-1,-1,-1,21.092352
3015,32,32,-1,-1,-1,-1,-1,21.052416
3016,32,32,-1,-1,-1,-1,-1,20.982784
3017,32,32,-1,-1,-1,-1,-1,21.03808
3018,32,32,-1,-1,-1,-1,-1,21.023745
3019,32,32,-1,-1,-1,-1,-1,21.037056
3020,32,32,-1,-1,-1,-1,-1,21.040129
3021,32,32,-1,-1,-1,-1,-1,21.040129
3022,32,32,-1,-1,-1,-1,-1,21.040129
3023,32,2064,-1,-1,-1,-1,-1,158.163971
3024,32,32,-1,-1,-1,-1,-1,21.610497
3025,32,32,-1,-1,-1,-1,-1,21.375999
3026,32,32,-1,-1,-1,-1,-1,21.229568
3027,32,32,-1,-1,-1,-1,-1,21.120001
3028,32,32,-1,-1,-1,-1,-1,21.130239
3029,32,32,-1,-1,-1,-1,-1,21.112831
3030,32,32,-1,-1,-1,-1,-1,21.11488
3031,32,2064,-1,-1,-1,-1,-1,159.656967
3032,32,32,-1,-1,-1,-1,-1,21.684223
3033,32,4095,-1,-1,-1,-1,-1,280.89447
3034,32,32,-1,-1,-1,-1,-1,21.696512
3035,32,2064,-1,-1,-1,-1,-1,159.74707
3036,32,32,-1,-1,-1,-1,-1,21.644287
3037,32,32,-1,-1,-1,-1,-1,21.369856
3038,32,32,-1,-1,-1,-1,-1,21.192703
3039,32,32,-1,-1,-1,-1,-1,21.131264
3040,32,32,-1,-1,-1,-1,-1,21.118977
3041,32,32,-1,-1,-1,-1,-1,21.102592
3042,32,2064,-1,-1,-1,-1,-1,158.517242
3043,32,32,-1,-1,-1,-1,-1,21.632
3044,32,2064,-1,-1,-1,-1,-1,159.620102
3045,32,2064,-1,-1,-1,-1,-1,161.218567
3046,32,32,-1,-1,-1,-1,-1,21.670912
3047,32,32,-1,-1,-1,-1,-1,21.371904
3048,32,32,-1,-1,-1,-1,-1,21.20192
3049,32,32,-1,-1,-1,-1,-1,21.069824
3050,32,32,-1,-1,-1,-1,-1,21.071873
3051,32,2064,-1,-1,-1,-1,-1,158.271484
3052,32,32,-1,-1,-1,-1,-1,21.593088
3053,32,32,-1,-1,-1,-1,-1,21.397505
3054,32,32,-1,-1,-1,-1,-1,21.219328
3055,32,32,-1,-1,-1,-1,-1,21.154816
3056,32,32,-1,-1,-1,-1,-1,21.104639
3057,32,2064,-1,-1,-1,-1,-1,159.639557
3058,32,32,-1,-1,-1,-1,-1,21.638144
3059,32,32,-1,-1,-1,-1,-1,21.382145
3060,32,32,-1,-1,-1,-1,-1,21.216255
3061,32,32,-1,-1,-1,-1,-1,21.117952
3062,32,32,-1,-1,-1,-1,-1,21.086208
3063,32,32,-1,-1,-1,-1,-1,21.095425
3064,32,32,-1,-1,-1,-1,-1,21.081087
3065,32,2063,-1,-1,-1,-1,-1,157.970428
3066,32,32,-1,-1,-1,-1,-1,21.628927
3067,32,32,-1,-1,-1,-1,-1,21.385216
3068,32,2064,-1,-1,-1,-1,-1,159.382523
3069,32,4096,-1,-1,-1,-1,-1,282.070007
3070,32,2064,-1,-1,-1,-1,-1,162.024445
3071,32,32,-1,-1,-1,-1,-1,21.592064
3072,32,32,-1,-1,-1,-1,-1,21.409792
3073,32,32,-1,-1,-1,-1,-1,21.230593
3074,32,2064,-1,-1,-1,-1,-1,159.371262
3075,32,32,-1,-1,-1,-1,-1,21.629951
3076,32,32,-1,-1,-1,-1,-1,21.339136
3077,32,4095,-1,-1,-1,-1,-1,280.679413
3078,32,32,-1,-1,-1,-1,-1,21.738497
3079,32,32,-1,-1,-1,-1,-1,21.356544
3080,32,32,-1,-1,-1,-1,-1,21.208063
3081,32,32,-1,-1,-1,-1,-1,21.133312
3082,32,32,-1,-1,-1,-1,-1,21.074944
3083,32,2064,-1,-1,-1,-1,-1,158.416901
3084,32,32,-1,-1,-1,-1,-1,21.613567
3085,32,32,-1,-1,-1,-1,-1,21.362688
3086,32,32,-1,-1,-1,-1,-1,21.175297
3087,32,32,-1,-1,-1,-1,-1,21.124096
3088,32,32,-1,-1,-1,-1,-1,21.078016
3089,32,32,-1,-1,-1,-1,-1,21.097471
3090,32,32,-1,-1,-1,-1,-1,21.078016
3091,32,32,-1,-1,-1,-1,-1,21.026815
3092,32,32,-1,-1,-1,-1,-1,21.023745
3093,32,32,-1,-1,-1,-1,-1,21.026815
3094,32,32,-1,-1,-1,-1,-1,21.044224
3095,32,32,-1,-1,-1,-1,-1,21.042175
3096,32,32,-1,-1,-1,-1,-1,21.019648
3097,32,32,-1,-1,-1,-1,-1,21.05344
3098,32,32,-1,-1,-1,-1,-1,21.054464
3099,32,2064,-1,-1,-1,-1,-1,157.984772
3100,32,32,-1,-1,-1,-1,-1,21.632
3101,32,32,-1,-1,-1,-1,-1,21.391359
3102,32,32,-1,-1,-1,-1,-1,21.235712
3103,32,32,-1,-1,-1,-1,-1,21.120001
3104,32,32,-1,-1,-1,-1,-1,21.0944
3105,32,32,-1,-1,-1,-1,-1,21.130239
3106,32,2064,-1,-1,-1,-1,-1,158.244858
3107,32,32,-1,-1,-1,-1,-1,21.681152
3108,32,2064,-1,-1,-1,-1,-1,159.50029
3109,32,32,-1,-1,-1,-1,-1,21.680128
3110,32,32,-1,-1,-1,-1,-1,21.390335
3111,32,32,-1,-1,-1,-1,-1,21.243904
3112,32,4096,-1,-1,-1,-1,-1,279.453705
3113,32,32,-1,-1,-1,-1,-1,21.701632
3114,32,4096,-1,-1,-1,-1,-1,281.589752
3115,32,2064,-1,-1,-1,-1,-1,162.064377
3116,32,32,-1,-1,-1,-1,-1,21.58592
3117,32,2064,-1,-1,-1,-1,-1,160.435196
3118,32,32,-1,-1,-1,-1,-1,21.665792
3119,32,32,-1,-1,-1,-1,-1,21.380096
3120,32,32,-1,-1,-1,-1,-1,21.184511
3121,32,32,-1,-1,-1,-1,-1,21.078016
3122,32,32,-1,-1,-1,-1,-1,21.0944
3123,32,32,-1,-1,-1,-1,-1,21.061632
3124,32,32,-1,-1,-1,-1,-1,21.085184
3125,32,32,-1,-1,-1,-1,-1,20.998144
3126,32,2064,-1,-1,-1,-1,-1,158.211075
3127,32,2064,-1,-1,-1,-1,-1,160.928772
3128,32,32,-1,-1,-1,-1,-1,21.654528
3129,32,32,-1,-1,-1,-1,-1,21.302273
3130,32,32,-1,-1,-1,-1,-1,21.209087
3131,32,32,-1,-1,-1,-1,-1,21.164032
3132,32,32,-1,-1,-1,-1,-1,21.123072
3133,32,32,-1,-1,-1,-1,-1,21.135361
3134,32,4096,-1,-1,-1,-1,-1,279.199738
3135,32,32,-1,-1,-1,-1,-1,21.64736
3136,32,2064,-1,-1,-1,-1,-1,160.141312
3137,32,32,-1,-1,-1,-1,-1,21.636095
3138,32,32,-1,-1,-1,-1,-1,21.326847
3139,32,32,-1,-1,-1,-1,-1,21.144575
3140,32,32,-1,-1,-1,-1,-1,21.083136
3141,32,32,-1,-1,-1,-1,-1,21.085184
3142,32,32,-1,-1,-1,-1,-1,21.075968
3143,32,32,-1,-1,-1,-1,-1,21.069824
3144,32,32,-1,-1,-1,-1,-1,20.99712
3145,32,32,-1,-1,-1,-1,-1,21.029888
3146,32,32,-1,-1,-1,-1,-1,21.035007
3147,32,32,-1,-1,-1,-1,-1,21.015553
3148,32,32,-1,-1,-1,-1,-1,21.031937
3149,32,32,-1,-1,-1,-1,-1,21.046272
3150,32,32,-1,-1,-1,-1,-1,21.056513
3151,32,2064,-1,-1,-1,-1,-1,159.813629
3152,32,32,-1,-1,-1,-1,-1,21.67808
3153,32,2064,-1,-1,-1,-1,-1,159.016953
3154,32,32,-1,-1,-1,-1,-1,21.686272
3155,32,2064,-1,-1,-1,-1,-1,159.599609
3156,32,32,-1,-1,-1,-1,-1,21.67296
3157,32,2064,-1,-1,-1,-1,-1,159.262726
3158,32,32,-1,-1,-1,-1,-1,21.618689
3159,32,32,-1,-1,-1,-1,-1,21.311487
3160,32,32,-1,-1,-1,-1,-1,21.187584
3161,32,2064,-1,-1,-1,-1,-1,159.877121
3162,32,32,-1,-1,-1,-1,-1,21.61664
3163,32,32,-1,-1,-1,-1,-1,21.335039
3164,32,32,-1,-1,-1,-1,-1,21.176319
3165,32,32,-1,-1,-1,-1,-1,21.137407
3166,32,2064,-1,-1,-1,-1,-1,159.373306
3167,32,32,-1,-1,-1,-1,-1,21.629951
3168,32,32,-1,-1,-1,-1,-1,21.367807
3169,32,32,-1,-1,-1,-1,-1,21.207041
3170,32,32,-1,-1,-1,-1,-1,21.112831
3171,32,32,-1,-1,-1,-1,-1,21.080065
3172,32,32,-1,-1,-1,-1,-1,21.105663
3173,32,32,-1,-1,-1,-1,-1,21.089279
3174,32,2048,-1,-1,-1,-1,-1,150.495239
3175,32,32,-1,-1,-1,-1,-1,21.682177
3176,32,32,-1,-1,-1,-1,-1,21.426176
3177,32,2064,-1,-1,-1,-1,-1,159.023102
3178,32,4095,-1,-1,-1,-1,-1,282.168335
3179,32,32,-1,-1,-1,-1,-1,21.739519
3180,32,32,-1,-1,-1,-1,-1,21.388288
3181,32,32,-1,-1,-1,-1,-1,21.210112
3182,32,32,-1,-1,-1,-1,-1,21.135361
3183,32,32,-1,-1,-1,-1,-1,21.107712
3184,32,32,-1,-1,-1,-1,-1,21.082111
3185,32,32,-1,-1,-1,-1,-1,21.105663
3186,32,32,-1,-1,-1,-1,-1,21.071873
3187,32,32,-1,-1,-1,-1,-1,21.02784
3188,32,32,-1,-1,-1,-1,-1,21.041151
3189,32,32,-1,-1,-1,-1,-1,21.045248
3190,32,32,-1,-1,-1,-1,-1,21.023745
3191,32,32,-1,-1,-1,-1,-1,21.052416
3192,32,2063,-1,-1,-1,-1,-1,159.272964
3193,32,32,-1,-1,-1,-1,-1,21.618689
3194,32,32,-1,-1,-1,-1,-1,21.343231
3195,32,32,-1,-1,-1,-1,-1,21.230593
3196,32,32,-1,-1,-1,-1,-1,21.150721
3197,32,4096,-1,-1,-1,-1,-1,279.115784
3198,32,2064,-1,-1,-1,-1,-1,161.397766
3199,32,32,-1,-1,-1,-1,-1,21.610497
3200,32,2064,-1,-1,-1,-1,-1,159.098877
3201,32,2064,-1,-1,-1,-1,-1,161.200134
3202,32,32,-1,-1,-1,-1,-1,21.604353
3203,32,32,-1,-1,-1,-1,-1,21.379072
3204,32,32,-1,-1,-1,-1,-1,21.18656
3205,32,32,-1,-1,-1,-1,-1,21.096449
3206,32,32,-1,-1,-1,-1,-1,21.08416
3207,32,32,-1,-1,-1,-1,-1,21.088257
3208,32,32,-1,-1,-1,-1,-1,21.091328
3209,32,32,-1,-1,-1,-1,-1,21.033983
3210,32,32,-1,-1,-1,-1,-1,21.037056
3211,32,32,-1,-1,-1,-1,-1,21.059584
3212,32,32,-1,-1,-1,-1,-1,21.015553
3213,32,32,-1,-1,-1,-1,-1,21.039104
3214,32,32,-1,-1,-1,-1,-1,21.0944
3215,32,32,-1,-1,-1,-1,-1,21.037056
3216,32,32,-1,-1,-1,-1,-1,21.028864
3217,32,32,-1,-1,-1,-1,-1,21.050367
3218,32,32,-1,-1,-1,-1,-1,21.02784
3219,32,32,-1,-1,-1,-1,-1,21.051392
3220,32,32,-1,-1,-1,-1,-1,21.076992
3221,32,32,-1,-1,-1,-1,-1,21.049343
3222,32,4095,-1,-1,-1,-1,-1,278.913025
3223,32,32,-1,-1,-1,-1,-1,21.718016
3224,32,2064,-1,-1,-1,-1,-1,159.628281
3225,32,32,-1,-1,-1,-1,-1,21.612543
3226,32,32,-1,-1,-1,-1,-1,21.400576
3227,32,32,-1,-1,-1,-1,-1,21.213184
3228,32,32,-1,-1,-1,-1,-1,21.126144
3229,32,32,-1,-1,-1,-1,-1,21.121023
3230,32,32,-1,-1,-1,-1,-1,21.161983
3231,32,32,-1,-1,-1,-1,-1,21.134336
3232,32,32,-1,-1,-1,-1,-1,21.080065
3233,32,32,-1,-1,-1,-1,-1,21.062656
3234,32,4096,-1,-1,-1,-1,-1,280.152069
3235,32,32,-1,-1,-1,-1,-1,21.747711
3236,32,32,-1,-1,-1,-1,-1,21.405697
3237,32,2064,-1,-1,-1,-1,-1,159.554565
3238,32,2064,-1,-1,-1,-1,-1,161.858566
3239,32,4096,-1,-1,-1,-1,-1,282.478607
3240,32,2064,-1,-1,-1,-1,-1,161.243134
3241,32,32,-1,-1,-1,-1,-1,21.609472
3242,32,32,-1,-1,-1,-1,-1,21.388288
3243,32,32,-1,-1,-1,-1,-1,21.187584
3244,32,32,-1,-1,-1,-1,-1,21.058559
3245,32,32,-1,-1,-1,-1,-1,21.071873
3246,32,2064,-1,-1,-1,-1,-1,159.320068
3247,32,32,-1,-1,-1,-1,-1,21.704704
3248,32,32,-1,-1,-1,-1,-1,21.379072
3249,32,32,-1,-1,-1,-1,-1,21.199871
3250,32,32,-1,-1,-1,-1,-1,21.14048
3251,32,2064,-1,-1,-1,-1,-1,158.277634
3252,32,32,-1,-1,-1,-1,-1,21.599232
3253,32,32,-1,-1,-1,-1,-1,21.369856
3254,32,32,-1,-1,-1,-1,-1,21.206017
3255,32,32,-1,-1,-1,-1,-1,21.120001
3256,32,32,-1,-1,-1,-1,-1,21.108736
3257,32,32,-1,-1,-1,-1,-1,21.107712
3258,32,4095,-1,-1,-1,-1,-1,279.842804
3259,32,32,-1,-1,-1,-1,-1,21.696512
3260,32,2064,-1,-1,-1,-1,-1,159.5177
3261,32,32,-1,-1,-1,-1,-1,21.613567
3262,32,32,-1,-1,-1,-1,-1,21.35552
3263,32,32,-1,-1,-1,-1,-1,21.160959
3264,32,32,-1,-1,-1,-1,-1,21.09952
3265,32,32,-1,-1,-1,-1,-1,21.102592
3266,32,32,-1,-1,-1,-1,-1,21.11488
3267,32,32,-1,-1,-1,-1,-1,21.098495
3268,32,32,-1,-1,-1,-1,-1,21.037056
3269,32,32,-1,-1,-1,-1,-1,21.048321
3270,32,32,-1,-1,-1,-1,-1,21.019648
3271,32,32,-1,-1,-1,-1,-1,21.031937
3272,32,32,-1,-1,-1,-1,-1,21.030912
3273,32,32,-1,-1,-1,-1,-1,21.050367
3274,32,4096,-1,-1,-1,-1,-1,279.454712
3275,32,32,-1,-1,-1,-1,-1,21.757952
3276,32,32,-1,-1,-1,-1,-1,21.412865
3277,32,32,-1,-1,-1,-1,-1,21.219328
3278,32,32,-1,-1,-1,-1,-1,21.120001
3279,32,32,-1,-1,-1,-1,-1,21.061632
3280,32,32,-1,-1,-1,-1,-1,21.117952
3281,32,32,-1,-1,-1,-1,-1,21.100544
3282,32,32,-1,-1,-1,-1,-1,21.067776
3283,32,2064,-1,-1,-1,-1,-1,159.450119
3284,32,4095,-1,-1,-1,-1,-1,282.092529
3285,32,32,-1,-1,-1,-1,-1,21.664768
3286,32,32,-1,-1,-1,-1,-1,21.399551
3287,32,2064,-1,-1,-1,-1,-1,159.438843
3288,32,32,-1,-1,-1,-1,-1,21.627905
3289,32,2064,-1,-1,-1,-1,-1,159.726593
3290,32,2064,-1,-1,-1,-1,-1,161.319931
3291,32,32,-1,-1,-1,-1,-1,21.6576
3292,32,32,-1,-1,-1,-1,-1,21.362688
3293,32,32,-1,-1,-1,-1,-1,21.206017
3294,32,32,-1,-1,-1,-1,-1,21.049343
3295,32,32,-1,-1,-1,-1,-1,21.064705
3296,32,2064,-1,-1,-1,-1,-1,158.833664
3297,32,32,-1,-1,-1,-1,-1,21.618689
3298,32,32,-1,-1,-1,-1,-1,21.346304
3299,32,32,-1,-1,-1,-1,-1,21.183489
3300,32,32,-1,-1,-1,-1,-1,21.117952
3301,32,32,-1,-1,-1,-1,-1,21.115904
3302,32,32,-1,-1,-1,-1,-1,21.115904
3303,32,32,-1,-1,-1,-1,-1,21.108736
3304,32,32,-1,-1,-1,-1,-1,21.052416
3305,32,2064,-1,-1,-1,-1,-1,158.484482
3306,32,32,-1,-1,-1,-1,-1,21.707775
3307,32,32,-1,-1,-1,-1,-1,21.384192
3308,32,32,-1,-1,-1,-1,-1,21.215233
3309,32,32,-1,-1,-1,-1,-1,21.141504
3310,32,2064,-1,-1,-1,-1,-1,159.273987
3311,32,32,-1,-1,-1,-1,-1,21.639168
3312,32,32,-1,-1,-1,-1,-1,21.359615
3313,32,32,-1,-1,-1,-1,-1,21.209087
3314,32,32,-1,-1,-1,-1,-1,21.154816
3315,32,32,-1,-1,-1,-1,-1,21.14048
3316,32,32,-1,-1,-1,-1,-1,21.100544
3317,32,32,-1,-1,-1,-1,-1,21.102592
3318,32,32,-1,-1,-1,-1,-1,21.064705
3319,32,6128,-1,-1,-1,-1,-1,412.158966
3320,32,32,-1,-1,-1,-1,-1,21.701632
3321,32,32,-1,-1,-1,-1,-1,21.428225
3322,32,2064,-1,-1,-1,-1,-1,158.316544
3323,32,2064,-1,-1,-1,-1,-1,161.185791
3324,32,32,-1,-1,-1,-1,-1,21.583872
3325,32,32,-1,-1,-1,-1,-1,21.371904
3326,32,2064,-1,-1,-1,-1,-1,158.910461
3327,32,32,-1,-1,-1,-1,-1,21.614592
3328,32,32,-1,-1,-1,-1,-1,21.373953
3329,32,32,-1,-1,-1,-1,-1,21.16608
3330,32,32,-1,-1,-1,-1,-1,21.098495
3331,32,32,-1,-1,-1,-1,-1,21.10976
3332,32,32,-1,-1,-1,-1,-1,21.103617
3333,32,32,-1,-1,-1,-1,-1,21.102592
3334,32,32,-1,-1,-1,-1,-1,21.037056
3335,32,32,-1,-1,-1,-1,-1,21.036032
3336,32,32,-1,-1,-1,-1,-1,21.036032
3337,32,32,-1,-1,-1,-1,-1,21.050367
3338,32,32,-1,-1,-1,-1,-1,21.047297
3339,32,32,-1,-1,-1,-1,-1,21.036032
3340,32,32,-1,-1,-1,-1,-1,21.033983
3341,32,32,-1,-1,-1,-1,-1,21.006336
3342,32,32,-1,-1,-1,-1,-1,21.048321
3343,32,32,-1,-1,-1,-1,-1,21.03808
3344,32,32,-1,-1,-1,-1,-1,21.047297
3345,32,32,-1,-1,-1,-1,-1,21.044224
3346,32,32,-1,-1,-1,-1,-1,21.0688
3347,32,2064,-1,-1,-1,-1,-1,159.116287
3348,32,2064,-1,-1,-1,-1,-1,161.220612
3349,32,32,-1,-1,-1,-1,-1,21.615616
3350,32,2064,-1,-1,-1,-1,-1,159.07431
3351,32,2064,-1,-1,-1,-1,-1,161.216507
3352,32,2064,-1,-1,-1,-1,-1,161.647614
3353,32,32,-1,-1,-1,-1,-1,21.786625
3354,32,32,-1,-1,-1,-1,-1,21.478399
3355,32,32,-1,-1,-1,-1,-1,21.261312
3356,32,32,-1,-1,-1,-1,-1,21.192703
3357,32,2064,-1,-1,-1,-1,-1,158.694397
3358,32,32,-1,-1,-1,-1,-1,21.698561
3359,32,32,-1,-1,-1,-1,-1,21.365761
3360,32,32,-1,-1,-1,-1,-1,21.233664
3361,32,32,-1,-1,-1,-1,-1,21.132288
3362,32,2064,-1,-1,-1,-1,-1,158.564346
3363,32,2064,-1,-1,-1,-1,-1,161.199097
3364,32,2064,-1,-1,-1,-1,-1,161.199097
3365,32,2063,-1,-1,-1,-1,-1,161.683456
3366,32,32,-1,-1,-1,-1,-1,21.663744
3367,32,32,-1,-1,-1,-1,-1,21.4016
3368,32,2063,-1,-1,-1,-1,-1,158.917633
3369,32,2064,-1,-1,-1,-1,-1,162.329605
3370,32,2064,-1,-1,-1,-1,-1,161.313797
3371,32,32,-1,-1,-1,-1,-1,21.632
3372,32,32,-1,-1,-1,-1,-1,21.346304
3373,32,32,-1,-1,-1,-1,-1,21.194752
3374,32,32,-1,-1,-1,-1,-1,21.078016
3375,32,32,-1,-1,-1,-1,-1,21.067776
3376,32,32,-1,-1,-1,-1,-1,21.064705
3377,32,32,-1,-1,-1,-1,-1,21.047297
3378,32,32,-1,-1,-1,-1,-1,21.036032
3379,32,32,-1,-1,-1,-1,-1,21.01248
3380,32,32,-1,-1,-1,-1,-1,21.017599
3381,32,32,-1,-1,-1,-1,-1,21.035007
3382,32,32,-1,-1,-1,-1,-1,21.02272
3383,32,32,-1,-1,-1,-1,-1,21.017599
3384,32,32,-1,-1,-1,-1,-1,21.028864
3385,32,32,-1,-1,-1,-1,-1,21.028864
3386,32,2064,-1,-1,-1,-1,-1,158.998535
3387,32,32,-1,-1,-1,-1,-1,21.70368
3388,32,32,-1,-1,-1,-1,-1,21.358591
3389,32,32,-1,-1,-1,-1,-1,21.230593
3390,32,32,-1,-1,-1,-1,-1,21.148672
3391,32,32,-1,-1,-1,-1,-1,21.089279
3392,32,32,-1,-1,-1,-1,-1,21.121023
3393,32,32,-1,-1,-1,-1,-1,21.087233
3394,32,32,-1,-1,-1,-1,-1,21.0432
3395,32,32,-1,-1,-1,-1,-1,21.049343
3396,32,32,-1,-1,-1,-1,-1,21.037056
3397,32,32,-1,-1,-1,-1,-1,21.023745
3398,32,32,-1,-1,-1,-1,-1,21.054464
3399,32,2064,-1,-1,-1,-1,-1,158.462982
3400,32,2064,-1,-1,-1,-1,-1,161.205246
3401,32,32,-1,-1,-1,-1,-1,21.711872
3402,32,2064,-1,-1,-1,-1,-1,159.141891
3403,32,2064,-1,-1,-1,-1,-1,161.246201
3404,32,32,-1,-1,-1,-1,-1,21.681152
3405,32,32,-1,-1,-1,-1,-1,21.38624
3406,32,32,-1,-1,-1,-1,-1,21.247999
3407,32,32,-1,-1,-1,-1,-1,21.134336
3408,32,4096,-1,-1,-1,-1,-1,281.275391
3409,32,32,-1,-1,-1,-1,-1,21.655552
3410,32,32,-1,-1,-1,-1,-1,21.395456
3411,32,32,-1,-1,-1,-1,-1,21.222401
3412,32,32,-1,-1,-1,-1,-1,21.122047
3413,32,32,-1,-1,-1,-1,-1,21.107712
3414,32,32,-1,-1,-1,-1,-1,21.118977
3415,32,2063,-1,-1,-1,-1,-1,159.361023
3416,32,2064,-1,-1,-1,-1,-1,161.176575
3417,32,32,-1,-1,-1,-1,-1,21.685247
3418,32,32,-1,-1,-1,-1,-1,21.347328
3419,32,32,-1,-1,-1,-1,-1,21.213184
3420,32,2063,-1,-1,-1,-1,-1,159.340546
3421,32,32,-1,-1,-1,-1,-1,21.639168
3422,32,32,-1,-1,-1,-1,-1,21.372929
3423,32,32,-1,-1,-1,-1,-1,21.180416
3424,32,32,-1,-1,-1,-1,-1,21.139456
3425,32,32,-1,-1,-1,-1,-1,21.086208
3426,32,32,-1,-1,-1,-1,-1,21.110785
3427,32,2064,-1,-1,-1,-1,-1,158.44455
3428,32,32,-1,-1,-1,-1,-1,21.642241
3429,32,32,-1,-1,-1,-1,-1,21.357569
3430,32,32,-1,-1,-1,-1,-1,21.198849
3431,32,32,-1,-1,-1,-1,-1,21.154816
3432,32,32,-1,-1,-1,-1,-1,21.137407
3433,32,32,-1,-1,-1,-1,-1,21.122047
3434,32,6128,-1,-1,-1,-1,-1,412.22757
3435,32,32,-1,-1,-1,-1,-1,21.702656
3436,32,32,-1,-1,-1,-1,-1,21.409792
3437,32,32,-1,-1,-1,-1,-1,21.241856
3438,32,32,-1,-1,-1,-1,-1,21.170176
3439,32,32,-1,-1,-1,-1,-1,21.097471
3440,32,2064,-1,-1,-1,-1,-1,158.327805
3441,32,32,-1,-1,-1,-1,-1,21.625856
3442,32,32,-1,-1,-1,-1,-1,21.332993
3443,32,2063,-1,-1,-1,-1,-1,158.84903
3444,32,32,-1,-1,-1,-1,-1,21.627905
3445,32,32,-1,-1,-1,-1,-1,21.348352
3446,32,32,-1,-1,-1,-1,-1,21.195776
3447,32,32,-1,-1,-1,-1,-1,21.126144
3448,32,2064,-1,-1,-1,-1,-1,159.471619
3449,32,32,-1,-1,-1,-1,-1,21.60128
3450,32,32,-1,-1,-1,-1,-1,21.38624
3451,32,32,-1,-1,-1,-1,-1,21.193727
3452,32,2064,-1,-1,-1,-1,-1,159.989761
3453,32,32,-1,-1,-1,-1,-1,21.727232
3454,32,32,-1,-1,-1,-1,-1,21.412865
3455,32,32,-1,-1,-1,-1,-1,21.266432
3456,32,32,-1,-1,-1,-1,-1,21.16608
3457,32,32,-1,-1,-1,-1,-1,21.091328
3458,32,32,-1,-1,-1,-1,-1,21.118977
3459,32,32,-1,-1,-1,-1,-1,21.108736
3460,32,32,-1,-1,-1,-1,-1,21.069824
3461,32,32,-1,-1,-1,-1,-1,21.029888
3462,32,32,-1,-1,-1,-1,-1,21.037056
3463,32,32,-1,-1,-1,-1,-1,21.055489
3464,32,2064,-1,-1,-1,-1,-1,158.227463
3465,32,32,-1,-1,-1,-1,-1,21.654528
3466,32,32,-1,-1,-1,-1,-1,21.362688
3467,32,2064,-1,-1,-1,-1,-1,159.630341
3468,32,2064,-1,-1,-1,-1,-1,161.697784
3469,32,2064,-1,-1,-1,-1,-1,161.264633
3470,32,32,-1,-1,-1,-1,-1,21.638144
3471,32,32,-1,-1,-1,-1,-1,21.34528
3472,32,32,-1,-1,-1,-1,-1,21.204992
3473,32,32,-1,-1,-1,-1,-1,21.104639
3474,32,32,-1,-1,-1,-1,-1,21.136383
3475,32,32,-1,-1,-1,-1,-1,21.104639
3476,32,32,-1,-1,-1,-1,-1,21.085184
3477,32,2064,-1,-1,-1,-1,-1,159.122437
3478,32,2064,-1,-1,-1,-1,-1,161.243134
3479,32,2064,-1,-1,-1,-1,-1,161.23085
3480,32,32,-1,-1,-1,-1,-1,21.628927
3481,32,32,-1,-1,-1,-1,-1,21.392384
3482,32,32,-1,-1,-1,-1,-1,21.164032
3483,32,32,-1,-1,-1,-1,-1,21.095425
3484,32,32,-1,-1,-1,-1,-1,21.107712
3485,32,32,-1,-1,-1,-1,-1,21.107712
3486,32,32,-1,-1,-1,-1,-1,21.078016
3487,32,32,-1,-1,-1,-1,-1,21.003263
3488,32,32,-1,-1,-1,-1,-1,21.074944
3489,32,4096,-1,-1,-1,-1,-1,279.264252
3490,32,32,-1,-1,-1,-1,-1,21.667839
3491,32,32,-1,-1,-1,-1,-1,21.414911
3492,32,2064,-1,-1,-1,-1,-1,159.035385
3493,32,2064,-1,-1,-1,-1,-1,161.231873
3494,32,2064,-1,-1,-1,-1,-1,161.200134
3495,32,32,-1,-1,-1,-1,-1,21.625856
3496,32,2064,-1,-1,-1,-1,-1,160.685059
3497,32,32,-1,-1,-1,-1,-1,21.653503
3498,32,32,-1,-1,-1,-1,-1,21.371904
3499,32,32,-1,-1,-1,-1,-1,21.153791
3500,32,32,-1,-1,-1,-1,-1,21.086208
3501,32,32,-1,-1,-1,-1,-1,21.092352
3502,32,4096,-1,-1,-1,-1,-1,279.001099
3503,32,32,-1,-1,-1,-1,-1,21.671936
3504,32,32,-1,-1,-1,-1,-1,21.352448
3505,32,32,-1,-1,-1,-1,-1,21.203968
3506,32,32,-1,-1,-1,-1,-1,21.093376
3507,32,32,-1,-1,-1,-1,-1,21.074944
3508,32,32,-1,-1,-1,-1,-1,21.060608
3509,32,32,-1,-1,-1,-1,-1,21.105663
3510,32,32,-1,-1,-1,-1,-1,21.057535
3511,32,32,-1,-1,-1,-1,-1,21.042175
3512,32,32,-1,-1,-1,-1,-1,21.039104
3513,32,32,-1,-1,-1,-1,-1,21.011456
3514,32,32,-1,-1,-1,-1,-1,21.019648
3515,32,32,-1,-1,-1,-1,-1,21.046272
3516,32,32,-1,-1,-1,-1,-1,21.0432
3517,32,32,-1,-1,-1,-1,-1,21.05344
3518,32,32,-1,-1,-1,-1,-1,21.045248
3519,32,2064,-1,-1,-1,-1,-1,157.955078
3520,32,32,-1,-1,-1,-1,-1,21.610497
3521,32,32,-1,-1,-1,-1,-1,21.390335
3522,32,32,-1,-1,-1,-1,-1,21.200895
3523,32,32,-1,-1,-1,-1,-1,21.133312
3524,32,2063,-1,-1,-1,-1,-1,158.65242
3525,32,2064,-1,-1,-1,-1,-1,161.263611
3526,32,32,-1,-1,-1,-1,-1,21.695488
3527,32,2064,-1,-1,-1,-1,-1,160.552963
3528,32,32,-1,-1,-1,-1,-1,21.677055
3529,32,2063,-1,-1,-1,-1,-1,159.304703
3530,32,32,-1,-1,-1,-1,-1,21.705729
3531,32,2064,-1,-1,-1,-1,-1,160.282623
3532,32,32,-1,-1,-1,-1,-1,21.757952
3533,32,32,-1,-1,-1,-1,-1,21.388288
3534,32,32,-1,-1,-1,-1,-1,21.217279
3535,32,32,-1,-1,-1,-1,-1,21.151745
3536,32,32,-1,-1,-1,-1,-1,21.115904
3537,32,32,-1,-1,-1,-1,-1,21.108736
3538,32,32,-1,-1,-1,-1,-1,21.123072
3539,32,32,-1,-1,-1,-1,-1,21.060608
3540,32,32,-1,-1,-1,-1,-1,21.048321
3541,32,2063,-1,-1,-1,-1,-1,157.893631
3542,32,32,-1,-1,-1,-1,-1,21.705729
3543,32,32,-1,-1,-1,-1,-1,21.435392
3544,32,2064,-1,-1,-1,-1,-1,159.868927
3545,32,32,-1,-1,-1,-1,-1,21.681152
3546,32,32,-1,-1,-1,-1,-1,21.379072
3547,32,32,-1,-1,-1,-1,-1,21.220352
3548,32,32,-1,-1,-1,-1,-1,21.113855
3549,32,32,-1,-1,-1,-1,-1,21.121023
3550,32,32,-1,-1,-1,-1,-1,21.123072
3551,32,2063,-1,-1,-1,-1,-1,159.323135
3552,32,32,-1,-1,-1,-1,-1,21.636095
3553,32,32,-1,-1,-1,-1,-1,21.408768
3554,32,2063,-1,-1,-1,-1,-1,158.678009
3555,32,2064,-1,-1,-1,-1,-1,161.154053
3556,32,2064,-1,-1,-1,-1,-1,161.190918
3557,32,32,-1,-1,-1,-1,-1,21.632
3558,32,32,-1,-1,-1,-1,-1,21.35552
3559,32,32,-1,-1,-1,-1,-1,21.159937
3560,32,32,-1,-1,-1,-1,-1,21.104639
3561,32,32,-1,-1,-1,-1,-1,21.097471
3562,32,32,-1,-1,-1,-1,-1,21.0944
3563,32,2064,-1,-1,-1,-1,-1,159.512573
3564,32,32,-1,-1,-1,-1,-1,21.611521
3565,32,32,-1,-1,-1,-1,-1,21.348352
3566,32,2064,-1,-1,-1,-1,-1,158.874619
3567,32,32,-1,-1,-1,-1,-1,21.629951
3568,32,32,-1,-1,-1,-1,-1,21.350401
3569,32,32,-1,-1,-1,-1,-1,21.211136
3570,32,32,-1,-1,-1,-1,-1,21.117952
3571,32,32,-1,-1,-1,-1,-1,21.107712
3572,32,32,-1,-1,-1,-1,-1,21.120001
3573,32,2064,-1,-1,-1,-1,-1,158.828537
3574,32,2064,-1,-1,-1,-1,-1,161.250305
3575,32,32,-1,-1,-1,-1,-1,21.711872
3576,32,32,-1,-1,-1,-1,-1,21.4016
3577,32,32,-1,-1,-1,-1,-1,21.197824
3578,32,32,-1,-1,-1,-1,-1,21.163008
3579,32,2064,-1,-1,-1,-1,-1,159.468536
3580,32,32,-1,-1,-1,-1,-1,21.641216
3581,32,32,-1,-1,-1,-1,-1,21.344255
3582,32,2064,-1,-1,-1,-1,-1,158.799866
3583,32,32,-1,-1,-1,-1,-1,21.618689
3584,32,32,-1,-1,-1,-1,-1,21.36064
3585,32,32,-1,-1,-1,-1,-1,21.226496
3586,32,2064,-1,-1,-1,-1,-1,159.527939
3587,32,32,-1,-1,-1,-1,-1,21.602304
3588,32,32,-1,-1,-1,-1,-1,21.367807
3589,32,32,-1,-1,-1,-1,-1,21.188608
3590,32,32,-1,-1,-1,-1,-1,21.120001
3591,32,32,-1,-1,-1,-1,-1,21.115904
3592,32,32,-1,-1,-1,-1,-1,21.120001
3593,32,32,-1,-1,-1,-1,-1,21.062656
3594,32,32,-1,-1,-1,-1,-1,21.046272
3595,32,2064,-1,-1,-1,-1,-1,158.988281
3596,32,2064,-1,-1,-1,-1,-1,161.070084
3597,32,32,-1,-1,-1,-1,-1,21.635073
3598,32,32,-1,-1,-1,-1,-1,21.381121
3599,32,32,-1,-1,-1,-1,-1,21.224447
3600,32,32,-1,-1,-1,-1,-1,21.146624
3601,32,32,-1,-1,-1,-1,-1,21.11488
3602,32,2063,-1,-1,-1,-1,-1,160.028671
3603,32,32,-1,-1,-1,-1,-1,21.655552
3604,32,2064,-1,-1,-1,-1,-1,159.929337
3605,32,32,-1,-1,-1,-1,-1,21.705729
3606,32,32,-1,-1,-1,-1,-1,21.409792
3607,32,32,-1,-1,-1,-1,-1,21.235712
3608,32,32,-1,-1,-1,-1,-1,21.122047
3609,32,2064,-1,-1,-1,-1,-1,159.640579
3610,32,2064,-1,-1,-1,-1,-1,160.964615
3611,32,2064,-1,-1,-1,-1,-1,161.240067
3612,32,32,-1,-1,-1,-1,-1,21.632
3613,32,2064,-1,-1,-1,-1,-1,159.736832
3614,32,32,-1,-1,-1,-1,-1,21.6064
3615,32,32,-1,-1,-1,-1,-1,21.353472
3616,32,32,-1,-1,-1,-1,-1,21.198849
3617,32,32,-1,-1,-1,-1,-1,21.107712
3618,32,32,-1,-1,-1,-1,-1,21.10976
3619,32,32,-1,-1,-1,-1,-1,21.105663
3620,32,2064,-1,-1,-1,-1,-1,158.629883
3621,32,32,-1,-1,-1,-1,-1,21.705729
3622,32,32,-1,-1,-1,-1,-1,21.428225
3623,32,4096,-1,-1,-1,-1,-1,279.847931
3624,32,32,-1,-1,-1,-1,-1,21.738497
3625,32,32,-1,-1,-1,-1,-1,21.34016
3626,32,32,-1,-1,-1,-1,-1,21.20192
3627,32,32,-1,-1,-1,-1,-1,21.138432
3628,32,2063,-1,-1,-1,-1,-1,158.180359
3629,32,32,-1,-1,-1,-1,-1,21.611521
3630,32,32,-1,-1,-1,-1,-1,21.387264
3631,32,2064,-1,-1,-1,-1,-1,159.542267
3632,32,32,-1,-1,-1,-1,-1,21.576704
3633,32,32,-1,-1,-1,-1,-1,21.313536
3634,32,32,-1,-1,-1,-1,-1,21.184511
3635,32,32,-1,-1,-1,-1,-1,21.124096
3636,32,32,-1,-1,-1,-1,-1,21.106688
3637,32,32,-1,-1,-1,-1,-1,21.0944
3638,32,32,-1,-1,-1,-1,-1,21.0944
3639,32,32,-1,-1,-1,-1,-1,21.039104
3640,32,32,-1,-1,-1,-1,-1,21.046272
3641,32,32,-1,-1,-1,-1,-1,21.02784
3642,32,32,-1,-1,-1,-1,-1,21.032961
3643,32,32,-1,-1,-1,-1,-1,21.085184
3644,32,2064,-1,-1,-1,-1,-1,159.470596
3645,32,2064,-1,-1,-1,-1,-1,161.199097
3646,32,32,-1,-1,-1,-1,-1,21.597183
3647,32,32,-1,-1,-1,-1,-1,21.349377
3648,32,32,-1,-1,-1,-1,-1,21.200895
3649,32,32,-1,-1,-1,-1,-1,21.129215
3650,32,32,-1,-1,-1,-1,-1,21.129215
3651,32,2064,-1,-1,-1,-1,-1,158.81012
3652,32,32,-1,-1,-1,-1,-1,21.692415
3653,32,32,-1,-1,-1,-1,-1,21.398527
3654,32,32,-1,-1,-1,-1,-1,21.232639
3655,32,2064,-1,-1,-1,-1,-1,159.097855
3656,32,2064,-1,-1,-1,-1,-1,161.21344
3657,32,32,-1,-1,-1,-1,-1,21.642241
3658,32,32,-1,-1,-1,-1,-1,21.36064
3659,32,32,-1,-1,-1,-1,-1,21.226496
3660,32,2064,-1,-1,-1,-1,-1,159.650818
3661,32,2064,-1,-1,-1,-1,-1,161.796097
3662,32,32,-1,-1,-1,-1,-1,21.630976
3663,32,32,-1,-1,-1,-1,-1,21.388288
3664,32,32,-1,-1,-1,-1,-1,21.224447
3665,32,32,-1,-1,-1,-1,-1,21.072895
3666,32,32,-1,-1,-1,-1,-1,21.106688
3667,32,32,-1,-1,-1,-1,-1,21.110785
3668,32,32,-1,-1,-1,-1,-1,21.097471
3669,32,32,-1,-1,-1,-1,-1,21.046272
3670,32,2064,-1,-1,-1,-1,-1,159.463425
3671,32,32,-1,-1,-1,-1,-1,21.648384
3672,32,2064,-1,-1,-1,-1,-1,159.30983
3673,32,32,-1,-1,-1,-1,-1,21.668863
3674,32,32,-1,-1,-1,-1,-1,21.396481
3675,32,2064,-1,-1,-1,-1,-1,159.699966
3676,32,32,-1,-1,-1,-1,-1,21.602304
3677,32,2064,-1,-1,-1,-1,-1,159.694855
3678,32,32,-1,-1,-1,-1,-1,21.620735
3679,32,2064,-1,-1,-1,-1,-1,160.277512
3680,32,32,-1,-1,-1,-1,-1,21.618689
3681,32,32,-1,-1,-1,-1,-1,21.343231
3682,32,32,-1,-1,-1,-1,-1,21.214209
3683,32,32,-1,-1,-1,-1,-1,21.108736
3684,32,32,-1,-1,-1,-1,-1,21.0944
3685,32,32,-1,-1,-1,-1,-1,21.100544
3686,32,32,-1,-1,-1,-1,-1,21.103617
3687,32,32,-1,-1,-1,-1,-1,21.028864
3688,32,4096,-1,-1,-1,-1,-1,279.387146
3689,32,32,-1,-1,-1,-1,-1,21.697536
3690,32,32,-1,-1,-1,-1,-1,21.392384
3691,32,32,-1,-1,-1,-1,-1,21.203968
3692,32,32,-1,-1,-1,-1,-1,21.136383
3693,32,32,-1,-1,-1,-1,-1,21.09952
3694,32,32,-1,-1,-1,-1,-1,21.090303
3695,32,2064,-1,-1,-1,-1,-1,158.514175
3696,32,32,-1,-1,-1,-1,-1,21.593088
3697,32,32,-1,-1,-1,-1,-1,21.372929
3698,32,32,-1,-1,-1,-1,-1,21.197824
3699,32,32,-1,-1,-1,-1,-1,21.111809
3700,32,32,-1,-1,-1,-1,-1,21.112831
3701,32,2064,-1,-1,-1,-1,-1,158.314499
3702,32,32,-1,-1,-1,-1,-1,21.692415
3703,32,32,-1,-1,-1,-1,-1,21.374975
3704,32,32,-1,-1,-1,-1,-1,21.224447
3705,32,32,-1,-1,-1,-1,-1,21.15584
3706,32,32,-1,-1,-1,-1,-1,21.110785
3707,32,2064,-1,-1,-1,-1,-1,158.61351
3708,32,2064,-1,-1,-1,-1,-1,161.246201
3709,32,32,-1,-1,-1,-1,-1,21.614592
3710,32,32,-1,-1,-1,-1,-1,21.347328
3711,32,4096,-1,-1,-1,-1,-1,280.237061
3712,32,32,-1,-1,-1,-1,-1,21.667839
3713,32,32,-1,-1,-1,-1,-1,21.399551
3714,32,32,-1,-1,-1,-1,-1,21.18144
3715,32,32,-1,-1,-1,-1,-1,21.141504
3716,32,32,-1,-1,-1,-1,-1,21.12512
3717,32,32,-1,-1,-1,-1,-1,21.12512
3718,32,2064,-1,-1,-1,-1,-1,159.462402
3719,32,32,-1,-1,-1,-1,-1,21.670912
3720,32,32,-1,-1,-1,-1,-1,21.373953
3721,32,2064,-1,-1,-1,-1,-1,159.874054
3722,32,2064,-1,-1,-1,-1,-1,161.659897
3723,32,32,-1,-1,-1,-1,-1,21.659649
3724,32,32,-1,-1,-1,-1,-1,21.37088
3725,32,32,-1,-1,-1,-1,-1,21.219328
3726,32,32,-1,-1,-1,-1,-1,21.100544
3727,32,32,-1,-1,-1,-1,-1,21.09952
3728,32,2064,-1,-1,-1,-1,-1,159.276031
3729,32,32,-1,-1,-1,-1,-1,21.595137
3730,32,32,-1,-1,-1,-1,-1,21.364737
3731,32,32,-1,-1,-1,-1,-1,21.223425
3732,32,32,-1,-1,-1,-1,-1,21.173248
3733,32,32,-1,-1,-1,-1,-1,21.153791
3734,32,32,-1,-1,-1,-1,-1,21.143553
3735,32,32,-1,-1,-1,-1,-1,21.11488
3736,32,32,-1,-1,-1,-1,-1,21.050367
3737,32,32,-1,-1,-1,-1,-1,21.028864
3738,32,32,-1,-1,-1,-1,-1,21.044224
3739,32,2064,-1,-1,-1,-1,-1,157.825027
3740,32,32,-1,-1,-1,-1,-1,21.625856
3741,32,32,-1,-1,-1,-1,-1,21.362688
3742,32,32,-1,-1,-1,-1,-1,21.1968
3743,32,2064,-1,-1,-1,-1,-1,158.290939
3744,32,2063,-1,-1,-1,-1,-1,161.151993
3745,32,32,-1,-1,-1,-1,-1,21.609472
3746,32,4096,-1,-1,-1,-1,-1,280.69989
3747,32,32,-1,-1,-1,-1,-1,21.80608
3748,32,4096,-1,-1,-1,-1,-1,282.220551
3749,32,32,-1,-1,-1,-1,-1,21.766144
3750,32,32,-1,-1,-1,-1,-1,21.439487
3751,32,32,-1,-1,-1,-1,-1,21.217279
3752,32,32,-1,-1,-1,-1,-1,21.160959
3753,32,2064,-1,-1,-1,-1,-1,158.435333
3754,32,32,-1,-1,-1,-1,-1,21.659649
3755,32,32,-1,-1,-1,-1,-1,21.337088
3756,32,32,-1,-1,-1,-1,-1,21.194752
3757,32,32,-1,-1,-1,-1,-1,21.098495
3758,32,32,-1,-1,-1,-1,-1,21.083136
3759,32,32,-1,-1,-1,-1,-1,21.088257
3760,32,2064,-1,-1,-1,-1,-1,158.243835
3761,32,32,-1,-1,-1,-1,-1,21.578753
3762,32,32,-1,-1,-1,-1,-1,21.398527
3763,32,32,-1,-1,-1,-1,-1,21.211136
3764,32,32,-1,-1,-1,-1,-1,21.116928
3765,32,32,-1,-1,-1,-1,-1,21.101568
3766,32,32,-1,-1,-1,-1,-1,21.098495
3767,32,32,-1,-1,-1,-1,-1,21.089279
3768,32,32,-1,-1,-1,-1,-1,21.041151
3769,32,32,-1,-1,-1,-1,-1,21.046272
3770,32,32,-1,-1,-1,-1,-1,21.052416
3771,32,2064,-1,-1,-1,-1,-1,159.336441
3772,32,32,-1,-1,-1,-1,-1,21.638144
3773,32,2064,-1,-1,-1,-1,-1,159.615997
3774,32,32,-1,-1,-1,-1,-1,21.599232
3775,32,32,-1,-1,-1,-1,-1,21.36064
3776,32,32,-1,-1,-1,-1,-1,21.198849
3777,32,32,-1,-1,-1,-1,-1,21.118977
3778,32,32,-1,-1,-1,-1,-1,21.11488
3779,32,2064,-1,-1,-1,-1,-1,158.328827
3780,32,2064,-1,-1,-1,-1,-1,161.195007
3781,32,2064,-1,-1,-1,-1,-1,161.168381
3782,32,32,-1,-1,-1,-1,-1,21.676031
3783,32,2064,-1,-1,-1,-1,-1,159.526917
3784,32,32,-1,-1,-1,-1,-1,21.694464
3785,32,32,-1,-1,-1,-1,-1,21.373953
3786,32,32,-1,-1,-1,-1,-1,21.218304
3787,32,32,-1,-1,-1,-1,-1,21.18144
3788,32,2063,-1,-1,-1,-1,-1,159.518723
3789,32,32,-1,-1,-1,-1,-1,21.801985
3790,32,32,-1,-1,-1,-1,-1,21.38624
3791,32,32,-1,-1,-1,-1,-1,21.221376
3792,32,32,-1,-1,-1,-1,-1,21.144575
3793,32,2063,-1,-1,-1,-1,-1,158.872574
3794,32,32,-1,-1,-1,-1,-1,21.64736
3795,32,32,-1,-1,-1,-1,-1,21.379072
3796,32,32,-1,-1,-1,-1,-1,21.195776
3797,32,32,-1,-1,-1,-1,-1,21.124096
3798,32,2064,-1,-1,-1,-1,-1,158.699524
3799,32,32,-1,-1,-1,-1,-1,21.676031
3800,32,32,-1,-1,-1,-1,-1,21.465088
3801,32,32,-1,-1,-1,-1,-1,21.241856
3802,32,32,-1,-1,-1,-1,-1,21.088257
3803,32,32,-1,-1,-1,-1,-1,21.118977
3804,32,32,-1,-1,-1,-1,-1,21.107712
3805,32,32,-1,-1,-1,-1,-1,21.085184
3806,32,2064,-1,-1,-1,-1,-1,158.962692
3807,32,32,-1,-1,-1,-1,-1,21.656576
3808,32,32,-1,-1,-1,-1,-1,21.381121
3809,32,32,-1,-1,-1,-1,-1,21.209087
3810,32,32,-1,-1,-1,-1,-1,21.122047
3811,32,32,-1,-1,-1,-1,-1,21.128193
3812,32,2063,-1,-1,-1,-1,-1,159.523834
3813,32,32,-1,-1,-1,-1,-1,21.633024
3814,32,2064,-1,-1,-1,-1,-1,159.24736
3815,32,32,-1,-1,-1,-1,-1,21.705729
3816,32,32,-1,-1,-1,-1,-1,21.434368
3817,32,32,-1,-1,-1,-1,-1,21.261312
3818,32,32,-1,-1,-1,-1,-1,21.159937
3819,32,32,-1,-1,-1,-1,-1,21.105663
3820,32,32,-1,-1,-1,-1,-1,21.129215
3821,32,32,-1,-1,-1,-1,-1,21.102592
3822,32,32,-1,-1,-1,-1,-1,21.080065
3823,32,32,-1,-1,-1,-1,-1,21.0688
3824,32,32,-1,-1,-1,-1,-1,21.072895
3825,32,4096,-1,-1,-1,-1,-1,278.929413
3826,32,32,-1,-1,-1,-1,-1,21.698561
3827,32,32,-1,-1,-1,-1,-1,21.412865
3828,32,32,-1,-1,-1,-1,-1,21.220352
3829,32,32,-1,-1,-1,-1,-1,21.123072
3830,32,32,-1,-1,-1,-1,-1,21.132288
3831,32,2064,-1,-1,-1,-1,-1,159.186951
3832,32,32,-1,-1,-1,-1,-1,21.687296
3833,32,32,-1,-1,-1,-1,-1,21.311487
3834,32,2064,-1,-1,-1,-1,-1,159.676422
3835,32,32,-1,-1,-1,-1,-1,21.668863
3836,32,32,-1,-1,-1,-1,-1,21.346304
3837,32,32,-1,-1,-1,-1,-1,21.245953
3838,32,32,-1,-1,-1,-1,-1,21.187584
3839,32,32,-1,-1,-1,-1,-1,21.127169
3840,32,32,-1,-1,-1,-1,-1,21.134336
3841,32,32,-1,-1,-1,-1,-1,21.137407
3842,32,32,-1,-1,-1,-1,-1,21.076992
3843,32,32,-1,-1,-1,-1,-1,21.062656
3844,32,2064,-1,-1,-1,-1,-1,159.115265
3845,32,4096,-1,-1,-1,-1,-1,282.17038
3846,32,32,-1,-1,-1,-1,-1,21.795839
3847,32,4095,-1,-1,-1,-1,-1,280.084473
3848,32,32,-1,-1,-1,-1,-1,21.770241
3849,32,32,-1,-1,-1,-1,-1,21.363712
3850,32,32,-1,-1,-1,-1,-1,21.214209
3851,32,32,-1,-1,-1,-1,-1,21.163008
3852,32,32,-1,-1,-1,-1,-1,21.089279
3853,32,32,-1,-1,-1,-1,-1,21.095425
3854,32,32,-1,-1,-1,-1,-1,21.120001
3855,32,32,-1,-1,-1,-1,-1,21.081087
3856,32,2064,-1,-1,-1,-1,-1,158.01651
3857,32,32,-1,-1,-1,-1,-1,21.625856
3858,32,32,-1,-1,-1,-1,-1,21.431295
3859,32,2064,-1,-1,-1,-1,-1,158.915588
3860,32,32,-1,-1,-1,-1,-1,21.645311
3861,32,32,-1,-1,-1,-1,-1,21.413889
3862,32,32,-1,-1,-1,-1,-1,21.207041
3863,32,2064,-1,-1,-1,-1,-1,158.462982
3864,32,32,-1,-1,-1,-1,-1,21.708799
3865,32,6112,-1,-1,-1,-1,-1,412.45285
3866,32,32,-1,-1,-1,-1,-1,21.691393
3867,32,2063,-1,-1,-1,-1,-1,159.519745
3868,32,32,-1,-1,-1,-1,-1,21.561344
3869,32,32,-1,-1,-1,-1,-1,21.334017
3870,32,32,-1,-1,-1,-1,-1,21.197824
3871,32,2064,-1,-1,-1,-1,-1,158.40358
3872,32,32,-1,-1,-1,-1,-1,21.670912
3873,32,32,-1,-1,-1,-1,-1,21.421057
3874,32,32,-1,-1,-1,-1,-1,21.241856
3875,32,32,-1,-1,-1,-1,-1,21.100544
3876,32,32,-1,-1,-1,-1,-1,21.075968
3877,32,32,-1,-1,-1,-1,-1,21.108736
3878,32,32,-1,-1,-1,-1,-1,21.073919
3879,32,32,-1,-1,-1,-1,-1,21.026815
3880,32,32,-1,-1,-1,-1,-1,21.019648
3881,32,32,-1,-1,-1,-1,-1,21.050367
3882,32,2064,-1,-1,-1,-1,-1,159.637497
3883,32,32,-1,-1,-1,-1,-1,21.57568
3884,32,32,-1,-1,-1,-1,-1,21.335039
3885,32,32,-1,-1,-1,-1,-1,21.232639
3886,32,32,-1,-1,-1,-1,-1,21.126144
3887,32,32,-1,-1,-1,-1,-1,21.113855
3888,32,2064,-1,-1,-1,-1,-1,158.529541
3889,32,32,-1,-1,-1,-1,-1,21.673985
3890,32,2064,-1,-1,-1,-1,-1,159.956985
3891,32,32,-1,-1,-1,-1,-1,21.698561
3892,32,32,-1,-1,-1,-1,-1,21.363712
3893,32,32,-1,-1,-1,-1,-1,21.167105
3894,32,2064,-1,-1,-1,-1,-1,158.504959
3895,32,32,-1,-1,-1,-1,-1,21.655552
3896,32,32,-1,-1,-1,-1,-1,21.395456
3897,32,32,-1,-1,-1,-1,-1,21.206017
3898,32,32,-1,-1,-1,-1,-1,21.126144
3899,32,32,-1,-1,-1,-1,-1,21.076992
3900,32,2064,-1,-1,-1,-1,-1,159.360001
3901,32,32,-1,-1,-1,-1,-1,21.602304
3902,32,2064,-1,-1,-1,-1,-1,160.204803
3903,32,32,-1,-1,-1,-1,-1,21.663744
3904,32,32,-1,-1,-1,-1,-1,21.390335
3905,32,2064,-1,-1,-1,-1,-1,159.611908
3906,32,32,-1,-1,-1,-1,-1,21.677055
3907,32,32,-1,-1,-1,-1,-1,21.414911
3908,32,2063,-1,-1,-1,-1,-1,159.38765
3909,32,32,-1,-1,-1,-1,-1,21.695488
3910,32,32,-1,-1,-1,-1,-1,21.357569
3911,32,2064,-1,-1,-1,-1,-1,159.847427
3912,32,32,-1,-1,-1,-1,-1,21.659649
3913,32,32,-1,-1,-1,-1,-1,21.32992
3914,32,32,-1,-1,-1,-1,-1,21.202944
3915,32,32,-1,-1,-1,-1,-1,21.097471
3916,32,32,-1,-1,-1,-1,-1,21.088257
3917,32,32,-1,-1,-1,-1,-1,21.102592
3918,32,32,-1,-1,-1,-1,-1,21.10976
3919,32,32,-1,-1,-1,-1,-1,21.05344
3920,32,32,-1,-1,-1,-1,-1,21.032961
3921,32,32,-1,-1,-1,-1,-1,21.052416
3922,32,32,-1,-1,-1,-1,-1,21.0432
3923,32,32,-1,-1,-1,-1,-1,21.024769
3924,32,4096,-1,-1,-1,-1,-1,279.675903
3925,32,32,-1,-1,-1,-1,-1,21.772287
3926,32,32,-1,-1,-1,-1,-1,21.398527
3927,32,32,-1,-1,-1,-1,-1,21.222401
3928,32,2064,-1,-1,-1,-1,-1,159.632385
3929,32,32,-1,-1,-1,-1,-1,21.608448
3930,32,2064,-1,-1,-1,-1,-1,159.183868
3931,32,32,-1,-1,-1,-1,-1,21.638144
3932,32,32,-1,-1,-1,-1,-1,21.336063
3933,32,32,-1,-1,-1,-1,-1,21.204992
3934,32,2064,-1,-1,-1,-1,-1,158.418945
3935,32,32,-1,-1,-1,-1,-1,21.604353
3936,32,32,-1,-1,-1,-1,-1,21.379072
3937,32,32,-1,-1,-1,-1,-1,21.225471
3938,32,32,-1,-1,-1,-1,-1,21.135361
3939,32,2064,-1,-1,-1,-1,-1,158.661636
3940,32,32,-1,-1,-1,-1,-1,21.686272
3941,32,32,-1,-1,-1,-1,-1,21.378048
3942,32,2064,-1,-1,-1,-1,-1,158.408707
3943,32,32,-1,-1,-1,-1,-1,21.679104
3944,32,32,-1,-1,-1,-1,-1,21.391359
3945,32,32,-1,-1,-1,-1,-1,21.228544
3946,32,32,-1,-1,-1,-1,-1,21.164032
3947,32,32,-1,-1,-1,-1,-1,21.070848
3948,32,2064,-1,-1,-1,-1,-1,159.075333
3949,32,32,-1,-1,-1,-1,-1,21.612543
3950,32,32,-1,-1,-1,-1,-1,21.357569
3951,32,32,-1,-1,-1,-1,-1,21.218304
3952,32,32,-1,-1,-1,-1,-1,21.128193
3953,32,32,-1,-1,-1,-1,-1,21.104639
3954,31,31,-1,-1,-1,-1,-1,21.086208
3955,30,30,-1,-1,-1,-1,-1,21.045248
3956,30,30,-1,-1,-1,-1,-1,20.952065
3957,30,30,-1,-1,-1,-1,-1,20.942848
3958,30,30,-1,-1,-1,-1,-1,20.978687
3959,30,30,-1,-1,-1,-1,-1,20.932608
3960,30,30,-1,-1,-1,-1,-1,20.948992
3961,29,29,-1,-1,-1,-1,-1,20.855808
