step,sched_reqs,sched_tokens,batch,num_query_tokens,sum_seq_len,num_spec_tokens,draft_ms,target_fwd_ms,n_target_fwd,exec_ms,sample_ms,step_ms
0,128,256,-1,-1,-1,-1,-1,33.784832,1,3546.835938,12315.530273,15862.366211
1,128,128,-1,-1,-1,-1,-1,19.887104,1,21.250048,7.9104,29.160448
2,1,513,-1,-1,-1,-1,-1,-1,0,59.870209,0.831488,60.701697
3,18,8192,-1,-1,-1,-1,-1,-1,0,510.028809,0.863232,510.892041
4,34,8192,-1,-1,-1,-1,-1,-1,0,494.757874,0.898048,495.655922
5,51,8192,-1,-1,-1,-1,-1,-1,0,498.455566,0.918528,499.374094
6,67,8192,-1,-1,-1,-1,-1,-1,0,502.678528,0.959488,503.638016
7,84,8192,-1,-1,-1,-1,-1,-1,0,505.919495,0.986112,506.905607
8,100,8192,-1,-1,-1,-1,-1,-1,0,510.372864,1.00864,511.381504
9,116,8192,-1,-1,-1,-1,-1,-1,0,513.143799,1.026048,514.169847
10,128,6225,-1,-1,-1,-1,-1,-1,0,409.56723,1.04448,410.61171
11,128,128,-1,-1,-1,-1,-1,23.527424,1,23.576576,1.06496,24.641536
12,128,128,-1,-1,-1,-1,-1,23.207935,1,23.256063,1.072128,24.328192
13,128,128,-1,-1,-1,-1,-1,22.985727,1,23.032831,1.05984,24.092671
14,128,128,-1,-1,-1,-1,-1,22.94784,1,22.993919,1.091584,24.085503
15,128,128,-1,-1,-1,-1,-1,22.964224,1,23.011328,1.056768,24.068096
16,128,128,-1,-1,-1,-1,-1,22.937599,1,22.984703,1.058816,24.043519
17,128,128,-1,-1,-1,-1,-1,22.881281,1,22.928385,1.056768,23.985153
18,128,128,-1,-1,-1,-1,-1,22.921215,1,22.989824,1.05472,24.044544
19,128,128,-1,-1,-1,-1,-1,22.920193,1,22.992895,1.088512,24.081407
20,128,128,-1,-1,-1,-1,-1,22.890495,1,22.961151,1.0496,24.010751
21,128,128,-1,-1,-1,-1,-1,22.937599,1,23.008257,1.052672,24.060929
22,128,128,-1,-1,-1,-1,-1,22.91712,1,22.986752,1.060864,24.047616
23,128,128,-1,-1,-1,-1,-1,22.918144,1,22.990849,1.077248,24.068097
24,128,128,-1,-1,-1,-1,-1,22.899712,1,22.969343,1.069056,24.038399
25,128,128,-1,-1,-1,-1,-1,22.941696,1,23.012352,1.065984,24.078336
26,128,128,-1,-1,-1,-1,-1,22.937599,1,23.006208,1.06496,24.071168
27,128,128,-1,-1,-1,-1,-1,22.940672,1,22.984703,1.052672,24.037375
28,128,128,-1,-1,-1,-1,-1,22.925312,1,22.970367,1.074176,24.044543
29,128,128,-1,-1,-1,-1,-1,22.987776,1,23.031809,1.062912,24.094721
30,128,128,-1,-1,-1,-1,-1,22.943745,1,22.987776,1.052672,24.040448
31,128,128,-1,-1,-1,-1,-1,22.994944,1,23.040001,1.068032,24.108033
32,128,128,-1,-1,-1,-1,-1,22.97344,1,23.017471,1.071104,24.088575
33,128,128,-1,-1,-1,-1,-1,22.960129,1,23.005184,1.07008,24.075264
34,128,128,-1,-1,-1,-1,-1,22.986752,1,23.04512,1.071104,24.116224
35,128,128,-1,-1,-1,-1,-1,22.980608,1,23.040001,1.069056,24.109057
36,128,128,-1,-1,-1,-1,-1,23.006208,1,23.076864,1.073152,24.150016
37,128,128,-1,-1,-1,-1,-1,23.006208,1,23.067648,1.062912,24.13056
38,128,128,-1,-1,-1,-1,-1,22.998016,1,23.065599,1.068032,24.133631
39,128,128,-1,-1,-1,-1,-1,23.01952,1,23.089151,1.055744,24.144895
40,128,128,-1,-1,-1,-1,-1,23.043072,1,23.112703,1.057792,24.170495
41,128,128,-1,-1,-1,-1,-1,23.049215,1,23.118849,1.0752,24.194049
42,128,128,-1,-1,-1,-1,-1,23.038977,1,23.109632,1.0752,24.184832
43,128,128,-1,-1,-1,-1,-1,23.04512,1,23.089151,1.07008,24.159231
44,128,128,-1,-1,-1,-1,-1,23.063553,1,23.107584,1.067008,24.174592
45,128,128,-1,-1,-1,-1,-1,23.076864,1,23.122944,1.06496,24.187904
46,128,128,-1,-1,-1,-1,-1,23.07584,1,23.120895,1.057792,24.178687
47,128,128,-1,-1,-1,-1,-1,23.081984,1,23.127041,1.069056,24.196097
48,128,128,-1,-1,-1,-1,-1,23.096319,1,23.142401,1.053696,24.196097
49,128,128,-1,-1,-1,-1,-1,23.077888,1,23.123968,1.068032,24.192
50,128,128,-1,-1,-1,-1,-1,23.095297,1,23.161856,1.067008,24.228864
51,128,128,-1,-1,-1,-1,-1,23.119871,1,23.181313,1.067008,24.248321
52,128,128,-1,-1,-1,-1,-1,23.126017,1,23.187456,1.058816,24.246272
53,128,128,-1,-1,-1,-1,-1,23.139328,1,23.207935,1.052672,24.260607
54,128,128,-1,-1,-1,-1,-1,23.129087,1,23.197697,1.053696,24.251393
55,128,128,-1,-1,-1,-1,-1,23.16288,1,23.225344,1.069056,24.2944
56,128,128,-1,-1,-1,-1,-1,23.164928,1,23.23456,1.068032,24.302592
57,128,128,-1,-1,-1,-1,-1,23.142401,1,23.213057,1.053696,24.266753
58,128,128,-1,-1,-1,-1,-1,23.175167,1,23.245825,1.061888,24.307713
59,128,128,-1,-1,-1,-1,-1,23.170048,1,23.213057,1.067008,24.280065
60,128,128,-1,-1,-1,-1,-1,23.177216,1,23.223295,1.068032,24.291327
61,128,128,-1,-1,-1,-1,-1,23.161856,1,23.207935,1.056768,24.264703
62,128,128,-1,-1,-1,-1,-1,23.215103,1,23.261185,1.053696,24.314881
63,128,128,-1,-1,-1,-1,-1,23.194624,1,23.238655,1.09056,24.329215
64,128,128,-1,-1,-1,-1,-1,23.223295,1,23.269377,1.05984,24.329217
65,128,128,-1,-1,-1,-1,-1,23.2192,1,23.264256,1.07008,24.334336
66,128,128,-1,-1,-1,-1,-1,23.256063,1,23.316481,1.060864,24.377345
67,128,128,-1,-1,-1,-1,-1,23.24992,1,23.319551,1.056768,24.376319
68,128,128,-1,-1,-1,-1,-1,23.282688,1,23.353344,1.068032,24.421376
69,128,128,-1,-1,-1,-1,-1,23.24992,1,23.322624,1.067008,24.389632
70,128,128,-1,-1,-1,-1,-1,23.291904,1,23.355392,1.063936,24.419328
71,128,128,-1,-1,-1,-1,-1,23.298048,1,23.360512,1.067008,24.42752
72,128,128,-1,-1,-1,-1,-1,23.312384,1,23.374847,1.073152,24.447999
73,128,128,-1,-1,-1,-1,-1,23.298048,1,23.369728,1.062912,24.43264
74,128,128,-1,-1,-1,-1,-1,23.33696,1,23.405567,1.058816,24.464383
75,128,128,-1,-1,-1,-1,-1,23.335936,1,23.382015,1.05472,24.436735
76,128,128,-1,-1,-1,-1,-1,23.36768,1,23.414783,1.055744,24.470528
77,128,128,-1,-1,-1,-1,-1,23.366655,1,23.411713,1.072128,24.483841
78,128,128,-1,-1,-1,-1,-1,23.359488,1,23.405567,1.056768,24.462335
79,128,128,-1,-1,-1,-1,-1,23.368704,1,23.414783,1.07008,24.484864
80,128,128,-1,-1,-1,-1,-1,23.406591,1,23.451649,1.057792,24.509441
81,128,128,-1,-1,-1,-1,-1,23.40864,1,23.45472,1.07008,24.5248
82,128,128,-1,-1,-1,-1,-1,23.410688,1,23.470079,1.073152,24.543231
83,128,128,-1,-1,-1,-1,-1,23.380993,1,23.4496,1.065984,24.515584
84,128,128,-1,-1,-1,-1,-1,23.401472,1,23.472128,1.07008,24.542208
85,128,128,-1,-1,-1,-1,-1,23.479296,1,23.548927,1.078272,24.627199
86,128,128,-1,-1,-1,-1,-1,23.448576,1,23.51104,1.07008,24.58112
87,128,128,-1,-1,-1,-1,-1,23.443457,1,23.514112,1.068032,24.582144
88,128,128,-1,-1,-1,-1,-1,23.475201,1,23.543808,1.050624,24.594432
89,128,128,-1,-1,-1,-1,-1,23.447552,1,23.516159,1.055744,24.571903
90,128,128,-1,-1,-1,-1,-1,23.473152,1,23.535616,1.06496,24.600576
91,128,128,-1,-1,-1,-1,-1,23.517183,1,23.563265,1.05984,24.623105
92,128,128,-1,-1,-1,-1,-1,23.503872,1,23.549952,1.055744,24.605696
93,128,128,-1,-1,-1,-1,-1,23.532543,1,23.576576,1.061888,24.638464
94,128,128,-1,-1,-1,-1,-1,23.529472,1,23.574528,1.058816,24.633344
95,128,128,-1,-1,-1,-1,-1,23.529472,1,23.574528,1.055744,24.630272
96,128,128,-1,-1,-1,-1,-1,23.508991,1,23.552,1.068032,24.620032
97,128,128,-1,-1,-1,-1,-1,23.569408,1,23.615488,1.047552,24.66304
98,128,128,-1,-1,-1,-1,-1,23.56736,1,23.632896,1.072128,24.705024
99,128,128,-1,-1,-1,-1,-1,23.603201,1,23.66976,1.055744,24.725504
100,128,128,-1,-1,-1,-1,-1,23.58272,1,23.6544,1.05984,24.71424
101,128,128,-1,-1,-1,-1,-1,23.593985,1,23.6544,1.057792,24.712192
102,128,128,-1,-1,-1,-1,-1,23.618561,1,23.686144,1.053696,24.73984
103,128,128,-1,-1,-1,-1,-1,23.614464,1,23.683071,1.07008,24.753151
104,128,128,-1,-1,-1,-1,-1,23.605247,1,23.673857,1.056768,24.730625
105,128,128,-1,-1,-1,-1,-1,23.632896,1,23.701504,1.056768,24.758272
106,128,128,-1,-1,-1,-1,-1,23.657473,1,23.725056,1.068032,24.793088
107,128,128,-1,-1,-1,-1,-1,23.628799,1,23.674879,1.053696,24.728575
108,128,128,-1,-1,-1,-1,-1,23.655424,1,23.699455,1.062912,24.762367
109,128,624,-1,-1,-1,-1,-1,-1,0,72.059906,1.045504,73.10541
110,128,128,-1,-1,-1,-1,-1,23.973888,1,24.020992,1.077248,25.09824
111,128,128,-1,-1,-1,-1,-1,23.912449,1,23.958529,1.06496,25.023489
112,128,128,-1,-1,-1,-1,-1,23.800833,1,23.847937,1.074176,24.922113
113,128,128,-1,-1,-1,-1,-1,23.7824,1,23.82848,1.07008,24.89856
114,128,128,-1,-1,-1,-1,-1,23.795712,1,23.865343,1.065984,24.931327
115,128,128,-1,-1,-1,-1,-1,23.785473,1,23.857153,1.069056,24.926209
116,128,128,-1,-1,-1,-1,-1,23.745537,1,23.809025,1.072128,24.881153
117,128,128,-1,-1,-1,-1,-1,23.789568,1,23.853056,1.063936,24.916992
118,128,1120,-1,-1,-1,-1,-1,-1,0,99.192833,1.052672,100.245505
119,128,623,-1,-1,-1,-1,-1,-1,0,74.06797,1.052672,75.120642
120,128,1615,-1,-1,-1,-1,-1,-1,0,127.447037,1.05984,128.506877
121,128,624,-1,-1,-1,-1,-1,-1,0,74.192894,1.05472,75.247614
122,128,1119,-1,-1,-1,-1,-1,-1,0,100.278275,1.047552,101.325827
123,128,1616,-1,-1,-1,-1,-1,-1,0,127.066109,1.056768,128.122877
124,128,624,-1,-1,-1,-1,-1,-1,0,73.765884,1.0496,74.815484
125,128,1616,-1,-1,-1,-1,-1,-1,0,127.458305,1.05984,128.518145
126,128,1119,-1,-1,-1,-1,-1,-1,0,102.104065,1.05472,103.158785
127,128,3102,-1,-1,-1,-1,-1,-1,0,220.488708,1.052672,221.541381
128,128,4095,-1,-1,-1,-1,-1,-1,0,275.62085,1.058816,276.679666
129,128,3104,-1,-1,-1,-1,-1,-1,0,220.526596,1.056768,221.583364
130,128,1615,-1,-1,-1,-1,-1,-1,0,127.273987,1.05984,128.333827
131,128,1615,-1,-1,-1,-1,-1,-1,0,128.022522,1.058816,129.081338
132,128,1616,-1,-1,-1,-1,-1,-1,0,128.248825,1.058816,129.307641
133,128,2607,-1,-1,-1,-1,-1,-1,0,194.433029,1.053696,195.486725
134,128,2112,-1,-1,-1,-1,-1,-1,0,161.177597,1.055744,162.233341
135,128,3599,-1,-1,-1,-1,-1,-1,0,257.343475,1.060864,258.404339
136,128,3600,-1,-1,-1,-1,-1,-1,0,257.055756,1.055744,258.1115
137,128,2112,-1,-1,-1,-1,-1,-1,0,162.049026,1.065984,163.11501
138,128,3104,-1,-1,-1,-1,-1,-1,0,220.934143,1.058816,221.992959
139,128,5085,-1,-1,-1,-1,-1,-1,0,329.803772,1.063936,330.867708
140,128,3104,-1,-1,-1,-1,-1,-1,0,219.563004,1.058816,220.621819
141,128,128,-1,-1,-1,-1,-1,23.759872,1,23.833599,1.08032,24.913919
142,128,4590,-1,-1,-1,-1,-1,-1,0,305.564667,1.0496,306.614267
143,128,1616,-1,-1,-1,-1,-1,-1,0,125.873154,1.05472,126.927874
144,128,1616,-1,-1,-1,-1,-1,-1,0,124.713982,1.047552,125.761534
145,128,2112,-1,-1,-1,-1,-1,-1,0,159.676422,1.047552,160.723974
146,128,1615,-1,-1,-1,-1,-1,-1,0,124.759041,1.05984,125.818881
147,128,1616,-1,-1,-1,-1,-1,-1,0,125.120514,1.057792,126.178306
148,128,624,-1,-1,-1,-1,-1,-1,0,69.480446,1.03936,70.519806
149,128,624,-1,-1,-1,-1,-1,-1,0,69.060608,1.040384,70.100992
150,128,608,-1,-1,-1,-1,-1,-1,0,68.443138,1.051648,69.494786
151,128,624,-1,-1,-1,-1,-1,-1,0,68.515839,1.047552,69.563391
152,128,624,-1,-1,-1,-1,-1,-1,0,68.943871,1.03936,69.983231
153,128,128,-1,-1,-1,-1,-1,23.388161,1,23.460863,1.068032,24.528895
154,128,128,-1,-1,-1,-1,-1,23.218176,1,23.288832,1.071104,24.359936
155,128,128,-1,-1,-1,-1,-1,23.123968,1,23.195648,1.071104,24.266752
156,128,128,-1,-1,-1,-1,-1,23.033855,1,23.103489,1.068032,24.171521
157,128,624,-1,-1,-1,-1,-1,-1,0,67.841026,1.047552,68.888578
158,128,128,-1,-1,-1,-1,-1,23.339008,1,23.411713,1.074176,24.485889
159,128,128,-1,-1,-1,-1,-1,23.179264,1,23.24992,1.076224,24.326144
160,128,128,-1,-1,-1,-1,-1,23.110657,1,23.180288,1.074176,24.254464
161,128,128,-1,-1,-1,-1,-1,23.053312,1,23.123968,1.068032,24.192
162,128,128,-1,-1,-1,-1,-1,23.080959,1,23.152639,1.073152,24.225791
163,128,128,-1,-1,-1,-1,-1,23.098368,1,23.161856,1.065984,24.22784
164,128,128,-1,-1,-1,-1,-1,22.999041,1,23.067648,1.068032,24.13568
165,128,128,-1,-1,-1,-1,-1,22.9888,1,23.057407,1.068032,24.125439
166,128,128,-1,-1,-1,-1,-1,23.0144,1,23.077888,1.071104,24.148993
167,128,128,-1,-1,-1,-1,-1,23.017471,1,23.088127,1.061888,24.150015
168,128,128,-1,-1,-1,-1,-1,23.046144,1,23.1168,1.076224,24.193024
169,128,128,-1,-1,-1,-1,-1,23.032831,1,23.10144,1.058816,24.160256
170,128,128,-1,-1,-1,-1,-1,23.059456,1,23.119871,1.061888,24.181759
171,128,128,-1,-1,-1,-1,-1,23.046144,1,23.107584,1.05472,24.162304
172,128,128,-1,-1,-1,-1,-1,23.06048,1,23.134209,1.068032,24.202241
173,128,128,-1,-1,-1,-1,-1,23.063553,1,23.124992,1.08032,24.205312
174,128,128,-1,-1,-1,-1,-1,23.06048,1,23.130112,1.062912,24.193024
175,128,128,-1,-1,-1,-1,-1,23.087105,1,23.155712,1.073152,24.228864
176,128,128,-1,-1,-1,-1,-1,23.090176,1,23.154688,1.07008,24.224768
177,128,128,-1,-1,-1,-1,-1,23.070721,1,23.142401,1.07008,24.212481
178,128,128,-1,-1,-1,-1,-1,23.110657,1,23.181313,1.077248,24.258561
179,128,128,-1,-1,-1,-1,-1,23.123968,1,23.194624,1.05472,24.249344
180,128,128,-1,-1,-1,-1,-1,23.133184,1,23.204865,1.055744,24.260609
181,128,128,-1,-1,-1,-1,-1,23.118849,1,23.187456,1.057792,24.245248
182,128,128,-1,-1,-1,-1,-1,23.133184,1,23.194624,1.056768,24.251392
183,128,128,-1,-1,-1,-1,-1,23.135233,1,23.196672,1.056768,24.25344
184,128,128,-1,-1,-1,-1,-1,23.135233,1,23.196672,1.056768,24.25344
185,128,128,-1,-1,-1,-1,-1,23.161856,1,23.230465,1.05984,24.290305
186,128,128,-1,-1,-1,-1,-1,23.158785,1,23.221249,1.055744,24.276993
187,128,128,-1,-1,-1,-1,-1,23.144447,1,23.206911,1.052672,24.259583
188,128,128,-1,-1,-1,-1,-1,23.169024,1,23.237633,1.061888,24.299521
189,128,128,-1,-1,-1,-1,-1,23.175167,1,23.237633,1.058816,24.296449
190,128,128,-1,-1,-1,-1,-1,23.229441,1,23.301121,1.069056,24.370177
191,128,128,-1,-1,-1,-1,-1,23.195648,1,23.266304,1.072128,24.338432
192,128,128,-1,-1,-1,-1,-1,23.220224,1,23.29088,1.062912,24.353792
193,128,128,-1,-1,-1,-1,-1,23.226368,1,23.297024,1.060864,24.357888
194,128,128,-1,-1,-1,-1,-1,23.262209,1,23.333887,1.05472,24.388607
195,128,128,-1,-1,-1,-1,-1,23.283712,1,23.353344,1.069056,24.4224
196,128,128,-1,-1,-1,-1,-1,23.267328,1,23.337984,1.063936,24.40192
197,128,128,-1,-1,-1,-1,-1,23.247871,1,23.318527,1.072128,24.390655
198,128,128,-1,-1,-1,-1,-1,23.283712,1,23.354368,1.058816,24.413184
199,128,128,-1,-1,-1,-1,-1,23.297024,1,23.366655,1.058816,24.425471
200,128,128,-1,-1,-1,-1,-1,23.313408,1,23.375872,1.062912,24.438784
201,128,128,-1,-1,-1,-1,-1,23.318527,1,23.388161,1.05984,24.448001
202,128,128,-1,-1,-1,-1,-1,23.322624,1,23.384064,1.062912,24.446976
203,128,128,-1,-1,-1,-1,-1,23.345152,1,23.41888,1.063936,24.482816
204,128,128,-1,-1,-1,-1,-1,23.322624,1,23.388161,1.07008,24.458241
205,128,128,-1,-1,-1,-1,-1,23.346176,1,23.407616,1.061888,24.469504
206,128,128,-1,-1,-1,-1,-1,23.3472,1,23.410688,1.06496,24.475648
207,128,128,-1,-1,-1,-1,-1,23.35232,1,23.425024,1.067008,24.492032
208,128,128,-1,-1,-1,-1,-1,23.385088,1,23.456768,1.068032,24.5248
209,128,128,-1,-1,-1,-1,-1,23.387136,1,23.457792,1.058816,24.516608
210,128,128,-1,-1,-1,-1,-1,23.387136,1,23.457792,1.07008,24.527872
211,128,128,-1,-1,-1,-1,-1,23.40864,1,23.479296,1.069056,24.548352
212,128,128,-1,-1,-1,-1,-1,23.432192,1,23.494656,1.05472,24.549376
213,128,128,-1,-1,-1,-1,-1,23.417856,1,23.489536,1.071104,24.56064
214,128,128,-1,-1,-1,-1,-1,23.437311,1,23.510015,1.069056,24.579072
215,128,128,-1,-1,-1,-1,-1,23.436289,1,23.50592,1.076224,24.582144
216,128,128,-1,-1,-1,-1,-1,23.463936,1,23.538689,1.05472,24.593409
217,128,128,-1,-1,-1,-1,-1,23.51104,1,23.581696,1.062912,24.644608
218,128,128,-1,-1,-1,-1,-1,23.45472,1,23.518208,1.05984,24.578048
219,128,128,-1,-1,-1,-1,-1,23.496704,1,23.566336,1.060864,24.6272
220,128,128,-1,-1,-1,-1,-1,23.489536,1,23.562241,1.06496,24.627201
221,128,128,-1,-1,-1,-1,-1,23.528448,1,23.591936,1.072128,24.664064
222,128,128,-1,-1,-1,-1,-1,23.530497,1,23.601152,1.06496,24.666112
223,128,624,-1,-1,-1,-1,-1,-1,0,71.229439,1.047552,72.276991
224,128,128,-1,-1,-1,-1,-1,23.886848,1,23.959553,1.063936,25.023489
225,128,128,-1,-1,-1,-1,-1,23.769089,1,23.84384,1.063936,24.907776
226,128,128,-1,-1,-1,-1,-1,23.651327,1,23.721985,1.056768,24.778753
227,128,128,-1,-1,-1,-1,-1,23.635967,1,23.705601,1.07008,24.775681
228,128,128,-1,-1,-1,-1,-1,23.632896,1,23.704576,1.069056,24.773633
229,128,128,-1,-1,-1,-1,-1,23.588863,1,23.659519,1.063936,24.723455
230,128,128,-1,-1,-1,-1,-1,23.563265,1,23.634945,1.052672,24.687617
231,128,128,-1,-1,-1,-1,-1,23.589888,1,23.660543,1.05984,24.720383
232,128,128,-1,-1,-1,-1,-1,23.614464,1,23.690241,1.058816,24.749057
233,128,128,-1,-1,-1,-1,-1,23.596031,1,23.660543,1.063936,24.724479
234,128,128,-1,-1,-1,-1,-1,23.648256,1,23.717888,1.062912,24.7808
235,128,128,-1,-1,-1,-1,-1,23.624704,1,23.688192,1.055744,24.743936
236,128,128,-1,-1,-1,-1,-1,23.642113,1,23.71072,1.057792,24.768512
237,128,128,-1,-1,-1,-1,-1,23.649281,1,23.717888,1.061888,24.779776
238,128,128,-1,-1,-1,-1,-1,23.658497,1,23.730177,1.063936,24.794113
239,128,128,-1,-1,-1,-1,-1,23.681025,1,23.743488,1.05984,24.803328
240,128,128,-1,-1,-1,-1,-1,23.699455,1,23.768064,1.055744,24.823809
241,128,624,-1,-1,-1,-1,-1,-1,0,72.162308,1.048576,73.210884
242,128,128,-1,-1,-1,-1,-1,24.092672,1,24.164352,1.072128,25.23648
243,128,1616,-1,-1,-1,-1,-1,-1,0,126.767105,1.04448,127.811585
244,128,2112,-1,-1,-1,-1,-1,-1,0,163.010559,1.055744,164.066303
245,128,624,-1,-1,-1,-1,-1,-1,0,73.71981,1.05472,74.774531
246,128,624,-1,-1,-1,-1,-1,-1,0,73.368576,1.048576,74.417152
247,128,128,-1,-1,-1,-1,-1,24.061953,1,24.124416,1.068032,25.192448
248,128,1615,-1,-1,-1,-1,-1,-1,0,126.680061,1.060864,127.740925
249,128,2112,-1,-1,-1,-1,-1,-1,0,164.201477,1.062912,165.264389
250,128,624,-1,-1,-1,-1,-1,-1,0,73.746429,1.051648,74.798077
251,128,1615,-1,-1,-1,-1,-1,-1,0,126.993408,1.06496,128.058368
252,128,1120,-1,-1,-1,-1,-1,-1,0,100.667389,1.058816,101.726205
253,128,624,-1,-1,-1,-1,-1,-1,0,73.287682,1.052672,74.340354
254,128,2111,-1,-1,-1,-1,-1,-1,0,161.539078,1.060864,162.599942
255,128,2112,-1,-1,-1,-1,-1,-1,0,162.942978,1.056768,163.999746
256,128,2608,-1,-1,-1,-1,-1,-1,0,194.501633,1.061888,195.563521
257,128,1087,-1,-1,-1,-1,-1,-1,0,100.675583,1.060864,101.736447
258,128,2606,-1,-1,-1,-1,-1,-1,0,194.487289,1.057792,195.545081
259,128,1616,-1,-1,-1,-1,-1,-1,0,127.663101,1.06496,128.728061
260,128,1616,-1,-1,-1,-1,-1,-1,0,127.908867,1.061888,128.970755
261,128,5087,-1,-1,-1,-1,-1,-1,0,330.485748,1.05984,331.545588
262,128,1616,-1,-1,-1,-1,-1,-1,0,127.459328,1.060864,128.520192
263,128,3598,-1,-1,-1,-1,-1,-1,0,258.833405,1.058816,259.89222
264,128,4096,-1,-1,-1,-1,-1,-1,0,275.112946,1.058816,276.171762
265,128,1616,-1,-1,-1,-1,-1,-1,0,126.15168,1.055744,127.207424
266,128,2607,-1,-1,-1,-1,-1,-1,0,193.346558,1.05472,194.401278
267,128,2112,-1,-1,-1,-1,-1,-1,0,161.078278,1.056768,162.135046
268,128,3552,-1,-1,-1,-1,-1,-1,0,252.085251,1.052672,253.137923
269,128,1119,-1,-1,-1,-1,-1,-1,0,97.219582,1.053696,98.273278
270,128,1616,-1,-1,-1,-1,-1,-1,0,125.49427,1.05472,126.54899
271,128,1120,-1,-1,-1,-1,-1,-1,0,98.44326,1.058816,99.502076
272,128,2608,-1,-1,-1,-1,-1,-1,0,192.083969,1.057792,193.141761
273,128,1616,-1,-1,-1,-1,-1,-1,0,125.323265,1.060864,126.384129
274,128,1120,-1,-1,-1,-1,-1,-1,0,98.137085,1.062912,99.199997
275,128,624,-1,-1,-1,-1,-1,-1,0,70.165504,1.051648,71.217152
276,128,1616,-1,-1,-1,-1,-1,-1,0,124.622849,1.061888,125.684736
277,128,624,-1,-1,-1,-1,-1,-1,0,70.051842,1.048576,71.100418
278,128,1120,-1,-1,-1,-1,-1,-1,0,96.497665,1.040384,97.538049
279,128,128,-1,-1,-1,-1,-1,23.531521,1,23.601152,1.068032,24.669184
280,128,128,-1,-1,-1,-1,-1,23.334911,1,23.406591,1.05984,24.466431
281,128,624,-1,-1,-1,-1,-1,-1,0,68.075523,1.033216,69.108739
282,128,1119,-1,-1,-1,-1,-1,-1,0,96.208893,1.04448,97.253373
283,128,128,-1,-1,-1,-1,-1,23.499777,1,23.571457,1.060864,24.632321
284,128,624,-1,-1,-1,-1,-1,-1,0,68.501503,1.041408,69.542911
285,128,128,-1,-1,-1,-1,-1,23.518208,1,23.587839,1.06496,24.652799
286,128,128,-1,-1,-1,-1,-1,23.266304,1,23.328768,1.063936,24.392704
287,128,128,-1,-1,-1,-1,-1,23.100416,1,23.169024,1.060864,24.229887
288,128,128,-1,-1,-1,-1,-1,23.061504,1,23.130112,1.055744,24.185856
289,128,128,-1,-1,-1,-1,-1,23.069696,1,23.138304,1.05472,24.193024
290,128,128,-1,-1,-1,-1,-1,23.047169,1,23.114752,1.057792,24.172544
291,128,128,-1,-1,-1,-1,-1,22.987776,1,23.054337,1.055744,24.110081
292,128,624,-1,-1,-1,-1,-1,-1,0,68.282372,1.040384,69.322756
293,128,128,-1,-1,-1,-1,-1,23.544832,1,23.615488,1.06496,24.680448
294,128,128,-1,-1,-1,-1,-1,23.350271,1,23.419905,1.05472,24.474625
295,128,128,-1,-1,-1,-1,-1,23.166977,1,23.227392,1.072128,24.29952
296,128,128,-1,-1,-1,-1,-1,23.111679,1,23.180288,1.058816,24.239104
297,128,128,-1,-1,-1,-1,-1,23.103489,1,23.171072,1.062912,24.233984
298,128,128,-1,-1,-1,-1,-1,23.105536,1,23.174145,1.050624,24.224769
299,128,128,-1,-1,-1,-1,-1,23.052288,1,23.119871,1.091584,24.211455
300,128,128,-1,-1,-1,-1,-1,23.071745,1,23.139328,1.057792,24.19712
301,128,128,-1,-1,-1,-1,-1,23.041023,1,23.10144,1.057792,24.159232
302,128,128,-1,-1,-1,-1,-1,23.071745,1,23.131136,1.05472,24.185856
303,128,128,-1,-1,-1,-1,-1,23.066624,1,23.134209,1.052672,24.186881
304,128,128,-1,-1,-1,-1,-1,23.098368,1,23.166977,1.056768,24.223745
305,128,128,-1,-1,-1,-1,-1,23.092224,1,23.158785,1.050624,24.209409
306,128,128,-1,-1,-1,-1,-1,23.097343,1,23.155712,1.055744,24.211456
307,128,128,-1,-1,-1,-1,-1,23.10656,1,23.17312,1.053696,24.226817
308,128,128,-1,-1,-1,-1,-1,23.13728,1,23.204865,1.057792,24.262656
309,128,128,-1,-1,-1,-1,-1,23.119871,1,23.17824,1.057792,24.236032
310,128,128,-1,-1,-1,-1,-1,23.13728,1,23.206911,1.058816,24.265727
311,128,128,-1,-1,-1,-1,-1,23.123968,1,23.190529,1.055744,24.246273
312,128,128,-1,-1,-1,-1,-1,23.148544,1,23.216127,1.058816,24.274943
313,128,128,-1,-1,-1,-1,-1,23.153664,1,23.220224,1.05984,24.280064
314,128,128,-1,-1,-1,-1,-1,23.159807,1,23.218176,1.063936,24.282112
315,128,128,-1,-1,-1,-1,-1,23.169024,1,23.236609,1.057792,24.2944
316,128,128,-1,-1,-1,-1,-1,23.185408,1,23.251968,1.056768,24.308736
317,128,128,-1,-1,-1,-1,-1,23.194624,1,23.261185,1.060864,24.322049
318,128,128,-1,-1,-1,-1,-1,23.192575,1,23.259136,1.056768,24.315904
319,128,128,-1,-1,-1,-1,-1,23.223295,1,23.29088,1.058816,24.349696
320,128,128,-1,-1,-1,-1,-1,23.248896,1,23.315456,1.062912,24.378368
321,128,128,-1,-1,-1,-1,-1,23.248896,1,23.315456,1.060864,24.37632
322,128,128,-1,-1,-1,-1,-1,23.232512,1,23.298048,1.05472,24.352768
323,128,128,-1,-1,-1,-1,-1,23.23456,1,23.292929,1.056768,24.349697
324,128,128,-1,-1,-1,-1,-1,23.233536,1,23.302143,1.055744,24.357887
325,128,128,-1,-1,-1,-1,-1,23.27552,1,23.344128,1.056768,24.400896
326,128,128,-1,-1,-1,-1,-1,23.28064,1,23.341057,1.061888,24.402945
327,128,128,-1,-1,-1,-1,-1,23.274496,1,23.340033,1.055744,24.395777
328,128,128,-1,-1,-1,-1,-1,23.30624,1,23.365631,1.05472,24.420351
329,128,128,-1,-1,-1,-1,-1,23.303167,1,23.370752,1.060864,24.431616
330,128,128,-1,-1,-1,-1,-1,23.314432,1,23.382015,1.055744,24.437759
331,128,128,-1,-1,-1,-1,-1,23.346176,1,23.413759,1.061888,24.475647
332,128,128,-1,-1,-1,-1,-1,23.335936,1,23.404545,1.057792,24.462337
333,128,128,-1,-1,-1,-1,-1,23.344128,1,23.413759,1.056768,24.470527
334,128,128,-1,-1,-1,-1,-1,23.369728,1,23.438335,1.05472,24.493055
335,128,128,-1,-1,-1,-1,-1,23.373823,1,23.43424,1.053696,24.487936
336,128,128,-1,-1,-1,-1,-1,23.370752,1,23.438335,1.056768,24.495103
337,128,128,-1,-1,-1,-1,-1,23.371777,1,23.438335,1.055744,24.494079
338,128,128,-1,-1,-1,-1,-1,23.397375,1,23.463936,1.061888,24.525824
339,128,128,-1,-1,-1,-1,-1,23.399424,1,23.467009,1.061888,24.528897
340,128,128,-1,-1,-1,-1,-1,23.405567,1,23.473152,1.057792,24.530944
341,128,128,-1,-1,-1,-1,-1,23.403521,1,23.470079,1.0496,24.519679
342,128,128,-1,-1,-1,-1,-1,23.445503,1,23.512064,1.055744,24.567808
343,128,128,-1,-1,-1,-1,-1,23.452671,1,23.519232,1.056768,24.576
344,128,128,-1,-1,-1,-1,-1,23.472128,1,23.538689,1.05472,24.593409
345,128,128,-1,-1,-1,-1,-1,23.462912,1,23.529472,1.056768,24.58624
346,128,128,-1,-1,-1,-1,-1,23.453695,1,23.522305,1.056768,24.579072
347,128,128,-1,-1,-1,-1,-1,23.499777,1,23.566336,1.056768,24.623104
348,128,128,-1,-1,-1,-1,-1,23.490561,1,23.559168,1.055744,24.614912
349,128,624,-1,-1,-1,-1,-1,-1,0,71.313408,1.035264,72.348672
350,128,128,-1,-1,-1,-1,-1,23.892992,1,23.963648,1.077248,25.040896
351,128,128,-1,-1,-1,-1,-1,23.724031,1,23.791616,1.05984,24.851456
352,128,128,-1,-1,-1,-1,-1,23.618561,1,23.687168,1.05472,24.741888
353,128,128,-1,-1,-1,-1,-1,23.641088,1,23.708672,1.060864,24.769536
354,128,128,-1,-1,-1,-1,-1,23.659519,1,23.72608,1.093632,24.819712
355,128,128,-1,-1,-1,-1,-1,23.584768,1,23.652351,1.055744,24.708095
356,128,1120,-1,-1,-1,-1,-1,-1,0,98.770943,1.040384,99.811327
357,128,624,-1,-1,-1,-1,-1,-1,0,73.315331,1.041408,74.356738
358,128,128,-1,-1,-1,-1,-1,23.998465,1,24.06912,1.0752,25.14432
359,128,128,-1,-1,-1,-1,-1,23.791616,1,23.862272,1.056768,24.91904
360,128,128,-1,-1,-1,-1,-1,23.681025,1,23.749632,1.076224,24.825856
361,128,128,-1,-1,-1,-1,-1,23.661568,1,23.730177,1.055744,24.785921
362,128,128,-1,-1,-1,-1,-1,23.677952,1,23.745537,1.05984,24.805377
363,128,128,-1,-1,-1,-1,-1,23.643135,1,23.703552,1.056768,24.76032
364,128,128,-1,-1,-1,-1,-1,23.627775,1,23.696384,1.055744,24.752128
365,128,624,-1,-1,-1,-1,-1,-1,0,71.885826,1.037312,72.923138
366,128,2112,-1,-1,-1,-1,-1,-1,0,161.694717,1.043456,162.738173
367,128,128,-1,-1,-1,-1,-1,24.164352,1,24.236032,1.06496,25.300992
368,128,128,-1,-1,-1,-1,-1,23.904257,1,23.974913,1.057792,25.032705
369,128,1120,-1,-1,-1,-1,-1,-1,0,99.187714,1.043456,100.23117
370,128,624,-1,-1,-1,-1,-1,-1,0,73.649155,1.046528,74.695683
371,128,624,-1,-1,-1,-1,-1,-1,0,73.046013,1.041408,74.087421
372,128,624,-1,-1,-1,-1,-1,-1,0,72.903679,1.04448,73.948159
373,128,128,-1,-1,-1,-1,-1,24.00256,1,24.07424,1.05984,25.13408
374,128,128,-1,-1,-1,-1,-1,23.826431,1,23.895041,1.058816,24.953856
375,128,1120,-1,-1,-1,-1,-1,-1,0,99.266563,1.04448,100.311043
376,128,2095,-1,-1,-1,-1,-1,-1,0,163.732483,1.045504,164.777987
377,128,1120,-1,-1,-1,-1,-1,-1,0,101.091331,1.03936,102.130692
378,128,1119,-1,-1,-1,-1,-1,-1,0,100.572159,1.043456,101.615615
379,128,1616,-1,-1,-1,-1,-1,-1,0,128.357376,1.045504,129.40288
380,128,623,-1,-1,-1,-1,-1,-1,0,73.452545,1.04448,74.497025
381,128,2607,-1,-1,-1,-1,-1,-1,0,194.142212,1.0496,195.191812
382,128,2608,-1,-1,-1,-1,-1,-1,0,195.826691,1.046528,196.873219
383,128,3086,-1,-1,-1,-1,-1,-1,0,221.446136,1.046528,222.492664
384,128,624,-1,-1,-1,-1,-1,-1,0,72.969215,1.047552,74.016767
385,128,2608,-1,-1,-1,-1,-1,-1,0,194.503677,1.05984,195.563517
386,128,1616,-1,-1,-1,-1,-1,-1,0,127.73069,1.058816,128.789506
387,128,1120,-1,-1,-1,-1,-1,-1,0,100.122627,1.058816,101.181443
388,128,4094,-1,-1,-1,-1,-1,-1,0,276.383759,1.05984,277.443599
389,128,1119,-1,-1,-1,-1,-1,-1,0,99.795967,1.071104,100.867071
390,128,1120,-1,-1,-1,-1,-1,-1,0,99.102722,1.04448,100.147202
391,128,2112,-1,-1,-1,-1,-1,-1,0,162.106369,1.061888,163.168257
392,128,1120,-1,-1,-1,-1,-1,-1,0,99.363838,1.057792,100.42163
393,128,1616,-1,-1,-1,-1,-1,-1,0,126.793732,1.061888,127.85562
394,128,1120,-1,-1,-1,-1,-1,-1,0,99.663872,1.05984,100.723712
395,128,3102,-1,-1,-1,-1,-1,-1,0,221.095932,1.067008,222.16294
396,128,2112,-1,-1,-1,-1,-1,-1,0,162.095108,1.058816,163.153924
397,128,3104,-1,-1,-1,-1,-1,-1,0,220.475388,1.061888,221.537276
398,128,1120,-1,-1,-1,-1,-1,-1,0,99.035133,1.050624,100.085757
399,128,2606,-1,-1,-1,-1,-1,-1,0,192.92569,1.05472,193.98041
400,128,2112,-1,-1,-1,-1,-1,-1,0,160.306183,1.053696,161.359879
401,128,2096,-1,-1,-1,-1,-1,-1,0,161.574905,1.06496,162.639865
402,128,928,-1,-1,-1,-1,-1,-1,0,90.97216,1.053696,92.025856
403,128,1616,-1,-1,-1,-1,-1,-1,0,124.55117,1.061888,125.613058
404,128,128,-1,-1,-1,-1,-1,23.784449,1,23.856129,1.071104,24.927233
405,128,624,-1,-1,-1,-1,-1,-1,0,69.087234,1.052672,70.139907
406,128,2111,-1,-1,-1,-1,-1,-1,0,160.106491,1.05984,161.166331
407,128,624,-1,-1,-1,-1,-1,-1,0,70.124542,1.055744,71.180286
408,128,128,-1,-1,-1,-1,-1,23.555073,1,23.626753,1.072128,24.698881
409,128,128,-1,-1,-1,-1,-1,23.282688,1,23.351295,1.072128,24.423424
410,128,624,-1,-1,-1,-1,-1,-1,0,68.390915,1.0496,69.440515
411,128,624,-1,-1,-1,-1,-1,-1,0,69.551102,1.050624,70.601726
412,128,624,-1,-1,-1,-1,-1,-1,0,69.395454,1.052672,70.448126
413,128,128,-1,-1,-1,-1,-1,23.492607,1,23.568384,1.074176,24.64256
414,128,128,-1,-1,-1,-1,-1,23.285761,1,23.357441,1.073152,24.430593
415,128,624,-1,-1,-1,-1,-1,-1,0,68.435966,1.051648,69.487615
416,128,624,-1,-1,-1,-1,-1,-1,0,69.616638,1.05984,70.676478
417,128,624,-1,-1,-1,-1,-1,-1,0,69.52243,1.046528,70.568958
418,128,128,-1,-1,-1,-1,-1,23.420927,1,23.49568,1.062912,24.558592
419,128,128,-1,-1,-1,-1,-1,23.266304,1,23.340033,1.06496,24.404993
420,128,128,-1,-1,-1,-1,-1,23.182337,1,23.255039,1.062912,24.317951
421,128,128,-1,-1,-1,-1,-1,23.109632,1,23.182337,1.07008,24.252417
422,128,623,-1,-1,-1,-1,-1,-1,0,68.424706,1.053696,69.478402
423,128,624,-1,-1,-1,-1,-1,-1,0,69.705727,1.055744,70.761471
424,128,128,-1,-1,-1,-1,-1,23.490561,1,23.565311,1.076224,24.641535
425,128,128,-1,-1,-1,-1,-1,23.334911,1,23.407616,1.077248,24.484864
426,128,128,-1,-1,-1,-1,-1,23.230465,1,23.304192,1.073152,24.377344
427,128,128,-1,-1,-1,-1,-1,23.14752,1,23.221249,1.08032,24.301569
428,128,128,-1,-1,-1,-1,-1,23.172096,1,23.243776,1.071104,24.31488
429,128,128,-1,-1,-1,-1,-1,23.169024,1,23.233536,1.077248,24.310784
430,128,128,-1,-1,-1,-1,-1,23.127041,1,23.198721,1.062912,24.261633
431,128,128,-1,-1,-1,-1,-1,23.12192,1,23.1936,1.068032,24.261632
432,128,128,-1,-1,-1,-1,-1,23.102465,1,23.17312,1.065984,24.239105
433,128,128,-1,-1,-1,-1,-1,23.094273,1,23.157761,1.0752,24.232961
434,128,128,-1,-1,-1,-1,-1,23.135233,1,23.196672,1.072128,24.2688
435,128,128,-1,-1,-1,-1,-1,23.110657,1,23.179264,1.08032,24.259584
436,128,128,-1,-1,-1,-1,-1,23.114752,1,23.179264,1.060864,24.240128
437,128,128,-1,-1,-1,-1,-1,23.152639,1,23.223295,1.057792,24.281087
438,128,128,-1,-1,-1,-1,-1,23.148544,1,23.217152,1.07008,24.287232
439,128,128,-1,-1,-1,-1,-1,23.156736,1,23.229441,1.056768,24.286209
440,128,128,-1,-1,-1,-1,-1,23.14752,1,23.217152,1.072128,24.28928
441,128,128,-1,-1,-1,-1,-1,23.163904,1,23.233536,1.082368,24.315904
442,128,128,-1,-1,-1,-1,-1,23.176191,1,23.239679,1.065984,24.305663
443,128,128,-1,-1,-1,-1,-1,23.186432,1,23.259136,1.074176,24.333312
444,128,128,-1,-1,-1,-1,-1,23.189505,1,23.259136,1.0752,24.334336
445,128,128,-1,-1,-1,-1,-1,23.200768,1,23.273472,1.057792,24.331264
446,128,128,-1,-1,-1,-1,-1,23.186432,1,23.256063,1.05472,24.310784
447,128,128,-1,-1,-1,-1,-1,23.225344,1,23.294975,1.0752,24.370175
448,128,128,-1,-1,-1,-1,-1,23.197697,1,23.269377,1.063936,24.333313
449,128,128,-1,-1,-1,-1,-1,23.220224,1,23.289856,1.07008,24.359936
450,128,128,-1,-1,-1,-1,-1,23.242752,1,23.313408,1.05472,24.368128
451,128,128,-1,-1,-1,-1,-1,23.240704,1,23.309313,1.056768,24.366081
452,128,128,-1,-1,-1,-1,-1,23.252993,1,23.3216,1.056768,24.378368
453,128,128,-1,-1,-1,-1,-1,23.273472,1,23.343103,1.068032,24.411135
454,128,128,-1,-1,-1,-1,-1,23.298048,1,23.368704,1.055744,24.424448
455,128,128,-1,-1,-1,-1,-1,23.304192,1,23.370752,1.052672,24.423424
456,128,128,-1,-1,-1,-1,-1,23.29088,1,23.357441,1.053696,24.411137
457,128,128,-1,-1,-1,-1,-1,23.323648,1,23.392256,1.062912,24.455168
458,128,128,-1,-1,-1,-1,-1,23.314432,1,23.383039,1.057792,24.440831
459,128,128,-1,-1,-1,-1,-1,23.315456,1,23.383039,1.060864,24.443903
460,128,128,-1,-1,-1,-1,-1,23.349249,1,23.417856,1.062912,24.480768
461,128,128,-1,-1,-1,-1,-1,23.33696,1,23.406591,1.056768,24.463359
462,128,128,-1,-1,-1,-1,-1,23.355392,1,23.421951,1.050624,24.472575
463,128,128,-1,-1,-1,-1,-1,23.385088,1,23.443457,1.050624,24.494081
464,128,128,-1,-1,-1,-1,-1,23.386112,1,23.45472,1.053696,24.508416
465,128,128,-1,-1,-1,-1,-1,23.41888,1,23.489536,1.058816,24.548352
466,128,128,-1,-1,-1,-1,-1,23.398399,1,23.467009,1.056768,24.523777
467,128,128,-1,-1,-1,-1,-1,23.416832,1,23.484415,1.057792,24.542207
468,128,128,-1,-1,-1,-1,-1,23.43936,1,23.508991,1.055744,24.564735
469,128,128,-1,-1,-1,-1,-1,23.453695,1,23.523329,1.063936,24.587265
470,128,128,-1,-1,-1,-1,-1,23.463936,1,23.531521,1.05984,24.591361
471,128,128,-1,-1,-1,-1,-1,23.443457,1,23.512064,1.05472,24.566784
472,128,128,-1,-1,-1,-1,-1,23.48032,1,23.547903,1.05472,24.602623
473,128,128,-1,-1,-1,-1,-1,23.461887,1,23.529472,1.058816,24.588288
474,128,128,-1,-1,-1,-1,-1,23.49568,1,23.564287,1.067008,24.631295
475,128,128,-1,-1,-1,-1,-1,23.515137,1,23.584768,1.060864,24.645632
476,128,128,-1,-1,-1,-1,-1,23.49568,1,23.565311,1.052672,24.617983
477,128,128,-1,-1,-1,-1,-1,23.520256,1,23.588863,1.056768,24.645631
478,128,128,-1,-1,-1,-1,-1,23.507969,1,23.578625,1.055744,24.634369
479,128,128,-1,-1,-1,-1,-1,23.524351,1,23.583744,1.07008,24.653824
480,128,128,-1,-1,-1,-1,-1,23.553024,1,23.619583,1.056768,24.676351
481,128,128,-1,-1,-1,-1,-1,23.574528,1,23.633921,1.065984,24.699905
482,128,128,-1,-1,-1,-1,-1,23.602177,1,23.670784,1.053696,24.72448
483,128,1119,-1,-1,-1,-1,-1,-1,0,98.909187,1.046528,99.955715
484,128,1120,-1,-1,-1,-1,-1,-1,0,100.409348,1.038336,101.447684
485,128,624,-1,-1,-1,-1,-1,-1,0,73.133057,1.041408,74.174465
486,128,128,-1,-1,-1,-1,-1,24.035328,1,24.098816,1.058816,25.157632
487,128,128,-1,-1,-1,-1,-1,23.872513,1,23.943169,1.055744,24.998913
488,128,624,-1,-1,-1,-1,-1,-1,0,71.931908,1.038336,72.970244
489,128,1120,-1,-1,-1,-1,-1,-1,0,100.176895,1.045504,101.222399
490,128,128,-1,-1,-1,-1,-1,24.146944,1,24.218624,1.058816,25.27744
491,128,624,-1,-1,-1,-1,-1,-1,0,72.357887,1.038336,73.396223
492,128,624,-1,-1,-1,-1,-1,-1,0,72.878082,1.041408,73.91949
493,128,1615,-1,-1,-1,-1,-1,-1,0,128.727036,1.047552,129.774588
494,128,624,-1,-1,-1,-1,-1,-1,0,74.364929,1.045504,75.410433
495,128,1120,-1,-1,-1,-1,-1,-1,0,100.043777,1.040384,101.084162
496,128,624,-1,-1,-1,-1,-1,-1,0,73.049088,1.040384,74.089472
497,128,128,-1,-1,-1,-1,-1,23.938047,1,24.010752,1.062912,25.073664
498,128,128,-1,-1,-1,-1,-1,23.783424,1,23.855104,1.05984,24.914944
499,128,624,-1,-1,-1,-1,-1,-1,0,71.71891,1.033216,72.752126
500,128,1120,-1,-1,-1,-1,-1,-1,0,99.977219,1.041408,101.018627
501,128,128,-1,-1,-1,-1,-1,24.062977,1,24.127487,1.061888,25.189375
502,128,128,-1,-1,-1,-1,-1,23.880705,1,23.942144,1.058816,25.00096
503,128,624,-1,-1,-1,-1,-1,-1,0,71.81517,1.03936,72.85453
504,128,1616,-1,-1,-1,-1,-1,-1,0,127.425537,1.053696,128.479233
505,128,1120,-1,-1,-1,-1,-1,-1,0,101.103615,1.041408,102.145023
506,128,3103,-1,-1,-1,-1,-1,-1,0,222.167038,1.046528,223.213566
507,128,1119,-1,-1,-1,-1,-1,-1,0,100.900864,1.04448,101.945344
508,128,2095,-1,-1,-1,-1,-1,-1,0,163.94342,1.045504,164.988924
509,128,2608,-1,-1,-1,-1,-1,-1,0,195.542023,1.047552,196.589575
510,128,1119,-1,-1,-1,-1,-1,-1,0,100.116478,1.046528,101.163006
511,128,1616,-1,-1,-1,-1,-1,-1,0,127.564796,1.051648,128.616444
512,128,2111,-1,-1,-1,-1,-1,-1,0,163.391495,1.04448,164.435975
513,128,624,-1,-1,-1,-1,-1,-1,0,72.52787,1.041408,73.569278
514,128,2096,-1,-1,-1,-1,-1,-1,0,161.672195,1.0496,162.721795
515,128,1120,-1,-1,-1,-1,-1,-1,0,100.279297,1.043456,101.322753
516,128,1616,-1,-1,-1,-1,-1,-1,0,127.292419,1.055744,128.348163
517,128,2608,-1,-1,-1,-1,-1,-1,0,195.634171,1.05984,196.69401
518,128,2111,-1,-1,-1,-1,-1,-1,0,162.109436,1.048576,163.158012
519,128,2606,-1,-1,-1,-1,-1,-1,0,195.29216,1.047552,196.339712
520,128,2094,-1,-1,-1,-1,-1,-1,0,161.337341,1.050624,162.387965
521,128,3600,-1,-1,-1,-1,-1,-1,0,259.71814,1.048576,260.766716
522,128,1119,-1,-1,-1,-1,-1,-1,0,99.141632,1.043456,100.185088
523,128,1120,-1,-1,-1,-1,-1,-1,0,98.4832,1.046528,99.529728
524,128,623,-1,-1,-1,-1,-1,-1,0,71.207939,1.041408,72.249347
525,128,624,-1,-1,-1,-1,-1,-1,0,70.90995,1.041408,71.951358
526,128,624,-1,-1,-1,-1,-1,-1,0,70.493187,1.037312,71.530499
527,128,2608,-1,-1,-1,-1,-1,-1,0,193.974274,1.04448,195.018754
528,128,1599,-1,-1,-1,-1,-1,-1,0,125.95507,1.048576,127.003646
529,128,1120,-1,-1,-1,-1,-1,-1,0,98.924545,1.047552,99.972097
530,128,1120,-1,-1,-1,-1,-1,-1,0,98.091011,1.045504,99.136515
531,128,1616,-1,-1,-1,-1,-1,-1,0,126.045181,1.05472,127.099901
532,128,1120,-1,-1,-1,-1,-1,-1,0,98.638847,1.042432,99.681279
533,128,1616,-1,-1,-1,-1,-1,-1,0,126.206978,1.053696,127.260674
534,128,1120,-1,-1,-1,-1,-1,-1,0,98.854912,1.051648,99.90656
535,128,128,-1,-1,-1,-1,-1,23.798784,1,23.863297,1.068032,24.931329
536,128,1120,-1,-1,-1,-1,-1,-1,0,96.419838,1.047552,97.46739
537,128,624,-1,-1,-1,-1,-1,-1,0,70.447105,1.036288,71.483393
538,128,128,-1,-1,-1,-1,-1,23.601152,1,23.673857,1.060864,24.734721
539,128,1119,-1,-1,-1,-1,-1,-1,0,96.187393,1.042432,97.229825
540,128,624,-1,-1,-1,-1,-1,-1,0,70.352898,1.048576,71.401474
541,128,128,-1,-1,-1,-1,-1,23.563265,1,23.632896,1.062912,24.695808
542,128,1120,-1,-1,-1,-1,-1,-1,0,96.588799,1.045504,97.634302
543,128,1120,-1,-1,-1,-1,-1,-1,0,97.673218,1.045504,98.718722
544,128,128,-1,-1,-1,-1,-1,23.729153,1,23.801855,1.07008,24.871935
545,128,128,-1,-1,-1,-1,-1,23.399424,1,23.471104,1.062912,24.534016
546,128,128,-1,-1,-1,-1,-1,23.237633,1,23.30624,1.056768,24.363008
547,128,128,-1,-1,-1,-1,-1,23.179264,1,23.245825,1.058816,24.304641
548,128,128,-1,-1,-1,-1,-1,23.129087,1,23.196672,1.062912,24.259584
549,128,128,-1,-1,-1,-1,-1,23.167999,1,23.230465,1.060864,24.291329
550,128,128,-1,-1,-1,-1,-1,23.139328,1,23.20896,1.055744,24.264704
551,128,128,-1,-1,-1,-1,-1,23.0912,1,23.158785,1.060864,24.219649
552,128,623,-1,-1,-1,-1,-1,-1,0,68.861954,1.042432,69.904386
553,128,128,-1,-1,-1,-1,-1,23.663616,1,23.729153,1.05984,24.788993
554,128,128,-1,-1,-1,-1,-1,23.404545,1,23.476225,1.060864,24.537089
555,128,128,-1,-1,-1,-1,-1,23.224319,1,23.291904,1.061888,24.353792
556,128,128,-1,-1,-1,-1,-1,23.179264,1,23.247871,1.056768,24.304639
557,128,128,-1,-1,-1,-1,-1,23.153664,1,23.221249,1.084416,24.305665
558,128,128,-1,-1,-1,-1,-1,23.195648,1,23.263231,1.057792,24.321023
559,128,128,-1,-1,-1,-1,-1,23.136255,1,23.195648,1.065984,24.261632
560,128,624,-1,-1,-1,-1,-1,-1,0,69.150719,1.037312,70.188031
561,128,128,-1,-1,-1,-1,-1,23.632896,1,23.702528,1.05984,24.762368
562,128,128,-1,-1,-1,-1,-1,23.420927,1,23.488512,1.05472,24.543232
563,128,128,-1,-1,-1,-1,-1,23.283712,1,23.351295,1.053696,24.404992
564,128,128,-1,-1,-1,-1,-1,23.23456,1,23.302143,1.058816,24.360959
565,128,128,-1,-1,-1,-1,-1,23.230465,1,23.298048,1.062912,24.36096
566,128,128,-1,-1,-1,-1,-1,23.230465,1,23.298048,1.058816,24.356864
567,128,128,-1,-1,-1,-1,-1,23.196672,1,23.26528,1.052672,24.317952
568,128,128,-1,-1,-1,-1,-1,23.164928,1,23.233536,1.055744,24.28928
569,128,128,-1,-1,-1,-1,-1,23.181313,1,23.241728,1.055744,24.297472
570,128,128,-1,-1,-1,-1,-1,23.186432,1,23.255039,1.056768,24.311807
571,128,128,-1,-1,-1,-1,-1,23.212032,1,23.279615,1.058816,24.338431
572,128,128,-1,-1,-1,-1,-1,23.209984,1,23.276545,1.060864,24.337409
573,128,128,-1,-1,-1,-1,-1,23.245825,1,23.305216,1.053696,24.358912
574,128,128,-1,-1,-1,-1,-1,23.233536,1,23.302143,1.05984,24.361983
575,128,128,-1,-1,-1,-1,-1,23.23456,1,23.304192,1.053696,24.357888
576,128,128,-1,-1,-1,-1,-1,23.244801,1,23.303167,1.057792,24.360959
577,128,128,-1,-1,-1,-1,-1,23.267328,1,23.325697,1.057792,24.383489
578,128,128,-1,-1,-1,-1,-1,23.282688,1,23.351295,1.060864,24.412159
579,128,128,-1,-1,-1,-1,-1,23.27552,1,23.33696,1.056768,24.393728
580,128,128,-1,-1,-1,-1,-1,23.27552,1,23.333887,1.057792,24.391679
581,128,128,-1,-1,-1,-1,-1,23.309313,1,23.376896,1.055744,24.43264
582,128,128,-1,-1,-1,-1,-1,23.316481,1,23.383039,1.063936,24.446975
583,128,128,-1,-1,-1,-1,-1,23.327744,1,23.395329,1.056768,24.452096
584,128,128,-1,-1,-1,-1,-1,23.369728,1,23.437311,1.057792,24.495103
585,128,128,-1,-1,-1,-1,-1,23.366655,1,23.435265,1.058816,24.494081
586,128,128,-1,-1,-1,-1,-1,23.371777,1,23.438335,1.055744,24.494079
587,128,128,-1,-1,-1,-1,-1,23.370752,1,23.43936,1.05472,24.49408
588,128,128,-1,-1,-1,-1,-1,23.372801,1,23.43936,1.051648,24.491008
589,128,128,-1,-1,-1,-1,-1,23.378944,1,23.447552,1.057792,24.505344
590,128,128,-1,-1,-1,-1,-1,23.404545,1,23.470079,1.061888,24.531967
591,128,128,-1,-1,-1,-1,-1,23.415808,1,23.483393,1.052672,24.536065
592,128,128,-1,-1,-1,-1,-1,23.419905,1,23.478271,1.058816,24.537087
593,128,128,-1,-1,-1,-1,-1,23.413759,1,23.48032,1.05472,24.53504
594,128,128,-1,-1,-1,-1,-1,23.433216,1,23.499777,1.05984,24.559617
595,128,128,-1,-1,-1,-1,-1,23.421951,1,23.489536,1.057792,24.547328
596,128,128,-1,-1,-1,-1,-1,23.455744,1,23.522305,1.1008,24.623105
597,128,128,-1,-1,-1,-1,-1,23.473152,1,23.540735,1.05984,24.600575
598,128,128,-1,-1,-1,-1,-1,23.437311,1,23.503872,1.053696,24.557568
599,128,128,-1,-1,-1,-1,-1,23.478271,1,23.53664,1.052672,24.589312
600,128,128,-1,-1,-1,-1,-1,23.503872,1,23.573503,1.074176,24.647679
601,128,128,-1,-1,-1,-1,-1,23.529472,1,23.597055,1.058816,24.655871
602,128,624,-1,-1,-1,-1,-1,-1,0,71.311363,1.03936,72.350723
603,128,128,-1,-1,-1,-1,-1,23.936001,1,24.006657,1.06496,25.071617
604,128,128,-1,-1,-1,-1,-1,23.793665,1,23.856129,1.05984,24.915969
605,128,128,-1,-1,-1,-1,-1,23.648256,1,23.709696,1.062912,24.772608
606,128,128,-1,-1,-1,-1,-1,23.648256,1,23.715839,1.07008,24.785919
607,128,623,-1,-1,-1,-1,-1,-1,0,71.667709,1.042432,72.710141
608,128,128,-1,-1,-1,-1,-1,23.966721,1,24.029184,1.071104,25.100288
609,128,128,-1,-1,-1,-1,-1,23.863297,1,23.932928,1.057792,24.99072
610,128,128,-1,-1,-1,-1,-1,23.735296,1,23.803904,1.057792,24.861696
611,128,1120,-1,-1,-1,-1,-1,-1,0,99.060738,1.047552,100.10829
612,128,1120,-1,-1,-1,-1,-1,-1,0,100.281342,1.041408,101.322749
613,128,624,-1,-1,-1,-1,-1,-1,0,73.323517,1.03936,74.362877
614,128,1615,-1,-1,-1,-1,-1,-1,0,128.687103,1.046528,129.733631
615,128,128,-1,-1,-1,-1,-1,24.29952,1,24.372225,1.069056,25.441281
616,128,128,-1,-1,-1,-1,-1,24.005632,1,24.075264,1.06496,25.140224
617,128,1120,-1,-1,-1,-1,-1,-1,0,99.850243,1.0496,100.899843
618,128,128,-1,-1,-1,-1,-1,24.342527,1,24.414207,1.065984,25.480191
619,128,128,-1,-1,-1,-1,-1,24.050688,1,24.120319,1.062912,25.183231
620,128,624,-1,-1,-1,-1,-1,-1,0,72.189949,1.040384,73.230333
621,128,624,-1,-1,-1,-1,-1,-1,0,73.05011,1.04448,74.09459
622,128,623,-1,-1,-1,-1,-1,-1,0,72.712189,1.041408,73.753597
623,128,128,-1,-1,-1,-1,-1,24.037376,1,24.109056,1.061888,25.170944
624,128,128,-1,-1,-1,-1,-1,23.831553,1,23.902208,1.061888,24.964096
625,128,128,-1,-1,-1,-1,-1,23.699455,1,23.76704,1.061888,24.828928
626,128,1616,-1,-1,-1,-1,-1,-1,0,126.88179,1.043456,127.925246
627,128,624,-1,-1,-1,-1,-1,-1,0,74.01165,1.03936,75.05101
628,128,623,-1,-1,-1,-1,-1,-1,0,73.249794,1.046528,74.296322
629,128,2607,-1,-1,-1,-1,-1,-1,0,194.852859,1.045504,195.898363
630,128,624,-1,-1,-1,-1,-1,-1,0,73.671677,1.041408,74.713085
631,128,1615,-1,-1,-1,-1,-1,-1,0,129.60051,1.055744,130.656254
632,128,128,-1,-1,-1,-1,-1,24.303616,1,24.37632,1.065984,25.442304
633,128,2608,-1,-1,-1,-1,-1,-1,0,194.956284,1.051648,196.007932
634,128,1120,-1,-1,-1,-1,-1,-1,0,100.675583,1.046528,101.722111
635,128,1120,-1,-1,-1,-1,-1,-1,0,99.849213,1.048576,100.897789
636,128,1616,-1,-1,-1,-1,-1,-1,0,128.788483,1.0496,129.838083
637,128,1120,-1,-1,-1,-1,-1,-1,0,100.79744,1.04448,101.84192
638,128,1119,-1,-1,-1,-1,-1,-1,0,99.859459,1.04448,100.903939
639,128,2095,-1,-1,-1,-1,-1,-1,0,163.277817,1.05472,164.332537
640,128,1616,-1,-1,-1,-1,-1,-1,0,129.21344,1.048576,130.262016
641,128,624,-1,-1,-1,-1,-1,-1,0,73.256958,1.045504,74.302462
642,128,2608,-1,-1,-1,-1,-1,-1,0,194.675705,1.048576,195.724281
643,128,4094,-1,-1,-1,-1,-1,-1,0,276.184052,1.050624,277.234676
644,128,2608,-1,-1,-1,-1,-1,-1,0,195.655685,1.048576,196.704261
645,128,2096,-1,-1,-1,-1,-1,-1,0,162.242554,1.04448,163.287034
646,128,2608,-1,-1,-1,-1,-1,-1,0,195.301376,1.045504,196.34688
647,128,1119,-1,-1,-1,-1,-1,-1,0,99.572739,1.045504,100.618243
648,128,624,-1,-1,-1,-1,-1,-1,0,71.41069,1.040384,72.451074
649,128,1120,-1,-1,-1,-1,-1,-1,0,98.142204,1.048576,99.19078
650,128,1616,-1,-1,-1,-1,-1,-1,0,126.613503,1.047552,127.661054
651,128,1616,-1,-1,-1,-1,-1,-1,0,126.755836,1.053696,127.809533
652,128,2112,-1,-1,-1,-1,-1,-1,0,163.30957,1.048576,164.358146
653,128,1616,-1,-1,-1,-1,-1,-1,0,126.272514,1.046528,127.319042
654,128,1615,-1,-1,-1,-1,-1,-1,0,127.036415,1.047552,128.083967
655,128,624,-1,-1,-1,-1,-1,-1,0,71.222275,1.04448,72.266755
656,128,2112,-1,-1,-1,-1,-1,-1,0,161.631226,1.050624,162.68185
657,128,624,-1,-1,-1,-1,-1,-1,0,70.715393,1.042432,71.757825
658,128,2606,-1,-1,-1,-1,-1,-1,0,193.494019,1.04448,194.538499
659,128,128,-1,-1,-1,-1,-1,23.858175,1,23.929855,1.069056,24.998911
660,128,624,-1,-1,-1,-1,-1,-1,0,69.614594,1.05472,70.669314
661,128,128,-1,-1,-1,-1,-1,23.487488,1,23.548927,1.060864,24.609791
662,128,624,-1,-1,-1,-1,-1,-1,0,68.940804,1.03936,69.980164
663,128,128,-1,-1,-1,-1,-1,23.534592,1,23.605247,1.06496,24.670208
664,128,1616,-1,-1,-1,-1,-1,-1,0,124.28083,1.045504,125.326334
665,128,1120,-1,-1,-1,-1,-1,-1,0,98.610176,1.046528,99.656704
666,128,128,-1,-1,-1,-1,-1,23.707647,1,23.779327,1.069056,24.848383
667,128,1120,-1,-1,-1,-1,-1,-1,0,96.9216,1.04448,97.96608
668,128,624,-1,-1,-1,-1,-1,-1,0,70.387711,1.042432,71.430143
669,128,624,-1,-1,-1,-1,-1,-1,0,70.174721,1.048576,71.223297
670,128,128,-1,-1,-1,-1,-1,23.574528,1,23.636992,1.067008,24.704
671,128,128,-1,-1,-1,-1,-1,23.308289,1,23.370752,1.05984,24.430592
672,128,128,-1,-1,-1,-1,-1,23.215103,1,23.283712,1.073152,24.356864
673,128,624,-1,-1,-1,-1,-1,-1,0,68.585472,1.046528,69.632
674,128,128,-1,-1,-1,-1,-1,23.555073,1,23.626753,1.063936,24.690689
675,128,624,-1,-1,-1,-1,-1,-1,0,69.35347,1.037312,70.390782
676,128,128,-1,-1,-1,-1,-1,23.535616,1,23.606272,1.062912,24.669184
677,128,128,-1,-1,-1,-1,-1,23.368704,1,23.43936,1.060864,24.500224
678,128,128,-1,-1,-1,-1,-1,23.263231,1,23.331841,1.050624,24.382465
679,128,624,-1,-1,-1,-1,-1,-1,0,68.898819,1.040384,69.939203
680,128,128,-1,-1,-1,-1,-1,23.58272,1,23.653376,1.06496,24.718336
681,128,128,-1,-1,-1,-1,-1,23.402496,1,23.465984,1.073152,24.539136
682,128,128,-1,-1,-1,-1,-1,23.276545,1,23.348225,1.06496,24.413185
683,128,624,-1,-1,-1,-1,-1,-1,0,69.226494,1.041408,70.267902
684,128,128,-1,-1,-1,-1,-1,23.558144,1,23.628799,1.061888,24.690687
685,128,128,-1,-1,-1,-1,-1,23.420927,1,23.490561,1.057792,24.548352
686,128,128,-1,-1,-1,-1,-1,23.281664,1,23.350271,1.07008,24.420351
687,128,128,-1,-1,-1,-1,-1,23.211008,1,23.28064,1.062912,24.343552
688,128,128,-1,-1,-1,-1,-1,23.242752,1,23.310335,1.056768,24.367103
689,128,128,-1,-1,-1,-1,-1,23.254017,1,23.322624,1.05984,24.382464
690,128,128,-1,-1,-1,-1,-1,23.150593,1,23.211008,1.05984,24.270848
691,128,128,-1,-1,-1,-1,-1,23.167999,1,23.235584,1.05984,24.295424
692,128,128,-1,-1,-1,-1,-1,23.154688,1,23.222273,1.05984,24.282113
693,128,128,-1,-1,-1,-1,-1,23.171072,1,23.237633,1.05472,24.292353
694,128,128,-1,-1,-1,-1,-1,23.185408,1,23.252993,1.056768,24.309761
695,128,128,-1,-1,-1,-1,-1,23.211008,1,23.278591,1.058816,24.337407
696,128,128,-1,-1,-1,-1,-1,23.214081,1,23.281664,1.056768,24.338432
697,128,128,-1,-1,-1,-1,-1,23.192575,1,23.26016,1.055744,24.315904
698,128,128,-1,-1,-1,-1,-1,23.23456,1,23.302143,1.055744,24.357887
699,128,128,-1,-1,-1,-1,-1,23.241728,1,23.309313,1.063936,24.373249
700,128,128,-1,-1,-1,-1,-1,23.245825,1,23.312384,1.057792,24.370176
701,128,128,-1,-1,-1,-1,-1,23.282688,1,23.350271,1.060864,24.411135
702,128,128,-1,-1,-1,-1,-1,23.26528,1,23.332865,1.056768,24.389633
703,128,624,-1,-1,-1,-1,-1,-1,0,69.981186,1.036288,71.017474
704,128,128,-1,-1,-1,-1,-1,23.754751,1,23.826431,1.063936,24.890367
705,128,128,-1,-1,-1,-1,-1,23.514112,1,23.584768,1.061888,24.646656
706,128,128,-1,-1,-1,-1,-1,23.413759,1,23.482368,1.05472,24.537089
707,128,128,-1,-1,-1,-1,-1,23.36256,1,23.422976,1.062912,24.485888
708,128,128,-1,-1,-1,-1,-1,23.41888,1,23.486464,1.060864,24.547328
709,128,128,-1,-1,-1,-1,-1,23.371777,1,23.432192,1.060864,24.493056
710,128,128,-1,-1,-1,-1,-1,23.360512,1,23.429119,1.0752,24.504319
711,128,128,-1,-1,-1,-1,-1,23.343103,1,23.410688,1.060864,24.471552
712,128,128,-1,-1,-1,-1,-1,23.388161,1,23.455744,1.05472,24.510464
713,128,128,-1,-1,-1,-1,-1,23.349249,1,23.416832,1.072128,24.48896
714,128,128,-1,-1,-1,-1,-1,23.366655,1,23.43424,1.057792,24.492032
715,128,128,-1,-1,-1,-1,-1,23.355392,1,23.414783,1.05984,24.474623
716,128,128,-1,-1,-1,-1,-1,23.395329,1,23.462912,1.053696,24.516608
717,128,128,-1,-1,-1,-1,-1,23.376896,1,23.436289,1.058816,24.495105
718,128,128,-1,-1,-1,-1,-1,23.394304,1,23.452671,1.057792,24.510463
719,128,128,-1,-1,-1,-1,-1,23.445503,1,23.512064,1.05984,24.571904
720,128,128,-1,-1,-1,-1,-1,23.440384,1,23.507969,1.053696,24.561665
721,128,128,-1,-1,-1,-1,-1,23.41888,1,23.477247,1.055744,24.532991
722,128,128,-1,-1,-1,-1,-1,23.430143,1,23.490561,1.058816,24.549376
723,128,128,-1,-1,-1,-1,-1,23.444481,1,23.512064,1.061888,24.573952
724,128,128,-1,-1,-1,-1,-1,23.453695,1,23.522305,1.05984,24.582144
725,128,128,-1,-1,-1,-1,-1,23.462912,1,23.531521,1.055744,24.587265
726,128,128,-1,-1,-1,-1,-1,23.489536,1,23.557119,1.057792,24.614911
727,128,128,-1,-1,-1,-1,-1,23.490561,1,23.558144,1.05984,24.617984
728,128,624,-1,-1,-1,-1,-1,-1,0,71.534592,1.042432,72.577024
729,128,624,-1,-1,-1,-1,-1,-1,0,72.692734,1.043456,73.73619
730,128,128,-1,-1,-1,-1,-1,23.967745,1,24.039425,1.068032,25.107457
731,128,128,-1,-1,-1,-1,-1,23.783424,1,23.855104,1.055744,24.910848
732,128,128,-1,-1,-1,-1,-1,23.647232,1,23.716864,1.055744,24.772608
733,128,624,-1,-1,-1,-1,-1,-1,0,71.762947,1.041408,72.804355
734,128,624,-1,-1,-1,-1,-1,-1,0,72.76339,1.042432,73.805822
735,128,624,-1,-1,-1,-1,-1,-1,0,72.778755,1.040384,73.819139
736,128,1120,-1,-1,-1,-1,-1,-1,0,100.694016,1.047552,101.741567
737,128,128,-1,-1,-1,-1,-1,24.206335,1,24.269823,1.065984,25.335807
738,128,128,-1,-1,-1,-1,-1,23.899136,1,23.970816,1.061888,25.032704
739,128,128,-1,-1,-1,-1,-1,23.737345,1,23.805952,1.063936,24.869888
740,128,624,-1,-1,-1,-1,-1,-1,0,71.825409,1.045504,72.870913
741,128,128,-1,-1,-1,-1,-1,23.994368,1,24.066048,1.067008,25.133056
742,128,623,-1,-1,-1,-1,-1,-1,0,72.170494,1.035264,73.205758
743,128,624,-1,-1,-1,-1,-1,-1,0,73.014275,1.03936,74.053635
744,128,1616,-1,-1,-1,-1,-1,-1,0,128.086014,1.048576,129.13459
745,128,128,-1,-1,-1,-1,-1,24.207359,1,24.270847,1.073152,25.343999
746,128,1119,-1,-1,-1,-1,-1,-1,0,100.477951,1.079296,101.557247
747,128,128,-1,-1,-1,-1,-1,24.249344,1,24.322048,1.068032,25.39008
748,128,623,-1,-1,-1,-1,-1,-1,0,72.555519,1.042432,73.597951
749,128,1119,-1,-1,-1,-1,-1,-1,0,100.096001,1.069056,101.165057
750,128,1120,-1,-1,-1,-1,-1,-1,0,100.564995,1.037312,101.602307
751,128,624,-1,-1,-1,-1,-1,-1,0,73.339905,1.043456,74.383361
752,128,624,-1,-1,-1,-1,-1,-1,0,73.081856,1.03936,74.121216
753,128,128,-1,-1,-1,-1,-1,24.015871,1,24.088575,1.062912,25.151487
754,128,128,-1,-1,-1,-1,-1,23.841791,1,23.904257,1.05984,24.964097
755,128,1119,-1,-1,-1,-1,-1,-1,0,99.089409,1.04448,100.133889
756,128,623,-1,-1,-1,-1,-1,-1,0,73.251839,1.046528,74.298367
757,128,1120,-1,-1,-1,-1,-1,-1,0,100.069374,1.043456,101.11283
758,128,2111,-1,-1,-1,-1,-1,-1,0,164.625412,1.04448,165.669892
759,128,2112,-1,-1,-1,-1,-1,-1,0,164.001785,1.047552,165.049337
760,128,128,-1,-1,-1,-1,-1,24.09984,1,24.170496,1.065984,25.23648
761,128,2112,-1,-1,-1,-1,-1,-1,0,160.92775,1.04448,161.97223
762,128,2112,-1,-1,-1,-1,-1,-1,0,163.686401,1.045504,164.731905
763,128,1616,-1,-1,-1,-1,-1,-1,0,127.275009,1.048576,128.323585
764,128,2112,-1,-1,-1,-1,-1,-1,0,163.773438,1.042432,164.815869
765,128,624,-1,-1,-1,-1,-1,-1,0,72.428543,1.046528,73.475071
766,128,1615,-1,-1,-1,-1,-1,-1,0,127.836159,1.0496,128.885759
767,128,1616,-1,-1,-1,-1,-1,-1,0,128.458755,1.047552,129.506307
768,128,1600,-1,-1,-1,-1,-1,-1,0,127.678467,1.0496,128.728067
769,128,1616,-1,-1,-1,-1,-1,-1,0,127.312897,1.045504,128.358401
770,128,1120,-1,-1,-1,-1,-1,-1,0,100.211716,1.0496,101.261316
771,128,2112,-1,-1,-1,-1,-1,-1,0,161.989639,1.051648,163.041287
772,128,1120,-1,-1,-1,-1,-1,-1,0,99.366913,1.040384,100.407297
773,128,1615,-1,-1,-1,-1,-1,-1,0,126.859261,1.048576,127.907837
774,128,3104,-1,-1,-1,-1,-1,-1,0,222.077957,1.048576,223.126533
775,128,4096,-1,-1,-1,-1,-1,-1,0,276.649994,1.050624,277.700618
776,128,2095,-1,-1,-1,-1,-1,-1,0,162.157562,1.048576,163.206138
777,128,1120,-1,-1,-1,-1,-1,-1,0,98.556931,1.045504,99.602435
778,128,624,-1,-1,-1,-1,-1,-1,0,71.072769,1.046528,72.119297
779,128,1616,-1,-1,-1,-1,-1,-1,0,125.466621,1.047552,126.514173
780,128,624,-1,-1,-1,-1,-1,-1,0,71.156738,1.042432,72.19917
781,128,1616,-1,-1,-1,-1,-1,-1,0,126.07795,1.052672,127.130622
782,128,624,-1,-1,-1,-1,-1,-1,0,71.282684,1.040384,72.323068
783,128,128,-1,-1,-1,-1,-1,23.633921,1,23.704576,1.072128,24.776705
784,128,624,-1,-1,-1,-1,-1,-1,0,69.523453,1.035264,70.558717
785,128,624,-1,-1,-1,-1,-1,-1,0,70.252541,1.04448,71.297021
786,128,1120,-1,-1,-1,-1,-1,-1,0,97.958916,1.041408,99.000324
787,128,2111,-1,-1,-1,-1,-1,-1,0,160.890884,1.046528,161.937412
788,128,128,-1,-1,-1,-1,-1,23.750656,1,23.815168,1.0752,24.890368
789,128,1120,-1,-1,-1,-1,-1,-1,0,97.113091,1.048576,98.161667
790,128,1120,-1,-1,-1,-1,-1,-1,0,98.112511,1.048576,99.161087
791,128,624,-1,-1,-1,-1,-1,-1,0,70.433792,1.042432,71.476224
792,128,624,-1,-1,-1,-1,-1,-1,0,69.947395,1.042432,70.989827
793,128,624,-1,-1,-1,-1,-1,-1,0,69.944321,1.03424,70.978561
794,128,623,-1,-1,-1,-1,-1,-1,0,70.118401,1.037312,71.155713
795,128,592,-1,-1,-1,-1,-1,-1,0,70.172668,1.0496,71.222268
796,128,128,-1,-1,-1,-1,-1,23.547903,1,23.620607,1.063936,24.684543
797,128,623,-1,-1,-1,-1,-1,-1,0,69.392387,1.04448,70.436867
798,128,624,-1,-1,-1,-1,-1,-1,0,69.885956,1.045504,70.93146
799,128,128,-1,-1,-1,-1,-1,23.51104,1,23.581696,1.063936,24.645632
800,128,128,-1,-1,-1,-1,-1,23.323648,1,23.385088,1.056768,24.441856
801,128,624,-1,-1,-1,-1,-1,-1,0,68.973572,1.038336,70.011908
802,128,128,-1,-1,-1,-1,-1,23.540735,1,23.603201,1.062912,24.666113
803,128,623,-1,-1,-1,-1,-1,-1,0,69.305344,1.037312,70.342656
804,128,128,-1,-1,-1,-1,-1,23.600128,1,23.670784,1.061888,24.732672
805,128,128,-1,-1,-1,-1,-1,23.349249,1,23.421951,1.06496,24.486911
806,128,128,-1,-1,-1,-1,-1,23.228416,1,23.297024,1.05984,24.356864
807,128,128,-1,-1,-1,-1,-1,23.17824,1,23.247871,1.05984,24.307711
808,128,624,-1,-1,-1,-1,-1,-1,0,69.209091,1.040384,70.249475
809,128,128,-1,-1,-1,-1,-1,23.561216,1,23.624704,1.065984,24.690688
810,128,128,-1,-1,-1,-1,-1,23.358463,1,23.427073,1.062912,24.489985
811,128,624,-1,-1,-1,-1,-1,-1,0,69.545982,1.04448,70.590462
812,128,624,-1,-1,-1,-1,-1,-1,0,70.401024,1.035264,71.436288
813,128,128,-1,-1,-1,-1,-1,23.607296,1,23.677952,1.071104,24.749056
814,128,128,-1,-1,-1,-1,-1,23.460863,1,23.530497,1.061888,24.592385
815,128,128,-1,-1,-1,-1,-1,23.298048,1,23.366655,1.061888,24.428543
816,128,128,-1,-1,-1,-1,-1,23.258112,1,23.326719,1.058816,24.385535
817,128,128,-1,-1,-1,-1,-1,23.247871,1,23.319551,1.065984,24.385535
818,128,128,-1,-1,-1,-1,-1,23.276545,1,23.33696,1.056768,24.393728
819,128,128,-1,-1,-1,-1,-1,23.201792,1,23.262209,1.060864,24.323073
820,128,128,-1,-1,-1,-1,-1,23.185408,1,23.252993,1.058816,24.311809
821,128,128,-1,-1,-1,-1,-1,23.1936,1,23.263231,1.071104,24.334335
822,128,128,-1,-1,-1,-1,-1,23.2192,1,23.288832,1.058816,24.347648
823,128,128,-1,-1,-1,-1,-1,23.204865,1,23.27552,1.065984,24.341504
824,128,128,-1,-1,-1,-1,-1,23.223295,1,23.283712,1.056768,24.34048
825,128,128,-1,-1,-1,-1,-1,23.252993,1,23.3216,1.060864,24.382464
826,128,128,-1,-1,-1,-1,-1,23.251968,1,23.3216,1.057792,24.379392
827,128,128,-1,-1,-1,-1,-1,23.266304,1,23.332865,1.056768,24.389633
828,128,128,-1,-1,-1,-1,-1,23.273472,1,23.342079,1.061888,24.403967
829,128,624,-1,-1,-1,-1,-1,-1,0,70.113281,1.04448,71.157761
830,128,128,-1,-1,-1,-1,-1,23.717888,1,23.790592,1.067008,24.8576
831,128,128,-1,-1,-1,-1,-1,23.593985,1,23.666689,1.060864,24.727553
832,128,128,-1,-1,-1,-1,-1,23.467009,1,23.537664,1.058816,24.59648
833,128,128,-1,-1,-1,-1,-1,23.40864,1,23.477247,1.05984,24.537087
834,128,128,-1,-1,-1,-1,-1,23.420927,1,23.489536,1.056768,24.546304
835,128,128,-1,-1,-1,-1,-1,23.416832,1,23.486464,1.055744,24.542208
836,128,128,-1,-1,-1,-1,-1,23.341057,1,23.410688,1.06496,24.475648
837,128,128,-1,-1,-1,-1,-1,23.355392,1,23.425024,1.055744,24.480768
838,128,128,-1,-1,-1,-1,-1,23.337984,1,23.405567,1.061888,24.467455
839,128,128,-1,-1,-1,-1,-1,23.359488,1,23.427073,1.05472,24.481793
840,128,128,-1,-1,-1,-1,-1,23.371777,1,23.43936,1.055744,24.495104
841,128,128,-1,-1,-1,-1,-1,23.392256,1,23.461887,1.057792,24.519679
842,128,128,-1,-1,-1,-1,-1,23.376896,1,23.446527,1.056768,24.503295
843,128,624,-1,-1,-1,-1,-1,-1,0,70.874115,1.052672,71.926787
844,128,128,-1,-1,-1,-1,-1,23.908352,1,23.980032,1.072128,25.05216
845,128,624,-1,-1,-1,-1,-1,-1,0,71.469055,1.0496,72.518655
846,128,128,-1,-1,-1,-1,-1,23.824385,1,23.897087,1.074176,24.971263
847,128,128,-1,-1,-1,-1,-1,23.643135,1,23.711744,1.055744,24.767488
848,128,128,-1,-1,-1,-1,-1,23.569408,1,23.63904,1.069056,24.708096
849,128,624,-1,-1,-1,-1,-1,-1,0,71.323647,1.053696,72.377343
850,128,128,-1,-1,-1,-1,-1,23.898111,1,23.968767,1.078272,25.047039
851,128,128,-1,-1,-1,-1,-1,23.699455,1,23.770111,1.05984,24.829951
852,128,128,-1,-1,-1,-1,-1,23.561216,1,23.630848,1.072128,24.702976
853,128,128,-1,-1,-1,-1,-1,23.555073,1,23.616512,1.071104,24.687616
854,128,128,-1,-1,-1,-1,-1,23.549952,1,23.619583,1.05472,24.674303
855,128,128,-1,-1,-1,-1,-1,23.535616,1,23.606272,1.069056,24.675328
856,128,128,-1,-1,-1,-1,-1,23.506945,1,23.576576,1.056768,24.633344
857,128,128,-1,-1,-1,-1,-1,23.50592,1,23.574528,1.071104,24.645632
858,128,128,-1,-1,-1,-1,-1,23.53664,1,23.604223,1.068032,24.672255
859,128,128,-1,-1,-1,-1,-1,23.542784,1,23.603201,1.082368,24.685569
860,128,624,-1,-1,-1,-1,-1,-1,0,71.707649,1.046528,72.754177
861,128,1119,-1,-1,-1,-1,-1,-1,0,100.263939,1.040384,101.304323
862,128,624,-1,-1,-1,-1,-1,-1,0,73.372673,1.045504,74.418177
863,128,128,-1,-1,-1,-1,-1,24.062977,1,24.134657,1.068032,25.202689
864,128,624,-1,-1,-1,-1,-1,-1,0,71.999489,1.0752,73.074689
865,128,128,-1,-1,-1,-1,-1,23.897087,1,23.968767,1.083392,25.052159
866,128,1120,-1,-1,-1,-1,-1,-1,0,99.667969,1.043456,100.711425
867,128,576,-1,-1,-1,-1,-1,-1,0,72.825859,1.041408,73.867267
868,128,624,-1,-1,-1,-1,-1,-1,0,72.530945,1.045504,73.576449
869,128,128,-1,-1,-1,-1,-1,24.01792,1,24.088575,1.05984,25.148415
870,128,624,-1,-1,-1,-1,-1,-1,0,72.29747,1.038336,73.335806
871,128,1119,-1,-1,-1,-1,-1,-1,0,100.947968,1.04448,101.992447
872,128,128,-1,-1,-1,-1,-1,24.292353,1,24.366079,1.068032,25.434111
873,128,624,-1,-1,-1,-1,-1,-1,0,72.565758,1.03424,73.599998
874,128,624,-1,-1,-1,-1,-1,-1,0,72.848381,1.038336,73.886717
875,128,128,-1,-1,-1,-1,-1,24.00256,1,24.066048,1.068032,25.13408
876,128,128,-1,-1,-1,-1,-1,23.85408,1,23.924736,1.061888,24.986624
877,128,1616,-1,-1,-1,-1,-1,-1,0,126.963715,1.0496,128.013315
878,128,128,-1,-1,-1,-1,-1,24.2432,1,24.315905,1.082368,25.398273
879,128,624,-1,-1,-1,-1,-1,-1,0,72.651779,1.050624,73.702403
880,128,128,-1,-1,-1,-1,-1,23.934977,1,24.005632,1.078272,25.083904
881,128,624,-1,-1,-1,-1,-1,-1,0,72.31488,1.05472,73.3696
882,128,1615,-1,-1,-1,-1,-1,-1,0,128.067581,1.050624,129.118205
883,128,624,-1,-1,-1,-1,-1,-1,0,73.559036,1.03936,74.598396
884,128,2111,-1,-1,-1,-1,-1,-1,0,162.865158,1.055744,163.920902
885,128,2111,-1,-1,-1,-1,-1,-1,0,163.30957,1.042432,164.352002
886,128,1120,-1,-1,-1,-1,-1,-1,0,101.128189,1.042432,102.170621
887,128,1616,-1,-1,-1,-1,-1,-1,0,129.271805,1.050624,130.322429
888,128,1120,-1,-1,-1,-1,-1,-1,0,101.274628,1.052672,102.3273
889,128,1616,-1,-1,-1,-1,-1,-1,0,127.987709,1.060864,129.048573
890,128,1616,-1,-1,-1,-1,-1,-1,0,128.057343,1.060864,129.118207
891,128,128,-1,-1,-1,-1,-1,24.22784,1,24.302591,1.067008,25.369599
892,128,624,-1,-1,-1,-1,-1,-1,0,72.099838,1.043456,73.143294
893,128,1120,-1,-1,-1,-1,-1,-1,0,100.013054,1.046528,101.059582
894,128,624,-1,-1,-1,-1,-1,-1,0,72.609795,1.050624,73.660419
895,128,2608,-1,-1,-1,-1,-1,-1,0,194.202621,1.04448,195.247101
896,128,1616,-1,-1,-1,-1,-1,-1,0,128.031738,1.048576,129.080314
897,128,1616,-1,-1,-1,-1,-1,-1,0,128.841721,1.046528,129.888249
898,128,2608,-1,-1,-1,-1,-1,-1,0,195.132416,1.046528,196.178944
899,128,2111,-1,-1,-1,-1,-1,-1,0,163.251205,1.047552,164.298757
900,128,3103,-1,-1,-1,-1,-1,-1,0,221.410309,1.048576,222.458885
901,128,1120,-1,-1,-1,-1,-1,-1,0,99.564545,1.053696,100.618241
902,128,624,-1,-1,-1,-1,-1,-1,0,71.72403,1.040384,72.764414
903,128,1120,-1,-1,-1,-1,-1,-1,0,98.667519,1.045504,99.713023
904,128,2112,-1,-1,-1,-1,-1,-1,0,162.460678,1.05984,163.520518
905,128,2112,-1,-1,-1,-1,-1,-1,0,161.615875,1.047552,162.663427
906,128,1616,-1,-1,-1,-1,-1,-1,0,127.319038,1.0496,128.368638
907,128,623,-1,-1,-1,-1,-1,-1,0,71.517181,1.043456,72.560637
908,128,623,-1,-1,-1,-1,-1,-1,0,70.79731,1.043456,71.840766
909,128,3104,-1,-1,-1,-1,-1,-1,0,220.311554,1.050624,221.362178
910,128,624,-1,-1,-1,-1,-1,-1,0,71.130112,1.052672,72.182784
911,128,624,-1,-1,-1,-1,-1,-1,0,70.33754,1.051648,71.389188
912,128,624,-1,-1,-1,-1,-1,-1,0,70.214653,1.0496,71.264253
913,128,1119,-1,-1,-1,-1,-1,-1,0,97.892349,1.05984,98.952189
914,128,128,-1,-1,-1,-1,-1,23.737345,1,23.803904,1.067008,24.870912
915,128,128,-1,-1,-1,-1,-1,23.523329,1,23.588863,1.068032,24.656895
916,128,1104,-1,-1,-1,-1,-1,-1,0,96.538628,1.05984,97.598468
917,128,624,-1,-1,-1,-1,-1,-1,0,70.840317,1.056768,71.897085
918,128,1120,-1,-1,-1,-1,-1,-1,0,98.662399,1.062912,99.725311
919,128,624,-1,-1,-1,-1,-1,-1,0,71.388161,1.052672,72.440833
920,128,624,-1,-1,-1,-1,-1,-1,0,70.361092,1.057792,71.418884
921,128,624,-1,-1,-1,-1,-1,-1,0,70.098946,1.042432,71.141378
922,128,128,-1,-1,-1,-1,-1,23.554049,1,23.625729,1.071104,24.696833
923,128,128,-1,-1,-1,-1,-1,23.395329,1,23.467009,1.072128,24.539137
924,128,1615,-1,-1,-1,-1,-1,-1,0,124.844032,1.061888,125.90592
925,128,624,-1,-1,-1,-1,-1,-1,0,71.110657,1.0496,72.160257
926,128,128,-1,-1,-1,-1,-1,23.640064,1,23.714815,1.074176,24.788991
927,128,624,-1,-1,-1,-1,-1,-1,0,69.74157,1.057792,70.799361
928,128,624,-1,-1,-1,-1,-1,-1,0,70.228989,1.052672,71.281661
929,128,624,-1,-1,-1,-1,-1,-1,0,70.278145,1.05472,71.332865
930,128,1120,-1,-1,-1,-1,-1,-1,0,97.839104,1.056768,98.895872
931,128,128,-1,-1,-1,-1,-1,23.769089,1,23.834623,1.077248,24.911871
932,128,1120,-1,-1,-1,-1,-1,-1,0,97.28614,1.043456,98.329596
933,128,624,-1,-1,-1,-1,-1,-1,0,70.768639,1.048576,71.817215
934,128,128,-1,-1,-1,-1,-1,23.635967,1,23.709696,1.067008,24.776704
935,128,128,-1,-1,-1,-1,-1,23.471104,1,23.542784,1.079296,24.62208
936,128,128,-1,-1,-1,-1,-1,23.272448,1,23.345152,1.058816,24.403968
937,128,128,-1,-1,-1,-1,-1,23.207935,1,23.279615,1.0752,24.354815
938,128,128,-1,-1,-1,-1,-1,23.195648,1,23.258112,1.073152,24.331264
939,128,128,-1,-1,-1,-1,-1,23.221249,1,23.29088,1.07008,24.36096
940,128,128,-1,-1,-1,-1,-1,23.14752,1,23.218176,1.058816,24.276992
941,128,128,-1,-1,-1,-1,-1,23.154688,1,23.226368,1.069056,24.295424
942,128,128,-1,-1,-1,-1,-1,23.155712,1,23.225344,1.065984,24.291328
943,128,128,-1,-1,-1,-1,-1,23.16288,1,23.23456,1.056768,24.291328
944,128,128,-1,-1,-1,-1,-1,23.163904,1,23.233536,1.061888,24.295424
945,128,128,-1,-1,-1,-1,-1,23.197697,1,23.270399,1.073152,24.343551
946,128,128,-1,-1,-1,-1,-1,23.205889,1,23.268353,1.0752,24.343552
947,128,128,-1,-1,-1,-1,-1,23.185408,1,23.254017,1.061888,24.315905
948,128,128,-1,-1,-1,-1,-1,23.220224,1,23.289856,1.055744,24.3456
949,128,128,-1,-1,-1,-1,-1,23.239679,1,23.307264,1.069056,24.37632
950,128,128,-1,-1,-1,-1,-1,23.250944,1,23.318527,1.069056,24.387583
951,128,624,-1,-1,-1,-1,-1,-1,0,70.025215,1.050624,71.075839
952,128,128,-1,-1,-1,-1,-1,23.743488,1,23.814144,1.06496,24.879104
953,128,128,-1,-1,-1,-1,-1,23.580671,1,23.652351,1.068032,24.720383
954,128,128,-1,-1,-1,-1,-1,23.392256,1,23.458817,1.060864,24.519681
955,128,128,-1,-1,-1,-1,-1,23.340033,1,23.406591,1.078272,24.484863
956,128,624,-1,-1,-1,-1,-1,-1,0,70.126595,1.0496,71.176195
957,128,128,-1,-1,-1,-1,-1,23.730177,1,23.791616,1.069056,24.860672
958,128,624,-1,-1,-1,-1,-1,-1,0,70.762497,1.048576,71.811073
959,128,128,-1,-1,-1,-1,-1,23.778303,1,23.839745,1.072128,24.911873
960,128,128,-1,-1,-1,-1,-1,23.597055,1,23.657473,1.07008,24.727553
961,128,128,-1,-1,-1,-1,-1,23.450624,1,23.513088,1.06496,24.578048
962,128,128,-1,-1,-1,-1,-1,23.412737,1,23.473152,1.05984,24.532992
963,128,128,-1,-1,-1,-1,-1,23.407616,1,23.468033,1.05984,24.527873
964,128,128,-1,-1,-1,-1,-1,23.414783,1,23.482368,1.057792,24.54016
965,128,128,-1,-1,-1,-1,-1,23.320576,1,23.388161,1.056768,24.444929
966,128,128,-1,-1,-1,-1,-1,23.379969,1,23.447552,1.096704,24.544256
967,128,128,-1,-1,-1,-1,-1,23.346176,1,23.406591,1.067008,24.473599
968,128,624,-1,-1,-1,-1,-1,-1,0,70.648834,1.045504,71.694338
969,128,128,-1,-1,-1,-1,-1,23.831553,1,23.901184,1.067008,24.968192
970,128,128,-1,-1,-1,-1,-1,23.665665,1,23.73632,1.060864,24.797184
971,128,128,-1,-1,-1,-1,-1,23.560192,1,23.605247,1.058816,24.664063
972,128,128,-1,-1,-1,-1,-1,23.479296,1,23.547903,1.053696,24.601599
973,128,128,-1,-1,-1,-1,-1,23.475201,1,23.543808,1.067008,24.610816
974,128,624,-1,-1,-1,-1,-1,-1,0,71.024643,1.048576,72.073219
975,128,128,-1,-1,-1,-1,-1,23.886848,1,23.957504,1.069056,25.02656
976,128,128,-1,-1,-1,-1,-1,23.682049,1,23.75168,1.058816,24.810496
977,128,128,-1,-1,-1,-1,-1,23.537664,1,23.599104,1.057792,24.656896
978,128,128,-1,-1,-1,-1,-1,23.517183,1,23.584768,1.072128,24.656896
979,128,128,-1,-1,-1,-1,-1,23.525375,1,23.59296,1.062912,24.655872
980,128,128,-1,-1,-1,-1,-1,23.5264,1,23.586817,1.05984,24.646657
981,128,128,-1,-1,-1,-1,-1,23.497728,1,23.565311,1.055744,24.621055
982,128,624,-1,-1,-1,-1,-1,-1,0,71.202812,1.060864,72.263676
983,128,128,-1,-1,-1,-1,-1,23.92576,1,23.99744,1.072128,25.069568
984,128,128,-1,-1,-1,-1,-1,23.733248,1,23.805952,1.065984,24.871936
985,128,128,-1,-1,-1,-1,-1,23.614464,1,23.68512,1.061888,24.747008
986,128,128,-1,-1,-1,-1,-1,23.625729,1,23.696384,1.056768,24.753152
987,128,128,-1,-1,-1,-1,-1,23.632896,1,23.678976,1.061888,24.740864
988,128,1120,-1,-1,-1,-1,-1,-1,0,99.08429,1.055744,100.140034
989,128,128,-1,-1,-1,-1,-1,24.136703,1,24.209408,1.078272,25.28768
990,128,128,-1,-1,-1,-1,-1,23.908352,1,23.979008,1.079296,25.058304
991,128,128,-1,-1,-1,-1,-1,23.758848,1,23.830528,1.068032,24.89856
992,128,624,-1,-1,-1,-1,-1,-1,0,71.824387,1.047552,72.871939
993,128,624,-1,-1,-1,-1,-1,-1,0,72.655869,1.048576,73.704445
994,128,624,-1,-1,-1,-1,-1,-1,0,72.881149,1.051648,73.932797
995,128,624,-1,-1,-1,-1,-1,-1,0,72.942589,1.055744,73.998333
996,128,128,-1,-1,-1,-1,-1,23.986176,1,24.050688,1.065984,25.116672
997,128,128,-1,-1,-1,-1,-1,23.815168,1,23.887873,1.067008,24.954881
998,128,128,-1,-1,-1,-1,-1,23.713793,1,23.783424,1.056768,24.840192
999,128,624,-1,-1,-1,-1,-1,-1,0,71.951363,1.047552,72.998915
1000,128,2112,-1,-1,-1,-1,-1,-1,0,163.011581,1.042432,164.054013
1001,128,128,-1,-1,-1,-1,-1,24.184832,1,24.257536,1.060864,25.3184
1002,128,624,-1,-1,-1,-1,-1,-1,0,72.365059,1.037312,73.402371
1003,128,624,-1,-1,-1,-1,-1,-1,0,72.771584,1.037312,73.808896
1004,128,128,-1,-1,-1,-1,-1,24.050688,1,24.123392,1.063936,25.187328
1005,128,2093,-1,-1,-1,-1,-1,-1,0,162.418686,1.062912,163.481598
1006,128,1615,-1,-1,-1,-1,-1,-1,0,127.833092,1.057792,128.890884
1007,128,2112,-1,-1,-1,-1,-1,-1,0,164.456451,1.05984,165.516291
1008,128,624,-1,-1,-1,-1,-1,-1,0,73.565186,1.052672,74.617858
1009,128,1616,-1,-1,-1,-1,-1,-1,0,127.682564,1.0496,128.732164
1010,128,1119,-1,-1,-1,-1,-1,-1,0,101.218307,1.058816,102.277123
1011,128,2112,-1,-1,-1,-1,-1,-1,0,162.822144,1.042432,163.864576
1012,128,1120,-1,-1,-1,-1,-1,-1,0,100.298752,1.05472,101.353472
1013,128,2112,-1,-1,-1,-1,-1,-1,0,162.73613,1.05984,163.79597
1014,128,1616,-1,-1,-1,-1,-1,-1,0,127.640579,1.05984,128.700419
1015,128,1616,-1,-1,-1,-1,-1,-1,0,128.928772,1.063936,129.992708
1016,128,1120,-1,-1,-1,-1,-1,-1,0,100.491264,1.046528,101.537792
1017,128,624,-1,-1,-1,-1,-1,-1,0,72.477699,1.0496,73.527299
1018,128,128,-1,-1,-1,-1,-1,23.917568,1,23.979008,1.079296,25.058304
1019,128,1104,-1,-1,-1,-1,-1,-1,0,98.425858,1.043456,99.469314
1020,128,1120,-1,-1,-1,-1,-1,-1,0,99.866623,1.05472,100.921343
1021,128,1120,-1,-1,-1,-1,-1,-1,0,99.779587,1.07008,100.849667
1022,128,1615,-1,-1,-1,-1,-1,-1,0,127.406082,1.047552,128.453634
1023,128,1120,-1,-1,-1,-1,-1,-1,0,100.088829,1.0496,101.138429
1024,128,2608,-1,-1,-1,-1,-1,-1,0,193.780731,1.056768,194.837499
1025,128,1120,-1,-1,-1,-1,-1,-1,0,100.03968,1.072128,101.111809
1026,128,624,-1,-1,-1,-1,-1,-1,0,72.417282,1.041408,73.45869
1027,128,1120,-1,-1,-1,-1,-1,-1,0,99.016701,1.047552,100.064253
1028,128,2608,-1,-1,-1,-1,-1,-1,0,195.085312,1.05472,196.140032
1029,128,1615,-1,-1,-1,-1,-1,-1,0,127.86483,1.05984,128.92467
1030,128,1120,-1,-1,-1,-1,-1,-1,0,99.816444,1.058816,100.87526
1031,128,1120,-1,-1,-1,-1,-1,-1,0,99.052544,1.061888,100.114432
1032,128,624,-1,-1,-1,-1,-1,-1,0,71.351295,1.053696,72.404992
1033,128,1615,-1,-1,-1,-1,-1,-1,0,126.158852,1.047552,127.206404
1034,128,1120,-1,-1,-1,-1,-1,-1,0,99.299332,1.05984,100.359172
1035,128,1616,-1,-1,-1,-1,-1,-1,0,127.164413,1.0496,128.214013
1036,128,1120,-1,-1,-1,-1,-1,-1,0,98.976768,1.047552,100.02432
1037,128,624,-1,-1,-1,-1,-1,-1,0,70.905853,1.053696,71.959549
1038,128,624,-1,-1,-1,-1,-1,-1,0,70.528,1.045504,71.573504
1039,128,1120,-1,-1,-1,-1,-1,-1,0,98.228226,1.05984,99.288066
1040,128,624,-1,-1,-1,-1,-1,-1,0,71.134209,1.055744,72.189953
1041,128,624,-1,-1,-1,-1,-1,-1,0,70.945793,1.056768,72.002561
1042,128,624,-1,-1,-1,-1,-1,-1,0,70.917122,1.051648,71.96877
1043,128,2111,-1,-1,-1,-1,-1,-1,0,160.610306,1.057792,161.668098
1044,128,128,-1,-1,-1,-1,-1,23.732224,1,23.805952,1.093632,24.899584
1045,128,624,-1,-1,-1,-1,-1,-1,0,69.763069,1.04448,70.807549
1046,128,624,-1,-1,-1,-1,-1,-1,0,70.180862,1.055744,71.236606
1047,128,128,-1,-1,-1,-1,-1,23.624704,1,23.688192,1.079296,24.767488
1048,128,128,-1,-1,-1,-1,-1,23.473152,1,23.543808,1.076224,24.620032
1049,128,1120,-1,-1,-1,-1,-1,-1,0,97.294334,1.053696,98.34803
1050,128,624,-1,-1,-1,-1,-1,-1,0,70.983681,1.0496,72.033281
1051,128,128,-1,-1,-1,-1,-1,23.694336,1,23.766016,1.076224,24.84224
1052,128,624,-1,-1,-1,-1,-1,-1,0,69.780479,1.053696,70.834175
1053,128,624,-1,-1,-1,-1,-1,-1,0,70.420479,1.055744,71.476223
1054,128,1120,-1,-1,-1,-1,-1,-1,0,97.935364,1.052672,98.988036
1055,128,624,-1,-1,-1,-1,-1,-1,0,71.063553,1.04448,72.108033
1056,128,128,-1,-1,-1,-1,-1,23.645184,1,23.716864,1.07008,24.786944
1057,128,624,-1,-1,-1,-1,-1,-1,0,69.921791,1.038336,70.960127
1058,128,128,-1,-1,-1,-1,-1,23.627775,1,23.697409,1.06496,24.762369
1059,128,624,-1,-1,-1,-1,-1,-1,0,69.87674,1.060864,70.937603
1060,128,624,-1,-1,-1,-1,-1,-1,0,70.523903,1.04448,71.568383
1061,128,1120,-1,-1,-1,-1,-1,-1,0,98.19136,1.063936,99.255296
1062,128,624,-1,-1,-1,-1,-1,-1,0,71.234558,1.043456,72.278014
1063,128,624,-1,-1,-1,-1,-1,-1,0,70.680573,1.051648,71.732221
1064,128,128,-1,-1,-1,-1,-1,23.587839,1,23.659519,1.06496,24.724479
1065,128,624,-1,-1,-1,-1,-1,-1,0,69.979134,1.03936,71.018494
1066,128,128,-1,-1,-1,-1,-1,23.617537,1,23.689217,1.062912,24.752129
1067,128,128,-1,-1,-1,-1,-1,23.407616,1,23.478271,1.069056,24.547328
1068,128,128,-1,-1,-1,-1,-1,23.269377,1,23.339008,1.057792,24.3968
1069,128,128,-1,-1,-1,-1,-1,23.24992,1,23.319551,1.069056,24.388608
1070,128,128,-1,-1,-1,-1,-1,23.279615,1,23.353344,1.056768,24.410112
1071,128,128,-1,-1,-1,-1,-1,23.232512,1,23.302143,1.067008,24.369151
1072,128,128,-1,-1,-1,-1,-1,23.2192,1,23.287807,1.055744,24.343552
1073,128,128,-1,-1,-1,-1,-1,23.207935,1,23.270399,1.05472,24.325119
1074,128,128,-1,-1,-1,-1,-1,23.209984,1,23.271423,1.052672,24.324095
1075,128,128,-1,-1,-1,-1,-1,23.222273,1,23.29088,1.071104,24.361984
1076,128,128,-1,-1,-1,-1,-1,23.200768,1,23.271423,1.058816,24.330239
1077,128,128,-1,-1,-1,-1,-1,23.215103,1,23.284737,1.05984,24.344577
1078,128,128,-1,-1,-1,-1,-1,23.278591,1,23.3472,1.069056,24.416256
1079,128,624,-1,-1,-1,-1,-1,-1,0,70.089729,1.055744,71.145473
1080,128,128,-1,-1,-1,-1,-1,23.718912,1,23.790592,1.06496,24.855552
1081,128,128,-1,-1,-1,-1,-1,23.56736,1,23.636992,1.077248,24.714239
1082,128,624,-1,-1,-1,-1,-1,-1,0,70.41024,1.041408,71.451648
1083,128,624,-1,-1,-1,-1,-1,-1,0,71.282684,1.042432,72.325116
1084,128,128,-1,-1,-1,-1,-1,23.757824,1,23.829504,1.063936,24.89344
1085,128,128,-1,-1,-1,-1,-1,23.596031,1,23.665665,1.057792,24.723457
1086,128,128,-1,-1,-1,-1,-1,23.406591,1,23.475201,1.05984,24.535041
1087,128,128,-1,-1,-1,-1,-1,23.420927,1,23.490561,1.068032,24.558593
1088,128,624,-1,-1,-1,-1,-1,-1,0,70.477821,1.050624,71.528445
1089,128,128,-1,-1,-1,-1,-1,23.792641,1,23.864321,1.071104,24.935425
1090,128,128,-1,-1,-1,-1,-1,23.60832,1,23.704576,1.055744,24.760321
1091,128,128,-1,-1,-1,-1,-1,23.498753,1,23.565311,1.05984,24.625151
1092,128,128,-1,-1,-1,-1,-1,23.405567,1,23.475201,1.056768,24.531969
1093,128,128,-1,-1,-1,-1,-1,23.442432,1,23.503872,1.072128,24.576
1094,128,128,-1,-1,-1,-1,-1,23.443457,1,23.512064,1.063936,24.576
1095,128,128,-1,-1,-1,-1,-1,23.415808,1,23.484415,1.056768,24.541183
1096,128,128,-1,-1,-1,-1,-1,23.407616,1,23.468033,1.072128,24.540161
1097,128,128,-1,-1,-1,-1,-1,23.412737,1,23.482368,1.05984,24.542208
1098,128,128,-1,-1,-1,-1,-1,23.396353,1,23.46496,1.048576,24.513536
1099,128,128,-1,-1,-1,-1,-1,23.391232,1,23.459841,1.052672,24.512513
1100,128,128,-1,-1,-1,-1,-1,23.431168,1,23.497728,1.05472,24.552448
1101,128,128,-1,-1,-1,-1,-1,23.437311,1,23.497728,1.055744,24.553472
1102,128,128,-1,-1,-1,-1,-1,23.444481,1,23.514112,1.05472,24.568833
1103,128,128,-1,-1,-1,-1,-1,23.483393,1,23.552,1.061888,24.613888
1104,128,1120,-1,-1,-1,-1,-1,-1,0,98.556931,1.047552,99.604483
1105,128,128,-1,-1,-1,-1,-1,24.049664,1,24.121344,1.065984,25.187328
1106,128,623,-1,-1,-1,-1,-1,-1,0,71.650307,1.040384,72.690691
1107,128,128,-1,-1,-1,-1,-1,23.896065,1,23.968767,1.065984,25.034751
1108,128,128,-1,-1,-1,-1,-1,23.755775,1,23.826431,1.063936,24.890367
1109,128,128,-1,-1,-1,-1,-1,23.653376,1,23.721985,1.060864,24.782849
1110,128,128,-1,-1,-1,-1,-1,23.589888,1,23.658497,1.060864,24.719361
1111,128,128,-1,-1,-1,-1,-1,23.593985,1,23.662592,1.062912,24.725504
1112,128,624,-1,-1,-1,-1,-1,-1,0,71.380989,1.046528,72.427517
1113,128,128,-1,-1,-1,-1,-1,23.958529,1,24.029184,1.08032,25.109504
1114,128,128,-1,-1,-1,-1,-1,23.753729,1,23.814144,1.063936,24.87808
1115,128,128,-1,-1,-1,-1,-1,23.632896,1,23.693312,1.05984,24.753152
1116,128,624,-1,-1,-1,-1,-1,-1,0,71.747581,1.037312,72.784894
1117,128,128,-1,-1,-1,-1,-1,24.011776,1,24.081408,1.06496,25.146368
1118,128,128,-1,-1,-1,-1,-1,23.851007,1,23.920641,1.060864,24.981505
1119,128,624,-1,-1,-1,-1,-1,-1,0,72.170494,1.045504,73.215998
1120,128,623,-1,-1,-1,-1,-1,-1,0,72.930305,1.045504,73.975809
1121,128,624,-1,-1,-1,-1,-1,-1,0,72.94976,1.042432,73.992192
1122,128,1616,-1,-1,-1,-1,-1,-1,0,127.648766,1.048576,128.697342
1123,128,128,-1,-1,-1,-1,-1,24.226816,1,24.297472,1.062912,25.360384
1124,128,1120,-1,-1,-1,-1,-1,-1,0,99.658752,1.045504,100.704256
1125,128,128,-1,-1,-1,-1,-1,24.163328,1,24.235008,1.071104,25.306112
1126,128,624,-1,-1,-1,-1,-1,-1,0,72.390656,1.041408,73.432063
1127,128,1120,-1,-1,-1,-1,-1,-1,0,100.355072,1.040384,101.395456
1128,128,128,-1,-1,-1,-1,-1,24.194048,1,24.255487,1.068032,25.323519
1129,128,1120,-1,-1,-1,-1,-1,-1,0,100.06221,1.041408,101.103618
1130,128,2607,-1,-1,-1,-1,-1,-1,0,196.142075,1.043456,197.185531
1131,128,128,-1,-1,-1,-1,-1,24.194048,1,24.264704,1.068032,25.332736
1132,128,624,-1,-1,-1,-1,-1,-1,0,72.278015,1.03936,73.317375
1133,128,1584,-1,-1,-1,-1,-1,-1,0,126.546944,1.052672,127.599616
1134,128,624,-1,-1,-1,-1,-1,-1,0,73.448448,1.03936,74.487808
1135,128,1120,-1,-1,-1,-1,-1,-1,0,100.468735,1.047552,101.516287
1136,128,623,-1,-1,-1,-1,-1,-1,0,73.486336,1.040384,74.52672
1137,128,1120,-1,-1,-1,-1,-1,-1,0,100.061188,1.046528,101.107716
1138,128,1120,-1,-1,-1,-1,-1,-1,0,101.296127,1.055744,102.351871
1139,128,3102,-1,-1,-1,-1,-1,-1,0,222.299133,1.053696,223.352829
1140,128,624,-1,-1,-1,-1,-1,-1,0,73.30304,1.042432,74.345472
1141,128,1616,-1,-1,-1,-1,-1,-1,0,127.468544,1.052672,128.521216
1142,128,1120,-1,-1,-1,-1,-1,-1,0,100.770813,1.048576,101.819389
1143,128,624,-1,-1,-1,-1,-1,-1,0,72.444931,1.042432,73.487363
1144,128,1615,-1,-1,-1,-1,-1,-1,0,127.781891,1.046528,128.828419
1145,128,2111,-1,-1,-1,-1,-1,-1,0,163.2686,1.046528,164.315128
1146,128,2016,-1,-1,-1,-1,-1,-1,0,153.076736,1.047552,154.124288
1147,128,2608,-1,-1,-1,-1,-1,-1,0,195.014648,1.048576,196.063224
1148,128,128,-1,-1,-1,-1,-1,24.078337,1,24.152063,1.072128,25.224191
1149,128,128,-1,-1,-1,-1,-1,23.755775,1,23.829504,1.061888,24.891392
1150,128,128,-1,-1,-1,-1,-1,23.542784,1,23.612415,1.058816,24.671231
1151,128,128,-1,-1,-1,-1,-1,23.430143,1,23.498753,1.058816,24.557569
1152,128,1615,-1,-1,-1,-1,-1,-1,0,125.96019,1.048576,127.008766
1153,128,1616,-1,-1,-1,-1,-1,-1,0,127.92627,1.050624,128.976894
1154,128,624,-1,-1,-1,-1,-1,-1,0,72.495102,1.040384,73.535486
1155,128,1120,-1,-1,-1,-1,-1,-1,0,98.960381,1.045504,100.005885
1156,128,2608,-1,-1,-1,-1,-1,-1,0,195.269638,1.055744,196.325382
1157,128,624,-1,-1,-1,-1,-1,-1,0,71.861244,1.045504,72.906748
1158,128,1616,-1,-1,-1,-1,-1,-1,0,126.467072,1.048576,127.515648
1159,128,2112,-1,-1,-1,-1,-1,-1,0,164.558853,1.051648,165.610501
1160,128,1616,-1,-1,-1,-1,-1,-1,0,126.413826,1.051648,127.465474
1161,128,128,-1,-1,-1,-1,-1,23.904257,1,23.976959,1.071104,25.048063
1162,128,128,-1,-1,-1,-1,-1,23.640064,1,23.711744,1.068032,24.779776
1163,128,1616,-1,-1,-1,-1,-1,-1,0,125.121536,1.046528,126.168064
1164,128,623,-1,-1,-1,-1,-1,-1,0,71.643135,1.037312,72.680447
1165,128,623,-1,-1,-1,-1,-1,-1,0,70.682625,1.043456,71.726081
1166,128,624,-1,-1,-1,-1,-1,-1,0,70.617088,1.04448,71.661568
1167,128,1616,-1,-1,-1,-1,-1,-1,0,126.703613,1.050624,127.754237
1168,128,624,-1,-1,-1,-1,-1,-1,0,71.810051,1.038336,72.848387
1169,128,624,-1,-1,-1,-1,-1,-1,0,70.538239,1.036288,71.574527
1170,128,624,-1,-1,-1,-1,-1,-1,0,70.484993,1.038336,71.523329
1171,128,1120,-1,-1,-1,-1,-1,-1,0,98.659325,1.060864,99.720189
1172,128,128,-1,-1,-1,-1,-1,23.898111,1,23.972864,1.083392,25.056256
1173,128,2607,-1,-1,-1,-1,-1,-1,0,194.531326,1.063936,195.595262
1174,128,128,-1,-1,-1,-1,-1,23.814144,1,23.887873,1.068032,24.955905
1175,128,624,-1,-1,-1,-1,-1,-1,0,70.133759,1.056768,71.190526
1176,128,1120,-1,-1,-1,-1,-1,-1,0,98.037758,1.057792,99.09555
1177,128,624,-1,-1,-1,-1,-1,-1,0,70.874115,1.051648,71.925763
1178,128,624,-1,-1,-1,-1,-1,-1,0,70.494209,1.05472,71.548929
1179,128,128,-1,-1,-1,-1,-1,23.603201,1,23.673857,1.074176,24.748033
1180,128,1614,-1,-1,-1,-1,-1,-1,0,125.414398,1.055744,126.470142
1181,128,128,-1,-1,-1,-1,-1,23.951361,1,24.026112,1.074176,25.100288
1182,128,624,-1,-1,-1,-1,-1,-1,0,70.185982,1.0496,71.235582
1183,128,624,-1,-1,-1,-1,-1,-1,0,70.335487,1.051648,71.387135
1184,128,624,-1,-1,-1,-1,-1,-1,0,70.349823,1.053696,71.403519
1185,128,128,-1,-1,-1,-1,-1,23.649281,1,23.714815,1.0752,24.790015
1186,128,624,-1,-1,-1,-1,-1,-1,0,69.962753,1.05984,71.022593
1187,128,128,-1,-1,-1,-1,-1,23.607296,1,23.682049,1.074176,24.756225
1188,128,1119,-1,-1,-1,-1,-1,-1,0,97.456131,1.055744,98.511875
1189,128,128,-1,-1,-1,-1,-1,23.826431,1,23.903233,1.081344,24.984577
1190,128,128,-1,-1,-1,-1,-1,23.586817,1,23.659519,1.071104,24.730623
1191,128,128,-1,-1,-1,-1,-1,23.35232,1,23.426048,1.072128,24.498176
1192,128,128,-1,-1,-1,-1,-1,23.264256,1,23.334911,1.058816,24.393727
1193,128,128,-1,-1,-1,-1,-1,23.271423,1,23.332865,1.068032,24.400897
1194,128,128,-1,-1,-1,-1,-1,23.271423,1,23.341057,1.076224,24.417281
1195,128,128,-1,-1,-1,-1,-1,23.200768,1,23.270399,1.055744,24.326143
1196,128,128,-1,-1,-1,-1,-1,23.198721,1,23.26016,1.05472,24.31488
1197,128,623,-1,-1,-1,-1,-1,-1,0,69.614594,1.046528,70.661121
1198,128,128,-1,-1,-1,-1,-1,23.708672,1,23.781376,1.078272,24.859648
1199,128,128,-1,-1,-1,-1,-1,23.539713,1,23.609344,1.056768,24.666112
1200,128,128,-1,-1,-1,-1,-1,23.355392,1,23.425024,1.065984,24.491008
1201,128,128,-1,-1,-1,-1,-1,23.319551,1,23.389185,1.074176,24.463361
1202,128,128,-1,-1,-1,-1,-1,23.303167,1,23.373823,1.078272,24.452095
1203,128,623,-1,-1,-1,-1,-1,-1,0,69.983231,1.053696,71.036927
1204,128,128,-1,-1,-1,-1,-1,23.72608,1,23.791616,1.094656,24.886272
1205,128,128,-1,-1,-1,-1,-1,23.575552,1,23.647232,1.073152,24.720384
1206,128,624,-1,-1,-1,-1,-1,-1,0,70.29248,1.045504,71.337984
1207,128,624,-1,-1,-1,-1,-1,-1,0,71.188477,1.053696,72.242173
1208,128,128,-1,-1,-1,-1,-1,23.76704,1,23.839745,1.069056,24.908801
1209,128,128,-1,-1,-1,-1,-1,23.576576,1,23.647232,1.073152,24.720384
1210,128,128,-1,-1,-1,-1,-1,23.437311,1,23.507969,1.073152,24.581121
1211,128,128,-1,-1,-1,-1,-1,23.397375,1,23.465984,1.07008,24.536064
1212,128,128,-1,-1,-1,-1,-1,23.40864,1,23.478271,1.073152,24.551423
1213,128,128,-1,-1,-1,-1,-1,23.404545,1,23.473152,1.071104,24.544256
1214,128,128,-1,-1,-1,-1,-1,23.30624,1,23.373823,1.056768,24.430591
1215,128,128,-1,-1,-1,-1,-1,23.358463,1,23.428097,1.074176,24.502273
1216,128,128,-1,-1,-1,-1,-1,23.349249,1,23.41888,1.055744,24.474625
1217,128,128,-1,-1,-1,-1,-1,23.372801,1,23.432192,1.068032,24.500224
1218,128,128,-1,-1,-1,-1,-1,23.357441,1,23.426048,1.082368,24.508416
1219,128,128,-1,-1,-1,-1,-1,23.384064,1,23.451649,1.065984,24.517633
1220,128,624,-1,-1,-1,-1,-1,-1,0,70.879234,1.052672,71.931906
1221,128,128,-1,-1,-1,-1,-1,23.868416,1,23.938047,1.062912,25.000959
1222,128,128,-1,-1,-1,-1,-1,23.682049,1,23.75168,1.061888,24.813568
1223,128,128,-1,-1,-1,-1,-1,23.591936,1,23.661568,1.060864,24.722432
1224,128,128,-1,-1,-1,-1,-1,23.525375,1,23.585793,1.056768,24.64256
1225,128,128,-1,-1,-1,-1,-1,23.503872,1,23.564287,1.056768,24.621055
1226,128,624,-1,-1,-1,-1,-1,-1,0,71.304192,1.040384,72.344576
1227,128,128,-1,-1,-1,-1,-1,23.919617,1,23.98208,1.082368,25.064448
1228,128,128,-1,-1,-1,-1,-1,23.779327,1,23.840769,1.07008,24.910849
1229,128,128,-1,-1,-1,-1,-1,23.565311,1,23.626753,1.071104,24.697857
1230,128,128,-1,-1,-1,-1,-1,23.540735,1,23.60832,1.05472,24.66304
1231,128,128,-1,-1,-1,-1,-1,23.573503,1,23.643135,1.065984,24.709119
1232,128,128,-1,-1,-1,-1,-1,23.53664,1,23.605247,1.071104,24.676352
1233,128,1119,-1,-1,-1,-1,-1,-1,0,98.918404,1.058816,99.97722
1234,128,128,-1,-1,-1,-1,-1,24.116224,1,24.189953,1.072128,25.262081
1235,128,128,-1,-1,-1,-1,-1,23.840769,1,23.911425,1.071104,24.982529
1236,128,624,-1,-1,-1,-1,-1,-1,0,71.671806,1.053696,72.725502
1237,128,128,-1,-1,-1,-1,-1,23.934977,1,24.008703,1.073152,25.081855
1238,128,128,-1,-1,-1,-1,-1,23.790592,1,23.864321,1.074176,24.938497
1239,128,128,-1,-1,-1,-1,-1,23.644159,1,23.716864,1.072128,24.788992
1240,128,128,-1,-1,-1,-1,-1,23.661568,1,23.732224,1.079296,24.81152
1241,128,1120,-1,-1,-1,-1,-1,-1,0,99.237885,1.05472,100.292605
1242,128,128,-1,-1,-1,-1,-1,24.181761,1,24.247295,1.077248,25.324543
1243,128,624,-1,-1,-1,-1,-1,-1,0,72.561661,1.048576,73.610237
1244,128,128,-1,-1,-1,-1,-1,24.023041,1,24.093697,1.088512,25.182209
1245,128,624,-1,-1,-1,-1,-1,-1,0,72.135681,1.051648,73.187329
1246,128,624,-1,-1,-1,-1,-1,-1,0,72.586243,1.060864,73.647107
1247,128,128,-1,-1,-1,-1,-1,23.99744,1,24.063999,1.078272,25.142271
1248,128,624,-1,-1,-1,-1,-1,-1,0,72.377342,1.053696,73.431038
1249,128,623,-1,-1,-1,-1,-1,-1,0,72.8535,1.048576,73.902076
1250,128,128,-1,-1,-1,-1,-1,24.048639,1,24.112127,1.08032,25.192447
1251,128,1615,-1,-1,-1,-1,-1,-1,0,127.089661,1.063936,128.153597
1252,128,624,-1,-1,-1,-1,-1,-1,0,74.041344,1.050624,75.091968
1253,128,128,-1,-1,-1,-1,-1,24.061953,1,24.132608,1.06496,25.197568
1254,128,1120,-1,-1,-1,-1,-1,-1,0,100.082687,1.05472,101.137407
1255,128,1120,-1,-1,-1,-1,-1,-1,0,100.996094,1.056768,102.052862
1256,128,624,-1,-1,-1,-1,-1,-1,0,73.431038,1.05472,74.485758
1257,128,1120,-1,-1,-1,-1,-1,-1,0,100.086784,1.056768,101.143552
1258,128,1616,-1,-1,-1,-1,-1,-1,0,128.467972,1.063936,129.531908
1259,128,624,-1,-1,-1,-1,-1,-1,0,73.712639,1.051648,74.764287
1260,128,1616,-1,-1,-1,-1,-1,-1,0,128.043015,1.063936,129.106951
1261,128,1615,-1,-1,-1,-1,-1,-1,0,128.289795,1.05984,129.349635
1262,128,1119,-1,-1,-1,-1,-1,-1,0,100.542465,1.062912,101.605377
1263,128,624,-1,-1,-1,-1,-1,-1,0,73.139198,1.05472,74.193918
1264,128,1615,-1,-1,-1,-1,-1,-1,0,128.368637,1.061888,129.430525
1265,128,624,-1,-1,-1,-1,-1,-1,0,73.261055,1.05984,74.320895
1266,128,1616,-1,-1,-1,-1,-1,-1,0,127.228928,1.062912,128.29184
1267,128,1616,-1,-1,-1,-1,-1,-1,0,128.610306,1.05984,129.670146
1268,128,1120,-1,-1,-1,-1,-1,-1,0,100.712448,1.055744,101.768192
1269,128,128,-1,-1,-1,-1,-1,24.039425,1,24.114176,1.086464,25.20064
1270,128,1120,-1,-1,-1,-1,-1,-1,0,99.041283,1.052672,100.093955
1271,128,128,-1,-1,-1,-1,-1,24.093697,1,24.168447,1.065984,25.234432
1272,128,1120,-1,-1,-1,-1,-1,-1,0,98.975746,1.057792,100.033538
1273,128,623,-1,-1,-1,-1,-1,-1,0,72.534019,1.055744,73.589764
1274,128,128,-1,-1,-1,-1,-1,23.94112,1,24.016895,1.08032,25.097215
1275,128,1088,-1,-1,-1,-1,-1,-1,0,98.390015,1.058816,99.448831
1276,128,1616,-1,-1,-1,-1,-1,-1,0,128.507904,1.05984,129.567744
1277,128,2112,-1,-1,-1,-1,-1,-1,0,163.472382,1.05472,164.527102
1278,128,624,-1,-1,-1,-1,-1,-1,0,72.22477,1.05472,73.27949
1279,128,624,-1,-1,-1,-1,-1,-1,0,71.885826,1.051648,72.937474
1280,128,2112,-1,-1,-1,-1,-1,-1,0,161.981445,1.065984,163.047429
1281,128,1120,-1,-1,-1,-1,-1,-1,0,99.590141,1.043456,100.633597
1282,128,1119,-1,-1,-1,-1,-1,-1,0,99.975166,1.047552,101.022718
1283,128,1120,-1,-1,-1,-1,-1,-1,0,100.082687,1.048576,101.131263
1284,128,1616,-1,-1,-1,-1,-1,-1,0,126.96064,1.0496,128.01024
1285,128,1120,-1,-1,-1,-1,-1,-1,0,100.409348,1.048576,101.457924
1286,128,608,-1,-1,-1,-1,-1,-1,0,71.79776,1.0496,72.84736
1287,128,1616,-1,-1,-1,-1,-1,-1,0,127.355904,1.050624,128.406528
1288,128,1120,-1,-1,-1,-1,-1,-1,0,99.704834,1.04448,100.749314
1289,128,1120,-1,-1,-1,-1,-1,-1,0,99.284988,1.046528,100.331516
1290,128,1599,-1,-1,-1,-1,-1,-1,0,126.544899,1.047552,127.592451
1291,128,1616,-1,-1,-1,-1,-1,-1,0,127.28627,1.067008,128.353278
1292,128,128,-1,-1,-1,-1,-1,24.036352,1,24.109056,1.069056,25.178113
1293,128,1120,-1,-1,-1,-1,-1,-1,0,98.121727,1.04448,99.166207
1294,128,1087,-1,-1,-1,-1,-1,-1,0,98.638847,1.042432,99.681279
1295,128,1615,-1,-1,-1,-1,-1,-1,0,127.472641,1.05472,128.527361
1296,128,1120,-1,-1,-1,-1,-1,-1,0,99.634178,1.045504,100.679682
1297,128,624,-1,-1,-1,-1,-1,-1,0,71.17926,1.052672,72.231932
1298,128,624,-1,-1,-1,-1,-1,-1,0,70.765572,1.043456,71.809028
1299,128,1120,-1,-1,-1,-1,-1,-1,0,98.0951,1.04448,99.13958
1300,128,624,-1,-1,-1,-1,-1,-1,0,71.056381,1.042432,72.098813
1301,128,1120,-1,-1,-1,-1,-1,-1,0,98.031616,1.04448,99.076096
1302,128,624,-1,-1,-1,-1,-1,-1,0,71.276543,1.040384,72.316927
1303,128,624,-1,-1,-1,-1,-1,-1,0,70.793213,1.043456,71.836669
1304,128,1616,-1,-1,-1,-1,-1,-1,0,125.559807,1.0496,126.609407
1305,128,624,-1,-1,-1,-1,-1,-1,0,71.221245,1.041408,72.262653
1306,128,128,-1,-1,-1,-1,-1,23.674879,1,23.745537,1.07008,24.815617
1307,128,128,-1,-1,-1,-1,-1,23.510015,1,23.584768,1.063936,24.648704
1308,128,128,-1,-1,-1,-1,-1,23.341057,1,23.402496,1.05984,24.462336
1309,128,1120,-1,-1,-1,-1,-1,-1,0,97.218559,1.060864,98.279423
1310,128,128,-1,-1,-1,-1,-1,23.883776,1,23.954432,1.069056,25.023488
1311,128,128,-1,-1,-1,-1,-1,23.595009,1,23.66464,1.05984,24.72448
1312,128,128,-1,-1,-1,-1,-1,23.385088,1,23.448576,1.058816,24.507392
1313,128,128,-1,-1,-1,-1,-1,23.285761,1,23.354368,1.062912,24.41728
1314,128,128,-1,-1,-1,-1,-1,23.300097,1,23.369728,1.058816,24.428544
1315,128,560,-1,-1,-1,-1,-1,-1,0,68.981758,1.052672,70.03443
1316,128,1119,-1,-1,-1,-1,-1,-1,0,98.130943,1.047552,99.178495
1317,128,128,-1,-1,-1,-1,-1,23.812096,1,23.885824,1.076224,24.962048
1318,128,624,-1,-1,-1,-1,-1,-1,0,70.024193,1.0496,71.073793
1319,128,624,-1,-1,-1,-1,-1,-1,0,70.633469,1.048576,71.682045
1320,128,624,-1,-1,-1,-1,-1,-1,0,70.630402,1.050624,71.681026
1321,128,128,-1,-1,-1,-1,-1,23.660543,1,23.73632,1.08544,24.821761
1322,128,128,-1,-1,-1,-1,-1,23.493631,1,23.56736,1.0752,24.64256
1323,128,128,-1,-1,-1,-1,-1,23.390207,1,23.463936,1.0752,24.539136
1324,128,128,-1,-1,-1,-1,-1,23.285761,1,23.356417,1.069056,24.425473
1325,128,128,-1,-1,-1,-1,-1,23.292929,1,23.357441,1.073152,24.430593
1326,128,128,-1,-1,-1,-1,-1,23.327744,1,23.399424,1.057792,24.457216
1327,128,128,-1,-1,-1,-1,-1,23.258112,1,23.320576,1.07008,24.390656
1328,128,624,-1,-1,-1,-1,-1,-1,0,69.885956,1.056768,70.942724
1329,128,624,-1,-1,-1,-1,-1,-1,0,71.380989,1.056768,72.437757
1330,128,128,-1,-1,-1,-1,-1,23.698433,1,23.764992,1.06496,24.829952
1331,128,128,-1,-1,-1,-1,-1,23.499777,1,23.571457,1.076224,24.647681
1332,128,624,-1,-1,-1,-1,-1,-1,0,70.333443,1.0496,71.383043
1333,128,624,-1,-1,-1,-1,-1,-1,0,71.991295,1.056768,73.048063
1334,128,128,-1,-1,-1,-1,-1,23.796736,1,23.871489,1.06496,24.936449
1335,128,128,-1,-1,-1,-1,-1,23.624704,1,23.698433,1.069056,24.767489
1336,128,128,-1,-1,-1,-1,-1,23.419905,1,23.489536,1.062912,24.552448
1337,128,128,-1,-1,-1,-1,-1,23.394304,1,23.457792,1.069056,24.526848
1338,128,128,-1,-1,-1,-1,-1,23.398399,1,23.470079,1.0752,24.545279
1339,128,128,-1,-1,-1,-1,-1,23.416832,1,23.488512,1.072128,24.56064
1340,128,128,-1,-1,-1,-1,-1,23.332865,1,23.403521,1.061888,24.465409
1341,128,128,-1,-1,-1,-1,-1,23.298048,1,23.369728,1.073152,24.44288
1342,128,128,-1,-1,-1,-1,-1,23.319551,1,23.382015,1.055744,24.437759
1343,128,1120,-1,-1,-1,-1,-1,-1,0,97.96096,1.067008,99.027968
1344,128,128,-1,-1,-1,-1,-1,23.958529,1,24.035328,1.084416,25.119744
1345,128,128,-1,-1,-1,-1,-1,23.758848,1,23.833599,1.087488,24.921087
1346,128,128,-1,-1,-1,-1,-1,23.52128,1,23.593985,1.073152,24.667137
1347,128,128,-1,-1,-1,-1,-1,23.441408,1,23.503872,1.073152,24.577024
1348,128,128,-1,-1,-1,-1,-1,23.474176,1,23.545856,1.096704,24.64256
1349,128,128,-1,-1,-1,-1,-1,23.487488,1,23.559168,1.078272,24.63744
1350,128,128,-1,-1,-1,-1,-1,23.406591,1,23.468033,1.057792,24.525825
1351,128,128,-1,-1,-1,-1,-1,23.416832,1,23.48032,1.065984,24.546304
1352,128,128,-1,-1,-1,-1,-1,23.426048,1,23.496704,1.07008,24.566784
1353,128,128,-1,-1,-1,-1,-1,23.41888,1,23.487488,1.07008,24.557568
1354,128,128,-1,-1,-1,-1,-1,23.430143,1,23.499777,1.057792,24.557569
1355,128,128,-1,-1,-1,-1,-1,23.441408,1,23.513088,1.069056,24.582144
1356,128,128,-1,-1,-1,-1,-1,23.452671,1,23.523329,1.07008,24.593409
1357,128,624,-1,-1,-1,-1,-1,-1,0,71.05024,1.040384,72.090624
1358,128,623,-1,-1,-1,-1,-1,-1,0,72.201218,1.052672,73.25389
1359,128,128,-1,-1,-1,-1,-1,23.898111,1,23.970816,1.08032,25.051136
1360,128,128,-1,-1,-1,-1,-1,23.750656,1,23.82336,1.063936,24.887296
1361,128,624,-1,-1,-1,-1,-1,-1,0,71.602173,1.056768,72.658941
1362,128,128,-1,-1,-1,-1,-1,23.911425,1,23.974913,1.06496,25.039873
1363,128,128,-1,-1,-1,-1,-1,23.74144,1,23.81312,1.07008,24.8832
1364,128,128,-1,-1,-1,-1,-1,23.641088,1,23.71072,1.081344,24.792064
1365,128,624,-1,-1,-1,-1,-1,-1,0,71.64109,1.052672,72.693762
1366,128,128,-1,-1,-1,-1,-1,24.097792,1,24.173569,1.08032,25.253889
1367,128,1120,-1,-1,-1,-1,-1,-1,0,99.587074,1.060864,100.647938
1368,128,624,-1,-1,-1,-1,-1,-1,0,73.089027,1.050624,74.139651
1369,128,128,-1,-1,-1,-1,-1,24.039425,1,24.111103,1.08032,25.191423
1370,128,128,-1,-1,-1,-1,-1,23.85408,1,23.947264,1.071104,25.018368
1371,128,624,-1,-1,-1,-1,-1,-1,0,71.881729,1.0496,72.931329
1372,128,1616,-1,-1,-1,-1,-1,-1,0,129.276932,1.06496,130.341892
1373,128,128,-1,-1,-1,-1,-1,24.285185,1,24.36096,1.084416,25.445376
1374,128,624,-1,-1,-1,-1,-1,-1,0,72.385536,1.050624,73.43616
1375,128,624,-1,-1,-1,-1,-1,-1,0,72.646652,1.050624,73.697276
1376,128,1120,-1,-1,-1,-1,-1,-1,0,100.079613,1.055744,101.135357
1377,128,128,-1,-1,-1,-1,-1,24.213505,1,24.281088,1.079296,25.360384
1378,128,1120,-1,-1,-1,-1,-1,-1,0,99.579903,1.063936,100.643839
1379,128,1120,-1,-1,-1,-1,-1,-1,0,100.647934,1.052672,101.700606
1380,128,128,-1,-1,-1,-1,-1,24.108032,1,24.172544,1.078272,25.250816
1381,128,128,-1,-1,-1,-1,-1,23.846912,1,23.911425,1.0752,24.986625
1382,128,624,-1,-1,-1,-1,-1,-1,0,71.582718,1.046528,72.629246
1383,128,128,-1,-1,-1,-1,-1,23.98208,1,24.048639,1.074176,25.122815
1384,128,2110,-1,-1,-1,-1,-1,-1,0,161.995773,1.058816,163.054589
1385,128,624,-1,-1,-1,-1,-1,-1,0,72.890366,1.05472,73.945086
1386,128,2112,-1,-1,-1,-1,-1,-1,0,163.703812,1.063936,164.767748
1387,128,624,-1,-1,-1,-1,-1,-1,0,73.210876,1.061888,74.272764
1388,128,1119,-1,-1,-1,-1,-1,-1,0,100.0448,1.05984,101.10464
1389,128,607,-1,-1,-1,-1,-1,-1,0,72.794113,1.055744,73.849857
1390,128,1120,-1,-1,-1,-1,-1,-1,0,100.076546,1.061888,101.138434
1391,128,1120,-1,-1,-1,-1,-1,-1,0,101.023743,1.062912,102.086655
1392,128,128,-1,-1,-1,-1,-1,24.154112,1,24.228865,1.079296,25.308161
1393,128,1616,-1,-1,-1,-1,-1,-1,0,126.934013,1.062912,127.996925
1394,128,1616,-1,-1,-1,-1,-1,-1,0,128.091141,1.058816,129.149957
1395,128,624,-1,-1,-1,-1,-1,-1,0,72.89856,1.057792,73.956352
1396,128,624,-1,-1,-1,-1,-1,-1,0,72.24115,1.042432,73.283582
1397,128,1119,-1,-1,-1,-1,-1,-1,0,99.605507,1.05472,100.660227
1398,128,1120,-1,-1,-1,-1,-1,-1,0,100.036606,1.055744,101.09235
1399,128,1120,-1,-1,-1,-1,-1,-1,0,100.089859,1.05984,101.149699
1400,128,128,-1,-1,-1,-1,-1,24.047615,1,24.119295,1.0752,25.194495
1401,128,624,-1,-1,-1,-1,-1,-1,0,71.599106,1.040384,72.63949
1402,128,1616,-1,-1,-1,-1,-1,-1,0,128.032761,1.051648,129.084409
1403,128,1120,-1,-1,-1,-1,-1,-1,0,100.875267,1.043456,101.918723
1404,128,624,-1,-1,-1,-1,-1,-1,0,72.361984,1.047552,73.409536
1405,128,624,-1,-1,-1,-1,-1,-1,0,71.945213,1.040384,72.985597
1406,128,2112,-1,-1,-1,-1,-1,-1,0,162.518021,1.05984,163.577861
1407,128,2111,-1,-1,-1,-1,-1,-1,0,162.374649,1.056768,163.431417
1408,128,1120,-1,-1,-1,-1,-1,-1,0,99.68026,1.060864,100.741124
1409,128,624,-1,-1,-1,-1,-1,-1,0,72.295425,1.053696,73.349121
1410,128,624,-1,-1,-1,-1,-1,-1,0,71.833603,1.05472,72.888323
1411,128,1120,-1,-1,-1,-1,-1,-1,0,99.125252,1.057792,100.183044
1412,128,623,-1,-1,-1,-1,-1,-1,0,72.048637,1.0496,73.098237
1413,128,1616,-1,-1,-1,-1,-1,-1,0,127.447037,1.065984,128.513021
1414,128,2112,-1,-1,-1,-1,-1,-1,0,163.048447,1.043456,164.091903
1415,128,1616,-1,-1,-1,-1,-1,-1,0,127.327232,1.052672,128.379904
1416,128,1120,-1,-1,-1,-1,-1,-1,0,100.00589,1.051648,101.057538
1417,128,1119,-1,-1,-1,-1,-1,-1,0,99.010559,1.051648,100.062207
1418,128,1119,-1,-1,-1,-1,-1,-1,0,99.57888,1.057792,100.636672
1419,128,1120,-1,-1,-1,-1,-1,-1,0,99.312637,1.041408,100.354045
1420,128,1120,-1,-1,-1,-1,-1,-1,0,98.811905,1.043456,99.855361
1421,128,1120,-1,-1,-1,-1,-1,-1,0,98.893822,1.046528,99.94035
1422,128,128,-1,-1,-1,-1,-1,23.81312,1,23.886848,1.063936,24.950784
1423,128,624,-1,-1,-1,-1,-1,-1,0,70.479874,1.042432,71.522306
1424,128,128,-1,-1,-1,-1,-1,23.714815,1,23.785473,1.06496,24.850433
1425,128,1616,-1,-1,-1,-1,-1,-1,0,126.468094,1.058816,127.52691
1426,128,1120,-1,-1,-1,-1,-1,-1,0,99.465218,1.04448,100.509698
1427,128,1616,-1,-1,-1,-1,-1,-1,0,126.540802,1.055744,127.596546
1428,128,1119,-1,-1,-1,-1,-1,-1,0,99.676163,1.050624,100.726787
1429,128,624,-1,-1,-1,-1,-1,-1,0,71.100418,1.043456,72.143874
1430,128,624,-1,-1,-1,-1,-1,-1,0,70.569984,1.035264,71.605248
1431,128,128,-1,-1,-1,-1,-1,23.640064,1,23.712769,1.069056,24.781825
1432,128,624,-1,-1,-1,-1,-1,-1,0,69.924866,1.040384,70.96525
1433,128,1118,-1,-1,-1,-1,-1,-1,0,98.371582,1.050624,99.422206
1434,128,1120,-1,-1,-1,-1,-1,-1,0,99.185661,1.042432,100.228093
1435,128,128,-1,-1,-1,-1,-1,23.857153,1,23.93088,1.074176,25.005056
1436,128,128,-1,-1,-1,-1,-1,23.585793,1,23.650305,1.07008,24.720385
1437,128,128,-1,-1,-1,-1,-1,23.378944,1,23.4496,1.05984,24.50944
1438,128,128,-1,-1,-1,-1,-1,23.299072,1,23.36768,1.05472,24.4224
1439,128,624,-1,-1,-1,-1,-1,-1,0,69.47226,1.036288,70.508548
1440,128,128,-1,-1,-1,-1,-1,23.629824,1,23.703552,1.05984,24.763392
1441,128,1120,-1,-1,-1,-1,-1,-1,0,97.44384,1.04448,98.48832
1442,128,624,-1,-1,-1,-1,-1,-1,0,71.155708,1.041408,72.197116
1443,128,1120,-1,-1,-1,-1,-1,-1,0,98.419708,1.046528,99.466236
1444,128,128,-1,-1,-1,-1,-1,23.880705,1,23.952385,1.072128,25.024513
1445,128,128,-1,-1,-1,-1,-1,23.600128,1,23.670784,1.058816,24.7296
1446,128,128,-1,-1,-1,-1,-1,23.413759,1,23.484415,1.057792,24.542207
1447,128,128,-1,-1,-1,-1,-1,23.319551,1,23.382015,1.056768,24.438783
1448,128,128,-1,-1,-1,-1,-1,23.308289,1,23.375872,1.056768,24.43264
1449,128,128,-1,-1,-1,-1,-1,23.319551,1,23.379969,1.05472,24.434689
1450,128,128,-1,-1,-1,-1,-1,23.302143,1,23.370752,1.061888,24.43264
1451,128,128,-1,-1,-1,-1,-1,23.231487,1,23.300097,1.052672,24.352769
1452,128,624,-1,-1,-1,-1,-1,-1,0,69.71904,1.040384,70.759424
1453,128,128,-1,-1,-1,-1,-1,23.754751,1,23.827456,1.072128,24.899584
1454,128,128,-1,-1,-1,-1,-1,23.553024,1,23.62368,1.06496,24.68864
1455,128,128,-1,-1,-1,-1,-1,23.389185,1,23.461887,1.05472,24.516607
1456,128,624,-1,-1,-1,-1,-1,-1,0,70.083588,1.03936,71.122948
1457,128,624,-1,-1,-1,-1,-1,-1,0,71.137283,1.041408,72.178691
1458,128,128,-1,-1,-1,-1,-1,23.745537,1,23.816193,1.071104,24.887297
1459,128,624,-1,-1,-1,-1,-1,-1,0,70.790146,1.046528,71.836674
1460,128,128,-1,-1,-1,-1,-1,23.712769,1,23.7824,1.065984,24.848384
1461,128,128,-1,-1,-1,-1,-1,23.579647,1,23.643135,1.056768,24.699903
1462,128,128,-1,-1,-1,-1,-1,23.438335,1,23.506945,1.058816,24.565761
1463,128,624,-1,-1,-1,-1,-1,-1,0,70.42765,1.042432,71.470082
1464,128,128,-1,-1,-1,-1,-1,23.748608,1,23.820288,1.062912,24.8832
1465,128,128,-1,-1,-1,-1,-1,23.586817,1,23.657473,1.061888,24.719361
1466,128,128,-1,-1,-1,-1,-1,23.493631,1,23.563265,1.061888,24.625153
1467,128,624,-1,-1,-1,-1,-1,-1,0,70.558723,1.042432,71.601155
1468,128,128,-1,-1,-1,-1,-1,23.832577,1,23.905279,1.062912,24.968191
1469,128,128,-1,-1,-1,-1,-1,23.658497,1,23.731199,1.063936,24.795135
1470,128,624,-1,-1,-1,-1,-1,-1,0,70.54541,1.042432,71.587842
1471,128,128,-1,-1,-1,-1,-1,23.83872,1,23.911425,1.07008,24.981505
1472,128,128,-1,-1,-1,-1,-1,23.686144,1,23.749632,1.055744,24.805376
1473,128,128,-1,-1,-1,-1,-1,23.501823,1,23.572479,1.05984,24.632319
1474,128,128,-1,-1,-1,-1,-1,23.4496,1,23.520256,1.060864,24.58112
1475,128,128,-1,-1,-1,-1,-1,23.448576,1,23.515137,1.055744,24.570881
1476,128,128,-1,-1,-1,-1,-1,23.442432,1,23.51104,1.050624,24.561664
1477,128,128,-1,-1,-1,-1,-1,23.425024,1,23.492607,1.068032,24.560639
1478,128,128,-1,-1,-1,-1,-1,23.419905,1,23.488512,1.058816,24.547328
1479,128,1120,-1,-1,-1,-1,-1,-1,0,98.381821,1.046528,99.428349
1480,128,128,-1,-1,-1,-1,-1,24.001535,1,24.072191,1.062912,25.135103
1481,128,128,-1,-1,-1,-1,-1,23.785473,1,23.857153,1.058816,24.915969
1482,128,128,-1,-1,-1,-1,-1,23.602177,1,23.672832,1.062912,24.735744
1483,128,1118,-1,-1,-1,-1,-1,-1,0,98.734077,1.048576,99.782653
1484,128,128,-1,-1,-1,-1,-1,24.077312,1,24.150017,1.063936,25.213953
1485,128,128,-1,-1,-1,-1,-1,23.769089,1,23.831553,1.057792,24.889344
1486,128,128,-1,-1,-1,-1,-1,23.653376,1,23.714815,1.060864,24.775679
1487,128,624,-1,-1,-1,-1,-1,-1,0,71.095299,1.042432,72.137731
1488,128,624,-1,-1,-1,-1,-1,-1,0,72.188927,1.037312,73.226239
1489,128,624,-1,-1,-1,-1,-1,-1,0,72.248322,1.045504,73.293826
1490,128,128,-1,-1,-1,-1,-1,23.907328,1,23.977983,1.068032,25.046016
1491,128,128,-1,-1,-1,-1,-1,23.754751,1,23.815168,1.060864,24.876032
1492,128,624,-1,-1,-1,-1,-1,-1,0,71.468033,1.051648,72.519681
1493,128,624,-1,-1,-1,-1,-1,-1,0,72.402946,1.045504,73.44845
1494,128,128,-1,-1,-1,-1,-1,23.952385,1,24.023041,1.062912,25.085953
1495,128,624,-1,-1,-1,-1,-1,-1,0,72.042496,1.040384,73.08288
1496,128,1120,-1,-1,-1,-1,-1,-1,0,99.932159,1.046528,100.978687
1497,128,1120,-1,-1,-1,-1,-1,-1,0,100.575233,1.045504,101.620737
1498,128,128,-1,-1,-1,-1,-1,24.17664,1,24.249344,1.068032,25.317376
1499,128,624,-1,-1,-1,-1,-1,-1,0,72.037376,1.036288,73.073664
1500,128,128,-1,-1,-1,-1,-1,23.977983,1,24.047615,1.071104,25.118719
1501,128,128,-1,-1,-1,-1,-1,23.770111,1,23.840769,1.05984,24.900609
1502,128,624,-1,-1,-1,-1,-1,-1,0,71.597054,1.03936,72.636414
1503,128,128,-1,-1,-1,-1,-1,23.932928,1,24.004608,1.061888,25.066496
1504,128,128,-1,-1,-1,-1,-1,23.77216,1,23.834623,1.062912,24.897535
1505,128,128,-1,-1,-1,-1,-1,23.626753,1,23.696384,1.055744,24.752128
1506,128,624,-1,-1,-1,-1,-1,-1,0,71.621635,1.041408,72.663043
1507,128,128,-1,-1,-1,-1,-1,24.001535,1,24.07424,1.063936,25.138176
1508,128,623,-1,-1,-1,-1,-1,-1,0,72.315903,1.042432,73.358335
1509,128,1120,-1,-1,-1,-1,-1,-1,0,100.335617,1.047552,101.383169
1510,128,624,-1,-1,-1,-1,-1,-1,0,73.18528,1.043456,74.228736
1511,128,1120,-1,-1,-1,-1,-1,-1,0,100.250626,1.043456,101.294082
1512,128,2112,-1,-1,-1,-1,-1,-1,0,163.145721,1.046528,164.192249
1513,128,992,-1,-1,-1,-1,-1,-1,0,94.273537,1.038336,95.311873
1514,128,624,-1,-1,-1,-1,-1,-1,0,72.773628,1.041408,73.815036
1515,128,1119,-1,-1,-1,-1,-1,-1,0,100.883453,1.05472,101.938173
1516,128,624,-1,-1,-1,-1,-1,-1,0,73.39827,1.043456,74.441726
1517,128,1119,-1,-1,-1,-1,-1,-1,0,100.055038,1.047552,101.10259
1518,128,1120,-1,-1,-1,-1,-1,-1,0,100.256767,1.048576,101.305343
1519,128,624,-1,-1,-1,-1,-1,-1,0,72.969215,1.040384,74.009599
1520,128,1615,-1,-1,-1,-1,-1,-1,0,127.998978,1.045504,129.044482
1521,128,1615,-1,-1,-1,-1,-1,-1,0,127.997955,1.046528,129.044483
1522,128,1120,-1,-1,-1,-1,-1,-1,0,100.590591,1.045504,101.636095
1523,128,623,-1,-1,-1,-1,-1,-1,0,72.615936,1.042432,73.658368
1524,128,1616,-1,-1,-1,-1,-1,-1,0,127.165443,1.048576,128.214019
1525,128,1615,-1,-1,-1,-1,-1,-1,0,128.932861,1.052672,129.985533
1526,128,624,-1,-1,-1,-1,-1,-1,0,72.877052,1.046528,73.92358
1527,128,1615,-1,-1,-1,-1,-1,-1,0,127.268867,1.056768,128.325635
1528,128,1615,-1,-1,-1,-1,-1,-1,0,128.210938,1.048576,129.259513
1529,128,1120,-1,-1,-1,-1,-1,-1,0,100.034561,1.047552,101.082113
1530,128,2112,-1,-1,-1,-1,-1,-1,0,162.172928,1.047552,163.22048
1531,128,624,-1,-1,-1,-1,-1,-1,0,72.126465,1.0496,73.176065
1532,128,1120,-1,-1,-1,-1,-1,-1,0,99.153923,1.051648,100.205571
1533,128,1120,-1,-1,-1,-1,-1,-1,0,99.364861,1.047552,100.412413
1534,128,128,-1,-1,-1,-1,-1,23.894016,1,23.964672,1.068032,25.032704
1535,128,1616,-1,-1,-1,-1,-1,-1,0,126.622719,1.052672,127.675391
1536,128,1296,-1,-1,-1,-1,-1,-1,0,116.531197,1.04448,117.575677
1537,128,128,-1,-1,-1,-1,-1,23.825409,1,23.896065,1.06496,24.961025
1538,128,624,-1,-1,-1,-1,-1,-1,0,70.490112,1.03936,71.529472
1539,128,128,-1,-1,-1,-1,-1,23.711744,1,23.781376,1.065984,24.84736
1540,128,128,-1,-1,-1,-1,-1,23.563265,1,23.632896,1.06496,24.697856
1541,128,2095,-1,-1,-1,-1,-1,-1,0,159.929337,1.048576,160.977913
1542,128,624,-1,-1,-1,-1,-1,-1,0,71.576576,1.047552,72.624128
1543,128,1616,-1,-1,-1,-1,-1,-1,0,127.105026,1.045504,128.15053
1544,128,1616,-1,-1,-1,-1,-1,-1,0,126.993408,1.048576,128.041984
1545,128,1616,-1,-1,-1,-1,-1,-1,0,127.511551,1.045504,128.557055
1546,128,128,-1,-1,-1,-1,-1,23.911425,1,23.984129,1.068032,25.052161
1547,128,1119,-1,-1,-1,-1,-1,-1,0,98.206718,1.047552,99.25427
1548,128,128,-1,-1,-1,-1,-1,23.875584,1,23.947264,1.07008,25.017344
1549,128,624,-1,-1,-1,-1,-1,-1,0,70.409218,1.041408,71.450626
1550,128,624,-1,-1,-1,-1,-1,-1,0,70.947838,1.043456,71.991294
1551,128,1119,-1,-1,-1,-1,-1,-1,0,98.403328,1.050624,99.453952
1552,128,128,-1,-1,-1,-1,-1,23.887873,1,23.959553,1.061888,25.021441
1553,128,624,-1,-1,-1,-1,-1,-1,0,70.39283,1.042432,71.435262
1554,128,1616,-1,-1,-1,-1,-1,-1,0,126.291969,1.047552,127.339521
1555,128,128,-1,-1,-1,-1,-1,23.973888,1,24.044544,1.073152,25.117696
1556,128,128,-1,-1,-1,-1,-1,23.657473,1,23.728128,1.061888,24.790016
1557,128,1616,-1,-1,-1,-1,-1,-1,0,125.532158,1.051648,126.583806
1558,128,624,-1,-1,-1,-1,-1,-1,0,71.734268,1.041408,72.775676
1559,128,624,-1,-1,-1,-1,-1,-1,0,70.928383,1.042432,71.970815
1560,128,624,-1,-1,-1,-1,-1,-1,0,70.593536,1.045504,71.63904
1561,128,1120,-1,-1,-1,-1,-1,-1,0,98.187263,1.047552,99.234815
1562,128,624,-1,-1,-1,-1,-1,-1,0,71.283714,1.042432,72.326146
1563,128,624,-1,-1,-1,-1,-1,-1,0,70.776833,1.041408,71.818241
1564,128,624,-1,-1,-1,-1,-1,-1,0,70.478851,1.042432,71.521283
1565,128,128,-1,-1,-1,-1,-1,23.668736,1,23.739391,1.061888,24.801279
1566,128,1120,-1,-1,-1,-1,-1,-1,0,97.571838,1.043456,98.615294
1567,128,128,-1,-1,-1,-1,-1,23.801855,1,23.864321,1.071104,24.935425
1568,128,1616,-1,-1,-1,-1,-1,-1,0,125.931519,1.0496,126.981119
1569,128,128,-1,-1,-1,-1,-1,23.968767,1,24.041471,1.07008,25.111552
1570,128,128,-1,-1,-1,-1,-1,23.77216,1,23.835648,1.069056,24.904704
1571,128,624,-1,-1,-1,-1,-1,-1,0,69.921791,1.047552,70.969343
1572,128,128,-1,-1,-1,-1,-1,23.687168,1,23.7568,1.067008,24.823808
1573,128,128,-1,-1,-1,-1,-1,23.605247,1,23.675903,1.060864,24.736767
1574,128,128,-1,-1,-1,-1,-1,23.451649,1,23.520256,1.056768,24.577024
1575,128,1119,-1,-1,-1,-1,-1,-1,0,97.153023,1.048576,98.201599
1576,128,128,-1,-1,-1,-1,-1,23.873535,1,23.945215,1.067008,25.012223
1577,128,128,-1,-1,-1,-1,-1,23.640064,1,23.712769,1.061888,24.774657
1578,128,128,-1,-1,-1,-1,-1,23.499777,1,23.562241,1.05984,24.622081
1579,128,624,-1,-1,-1,-1,-1,-1,0,69.786621,1.038336,70.824957
1580,128,128,-1,-1,-1,-1,-1,23.719936,1,23.790592,1.065984,24.856576
1581,128,128,-1,-1,-1,-1,-1,23.570433,1,23.640064,1.056768,24.696832
1582,128,624,-1,-1,-1,-1,-1,-1,0,70.012924,1.03936,71.052284
1583,128,624,-1,-1,-1,-1,-1,-1,0,70.959106,1.041408,72.000514
1584,128,128,-1,-1,-1,-1,-1,23.761921,1,23.836672,1.060864,24.897536
1585,128,128,-1,-1,-1,-1,-1,23.557119,1,23.627775,1.05984,24.687615
1586,128,128,-1,-1,-1,-1,-1,23.396353,1,23.456768,1.061888,24.518656
1587,128,128,-1,-1,-1,-1,-1,23.343103,1,23.410688,1.097728,24.508416
1588,128,624,-1,-1,-1,-1,-1,-1,0,69.863426,1.036288,70.899714
1589,128,128,-1,-1,-1,-1,-1,23.724031,1,23.795712,1.060864,24.856575
1590,128,128,-1,-1,-1,-1,-1,23.564287,1,23.626753,1.055744,24.682497
1591,128,128,-1,-1,-1,-1,-1,23.508991,1,23.578625,1.05984,24.638465
1592,128,624,-1,-1,-1,-1,-1,-1,0,70.283264,1.042432,71.325696
1593,128,128,-1,-1,-1,-1,-1,23.790592,1,23.863297,1.063936,24.927233
1594,128,128,-1,-1,-1,-1,-1,23.648256,1,23.717888,1.062912,24.7808
1595,128,128,-1,-1,-1,-1,-1,23.488512,1,23.558144,1.05984,24.617984
1596,128,624,-1,-1,-1,-1,-1,-1,0,70.41024,1.038336,71.448576
1597,128,128,-1,-1,-1,-1,-1,23.781376,1,23.852032,1.05984,24.911872
1598,128,128,-1,-1,-1,-1,-1,23.618561,1,23.689217,1.05984,24.749057
1599,128,1120,-1,-1,-1,-1,-1,-1,0,97.833984,1.04448,98.878464
1600,128,128,-1,-1,-1,-1,-1,24.004608,1,24.076288,1.068032,25.14432
1601,128,128,-1,-1,-1,-1,-1,23.817217,1,23.888897,1.061888,24.950785
1602,128,128,-1,-1,-1,-1,-1,23.5776,1,23.646208,1.062912,24.70912
1603,128,128,-1,-1,-1,-1,-1,23.531521,1,23.599104,1.065984,24.665088
1604,128,624,-1,-1,-1,-1,-1,-1,0,70.448128,1.043456,71.491584
1605,128,1120,-1,-1,-1,-1,-1,-1,0,99.399681,1.046528,100.446209
1606,128,128,-1,-1,-1,-1,-1,24.045568,1,24.111103,1.067008,25.178111
1607,128,128,-1,-1,-1,-1,-1,23.789568,1,23.861248,1.063936,24.925184
1608,128,128,-1,-1,-1,-1,-1,23.660543,1,23.721985,1.063936,24.785921
1609,128,128,-1,-1,-1,-1,-1,23.504896,1,23.574528,1.056768,24.631296
1610,128,128,-1,-1,-1,-1,-1,23.477247,1,23.544832,1.056768,24.6016
1611,128,128,-1,-1,-1,-1,-1,23.494656,1,23.562241,1.057792,24.620033
1612,128,624,-1,-1,-1,-1,-1,-1,0,70.946815,1.047552,71.994367
1613,128,128,-1,-1,-1,-1,-1,23.890944,1,23.960575,1.06496,25.025535
1614,128,128,-1,-1,-1,-1,-1,23.75168,1,23.820288,1.058816,24.879104
1615,128,624,-1,-1,-1,-1,-1,-1,0,71.463936,1.037312,72.501248
1616,128,128,-1,-1,-1,-1,-1,23.963648,1,24.027136,1.062912,25.090048
1617,128,128,-1,-1,-1,-1,-1,23.774208,1,23.845888,1.057792,24.90368
1618,128,1120,-1,-1,-1,-1,-1,-1,0,98.878464,1.042432,99.920896
1619,128,624,-1,-1,-1,-1,-1,-1,0,72.922112,1.03936,73.961472
1620,128,624,-1,-1,-1,-1,-1,-1,0,72.334335,1.041408,73.375743
1621,128,624,-1,-1,-1,-1,-1,-1,0,72.204285,1.037312,73.241597
1622,128,1120,-1,-1,-1,-1,-1,-1,0,99.521538,1.04448,100.566018
1623,128,128,-1,-1,-1,-1,-1,24.038401,1,24.114176,1.07008,25.184256
1624,128,128,-1,-1,-1,-1,-1,23.84384,1,23.91552,1.06496,24.98048
1625,128,624,-1,-1,-1,-1,-1,-1,0,71.825409,1.041408,72.866817
1626,128,624,-1,-1,-1,-1,-1,-1,0,72.343552,1.045504,73.389056
1627,128,624,-1,-1,-1,-1,-1,-1,0,72.248322,1.042432,73.290753
1628,128,624,-1,-1,-1,-1,-1,-1,0,72.300545,1.041408,73.341953
1629,128,624,-1,-1,-1,-1,-1,-1,0,72.368126,1.03936,73.407486
1630,128,1119,-1,-1,-1,-1,-1,-1,0,100.777985,1.045504,101.823489
1631,128,128,-1,-1,-1,-1,-1,24.181761,1,24.254463,1.074176,25.328639
1632,128,128,-1,-1,-1,-1,-1,23.940096,1,24.00256,1.069056,25.071616
1633,128,624,-1,-1,-1,-1,-1,-1,0,71.729149,1.04448,72.773629
1634,128,128,-1,-1,-1,-1,-1,23.98208,1,24.051712,1.061888,25.1136
1635,128,1600,-1,-1,-1,-1,-1,-1,0,126.671875,1.05472,127.726595
1636,128,1120,-1,-1,-1,-1,-1,-1,0,100.813828,1.047552,101.86138
1637,128,623,-1,-1,-1,-1,-1,-1,0,72.940544,1.038336,73.97888
1638,128,1120,-1,-1,-1,-1,-1,-1,0,99.861504,1.045504,100.907008
1639,128,128,-1,-1,-1,-1,-1,24.057856,1,24.128511,1.068032,25.196543
1640,128,1120,-1,-1,-1,-1,-1,-1,0,99.430397,1.043456,100.473853
1641,128,128,-1,-1,-1,-1,-1,24.093697,1,24.165377,1.069056,25.234433
1642,128,128,-1,-1,-1,-1,-1,23.912449,1,23.98208,1.06496,25.04704
1643,128,2112,-1,-1,-1,-1,-1,-1,0,161.168381,1.0496,162.217981
1644,128,624,-1,-1,-1,-1,-1,-1,0,72.774658,1.04448,73.819138
1645,128,1616,-1,-1,-1,-1,-1,-1,0,127.963135,1.045504,129.008639
1646,128,1120,-1,-1,-1,-1,-1,-1,0,100.902908,1.052672,101.95558
1647,128,624,-1,-1,-1,-1,-1,-1,0,72.587265,1.0496,73.636865
1648,128,624,-1,-1,-1,-1,-1,-1,0,72.170494,1.041408,73.211902
1649,128,1616,-1,-1,-1,-1,-1,-1,0,127.860733,1.051648,128.912381
1650,128,2112,-1,-1,-1,-1,-1,-1,0,164.152313,1.047552,165.199865
1651,128,2608,-1,-1,-1,-1,-1,-1,0,196.185089,1.050624,197.235713
1652,128,1616,-1,-1,-1,-1,-1,-1,0,127.367165,1.053696,128.420861
1653,128,1120,-1,-1,-1,-1,-1,-1,0,100.25882,1.046528,101.305348
1654,128,624,-1,-1,-1,-1,-1,-1,0,72.162308,1.045504,73.207812
1655,128,624,-1,-1,-1,-1,-1,-1,0,71.716866,1.043456,72.760321
1656,128,1119,-1,-1,-1,-1,-1,-1,0,99.066879,1.048576,100.115455
1657,128,624,-1,-1,-1,-1,-1,-1,0,72.131584,1.072128,73.203712
1658,128,1120,-1,-1,-1,-1,-1,-1,0,99.347458,1.046528,100.393986
1659,128,1615,-1,-1,-1,-1,-1,-1,0,127.74707,1.051648,128.798718
1660,128,128,-1,-1,-1,-1,-1,24.117249,1,24.187904,1.07008,25.257984
1661,128,1616,-1,-1,-1,-1,-1,-1,0,126.971901,1.0496,128.021501
1662,128,1615,-1,-1,-1,-1,-1,-1,0,127.384575,1.053696,128.438271
1663,128,128,-1,-1,-1,-1,-1,24.104959,1,24.177664,1.073152,25.250816
1664,128,1120,-1,-1,-1,-1,-1,-1,0,98.678787,1.048576,99.727363
1665,128,624,-1,-1,-1,-1,-1,-1,0,71.982079,1.045504,73.027583
1666,128,1120,-1,-1,-1,-1,-1,-1,0,98.843651,1.052672,99.896323
1667,128,1120,-1,-1,-1,-1,-1,-1,0,99.21843,1.04448,100.26291
1668,128,1616,-1,-1,-1,-1,-1,-1,0,126.624771,1.050624,127.675395
1669,128,624,-1,-1,-1,-1,-1,-1,0,71.74144,1.042432,72.783872
1670,128,128,-1,-1,-1,-1,-1,23.7824,1,23.855104,1.06496,24.920064
1671,128,624,-1,-1,-1,-1,-1,-1,0,70.54541,1.041408,71.586818
1672,128,624,-1,-1,-1,-1,-1,-1,0,70.936577,1.040384,71.976961
1673,128,1120,-1,-1,-1,-1,-1,-1,0,99.149826,1.051648,100.201474
1674,128,624,-1,-1,-1,-1,-1,-1,0,71.980034,1.040384,73.020418
1675,128,1119,-1,-1,-1,-1,-1,-1,0,98.843651,1.04448,99.888131
1676,128,624,-1,-1,-1,-1,-1,-1,0,72.16333,1.046528,73.209858
1677,128,128,-1,-1,-1,-1,-1,23.780352,1,23.851007,1.062912,24.913919
1678,128,624,-1,-1,-1,-1,-1,-1,0,70.480896,1.043456,71.524352
1679,128,623,-1,-1,-1,-1,-1,-1,0,70.933502,1.038336,71.971838
1680,128,128,-1,-1,-1,-1,-1,23.689217,1,23.758848,1.062912,24.82176
1681,128,1120,-1,-1,-1,-1,-1,-1,0,97.703934,1.045504,98.749438
1682,128,1614,-1,-1,-1,-1,-1,-1,0,127.075325,1.050624,128.125949
1683,128,1120,-1,-1,-1,-1,-1,-1,0,100.002815,1.051648,101.054463
1684,128,624,-1,-1,-1,-1,-1,-1,0,71.695358,1.0496,72.744958
1685,128,1120,-1,-1,-1,-1,-1,-1,0,98.598915,1.04448,99.643395
1686,128,128,-1,-1,-1,-1,-1,23.834623,1,23.906303,1.068032,24.974335
1687,128,128,-1,-1,-1,-1,-1,23.614464,1,23.677952,1.06496,24.742912
1688,128,608,-1,-1,-1,-1,-1,-1,0,69.952515,1.04448,70.996995
1689,128,624,-1,-1,-1,-1,-1,-1,0,70.752258,1.046528,71.798786
1690,128,623,-1,-1,-1,-1,-1,-1,0,71.171074,1.047552,72.218626
1691,128,624,-1,-1,-1,-1,-1,-1,0,71.025665,1.042432,72.068097
1692,128,128,-1,-1,-1,-1,-1,23.668736,1,23.740416,1.062912,24.803328
1693,128,624,-1,-1,-1,-1,-1,-1,0,70.191101,1.041408,71.232509
1694,128,128,-1,-1,-1,-1,-1,23.725056,1,23.795712,1.065984,24.861696
1695,128,1120,-1,-1,-1,-1,-1,-1,0,97.875969,1.043456,98.919425
1696,128,624,-1,-1,-1,-1,-1,-1,0,71.373825,1.055744,72.429569
1697,128,128,-1,-1,-1,-1,-1,23.755775,1,23.818239,1.065984,24.884223
1698,128,1120,-1,-1,-1,-1,-1,-1,0,97.833984,1.040384,98.874368
1699,128,624,-1,-1,-1,-1,-1,-1,0,71.612419,1.047552,72.659971
1700,128,624,-1,-1,-1,-1,-1,-1,0,71.212029,1.03936,72.251389
1701,128,128,-1,-1,-1,-1,-1,23.724031,1,23.793665,1.069056,24.862721
1702,128,624,-1,-1,-1,-1,-1,-1,0,70.447105,1.043456,71.490561
1703,128,624,-1,-1,-1,-1,-1,-1,0,70.850563,1.04448,71.895043
1704,128,128,-1,-1,-1,-1,-1,23.712769,1,23.783424,1.067008,24.850432
1705,128,624,-1,-1,-1,-1,-1,-1,0,70.208511,1.040384,71.248895
1706,128,128,-1,-1,-1,-1,-1,23.791616,1,23.861248,1.065984,24.927232
1707,128,128,-1,-1,-1,-1,-1,23.650305,1,23.720961,1.058816,24.779777
1708,128,128,-1,-1,-1,-1,-1,23.4496,1,23.519232,1.060864,24.580096
1709,128,128,-1,-1,-1,-1,-1,23.363585,1,23.432192,1.058816,24.491008
1710,128,128,-1,-1,-1,-1,-1,23.366655,1,23.436289,1.058816,24.495105
1711,128,624,-1,-1,-1,-1,-1,-1,0,70.130692,1.038336,71.169028
1712,128,608,-1,-1,-1,-1,-1,-1,0,71.517181,1.041408,72.558589
1713,128,128,-1,-1,-1,-1,-1,23.766016,1,23.837696,1.065984,24.90368
1714,128,128,-1,-1,-1,-1,-1,23.569408,1,23.640064,1.061888,24.701952
1715,128,624,-1,-1,-1,-1,-1,-1,0,70.447105,1.038336,71.485441
1716,128,128,-1,-1,-1,-1,-1,23.740416,1,23.810047,1.069056,24.879103
1717,128,128,-1,-1,-1,-1,-1,23.583744,1,23.653376,1.06496,24.718336
1718,128,128,-1,-1,-1,-1,-1,23.528448,1,23.59808,1.060864,24.658944
1719,128,624,-1,-1,-1,-1,-1,-1,0,70.690819,1.046528,71.737347
1720,128,128,-1,-1,-1,-1,-1,23.793665,1,23.863297,1.061888,24.925184
1721,128,128,-1,-1,-1,-1,-1,23.570433,1,23.641088,1.05984,24.700928
1722,128,1120,-1,-1,-1,-1,-1,-1,0,98.033661,1.045504,99.079165
1723,128,128,-1,-1,-1,-1,-1,23.93088,1,24.00256,1.067008,25.069568
1724,128,128,-1,-1,-1,-1,-1,23.749632,1,23.820288,1.065984,24.886272
1725,128,128,-1,-1,-1,-1,-1,23.491585,1,23.552,1.058816,24.610816
1726,128,623,-1,-1,-1,-1,-1,-1,0,70.680573,1.04448,71.725052
1727,128,128,-1,-1,-1,-1,-1,23.878656,1,23.943169,1.063936,25.007105
1728,128,128,-1,-1,-1,-1,-1,23.688192,1,23.758848,1.061888,24.820736
1729,128,128,-1,-1,-1,-1,-1,23.585793,1,23.655424,1.062912,24.718336
1730,128,624,-1,-1,-1,-1,-1,-1,0,70.933502,1.050624,71.984126
1731,128,128,-1,-1,-1,-1,-1,23.886848,1,23.957504,1.061888,25.019392
1732,128,624,-1,-1,-1,-1,-1,-1,0,71.457794,1.041408,72.499202
1733,128,128,-1,-1,-1,-1,-1,23.873535,1,23.943169,1.061888,25.005057
1734,128,128,-1,-1,-1,-1,-1,23.697409,1,23.768064,1.061888,24.829952
1735,128,128,-1,-1,-1,-1,-1,23.616512,1,23.68512,1.060864,24.745984
1736,128,1120,-1,-1,-1,-1,-1,-1,0,98.4832,1.043456,99.526656
1737,128,624,-1,-1,-1,-1,-1,-1,0,72.577026,1.038336,73.615362
1738,128,624,-1,-1,-1,-1,-1,-1,0,72.148994,1.040384,73.189378
1739,128,128,-1,-1,-1,-1,-1,23.939072,1,24.001535,1.067008,25.068543
1740,128,624,-1,-1,-1,-1,-1,-1,0,71.653374,1.043456,72.69683
1741,128,128,-1,-1,-1,-1,-1,23.876608,1,23.947264,1.071104,25.018368
1742,128,128,-1,-1,-1,-1,-1,23.739391,1,23.810047,1.062912,24.872959
1743,128,624,-1,-1,-1,-1,-1,-1,0,71.481346,1.046528,72.527874
1744,128,1120,-1,-1,-1,-1,-1,-1,0,99.69664,1.03936,100.736
1745,128,624,-1,-1,-1,-1,-1,-1,0,73.03373,1.050624,74.084354
1746,128,128,-1,-1,-1,-1,-1,23.969791,1,24.040447,1.065984,25.106431
1747,128,128,-1,-1,-1,-1,-1,23.774208,1,23.844864,1.062912,24.907776
1748,128,128,-1,-1,-1,-1,-1,23.635967,1,23.705601,1.06496,24.770561
1749,128,128,-1,-1,-1,-1,-1,23.571457,1,23.640064,1.057792,24.697856
1750,128,128,-1,-1,-1,-1,-1,23.559168,1,23.626753,1.061888,24.688641
1751,128,623,-1,-1,-1,-1,-1,-1,0,71.419907,1.045504,72.465411
1752,128,1119,-1,-1,-1,-1,-1,-1,0,100.175873,1.047552,101.223425
1753,128,1120,-1,-1,-1,-1,-1,-1,0,100.351997,1.0496,101.401597
1754,128,624,-1,-1,-1,-1,-1,-1,0,73.006081,1.048576,74.054657
1755,128,624,-1,-1,-1,-1,-1,-1,0,72.401917,1.042432,73.444348
1756,128,128,-1,-1,-1,-1,-1,23.947264,1,24.01792,1.065984,25.083904
1757,128,2112,-1,-1,-1,-1,-1,-1,0,162.603012,1.047552,163.650564
1758,128,1120,-1,-1,-1,-1,-1,-1,0,100.267006,1.040384,101.30739
1759,128,624,-1,-1,-1,-1,-1,-1,0,72.830978,1.043456,73.874434
1760,128,624,-1,-1,-1,-1,-1,-1,0,72.904701,1.046528,73.951229
1761,128,1120,-1,-1,-1,-1,-1,-1,0,100.929535,1.048576,101.978111
1762,128,623,-1,-1,-1,-1,-1,-1,0,72.762367,1.040384,73.802751
1763,128,1120,-1,-1,-1,-1,-1,-1,0,99.603455,1.048576,100.652031
1764,128,624,-1,-1,-1,-1,-1,-1,0,72.75827,1.041408,73.799678
1765,128,1120,-1,-1,-1,-1,-1,-1,0,99.914749,1.041408,100.956157
1766,128,624,-1,-1,-1,-1,-1,-1,0,72.702972,1.041408,73.74438
1767,128,1120,-1,-1,-1,-1,-1,-1,0,99.833855,1.053696,100.887551
1768,128,624,-1,-1,-1,-1,-1,-1,0,72.652802,1.046528,73.699329
1769,128,1119,-1,-1,-1,-1,-1,-1,0,99.748863,1.046528,100.795391
1770,128,1120,-1,-1,-1,-1,-1,-1,0,100.052994,1.047552,101.100546
1771,128,128,-1,-1,-1,-1,-1,24.066048,1,24.136703,1.077248,25.213951
1772,128,2111,-1,-1,-1,-1,-1,-1,0,162.42688,1.042432,163.469312
1773,128,1616,-1,-1,-1,-1,-1,-1,0,128.513031,1.051648,129.564679
1774,128,1119,-1,-1,-1,-1,-1,-1,0,100.429825,1.03936,101.469185
1775,128,1616,-1,-1,-1,-1,-1,-1,0,128.096252,1.051648,129.1479
1776,128,1616,-1,-1,-1,-1,-1,-1,0,127.491074,1.045504,128.536578
1777,128,1120,-1,-1,-1,-1,-1,-1,0,100.675583,1.045504,101.721087
1778,128,624,-1,-1,-1,-1,-1,-1,0,72.240128,1.03936,73.279488
1779,128,1120,-1,-1,-1,-1,-1,-1,0,99.113983,1.046528,100.160511
1780,128,1120,-1,-1,-1,-1,-1,-1,0,99.366913,1.047552,100.414465
1781,128,128,-1,-1,-1,-1,-1,23.950336,1,24.022017,1.05984,25.081856
1782,128,624,-1,-1,-1,-1,-1,-1,0,71.083008,1.043456,72.126464
1783,128,624,-1,-1,-1,-1,-1,-1,0,71.371773,1.036288,72.408061
1784,128,128,-1,-1,-1,-1,-1,23.760897,1,23.82336,1.06496,24.88832
1785,128,128,-1,-1,-1,-1,-1,23.642113,1,23.711744,1.060864,24.772608
1786,128,1119,-1,-1,-1,-1,-1,-1,0,97.969154,1.036288,99.005442
1787,128,1120,-1,-1,-1,-1,-1,-1,0,99.512321,1.05984,100.572161
1788,128,1120,-1,-1,-1,-1,-1,-1,0,99.432449,1.038336,100.470785
1789,128,2608,-1,-1,-1,-1,-1,-1,0,196.306946,1.050624,197.35757
1790,128,128,-1,-1,-1,-1,-1,24.035328,1,24.104959,1.065984,25.170943
1791,128,1120,-1,-1,-1,-1,-1,-1,0,98.395134,1.04448,99.439614
1792,128,128,-1,-1,-1,-1,-1,23.891968,1,23.963648,1.061888,25.025536
1793,128,1120,-1,-1,-1,-1,-1,-1,0,98.478081,1.045504,99.523585
1794,128,1616,-1,-1,-1,-1,-1,-1,0,127.103996,1.050624,128.15462
1795,128,1120,-1,-1,-1,-1,-1,-1,0,100.379646,1.048576,101.428222
1796,128,576,-1,-1,-1,-1,-1,-1,0,71.264259,1.05984,72.324099
1797,128,128,-1,-1,-1,-1,-1,23.76704,1,23.836672,1.06496,24.901632
1798,128,128,-1,-1,-1,-1,-1,23.542784,1,23.603201,1.060864,24.664065
1799,128,1120,-1,-1,-1,-1,-1,-1,0,97.762306,1.036288,98.798594
1800,128,128,-1,-1,-1,-1,-1,23.894016,1,23.963648,1.084416,25.048064
1801,128,1120,-1,-1,-1,-1,-1,-1,0,98.423805,1.057792,99.481597
1802,128,624,-1,-1,-1,-1,-1,-1,0,71.614464,1.051648,72.666112
1803,128,128,-1,-1,-1,-1,-1,23.793665,1,23.868416,1.060864,24.92928
1804,128,624,-1,-1,-1,-1,-1,-1,0,70.526978,1.048576,71.575554
1805,128,624,-1,-1,-1,-1,-1,-1,0,71.031807,1.050624,72.082431
1806,128,128,-1,-1,-1,-1,-1,23.689217,1,23.753729,1.092608,24.846337
1807,128,624,-1,-1,-1,-1,-1,-1,0,70.406143,1.057792,71.463935
1808,128,1615,-1,-1,-1,-1,-1,-1,0,126.509056,1.057792,127.566848
1809,128,624,-1,-1,-1,-1,-1,-1,0,72.260605,1.0496,73.310205
1810,128,624,-1,-1,-1,-1,-1,-1,0,71.388161,1.052672,72.440833
1811,128,128,-1,-1,-1,-1,-1,23.708672,1,23.783424,1.079296,24.86272
1812,128,624,-1,-1,-1,-1,-1,-1,0,70.725632,1.05472,71.780352
1813,128,624,-1,-1,-1,-1,-1,-1,0,71.099396,1.043456,72.142852
1814,128,624,-1,-1,-1,-1,-1,-1,0,71.489532,1.04448,72.534012
1815,128,1615,-1,-1,-1,-1,-1,-1,0,127.71328,1.048576,128.761856
1816,128,608,-1,-1,-1,-1,-1,-1,0,72.373245,1.042432,73.415677
1817,128,128,-1,-1,-1,-1,-1,23.724031,1,23.798784,1.061888,24.860672
1818,128,624,-1,-1,-1,-1,-1,-1,0,70.321152,1.043456,71.364608
1819,128,624,-1,-1,-1,-1,-1,-1,0,70.903809,1.043456,71.947265
1820,128,1120,-1,-1,-1,-1,-1,-1,0,98.475006,1.050624,99.52563
1821,128,624,-1,-1,-1,-1,-1,-1,0,71.604225,1.048576,72.652801
1822,128,624,-1,-1,-1,-1,-1,-1,0,71.184387,1.043456,72.227843
1823,128,1120,-1,-1,-1,-1,-1,-1,0,99.1744,1.046528,100.220928
1824,128,128,-1,-1,-1,-1,-1,24.016895,1,24.090624,1.06496,25.155584
1825,128,128,-1,-1,-1,-1,-1,23.689217,1,23.761921,1.055744,24.817665
1826,128,128,-1,-1,-1,-1,-1,23.535616,1,23.605247,1.062912,24.668159
1827,128,128,-1,-1,-1,-1,-1,23.39328,1,23.455744,1.073152,24.528896
1828,128,624,-1,-1,-1,-1,-1,-1,0,70.165504,1.061888,71.227392
1829,128,624,-1,-1,-1,-1,-1,-1,0,71.586815,1.05472,72.641535
1830,128,624,-1,-1,-1,-1,-1,-1,0,71.10656,1.05984,72.1664
1831,128,128,-1,-1,-1,-1,-1,23.69536,1,23.771135,1.0752,24.846335
1832,128,1120,-1,-1,-1,-1,-1,-1,0,98.249725,1.055744,99.305469
1833,128,128,-1,-1,-1,-1,-1,23.976959,1,24.052736,1.07008,25.122816
1834,128,128,-1,-1,-1,-1,-1,23.713793,1,23.787519,1.069056,24.856575
1835,128,128,-1,-1,-1,-1,-1,23.486464,1,23.556095,1.060864,24.616959
1836,128,1120,-1,-1,-1,-1,-1,-1,0,97.731583,1.04448,98.776063
1837,128,128,-1,-1,-1,-1,-1,23.920641,1,23.995392,1.073152,25.068544
1838,128,624,-1,-1,-1,-1,-1,-1,0,70.937599,1.042432,71.980031
1839,128,128,-1,-1,-1,-1,-1,23.7568,1,23.82848,1.06496,24.89344
1840,128,128,-1,-1,-1,-1,-1,23.575552,1,23.646208,1.068032,24.71424
1841,128,128,-1,-1,-1,-1,-1,23.413759,1,23.482368,1.0752,24.557568
1842,128,128,-1,-1,-1,-1,-1,23.380993,1,23.452671,1.065984,24.518655
1843,128,624,-1,-1,-1,-1,-1,-1,0,70.480896,1.047552,71.528448
1844,128,128,-1,-1,-1,-1,-1,23.804928,1,23.877632,1.0752,24.952832
1845,128,128,-1,-1,-1,-1,-1,23.633921,1,23.704576,1.076224,24.7808
1846,128,1120,-1,-1,-1,-1,-1,-1,0,98.276352,1.048576,99.324928
1847,128,623,-1,-1,-1,-1,-1,-1,0,72.16333,1.053696,73.217026
1848,128,624,-1,-1,-1,-1,-1,-1,0,71.697411,1.043456,72.740867
1849,128,128,-1,-1,-1,-1,-1,23.820288,1,23.895041,1.063936,24.958977
1850,128,624,-1,-1,-1,-1,-1,-1,0,70.842369,1.040384,71.882753
1851,128,128,-1,-1,-1,-1,-1,23.817217,1,23.888897,1.06496,24.953857
1852,128,128,-1,-1,-1,-1,-1,23.644159,1,23.707647,1.062912,24.770559
1853,128,128,-1,-1,-1,-1,-1,23.500799,1,23.573503,1.062912,24.636415
1854,128,128,-1,-1,-1,-1,-1,23.453695,1,23.525375,1.057792,24.583167
1855,128,128,-1,-1,-1,-1,-1,23.479296,1,23.549952,1.06496,24.614912
1856,128,128,-1,-1,-1,-1,-1,23.441408,1,23.512064,1.055744,24.567808
1857,128,624,-1,-1,-1,-1,-1,-1,0,70.860802,1.040384,71.901186
1858,128,128,-1,-1,-1,-1,-1,23.883776,1,23.954432,1.065984,25.020416
1859,128,624,-1,-1,-1,-1,-1,-1,0,71.306236,1.042432,72.348668
1860,128,128,-1,-1,-1,-1,-1,23.868416,1,23.939072,1.060864,24.999936
1861,128,128,-1,-1,-1,-1,-1,23.717888,1,23.787519,1.065984,24.853503
1862,128,1120,-1,-1,-1,-1,-1,-1,0,98.726913,1.047552,99.774465
1863,128,128,-1,-1,-1,-1,-1,24.091648,1,24.165377,1.062912,25.228289
1864,128,128,-1,-1,-1,-1,-1,23.795712,1,23.858175,1.06496,24.923135
1865,128,624,-1,-1,-1,-1,-1,-1,0,71.362556,1.041408,72.403964
1866,128,1120,-1,-1,-1,-1,-1,-1,0,99.784706,1.037312,100.822018
1867,128,1120,-1,-1,-1,-1,-1,-1,0,100.246529,1.042432,101.288961
1868,128,624,-1,-1,-1,-1,-1,-1,0,72.670212,1.036288,73.7065
1869,128,128,-1,-1,-1,-1,-1,23.940096,1,24.013824,1.07008,25.083905
1870,128,623,-1,-1,-1,-1,-1,-1,0,71.803902,1.04448,72.848382
1871,128,624,-1,-1,-1,-1,-1,-1,0,73.198593,1.047552,74.246145
1872,128,128,-1,-1,-1,-1,-1,23.931904,1,24.00256,1.060864,25.063424
1873,128,1616,-1,-1,-1,-1,-1,-1,0,126.586884,1.053696,127.64058
1874,128,128,-1,-1,-1,-1,-1,24.182783,1,24.254463,1.069056,25.323519
1875,128,128,-1,-1,-1,-1,-1,23.922688,1,24.023041,1.067008,25.090049
1876,128,624,-1,-1,-1,-1,-1,-1,0,71.367683,1.033216,72.400899
1877,128,128,-1,-1,-1,-1,-1,23.924736,1,23.998465,1.067008,25.065473
1878,128,128,-1,-1,-1,-1,-1,23.7568,1,23.82848,1.06496,24.89344
1879,128,128,-1,-1,-1,-1,-1,23.595009,1,23.66464,1.07008,24.73472
1880,128,1119,-1,-1,-1,-1,-1,-1,0,98.631683,1.046528,99.678211
1881,128,624,-1,-1,-1,-1,-1,-1,0,72.862717,1.047552,73.910269
1882,128,624,-1,-1,-1,-1,-1,-1,0,72.389633,1.041408,73.431041
1883,128,128,-1,-1,-1,-1,-1,23.951361,1,24.024063,1.065984,25.090047
1884,128,624,-1,-1,-1,-1,-1,-1,0,71.644157,1.048576,72.692733
1885,128,1120,-1,-1,-1,-1,-1,-1,0,100.003838,1.048576,101.052414
1886,128,624,-1,-1,-1,-1,-1,-1,0,73.391106,1.040384,74.43149
1887,128,624,-1,-1,-1,-1,-1,-1,0,72.766464,1.03936,73.805824
1888,128,2112,-1,-1,-1,-1,-1,-1,0,162.682877,1.050624,163.733501
1889,128,128,-1,-1,-1,-1,-1,24.2432,1,24.315905,1.072128,25.388033
1890,128,128,-1,-1,-1,-1,-1,23.929855,1,24.001535,1.060864,25.062399
1891,128,128,-1,-1,-1,-1,-1,23.719936,1,23.791616,1.068032,24.859648
1892,128,623,-1,-1,-1,-1,-1,-1,0,71.192574,1.036288,72.228862
1893,128,1616,-1,-1,-1,-1,-1,-1,0,127.455231,1.062912,128.518143
1894,128,2608,-1,-1,-1,-1,-1,-1,0,196.202499,1.045504,197.248003
1895,128,1119,-1,-1,-1,-1,-1,-1,0,100.357117,1.050624,101.407741
1896,128,624,-1,-1,-1,-1,-1,-1,0,72.642563,1.046528,73.689091
1897,128,2607,-1,-1,-1,-1,-1,-1,0,195.217407,1.0496,196.267007
1898,128,128,-1,-1,-1,-1,-1,24.079359,1,24.157185,1.086464,25.243649
1899,128,624,-1,-1,-1,-1,-1,-1,0,71.730179,1.041408,72.771587
1900,128,1119,-1,-1,-1,-1,-1,-1,0,100.373505,1.055744,101.429249
1901,128,128,-1,-1,-1,-1,-1,24.174591,1,24.249344,1.071104,25.320448
1902,128,623,-1,-1,-1,-1,-1,-1,0,71.386108,1.03936,72.425468
1903,128,1616,-1,-1,-1,-1,-1,-1,0,127.364098,1.053696,128.417794
1904,128,1120,-1,-1,-1,-1,-1,-1,0,100.655106,1.048576,101.703682
1905,128,1616,-1,-1,-1,-1,-1,-1,0,127.145981,1.053696,128.199677
1906,128,624,-1,-1,-1,-1,-1,-1,0,72.537086,1.042432,73.579518
1907,128,624,-1,-1,-1,-1,-1,-1,0,71.874557,1.045504,72.920061
1908,128,1600,-1,-1,-1,-1,-1,-1,0,126.873596,1.050624,127.92422
1909,128,1119,-1,-1,-1,-1,-1,-1,0,100.52813,1.046528,101.574658
1910,128,1120,-1,-1,-1,-1,-1,-1,0,100.088829,1.045504,101.134333
1911,128,128,-1,-1,-1,-1,-1,24.030209,1,24.095743,1.065984,25.161727
1912,128,1120,-1,-1,-1,-1,-1,-1,0,98.717697,1.045504,99.763201
1913,128,1104,-1,-1,-1,-1,-1,-1,0,99.288063,1.048576,100.336639
1914,128,1120,-1,-1,-1,-1,-1,-1,0,99.355644,1.0496,100.405244
1915,128,624,-1,-1,-1,-1,-1,-1,0,71.740417,1.04448,72.784897
1916,128,624,-1,-1,-1,-1,-1,-1,0,71.31443,1.040384,72.354814
1917,128,624,-1,-1,-1,-1,-1,-1,0,71.189507,1.043456,72.232962
1918,128,128,-1,-1,-1,-1,-1,23.744513,1,23.815168,1.061888,24.877056
1919,128,2112,-1,-1,-1,-1,-1,-1,0,160.496643,1.048576,161.545219
1920,128,624,-1,-1,-1,-1,-1,-1,0,72.082436,1.0496,73.132036
1921,128,128,-1,-1,-1,-1,-1,23.845888,1,23.916544,1.06496,24.981504
1922,128,624,-1,-1,-1,-1,-1,-1,0,70.886398,1.037312,71.92371
1923,128,1120,-1,-1,-1,-1,-1,-1,0,98.995201,1.048576,100.043777
1924,128,624,-1,-1,-1,-1,-1,-1,0,71.879677,1.045504,72.925181
1925,128,1616,-1,-1,-1,-1,-1,-1,0,127.256577,1.053696,128.310273
1926,128,128,-1,-1,-1,-1,-1,24.068096,1,24.139776,1.069056,25.208832
1927,128,1120,-1,-1,-1,-1,-1,-1,0,98.334717,1.047552,99.382269
1928,128,128,-1,-1,-1,-1,-1,23.94112,1,24.005632,1.088512,25.094144
1929,128,1120,-1,-1,-1,-1,-1,-1,0,98.2528,1.046528,99.299328
1930,128,624,-1,-1,-1,-1,-1,-1,0,71.591934,1.03936,72.631294
1931,128,1120,-1,-1,-1,-1,-1,-1,0,98.754562,1.045504,99.800066
1932,128,128,-1,-1,-1,-1,-1,23.858175,1,23.931904,1.061888,24.993792
1933,128,624,-1,-1,-1,-1,-1,-1,0,70.721535,1.040384,71.761919
1934,128,128,-1,-1,-1,-1,-1,23.709696,1,23.780352,1.068032,24.848384
1935,128,1615,-1,-1,-1,-1,-1,-1,0,126.218239,1.05472,127.272959
1936,128,128,-1,-1,-1,-1,-1,24.114176,1,24.188929,1.072128,25.261057
1937,128,624,-1,-1,-1,-1,-1,-1,0,71.02771,1.041408,72.069118
1938,128,128,-1,-1,-1,-1,-1,23.750656,1,23.820288,1.068032,24.88832
1939,128,128,-1,-1,-1,-1,-1,23.59808,1,23.668736,1.057792,24.726527
1940,128,1615,-1,-1,-1,-1,-1,-1,0,125.82605,1.053696,126.879746
1941,128,1616,-1,-1,-1,-1,-1,-1,0,127.200256,1.050624,128.25088
1942,128,1119,-1,-1,-1,-1,-1,-1,0,99.885056,1.047552,100.932608
1943,128,624,-1,-1,-1,-1,-1,-1,0,71.402496,1.043456,72.445952
1944,128,128,-1,-1,-1,-1,-1,23.731199,1,23.800833,1.062912,24.863745
1945,128,624,-1,-1,-1,-1,-1,-1,0,70.383614,1.043456,71.42707
1946,128,128,-1,-1,-1,-1,-1,23.690241,1,23.762943,1.071104,24.834047
1947,128,128,-1,-1,-1,-1,-1,23.532543,1,23.603201,1.074176,24.677377
1948,128,624,-1,-1,-1,-1,-1,-1,0,70.209534,1.038336,71.24787
1949,128,608,-1,-1,-1,-1,-1,-1,0,70.736893,1.04448,71.781373
1950,128,624,-1,-1,-1,-1,-1,-1,0,70.961151,1.041408,72.002559
1951,128,128,-1,-1,-1,-1,-1,23.721985,1,23.787519,1.063936,24.851455
1952,128,624,-1,-1,-1,-1,-1,-1,0,70.865921,1.046528,71.912449
1953,128,128,-1,-1,-1,-1,-1,23.921663,1,23.993343,1.060864,25.054207
1954,128,624,-1,-1,-1,-1,-1,-1,0,70.713341,1.047552,71.760893
1955,128,128,-1,-1,-1,-1,-1,23.783424,1,23.855104,1.068032,24.923136
1956,128,128,-1,-1,-1,-1,-1,23.5776,1,23.648256,1.057792,24.706048
1957,128,624,-1,-1,-1,-1,-1,-1,0,70.270973,1.041408,71.312381
1958,128,128,-1,-1,-1,-1,-1,23.758848,1,23.830528,1.068032,24.89856
1959,128,128,-1,-1,-1,-1,-1,23.619583,1,23.691263,1.060864,24.752127
1960,128,128,-1,-1,-1,-1,-1,23.46496,1,23.5264,1.058816,24.585216
1961,128,624,-1,-1,-1,-1,-1,-1,0,70.307838,1.042432,71.35027
1962,128,128,-1,-1,-1,-1,-1,23.911425,1,23.983105,1.058816,25.041921
1963,128,1120,-1,-1,-1,-1,-1,-1,0,98.498558,1.041408,99.539966
1964,128,128,-1,-1,-1,-1,-1,23.973888,1,24.036352,1.065984,25.102336
1965,128,624,-1,-1,-1,-1,-1,-1,0,71.288834,1.045504,72.334338
1966,128,128,-1,-1,-1,-1,-1,23.808001,1,23.877632,1.062912,24.940544
1967,128,128,-1,-1,-1,-1,-1,23.59808,1,23.667711,1.061888,24.729599
1968,128,1616,-1,-1,-1,-1,-1,-1,0,126.162941,1.047552,127.210493
1969,128,624,-1,-1,-1,-1,-1,-1,0,72.534019,1.04448,73.578499
1970,128,624,-1,-1,-1,-1,-1,-1,0,71.795715,1.050624,72.846339
1971,128,128,-1,-1,-1,-1,-1,23.798784,1,23.86944,1.060864,24.930304
1972,128,128,-1,-1,-1,-1,-1,23.603201,1,23.66464,1.060864,24.725504
1973,128,128,-1,-1,-1,-1,-1,23.500799,1,23.571457,1.061888,24.633345
1974,128,128,-1,-1,-1,-1,-1,23.440384,1,23.510015,1.057792,24.567807
1975,128,624,-1,-1,-1,-1,-1,-1,0,70.664192,1.041408,71.7056
1976,128,624,-1,-1,-1,-1,-1,-1,0,71.687164,1.046528,72.733692
1977,128,128,-1,-1,-1,-1,-1,23.861248,1,23.93088,1.0752,25.00608
1978,128,128,-1,-1,-1,-1,-1,23.674879,1,23.744513,1.057792,24.802305
1979,128,128,-1,-1,-1,-1,-1,23.516159,1,23.585793,1.057792,24.643584
1980,128,128,-1,-1,-1,-1,-1,23.518208,1,23.586817,1.056768,24.643585
1981,128,128,-1,-1,-1,-1,-1,23.515137,1,23.576576,1.058816,24.635392
1982,128,624,-1,-1,-1,-1,-1,-1,0,71.102463,1.041408,72.143871
1983,128,624,-1,-1,-1,-1,-1,-1,0,71.899139,1.041408,72.940547
1984,128,128,-1,-1,-1,-1,-1,23.876608,1,23.948288,1.073152,25.02144
1985,128,1120,-1,-1,-1,-1,-1,-1,0,98.891777,1.052672,99.944449
1986,128,128,-1,-1,-1,-1,-1,24.045568,1,24.118273,1.067008,25.185281
1987,128,128,-1,-1,-1,-1,-1,23.812096,1,23.883776,1.061888,24.945664
1988,128,128,-1,-1,-1,-1,-1,23.599104,1,23.661568,1.05984,24.721408
1989,128,1120,-1,-1,-1,-1,-1,-1,0,98.768898,1.047552,99.81645
1990,128,128,-1,-1,-1,-1,-1,24.087551,1,24.16128,1.06496,25.22624
1991,128,623,-1,-1,-1,-1,-1,-1,0,71.81517,1.043456,72.858626
1992,128,1120,-1,-1,-1,-1,-1,-1,0,100.29261,1.04448,101.33709
1993,128,624,-1,-1,-1,-1,-1,-1,0,72.965118,1.038336,74.003454
1994,128,128,-1,-1,-1,-1,-1,23.957504,1,24.02816,1.074176,25.102336
1995,128,1120,-1,-1,-1,-1,-1,-1,0,99.349503,1.04448,100.393983
1996,128,128,-1,-1,-1,-1,-1,24.185856,1,24.257536,1.067008,25.324544
1997,128,128,-1,-1,-1,-1,-1,23.908352,1,23.969791,1.063936,25.033727
1998,128,623,-1,-1,-1,-1,-1,-1,0,71.512062,1.046528,72.55859
1999,128,128,-1,-1,-1,-1,-1,23.954432,1,24.025087,1.06496,25.090047
2000,128,128,-1,-1,-1,-1,-1,23.734272,1,23.805952,1.055744,24.861696
2001,128,1120,-1,-1,-1,-1,-1,-1,0,98.749443,1.038336,99.787779
2002,128,128,-1,-1,-1,-1,-1,24.04352,1,24.116224,1.060864,25.177088
2003,128,1616,-1,-1,-1,-1,-1,-1,0,127.410179,1.048576,128.458755
2004,128,128,-1,-1,-1,-1,-1,24.28928,1,24.364033,1.068032,25.432065
2005,128,128,-1,-1,-1,-1,-1,23.919617,1,23.993343,1.061888,25.055231
2006,128,1616,-1,-1,-1,-1,-1,-1,0,126.563332,1.045504,127.608836
2007,128,624,-1,-1,-1,-1,-1,-1,0,73.139198,1.041408,74.180606
2008,128,128,-1,-1,-1,-1,-1,23.97184,1,24.047615,1.06496,25.112575
2009,128,1120,-1,-1,-1,-1,-1,-1,0,99.162109,1.051648,100.213757
2010,128,1120,-1,-1,-1,-1,-1,-1,0,100.170753,1.045504,101.216257
2011,128,128,-1,-1,-1,-1,-1,24.104959,1,24.175615,1.068032,25.243647
2012,128,624,-1,-1,-1,-1,-1,-1,0,71.79776,1.042432,72.840192
2013,128,624,-1,-1,-1,-1,-1,-1,0,72.223747,1.036288,73.260035
2014,128,2112,-1,-1,-1,-1,-1,-1,0,162.664444,1.047552,163.711996
2015,128,608,-1,-1,-1,-1,-1,-1,0,72.56781,1.042432,73.610242
2016,128,624,-1,-1,-1,-1,-1,-1,0,72.318977,1.045504,73.364481
2017,128,128,-1,-1,-1,-1,-1,23.955456,1,24.019968,1.067008,25.086976
2018,128,1120,-1,-1,-1,-1,-1,-1,0,99.102722,1.041408,100.14413
2019,128,624,-1,-1,-1,-1,-1,-1,0,72.657921,1.04448,73.702401
2020,128,624,-1,-1,-1,-1,-1,-1,0,72.061951,1.040384,73.102335
2021,128,128,-1,-1,-1,-1,-1,23.886848,1,23.960575,1.061888,25.022463
2022,128,128,-1,-1,-1,-1,-1,23.748608,1,23.818239,1.061888,24.880127
2023,128,1119,-1,-1,-1,-1,-1,-1,0,98.80883,1.042432,99.851262
2024,128,1616,-1,-1,-1,-1,-1,-1,0,128.269318,1.051648,129.320966
2025,128,624,-1,-1,-1,-1,-1,-1,0,73.284607,1.03936,74.323967
2026,128,624,-1,-1,-1,-1,-1,-1,0,72.339455,1.043456,73.382911
2027,128,1616,-1,-1,-1,-1,-1,-1,0,127.115265,1.047552,128.162817
2028,128,624,-1,-1,-1,-1,-1,-1,0,72.907776,1.051648,73.959424
2029,128,1120,-1,-1,-1,-1,-1,-1,0,99.824638,1.047552,100.87219
2030,128,2607,-1,-1,-1,-1,-1,-1,0,196.38887,1.05472,197.44359
2031,128,1119,-1,-1,-1,-1,-1,-1,0,100.655106,1.051648,101.706754
2032,128,128,-1,-1,-1,-1,-1,23.957504,1,24.031233,1.068032,25.099265
2033,128,1615,-1,-1,-1,-1,-1,-1,0,126.055428,1.050624,127.106052
2034,128,1120,-1,-1,-1,-1,-1,-1,0,100.269058,1.043456,101.312514
2035,128,1120,-1,-1,-1,-1,-1,-1,0,99.428352,1.047552,100.475904
2036,128,128,-1,-1,-1,-1,-1,23.940096,1,24.011776,1.065984,25.07776
2037,128,624,-1,-1,-1,-1,-1,-1,0,71.036926,1.03936,72.076286
2038,128,623,-1,-1,-1,-1,-1,-1,0,71.418877,1.042432,72.461309
2039,128,1119,-1,-1,-1,-1,-1,-1,0,98.988029,1.046528,100.034557
2040,128,1120,-1,-1,-1,-1,-1,-1,0,99.421181,1.045504,100.466685
2041,128,2112,-1,-1,-1,-1,-1,-1,0,163.286011,1.0496,164.335611
2042,128,1120,-1,-1,-1,-1,-1,-1,0,100.541443,1.043456,101.584899
2043,128,624,-1,-1,-1,-1,-1,-1,0,71.975937,1.043456,73.019393
2044,128,1616,-1,-1,-1,-1,-1,-1,0,127.082497,1.048576,128.131073
2045,128,624,-1,-1,-1,-1,-1,-1,0,72.024063,1.060864,73.084927
2046,128,128,-1,-1,-1,-1,-1,23.799809,1,23.866367,1.069056,24.935423
2047,128,1120,-1,-1,-1,-1,-1,-1,0,97.951744,1.043456,98.9952
2048,128,128,-1,-1,-1,-1,-1,23.936001,1,24.009727,1.07008,25.079808
2049,128,128,-1,-1,-1,-1,-1,23.642113,1,23.713793,1.062912,24.776705
2050,128,1616,-1,-1,-1,-1,-1,-1,0,125.220863,1.048576,126.269439
2051,128,624,-1,-1,-1,-1,-1,-1,0,71.734268,1.042432,72.7767
2052,128,1119,-1,-1,-1,-1,-1,-1,0,98.746368,1.048576,99.794944
2053,128,1120,-1,-1,-1,-1,-1,-1,0,99.083267,1.048576,100.131843
2054,128,128,-1,-1,-1,-1,-1,23.959553,1,24.032255,1.07008,25.102335
2055,128,128,-1,-1,-1,-1,-1,23.70048,1,23.771135,1.06496,24.836095
2056,128,624,-1,-1,-1,-1,-1,-1,0,70.23616,1.036288,71.272448
2057,128,3104,-1,-1,-1,-1,-1,-1,0,221.992966,1.047552,223.040518
2058,128,624,-1,-1,-1,-1,-1,-1,0,72.001534,1.041408,73.042941
2059,128,128,-1,-1,-1,-1,-1,23.732224,1,23.804928,1.067008,24.871936
2060,128,128,-1,-1,-1,-1,-1,23.52128,1,23.596031,1.062912,24.658943
2061,128,128,-1,-1,-1,-1,-1,23.341057,1,23.410688,1.056768,24.467456
2062,128,1120,-1,-1,-1,-1,-1,-1,0,97.436668,1.053696,98.490364
2063,128,128,-1,-1,-1,-1,-1,23.862272,1,23.928831,1.063936,24.992767
2064,128,128,-1,-1,-1,-1,-1,23.660543,1,23.731199,1.065984,24.797183
2065,128,128,-1,-1,-1,-1,-1,23.471104,1,23.534592,1.05472,24.589312
2066,128,1120,-1,-1,-1,-1,-1,-1,0,97.584129,1.0496,98.633729
2067,128,128,-1,-1,-1,-1,-1,23.94112,1,24.014849,1.076224,25.091073
2068,128,128,-1,-1,-1,-1,-1,23.674879,1,23.740416,1.065984,24.8064
2069,128,1119,-1,-1,-1,-1,-1,-1,0,97.731583,1.041408,98.772991
2070,128,624,-1,-1,-1,-1,-1,-1,0,71.569405,1.045504,72.614909
2071,128,1120,-1,-1,-1,-1,-1,-1,0,98.916351,1.04448,99.960831
2072,128,128,-1,-1,-1,-1,-1,23.914495,1,23.986176,1.06496,25.051136
2073,128,624,-1,-1,-1,-1,-1,-1,0,70.829056,1.038336,71.867392
2074,128,624,-1,-1,-1,-1,-1,-1,0,70.926338,1.04448,71.970818
2075,128,128,-1,-1,-1,-1,-1,23.708672,1,23.779327,1.061888,24.841215
2076,128,624,-1,-1,-1,-1,-1,-1,0,70.573059,1.037312,71.610371
2077,128,128,-1,-1,-1,-1,-1,23.917568,1,23.980032,1.06496,25.044992
2078,128,128,-1,-1,-1,-1,-1,23.652351,1,23.723007,1.065984,24.788991
2079,128,128,-1,-1,-1,-1,-1,23.498753,1,23.571457,1.058816,24.630273
2080,128,128,-1,-1,-1,-1,-1,23.389185,1,23.457792,1.05472,24.512512
2081,128,1119,-1,-1,-1,-1,-1,-1,0,97.759232,1.056768,98.816
2082,128,623,-1,-1,-1,-1,-1,-1,0,71.918594,1.04448,72.963074
2083,128,624,-1,-1,-1,-1,-1,-1,0,71.543808,1.051648,72.595456
2084,128,128,-1,-1,-1,-1,-1,23.858175,1,23.927809,1.076224,25.004033
2085,128,128,-1,-1,-1,-1,-1,23.66976,1,23.739391,1.065984,24.805375
2086,128,624,-1,-1,-1,-1,-1,-1,0,70.461441,1.038336,71.499777
2087,128,624,-1,-1,-1,-1,-1,-1,0,71.260162,1.043456,72.303618
2088,128,128,-1,-1,-1,-1,-1,23.79776,1,23.86944,1.062912,24.932352
2089,128,128,-1,-1,-1,-1,-1,23.622656,1,23.694336,1.068032,24.762368
2090,128,624,-1,-1,-1,-1,-1,-1,0,70.716415,1.03936,71.755775
2091,128,624,-1,-1,-1,-1,-1,-1,0,71.429123,1.03936,72.468483
2092,128,128,-1,-1,-1,-1,-1,23.839745,1,23.912449,1.068032,24.980481
2093,128,128,-1,-1,-1,-1,-1,23.640064,1,23.709696,1.069056,24.778752
2094,128,128,-1,-1,-1,-1,-1,23.568384,1,23.638016,1.056768,24.694784
2095,128,624,-1,-1,-1,-1,-1,-1,0,70.591492,1.036288,71.62778
2096,128,624,-1,-1,-1,-1,-1,-1,0,71.507965,1.041408,72.549373
2097,128,623,-1,-1,-1,-1,-1,-1,0,72.198143,1.045504,73.243647
2098,128,128,-1,-1,-1,-1,-1,23.852032,1,23.922688,1.06496,24.987648
2099,128,1119,-1,-1,-1,-1,-1,-1,0,98.615295,1.046528,99.661823
2100,128,128,-1,-1,-1,-1,-1,23.962624,1,24.035328,1.067008,25.102336
2101,128,624,-1,-1,-1,-1,-1,-1,0,71.357437,1.041408,72.398845
2102,128,624,-1,-1,-1,-1,-1,-1,0,72.073219,1.048576,73.121795
2103,128,128,-1,-1,-1,-1,-1,23.920641,1,23.993343,1.069056,25.062399
2104,128,128,-1,-1,-1,-1,-1,23.712769,1,23.775232,1.057792,24.833024
2105,128,1120,-1,-1,-1,-1,-1,-1,0,98.189316,1.048576,99.237892
2106,128,128,-1,-1,-1,-1,-1,24.032255,1,24.105984,1.069056,25.17504
2107,128,128,-1,-1,-1,-1,-1,23.811071,1,23.882751,1.061888,24.944639
2108,128,128,-1,-1,-1,-1,-1,23.580671,1,23.642113,1.05984,24.701953
2109,128,624,-1,-1,-1,-1,-1,-1,0,70.861824,1.03936,71.901184
2110,128,624,-1,-1,-1,-1,-1,-1,0,72.031235,1.043456,73.074691
2111,128,128,-1,-1,-1,-1,-1,24.019968,1,24.091648,1.063936,25.155584
2112,128,128,-1,-1,-1,-1,-1,23.831553,1,23.895041,1.057792,24.952832
2113,128,128,-1,-1,-1,-1,-1,23.617537,1,23.686144,1.057792,24.743936
2114,128,128,-1,-1,-1,-1,-1,23.504896,1,23.573503,1.063936,24.637439
2115,128,128,-1,-1,-1,-1,-1,23.552,1,23.620607,1.055744,24.676351
2116,128,1616,-1,-1,-1,-1,-1,-1,0,126.048256,1.048576,127.096832
2117,128,128,-1,-1,-1,-1,-1,24.220673,1,24.296448,1.072128,25.368576
2118,128,2608,-1,-1,-1,-1,-1,-1,0,194.464767,1.045504,195.510271
2119,128,128,-1,-1,-1,-1,-1,24.003584,1,24.075264,1.067008,25.142272
2120,128,623,-1,-1,-1,-1,-1,-1,0,71.548927,1.040384,72.589311
2121,128,128,-1,-1,-1,-1,-1,23.932928,1,24.006657,1.06496,25.071617
2122,128,128,-1,-1,-1,-1,-1,23.799809,1,23.871489,1.058816,24.930305
2123,128,128,-1,-1,-1,-1,-1,23.611391,1,23.682049,1.067008,24.749057
2124,128,128,-1,-1,-1,-1,-1,23.532543,1,23.600128,1.057792,24.65792
2125,128,128,-1,-1,-1,-1,-1,23.53664,1,23.59808,1.056768,24.654848
2126,128,1615,-1,-1,-1,-1,-1,-1,0,126.650368,1.048576,127.698944
2127,128,624,-1,-1,-1,-1,-1,-1,0,73.015297,1.043456,74.058753
2128,128,1119,-1,-1,-1,-1,-1,-1,0,100.615166,1.057792,101.672958
2129,128,1616,-1,-1,-1,-1,-1,-1,0,127.891457,1.0496,128.941057
2130,128,128,-1,-1,-1,-1,-1,24.138752,1,24.213505,1.069056,25.282561
2131,128,624,-1,-1,-1,-1,-1,-1,0,71.925758,1.038336,72.964094
2132,128,128,-1,-1,-1,-1,-1,23.936001,1,24.006657,1.06496,25.071617
2133,128,128,-1,-1,-1,-1,-1,23.735296,1,23.796736,1.056768,24.853504
2134,128,624,-1,-1,-1,-1,-1,-1,0,71.133186,1.042432,72.175618
2135,128,624,-1,-1,-1,-1,-1,-1,0,72.212479,1.042432,73.254911
2136,128,1119,-1,-1,-1,-1,-1,-1,0,100.043777,1.051648,101.095425
2137,128,624,-1,-1,-1,-1,-1,-1,0,73.588737,1.038336,74.627074
2138,128,128,-1,-1,-1,-1,-1,23.944193,1,24.011776,1.067008,25.078784
2139,128,128,-1,-1,-1,-1,-1,23.784449,1,23.845888,1.058816,24.904704
2140,128,1119,-1,-1,-1,-1,-1,-1,0,99.041283,1.047552,100.088835
2141,128,128,-1,-1,-1,-1,-1,24.165377,1,24.237057,1.065984,25.303041
2142,128,1120,-1,-1,-1,-1,-1,-1,0,99.13446,1.050624,100.185084
2143,128,1615,-1,-1,-1,-1,-1,-1,0,127.774719,1.047552,128.822271
2144,128,608,-1,-1,-1,-1,-1,-1,0,73.078781,1.04448,74.123261
2145,128,1616,-1,-1,-1,-1,-1,-1,0,128.806915,1.0496,129.856515
2146,128,128,-1,-1,-1,-1,-1,24.190975,1,24.262655,1.081344,25.343999
2147,128,128,-1,-1,-1,-1,-1,23.920641,1,23.992319,1.065984,25.058303
2148,128,624,-1,-1,-1,-1,-1,-1,0,71.441406,1.041408,72.482814
2149,128,1616,-1,-1,-1,-1,-1,-1,0,127.901695,1.05472,128.956415
2150,128,128,-1,-1,-1,-1,-1,24.295424,1,24.370176,1.06496,25.435136
2151,128,1118,-1,-1,-1,-1,-1,-1,0,99.284988,1.04448,100.329468
2152,128,1120,-1,-1,-1,-1,-1,-1,0,100.037636,1.047552,101.085188
2153,128,1120,-1,-1,-1,-1,-1,-1,0,99.94957,1.051648,101.001218
2154,128,128,-1,-1,-1,-1,-1,24.038401,1,24.109056,1.07008,25.179137
2155,128,624,-1,-1,-1,-1,-1,-1,0,71.58477,1.045504,72.630274
2156,128,1120,-1,-1,-1,-1,-1,-1,0,99.438591,1.045504,100.484095
2157,128,1120,-1,-1,-1,-1,-1,-1,0,99.94342,1.0496,100.99302
2158,128,1120,-1,-1,-1,-1,-1,-1,0,100.98381,1.043456,102.027266
2159,128,1120,-1,-1,-1,-1,-1,-1,0,100.486145,1.046528,101.532673
2160,128,2607,-1,-1,-1,-1,-1,-1,0,195.737595,1.052672,196.790267
2161,128,128,-1,-1,-1,-1,-1,24.014849,1,24.0896,1.083392,25.172992
2162,128,1616,-1,-1,-1,-1,-1,-1,0,126.887939,1.0496,127.937539
2163,128,128,-1,-1,-1,-1,-1,24.063999,1,24.136703,1.07008,25.206784
2164,128,2112,-1,-1,-1,-1,-1,-1,0,161.216507,1.043456,162.259963
2165,128,1120,-1,-1,-1,-1,-1,-1,0,99.373055,1.043456,100.41651
2166,128,624,-1,-1,-1,-1,-1,-1,0,71.884804,1.037312,72.922116
2167,128,1120,-1,-1,-1,-1,-1,-1,0,99.063805,1.048576,100.112381
2168,128,1120,-1,-1,-1,-1,-1,-1,0,99.132416,1.046528,100.178944
2169,128,623,-1,-1,-1,-1,-1,-1,0,72.041473,1.05984,73.101313
2170,128,128,-1,-1,-1,-1,-1,23.814144,1,23.882751,1.065984,24.948735
2171,128,623,-1,-1,-1,-1,-1,-1,0,70.770691,1.046528,71.817219
2172,128,624,-1,-1,-1,-1,-1,-1,0,71.565315,1.038336,72.603651
2173,128,624,-1,-1,-1,-1,-1,-1,0,71.422974,1.043456,72.46643
2174,128,624,-1,-1,-1,-1,-1,-1,0,71.791618,1.048576,72.840194
2175,128,624,-1,-1,-1,-1,-1,-1,0,71.747581,1.042432,72.790013
2176,128,128,-1,-1,-1,-1,-1,23.844864,1,23.916544,1.060864,24.977408
2177,128,624,-1,-1,-1,-1,-1,-1,0,70.778877,1.042432,71.821309
2178,128,1615,-1,-1,-1,-1,-1,-1,0,127.395844,1.05472,128.450564
2179,128,624,-1,-1,-1,-1,-1,-1,0,72.52787,1.04448,73.57235
2180,128,624,-1,-1,-1,-1,-1,-1,0,71.198723,1.04448,72.243203
2181,128,128,-1,-1,-1,-1,-1,23.717888,1,23.788544,1.05984,24.848384
2182,128,624,-1,-1,-1,-1,-1,-1,0,70.557693,1.040384,71.598078
2183,128,624,-1,-1,-1,-1,-1,-1,0,71.392258,1.045504,72.437762
2184,128,623,-1,-1,-1,-1,-1,-1,0,71.638016,1.041408,72.679424
2185,128,624,-1,-1,-1,-1,-1,-1,0,71.159805,1.03936,72.199165
2186,128,624,-1,-1,-1,-1,-1,-1,0,71.076866,1.0496,72.126466
2187,128,128,-1,-1,-1,-1,-1,23.757824,1,23.820288,1.074176,24.894464
2188,128,1616,-1,-1,-1,-1,-1,-1,0,127.076355,1.062912,128.139267
2189,128,624,-1,-1,-1,-1,-1,-1,0,72.662018,1.05472,73.716738
2190,128,624,-1,-1,-1,-1,-1,-1,0,71.555069,1.041408,72.596477
2191,128,624,-1,-1,-1,-1,-1,-1,0,71.37075,1.037312,72.408062
2192,128,624,-1,-1,-1,-1,-1,-1,0,71.247871,1.03936,72.287231
2193,128,128,-1,-1,-1,-1,-1,23.735296,1,23.806976,1.061888,24.868864
2194,128,624,-1,-1,-1,-1,-1,-1,0,70.678528,1.043456,71.721984
2195,128,128,-1,-1,-1,-1,-1,23.729153,1,23.799809,1.068032,24.867841
2196,128,624,-1,-1,-1,-1,-1,-1,0,70.772736,1.041408,71.814144
2197,128,128,-1,-1,-1,-1,-1,23.835648,1,23.906303,1.062912,24.969215
2198,128,1616,-1,-1,-1,-1,-1,-1,0,126.708733,1.061888,127.770621
2199,128,624,-1,-1,-1,-1,-1,-1,0,72.019966,1.040384,73.06035
2200,128,128,-1,-1,-1,-1,-1,23.818239,1,23.881727,1.062912,24.944639
2201,128,128,-1,-1,-1,-1,-1,23.609344,1,23.68,1.057792,24.737792
2202,128,128,-1,-1,-1,-1,-1,23.488512,1,23.557119,1.06496,24.622079
2203,128,1615,-1,-1,-1,-1,-1,-1,0,126.247932,1.048576,127.296508
2204,128,624,-1,-1,-1,-1,-1,-1,0,72.27494,1.04448,73.31942
2205,128,1616,-1,-1,-1,-1,-1,-1,0,126.880768,1.0496,127.930368
2206,128,128,-1,-1,-1,-1,-1,24.066048,1,24.138752,1.06496,25.203712
2207,128,624,-1,-1,-1,-1,-1,-1,0,71.010307,1.038336,72.048643
2208,128,128,-1,-1,-1,-1,-1,23.76704,1,23.837696,1.069056,24.906752
2209,128,623,-1,-1,-1,-1,-1,-1,0,70.752258,1.04448,71.796738
2210,128,128,-1,-1,-1,-1,-1,23.731199,1,23.792641,1.06496,24.857601
2211,128,1120,-1,-1,-1,-1,-1,-1,0,98.17395,1.047552,99.221502
2212,128,128,-1,-1,-1,-1,-1,23.886848,1,23.959553,1.063936,25.023489
2213,128,623,-1,-1,-1,-1,-1,-1,0,70.818817,1.038336,71.857153
2214,128,623,-1,-1,-1,-1,-1,-1,0,71.193604,1.042432,72.236035
2215,128,128,-1,-1,-1,-1,-1,23.748608,1,23.818239,1.06496,24.883199
2216,128,128,-1,-1,-1,-1,-1,23.595009,1,23.66464,1.055744,24.720384
2217,128,128,-1,-1,-1,-1,-1,23.497728,1,23.568384,1.060864,24.629248
2218,128,128,-1,-1,-1,-1,-1,23.421951,1,23.490561,1.062912,24.553473
2219,128,128,-1,-1,-1,-1,-1,23.401472,1,23.470079,1.062912,24.532991
2220,128,128,-1,-1,-1,-1,-1,23.459841,1,23.528448,1.057792,24.58624
2221,128,624,-1,-1,-1,-1,-1,-1,0,70.523903,1.042432,71.566335
2222,128,624,-1,-1,-1,-1,-1,-1,0,71.51104,1.042432,72.553472
2223,128,128,-1,-1,-1,-1,-1,23.792641,1,23.855104,1.05984,24.914944
2224,128,624,-1,-1,-1,-1,-1,-1,0,70.96627,1.04448,72.01075
2225,128,128,-1,-1,-1,-1,-1,23.825409,1,23.895041,1.071104,24.966145
2226,128,1616,-1,-1,-1,-1,-1,-1,0,126.874626,1.05472,127.929346
2227,128,128,-1,-1,-1,-1,-1,24.201216,1,24.27392,1.05984,25.33376
2228,128,624,-1,-1,-1,-1,-1,-1,0,71.491585,1.046528,72.538113
2229,128,128,-1,-1,-1,-1,-1,23.852032,1,23.922688,1.07008,24.992768
2230,128,128,-1,-1,-1,-1,-1,23.682049,1,23.75168,1.061888,24.813568
2231,128,128,-1,-1,-1,-1,-1,23.524351,1,23.593985,1.061888,24.655873
2232,128,128,-1,-1,-1,-1,-1,23.483393,1,23.542784,1.058816,24.6016
2233,128,128,-1,-1,-1,-1,-1,23.465984,1,23.535616,1.05984,24.595456
2234,128,1120,-1,-1,-1,-1,-1,-1,0,98.589699,1.047552,99.637251
2235,128,624,-1,-1,-1,-1,-1,-1,0,72.807426,1.040384,73.847811
2236,128,128,-1,-1,-1,-1,-1,23.876608,1,23.948288,1.06496,25.013248
2237,128,128,-1,-1,-1,-1,-1,23.666689,1,23.738367,1.062912,24.801279
2238,128,624,-1,-1,-1,-1,-1,-1,0,70.973442,1.03936,72.012802
2239,128,624,-1,-1,-1,-1,-1,-1,0,71.995392,1.043456,73.038848
2240,128,624,-1,-1,-1,-1,-1,-1,0,71.952385,1.040384,72.992769
2241,128,624,-1,-1,-1,-1,-1,-1,0,72.031235,1.040384,73.071619
2242,128,128,-1,-1,-1,-1,-1,23.86944,1,23.94112,1.061888,25.003008
2243,128,1119,-1,-1,-1,-1,-1,-1,0,99.069954,1.048576,100.11853
2244,128,623,-1,-1,-1,-1,-1,-1,0,72.664062,1.040384,73.704447
2245,128,624,-1,-1,-1,-1,-1,-1,0,72.264702,1.042432,73.307134
2246,128,624,-1,-1,-1,-1,-1,-1,0,72.239105,1.042432,73.281537
2247,128,1120,-1,-1,-1,-1,-1,-1,0,100.14003,1.047552,101.187582
2248,128,128,-1,-1,-1,-1,-1,24.013824,1,24.083456,1.060864,25.14432
2249,128,128,-1,-1,-1,-1,-1,23.816193,1,23.885824,1.062912,24.948736
2250,128,624,-1,-1,-1,-1,-1,-1,0,71.166977,1.03936,72.206337
2251,128,624,-1,-1,-1,-1,-1,-1,0,72.064003,1.046528,73.110531
2252,128,624,-1,-1,-1,-1,-1,-1,0,72.097794,1.043456,73.14125
2253,128,608,-1,-1,-1,-1,-1,-1,0,71.928833,1.04448,72.973313
2254,128,624,-1,-1,-1,-1,-1,-1,0,72.064003,1.04448,73.108483
2255,128,624,-1,-1,-1,-1,-1,-1,0,72.255486,1.041408,73.296893
2256,128,1120,-1,-1,-1,-1,-1,-1,0,99.885056,1.046528,100.931584
2257,128,1120,-1,-1,-1,-1,-1,-1,0,100.486145,1.051648,101.537793
2258,128,128,-1,-1,-1,-1,-1,24.129536,1,24.20224,1.076224,25.278464
2259,128,128,-1,-1,-1,-1,-1,23.894016,1,23.963648,1.06496,25.028608
2260,128,608,-1,-1,-1,-1,-1,-1,0,71.029762,1.037312,72.067074
2261,128,624,-1,-1,-1,-1,-1,-1,0,72.086525,1.038336,73.124861
2262,128,623,-1,-1,-1,-1,-1,-1,0,72.493057,1.042432,73.535489
2263,128,128,-1,-1,-1,-1,-1,24.110081,1,24.182783,1.060864,25.243647
2264,128,128,-1,-1,-1,-1,-1,23.862272,1,23.932928,1.05984,24.992768
2265,128,624,-1,-1,-1,-1,-1,-1,0,71.596031,1.03936,72.635391
2266,128,624,-1,-1,-1,-1,-1,-1,0,72.121346,1.045504,73.166849
2267,128,624,-1,-1,-1,-1,-1,-1,0,72.225792,1.033216,73.259008
2268,128,624,-1,-1,-1,-1,-1,-1,0,72.195068,1.042432,73.2375
2269,128,1119,-1,-1,-1,-1,-1,-1,0,99.794945,1.03936,100.834305
2270,128,1120,-1,-1,-1,-1,-1,-1,0,100.238335,1.04448,101.282815
2271,128,624,-1,-1,-1,-1,-1,-1,0,72.704002,1.037312,73.741314
2272,128,1120,-1,-1,-1,-1,-1,-1,0,100.459518,1.052672,101.51219
2273,128,1616,-1,-1,-1,-1,-1,-1,0,127.857666,1.045504,128.90317
2274,128,1120,-1,-1,-1,-1,-1,-1,0,101.6064,1.051648,102.658048
2275,128,1615,-1,-1,-1,-1,-1,-1,0,128.877563,1.052672,129.930236
2276,128,623,-1,-1,-1,-1,-1,-1,0,72.697853,1.037312,73.735165
2277,128,2112,-1,-1,-1,-1,-1,-1,0,161.822723,1.045504,162.868227
2278,128,128,-1,-1,-1,-1,-1,23.972864,1,24.042496,1.060864,25.10336
2279,128,624,-1,-1,-1,-1,-1,-1,0,71.525375,1.038336,72.563711
2280,128,1119,-1,-1,-1,-1,-1,-1,0,99.238914,1.04448,100.283394
2281,128,1615,-1,-1,-1,-1,-1,-1,0,127.688705,1.050624,128.739329
2282,128,128,-1,-1,-1,-1,-1,24.135679,1,24.20224,1.065984,25.268224
2283,128,128,-1,-1,-1,-1,-1,23.840769,1,23.9104,1.060864,24.971264
2284,128,1120,-1,-1,-1,-1,-1,-1,0,98.377731,1.043456,99.421187
2285,128,128,-1,-1,-1,-1,-1,24.033279,1,24.104959,1.068032,25.172992
2286,128,128,-1,-1,-1,-1,-1,23.730177,1,23.800833,1.068032,24.868865
2287,128,624,-1,-1,-1,-1,-1,-1,0,70.734848,1.046528,71.781376
2288,128,1616,-1,-1,-1,-1,-1,-1,0,127.607811,1.0496,128.657411
2289,128,128,-1,-1,-1,-1,-1,24.185856,1,24.24832,1.065984,25.314304
2290,128,2112,-1,-1,-1,-1,-1,-1,0,161.529861,1.041408,162.571269
2291,128,624,-1,-1,-1,-1,-1,-1,0,72.124413,1.043456,73.167868
2292,128,1120,-1,-1,-1,-1,-1,-1,0,99.067902,1.045504,100.113406
2293,128,1120,-1,-1,-1,-1,-1,-1,0,99.467262,1.045504,100.512766
2294,128,624,-1,-1,-1,-1,-1,-1,0,72.347649,1.04448,73.392129
2295,128,624,-1,-1,-1,-1,-1,-1,0,71.852036,1.040384,72.89242
2296,128,1616,-1,-1,-1,-1,-1,-1,0,128.040955,1.048576,129.089531
2297,128,624,-1,-1,-1,-1,-1,-1,0,72.674301,1.045504,73.719805
2298,128,624,-1,-1,-1,-1,-1,-1,0,71.647232,1.051648,72.69888
2299,128,1120,-1,-1,-1,-1,-1,-1,0,98.767876,1.0496,99.817476
2300,128,624,-1,-1,-1,-1,-1,-1,0,71.755775,1.050624,72.806399
2301,128,624,-1,-1,-1,-1,-1,-1,0,71.289856,1.05472,72.344576
2302,128,2112,-1,-1,-1,-1,-1,-1,0,161.884155,1.063936,162.948091
2303,128,1616,-1,-1,-1,-1,-1,-1,0,127.182846,1.062912,128.245758
2304,128,128,-1,-1,-1,-1,-1,24.009727,1,24.085505,1.082368,25.167873
2305,128,624,-1,-1,-1,-1,-1,-1,0,70.744064,1.052672,71.796736
2306,128,1120,-1,-1,-1,-1,-1,-1,0,98.911232,1.063936,99.975168
2307,128,128,-1,-1,-1,-1,-1,23.879681,1,23.953407,1.083392,25.036799
2308,128,128,-1,-1,-1,-1,-1,23.658497,1,23.731199,1.08032,24.811519
2309,128,1120,-1,-1,-1,-1,-1,-1,0,98.454529,1.060864,99.515393
2310,128,624,-1,-1,-1,-1,-1,-1,0,71.963646,1.05472,73.018366
2311,128,128,-1,-1,-1,-1,-1,23.7824,1,23.856129,1.082368,24.938497
2312,128,608,-1,-1,-1,-1,-1,-1,0,70.316032,1.046528,71.36256
2313,128,128,-1,-1,-1,-1,-1,23.764992,1,23.835648,1.0752,24.910848
2314,128,624,-1,-1,-1,-1,-1,-1,0,70.578178,1.05472,71.632898
2315,128,128,-1,-1,-1,-1,-1,23.783424,1,23.857153,1.06496,24.922113
2316,128,1120,-1,-1,-1,-1,-1,-1,0,98.246658,1.053696,99.300354
2317,128,128,-1,-1,-1,-1,-1,23.919617,1,23.992319,1.077248,25.069567
2318,128,128,-1,-1,-1,-1,-1,23.648256,1,23.719936,1.072128,24.792064
2319,128,128,-1,-1,-1,-1,-1,23.462912,1,23.533567,1.065984,24.599551
2320,128,624,-1,-1,-1,-1,-1,-1,0,70.227966,1.045504,71.27347
2321,128,128,-1,-1,-1,-1,-1,23.763968,1,23.833599,1.083392,24.916991
2322,128,1615,-1,-1,-1,-1,-1,-1,0,126.07283,1.058816,127.131646
2323,128,128,-1,-1,-1,-1,-1,24.09984,1,24.167423,1.07008,25.237503
2324,128,2606,-1,-1,-1,-1,-1,-1,0,194.095108,1.060864,195.155972
2325,128,128,-1,-1,-1,-1,-1,23.914495,1,23.988224,1.074176,25.0624
2326,128,128,-1,-1,-1,-1,-1,23.709696,1,23.779327,1.078272,24.857599
2327,128,128,-1,-1,-1,-1,-1,23.525375,1,23.597055,1.074176,24.671231
2328,128,128,-1,-1,-1,-1,-1,23.441408,1,23.51104,1.063936,24.574976
2329,128,624,-1,-1,-1,-1,-1,-1,0,70.121475,1.050624,71.172099
2330,128,624,-1,-1,-1,-1,-1,-1,0,71.198723,1.051648,72.250371
2331,128,128,-1,-1,-1,-1,-1,23.745537,1,23.816193,1.068032,24.884225
2332,128,624,-1,-1,-1,-1,-1,-1,0,70.599678,1.042432,71.64211
2333,128,128,-1,-1,-1,-1,-1,23.768064,1,23.831553,1.074176,24.905728
2334,128,1120,-1,-1,-1,-1,-1,-1,0,99.355644,1.060864,100.416508
2335,128,128,-1,-1,-1,-1,-1,24.078337,1,24.153088,1.089536,25.242624
2336,128,624,-1,-1,-1,-1,-1,-1,0,71.012352,1.053696,72.066048
2337,128,1119,-1,-1,-1,-1,-1,-1,0,99.00544,1.063936,100.069376
2338,128,128,-1,-1,-1,-1,-1,23.960575,1,24.035328,1.076224,25.111552
2339,128,1120,-1,-1,-1,-1,-1,-1,0,98.823166,1.05472,99.877886
2340,128,128,-1,-1,-1,-1,-1,23.952385,1,24.026112,1.086464,25.112576
2341,128,1120,-1,-1,-1,-1,-1,-1,0,98.49958,1.055744,99.555324
2342,128,128,-1,-1,-1,-1,-1,23.920641,1,23.994368,1.074176,25.068544
2343,128,128,-1,-1,-1,-1,-1,23.665665,1,23.727104,1.073152,24.800256
2344,128,624,-1,-1,-1,-1,-1,-1,0,70.356995,1.040384,71.397379
2345,128,624,-1,-1,-1,-1,-1,-1,0,71.411713,1.05472,72.466433
2346,128,624,-1,-1,-1,-1,-1,-1,0,71.440384,1.052672,72.493056
2347,128,128,-1,-1,-1,-1,-1,23.834623,1,23.899136,1.065984,24.96512
2348,128,128,-1,-1,-1,-1,-1,23.681025,1,23.752705,1.073152,24.825857
2349,128,624,-1,-1,-1,-1,-1,-1,0,70.608894,1.042432,71.651326
2350,128,128,-1,-1,-1,-1,-1,23.806976,1,23.879681,1.061888,24.941569
2351,128,128,-1,-1,-1,-1,-1,23.656448,1,23.728128,1.061888,24.790016
2352,128,128,-1,-1,-1,-1,-1,23.512064,1,23.58272,1.055744,24.638464
2353,128,128,-1,-1,-1,-1,-1,23.437311,1,23.506945,1.071104,24.578049
2354,128,1119,-1,-1,-1,-1,-1,-1,0,98.296829,1.050624,99.347453
2355,128,128,-1,-1,-1,-1,-1,23.984129,1,24.059904,1.08032,25.140224
2356,128,1119,-1,-1,-1,-1,-1,-1,0,98.81395,1.056768,99.870718
2357,128,624,-1,-1,-1,-1,-1,-1,0,72.344574,1.05472,73.399294
2358,128,128,-1,-1,-1,-1,-1,23.874559,1,23.948288,1.079296,25.027584
2359,128,1616,-1,-1,-1,-1,-1,-1,0,127.100929,1.069056,128.169985
2360,128,128,-1,-1,-1,-1,-1,24.303616,1,24.378368,1.061888,25.440256
2361,128,128,-1,-1,-1,-1,-1,23.914495,1,23.986176,1.060864,25.04704
2362,128,128,-1,-1,-1,-1,-1,23.643135,1,23.713793,1.053696,24.767489
2363,128,128,-1,-1,-1,-1,-1,23.507969,1,23.579647,1.057792,24.637439
2364,128,128,-1,-1,-1,-1,-1,23.484415,1,23.555073,1.055744,24.610817
2365,128,128,-1,-1,-1,-1,-1,23.479296,1,23.541759,1.06496,24.606719
2366,128,1120,-1,-1,-1,-1,-1,-1,0,98.4105,1.047552,99.458052
2367,128,128,-1,-1,-1,-1,-1,24.04352,1,24.109056,1.069056,25.178113
2368,128,623,-1,-1,-1,-1,-1,-1,0,71.723007,1.047552,72.770559
2369,128,624,-1,-1,-1,-1,-1,-1,0,71.970818,1.042432,73.01325
2370,128,1616,-1,-1,-1,-1,-1,-1,0,126.875648,1.052672,127.928321
2371,128,128,-1,-1,-1,-1,-1,24.147968,1,24.222719,1.068032,25.290751
2372,128,128,-1,-1,-1,-1,-1,23.879681,1,23.943169,1.069056,25.012225
2373,128,624,-1,-1,-1,-1,-1,-1,0,71.325699,1.037312,72.363011
2374,128,624,-1,-1,-1,-1,-1,-1,0,72.027138,1.035264,73.062402
2375,128,1120,-1,-1,-1,-1,-1,-1,0,99.572739,1.03936,100.612099
2376,128,624,-1,-1,-1,-1,-1,-1,0,72.651779,1.046528,73.698307
2377,128,624,-1,-1,-1,-1,-1,-1,0,72.957954,1.047552,74.005506
2378,128,128,-1,-1,-1,-1,-1,24.067072,1,24.139776,1.071104,25.21088
2379,128,1616,-1,-1,-1,-1,-1,-1,0,127.045631,1.050624,128.096255
2380,128,1120,-1,-1,-1,-1,-1,-1,0,101.190659,1.051648,102.242307
2381,128,128,-1,-1,-1,-1,-1,24.076288,1,24.146944,1.074176,25.22112
2382,128,1120,-1,-1,-1,-1,-1,-1,0,98.971649,1.043456,100.015105
2383,128,624,-1,-1,-1,-1,-1,-1,0,72.640511,1.042432,73.682943
2384,128,128,-1,-1,-1,-1,-1,23.934977,1,24.007681,1.062912,25.070593
2385,128,128,-1,-1,-1,-1,-1,23.748608,1,23.819263,1.068032,24.887295
2386,128,624,-1,-1,-1,-1,-1,-1,0,71.277565,1.03936,72.316925
2387,128,128,-1,-1,-1,-1,-1,23.8848,1,23.960575,1.068032,25.028607
2388,128,1120,-1,-1,-1,-1,-1,-1,0,98.847748,1.05472,99.902468
2389,128,128,-1,-1,-1,-1,-1,23.99744,1,24.06912,1.072128,25.141248
2390,128,1120,-1,-1,-1,-1,-1,-1,0,99.142654,1.053696,100.19635
2391,128,624,-1,-1,-1,-1,-1,-1,0,72.660995,1.04448,73.705475
2392,128,1120,-1,-1,-1,-1,-1,-1,0,99.62394,1.045504,100.669443
2393,128,623,-1,-1,-1,-1,-1,-1,0,72.646652,1.04448,73.691132
2394,128,1120,-1,-1,-1,-1,-1,-1,0,99.826691,1.047552,100.874243
2395,128,2112,-1,-1,-1,-1,-1,-1,0,163.170303,1.0496,164.219903
2396,128,128,-1,-1,-1,-1,-1,23.983105,1,24.055807,1.078272,25.134079
2397,128,1120,-1,-1,-1,-1,-1,-1,0,99.217407,1.050624,100.268031
2398,128,128,-1,-1,-1,-1,-1,24.001535,1,24.07424,1.069056,25.143296
2399,128,1120,-1,-1,-1,-1,-1,-1,0,98.980865,1.047552,100.028417
2400,128,128,-1,-1,-1,-1,-1,24.061953,1,24.132608,1.069056,25.201664
2401,128,1120,-1,-1,-1,-1,-1,-1,0,99.099648,1.045504,100.145151
2402,128,1120,-1,-1,-1,-1,-1,-1,0,99.812355,1.042432,100.854787
2403,128,623,-1,-1,-1,-1,-1,-1,0,72.284157,1.040384,73.324541
2404,128,1120,-1,-1,-1,-1,-1,-1,0,99.40992,1.047552,100.457472
2405,128,128,-1,-1,-1,-1,-1,23.972864,1,24.047615,1.06496,25.112575
2406,128,624,-1,-1,-1,-1,-1,-1,0,71.272446,1.040384,72.31283
2407,128,2111,-1,-1,-1,-1,-1,-1,0,162.167801,1.047552,163.215353
2408,128,128,-1,-1,-1,-1,-1,24.102913,1,24.178688,1.08032,25.259008
2409,128,624,-1,-1,-1,-1,-1,-1,0,71.418877,1.04448,72.463357
2410,128,624,-1,-1,-1,-1,-1,-1,0,71.945213,1.04448,72.989693
2411,128,1120,-1,-1,-1,-1,-1,-1,0,99.772415,1.041408,100.813823
2412,128,624,-1,-1,-1,-1,-1,-1,0,72.489983,1.041408,73.531391
2413,128,624,-1,-1,-1,-1,-1,-1,0,71.839745,1.042432,72.882177
2414,128,128,-1,-1,-1,-1,-1,23.829504,1,23.902208,1.061888,24.964096
2415,128,624,-1,-1,-1,-1,-1,-1,0,70.985725,1.042432,72.028157
2416,128,128,-1,-1,-1,-1,-1,23.842815,1,23.914495,1.065984,24.980479
2417,128,1615,-1,-1,-1,-1,-1,-1,0,127.049728,1.052672,128.1024
2418,128,624,-1,-1,-1,-1,-1,-1,0,72.963074,1.03936,74.002434
2419,128,624,-1,-1,-1,-1,-1,-1,0,71.911423,1.04448,72.955903
2420,128,1616,-1,-1,-1,-1,-1,-1,0,126.993408,1.051648,128.045056
2421,128,624,-1,-1,-1,-1,-1,-1,0,72.717316,1.04448,73.761796
2422,128,624,-1,-1,-1,-1,-1,-1,0,71.900162,1.043456,72.943618
2423,128,1616,-1,-1,-1,-1,-1,-1,0,127.079422,1.046528,128.12595
2424,128,2606,-1,-1,-1,-1,-1,-1,0,196.52916,1.038336,197.567496
2425,128,1119,-1,-1,-1,-1,-1,-1,0,99.247101,1.048576,100.295677
2426,128,128,-1,-1,-1,-1,-1,23.881727,1,23.953407,1.065984,25.019391
2427,128,128,-1,-1,-1,-1,-1,23.68,1,23.75168,1.0752,24.82688
2428,128,1119,-1,-1,-1,-1,-1,-1,0,97.876991,1.042432,98.919423
2429,128,624,-1,-1,-1,-1,-1,-1,0,71.731201,1.04448,72.775681
2430,128,128,-1,-1,-1,-1,-1,23.784449,1,23.856129,1.062912,24.919041
2431,128,1616,-1,-1,-1,-1,-1,-1,0,125.641731,1.046528,126.688259
2432,128,128,-1,-1,-1,-1,-1,24.026112,1,24.09984,1.068032,25.167872
2433,128,128,-1,-1,-1,-1,-1,23.723007,1,23.793665,1.063936,24.857601
2434,128,624,-1,-1,-1,-1,-1,-1,0,70.565887,1.042432,71.608319
2435,128,624,-1,-1,-1,-1,-1,-1,0,71.172096,1.038336,72.210432
2436,128,624,-1,-1,-1,-1,-1,-1,0,71.164925,1.040384,72.205309
2437,128,623,-1,-1,-1,-1,-1,-1,0,71.133186,1.03936,72.172546
2438,128,624,-1,-1,-1,-1,-1,-1,0,71.156738,1.046528,72.203266
2439,128,128,-1,-1,-1,-1,-1,23.748608,1,23.821312,1.05984,24.881152
2440,128,624,-1,-1,-1,-1,-1,-1,0,70.693886,1.04448,71.738366
2441,128,2112,-1,-1,-1,-1,-1,-1,0,163.73555,1.047552,164.783102
2442,128,1120,-1,-1,-1,-1,-1,-1,0,99.391487,1.045504,100.436991
2443,128,128,-1,-1,-1,-1,-1,23.92576,1,23.999489,1.073152,25.072641
2444,128,1119,-1,-1,-1,-1,-1,-1,0,98.200577,1.050624,99.251201
2445,128,128,-1,-1,-1,-1,-1,23.858175,1,23.93088,1.063936,24.994816
2446,128,128,-1,-1,-1,-1,-1,23.659519,1,23.731199,1.060864,24.792063
2447,128,624,-1,-1,-1,-1,-1,-1,0,70.335487,1.047552,71.383039
2448,128,624,-1,-1,-1,-1,-1,-1,0,71.066628,1.040384,72.107012
2449,128,128,-1,-1,-1,-1,-1,23.762943,1,23.835648,1.069056,24.904704
2450,128,1120,-1,-1,-1,-1,-1,-1,0,97.953789,1.04448,98.998269
2451,128,624,-1,-1,-1,-1,-1,-1,0,71.870461,1.045504,72.915964
2452,128,128,-1,-1,-1,-1,-1,23.788544,1,23.861248,1.067008,24.928256
2453,128,128,-1,-1,-1,-1,-1,23.634945,1,23.706623,1.057792,24.764415
2454,128,128,-1,-1,-1,-1,-1,23.43424,1,23.502848,1.058816,24.561664
2455,128,128,-1,-1,-1,-1,-1,23.395329,1,23.465984,1.063936,24.52992
2456,128,1616,-1,-1,-1,-1,-1,-1,0,125.775871,1.048576,126.824447
2457,128,128,-1,-1,-1,-1,-1,24.16128,1,24.237057,1.073152,25.310209
2458,128,624,-1,-1,-1,-1,-1,-1,0,71.282684,1.045504,72.328188
2459,128,128,-1,-1,-1,-1,-1,23.815168,1,23.889919,1.072128,24.962047
2460,128,128,-1,-1,-1,-1,-1,23.643135,1,23.714815,1.072128,24.786943
2461,128,128,-1,-1,-1,-1,-1,23.463936,1,23.533567,1.052672,24.586239
2462,128,128,-1,-1,-1,-1,-1,23.409664,1,23.479296,1.057792,24.537088
2463,128,128,-1,-1,-1,-1,-1,23.428097,1,23.490561,1.057792,24.548352
2464,128,1120,-1,-1,-1,-1,-1,-1,0,97.978371,1.043456,99.021827
2465,128,624,-1,-1,-1,-1,-1,-1,0,72.312836,1.046528,73.359364
2466,128,624,-1,-1,-1,-1,-1,-1,0,71.823357,1.046528,72.869885
2467,128,128,-1,-1,-1,-1,-1,23.840769,1,23.913471,1.061888,24.975359
2468,128,128,-1,-1,-1,-1,-1,23.610369,1,23.682049,1.06496,24.747009
2469,128,128,-1,-1,-1,-1,-1,23.473152,1,23.542784,1.056768,24.599552
2470,128,624,-1,-1,-1,-1,-1,-1,0,70.507523,1.038336,71.545859
2471,128,624,-1,-1,-1,-1,-1,-1,0,71.788544,1.037312,72.825856
2472,128,624,-1,-1,-1,-1,-1,-1,0,71.807999,1.032192,72.840191
2473,128,128,-1,-1,-1,-1,-1,23.827456,1,23.90016,1.05984,24.96
2474,128,128,-1,-1,-1,-1,-1,23.678976,1,23.744513,1.05984,24.804353
2475,128,624,-1,-1,-1,-1,-1,-1,0,70.947838,1.041408,71.989246
2476,128,128,-1,-1,-1,-1,-1,23.825409,1,23.898111,1.058816,24.956927
2477,128,624,-1,-1,-1,-1,-1,-1,0,71.304192,1.042432,72.346624
2478,128,128,-1,-1,-1,-1,-1,23.865343,1,23.937023,1.061888,24.998911
2479,128,128,-1,-1,-1,-1,-1,23.686144,1,23.748608,1.05984,24.808448
2480,128,128,-1,-1,-1,-1,-1,23.62368,1,23.692287,1.067008,24.759295
2481,128,128,-1,-1,-1,-1,-1,23.504896,1,23.573503,1.060864,24.634367
2482,128,128,-1,-1,-1,-1,-1,23.517183,1,23.586817,1.060864,24.647681
2483,128,624,-1,-1,-1,-1,-1,-1,0,71.175171,1.03936,72.214531
2484,128,1119,-1,-1,-1,-1,-1,-1,0,99.629059,1.04448,100.673539
2485,128,624,-1,-1,-1,-1,-1,-1,0,72.675331,1.043456,73.718787
2486,128,128,-1,-1,-1,-1,-1,23.961599,1,24.034304,1.071104,25.105408
2487,128,1120,-1,-1,-1,-1,-1,-1,0,99.201027,1.0496,100.250627
2488,128,624,-1,-1,-1,-1,-1,-1,0,72.712189,1.045504,73.757693
2489,128,128,-1,-1,-1,-1,-1,23.954432,1,24.026112,1.065984,25.092096
2490,127,127,-1,-1,-1,-1,-1,23.701504,1,23.77216,1.056768,24.828928
2491,127,127,-1,-1,-1,-1,-1,23.595009,1,23.66464,1.057792,24.722432
2492,125,125,-1,-1,-1,-1,-1,23.431168,1,23.492607,1.050624,24.543231
2493,124,124,-1,-1,-1,-1,-1,23.349249,1,23.420927,1.053696,24.474623
2494,121,121,-1,-1,-1,-1,-1,23.239679,1,23.302143,1.050624,24.352767
2495,120,120,-1,-1,-1,-1,-1,23.361536,1,23.430143,1.046528,24.476671
2496,118,118,-1,-1,-1,-1,-1,23.195648,1,23.266304,1.052672,24.318976
2497,117,117,-1,-1,-1,-1,-1,23.143423,1,23.213057,1.04448,24.257537
2498,116,116,-1,-1,-1,-1,-1,23.098368,1,23.169024,1.04448,24.213503
2499,116,116,-1,-1,-1,-1,-1,23.114752,1,23.184383,1.03936,24.223743
2500,116,116,-1,-1,-1,-1,-1,23.10144,1,23.171072,1.038336,24.209408
2501,115,115,-1,-1,-1,-1,-1,23.094273,1,23.16288,1.043456,24.206336
2502,115,115,-1,-1,-1,-1,-1,23.105536,1,23.177216,1.041408,24.218624
2503,114,114,-1,-1,-1,-1,-1,23.070721,1,23.140352,1.041408,24.18176
2504,111,111,-1,-1,-1,-1,-1,22.926336,1,22.987776,1.032192,24.019968
2505,109,109,-1,-1,-1,-1,-1,22.67136,1,22.739967,1.03424,23.774207
2506,107,107,-1,-1,-1,-1,-1,22.413313,1,22.48704,1.025024,23.512064
2507,107,107,-1,-1,-1,-1,-1,22.421503,1,22.490112,1.025024,23.515136
2508,106,106,-1,-1,-1,-1,-1,22.408192,1,22.475777,1.024,23.499777
2509,105,105,-1,-1,-1,-1,-1,22.343679,1,22.403072,1.020928,23.424
2510,102,102,-1,-1,-1,-1,-1,22.184959,1,22.230017,1.017856,23.247873
2511,102,102,-1,-1,-1,-1,-1,22.104065,1,22.16448,1.015808,23.180288
2512,99,99,-1,-1,-1,-1,-1,21.98016,1,22.039553,1.022976,23.062529
2513,98,98,-1,-1,-1,-1,-1,21.937153,1,22.003712,1.00864,23.012352
2514,97,97,-1,-1,-1,-1,-1,21.915648,1,21.982208,1.010688,22.992896
2515,97,97,-1,-1,-1,-1,-1,21.910528,1,21.969919,1.011712,22.981631
2516,97,97,-1,-1,-1,-1,-1,21.919744,1,21.987328,1.01376,23.001088
2517,95,95,-1,-1,-1,-1,-1,21.922815,1,21.9904,1.009664,23.000064
2518,93,93,-1,-1,-1,-1,-1,21.771263,1,21.8368,1.005568,22.842368
2519,93,93,-1,-1,-1,-1,-1,21.783552,1,21.851135,1.00352,22.854655
2520,91,91,-1,-1,-1,-1,-1,21.712896,1,21.778433,0.999424,22.777857
2521,90,90,-1,-1,-1,-1,-1,21.67296,1,21.730305,1.000448,22.730753
2522,87,87,-1,-1,-1,-1,-1,21.562368,1,21.627905,0.9984,22.626305
2523,86,86,-1,-1,-1,-1,-1,21.51936,1,21.586945,0.994304,22.581249
2524,85,85,-1,-1,-1,-1,-1,21.44768,1,21.51424,0.99328,22.50752
2525,83,83,-1,-1,-1,-1,-1,21.318657,1,21.377024,0.98816,22.365184
2526,83,83,-1,-1,-1,-1,-1,21.327871,1,21.37088,0.985088,22.355968
2527,82,82,-1,-1,-1,-1,-1,21.209087,1,21.274624,0.992256,22.26688
2528,80,80,-1,-1,-1,-1,-1,20.665344,1,20.730881,0.984064,21.714945
2529,80,80,-1,-1,-1,-1,-1,20.62336,1,20.688896,0.980992,21.669888
2530,79,79,-1,-1,-1,-1,-1,20.549631,1,20.617216,0.996352,21.613568
2531,75,75,-1,-1,-1,-1,-1,20.350977,1,20.408319,0.979968,21.388287
2532,74,74,-1,-1,-1,-1,-1,20.302849,1,20.370432,0.971776,21.342208
2533,74,74,-1,-1,-1,-1,-1,20.307968,1,20.374529,0.976896,21.351425
2534,74,74,-1,-1,-1,-1,-1,20.319233,1,20.384768,0.978944,21.363712
2535,73,73,-1,-1,-1,-1,-1,20.269056,1,20.334593,0.976896,21.311489
2536,72,72,-1,-1,-1,-1,-1,20.171776,1,20.236288,0.975872,21.21216
2537,72,72,-1,-1,-1,-1,-1,20.112385,1,20.179968,0.974848,21.154816
2538,68,68,-1,-1,-1,-1,-1,19.92704,1,19.992577,0.968704,20.961281
2539,68,68,-1,-1,-1,-1,-1,19.936256,1,19.999744,0.979968,20.979712
2540,65,65,-1,-1,-1,-1,-1,19.834881,1,19.900415,0.964608,20.865023
2541,65,65,-1,-1,-1,-1,-1,19.867647,1,19.935232,0.968704,20.903936
2542,65,65,-1,-1,-1,-1,-1,19.848192,1,19.893248,0.961536,20.854784
2543,62,62,-1,-1,-1,-1,-1,18.847744,1,18.912256,0.92672,19.838976
2544,62,62,-1,-1,-1,-1,-1,18.820095,1,18.885632,0.923648,19.80928
2545,60,60,-1,-1,-1,-1,-1,18.781183,1,18.845695,0.927744,19.773439
2546,59,59,-1,-1,-1,-1,-1,18.723841,1,18.789375,0.930816,19.720191
2547,57,57,-1,-1,-1,-1,-1,18.691072,1,18.756607,0.9216,19.678207
2548,55,55,-1,-1,-1,-1,-1,18.629633,1,18.695168,0.910336,19.605504
2549,54,54,-1,-1,-1,-1,-1,18.331648,1,18.398209,0.91136,19.309569
2550,54,54,-1,-1,-1,-1,-1,18.329599,1,18.395136,0.910336,19.305472
2551,53,53,-1,-1,-1,-1,-1,18.287617,1,18.345984,0.913408,19.259391
2552,51,51,-1,-1,-1,-1,-1,18.177025,1,18.244608,0.910336,19.154944
2553,50,50,-1,-1,-1,-1,-1,18.134016,1,18.199553,0.91136,19.110913
2554,49,49,-1,-1,-1,-1,-1,18.069504,1,18.13504,0.903168,19.038208
2555,48,48,-1,-1,-1,-1,-1,17.845247,1,17.908735,0.904192,18.812927
2556,46,46,-1,-1,-1,-1,-1,17.743872,1,17.806335,0.91136,18.717695
2557,45,45,-1,-1,-1,-1,-1,17.697792,1,17.762304,0.91136,18.673664
2558,42,42,-1,-1,-1,-1,-1,17.542145,1,17.585152,0.899072,18.484224
2559,42,42,-1,-1,-1,-1,-1,17.554432,1,17.619968,0.897024,18.516992
2560,39,39,-1,-1,-1,-1,-1,15.19104,1,15.24736,0.889856,16.137216
2561,37,37,-1,-1,-1,-1,-1,15.091712,1,15.1552,0.88576,16.04096
2562,36,36,-1,-1,-1,-1,-1,15.071232,1,15.13472,0.883712,16.018432
2563,35,35,-1,-1,-1,-1,-1,15.055872,1,15.120384,0.88064,16.001024
2564,34,34,-1,-1,-1,-1,-1,15.033344,1,15.097856,0.881664,15.97952
2565,32,32,-1,-1,-1,-1,-1,15.588352,1,15.65184,0.882688,16.534528
2566,29,29,-1,-1,-1,-1,-1,15.432704,1,15.496192,0.876544,16.372736
2567,29,29,-1,-1,-1,-1,-1,15.430656,1,15.495168,0.872448,16.367616
2568,28,28,-1,-1,-1,-1,-1,15.295488,1,15.351808,0.878592,16.2304
2569,27,27,-1,-1,-1,-1,-1,14.900224,1,14.964736,0.872448,15.837184
2570,27,27,-1,-1,-1,-1,-1,14.906368,1,14.969856,0.874496,15.844352
2571,27,27,-1,-1,-1,-1,-1,14.920704,1,14.984192,0.87552,15.859712
2572,26,26,-1,-1,-1,-1,-1,14.855168,1,14.898176,0.8704,15.768576
2573,26,26,-1,-1,-1,-1,-1,14.886912,1,14.9504,0.866304,15.816704
