step,sched_reqs,sched_tokens,batch,num_query_tokens,sum_seq_len,num_spec_tokens,draft_ms,target_fwd_ms,n_target_fwd,exec_ms,sample_ms,step_ms
0,32,64,-1,-1,-1,-1,-1,25.323521,1,75.394051,175.572998,250.967049
1,32,32,-1,-1,-1,-1,-1,15.048704,1,16.105473,4.002816,20.108289
2,1,1025,-1,-1,-1,-1,-1,-1,0,93.362175,0.827392,94.189567
3,10,8192,-1,-1,-1,-1,-1,-1,0,505.475067,0.828416,506.303483
4,18,8192,-1,-1,-1,-1,-1,-1,0,504.395782,0.863232,505.259014
5,26,8192,-1,-1,-1,-1,-1,-1,0,512.305176,0.878592,513.183768
6,32,6749,-1,-1,-1,-1,-1,-1,0,422.440948,0.889856,423.330804
7,32,32,-1,-1,-1,-1,-1,17.67424,1,17.740801,0.882688,18.623489
8,32,32,-1,-1,-1,-1,-1,17.482752,1,17.526785,0.87552,18.402305
9,32,32,-1,-1,-1,-1,-1,17.302528,1,17.345535,0.874496,18.220031
10,32,32,-1,-1,-1,-1,-1,17.253376,1,17.297407,0.884736,18.182143
11,32,32,-1,-1,-1,-1,-1,17.197056,1,17.241089,0.884736,18.125825
12,32,32,-1,-1,-1,-1,-1,17.191936,1,17.233919,0.8704,18.104319
13,32,32,-1,-1,-1,-1,-1,17.169409,1,17.212416,0.871424,18.08384
14,32,32,-1,-1,-1,-1,-1,17.189888,1,17.232897,0.879616,18.112513
15,32,32,-1,-1,-1,-1,-1,17.153025,1,17.196032,0.873472,18.069504
16,32,32,-1,-1,-1,-1,-1,17.14176,1,17.185793,0.867328,18.053121
17,32,32,-1,-1,-1,-1,-1,17.135616,1,17.177601,0.872448,18.050049
18,32,32,-1,-1,-1,-1,-1,17.140736,1,17.205248,0.878592,18.08384
19,32,32,-1,-1,-1,-1,-1,17.174528,1,17.241089,0.88064,18.121729
20,32,32,-1,-1,-1,-1,-1,17.159168,1,17.22368,0.877568,18.101249
21,32,32,-1,-1,-1,-1,-1,17.155071,1,17.222656,0.88064,18.103296
22,32,32,-1,-1,-1,-1,-1,17.165312,1,17.229824,0.88064,18.110464
23,32,32,-1,-1,-1,-1,-1,17.164288,1,17.2288,0.881664,18.110464
24,32,32,-1,-1,-1,-1,-1,17.156096,1,17.199104,0.878592,18.077696
25,32,32,-1,-1,-1,-1,-1,17.153025,1,17.197056,0.882688,18.079744
26,32,32,-1,-1,-1,-1,-1,17.16736,1,17.211391,0.877568,18.088959
27,32,32,-1,-1,-1,-1,-1,17.160192,1,17.203199,0.878592,18.081791
28,32,32,-1,-1,-1,-1,-1,17.148928,1,17.191936,0.871424,18.063361
29,32,32,-1,-1,-1,-1,-1,17.152,1,17.195007,0.872448,18.067455
30,32,32,-1,-1,-1,-1,-1,17.148928,1,17.191936,0.867328,18.059264
31,32,32,-1,-1,-1,-1,-1,17.136641,1,17.178623,0.873472,18.052095
32,32,32,-1,-1,-1,-1,-1,17.155071,1,17.19808,0.8704,18.06848
33,32,32,-1,-1,-1,-1,-1,17.139711,1,17.181696,0.871424,18.05312
34,32,32,-1,-1,-1,-1,-1,17.14176,1,17.208321,0.879616,18.087937
35,32,32,-1,-1,-1,-1,-1,17.170431,1,17.236992,0.882688,18.11968
36,32,32,-1,-1,-1,-1,-1,17.168385,1,17.233919,0.877568,18.111487
37,32,32,-1,-1,-1,-1,-1,17.169409,1,17.233919,0.878592,18.112511
38,32,32,-1,-1,-1,-1,-1,17.165312,1,17.222656,0.88576,18.108416
39,32,32,-1,-1,-1,-1,-1,17.181696,1,17.247232,0.883712,18.130944
40,32,32,-1,-1,-1,-1,-1,17.163263,1,17.207296,0.879616,18.086912
41,32,32,-1,-1,-1,-1,-1,17.176577,1,17.218559,0.872448,18.091007
42,32,32,-1,-1,-1,-1,-1,17.163263,1,17.205248,0.877568,18.082816
43,32,32,-1,-1,-1,-1,-1,17.169409,1,17.21344,0.879616,18.093056
44,32,32,-1,-1,-1,-1,-1,17.166336,1,17.208321,0.871424,18.079745
45,32,32,-1,-1,-1,-1,-1,17.159168,1,17.202175,0.87552,18.077695
46,32,32,-1,-1,-1,-1,-1,17.176577,1,17.219584,0.878592,18.098176
47,32,32,-1,-1,-1,-1,-1,17.174528,1,17.216513,0.882688,18.099201
48,32,32,-1,-1,-1,-1,-1,17.168385,1,17.210367,0.879616,18.089983
49,32,32,-1,-1,-1,-1,-1,17.185793,1,17.2288,0.8704,18.0992
50,32,32,-1,-1,-1,-1,-1,17.179647,1,17.243135,0.876544,18.119679
51,32,32,-1,-1,-1,-1,-1,17.184769,1,17.249281,0.8704,18.119681
52,32,32,-1,-1,-1,-1,-1,17.19808,1,17.264641,0.867328,18.131969
53,32,32,-1,-1,-1,-1,-1,17.201153,1,17.268736,0.87552,18.144256
54,32,32,-1,-1,-1,-1,-1,17.201153,1,17.267712,0.868352,18.136064
55,32,32,-1,-1,-1,-1,-1,17.200129,1,17.264641,0.886784,18.151425
56,32,32,-1,-1,-1,-1,-1,17.210367,1,17.2544,0.879616,18.134016
57,32,32,-1,-1,-1,-1,-1,17.201153,1,17.24416,0.883712,18.127872
58,32,32,-1,-1,-1,-1,-1,17.208321,1,17.251328,0.88064,18.131967
59,32,32,-1,-1,-1,-1,-1,17.214464,1,17.258495,0.878592,18.137087
60,32,32,-1,-1,-1,-1,-1,17.226751,1,17.26976,0.868352,18.138112
61,32,32,-1,-1,-1,-1,-1,17.215488,1,17.25952,0.866304,18.125824
62,32,32,-1,-1,-1,-1,-1,17.210367,1,17.2544,0.864256,18.118656
63,32,32,-1,-1,-1,-1,-1,17.218559,1,17.260544,0.869376,18.12992
64,32,32,-1,-1,-1,-1,-1,17.215488,1,17.258495,0.8704,18.128895
65,32,32,-1,-1,-1,-1,-1,17.200129,1,17.24416,0.881664,18.125824
66,32,32,-1,-1,-1,-1,-1,17.219584,1,17.284096,0.881664,18.16576
67,32,32,-1,-1,-1,-1,-1,17.219584,1,17.286144,0.879616,18.16576
68,32,32,-1,-1,-1,-1,-1,17.22368,1,17.288193,0.88576,18.173953
69,32,32,-1,-1,-1,-1,-1,17.21344,1,17.272833,0.879616,18.152449
70,32,32,-1,-1,-1,-1,-1,17.221632,1,17.286144,0.876544,18.162688
71,32,32,-1,-1,-1,-1,-1,17.217537,1,17.284096,0.884736,18.168832
72,32,32,-1,-1,-1,-1,-1,17.216513,1,17.25952,0.884736,18.144256
73,32,32,-1,-1,-1,-1,-1,17.2544,1,17.296385,0.881664,18.178049
74,32,32,-1,-1,-1,-1,-1,17.250303,1,17.292288,0.876544,18.168832
75,32,32,-1,-1,-1,-1,-1,17.2544,1,17.297407,0.878592,18.175999
76,32,32,-1,-1,-1,-1,-1,17.248257,1,17.292288,0.877568,18.169856
77,32,32,-1,-1,-1,-1,-1,17.272833,1,17.314816,0.871424,18.18624
78,32,32,-1,-1,-1,-1,-1,17.253376,1,17.295361,0.874496,18.169857
79,32,32,-1,-1,-1,-1,-1,17.270784,1,17.311745,0.866304,18.178049
80,32,32,-1,-1,-1,-1,-1,17.277952,1,17.321983,0.869376,18.191359
81,32,32,-1,-1,-1,-1,-1,17.270784,1,17.313791,0.866304,18.180095
82,32,32,-1,-1,-1,-1,-1,17.270784,1,17.334272,0.8704,18.204672
83,32,32,-1,-1,-1,-1,-1,17.261568,1,17.327105,0.8704,18.197505
84,32,32,-1,-1,-1,-1,-1,17.274879,1,17.3312,0.8704,18.2016
85,32,32,-1,-1,-1,-1,-1,17.263617,1,17.328129,0.871424,18.199553
86,32,32,-1,-1,-1,-1,-1,17.262592,1,17.327105,0.8704,18.197505
87,32,32,-1,-1,-1,-1,-1,17.271809,1,17.336321,0.873472,18.209793
88,32,32,-1,-1,-1,-1,-1,17.253376,1,17.296385,0.877568,18.173953
89,32,32,-1,-1,-1,-1,-1,17.284096,1,17.32608,0.868352,18.194432
90,32,32,-1,-1,-1,-1,-1,17.294336,1,17.337343,0.869376,18.206719
91,32,32,-1,-1,-1,-1,-1,17.292288,1,17.336321,0.872448,18.208769
92,32,32,-1,-1,-1,-1,-1,17.294336,1,17.337343,0.868352,18.205695
93,32,32,-1,-1,-1,-1,-1,17.305599,1,17.347584,0.872448,18.220032
94,32,32,-1,-1,-1,-1,-1,17.309696,1,17.350657,0.869376,18.220033
95,32,32,-1,-1,-1,-1,-1,17.306623,1,17.348608,0.869376,18.217984
96,32,32,-1,-1,-1,-1,-1,17.290239,1,17.332224,0.8704,18.202624
97,32,32,-1,-1,-1,-1,-1,17.294336,1,17.336321,0.864256,18.200577
98,32,32,-1,-1,-1,-1,-1,17.295361,1,17.351681,0.868352,18.220033
99,32,32,-1,-1,-1,-1,-1,17.299456,1,17.362944,0.866304,18.229248
100,32,32,-1,-1,-1,-1,-1,17.296385,1,17.362944,0.871424,18.234368
101,32,32,-1,-1,-1,-1,-1,17.311745,1,17.378304,0.871424,18.249728
102,32,32,-1,-1,-1,-1,-1,17.306623,1,17.371136,0.867328,18.238464
103,32,32,-1,-1,-1,-1,-1,17.309696,1,17.37216,0.868352,18.240512
104,32,32,-1,-1,-1,-1,-1,17.306623,1,17.348608,0.866304,18.214912
105,32,32,-1,-1,-1,-1,-1,17.333248,1,17.376257,0.868352,18.244609
106,32,32,-1,-1,-1,-1,-1,17.308672,1,17.350657,0.879616,18.230273
107,32,32,-1,-1,-1,-1,-1,17.313791,1,17.355776,0.883712,18.239488
108,32,32,-1,-1,-1,-1,-1,17.31072,1,17.353727,0.866304,18.220031
109,32,32,-1,-1,-1,-1,-1,17.316864,1,17.359873,0.874496,18.234369
110,32,32,-1,-1,-1,-1,-1,17.325056,1,17.366016,0.879616,18.245632
111,32,32,-1,-1,-1,-1,-1,17.320959,1,17.362944,0.8704,18.233344
112,32,32,-1,-1,-1,-1,-1,17.324032,1,17.368065,0.878592,18.246657
113,32,32,-1,-1,-1,-1,-1,17.316864,1,17.359873,0.86528,18.225153
114,32,32,-1,-1,-1,-1,-1,17.332224,1,17.386496,0.879616,18.266112
115,32,32,-1,-1,-1,-1,-1,17.342464,1,17.406977,0.88064,18.287617
116,32,1040,-1,-1,-1,-1,-1,-1,0,80.342018,0.883712,81.22573
117,32,1039,-1,-1,-1,-1,-1,-1,0,82.84877,0.886784,83.735554
118,32,1040,-1,-1,-1,-1,-1,-1,0,82.839554,0.884736,83.72429
119,32,1039,-1,-1,-1,-1,-1,-1,0,82.821121,0.883712,83.704833
120,32,32,-1,-1,-1,-1,-1,17.723392,1,17.788927,0.886784,18.675711
121,32,1040,-1,-1,-1,-1,-1,-1,0,81.577988,0.883712,82.4617
122,32,1040,-1,-1,-1,-1,-1,-1,0,82.844673,0.88064,83.725313
123,32,1039,-1,-1,-1,-1,-1,-1,0,82.794495,0.882688,83.677183
124,32,1040,-1,-1,-1,-1,-1,-1,0,82.83136,0.882688,83.714048
125,32,1040,-1,-1,-1,-1,-1,-1,0,82.818047,0.88064,83.698687
126,32,1040,-1,-1,-1,-1,-1,-1,0,83.227646,0.884736,84.112382
127,32,32,-1,-1,-1,-1,-1,17.818624,1,17.86368,0.897024,18.760704
128,32,2048,-1,-1,-1,-1,-1,-1,0,139.954178,0.889856,140.844034
129,32,1040,-1,-1,-1,-1,-1,-1,0,84.109314,0.887808,84.997122
130,32,3056,-1,-1,-1,-1,-1,-1,0,202.848251,0.889856,203.738107
131,32,32,-1,-1,-1,-1,-1,17.790976,1,17.858561,0.892928,18.751489
132,32,1039,-1,-1,-1,-1,-1,-1,0,81.838081,0.886784,82.724865
133,32,1040,-1,-1,-1,-1,-1,-1,0,83.049469,0.88576,83.935229
134,32,3056,-1,-1,-1,-1,-1,-1,0,202.782715,0.88576,203.668475
135,32,3056,-1,-1,-1,-1,-1,-1,0,203.296768,0.891904,204.188672
136,32,32,-1,-1,-1,-1,-1,17.744896,1,17.813503,0.88576,18.699263
137,32,2048,-1,-1,-1,-1,-1,-1,0,138.915833,0.89088,139.806713
138,32,32,-1,-1,-1,-1,-1,17.798143,1,17.864704,0.88576,18.750464
139,32,1040,-1,-1,-1,-1,-1,-1,0,81.708031,0.883712,82.591743
140,32,32,-1,-1,-1,-1,-1,17.647615,1,17.7152,0.891904,18.607104
141,32,32,-1,-1,-1,-1,-1,17.453056,1,17.520639,0.886784,18.407423
142,32,1040,-1,-1,-1,-1,-1,-1,0,81.261566,0.87552,82.137086
143,32,32,-1,-1,-1,-1,-1,17.7152,1,17.757183,0.876544,18.633727
144,32,32,-1,-1,-1,-1,-1,17.495041,1,17.563648,0.874496,18.438144
145,32,1040,-1,-1,-1,-1,-1,-1,0,81.3312,0.87552,82.20672
146,32,32,-1,-1,-1,-1,-1,17.678335,1,17.736704,0.881664,18.618368
147,32,32,-1,-1,-1,-1,-1,17.466368,1,17.525761,0.876544,18.402305
148,32,32,-1,-1,-1,-1,-1,17.362944,1,17.42848,0.87552,18.304
149,32,1040,-1,-1,-1,-1,-1,-1,0,80.609283,0.871424,81.480707
150,32,32,-1,-1,-1,-1,-1,17.614847,1,17.680384,0.881664,18.562048
151,32,2048,-1,-1,-1,-1,-1,-1,0,137.565186,0.876544,138.44173
152,32,32,-1,-1,-1,-1,-1,17.632256,1,17.690624,0.879616,18.57024
153,32,32,-1,-1,-1,-1,-1,17.468416,1,17.534975,0.873472,18.408447
154,32,32,-1,-1,-1,-1,-1,17.343489,1,17.401855,0.873472,18.275327
155,32,32,-1,-1,-1,-1,-1,17.277952,1,17.342464,0.883712,18.226176
156,32,32,-1,-1,-1,-1,-1,17.233919,1,17.30048,0.868352,18.168832
157,32,32,-1,-1,-1,-1,-1,17.249281,1,17.313791,0.871424,18.185215
158,32,32,-1,-1,-1,-1,-1,17.24416,1,17.309696,0.87552,18.185216
159,32,32,-1,-1,-1,-1,-1,17.236992,1,17.280001,0.873472,18.153473
160,32,32,-1,-1,-1,-1,-1,17.2288,1,17.293312,0.869376,18.162688
161,32,32,-1,-1,-1,-1,-1,17.193983,1,17.260544,0.869376,18.12992
162,32,32,-1,-1,-1,-1,-1,17.174528,1,17.240065,0.868352,18.108417
163,32,32,-1,-1,-1,-1,-1,17.148928,1,17.190912,0.873472,18.064384
164,32,32,-1,-1,-1,-1,-1,17.165312,1,17.229824,0.8704,18.100224
165,32,32,-1,-1,-1,-1,-1,17.171455,1,17.236992,0.87552,18.112512
166,32,32,-1,-1,-1,-1,-1,17.171455,1,17.236992,0.867328,18.10432
167,32,32,-1,-1,-1,-1,-1,17.184769,1,17.243135,0.87552,18.118655
168,32,32,-1,-1,-1,-1,-1,17.179647,1,17.243135,0.871424,18.114559
169,32,32,-1,-1,-1,-1,-1,17.166336,1,17.231873,0.868352,18.100225
170,32,32,-1,-1,-1,-1,-1,17.176577,1,17.241089,0.874496,18.115585
171,32,32,-1,-1,-1,-1,-1,17.168385,1,17.230848,0.8704,18.101248
172,32,32,-1,-1,-1,-1,-1,17.189888,1,17.2544,0.869376,18.123776
173,32,32,-1,-1,-1,-1,-1,17.186815,1,17.250303,0.8704,18.120703
174,32,32,-1,-1,-1,-1,-1,17.177601,1,17.242111,0.868352,18.110463
175,32,32,-1,-1,-1,-1,-1,17.189888,1,17.232897,0.872448,18.105345
176,32,32,-1,-1,-1,-1,-1,17.17248,1,17.238016,0.876544,18.11456
177,32,32,-1,-1,-1,-1,-1,17.178623,1,17.24416,0.866304,18.110464
178,32,32,-1,-1,-1,-1,-1,17.195007,1,17.258495,0.869376,18.127871
179,32,32,-1,-1,-1,-1,-1,17.191936,1,17.234943,0.866304,18.101247
180,32,32,-1,-1,-1,-1,-1,17.210367,1,17.274879,0.874496,18.149375
181,32,32,-1,-1,-1,-1,-1,17.190912,1,17.255424,0.869376,18.124801
182,32,32,-1,-1,-1,-1,-1,17.180672,1,17.246208,0.871424,18.117632
183,32,32,-1,-1,-1,-1,-1,17.201153,1,17.266687,0.867328,18.134015
184,32,32,-1,-1,-1,-1,-1,17.201153,1,17.265663,0.8704,18.136063
185,32,32,-1,-1,-1,-1,-1,17.209345,1,17.266687,0.866304,18.132991
186,32,32,-1,-1,-1,-1,-1,17.205248,1,17.267712,0.871424,18.139136
187,32,32,-1,-1,-1,-1,-1,17.210367,1,17.274879,0.8704,18.145279
188,32,32,-1,-1,-1,-1,-1,17.207296,1,17.271809,0.874496,18.146305
189,32,32,-1,-1,-1,-1,-1,17.216513,1,17.281025,0.869376,18.150401
190,32,32,-1,-1,-1,-1,-1,17.24416,1,17.308672,0.8704,18.179072
191,32,32,-1,-1,-1,-1,-1,17.243135,1,17.286144,0.8704,18.156544
192,32,32,-1,-1,-1,-1,-1,17.24416,1,17.309696,0.87552,18.185216
193,32,32,-1,-1,-1,-1,-1,17.233919,1,17.290239,0.869376,18.159615
194,32,32,-1,-1,-1,-1,-1,17.24416,1,17.308672,0.86528,18.173952
195,32,32,-1,-1,-1,-1,-1,17.227776,1,17.268736,0.868352,18.137088
196,32,32,-1,-1,-1,-1,-1,17.238016,1,17.301504,0.871424,18.172928
197,32,32,-1,-1,-1,-1,-1,17.227776,1,17.291264,0.868352,18.159616
198,32,32,-1,-1,-1,-1,-1,17.242111,1,17.306623,0.871424,18.178047
199,32,32,-1,-1,-1,-1,-1,17.221632,1,17.286144,0.871424,18.157568
200,32,32,-1,-1,-1,-1,-1,17.232897,1,17.297407,0.873472,18.170879
201,32,32,-1,-1,-1,-1,-1,17.258495,1,17.323008,0.872448,18.195456
202,32,32,-1,-1,-1,-1,-1,17.257471,1,17.319937,0.864256,18.184193
203,32,32,-1,-1,-1,-1,-1,17.24416,1,17.307648,0.871424,18.179072
204,32,32,-1,-1,-1,-1,-1,17.257471,1,17.321983,0.871424,18.193407
205,32,32,-1,-1,-1,-1,-1,17.252352,1,17.31584,0.869376,18.185216
206,32,32,-1,-1,-1,-1,-1,17.277952,1,17.342464,0.871424,18.213888
207,32,32,-1,-1,-1,-1,-1,17.277952,1,17.320959,0.869376,18.190335
208,32,32,-1,-1,-1,-1,-1,17.288193,1,17.351681,0.86528,18.216961
209,32,32,-1,-1,-1,-1,-1,17.289215,1,17.345535,0.8704,18.215935
210,32,32,-1,-1,-1,-1,-1,17.274879,1,17.340416,0.8704,18.210816
211,32,32,-1,-1,-1,-1,-1,17.284096,1,17.32608,0.872448,18.198528
212,32,32,-1,-1,-1,-1,-1,17.275904,1,17.339392,0.86528,18.204672
213,32,32,-1,-1,-1,-1,-1,17.26976,1,17.334272,0.8704,18.204672
214,32,32,-1,-1,-1,-1,-1,17.278976,1,17.335297,0.872448,18.207745
215,32,32,-1,-1,-1,-1,-1,17.284096,1,17.348608,0.8704,18.219008
216,32,32,-1,-1,-1,-1,-1,17.281025,1,17.344513,0.872448,18.216961
217,32,32,-1,-1,-1,-1,-1,17.281025,1,17.34656,0.871424,18.217984
218,32,32,-1,-1,-1,-1,-1,17.296385,1,17.359873,0.867328,18.227201
219,32,32,-1,-1,-1,-1,-1,17.282047,1,17.344513,0.867328,18.211841
220,32,32,-1,-1,-1,-1,-1,17.286144,1,17.351681,0.872448,18.224129
221,32,32,-1,-1,-1,-1,-1,17.297407,1,17.359873,0.867328,18.227201
222,32,32,-1,-1,-1,-1,-1,17.298431,1,17.363968,0.86528,18.229248
223,32,32,-1,-1,-1,-1,-1,17.313791,1,17.355776,0.872448,18.228224
224,32,32,-1,-1,-1,-1,-1,17.313791,1,17.378304,0.869376,18.24768
225,32,32,-1,-1,-1,-1,-1,17.318913,1,17.383425,0.8704,18.253825
226,32,32,-1,-1,-1,-1,-1,17.328129,1,17.392639,0.882688,18.275327
227,32,32,-1,-1,-1,-1,-1,17.324032,1,17.367041,0.869376,18.236417
228,32,32,-1,-1,-1,-1,-1,17.318913,1,17.382401,0.873472,18.255872
229,32,32,-1,-1,-1,-1,-1,17.329151,1,17.394688,0.868352,18.26304
230,32,32,-1,-1,-1,-1,-1,17.318913,1,17.385471,0.868352,18.253823
231,32,32,-1,-1,-1,-1,-1,17.334272,1,17.398785,0.869376,18.268161
232,32,32,-1,-1,-1,-1,-1,17.317888,1,17.382401,0.872448,18.254849
233,32,32,-1,-1,-1,-1,-1,17.330175,1,17.394688,0.879616,18.274304
234,32,1040,-1,-1,-1,-1,-1,-1,0,80.312317,0.889856,81.202173
235,32,32,-1,-1,-1,-1,-1,17.714176,1,17.780737,0.876544,18.657281
236,32,32,-1,-1,-1,-1,-1,17.568768,1,17.634304,0.877568,18.511872
237,32,32,-1,-1,-1,-1,-1,17.490944,1,17.555456,0.878592,18.434048
238,32,32,-1,-1,-1,-1,-1,17.420288,1,17.485825,0.871424,18.357249
239,32,32,-1,-1,-1,-1,-1,17.373184,1,17.415169,0.873472,18.288641
240,32,32,-1,-1,-1,-1,-1,17.393663,1,17.458176,0.872448,18.330624
241,32,1040,-1,-1,-1,-1,-1,-1,0,81.323006,0.876544,82.19955
242,32,1040,-1,-1,-1,-1,-1,-1,0,82.91021,0.87552,83.78573
243,32,1040,-1,-1,-1,-1,-1,-1,0,82.701309,0.874496,83.575805
244,32,32,-1,-1,-1,-1,-1,17.731585,1,17.797119,0.878592,18.675711
245,32,32,-1,-1,-1,-1,-1,17.716225,1,17.783808,0.88576,18.669568
246,32,1040,-1,-1,-1,-1,-1,-1,0,81.890305,0.879616,82.769921
247,32,1040,-1,-1,-1,-1,-1,-1,0,83.721214,0.878592,84.599806
248,32,1040,-1,-1,-1,-1,-1,-1,0,82.862083,0.872448,83.734531
249,32,1040,-1,-1,-1,-1,-1,-1,0,82.874367,0.87552,83.749887
250,32,32,-1,-1,-1,-1,-1,17.739777,1,17.797119,0.88064,18.677759
251,32,2047,-1,-1,-1,-1,-1,-1,0,138.190842,0.879616,139.070458
252,32,1039,-1,-1,-1,-1,-1,-1,0,83.671043,0.871424,84.542467
253,32,32,-1,-1,-1,-1,-1,17.705984,1,17.773567,0.878592,18.652159
254,32,1040,-1,-1,-1,-1,-1,-1,0,82.001923,0.87552,82.877443
255,32,3056,-1,-1,-1,-1,-1,-1,0,202.230789,0.883712,203.114501
256,32,32,-1,-1,-1,-1,-1,17.709057,1,17.752064,0.897024,18.649088
257,32,1040,-1,-1,-1,-1,-1,-1,0,82.104317,0.873472,82.977789
258,32,1040,-1,-1,-1,-1,-1,-1,0,83.064835,0.874496,83.939331
259,32,32,-1,-1,-1,-1,-1,17.73056,1,17.795073,0.884736,18.679809
260,32,1040,-1,-1,-1,-1,-1,-1,0,82.000893,0.878592,82.879485
261,32,32,-1,-1,-1,-1,-1,17.731585,1,17.792,0.886784,18.678784
262,32,4062,-1,-1,-1,-1,-1,-1,0,262.709259,0.878592,263.587851
263,32,1040,-1,-1,-1,-1,-1,-1,0,84.340736,0.873472,85.214208
264,32,32,-1,-1,-1,-1,-1,17.725439,1,17.792,0.883712,18.675712
265,32,32,-1,-1,-1,-1,-1,17.466368,1,17.527807,0.876544,18.404351
266,32,32,-1,-1,-1,-1,-1,17.371136,1,17.438721,0.898048,18.336769
267,32,1040,-1,-1,-1,-1,-1,-1,0,81.024002,0.882688,81.90669
268,32,2047,-1,-1,-1,-1,-1,-1,0,139.276291,0.897024,140.173315
269,32,1040,-1,-1,-1,-1,-1,-1,0,83.817474,0.883712,84.701186
270,32,32,-1,-1,-1,-1,-1,17.685505,1,17.75104,0.88576,18.6368
271,32,32,-1,-1,-1,-1,-1,17.455105,1,17.523712,0.887808,18.41152
272,32,32,-1,-1,-1,-1,-1,17.332224,1,17.376257,0.871424,18.247681
273,32,32,-1,-1,-1,-1,-1,17.273855,1,17.339392,0.88064,18.220032
274,32,1040,-1,-1,-1,-1,-1,-1,0,81.02298,0.877568,81.900548
275,32,32,-1,-1,-1,-1,-1,17.640448,1,17.707008,0.898048,18.605056
276,32,1040,-1,-1,-1,-1,-1,-1,0,82.156548,0.884736,83.041284
277,32,1040,-1,-1,-1,-1,-1,-1,0,83.50618,0.883712,84.389892
278,32,32,-1,-1,-1,-1,-1,17.679359,1,17.744896,0.894976,18.639872
279,32,32,-1,-1,-1,-1,-1,17.497087,1,17.568768,0.888832,18.4576
280,32,32,-1,-1,-1,-1,-1,17.373184,1,17.439745,0.888832,18.328577
281,32,32,-1,-1,-1,-1,-1,17.292288,1,17.358849,0.872448,18.231297
282,32,32,-1,-1,-1,-1,-1,17.272833,1,17.339392,0.883712,18.223104
283,32,32,-1,-1,-1,-1,-1,17.277952,1,17.345535,0.884736,18.230271
284,32,32,-1,-1,-1,-1,-1,17.258495,1,17.325056,0.873472,18.198528
285,32,32,-1,-1,-1,-1,-1,17.265663,1,17.332224,0.881664,18.213888
286,32,32,-1,-1,-1,-1,-1,17.209345,1,17.277952,0.882688,18.16064
287,32,32,-1,-1,-1,-1,-1,17.207296,1,17.274879,0.88064,18.155519
288,32,32,-1,-1,-1,-1,-1,17.202175,1,17.246208,0.884736,18.130944
289,32,2048,-1,-1,-1,-1,-1,-1,0,136.969223,0.902144,137.871367
290,32,32,-1,-1,-1,-1,-1,17.624063,1,17.691648,0.891904,18.583552
291,32,32,-1,-1,-1,-1,-1,17.494017,1,17.560575,0.8704,18.430975
292,32,32,-1,-1,-1,-1,-1,17.343489,1,17.410048,0.869376,18.279424
293,32,32,-1,-1,-1,-1,-1,17.268736,1,17.324032,0.882688,18.20672
294,32,32,-1,-1,-1,-1,-1,17.236992,1,17.30048,0.882688,18.183168
295,32,32,-1,-1,-1,-1,-1,17.225727,1,17.291264,0.883712,18.174976
296,32,32,-1,-1,-1,-1,-1,17.222656,1,17.290239,0.881664,18.171903
297,32,32,-1,-1,-1,-1,-1,17.233919,1,17.30048,0.883712,18.184192
298,32,32,-1,-1,-1,-1,-1,17.175552,1,17.243135,0.867328,18.110463
299,32,32,-1,-1,-1,-1,-1,17.184769,1,17.251328,0.874496,18.125823
300,32,32,-1,-1,-1,-1,-1,17.179647,1,17.247232,0.866304,18.113536
301,32,32,-1,-1,-1,-1,-1,17.18272,1,17.249281,0.882688,18.131969
302,32,32,-1,-1,-1,-1,-1,17.188864,1,17.253376,0.868352,18.121728
303,32,32,-1,-1,-1,-1,-1,17.191936,1,17.257471,0.86528,18.122751
304,32,32,-1,-1,-1,-1,-1,17.18272,1,17.224705,0.878592,18.103297
305,32,32,-1,-1,-1,-1,-1,17.191936,1,17.256449,0.883712,18.140161
306,32,32,-1,-1,-1,-1,-1,17.180672,1,17.246208,0.868352,18.11456
307,32,32,-1,-1,-1,-1,-1,17.180672,1,17.236992,0.882688,18.11968
308,32,32,-1,-1,-1,-1,-1,17.196032,1,17.261568,0.867328,18.128896
309,32,32,-1,-1,-1,-1,-1,17.199104,1,17.256449,0.868352,18.124801
310,32,32,-1,-1,-1,-1,-1,17.193983,1,17.258495,0.881664,18.140159
311,32,32,-1,-1,-1,-1,-1,17.221632,1,17.286144,0.882688,18.168832
312,32,32,-1,-1,-1,-1,-1,17.191936,1,17.256449,0.872448,18.128897
313,32,32,-1,-1,-1,-1,-1,17.210367,1,17.28512,0.882688,18.167808
314,32,32,-1,-1,-1,-1,-1,17.202175,1,17.266687,0.877568,18.144255
315,32,32,-1,-1,-1,-1,-1,17.208321,1,17.271809,0.882688,18.154497
316,32,32,-1,-1,-1,-1,-1,17.201153,1,17.268736,0.877568,18.146304
317,32,32,-1,-1,-1,-1,-1,17.222656,1,17.290239,0.883712,18.173951
318,32,32,-1,-1,-1,-1,-1,17.221632,1,17.289215,0.88064,18.169855
319,32,32,-1,-1,-1,-1,-1,17.216513,1,17.283072,0.878592,18.161664
320,32,32,-1,-1,-1,-1,-1,17.212416,1,17.257471,0.883712,18.141183
321,32,32,-1,-1,-1,-1,-1,17.227776,1,17.287169,0.881664,18.168832
322,32,32,-1,-1,-1,-1,-1,17.229824,1,17.296385,0.881664,18.178049
323,32,32,-1,-1,-1,-1,-1,17.22368,1,17.290239,0.884736,18.174975
324,32,32,-1,-1,-1,-1,-1,17.215488,1,17.274879,0.879616,18.154495
325,32,32,-1,-1,-1,-1,-1,17.222656,1,17.288193,0.888832,18.177025
326,32,32,-1,-1,-1,-1,-1,17.236992,1,17.304577,0.871424,18.176001
327,32,32,-1,-1,-1,-1,-1,17.247232,1,17.313791,0.882688,18.196479
328,32,32,-1,-1,-1,-1,-1,17.241089,1,17.305599,0.872448,18.178047
329,32,32,-1,-1,-1,-1,-1,17.227776,1,17.293312,0.872448,18.16576
330,32,32,-1,-1,-1,-1,-1,17.258495,1,17.314816,0.882688,18.197504
331,32,32,-1,-1,-1,-1,-1,17.256449,1,17.324032,0.881664,18.205696
332,32,32,-1,-1,-1,-1,-1,17.245184,1,17.311745,0.873472,18.185217
333,32,32,-1,-1,-1,-1,-1,17.2544,1,17.323008,0.891904,18.214912
334,32,32,-1,-1,-1,-1,-1,17.263617,1,17.329151,0.869376,18.198527
335,32,32,-1,-1,-1,-1,-1,17.25952,1,17.32608,0.881664,18.207744
336,32,32,-1,-1,-1,-1,-1,17.26976,1,17.312769,0.874496,18.187265
337,32,32,-1,-1,-1,-1,-1,17.251328,1,17.31072,0.88064,18.19136
338,32,32,-1,-1,-1,-1,-1,17.260544,1,17.329151,0.872448,18.201599
339,32,32,-1,-1,-1,-1,-1,17.275904,1,17.334272,0.88576,18.220032
340,32,32,-1,-1,-1,-1,-1,17.264641,1,17.3312,0.882688,18.213888
341,32,32,-1,-1,-1,-1,-1,17.26976,1,17.336321,0.876544,18.212865
342,32,32,-1,-1,-1,-1,-1,17.267712,1,17.333248,0.869376,18.202624
343,32,32,-1,-1,-1,-1,-1,17.275904,1,17.34144,0.873472,18.214912
344,32,32,-1,-1,-1,-1,-1,17.283072,1,17.349632,0.882688,18.23232
345,32,32,-1,-1,-1,-1,-1,17.278976,1,17.344513,0.89088,18.235393
346,32,32,-1,-1,-1,-1,-1,17.275904,1,17.334272,0.8704,18.204672
347,32,32,-1,-1,-1,-1,-1,17.280001,1,17.347584,0.874496,18.22208
348,32,32,-1,-1,-1,-1,-1,17.295361,1,17.362944,0.88064,18.243584
349,32,32,-1,-1,-1,-1,-1,17.288193,1,17.3568,0.879616,18.236416
350,32,32,-1,-1,-1,-1,-1,17.298431,1,17.362944,0.871424,18.234368
351,32,32,-1,-1,-1,-1,-1,17.292288,1,17.359873,0.879616,18.239489
352,32,32,-1,-1,-1,-1,-1,17.297407,1,17.34144,0.888832,18.230272
353,32,32,-1,-1,-1,-1,-1,17.299456,1,17.368065,0.871424,18.239489
354,32,32,-1,-1,-1,-1,-1,17.30048,1,17.358849,0.88576,18.244609
355,32,32,-1,-1,-1,-1,-1,17.298431,1,17.364992,0.882688,18.24768
356,32,32,-1,-1,-1,-1,-1,17.309696,1,17.376257,0.87552,18.251777
357,32,32,-1,-1,-1,-1,-1,17.309696,1,17.376257,0.888832,18.265089
358,32,1040,-1,-1,-1,-1,-1,-1,0,80.852989,0.878592,81.731581
359,32,32,-1,-1,-1,-1,-1,17.798143,1,17.868799,0.887808,18.756607
360,32,32,-1,-1,-1,-1,-1,17.539072,1,17.607679,0.87552,18.483199
361,32,32,-1,-1,-1,-1,-1,17.429504,1,17.488895,0.876544,18.365439
362,32,32,-1,-1,-1,-1,-1,17.392639,1,17.437696,0.871424,18.30912
363,32,1040,-1,-1,-1,-1,-1,-1,0,80.940033,0.888832,81.828865
364,32,32,-1,-1,-1,-1,-1,17.736704,1,17.805311,0.888832,18.694143
365,32,2047,-1,-1,-1,-1,-1,-1,0,137.312256,0.89088,138.203136
366,32,32,-1,-1,-1,-1,-1,17.773567,1,17.843201,0.893952,18.737153
367,32,1040,-1,-1,-1,-1,-1,-1,0,82.526207,0.884736,83.410943
368,32,32,-1,-1,-1,-1,-1,17.739777,1,17.78688,0.889856,18.676736
369,32,32,-1,-1,-1,-1,-1,17.545216,1,17.605633,0.882688,18.488321
370,32,32,-1,-1,-1,-1,-1,17.457151,1,17.526785,0.871424,18.398209
371,32,32,-1,-1,-1,-1,-1,17.398785,1,17.444864,0.88064,18.325504
372,32,32,-1,-1,-1,-1,-1,17.375233,1,17.44384,0.872448,18.316288
373,32,32,-1,-1,-1,-1,-1,17.357824,1,17.425407,0.882688,18.308095
374,32,2047,-1,-1,-1,-1,-1,-1,0,136.398849,0.879616,137.278466
375,32,32,-1,-1,-1,-1,-1,17.73568,1,17.803265,0.892928,18.696193
376,32,1040,-1,-1,-1,-1,-1,-1,0,82.212868,0.874496,83.087364
377,32,3056,-1,-1,-1,-1,-1,-1,0,203.294724,0.883712,204.178436
378,32,1040,-1,-1,-1,-1,-1,-1,0,84.312065,0.876544,85.188609
379,32,32,-1,-1,-1,-1,-1,17.753088,1,17.819649,0.89088,18.710529
380,32,2048,-1,-1,-1,-1,-1,-1,0,137.890823,0.89088,138.781703
381,32,32,-1,-1,-1,-1,-1,17.713152,1,17.772545,0.892928,18.665473
382,32,1040,-1,-1,-1,-1,-1,-1,0,81.873917,0.887808,82.761725
383,32,32,-1,-1,-1,-1,-1,17.733631,1,17.794048,0.893952,18.688
384,32,2048,-1,-1,-1,-1,-1,-1,0,139.305984,0.898048,140.204032
385,32,32,-1,-1,-1,-1,-1,17.78688,1,17.855488,0.903168,18.758656
386,32,32,-1,-1,-1,-1,-1,17.595392,1,17.654783,0.891904,18.546687
387,32,3055,-1,-1,-1,-1,-1,-1,0,201.012222,0.891904,201.904126
388,32,32,-1,-1,-1,-1,-1,17.629185,1,17.696768,0.891904,18.588672
389,32,32,-1,-1,-1,-1,-1,17.494017,1,17.553408,0.887808,18.441216
390,32,32,-1,-1,-1,-1,-1,17.376257,1,17.442816,0.884736,18.327552
391,32,2047,-1,-1,-1,-1,-1,-1,0,136.924164,0.892928,137.817092
392,32,32,-1,-1,-1,-1,-1,17.777664,1,17.844225,0.883712,18.727937
393,32,32,-1,-1,-1,-1,-1,17.451008,1,17.51552,0.88064,18.39616
394,32,32,-1,-1,-1,-1,-1,17.343489,1,17.409023,0.874496,18.283519
395,32,32,-1,-1,-1,-1,-1,17.290239,1,17.3568,0.872448,18.229248
396,32,3054,-1,-1,-1,-1,-1,-1,0,200.423431,0.88064,201.304071
397,32,1040,-1,-1,-1,-1,-1,-1,0,84.363266,0.88064,85.243906
398,32,1040,-1,-1,-1,-1,-1,-1,0,84.112381,0.87552,84.987901
399,32,32,-1,-1,-1,-1,-1,17.700865,1,17.768448,0.881664,18.650112
400,32,32,-1,-1,-1,-1,-1,17.502209,1,17.57184,0.879616,18.451456
401,32,32,-1,-1,-1,-1,-1,17.366016,1,17.432575,0.876544,18.309119
402,32,32,-1,-1,-1,-1,-1,17.320959,1,17.366016,0.872448,18.238464
403,32,32,-1,-1,-1,-1,-1,17.270784,1,17.337343,0.872448,18.209791
404,32,1040,-1,-1,-1,-1,-1,-1,0,81.241089,0.871424,82.112513
405,32,32,-1,-1,-1,-1,-1,17.699841,1,17.743872,0.887808,18.63168
406,32,1040,-1,-1,-1,-1,-1,-1,0,81.955841,0.874496,82.830337
407,32,32,-1,-1,-1,-1,-1,17.62816,1,17.694719,0.881664,18.576383
408,32,1040,-1,-1,-1,-1,-1,-1,0,82.071548,0.872448,82.943996
409,32,32,-1,-1,-1,-1,-1,17.597441,1,17.655807,0.878592,18.5344
410,32,32,-1,-1,-1,-1,-1,17.466368,1,17.533953,0.881664,18.415617
411,32,32,-1,-1,-1,-1,-1,17.334272,1,17.391617,0.878592,18.270209
412,32,32,-1,-1,-1,-1,-1,17.263617,1,17.321983,0.876544,18.198527
413,32,32,-1,-1,-1,-1,-1,17.242111,1,17.30048,0.874496,18.174976
414,32,32,-1,-1,-1,-1,-1,17.245184,1,17.31072,0.868352,18.179072
415,32,32,-1,-1,-1,-1,-1,17.253376,1,17.318913,0.8704,18.189313
416,32,32,-1,-1,-1,-1,-1,17.243135,1,17.299456,0.872448,18.171904
417,32,32,-1,-1,-1,-1,-1,17.219584,1,17.284096,0.876544,18.16064
418,32,1040,-1,-1,-1,-1,-1,-1,0,78.086143,0.869376,78.955519
419,32,32,-1,-1,-1,-1,-1,17.682432,1,17.748993,0.88064,18.629633
420,32,32,-1,-1,-1,-1,-1,17.525761,1,17.593344,0.87552,18.468864
421,32,32,-1,-1,-1,-1,-1,17.367041,1,17.411072,0.871424,18.282496
422,32,1040,-1,-1,-1,-1,-1,-1,0,81.380348,0.877568,82.257916
423,32,32,-1,-1,-1,-1,-1,17.677313,1,17.743872,0.888832,18.632704
424,32,32,-1,-1,-1,-1,-1,17.641472,1,17.708033,0.893952,18.601985
425,32,32,-1,-1,-1,-1,-1,17.652737,1,17.72032,0.887808,18.608128
426,32,32,-1,-1,-1,-1,-1,17.63328,1,17.691648,0.873472,18.56512
427,32,32,-1,-1,-1,-1,-1,17.241089,1,17.305599,0.872448,18.178047
428,32,32,-1,-1,-1,-1,-1,17.231873,1,17.296385,0.873472,18.169857
429,32,32,-1,-1,-1,-1,-1,17.242111,1,17.308672,0.871424,18.180096
430,32,32,-1,-1,-1,-1,-1,17.197056,1,17.262592,0.8704,18.132992
431,32,32,-1,-1,-1,-1,-1,17.176577,1,17.241089,0.873472,18.114561
432,32,32,-1,-1,-1,-1,-1,17.188864,1,17.246208,0.869376,18.115584
433,32,32,-1,-1,-1,-1,-1,17.177601,1,17.221632,0.871424,18.093056
434,32,32,-1,-1,-1,-1,-1,17.176577,1,17.241089,0.8704,18.111489
435,32,32,-1,-1,-1,-1,-1,17.208321,1,17.271809,0.872448,18.144257
436,32,32,-1,-1,-1,-1,-1,17.188864,1,17.253376,0.869376,18.122752
437,32,32,-1,-1,-1,-1,-1,17.215488,1,17.257471,0.871424,18.128895
438,32,32,-1,-1,-1,-1,-1,17.219584,1,17.274879,0.872448,18.147327
439,32,32,-1,-1,-1,-1,-1,17.215488,1,17.271809,0.872448,18.144257
440,32,32,-1,-1,-1,-1,-1,17.230848,1,17.289215,0.867328,18.156543
441,32,32,-1,-1,-1,-1,-1,17.22368,1,17.288193,0.874496,18.162689
442,32,32,-1,-1,-1,-1,-1,17.219584,1,17.28512,0.868352,18.153472
443,32,32,-1,-1,-1,-1,-1,17.23904,1,17.302528,0.87552,18.178048
444,32,32,-1,-1,-1,-1,-1,17.220608,1,17.286144,0.866304,18.152448
445,32,32,-1,-1,-1,-1,-1,17.2288,1,17.293312,0.874496,18.167808
446,32,32,-1,-1,-1,-1,-1,17.218559,1,17.284096,0.873472,18.157568
447,32,32,-1,-1,-1,-1,-1,17.22368,1,17.288193,0.871424,18.159617
448,32,32,-1,-1,-1,-1,-1,17.224705,1,17.289215,0.867328,18.156543
449,32,32,-1,-1,-1,-1,-1,17.225727,1,17.266687,0.869376,18.136063
450,32,32,-1,-1,-1,-1,-1,17.226751,1,17.291264,0.873472,18.164736
451,32,32,-1,-1,-1,-1,-1,17.232897,1,17.298431,0.869376,18.167807
452,32,32,-1,-1,-1,-1,-1,17.238016,1,17.294336,0.871424,18.16576
453,32,32,-1,-1,-1,-1,-1,17.241089,1,17.283072,0.872448,18.15552
454,32,32,-1,-1,-1,-1,-1,17.241089,1,17.299456,0.866304,18.16576
455,32,32,-1,-1,-1,-1,-1,17.240065,1,17.305599,0.869376,18.174975
456,32,32,-1,-1,-1,-1,-1,17.246208,1,17.312769,0.872448,18.185217
457,32,32,-1,-1,-1,-1,-1,17.240065,1,17.304577,0.873472,18.178049
458,32,32,-1,-1,-1,-1,-1,17.256449,1,17.320959,0.871424,18.192383
459,32,32,-1,-1,-1,-1,-1,17.262592,1,17.32608,0.872448,18.198528
460,32,32,-1,-1,-1,-1,-1,17.258495,1,17.316864,0.872448,18.189312
461,32,32,-1,-1,-1,-1,-1,17.262592,1,17.328129,0.873472,18.201601
462,32,32,-1,-1,-1,-1,-1,17.250303,1,17.314816,0.868352,18.183168
463,32,32,-1,-1,-1,-1,-1,17.25952,1,17.323008,0.876544,18.199552
464,32,32,-1,-1,-1,-1,-1,17.272833,1,17.338367,0.868352,18.206719
465,32,32,-1,-1,-1,-1,-1,17.265663,1,17.308672,0.87552,18.184192
466,32,32,-1,-1,-1,-1,-1,17.276928,1,17.34144,0.871424,18.212864
467,32,32,-1,-1,-1,-1,-1,17.261568,1,17.327105,0.868352,18.195457
468,32,32,-1,-1,-1,-1,-1,17.275904,1,17.339392,0.872448,18.21184
469,32,32,-1,-1,-1,-1,-1,17.258495,1,17.301504,0.872448,18.173952
470,32,32,-1,-1,-1,-1,-1,17.270784,1,17.337343,0.869376,18.206719
471,32,32,-1,-1,-1,-1,-1,17.270784,1,17.335297,0.874496,18.209793
472,32,32,-1,-1,-1,-1,-1,17.292288,1,17.3568,0.869376,18.226176
473,32,32,-1,-1,-1,-1,-1,17.291264,1,17.348608,0.874496,18.223104
474,32,32,-1,-1,-1,-1,-1,17.272833,1,17.329151,0.866304,18.195455
475,32,32,-1,-1,-1,-1,-1,17.282047,1,17.34656,0.874496,18.221056
476,32,32,-1,-1,-1,-1,-1,17.299456,1,17.363968,0.868352,18.23232
477,32,32,-1,-1,-1,-1,-1,17.301504,1,17.368065,0.86528,18.233345
478,32,32,-1,-1,-1,-1,-1,17.291264,1,17.3568,0.874496,18.231296
479,32,32,-1,-1,-1,-1,-1,17.299456,1,17.363968,0.872448,18.236416
480,32,32,-1,-1,-1,-1,-1,17.294336,1,17.351681,0.87552,18.227201
481,32,32,-1,-1,-1,-1,-1,17.283072,1,17.327105,0.871424,18.198529
482,32,32,-1,-1,-1,-1,-1,17.318913,1,17.384447,0.86528,18.249727
483,32,32,-1,-1,-1,-1,-1,17.311745,1,17.376257,0.871424,18.247681
484,32,32,-1,-1,-1,-1,-1,17.328129,1,17.393663,0.86528,18.258943
485,32,1040,-1,-1,-1,-1,-1,-1,0,81.014786,0.882688,81.897474
486,32,32,-1,-1,-1,-1,-1,17.740801,1,17.808384,0.88064,18.689024
487,32,1039,-1,-1,-1,-1,-1,-1,0,81.991676,0.876544,82.86822
488,32,32,-1,-1,-1,-1,-1,17.747969,1,17.814528,0.881664,18.696191
489,32,1040,-1,-1,-1,-1,-1,-1,0,82.253822,0.879616,83.133438
490,32,32,-1,-1,-1,-1,-1,17.770496,1,17.828863,0.886784,18.715647
491,32,32,-1,-1,-1,-1,-1,17.775616,1,17.819649,0.882688,18.702337
492,32,32,-1,-1,-1,-1,-1,17.766399,1,17.83296,0.881664,18.714624
493,32,32,-1,-1,-1,-1,-1,17.758207,1,17.824768,0.872448,18.697216
494,32,32,-1,-1,-1,-1,-1,17.383425,1,17.447935,0.867328,18.315263
495,32,1040,-1,-1,-1,-1,-1,-1,0,81.019905,0.874496,81.894401
496,32,1040,-1,-1,-1,-1,-1,-1,0,83.737602,0.876544,84.614146
497,32,1040,-1,-1,-1,-1,-1,-1,0,83.718147,0.874496,84.592643
498,32,32,-1,-1,-1,-1,-1,17.724417,1,17.781759,0.877568,18.659327
499,32,1040,-1,-1,-1,-1,-1,-1,0,81.970177,0.879616,82.849793
500,32,32,-1,-1,-1,-1,-1,17.714176,1,17.781759,0.88064,18.662399
501,32,1040,-1,-1,-1,-1,-1,-1,0,82.228226,0.877568,83.105794
502,32,32,-1,-1,-1,-1,-1,17.726463,1,17.793024,0.881664,18.674688
503,32,1040,-1,-1,-1,-1,-1,-1,0,82.342911,0.873472,83.216383
504,32,2048,-1,-1,-1,-1,-1,-1,0,140.081146,0.878592,140.959738
505,32,32,-1,-1,-1,-1,-1,17.758207,1,17.824768,0.882688,18.707456
506,32,32,-1,-1,-1,-1,-1,17.598463,1,17.642496,0.874496,18.516992
507,32,32,-1,-1,-1,-1,-1,17.449984,1,17.494017,0.874496,18.368513
508,32,1040,-1,-1,-1,-1,-1,-1,0,81.381378,0.876544,82.257922
509,32,1040,-1,-1,-1,-1,-1,-1,0,83.71917,0.879616,84.598786
510,32,32,-1,-1,-1,-1,-1,17.712128,1,17.769472,0.87552,18.644992
511,32,1040,-1,-1,-1,-1,-1,-1,0,82.372604,0.872448,83.245052
512,32,2048,-1,-1,-1,-1,-1,-1,0,138.776581,0.874496,139.651077
513,32,32,-1,-1,-1,-1,-1,17.693695,1,17.750015,0.883712,18.633727
514,32,2047,-1,-1,-1,-1,-1,-1,0,138.928131,0.877568,139.805699
515,32,32,-1,-1,-1,-1,-1,17.701887,1,17.768448,0.883712,18.65216
516,32,2048,-1,-1,-1,-1,-1,-1,0,138.784775,0.881664,139.666439
517,32,32,-1,-1,-1,-1,-1,17.778688,1,17.847296,0.878592,18.725888
518,32,1040,-1,-1,-1,-1,-1,-1,0,82.449409,0.878592,83.328001
519,32,32,-1,-1,-1,-1,-1,17.694719,1,17.760256,0.881664,18.64192
520,32,1040,-1,-1,-1,-1,-1,-1,0,82.582527,0.87552,83.458047
521,32,32,-1,-1,-1,-1,-1,17.667072,1,17.724417,0.88064,18.605057
522,32,32,-1,-1,-1,-1,-1,17.504255,1,17.548288,0.873472,18.42176
523,32,32,-1,-1,-1,-1,-1,17.39776,1,17.440767,0.8704,18.311167
524,32,32,-1,-1,-1,-1,-1,17.338367,1,17.396736,0.873472,18.270208
525,32,32,-1,-1,-1,-1,-1,17.299456,1,17.364992,0.8704,18.235392
526,32,32,-1,-1,-1,-1,-1,17.305599,1,17.347584,0.872448,18.220032
527,32,2047,-1,-1,-1,-1,-1,-1,0,136.603653,0.881664,137.485317
528,32,32,-1,-1,-1,-1,-1,17.685505,1,17.74592,0.883712,18.629632
529,32,32,-1,-1,-1,-1,-1,17.579008,1,17.644545,0.878592,18.523137
530,32,1040,-1,-1,-1,-1,-1,-1,0,81.738754,0.872448,82.611202
531,32,32,-1,-1,-1,-1,-1,17.65888,1,17.725439,0.876544,18.601983
532,32,32,-1,-1,-1,-1,-1,17.524736,1,17.582081,0.874496,18.456577
533,32,32,-1,-1,-1,-1,-1,17.388544,1,17.455105,0.874496,18.329601
534,32,1040,-1,-1,-1,-1,-1,-1,0,81.181694,0.871424,82.053118
535,32,32,-1,-1,-1,-1,-1,17.684481,1,17.750015,0.878592,18.628607
536,32,32,-1,-1,-1,-1,-1,17.507328,1,17.572865,0.877568,18.450433
537,32,2048,-1,-1,-1,-1,-1,-1,0,138.396667,0.881664,139.278331
538,32,32,-1,-1,-1,-1,-1,17.76128,1,17.806335,0.886784,18.693119
539,32,32,-1,-1,-1,-1,-1,17.467392,1,17.512447,0.87552,18.387967
540,32,2048,-1,-1,-1,-1,-1,-1,0,137.696259,0.879616,138.575875
541,32,32,-1,-1,-1,-1,-1,17.697792,1,17.765375,0.883712,18.649087
542,32,32,-1,-1,-1,-1,-1,17.540096,1,17.585152,0.878592,18.463744
543,32,2048,-1,-1,-1,-1,-1,-1,0,137.764862,0.883712,138.648574
544,32,32,-1,-1,-1,-1,-1,17.659904,1,17.726463,0.881664,18.608127
545,32,32,-1,-1,-1,-1,-1,17.486849,1,17.544191,0.874496,18.418687
546,32,32,-1,-1,-1,-1,-1,17.350657,1,17.416191,0.874496,18.290687
547,32,32,-1,-1,-1,-1,-1,17.30048,1,17.367041,0.877568,18.244609
548,32,32,-1,-1,-1,-1,-1,17.253376,1,17.318913,0.8704,18.189313
549,32,32,-1,-1,-1,-1,-1,17.231873,1,17.295361,0.88064,18.176001
550,32,32,-1,-1,-1,-1,-1,17.236992,1,17.294336,0.869376,18.163712
551,32,32,-1,-1,-1,-1,-1,17.231873,1,17.295361,0.869376,18.164737
552,32,32,-1,-1,-1,-1,-1,17.226751,1,17.291264,0.8704,18.161664
553,32,32,-1,-1,-1,-1,-1,17.176577,1,17.233919,0.867328,18.101247
554,32,32,-1,-1,-1,-1,-1,17.196032,1,17.238016,0.869376,18.107392
555,32,32,-1,-1,-1,-1,-1,17.173504,1,17.215488,0.868352,18.08384
556,32,32,-1,-1,-1,-1,-1,17.191936,1,17.248257,0.8704,18.118657
557,32,32,-1,-1,-1,-1,-1,17.18272,1,17.247232,0.871424,18.118656
558,32,32,-1,-1,-1,-1,-1,17.185793,1,17.226751,0.873472,18.100223
559,32,32,-1,-1,-1,-1,-1,17.18272,1,17.247232,0.879616,18.126848
560,32,32,-1,-1,-1,-1,-1,17.191936,1,17.247232,0.867328,18.11456
561,32,32,-1,-1,-1,-1,-1,17.201153,1,17.265663,0.872448,18.138111
562,32,32,-1,-1,-1,-1,-1,17.219584,1,17.284096,0.867328,18.151424
563,32,32,-1,-1,-1,-1,-1,17.201153,1,17.257471,0.873472,18.130943
564,32,32,-1,-1,-1,-1,-1,17.210367,1,17.267712,0.876544,18.144256
565,32,32,-1,-1,-1,-1,-1,17.211391,1,17.275904,0.869376,18.14528
566,32,32,-1,-1,-1,-1,-1,17.189888,1,17.2544,0.866304,18.120704
567,32,32,-1,-1,-1,-1,-1,17.215488,1,17.26976,0.8704,18.14016
568,32,32,-1,-1,-1,-1,-1,17.211391,1,17.275904,0.874496,18.1504
569,32,32,-1,-1,-1,-1,-1,17.216513,1,17.271809,0.868352,18.140161
570,32,32,-1,-1,-1,-1,-1,17.217537,1,17.25952,0.868352,18.127872
571,32,32,-1,-1,-1,-1,-1,17.220608,1,17.262592,0.874496,18.137088
572,32,32,-1,-1,-1,-1,-1,17.215488,1,17.272833,0.871424,18.144257
573,32,32,-1,-1,-1,-1,-1,17.206272,1,17.26976,0.872448,18.142208
574,32,32,-1,-1,-1,-1,-1,17.242111,1,17.284096,0.8704,18.154496
575,32,32,-1,-1,-1,-1,-1,17.2288,1,17.293312,0.872448,18.16576
576,32,32,-1,-1,-1,-1,-1,17.229824,1,17.294336,0.871424,18.16576
577,32,32,-1,-1,-1,-1,-1,17.231873,1,17.294336,0.869376,18.163712
578,32,32,-1,-1,-1,-1,-1,17.24416,1,17.30048,0.868352,18.168832
579,32,32,-1,-1,-1,-1,-1,17.23904,1,17.303553,0.871424,18.174977
580,32,32,-1,-1,-1,-1,-1,17.247232,1,17.313791,0.869376,18.183167
581,32,32,-1,-1,-1,-1,-1,17.245184,1,17.309696,0.87552,18.185216
582,32,32,-1,-1,-1,-1,-1,17.257471,1,17.321983,0.88576,18.207743
583,32,32,-1,-1,-1,-1,-1,17.229824,1,17.294336,0.873472,18.167808
584,32,32,-1,-1,-1,-1,-1,17.252352,1,17.31584,0.8704,18.18624
585,32,32,-1,-1,-1,-1,-1,17.264641,1,17.330175,0.867328,18.197503
586,32,32,-1,-1,-1,-1,-1,17.250303,1,17.292288,0.876544,18.168832
587,32,32,-1,-1,-1,-1,-1,17.260544,1,17.301504,0.871424,18.172928
588,32,32,-1,-1,-1,-1,-1,17.26976,1,17.333248,0.871424,18.204672
589,32,32,-1,-1,-1,-1,-1,17.280001,1,17.343489,0.867328,18.210817
590,32,32,-1,-1,-1,-1,-1,17.265663,1,17.308672,0.8704,18.179072
591,32,32,-1,-1,-1,-1,-1,17.263617,1,17.328129,0.872448,18.200577
592,32,32,-1,-1,-1,-1,-1,17.267712,1,17.324032,0.866304,18.190336
593,32,32,-1,-1,-1,-1,-1,17.281025,1,17.344513,0.8704,18.214913
594,32,32,-1,-1,-1,-1,-1,17.28512,1,17.349632,0.8704,18.220032
595,32,32,-1,-1,-1,-1,-1,17.278976,1,17.344513,0.872448,18.216961
596,32,32,-1,-1,-1,-1,-1,17.282047,1,17.347584,0.8704,18.217984
597,32,32,-1,-1,-1,-1,-1,17.283072,1,17.347584,0.874496,18.22208
598,32,32,-1,-1,-1,-1,-1,17.303553,1,17.369087,0.873472,18.242559
599,32,1039,-1,-1,-1,-1,-1,-1,0,81.119232,0.872448,81.99168
600,32,32,-1,-1,-1,-1,-1,17.767424,1,17.83296,0.884736,18.717696
601,32,32,-1,-1,-1,-1,-1,17.537024,1,17.604609,0.881664,18.486273
602,32,32,-1,-1,-1,-1,-1,17.420288,1,17.462273,0.879616,18.341889
603,32,32,-1,-1,-1,-1,-1,17.353727,1,17.396736,0.869376,18.266112
604,32,32,-1,-1,-1,-1,-1,17.349632,1,17.414145,0.867328,18.281473
605,32,32,-1,-1,-1,-1,-1,17.329151,1,17.391617,0.873472,18.265089
606,32,32,-1,-1,-1,-1,-1,17.345535,1,17.386496,0.873472,18.259968
607,32,32,-1,-1,-1,-1,-1,17.351681,1,17.416191,0.87552,18.291711
608,32,32,-1,-1,-1,-1,-1,17.318913,1,17.375233,0.871424,18.246657
609,32,32,-1,-1,-1,-1,-1,17.313791,1,17.378304,0.873472,18.251776
610,32,1040,-1,-1,-1,-1,-1,-1,0,81.401855,0.874496,82.276351
611,32,32,-1,-1,-1,-1,-1,17.770496,1,17.830912,0.874496,18.705408
612,32,32,-1,-1,-1,-1,-1,17.584127,1,17.649664,0.873472,18.523136
613,32,32,-1,-1,-1,-1,-1,17.458176,1,17.522688,0.872448,18.395136
614,32,32,-1,-1,-1,-1,-1,17.422337,1,17.488895,0.877568,18.366463
615,32,32,-1,-1,-1,-1,-1,17.355776,1,17.412096,0.873472,18.285568
616,32,32,-1,-1,-1,-1,-1,17.377279,1,17.435648,0.874496,18.310144
617,32,32,-1,-1,-1,-1,-1,17.380352,1,17.447935,0.874496,18.322431
618,32,2047,-1,-1,-1,-1,-1,-1,0,137.452545,0.883712,138.336257
619,32,32,-1,-1,-1,-1,-1,17.831936,1,17.897472,0.889856,18.787328
620,32,32,-1,-1,-1,-1,-1,17.820671,1,17.88928,0.892928,18.782208
621,32,32,-1,-1,-1,-1,-1,17.825792,1,17.892351,0.88576,18.778111
622,32,32,-1,-1,-1,-1,-1,17.815552,1,17.862656,0.888832,18.751488
623,32,32,-1,-1,-1,-1,-1,17.548288,1,17.616896,0.872448,18.489344
624,32,32,-1,-1,-1,-1,-1,17.375233,1,17.441792,0.872448,18.31424
625,32,32,-1,-1,-1,-1,-1,17.376257,1,17.439745,0.874496,18.314241
626,32,2048,-1,-1,-1,-1,-1,-1,0,137.272324,0.879616,138.15194
627,32,32,-1,-1,-1,-1,-1,17.821695,1,17.888256,0.881664,18.76992
628,32,32,-1,-1,-1,-1,-1,17.653761,1,17.721344,0.877568,18.598912
629,32,1040,-1,-1,-1,-1,-1,-1,0,81.803261,0.87552,82.678781
630,32,2047,-1,-1,-1,-1,-1,-1,0,140.287994,0.879616,141.16761
631,32,1040,-1,-1,-1,-1,-1,-1,0,84.014076,0.871424,84.8855
632,32,1040,-1,-1,-1,-1,-1,-1,0,84.206589,0.869376,85.075965
633,32,2048,-1,-1,-1,-1,-1,-1,0,139.274246,0.883712,140.157958
634,32,3056,-1,-1,-1,-1,-1,-1,0,205.061127,0.884736,205.945863
635,32,32,-1,-1,-1,-1,-1,17.8176,1,17.884159,0.879616,18.763775
636,32,32,-1,-1,-1,-1,-1,17.552383,1,17.618944,0.874496,18.49344
637,32,32,-1,-1,-1,-1,-1,17.419264,1,17.462273,0.874496,18.336769
638,32,1040,-1,-1,-1,-1,-1,-1,0,81.380348,0.87552,82.255868
639,32,1040,-1,-1,-1,-1,-1,-1,0,83.699715,0.874496,84.574211
640,32,4064,-1,-1,-1,-1,-1,-1,0,264.08551,0.878592,264.964102
641,32,32,-1,-1,-1,-1,-1,17.762304,1,17.80736,0.877568,18.684928
642,32,32,-1,-1,-1,-1,-1,17.527807,1,17.596416,0.873472,18.469888
643,32,32,-1,-1,-1,-1,-1,17.360895,1,17.404928,0.877568,18.282496
644,32,32,-1,-1,-1,-1,-1,17.32608,1,17.369087,0.876544,18.245631
645,32,1040,-1,-1,-1,-1,-1,-1,0,81.040382,0.876544,81.916926
646,32,32,-1,-1,-1,-1,-1,17.6896,1,17.755136,0.883712,18.638848
647,32,32,-1,-1,-1,-1,-1,17.461248,1,17.521664,0.87552,18.397184
648,32,32,-1,-1,-1,-1,-1,17.375233,1,17.433599,0.881664,18.315263
649,32,32,-1,-1,-1,-1,-1,17.266687,1,17.332224,0.873472,18.205696
650,32,32,-1,-1,-1,-1,-1,17.263617,1,17.329151,0.874496,18.203647
651,32,32,-1,-1,-1,-1,-1,17.256449,1,17.320959,0.868352,18.189311
652,32,32,-1,-1,-1,-1,-1,17.267712,1,17.32608,0.872448,18.198528
653,32,32,-1,-1,-1,-1,-1,17.261568,1,17.304577,0.868352,18.172929
654,32,1040,-1,-1,-1,-1,-1,-1,0,81.245186,0.873472,82.118658
655,32,32,-1,-1,-1,-1,-1,17.709057,1,17.775616,0.882688,18.658304
656,32,32,-1,-1,-1,-1,-1,17.545216,1,17.611776,0.87552,18.487296
657,32,32,-1,-1,-1,-1,-1,17.394688,1,17.438721,0.87552,18.314241
658,32,32,-1,-1,-1,-1,-1,17.350657,1,17.415169,0.872448,18.287617
659,32,32,-1,-1,-1,-1,-1,17.297407,1,17.340416,0.869376,18.209792
660,32,32,-1,-1,-1,-1,-1,17.281025,1,17.324032,0.871424,18.195456
661,32,32,-1,-1,-1,-1,-1,17.268736,1,17.334272,0.87552,18.209792
662,32,1040,-1,-1,-1,-1,-1,-1,0,80.209923,0.88064,81.090563
663,32,3056,-1,-1,-1,-1,-1,-1,0,203.073532,0.883712,203.957244
664,32,32,-1,-1,-1,-1,-1,17.724417,1,17.792,0.88576,18.67776
665,32,2047,-1,-1,-1,-1,-1,-1,0,138.469376,0.881664,139.35104
666,32,1040,-1,-1,-1,-1,-1,-1,0,83.85331,0.883712,84.737022
667,32,32,-1,-1,-1,-1,-1,17.631231,1,17.696768,0.881664,18.578432
668,32,32,-1,-1,-1,-1,-1,17.558529,1,17.61792,0.873472,18.491392
669,32,32,-1,-1,-1,-1,-1,17.389568,1,17.432575,0.876544,18.309119
670,32,32,-1,-1,-1,-1,-1,17.314816,1,17.381376,0.872448,18.253824
671,32,32,-1,-1,-1,-1,-1,17.258495,1,17.31584,0.8704,18.18624
672,32,32,-1,-1,-1,-1,-1,17.260544,1,17.325056,0.872448,18.197504
673,32,32,-1,-1,-1,-1,-1,17.256449,1,17.30048,0.871424,18.171904
674,32,32,-1,-1,-1,-1,-1,17.26976,1,17.334272,0.873472,18.207744
675,32,32,-1,-1,-1,-1,-1,17.219584,1,17.262592,0.8704,18.132992
676,32,32,-1,-1,-1,-1,-1,17.230848,1,17.274879,0.872448,18.147327
677,32,32,-1,-1,-1,-1,-1,17.230848,1,17.295361,0.864256,18.159617
678,32,32,-1,-1,-1,-1,-1,17.217537,1,17.282047,0.871424,18.153471
679,32,32,-1,-1,-1,-1,-1,17.217537,1,17.283072,0.867328,18.1504
680,32,32,-1,-1,-1,-1,-1,17.218559,1,17.284096,0.87552,18.159616
681,32,32,-1,-1,-1,-1,-1,17.214464,1,17.278976,0.872448,18.151424
682,32,32,-1,-1,-1,-1,-1,17.227776,1,17.292288,0.877568,18.169856
683,32,1040,-1,-1,-1,-1,-1,-1,0,80.626686,0.877568,81.504254
684,32,32,-1,-1,-1,-1,-1,17.763329,1,17.80736,0.889856,18.697216
685,32,32,-1,-1,-1,-1,-1,17.513472,1,17.558529,0.88064,18.439169
686,32,32,-1,-1,-1,-1,-1,17.389568,1,17.455105,0.87552,18.330625
687,32,32,-1,-1,-1,-1,-1,17.334272,1,17.390593,0.877568,18.268161
688,32,32,-1,-1,-1,-1,-1,17.273855,1,17.330175,0.87552,18.205695
689,32,32,-1,-1,-1,-1,-1,17.260544,1,17.302528,0.877568,18.180096
690,32,32,-1,-1,-1,-1,-1,17.265663,1,17.332224,0.872448,18.204672
691,32,32,-1,-1,-1,-1,-1,17.26976,1,17.311745,0.872448,18.184193
692,32,32,-1,-1,-1,-1,-1,17.274879,1,17.317888,0.874496,18.192384
693,32,32,-1,-1,-1,-1,-1,17.221632,1,17.287169,0.874496,18.161664
694,32,32,-1,-1,-1,-1,-1,17.203199,1,17.267712,0.871424,18.139136
695,32,32,-1,-1,-1,-1,-1,17.22368,1,17.287169,0.873472,18.16064
696,32,32,-1,-1,-1,-1,-1,17.227776,1,17.292288,0.871424,18.163712
697,32,32,-1,-1,-1,-1,-1,17.214464,1,17.278976,0.8704,18.149376
698,32,32,-1,-1,-1,-1,-1,17.226751,1,17.292288,0.878592,18.17088
699,32,32,-1,-1,-1,-1,-1,17.226751,1,17.291264,0.873472,18.164736
700,32,32,-1,-1,-1,-1,-1,17.226751,1,17.26976,0.874496,18.144256
701,32,32,-1,-1,-1,-1,-1,17.24416,1,17.286144,0.8704,18.156544
702,32,32,-1,-1,-1,-1,-1,17.258495,1,17.323008,0.874496,18.197504
703,32,32,-1,-1,-1,-1,-1,17.253376,1,17.31584,0.87552,18.19136
704,32,32,-1,-1,-1,-1,-1,17.240065,1,17.305599,0.876544,18.182143
705,32,32,-1,-1,-1,-1,-1,17.241089,1,17.283072,0.873472,18.156543
706,32,32,-1,-1,-1,-1,-1,17.24416,1,17.308672,0.877568,18.18624
707,32,32,-1,-1,-1,-1,-1,17.256449,1,17.299456,0.874496,18.173952
708,32,32,-1,-1,-1,-1,-1,17.267712,1,17.309696,0.866304,18.176
709,32,32,-1,-1,-1,-1,-1,17.255424,1,17.320959,0.873472,18.194431
710,32,32,-1,-1,-1,-1,-1,17.255424,1,17.311745,0.873472,18.185217
711,32,32,-1,-1,-1,-1,-1,17.247232,1,17.311745,0.867328,18.179073
712,32,32,-1,-1,-1,-1,-1,17.258495,1,17.323008,0.869376,18.192384
713,32,32,-1,-1,-1,-1,-1,17.261568,1,17.327105,0.874496,18.201601
714,32,32,-1,-1,-1,-1,-1,17.264641,1,17.329151,0.873472,18.202623
715,32,32,-1,-1,-1,-1,-1,17.275904,1,17.333248,0.871424,18.204672
716,32,32,-1,-1,-1,-1,-1,17.273855,1,17.31584,0.869376,18.185216
717,32,32,-1,-1,-1,-1,-1,17.277952,1,17.318913,0.866304,18.185216
718,32,32,-1,-1,-1,-1,-1,17.28512,1,17.34144,0.87552,18.21696
719,32,32,-1,-1,-1,-1,-1,17.283072,1,17.34656,0.874496,18.221056
720,32,32,-1,-1,-1,-1,-1,17.301504,1,17.366016,0.877568,18.243584
721,32,32,-1,-1,-1,-1,-1,17.299456,1,17.34144,0.872448,18.213888
722,32,32,-1,-1,-1,-1,-1,17.276928,1,17.342464,0.872448,18.214912
723,32,32,-1,-1,-1,-1,-1,17.293312,1,17.335297,0.872448,18.207745
724,32,32,-1,-1,-1,-1,-1,17.291264,1,17.334272,0.876544,18.210816
725,32,32,-1,-1,-1,-1,-1,17.302528,1,17.368065,0.872448,18.240513
726,32,32,-1,-1,-1,-1,-1,17.299456,1,17.363968,0.868352,18.23232
727,32,32,-1,-1,-1,-1,-1,17.299456,1,17.363968,0.872448,18.236416
728,32,32,-1,-1,-1,-1,-1,17.303553,1,17.371136,0.869376,18.240512
729,32,32,-1,-1,-1,-1,-1,17.299456,1,17.3568,0.874496,18.231296
730,32,32,-1,-1,-1,-1,-1,17.309696,1,17.366016,0.8704,18.236416
731,32,32,-1,-1,-1,-1,-1,17.31072,1,17.375233,0.869376,18.244609
732,32,32,-1,-1,-1,-1,-1,17.304577,1,17.34656,0.868352,18.214912
733,32,32,-1,-1,-1,-1,-1,17.327105,1,17.370111,0.866304,18.236415
734,32,1040,-1,-1,-1,-1,-1,-1,0,81.300484,0.87552,82.176004
735,32,32,-1,-1,-1,-1,-1,17.809408,1,17.874945,0.881664,18.756609
736,32,32,-1,-1,-1,-1,-1,17.662975,1,17.731585,0.877568,18.609153
737,32,32,-1,-1,-1,-1,-1,17.488895,1,17.532928,0.876544,18.409472
738,32,32,-1,-1,-1,-1,-1,17.447935,1,17.514496,0.873472,18.387968
739,32,1039,-1,-1,-1,-1,-1,-1,0,80.928764,0.88064,81.809404
740,32,32,-1,-1,-1,-1,-1,17.820671,1,17.886208,0.881664,18.767872
741,32,32,-1,-1,-1,-1,-1,17.60256,1,17.664,0.882688,18.546688
742,32,32,-1,-1,-1,-1,-1,17.483776,1,17.541121,0.871424,18.412545
743,32,32,-1,-1,-1,-1,-1,17.431553,1,17.497087,0.871424,18.368511
744,32,1040,-1,-1,-1,-1,-1,-1,0,81.290237,0.872448,82.162685
745,32,32,-1,-1,-1,-1,-1,17.810432,1,17.87904,0.88576,18.7648
746,32,1040,-1,-1,-1,-1,-1,-1,0,83.676163,0.877568,84.553731
747,32,1040,-1,-1,-1,-1,-1,-1,0,84.158463,0.879616,85.038079
748,32,1039,-1,-1,-1,-1,-1,-1,0,83.808258,0.876544,84.684802
749,32,32,-1,-1,-1,-1,-1,17.781759,1,17.84832,0.891904,18.740224
750,32,1040,-1,-1,-1,-1,-1,-1,0,81.897469,0.87552,82.772989
751,32,32,-1,-1,-1,-1,-1,17.789951,1,17.856512,0.887808,18.74432
752,32,1039,-1,-1,-1,-1,-1,-1,0,82.082817,0.876544,82.959361
753,32,32,-1,-1,-1,-1,-1,17.775616,1,17.840128,0.887808,18.727936
754,32,32,-1,-1,-1,-1,-1,17.526785,1,17.569792,0.879616,18.449408
755,32,1040,-1,-1,-1,-1,-1,-1,0,81.893379,0.878592,82.771971
756,32,32,-1,-1,-1,-1,-1,17.764353,1,17.829887,0.879616,18.709503
757,32,32,-1,-1,-1,-1,-1,17.698816,1,17.765375,0.876544,18.641919
758,32,32,-1,-1,-1,-1,-1,17.416191,1,17.481728,0.876544,18.358272
759,32,1040,-1,-1,-1,-1,-1,-1,0,81.446915,0.876544,82.323459
760,32,1040,-1,-1,-1,-1,-1,-1,0,84.192253,0.87552,85.067773
761,32,1040,-1,-1,-1,-1,-1,-1,0,83.702782,0.878592,84.581374
762,32,1040,-1,-1,-1,-1,-1,-1,0,83.749886,0.878592,84.628478
763,32,32,-1,-1,-1,-1,-1,17.700865,1,17.767424,0.881664,18.649088
764,32,2048,-1,-1,-1,-1,-1,-1,0,138.573822,0.882688,139.45651
765,32,32,-1,-1,-1,-1,-1,17.760256,1,17.826817,0.876544,18.703361
766,32,32,-1,-1,-1,-1,-1,17.601536,1,17.669121,0.879616,18.548737
767,32,32,-1,-1,-1,-1,-1,17.425407,1,17.482752,0.877568,18.36032
768,32,2048,-1,-1,-1,-1,-1,-1,0,139.01619,0.884736,139.900926
769,32,32,-1,-1,-1,-1,-1,17.80224,1,17.868799,0.884736,18.753535
770,32,1040,-1,-1,-1,-1,-1,-1,0,82.131966,0.872448,83.004414
771,32,32,-1,-1,-1,-1,-1,17.677313,1,17.733631,0.883712,18.617343
772,32,32,-1,-1,-1,-1,-1,17.650688,1,17.710079,0.88064,18.590719
773,32,32,-1,-1,-1,-1,-1,17.640448,1,17.705984,0.883712,18.589696
774,32,1040,-1,-1,-1,-1,-1,-1,0,81.839104,0.87552,82.714624
775,32,2048,-1,-1,-1,-1,-1,-1,0,140.450821,0.882688,141.333509
776,32,2048,-1,-1,-1,-1,-1,-1,0,140.115967,0.886784,141.002751
777,32,32,-1,-1,-1,-1,-1,17.713152,1,17.772545,0.888832,18.661377
778,32,32,-1,-1,-1,-1,-1,17.551359,1,17.619968,0.877568,18.497536
779,32,1039,-1,-1,-1,-1,-1,-1,0,81.895424,0.873472,82.768896
780,32,32,-1,-1,-1,-1,-1,17.668097,1,17.732609,0.884736,18.617345
781,32,32,-1,-1,-1,-1,-1,17.557505,1,17.622017,0.881664,18.503681
782,32,32,-1,-1,-1,-1,-1,17.422337,1,17.488895,0.879616,18.368511
783,32,32,-1,-1,-1,-1,-1,17.3312,1,17.374208,0.877568,18.251776
784,32,1040,-1,-1,-1,-1,-1,-1,0,81.510399,0.87552,82.385919
785,32,32,-1,-1,-1,-1,-1,17.650688,1,17.716225,0.882688,18.598913
786,32,32,-1,-1,-1,-1,-1,17.475584,1,17.532928,0.879616,18.412544
787,32,1040,-1,-1,-1,-1,-1,-1,0,82.153473,0.878592,83.032065
788,32,1040,-1,-1,-1,-1,-1,-1,0,84.121597,0.871424,84.993021
789,32,2048,-1,-1,-1,-1,-1,-1,0,139.574265,0.878592,140.452857
790,32,32,-1,-1,-1,-1,-1,17.692673,1,17.759232,0.88064,18.639872
791,32,1040,-1,-1,-1,-1,-1,-1,0,82.319359,0.876544,83.195903
792,32,32,-1,-1,-1,-1,-1,17.630207,1,17.696768,0.879616,18.576384
793,32,32,-1,-1,-1,-1,-1,17.464319,1,17.521664,0.87552,18.397184
794,32,32,-1,-1,-1,-1,-1,17.367041,1,17.431553,0.879616,18.311169
795,32,1039,-1,-1,-1,-1,-1,-1,0,81.914879,0.876544,82.791423
796,32,32,-1,-1,-1,-1,-1,17.659904,1,17.725439,0.883712,18.609151
797,32,32,-1,-1,-1,-1,-1,17.513472,1,17.580032,0.877568,18.4576
798,32,32,-1,-1,-1,-1,-1,17.320959,1,17.388544,0.87552,18.264064
799,32,32,-1,-1,-1,-1,-1,17.253376,1,17.295361,0.873472,18.168833
800,32,32,-1,-1,-1,-1,-1,17.248257,1,17.313791,0.871424,18.185215
801,32,32,-1,-1,-1,-1,-1,17.264641,1,17.319937,0.869376,18.189313
802,32,32,-1,-1,-1,-1,-1,17.264641,1,17.328129,0.868352,18.196481
803,32,32,-1,-1,-1,-1,-1,17.227776,1,17.292288,0.871424,18.163712
804,32,32,-1,-1,-1,-1,-1,17.18272,1,17.248257,0.866304,18.114561
805,32,32,-1,-1,-1,-1,-1,17.178623,1,17.243135,0.868352,18.111487
806,32,32,-1,-1,-1,-1,-1,17.193983,1,17.257471,0.874496,18.131967
807,32,32,-1,-1,-1,-1,-1,17.186815,1,17.243135,0.868352,18.111487
808,32,32,-1,-1,-1,-1,-1,17.212416,1,17.276928,0.8704,18.147328
809,32,32,-1,-1,-1,-1,-1,17.215488,1,17.277952,0.873472,18.151424
810,32,32,-1,-1,-1,-1,-1,17.219584,1,17.284096,0.868352,18.152448
811,32,32,-1,-1,-1,-1,-1,17.221632,1,17.286144,0.88064,18.166784
812,32,1040,-1,-1,-1,-1,-1,-1,0,78.275581,0.867328,79.142909
813,32,32,-1,-1,-1,-1,-1,17.243135,1,17.305599,0.874496,18.180095
814,32,32,-1,-1,-1,-1,-1,17.483776,1,17.548288,0.872448,18.420736
815,32,32,-1,-1,-1,-1,-1,17.360895,1,17.403904,0.874496,18.2784
816,32,32,-1,-1,-1,-1,-1,17.332224,1,17.399809,0.873472,18.273281
817,32,32,-1,-1,-1,-1,-1,17.243135,1,17.31072,0.8704,18.18112
818,32,32,-1,-1,-1,-1,-1,17.245184,1,17.31072,0.8704,18.18112
819,32,32,-1,-1,-1,-1,-1,17.270784,1,17.335297,0.873472,18.208769
820,32,32,-1,-1,-1,-1,-1,17.270784,1,17.337343,0.8704,18.207743
821,32,32,-1,-1,-1,-1,-1,17.267712,1,17.332224,0.886784,18.219008
822,32,32,-1,-1,-1,-1,-1,17.229824,1,17.294336,0.879616,18.173952
823,32,32,-1,-1,-1,-1,-1,17.214464,1,17.280001,0.876544,18.156545
824,32,32,-1,-1,-1,-1,-1,17.222656,1,17.288193,0.878592,18.166785
825,32,32,-1,-1,-1,-1,-1,17.226751,1,17.28512,0.876544,18.161664
826,32,32,-1,-1,-1,-1,-1,17.220608,1,17.284096,0.881664,18.16576
827,32,32,-1,-1,-1,-1,-1,17.246208,1,17.311745,0.88064,18.192385
828,32,32,-1,-1,-1,-1,-1,17.245184,1,17.311745,0.868352,18.180097
829,32,32,-1,-1,-1,-1,-1,17.2544,1,17.318913,0.876544,18.195457
830,32,32,-1,-1,-1,-1,-1,17.252352,1,17.318913,0.871424,18.190337
831,32,32,-1,-1,-1,-1,-1,17.260544,1,17.302528,0.879616,18.182144
832,32,32,-1,-1,-1,-1,-1,17.257471,1,17.324032,0.88064,18.204672
833,32,32,-1,-1,-1,-1,-1,17.24416,1,17.309696,0.882688,18.192384
834,32,32,-1,-1,-1,-1,-1,17.246208,1,17.311745,0.884736,18.196481
835,32,32,-1,-1,-1,-1,-1,17.243135,1,17.308672,0.88576,18.194432
836,32,32,-1,-1,-1,-1,-1,17.23904,1,17.304577,0.876544,18.181121
837,32,32,-1,-1,-1,-1,-1,17.265663,1,17.3312,0.881664,18.212864
838,32,32,-1,-1,-1,-1,-1,17.267712,1,17.332224,0.88064,18.212864
839,32,32,-1,-1,-1,-1,-1,17.257471,1,17.324032,0.872448,18.19648
840,32,32,-1,-1,-1,-1,-1,17.242111,1,17.307648,0.884736,18.192384
841,32,32,-1,-1,-1,-1,-1,17.258495,1,17.323008,0.874496,18.197504
842,32,32,-1,-1,-1,-1,-1,17.253376,1,17.319937,0.86528,18.185217
843,32,32,-1,-1,-1,-1,-1,17.265663,1,17.330175,0.873472,18.203647
844,32,32,-1,-1,-1,-1,-1,17.26976,1,17.336321,0.877568,18.213889
845,32,32,-1,-1,-1,-1,-1,17.26976,1,17.334272,0.86528,18.199552
846,32,32,-1,-1,-1,-1,-1,17.268736,1,17.334272,0.871424,18.205696
847,32,32,-1,-1,-1,-1,-1,17.281025,1,17.323008,0.868352,18.19136
848,32,32,-1,-1,-1,-1,-1,17.284096,1,17.349632,0.869376,18.219008
849,32,32,-1,-1,-1,-1,-1,17.270784,1,17.328129,0.866304,18.194433
850,32,32,-1,-1,-1,-1,-1,17.291264,1,17.353727,0.878592,18.232319
851,32,32,-1,-1,-1,-1,-1,17.293312,1,17.358849,0.88064,18.239489
852,32,32,-1,-1,-1,-1,-1,17.293312,1,17.350657,0.881664,18.23232
853,32,32,-1,-1,-1,-1,-1,17.282047,1,17.348608,0.881664,18.230272
854,32,32,-1,-1,-1,-1,-1,17.293312,1,17.358849,0.869376,18.228225
855,32,32,-1,-1,-1,-1,-1,17.289215,1,17.353727,0.8704,18.224127
856,32,32,-1,-1,-1,-1,-1,17.307648,1,17.374208,0.866304,18.240512
857,32,1040,-1,-1,-1,-1,-1,-1,0,81.506302,0.874496,82.380798
858,32,32,-1,-1,-1,-1,-1,17.77664,1,17.844225,0.87552,18.719745
859,32,32,-1,-1,-1,-1,-1,17.559551,1,17.625088,0.883712,18.5088
860,32,32,-1,-1,-1,-1,-1,17.470465,1,17.537024,0.88576,18.422784
861,32,32,-1,-1,-1,-1,-1,17.421312,1,17.486849,0.879616,18.366465
862,32,32,-1,-1,-1,-1,-1,17.404928,1,17.46944,0.867328,18.336768
863,32,32,-1,-1,-1,-1,-1,17.367041,1,17.410048,0.873472,18.28352
864,32,1040,-1,-1,-1,-1,-1,-1,0,81.569794,0.873472,82.443266
865,32,32,-1,-1,-1,-1,-1,17.741823,1,17.808384,0.879616,18.688
866,32,32,-1,-1,-1,-1,-1,17.597441,1,17.664,0.877568,18.541568
867,32,2048,-1,-1,-1,-1,-1,-1,0,136.328186,0.879616,137.207802
868,32,32,-1,-1,-1,-1,-1,17.823744,1,17.881088,0.89088,18.771968
869,32,2048,-1,-1,-1,-1,-1,-1,0,138.771454,0.879616,139.65107
870,32,32,-1,-1,-1,-1,-1,17.798143,1,17.86368,0.886784,18.750464
871,32,32,-1,-1,-1,-1,-1,17.545216,1,17.612801,0.876544,18.489345
872,32,32,-1,-1,-1,-1,-1,17.467392,1,17.526785,0.872448,18.399233
873,32,32,-1,-1,-1,-1,-1,17.421312,1,17.488895,0.8704,18.359295
874,32,1040,-1,-1,-1,-1,-1,-1,0,81.651711,0.876544,82.528255
875,32,1040,-1,-1,-1,-1,-1,-1,0,83.68026,0.872448,84.552708
876,32,32,-1,-1,-1,-1,-1,17.755136,1,17.82272,0.881664,18.704384
877,32,1039,-1,-1,-1,-1,-1,-1,0,82.360321,0.872448,83.232769
878,32,1040,-1,-1,-1,-1,-1,-1,0,83.556351,0.8704,84.426751
879,32,1040,-1,-1,-1,-1,-1,-1,0,84.104195,0.872448,84.976643
880,32,32,-1,-1,-1,-1,-1,17.723392,1,17.788927,0.878592,18.667519
881,32,32,-1,-1,-1,-1,-1,17.557505,1,17.60256,0.88064,18.4832
882,32,32,-1,-1,-1,-1,-1,17.41312,1,17.468416,0.872448,18.340864
883,32,32,-1,-1,-1,-1,-1,17.40288,1,17.468416,0.872448,18.340864
884,32,32,-1,-1,-1,-1,-1,17.328129,1,17.385471,0.872448,18.257919
885,32,32,-1,-1,-1,-1,-1,17.343489,1,17.412096,0.872448,18.284544
886,32,1040,-1,-1,-1,-1,-1,-1,0,81.650688,0.87552,82.526208
887,32,1039,-1,-1,-1,-1,-1,-1,0,83.671043,0.879616,84.550659
888,32,1039,-1,-1,-1,-1,-1,-1,0,84.098045,0.876544,84.974589
889,32,32,-1,-1,-1,-1,-1,17.692673,1,17.759232,0.878592,18.637824
890,32,2048,-1,-1,-1,-1,-1,-1,0,138.386429,0.883712,139.270141
891,32,32,-1,-1,-1,-1,-1,17.754112,1,17.820671,0.883712,18.704383
892,32,3056,-1,-1,-1,-1,-1,-1,0,203.070465,0.88064,203.951105
893,32,32,-1,-1,-1,-1,-1,17.813503,1,17.859585,0.881664,18.741249
894,32,32,-1,-1,-1,-1,-1,17.566719,1,17.634304,0.88064,18.514944
895,32,32,-1,-1,-1,-1,-1,17.384447,1,17.448959,0.876544,18.325503
896,32,1040,-1,-1,-1,-1,-1,-1,0,81.96096,0.873472,82.834432
897,32,1040,-1,-1,-1,-1,-1,-1,0,83.734528,0.876544,84.611072
898,32,32,-1,-1,-1,-1,-1,17.746944,1,17.793024,0.87552,18.668544
899,32,1039,-1,-1,-1,-1,-1,-1,0,82.867203,0.87552,83.742723
900,32,32,-1,-1,-1,-1,-1,17.694719,1,17.76128,0.876544,18.637824
901,32,32,-1,-1,-1,-1,-1,17.501184,1,17.568768,0.876544,18.445312
902,32,32,-1,-1,-1,-1,-1,17.395712,1,17.4592,0.877568,18.336768
903,32,32,-1,-1,-1,-1,-1,17.342464,1,17.399809,0.88064,18.280449
904,32,32,-1,-1,-1,-1,-1,17.305599,1,17.37216,0.8704,18.24256
905,32,1040,-1,-1,-1,-1,-1,-1,0,81.659904,0.872448,82.532353
906,32,32,-1,-1,-1,-1,-1,17.695744,1,17.764353,0.884736,18.649089
907,32,1040,-1,-1,-1,-1,-1,-1,0,82.395134,0.876544,83.271678
908,32,1039,-1,-1,-1,-1,-1,-1,0,83.48262,0.876544,84.359164
909,32,32,-1,-1,-1,-1,-1,17.676289,1,17.733631,0.90624,18.639871
910,32,2048,-1,-1,-1,-1,-1,-1,0,139.118591,0.893952,140.012543
911,32,32,-1,-1,-1,-1,-1,17.722368,1,17.789951,0.898048,18.687999
912,32,32,-1,-1,-1,-1,-1,17.523712,1,17.595392,0.877568,18.47296
913,32,32,-1,-1,-1,-1,-1,17.386496,1,17.452032,0.888832,18.340864
914,32,32,-1,-1,-1,-1,-1,17.313791,1,17.358849,0.884736,18.243585
915,32,32,-1,-1,-1,-1,-1,17.262592,1,17.330175,0.883712,18.213887
916,32,32,-1,-1,-1,-1,-1,17.268736,1,17.336321,0.871424,18.207745
917,32,32,-1,-1,-1,-1,-1,17.26976,1,17.328129,0.878592,18.206721
918,32,32,-1,-1,-1,-1,-1,17.267712,1,17.332224,0.871424,18.203648
919,32,32,-1,-1,-1,-1,-1,17.224705,1,17.289215,0.889856,18.179071
920,32,2032,-1,-1,-1,-1,-1,-1,0,137.923584,0.889856,138.81344
921,32,32,-1,-1,-1,-1,-1,17.73568,1,17.796097,0.907264,18.703361
922,32,32,-1,-1,-1,-1,-1,17.520639,1,17.590273,0.886784,18.477057
923,32,1040,-1,-1,-1,-1,-1,-1,0,82.00499,0.87552,82.88051
924,32,32,-1,-1,-1,-1,-1,17.684481,1,17.74592,0.883712,18.629632
925,32,32,-1,-1,-1,-1,-1,17.511423,1,17.580032,0.876544,18.456576
926,32,32,-1,-1,-1,-1,-1,17.343489,1,17.410048,0.874496,18.284544
927,32,32,-1,-1,-1,-1,-1,17.296385,1,17.361919,0.871424,18.233343
928,32,32,-1,-1,-1,-1,-1,17.278976,1,17.345535,0.876544,18.222079
929,32,32,-1,-1,-1,-1,-1,17.284096,1,17.352703,0.8704,18.223103
930,32,32,-1,-1,-1,-1,-1,17.290239,1,17.333248,0.869376,18.202624
931,32,1040,-1,-1,-1,-1,-1,-1,0,81.397758,0.873472,82.27123
932,32,32,-1,-1,-1,-1,-1,17.679359,1,17.736704,0.879616,18.61632
933,32,32,-1,-1,-1,-1,-1,17.492992,1,17.560575,0.87552,18.436095
934,32,32,-1,-1,-1,-1,-1,17.382401,1,17.447935,0.882688,18.330623
935,32,32,-1,-1,-1,-1,-1,17.336321,1,17.380352,0.874496,18.254848
936,32,1040,-1,-1,-1,-1,-1,-1,0,81.614845,0.873472,82.488317
937,32,32,-1,-1,-1,-1,-1,17.688576,1,17.757183,0.88576,18.642943
938,32,32,-1,-1,-1,-1,-1,17.445889,1,17.512447,0.87552,18.387967
939,32,32,-1,-1,-1,-1,-1,17.334272,1,17.391617,0.87552,18.267137
940,32,32,-1,-1,-1,-1,-1,17.283072,1,17.348608,0.87552,18.224128
941,32,32,-1,-1,-1,-1,-1,17.264641,1,17.329151,0.88064,18.209791
942,32,32,-1,-1,-1,-1,-1,17.255424,1,17.319937,0.882688,18.202625
943,32,32,-1,-1,-1,-1,-1,17.281025,1,17.345535,0.869376,18.214911
944,32,32,-1,-1,-1,-1,-1,17.264641,1,17.330175,0.868352,18.198527
945,32,32,-1,-1,-1,-1,-1,17.283072,1,17.340416,0.874496,18.214912
946,32,32,-1,-1,-1,-1,-1,17.249281,1,17.291264,0.8704,18.161664
947,32,32,-1,-1,-1,-1,-1,17.226751,1,17.294336,0.874496,18.168832
948,32,32,-1,-1,-1,-1,-1,17.24416,1,17.309696,0.876544,18.18624
949,32,32,-1,-1,-1,-1,-1,17.242111,1,17.308672,0.867328,18.176
950,32,32,-1,-1,-1,-1,-1,17.233919,1,17.297407,0.879616,18.177023
951,32,32,-1,-1,-1,-1,-1,17.249281,1,17.292288,0.887808,18.180096
952,32,32,-1,-1,-1,-1,-1,17.248257,1,17.312769,0.872448,18.185217
953,32,32,-1,-1,-1,-1,-1,17.248257,1,17.313791,0.878592,18.192383
954,32,32,-1,-1,-1,-1,-1,17.23904,1,17.304577,0.878592,18.183169
955,32,32,-1,-1,-1,-1,-1,17.231873,1,17.296385,0.8704,18.166785
956,32,32,-1,-1,-1,-1,-1,17.238016,1,17.301504,0.8704,18.171904
957,32,32,-1,-1,-1,-1,-1,17.24416,1,17.307648,0.882688,18.190336
958,32,32,-1,-1,-1,-1,-1,17.250303,1,17.317888,0.88576,18.203648
959,32,32,-1,-1,-1,-1,-1,17.256449,1,17.319937,0.878592,18.198529
960,32,32,-1,-1,-1,-1,-1,17.252352,1,17.317888,0.881664,18.199552
961,32,32,-1,-1,-1,-1,-1,17.266687,1,17.3312,0.874496,18.205696
962,32,32,-1,-1,-1,-1,-1,17.2544,1,17.296385,0.878592,18.174977
963,32,32,-1,-1,-1,-1,-1,17.249281,1,17.313791,0.872448,18.186239
964,32,32,-1,-1,-1,-1,-1,17.258495,1,17.323008,0.878592,18.2016
965,32,32,-1,-1,-1,-1,-1,17.253376,1,17.317888,0.868352,18.18624
966,32,32,-1,-1,-1,-1,-1,17.266687,1,17.323008,0.88064,18.203648
967,32,32,-1,-1,-1,-1,-1,17.265663,1,17.309696,0.872448,18.182144
968,32,32,-1,-1,-1,-1,-1,17.255424,1,17.319937,0.874496,18.194433
969,32,32,-1,-1,-1,-1,-1,17.275904,1,17.333248,0.869376,18.202624
970,32,32,-1,-1,-1,-1,-1,17.26976,1,17.335297,0.873472,18.208769
971,32,32,-1,-1,-1,-1,-1,17.283072,1,17.347584,0.867328,18.214912
972,32,32,-1,-1,-1,-1,-1,17.286144,1,17.351681,0.872448,18.224129
973,32,32,-1,-1,-1,-1,-1,17.272833,1,17.328129,0.87552,18.203649
974,32,32,-1,-1,-1,-1,-1,17.289215,1,17.354752,0.872448,18.2272
975,32,32,-1,-1,-1,-1,-1,17.287169,1,17.349632,0.871424,18.221056
976,32,32,-1,-1,-1,-1,-1,17.297407,1,17.362944,0.873472,18.236416
977,32,32,-1,-1,-1,-1,-1,17.296385,1,17.350657,0.872448,18.223105
978,32,32,-1,-1,-1,-1,-1,17.287169,1,17.329151,0.8704,18.199551
979,32,32,-1,-1,-1,-1,-1,17.294336,1,17.353727,0.881664,18.235391
980,32,1040,-1,-1,-1,-1,-1,-1,0,81.542145,0.881664,82.423809
981,32,2048,-1,-1,-1,-1,-1,-1,0,139.681793,0.896,140.577793
982,32,32,-1,-1,-1,-1,-1,17.806335,1,17.87392,0.893952,18.767872
983,32,1040,-1,-1,-1,-1,-1,-1,0,82.420738,0.874496,83.295234
984,32,32,-1,-1,-1,-1,-1,17.772545,1,17.839104,0.888832,18.727936
985,32,32,-1,-1,-1,-1,-1,17.740801,1,17.809408,0.882688,18.692096
986,32,32,-1,-1,-1,-1,-1,17.742847,1,17.812481,0.893952,18.706433
987,32,32,-1,-1,-1,-1,-1,17.647615,1,17.714176,0.877568,18.591744
988,32,32,-1,-1,-1,-1,-1,17.339392,1,17.403904,0.876544,18.280448
989,32,32,-1,-1,-1,-1,-1,17.349632,1,17.416191,0.8704,18.286591
990,32,2048,-1,-1,-1,-1,-1,-1,0,138.005508,0.881664,138.887172
991,32,32,-1,-1,-1,-1,-1,17.789951,1,17.886208,0.88064,18.766848
992,32,32,-1,-1,-1,-1,-1,17.543167,1,17.608704,0.878592,18.487296
993,32,1040,-1,-1,-1,-1,-1,-1,0,82.15757,0.884736,83.042306
994,32,32,-1,-1,-1,-1,-1,17.741823,1,17.788927,0.889856,18.678783
995,32,32,-1,-1,-1,-1,-1,17.550337,1,17.616896,0.891904,18.5088
996,32,32,-1,-1,-1,-1,-1,17.475584,1,17.543167,0.887808,18.430975
997,32,1040,-1,-1,-1,-1,-1,-1,0,82.288643,0.884736,83.173379
998,32,32,-1,-1,-1,-1,-1,17.814528,1,17.881088,0.884736,18.765824
999,32,32,-1,-1,-1,-1,-1,17.558529,1,17.624063,0.889856,18.513919
1000,32,32,-1,-1,-1,-1,-1,17.471489,1,17.538048,0.876544,18.414592
1001,32,2048,-1,-1,-1,-1,-1,-1,0,137.539581,0.89088,138.430461
1002,32,1040,-1,-1,-1,-1,-1,-1,0,84.122627,0.884736,85.007363
1003,32,32,-1,-1,-1,-1,-1,17.752064,1,17.819649,0.892928,18.712577
1004,32,1040,-1,-1,-1,-1,-1,-1,0,83.1744,0.88576,84.06016
1005,32,1040,-1,-1,-1,-1,-1,-1,0,83.75296,0.887808,84.640768
1006,32,1040,-1,-1,-1,-1,-1,-1,0,83.647491,0.89088,84.538371
1007,32,32,-1,-1,-1,-1,-1,17.681408,1,17.727488,0.879616,18.607104
1008,32,1040,-1,-1,-1,-1,-1,-1,0,82.266113,0.883712,83.149825
1009,32,32,-1,-1,-1,-1,-1,17.682432,1,17.750015,0.88064,18.630655
1010,32,32,-1,-1,-1,-1,-1,17.558529,1,17.603584,0.883712,18.487296
1011,32,32,-1,-1,-1,-1,-1,17.392639,1,17.4592,0.878592,18.337792
1012,32,1040,-1,-1,-1,-1,-1,-1,0,81.981438,0.887808,82.869246
1013,32,1040,-1,-1,-1,-1,-1,-1,0,84.409348,0.879616,85.288964
1014,32,32,-1,-1,-1,-1,-1,17.679359,1,17.725439,0.892928,18.618367
1015,32,32,-1,-1,-1,-1,-1,17.540096,1,17.597441,0.883712,18.481153
1016,32,32,-1,-1,-1,-1,-1,17.375233,1,17.435648,0.87552,18.311168
1017,32,32,-1,-1,-1,-1,-1,17.327105,1,17.393663,0.881664,18.275327
1018,32,32,-1,-1,-1,-1,-1,17.292288,1,17.348608,0.867328,18.215936
1019,32,32,-1,-1,-1,-1,-1,17.295361,1,17.361919,0.876544,18.238463
1020,32,1040,-1,-1,-1,-1,-1,-1,0,81.722366,0.88576,82.608126
1021,32,32,-1,-1,-1,-1,-1,17.734655,1,17.80224,0.88576,18.688
1022,32,32,-1,-1,-1,-1,-1,17.508352,1,17.570816,0.883712,18.454528
1023,32,32,-1,-1,-1,-1,-1,17.424383,1,17.468416,0.886784,18.3552
1024,32,1040,-1,-1,-1,-1,-1,-1,0,82.00602,0.886784,82.892804
1025,32,1039,-1,-1,-1,-1,-1,-1,0,83.587074,0.8704,84.457474
1026,32,3056,-1,-1,-1,-1,-1,-1,0,204.055557,0.884736,204.940293
1027,32,32,-1,-1,-1,-1,-1,17.820671,1,17.88928,0.89088,18.78016
1028,32,32,-1,-1,-1,-1,-1,17.592319,1,17.660929,0.877568,18.538497
1029,32,32,-1,-1,-1,-1,-1,17.392639,1,17.461248,0.874496,18.335744
1030,32,1040,-1,-1,-1,-1,-1,-1,0,81.915901,0.879616,82.795517
1031,32,32,-1,-1,-1,-1,-1,17.798143,1,17.867777,0.887808,18.755585
1032,32,32,-1,-1,-1,-1,-1,17.531904,1,17.591295,0.876544,18.467839
1033,32,1040,-1,-1,-1,-1,-1,-1,0,82.245628,0.87552,83.121148
1034,32,1039,-1,-1,-1,-1,-1,-1,0,84.678658,0.877568,85.556226
1035,32,32,-1,-1,-1,-1,-1,17.673216,1,17.743872,0.881664,18.625536
1036,32,32,-1,-1,-1,-1,-1,17.480703,1,17.547264,0.877568,18.424832
1037,32,32,-1,-1,-1,-1,-1,17.368065,1,17.432575,0.877568,18.310143
1038,32,32,-1,-1,-1,-1,-1,17.3312,1,17.39776,0.873472,18.271232
1039,32,32,-1,-1,-1,-1,-1,17.280001,1,17.323008,0.872448,18.195456
1040,32,32,-1,-1,-1,-1,-1,17.277952,1,17.343489,0.868352,18.211841
1041,32,32,-1,-1,-1,-1,-1,17.266687,1,17.332224,0.8704,18.202624
1042,32,32,-1,-1,-1,-1,-1,17.281025,1,17.34656,0.876544,18.223104
1043,32,1040,-1,-1,-1,-1,-1,-1,0,81.893379,0.878592,82.771971
1044,32,1040,-1,-1,-1,-1,-1,-1,0,84.568062,0.88064,85.448702
1045,32,32,-1,-1,-1,-1,-1,17.690624,1,17.748993,0.88576,18.634753
1046,32,32,-1,-1,-1,-1,-1,17.532928,1,17.601536,0.877568,18.479104
1047,32,32,-1,-1,-1,-1,-1,17.39776,1,17.462273,0.871424,18.333697
1048,32,32,-1,-1,-1,-1,-1,17.306623,1,17.37216,0.871424,18.243584
1049,32,32,-1,-1,-1,-1,-1,17.277952,1,17.344513,0.872448,18.216961
1050,32,32,-1,-1,-1,-1,-1,17.275904,1,17.333248,0.872448,18.205696
1051,32,32,-1,-1,-1,-1,-1,17.298431,1,17.362944,0.872448,18.235392
1052,32,1040,-1,-1,-1,-1,-1,-1,0,79.976448,0.868352,80.8448
1053,32,32,-1,-1,-1,-1,-1,17.471489,1,17.535999,0.88576,18.421759
1054,32,32,-1,-1,-1,-1,-1,17.53088,1,17.598463,0.882688,18.481151
1055,32,1040,-1,-1,-1,-1,-1,-1,0,81.910782,0.876544,82.787326
1056,32,32,-1,-1,-1,-1,-1,17.697792,1,17.764353,0.881664,18.646017
1057,32,32,-1,-1,-1,-1,-1,17.478657,1,17.544191,0.874496,18.418687
1058,32,1040,-1,-1,-1,-1,-1,-1,0,81.923073,0.87552,82.798593
1059,32,32,-1,-1,-1,-1,-1,17.701887,1,17.769472,0.887808,18.65728
1060,32,32,-1,-1,-1,-1,-1,17.512447,1,17.580032,0.889856,18.469888
1061,32,32,-1,-1,-1,-1,-1,17.375233,1,17.433599,0.874496,18.308095
1062,32,32,-1,-1,-1,-1,-1,17.286144,1,17.343489,0.884736,18.228225
1063,32,32,-1,-1,-1,-1,-1,17.270784,1,17.335297,0.874496,18.209793
1064,32,32,-1,-1,-1,-1,-1,17.281025,1,17.349632,0.873472,18.223104
1065,32,32,-1,-1,-1,-1,-1,17.28512,1,17.350657,0.869376,18.220033
1066,32,32,-1,-1,-1,-1,-1,17.301504,1,17.366016,0.873472,18.239488
1067,32,32,-1,-1,-1,-1,-1,17.252352,1,17.31584,0.8704,18.18624
1068,32,32,-1,-1,-1,-1,-1,17.248257,1,17.312769,0.881664,18.194433
1069,32,32,-1,-1,-1,-1,-1,17.251328,1,17.307648,0.8704,18.178048
1070,32,32,-1,-1,-1,-1,-1,17.264641,1,17.330175,0.867328,18.197503
1071,32,32,-1,-1,-1,-1,-1,17.258495,1,17.321983,0.8704,18.192383
1072,32,32,-1,-1,-1,-1,-1,17.266687,1,17.332224,0.87552,18.207744
1073,32,32,-1,-1,-1,-1,-1,17.263617,1,17.328129,0.871424,18.199553
1074,32,32,-1,-1,-1,-1,-1,17.267712,1,17.3312,0.871424,18.202624
1075,32,32,-1,-1,-1,-1,-1,17.264641,1,17.330175,0.868352,18.198527
1076,32,32,-1,-1,-1,-1,-1,17.265663,1,17.330175,0.874496,18.204671
1077,32,1040,-1,-1,-1,-1,-1,-1,0,81.83091,0.87552,82.70643
1078,32,32,-1,-1,-1,-1,-1,17.754112,1,17.819649,0.877568,18.697217
1079,32,32,-1,-1,-1,-1,-1,17.503231,1,17.569792,0.876544,18.446336
1080,32,32,-1,-1,-1,-1,-1,17.414145,1,17.458176,0.873472,18.331648
1081,32,32,-1,-1,-1,-1,-1,17.34656,1,17.412096,0.87552,18.287616
1082,32,32,-1,-1,-1,-1,-1,17.293312,1,17.358849,0.876544,18.235393
1083,32,32,-1,-1,-1,-1,-1,17.314816,1,17.378304,0.874496,18.2528
1084,32,32,-1,-1,-1,-1,-1,17.305599,1,17.371136,0.879616,18.250752
1085,32,32,-1,-1,-1,-1,-1,17.31584,1,17.380352,0.876544,18.256896
1086,32,32,-1,-1,-1,-1,-1,17.28512,1,17.342464,0.872448,18.214912
1087,32,32,-1,-1,-1,-1,-1,17.26976,1,17.32608,0.8704,18.19648
1088,32,32,-1,-1,-1,-1,-1,17.272833,1,17.337343,0.867328,18.204671
1089,32,32,-1,-1,-1,-1,-1,17.284096,1,17.339392,0.8704,18.209792
1090,32,32,-1,-1,-1,-1,-1,17.291264,1,17.355776,0.876544,18.23232
1091,32,32,-1,-1,-1,-1,-1,17.292288,1,17.355776,0.868352,18.224128
1092,32,32,-1,-1,-1,-1,-1,17.297407,1,17.361919,0.871424,18.233343
1093,32,1040,-1,-1,-1,-1,-1,-1,0,81.488899,0.877568,82.366467
1094,32,32,-1,-1,-1,-1,-1,17.744896,1,17.811457,0.891904,18.703361
1095,32,32,-1,-1,-1,-1,-1,17.545216,1,17.60256,0.877568,18.480128
1096,32,32,-1,-1,-1,-1,-1,17.41824,1,17.462273,0.877568,18.339841
1097,32,32,-1,-1,-1,-1,-1,17.379328,1,17.444864,0.869376,18.31424
1098,32,32,-1,-1,-1,-1,-1,17.3568,1,17.420288,0.8704,18.290688
1099,32,32,-1,-1,-1,-1,-1,17.3568,1,17.420288,0.872448,18.292736
1100,32,32,-1,-1,-1,-1,-1,17.364992,1,17.422337,0.871424,18.293761
1101,32,32,-1,-1,-1,-1,-1,17.3568,1,17.421312,0.869376,18.290688
1102,32,32,-1,-1,-1,-1,-1,17.305599,1,17.371136,0.869376,18.240512
1103,32,32,-1,-1,-1,-1,-1,17.284096,1,17.348608,0.867328,18.215936
1104,32,32,-1,-1,-1,-1,-1,17.305599,1,17.370111,0.878592,18.248703
1105,32,32,-1,-1,-1,-1,-1,17.281025,1,17.344513,0.869376,18.213889
1106,32,32,-1,-1,-1,-1,-1,17.299456,1,17.364992,0.879616,18.244608
1107,32,1040,-1,-1,-1,-1,-1,-1,0,81.225731,0.876544,82.102275
1108,32,2047,-1,-1,-1,-1,-1,-1,0,139.862015,0.881664,140.743679
1109,32,32,-1,-1,-1,-1,-1,17.80224,1,17.867777,0.881664,18.749441
1110,32,32,-1,-1,-1,-1,-1,17.63328,1,17.699841,0.878592,18.578433
1111,32,2047,-1,-1,-1,-1,-1,-1,0,137.877502,0.879616,138.757118
1112,32,32,-1,-1,-1,-1,-1,17.755136,1,17.821695,0.87552,18.697215
1113,32,32,-1,-1,-1,-1,-1,17.623039,1,17.690624,0.883712,18.574336
1114,32,1040,-1,-1,-1,-1,-1,-1,0,82.665474,0.87552,83.540994
1115,32,32,-1,-1,-1,-1,-1,17.809408,1,17.874945,0.892928,18.767873
1116,32,1040,-1,-1,-1,-1,-1,-1,0,82.181122,0.873472,83.054594
1117,32,32,-1,-1,-1,-1,-1,17.707008,1,17.773567,0.879616,18.653183
1118,32,32,-1,-1,-1,-1,-1,17.516544,1,17.583103,0.869376,18.452479
1119,32,1008,-1,-1,-1,-1,-1,-1,0,76.295166,0.876544,77.17171
1120,32,1039,-1,-1,-1,-1,-1,-1,0,83.602432,0.869376,84.471808
1121,32,32,-1,-1,-1,-1,-1,17.755136,1,17.821695,0.873472,18.695167
1122,32,32,-1,-1,-1,-1,-1,17.555456,1,17.620993,0.88064,18.501633
1123,32,32,-1,-1,-1,-1,-1,17.424383,1,17.48992,0.882688,18.372608
1124,32,32,-1,-1,-1,-1,-1,17.388544,1,17.455105,0.877568,18.332673
1125,32,32,-1,-1,-1,-1,-1,17.343489,1,17.410048,0.871424,18.281472
1126,32,32,-1,-1,-1,-1,-1,17.327105,1,17.390593,0.883712,18.274305
1127,32,1040,-1,-1,-1,-1,-1,-1,0,81.804291,0.873472,82.677763
1128,32,32,-1,-1,-1,-1,-1,17.763329,1,17.828863,0.88064,18.709503
1129,32,1040,-1,-1,-1,-1,-1,-1,0,82.817024,0.878592,83.695616
1130,32,32,-1,-1,-1,-1,-1,17.759232,1,17.825792,0.883712,18.709504
1131,32,32,-1,-1,-1,-1,-1,17.610752,1,17.677313,0.877568,18.554881
1132,32,1040,-1,-1,-1,-1,-1,-1,0,81.935364,0.87552,82.810884
1133,32,1039,-1,-1,-1,-1,-1,-1,0,84.270081,0.87552,85.145601
1134,32,1040,-1,-1,-1,-1,-1,-1,0,84.090881,0.881664,84.972545
1135,32,32,-1,-1,-1,-1,-1,17.73056,1,17.797119,0.88064,18.677759
1136,32,32,-1,-1,-1,-1,-1,17.542145,1,17.607679,0.883712,18.491391
1137,32,32,-1,-1,-1,-1,-1,17.422337,1,17.479679,0.876544,18.356223
1138,32,32,-1,-1,-1,-1,-1,17.362944,1,17.420288,0.874496,18.294784
1139,32,32,-1,-1,-1,-1,-1,17.317888,1,17.383425,0.872448,18.255873
1140,32,32,-1,-1,-1,-1,-1,17.314816,1,17.379328,0.873472,18.2528
1141,32,32,-1,-1,-1,-1,-1,17.336321,1,17.401855,0.871424,18.273279
1142,32,32,-1,-1,-1,-1,-1,17.324032,1,17.388544,0.8704,18.258944
1143,32,32,-1,-1,-1,-1,-1,17.319937,1,17.383425,0.867328,18.250753
1144,32,1040,-1,-1,-1,-1,-1,-1,0,81.80941,0.872448,82.681858
1145,32,32,-1,-1,-1,-1,-1,17.773567,1,17.833984,0.881664,18.715648
1146,32,32,-1,-1,-1,-1,-1,17.579008,1,17.645569,0.876544,18.522113
1147,32,32,-1,-1,-1,-1,-1,17.432575,1,17.498112,0.872448,18.37056
1148,32,32,-1,-1,-1,-1,-1,17.395712,1,17.461248,0.872448,18.333696
1149,32,32,-1,-1,-1,-1,-1,17.336321,1,17.379328,0.8704,18.249728
1150,32,1040,-1,-1,-1,-1,-1,-1,0,82.247681,0.874496,83.122177
1151,32,1040,-1,-1,-1,-1,-1,-1,0,84.340736,0.878592,85.219328
1152,32,32,-1,-1,-1,-1,-1,17.72032,1,17.777664,0.877568,18.655232
1153,32,32,-1,-1,-1,-1,-1,17.540096,1,17.597441,0.879616,18.477057
1154,32,32,-1,-1,-1,-1,-1,17.432575,1,17.50016,0.873472,18.373632
1155,32,32,-1,-1,-1,-1,-1,17.389568,1,17.448959,0.872448,18.321407
1156,32,32,-1,-1,-1,-1,-1,17.352703,1,17.41824,0.87552,18.29376
1157,32,1040,-1,-1,-1,-1,-1,-1,0,81.918976,0.878592,82.797568
1158,32,3056,-1,-1,-1,-1,-1,-1,0,205.284348,0.884736,206.169084
1159,32,2048,-1,-1,-1,-1,-1,-1,0,140.854279,0.88064,141.734919
1160,32,32,-1,-1,-1,-1,-1,17.770496,1,17.830912,0.879616,18.710528
1161,32,32,-1,-1,-1,-1,-1,17.586176,1,17.651712,0.886784,18.538496
1162,32,32,-1,-1,-1,-1,-1,17.403904,1,17.470465,0.874496,18.344961
1163,32,32,-1,-1,-1,-1,-1,17.361919,1,17.404928,0.8704,18.275328
1164,32,2048,-1,-1,-1,-1,-1,-1,0,137.877502,0.879616,138.757118
1165,32,32,-1,-1,-1,-1,-1,17.714176,1,17.758207,0.891904,18.650111
1166,32,32,-1,-1,-1,-1,-1,17.545216,1,17.605633,0.877568,18.483201
1167,32,32,-1,-1,-1,-1,-1,17.383425,1,17.449984,0.874496,18.32448
1168,32,32,-1,-1,-1,-1,-1,17.304577,1,17.34656,0.874496,18.221056
1169,32,32,-1,-1,-1,-1,-1,17.2544,1,17.318913,0.872448,18.191361
1170,32,1040,-1,-1,-1,-1,-1,-1,0,82.417664,0.879616,83.29728
1171,32,32,-1,-1,-1,-1,-1,17.736704,1,17.803265,0.881664,18.684929
1172,32,32,-1,-1,-1,-1,-1,17.564672,1,17.623039,0.876544,18.499583
1173,32,32,-1,-1,-1,-1,-1,17.389568,1,17.455105,0.874496,18.329601
1174,32,32,-1,-1,-1,-1,-1,17.34656,1,17.404928,0.876544,18.281472
1175,32,32,-1,-1,-1,-1,-1,17.294336,1,17.359873,0.871424,18.231297
1176,32,32,-1,-1,-1,-1,-1,17.292288,1,17.357824,0.872448,18.230272
1177,32,32,-1,-1,-1,-1,-1,17.297407,1,17.361919,0.874496,18.236415
1178,32,32,-1,-1,-1,-1,-1,17.318913,1,17.376257,0.874496,18.250753
1179,32,32,-1,-1,-1,-1,-1,17.278976,1,17.320959,0.874496,18.195455
1180,32,1040,-1,-1,-1,-1,-1,-1,0,81.916931,0.877568,82.794499
1181,32,32,-1,-1,-1,-1,-1,17.727488,1,17.772545,0.884736,18.657281
1182,32,32,-1,-1,-1,-1,-1,17.582081,1,17.64864,0.876544,18.525184
1183,32,32,-1,-1,-1,-1,-1,17.44384,1,17.509377,0.873472,18.382849
1184,32,32,-1,-1,-1,-1,-1,17.364992,1,17.408001,0.874496,18.282497
1185,32,32,-1,-1,-1,-1,-1,17.299456,1,17.363968,0.873472,18.23744
1186,32,1040,-1,-1,-1,-1,-1,-1,0,81.936386,0.87552,82.811906
1187,32,32,-1,-1,-1,-1,-1,17.77664,1,17.842176,0.877568,18.719744
1188,32,32,-1,-1,-1,-1,-1,17.535999,1,17.60256,0.877568,18.480128
1189,32,32,-1,-1,-1,-1,-1,17.424383,1,17.490944,0.87552,18.366464
1190,32,32,-1,-1,-1,-1,-1,17.386496,1,17.452032,0.877568,18.3296
1191,32,32,-1,-1,-1,-1,-1,17.327105,1,17.393663,0.872448,18.266111
1192,32,32,-1,-1,-1,-1,-1,17.31072,1,17.376257,0.874496,18.250753
1193,32,32,-1,-1,-1,-1,-1,17.32608,1,17.389568,0.883712,18.27328
1194,32,1039,-1,-1,-1,-1,-1,-1,0,81.273857,0.877568,82.151425
1195,32,32,-1,-1,-1,-1,-1,17.80224,1,17.860607,0.882688,18.743295
1196,32,1040,-1,-1,-1,-1,-1,-1,0,82.836479,0.879616,83.716095
1197,32,32,-1,-1,-1,-1,-1,17.736704,1,17.780737,0.891904,18.672641
1198,32,1040,-1,-1,-1,-1,-1,-1,0,83.586044,0.8704,84.456444
1199,32,32,-1,-1,-1,-1,-1,17.669121,1,17.73568,0.882688,18.618368
1200,32,32,-1,-1,-1,-1,-1,17.555456,1,17.600512,0.871424,18.471936
1201,32,32,-1,-1,-1,-1,-1,17.408001,1,17.472511,0.882688,18.355199
1202,32,32,-1,-1,-1,-1,-1,17.348608,1,17.415169,0.874496,18.289665
1203,32,32,-1,-1,-1,-1,-1,17.291264,1,17.354752,0.87552,18.230272
1204,32,32,-1,-1,-1,-1,-1,17.303553,1,17.368065,0.877568,18.245633
1205,32,32,-1,-1,-1,-1,-1,17.294336,1,17.359873,0.872448,18.232321
1206,32,32,-1,-1,-1,-1,-1,17.303553,1,17.368065,0.871424,18.239489
1207,32,32,-1,-1,-1,-1,-1,17.308672,1,17.367041,0.873472,18.240513
1208,32,32,-1,-1,-1,-1,-1,17.266687,1,17.332224,0.869376,18.2016
1209,32,32,-1,-1,-1,-1,-1,17.241089,1,17.306623,0.872448,18.179071
1210,32,32,-1,-1,-1,-1,-1,17.252352,1,17.31584,0.87552,18.19136
1211,32,32,-1,-1,-1,-1,-1,17.253376,1,17.316864,0.872448,18.189312
1212,32,32,-1,-1,-1,-1,-1,17.258495,1,17.321983,0.872448,18.194431
1213,32,32,-1,-1,-1,-1,-1,17.256449,1,17.299456,0.876544,18.176
1214,32,32,-1,-1,-1,-1,-1,17.263617,1,17.319937,0.872448,18.192385
1215,32,32,-1,-1,-1,-1,-1,17.268736,1,17.32608,0.868352,18.194432
1216,32,32,-1,-1,-1,-1,-1,17.253376,1,17.294336,0.874496,18.168832
1217,32,32,-1,-1,-1,-1,-1,17.268736,1,17.333248,0.868352,18.2016
1218,32,32,-1,-1,-1,-1,-1,17.258495,1,17.313791,0.869376,18.183167
1219,32,32,-1,-1,-1,-1,-1,17.267712,1,17.3312,0.866304,18.197504
1220,32,32,-1,-1,-1,-1,-1,17.271809,1,17.336321,0.8704,18.206721
1221,32,32,-1,-1,-1,-1,-1,17.270784,1,17.335297,0.869376,18.204673
1222,32,32,-1,-1,-1,-1,-1,17.289215,1,17.354752,0.867328,18.22208
1223,32,32,-1,-1,-1,-1,-1,17.291264,1,17.355776,0.872448,18.228224
1224,32,32,-1,-1,-1,-1,-1,17.293312,1,17.359873,0.8704,18.230273
1225,32,32,-1,-1,-1,-1,-1,17.295361,1,17.359873,0.872448,18.232321
1226,32,32,-1,-1,-1,-1,-1,17.301504,1,17.364992,0.872448,18.23744
1227,32,32,-1,-1,-1,-1,-1,17.299456,1,17.354752,0.873472,18.228224
1228,32,32,-1,-1,-1,-1,-1,17.311745,1,17.378304,0.8704,18.248704
1229,32,32,-1,-1,-1,-1,-1,17.303553,1,17.345535,0.8704,18.215935
1230,32,32,-1,-1,-1,-1,-1,17.314816,1,17.379328,0.873472,18.2528
1231,32,1039,-1,-1,-1,-1,-1,-1,0,81.288193,0.879616,82.167809
1232,32,32,-1,-1,-1,-1,-1,17.82272,1,17.88928,0.88576,18.77504
1233,32,1040,-1,-1,-1,-1,-1,-1,0,82.804733,0.877568,83.682301
1234,32,2048,-1,-1,-1,-1,-1,-1,0,139.836411,0.879616,140.716027
1235,32,32,-1,-1,-1,-1,-1,17.811457,1,17.868799,0.888832,18.757631
1236,32,32,-1,-1,-1,-1,-1,17.814528,1,17.860607,0.887808,18.748415
1237,32,32,-1,-1,-1,-1,-1,17.824768,1,17.893375,0.889856,18.783231
1238,32,1040,-1,-1,-1,-1,-1,-1,0,82.382851,0.873472,83.256323
1239,32,32,-1,-1,-1,-1,-1,17.789951,1,17.856512,0.886784,18.743296
1240,32,1040,-1,-1,-1,-1,-1,-1,0,82.973694,0.879616,83.85331
1241,32,1040,-1,-1,-1,-1,-1,-1,0,83.650558,0.881664,84.532222
1242,32,1039,-1,-1,-1,-1,-1,-1,0,83.551231,0.87552,84.426751
1243,32,32,-1,-1,-1,-1,-1,17.76128,1,17.829887,0.883712,18.713599
1244,32,32,-1,-1,-1,-1,-1,17.519615,1,17.5872,0.876544,18.463744
1245,32,32,-1,-1,-1,-1,-1,17.404928,1,17.448959,0.872448,18.321407
1246,32,32,-1,-1,-1,-1,-1,17.351681,1,17.417215,0.872448,18.289663
1247,32,32,-1,-1,-1,-1,-1,17.332224,1,17.395712,0.873472,18.269184
1248,32,1039,-1,-1,-1,-1,-1,-1,0,81.82579,0.873472,82.699262
1249,32,32,-1,-1,-1,-1,-1,17.808384,1,17.876991,0.88576,18.762751
1250,32,1040,-1,-1,-1,-1,-1,-1,0,82.843651,0.874496,83.718147
1251,32,32,-1,-1,-1,-1,-1,17.739777,1,17.784832,0.894976,18.679808
1252,32,32,-1,-1,-1,-1,-1,17.626112,1,17.671167,0.877568,18.548735
1253,32,32,-1,-1,-1,-1,-1,17.449984,1,17.51552,0.873472,18.388992
1254,32,32,-1,-1,-1,-1,-1,17.374208,1,17.440767,0.8704,18.311167
1255,32,32,-1,-1,-1,-1,-1,17.353727,1,17.412096,0.877568,18.289664
1256,32,32,-1,-1,-1,-1,-1,17.343489,1,17.410048,0.874496,18.284544
1257,32,1040,-1,-1,-1,-1,-1,-1,0,79.410179,0.87552,80.285699
1258,32,1040,-1,-1,-1,-1,-1,-1,0,84.8937,0.881664,85.775364
1259,32,1040,-1,-1,-1,-1,-1,-1,0,84.513794,0.874496,85.38829
1260,32,1040,-1,-1,-1,-1,-1,-1,0,83.819519,0.874496,84.694015
1261,32,32,-1,-1,-1,-1,-1,17.734655,1,17.777664,0.883712,18.661376
1262,32,1040,-1,-1,-1,-1,-1,-1,0,82.820099,0.877568,83.697667
1263,32,32,-1,-1,-1,-1,-1,17.723392,1,17.780737,0.881664,18.662401
1264,32,32,-1,-1,-1,-1,-1,17.560575,1,17.627136,0.878592,18.505728
1265,32,1040,-1,-1,-1,-1,-1,-1,0,81.876991,0.88064,82.757631
1266,32,32,-1,-1,-1,-1,-1,17.775616,1,17.836033,0.889856,18.725889
1267,32,32,-1,-1,-1,-1,-1,17.620993,1,17.667072,0.88576,18.552832
1268,32,32,-1,-1,-1,-1,-1,17.4592,1,17.503231,0.873472,18.376703
1269,32,32,-1,-1,-1,-1,-1,17.352703,1,17.41824,0.873472,18.291712
1270,32,1040,-1,-1,-1,-1,-1,-1,0,81.811455,0.876544,82.687999
1271,32,1040,-1,-1,-1,-1,-1,-1,0,83.660797,0.876544,84.537341
1272,32,32,-1,-1,-1,-1,-1,17.670143,1,17.736704,0.886784,18.623488
1273,32,32,-1,-1,-1,-1,-1,17.5616,1,17.630207,0.89088,18.521087
1274,32,32,-1,-1,-1,-1,-1,17.431553,1,17.487871,0.873472,18.361343
1275,32,32,-1,-1,-1,-1,-1,17.340416,1,17.408001,0.872448,18.280449
1276,32,32,-1,-1,-1,-1,-1,17.305599,1,17.371136,0.877568,18.248704
1277,32,1040,-1,-1,-1,-1,-1,-1,0,81.478653,0.876544,82.355197
1278,32,32,-1,-1,-1,-1,-1,17.692673,1,17.758207,0.878592,18.636799
1279,32,1040,-1,-1,-1,-1,-1,-1,0,82.494461,0.87552,83.369981
1280,32,32,-1,-1,-1,-1,-1,17.686527,1,17.754112,0.878592,18.632704
1281,32,32,-1,-1,-1,-1,-1,17.537024,1,17.598463,0.874496,18.472959
1282,32,32,-1,-1,-1,-1,-1,17.400831,1,17.464319,0.873472,18.337791
1283,32,32,-1,-1,-1,-1,-1,17.362944,1,17.408001,0.876544,18.284545
1284,32,1040,-1,-1,-1,-1,-1,-1,0,82.212868,0.87552,83.088388
1285,32,32,-1,-1,-1,-1,-1,17.777664,1,17.843201,0.889856,18.733057
1286,32,1040,-1,-1,-1,-1,-1,-1,0,82.514946,0.879616,83.394562
1287,32,32,-1,-1,-1,-1,-1,17.736704,1,17.795073,0.889856,18.684929
1288,32,1040,-1,-1,-1,-1,-1,-1,0,82.826241,0.873472,83.699713
1289,32,32,-1,-1,-1,-1,-1,17.700865,1,17.768448,0.881664,18.650112
1290,32,32,-1,-1,-1,-1,-1,17.508352,1,17.572865,0.874496,18.447361
1291,32,32,-1,-1,-1,-1,-1,17.395712,1,17.455105,0.874496,18.329601
1292,32,32,-1,-1,-1,-1,-1,17.369087,1,17.436672,0.878592,18.315264
1293,32,32,-1,-1,-1,-1,-1,17.309696,1,17.363968,0.872448,18.236416
1294,32,2048,-1,-1,-1,-1,-1,-1,0,138.34137,0.884736,139.226106
1295,32,32,-1,-1,-1,-1,-1,17.731585,1,17.798143,0.88576,18.683903
1296,32,32,-1,-1,-1,-1,-1,17.559551,1,17.626112,0.882688,18.5088
1297,32,32,-1,-1,-1,-1,-1,17.424383,1,17.490944,0.874496,18.36544
1298,32,32,-1,-1,-1,-1,-1,17.34656,1,17.412096,0.871424,18.28352
1299,32,32,-1,-1,-1,-1,-1,17.291264,1,17.334272,0.874496,18.208768
1300,32,32,-1,-1,-1,-1,-1,17.312769,1,17.376257,0.871424,18.247681
1301,32,32,-1,-1,-1,-1,-1,17.306623,1,17.349632,0.874496,18.224128
1302,32,32,-1,-1,-1,-1,-1,17.313791,1,17.381376,0.88064,18.262016
1303,32,1040,-1,-1,-1,-1,-1,-1,0,78.541824,0.874496,79.41632
1304,32,32,-1,-1,-1,-1,-1,17.790976,1,17.859585,0.886784,18.746369
1305,32,32,-1,-1,-1,-1,-1,17.622017,1,17.683456,0.876544,18.56
1306,32,32,-1,-1,-1,-1,-1,17.456127,1,17.521664,0.878592,18.400256
1307,32,32,-1,-1,-1,-1,-1,17.38752,1,17.44384,0.883712,18.327552
1308,32,32,-1,-1,-1,-1,-1,17.347584,1,17.41312,0.874496,18.287616
1309,32,1040,-1,-1,-1,-1,-1,-1,0,81.29229,0.87552,82.16781
1310,32,32,-1,-1,-1,-1,-1,17.705984,1,17.764353,0.877568,18.641921
1311,32,1040,-1,-1,-1,-1,-1,-1,0,82.644989,0.873472,83.518461
1312,32,32,-1,-1,-1,-1,-1,17.699841,1,17.766399,0.881664,18.648063
1313,32,32,-1,-1,-1,-1,-1,17.53088,1,17.598463,0.878592,18.477055
1314,32,32,-1,-1,-1,-1,-1,17.437696,1,17.495041,0.87552,18.370561
1315,32,32,-1,-1,-1,-1,-1,17.355776,1,17.398785,0.87552,18.274305
1316,32,32,-1,-1,-1,-1,-1,17.321983,1,17.385471,0.871424,18.256895
1317,32,1040,-1,-1,-1,-1,-1,-1,0,82.171906,0.876544,83.04845
1318,32,32,-1,-1,-1,-1,-1,17.762304,1,17.828863,0.882688,18.711551
1319,32,32,-1,-1,-1,-1,-1,17.503231,1,17.570816,0.881664,18.45248
1320,32,32,-1,-1,-1,-1,-1,17.408001,1,17.47456,0.879616,18.354176
1321,32,1040,-1,-1,-1,-1,-1,-1,0,81.821693,0.876544,82.698237
1322,32,992,-1,-1,-1,-1,-1,-1,0,79.285248,0.88064,80.165888
1323,32,32,-1,-1,-1,-1,-1,17.718271,1,17.785856,0.879616,18.665472
1324,32,32,-1,-1,-1,-1,-1,17.50528,1,17.572865,0.877568,18.450433
1325,32,32,-1,-1,-1,-1,-1,17.38752,1,17.455105,0.87552,18.330625
1326,32,32,-1,-1,-1,-1,-1,17.312769,1,17.378304,0.871424,18.249728
1327,32,1040,-1,-1,-1,-1,-1,-1,0,82.126846,0.881664,83.00851
1328,32,32,-1,-1,-1,-1,-1,17.762304,1,17.829887,0.898048,18.727935
1329,32,32,-1,-1,-1,-1,-1,17.577984,1,17.647615,0.881664,18.529279
1330,32,32,-1,-1,-1,-1,-1,17.419264,1,17.476608,0.874496,18.351104
1331,32,32,-1,-1,-1,-1,-1,17.32608,1,17.367041,0.873472,18.240513
1332,32,32,-1,-1,-1,-1,-1,17.292288,1,17.348608,0.873472,18.22208
1333,32,32,-1,-1,-1,-1,-1,17.292288,1,17.358849,0.873472,18.232321
1334,32,32,-1,-1,-1,-1,-1,17.296385,1,17.360895,0.874496,18.235391
1335,32,32,-1,-1,-1,-1,-1,17.31072,1,17.376257,0.874496,18.250753
1336,32,32,-1,-1,-1,-1,-1,17.251328,1,17.316864,0.874496,18.19136
1337,32,32,-1,-1,-1,-1,-1,17.250303,1,17.31584,0.87552,18.19136
1338,32,32,-1,-1,-1,-1,-1,17.245184,1,17.309696,0.872448,18.182144
1339,32,32,-1,-1,-1,-1,-1,17.255424,1,17.313791,0.872448,18.186239
1340,32,32,-1,-1,-1,-1,-1,17.263617,1,17.328129,0.871424,18.199553
1341,32,32,-1,-1,-1,-1,-1,17.282047,1,17.340416,0.8704,18.210816
1342,32,32,-1,-1,-1,-1,-1,17.263617,1,17.327105,0.874496,18.201601
1343,32,32,-1,-1,-1,-1,-1,17.280001,1,17.339392,0.876544,18.215936
1344,32,32,-1,-1,-1,-1,-1,17.282047,1,17.34656,0.8704,18.21696
1345,32,32,-1,-1,-1,-1,-1,17.28512,1,17.349632,0.874496,18.224128
1346,32,32,-1,-1,-1,-1,-1,17.276928,1,17.343489,0.874496,18.217985
1347,32,32,-1,-1,-1,-1,-1,17.297407,1,17.339392,0.871424,18.210816
1348,32,32,-1,-1,-1,-1,-1,17.297407,1,17.360895,0.872448,18.233343
1349,32,32,-1,-1,-1,-1,-1,17.283072,1,17.34656,0.871424,18.217984
1350,32,32,-1,-1,-1,-1,-1,17.30048,1,17.363968,0.871424,18.235392
1351,32,32,-1,-1,-1,-1,-1,17.302528,1,17.357824,0.873472,18.231296
1352,32,32,-1,-1,-1,-1,-1,17.296385,1,17.354752,0.873472,18.228224
1353,32,1040,-1,-1,-1,-1,-1,-1,0,81.438721,0.876544,82.315265
1354,32,32,-1,-1,-1,-1,-1,17.785856,1,17.845247,0.879616,18.724863
1355,32,32,-1,-1,-1,-1,-1,17.601536,1,17.666048,0.87552,18.541568
1356,32,32,-1,-1,-1,-1,-1,17.463297,1,17.527807,0.87552,18.403327
1357,32,32,-1,-1,-1,-1,-1,17.401855,1,17.468416,0.879616,18.348032
1358,32,1040,-1,-1,-1,-1,-1,-1,0,81.939453,0.87552,82.814973
1359,32,32,-1,-1,-1,-1,-1,17.830912,1,17.892351,0.886784,18.779135
1360,32,32,-1,-1,-1,-1,-1,17.564672,1,17.631231,0.886784,18.518015
1361,32,32,-1,-1,-1,-1,-1,17.485825,1,17.552383,0.876544,18.428927
1362,32,32,-1,-1,-1,-1,-1,17.442816,1,17.509377,0.8704,18.379777
1363,32,1040,-1,-1,-1,-1,-1,-1,0,81.821693,0.878592,82.700285
1364,32,32,-1,-1,-1,-1,-1,17.803265,1,17.868799,0.884736,18.753535
1365,32,32,-1,-1,-1,-1,-1,17.603584,1,17.661951,0.87552,18.537471
1366,32,32,-1,-1,-1,-1,-1,17.477633,1,17.542145,0.873472,18.415617
1367,32,1040,-1,-1,-1,-1,-1,-1,0,81.457153,0.88576,82.342913
1368,32,32,-1,-1,-1,-1,-1,17.825792,1,17.891329,0.886784,18.778113
1369,32,1040,-1,-1,-1,-1,-1,-1,0,82.807808,0.87552,83.683328
1370,32,1040,-1,-1,-1,-1,-1,-1,0,83.709953,0.87552,84.585473
1371,32,32,-1,-1,-1,-1,-1,17.779713,1,17.846272,0.88064,18.726911
1372,32,3056,-1,-1,-1,-1,-1,-1,0,203.285507,0.881664,204.167171
1373,32,1040,-1,-1,-1,-1,-1,-1,0,84.766724,0.874496,85.64122
1374,32,32,-1,-1,-1,-1,-1,17.790976,1,17.859585,0.89088,18.750465
1375,32,32,-1,-1,-1,-1,-1,17.523712,1,17.592319,0.872448,18.464768
1376,32,32,-1,-1,-1,-1,-1,17.422337,1,17.466368,0.8704,18.336768
1377,32,32,-1,-1,-1,-1,-1,17.381376,1,17.447935,0.874496,18.322431
1378,32,32,-1,-1,-1,-1,-1,17.338367,1,17.40288,0.87552,18.2784
1379,32,1040,-1,-1,-1,-1,-1,-1,0,81.543167,0.878592,82.421759
1380,32,1040,-1,-1,-1,-1,-1,-1,0,84.299774,0.878592,85.178366
1381,32,1040,-1,-1,-1,-1,-1,-1,0,83.643394,0.878592,84.521986
1382,32,32,-1,-1,-1,-1,-1,17.728512,1,17.796097,0.882688,18.678785
1383,32,1040,-1,-1,-1,-1,-1,-1,0,82.57843,0.876544,83.454974
1384,32,32,-1,-1,-1,-1,-1,17.702911,1,17.759232,0.884736,18.643968
1385,32,1040,-1,-1,-1,-1,-1,-1,0,82.632706,0.876544,83.50925
1386,32,32,-1,-1,-1,-1,-1,17.708033,1,17.775616,0.877568,18.653184
1387,32,32,-1,-1,-1,-1,-1,17.499136,1,17.544191,0.881664,18.425855
1388,32,32,-1,-1,-1,-1,-1,17.405952,1,17.463297,0.87552,18.338817
1389,32,32,-1,-1,-1,-1,-1,17.339392,1,17.404928,0.874496,18.279424
1390,32,32,-1,-1,-1,-1,-1,17.303553,1,17.369087,0.87552,18.244607
1391,32,32,-1,-1,-1,-1,-1,17.31072,1,17.375233,0.8704,18.245633
1392,32,1040,-1,-1,-1,-1,-1,-1,0,79.458305,0.874496,80.332801
1393,32,32,-1,-1,-1,-1,-1,17.772545,1,17.840128,0.89088,18.731008
1394,32,32,-1,-1,-1,-1,-1,17.626112,1,17.672192,0.881664,18.553856
1395,32,32,-1,-1,-1,-1,-1,17.438721,1,17.497087,0.873472,18.370559
1396,32,1040,-1,-1,-1,-1,-1,-1,0,81.765373,0.874496,82.639869
1397,32,32,-1,-1,-1,-1,-1,17.799168,1,17.867777,0.903168,18.770945
1398,32,1040,-1,-1,-1,-1,-1,-1,0,83.92704,0.87552,84.80256
1399,32,32,-1,-1,-1,-1,-1,17.673216,1,17.742847,0.881664,18.624511
1400,32,1040,-1,-1,-1,-1,-1,-1,0,82.647041,0.878592,83.525633
1401,32,32,-1,-1,-1,-1,-1,17.741823,1,17.801216,0.897024,18.69824
1402,32,32,-1,-1,-1,-1,-1,17.599487,1,17.659904,0.877568,18.537472
1403,32,1040,-1,-1,-1,-1,-1,-1,0,82.535423,0.877568,83.412991
1404,32,32,-1,-1,-1,-1,-1,17.717249,1,17.777664,0.884736,18.6624
1405,32,1040,-1,-1,-1,-1,-1,-1,0,82.765823,0.874496,83.640319
1406,32,32,-1,-1,-1,-1,-1,17.659904,1,17.72032,0.881664,18.601984
1407,32,1040,-1,-1,-1,-1,-1,-1,0,82.764801,0.878592,83.643393
1408,32,32,-1,-1,-1,-1,-1,17.738752,1,17.805311,0.884736,18.690047
1409,32,32,-1,-1,-1,-1,-1,17.57696,1,17.623039,0.882688,18.505727
1410,32,32,-1,-1,-1,-1,-1,17.453056,1,17.498112,0.876544,18.374656
1411,32,32,-1,-1,-1,-1,-1,17.345535,1,17.410048,0.873472,18.28352
1412,32,32,-1,-1,-1,-1,-1,17.296385,1,17.360895,0.876544,18.237439
1413,32,32,-1,-1,-1,-1,-1,17.286144,1,17.342464,0.879616,18.22208
1414,32,32,-1,-1,-1,-1,-1,17.288193,1,17.344513,0.8704,18.214913
1415,32,32,-1,-1,-1,-1,-1,17.301504,1,17.369087,0.878592,18.247679
1416,32,32,-1,-1,-1,-1,-1,17.250303,1,17.313791,0.8704,18.184191
1417,32,32,-1,-1,-1,-1,-1,17.252352,1,17.318913,0.868352,18.187265
1418,32,32,-1,-1,-1,-1,-1,17.247232,1,17.312769,0.866304,18.179073
1419,32,1040,-1,-1,-1,-1,-1,-1,0,81.668098,0.88064,82.548738
1420,32,32,-1,-1,-1,-1,-1,17.741823,1,17.808384,0.882688,18.691072
1421,32,32,-1,-1,-1,-1,-1,17.572865,1,17.634304,0.88064,18.514944
1422,32,1040,-1,-1,-1,-1,-1,-1,0,81.895424,0.872448,82.767872
1423,32,1040,-1,-1,-1,-1,-1,-1,0,83.659775,0.87552,84.535295
1424,32,1040,-1,-1,-1,-1,-1,-1,0,83.68026,0.87552,84.55578
1425,32,32,-1,-1,-1,-1,-1,17.701887,1,17.746944,0.88576,18.632704
1426,32,1040,-1,-1,-1,-1,-1,-1,0,82.594818,0.876544,83.471362
1427,32,1040,-1,-1,-1,-1,-1,-1,0,83.633148,0.873472,84.50662
1428,32,32,-1,-1,-1,-1,-1,17.713152,1,17.772545,0.884736,18.657281
1429,32,32,-1,-1,-1,-1,-1,17.490944,1,17.558529,0.87552,18.434049
1430,32,32,-1,-1,-1,-1,-1,17.386496,1,17.452032,0.873472,18.325504
1431,32,32,-1,-1,-1,-1,-1,17.31584,1,17.380352,0.88064,18.260992
1432,32,32,-1,-1,-1,-1,-1,17.280001,1,17.345535,0.874496,18.220031
1433,32,32,-1,-1,-1,-1,-1,17.272833,1,17.338367,0.87552,18.213887
1434,32,32,-1,-1,-1,-1,-1,17.272833,1,17.340416,0.869376,18.209792
1435,32,32,-1,-1,-1,-1,-1,17.278976,1,17.344513,0.874496,18.219009
1436,32,32,-1,-1,-1,-1,-1,17.284096,1,17.350657,0.871424,18.222081
1437,32,32,-1,-1,-1,-1,-1,17.299456,1,17.363968,0.874496,18.238464
1438,32,32,-1,-1,-1,-1,-1,17.234943,1,17.30048,0.878592,18.179072
1439,32,32,-1,-1,-1,-1,-1,17.236992,1,17.302528,0.874496,18.177024
1440,32,32,-1,-1,-1,-1,-1,17.262592,1,17.327105,0.872448,18.199553
1441,32,32,-1,-1,-1,-1,-1,17.257471,1,17.298431,0.8704,18.168831
1442,32,32,-1,-1,-1,-1,-1,17.23904,1,17.294336,0.8704,18.164736
1443,32,32,-1,-1,-1,-1,-1,17.25952,1,17.325056,0.873472,18.198528
1444,32,1039,-1,-1,-1,-1,-1,-1,0,81.232895,0.874496,82.107391
1445,32,1040,-1,-1,-1,-1,-1,-1,0,84.35405,0.88064,85.23469
1446,32,32,-1,-1,-1,-1,-1,17.707008,1,17.771521,0.897024,18.668545
1447,32,32,-1,-1,-1,-1,-1,17.577984,1,17.646591,0.879616,18.526207
1448,32,32,-1,-1,-1,-1,-1,17.385471,1,17.451008,0.877568,18.328576
1449,32,32,-1,-1,-1,-1,-1,17.318913,1,17.383425,0.876544,18.259969
1450,32,32,-1,-1,-1,-1,-1,17.293312,1,17.349632,0.8704,18.220032
1451,32,1040,-1,-1,-1,-1,-1,-1,0,81.333244,0.87552,82.208764
1452,32,1040,-1,-1,-1,-1,-1,-1,0,84.187134,0.876544,85.063678
1453,32,32,-1,-1,-1,-1,-1,17.710079,1,17.775616,0.905216,18.680832
1454,32,32,-1,-1,-1,-1,-1,17.687551,1,17.757183,0.88576,18.642943
1455,32,32,-1,-1,-1,-1,-1,17.687551,1,17.755136,0.888832,18.643968
1456,32,32,-1,-1,-1,-1,-1,17.415169,1,17.483776,0.872448,18.356224
1457,32,32,-1,-1,-1,-1,-1,17.318913,1,17.361919,0.873472,18.235391
1458,32,32,-1,-1,-1,-1,-1,17.323008,1,17.388544,0.873472,18.262016
1459,32,32,-1,-1,-1,-1,-1,17.32608,1,17.392639,0.877568,18.270207
1460,32,32,-1,-1,-1,-1,-1,17.309696,1,17.375233,0.873472,18.248705
1461,32,32,-1,-1,-1,-1,-1,17.286144,1,17.354752,0.868352,18.223104
1462,32,32,-1,-1,-1,-1,-1,17.271809,1,17.335297,0.8704,18.205697
1463,32,32,-1,-1,-1,-1,-1,17.277952,1,17.342464,0.872448,18.214912
1464,32,32,-1,-1,-1,-1,-1,17.25952,1,17.324032,0.877568,18.2016
1465,32,32,-1,-1,-1,-1,-1,17.282047,1,17.338367,0.871424,18.209791
1466,32,32,-1,-1,-1,-1,-1,17.276928,1,17.34144,0.872448,18.213888
1467,32,32,-1,-1,-1,-1,-1,17.262592,1,17.329151,0.876544,18.205695
1468,32,32,-1,-1,-1,-1,-1,17.263617,1,17.321983,0.871424,18.193407
1469,32,32,-1,-1,-1,-1,-1,17.268736,1,17.333248,0.868352,18.2016
1470,32,32,-1,-1,-1,-1,-1,17.275904,1,17.34144,0.871424,18.212864
1471,32,32,-1,-1,-1,-1,-1,17.268736,1,17.333248,0.867328,18.200576
1472,32,32,-1,-1,-1,-1,-1,17.272833,1,17.338367,0.869376,18.207743
1473,32,32,-1,-1,-1,-1,-1,17.286144,1,17.328129,0.867328,18.195457
1474,32,32,-1,-1,-1,-1,-1,17.273855,1,17.340416,0.872448,18.212864
1475,32,32,-1,-1,-1,-1,-1,17.280001,1,17.339392,0.877568,18.21696
1476,32,32,-1,-1,-1,-1,-1,17.275904,1,17.343489,0.871424,18.214913
1477,32,32,-1,-1,-1,-1,-1,17.268736,1,17.335297,0.8704,18.205697
1478,32,32,-1,-1,-1,-1,-1,17.293312,1,17.3568,0.872448,18.229248
1479,32,1040,-1,-1,-1,-1,-1,-1,0,81.727486,0.888832,82.616318
1480,32,1040,-1,-1,-1,-1,-1,-1,0,84.475906,0.876544,85.35245
1481,32,32,-1,-1,-1,-1,-1,17.837055,1,17.898497,0.899072,18.797569
1482,32,1040,-1,-1,-1,-1,-1,-1,0,83.612671,0.874496,84.487167
1483,32,32,-1,-1,-1,-1,-1,17.717249,1,17.784832,0.884736,18.669568
1484,32,32,-1,-1,-1,-1,-1,17.597441,1,17.666048,0.878592,18.54464
1485,32,32,-1,-1,-1,-1,-1,17.464319,1,17.529856,0.881664,18.41152
1486,32,32,-1,-1,-1,-1,-1,17.406977,1,17.464319,0.876544,18.340863
1487,32,32,-1,-1,-1,-1,-1,17.361919,1,17.427456,0.874496,18.301952
1488,32,32,-1,-1,-1,-1,-1,17.350657,1,17.415169,0.873472,18.288641
1489,32,32,-1,-1,-1,-1,-1,17.357824,1,17.401855,0.874496,18.276351
1490,32,32,-1,-1,-1,-1,-1,17.355776,1,17.419264,0.874496,18.29376
1491,32,1040,-1,-1,-1,-1,-1,-1,0,81.546242,0.88064,82.426882
1492,32,1039,-1,-1,-1,-1,-1,-1,0,84.200447,0.873472,85.073919
1493,32,1040,-1,-1,-1,-1,-1,-1,0,83.784706,0.877568,84.662274
1494,32,1040,-1,-1,-1,-1,-1,-1,0,84.066307,0.874496,84.940803
1495,32,32,-1,-1,-1,-1,-1,17.707008,1,17.774591,0.879616,18.654207
1496,32,32,-1,-1,-1,-1,-1,17.5872,1,17.655807,0.87552,18.531327
1497,32,1040,-1,-1,-1,-1,-1,-1,0,82.349052,0.87552,83.224572
1498,32,1040,-1,-1,-1,-1,-1,-1,0,84.373505,0.874496,85.248001
1499,32,2048,-1,-1,-1,-1,-1,-1,0,140.441605,0.882688,141.324293
1500,32,1040,-1,-1,-1,-1,-1,-1,0,85.057533,0.878592,85.936125
1501,32,32,-1,-1,-1,-1,-1,17.78688,1,17.853439,0.886784,18.740223
1502,32,32,-1,-1,-1,-1,-1,17.541121,1,17.600512,0.877568,18.47808
1503,32,32,-1,-1,-1,-1,-1,17.380352,1,17.438721,0.872448,18.311169
1504,32,32,-1,-1,-1,-1,-1,17.330175,1,17.395712,0.872448,18.26816
1505,32,32,-1,-1,-1,-1,-1,17.316864,1,17.359873,0.87552,18.235393
1506,32,32,-1,-1,-1,-1,-1,17.324032,1,17.388544,0.878592,18.267136
1507,32,32,-1,-1,-1,-1,-1,17.298431,1,17.364992,0.87552,18.240512
1508,32,32,-1,-1,-1,-1,-1,17.307648,1,17.366016,0.871424,18.23744
1509,32,32,-1,-1,-1,-1,-1,17.276928,1,17.34144,0.868352,18.209792
1510,32,32,-1,-1,-1,-1,-1,17.26976,1,17.334272,0.868352,18.202624
1511,32,32,-1,-1,-1,-1,-1,17.268736,1,17.333248,0.871424,18.204672
1512,32,32,-1,-1,-1,-1,-1,17.26976,1,17.327105,0.8704,18.197505
1513,32,32,-1,-1,-1,-1,-1,17.284096,1,17.348608,0.869376,18.217984
1514,32,32,-1,-1,-1,-1,-1,17.274879,1,17.339392,0.871424,18.210816
1515,32,1040,-1,-1,-1,-1,-1,-1,0,81.660927,0.878592,82.539519
1516,32,32,-1,-1,-1,-1,-1,17.794048,1,17.860607,0.887808,18.748415
1517,32,2048,-1,-1,-1,-1,-1,-1,0,138.795013,0.883712,139.678725
1518,32,32,-1,-1,-1,-1,-1,17.762304,1,17.820671,0.88064,18.701311
1519,32,32,-1,-1,-1,-1,-1,17.625088,1,17.685505,0.874496,18.560001
1520,32,32,-1,-1,-1,-1,-1,17.47456,1,17.542145,0.876544,18.418689
1521,32,1039,-1,-1,-1,-1,-1,-1,0,82.504707,0.88576,83.390467
1522,32,32,-1,-1,-1,-1,-1,17.760256,1,17.826817,0.881664,18.708481
1523,32,1040,-1,-1,-1,-1,-1,-1,0,82.537476,0.876544,83.41402
1524,32,32,-1,-1,-1,-1,-1,17.703936,1,17.747969,0.878592,18.626561
1525,32,32,-1,-1,-1,-1,-1,17.5616,1,17.619968,0.878592,18.49856
1526,32,32,-1,-1,-1,-1,-1,17.430529,1,17.488895,0.876544,18.365439
1527,32,1023,-1,-1,-1,-1,-1,-1,0,76.979202,0.878592,77.857794
1528,32,32,-1,-1,-1,-1,-1,17.736704,1,17.805311,0.88576,18.691071
1529,32,1040,-1,-1,-1,-1,-1,-1,0,82.434052,0.87552,83.309572
1530,32,32,-1,-1,-1,-1,-1,17.713152,1,17.772545,0.882688,18.655233
1531,32,1040,-1,-1,-1,-1,-1,-1,0,82.390015,0.873472,83.263487
1532,32,32,-1,-1,-1,-1,-1,17.705984,1,17.774591,0.89088,18.665471
1533,32,32,-1,-1,-1,-1,-1,17.479679,1,17.547264,0.874496,18.42176
1534,32,1040,-1,-1,-1,-1,-1,-1,0,81.986557,0.872448,82.859005
1535,32,32,-1,-1,-1,-1,-1,17.718271,1,17.78688,0.883712,18.670592
1536,32,1039,-1,-1,-1,-1,-1,-1,0,82.383873,0.883712,83.267585
1537,32,32,-1,-1,-1,-1,-1,17.725439,1,17.789951,0.891904,18.681855
1538,32,32,-1,-1,-1,-1,-1,17.466368,1,17.525761,0.874496,18.400257
1539,32,32,-1,-1,-1,-1,-1,17.360895,1,17.42848,0.87552,18.304
1540,32,32,-1,-1,-1,-1,-1,17.316864,1,17.359873,0.873472,18.233345
1541,32,32,-1,-1,-1,-1,-1,17.293312,1,17.349632,0.873472,18.223104
1542,32,32,-1,-1,-1,-1,-1,17.280001,1,17.344513,0.872448,18.216961
1543,32,1040,-1,-1,-1,-1,-1,-1,0,81.320961,0.879616,82.200577
1544,32,32,-1,-1,-1,-1,-1,17.716225,1,17.775616,0.883712,18.659328
1545,32,32,-1,-1,-1,-1,-1,17.583103,1,17.651712,0.876544,18.528256
1546,32,1040,-1,-1,-1,-1,-1,-1,0,82.253822,0.874496,83.128318
1547,32,1040,-1,-1,-1,-1,-1,-1,0,84.669441,0.87552,85.544961
1548,32,1039,-1,-1,-1,-1,-1,-1,0,83.586044,0.873472,84.459516
1549,32,32,-1,-1,-1,-1,-1,17.705984,1,17.772545,0.881664,18.654209
1550,32,32,-1,-1,-1,-1,-1,17.485825,1,17.544191,0.874496,18.418687
1551,32,1040,-1,-1,-1,-1,-1,-1,0,82.021378,0.884736,82.906114
1552,32,32,-1,-1,-1,-1,-1,17.699841,1,17.757183,0.889856,18.647039
1553,32,32,-1,-1,-1,-1,-1,17.501184,1,17.559551,0.876544,18.436095
1554,32,1040,-1,-1,-1,-1,-1,-1,0,81.771523,0.879616,82.651139
1555,32,32,-1,-1,-1,-1,-1,17.77664,1,17.845247,0.88064,18.725887
1556,32,32,-1,-1,-1,-1,-1,17.603584,1,17.64864,0.877568,18.526208
1557,32,32,-1,-1,-1,-1,-1,17.446913,1,17.507328,0.884736,18.392064
1558,32,32,-1,-1,-1,-1,-1,17.3312,1,17.396736,0.871424,18.26816
1559,32,32,-1,-1,-1,-1,-1,17.273855,1,17.338367,0.869376,18.207743
1560,32,32,-1,-1,-1,-1,-1,17.263617,1,17.321983,0.87552,18.197503
1561,32,32,-1,-1,-1,-1,-1,17.271809,1,17.330175,0.879616,18.209791
1562,32,32,-1,-1,-1,-1,-1,17.26976,1,17.334272,0.871424,18.205696
1563,32,32,-1,-1,-1,-1,-1,17.233919,1,17.297407,0.8704,18.167807
1564,32,32,-1,-1,-1,-1,-1,17.215488,1,17.271809,0.871424,18.143233
1565,32,32,-1,-1,-1,-1,-1,17.222656,1,17.287169,0.876544,18.163713
1566,32,32,-1,-1,-1,-1,-1,17.2288,1,17.293312,0.872448,18.16576
1567,32,32,-1,-1,-1,-1,-1,17.224705,1,17.288193,0.869376,18.157569
1568,32,32,-1,-1,-1,-1,-1,17.227776,1,17.26976,0.868352,18.138112
1569,32,32,-1,-1,-1,-1,-1,17.230848,1,17.294336,0.871424,18.16576
1570,32,32,-1,-1,-1,-1,-1,17.248257,1,17.312769,0.87552,18.188289
1571,32,32,-1,-1,-1,-1,-1,17.234943,1,17.298431,0.8704,18.168831
1572,32,32,-1,-1,-1,-1,-1,17.245184,1,17.288193,0.871424,18.159617
1573,32,32,-1,-1,-1,-1,-1,17.250303,1,17.314816,0.869376,18.184192
1574,32,1040,-1,-1,-1,-1,-1,-1,0,78.583809,0.874496,79.458305
1575,32,1040,-1,-1,-1,-1,-1,-1,0,85.115906,0.872448,85.988354
1576,32,1040,-1,-1,-1,-1,-1,-1,0,84.494339,0.87552,85.369859
1577,32,1040,-1,-1,-1,-1,-1,-1,0,83.975166,0.87552,84.850686
1578,32,32,-1,-1,-1,-1,-1,17.673216,1,17.738752,0.879616,18.618368
1579,32,32,-1,-1,-1,-1,-1,17.539072,1,17.597441,0.874496,18.471937
1580,32,32,-1,-1,-1,-1,-1,17.382401,1,17.446913,0.873472,18.320385
1581,32,32,-1,-1,-1,-1,-1,17.332224,1,17.39776,0.877568,18.275328
1582,32,32,-1,-1,-1,-1,-1,17.297407,1,17.362944,0.8704,18.233344
1583,32,32,-1,-1,-1,-1,-1,17.306623,1,17.362944,0.874496,18.23744
1584,32,32,-1,-1,-1,-1,-1,17.319937,1,17.363968,0.873472,18.23744
1585,32,32,-1,-1,-1,-1,-1,17.316864,1,17.380352,0.876544,18.256896
1586,32,32,-1,-1,-1,-1,-1,17.286144,1,17.351681,0.869376,18.221057
1587,32,32,-1,-1,-1,-1,-1,17.261568,1,17.327105,0.871424,18.198529
1588,32,32,-1,-1,-1,-1,-1,17.2544,1,17.295361,0.873472,18.168833
1589,32,32,-1,-1,-1,-1,-1,17.249281,1,17.313791,0.8704,18.184191
1590,32,32,-1,-1,-1,-1,-1,17.250303,1,17.313791,0.871424,18.185215
1591,32,32,-1,-1,-1,-1,-1,17.249281,1,17.313791,0.87552,18.189311
1592,32,32,-1,-1,-1,-1,-1,17.251328,1,17.313791,0.869376,18.183167
1593,32,32,-1,-1,-1,-1,-1,17.247232,1,17.311745,0.867328,18.179073
1594,32,32,-1,-1,-1,-1,-1,17.255424,1,17.319937,0.872448,18.192385
1595,32,32,-1,-1,-1,-1,-1,17.252352,1,17.31584,0.872448,18.188288
1596,32,32,-1,-1,-1,-1,-1,17.274879,1,17.337343,0.871424,18.208767
1597,32,32,-1,-1,-1,-1,-1,17.26976,1,17.335297,0.874496,18.209793
1598,32,32,-1,-1,-1,-1,-1,17.270784,1,17.335297,0.873472,18.208769
1599,32,32,-1,-1,-1,-1,-1,17.249281,1,17.313791,0.87552,18.189311
1600,32,32,-1,-1,-1,-1,-1,17.26976,1,17.311745,0.871424,18.183169
1601,32,32,-1,-1,-1,-1,-1,17.280001,1,17.343489,0.869376,18.212865
1602,32,32,-1,-1,-1,-1,-1,17.283072,1,17.347584,0.866304,18.213888
1603,32,32,-1,-1,-1,-1,-1,17.267712,1,17.332224,0.864256,18.19648
1604,32,32,-1,-1,-1,-1,-1,17.289215,1,17.3312,0.864256,18.195456
1605,32,1040,-1,-1,-1,-1,-1,-1,0,81.531906,0.87552,82.407426
1606,32,1040,-1,-1,-1,-1,-1,-1,0,84.327423,0.87552,85.202943
1607,32,32,-1,-1,-1,-1,-1,17.773567,1,17.840128,0.882688,18.722816
1608,32,32,-1,-1,-1,-1,-1,17.547264,1,17.613825,0.874496,18.488321
1609,32,32,-1,-1,-1,-1,-1,17.425407,1,17.491968,0.8704,18.362368
1610,32,1040,-1,-1,-1,-1,-1,-1,0,81.630211,0.872448,82.502659
1611,32,1040,-1,-1,-1,-1,-1,-1,0,83.64032,0.871424,84.511744
1612,32,32,-1,-1,-1,-1,-1,17.73056,1,17.796097,0.881664,18.677761
1613,32,1040,-1,-1,-1,-1,-1,-1,0,83.632126,0.874496,84.506622
1614,32,32,-1,-1,-1,-1,-1,17.743872,1,17.811457,0.886784,18.698241
1615,32,1040,-1,-1,-1,-1,-1,-1,0,82.512894,0.877568,83.390462
1616,32,32,-1,-1,-1,-1,-1,17.737728,1,17.783808,0.882688,18.666496
1617,32,1040,-1,-1,-1,-1,-1,-1,0,82.454529,0.87552,83.330049
1618,32,32,-1,-1,-1,-1,-1,17.737728,1,17.803265,0.884736,18.688001
1619,32,2047,-1,-1,-1,-1,-1,-1,0,139.595779,0.881664,140.477443
1620,32,32,-1,-1,-1,-1,-1,17.840128,1,17.897472,0.884736,18.782208
1621,32,32,-1,-1,-1,-1,-1,17.580032,1,17.646591,0.878592,18.525183
1622,32,1040,-1,-1,-1,-1,-1,-1,0,82.04493,0.874496,82.919425
1623,32,32,-1,-1,-1,-1,-1,17.7152,1,17.774591,0.886784,18.661375
1624,32,32,-1,-1,-1,-1,-1,17.539072,1,17.606655,0.877568,18.484223
1625,32,32,-1,-1,-1,-1,-1,17.419264,1,17.486849,0.876544,18.363393
1626,32,1040,-1,-1,-1,-1,-1,-1,0,82.009087,0.877568,82.886655
1627,32,32,-1,-1,-1,-1,-1,17.739777,1,17.80736,0.88576,18.69312
1628,32,32,-1,-1,-1,-1,-1,17.567743,1,17.635328,0.876544,18.511872
1629,32,32,-1,-1,-1,-1,-1,17.422337,1,17.48992,0.874496,18.364416
1630,32,32,-1,-1,-1,-1,-1,17.348608,1,17.414145,0.868352,18.282497
1631,32,1039,-1,-1,-1,-1,-1,-1,0,78.93811,0.866304,79.804414
1632,32,32,-1,-1,-1,-1,-1,17.46944,1,17.533953,0.882688,18.416641
1633,32,32,-1,-1,-1,-1,-1,17.55648,1,17.624063,0.877568,18.501631
1634,32,32,-1,-1,-1,-1,-1,17.423361,1,17.488895,0.877568,18.366463
1635,32,32,-1,-1,-1,-1,-1,17.369087,1,17.437696,0.872448,18.310144
1636,32,32,-1,-1,-1,-1,-1,17.318913,1,17.385471,0.869376,18.254847
1637,32,32,-1,-1,-1,-1,-1,17.316864,1,17.383425,0.882688,18.266113
1638,32,32,-1,-1,-1,-1,-1,17.303553,1,17.362944,0.883712,18.246656
1639,32,1040,-1,-1,-1,-1,-1,-1,0,82.214912,0.888832,83.103744
1640,32,32,-1,-1,-1,-1,-1,17.777664,1,17.849344,0.899072,18.748416
1641,32,2048,-1,-1,-1,-1,-1,-1,0,139.006973,0.889856,139.896829
1642,32,32,-1,-1,-1,-1,-1,17.845247,1,17.913857,0.902144,18.816001
1643,32,1040,-1,-1,-1,-1,-1,-1,0,84.447235,0.877568,85.324803
1644,32,32,-1,-1,-1,-1,-1,17.692673,1,17.73568,0.881664,18.617344
1645,32,32,-1,-1,-1,-1,-1,17.569792,1,17.62816,0.877568,18.505728
1646,32,32,-1,-1,-1,-1,-1,17.461248,1,17.524736,0.872448,18.397184
1647,32,1039,-1,-1,-1,-1,-1,-1,0,79.335426,0.867328,80.202754
1648,32,32,-1,-1,-1,-1,-1,17.665024,1,17.728512,0.877568,18.60608
1649,32,32,-1,-1,-1,-1,-1,17.607679,1,17.667072,0.902144,18.569216
1650,32,32,-1,-1,-1,-1,-1,17.416191,1,17.481728,0.872448,18.354176
1651,32,1040,-1,-1,-1,-1,-1,-1,0,81.897469,0.874496,82.771965
1652,32,1040,-1,-1,-1,-1,-1,-1,0,84.411392,0.877568,85.28896
1653,32,32,-1,-1,-1,-1,-1,17.681408,1,17.74592,0.87552,18.62144
1654,32,32,-1,-1,-1,-1,-1,17.504255,1,17.57184,0.876544,18.448384
1655,32,32,-1,-1,-1,-1,-1,17.412096,1,17.479679,0.872448,18.352127
1656,32,32,-1,-1,-1,-1,-1,17.351681,1,17.408001,0.872448,18.280449
1657,32,1040,-1,-1,-1,-1,-1,-1,0,82.014206,0.88064,82.894846
1658,32,32,-1,-1,-1,-1,-1,17.773567,1,17.841152,0.883712,18.724864
1659,32,1040,-1,-1,-1,-1,-1,-1,0,82.714622,0.88064,83.595262
1660,32,32,-1,-1,-1,-1,-1,17.80224,1,17.846272,0.879616,18.725888
1661,32,32,-1,-1,-1,-1,-1,17.514496,1,17.580032,0.876544,18.456576
1662,32,32,-1,-1,-1,-1,-1,17.41824,1,17.481728,0.88064,18.362368
1663,32,2048,-1,-1,-1,-1,-1,-1,0,138.83699,0.881664,139.718654
1664,32,32,-1,-1,-1,-1,-1,17.780737,1,17.84832,0.886784,18.735104
1665,32,32,-1,-1,-1,-1,-1,17.583103,1,17.650688,0.884736,18.535424
1666,32,1040,-1,-1,-1,-1,-1,-1,0,82.120705,0.87552,82.996225
1667,32,32,-1,-1,-1,-1,-1,17.708033,1,17.768448,0.882688,18.651136
1668,32,1040,-1,-1,-1,-1,-1,-1,0,82.594818,0.87552,83.470338
1669,32,1040,-1,-1,-1,-1,-1,-1,0,83.659775,0.8704,84.530175
1670,32,32,-1,-1,-1,-1,-1,17.690624,1,17.757183,0.88064,18.637823
1671,32,1039,-1,-1,-1,-1,-1,-1,0,82.361343,0.873472,83.234815
1672,32,32,-1,-1,-1,-1,-1,17.698816,1,17.757183,0.883712,18.640895
1673,32,32,-1,-1,-1,-1,-1,17.508352,1,17.575935,0.877568,18.453503
1674,32,32,-1,-1,-1,-1,-1,17.395712,1,17.462273,0.873472,18.335745
1675,32,1040,-1,-1,-1,-1,-1,-1,0,81.817596,0.873472,82.691068
1676,32,32,-1,-1,-1,-1,-1,17.714176,1,17.758207,0.88064,18.638847
1677,32,32,-1,-1,-1,-1,-1,17.495041,1,17.560575,0.87552,18.436095
1678,32,32,-1,-1,-1,-1,-1,17.353727,1,17.394688,0.87552,18.270208
1679,32,32,-1,-1,-1,-1,-1,17.288193,1,17.353727,0.873472,18.227199
1680,32,32,-1,-1,-1,-1,-1,17.255424,1,17.320959,0.873472,18.194431
1681,32,32,-1,-1,-1,-1,-1,17.283072,1,17.347584,0.87552,18.223104
1682,32,32,-1,-1,-1,-1,-1,17.284096,1,17.348608,0.871424,18.220032
1683,32,32,-1,-1,-1,-1,-1,17.274879,1,17.339392,0.8704,18.209792
1684,32,32,-1,-1,-1,-1,-1,17.23904,1,17.303553,0.874496,18.178049
1685,32,32,-1,-1,-1,-1,-1,17.248257,1,17.305599,0.8704,18.175999
1686,32,32,-1,-1,-1,-1,-1,17.248257,1,17.312769,0.869376,18.182145
1687,32,32,-1,-1,-1,-1,-1,17.256449,1,17.320959,0.876544,18.197503
1688,32,32,-1,-1,-1,-1,-1,17.23904,1,17.303553,0.869376,18.172929
1689,32,32,-1,-1,-1,-1,-1,17.242111,1,17.306623,0.871424,18.178047
1690,32,32,-1,-1,-1,-1,-1,17.248257,1,17.312769,0.869376,18.182145
1691,32,32,-1,-1,-1,-1,-1,17.240065,1,17.304577,0.866304,18.170881
1692,32,32,-1,-1,-1,-1,-1,17.242111,1,17.283072,0.869376,18.152448
1693,32,32,-1,-1,-1,-1,-1,17.245184,1,17.309696,0.8704,18.180096
1694,32,32,-1,-1,-1,-1,-1,17.25952,1,17.30048,0.868352,18.168832
1695,32,32,-1,-1,-1,-1,-1,17.256449,1,17.321983,0.873472,18.195455
1696,32,32,-1,-1,-1,-1,-1,17.24416,1,17.308672,0.874496,18.183168
1697,32,1040,-1,-1,-1,-1,-1,-1,0,81.484802,0.877568,82.36237
1698,32,32,-1,-1,-1,-1,-1,17.738752,1,17.805311,0.882688,18.687999
1699,32,1040,-1,-1,-1,-1,-1,-1,0,82.481155,0.877568,83.358723
1700,32,32,-1,-1,-1,-1,-1,17.744896,1,17.803265,0.884736,18.688001
1701,32,32,-1,-1,-1,-1,-1,17.525761,1,17.594368,0.877568,18.471936
1702,32,32,-1,-1,-1,-1,-1,17.438721,1,17.503231,0.876544,18.379775
1703,32,1040,-1,-1,-1,-1,-1,-1,0,81.6343,0.882688,82.516988
1704,32,32,-1,-1,-1,-1,-1,17.743872,1,17.810432,0.881664,18.692096
1705,32,32,-1,-1,-1,-1,-1,17.584127,1,17.651712,0.873472,18.525184
1706,32,32,-1,-1,-1,-1,-1,17.414145,1,17.480703,0.874496,18.355199
1707,32,32,-1,-1,-1,-1,-1,17.347584,1,17.414145,0.871424,18.285569
1708,32,32,-1,-1,-1,-1,-1,17.31072,1,17.353727,0.871424,18.225151
1709,32,32,-1,-1,-1,-1,-1,17.323008,1,17.386496,0.877568,18.264064
1710,32,32,-1,-1,-1,-1,-1,17.323008,1,17.367041,0.87552,18.242561
1711,32,32,-1,-1,-1,-1,-1,17.338367,1,17.40288,0.872448,18.275328
1712,32,1040,-1,-1,-1,-1,-1,-1,0,81.724419,0.878592,82.603011
1713,32,32,-1,-1,-1,-1,-1,17.805311,1,17.872896,0.884736,18.757632
1714,32,32,-1,-1,-1,-1,-1,17.540096,1,17.605633,0.876544,18.482177
1715,32,32,-1,-1,-1,-1,-1,17.414145,1,17.479679,0.877568,18.357247
1716,32,32,-1,-1,-1,-1,-1,17.383425,1,17.447935,0.8704,18.318335
1717,32,32,-1,-1,-1,-1,-1,17.323008,1,17.388544,0.876544,18.265088
1718,32,32,-1,-1,-1,-1,-1,17.314816,1,17.380352,0.871424,18.251776
1719,32,32,-1,-1,-1,-1,-1,17.325056,1,17.389568,0.873472,18.26304
1720,32,32,-1,-1,-1,-1,-1,17.321983,1,17.379328,0.872448,18.251776
1721,32,32,-1,-1,-1,-1,-1,17.308672,1,17.373184,0.871424,18.244608
1722,32,32,-1,-1,-1,-1,-1,17.287169,1,17.352703,0.873472,18.226175
1723,32,32,-1,-1,-1,-1,-1,17.283072,1,17.345535,0.872448,18.217983
1724,32,1039,-1,-1,-1,-1,-1,-1,0,82.14016,0.884736,83.024896
1725,32,32,-1,-1,-1,-1,-1,17.80736,1,17.875969,0.882688,18.758657
1726,32,32,-1,-1,-1,-1,-1,17.554432,1,17.598463,0.874496,18.472959
1727,32,32,-1,-1,-1,-1,-1,17.440767,1,17.506304,0.876544,18.382848
1728,32,32,-1,-1,-1,-1,-1,17.391617,1,17.458176,0.876544,18.33472
1729,32,32,-1,-1,-1,-1,-1,17.339392,1,17.404928,0.87552,18.280448
1730,32,32,-1,-1,-1,-1,-1,17.347584,1,17.41312,0.88064,18.29376
1731,32,32,-1,-1,-1,-1,-1,17.343489,1,17.409023,0.876544,18.285567
1732,32,32,-1,-1,-1,-1,-1,17.363968,1,17.430529,0.8704,18.300929
1733,32,32,-1,-1,-1,-1,-1,17.361919,1,17.427456,0.878592,18.306048
1734,32,2048,-1,-1,-1,-1,-1,-1,0,137.330688,0.879616,138.210304
1735,32,32,-1,-1,-1,-1,-1,17.799168,1,17.867777,0.884736,18.752513
1736,32,1039,-1,-1,-1,-1,-1,-1,0,83.246078,0.87552,84.121598
1737,32,32,-1,-1,-1,-1,-1,17.727488,1,17.794048,0.88064,18.674688
1738,32,32,-1,-1,-1,-1,-1,17.541121,1,17.607679,0.87552,18.483199
1739,32,32,-1,-1,-1,-1,-1,17.446913,1,17.512447,0.873472,18.385919
1740,32,1040,-1,-1,-1,-1,-1,-1,0,81.984512,0.877568,82.86208
1741,32,32,-1,-1,-1,-1,-1,17.811457,1,17.869823,0.88064,18.750463
1742,32,32,-1,-1,-1,-1,-1,17.533953,1,17.57696,0.877568,18.454528
1743,32,32,-1,-1,-1,-1,-1,17.447935,1,17.51552,0.874496,18.390016
1744,32,32,-1,-1,-1,-1,-1,17.399809,1,17.466368,0.872448,18.338816
1745,32,1040,-1,-1,-1,-1,-1,-1,0,81.726463,0.874496,82.600959
1746,32,32,-1,-1,-1,-1,-1,17.769472,1,17.836033,0.89088,18.726913
1747,32,2048,-1,-1,-1,-1,-1,-1,0,138.403839,0.877568,139.281407
1748,32,32,-1,-1,-1,-1,-1,17.793024,1,17.860607,0.887808,18.748415
1749,32,32,-1,-1,-1,-1,-1,17.673216,1,17.741823,0.881664,18.623487
1750,32,32,-1,-1,-1,-1,-1,17.504255,1,17.570816,0.874496,18.445312
1751,32,32,-1,-1,-1,-1,-1,17.403904,1,17.470465,0.872448,18.342913
1752,32,32,-1,-1,-1,-1,-1,17.373184,1,17.437696,0.88576,18.323456
1753,32,32,-1,-1,-1,-1,-1,17.369087,1,17.434624,0.877568,18.312192
1754,32,1040,-1,-1,-1,-1,-1,-1,0,82.3255,0.876544,83.202044
1755,32,32,-1,-1,-1,-1,-1,17.800192,1,17.859585,0.882688,18.742273
1756,32,32,-1,-1,-1,-1,-1,17.622017,1,17.680384,0.886784,18.567168
1757,32,32,-1,-1,-1,-1,-1,17.464319,1,17.531904,0.879616,18.41152
1758,32,32,-1,-1,-1,-1,-1,17.400831,1,17.444864,0.873472,18.318336
1759,32,1040,-1,-1,-1,-1,-1,-1,0,81.895424,0.882688,82.778112
1760,32,1040,-1,-1,-1,-1,-1,-1,0,83.975166,0.88064,84.855806
1761,32,32,-1,-1,-1,-1,-1,17.753088,1,17.820671,0.888832,18.709503
1762,32,32,-1,-1,-1,-1,-1,17.569792,1,17.635328,0.88064,18.515968
1763,32,32,-1,-1,-1,-1,-1,17.435648,1,17.502209,0.88576,18.387969
1764,32,2048,-1,-1,-1,-1,-1,-1,0,138.964996,0.884736,139.849732
1765,32,32,-1,-1,-1,-1,-1,17.783808,1,17.851393,0.886784,18.738177
1766,32,32,-1,-1,-1,-1,-1,17.583103,1,17.651712,0.88064,18.532352
1767,32,32,-1,-1,-1,-1,-1,17.477633,1,17.534975,0.877568,18.412543
1768,32,32,-1,-1,-1,-1,-1,17.406977,1,17.463297,0.87552,18.338817
1769,32,32,-1,-1,-1,-1,-1,17.370111,1,17.434624,0.874496,18.30912
1770,32,32,-1,-1,-1,-1,-1,17.328129,1,17.392639,0.874496,18.267135
1771,32,32,-1,-1,-1,-1,-1,17.353727,1,17.419264,0.871424,18.290688
1772,32,1040,-1,-1,-1,-1,-1,-1,0,82.131966,0.877568,83.009534
1773,32,1040,-1,-1,-1,-1,-1,-1,0,84.660225,0.873472,85.533697
1774,32,32,-1,-1,-1,-1,-1,17.711103,1,17.755136,0.878592,18.633729
1775,32,32,-1,-1,-1,-1,-1,17.613825,1,17.681408,0.878592,18.56
1776,32,32,-1,-1,-1,-1,-1,17.476608,1,17.544191,0.872448,18.416639
1777,32,3055,-1,-1,-1,-1,-1,-1,0,202.989563,0.88576,203.875323
1778,32,1040,-1,-1,-1,-1,-1,-1,0,84.615166,0.872448,85.487614
1779,32,32,-1,-1,-1,-1,-1,17.752064,1,17.818624,0.882688,18.701312
1780,32,32,-1,-1,-1,-1,-1,17.580032,1,17.647615,0.873472,18.521087
1781,32,32,-1,-1,-1,-1,-1,17.427456,1,17.491968,0.873472,18.36544
1782,32,32,-1,-1,-1,-1,-1,17.342464,1,17.408001,0.873472,18.281473
1783,32,32,-1,-1,-1,-1,-1,17.314816,1,17.379328,0.873472,18.2528
1784,32,32,-1,-1,-1,-1,-1,17.314816,1,17.378304,0.879616,18.25792
1785,32,1039,-1,-1,-1,-1,-1,-1,0,81.939453,0.87552,82.814973
1786,32,32,-1,-1,-1,-1,-1,17.788927,1,17.84832,0.879616,18.727936
1787,32,1040,-1,-1,-1,-1,-1,-1,0,82.895874,0.878592,83.774466
1788,32,2048,-1,-1,-1,-1,-1,-1,0,140.406784,0.882688,141.289472
1789,32,1039,-1,-1,-1,-1,-1,-1,0,84.339714,0.873472,85.213186
1790,32,32,-1,-1,-1,-1,-1,17.649664,1,17.716225,0.88064,18.596865
1791,32,32,-1,-1,-1,-1,-1,17.513472,1,17.579008,0.882688,18.461696
1792,32,32,-1,-1,-1,-1,-1,17.359873,1,17.426432,0.871424,18.297856
1793,32,32,-1,-1,-1,-1,-1,17.336321,1,17.40288,0.872448,18.275328
1794,32,32,-1,-1,-1,-1,-1,17.287169,1,17.353727,0.881664,18.235391
1795,32,1040,-1,-1,-1,-1,-1,-1,0,81.955841,0.87552,82.831361
1796,32,32,-1,-1,-1,-1,-1,17.778688,1,17.846272,0.882688,18.72896
1797,32,32,-1,-1,-1,-1,-1,17.510401,1,17.555456,0.877568,18.433024
1798,32,32,-1,-1,-1,-1,-1,17.395712,1,17.464319,0.877568,18.341887
1799,32,32,-1,-1,-1,-1,-1,17.374208,1,17.440767,0.88064,18.321407
1800,32,1040,-1,-1,-1,-1,-1,-1,0,81.726463,0.876544,82.603007
1801,32,32,-1,-1,-1,-1,-1,17.723392,1,17.78688,0.883712,18.670592
1802,32,32,-1,-1,-1,-1,-1,17.508352,1,17.575935,0.874496,18.450431
1803,32,32,-1,-1,-1,-1,-1,17.375233,1,17.438721,0.877568,18.316289
1804,32,32,-1,-1,-1,-1,-1,17.337343,1,17.403904,0.8704,18.274304
1805,32,1039,-1,-1,-1,-1,-1,-1,0,81.397758,0.871424,82.269183
1806,32,32,-1,-1,-1,-1,-1,17.703936,1,17.771521,0.882688,18.654209
1807,32,32,-1,-1,-1,-1,-1,17.559551,1,17.61792,0.874496,18.492416
1808,32,32,-1,-1,-1,-1,-1,17.429504,1,17.497087,0.874496,18.371583
1809,32,32,-1,-1,-1,-1,-1,17.325056,1,17.392639,0.872448,18.265087
1810,32,32,-1,-1,-1,-1,-1,17.286144,1,17.352703,0.876544,18.229247
1811,32,32,-1,-1,-1,-1,-1,17.301504,1,17.367041,0.873472,18.240513
1812,32,32,-1,-1,-1,-1,-1,17.286144,1,17.351681,0.873472,18.225153
1813,32,32,-1,-1,-1,-1,-1,17.31072,1,17.353727,0.87552,18.229247
1814,32,32,-1,-1,-1,-1,-1,17.260544,1,17.325056,0.873472,18.198528
1815,32,32,-1,-1,-1,-1,-1,17.256449,1,17.321983,0.872448,18.194431
1816,32,32,-1,-1,-1,-1,-1,17.262592,1,17.32608,0.876544,18.202624
1817,32,32,-1,-1,-1,-1,-1,17.240065,1,17.306623,0.8704,18.177023
1818,32,32,-1,-1,-1,-1,-1,17.242111,1,17.307648,0.871424,18.179072
1819,32,32,-1,-1,-1,-1,-1,17.267712,1,17.334272,0.8704,18.204672
1820,32,32,-1,-1,-1,-1,-1,17.25952,1,17.316864,0.873472,18.190336
1821,32,1040,-1,-1,-1,-1,-1,-1,0,81.599487,0.87552,82.475007
1822,32,1040,-1,-1,-1,-1,-1,-1,0,83.633148,0.874496,84.507644
1823,32,32,-1,-1,-1,-1,-1,17.700865,1,17.765375,0.884736,18.650111
1824,32,32,-1,-1,-1,-1,-1,17.544191,1,17.611776,0.87552,18.487296
1825,32,32,-1,-1,-1,-1,-1,17.403904,1,17.472511,0.874496,18.347007
1826,32,1040,-1,-1,-1,-1,-1,-1,0,82.468864,0.876544,83.345408
1827,32,1040,-1,-1,-1,-1,-1,-1,0,84.646912,0.876544,85.523456
1828,32,32,-1,-1,-1,-1,-1,17.657856,1,17.726463,0.878592,18.605055
1829,32,32,-1,-1,-1,-1,-1,17.498112,1,17.541121,0.878592,18.419713
1830,32,32,-1,-1,-1,-1,-1,17.386496,1,17.454081,0.871424,18.325505
1831,32,32,-1,-1,-1,-1,-1,17.352703,1,17.396736,0.876544,18.27328
1832,32,32,-1,-1,-1,-1,-1,17.302528,1,17.358849,0.8704,18.229249
1833,32,32,-1,-1,-1,-1,-1,17.290239,1,17.353727,0.8704,18.224127
1834,32,32,-1,-1,-1,-1,-1,17.288193,1,17.34656,0.871424,18.217984
1835,32,32,-1,-1,-1,-1,-1,17.305599,1,17.370111,0.876544,18.246655
1836,32,32,-1,-1,-1,-1,-1,17.283072,1,17.348608,0.871424,18.220032
1837,32,32,-1,-1,-1,-1,-1,17.268736,1,17.332224,0.874496,18.20672
1838,32,32,-1,-1,-1,-1,-1,17.274879,1,17.339392,0.871424,18.210816
1839,32,32,-1,-1,-1,-1,-1,17.261568,1,17.325056,0.876544,18.2016
1840,32,32,-1,-1,-1,-1,-1,17.278976,1,17.336321,0.867328,18.203649
1841,32,32,-1,-1,-1,-1,-1,17.277952,1,17.34144,0.878592,18.220032
1842,32,32,-1,-1,-1,-1,-1,17.274879,1,17.340416,0.868352,18.208768
1843,32,1040,-1,-1,-1,-1,-1,-1,0,81.988609,0.877568,82.866177
1844,32,32,-1,-1,-1,-1,-1,17.789951,1,17.849344,0.882688,18.732032
1845,32,32,-1,-1,-1,-1,-1,17.589249,1,17.635328,0.877568,18.512896
1846,32,32,-1,-1,-1,-1,-1,17.431553,1,17.496063,0.87552,18.371583
1847,32,32,-1,-1,-1,-1,-1,17.37216,1,17.416191,0.873472,18.289663
1848,32,32,-1,-1,-1,-1,-1,17.325056,1,17.388544,0.874496,18.26304
1849,32,32,-1,-1,-1,-1,-1,17.335297,1,17.390593,0.871424,18.262017
1850,32,1040,-1,-1,-1,-1,-1,-1,0,81.993729,0.876544,82.870273
1851,32,32,-1,-1,-1,-1,-1,17.823744,1,17.892351,0.902144,18.794495
1852,32,1040,-1,-1,-1,-1,-1,-1,0,82.417664,0.877568,83.295232
1853,32,1040,-1,-1,-1,-1,-1,-1,0,83.62291,0.878592,84.501502
1854,32,32,-1,-1,-1,-1,-1,17.741823,1,17.809408,0.886784,18.696192
1855,32,32,-1,-1,-1,-1,-1,17.50528,1,17.572865,0.881664,18.454529
1856,32,32,-1,-1,-1,-1,-1,17.40288,1,17.46944,0.87552,18.34496
1857,32,32,-1,-1,-1,-1,-1,17.334272,1,17.401855,0.871424,18.273279
1858,32,32,-1,-1,-1,-1,-1,17.330175,1,17.395712,0.873472,18.269184
1859,32,32,-1,-1,-1,-1,-1,17.334272,1,17.399809,0.873472,18.273281
1860,32,32,-1,-1,-1,-1,-1,17.317888,1,17.383425,0.872448,18.255873
1861,32,1040,-1,-1,-1,-1,-1,-1,0,81.360893,0.877568,82.238461
1862,32,32,-1,-1,-1,-1,-1,17.711103,1,17.756161,0.882688,18.638849
1863,32,32,-1,-1,-1,-1,-1,17.605633,1,17.650688,0.876544,18.527232
1864,32,32,-1,-1,-1,-1,-1,17.432575,1,17.488895,0.874496,18.363391
1865,32,32,-1,-1,-1,-1,-1,17.396736,1,17.440767,0.879616,18.320383
1866,32,32,-1,-1,-1,-1,-1,17.345535,1,17.401855,0.873472,18.275327
1867,32,32,-1,-1,-1,-1,-1,17.345535,1,17.412096,0.876544,18.28864
1868,32,2048,-1,-1,-1,-1,-1,-1,0,137.501694,0.881664,138.383358
1869,32,32,-1,-1,-1,-1,-1,17.795073,1,17.862656,0.89088,18.753536
1870,32,32,-1,-1,-1,-1,-1,17.653761,1,17.723392,0.879616,18.603009
1871,32,32,-1,-1,-1,-1,-1,17.50016,1,17.558529,0.877568,18.436097
1872,32,32,-1,-1,-1,-1,-1,17.399809,1,17.465343,0.872448,18.337792
1873,32,32,-1,-1,-1,-1,-1,17.363968,1,17.431553,0.876544,18.308097
1874,32,32,-1,-1,-1,-1,-1,17.361919,1,17.427456,0.872448,18.299904
1875,32,2048,-1,-1,-1,-1,-1,-1,0,138.627075,0.882688,139.509763
1876,32,32,-1,-1,-1,-1,-1,17.875969,1,17.936384,0.881664,18.818048
1877,32,32,-1,-1,-1,-1,-1,17.554432,1,17.619968,0.88064,18.500608
1878,32,32,-1,-1,-1,-1,-1,17.456127,1,17.501184,0.879616,18.3808
1879,32,32,-1,-1,-1,-1,-1,17.409023,1,17.454081,0.87552,18.329601
1880,32,32,-1,-1,-1,-1,-1,17.357824,1,17.423361,0.879616,18.302977
1881,32,32,-1,-1,-1,-1,-1,17.342464,1,17.386496,0.87552,18.262016
1882,32,32,-1,-1,-1,-1,-1,17.355776,1,17.423361,0.874496,18.297857
1883,32,32,-1,-1,-1,-1,-1,17.335297,1,17.399809,0.87552,18.275329
1884,32,1040,-1,-1,-1,-1,-1,-1,0,81.419266,0.874496,82.293762
1885,32,32,-1,-1,-1,-1,-1,17.709057,1,17.77664,0.881664,18.658304
1886,32,1040,-1,-1,-1,-1,-1,-1,0,82.550781,0.877568,83.428349
1887,32,32,-1,-1,-1,-1,-1,17.699841,1,17.770496,0.88064,18.651136
1888,32,1040,-1,-1,-1,-1,-1,-1,0,82.594818,0.873472,83.46829
1889,32,1040,-1,-1,-1,-1,-1,-1,0,84.130814,0.876544,85.007358
1890,32,1040,-1,-1,-1,-1,-1,-1,0,83.725311,0.876544,84.601855
1891,32,32,-1,-1,-1,-1,-1,17.739777,1,17.799168,0.883712,18.68288
1892,32,32,-1,-1,-1,-1,-1,17.535999,1,17.60256,0.881664,18.484224
1893,32,32,-1,-1,-1,-1,-1,17.421312,1,17.486849,0.87552,18.362369
1894,32,32,-1,-1,-1,-1,-1,17.367041,1,17.410048,0.87552,18.285568
1895,32,32,-1,-1,-1,-1,-1,17.357824,1,17.401855,0.876544,18.278399
1896,32,1040,-1,-1,-1,-1,-1,-1,0,81.456131,0.877568,82.333699
1897,32,847,-1,-1,-1,-1,-1,-1,0,74.390526,0.876544,75.26707
1898,32,32,-1,-1,-1,-1,-1,17.73056,1,17.795073,0.873472,18.668545
1899,32,1040,-1,-1,-1,-1,-1,-1,0,82.487297,0.877568,83.364865
1900,32,1040,-1,-1,-1,-1,-1,-1,0,83.633148,0.876544,84.509692
1901,32,32,-1,-1,-1,-1,-1,17.675264,1,17.741823,0.883712,18.625535
1902,32,32,-1,-1,-1,-1,-1,17.558529,1,17.626112,0.877568,18.50368
1903,32,32,-1,-1,-1,-1,-1,17.386496,1,17.429504,0.877568,18.307072
1904,32,32,-1,-1,-1,-1,-1,17.343489,1,17.400831,0.867328,18.268159
1905,32,32,-1,-1,-1,-1,-1,17.309696,1,17.374208,0.874496,18.248704
1906,32,32,-1,-1,-1,-1,-1,17.350657,1,17.416191,0.8704,18.286591
1907,32,32,-1,-1,-1,-1,-1,17.345535,1,17.412096,0.87552,18.287616
1908,32,1040,-1,-1,-1,-1,-1,-1,0,82.265091,0.872448,83.137539
1909,32,32,-1,-1,-1,-1,-1,17.806335,1,17.872896,0.893952,18.766848
1910,32,32,-1,-1,-1,-1,-1,17.613825,1,17.657856,0.878592,18.536448
1911,32,32,-1,-1,-1,-1,-1,17.454081,1,17.499136,0.879616,18.378752
1912,32,3055,-1,-1,-1,-1,-1,-1,0,202.412033,0.881664,203.293697
1913,32,1040,-1,-1,-1,-1,-1,-1,0,84.759552,0.874496,85.634048
1914,32,32,-1,-1,-1,-1,-1,17.794048,1,17.860607,0.882688,18.743295
1915,32,1039,-1,-1,-1,-1,-1,-1,0,82.378754,0.876544,83.255298
1916,32,32,-1,-1,-1,-1,-1,17.705984,1,17.772545,0.887808,18.660353
1917,32,32,-1,-1,-1,-1,-1,17.46944,1,17.538048,0.879616,18.417664
1918,32,32,-1,-1,-1,-1,-1,17.376257,1,17.435648,0.876544,18.312192
1919,32,1040,-1,-1,-1,-1,-1,-1,0,82.091011,0.87552,82.966531
1920,32,32,-1,-1,-1,-1,-1,17.775616,1,17.841152,0.884736,18.725888
1921,32,32,-1,-1,-1,-1,-1,17.549313,1,17.616896,0.877568,18.494464
1922,32,32,-1,-1,-1,-1,-1,17.448959,1,17.51552,0.872448,18.387968
1923,32,1040,-1,-1,-1,-1,-1,-1,0,81.636353,0.878592,82.514945
1924,32,32,-1,-1,-1,-1,-1,17.727488,1,17.793024,0.88576,18.678784
1925,32,32,-1,-1,-1,-1,-1,17.544191,1,17.610752,0.882688,18.49344
1926,32,32,-1,-1,-1,-1,-1,17.401855,1,17.44384,0.877568,18.321408
1927,32,1040,-1,-1,-1,-1,-1,-1,0,82.192383,0.879616,83.071999
1928,32,32,-1,-1,-1,-1,-1,17.754112,1,17.821695,0.883712,18.705407
1929,32,32,-1,-1,-1,-1,-1,17.612801,1,17.671167,0.876544,18.547711
1930,32,32,-1,-1,-1,-1,-1,17.422337,1,17.488895,0.876544,18.365439
1931,32,1040,-1,-1,-1,-1,-1,-1,0,81.793022,0.87552,82.668542
1932,32,32,-1,-1,-1,-1,-1,17.653761,1,17.72032,0.879616,18.599936
1933,32,32,-1,-1,-1,-1,-1,17.528831,1,17.596416,0.874496,18.470912
1934,32,32,-1,-1,-1,-1,-1,17.373184,1,17.437696,0.872448,18.310144
1935,32,32,-1,-1,-1,-1,-1,17.323008,1,17.389568,0.874496,18.264064
1936,32,32,-1,-1,-1,-1,-1,17.281025,1,17.344513,0.872448,18.216961
1937,32,32,-1,-1,-1,-1,-1,17.288193,1,17.343489,0.876544,18.220033
1938,32,32,-1,-1,-1,-1,-1,17.309696,1,17.375233,0.8704,18.245633
1939,32,32,-1,-1,-1,-1,-1,17.306623,1,17.362944,0.869376,18.23232
1940,32,32,-1,-1,-1,-1,-1,17.282047,1,17.345535,0.871424,18.216959
1941,32,32,-1,-1,-1,-1,-1,17.264641,1,17.328129,0.867328,18.195457
1942,32,32,-1,-1,-1,-1,-1,17.256449,1,17.299456,0.872448,18.171904
1943,32,32,-1,-1,-1,-1,-1,17.233919,1,17.298431,0.868352,18.166783
1944,32,32,-1,-1,-1,-1,-1,17.238016,1,17.304577,0.868352,18.172929
1945,32,1040,-1,-1,-1,-1,-1,-1,0,81.86573,0.88576,82.75149
1946,32,1040,-1,-1,-1,-1,-1,-1,0,84.225021,0.876544,85.101565
1947,32,32,-1,-1,-1,-1,-1,17.680384,1,17.747969,0.88576,18.633729
1948,32,32,-1,-1,-1,-1,-1,17.57696,1,17.644545,0.879616,18.524161
1949,32,32,-1,-1,-1,-1,-1,17.410048,1,17.46944,0.872448,18.341888
1950,32,32,-1,-1,-1,-1,-1,17.367041,1,17.422337,0.868352,18.290689
1951,32,32,-1,-1,-1,-1,-1,17.318913,1,17.383425,0.866304,18.249729
1952,32,32,-1,-1,-1,-1,-1,17.321983,1,17.385471,0.8704,18.255871
1953,32,32,-1,-1,-1,-1,-1,17.319937,1,17.383425,0.873472,18.256897
1954,32,2048,-1,-1,-1,-1,-1,-1,0,138.569733,0.882688,139.452421
1955,32,32,-1,-1,-1,-1,-1,17.814528,1,17.882113,0.887808,18.769921
1956,32,32,-1,-1,-1,-1,-1,17.615871,1,17.673216,0.878592,18.551808
1957,32,32,-1,-1,-1,-1,-1,17.471489,1,17.535999,0.877568,18.413567
1958,32,32,-1,-1,-1,-1,-1,17.415169,1,17.458176,0.874496,18.332672
1959,32,32,-1,-1,-1,-1,-1,17.374208,1,17.437696,0.882688,18.320384
1960,32,32,-1,-1,-1,-1,-1,17.327105,1,17.392639,0.874496,18.267135
1961,32,32,-1,-1,-1,-1,-1,17.340416,1,17.404928,0.873472,18.2784
1962,32,32,-1,-1,-1,-1,-1,17.32608,1,17.391617,0.869376,18.260993
1963,32,32,-1,-1,-1,-1,-1,17.325056,1,17.381376,0.866304,18.24768
1964,32,1039,-1,-1,-1,-1,-1,-1,0,81.743874,0.87552,82.619394
1965,32,32,-1,-1,-1,-1,-1,17.819649,1,17.878016,0.883712,18.761728
1966,32,32,-1,-1,-1,-1,-1,17.596416,1,17.662975,0.877568,18.540543
1967,32,32,-1,-1,-1,-1,-1,17.430529,1,17.496063,0.876544,18.372607
1968,32,32,-1,-1,-1,-1,-1,17.366016,1,17.431553,0.878592,18.310145
1969,32,32,-1,-1,-1,-1,-1,17.317888,1,17.375233,0.874496,18.249729
1970,32,32,-1,-1,-1,-1,-1,17.328129,1,17.394688,0.8704,18.265088
1971,32,32,-1,-1,-1,-1,-1,17.344513,1,17.410048,0.8704,18.280448
1972,32,32,-1,-1,-1,-1,-1,17.329151,1,17.393663,0.874496,18.268159
1973,32,32,-1,-1,-1,-1,-1,17.295361,1,17.351681,0.871424,18.223105
1974,32,1040,-1,-1,-1,-1,-1,-1,0,81.667068,0.88064,82.547708
1975,32,32,-1,-1,-1,-1,-1,17.794048,1,17.859585,0.879616,18.739201
1976,32,32,-1,-1,-1,-1,-1,17.54624,1,17.604609,0.8704,18.475009
1977,32,1040,-1,-1,-1,-1,-1,-1,0,81.903618,0.874496,82.778114
1978,32,32,-1,-1,-1,-1,-1,17.752064,1,17.811457,0.884736,18.696193
1979,32,32,-1,-1,-1,-1,-1,17.560575,1,17.626112,0.88064,18.506752
1980,32,32,-1,-1,-1,-1,-1,17.436672,1,17.502209,0.87552,18.377729
1981,32,32,-1,-1,-1,-1,-1,17.412096,1,17.478657,0.872448,18.351105
1982,32,32,-1,-1,-1,-1,-1,17.357824,1,17.422337,0.874496,18.296833
1983,32,32,-1,-1,-1,-1,-1,17.344513,1,17.409023,0.874496,18.283519
1984,32,32,-1,-1,-1,-1,-1,17.337343,1,17.40288,0.876544,18.279424
1985,32,32,-1,-1,-1,-1,-1,17.343489,1,17.406977,0.879616,18.286593
1986,32,1040,-1,-1,-1,-1,-1,-1,0,81.623039,0.881664,82.504703
1987,32,1040,-1,-1,-1,-1,-1,-1,0,84.180992,0.877568,85.05856
1988,32,32,-1,-1,-1,-1,-1,17.766399,1,17.831936,0.881664,18.7136
1989,32,32,-1,-1,-1,-1,-1,17.612801,1,17.659904,0.887808,18.547713
1990,32,32,-1,-1,-1,-1,-1,17.48992,1,17.555456,0.878592,18.434048
1991,32,32,-1,-1,-1,-1,-1,17.38752,1,17.452032,0.873472,18.325504
1992,32,1040,-1,-1,-1,-1,-1,-1,0,81.467392,0.878592,82.345984
1993,32,32,-1,-1,-1,-1,-1,17.72032,1,17.787905,0.88064,18.668545
1994,32,1040,-1,-1,-1,-1,-1,-1,0,82.804733,0.873472,83.678205
1995,32,1040,-1,-1,-1,-1,-1,-1,0,84.131844,0.87552,85.007364
1996,32,32,-1,-1,-1,-1,-1,17.778688,1,17.838079,0.887808,18.725887
1997,32,32,-1,-1,-1,-1,-1,17.606655,1,17.665024,0.874496,18.53952
1998,32,32,-1,-1,-1,-1,-1,17.468416,1,17.532928,0.878592,18.41152
1999,32,1040,-1,-1,-1,-1,-1,-1,0,81.319939,0.877568,82.197507
2000,32,32,-1,-1,-1,-1,-1,17.724417,1,17.790976,0.883712,18.674688
2001,32,32,-1,-1,-1,-1,-1,17.597441,1,17.665024,0.881664,18.546688
2002,32,32,-1,-1,-1,-1,-1,17.465343,1,17.531904,0.879616,18.41152
2003,32,32,-1,-1,-1,-1,-1,17.389568,1,17.455105,0.871424,18.326529
2004,32,32,-1,-1,-1,-1,-1,17.329151,1,17.386496,0.87552,18.262016
2005,32,32,-1,-1,-1,-1,-1,17.34144,1,17.384447,0.873472,18.257919
2006,32,32,-1,-1,-1,-1,-1,17.348608,1,17.41312,0.872448,18.285568
2007,32,32,-1,-1,-1,-1,-1,17.342464,1,17.398785,0.873472,18.272257
2008,32,32,-1,-1,-1,-1,-1,17.308672,1,17.375233,0.867328,18.242561
2009,32,32,-1,-1,-1,-1,-1,17.301504,1,17.364992,0.869376,18.234368
2010,32,32,-1,-1,-1,-1,-1,17.301504,1,17.358849,0.872448,18.231297
2011,32,32,-1,-1,-1,-1,-1,17.30048,1,17.366016,0.877568,18.243584
2012,32,1040,-1,-1,-1,-1,-1,-1,0,81.343491,0.876544,82.220035
2013,32,1040,-1,-1,-1,-1,-1,-1,0,83.824638,0.883712,84.70835
2014,32,32,-1,-1,-1,-1,-1,17.779713,1,17.837055,0.884736,18.721791
2015,32,32,-1,-1,-1,-1,-1,17.600512,1,17.669121,0.879616,18.548737
2016,32,32,-1,-1,-1,-1,-1,17.447935,1,17.513472,0.87552,18.388992
2017,32,1040,-1,-1,-1,-1,-1,-1,0,81.515518,0.876544,82.392062
2018,32,1040,-1,-1,-1,-1,-1,-1,0,83.672066,0.879616,84.551682
2019,32,32,-1,-1,-1,-1,-1,17.784832,1,17.844225,0.888832,18.733057
2020,32,32,-1,-1,-1,-1,-1,17.579008,1,17.645569,0.872448,18.518017
2021,32,32,-1,-1,-1,-1,-1,17.4848,1,17.528831,0.879616,18.408448
2022,32,2048,-1,-1,-1,-1,-1,-1,0,138.714111,0.881664,139.595775
2023,32,1040,-1,-1,-1,-1,-1,-1,0,84.79232,0.87552,85.66784
2024,32,1040,-1,-1,-1,-1,-1,-1,0,83.996674,0.873472,84.870146
2025,32,32,-1,-1,-1,-1,-1,17.739777,1,17.799168,0.884736,18.683904
2026,32,32,-1,-1,-1,-1,-1,17.564672,1,17.63328,0.878592,18.511872
2027,32,1040,-1,-1,-1,-1,-1,-1,0,82.035713,0.893952,82.929665
2028,32,32,-1,-1,-1,-1,-1,17.754112,1,17.821695,0.884736,18.706431
2029,32,32,-1,-1,-1,-1,-1,17.585152,1,17.644545,0.878592,18.523137
2030,32,32,-1,-1,-1,-1,-1,17.447935,1,17.491968,0.879616,18.371584
2031,32,32,-1,-1,-1,-1,-1,17.350657,1,17.417215,0.874496,18.291711
2032,32,1040,-1,-1,-1,-1,-1,-1,0,81.719299,0.873472,82.592771
2033,32,32,-1,-1,-1,-1,-1,17.768448,1,17.824768,0.878592,18.70336
2034,32,32,-1,-1,-1,-1,-1,17.63328,1,17.701887,0.8704,18.572287
2035,32,32,-1,-1,-1,-1,-1,17.465343,1,17.524736,0.871424,18.39616
2036,32,1040,-1,-1,-1,-1,-1,-1,0,81.612801,0.876544,82.489345
2037,32,32,-1,-1,-1,-1,-1,17.723392,1,17.767424,0.88064,18.648064
2038,32,1040,-1,-1,-1,-1,-1,-1,0,82.661377,0.872448,83.533825
2039,32,1040,-1,-1,-1,-1,-1,-1,0,83.935234,0.8704,84.805634
2040,32,32,-1,-1,-1,-1,-1,17.700865,1,17.765375,0.88064,18.646015
2041,32,32,-1,-1,-1,-1,-1,17.574911,1,17.641472,0.877568,18.51904
2042,32,32,-1,-1,-1,-1,-1,17.416191,1,17.482752,0.869376,18.352128
2043,32,32,-1,-1,-1,-1,-1,17.3568,1,17.420288,0.872448,18.292736
2044,32,1039,-1,-1,-1,-1,-1,-1,0,81.682434,0.874496,82.55693
2045,32,32,-1,-1,-1,-1,-1,17.73056,1,17.797119,0.877568,18.674687
2046,32,32,-1,-1,-1,-1,-1,17.53088,1,17.574911,0.878592,18.453503
2047,32,32,-1,-1,-1,-1,-1,17.431553,1,17.495041,0.874496,18.369537
2048,32,1040,-1,-1,-1,-1,-1,-1,0,81.881088,0.886784,82.767872
2049,32,32,-1,-1,-1,-1,-1,17.808384,1,17.874945,0.884736,18.759681
2050,32,1040,-1,-1,-1,-1,-1,-1,0,82.812927,0.874496,83.687423
2051,32,32,-1,-1,-1,-1,-1,17.74592,1,17.812481,0.883712,18.696193
2052,32,1040,-1,-1,-1,-1,-1,-1,0,82.320381,0.879616,83.199997
2053,32,1040,-1,-1,-1,-1,-1,-1,0,83.649536,0.877568,84.527104
2054,32,32,-1,-1,-1,-1,-1,17.693695,1,17.760256,0.882688,18.642944
2055,32,32,-1,-1,-1,-1,-1,17.567743,1,17.634304,0.876544,18.510848
2056,32,32,-1,-1,-1,-1,-1,17.392639,1,17.449984,0.871424,18.321408
2057,32,32,-1,-1,-1,-1,-1,17.353727,1,17.411072,0.871424,18.282496
2058,32,32,-1,-1,-1,-1,-1,17.309696,1,17.375233,0.867328,18.242561
2059,32,1040,-1,-1,-1,-1,-1,-1,0,81.930237,0.874496,82.804733
2060,32,32,-1,-1,-1,-1,-1,17.739777,1,17.805311,0.88576,18.691071
2061,32,1040,-1,-1,-1,-1,-1,-1,0,82.285568,0.877568,83.163136
2062,32,32,-1,-1,-1,-1,-1,17.713152,1,17.758207,0.88064,18.638847
2063,32,32,-1,-1,-1,-1,-1,17.522688,1,17.581057,0.88064,18.461697
2064,32,32,-1,-1,-1,-1,-1,17.395712,1,17.455105,0.878592,18.333697
2065,32,32,-1,-1,-1,-1,-1,17.363968,1,17.42848,0.88064,18.30912
2066,32,32,-1,-1,-1,-1,-1,17.295361,1,17.360895,0.884736,18.245631
2067,32,32,-1,-1,-1,-1,-1,17.299456,1,17.363968,0.873472,18.23744
2068,32,32,-1,-1,-1,-1,-1,17.303553,1,17.359873,0.873472,18.233345
2069,32,32,-1,-1,-1,-1,-1,17.313791,1,17.378304,0.871424,18.249728
2070,32,32,-1,-1,-1,-1,-1,17.327105,1,17.391617,0.868352,18.259969
2071,32,32,-1,-1,-1,-1,-1,17.253376,1,17.317888,0.871424,18.189312
2072,32,32,-1,-1,-1,-1,-1,17.272833,1,17.337343,0.868352,18.205695
2073,32,32,-1,-1,-1,-1,-1,17.265663,1,17.330175,0.873472,18.203647
2074,32,32,-1,-1,-1,-1,-1,17.266687,1,17.332224,0.869376,18.2016
2075,32,32,-1,-1,-1,-1,-1,17.265663,1,17.330175,0.873472,18.203647
2076,32,1040,-1,-1,-1,-1,-1,-1,0,81.576958,0.87552,82.452478
2077,32,32,-1,-1,-1,-1,-1,17.812481,1,17.880064,0.88576,18.765824
2078,32,32,-1,-1,-1,-1,-1,17.651712,1,17.697792,0.877568,18.57536
2079,32,32,-1,-1,-1,-1,-1,17.464319,1,17.529856,0.874496,18.404352
2080,32,32,-1,-1,-1,-1,-1,17.368065,1,17.434624,0.8704,18.305024
2081,32,32,-1,-1,-1,-1,-1,17.333248,1,17.396736,0.872448,18.269184
2082,32,32,-1,-1,-1,-1,-1,17.330175,1,17.388544,0.8704,18.258944
2083,32,32,-1,-1,-1,-1,-1,17.3312,1,17.394688,0.8704,18.265088
2084,32,2048,-1,-1,-1,-1,-1,-1,0,137.361404,0.882688,138.244092
2085,32,32,-1,-1,-1,-1,-1,17.787905,1,17.853439,0.887808,18.741247
2086,32,32,-1,-1,-1,-1,-1,17.545216,1,17.613825,0.882688,18.496513
2087,32,32,-1,-1,-1,-1,-1,17.462273,1,17.528831,0.882688,18.411519
2088,32,32,-1,-1,-1,-1,-1,17.409023,1,17.47456,0.872448,18.347008
2089,32,32,-1,-1,-1,-1,-1,17.343489,1,17.408001,0.873472,18.281473
2090,32,32,-1,-1,-1,-1,-1,17.330175,1,17.394688,0.87552,18.270208
2091,32,32,-1,-1,-1,-1,-1,17.325056,1,17.383425,0.874496,18.257921
2092,32,32,-1,-1,-1,-1,-1,17.313791,1,17.371136,0.869376,18.240512
2093,32,32,-1,-1,-1,-1,-1,17.32608,1,17.391617,0.871424,18.263041
2094,32,32,-1,-1,-1,-1,-1,17.288193,1,17.3312,0.869376,18.200576
2095,32,32,-1,-1,-1,-1,-1,17.26976,1,17.333248,0.872448,18.205696
2096,32,32,-1,-1,-1,-1,-1,17.282047,1,17.34656,0.86528,18.211839
2097,32,1040,-1,-1,-1,-1,-1,-1,0,81.708031,0.88576,82.593791
2098,32,32,-1,-1,-1,-1,-1,17.833984,1,17.902592,0.896,18.798592
2099,32,32,-1,-1,-1,-1,-1,17.569792,1,17.637377,0.881664,18.519041
2100,32,32,-1,-1,-1,-1,-1,17.470465,1,17.535999,0.881664,18.417663
2101,32,32,-1,-1,-1,-1,-1,17.359873,1,17.424383,0.876544,18.300927
2102,32,1040,-1,-1,-1,-1,-1,-1,0,81.444862,0.87552,82.320382
2103,32,32,-1,-1,-1,-1,-1,17.769472,1,17.836033,0.884736,18.720769
2104,32,32,-1,-1,-1,-1,-1,17.610752,1,17.678335,0.877568,18.555903
2105,32,32,-1,-1,-1,-1,-1,17.449984,1,17.492992,0.876544,18.369536
2106,32,32,-1,-1,-1,-1,-1,17.382401,1,17.446913,0.874496,18.321409
2107,32,32,-1,-1,-1,-1,-1,17.371136,1,17.436672,0.874496,18.311168
2108,32,32,-1,-1,-1,-1,-1,17.37216,1,17.438721,0.874496,18.313217
2109,32,32,-1,-1,-1,-1,-1,17.379328,1,17.444864,0.877568,18.322432
2110,32,1040,-1,-1,-1,-1,-1,-1,0,81.597443,0.881664,82.479107
2111,32,32,-1,-1,-1,-1,-1,17.770496,1,17.836033,0.88064,18.716673
2112,32,32,-1,-1,-1,-1,-1,17.565697,1,17.632256,0.876544,18.5088
2113,32,1040,-1,-1,-1,-1,-1,-1,0,82.344963,0.87552,83.220483
2114,32,32,-1,-1,-1,-1,-1,17.784832,1,17.851393,0.878592,18.729985
2115,32,32,-1,-1,-1,-1,-1,17.595392,1,17.640448,0.88064,18.521088
2116,32,32,-1,-1,-1,-1,-1,17.48992,1,17.555456,0.87552,18.430976
2117,32,32,-1,-1,-1,-1,-1,17.424383,1,17.479679,0.878592,18.358271
2118,32,32,-1,-1,-1,-1,-1,17.388544,1,17.455105,0.87552,18.330625
2119,32,32,-1,-1,-1,-1,-1,17.394688,1,17.460224,0.872448,18.332672
2120,32,32,-1,-1,-1,-1,-1,17.389568,1,17.444864,0.872448,18.317312
2121,32,2048,-1,-1,-1,-1,-1,-1,0,137.497604,0.88576,138.383364
2122,32,32,-1,-1,-1,-1,-1,17.805311,1,17.871872,0.883712,18.755584
2123,32,1040,-1,-1,-1,-1,-1,-1,0,82.509827,0.88064,83.390467
2124,32,32,-1,-1,-1,-1,-1,17.756161,1,17.82272,0.88576,18.70848
2125,32,32,-1,-1,-1,-1,-1,17.582081,1,17.640448,0.873472,18.51392
2126,32,32,-1,-1,-1,-1,-1,17.4592,1,17.524736,0.873472,18.398208
2127,32,32,-1,-1,-1,-1,-1,17.425407,1,17.468416,0.872448,18.340864
2128,32,1039,-1,-1,-1,-1,-1,-1,0,81.523712,0.879616,82.403328
2129,32,32,-1,-1,-1,-1,-1,17.831936,1,17.899521,0.874496,18.774017
2130,32,1040,-1,-1,-1,-1,-1,-1,0,82.383873,0.877568,83.261441
2131,32,32,-1,-1,-1,-1,-1,17.774591,1,17.818624,0.88064,18.699264
2132,32,32,-1,-1,-1,-1,-1,17.5872,1,17.645569,0.88064,18.526209
2133,32,32,-1,-1,-1,-1,-1,17.481728,1,17.548288,0.876544,18.424832
2134,32,32,-1,-1,-1,-1,-1,17.436672,1,17.495041,0.874496,18.369537
2135,32,1040,-1,-1,-1,-1,-1,-1,0,81.866753,0.876544,82.743297
2136,32,32,-1,-1,-1,-1,-1,17.768448,1,17.836033,0.881664,18.717697
2137,32,32,-1,-1,-1,-1,-1,17.54624,1,17.614847,0.874496,18.489343
2138,32,1040,-1,-1,-1,-1,-1,-1,0,81.742851,0.878592,82.621443
2139,32,32,-1,-1,-1,-1,-1,17.792,1,17.858561,0.884736,18.743297
2140,32,32,-1,-1,-1,-1,-1,17.568768,1,17.635328,0.876544,18.511872
2141,32,1040,-1,-1,-1,-1,-1,-1,0,82.083839,0.876544,82.960383
2142,32,1040,-1,-1,-1,-1,-1,-1,0,83.807236,0.87552,84.682756
2143,32,32,-1,-1,-1,-1,-1,17.770496,1,17.815552,0.881664,18.697216
2144,32,2048,-1,-1,-1,-1,-1,-1,0,138.097672,0.879616,138.977288
2145,32,32,-1,-1,-1,-1,-1,17.788927,1,17.856512,0.883712,18.740224
2146,32,32,-1,-1,-1,-1,-1,17.666048,1,17.73568,0.874496,18.610176
2147,32,1039,-1,-1,-1,-1,-1,-1,0,82.194435,0.87552,83.069955
2148,32,32,-1,-1,-1,-1,-1,17.803265,1,17.871872,0.884736,18.756608
2149,32,32,-1,-1,-1,-1,-1,17.63328,1,17.701887,0.887808,18.589695
2150,32,32,-1,-1,-1,-1,-1,17.479679,1,17.547264,0.876544,18.423808
2151,32,2048,-1,-1,-1,-1,-1,-1,0,139.334656,0.88064,140.215296
2152,32,32,-1,-1,-1,-1,-1,17.767424,1,17.83296,0.883712,18.716672
2153,32,32,-1,-1,-1,-1,-1,17.60256,1,17.668097,0.879616,18.547713
2154,32,32,-1,-1,-1,-1,-1,17.449984,1,17.51552,0.878592,18.394112
2155,32,1040,-1,-1,-1,-1,-1,-1,0,81.383423,0.874496,82.257919
2156,32,32,-1,-1,-1,-1,-1,17.702911,1,17.768448,0.874496,18.642944
2157,32,32,-1,-1,-1,-1,-1,17.511423,1,17.579008,0.878592,18.4576
2158,32,32,-1,-1,-1,-1,-1,17.414145,1,17.471489,0.874496,18.345985
2159,32,32,-1,-1,-1,-1,-1,17.383425,1,17.427456,0.872448,18.299904
2160,32,32,-1,-1,-1,-1,-1,17.342464,1,17.399809,0.869376,18.269185
2161,32,32,-1,-1,-1,-1,-1,17.323008,1,17.388544,0.881664,18.270208
2162,32,32,-1,-1,-1,-1,-1,17.324032,1,17.389568,0.869376,18.258944
2163,32,1040,-1,-1,-1,-1,-1,-1,0,81.301506,0.877568,82.179074
2164,32,32,-1,-1,-1,-1,-1,17.686527,1,17.754112,0.883712,18.637824
2165,32,32,-1,-1,-1,-1,-1,17.613825,1,17.680384,0.879616,18.56
2166,32,32,-1,-1,-1,-1,-1,17.427456,1,17.491968,0.87552,18.367488
2167,32,32,-1,-1,-1,-1,-1,17.363968,1,17.42848,0.872448,18.300928
2168,32,32,-1,-1,-1,-1,-1,17.345535,1,17.388544,0.873472,18.262016
2169,32,32,-1,-1,-1,-1,-1,17.329151,1,17.393663,0.8704,18.264063
2170,32,32,-1,-1,-1,-1,-1,17.339392,1,17.404928,0.867328,18.272256
2171,32,32,-1,-1,-1,-1,-1,17.324032,1,17.382401,0.873472,18.255872
2172,32,32,-1,-1,-1,-1,-1,17.287169,1,17.353727,0.871424,18.225151
2173,32,1040,-1,-1,-1,-1,-1,-1,0,81.446915,0.87552,82.322435
2174,32,32,-1,-1,-1,-1,-1,17.821695,1,17.888256,0.883712,18.771968
2175,32,32,-1,-1,-1,-1,-1,17.667072,1,17.713152,0.878592,18.591744
2176,32,2047,-1,-1,-1,-1,-1,-1,0,138.133499,0.878592,139.012091
2177,32,32,-1,-1,-1,-1,-1,17.750015,1,17.80736,0.878592,18.685952
2178,32,32,-1,-1,-1,-1,-1,17.600512,1,17.666048,0.876544,18.542592
2179,32,32,-1,-1,-1,-1,-1,17.477633,1,17.543167,0.877568,18.420735
2180,32,1040,-1,-1,-1,-1,-1,-1,0,81.773567,0.874496,82.648063
2181,32,32,-1,-1,-1,-1,-1,17.775616,1,17.831936,0.878592,18.710528
2182,32,32,-1,-1,-1,-1,-1,17.603584,1,17.670143,0.876544,18.546687
2183,32,1040,-1,-1,-1,-1,-1,-1,0,81.82579,0.874496,82.700286
2184,32,32,-1,-1,-1,-1,-1,17.717249,1,17.762304,0.87552,18.637824
2185,32,2047,-1,-1,-1,-1,-1,-1,0,139.042816,0.884736,139.927552
2186,32,32,-1,-1,-1,-1,-1,17.84832,1,17.916927,0.873472,18.790399
2187,32,32,-1,-1,-1,-1,-1,17.526785,1,17.593344,0.88064,18.473984
2188,32,1039,-1,-1,-1,-1,-1,-1,0,82.294785,0.879616,83.174401
2189,32,32,-1,-1,-1,-1,-1,17.821695,1,17.88928,0.887808,18.777088
2190,32,32,-1,-1,-1,-1,-1,17.572865,1,17.640448,0.879616,18.520064
2191,32,32,-1,-1,-1,-1,-1,17.440767,1,17.4848,0.879616,18.364416
2192,32,32,-1,-1,-1,-1,-1,17.386496,1,17.453056,0.872448,18.325504
2193,32,1040,-1,-1,-1,-1,-1,-1,0,81.950722,0.87552,82.826242
2194,32,32,-1,-1,-1,-1,-1,17.766399,1,17.83296,0.891904,18.724864
2195,32,32,-1,-1,-1,-1,-1,17.564672,1,17.631231,0.886784,18.518015
2196,32,32,-1,-1,-1,-1,-1,17.410048,1,17.477633,0.889856,18.367489
2197,32,32,-1,-1,-1,-1,-1,17.348608,1,17.393663,0.869376,18.263039
2198,32,32,-1,-1,-1,-1,-1,17.302528,1,17.368065,0.871424,18.239489
2199,32,32,-1,-1,-1,-1,-1,17.295361,1,17.361919,0.869376,18.231295
2200,32,32,-1,-1,-1,-1,-1,17.321983,1,17.366016,0.869376,18.235392
2201,32,32,-1,-1,-1,-1,-1,17.316864,1,17.382401,0.869376,18.251777
2202,32,32,-1,-1,-1,-1,-1,17.26976,1,17.334272,0.869376,18.203648
2203,32,1040,-1,-1,-1,-1,-1,-1,0,81.636353,0.876544,82.512897
2204,32,32,-1,-1,-1,-1,-1,17.784832,1,17.828863,0.887808,18.716671
2205,32,32,-1,-1,-1,-1,-1,17.559551,1,17.630207,0.879616,18.509823
2206,32,32,-1,-1,-1,-1,-1,17.432575,1,17.50016,0.881664,18.381824
2207,32,32,-1,-1,-1,-1,-1,17.366016,1,17.409023,0.876544,18.285567
2208,32,32,-1,-1,-1,-1,-1,17.325056,1,17.391617,0.884736,18.276353
2209,32,32,-1,-1,-1,-1,-1,17.301504,1,17.360895,0.883712,18.244607
2210,32,32,-1,-1,-1,-1,-1,17.324032,1,17.389568,0.883712,18.27328
2211,32,32,-1,-1,-1,-1,-1,17.301504,1,17.366016,0.88576,18.251776
2212,32,32,-1,-1,-1,-1,-1,17.336321,1,17.403904,0.887808,18.291712
2213,32,1040,-1,-1,-1,-1,-1,-1,0,81.606659,0.884736,82.491395
2214,32,32,-1,-1,-1,-1,-1,17.823744,1,17.891329,0.88064,18.771969
2215,32,32,-1,-1,-1,-1,-1,17.599487,1,17.660929,0.877568,18.538497
2216,32,32,-1,-1,-1,-1,-1,17.44384,1,17.487871,0.87552,18.363391
2217,32,32,-1,-1,-1,-1,-1,17.386496,1,17.453056,0.876544,18.3296
2218,32,1040,-1,-1,-1,-1,-1,-1,0,81.425407,0.873472,82.298879
2219,32,32,-1,-1,-1,-1,-1,17.76128,1,17.829887,0.882688,18.712575
2220,32,32,-1,-1,-1,-1,-1,17.533953,1,17.577984,0.874496,18.45248
2221,32,32,-1,-1,-1,-1,-1,17.403904,1,17.471489,0.889856,18.361345
2222,32,1040,-1,-1,-1,-1,-1,-1,0,81.541122,0.889856,82.430978
2223,32,32,-1,-1,-1,-1,-1,17.80224,1,17.850368,0.90112,18.751489
2224,32,32,-1,-1,-1,-1,-1,17.630207,1,17.698816,0.889856,18.588672
2225,32,1040,-1,-1,-1,-1,-1,-1,0,82.306046,0.88064,83.186686
2226,32,32,-1,-1,-1,-1,-1,17.754112,1,17.82272,0.897024,18.719744
2227,32,32,-1,-1,-1,-1,-1,17.567743,1,17.629185,0.888832,18.518017
2228,32,32,-1,-1,-1,-1,-1,17.430529,1,17.499136,0.88064,18.379776
2229,32,32,-1,-1,-1,-1,-1,17.357824,1,17.423361,0.872448,18.295809
2230,32,32,-1,-1,-1,-1,-1,17.333248,1,17.378304,0.8704,18.248704
2231,32,32,-1,-1,-1,-1,-1,17.340416,1,17.408001,0.872448,18.280449
2232,32,32,-1,-1,-1,-1,-1,17.324032,1,17.369087,0.884736,18.253823
2233,32,32,-1,-1,-1,-1,-1,17.34144,1,17.409023,0.877568,18.286591
2234,32,32,-1,-1,-1,-1,-1,17.280001,1,17.345535,0.877568,18.223103
2235,32,32,-1,-1,-1,-1,-1,17.278976,1,17.344513,0.879616,18.224129
2236,32,32,-1,-1,-1,-1,-1,17.28512,1,17.329151,0.873472,18.202623
2237,32,1040,-1,-1,-1,-1,-1,-1,0,81.46637,0.873472,82.339842
2238,32,1040,-1,-1,-1,-1,-1,-1,0,83.62394,0.87552,84.49946
2239,32,32,-1,-1,-1,-1,-1,17.750015,1,17.796097,0.891904,18.688001
2240,32,32,-1,-1,-1,-1,-1,17.495041,1,17.565697,0.888832,18.454529
2241,32,32,-1,-1,-1,-1,-1,17.403904,1,17.472511,0.882688,18.355199
2242,32,1040,-1,-1,-1,-1,-1,-1,0,81.630211,0.88064,82.510851
2243,32,32,-1,-1,-1,-1,-1,17.74592,1,17.813503,0.900096,18.713599
2244,32,1040,-1,-1,-1,-1,-1,-1,0,82.424835,0.88576,83.310595
2245,32,32,-1,-1,-1,-1,-1,17.748993,1,17.80736,0.90624,18.7136
2246,32,32,-1,-1,-1,-1,-1,17.563648,1,17.609728,0.878592,18.48832
2247,32,32,-1,-1,-1,-1,-1,17.44384,1,17.50528,0.891904,18.397184
2248,32,32,-1,-1,-1,-1,-1,17.390593,1,17.433599,0.874496,18.308095
2249,32,1040,-1,-1,-1,-1,-1,-1,0,81.454079,0.887808,82.341887
2250,32,32,-1,-1,-1,-1,-1,17.740801,1,17.809408,0.892928,18.702336
2251,32,32,-1,-1,-1,-1,-1,17.584127,1,17.654783,0.888832,18.543615
2252,32,32,-1,-1,-1,-1,-1,17.458176,1,17.504255,0.876544,18.380799
2253,32,32,-1,-1,-1,-1,-1,17.390593,1,17.457151,0.886784,18.343935
2254,32,32,-1,-1,-1,-1,-1,17.370111,1,17.438721,0.87552,18.314241
2255,32,32,-1,-1,-1,-1,-1,17.376257,1,17.420288,0.882688,18.302976
2256,32,1039,-1,-1,-1,-1,-1,-1,0,81.880066,0.879616,82.759682
2257,32,32,-1,-1,-1,-1,-1,17.772545,1,17.83296,0.88064,18.7136
2258,32,32,-1,-1,-1,-1,-1,17.57696,1,17.646591,0.874496,18.521087
2259,32,32,-1,-1,-1,-1,-1,17.470465,1,17.535999,0.876544,18.412543
2260,32,1040,-1,-1,-1,-1,-1,-1,0,81.77562,0.876544,82.652164
2261,32,32,-1,-1,-1,-1,-1,17.772545,1,17.839104,0.882688,18.721792
2262,32,32,-1,-1,-1,-1,-1,17.531904,1,17.577984,0.878592,18.456576
2263,32,32,-1,-1,-1,-1,-1,17.439745,1,17.498112,0.872448,18.37056
2264,32,32,-1,-1,-1,-1,-1,17.396736,1,17.440767,0.871424,18.312191
2265,32,2048,-1,-1,-1,-1,-1,-1,0,138.323975,0.877568,139.201543
2266,32,1040,-1,-1,-1,-1,-1,-1,0,84.360191,0.8704,85.230591
2267,32,32,-1,-1,-1,-1,-1,17.762304,1,17.829887,0.887808,18.717695
2268,32,1040,-1,-1,-1,-1,-1,-1,0,82.381821,0.874496,83.256317
2269,32,32,-1,-1,-1,-1,-1,17.759232,1,17.818624,0.886784,18.705409
2270,32,1024,-1,-1,-1,-1,-1,-1,0,77.287422,0.871424,78.158846
2271,32,2048,-1,-1,-1,-1,-1,-1,0,139.767807,0.88064,140.648447
2272,32,32,-1,-1,-1,-1,-1,17.762304,1,17.821695,0.883712,18.705407
2273,32,32,-1,-1,-1,-1,-1,17.616896,1,17.686527,0.88064,18.567167
2274,32,32,-1,-1,-1,-1,-1,17.441792,1,17.499136,0.873472,18.372608
2275,32,32,-1,-1,-1,-1,-1,17.360895,1,17.419264,0.874496,18.29376
2276,32,32,-1,-1,-1,-1,-1,17.311745,1,17.377279,0.874496,18.251775
2277,32,32,-1,-1,-1,-1,-1,17.321983,1,17.386496,0.871424,18.25792
2278,32,1040,-1,-1,-1,-1,-1,-1,0,81.549309,0.871424,82.420733
2279,32,1040,-1,-1,-1,-1,-1,-1,0,83.645439,0.8704,84.515839
2280,32,32,-1,-1,-1,-1,-1,17.685505,1,17.728512,0.876544,18.605056
2281,32,32,-1,-1,-1,-1,-1,17.531904,1,17.598463,0.88576,18.484223
2282,32,32,-1,-1,-1,-1,-1,17.419264,1,17.483776,0.879616,18.363392
2283,32,32,-1,-1,-1,-1,-1,17.371136,1,17.434624,0.877568,18.312192
2284,32,32,-1,-1,-1,-1,-1,17.325056,1,17.388544,0.87552,18.264064
2285,32,32,-1,-1,-1,-1,-1,17.32608,1,17.390593,0.878592,18.269185
2286,32,32,-1,-1,-1,-1,-1,17.329151,1,17.394688,0.871424,18.266112
2287,32,32,-1,-1,-1,-1,-1,17.323008,1,17.38752,0.871424,18.258944
2288,32,32,-1,-1,-1,-1,-1,17.31584,1,17.379328,0.869376,18.248704
2289,32,1040,-1,-1,-1,-1,-1,-1,0,81.993729,0.873472,82.867201
2290,32,1040,-1,-1,-1,-1,-1,-1,0,84.093948,0.874496,84.968444
2291,32,32,-1,-1,-1,-1,-1,17.75104,1,17.794048,0.883712,18.67776
2292,32,32,-1,-1,-1,-1,-1,17.568768,1,17.62816,0.891904,18.520064
2293,32,32,-1,-1,-1,-1,-1,17.438721,1,17.503231,0.883712,18.386943
2294,32,32,-1,-1,-1,-1,-1,17.360895,1,17.41824,0.877568,18.295808
2295,32,1040,-1,-1,-1,-1,-1,-1,0,81.239037,0.876544,82.115581
2296,32,32,-1,-1,-1,-1,-1,17.701887,1,17.74592,0.87552,18.62144
2297,32,32,-1,-1,-1,-1,-1,17.529856,1,17.596416,0.877568,18.473984
2298,32,32,-1,-1,-1,-1,-1,17.41312,1,17.477633,0.874496,18.352129
2299,32,32,-1,-1,-1,-1,-1,17.342464,1,17.406977,0.872448,18.279425
2300,32,32,-1,-1,-1,-1,-1,17.32608,1,17.388544,0.8704,18.258944
2301,32,32,-1,-1,-1,-1,-1,17.336321,1,17.401855,0.871424,18.273279
2302,32,32,-1,-1,-1,-1,-1,17.334272,1,17.399809,0.868352,18.268161
2303,32,32,-1,-1,-1,-1,-1,17.333248,1,17.398785,0.874496,18.273281
2304,32,32,-1,-1,-1,-1,-1,17.30048,1,17.343489,0.867328,18.210817
2305,32,32,-1,-1,-1,-1,-1,17.319937,1,17.376257,0.867328,18.243585
2306,32,32,-1,-1,-1,-1,-1,17.303553,1,17.368065,0.867328,18.235393
2307,32,32,-1,-1,-1,-1,-1,17.298431,1,17.340416,0.872448,18.212864
2308,32,1040,-1,-1,-1,-1,-1,-1,0,81.129471,0.886784,82.016255
2309,32,1040,-1,-1,-1,-1,-1,-1,0,83.65773,0.871424,84.529154
2310,32,32,-1,-1,-1,-1,-1,17.728512,1,17.796097,0.882688,18.678785
2311,32,1039,-1,-1,-1,-1,-1,-1,0,82.648064,0.879616,83.52768
2312,32,2048,-1,-1,-1,-1,-1,-1,0,140.236801,0.879616,141.116417
2313,32,32,-1,-1,-1,-1,-1,17.801216,1,17.859585,0.884736,18.744321
2314,32,1040,-1,-1,-1,-1,-1,-1,0,82.680832,0.878592,83.559424
2315,32,32,-1,-1,-1,-1,-1,17.756161,1,17.813503,0.883712,18.697215
2316,32,1039,-1,-1,-1,-1,-1,-1,0,82.281471,0.877568,83.159039
2317,32,32,-1,-1,-1,-1,-1,17.723392,1,17.792,0.886784,18.678784
2318,32,32,-1,-1,-1,-1,-1,17.55648,1,17.624063,0.878592,18.502656
2319,32,32,-1,-1,-1,-1,-1,17.41312,1,17.478657,0.872448,18.351105
2320,32,1040,-1,-1,-1,-1,-1,-1,0,81.937408,0.871424,82.808832
2321,32,1040,-1,-1,-1,-1,-1,-1,0,83.641342,0.873472,84.514814
2322,32,32,-1,-1,-1,-1,-1,17.750015,1,17.816576,0.884736,18.701312
2323,32,32,-1,-1,-1,-1,-1,17.579008,1,17.624063,0.87552,18.499583
2324,32,32,-1,-1,-1,-1,-1,17.47456,1,17.533953,0.873472,18.407425
2325,32,32,-1,-1,-1,-1,-1,17.353727,1,17.419264,0.872448,18.291712
2326,32,32,-1,-1,-1,-1,-1,17.313791,1,17.378304,0.874496,18.2528
2327,32,32,-1,-1,-1,-1,-1,17.287169,1,17.343489,0.874496,18.217985
2328,32,32,-1,-1,-1,-1,-1,17.296385,1,17.362944,0.869376,18.23232
2329,32,32,-1,-1,-1,-1,-1,17.30048,1,17.364992,0.872448,18.23744
2330,32,32,-1,-1,-1,-1,-1,17.289215,1,17.353727,0.866304,18.220031
2331,32,32,-1,-1,-1,-1,-1,17.249281,1,17.291264,0.874496,18.16576
2332,32,32,-1,-1,-1,-1,-1,17.24416,1,17.308672,0.86528,18.173952
2333,32,32,-1,-1,-1,-1,-1,17.260544,1,17.31584,0.873472,18.189312
2334,32,32,-1,-1,-1,-1,-1,17.255424,1,17.312769,0.871424,18.184193
2335,32,32,-1,-1,-1,-1,-1,17.277952,1,17.342464,0.868352,18.210816
2336,32,32,-1,-1,-1,-1,-1,17.296385,1,17.360895,0.868352,18.229247
2337,32,32,-1,-1,-1,-1,-1,17.282047,1,17.348608,0.867328,18.215936
2338,32,32,-1,-1,-1,-1,-1,17.286144,1,17.351681,0.87552,18.227201
2339,32,32,-1,-1,-1,-1,-1,17.283072,1,17.32608,0.878592,18.204672
2340,32,1040,-1,-1,-1,-1,-1,-1,0,81.935364,0.877568,82.812932
2341,32,32,-1,-1,-1,-1,-1,17.792,1,17.860607,0.879616,18.740223
2342,32,32,-1,-1,-1,-1,-1,17.603584,1,17.669121,0.879616,18.548737
2343,32,32,-1,-1,-1,-1,-1,17.425407,1,17.485825,0.876544,18.362369
2344,32,32,-1,-1,-1,-1,-1,17.384447,1,17.447935,0.871424,18.319359
2345,32,2048,-1,-1,-1,-1,-1,-1,0,138.328064,0.882688,139.210752
2346,32,32,-1,-1,-1,-1,-1,17.841152,1,17.910784,0.886784,18.797568
2347,32,32,-1,-1,-1,-1,-1,17.656832,1,17.701887,0.882688,18.584575
2348,32,1040,-1,-1,-1,-1,-1,-1,0,82.315262,0.879616,83.194878
2349,32,32,-1,-1,-1,-1,-1,17.748993,1,17.815552,0.882688,18.69824
2350,32,32,-1,-1,-1,-1,-1,17.584127,1,17.652737,0.877568,18.530305
2351,32,32,-1,-1,-1,-1,-1,17.420288,1,17.478657,0.877568,18.356225
2352,32,32,-1,-1,-1,-1,-1,17.363968,1,17.42848,0.8704,18.29888
2353,32,32,-1,-1,-1,-1,-1,17.318913,1,17.384447,0.873472,18.257919
2354,32,32,-1,-1,-1,-1,-1,17.324032,1,17.389568,0.876544,18.266112
2355,32,32,-1,-1,-1,-1,-1,17.318913,1,17.361919,0.873472,18.235391
2356,32,32,-1,-1,-1,-1,-1,17.32608,1,17.391617,0.8704,18.262017
2357,32,1039,-1,-1,-1,-1,-1,-1,0,81.263618,0.879616,82.143234
2358,32,32,-1,-1,-1,-1,-1,17.760256,1,17.828863,0.874496,18.703359
2359,32,32,-1,-1,-1,-1,-1,17.540096,1,17.606655,0.87552,18.482175
2360,32,32,-1,-1,-1,-1,-1,17.454081,1,17.512447,0.874496,18.386943
2361,32,32,-1,-1,-1,-1,-1,17.408001,1,17.47456,0.878592,18.353152
2362,32,32,-1,-1,-1,-1,-1,17.343489,1,17.409023,0.8704,18.279423
2363,32,32,-1,-1,-1,-1,-1,17.321983,1,17.363968,0.873472,18.23744
2364,32,32,-1,-1,-1,-1,-1,17.330175,1,17.394688,0.869376,18.264064
2365,32,32,-1,-1,-1,-1,-1,17.353727,1,17.412096,0.873472,18.285568
2366,32,32,-1,-1,-1,-1,-1,17.360895,1,17.426432,0.872448,18.29888
2367,32,32,-1,-1,-1,-1,-1,17.31072,1,17.373184,0.876544,18.249728
2368,32,32,-1,-1,-1,-1,-1,17.312769,1,17.376257,0.872448,18.248705
2369,32,32,-1,-1,-1,-1,-1,17.309696,1,17.375233,0.868352,18.243585
2370,32,1040,-1,-1,-1,-1,-1,-1,0,81.424385,0.87552,82.299905
2371,32,1040,-1,-1,-1,-1,-1,-1,0,83.635201,0.873472,84.508672
2372,32,32,-1,-1,-1,-1,-1,17.733631,1,17.801216,0.879616,18.680832
2373,32,32,-1,-1,-1,-1,-1,17.570816,1,17.635328,0.876544,18.511872
2374,32,1040,-1,-1,-1,-1,-1,-1,0,82.447357,0.88064,83.327997
2375,32,32,-1,-1,-1,-1,-1,17.798143,1,17.86368,0.881664,18.745344
2376,32,2032,-1,-1,-1,-1,-1,-1,0,138.587143,0.878592,139.465735
2377,32,32,-1,-1,-1,-1,-1,17.811457,1,17.870848,0.894976,18.765824
2378,32,32,-1,-1,-1,-1,-1,17.552383,1,17.620993,0.876544,18.497537
2379,32,32,-1,-1,-1,-1,-1,17.453056,1,17.497087,0.87552,18.372607
2380,32,32,-1,-1,-1,-1,-1,17.415169,1,17.475584,0.878592,18.354176
2381,32,32,-1,-1,-1,-1,-1,17.340416,1,17.396736,0.872448,18.269184
2382,32,32,-1,-1,-1,-1,-1,17.345535,1,17.411072,0.872448,18.28352
2383,32,32,-1,-1,-1,-1,-1,17.351681,1,17.409023,0.872448,18.281471
2384,32,1040,-1,-1,-1,-1,-1,-1,0,81.545219,0.874496,82.419715
2385,32,32,-1,-1,-1,-1,-1,17.705984,1,17.772545,0.882688,18.655233
2386,32,32,-1,-1,-1,-1,-1,17.544191,1,17.611776,0.871424,18.4832
2387,32,1040,-1,-1,-1,-1,-1,-1,0,81.861633,0.876544,82.738177
2388,32,32,-1,-1,-1,-1,-1,17.727488,1,17.794048,0.88064,18.674688
2389,32,32,-1,-1,-1,-1,-1,17.570816,1,17.637377,0.88576,18.523137
2390,32,32,-1,-1,-1,-1,-1,17.452032,1,17.517569,0.874496,18.392065
2391,32,32,-1,-1,-1,-1,-1,17.404928,1,17.46944,0.869376,18.338816
2392,32,32,-1,-1,-1,-1,-1,17.328129,1,17.393663,0.866304,18.259967
2393,32,1040,-1,-1,-1,-1,-1,-1,0,81.658882,0.872448,82.53133
2394,32,32,-1,-1,-1,-1,-1,17.792,1,17.857536,0.881664,18.7392
2395,32,1040,-1,-1,-1,-1,-1,-1,0,82.741249,0.873472,83.614721
2396,32,32,-1,-1,-1,-1,-1,17.778688,1,17.843201,0.878592,18.721793
2397,32,32,-1,-1,-1,-1,-1,17.570816,1,17.636353,0.874496,18.510849
2398,32,1040,-1,-1,-1,-1,-1,-1,0,82.208771,0.874496,83.083267
2399,32,1040,-1,-1,-1,-1,-1,-1,0,83.990524,0.878592,84.869116
2400,32,32,-1,-1,-1,-1,-1,17.729536,1,17.796097,0.874496,18.670593
2401,32,32,-1,-1,-1,-1,-1,17.551359,1,17.616896,0.872448,18.489344
2402,32,1040,-1,-1,-1,-1,-1,-1,0,81.721344,0.87552,82.596864
2403,32,32,-1,-1,-1,-1,-1,17.728512,1,17.795073,0.874496,18.669569
2404,32,32,-1,-1,-1,-1,-1,17.543167,1,17.60256,0.8704,18.47296
2405,32,1040,-1,-1,-1,-1,-1,-1,0,82.014206,0.87552,82.889726
2406,32,2048,-1,-1,-1,-1,-1,-1,0,139.965439,0.88576,140.851199
2407,32,32,-1,-1,-1,-1,-1,17.772545,1,17.839104,0.88064,18.719744
2408,32,32,-1,-1,-1,-1,-1,17.521664,1,17.580032,0.873472,18.453504
2409,32,32,-1,-1,-1,-1,-1,17.416191,1,17.475584,0.87552,18.351104
2410,32,32,-1,-1,-1,-1,-1,17.371136,1,17.42848,0.872448,18.300928
2411,32,32,-1,-1,-1,-1,-1,17.301504,1,17.366016,0.871424,18.23744
2412,32,32,-1,-1,-1,-1,-1,17.340416,1,17.405952,0.872448,18.2784
2413,32,32,-1,-1,-1,-1,-1,17.336321,1,17.401855,0.87552,18.277375
2414,32,1040,-1,-1,-1,-1,-1,-1,0,81.737724,0.872448,82.610172
2415,32,32,-1,-1,-1,-1,-1,17.775616,1,17.833984,0.88576,18.719744
2416,32,32,-1,-1,-1,-1,-1,17.593344,1,17.660929,0.876544,18.537473
2417,32,32,-1,-1,-1,-1,-1,17.438721,1,17.503231,0.884736,18.387967
2418,32,32,-1,-1,-1,-1,-1,17.363968,1,17.421312,0.87552,18.296832
2419,32,32,-1,-1,-1,-1,-1,17.342464,1,17.408001,0.874496,18.282497
2420,32,1040,-1,-1,-1,-1,-1,-1,0,81.767426,0.877568,82.644994
2421,32,32,-1,-1,-1,-1,-1,17.766399,1,17.833984,0.882688,18.716672
2422,32,32,-1,-1,-1,-1,-1,17.593344,1,17.659904,0.88064,18.540544
2423,32,32,-1,-1,-1,-1,-1,17.430529,1,17.497087,0.87552,18.372607
2424,32,32,-1,-1,-1,-1,-1,17.395712,1,17.462273,0.877568,18.339841
2425,32,32,-1,-1,-1,-1,-1,17.353727,1,17.420288,0.871424,18.291712
2426,32,32,-1,-1,-1,-1,-1,17.335297,1,17.400831,0.871424,18.272255
2427,32,1040,-1,-1,-1,-1,-1,-1,0,81.903618,0.87552,82.779138
2428,32,32,-1,-1,-1,-1,-1,17.755136,1,17.820671,0.882688,18.703359
2429,32,32,-1,-1,-1,-1,-1,17.574911,1,17.641472,0.882688,18.52416
2430,32,2047,-1,-1,-1,-1,-1,-1,0,137.428986,0.884736,138.313722
2431,32,32,-1,-1,-1,-1,-1,17.732609,1,17.792,0.881664,18.673664
2432,32,32,-1,-1,-1,-1,-1,17.585152,1,17.652737,0.88064,18.533377
2433,32,1040,-1,-1,-1,-1,-1,-1,0,82.152451,0.874496,83.026947
2434,32,32,-1,-1,-1,-1,-1,17.701887,1,17.769472,0.882688,18.65216
2435,32,1039,-1,-1,-1,-1,-1,-1,0,82.958336,0.873472,83.831808
2436,32,32,-1,-1,-1,-1,-1,17.680384,1,17.747969,0.883712,18.631681
2437,32,32,-1,-1,-1,-1,-1,17.583103,1,17.651712,0.879616,18.531328
2438,32,32,-1,-1,-1,-1,-1,17.404928,1,17.486849,0.871424,18.358273
2439,32,32,-1,-1,-1,-1,-1,17.368065,1,17.412096,0.874496,18.286592
2440,32,1040,-1,-1,-1,-1,-1,-1,0,81.762306,0.878592,82.640898
2441,32,32,-1,-1,-1,-1,-1,17.789951,1,17.857536,0.882688,18.740224
2442,32,32,-1,-1,-1,-1,-1,17.535999,1,17.581057,0.874496,18.455553
2443,32,32,-1,-1,-1,-1,-1,17.429504,1,17.494017,0.878592,18.372609
2444,32,32,-1,-1,-1,-1,-1,17.393663,1,17.458176,0.8704,18.328576
2445,32,32,-1,-1,-1,-1,-1,17.369087,1,17.434624,0.872448,18.307072
2446,32,32,-1,-1,-1,-1,-1,17.361919,1,17.426432,0.874496,18.300928
2447,32,32,-1,-1,-1,-1,-1,17.374208,1,17.438721,0.8704,18.309121
2448,32,32,-1,-1,-1,-1,-1,17.363968,1,17.430529,0.871424,18.301953
2449,32,32,-1,-1,-1,-1,-1,17.34656,1,17.41312,0.8704,18.28352
2450,32,1039,-1,-1,-1,-1,-1,-1,0,81.627136,0.877568,82.504704
2451,32,1040,-1,-1,-1,-1,-1,-1,0,84.642815,0.872448,85.515263
2452,32,32,-1,-1,-1,-1,-1,17.774591,1,17.843201,0.883712,18.726913
2453,32,32,-1,-1,-1,-1,-1,17.610752,1,17.676289,0.88064,18.556929
2454,32,32,-1,-1,-1,-1,-1,17.455105,1,17.512447,0.876544,18.388991
2455,32,1040,-1,-1,-1,-1,-1,-1,0,81.82579,0.878592,82.704382
2456,32,32,-1,-1,-1,-1,-1,17.736704,1,17.795073,0.882688,18.677761
2457,32,32,-1,-1,-1,-1,-1,17.596416,1,17.664,0.874496,18.538496
2458,32,32,-1,-1,-1,-1,-1,17.445889,1,17.488895,0.869376,18.358271
2459,32,32,-1,-1,-1,-1,-1,17.367041,1,17.432575,0.869376,18.301951
2460,32,32,-1,-1,-1,-1,-1,17.330175,1,17.395712,0.872448,18.26816
2461,32,32,-1,-1,-1,-1,-1,17.333248,1,17.376257,0.87552,18.251777
2462,32,32,-1,-1,-1,-1,-1,17.366016,1,17.424383,0.872448,18.296831
2463,32,32,-1,-1,-1,-1,-1,17.352703,1,17.41824,0.872448,18.290688
2464,32,32,-1,-1,-1,-1,-1,17.308672,1,17.363968,0.874496,18.238464
2465,32,32,-1,-1,-1,-1,-1,17.296385,1,17.359873,0.876544,18.236417
2466,32,32,-1,-1,-1,-1,-1,17.298431,1,17.361919,0.8704,18.232319
2467,32,32,-1,-1,-1,-1,-1,17.301504,1,17.364992,0.871424,18.236416
2468,32,32,-1,-1,-1,-1,-1,17.314816,1,17.378304,0.8704,18.248704
2469,32,2048,-1,-1,-1,-1,-1,-1,0,137.10643,0.883712,137.990142
2470,32,1040,-1,-1,-1,-1,-1,-1,0,84.359169,0.87552,85.234689
2471,32,32,-1,-1,-1,-1,-1,17.708033,1,17.773567,0.88064,18.654207
2472,32,32,-1,-1,-1,-1,-1,17.57184,1,17.639423,0.876544,18.515967
2473,32,32,-1,-1,-1,-1,-1,17.455105,1,17.519615,0.87552,18.395135
2474,32,32,-1,-1,-1,-1,-1,17.411072,1,17.455105,0.869376,18.324481
2475,32,32,-1,-1,-1,-1,-1,17.362944,1,17.42848,0.873472,18.301952
2476,32,1039,-1,-1,-1,-1,-1,-1,0,82.024445,0.88064,82.905085
2477,32,1039,-1,-1,-1,-1,-1,-1,0,84.210686,0.882688,85.093374
2478,32,32,-1,-1,-1,-1,-1,17.722368,1,17.787905,0.877568,18.665473
2479,32,1040,-1,-1,-1,-1,-1,-1,0,82.656258,0.881664,83.537922
2480,32,32,-1,-1,-1,-1,-1,17.709057,1,17.774591,0.88064,18.655231
2481,32,32,-1,-1,-1,-1,-1,17.560575,1,17.626112,0.876544,18.502656
2482,32,32,-1,-1,-1,-1,-1,17.429504,1,17.496063,0.879616,18.375679
2483,32,32,-1,-1,-1,-1,-1,17.366016,1,17.430529,0.871424,18.301953
2484,32,32,-1,-1,-1,-1,-1,17.329151,1,17.394688,0.879616,18.274304
2485,32,1040,-1,-1,-1,-1,-1,-1,0,81.779709,0.87552,82.655229
2486,32,32,-1,-1,-1,-1,-1,17.769472,1,17.836033,0.884736,18.720769
2487,32,32,-1,-1,-1,-1,-1,17.534975,1,17.600512,0.876544,18.477056
2488,32,32,-1,-1,-1,-1,-1,17.403904,1,17.461248,0.872448,18.333696
2489,32,32,-1,-1,-1,-1,-1,17.342464,1,17.404928,0.879616,18.284544
2490,32,32,-1,-1,-1,-1,-1,17.337343,1,17.380352,0.874496,18.254848
2491,32,32,-1,-1,-1,-1,-1,17.348608,1,17.404928,0.877568,18.282496
2492,32,32,-1,-1,-1,-1,-1,17.340416,1,17.383425,0.874496,18.257921
2493,32,32,-1,-1,-1,-1,-1,17.317888,1,17.374208,0.873472,18.24768
2494,32,32,-1,-1,-1,-1,-1,17.292288,1,17.357824,0.872448,18.230272
2495,32,1040,-1,-1,-1,-1,-1,-1,0,81.062912,0.876544,81.939456
2496,32,32,-1,-1,-1,-1,-1,17.74592,1,17.812481,0.883712,18.696193
2497,32,1040,-1,-1,-1,-1,-1,-1,0,82.281471,0.87552,83.156991
2498,32,32,-1,-1,-1,-1,-1,17.744896,1,17.810432,0.88064,18.691072
2499,32,32,-1,-1,-1,-1,-1,17.557505,1,17.624063,0.88064,18.504703
2500,32,32,-1,-1,-1,-1,-1,17.478657,1,17.545216,0.873472,18.418688
2501,32,32,-1,-1,-1,-1,-1,17.401855,1,17.468416,0.877568,18.345984
2502,32,32,-1,-1,-1,-1,-1,17.354752,1,17.414145,0.87552,18.289665
2503,32,32,-1,-1,-1,-1,-1,17.350657,1,17.414145,0.873472,18.287616
2504,32,32,-1,-1,-1,-1,-1,17.3568,1,17.414145,0.878592,18.292737
2505,32,32,-1,-1,-1,-1,-1,17.354752,1,17.419264,0.873472,18.292736
2506,32,32,-1,-1,-1,-1,-1,17.329151,1,17.371136,0.8704,18.241536
2507,32,32,-1,-1,-1,-1,-1,17.311745,1,17.376257,0.874496,18.250753
2508,32,1040,-1,-1,-1,-1,-1,-1,0,82.148354,0.878592,83.026946
2509,32,1040,-1,-1,-1,-1,-1,-1,0,84.212738,0.874496,85.087234
2510,32,32,-1,-1,-1,-1,-1,17.733631,1,17.800192,0.879616,18.679808
2511,32,32,-1,-1,-1,-1,-1,17.610752,1,17.677313,0.877568,18.554881
2512,32,32,-1,-1,-1,-1,-1,17.470465,1,17.514496,0.871424,18.38592
2513,32,1040,-1,-1,-1,-1,-1,-1,0,81.515518,0.871424,82.386942
2514,32,32,-1,-1,-1,-1,-1,17.718271,1,17.784832,0.88064,18.665472
2515,32,32,-1,-1,-1,-1,-1,17.57696,1,17.645569,0.872448,18.518017
2516,32,32,-1,-1,-1,-1,-1,17.440767,1,17.506304,0.87552,18.381824
2517,32,1040,-1,-1,-1,-1,-1,-1,0,81.457153,0.879616,82.336769
2518,32,1040,-1,-1,-1,-1,-1,-1,0,83.675133,0.873472,84.548605
2519,32,32,-1,-1,-1,-1,-1,17.736704,1,17.80224,0.88576,18.688
2520,32,2048,-1,-1,-1,-1,-1,-1,0,138.601471,0.879616,139.481087
2521,32,1040,-1,-1,-1,-1,-1,-1,0,84.388863,0.874496,85.263359
2522,32,1040,-1,-1,-1,-1,-1,-1,0,83.922943,0.877568,84.800511
2523,32,32,-1,-1,-1,-1,-1,17.760256,1,17.826817,0.883712,18.710529
2524,32,1040,-1,-1,-1,-1,-1,-1,0,82.829315,0.87552,83.704835
2525,32,32,-1,-1,-1,-1,-1,17.746944,1,17.814528,0.884736,18.699264
2526,32,32,-1,-1,-1,-1,-1,17.557505,1,17.61792,0.879616,18.497536
2527,32,32,-1,-1,-1,-1,-1,17.429504,1,17.488895,0.874496,18.363391
2528,32,1040,-1,-1,-1,-1,-1,-1,0,81.607681,0.876544,82.484225
2529,32,32,-1,-1,-1,-1,-1,17.709057,1,17.77664,0.88576,18.6624
2530,32,32,-1,-1,-1,-1,-1,17.570816,1,17.615871,0.878592,18.494463
2531,32,32,-1,-1,-1,-1,-1,17.442816,1,17.510401,0.872448,18.382849
2532,32,1040,-1,-1,-1,-1,-1,-1,0,81.524734,0.873472,82.398206
2533,32,32,-1,-1,-1,-1,-1,17.675264,1,17.741823,0.88064,18.622463
2534,32,32,-1,-1,-1,-1,-1,17.542145,1,17.601536,0.87552,18.477056
2535,32,32,-1,-1,-1,-1,-1,17.404928,1,17.46944,0.876544,18.345984
2536,32,1040,-1,-1,-1,-1,-1,-1,0,81.740799,0.879616,82.620415
2537,32,32,-1,-1,-1,-1,-1,17.702911,1,17.768448,0.877568,18.646016
2538,32,32,-1,-1,-1,-1,-1,17.525761,1,17.592319,0.87552,18.467839
2539,32,32,-1,-1,-1,-1,-1,17.406977,1,17.472511,0.871424,18.343935
2540,32,32,-1,-1,-1,-1,-1,17.362944,1,17.420288,0.873472,18.29376
2541,32,32,-1,-1,-1,-1,-1,17.320959,1,17.386496,0.871424,18.25792
2542,32,32,-1,-1,-1,-1,-1,17.301504,1,17.364992,0.872448,18.23744
2543,32,32,-1,-1,-1,-1,-1,17.321983,1,17.388544,0.869376,18.25792
2544,32,32,-1,-1,-1,-1,-1,17.325056,1,17.389568,0.873472,18.26304
2545,32,32,-1,-1,-1,-1,-1,17.306623,1,17.373184,0.87552,18.248704
2546,32,32,-1,-1,-1,-1,-1,17.291264,1,17.334272,0.869376,18.203648
2547,32,32,-1,-1,-1,-1,-1,17.271809,1,17.328129,0.869376,18.197505
2548,32,1040,-1,-1,-1,-1,-1,-1,0,81.798141,0.88064,82.678781
2549,32,32,-1,-1,-1,-1,-1,17.790976,1,17.858561,0.887808,18.746369
2550,32,32,-1,-1,-1,-1,-1,17.57184,1,17.639423,0.874496,18.513919
2551,32,32,-1,-1,-1,-1,-1,17.430529,1,17.495041,0.877568,18.372609
2552,32,1040,-1,-1,-1,-1,-1,-1,0,82.385918,0.878592,83.26451
2553,32,32,-1,-1,-1,-1,-1,17.818624,1,17.885183,0.884736,18.769919
2554,32,32,-1,-1,-1,-1,-1,17.579008,1,17.646591,0.878592,18.525183
2555,32,1040,-1,-1,-1,-1,-1,-1,0,81.581055,0.88064,82.461695
2556,32,32,-1,-1,-1,-1,-1,17.732609,1,17.799168,0.88576,18.684928
2557,32,32,-1,-1,-1,-1,-1,17.551359,1,17.618944,0.878592,18.497536
2558,32,1040,-1,-1,-1,-1,-1,-1,0,82.122749,0.87552,82.998269
2559,32,32,-1,-1,-1,-1,-1,17.753088,1,17.820671,0.883712,18.704383
2560,32,1040,-1,-1,-1,-1,-1,-1,0,82.467842,0.87552,83.343362
2561,32,32,-1,-1,-1,-1,-1,17.757183,1,17.824768,0.878592,18.70336
2562,32,1039,-1,-1,-1,-1,-1,-1,0,82.834435,0.87552,83.709955
2563,32,32,-1,-1,-1,-1,-1,17.717249,1,17.782784,0.882688,18.665471
2564,32,1040,-1,-1,-1,-1,-1,-1,0,82.198524,0.877568,83.076092
2565,32,32,-1,-1,-1,-1,-1,17.711103,1,17.778688,0.888832,18.66752
2566,32,32,-1,-1,-1,-1,-1,17.520639,1,17.580032,0.87552,18.455552
2567,32,32,-1,-1,-1,-1,-1,17.423361,1,17.488895,0.874496,18.363391
2568,32,32,-1,-1,-1,-1,-1,17.357824,1,17.422337,0.872448,18.294785
2569,32,32,-1,-1,-1,-1,-1,17.334272,1,17.390593,0.873472,18.264065
2570,32,32,-1,-1,-1,-1,-1,17.337343,1,17.40288,0.874496,18.277376
2571,32,32,-1,-1,-1,-1,-1,17.342464,1,17.406977,0.874496,18.281473
2572,32,32,-1,-1,-1,-1,-1,17.334272,1,17.392639,0.869376,18.262015
2573,32,32,-1,-1,-1,-1,-1,17.323008,1,17.388544,0.8704,18.258944
2574,32,32,-1,-1,-1,-1,-1,17.262592,1,17.328129,0.8704,18.198529
2575,32,32,-1,-1,-1,-1,-1,17.280001,1,17.344513,0.86528,18.209793
2576,32,1039,-1,-1,-1,-1,-1,-1,0,81.552383,0.877568,82.429951
2577,32,32,-1,-1,-1,-1,-1,17.775616,1,17.844225,0.88064,18.724865
2578,32,32,-1,-1,-1,-1,-1,17.582081,1,17.626112,0.873472,18.499584
2579,32,32,-1,-1,-1,-1,-1,17.457151,1,17.523712,0.872448,18.39616
2580,32,32,-1,-1,-1,-1,-1,17.398785,1,17.464319,0.874496,18.338815
2581,32,1039,-1,-1,-1,-1,-1,-1,0,81.60051,0.877568,82.478078
2582,32,32,-1,-1,-1,-1,-1,17.758207,1,17.816576,0.884736,18.701312
2583,32,1040,-1,-1,-1,-1,-1,-1,0,82.709503,0.877568,83.587071
2584,32,32,-1,-1,-1,-1,-1,17.75104,1,17.8176,0.882688,18.700288
2585,32,32,-1,-1,-1,-1,-1,17.539072,1,17.604609,0.881664,18.486273
2586,32,32,-1,-1,-1,-1,-1,17.479679,1,17.545216,0.871424,18.41664
2587,32,32,-1,-1,-1,-1,-1,17.373184,1,17.437696,0.878592,18.316288
2588,32,32,-1,-1,-1,-1,-1,17.34144,1,17.406977,0.871424,18.278401
2589,32,32,-1,-1,-1,-1,-1,17.324032,1,17.390593,0.87552,18.266113
2590,32,32,-1,-1,-1,-1,-1,17.339392,1,17.405952,0.869376,18.275328
2591,32,32,-1,-1,-1,-1,-1,17.32608,1,17.390593,0.874496,18.265089
2592,32,32,-1,-1,-1,-1,-1,17.330175,1,17.38752,0.88064,18.26816
2593,32,32,-1,-1,-1,-1,-1,17.270784,1,17.328129,0.872448,18.200577
2594,32,1040,-1,-1,-1,-1,-1,-1,0,81.807358,0.882688,82.690046
2595,32,32,-1,-1,-1,-1,-1,17.795073,1,17.853439,0.881664,18.735103
2596,32,32,-1,-1,-1,-1,-1,17.614847,1,17.680384,0.873472,18.553856
2597,32,1040,-1,-1,-1,-1,-1,-1,0,81.727486,0.876544,82.60403
2598,32,32,-1,-1,-1,-1,-1,17.76128,1,17.828863,0.881664,18.710527
2599,32,32,-1,-1,-1,-1,-1,17.575935,1,17.63328,0.873472,18.506752
2600,32,32,-1,-1,-1,-1,-1,17.463297,1,17.520639,0.872448,18.393087
2601,32,32,-1,-1,-1,-1,-1,17.415169,1,17.480703,0.874496,18.355199
2602,32,32,-1,-1,-1,-1,-1,17.358849,1,17.422337,0.877568,18.299905
2603,32,32,-1,-1,-1,-1,-1,17.348608,1,17.414145,0.874496,18.28864
2604,32,1040,-1,-1,-1,-1,-1,-1,0,81.82579,0.879616,82.705406
2605,32,32,-1,-1,-1,-1,-1,17.808384,1,17.875969,0.881664,18.757633
2606,32,32,-1,-1,-1,-1,-1,17.61792,1,17.686527,0.87552,18.562047
2607,32,1040,-1,-1,-1,-1,-1,-1,0,81.843201,0.876544,82.719745
2608,32,1040,-1,-1,-1,-1,-1,-1,0,84.121597,0.878592,85.000189
2609,32,32,-1,-1,-1,-1,-1,17.779713,1,17.846272,0.886784,18.733056
2610,32,32,-1,-1,-1,-1,-1,17.582081,1,17.64864,0.87552,18.52416
2611,32,1040,-1,-1,-1,-1,-1,-1,0,81.660927,0.881664,82.542591
2612,32,32,-1,-1,-1,-1,-1,17.752064,1,17.820671,0.884736,18.705407
2613,32,32,-1,-1,-1,-1,-1,17.558529,1,17.62816,0.877568,18.505728
2614,32,32,-1,-1,-1,-1,-1,17.457151,1,17.524736,0.877568,18.402304
2615,32,32,-1,-1,-1,-1,-1,17.342464,1,17.408001,0.873472,18.281473
2616,32,32,-1,-1,-1,-1,-1,17.342464,1,17.406977,0.874496,18.281473
2617,32,1040,-1,-1,-1,-1,-1,-1,0,81.405952,0.878592,82.284544
2618,32,32,-1,-1,-1,-1,-1,17.760256,1,17.818624,0.877568,18.696193
2619,32,1040,-1,-1,-1,-1,-1,-1,0,82.571266,0.876544,83.44781
2620,32,1040,-1,-1,-1,-1,-1,-1,0,84.020226,0.873472,84.893698
2621,32,32,-1,-1,-1,-1,-1,17.696768,1,17.755136,0.892928,18.648064
2622,32,32,-1,-1,-1,-1,-1,17.562624,1,17.629185,0.87552,18.504705
2623,32,32,-1,-1,-1,-1,-1,17.430529,1,17.494017,0.87552,18.369537
2624,32,1040,-1,-1,-1,-1,-1,-1,0,81.224701,0.878592,82.103293
2625,32,32,-1,-1,-1,-1,-1,17.694719,1,17.760256,0.886784,18.64704
2626,32,32,-1,-1,-1,-1,-1,17.529856,1,17.595392,0.873472,18.468864
2627,32,1040,-1,-1,-1,-1,-1,-1,0,81.644547,0.872448,82.516995
2628,32,32,-1,-1,-1,-1,-1,17.699841,1,17.767424,0.881664,18.649088
2629,32,32,-1,-1,-1,-1,-1,17.600512,1,17.667072,0.883712,18.550784
2630,32,32,-1,-1,-1,-1,-1,17.440767,1,17.507328,0.874496,18.381824
2631,32,32,-1,-1,-1,-1,-1,17.370111,1,17.434624,0.88576,18.320384
2632,32,32,-1,-1,-1,-1,-1,17.342464,1,17.409023,0.8704,18.279423
2633,32,32,-1,-1,-1,-1,-1,17.342464,1,17.408001,0.871424,18.279425
2634,32,32,-1,-1,-1,-1,-1,17.319937,1,17.383425,0.874496,18.257921
2635,32,32,-1,-1,-1,-1,-1,17.334272,1,17.391617,0.869376,18.260993
2636,32,32,-1,-1,-1,-1,-1,17.288193,1,17.352703,0.8704,18.223103
2637,32,32,-1,-1,-1,-1,-1,17.25952,1,17.302528,0.868352,18.17088
2638,32,32,-1,-1,-1,-1,-1,17.298431,1,17.362944,0.868352,18.231296
2639,32,32,-1,-1,-1,-1,-1,17.28512,1,17.348608,0.879616,18.228224
2640,32,2048,-1,-1,-1,-1,-1,-1,0,137.076736,0.88064,137.957376
2641,32,1040,-1,-1,-1,-1,-1,-1,0,84.454399,0.879616,85.334015
2642,32,1040,-1,-1,-1,-1,-1,-1,0,83.632126,0.872448,84.504574
2643,32,32,-1,-1,-1,-1,-1,17.736704,1,17.803265,0.883712,18.686977
2644,32,32,-1,-1,-1,-1,-1,17.526785,1,17.595392,0.874496,18.469888
2645,32,1040,-1,-1,-1,-1,-1,-1,0,81.637375,0.873472,82.510847
2646,32,32,-1,-1,-1,-1,-1,17.698816,1,17.766399,0.881664,18.648063
2647,32,32,-1,-1,-1,-1,-1,17.567743,1,17.63328,0.877568,18.510848
2648,32,3055,-1,-1,-1,-1,-1,-1,0,202.714111,0.879616,203.593727
2649,32,32,-1,-1,-1,-1,-1,17.831936,1,17.891329,0.88064,18.771969
2650,32,32,-1,-1,-1,-1,-1,17.626112,1,17.691648,0.874496,18.566144
2651,32,32,-1,-1,-1,-1,-1,17.497087,1,17.563648,0.877568,18.441216
2652,32,32,-1,-1,-1,-1,-1,17.383425,1,17.440767,0.872448,18.313215
2653,32,32,-1,-1,-1,-1,-1,17.313791,1,17.3568,0.8704,18.2272
2654,32,1040,-1,-1,-1,-1,-1,-1,0,81.67424,0.876544,82.550784
2655,32,32,-1,-1,-1,-1,-1,17.725439,1,17.784832,0.889856,18.674688
2656,32,32,-1,-1,-1,-1,-1,17.511423,1,17.569792,0.876544,18.446336
2657,32,1040,-1,-1,-1,-1,-1,-1,0,81.6343,0.87552,82.50982
2658,32,32,-1,-1,-1,-1,-1,17.729536,1,17.796097,0.881664,18.677761
2659,32,32,-1,-1,-1,-1,-1,17.540096,1,17.600512,0.884736,18.485248
2660,32,32,-1,-1,-1,-1,-1,17.404928,1,17.471489,0.876544,18.348033
2661,32,32,-1,-1,-1,-1,-1,17.366016,1,17.431553,0.872448,18.304001
2662,32,32,-1,-1,-1,-1,-1,17.343489,1,17.408001,0.876544,18.284545
2663,32,32,-1,-1,-1,-1,-1,17.325056,1,17.388544,0.872448,18.260992
2664,32,32,-1,-1,-1,-1,-1,17.347584,1,17.41312,0.869376,18.282496
2665,32,32,-1,-1,-1,-1,-1,17.337343,1,17.401855,0.877568,18.279423
2666,32,32,-1,-1,-1,-1,-1,17.282047,1,17.323008,0.871424,18.194432
2667,32,1040,-1,-1,-1,-1,-1,-1,0,81.358849,0.877568,82.236417
2668,32,32,-1,-1,-1,-1,-1,17.74592,1,17.813503,0.896,18.709503
2669,32,32,-1,-1,-1,-1,-1,17.588224,1,17.634304,0.881664,18.515968
2670,32,32,-1,-1,-1,-1,-1,17.393663,1,17.455105,0.871424,18.326529
2671,32,1040,-1,-1,-1,-1,-1,-1,0,81.625092,0.874496,82.499588
2672,32,1040,-1,-1,-1,-1,-1,-1,0,83.630081,0.878592,84.508673
2673,32,32,-1,-1,-1,-1,-1,17.726463,1,17.795073,0.886784,18.681857
2674,32,32,-1,-1,-1,-1,-1,17.470465,1,17.538048,0.883712,18.42176
2675,32,32,-1,-1,-1,-1,-1,17.364992,1,17.423361,0.872448,18.295809
2676,32,32,-1,-1,-1,-1,-1,17.318913,1,17.384447,0.869376,18.253823
2677,32,32,-1,-1,-1,-1,-1,17.291264,1,17.3568,0.873472,18.230272
2678,32,32,-1,-1,-1,-1,-1,17.311745,1,17.375233,0.87552,18.250753
2679,32,32,-1,-1,-1,-1,-1,17.321983,1,17.38752,0.876544,18.264064
2680,32,32,-1,-1,-1,-1,-1,17.295361,1,17.352703,0.876544,18.229247
2681,32,32,-1,-1,-1,-1,-1,17.265663,1,17.332224,0.871424,18.203648
2682,32,32,-1,-1,-1,-1,-1,17.278976,1,17.320959,0.867328,18.188287
2683,32,1040,-1,-1,-1,-1,-1,-1,0,81.248253,0.882688,82.130941
2684,32,32,-1,-1,-1,-1,-1,17.809408,1,17.876991,0.878592,18.755583
2685,32,1040,-1,-1,-1,-1,-1,-1,0,82.399231,0.876544,83.275775
2686,32,32,-1,-1,-1,-1,-1,17.723392,1,17.788927,0.876544,18.665471
2687,32,32,-1,-1,-1,-1,-1,17.524736,1,17.590273,0.878592,18.468865
2688,32,1040,-1,-1,-1,-1,-1,-1,0,81.948669,0.876544,82.825213
2689,32,32,-1,-1,-1,-1,-1,17.748993,1,17.815552,0.882688,18.69824
2690,32,32,-1,-1,-1,-1,-1,17.630207,1,17.697792,0.879616,18.577408
2691,32,32,-1,-1,-1,-1,-1,17.449984,1,17.508352,0.878592,18.386944
2692,32,32,-1,-1,-1,-1,-1,17.40288,1,17.460224,0.871424,18.331648
2693,32,32,-1,-1,-1,-1,-1,17.358849,1,17.424383,0.874496,18.298879
2694,32,32,-1,-1,-1,-1,-1,17.357824,1,17.414145,0.872448,18.286593
2695,32,32,-1,-1,-1,-1,-1,17.347584,1,17.412096,0.871424,18.28352
2696,32,32,-1,-1,-1,-1,-1,17.345535,1,17.411072,0.872448,18.28352
2697,32,1040,-1,-1,-1,-1,-1,-1,0,81.624062,0.87552,82.499582
2698,32,32,-1,-1,-1,-1,-1,17.771521,1,17.816576,0.884736,18.701312
2699,32,1040,-1,-1,-1,-1,-1,-1,0,82.565117,0.877568,83.442685
2700,32,32,-1,-1,-1,-1,-1,17.724417,1,17.783808,0.882688,18.666496
2701,32,1040,-1,-1,-1,-1,-1,-1,0,82.948097,0.87552,83.823617
2702,32,32,-1,-1,-1,-1,-1,17.705984,1,17.772545,0.88064,18.653185
2703,32,32,-1,-1,-1,-1,-1,17.550337,1,17.609728,0.879616,18.489344
2704,32,1040,-1,-1,-1,-1,-1,-1,0,82.013184,0.88064,82.893824
2705,32,32,-1,-1,-1,-1,-1,17.710079,1,17.768448,0.889856,18.658304
2706,32,32,-1,-1,-1,-1,-1,17.570816,1,17.636353,0.877568,18.513921
2707,32,32,-1,-1,-1,-1,-1,17.447935,1,17.513472,0.878592,18.392064
2708,32,32,-1,-1,-1,-1,-1,17.386496,1,17.430529,0.874496,18.305025
2709,32,32,-1,-1,-1,-1,-1,17.366016,1,17.432575,0.873472,18.306047
2710,32,1039,-1,-1,-1,-1,-1,-1,0,81.850365,0.8704,82.720765
2711,32,32,-1,-1,-1,-1,-1,17.753088,1,17.819649,0.884736,18.704385
2712,32,32,-1,-1,-1,-1,-1,17.47456,1,17.542145,0.878592,18.420737
2713,32,1040,-1,-1,-1,-1,-1,-1,0,81.805313,0.88064,82.685953
2714,32,32,-1,-1,-1,-1,-1,17.808384,1,17.854464,0.887808,18.742272
2715,32,32,-1,-1,-1,-1,-1,17.533953,1,17.60256,0.87552,18.47808
2716,32,32,-1,-1,-1,-1,-1,17.444864,1,17.503231,0.87552,18.378751
2717,32,32,-1,-1,-1,-1,-1,17.353727,1,17.410048,0.877568,18.287616
2718,32,32,-1,-1,-1,-1,-1,17.31072,1,17.374208,0.882688,18.256896
2719,32,32,-1,-1,-1,-1,-1,17.3312,1,17.39776,0.874496,18.272256
2720,32,32,-1,-1,-1,-1,-1,17.339392,1,17.403904,0.878592,18.282496
2721,32,32,-1,-1,-1,-1,-1,17.32608,1,17.383425,0.872448,18.255873
2722,32,32,-1,-1,-1,-1,-1,17.290239,1,17.347584,0.866304,18.213888
2723,32,32,-1,-1,-1,-1,-1,17.291264,1,17.3568,0.868352,18.225152
2724,32,1040,-1,-1,-1,-1,-1,-1,0,81.824768,0.87552,82.700288
2725,32,32,-1,-1,-1,-1,-1,17.768448,1,17.835009,0.886784,18.721793
2726,32,1040,-1,-1,-1,-1,-1,-1,0,82.616318,0.88064,83.496958
2727,32,32,-1,-1,-1,-1,-1,17.74592,1,17.811457,0.882688,18.694145
2728,32,32,-1,-1,-1,-1,-1,17.604609,1,17.665024,0.887808,18.552832
2729,32,32,-1,-1,-1,-1,-1,17.433599,1,17.499136,0.87552,18.374656
2730,32,1040,-1,-1,-1,-1,-1,-1,0,81.913857,0.877568,82.791425
2731,32,32,-1,-1,-1,-1,-1,17.744896,1,17.812481,0.88576,18.698241
2732,32,32,-1,-1,-1,-1,-1,17.527807,1,17.586176,0.876544,18.46272
2733,32,32,-1,-1,-1,-1,-1,17.40288,1,17.46944,0.877568,18.347008
2734,32,1039,-1,-1,-1,-1,-1,-1,0,81.395714,0.877568,82.273282
2735,32,32,-1,-1,-1,-1,-1,17.815552,1,17.87392,0.886784,18.760704
2736,32,1040,-1,-1,-1,-1,-1,-1,0,82.722816,0.87552,83.598336
2737,32,32,-1,-1,-1,-1,-1,17.747969,1,17.814528,0.886784,18.701312
2738,32,32,-1,-1,-1,-1,-1,17.567743,1,17.634304,0.877568,18.511872
2739,32,32,-1,-1,-1,-1,-1,17.468416,1,17.534975,0.871424,18.406399
2740,32,32,-1,-1,-1,-1,-1,17.358849,1,17.415169,0.871424,18.286593
2741,32,32,-1,-1,-1,-1,-1,17.363968,1,17.427456,0.872448,18.299904
2742,32,32,-1,-1,-1,-1,-1,17.343489,1,17.408001,0.874496,18.282497
2743,32,1040,-1,-1,-1,-1,-1,-1,0,81.288193,0.876544,82.164737
2744,32,32,-1,-1,-1,-1,-1,17.781759,1,17.850368,0.879616,18.729985
2745,32,32,-1,-1,-1,-1,-1,17.627136,1,17.685505,0.897024,18.582529
2746,32,32,-1,-1,-1,-1,-1,17.451008,1,17.516544,0.87552,18.392064
2747,32,32,-1,-1,-1,-1,-1,17.433599,1,17.501184,0.8704,18.371584
2748,32,32,-1,-1,-1,-1,-1,17.377279,1,17.44384,0.882688,18.326528
2749,32,32,-1,-1,-1,-1,-1,17.381376,1,17.439745,0.87552,18.315265
2750,32,32,-1,-1,-1,-1,-1,17.380352,1,17.437696,0.8704,18.308096
2751,32,32,-1,-1,-1,-1,-1,17.390593,1,17.457151,0.87552,18.332671
2752,32,32,-1,-1,-1,-1,-1,17.382401,1,17.446913,0.869376,18.316289
2753,32,32,-1,-1,-1,-1,-1,17.327105,1,17.391617,0.879616,18.271233
2754,32,1040,-1,-1,-1,-1,-1,-1,0,81.857536,0.878592,82.736128
2755,32,1040,-1,-1,-1,-1,-1,-1,0,84.386818,0.876544,85.263362
2756,32,32,-1,-1,-1,-1,-1,17.797119,1,17.862656,0.881664,18.74432
2757,32,32,-1,-1,-1,-1,-1,17.64352,1,17.710079,0.876544,18.586623
2758,32,1040,-1,-1,-1,-1,-1,-1,0,81.965057,0.874496,82.839553
2759,32,32,-1,-1,-1,-1,-1,17.747969,1,17.814528,0.884736,18.699264
2760,32,2048,-1,-1,-1,-1,-1,-1,0,139.114502,0.882688,139.99719
2761,32,32,-1,-1,-1,-1,-1,17.777664,1,17.846272,0.879616,18.725888
2762,32,1040,-1,-1,-1,-1,-1,-1,0,82.849792,0.873472,83.723264
2763,32,1024,-1,-1,-1,-1,-1,-1,0,79.022079,0.879616,79.901695
2764,32,32,-1,-1,-1,-1,-1,17.717249,1,17.76128,0.879616,18.640896
2765,32,32,-1,-1,-1,-1,-1,17.568768,1,17.636353,0.876544,18.512897
2766,32,32,-1,-1,-1,-1,-1,17.453056,1,17.510401,0.877568,18.387969
2767,32,1040,-1,-1,-1,-1,-1,-1,0,81.716225,0.879616,82.595841
2768,32,1040,-1,-1,-1,-1,-1,-1,0,84.020226,0.873472,84.893698
2769,32,32,-1,-1,-1,-1,-1,17.70496,1,17.769472,0.881664,18.651136
2770,32,32,-1,-1,-1,-1,-1,17.612801,1,17.670143,0.879616,18.549759
2771,32,32,-1,-1,-1,-1,-1,17.415169,1,17.480703,0.87552,18.356223
2772,32,32,-1,-1,-1,-1,-1,17.374208,1,17.440767,0.872448,18.313215
2773,32,1040,-1,-1,-1,-1,-1,-1,0,81.198082,0.87552,82.073602
2774,32,32,-1,-1,-1,-1,-1,17.728512,1,17.796097,0.88576,18.681857
2775,32,32,-1,-1,-1,-1,-1,17.541121,1,17.607679,0.874496,18.482175
2776,32,1040,-1,-1,-1,-1,-1,-1,0,81.82579,0.876544,82.702334
2777,32,2048,-1,-1,-1,-1,-1,-1,0,140.079102,0.88064,140.959742
2778,32,32,-1,-1,-1,-1,-1,17.779713,1,17.839104,0.884736,18.72384
2779,32,32,-1,-1,-1,-1,-1,17.525761,1,17.594368,0.879616,18.473984
2780,32,32,-1,-1,-1,-1,-1,17.409023,1,17.454081,0.874496,18.328577
2781,32,32,-1,-1,-1,-1,-1,17.360895,1,17.426432,0.876544,18.302976
2782,32,32,-1,-1,-1,-1,-1,17.32608,1,17.369087,0.873472,18.242559
2783,32,32,-1,-1,-1,-1,-1,17.292288,1,17.3568,0.873472,18.230272
2784,32,32,-1,-1,-1,-1,-1,17.298431,1,17.362944,0.878592,18.241536
2785,32,32,-1,-1,-1,-1,-1,17.338367,1,17.40288,0.869376,18.272256
2786,32,32,-1,-1,-1,-1,-1,17.324032,1,17.386496,0.872448,18.258944
2787,32,32,-1,-1,-1,-1,-1,17.274879,1,17.338367,0.873472,18.211839
2788,32,32,-1,-1,-1,-1,-1,17.288193,1,17.352703,0.874496,18.227199
2789,32,32,-1,-1,-1,-1,-1,17.277952,1,17.332224,0.869376,18.2016
2790,32,32,-1,-1,-1,-1,-1,17.260544,1,17.32608,0.86528,18.19136
2791,32,32,-1,-1,-1,-1,-1,17.263617,1,17.329151,0.868352,18.197503
2792,32,32,-1,-1,-1,-1,-1,17.276928,1,17.343489,0.869376,18.212865
2793,32,1040,-1,-1,-1,-1,-1,-1,0,81.130493,0.872448,82.002941
2794,32,32,-1,-1,-1,-1,-1,17.724417,1,17.792,0.879616,18.671616
2795,32,1040,-1,-1,-1,-1,-1,-1,0,82.646019,0.873472,83.519491
2796,32,1040,-1,-1,-1,-1,-1,-1,0,83.923965,0.869376,84.793341
2797,32,32,-1,-1,-1,-1,-1,17.740801,1,17.806335,0.878592,18.684927
2798,32,32,-1,-1,-1,-1,-1,17.512447,1,17.55648,0.876544,18.433024
2799,32,1040,-1,-1,-1,-1,-1,-1,0,81.928192,0.882688,82.81088
2800,32,32,-1,-1,-1,-1,-1,17.757183,1,17.82272,0.888832,18.711552
2801,32,32,-1,-1,-1,-1,-1,17.557505,1,17.604609,0.881664,18.486273
2802,32,32,-1,-1,-1,-1,-1,17.439745,1,17.50528,0.874496,18.379776
2803,32,1040,-1,-1,-1,-1,-1,-1,0,81.407997,0.87552,82.283517
2804,32,32,-1,-1,-1,-1,-1,17.700865,1,17.766399,0.879616,18.646015
2805,32,1040,-1,-1,-1,-1,-1,-1,0,83.13549,0.874496,84.009986
2806,32,32,-1,-1,-1,-1,-1,17.747969,1,17.806335,0.881664,18.687999
2807,32,32,-1,-1,-1,-1,-1,17.627136,1,17.695744,0.882688,18.578432
2808,32,32,-1,-1,-1,-1,-1,17.423361,1,17.48992,0.874496,18.364416
2809,32,32,-1,-1,-1,-1,-1,17.347584,1,17.41312,0.873472,18.286592
2810,32,32,-1,-1,-1,-1,-1,17.311745,1,17.376257,0.8704,18.246657
2811,32,32,-1,-1,-1,-1,-1,17.31584,1,17.382401,0.877568,18.259969
2812,32,32,-1,-1,-1,-1,-1,17.309696,1,17.374208,0.869376,18.243584
2813,32,1040,-1,-1,-1,-1,-1,-1,0,81.955841,0.876544,82.832385
2814,32,32,-1,-1,-1,-1,-1,17.736704,1,17.781759,0.883712,18.665471
2815,32,32,-1,-1,-1,-1,-1,17.549313,1,17.615871,0.882688,18.498559
2816,32,32,-1,-1,-1,-1,-1,17.427456,1,17.485825,0.87552,18.361345
2817,32,32,-1,-1,-1,-1,-1,17.378304,1,17.422337,0.871424,18.293761
2818,32,32,-1,-1,-1,-1,-1,17.316864,1,17.374208,0.873472,18.24768
2819,32,32,-1,-1,-1,-1,-1,17.314816,1,17.380352,0.869376,18.249728
2820,32,1040,-1,-1,-1,-1,-1,-1,0,81.732605,0.874496,82.607101
2821,32,32,-1,-1,-1,-1,-1,17.77664,1,17.835009,0.887808,18.722817
2822,32,32,-1,-1,-1,-1,-1,17.644545,1,17.713152,0.878592,18.591744
2823,32,32,-1,-1,-1,-1,-1,17.426432,1,17.492992,0.87552,18.368512
2824,32,32,-1,-1,-1,-1,-1,17.358849,1,17.424383,0.871424,18.295807
2825,32,1040,-1,-1,-1,-1,-1,-1,0,81.272835,0.882688,82.155523
2826,32,1040,-1,-1,-1,-1,-1,-1,0,83.704834,0.876544,84.581378
2827,32,32,-1,-1,-1,-1,-1,17.697792,1,17.757183,0.883712,18.640895
2828,32,32,-1,-1,-1,-1,-1,17.533953,1,17.600512,0.877568,18.47808
2829,32,32,-1,-1,-1,-1,-1,17.439745,1,17.50528,0.879616,18.384896
2830,32,32,-1,-1,-1,-1,-1,17.373184,1,17.417215,0.87552,18.292735
2831,32,32,-1,-1,-1,-1,-1,17.3568,1,17.422337,0.873472,18.295809
2832,32,32,-1,-1,-1,-1,-1,17.351681,1,17.416191,0.874496,18.290687
2833,32,32,-1,-1,-1,-1,-1,17.363968,1,17.408001,0.87552,18.283521
2834,32,32,-1,-1,-1,-1,-1,17.3568,1,17.421312,0.872448,18.29376
2835,32,32,-1,-1,-1,-1,-1,17.312769,1,17.37216,0.869376,18.241536
2836,32,32,-1,-1,-1,-1,-1,17.306623,1,17.37216,0.886784,18.258944
2837,32,32,-1,-1,-1,-1,-1,17.295361,1,17.359873,0.871424,18.231297
2838,32,1040,-1,-1,-1,-1,-1,-1,0,81.558525,0.869376,82.427901
2839,32,32,-1,-1,-1,-1,-1,17.753088,1,17.819649,0.882688,18.702337
2840,32,32,-1,-1,-1,-1,-1,17.559551,1,17.62816,0.876544,18.504704
2841,32,32,-1,-1,-1,-1,-1,17.466368,1,17.531904,0.872448,18.404352
2842,32,32,-1,-1,-1,-1,-1,17.390593,1,17.447935,0.871424,18.319359
2843,32,32,-1,-1,-1,-1,-1,17.350657,1,17.408001,0.873472,18.281473
2844,32,32,-1,-1,-1,-1,-1,17.351681,1,17.417215,0.874496,18.291711
2845,32,3056,-1,-1,-1,-1,-1,-1,0,202.003448,0.88064,202.884088
2846,32,32,-1,-1,-1,-1,-1,17.793024,1,17.838079,0.886784,18.724863
2847,32,32,-1,-1,-1,-1,-1,17.545216,1,17.605633,0.87552,18.481153
2848,32,1040,-1,-1,-1,-1,-1,-1,0,81.892349,0.873472,82.765821
2849,32,1040,-1,-1,-1,-1,-1,-1,0,83.615746,0.87552,84.491266
2850,32,32,-1,-1,-1,-1,-1,17.726463,1,17.784832,0.879616,18.664448
2851,32,32,-1,-1,-1,-1,-1,17.535999,1,17.593344,0.879616,18.47296
2852,32,32,-1,-1,-1,-1,-1,17.425407,1,17.490944,0.874496,18.36544
2853,32,32,-1,-1,-1,-1,-1,17.381376,1,17.446913,0.872448,18.319361
2854,32,32,-1,-1,-1,-1,-1,17.340416,1,17.406977,0.8704,18.277377
2855,32,32,-1,-1,-1,-1,-1,17.324032,1,17.388544,0.874496,18.26304
2856,32,32,-1,-1,-1,-1,-1,17.339392,1,17.404928,0.874496,18.279424
2857,32,32,-1,-1,-1,-1,-1,17.34656,1,17.41312,0.874496,18.287616
2858,32,32,-1,-1,-1,-1,-1,17.311745,1,17.376257,0.869376,18.245633
2859,32,1040,-1,-1,-1,-1,-1,-1,0,81.132545,0.876544,82.009089
2860,32,32,-1,-1,-1,-1,-1,17.710079,1,17.774591,0.88064,18.655231
2861,32,32,-1,-1,-1,-1,-1,17.590273,1,17.656832,0.871424,18.528256
2862,32,32,-1,-1,-1,-1,-1,17.446913,1,17.488895,0.876544,18.365439
2863,32,2046,-1,-1,-1,-1,-1,-1,0,139.013123,0.884736,139.897859
2864,32,32,-1,-1,-1,-1,-1,17.808384,1,17.868799,0.884736,18.753535
2865,32,32,-1,-1,-1,-1,-1,17.547264,1,17.612801,0.883712,18.496513
2866,32,32,-1,-1,-1,-1,-1,17.444864,1,17.504255,0.87552,18.379775
2867,32,32,-1,-1,-1,-1,-1,17.410048,1,17.476608,0.873472,18.35008
2868,32,32,-1,-1,-1,-1,-1,17.354752,1,17.419264,0.876544,18.295808
2869,32,32,-1,-1,-1,-1,-1,17.325056,1,17.390593,0.872448,18.263041
2870,32,32,-1,-1,-1,-1,-1,17.343489,1,17.409023,0.883712,18.292735
2871,32,1040,-1,-1,-1,-1,-1,-1,0,81.429504,0.881664,82.311168
2872,32,32,-1,-1,-1,-1,-1,17.770496,1,17.838079,0.882688,18.720767
2873,32,1040,-1,-1,-1,-1,-1,-1,0,82.836479,0.877568,83.714047
2874,32,1040,-1,-1,-1,-1,-1,-1,0,83.866623,0.872448,84.739071
2875,32,32,-1,-1,-1,-1,-1,17.738752,1,17.805311,0.88064,18.685951
2876,32,32,-1,-1,-1,-1,-1,17.596416,1,17.662975,0.88064,18.543615
2877,32,1040,-1,-1,-1,-1,-1,-1,0,81.723389,0.877568,82.600957
2878,32,32,-1,-1,-1,-1,-1,17.702911,1,17.746944,0.88576,18.632704
2879,32,32,-1,-1,-1,-1,-1,17.588224,1,17.656832,0.878592,18.535424
2880,32,32,-1,-1,-1,-1,-1,17.461248,1,17.526785,0.874496,18.401281
2881,32,32,-1,-1,-1,-1,-1,17.373184,1,17.439745,0.872448,18.312193
2882,32,1040,-1,-1,-1,-1,-1,-1,0,81.502205,0.878592,82.380797
2883,32,32,-1,-1,-1,-1,-1,17.800192,1,17.866753,0.882688,18.749441
2884,32,32,-1,-1,-1,-1,-1,17.581057,1,17.646591,0.881664,18.528255
2885,32,32,-1,-1,-1,-1,-1,17.424383,1,17.491968,0.871424,18.363392
2886,32,32,-1,-1,-1,-1,-1,17.38752,1,17.452032,0.869376,18.321408
2887,32,1040,-1,-1,-1,-1,-1,-1,0,81.398781,0.872448,82.271229
2888,32,32,-1,-1,-1,-1,-1,17.752064,1,17.818624,0.882688,18.701312
2889,32,1040,-1,-1,-1,-1,-1,-1,0,82.379776,0.873472,83.253248
2890,32,32,-1,-1,-1,-1,-1,17.753088,1,17.820671,0.883712,18.704383
2891,32,1040,-1,-1,-1,-1,-1,-1,0,82.872322,0.879616,83.751938
2892,32,32,-1,-1,-1,-1,-1,17.753088,1,17.8176,0.881664,18.699264
2893,32,32,-1,-1,-1,-1,-1,17.533953,1,17.591295,0.892928,18.484223
2894,32,1040,-1,-1,-1,-1,-1,-1,0,81.737724,0.876544,82.614268
2895,32,32,-1,-1,-1,-1,-1,17.758207,1,17.816576,0.884736,18.701312
2896,32,32,-1,-1,-1,-1,-1,17.537024,1,17.604609,0.873472,18.478081
2897,32,32,-1,-1,-1,-1,-1,17.392639,1,17.458176,0.877568,18.335744
2898,32,32,-1,-1,-1,-1,-1,17.337343,1,17.40288,0.873472,18.276352
2899,32,32,-1,-1,-1,-1,-1,17.335297,1,17.398785,0.871424,18.270209
2900,32,1040,-1,-1,-1,-1,-1,-1,0,81.975296,0.877568,82.852864
2901,32,32,-1,-1,-1,-1,-1,17.801216,1,17.868799,0.882688,18.751487
2902,32,1040,-1,-1,-1,-1,-1,-1,0,82.854912,0.872448,83.72736
2903,32,32,-1,-1,-1,-1,-1,17.760256,1,17.818624,0.882688,18.701312
2904,32,32,-1,-1,-1,-1,-1,17.605633,1,17.672192,0.872448,18.54464
2905,32,1040,-1,-1,-1,-1,-1,-1,0,81.737724,0.874496,82.61222
2906,32,32,-1,-1,-1,-1,-1,17.713152,1,17.770496,0.881664,18.65216
2907,32,32,-1,-1,-1,-1,-1,17.598463,1,17.665024,0.877568,18.542592
2908,32,1040,-1,-1,-1,-1,-1,-1,0,81.974274,0.874496,82.84877
2909,32,32,-1,-1,-1,-1,-1,17.7152,1,17.784832,0.882688,18.66752
2910,32,32,-1,-1,-1,-1,-1,17.572865,1,17.631231,0.876544,18.507775
2911,32,32,-1,-1,-1,-1,-1,17.442816,1,17.499136,0.873472,18.372608
2912,32,1040,-1,-1,-1,-1,-1,-1,0,81.441795,0.873472,82.315267
2913,32,1040,-1,-1,-1,-1,-1,-1,0,83.678207,0.87552,84.553727
2914,32,32,-1,-1,-1,-1,-1,17.686527,1,17.744896,0.881664,18.62656
2915,32,32,-1,-1,-1,-1,-1,17.559551,1,17.625088,0.881664,18.506752
2916,32,32,-1,-1,-1,-1,-1,17.449984,1,17.517569,0.87552,18.393089
2917,32,32,-1,-1,-1,-1,-1,17.367041,1,17.431553,0.871424,18.302977
2918,32,32,-1,-1,-1,-1,-1,17.325056,1,17.390593,0.872448,18.263041
2919,32,32,-1,-1,-1,-1,-1,17.34656,1,17.40288,0.872448,18.275328
2920,32,1040,-1,-1,-1,-1,-1,-1,0,81.895424,0.88064,82.776064
2921,32,32,-1,-1,-1,-1,-1,17.724417,1,17.790976,0.883712,18.674688
2922,32,32,-1,-1,-1,-1,-1,17.520639,1,17.5872,0.877568,18.464768
2923,32,32,-1,-1,-1,-1,-1,17.435648,1,17.501184,0.876544,18.377728
2924,32,32,-1,-1,-1,-1,-1,17.381376,1,17.448959,0.873472,18.322431
2925,32,32,-1,-1,-1,-1,-1,17.342464,1,17.399809,0.871424,18.271233
2926,32,32,-1,-1,-1,-1,-1,17.318913,1,17.383425,0.872448,18.255873
2927,32,1040,-1,-1,-1,-1,-1,-1,0,81.42746,0.879616,82.307076
2928,32,32,-1,-1,-1,-1,-1,17.726463,1,17.793024,0.884736,18.67776
2929,32,32,-1,-1,-1,-1,-1,17.582081,1,17.649664,0.879616,18.52928
2930,32,32,-1,-1,-1,-1,-1,17.454081,1,17.511423,0.867328,18.378751
2931,32,1040,-1,-1,-1,-1,-1,-1,0,81.29229,0.874496,82.166786
2932,32,32,-1,-1,-1,-1,-1,17.679359,1,17.74592,0.878592,18.624512
2933,32,32,-1,-1,-1,-1,-1,17.545216,1,17.610752,0.87552,18.486272
2934,32,32,-1,-1,-1,-1,-1,17.432575,1,17.499136,0.871424,18.37056
2935,32,1040,-1,-1,-1,-1,-1,-1,0,81.625092,0.878592,82.503684
2936,32,32,-1,-1,-1,-1,-1,17.716225,1,17.782784,0.877568,18.660352
2937,32,32,-1,-1,-1,-1,-1,17.55648,1,17.623039,0.892928,18.515967
2938,32,32,-1,-1,-1,-1,-1,17.44384,1,17.511423,0.87552,18.386943
2939,32,1040,-1,-1,-1,-1,-1,-1,0,82.07872,0.873472,82.952192
2940,32,32,-1,-1,-1,-1,-1,17.757183,1,17.814528,0.876544,18.691072
2941,32,1040,-1,-1,-1,-1,-1,-1,0,82.201599,0.874496,83.076095
2942,32,32,-1,-1,-1,-1,-1,17.726463,1,17.792,0.879616,18.671616
2943,32,32,-1,-1,-1,-1,-1,17.532928,1,17.590273,0.87552,18.465793
2944,32,32,-1,-1,-1,-1,-1,17.426432,1,17.494017,0.872448,18.366465
2945,32,32,-1,-1,-1,-1,-1,17.383425,1,17.441792,0.879616,18.321408
2946,32,32,-1,-1,-1,-1,-1,17.339392,1,17.403904,0.869376,18.27328
2947,32,1040,-1,-1,-1,-1,-1,-1,0,81.497086,0.876544,82.37363
2948,32,32,-1,-1,-1,-1,-1,17.760256,1,17.826817,0.887808,18.714625
2949,32,32,-1,-1,-1,-1,-1,17.607679,1,17.651712,0.879616,18.531328
2950,32,32,-1,-1,-1,-1,-1,17.444864,1,17.513472,0.878592,18.392064
2951,32,32,-1,-1,-1,-1,-1,17.363968,1,17.430529,0.940032,18.370561
2952,32,32,-1,-1,-1,-1,-1,17.338367,1,17.422337,0.872448,18.294785
2953,32,32,-1,-1,-1,-1,-1,17.351681,1,17.417215,0.873472,18.290687
2954,32,1040,-1,-1,-1,-1,-1,-1,0,81.384445,0.87552,82.259965
2955,32,32,-1,-1,-1,-1,-1,17.7152,1,17.781759,0.877568,18.659327
2956,32,32,-1,-1,-1,-1,-1,17.551359,1,17.61792,0.883712,18.501632
2957,32,32,-1,-1,-1,-1,-1,17.454081,1,17.512447,0.874496,18.386943
2958,32,32,-1,-1,-1,-1,-1,17.38752,1,17.451008,0.873472,18.32448
2959,32,1040,-1,-1,-1,-1,-1,-1,0,81.380348,0.878592,82.25894
2960,32,32,-1,-1,-1,-1,-1,17.757183,1,17.824768,0.881664,18.706432
2961,32,1040,-1,-1,-1,-1,-1,-1,0,82.415619,0.889856,83.305475
2962,32,1040,-1,-1,-1,-1,-1,-1,0,84.026367,0.874496,84.900863
2963,32,32,-1,-1,-1,-1,-1,17.713152,1,17.780737,0.878592,18.659329
2964,32,1040,-1,-1,-1,-1,-1,-1,0,82.27533,0.877568,83.152898
2965,32,32,-1,-1,-1,-1,-1,17.699841,1,17.744896,0.877568,18.622464
2966,32,32,-1,-1,-1,-1,-1,17.526785,1,17.591295,0.878592,18.469887
2967,32,32,-1,-1,-1,-1,-1,17.412096,1,17.479679,0.874496,18.354175
2968,32,32,-1,-1,-1,-1,-1,17.361919,1,17.41824,0.874496,18.292736
2969,32,32,-1,-1,-1,-1,-1,17.335297,1,17.400831,0.87552,18.276351
2970,32,32,-1,-1,-1,-1,-1,17.333248,1,17.399809,0.872448,18.272257
2971,32,32,-1,-1,-1,-1,-1,17.353727,1,17.416191,0.871424,18.287615
2972,32,1040,-1,-1,-1,-1,-1,-1,0,81.73056,0.87552,82.60608
2973,32,32,-1,-1,-1,-1,-1,17.752064,1,17.818624,0.881664,18.700288
2974,32,32,-1,-1,-1,-1,-1,17.580032,1,17.646591,0.877568,18.524159
2975,32,32,-1,-1,-1,-1,-1,17.435648,1,17.492992,0.87552,18.368512
2976,32,1040,-1,-1,-1,-1,-1,-1,0,81.490944,0.873472,82.364416
2977,32,32,-1,-1,-1,-1,-1,17.712128,1,17.779713,0.883712,18.663425
2978,32,32,-1,-1,-1,-1,-1,17.608704,1,17.676289,0.876544,18.552833
2979,32,32,-1,-1,-1,-1,-1,17.46944,1,17.535999,0.872448,18.408447
2980,32,32,-1,-1,-1,-1,-1,17.381376,1,17.445889,0.872448,18.318337
2981,32,1040,-1,-1,-1,-1,-1,-1,0,81.513474,0.877568,82.391042
2982,32,32,-1,-1,-1,-1,-1,17.712128,1,17.777664,0.877568,18.655232
2983,32,1040,-1,-1,-1,-1,-1,-1,0,82.27021,0.872448,83.142658
2984,32,32,-1,-1,-1,-1,-1,17.719296,1,17.785856,0.881664,18.66752
2985,32,1040,-1,-1,-1,-1,-1,-1,0,82.46682,0.87552,83.34234
2986,32,32,-1,-1,-1,-1,-1,17.7152,1,17.773567,0.879616,18.653183
2987,32,32,-1,-1,-1,-1,-1,17.566719,1,17.625088,0.874496,18.499584
2988,32,1039,-1,-1,-1,-1,-1,-1,0,82.020355,0.88576,82.906115
2989,32,32,-1,-1,-1,-1,-1,17.695744,1,17.764353,0.889856,18.654209
2990,32,32,-1,-1,-1,-1,-1,17.517569,1,17.575935,0.882688,18.458623
2991,32,32,-1,-1,-1,-1,-1,17.437696,1,17.504255,0.886784,18.391039
2992,32,32,-1,-1,-1,-1,-1,17.382401,1,17.449984,0.882688,18.332672
2993,32,32,-1,-1,-1,-1,-1,17.323008,1,17.389568,0.871424,18.260992
2994,32,1040,-1,-1,-1,-1,-1,-1,0,81.745918,0.886784,82.632702
2995,32,1040,-1,-1,-1,-1,-1,-1,0,84.199425,0.879616,85.079041
2996,32,32,-1,-1,-1,-1,-1,17.732609,1,17.80224,0.883712,18.685952
2997,32,32,-1,-1,-1,-1,-1,17.540096,1,17.606655,0.884736,18.491391
2998,32,1040,-1,-1,-1,-1,-1,-1,0,81.982468,0.872448,82.854916
2999,32,32,-1,-1,-1,-1,-1,17.750015,1,17.816576,0.88064,18.697216
3000,32,32,-1,-1,-1,-1,-1,17.539072,1,17.604609,0.874496,18.479105
3001,32,32,-1,-1,-1,-1,-1,17.419264,1,17.4848,0.882688,18.367488
3002,32,1040,-1,-1,-1,-1,-1,-1,0,81.818626,0.873472,82.692098
3003,32,32,-1,-1,-1,-1,-1,17.741823,1,17.810432,0.886784,18.697216
3004,32,32,-1,-1,-1,-1,-1,17.524736,1,17.595392,0.879616,18.475008
3005,32,32,-1,-1,-1,-1,-1,17.41312,1,17.481728,0.882688,18.364416
3006,32,32,-1,-1,-1,-1,-1,17.329151,1,17.394688,0.883712,18.2784
3007,32,32,-1,-1,-1,-1,-1,17.313791,1,17.373184,0.882688,18.255872
3008,32,32,-1,-1,-1,-1,-1,17.319937,1,17.386496,0.871424,18.25792
3009,32,32,-1,-1,-1,-1,-1,17.325056,1,17.392639,0.878592,18.271231
3010,32,32,-1,-1,-1,-1,-1,17.325056,1,17.382401,0.881664,18.264064
3011,32,1040,-1,-1,-1,-1,-1,-1,0,81.506302,0.88064,82.386942
3012,32,32,-1,-1,-1,-1,-1,17.743872,1,17.812481,0.883712,18.696193
3013,32,32,-1,-1,-1,-1,-1,17.564672,1,17.629185,0.886784,18.515969
3014,32,1039,-1,-1,-1,-1,-1,-1,0,81.702911,0.877568,82.580479
3015,32,32,-1,-1,-1,-1,-1,17.753088,1,17.820671,0.887808,18.708479
3016,32,32,-1,-1,-1,-1,-1,17.554432,1,17.619968,0.883712,18.50368
3017,32,1040,-1,-1,-1,-1,-1,-1,0,81.632256,0.884736,82.516992
3018,32,32,-1,-1,-1,-1,-1,17.769472,1,17.838079,0.886784,18.724863
3019,32,32,-1,-1,-1,-1,-1,17.559551,1,17.619968,0.882688,18.502656
3020,32,32,-1,-1,-1,-1,-1,17.452032,1,17.519615,0.882688,18.402303
3021,32,32,-1,-1,-1,-1,-1,17.39776,1,17.463297,0.884736,18.348033
3022,32,32,-1,-1,-1,-1,-1,17.348608,1,17.392639,0.884736,18.277375
3023,32,1040,-1,-1,-1,-1,-1,-1,0,81.498116,0.882688,82.380804
3024,32,1040,-1,-1,-1,-1,-1,-1,0,84.006912,0.874496,84.881408
3025,32,32,-1,-1,-1,-1,-1,17.760256,1,17.820671,0.884736,18.705407
3026,32,32,-1,-1,-1,-1,-1,17.529856,1,17.590273,0.88064,18.470913
3027,32,32,-1,-1,-1,-1,-1,17.399809,1,17.467392,0.877568,18.34496
3028,32,1040,-1,-1,-1,-1,-1,-1,0,81.518593,0.87552,82.394113
3029,32,32,-1,-1,-1,-1,-1,17.736704,1,17.803265,0.88064,18.683905
3030,32,1039,-1,-1,-1,-1,-1,-1,0,82.301949,0.877568,83.179517
3031,32,32,-1,-1,-1,-1,-1,17.769472,1,17.837055,0.886784,18.723839
3032,32,1040,-1,-1,-1,-1,-1,-1,0,82.787331,0.872448,83.659779
3033,32,32,-1,-1,-1,-1,-1,17.741823,1,17.811457,0.888832,18.700289
3034,32,1040,-1,-1,-1,-1,-1,-1,0,82.379776,0.876544,83.25632
3035,32,32,-1,-1,-1,-1,-1,17.747969,1,17.813503,0.88576,18.699263
3036,32,32,-1,-1,-1,-1,-1,17.520639,1,17.5872,0.87552,18.46272
3037,32,32,-1,-1,-1,-1,-1,17.408001,1,17.473536,0.879616,18.353152
3038,32,32,-1,-1,-1,-1,-1,17.352703,1,17.39776,0.868352,18.266112
3039,32,32,-1,-1,-1,-1,-1,17.32608,1,17.384447,0.87552,18.259967
3040,32,1040,-1,-1,-1,-1,-1,-1,0,81.683456,0.881664,82.56512
3041,32,32,-1,-1,-1,-1,-1,17.764353,1,17.831936,0.883712,18.715648
3042,32,32,-1,-1,-1,-1,-1,17.597441,1,17.666048,0.87552,18.541568
3043,32,32,-1,-1,-1,-1,-1,17.4592,1,17.517569,0.879616,18.397185
3044,32,32,-1,-1,-1,-1,-1,17.369087,1,17.437696,0.869376,18.307072
3045,32,32,-1,-1,-1,-1,-1,17.325056,1,17.389568,0.873472,18.26304
3046,32,32,-1,-1,-1,-1,-1,17.325056,1,17.388544,0.876544,18.265088
3047,32,1040,-1,-1,-1,-1,-1,-1,0,81.51757,0.876544,82.394114
3048,32,32,-1,-1,-1,-1,-1,17.726463,1,17.793024,0.892928,18.685952
3049,32,32,-1,-1,-1,-1,-1,17.517569,1,17.585152,0.88064,18.465792
3050,32,1040,-1,-1,-1,-1,-1,-1,0,82.534401,0.87552,83.409921
3051,32,32,-1,-1,-1,-1,-1,17.721344,1,17.787905,0.88064,18.668545
3052,32,32,-1,-1,-1,-1,-1,17.486849,1,17.551359,0.876544,18.427903
3053,32,32,-1,-1,-1,-1,-1,17.37216,1,17.438721,0.872448,18.311169
3054,32,32,-1,-1,-1,-1,-1,17.320959,1,17.364992,0.8704,18.235392
3055,32,1040,-1,-1,-1,-1,-1,-1,0,81.518593,0.877568,82.396161
3056,32,1039,-1,-1,-1,-1,-1,-1,0,83.75296,0.872448,84.625408
3057,32,32,-1,-1,-1,-1,-1,17.771521,1,17.840128,0.897024,18.737152
3058,32,32,-1,-1,-1,-1,-1,17.498112,1,17.565697,0.877568,18.443265
3059,32,32,-1,-1,-1,-1,-1,17.403904,1,17.470465,0.869376,18.339841
3060,32,32,-1,-1,-1,-1,-1,17.347584,1,17.415169,0.872448,18.287617
3061,32,1040,-1,-1,-1,-1,-1,-1,0,81.369087,0.876544,82.245631
3062,32,32,-1,-1,-1,-1,-1,17.728512,1,17.797119,0.884736,18.681855
3063,32,32,-1,-1,-1,-1,-1,17.577984,1,17.644545,0.871424,18.515969
3064,32,32,-1,-1,-1,-1,-1,17.442816,1,17.507328,0.881664,18.388992
3065,32,32,-1,-1,-1,-1,-1,17.349632,1,17.410048,0.88576,18.295808
3066,32,32,-1,-1,-1,-1,-1,17.317888,1,17.383425,0.873472,18.256897
3067,32,32,-1,-1,-1,-1,-1,17.307648,1,17.350657,0.871424,18.222081
3068,32,1040,-1,-1,-1,-1,-1,-1,0,81.300484,0.877568,82.178052
3069,32,32,-1,-1,-1,-1,-1,17.727488,1,17.795073,0.879616,18.674689
3070,32,32,-1,-1,-1,-1,-1,17.559551,1,17.603584,0.876544,18.480128
3071,32,1039,-1,-1,-1,-1,-1,-1,0,82.076675,0.874496,82.951171
3072,32,32,-1,-1,-1,-1,-1,17.740801,1,17.800192,0.88576,18.685952
3073,32,32,-1,-1,-1,-1,-1,17.543167,1,17.609728,0.878592,18.48832
3074,32,32,-1,-1,-1,-1,-1,17.437696,1,17.496063,0.874496,18.370559
3075,32,32,-1,-1,-1,-1,-1,17.381376,1,17.447935,0.874496,18.322431
3076,32,1040,-1,-1,-1,-1,-1,-1,0,81.547264,0.872448,82.419712
3077,32,32,-1,-1,-1,-1,-1,17.727488,1,17.797119,0.88064,18.677759
3078,32,32,-1,-1,-1,-1,-1,17.513472,1,17.582081,0.87552,18.457601
3079,32,32,-1,-1,-1,-1,-1,17.394688,1,17.460224,0.874496,18.33472
3080,32,32,-1,-1,-1,-1,-1,17.380352,1,17.437696,0.87552,18.313216
3081,32,32,-1,-1,-1,-1,-1,17.351681,1,17.41824,0.88064,18.29888
3082,32,32,-1,-1,-1,-1,-1,17.350657,1,17.416191,0.871424,18.287615
3083,32,32,-1,-1,-1,-1,-1,17.353727,1,17.396736,0.872448,18.269184
3084,32,32,-1,-1,-1,-1,-1,17.359873,1,17.424383,0.869376,18.293759
3085,32,32,-1,-1,-1,-1,-1,17.311745,1,17.376257,0.869376,18.245633
3086,32,32,-1,-1,-1,-1,-1,17.308672,1,17.350657,0.8704,18.221057
3087,32,32,-1,-1,-1,-1,-1,17.302528,1,17.368065,0.878592,18.246657
3088,32,1040,-1,-1,-1,-1,-1,-1,0,81.494019,0.874496,82.368515
3089,32,32,-1,-1,-1,-1,-1,17.77664,1,17.845247,0.888832,18.734079
3090,32,32,-1,-1,-1,-1,-1,17.575935,1,17.642496,0.878592,18.521088
3091,32,2048,-1,-1,-1,-1,-1,-1,0,137.666565,0.886784,138.553349
3092,32,32,-1,-1,-1,-1,-1,17.799168,1,17.866753,0.884736,18.751489
3093,32,32,-1,-1,-1,-1,-1,17.638399,1,17.707008,0.877568,18.584576
3094,32,32,-1,-1,-1,-1,-1,17.512447,1,17.579008,0.8704,18.449408
3095,32,32,-1,-1,-1,-1,-1,17.399809,1,17.467392,0.87552,18.342912
3096,32,32,-1,-1,-1,-1,-1,17.374208,1,17.438721,0.8704,18.309121
3097,32,32,-1,-1,-1,-1,-1,17.367041,1,17.425407,0.873472,18.298879
3098,32,1040,-1,-1,-1,-1,-1,-1,0,81.73056,0.881664,82.612224
3099,32,1040,-1,-1,-1,-1,-1,-1,0,84.188164,0.873472,85.061636
3100,32,32,-1,-1,-1,-1,-1,17.714176,1,17.780737,0.88064,18.661377
3101,32,32,-1,-1,-1,-1,-1,17.584127,1,17.651712,0.873472,18.525184
3102,32,32,-1,-1,-1,-1,-1,17.447935,1,17.491968,0.87552,18.367488
3103,32,32,-1,-1,-1,-1,-1,17.405952,1,17.472511,0.869376,18.341887
3104,32,1040,-1,-1,-1,-1,-1,-1,0,81.437698,0.87552,82.313218
3105,32,2047,-1,-1,-1,-1,-1,-1,0,139.720703,0.88064,140.601343
3106,32,1040,-1,-1,-1,-1,-1,-1,0,84.416512,0.873472,85.289984
3107,32,32,-1,-1,-1,-1,-1,17.721344,1,17.788927,0.881664,18.670591
3108,32,32,-1,-1,-1,-1,-1,17.579008,1,17.646591,0.876544,18.523135
3109,32,32,-1,-1,-1,-1,-1,17.431553,1,17.497087,0.87552,18.372607
3110,32,32,-1,-1,-1,-1,-1,17.377279,1,17.440767,0.877568,18.318335
3111,32,32,-1,-1,-1,-1,-1,17.333248,1,17.399809,0.877568,18.277377
3112,32,1040,-1,-1,-1,-1,-1,-1,0,81.758209,0.876544,82.634753
3113,32,32,-1,-1,-1,-1,-1,17.823744,1,17.891329,0.888832,18.780161
3114,32,32,-1,-1,-1,-1,-1,17.55648,1,17.624063,0.878592,18.502656
3115,32,32,-1,-1,-1,-1,-1,17.446913,1,17.512447,0.878592,18.391039
3116,32,32,-1,-1,-1,-1,-1,17.367041,1,17.424383,0.87552,18.299903
3117,32,32,-1,-1,-1,-1,-1,17.329151,1,17.371136,0.869376,18.240512
3118,32,32,-1,-1,-1,-1,-1,17.338367,1,17.381376,0.87552,18.256896
3119,32,1039,-1,-1,-1,-1,-1,-1,0,81.464317,0.879616,82.343933
3120,32,1040,-1,-1,-1,-1,-1,-1,0,84.052994,0.872448,84.925442
3121,32,32,-1,-1,-1,-1,-1,17.738752,1,17.805311,0.88576,18.691071
3122,32,32,-1,-1,-1,-1,-1,17.579008,1,17.646591,0.881664,18.528255
3123,32,32,-1,-1,-1,-1,-1,17.429504,1,17.486849,0.872448,18.359297
3124,32,32,-1,-1,-1,-1,-1,17.357824,1,17.424383,0.873472,18.297855
3125,32,32,-1,-1,-1,-1,-1,17.317888,1,17.383425,0.872448,18.255873
3126,32,1039,-1,-1,-1,-1,-1,-1,0,81.492989,0.881664,82.374653
3127,32,32,-1,-1,-1,-1,-1,17.742847,1,17.810432,0.883712,18.694144
3128,32,1040,-1,-1,-1,-1,-1,-1,0,82.835457,0.88064,83.716097
3129,32,32,-1,-1,-1,-1,-1,17.702911,1,17.769472,0.882688,18.65216
3130,32,32,-1,-1,-1,-1,-1,17.544191,1,17.60256,0.878592,18.481152
3131,32,32,-1,-1,-1,-1,-1,17.420288,1,17.4848,0.877568,18.362368
3132,32,32,-1,-1,-1,-1,-1,17.374208,1,17.439745,0.864256,18.304001
3133,32,32,-1,-1,-1,-1,-1,17.332224,1,17.375233,0.872448,18.247681
3134,32,32,-1,-1,-1,-1,-1,17.318913,1,17.360895,0.869376,18.230271
3135,32,32,-1,-1,-1,-1,-1,17.316864,1,17.375233,0.88576,18.260993
3136,32,32,-1,-1,-1,-1,-1,17.335297,1,17.40288,0.868352,18.271232
3137,32,32,-1,-1,-1,-1,-1,17.299456,1,17.363968,0.8704,18.234368
3138,32,32,-1,-1,-1,-1,-1,17.292288,1,17.357824,0.872448,18.230272
3139,32,1040,-1,-1,-1,-1,-1,-1,0,81.162239,0.873472,82.035711
3140,32,32,-1,-1,-1,-1,-1,17.714176,1,17.782784,0.881664,18.664447
3141,32,32,-1,-1,-1,-1,-1,17.590273,1,17.649664,0.878592,18.528256
3142,32,3054,-1,-1,-1,-1,-1,-1,0,203.214844,0.886784,204.101628
3143,32,32,-1,-1,-1,-1,-1,17.790976,1,17.860607,0.89088,18.751487
3144,32,32,-1,-1,-1,-1,-1,17.622017,1,17.690624,0.878592,18.569216
3145,32,32,-1,-1,-1,-1,-1,17.46944,1,17.514496,0.879616,18.394112
3146,32,32,-1,-1,-1,-1,-1,17.368065,1,17.425407,0.869376,18.294783
3147,32,1040,-1,-1,-1,-1,-1,-1,0,81.492989,0.876544,82.369533
3148,32,1040,-1,-1,-1,-1,-1,-1,0,83.703812,0.878592,84.582404
3149,32,1040,-1,-1,-1,-1,-1,-1,0,84.046844,0.878592,84.925436
3150,32,32,-1,-1,-1,-1,-1,17.673216,1,17.716225,0.882688,18.598913
3151,32,32,-1,-1,-1,-1,-1,17.555456,1,17.623039,0.88576,18.508799
3152,32,1040,-1,-1,-1,-1,-1,-1,0,81.604607,0.882688,82.487295
3153,32,32,-1,-1,-1,-1,-1,17.697792,1,17.764353,0.88576,18.650113
3154,32,1040,-1,-1,-1,-1,-1,-1,0,82.440193,0.87552,83.315713
3155,32,32,-1,-1,-1,-1,-1,17.686527,1,17.754112,0.881664,18.635776
3156,32,32,-1,-1,-1,-1,-1,17.559551,1,17.627136,0.879616,18.506752
3157,32,32,-1,-1,-1,-1,-1,17.39776,1,17.465343,0.872448,18.337792
3158,32,32,-1,-1,-1,-1,-1,17.3312,1,17.396736,0.873472,18.270208
3159,32,32,-1,-1,-1,-1,-1,17.296385,1,17.361919,0.871424,18.233343
3160,32,32,-1,-1,-1,-1,-1,17.323008,1,17.381376,0.871424,18.2528
3161,32,32,-1,-1,-1,-1,-1,17.311745,1,17.354752,0.8704,18.225152
3162,32,32,-1,-1,-1,-1,-1,17.318913,1,17.384447,0.876544,18.260991
3163,32,32,-1,-1,-1,-1,-1,17.264641,1,17.3312,0.873472,18.204672
3164,32,32,-1,-1,-1,-1,-1,17.274879,1,17.339392,0.87552,18.214912
3165,32,32,-1,-1,-1,-1,-1,17.291264,1,17.355776,0.872448,18.228224
3166,32,32,-1,-1,-1,-1,-1,17.289215,1,17.333248,0.872448,18.205696
3167,32,32,-1,-1,-1,-1,-1,17.291264,1,17.355776,0.874496,18.230272
3168,32,32,-1,-1,-1,-1,-1,17.289215,1,17.354752,0.8704,18.225152
3169,32,32,-1,-1,-1,-1,-1,17.286144,1,17.350657,0.873472,18.224128
3170,32,1040,-1,-1,-1,-1,-1,-1,0,81.313789,0.874496,82.188285
3171,32,32,-1,-1,-1,-1,-1,17.722368,1,17.780737,0.88576,18.666497
3172,32,32,-1,-1,-1,-1,-1,17.539072,1,17.596416,0.876544,18.47296
3173,32,1040,-1,-1,-1,-1,-1,-1,0,82.14016,0.879616,83.019776
3174,32,32,-1,-1,-1,-1,-1,17.70496,1,17.764353,0.887808,18.652161
3175,32,1040,-1,-1,-1,-1,-1,-1,0,82.245628,0.876544,83.122172
3176,32,1040,-1,-1,-1,-1,-1,-1,0,84.047874,0.872448,84.920322
3177,32,32,-1,-1,-1,-1,-1,17.705984,1,17.75104,0.88064,18.631679
3178,32,32,-1,-1,-1,-1,-1,17.529856,1,17.595392,0.873472,18.468864
3179,32,32,-1,-1,-1,-1,-1,17.40288,1,17.467392,0.874496,18.341888
3180,32,32,-1,-1,-1,-1,-1,17.363968,1,17.432575,0.868352,18.300927
3181,32,32,-1,-1,-1,-1,-1,17.320959,1,17.385471,0.876544,18.262015
3182,32,32,-1,-1,-1,-1,-1,17.321983,1,17.364992,0.871424,18.236416
3183,32,1040,-1,-1,-1,-1,-1,-1,0,82.132996,0.877568,83.010564
3184,32,32,-1,-1,-1,-1,-1,17.837055,1,17.903616,0.892928,18.796544
3185,32,32,-1,-1,-1,-1,-1,17.563648,1,17.631231,0.878592,18.509823
3186,32,32,-1,-1,-1,-1,-1,17.44384,1,17.509377,0.876544,18.385921
3187,32,32,-1,-1,-1,-1,-1,17.392639,1,17.460224,0.87552,18.335744
3188,32,32,-1,-1,-1,-1,-1,17.34656,1,17.410048,0.8704,18.280448
3189,32,32,-1,-1,-1,-1,-1,17.34144,1,17.409023,0.872448,18.281471
3190,32,1040,-1,-1,-1,-1,-1,-1,0,82.085892,0.876544,82.962436
3191,32,32,-1,-1,-1,-1,-1,17.795073,1,17.856512,0.884736,18.741248
3192,32,1040,-1,-1,-1,-1,-1,-1,0,82.817024,0.873472,83.690496
3193,32,32,-1,-1,-1,-1,-1,17.75104,1,17.795073,0.889856,18.684929
3194,32,32,-1,-1,-1,-1,-1,17.612801,1,17.679359,0.87552,18.554879
3195,32,1040,-1,-1,-1,-1,-1,-1,0,82.073601,0.876544,82.950145
3196,32,32,-1,-1,-1,-1,-1,17.740801,1,17.806335,0.884736,18.691071
3197,32,32,-1,-1,-1,-1,-1,17.597441,1,17.662975,0.879616,18.542591
3198,32,32,-1,-1,-1,-1,-1,17.446913,1,17.490944,0.881664,18.372608
3199,32,32,-1,-1,-1,-1,-1,17.377279,1,17.440767,0.87552,18.316287
3200,32,32,-1,-1,-1,-1,-1,17.337343,1,17.396736,0.873472,18.270208
3201,32,32,-1,-1,-1,-1,-1,17.345535,1,17.409023,0.873472,18.282495
3202,32,1023,-1,-1,-1,-1,-1,-1,0,76.166145,0.879616,77.045761
3203,32,32,-1,-1,-1,-1,-1,17.756161,1,17.816576,0.89088,18.707456
3204,32,32,-1,-1,-1,-1,-1,17.55648,1,17.600512,0.882688,18.4832
3205,32,32,-1,-1,-1,-1,-1,17.441792,1,17.507328,0.88064,18.387968
3206,32,32,-1,-1,-1,-1,-1,17.385471,1,17.452032,0.877568,18.3296
3207,32,32,-1,-1,-1,-1,-1,17.360895,1,17.427456,0.869376,18.296832
3208,32,32,-1,-1,-1,-1,-1,17.366016,1,17.423361,0.878592,18.301953
3209,32,32,-1,-1,-1,-1,-1,17.368065,1,17.412096,0.879616,18.291712
3210,32,32,-1,-1,-1,-1,-1,17.34144,1,17.405952,0.87552,18.281472
3211,32,32,-1,-1,-1,-1,-1,17.301504,1,17.366016,0.876544,18.24256
3212,32,32,-1,-1,-1,-1,-1,17.281025,1,17.344513,0.871424,18.215937
3213,32,1040,-1,-1,-1,-1,-1,-1,0,81.44384,0.874496,82.318336
3214,32,32,-1,-1,-1,-1,-1,17.782784,1,17.826817,0.881664,18.708481
3215,32,1040,-1,-1,-1,-1,-1,-1,0,82.585602,0.874496,83.460098
3216,32,32,-1,-1,-1,-1,-1,17.792,1,17.859585,0.882688,18.742273
3217,32,1040,-1,-1,-1,-1,-1,-1,0,82.437119,0.873472,83.310591
3218,32,32,-1,-1,-1,-1,-1,17.777664,1,17.843201,0.877568,18.720769
3219,32,32,-1,-1,-1,-1,-1,17.580032,1,17.64864,0.877568,18.526208
3220,32,32,-1,-1,-1,-1,-1,17.465343,1,17.509377,0.878592,18.387969
3221,32,32,-1,-1,-1,-1,-1,17.431553,1,17.488895,0.879616,18.368511
3222,32,32,-1,-1,-1,-1,-1,17.375233,1,17.44384,0.876544,18.320384
3223,32,32,-1,-1,-1,-1,-1,17.369087,1,17.433599,0.871424,18.305023
3224,32,1040,-1,-1,-1,-1,-1,-1,0,81.44384,0.873472,82.317312
3225,32,1040,-1,-1,-1,-1,-1,-1,0,83.609596,0.87552,84.485116
3226,32,32,-1,-1,-1,-1,-1,17.779713,1,17.845247,0.883712,18.728959
3227,32,32,-1,-1,-1,-1,-1,17.582081,1,17.649664,0.878592,18.528256
3228,32,32,-1,-1,-1,-1,-1,17.465343,1,17.531904,0.873472,18.405376
3229,32,32,-1,-1,-1,-1,-1,17.391617,1,17.458176,0.878592,18.336768
3230,32,32,-1,-1,-1,-1,-1,17.376257,1,17.417215,0.869376,18.286591
3231,32,32,-1,-1,-1,-1,-1,17.398785,1,17.456127,0.874496,18.330623
3232,32,32,-1,-1,-1,-1,-1,17.38752,1,17.454081,0.872448,18.326529
3233,32,32,-1,-1,-1,-1,-1,17.403904,1,17.470465,0.871424,18.341889
3234,32,32,-1,-1,-1,-1,-1,17.3312,1,17.395712,0.874496,18.270208
3235,32,32,-1,-1,-1,-1,-1,17.348608,1,17.41312,0.874496,18.287616
3236,32,32,-1,-1,-1,-1,-1,17.351681,1,17.394688,0.869376,18.264064
3237,32,1040,-1,-1,-1,-1,-1,-1,0,81.704964,0.879616,82.58458
3238,32,32,-1,-1,-1,-1,-1,17.813503,1,17.880064,0.89088,18.770944
3239,32,1040,-1,-1,-1,-1,-1,-1,0,82.23027,0.874496,83.104766
3240,32,32,-1,-1,-1,-1,-1,17.798143,1,17.858561,0.891904,18.750465
3241,32,32,-1,-1,-1,-1,-1,17.564672,1,17.632256,0.876544,18.5088
3242,32,32,-1,-1,-1,-1,-1,17.448959,1,17.491968,0.87552,18.367488
3243,32,1040,-1,-1,-1,-1,-1,-1,0,81.824768,0.88064,82.705408
3244,32,1040,-1,-1,-1,-1,-1,-1,0,84.038658,0.873472,84.91213
3245,32,1040,-1,-1,-1,-1,-1,-1,0,83.636223,0.87552,84.511743
3246,32,32,-1,-1,-1,-1,-1,17.742847,1,17.78688,0.88064,18.66752
3247,32,32,-1,-1,-1,-1,-1,17.540096,1,17.606655,0.87552,18.482175
3248,32,1039,-1,-1,-1,-1,-1,-1,0,81.701889,0.87552,82.577409
3249,32,32,-1,-1,-1,-1,-1,17.759232,1,17.825792,0.877568,18.70336
3250,32,1039,-1,-1,-1,-1,-1,-1,0,82.402306,0.874496,83.276802
3251,32,32,-1,-1,-1,-1,-1,17.756161,1,17.82272,0.879616,18.702336
3252,32,32,-1,-1,-1,-1,-1,17.559551,1,17.60256,0.879616,18.482176
3253,32,32,-1,-1,-1,-1,-1,17.442816,1,17.50016,0.877568,18.377728
3254,32,32,-1,-1,-1,-1,-1,17.405952,1,17.472511,0.876544,18.349055
3255,32,32,-1,-1,-1,-1,-1,17.375233,1,17.440767,0.873472,18.314239
3256,32,32,-1,-1,-1,-1,-1,17.384447,1,17.448959,0.872448,18.321407
3257,32,32,-1,-1,-1,-1,-1,17.379328,1,17.44384,0.873472,18.317312
3258,32,32,-1,-1,-1,-1,-1,17.380352,1,17.423361,0.874496,18.297857
3259,32,32,-1,-1,-1,-1,-1,17.355776,1,17.421312,0.8704,18.291712
3260,32,32,-1,-1,-1,-1,-1,17.332224,1,17.39776,0.872448,18.270208
3261,32,1040,-1,-1,-1,-1,-1,-1,0,81.819649,0.881664,82.701313
3262,32,2048,-1,-1,-1,-1,-1,-1,0,140.055557,0.879616,140.935173
3263,32,1040,-1,-1,-1,-1,-1,-1,0,84.342781,0.877568,85.220349
3264,32,32,-1,-1,-1,-1,-1,17.711103,1,17.778688,0.883712,18.6624
3265,32,32,-1,-1,-1,-1,-1,17.599487,1,17.666048,0.873472,18.53952
3266,32,32,-1,-1,-1,-1,-1,17.466368,1,17.532928,0.87552,18.408448
3267,32,32,-1,-1,-1,-1,-1,17.373184,1,17.440767,0.8704,18.311167
3268,32,32,-1,-1,-1,-1,-1,17.328129,1,17.371136,0.872448,18.243584
3269,32,2048,-1,-1,-1,-1,-1,-1,0,138.586105,0.879616,139.465721
3270,32,32,-1,-1,-1,-1,-1,17.790976,1,17.856512,0.88064,18.737152
3271,32,32,-1,-1,-1,-1,-1,17.532928,1,17.599487,0.877568,18.477055
3272,32,32,-1,-1,-1,-1,-1,17.436672,1,17.503231,0.878592,18.381823
3273,32,32,-1,-1,-1,-1,-1,17.375233,1,17.440767,0.87552,18.316287
3274,32,1040,-1,-1,-1,-1,-1,-1,0,81.596413,0.87552,82.471933
3275,32,32,-1,-1,-1,-1,-1,17.762304,1,17.828863,0.888832,18.717695
3276,32,32,-1,-1,-1,-1,-1,17.555456,1,17.615871,0.881664,18.497535
3277,32,32,-1,-1,-1,-1,-1,17.434624,1,17.501184,0.873472,18.374656
3278,32,32,-1,-1,-1,-1,-1,17.360895,1,17.427456,0.873472,18.300928
3279,32,1040,-1,-1,-1,-1,-1,-1,0,81.861633,0.879616,82.741249
3280,32,32,-1,-1,-1,-1,-1,17.798143,1,17.855488,0.883712,18.7392
3281,32,1040,-1,-1,-1,-1,-1,-1,0,83.025917,0.87552,83.901437
3282,32,32,-1,-1,-1,-1,-1,17.748993,1,17.805311,0.879616,18.684927
3283,32,32,-1,-1,-1,-1,-1,17.603584,1,17.662975,0.881664,18.544639
3284,32,32,-1,-1,-1,-1,-1,17.477633,1,17.521664,0.873472,18.395136
3285,32,32,-1,-1,-1,-1,-1,17.398785,1,17.464319,0.877568,18.341887
3286,32,32,-1,-1,-1,-1,-1,17.363968,1,17.427456,0.871424,18.29888
3287,32,32,-1,-1,-1,-1,-1,17.352703,1,17.419264,0.877568,18.296832
3288,32,1040,-1,-1,-1,-1,-1,-1,0,81.957886,0.876544,82.83443
3289,32,32,-1,-1,-1,-1,-1,17.723392,1,17.790976,0.882688,18.673664
3290,32,1040,-1,-1,-1,-1,-1,-1,0,82.446335,0.877568,83.323903
3291,32,32,-1,-1,-1,-1,-1,17.72032,1,17.777664,0.881664,18.659328
3292,32,32,-1,-1,-1,-1,-1,17.541121,1,17.607679,0.878592,18.486271
3293,32,1040,-1,-1,-1,-1,-1,-1,0,81.630211,0.878592,82.508803
3294,32,1040,-1,-1,-1,-1,-1,-1,0,83.818497,0.87552,84.694017
3295,32,32,-1,-1,-1,-1,-1,17.703936,1,17.763329,0.88576,18.649089
3296,32,32,-1,-1,-1,-1,-1,17.552383,1,17.596416,0.871424,18.46784
3297,32,32,-1,-1,-1,-1,-1,17.427456,1,17.494017,0.874496,18.368513
3298,32,32,-1,-1,-1,-1,-1,17.382401,1,17.445889,0.871424,18.317313
3299,32,32,-1,-1,-1,-1,-1,17.342464,1,17.399809,0.873472,18.273281
3300,32,32,-1,-1,-1,-1,-1,17.345535,1,17.388544,0.873472,18.262016
3301,32,32,-1,-1,-1,-1,-1,17.338367,1,17.405952,0.871424,18.277376
3302,32,32,-1,-1,-1,-1,-1,17.349632,1,17.415169,0.869376,18.284545
3303,32,32,-1,-1,-1,-1,-1,17.287169,1,17.351681,0.869376,18.221057
3304,32,32,-1,-1,-1,-1,-1,17.308672,1,17.375233,0.8704,18.245633
3305,32,32,-1,-1,-1,-1,-1,17.305599,1,17.370111,0.867328,18.237439
3306,32,1039,-1,-1,-1,-1,-1,-1,0,81.386497,0.879616,82.266114
3307,32,32,-1,-1,-1,-1,-1,17.782784,1,17.841152,0.881664,18.722816
3308,32,32,-1,-1,-1,-1,-1,17.620993,1,17.679359,0.87552,18.554879
3309,32,32,-1,-1,-1,-1,-1,17.475584,1,17.542145,0.87552,18.417665
3310,32,1040,-1,-1,-1,-1,-1,-1,0,81.529854,0.87552,82.405374
3311,32,2047,-1,-1,-1,-1,-1,-1,0,140.212219,0.881664,141.093883
3312,32,32,-1,-1,-1,-1,-1,17.765375,1,17.831936,0.88064,18.712576
3313,32,1040,-1,-1,-1,-1,-1,-1,0,82.437119,0.87552,83.312639
3314,32,32,-1,-1,-1,-1,-1,17.727488,1,17.770496,0.878592,18.649088
3315,32,32,-1,-1,-1,-1,-1,17.579008,1,17.645569,0.876544,18.522113
3316,32,32,-1,-1,-1,-1,-1,17.458176,1,17.501184,0.873472,18.374656
3317,32,32,-1,-1,-1,-1,-1,17.385471,1,17.451008,0.87552,18.326528
3318,32,32,-1,-1,-1,-1,-1,17.360895,1,17.40288,0.872448,18.275328
3319,32,1040,-1,-1,-1,-1,-1,-1,0,81.763329,0.88064,82.643969
3320,32,32,-1,-1,-1,-1,-1,17.801216,1,17.867777,0.88576,18.753537
3321,32,32,-1,-1,-1,-1,-1,17.557505,1,17.616896,0.877568,18.494464
3322,32,32,-1,-1,-1,-1,-1,17.456127,1,17.522688,0.874496,18.397184
3323,32,32,-1,-1,-1,-1,-1,17.34656,1,17.41312,0.871424,18.284544
3324,32,32,-1,-1,-1,-1,-1,17.317888,1,17.382401,0.871424,18.253825
3325,32,32,-1,-1,-1,-1,-1,17.319937,1,17.378304,0.874496,18.2528
3326,32,32,-1,-1,-1,-1,-1,17.31072,1,17.368065,0.874496,18.242561
3327,32,32,-1,-1,-1,-1,-1,17.327105,1,17.393663,0.867328,18.260991
3328,32,32,-1,-1,-1,-1,-1,17.277952,1,17.34144,0.871424,18.212864
3329,32,32,-1,-1,-1,-1,-1,17.297407,1,17.361919,0.872448,18.234367
3330,32,32,-1,-1,-1,-1,-1,17.302528,1,17.344513,0.873472,18.217985
3331,32,32,-1,-1,-1,-1,-1,17.312769,1,17.380352,0.868352,18.248704
3332,32,32,-1,-1,-1,-1,-1,17.302528,1,17.34656,0.871424,18.217984
3333,32,32,-1,-1,-1,-1,-1,17.295361,1,17.351681,0.867328,18.219009
3334,32,1040,-1,-1,-1,-1,-1,-1,0,81.382401,0.877568,82.259969
3335,32,1040,-1,-1,-1,-1,-1,-1,0,83.608574,0.878592,84.487166
3336,32,32,-1,-1,-1,-1,-1,17.74592,1,17.804289,0.88576,18.690049
3337,32,32,-1,-1,-1,-1,-1,17.521664,1,17.588224,0.873472,18.461696
3338,32,32,-1,-1,-1,-1,-1,17.400831,1,17.467392,0.87552,18.342912
3339,32,32,-1,-1,-1,-1,-1,17.350657,1,17.416191,0.874496,18.290687
3340,32,32,-1,-1,-1,-1,-1,17.332224,1,17.39776,0.8704,18.26816
3341,32,32,-1,-1,-1,-1,-1,17.330175,1,17.38752,0.872448,18.259968
3342,32,32,-1,-1,-1,-1,-1,17.354752,1,17.419264,0.874496,18.29376
3343,32,32,-1,-1,-1,-1,-1,17.34656,1,17.41312,0.873472,18.286592
3344,32,32,-1,-1,-1,-1,-1,17.31072,1,17.373184,0.871424,18.244608
3345,32,32,-1,-1,-1,-1,-1,17.320959,1,17.386496,0.873472,18.259968
3346,32,1040,-1,-1,-1,-1,-1,-1,0,81.59539,0.876544,82.471934
3347,32,1040,-1,-1,-1,-1,-1,-1,0,83.857407,0.877568,84.734975
3348,32,32,-1,-1,-1,-1,-1,17.722368,1,17.766399,0.882688,18.649087
3349,32,32,-1,-1,-1,-1,-1,17.547264,1,17.613825,0.878592,18.492417
3350,32,32,-1,-1,-1,-1,-1,17.470465,1,17.535999,0.874496,18.410495
3351,32,1040,-1,-1,-1,-1,-1,-1,0,81.572861,0.872448,82.445309
3352,32,1040,-1,-1,-1,-1,-1,-1,0,83.650558,0.876544,84.527102
3353,32,32,-1,-1,-1,-1,-1,17.72032,1,17.764353,0.887808,18.652161
3354,32,32,-1,-1,-1,-1,-1,17.55648,1,17.623039,0.879616,18.502655
3355,32,32,-1,-1,-1,-1,-1,17.467392,1,17.525761,0.879616,18.405377
3356,32,32,-1,-1,-1,-1,-1,17.412096,1,17.476608,0.874496,18.351104
3357,32,32,-1,-1,-1,-1,-1,17.354752,1,17.421312,0.878592,18.299904
3358,32,32,-1,-1,-1,-1,-1,17.383425,1,17.440767,0.87552,18.316287
3359,32,32,-1,-1,-1,-1,-1,17.379328,1,17.446913,0.877568,18.324481
3360,32,32,-1,-1,-1,-1,-1,17.384447,1,17.448959,0.874496,18.323455
3361,32,32,-1,-1,-1,-1,-1,17.330175,1,17.394688,0.872448,18.267136
3362,32,32,-1,-1,-1,-1,-1,17.309696,1,17.374208,0.867328,18.241536
3363,32,1040,-1,-1,-1,-1,-1,-1,0,81.541122,0.88064,82.421762
3364,32,32,-1,-1,-1,-1,-1,17.774591,1,17.818624,0.883712,18.702336
3365,32,32,-1,-1,-1,-1,-1,17.61792,1,17.677313,0.878592,18.555905
3366,32,32,-1,-1,-1,-1,-1,17.497087,1,17.562624,0.877568,18.440192
3367,32,32,-1,-1,-1,-1,-1,17.400831,1,17.468416,0.872448,18.340864
3368,32,32,-1,-1,-1,-1,-1,17.382401,1,17.439745,0.871424,18.311169
3369,32,32,-1,-1,-1,-1,-1,17.392639,1,17.435648,0.876544,18.312192
3370,32,32,-1,-1,-1,-1,-1,17.385471,1,17.442816,0.874496,18.317312
3371,32,32,-1,-1,-1,-1,-1,17.393663,1,17.458176,0.874496,18.332672
3372,32,32,-1,-1,-1,-1,-1,17.348608,1,17.41312,0.871424,18.284544
3373,32,1040,-1,-1,-1,-1,-1,-1,0,81.50528,0.87552,82.3808
3374,32,32,-1,-1,-1,-1,-1,17.803265,1,17.870848,0.88576,18.756608
3375,32,1039,-1,-1,-1,-1,-1,-1,0,82.751488,0.878592,83.63008
3376,32,1040,-1,-1,-1,-1,-1,-1,0,83.820541,0.874496,84.695037
3377,32,32,-1,-1,-1,-1,-1,17.792,1,17.856512,0.887808,18.74432
3378,32,32,-1,-1,-1,-1,-1,17.527807,1,17.5872,0.88064,18.46784
3379,32,1040,-1,-1,-1,-1,-1,-1,0,82.001923,0.874496,82.876419
3380,32,32,-1,-1,-1,-1,-1,17.797119,1,17.840128,0.89088,18.731008
3381,32,1040,-1,-1,-1,-1,-1,-1,0,82.948097,0.874496,83.822593
3382,32,32,-1,-1,-1,-1,-1,17.804289,1,17.862656,0.88064,18.743296
3383,32,2048,-1,-1,-1,-1,-1,-1,0,138.976257,0.88064,139.856897
3384,32,32,-1,-1,-1,-1,-1,17.810432,1,17.868799,0.887808,18.756607
3385,32,1040,-1,-1,-1,-1,-1,-1,0,82.456573,0.87552,83.332093
3386,32,32,-1,-1,-1,-1,-1,17.764353,1,17.831936,0.887808,18.719744
3387,32,32,-1,-1,-1,-1,-1,17.503231,1,17.5616,0.881664,18.443264
3388,32,32,-1,-1,-1,-1,-1,17.396736,1,17.440767,0.874496,18.315263
3389,32,32,-1,-1,-1,-1,-1,17.350657,1,17.408001,0.876544,18.284545
3390,32,32,-1,-1,-1,-1,-1,17.343489,1,17.408001,0.866304,18.274305
3391,32,32,-1,-1,-1,-1,-1,17.369087,1,17.434624,0.873472,18.308096
3392,32,32,-1,-1,-1,-1,-1,17.359873,1,17.427456,0.871424,18.29888
3393,32,1040,-1,-1,-1,-1,-1,-1,0,81.256447,0.874496,82.130943
3394,32,1040,-1,-1,-1,-1,-1,-1,0,83.594238,0.873472,84.46771
3395,32,32,-1,-1,-1,-1,-1,17.717249,1,17.784832,0.882688,18.66752
3396,32,1040,-1,-1,-1,-1,-1,-1,0,82.669571,0.8704,83.539971
3397,32,32,-1,-1,-1,-1,-1,17.742847,1,17.809408,0.882688,18.692096
3398,32,32,-1,-1,-1,-1,-1,17.593344,1,17.662975,0.87552,18.538495
3399,32,32,-1,-1,-1,-1,-1,17.442816,1,17.50016,0.879616,18.379776
3400,32,1040,-1,-1,-1,-1,-1,-1,0,81.903618,0.874496,82.778114
3401,32,32,-1,-1,-1,-1,-1,17.703936,1,17.770496,0.883712,18.654208
3402,32,32,-1,-1,-1,-1,-1,17.569792,1,17.62816,0.869376,18.497536
3403,32,1040,-1,-1,-1,-1,-1,-1,0,81.796097,0.874496,82.670593
3404,32,1040,-1,-1,-1,-1,-1,-1,0,83.962883,0.877568,84.840451
3405,32,32,-1,-1,-1,-1,-1,17.75104,1,17.818624,0.89088,18.709504
3406,32,32,-1,-1,-1,-1,-1,17.612801,1,17.682432,0.878592,18.561024
3407,32,1040,-1,-1,-1,-1,-1,-1,0,81.861633,0.882688,82.744321
3408,32,32,-1,-1,-1,-1,-1,17.713152,1,17.771521,0.888832,18.660353
3409,32,1040,-1,-1,-1,-1,-1,-1,0,82.648064,0.874496,83.52256
3410,32,32,-1,-1,-1,-1,-1,17.737728,1,17.803265,0.887808,18.691073
3411,32,32,-1,-1,-1,-1,-1,17.580032,1,17.647615,0.876544,18.524159
3412,32,1040,-1,-1,-1,-1,-1,-1,0,82.119682,0.874496,82.994178
3413,32,32,-1,-1,-1,-1,-1,17.759232,1,17.816576,0.88576,18.702336
3414,32,32,-1,-1,-1,-1,-1,17.579008,1,17.64864,0.88064,18.52928
3415,32,32,-1,-1,-1,-1,-1,17.438721,1,17.50528,0.873472,18.378752
3416,32,32,-1,-1,-1,-1,-1,17.3568,1,17.422337,0.8704,18.292737
3417,32,32,-1,-1,-1,-1,-1,17.309696,1,17.374208,0.871424,18.245632
3418,32,32,-1,-1,-1,-1,-1,17.344513,1,17.409023,0.874496,18.283519
3419,32,32,-1,-1,-1,-1,-1,17.351681,1,17.415169,0.872448,18.287617
3420,32,32,-1,-1,-1,-1,-1,17.3568,1,17.422337,0.873472,18.295809
3421,32,32,-1,-1,-1,-1,-1,17.312769,1,17.367041,0.8704,18.237441
3422,32,1040,-1,-1,-1,-1,-1,-1,0,81.148926,0.878592,82.027518
3423,32,1040,-1,-1,-1,-1,-1,-1,0,83.689468,0.878592,84.56806
3424,32,32,-1,-1,-1,-1,-1,17.748993,1,17.814528,0.886784,18.701312
3425,32,32,-1,-1,-1,-1,-1,17.540096,1,17.607679,0.881664,18.489343
3426,32,32,-1,-1,-1,-1,-1,17.447935,1,17.51552,0.873472,18.388992
3427,32,32,-1,-1,-1,-1,-1,17.395712,1,17.462273,0.877568,18.339841
3428,32,32,-1,-1,-1,-1,-1,17.344513,1,17.411072,0.876544,18.287616
3429,32,1039,-1,-1,-1,-1,-1,-1,0,81.586174,0.872448,82.458622
3430,32,32,-1,-1,-1,-1,-1,17.772545,1,17.839104,0.887808,18.726912
3431,32,1040,-1,-1,-1,-1,-1,-1,0,83.257347,0.878592,84.135939
3432,32,32,-1,-1,-1,-1,-1,17.746944,1,17.813503,0.886784,18.700287
3433,32,1040,-1,-1,-1,-1,-1,-1,0,82.701309,0.874496,83.575805
3434,32,32,-1,-1,-1,-1,-1,17.753088,1,17.797119,0.88576,18.682879
3435,32,32,-1,-1,-1,-1,-1,17.582081,1,17.649664,0.884736,18.5344
3436,32,32,-1,-1,-1,-1,-1,17.41824,1,17.4848,0.872448,18.357248
3437,32,32,-1,-1,-1,-1,-1,17.370111,1,17.427456,0.874496,18.301952
3438,32,32,-1,-1,-1,-1,-1,17.334272,1,17.399809,0.873472,18.273281
3439,32,32,-1,-1,-1,-1,-1,17.339392,1,17.404928,0.881664,18.286592
3440,32,32,-1,-1,-1,-1,-1,17.362944,1,17.429504,0.868352,18.297856
3441,32,1040,-1,-1,-1,-1,-1,-1,0,81.724419,0.881664,82.606083
3442,32,32,-1,-1,-1,-1,-1,17.795073,1,17.862656,0.88064,18.743296
3443,32,32,-1,-1,-1,-1,-1,17.601536,1,17.659904,0.87552,18.535424
3444,32,32,-1,-1,-1,-1,-1,17.436672,1,17.502209,0.87552,18.377729
3445,32,32,-1,-1,-1,-1,-1,17.394688,1,17.4592,0.872448,18.331648
3446,32,2048,-1,-1,-1,-1,-1,-1,0,137.465851,0.882688,138.348539
3447,32,32,-1,-1,-1,-1,-1,17.797119,1,17.864704,0.882688,18.747392
3448,32,32,-1,-1,-1,-1,-1,17.606655,1,17.668097,0.878592,18.546689
3449,32,32,-1,-1,-1,-1,-1,17.470465,1,17.538048,0.879616,18.417664
3450,32,32,-1,-1,-1,-1,-1,17.392639,1,17.435648,0.877568,18.313216
3451,32,32,-1,-1,-1,-1,-1,17.353727,1,17.41824,0.869376,18.287616
3452,32,32,-1,-1,-1,-1,-1,17.325056,1,17.390593,0.87552,18.266113
3453,32,32,-1,-1,-1,-1,-1,17.314816,1,17.379328,0.872448,18.251776
3454,32,32,-1,-1,-1,-1,-1,17.314816,1,17.380352,0.867328,18.24768
3455,32,32,-1,-1,-1,-1,-1,17.330175,1,17.395712,0.868352,18.264064
3456,32,32,-1,-1,-1,-1,-1,17.293312,1,17.359873,0.869376,18.229249
3457,32,1040,-1,-1,-1,-1,-1,-1,0,81.625092,0.879616,82.504708
3458,32,32,-1,-1,-1,-1,-1,17.813503,1,17.881088,0.89088,18.771968
3459,32,1040,-1,-1,-1,-1,-1,-1,0,82.384895,0.87552,83.260415
3460,32,32,-1,-1,-1,-1,-1,17.754112,1,17.812481,0.88576,18.698241
3461,32,32,-1,-1,-1,-1,-1,17.501184,1,17.567743,0.878592,18.446335
3462,32,32,-1,-1,-1,-1,-1,17.392639,1,17.4592,0.873472,18.332672
3463,32,32,-1,-1,-1,-1,-1,17.338367,1,17.40288,0.8704,18.27328
3464,32,32,-1,-1,-1,-1,-1,17.335297,1,17.392639,0.868352,18.260991
3465,32,1040,-1,-1,-1,-1,-1,-1,0,81.648643,0.874496,82.523139
3466,32,32,-1,-1,-1,-1,-1,17.768448,1,17.811457,0.887808,18.699265
3467,32,32,-1,-1,-1,-1,-1,17.614847,1,17.681408,0.877568,18.558976
3468,32,32,-1,-1,-1,-1,-1,17.445889,1,17.511423,0.872448,18.383871
3469,32,32,-1,-1,-1,-1,-1,17.368065,1,17.425407,0.87552,18.300927
3470,32,32,-1,-1,-1,-1,-1,17.339392,1,17.404928,0.879616,18.284544
3471,32,32,-1,-1,-1,-1,-1,17.351681,1,17.410048,0.876544,18.286592
3472,32,32,-1,-1,-1,-1,-1,17.351681,1,17.416191,0.873472,18.289663
3473,32,32,-1,-1,-1,-1,-1,17.352703,1,17.41824,0.871424,18.289664
3474,32,32,-1,-1,-1,-1,-1,17.311745,1,17.368065,0.8704,18.238465
3475,32,32,-1,-1,-1,-1,-1,17.309696,1,17.375233,0.8704,18.245633
3476,32,32,-1,-1,-1,-1,-1,17.321983,1,17.386496,0.869376,18.255872
3477,32,1040,-1,-1,-1,-1,-1,-1,0,81.375229,0.873472,82.248701
3478,32,2047,-1,-1,-1,-1,-1,-1,0,140.193787,0.877568,141.071355
3479,32,1040,-1,-1,-1,-1,-1,-1,0,84.378624,0.872448,85.251072
3480,32,32,-1,-1,-1,-1,-1,17.74592,1,17.810432,0.883712,18.694144
3481,32,32,-1,-1,-1,-1,-1,17.517569,1,17.585152,0.873472,18.458624
3482,32,32,-1,-1,-1,-1,-1,17.40288,1,17.446913,0.872448,18.319361
3483,32,32,-1,-1,-1,-1,-1,17.352703,1,17.416191,0.8704,18.286591
3484,32,32,-1,-1,-1,-1,-1,17.336321,1,17.393663,0.873472,18.267135
3485,32,32,-1,-1,-1,-1,-1,17.314816,1,17.380352,0.874496,18.254848
3486,32,32,-1,-1,-1,-1,-1,17.336321,1,17.399809,0.874496,18.274305
3487,32,32,-1,-1,-1,-1,-1,17.345535,1,17.411072,0.873472,18.284544
3488,32,32,-1,-1,-1,-1,-1,17.295361,1,17.361919,0.869376,18.231295
3489,32,32,-1,-1,-1,-1,-1,17.305599,1,17.370111,0.869376,18.239487
3490,32,32,-1,-1,-1,-1,-1,17.303553,1,17.370111,0.872448,18.242559
3491,32,32,-1,-1,-1,-1,-1,17.314816,1,17.379328,0.873472,18.2528
3492,32,32,-1,-1,-1,-1,-1,17.292288,1,17.3568,0.866304,18.223104
3493,32,32,-1,-1,-1,-1,-1,17.299456,1,17.363968,0.868352,18.23232
3494,32,32,-1,-1,-1,-1,-1,17.304577,1,17.369087,0.872448,18.241535
3495,32,32,-1,-1,-1,-1,-1,17.299456,1,17.362944,0.872448,18.235392
3496,32,1039,-1,-1,-1,-1,-1,-1,0,81.429504,0.871424,82.300928
3497,32,32,-1,-1,-1,-1,-1,17.772545,1,17.838079,0.88576,18.723839
3498,32,32,-1,-1,-1,-1,-1,17.61792,1,17.661951,0.876544,18.538495
3499,32,2048,-1,-1,-1,-1,-1,-1,0,138.322937,0.88064,139.203577
3500,32,1040,-1,-1,-1,-1,-1,-1,0,84.167679,0.88576,85.053439
3501,32,32,-1,-1,-1,-1,-1,17.733631,1,17.77664,0.879616,18.656256
3502,32,3056,-1,-1,-1,-1,-1,-1,0,203.813889,0.887808,204.701697
3503,32,32,-1,-1,-1,-1,-1,17.806335,1,17.87392,0.886784,18.760704
3504,32,32,-1,-1,-1,-1,-1,17.620993,1,17.665024,0.874496,18.53952
3505,32,32,-1,-1,-1,-1,-1,17.442816,1,17.507328,0.874496,18.381824
3506,32,32,-1,-1,-1,-1,-1,17.369087,1,17.433599,0.87552,18.309119
3507,32,1040,-1,-1,-1,-1,-1,-1,0,81.742851,0.876544,82.619395
3508,32,1040,-1,-1,-1,-1,-1,-1,0,83.773438,0.876544,84.649981
3509,32,32,-1,-1,-1,-1,-1,17.680384,1,17.74592,0.881664,18.627584
3510,32,32,-1,-1,-1,-1,-1,17.540096,1,17.606655,0.876544,18.483199
3511,32,32,-1,-1,-1,-1,-1,17.410048,1,17.475584,0.881664,18.357248
3512,32,32,-1,-1,-1,-1,-1,17.362944,1,17.420288,0.871424,18.291712
3513,32,32,-1,-1,-1,-1,-1,17.319937,1,17.385471,0.868352,18.253823
3514,32,32,-1,-1,-1,-1,-1,17.311745,1,17.354752,0.871424,18.226176
3515,32,32,-1,-1,-1,-1,-1,17.329151,1,17.393663,0.8704,18.264063
3516,32,32,-1,-1,-1,-1,-1,17.328129,1,17.392639,0.8704,18.263039
3517,32,32,-1,-1,-1,-1,-1,17.293312,1,17.335297,0.873472,18.208769
3518,32,32,-1,-1,-1,-1,-1,17.274879,1,17.339392,0.87552,18.214912
3519,32,32,-1,-1,-1,-1,-1,17.281025,1,17.337343,0.872448,18.209791
3520,32,32,-1,-1,-1,-1,-1,17.288193,1,17.330175,0.872448,18.202623
3521,32,32,-1,-1,-1,-1,-1,17.276928,1,17.342464,0.869376,18.21184
3522,32,1040,-1,-1,-1,-1,-1,-1,0,81.591293,0.874496,82.465789
3523,32,32,-1,-1,-1,-1,-1,17.765375,1,17.83296,0.881664,18.714624
3524,32,32,-1,-1,-1,-1,-1,17.597441,1,17.664,0.876544,18.540544
3525,32,32,-1,-1,-1,-1,-1,17.4848,1,17.551359,0.87552,18.426879
3526,32,1040,-1,-1,-1,-1,-1,-1,0,81.508354,0.881664,82.390018
3527,32,1040,-1,-1,-1,-1,-1,-1,0,84.098045,0.878592,84.976637
3528,32,32,-1,-1,-1,-1,-1,17.734655,1,17.790976,0.881664,18.67264
3529,32,1040,-1,-1,-1,-1,-1,-1,0,82.49958,0.874496,83.374076
3530,32,32,-1,-1,-1,-1,-1,17.708033,1,17.752064,0.882688,18.634752
3531,32,32,-1,-1,-1,-1,-1,17.572865,1,17.640448,0.874496,18.514944
3532,32,32,-1,-1,-1,-1,-1,17.431553,1,17.496063,0.87552,18.371583
3533,32,1040,-1,-1,-1,-1,-1,-1,0,81.801216,0.878592,82.679808
3534,32,32,-1,-1,-1,-1,-1,17.767424,1,17.831936,0.876544,18.70848
3535,32,32,-1,-1,-1,-1,-1,17.549313,1,17.615871,0.882688,18.498559
3536,32,32,-1,-1,-1,-1,-1,17.464319,1,17.508352,0.876544,18.384896
3537,32,32,-1,-1,-1,-1,-1,17.416191,1,17.481728,0.871424,18.353152
3538,32,32,-1,-1,-1,-1,-1,17.34656,1,17.411072,0.872448,18.28352
3539,32,32,-1,-1,-1,-1,-1,17.338367,1,17.404928,0.871424,18.276352
3540,32,32,-1,-1,-1,-1,-1,17.366016,1,17.425407,0.871424,18.296831
3541,32,32,-1,-1,-1,-1,-1,17.355776,1,17.419264,0.87552,18.294784
3542,32,3054,-1,-1,-1,-1,-1,-1,0,201.54982,0.88064,202.43046
3543,32,32,-1,-1,-1,-1,-1,17.797119,1,17.864704,0.882688,18.747392
3544,32,32,-1,-1,-1,-1,-1,17.647615,1,17.691648,0.878592,18.57024
3545,32,32,-1,-1,-1,-1,-1,17.460224,1,17.526785,0.87552,18.402305
3546,32,32,-1,-1,-1,-1,-1,17.368065,1,17.409023,0.8704,18.279423
3547,32,32,-1,-1,-1,-1,-1,17.337343,1,17.40288,0.872448,18.275328
3548,32,32,-1,-1,-1,-1,-1,17.330175,1,17.394688,0.868352,18.26304
3549,32,1040,-1,-1,-1,-1,-1,-1,0,81.892349,0.877568,82.769917
3550,32,32,-1,-1,-1,-1,-1,17.780737,1,17.84832,0.883712,18.732032
3551,32,32,-1,-1,-1,-1,-1,17.590273,1,17.635328,0.879616,18.514944
3552,32,1040,-1,-1,-1,-1,-1,-1,0,81.724419,0.874496,82.598915
3553,32,32,-1,-1,-1,-1,-1,17.763329,1,17.82272,0.883712,18.706432
3554,32,32,-1,-1,-1,-1,-1,17.528831,1,17.596416,0.88576,18.482176
3555,32,32,-1,-1,-1,-1,-1,17.42848,1,17.492992,0.876544,18.369536
3556,32,2048,-1,-1,-1,-1,-1,-1,0,137.78125,0.879616,138.660866
3557,32,32,-1,-1,-1,-1,-1,17.768448,1,17.835009,0.88576,18.720769
3558,32,32,-1,-1,-1,-1,-1,17.599487,1,17.65888,0.879616,18.538496
3559,32,32,-1,-1,-1,-1,-1,17.449984,1,17.516544,0.874496,18.39104
3560,32,32,-1,-1,-1,-1,-1,17.367041,1,17.409023,0.873472,18.282495
3561,32,32,-1,-1,-1,-1,-1,17.340416,1,17.405952,0.873472,18.279424
3562,32,32,-1,-1,-1,-1,-1,17.336321,1,17.379328,0.8704,18.249728
3563,32,32,-1,-1,-1,-1,-1,17.327105,1,17.392639,0.874496,18.267135
3564,32,32,-1,-1,-1,-1,-1,17.324032,1,17.389568,0.874496,18.264064
3565,32,32,-1,-1,-1,-1,-1,17.278976,1,17.337343,0.8704,18.207743
3566,32,1040,-1,-1,-1,-1,-1,-1,0,81.509377,0.87552,82.384897
3567,32,32,-1,-1,-1,-1,-1,17.752064,1,17.796097,0.886784,18.682881
3568,32,32,-1,-1,-1,-1,-1,17.544191,1,17.610752,0.87552,18.486272
3569,32,32,-1,-1,-1,-1,-1,17.423361,1,17.48992,0.873472,18.363392
3570,32,32,-1,-1,-1,-1,-1,17.362944,1,17.417215,0.871424,18.288639
3571,32,1040,-1,-1,-1,-1,-1,-1,0,81.329155,0.876544,82.205699
3572,32,32,-1,-1,-1,-1,-1,17.727488,1,17.785856,0.88064,18.666496
3573,32,32,-1,-1,-1,-1,-1,17.590273,1,17.646591,0.891904,18.538495
3574,32,1040,-1,-1,-1,-1,-1,-1,0,81.944572,0.877568,82.82214
3575,32,32,-1,-1,-1,-1,-1,17.693695,1,17.753088,0.882688,18.635776
3576,32,32,-1,-1,-1,-1,-1,17.551359,1,17.596416,0.87552,18.471936
3577,32,32,-1,-1,-1,-1,-1,17.423361,1,17.481728,0.873472,18.3552
3578,32,32,-1,-1,-1,-1,-1,17.378304,1,17.422337,0.87552,18.297857
3579,32,1040,-1,-1,-1,-1,-1,-1,0,81.293312,0.88064,82.173952
3580,32,1040,-1,-1,-1,-1,-1,-1,0,83.859459,0.87552,84.734979
3581,32,32,-1,-1,-1,-1,-1,17.707008,1,17.773567,0.883712,18.657279
3582,32,32,-1,-1,-1,-1,-1,17.585152,1,17.644545,0.873472,18.518017
3583,32,32,-1,-1,-1,-1,-1,17.440767,1,17.483776,0.881664,18.36544
3584,32,32,-1,-1,-1,-1,-1,17.364992,1,17.430529,0.873472,18.304001
3585,32,32,-1,-1,-1,-1,-1,17.320959,1,17.376257,0.876544,18.252801
3586,32,32,-1,-1,-1,-1,-1,17.329151,1,17.394688,0.874496,18.269184
3587,32,1040,-1,-1,-1,-1,-1,-1,0,81.50016,0.874496,82.374656
3588,32,32,-1,-1,-1,-1,-1,17.771521,1,17.838079,0.892928,18.731007
3589,32,32,-1,-1,-1,-1,-1,17.516544,1,17.574911,0.876544,18.451455
3590,32,1040,-1,-1,-1,-1,-1,-1,0,81.913857,0.873472,82.787328
3591,32,32,-1,-1,-1,-1,-1,17.744896,1,17.811457,0.884736,18.696193
3592,32,32,-1,-1,-1,-1,-1,17.543167,1,17.588224,0.87552,18.463744
3593,32,32,-1,-1,-1,-1,-1,17.41312,1,17.478657,0.876544,18.355201
3594,32,32,-1,-1,-1,-1,-1,17.367041,1,17.410048,0.873472,18.28352
3595,32,1040,-1,-1,-1,-1,-1,-1,0,81.876991,0.877568,82.754559
3596,32,32,-1,-1,-1,-1,-1,17.695744,1,17.762304,0.881664,18.643968
3597,32,32,-1,-1,-1,-1,-1,17.569792,1,17.637377,0.878592,18.515969
3598,32,1040,-1,-1,-1,-1,-1,-1,0,81.911804,0.872448,82.784252
3599,32,32,-1,-1,-1,-1,-1,17.7152,1,17.758207,0.884736,18.642943
3600,32,32,-1,-1,-1,-1,-1,17.584127,1,17.650688,0.884736,18.535424
3601,32,32,-1,-1,-1,-1,-1,17.460224,1,17.503231,0.874496,18.377727
3602,32,32,-1,-1,-1,-1,-1,17.354752,1,17.419264,0.871424,18.290688
3603,32,1040,-1,-1,-1,-1,-1,-1,0,82.047997,0.88064,82.928636
3604,32,32,-1,-1,-1,-1,-1,17.782784,1,17.851393,0.879616,18.731009
3605,32,32,-1,-1,-1,-1,-1,17.580032,1,17.624063,0.873472,18.497535
3606,32,32,-1,-1,-1,-1,-1,17.425407,1,17.491968,0.877568,18.369536
3607,32,32,-1,-1,-1,-1,-1,17.375233,1,17.440767,0.8704,18.311167
3608,32,32,-1,-1,-1,-1,-1,17.340416,1,17.383425,0.877568,18.260993
3609,32,32,-1,-1,-1,-1,-1,17.336321,1,17.400831,0.872448,18.273279
3610,32,32,-1,-1,-1,-1,-1,17.345535,1,17.38752,0.873472,18.260992
3611,32,32,-1,-1,-1,-1,-1,17.327105,1,17.391617,0.874496,18.266113
3612,32,32,-1,-1,-1,-1,-1,17.324032,1,17.381376,0.869376,18.250752
3613,32,32,-1,-1,-1,-1,-1,17.291264,1,17.3568,0.873472,18.230272
3614,32,32,-1,-1,-1,-1,-1,17.311745,1,17.377279,0.8704,18.247679
3615,32,32,-1,-1,-1,-1,-1,17.303553,1,17.34656,0.871424,18.217984
3616,32,32,-1,-1,-1,-1,-1,17.302528,1,17.367041,0.874496,18.241537
3617,32,1039,-1,-1,-1,-1,-1,-1,0,81.967102,0.876544,82.843646
3618,32,32,-1,-1,-1,-1,-1,17.815552,1,17.874945,0.888832,18.763777
3619,32,1040,-1,-1,-1,-1,-1,-1,0,82.425858,0.878592,83.30445
3620,32,1040,-1,-1,-1,-1,-1,-1,0,84.112381,0.87552,84.987901
3621,32,1040,-1,-1,-1,-1,-1,-1,0,83.745789,0.878592,84.624381
3622,32,1040,-1,-1,-1,-1,-1,-1,0,83.627007,0.872448,84.499455
3623,32,32,-1,-1,-1,-1,-1,17.741823,1,17.799168,0.882688,18.681856
3624,32,32,-1,-1,-1,-1,-1,17.520639,1,17.565697,0.882688,18.448385
3625,32,32,-1,-1,-1,-1,-1,17.414145,1,17.480703,0.874496,18.355199
3626,32,32,-1,-1,-1,-1,-1,17.358849,1,17.405952,0.87552,18.281472
3627,32,1040,-1,-1,-1,-1,-1,-1,0,82.187263,0.883712,83.070975
3628,32,32,-1,-1,-1,-1,-1,17.775616,1,17.842176,0.888832,18.731008
3629,32,32,-1,-1,-1,-1,-1,17.608704,1,17.677313,0.877568,18.554881
3630,32,32,-1,-1,-1,-1,-1,17.463297,1,17.529856,0.876544,18.4064
3631,32,32,-1,-1,-1,-1,-1,17.39776,1,17.441792,0.8704,18.312192
3632,32,1040,-1,-1,-1,-1,-1,-1,0,81.930237,0.877568,82.807805
3633,32,32,-1,-1,-1,-1,-1,17.777664,1,17.821695,0.878592,18.700287
3634,32,1039,-1,-1,-1,-1,-1,-1,0,82.559998,0.881664,83.441662
3635,32,32,-1,-1,-1,-1,-1,17.708033,1,17.774591,0.88064,18.655231
3636,32,1040,-1,-1,-1,-1,-1,-1,0,82.868225,0.874496,83.742721
3637,32,32,-1,-1,-1,-1,-1,17.722368,1,17.779713,0.881664,18.661377
3638,32,1040,-1,-1,-1,-1,-1,-1,0,82.469887,0.876544,83.346431
3639,32,32,-1,-1,-1,-1,-1,17.718271,1,17.785856,0.88576,18.671616
3640,32,32,-1,-1,-1,-1,-1,17.584127,1,17.627136,0.87552,18.502656
3641,32,32,-1,-1,-1,-1,-1,17.482752,1,17.547264,0.877568,18.424832
3642,32,32,-1,-1,-1,-1,-1,17.394688,1,17.437696,0.876544,18.31424
3643,32,1040,-1,-1,-1,-1,-1,-1,0,81.736702,0.874496,82.611198
3644,32,32,-1,-1,-1,-1,-1,17.763329,1,17.820671,0.879616,18.700287
3645,32,32,-1,-1,-1,-1,-1,17.565697,1,17.632256,0.886784,18.51904
3646,32,32,-1,-1,-1,-1,-1,17.427456,1,17.494017,0.871424,18.365441
3647,32,32,-1,-1,-1,-1,-1,17.381376,1,17.424383,0.874496,18.298879
3648,32,32,-1,-1,-1,-1,-1,17.334272,1,17.399809,0.871424,18.271233
3649,32,32,-1,-1,-1,-1,-1,17.318913,1,17.362944,0.872448,18.235392
3650,32,32,-1,-1,-1,-1,-1,17.335297,1,17.389568,0.872448,18.262016
3651,32,32,-1,-1,-1,-1,-1,17.339392,1,17.405952,0.877568,18.28352
3652,32,1040,-1,-1,-1,-1,-1,-1,0,81.220612,0.876544,82.097156
3653,32,32,-1,-1,-1,-1,-1,17.758207,1,17.823744,0.89088,18.714624
3654,32,1040,-1,-1,-1,-1,-1,-1,0,82.748413,0.874496,83.622909
3655,32,32,-1,-1,-1,-1,-1,17.752064,1,17.819649,0.889856,18.709505
3656,32,32,-1,-1,-1,-1,-1,17.593344,1,17.638399,0.876544,18.514943
3657,32,32,-1,-1,-1,-1,-1,17.444864,1,17.487871,0.877568,18.365439
3658,32,32,-1,-1,-1,-1,-1,17.394688,1,17.437696,0.876544,18.31424
3659,32,32,-1,-1,-1,-1,-1,17.339392,1,17.403904,0.881664,18.285568
3660,32,32,-1,-1,-1,-1,-1,17.377279,1,17.442816,0.8704,18.313216
3661,32,2048,-1,-1,-1,-1,-1,-1,0,137.889786,0.883712,138.773498
3662,32,32,-1,-1,-1,-1,-1,17.813503,1,17.881088,0.889856,18.770944
3663,32,32,-1,-1,-1,-1,-1,17.573889,1,17.61792,0.88064,18.49856
3664,32,32,-1,-1,-1,-1,-1,17.455105,1,17.521664,0.87552,18.397184
3665,32,32,-1,-1,-1,-1,-1,17.414145,1,17.4592,0.873472,18.332672
3666,32,32,-1,-1,-1,-1,-1,17.37216,1,17.436672,0.879616,18.316288
3667,32,32,-1,-1,-1,-1,-1,17.367041,1,17.432575,0.867328,18.299903
3668,32,3055,-1,-1,-1,-1,-1,-1,0,201.888763,0.879616,202.768379
3669,32,32,-1,-1,-1,-1,-1,17.779713,1,17.846272,0.88576,18.732032
3670,32,32,-1,-1,-1,-1,-1,17.634304,1,17.692673,0.877568,18.570241
3671,32,32,-1,-1,-1,-1,-1,17.464319,1,17.508352,0.876544,18.384896
3672,32,32,-1,-1,-1,-1,-1,17.361919,1,17.403904,0.874496,18.2784
3673,32,32,-1,-1,-1,-1,-1,17.342464,1,17.383425,0.869376,18.252801
3674,32,32,-1,-1,-1,-1,-1,17.320959,1,17.361919,0.868352,18.230271
3675,32,32,-1,-1,-1,-1,-1,17.337343,1,17.403904,0.874496,18.2784
3676,32,32,-1,-1,-1,-1,-1,17.34144,1,17.404928,0.86528,18.270208
3677,32,1039,-1,-1,-1,-1,-1,-1,0,81.203201,0.87552,82.078721
3678,32,32,-1,-1,-1,-1,-1,17.773567,1,17.840128,0.881664,18.721792
3679,32,32,-1,-1,-1,-1,-1,17.551359,1,17.597441,0.874496,18.471937
3680,32,32,-1,-1,-1,-1,-1,17.430529,1,17.497087,0.873472,18.370559
3681,32,32,-1,-1,-1,-1,-1,17.367041,1,17.410048,0.872448,18.282496
3682,32,32,-1,-1,-1,-1,-1,17.352703,1,17.417215,0.877568,18.294783
3683,32,1040,-1,-1,-1,-1,-1,-1,0,81.240067,0.87552,82.115587
3684,32,32,-1,-1,-1,-1,-1,17.724417,1,17.790976,0.879616,18.670592
3685,32,32,-1,-1,-1,-1,-1,17.568768,1,17.635328,0.873472,18.5088
3686,32,2048,-1,-1,-1,-1,-1,-1,0,138.245117,0.882688,139.127805
3687,32,32,-1,-1,-1,-1,-1,17.771521,1,17.814528,0.883712,18.69824
3688,32,32,-1,-1,-1,-1,-1,17.5872,1,17.631231,0.874496,18.505727
3689,32,32,-1,-1,-1,-1,-1,17.423361,1,17.466368,0.87552,18.341888
3690,32,32,-1,-1,-1,-1,-1,17.390593,1,17.433599,0.871424,18.305023
3691,32,32,-1,-1,-1,-1,-1,17.316864,1,17.375233,0.874496,18.249729
3692,32,1040,-1,-1,-1,-1,-1,-1,0,81.709053,0.878592,82.587645
3693,32,32,-1,-1,-1,-1,-1,17.810432,1,17.878016,0.887808,18.765824
3694,32,32,-1,-1,-1,-1,-1,17.589249,1,17.657856,0.88064,18.538496
3695,32,32,-1,-1,-1,-1,-1,17.457151,1,17.501184,0.884736,18.38592
3696,32,1040,-1,-1,-1,-1,-1,-1,0,81.980415,0.883712,82.864127
3697,32,1040,-1,-1,-1,-1,-1,-1,0,83.694595,0.872448,84.567043
3698,32,32,-1,-1,-1,-1,-1,17.729536,1,17.795073,0.881664,18.676737
3699,32,32,-1,-1,-1,-1,-1,17.488895,1,17.55648,0.877568,18.434048
3700,32,32,-1,-1,-1,-1,-1,17.390593,1,17.456127,0.878592,18.334719
3701,32,1040,-1,-1,-1,-1,-1,-1,0,81.636353,0.881664,82.518017
3702,32,1039,-1,-1,-1,-1,-1,-1,0,83.56147,0.874496,84.435966
3703,32,32,-1,-1,-1,-1,-1,17.739777,1,17.805311,0.882688,18.687999
3704,32,32,-1,-1,-1,-1,-1,17.485825,1,17.53088,0.876544,18.407424
3705,32,32,-1,-1,-1,-1,-1,17.38752,1,17.431553,0.879616,18.311169
3706,32,32,-1,-1,-1,-1,-1,17.3312,1,17.375233,0.872448,18.247681
3707,32,32,-1,-1,-1,-1,-1,17.342464,1,17.406977,0.874496,18.281473
3708,32,1040,-1,-1,-1,-1,-1,-1,0,81.866753,0.877568,82.744321
3709,32,32,-1,-1,-1,-1,-1,17.772545,1,17.840128,0.889856,18.729984
3710,32,1040,-1,-1,-1,-1,-1,-1,0,82.892799,0.873472,83.766271
3711,32,32,-1,-1,-1,-1,-1,17.773567,1,17.818624,0.887808,18.706433
3712,32,32,-1,-1,-1,-1,-1,17.5872,1,17.653761,0.882688,18.536449
3713,32,32,-1,-1,-1,-1,-1,17.448959,1,17.514496,0.877568,18.392064
3714,32,32,-1,-1,-1,-1,-1,17.378304,1,17.44384,0.877568,18.321408
3715,32,32,-1,-1,-1,-1,-1,17.360895,1,17.419264,0.8704,18.289664
3716,32,32,-1,-1,-1,-1,-1,17.358849,1,17.424383,0.874496,18.298879
3717,32,32,-1,-1,-1,-1,-1,17.3568,1,17.414145,0.871424,18.285569
3718,32,32,-1,-1,-1,-1,-1,17.351681,1,17.41824,0.88576,18.304
3719,32,32,-1,-1,-1,-1,-1,17.277952,1,17.34144,0.874496,18.215936
3720,32,32,-1,-1,-1,-1,-1,17.304577,1,17.348608,0.871424,18.220032
3721,32,32,-1,-1,-1,-1,-1,17.296385,1,17.339392,0.87552,18.214912
3722,32,32,-1,-1,-1,-1,-1,17.296385,1,17.339392,0.8704,18.209792
3723,32,32,-1,-1,-1,-1,-1,17.298431,1,17.362944,0.864256,18.2272
3724,32,32,-1,-1,-1,-1,-1,17.301504,1,17.367041,0.872448,18.239489
3725,32,32,-1,-1,-1,-1,-1,17.307648,1,17.374208,0.873472,18.24768
3726,32,32,-1,-1,-1,-1,-1,17.304577,1,17.371136,0.8704,18.241536
3727,32,32,-1,-1,-1,-1,-1,17.317888,1,17.360895,0.8704,18.231295
3728,32,1040,-1,-1,-1,-1,-1,-1,0,81.472511,0.88064,82.353151
3729,32,32,-1,-1,-1,-1,-1,17.773567,1,17.841152,0.88064,18.721792
3730,32,32,-1,-1,-1,-1,-1,17.597441,1,17.662975,0.877568,18.540543
3731,32,32,-1,-1,-1,-1,-1,17.471489,1,17.535999,0.88064,18.416639
3732,32,32,-1,-1,-1,-1,-1,17.441792,1,17.508352,0.876544,18.384896
3733,32,32,-1,-1,-1,-1,-1,17.395712,1,17.462273,0.869376,18.331649
3734,32,32,-1,-1,-1,-1,-1,17.373184,1,17.438721,0.873472,18.312193
3735,32,32,-1,-1,-1,-1,-1,17.379328,1,17.444864,0.878592,18.323456
3736,32,1040,-1,-1,-1,-1,-1,-1,0,81.418243,0.874496,82.292739
3737,32,1040,-1,-1,-1,-1,-1,-1,0,83.648514,0.879616,84.52813
3738,32,32,-1,-1,-1,-1,-1,17.767424,1,17.812481,0.888832,18.701313
3739,32,1039,-1,-1,-1,-1,-1,-1,0,82.611198,0.873472,83.48467
3740,32,32,-1,-1,-1,-1,-1,17.781759,1,17.841152,0.887808,18.72896
3741,32,1040,-1,-1,-1,-1,-1,-1,0,82.540543,0.886784,83.427327
3742,32,32,-1,-1,-1,-1,-1,17.771521,1,17.838079,0.883712,18.721791
3743,32,1040,-1,-1,-1,-1,-1,-1,0,82.648064,0.871424,83.519488
3744,32,32,-1,-1,-1,-1,-1,17.773567,1,17.839104,0.881664,18.720768
3745,32,1040,-1,-1,-1,-1,-1,-1,0,82.694145,0.877568,83.571713
3746,32,32,-1,-1,-1,-1,-1,17.73568,1,17.779713,0.881664,18.661377
3747,32,1040,-1,-1,-1,-1,-1,-1,0,82.200577,0.872448,83.073025
3748,32,1040,-1,-1,-1,-1,-1,-1,0,83.857407,0.874496,84.731903
3749,32,32,-1,-1,-1,-1,-1,17.73568,1,17.801216,0.879616,18.680832
3750,32,32,-1,-1,-1,-1,-1,17.603584,1,17.669121,0.874496,18.543617
3751,32,32,-1,-1,-1,-1,-1,17.442816,1,17.509377,0.882688,18.392065
3752,32,1040,-1,-1,-1,-1,-1,-1,0,82.17395,0.872448,83.046398
3753,32,1040,-1,-1,-1,-1,-1,-1,0,83.633148,0.881664,84.514812
3754,32,32,-1,-1,-1,-1,-1,17.683456,1,17.728512,0.889856,18.618368
3755,32,32,-1,-1,-1,-1,-1,17.557505,1,17.623039,0.874496,18.497535
3756,32,32,-1,-1,-1,-1,-1,17.431553,1,17.48992,0.878592,18.368512
3757,32,32,-1,-1,-1,-1,-1,17.380352,1,17.446913,0.873472,18.320385
3758,32,32,-1,-1,-1,-1,-1,17.342464,1,17.406977,0.876544,18.283521
3759,32,32,-1,-1,-1,-1,-1,17.342464,1,17.398785,0.876544,18.275329
3760,32,32,-1,-1,-1,-1,-1,17.343489,1,17.409023,0.869376,18.278399
3761,32,32,-1,-1,-1,-1,-1,17.338367,1,17.403904,0.8704,18.274304
3762,32,1040,-1,-1,-1,-1,-1,-1,0,81.37011,0.876544,82.246654
3763,32,32,-1,-1,-1,-1,-1,17.74592,1,17.813503,0.883712,18.697215
3764,32,32,-1,-1,-1,-1,-1,17.572865,1,17.641472,0.877568,18.51904
3765,32,32,-1,-1,-1,-1,-1,17.424383,1,17.48992,0.874496,18.364416
3766,32,32,-1,-1,-1,-1,-1,17.376257,1,17.433599,0.8704,18.303999
3767,32,32,-1,-1,-1,-1,-1,17.336321,1,17.401855,0.887808,18.289663
3768,32,32,-1,-1,-1,-1,-1,17.339392,1,17.403904,0.87552,18.279424
3769,32,32,-1,-1,-1,-1,-1,17.3568,1,17.422337,0.871424,18.293761
3770,32,2047,-1,-1,-1,-1,-1,-1,0,138.249222,0.883712,139.132934
3771,32,1040,-1,-1,-1,-1,-1,-1,0,84.447235,0.878592,85.325827
3772,32,32,-1,-1,-1,-1,-1,17.739777,1,17.808384,0.877568,18.685952
3773,32,32,-1,-1,-1,-1,-1,17.555456,1,17.622017,0.879616,18.501633
3774,32,32,-1,-1,-1,-1,-1,17.444864,1,17.510401,0.877568,18.387969
3775,32,32,-1,-1,-1,-1,-1,17.399809,1,17.464319,0.873472,18.337791
3776,32,32,-1,-1,-1,-1,-1,17.349632,1,17.405952,0.873472,18.279424
3777,32,32,-1,-1,-1,-1,-1,17.329151,1,17.395712,0.873472,18.269184
3778,32,32,-1,-1,-1,-1,-1,17.329151,1,17.394688,0.869376,18.264064
3779,32,32,-1,-1,-1,-1,-1,17.340416,1,17.405952,0.873472,18.279424
3780,32,32,-1,-1,-1,-1,-1,17.312769,1,17.378304,0.872448,18.250752
3781,32,32,-1,-1,-1,-1,-1,17.30048,1,17.364992,0.871424,18.236416
3782,32,32,-1,-1,-1,-1,-1,17.305599,1,17.371136,0.867328,18.238464
3783,32,32,-1,-1,-1,-1,-1,17.317888,1,17.382401,0.874496,18.256896
3784,32,32,-1,-1,-1,-1,-1,17.313791,1,17.377279,0.867328,18.244607
3785,32,1040,-1,-1,-1,-1,-1,-1,0,81.350655,0.881664,82.232319
3786,32,32,-1,-1,-1,-1,-1,17.77664,1,17.843201,0.879616,18.722817
3787,32,32,-1,-1,-1,-1,-1,17.558529,1,17.625088,0.878592,18.50368
3788,32,3056,-1,-1,-1,-1,-1,-1,0,202.459137,0.887808,203.346945
3789,32,32,-1,-1,-1,-1,-1,17.865728,1,17.924095,0.888832,18.812927
3790,32,32,-1,-1,-1,-1,-1,17.647615,1,17.716225,0.88064,18.596865
3791,32,1039,-1,-1,-1,-1,-1,-1,0,82.123779,0.87552,82.999299
3792,32,32,-1,-1,-1,-1,-1,17.752064,1,17.818624,0.889856,18.70848
3793,32,32,-1,-1,-1,-1,-1,17.53088,1,17.598463,0.87552,18.473983
3794,32,32,-1,-1,-1,-1,-1,17.401855,1,17.468416,0.874496,18.342912
3795,32,32,-1,-1,-1,-1,-1,17.351681,1,17.417215,0.8704,18.287615
3796,32,32,-1,-1,-1,-1,-1,17.339392,1,17.403904,0.869376,18.27328
3797,32,32,-1,-1,-1,-1,-1,17.362944,1,17.42848,0.873472,18.301952
3798,32,1040,-1,-1,-1,-1,-1,-1,0,81.484802,0.874496,82.359298
3799,32,32,-1,-1,-1,-1,-1,17.711103,1,17.77664,0.881664,18.658304
3800,32,32,-1,-1,-1,-1,-1,17.553408,1,17.620993,0.872448,18.493441
3801,32,32,-1,-1,-1,-1,-1,17.424383,1,17.490944,0.8704,18.361344
3802,32,32,-1,-1,-1,-1,-1,17.380352,1,17.445889,0.868352,18.314241
3803,32,32,-1,-1,-1,-1,-1,17.34144,1,17.406977,0.891904,18.298881
3804,32,32,-1,-1,-1,-1,-1,17.343489,1,17.410048,0.8704,18.280448
3805,32,32,-1,-1,-1,-1,-1,17.348608,1,17.414145,0.872448,18.286593
3806,32,32,-1,-1,-1,-1,-1,17.368065,1,17.425407,0.873472,18.298879
3807,32,1040,-1,-1,-1,-1,-1,-1,0,81.620995,0.877568,82.498563
3808,32,1040,-1,-1,-1,-1,-1,-1,0,83.637245,0.882688,84.519933
3809,32,32,-1,-1,-1,-1,-1,17.780737,1,17.849344,0.88576,18.735104
3810,32,32,-1,-1,-1,-1,-1,17.550337,1,17.615871,0.886784,18.502655
3811,32,32,-1,-1,-1,-1,-1,17.460224,1,17.525761,0.874496,18.400257
3812,32,1040,-1,-1,-1,-1,-1,-1,0,81.832962,0.872448,82.70541
3813,32,1039,-1,-1,-1,-1,-1,-1,0,83.57888,0.869376,84.448256
3814,32,32,-1,-1,-1,-1,-1,17.763329,1,17.829887,0.88064,18.710527
3815,32,32,-1,-1,-1,-1,-1,17.568768,1,17.634304,0.878592,18.512896
3816,32,1040,-1,-1,-1,-1,-1,-1,0,82.433022,0.881664,83.314686
3817,32,32,-1,-1,-1,-1,-1,17.766399,1,17.83296,0.884736,18.717696
3818,32,32,-1,-1,-1,-1,-1,17.504255,1,17.568768,0.877568,18.446336
3819,32,32,-1,-1,-1,-1,-1,17.406977,1,17.473536,0.878592,18.352128
3820,32,32,-1,-1,-1,-1,-1,17.347584,1,17.41312,0.871424,18.284544
3821,32,32,-1,-1,-1,-1,-1,17.361919,1,17.426432,0.877568,18.304
3822,32,1040,-1,-1,-1,-1,-1,-1,0,81.631233,0.881664,82.512897
3823,32,32,-1,-1,-1,-1,-1,17.768448,1,17.837055,0.886784,18.723839
3824,32,32,-1,-1,-1,-1,-1,17.591295,1,17.660929,0.874496,18.535425
3825,32,1040,-1,-1,-1,-1,-1,-1,0,81.628159,0.873472,82.501631
3826,32,32,-1,-1,-1,-1,-1,17.717249,1,17.774591,0.884736,18.659327
3827,32,32,-1,-1,-1,-1,-1,17.573889,1,17.639423,0.876544,18.515967
3828,32,32,-1,-1,-1,-1,-1,17.440767,1,17.50528,0.877568,18.382848
3829,32,32,-1,-1,-1,-1,-1,17.381376,1,17.444864,0.873472,18.318336
3830,32,1040,-1,-1,-1,-1,-1,-1,0,81.250305,0.873472,82.123777
3831,32,32,-1,-1,-1,-1,-1,17.738752,1,17.805311,0.883712,18.689023
3832,32,32,-1,-1,-1,-1,-1,17.589249,1,17.654783,0.877568,18.532351
3833,32,1040,-1,-1,-1,-1,-1,-1,0,82.033661,0.874496,82.908157
3834,32,32,-1,-1,-1,-1,-1,17.784832,1,17.851393,0.87552,18.726913
3835,32,32,-1,-1,-1,-1,-1,17.563648,1,17.623039,0.878592,18.501631
3836,32,32,-1,-1,-1,-1,-1,17.447935,1,17.51552,0.874496,18.390016
3837,32,2047,-1,-1,-1,-1,-1,-1,0,137.706497,0.881664,138.588161
3838,32,32,-1,-1,-1,-1,-1,17.797119,1,17.864704,0.887808,18.752512
3839,32,32,-1,-1,-1,-1,-1,17.635328,1,17.703936,0.879616,18.583552
3840,32,32,-1,-1,-1,-1,-1,17.46944,1,17.535999,0.881664,18.417663
3841,32,32,-1,-1,-1,-1,-1,17.390593,1,17.457151,0.876544,18.333695
3842,32,32,-1,-1,-1,-1,-1,17.357824,1,17.422337,0.867328,18.289665
3843,32,32,-1,-1,-1,-1,-1,17.319937,1,17.383425,0.872448,18.255873
3844,32,32,-1,-1,-1,-1,-1,17.336321,1,17.40288,0.869376,18.272256
3845,32,32,-1,-1,-1,-1,-1,17.339392,1,17.382401,0.87552,18.257921
3846,32,32,-1,-1,-1,-1,-1,17.338367,1,17.40288,0.8704,18.27328
3847,32,32,-1,-1,-1,-1,-1,17.282047,1,17.325056,0.8704,18.195456
3848,32,32,-1,-1,-1,-1,-1,17.275904,1,17.339392,0.867328,18.20672
3849,32,32,-1,-1,-1,-1,-1,17.293312,1,17.357824,0.872448,18.230272
3850,32,32,-1,-1,-1,-1,-1,17.293312,1,17.357824,0.8704,18.228224
3851,32,32,-1,-1,-1,-1,-1,17.301504,1,17.366016,0.866304,18.23232
3852,32,32,-1,-1,-1,-1,-1,17.298431,1,17.363968,0.874496,18.238464
3853,32,32,-1,-1,-1,-1,-1,17.290239,1,17.354752,0.872448,18.2272
3854,32,1040,-1,-1,-1,-1,-1,-1,0,81.479683,0.879616,82.359299
3855,32,32,-1,-1,-1,-1,-1,17.772545,1,17.839104,0.882688,18.721792
3856,32,32,-1,-1,-1,-1,-1,17.609728,1,17.677313,0.871424,18.548737
3857,32,32,-1,-1,-1,-1,-1,17.483776,1,17.541121,0.874496,18.415617
3858,32,32,-1,-1,-1,-1,-1,17.434624,1,17.50016,0.8704,18.37056
3859,32,32,-1,-1,-1,-1,-1,17.361919,1,17.426432,0.872448,18.29888
3860,32,1040,-1,-1,-1,-1,-1,-1,0,81.523712,0.873472,82.397184
3861,32,32,-1,-1,-1,-1,-1,17.77664,1,17.821695,0.887808,18.709503
3862,32,32,-1,-1,-1,-1,-1,17.531904,1,17.599487,0.878592,18.478079
3863,32,32,-1,-1,-1,-1,-1,17.427456,1,17.470465,0.881664,18.352129
3864,32,32,-1,-1,-1,-1,-1,17.351681,1,17.417215,0.8704,18.287615
3865,32,32,-1,-1,-1,-1,-1,17.381376,1,17.447935,0.876544,18.324479
3866,32,32,-1,-1,-1,-1,-1,17.374208,1,17.438721,0.873472,18.312193
3867,32,32,-1,-1,-1,-1,-1,17.386496,1,17.451008,0.873472,18.32448
3868,32,2048,-1,-1,-1,-1,-1,-1,0,137.811966,0.882688,138.694654
3869,32,32,-1,-1,-1,-1,-1,17.827841,1,17.887232,0.881664,18.768896
3870,32,32,-1,-1,-1,-1,-1,17.620993,1,17.688576,0.877568,18.566144
3871,32,1039,-1,-1,-1,-1,-1,-1,0,81.694717,0.879616,82.574333
3872,32,1040,-1,-1,-1,-1,-1,-1,0,83.757057,0.874496,84.631553
3873,32,32,-1,-1,-1,-1,-1,17.775616,1,17.842176,0.879616,18.721792
3874,32,1040,-1,-1,-1,-1,-1,-1,0,82.907135,0.873472,83.780607
3875,32,1040,-1,-1,-1,-1,-1,-1,0,84.093948,0.874496,84.968444
3876,32,1039,-1,-1,-1,-1,-1,-1,0,83.597313,0.869376,84.466689
3877,32,32,-1,-1,-1,-1,-1,17.762304,1,17.828863,0.882688,18.711551
3878,32,32,-1,-1,-1,-1,-1,17.551359,1,17.618944,0.886784,18.505728
3879,32,2048,-1,-1,-1,-1,-1,-1,0,137.630722,0.88576,138.516482
3880,32,32,-1,-1,-1,-1,-1,17.753088,1,17.820671,0.88576,18.706431
3881,32,32,-1,-1,-1,-1,-1,17.618944,1,17.680384,0.879616,18.56
3882,32,32,-1,-1,-1,-1,-1,17.461248,1,17.517569,0.87552,18.393089
3883,32,32,-1,-1,-1,-1,-1,17.376257,1,17.433599,0.872448,18.306047
3884,32,32,-1,-1,-1,-1,-1,17.336321,1,17.400831,0.877568,18.278399
3885,32,32,-1,-1,-1,-1,-1,17.334272,1,17.399809,0.872448,18.272257
3886,32,1040,-1,-1,-1,-1,-1,-1,0,81.603584,0.87552,82.479104
3887,32,32,-1,-1,-1,-1,-1,17.743872,1,17.80224,0.879616,18.681856
3888,32,32,-1,-1,-1,-1,-1,17.54624,1,17.612801,0.87552,18.488321
3889,32,32,-1,-1,-1,-1,-1,17.42848,1,17.4848,0.873472,18.358272
3890,32,32,-1,-1,-1,-1,-1,17.391617,1,17.455105,0.869376,18.324481
3891,32,32,-1,-1,-1,-1,-1,17.333248,1,17.388544,0.873472,18.262016
3892,32,32,-1,-1,-1,-1,-1,17.306623,1,17.371136,0.868352,18.239488
3893,32,1040,-1,-1,-1,-1,-1,-1,0,81.251328,0.872448,82.123776
3894,32,32,-1,-1,-1,-1,-1,17.712128,1,17.779713,0.892928,18.672641
3895,32,32,-1,-1,-1,-1,-1,17.579008,1,17.646591,0.874496,18.521087
3896,32,32,-1,-1,-1,-1,-1,17.442816,1,17.509377,0.874496,18.383873
3897,32,32,-1,-1,-1,-1,-1,17.359873,1,17.426432,0.877568,18.304
3898,32,32,-1,-1,-1,-1,-1,17.325056,1,17.388544,0.869376,18.25792
3899,32,1040,-1,-1,-1,-1,-1,-1,0,81.30867,0.874496,82.183166
3900,32,1040,-1,-1,-1,-1,-1,-1,0,83.616768,0.874496,84.491264
3901,32,32,-1,-1,-1,-1,-1,17.723392,1,17.789951,0.882688,18.672639
3902,32,32,-1,-1,-1,-1,-1,17.585152,1,17.652737,0.87552,18.528257
3903,32,2032,-1,-1,-1,-1,-1,-1,0,137.75975,0.88064,138.64039
3904,32,32,-1,-1,-1,-1,-1,17.796097,1,17.862656,0.878592,18.741248
3905,32,32,-1,-1,-1,-1,-1,17.547264,1,17.612801,0.884736,18.497537
3906,32,32,-1,-1,-1,-1,-1,17.434624,1,17.499136,0.876544,18.37568
3907,32,32,-1,-1,-1,-1,-1,17.391617,1,17.456127,0.879616,18.335743
3908,32,2048,-1,-1,-1,-1,-1,-1,0,138.897415,0.88064,139.778055
3909,32,32,-1,-1,-1,-1,-1,17.809408,1,17.876991,0.88576,18.762751
3910,32,32,-1,-1,-1,-1,-1,17.653761,1,17.713152,0.877568,18.59072
3911,32,32,-1,-1,-1,-1,-1,17.513472,1,17.580032,0.878592,18.458624
3912,32,32,-1,-1,-1,-1,-1,17.41312,1,17.476608,0.874496,18.351104
3913,32,32,-1,-1,-1,-1,-1,17.381376,1,17.44384,0.874496,18.318336
3914,32,32,-1,-1,-1,-1,-1,17.336321,1,17.378304,0.869376,18.24768
3915,32,1040,-1,-1,-1,-1,-1,-1,0,81.469437,0.876544,82.345981
3916,32,32,-1,-1,-1,-1,-1,17.778688,1,17.846272,0.88064,18.726911
3917,32,32,-1,-1,-1,-1,-1,17.585152,1,17.64352,0.873472,18.516992
3918,32,32,-1,-1,-1,-1,-1,17.422337,1,17.488895,0.871424,18.360319
3919,32,32,-1,-1,-1,-1,-1,17.40288,1,17.46944,0.87552,18.34496
3920,32,32,-1,-1,-1,-1,-1,17.333248,1,17.399809,0.873472,18.273281
3921,32,32,-1,-1,-1,-1,-1,17.314816,1,17.378304,0.87552,18.253824
3922,32,32,-1,-1,-1,-1,-1,17.343489,1,17.408001,0.874496,18.282497
3923,32,1040,-1,-1,-1,-1,-1,-1,0,81.680382,0.88064,82.561022
3924,32,32,-1,-1,-1,-1,-1,17.782784,1,17.850368,0.879616,18.729985
3925,32,32,-1,-1,-1,-1,-1,17.614847,1,17.683456,0.878592,18.562048
3926,32,32,-1,-1,-1,-1,-1,17.471489,1,17.538048,0.871424,18.409472
3927,32,32,-1,-1,-1,-1,-1,17.370111,1,17.437696,0.874496,18.312192
3928,32,32,-1,-1,-1,-1,-1,17.334272,1,17.39776,0.882688,18.280448
3929,32,32,-1,-1,-1,-1,-1,17.343489,1,17.405952,0.873472,18.279424
3930,32,32,-1,-1,-1,-1,-1,17.351681,1,17.395712,0.873472,18.269184
3931,32,1040,-1,-1,-1,-1,-1,-1,0,81.907715,0.874496,82.782211
3932,32,1040,-1,-1,-1,-1,-1,-1,0,83.627007,0.876544,84.503551
3933,32,32,-1,-1,-1,-1,-1,17.703936,1,17.771521,0.879616,18.651137
3934,32,32,-1,-1,-1,-1,-1,17.545216,1,17.611776,0.873472,18.485248
3935,32,32,-1,-1,-1,-1,-1,17.458176,1,17.524736,0.876544,18.40128
3936,32,1040,-1,-1,-1,-1,-1,-1,0,82.210815,0.876544,83.087359
3937,32,1040,-1,-1,-1,-1,-1,-1,0,84.187134,0.882688,85.069822
3938,32,1040,-1,-1,-1,-1,-1,-1,0,84.094978,0.876544,84.971522
3939,32,32,-1,-1,-1,-1,-1,17.728512,1,17.787905,0.882688,18.670593
3940,32,32,-1,-1,-1,-1,-1,17.586176,1,17.654783,0.872448,18.527231
3941,32,32,-1,-1,-1,-1,-1,17.483776,1,17.548288,0.871424,18.419712
3942,32,32,-1,-1,-1,-1,-1,17.379328,1,17.44384,0.8704,18.31424
3943,32,32,-1,-1,-1,-1,-1,17.334272,1,17.391617,0.87552,18.267137
3944,32,32,-1,-1,-1,-1,-1,17.3312,1,17.373184,0.872448,18.245632
3945,32,1039,-1,-1,-1,-1,-1,-1,0,81.361923,0.873472,82.235395
3946,32,32,-1,-1,-1,-1,-1,17.756161,1,17.820671,0.876544,18.697215
3947,32,32,-1,-1,-1,-1,-1,17.545216,1,17.611776,0.88064,18.492416
3948,32,32,-1,-1,-1,-1,-1,17.433599,1,17.50016,0.874496,18.374656
3949,32,1040,-1,-1,-1,-1,-1,-1,0,81.827843,0.877568,82.705411
3950,32,32,-1,-1,-1,-1,-1,17.760256,1,17.818624,0.88576,18.704385
3951,32,32,-1,-1,-1,-1,-1,17.590273,1,17.656832,0.884736,18.541568
3952,32,1040,-1,-1,-1,-1,-1,-1,0,82.137085,0.87552,83.012605
3953,32,32,-1,-1,-1,-1,-1,17.82272,1,17.888256,0.889856,18.778112
3954,32,32,-1,-1,-1,-1,-1,17.63328,1,17.700865,0.888832,18.589697
3955,32,32,-1,-1,-1,-1,-1,17.498112,1,17.555456,0.877568,18.433024
3956,32,32,-1,-1,-1,-1,-1,17.406977,1,17.464319,0.873472,18.337791
3957,32,32,-1,-1,-1,-1,-1,17.336321,1,17.401855,0.871424,18.273279
3958,32,1040,-1,-1,-1,-1,-1,-1,0,81.228798,0.873472,82.10227
3959,32,32,-1,-1,-1,-1,-1,17.797119,1,17.856512,0.88064,18.737152
3960,32,32,-1,-1,-1,-1,-1,17.665024,1,17.709057,0.871424,18.580481
3961,32,32,-1,-1,-1,-1,-1,17.478657,1,17.522688,0.87552,18.398208
