step,sched_reqs,sched_tokens,batch,num_query_tokens,sum_seq_len,num_spec_tokens,draft_ms,target_fwd_ms,n_target_fwd,exec_ms,sample_ms,step_ms
0,64,128,-1,-1,-1,-1,-1,26.191872,1,74.075134,168.847366,242.922501
1,64,64,-1,-1,-1,-1,-1,17.467392,1,18.520063,4.610048,23.130111
2,1,1025,-1,-1,-1,-1,-1,-1,0,92.860413,0.832512,93.692925
3,10,8192,-1,-1,-1,-1,-1,-1,0,531.460083,0.835584,532.295667
4,18,8192,-1,-1,-1,-1,-1,-1,0,502.173706,0.863232,503.036938
5,26,8192,-1,-1,-1,-1,-1,-1,0,512.451599,0.876544,513.328143
6,34,8192,-1,-1,-1,-1,-1,-1,0,511.202301,0.887808,512.090109
7,42,8192,-1,-1,-1,-1,-1,-1,0,517.569519,0.912384,518.481903
8,50,8192,-1,-1,-1,-1,-1,-1,0,516.997131,0.917504,517.914635
9,58,8192,-1,-1,-1,-1,-1,-1,0,522.932251,0.928768,523.861019
10,64,6445,-1,-1,-1,-1,-1,-1,0,423.691254,0.945152,424.636406
11,64,64,-1,-1,-1,-1,-1,22.365185,1,22.409216,0.951296,23.360512
12,64,64,-1,-1,-1,-1,-1,22.028288,1,22.074368,0.932864,23.007232
13,64,64,-1,-1,-1,-1,-1,21.771263,1,21.815296,0.930816,22.746112
14,64,64,-1,-1,-1,-1,-1,21.731327,1,21.773312,0.935936,22.709248
15,64,64,-1,-1,-1,-1,-1,21.692415,1,21.735424,0.93184,22.667264
16,64,64,-1,-1,-1,-1,-1,21.689344,1,21.732351,0.925696,22.658047
17,64,64,-1,-1,-1,-1,-1,21.702656,1,21.74464,0.935936,22.680576
18,64,64,-1,-1,-1,-1,-1,21.685247,1,21.748735,0.924672,22.673407
19,64,64,-1,-1,-1,-1,-1,21.696512,1,21.762049,0.925696,22.687745
20,64,64,-1,-1,-1,-1,-1,21.634048,1,21.699583,0.928768,22.628351
21,64,64,-1,-1,-1,-1,-1,21.576704,1,21.642241,0.928768,22.571009
22,64,64,-1,-1,-1,-1,-1,21.598207,1,21.66272,0.929792,22.592512
23,64,64,-1,-1,-1,-1,-1,21.568512,1,21.634048,0.929792,22.56384
24,64,64,-1,-1,-1,-1,-1,21.588991,1,21.654528,0.92672,22.581248
25,64,64,-1,-1,-1,-1,-1,21.602304,1,21.6576,0.92672,22.58432
26,64,64,-1,-1,-1,-1,-1,21.602304,1,21.666817,0.922624,22.589441
27,64,64,-1,-1,-1,-1,-1,21.598207,1,21.640192,0.928768,22.56896
28,64,64,-1,-1,-1,-1,-1,21.59104,1,21.633024,0.924672,22.557696
29,64,64,-1,-1,-1,-1,-1,21.594112,1,21.636095,0.929792,22.565887
30,64,64,-1,-1,-1,-1,-1,21.61664,1,21.658625,0.928768,22.587393
31,64,64,-1,-1,-1,-1,-1,21.603329,1,21.646336,0.928768,22.575104
32,64,64,-1,-1,-1,-1,-1,21.622784,1,21.666817,0.925696,22.592513
33,64,64,-1,-1,-1,-1,-1,21.613567,1,21.655552,0.930816,22.586368
34,64,64,-1,-1,-1,-1,-1,21.605375,1,21.659649,0.927744,22.587393
35,64,64,-1,-1,-1,-1,-1,21.611521,1,21.676031,0.93184,22.607871
36,64,64,-1,-1,-1,-1,-1,21.604353,1,21.668863,0.927744,22.596607
37,64,64,-1,-1,-1,-1,-1,21.617664,1,21.683201,0.930816,22.614017
38,64,64,-1,-1,-1,-1,-1,21.623808,1,21.689344,0.939008,22.628352
39,64,64,-1,-1,-1,-1,-1,21.621759,1,21.685247,0.932864,22.618111
40,64,64,-1,-1,-1,-1,-1,21.630976,1,21.696512,0.924672,22.621184
41,64,64,-1,-1,-1,-1,-1,21.629951,1,21.695488,0.929792,22.62528
42,64,64,-1,-1,-1,-1,-1,21.656576,1,21.720064,0.927744,22.647808
43,64,64,-1,-1,-1,-1,-1,21.638144,1,21.681152,0.925696,22.606848
44,64,64,-1,-1,-1,-1,-1,21.628927,1,21.670912,0.925696,22.596608
45,64,64,-1,-1,-1,-1,-1,21.661695,1,21.70368,0.923648,22.627328
46,64,64,-1,-1,-1,-1,-1,21.642241,1,21.685247,0.927744,22.612991
47,64,64,-1,-1,-1,-1,-1,21.641216,1,21.684223,0.923648,22.607871
48,64,64,-1,-1,-1,-1,-1,21.630976,1,21.673985,0.933888,22.607873
49,64,64,-1,-1,-1,-1,-1,21.652479,1,21.693439,0.924672,22.618111
50,64,64,-1,-1,-1,-1,-1,21.664768,1,21.727232,0.929792,22.657024
51,64,64,-1,-1,-1,-1,-1,21.665792,1,21.730305,0.924672,22.654977
52,64,64,-1,-1,-1,-1,-1,21.676031,1,21.740543,0.925696,22.666239
53,64,64,-1,-1,-1,-1,-1,21.676031,1,21.741568,0.930816,22.672384
54,64,64,-1,-1,-1,-1,-1,21.669888,1,21.726208,0.93184,22.658048
55,64,64,-1,-1,-1,-1,-1,21.658625,1,21.724159,0.924672,22.648831
56,64,64,-1,-1,-1,-1,-1,21.689344,1,21.753857,0.924672,22.678529
57,64,64,-1,-1,-1,-1,-1,21.704704,1,21.761024,0.928768,22.689792
58,64,64,-1,-1,-1,-1,-1,21.713921,1,21.779455,0.924672,22.704127
59,64,64,-1,-1,-1,-1,-1,21.687296,1,21.730305,0.932864,22.663169
60,64,64,-1,-1,-1,-1,-1,21.71904,1,21.761024,0.923648,22.684672
61,64,64,-1,-1,-1,-1,-1,21.70368,1,21.74464,0.929792,22.674432
62,64,64,-1,-1,-1,-1,-1,21.715967,1,21.757952,0.923648,22.6816
63,64,64,-1,-1,-1,-1,-1,21.720064,1,21.762049,0.923648,22.685697
64,64,64,-1,-1,-1,-1,-1,21.704704,1,21.747711,0.920576,22.668287
65,64,64,-1,-1,-1,-1,-1,21.72928,1,21.771263,0.929792,22.701055
66,64,64,-1,-1,-1,-1,-1,21.727232,1,21.792768,0.923648,22.716416
67,64,64,-1,-1,-1,-1,-1,21.732351,1,21.795839,0.930816,22.726655
68,64,64,-1,-1,-1,-1,-1,21.733376,1,21.799936,0.925696,22.725632
69,64,64,-1,-1,-1,-1,-1,21.738497,1,21.804031,0.927744,22.731775
70,64,64,-1,-1,-1,-1,-1,21.730305,1,21.794815,0.925696,22.720511
71,64,64,-1,-1,-1,-1,-1,21.74464,1,21.800961,0.930816,22.731777
72,64,64,-1,-1,-1,-1,-1,21.758976,1,21.817345,0.937984,22.755329
73,64,64,-1,-1,-1,-1,-1,21.762049,1,21.828608,0.924672,22.75328
74,64,64,-1,-1,-1,-1,-1,21.769217,1,21.835775,0.925696,22.761471
75,64,64,-1,-1,-1,-1,-1,21.782528,1,21.824512,0.928768,22.75328
76,64,64,-1,-1,-1,-1,-1,21.777409,1,21.819391,0.930816,22.750207
77,64,64,-1,-1,-1,-1,-1,21.79072,1,21.832705,0.924672,22.757377
78,64,64,-1,-1,-1,-1,-1,21.785601,1,21.829632,0.923648,22.75328
79,64,64,-1,-1,-1,-1,-1,21.792768,1,21.835775,0.930816,22.766591
80,64,64,-1,-1,-1,-1,-1,21.80608,1,21.849089,0.928768,22.777857
81,64,64,-1,-1,-1,-1,-1,21.803007,1,21.846016,0.930816,22.776832
82,64,64,-1,-1,-1,-1,-1,21.810177,1,21.874687,0.928768,22.803455
83,64,64,-1,-1,-1,-1,-1,21.819391,1,21.884928,0.925696,22.810624
84,64,64,-1,-1,-1,-1,-1,21.832705,1,21.899263,0.933888,22.833151
85,64,64,-1,-1,-1,-1,-1,21.82144,1,21.879808,0.934912,22.81472
86,64,64,-1,-1,-1,-1,-1,21.839872,1,21.905409,0.92672,22.832129
87,64,64,-1,-1,-1,-1,-1,21.83168,1,21.897217,0.930816,22.828033
88,64,64,-1,-1,-1,-1,-1,21.834751,1,21.901312,0.93184,22.833152
89,64,64,-1,-1,-1,-1,-1,21.838848,1,21.905409,0.932864,22.838273
90,64,64,-1,-1,-1,-1,-1,21.866495,1,21.92384,0.923648,22.847488
91,64,64,-1,-1,-1,-1,-1,21.832705,1,21.875711,0.928768,22.804479
92,64,64,-1,-1,-1,-1,-1,21.872641,1,21.915648,0.9216,22.837247
93,64,64,-1,-1,-1,-1,-1,21.863424,1,21.906431,0.934912,22.841343
94,64,64,-1,-1,-1,-1,-1,21.874687,1,21.916672,0.930816,22.847488
95,64,64,-1,-1,-1,-1,-1,21.883904,1,21.927937,0.927744,22.855681
96,64,64,-1,-1,-1,-1,-1,21.896193,1,21.940224,0.933888,22.874112
97,64,64,-1,-1,-1,-1,-1,21.901312,1,21.945345,0.930816,22.876161
98,64,64,-1,-1,-1,-1,-1,21.90336,1,21.958656,0.93184,22.890496
99,64,64,-1,-1,-1,-1,-1,21.901312,1,21.965824,0.92672,22.892544
100,64,64,-1,-1,-1,-1,-1,21.901312,1,21.966848,0.929792,22.89664
101,64,64,-1,-1,-1,-1,-1,21.90848,1,21.972992,0.9216,22.894592
102,64,64,-1,-1,-1,-1,-1,21.955584,1,22.019072,0.922624,22.941696
103,64,64,-1,-1,-1,-1,-1,21.915648,1,21.981184,0.925696,22.90688
104,64,64,-1,-1,-1,-1,-1,21.931007,1,21.996544,0.928768,22.925312
105,64,64,-1,-1,-1,-1,-1,21.920769,1,21.986303,0.929792,22.916095
106,64,64,-1,-1,-1,-1,-1,21.927937,1,21.992449,0.923648,22.916097
107,64,64,-1,-1,-1,-1,-1,21.946367,1,21.988352,0.930816,22.919168
108,64,64,-1,-1,-1,-1,-1,21.938175,1,21.981184,0.934912,22.916096
109,64,64,-1,-1,-1,-1,-1,21.968897,1,22.01088,0.9216,22.93248
110,64,64,-1,-1,-1,-1,-1,21.941248,1,21.982208,0.923648,22.905856
111,64,64,-1,-1,-1,-1,-1,21.963776,1,22.006784,0.925696,22.93248
112,64,64,-1,-1,-1,-1,-1,21.960705,1,22.002687,0.934912,22.937599
113,64,64,-1,-1,-1,-1,-1,21.968897,1,22.011904,0.928768,22.940672
114,64,64,-1,-1,-1,-1,-1,21.999617,1,22.06208,0.9216,22.98368
115,64,64,-1,-1,-1,-1,-1,21.976065,1,22.033407,0.928768,22.962175
116,64,1072,-1,-1,-1,-1,-1,-1,0,94.529533,0.928768,95.458301
117,64,64,-1,-1,-1,-1,-1,22.581247,1,22.648832,0.937984,23.586816
118,64,1072,-1,-1,-1,-1,-1,-1,0,95.349762,0.930816,96.280578
119,64,1072,-1,-1,-1,-1,-1,-1,0,96.226303,0.93696,97.163263
120,64,64,-1,-1,-1,-1,-1,22.554625,1,22.622208,0.945152,23.56736
121,64,3088,-1,-1,-1,-1,-1,-1,0,218.796036,0.940032,219.736068
122,64,3087,-1,-1,-1,-1,-1,-1,0,220.457977,0.940032,221.398009
123,64,1072,-1,-1,-1,-1,-1,-1,0,98.507774,0.941056,99.44883
124,64,64,-1,-1,-1,-1,-1,22.720512,1,22.766592,0.9472,23.713792
125,64,4095,-1,-1,-1,-1,-1,-1,0,276.194305,0.939008,277.133313
126,64,3088,-1,-1,-1,-1,-1,-1,0,220.234756,0.937984,221.17274
127,64,1072,-1,-1,-1,-1,-1,-1,0,97.178627,0.937984,98.116611
128,64,3087,-1,-1,-1,-1,-1,-1,0,219.871231,0.933888,220.805119
129,64,1071,-1,-1,-1,-1,-1,-1,0,96.982018,0.937984,97.920002
130,64,4095,-1,-1,-1,-1,-1,-1,0,277.157898,0.933888,278.091786
131,64,2080,-1,-1,-1,-1,-1,-1,0,160.923645,0.937984,161.861629
132,64,2080,-1,-1,-1,-1,-1,-1,0,159.57196,0.933888,160.505848
133,64,1072,-1,-1,-1,-1,-1,-1,0,96.143356,0.937984,97.08134
134,64,2080,-1,-1,-1,-1,-1,-1,0,159.526917,0.940032,160.466949
135,64,2079,-1,-1,-1,-1,-1,-1,0,159.459335,0.934912,160.394247
136,64,4095,-1,-1,-1,-1,-1,-1,0,277.821442,0.937984,278.759426
137,64,3088,-1,-1,-1,-1,-1,-1,0,220.527618,0.939008,221.466626
138,64,2080,-1,-1,-1,-1,-1,-1,0,160.27034,0.930816,161.201156
139,64,4096,-1,-1,-1,-1,-1,-1,0,274.848755,0.95232,275.801075
140,64,2080,-1,-1,-1,-1,-1,-1,0,160.397308,0.93696,161.334268
141,64,2079,-1,-1,-1,-1,-1,-1,0,160.350204,0.932864,161.283068
142,64,1072,-1,-1,-1,-1,-1,-1,0,96.034813,0.93184,96.966653
143,64,1071,-1,-1,-1,-1,-1,-1,0,95.344643,0.93696,96.281603
144,64,64,-1,-1,-1,-1,-1,22.334463,1,22.402048,0.940032,23.34208
145,64,3086,-1,-1,-1,-1,-1,-1,0,218.969086,0.943104,219.91219
146,64,1072,-1,-1,-1,-1,-1,-1,0,96.368637,0.934912,97.303549
147,64,2080,-1,-1,-1,-1,-1,-1,0,158.649338,0.937984,159.587322
148,64,64,-1,-1,-1,-1,-1,22.333441,1,22.401024,0.945152,23.346176
149,64,1072,-1,-1,-1,-1,-1,-1,0,94.498817,0.935936,95.434753
150,64,1072,-1,-1,-1,-1,-1,-1,0,95.268867,0.933888,96.202756
151,64,1072,-1,-1,-1,-1,-1,-1,0,95.111168,0.935936,96.047104
152,64,64,-1,-1,-1,-1,-1,22.256639,1,22.315008,0.940032,23.25504
153,64,1072,-1,-1,-1,-1,-1,-1,0,93.627396,0.940032,94.567428
154,64,64,-1,-1,-1,-1,-1,22.291456,1,22.350847,0.933888,23.284735
155,64,64,-1,-1,-1,-1,-1,21.97504,1,22.042624,0.941056,22.98368
156,64,64,-1,-1,-1,-1,-1,21.889025,1,21.955584,0.930816,22.8864
157,64,64,-1,-1,-1,-1,-1,21.752832,1,21.810177,0.928768,22.738945
158,64,64,-1,-1,-1,-1,-1,21.726208,1,21.791744,0.929792,22.721536
159,64,64,-1,-1,-1,-1,-1,21.763071,1,21.82144,0.932864,22.754304
160,64,64,-1,-1,-1,-1,-1,21.776384,1,21.841921,0.930816,22.772737
161,64,64,-1,-1,-1,-1,-1,21.701632,1,21.767168,0.933888,22.701056
162,64,64,-1,-1,-1,-1,-1,21.702656,1,21.768192,0.92672,22.694912
163,64,64,-1,-1,-1,-1,-1,21.704704,1,21.770241,0.939008,22.709249
164,64,64,-1,-1,-1,-1,-1,21.690369,1,21.748735,0.925696,22.674431
165,64,64,-1,-1,-1,-1,-1,21.697536,1,21.763071,0.927744,22.690815
166,64,64,-1,-1,-1,-1,-1,21.705729,1,21.770241,0.930816,22.701057
167,64,64,-1,-1,-1,-1,-1,21.686272,1,21.751808,0.924672,22.67648
168,64,64,-1,-1,-1,-1,-1,21.695488,1,21.751808,0.937984,22.689792
169,64,64,-1,-1,-1,-1,-1,21.713921,1,21.781504,0.92672,22.708224
170,64,64,-1,-1,-1,-1,-1,21.668863,1,21.7344,0.932864,22.667264
171,64,64,-1,-1,-1,-1,-1,21.718016,1,21.782528,0.933888,22.716416
172,64,64,-1,-1,-1,-1,-1,21.707775,1,21.76512,0.92672,22.69184
173,64,64,-1,-1,-1,-1,-1,21.716991,1,21.782528,0.933888,22.716416
174,64,64,-1,-1,-1,-1,-1,21.721088,1,21.786625,0.925696,22.712321
175,64,64,-1,-1,-1,-1,-1,21.714945,1,21.780479,0.925696,22.706175
176,64,64,-1,-1,-1,-1,-1,21.721088,1,21.786625,0.927744,22.714369
177,64,64,-1,-1,-1,-1,-1,21.716991,1,21.782528,0.928768,22.711296
178,64,64,-1,-1,-1,-1,-1,21.725183,1,21.79072,0.928768,22.719488
179,64,64,-1,-1,-1,-1,-1,21.738497,1,21.804031,0.925696,22.729727
180,64,64,-1,-1,-1,-1,-1,21.713921,1,21.771263,0.924672,22.695935
181,64,64,-1,-1,-1,-1,-1,21.715967,1,21.782528,0.929792,22.71232
182,64,64,-1,-1,-1,-1,-1,21.737473,1,21.801985,0.924672,22.726657
183,64,64,-1,-1,-1,-1,-1,21.748735,1,21.805056,0.925696,22.730752
184,64,64,-1,-1,-1,-1,-1,21.751808,1,21.818369,0.923648,22.742017
185,64,64,-1,-1,-1,-1,-1,21.736448,1,21.799936,0.927744,22.72768
186,64,64,-1,-1,-1,-1,-1,21.764095,1,21.82144,0.92672,22.74816
187,64,64,-1,-1,-1,-1,-1,21.767168,1,21.825537,0.925696,22.751233
188,64,64,-1,-1,-1,-1,-1,21.780479,1,21.837824,0.930816,22.76864
189,64,64,-1,-1,-1,-1,-1,21.791744,1,21.849089,0.92672,22.775809
190,64,64,-1,-1,-1,-1,-1,21.783552,1,21.849089,0.922624,22.771713
191,64,64,-1,-1,-1,-1,-1,21.770241,1,21.832705,0.923648,22.756353
192,64,64,-1,-1,-1,-1,-1,21.798912,1,21.865473,0.923648,22.789121
193,64,64,-1,-1,-1,-1,-1,21.801985,1,21.866495,0.925696,22.792191
194,64,64,-1,-1,-1,-1,-1,21.786625,1,21.85216,0.924672,22.776832
195,64,64,-1,-1,-1,-1,-1,21.79072,1,21.855232,0.935936,22.791168
196,64,64,-1,-1,-1,-1,-1,21.804031,1,21.868544,0.923648,22.792192
197,64,64,-1,-1,-1,-1,-1,21.823488,1,21.889025,0.929792,22.818817
198,64,64,-1,-1,-1,-1,-1,21.826559,1,21.891071,0.940032,22.831103
199,64,64,-1,-1,-1,-1,-1,21.839872,1,21.904385,0.928768,22.833153
200,64,64,-1,-1,-1,-1,-1,21.841921,1,21.898239,0.928768,22.827007
201,64,64,-1,-1,-1,-1,-1,21.81632,1,21.882879,0.927744,22.810623
202,64,64,-1,-1,-1,-1,-1,21.829632,1,21.895168,0.934912,22.83008
203,64,64,-1,-1,-1,-1,-1,21.843967,1,21.90848,0.929792,22.838272
204,64,64,-1,-1,-1,-1,-1,21.844992,1,21.907455,0.929792,22.837247
205,64,64,-1,-1,-1,-1,-1,21.864449,1,21.920769,0.933888,22.854657
206,64,64,-1,-1,-1,-1,-1,21.866495,1,21.931007,0.923648,22.854655
207,64,64,-1,-1,-1,-1,-1,21.85216,1,21.916672,0.940032,22.856704
208,64,64,-1,-1,-1,-1,-1,21.880833,1,21.944321,0.92672,22.871041
209,64,64,-1,-1,-1,-1,-1,21.89312,1,21.950464,0.934912,22.885376
210,64,64,-1,-1,-1,-1,-1,21.872641,1,21.928961,0.933888,22.862849
211,64,64,-1,-1,-1,-1,-1,21.894144,1,21.951488,0.927744,22.879232
212,64,64,-1,-1,-1,-1,-1,21.870592,1,21.936129,0.9216,22.857729
213,64,64,-1,-1,-1,-1,-1,21.913601,1,21.977089,0.928768,22.905857
214,64,64,-1,-1,-1,-1,-1,21.899263,1,21.955584,0.93184,22.887424
215,64,64,-1,-1,-1,-1,-1,21.910528,1,21.976065,0.927744,22.903809
216,64,64,-1,-1,-1,-1,-1,21.896193,1,21.960705,0.92672,22.887425
217,64,64,-1,-1,-1,-1,-1,21.928961,1,21.992449,0.925696,22.918145
218,64,64,-1,-1,-1,-1,-1,21.933056,1,21.998592,0.924672,22.923264
219,64,64,-1,-1,-1,-1,-1,21.917696,1,21.982208,0.93184,22.914048
220,64,64,-1,-1,-1,-1,-1,21.952513,1,22.007809,0.934912,22.942721
221,64,64,-1,-1,-1,-1,-1,21.960705,1,22.025215,0.923648,22.948863
222,64,64,-1,-1,-1,-1,-1,21.914623,1,21.979136,0.92672,22.905856
223,64,64,-1,-1,-1,-1,-1,21.945345,1,22.008833,0.93184,22.940673
224,64,64,-1,-1,-1,-1,-1,21.978111,1,22.043648,0.930816,22.974464
225,64,64,-1,-1,-1,-1,-1,21.960705,1,22.025215,0.92672,22.951935
226,64,64,-1,-1,-1,-1,-1,21.933056,1,21.997568,0.925696,22.923264
227,64,64,-1,-1,-1,-1,-1,21.963776,1,22.030336,0.924672,22.955008
228,64,64,-1,-1,-1,-1,-1,21.955584,1,22.02112,0.92672,22.94784
229,64,64,-1,-1,-1,-1,-1,21.986303,1,22.050816,0.925696,22.976512
230,64,64,-1,-1,-1,-1,-1,21.988352,1,22.053888,0.927744,22.981632
231,64,64,-1,-1,-1,-1,-1,21.986303,1,22.050816,0.934912,22.985728
232,64,64,-1,-1,-1,-1,-1,21.999617,1,22.063105,0.927744,22.990849
233,64,64,-1,-1,-1,-1,-1,22.006784,1,22.065151,0.927744,22.992895
234,64,64,-1,-1,-1,-1,-1,22.014977,1,22.081535,0.930816,23.012351
235,64,64,-1,-1,-1,-1,-1,22.022144,1,22.086657,0.930816,23.017473
236,64,64,-1,-1,-1,-1,-1,21.996544,1,22.061056,0.933888,22.994944
237,64,64,-1,-1,-1,-1,-1,22.017023,1,22.072321,0.92672,22.999041
238,64,1072,-1,-1,-1,-1,-1,-1,0,94.780418,0.933888,95.714306
239,64,64,-1,-1,-1,-1,-1,22.631424,1,22.688768,0.943104,23.631872
240,64,1071,-1,-1,-1,-1,-1,-1,0,95.519745,0.932864,96.452609
241,64,64,-1,-1,-1,-1,-1,22.662144,1,22.722561,0.93696,23.659521
242,64,64,-1,-1,-1,-1,-1,22.383615,1,22.452225,0.929792,23.382017
243,64,2080,-1,-1,-1,-1,-1,-1,0,158.36058,0.932864,159.293444
244,64,1072,-1,-1,-1,-1,-1,-1,0,96.866302,0.932864,97.799167
245,64,2080,-1,-1,-1,-1,-1,-1,0,160.198654,0.932864,161.131518
246,64,64,-1,-1,-1,-1,-1,22.588415,1,22.656,0.943104,23.599104
247,64,64,-1,-1,-1,-1,-1,22.321152,1,22.388737,0.943104,23.331841
248,64,3088,-1,-1,-1,-1,-1,-1,0,220.708862,0.943104,221.651966
249,64,1072,-1,-1,-1,-1,-1,-1,0,97.638397,0.933888,98.572285
250,64,3088,-1,-1,-1,-1,-1,-1,0,220.963837,0.944128,221.907965
251,64,2080,-1,-1,-1,-1,-1,-1,0,160.607239,0.935936,161.543175
252,64,1072,-1,-1,-1,-1,-1,-1,0,97.049599,0.934912,97.984511
253,64,4095,-1,-1,-1,-1,-1,-1,0,277.31662,0.9472,278.26382
254,64,2079,-1,-1,-1,-1,-1,-1,0,161.620987,0.933888,162.554875
255,64,64,-1,-1,-1,-1,-1,22.483969,1,22.551552,0.93184,23.483392
256,64,2080,-1,-1,-1,-1,-1,-1,0,159.328262,0.932864,160.261126
257,64,2080,-1,-1,-1,-1,-1,-1,0,160.013306,0.930816,160.944122
258,64,2080,-1,-1,-1,-1,-1,-1,0,161.032196,0.935936,161.968132
259,64,3088,-1,-1,-1,-1,-1,-1,0,222.434311,0.93696,223.371271
260,64,1071,-1,-1,-1,-1,-1,-1,0,96.686081,0.933888,97.619969
261,64,64,-1,-1,-1,-1,-1,22.385664,1,22.454271,0.94208,23.396351
262,64,1072,-1,-1,-1,-1,-1,-1,0,95.221764,0.933888,96.155652
263,64,1071,-1,-1,-1,-1,-1,-1,0,96.702461,0.939008,97.641469
264,64,2080,-1,-1,-1,-1,-1,-1,0,159.522812,0.93184,160.454652
265,64,4095,-1,-1,-1,-1,-1,-1,0,277.430267,0.941056,278.371323
266,64,2080,-1,-1,-1,-1,-1,-1,0,160.858109,0.937984,161.796093
267,64,2080,-1,-1,-1,-1,-1,-1,0,161.859589,0.937984,162.797573
268,64,2080,-1,-1,-1,-1,-1,-1,0,160.44339,0.935936,161.379326
269,64,1072,-1,-1,-1,-1,-1,-1,0,95.624191,0.943104,96.567295
270,64,2080,-1,-1,-1,-1,-1,-1,0,158.925827,0.932864,159.858691
271,64,2080,-1,-1,-1,-1,-1,-1,0,160.177155,0.932864,161.110019
272,64,64,-1,-1,-1,-1,-1,22.380545,1,22.449152,0.93696,23.386112
273,64,1072,-1,-1,-1,-1,-1,-1,0,94.373886,0.933888,95.307774
274,64,4096,-1,-1,-1,-1,-1,-1,0,279.931915,0.940032,280.871947
275,64,64,-1,-1,-1,-1,-1,22.520832,1,22.589439,0.948224,23.537663
276,64,1072,-1,-1,-1,-1,-1,-1,0,94.416893,0.93184,95.348733
277,64,64,-1,-1,-1,-1,-1,22.277121,1,22.343679,0.943104,23.286783
278,64,1072,-1,-1,-1,-1,-1,-1,0,94.215172,0.93184,95.147012
279,64,64,-1,-1,-1,-1,-1,22.303743,1,22.346752,0.944128,23.29088
280,64,1072,-1,-1,-1,-1,-1,-1,0,94.201859,0.934912,95.136771
281,64,64,-1,-1,-1,-1,-1,22.22592,1,22.293505,0.937984,23.231489
282,64,1072,-1,-1,-1,-1,-1,-1,0,94.170113,0.93184,95.101953
283,64,64,-1,-1,-1,-1,-1,22.200319,1,22.267904,0.943104,23.211008
284,64,1071,-1,-1,-1,-1,-1,-1,0,94.478333,0.932864,95.411197
285,64,64,-1,-1,-1,-1,-1,22.235136,1,22.302719,0.939008,23.241727
286,64,64,-1,-1,-1,-1,-1,21.956608,1,22.024193,0.932864,22.957057
287,64,64,-1,-1,-1,-1,-1,21.781504,1,21.848064,0.929792,22.777856
288,64,64,-1,-1,-1,-1,-1,21.726208,1,21.791744,0.927744,22.719488
289,64,2080,-1,-1,-1,-1,-1,-1,0,157.710342,0.935936,158.646278
290,64,64,-1,-1,-1,-1,-1,22.29248,1,22.360064,0.944128,23.304192
291,64,64,-1,-1,-1,-1,-1,22.035456,1,22.104065,0.930816,23.034881
292,64,64,-1,-1,-1,-1,-1,21.856256,1,21.914623,0.934912,22.849535
293,64,64,-1,-1,-1,-1,-1,21.766144,1,21.825537,0.928768,22.754305
294,64,64,-1,-1,-1,-1,-1,21.696512,1,21.762049,0.925696,22.687745
295,64,64,-1,-1,-1,-1,-1,21.695488,1,21.739519,0.927744,22.667263
296,64,64,-1,-1,-1,-1,-1,21.715967,1,21.773312,0.930816,22.704128
297,64,64,-1,-1,-1,-1,-1,21.675009,1,21.741568,0.933888,22.675456
298,64,64,-1,-1,-1,-1,-1,21.667839,1,21.733376,0.928768,22.662144
299,64,64,-1,-1,-1,-1,-1,21.644287,1,21.708799,0.93184,22.640639
300,64,64,-1,-1,-1,-1,-1,21.67808,1,21.743616,0.927744,22.67136
301,64,64,-1,-1,-1,-1,-1,21.670912,1,21.736448,0.920576,22.657024
302,64,64,-1,-1,-1,-1,-1,21.654528,1,21.720064,0.92672,22.646784
303,64,64,-1,-1,-1,-1,-1,21.655552,1,21.720064,0.930816,22.65088
304,64,64,-1,-1,-1,-1,-1,21.643265,1,21.701632,0.923648,22.62528
305,64,64,-1,-1,-1,-1,-1,21.663744,1,21.72928,0.929792,22.659072
306,64,64,-1,-1,-1,-1,-1,21.660671,1,21.726208,0.923648,22.649856
307,64,64,-1,-1,-1,-1,-1,21.666817,1,21.731327,0.930816,22.662143
308,64,64,-1,-1,-1,-1,-1,21.685247,1,21.74976,0.924672,22.674432
309,64,64,-1,-1,-1,-1,-1,21.68832,1,21.755903,0.940032,22.695935
310,64,64,-1,-1,-1,-1,-1,21.658625,1,21.724159,0.922624,22.646783
311,64,64,-1,-1,-1,-1,-1,21.682177,1,21.725183,0.933888,22.659072
312,64,64,-1,-1,-1,-1,-1,21.682177,1,21.747711,0.923648,22.671359
313,64,64,-1,-1,-1,-1,-1,21.680128,1,21.746689,0.924672,22.671361
314,64,64,-1,-1,-1,-1,-1,21.681152,1,21.747711,0.934912,22.682623
315,64,64,-1,-1,-1,-1,-1,21.684223,1,21.74976,0.925696,22.675456
316,64,64,-1,-1,-1,-1,-1,21.694464,1,21.758976,0.925696,22.684672
317,64,64,-1,-1,-1,-1,-1,21.70368,1,21.770241,0.925696,22.695937
318,64,64,-1,-1,-1,-1,-1,21.705729,1,21.771263,0.927744,22.699007
319,64,64,-1,-1,-1,-1,-1,21.714945,1,21.771263,0.925696,22.696959
320,64,64,-1,-1,-1,-1,-1,21.741568,1,21.798912,0.927744,22.726656
321,64,64,-1,-1,-1,-1,-1,21.711872,1,21.770241,0.92672,22.696961
322,64,64,-1,-1,-1,-1,-1,21.721088,1,21.786625,0.925696,22.712321
323,64,64,-1,-1,-1,-1,-1,21.748735,1,21.815296,0.93184,22.747136
324,64,64,-1,-1,-1,-1,-1,21.741568,1,21.808128,0.928768,22.736896
325,64,64,-1,-1,-1,-1,-1,21.74976,1,21.815296,0.937984,22.75328
326,64,64,-1,-1,-1,-1,-1,21.74464,1,21.810177,0.92672,22.736897
327,64,64,-1,-1,-1,-1,-1,21.763071,1,21.80608,0.941056,22.747136
328,64,64,-1,-1,-1,-1,-1,21.780479,1,21.846016,0.925696,22.771712
329,64,64,-1,-1,-1,-1,-1,21.762049,1,21.820415,0.924672,22.745088
330,64,64,-1,-1,-1,-1,-1,21.776384,1,21.840897,0.929792,22.770689
331,64,64,-1,-1,-1,-1,-1,21.789696,1,21.855232,0.930816,22.786048
332,64,64,-1,-1,-1,-1,-1,21.793793,1,21.850113,0.92672,22.776833
333,64,64,-1,-1,-1,-1,-1,21.774336,1,21.838848,0.934912,22.77376
334,64,64,-1,-1,-1,-1,-1,21.819391,1,21.882879,0.923648,22.806527
335,64,64,-1,-1,-1,-1,-1,21.800961,1,21.868544,0.927744,22.796288
336,64,64,-1,-1,-1,-1,-1,21.791744,1,21.858303,0.925696,22.783999
337,64,64,-1,-1,-1,-1,-1,21.803007,1,21.860352,0.93184,22.792192
338,64,64,-1,-1,-1,-1,-1,21.83168,1,21.898239,0.922624,22.820863
339,64,64,-1,-1,-1,-1,-1,21.798912,1,21.865473,0.925696,22.791169
340,64,64,-1,-1,-1,-1,-1,21.81632,1,21.880833,0.930816,22.811649
341,64,64,-1,-1,-1,-1,-1,21.819391,1,21.883904,0.928768,22.812671
342,64,64,-1,-1,-1,-1,-1,21.813248,1,21.878784,0.928768,22.807552
343,64,64,-1,-1,-1,-1,-1,21.81632,1,21.859327,0.929792,22.789119
344,64,64,-1,-1,-1,-1,-1,21.828608,1,21.889025,0.928768,22.817793
345,64,64,-1,-1,-1,-1,-1,21.849089,1,21.914623,0.928768,22.843391
346,64,64,-1,-1,-1,-1,-1,21.854208,1,21.921791,0.928768,22.850559
347,64,64,-1,-1,-1,-1,-1,21.858303,1,21.914623,0.93184,22.846463
348,64,64,-1,-1,-1,-1,-1,21.885952,1,21.952513,0.925696,22.878209
349,64,64,-1,-1,-1,-1,-1,21.858303,1,21.92384,0.927744,22.851584
350,64,64,-1,-1,-1,-1,-1,21.867519,1,21.93408,0.92672,22.8608
351,64,64,-1,-1,-1,-1,-1,21.855232,1,21.919744,0.939008,22.858752
352,64,1072,-1,-1,-1,-1,-1,-1,0,94.826492,0.933888,95.76038
353,64,64,-1,-1,-1,-1,-1,22.447104,1,22.514688,0.941056,23.455745
354,64,64,-1,-1,-1,-1,-1,22.233088,1,22.302719,0.935936,23.238655
355,64,64,-1,-1,-1,-1,-1,22.047745,1,22.115328,0.928768,23.044096
356,64,64,-1,-1,-1,-1,-1,21.97504,1,22.039553,0.930816,22.970369
357,64,64,-1,-1,-1,-1,-1,21.977089,1,22.041599,0.924672,22.966271
358,64,64,-1,-1,-1,-1,-1,21.974016,1,22.038528,0.924672,22.9632
359,64,64,-1,-1,-1,-1,-1,21.965824,1,22.008833,0.925696,22.934529
360,64,64,-1,-1,-1,-1,-1,21.907455,1,21.974016,0.927744,22.90176
361,64,64,-1,-1,-1,-1,-1,21.925888,1,21.991425,0.923648,22.915073
362,64,64,-1,-1,-1,-1,-1,21.92384,1,21.98016,0.9216,22.90176
363,64,1071,-1,-1,-1,-1,-1,-1,0,95.029251,0.935936,95.965187
364,64,64,-1,-1,-1,-1,-1,22.57408,1,22.641665,0.948224,23.589889
365,64,64,-1,-1,-1,-1,-1,22.262783,1,22.324224,0.932864,23.257088
366,64,64,-1,-1,-1,-1,-1,22.057983,1,22.117376,0.925696,23.043072
367,64,64,-1,-1,-1,-1,-1,21.996544,1,22.063105,0.930816,22.993921
368,64,64,-1,-1,-1,-1,-1,22.025215,1,22.090752,0.948224,23.038976
369,64,1072,-1,-1,-1,-1,-1,-1,0,95.22995,0.937984,96.167934
370,64,2080,-1,-1,-1,-1,-1,-1,0,160.467972,0.930816,161.398788
371,64,1071,-1,-1,-1,-1,-1,-1,0,96.898048,0.939008,97.837056
372,64,1072,-1,-1,-1,-1,-1,-1,0,96.790527,0.93184,97.722367
373,64,3087,-1,-1,-1,-1,-1,-1,0,221.845505,0.944128,222.789633
374,64,3088,-1,-1,-1,-1,-1,-1,0,225.260544,0.95232,226.212864
375,64,3088,-1,-1,-1,-1,-1,-1,0,224.313339,0.93696,225.250299
376,64,1072,-1,-1,-1,-1,-1,-1,0,97.388542,0.943104,98.331646
377,64,2080,-1,-1,-1,-1,-1,-1,0,160.907257,0.93696,161.844217
378,64,1072,-1,-1,-1,-1,-1,-1,0,97.234947,0.93184,98.166787
379,64,2080,-1,-1,-1,-1,-1,-1,0,160.580612,0.935936,161.516548
380,64,1072,-1,-1,-1,-1,-1,-1,0,96.537598,0.929792,97.46739
381,64,3087,-1,-1,-1,-1,-1,-1,0,222.075897,0.94208,223.017977
382,64,2080,-1,-1,-1,-1,-1,-1,0,163.477509,0.934912,164.412421
383,64,2080,-1,-1,-1,-1,-1,-1,0,161.380356,0.940032,162.320388
384,64,1071,-1,-1,-1,-1,-1,-1,0,96.295937,0.930816,97.226753
385,64,64,-1,-1,-1,-1,-1,22.378496,1,22.445057,0.939008,23.384065
386,64,1072,-1,-1,-1,-1,-1,-1,0,94.922752,0.94208,95.864832
387,64,4096,-1,-1,-1,-1,-1,-1,0,277.357574,0.93696,278.294534
388,64,64,-1,-1,-1,-1,-1,22.488064,1,22.555649,0.943104,23.498753
389,64,1072,-1,-1,-1,-1,-1,-1,0,95.022079,0.93696,95.959039
390,64,2080,-1,-1,-1,-1,-1,-1,0,162.505722,0.93696,163.442682
391,64,2079,-1,-1,-1,-1,-1,-1,0,160.749573,0.937984,161.687557
392,64,1072,-1,-1,-1,-1,-1,-1,0,97.002495,0.944128,97.946623
393,64,64,-1,-1,-1,-1,-1,22.434816,1,22.503424,0.949248,23.452672
394,64,2080,-1,-1,-1,-1,-1,-1,0,158.946304,0.940032,159.886336
395,64,2078,-1,-1,-1,-1,-1,-1,0,160.444412,0.935936,161.380348
396,64,64,-1,-1,-1,-1,-1,22.359039,1,22.426624,0.946176,23.3728
397,64,1072,-1,-1,-1,-1,-1,-1,0,95.082497,0.934912,96.017409
398,64,64,-1,-1,-1,-1,-1,22.346752,1,22.415359,0.939008,23.354367
399,64,1072,-1,-1,-1,-1,-1,-1,0,95.214592,0.934912,96.149504
400,64,2080,-1,-1,-1,-1,-1,-1,0,160.455673,0.933888,161.389561
401,64,1072,-1,-1,-1,-1,-1,-1,0,96.132095,0.93696,97.069055
402,64,64,-1,-1,-1,-1,-1,22.257664,1,22.324224,0.941056,23.26528
403,64,2080,-1,-1,-1,-1,-1,-1,0,160.212997,0.934912,161.147909
404,64,64,-1,-1,-1,-1,-1,22.38464,1,22.444033,0.941056,23.385089
405,64,2079,-1,-1,-1,-1,-1,-1,0,158.464005,0.934912,159.398917
406,64,2079,-1,-1,-1,-1,-1,-1,0,161.387527,0.95232,162.339847
407,64,2080,-1,-1,-1,-1,-1,-1,0,161.494019,0.946176,162.440195
408,64,1072,-1,-1,-1,-1,-1,-1,0,95.881218,0.939008,96.820226
409,64,64,-1,-1,-1,-1,-1,22.24128,1,22.311935,0.954368,23.266303
410,64,64,-1,-1,-1,-1,-1,21.99552,1,22.065151,0.935936,23.001087
411,64,64,-1,-1,-1,-1,-1,21.813248,1,21.881857,0.950272,22.832129
412,64,2064,-1,-1,-1,-1,-1,-1,0,158.941177,0.9472,159.888377
413,64,1072,-1,-1,-1,-1,-1,-1,0,96.033791,0.958464,96.992255
414,64,64,-1,-1,-1,-1,-1,22.204416,1,22.273024,0.958464,23.231488
415,64,64,-1,-1,-1,-1,-1,21.935104,1,22.00576,0.9472,22.95296
416,64,64,-1,-1,-1,-1,-1,21.788671,1,21.855232,0.933888,22.78912
417,64,64,-1,-1,-1,-1,-1,21.701632,1,21.769217,0.927744,22.696961
418,64,1072,-1,-1,-1,-1,-1,-1,0,94.467072,0.933888,95.40096
419,64,64,-1,-1,-1,-1,-1,22.370304,1,22.441984,0.950272,23.392256
420,64,64,-1,-1,-1,-1,-1,22.06208,1,22.130688,0.933888,23.064576
421,64,64,-1,-1,-1,-1,-1,21.838848,1,21.898239,0.950272,22.848511
422,64,64,-1,-1,-1,-1,-1,21.763071,1,21.832705,0.945152,22.777857
423,64,64,-1,-1,-1,-1,-1,21.685247,1,21.752832,0.940032,22.692864
424,64,64,-1,-1,-1,-1,-1,21.743616,1,21.811199,0.943104,22.754303
425,64,64,-1,-1,-1,-1,-1,21.732351,1,21.79072,0.943104,22.733824
426,64,64,-1,-1,-1,-1,-1,21.700607,1,21.767168,0.93184,22.699008
427,64,64,-1,-1,-1,-1,-1,21.66272,1,21.72928,0.925696,22.654976
428,64,64,-1,-1,-1,-1,-1,21.671936,1,21.739519,0.954368,22.693887
429,64,64,-1,-1,-1,-1,-1,21.639168,1,21.706753,0.9472,22.653953
430,64,64,-1,-1,-1,-1,-1,21.654528,1,21.711872,0.93696,22.648832
431,64,64,-1,-1,-1,-1,-1,21.639168,1,21.705729,0.935936,22.641665
432,64,64,-1,-1,-1,-1,-1,21.67296,1,21.732351,0.932864,22.665215
433,64,64,-1,-1,-1,-1,-1,21.64736,1,21.712896,0.930816,22.643712
434,64,64,-1,-1,-1,-1,-1,21.673985,1,21.740543,0.94208,22.682623
435,64,64,-1,-1,-1,-1,-1,21.665792,1,21.733376,0.933888,22.667264
436,64,64,-1,-1,-1,-1,-1,21.67296,1,21.731327,0.928768,22.660095
437,64,64,-1,-1,-1,-1,-1,21.673985,1,21.731327,0.948224,22.679551
438,64,64,-1,-1,-1,-1,-1,21.686272,1,21.755903,0.941056,22.696959
439,64,64,-1,-1,-1,-1,-1,21.702656,1,21.772287,0.945152,22.717439
440,64,64,-1,-1,-1,-1,-1,21.679104,1,21.745665,0.92672,22.672385
441,64,64,-1,-1,-1,-1,-1,21.683201,1,21.74976,0.940032,22.689792
442,64,64,-1,-1,-1,-1,-1,21.692415,1,21.757952,0.929792,22.687744
443,64,64,-1,-1,-1,-1,-1,21.698561,1,21.766144,0.925696,22.69184
444,64,64,-1,-1,-1,-1,-1,21.705729,1,21.772287,0.930816,22.703103
445,64,64,-1,-1,-1,-1,-1,21.68832,1,21.746689,0.92672,22.673409
446,64,64,-1,-1,-1,-1,-1,21.723137,1,21.791744,0.930816,22.72256
447,64,64,-1,-1,-1,-1,-1,21.701632,1,21.767168,0.930816,22.697984
448,64,64,-1,-1,-1,-1,-1,21.726208,1,21.784576,0.92672,22.711296
449,64,64,-1,-1,-1,-1,-1,21.735424,1,21.791744,0.923648,22.715392
450,64,64,-1,-1,-1,-1,-1,21.720064,1,21.784576,0.940032,22.724608
451,64,64,-1,-1,-1,-1,-1,21.747711,1,21.814272,0.939008,22.75328
452,64,64,-1,-1,-1,-1,-1,21.745665,1,21.812223,0.939008,22.751231
453,64,64,-1,-1,-1,-1,-1,21.76,1,21.825537,0.930816,22.756353
454,64,64,-1,-1,-1,-1,-1,21.76512,1,21.826559,0.932864,22.759423
455,64,64,-1,-1,-1,-1,-1,21.769217,1,21.834751,0.927744,22.762495
456,64,64,-1,-1,-1,-1,-1,21.76,1,21.825537,0.925696,22.751233
457,64,64,-1,-1,-1,-1,-1,21.773312,1,21.830656,0.927744,22.7584
458,64,64,-1,-1,-1,-1,-1,21.799936,1,21.866495,0.92672,22.793215
459,64,64,-1,-1,-1,-1,-1,21.789696,1,21.855232,0.92672,22.781952
460,64,64,-1,-1,-1,-1,-1,21.779455,1,21.837824,0.94208,22.779904
461,64,64,-1,-1,-1,-1,-1,21.783552,1,21.85216,0.934912,22.787072
462,64,64,-1,-1,-1,-1,-1,21.780479,1,21.846016,0.927744,22.77376
463,64,64,-1,-1,-1,-1,-1,21.791744,1,21.856256,0.93696,22.793216
464,64,64,-1,-1,-1,-1,-1,21.803007,1,21.870592,0.932864,22.803456
465,64,64,-1,-1,-1,-1,-1,21.805056,1,21.863424,0.944128,22.807552
466,64,64,-1,-1,-1,-1,-1,21.822464,1,21.889025,0.93696,22.825985
467,64,64,-1,-1,-1,-1,-1,21.822464,1,21.881857,0.92672,22.808577
468,64,64,-1,-1,-1,-1,-1,21.813248,1,21.879808,0.934912,22.81472
469,64,64,-1,-1,-1,-1,-1,21.834751,1,21.902336,0.93184,22.834176
470,64,64,-1,-1,-1,-1,-1,21.840897,1,21.907455,0.941056,22.848511
471,64,64,-1,-1,-1,-1,-1,21.840897,1,21.909504,0.930816,22.84032
472,64,64,-1,-1,-1,-1,-1,21.8368,1,21.904385,0.941056,22.845441
473,64,64,-1,-1,-1,-1,-1,21.858303,1,21.924864,0.92672,22.851584
474,64,64,-1,-1,-1,-1,-1,21.8624,1,21.931007,0.945152,22.876159
475,64,64,-1,-1,-1,-1,-1,21.855232,1,21.92384,0.93696,22.8608
476,64,64,-1,-1,-1,-1,-1,21.871616,1,21.942272,0.929792,22.872064
477,64,64,-1,-1,-1,-1,-1,21.885952,1,21.946367,0.932864,22.879231
478,64,64,-1,-1,-1,-1,-1,21.885952,1,21.952513,0.940032,22.892545
479,64,64,-1,-1,-1,-1,-1,21.871616,1,21.938175,0.94208,22.880255
480,64,64,-1,-1,-1,-1,-1,21.872641,1,21.931007,0.92672,22.857727
481,64,1072,-1,-1,-1,-1,-1,-1,0,95.281151,0.950272,96.231423
482,64,64,-1,-1,-1,-1,-1,22.585344,1,22.654976,0.940032,23.595008
483,64,64,-1,-1,-1,-1,-1,22.269953,1,22.336512,0.933888,23.2704
484,64,1072,-1,-1,-1,-1,-1,-1,0,95.291389,0.945152,96.236541
485,64,64,-1,-1,-1,-1,-1,22.491137,1,22.550528,0.960512,23.51104
486,64,64,-1,-1,-1,-1,-1,22.256639,1,22.325249,0.946176,23.271425
487,64,1072,-1,-1,-1,-1,-1,-1,0,95.707138,0.956416,96.663554
488,64,1072,-1,-1,-1,-1,-1,-1,0,97.162239,0.960512,98.122751
489,64,64,-1,-1,-1,-1,-1,22.48192,1,22.549503,0.95744,23.506943
490,64,1072,-1,-1,-1,-1,-1,-1,0,95.955971,0.946176,96.902147
491,64,1072,-1,-1,-1,-1,-1,-1,0,96.687103,0.951296,97.638399
492,64,64,-1,-1,-1,-1,-1,22.467585,1,22.534143,0.958464,23.492607
493,64,3088,-1,-1,-1,-1,-1,-1,0,222.658554,0.956416,223.61497
494,64,1072,-1,-1,-1,-1,-1,-1,0,97.476608,0.9472,98.423808
495,64,64,-1,-1,-1,-1,-1,22.537216,1,22.605824,0.955392,23.561216
496,64,64,-1,-1,-1,-1,-1,22.255615,1,22.324224,0.933888,23.258112
497,64,1072,-1,-1,-1,-1,-1,-1,0,95.197182,0.948224,96.145406
498,64,2080,-1,-1,-1,-1,-1,-1,0,161.382401,0.950272,162.332673
499,64,1072,-1,-1,-1,-1,-1,-1,0,97.318909,0.950272,98.269181
500,64,2080,-1,-1,-1,-1,-1,-1,0,161.214462,0.932864,162.147326
501,64,1072,-1,-1,-1,-1,-1,-1,0,97.090561,0.943104,98.033665
502,64,3087,-1,-1,-1,-1,-1,-1,0,222.377991,0.953344,223.331335
503,64,2080,-1,-1,-1,-1,-1,-1,0,164.609024,0.950272,165.559296
504,64,1072,-1,-1,-1,-1,-1,-1,0,97.188866,0.941056,98.129922
505,64,3087,-1,-1,-1,-1,-1,-1,0,222.70874,0.948224,223.656964
506,64,2080,-1,-1,-1,-1,-1,-1,0,161.750015,0.954368,162.704383
507,64,64,-1,-1,-1,-1,-1,22.46656,1,22.534143,0.9472,23.481343
508,64,64,-1,-1,-1,-1,-1,22.201344,1,22.269953,0.949248,23.219201
509,64,3088,-1,-1,-1,-1,-1,-1,0,220.765182,0.949248,221.714431
510,64,1072,-1,-1,-1,-1,-1,-1,0,97.171455,0.950272,98.121727
511,64,2080,-1,-1,-1,-1,-1,-1,0,160.802811,0.948224,161.751035
512,64,4094,-1,-1,-1,-1,-1,-1,0,278.232056,0.955392,279.187448
513,64,2080,-1,-1,-1,-1,-1,-1,0,161.804291,0.933888,162.738179
514,64,64,-1,-1,-1,-1,-1,22.478848,1,22.547457,0.96768,23.515137
515,64,2047,-1,-1,-1,-1,-1,-1,0,150.554626,0.951296,151.505922
516,64,1072,-1,-1,-1,-1,-1,-1,0,97.031166,0.943104,97.97427
517,64,1072,-1,-1,-1,-1,-1,-1,0,96.329727,0.943104,97.272831
518,64,1072,-1,-1,-1,-1,-1,-1,0,96.536575,0.935936,97.472511
519,64,64,-1,-1,-1,-1,-1,22.465536,1,22.533119,0.956416,23.489535
520,64,1071,-1,-1,-1,-1,-1,-1,0,95.59552,0.951296,96.546816
521,64,64,-1,-1,-1,-1,-1,22.378496,1,22.447104,0.954368,23.401471
522,64,64,-1,-1,-1,-1,-1,22.109184,1,22.176767,0.933888,23.110655
523,64,1072,-1,-1,-1,-1,-1,-1,0,94.535683,0.944128,95.479811
524,64,1072,-1,-1,-1,-1,-1,-1,0,96.302078,0.941056,97.243134
525,64,3088,-1,-1,-1,-1,-1,-1,0,223.282181,0.954368,224.236549
526,64,1072,-1,-1,-1,-1,-1,-1,0,97.273857,0.961536,98.235393
527,64,1072,-1,-1,-1,-1,-1,-1,0,95.989761,0.93696,96.926721
528,64,1072,-1,-1,-1,-1,-1,-1,0,95.413246,0.935936,96.349182
529,64,64,-1,-1,-1,-1,-1,22.2976,1,22.365185,0.954368,23.319553
530,64,64,-1,-1,-1,-1,-1,22.00576,1,22.072321,0.94208,23.014401
531,64,1072,-1,-1,-1,-1,-1,-1,0,95.188995,0.93696,96.125955
532,64,1072,-1,-1,-1,-1,-1,-1,0,96.773117,0.934912,97.708029
533,64,2080,-1,-1,-1,-1,-1,-1,0,160.761856,0.946176,161.708032
534,64,1072,-1,-1,-1,-1,-1,-1,0,95.762428,0.937984,96.700412
535,64,64,-1,-1,-1,-1,-1,22.260736,1,22.32832,0.973824,23.302144
536,64,1072,-1,-1,-1,-1,-1,-1,0,94.405632,0.932864,95.338496
537,64,64,-1,-1,-1,-1,-1,22.303743,1,22.371328,0.941056,23.312384
538,64,64,-1,-1,-1,-1,-1,22.049791,1,22.117376,0.932864,23.05024
539,64,64,-1,-1,-1,-1,-1,21.926912,1,21.993471,0.943104,22.936575
540,64,1072,-1,-1,-1,-1,-1,-1,0,94.437378,0.943104,95.380482
541,64,64,-1,-1,-1,-1,-1,22.309889,1,22.376448,0.945152,23.3216
542,64,64,-1,-1,-1,-1,-1,22.052864,1,22.121471,0.93696,23.058431
543,64,64,-1,-1,-1,-1,-1,21.829632,1,21.897217,0.929792,22.827009
544,64,64,-1,-1,-1,-1,-1,21.752832,1,21.809153,0.929792,22.738945
545,64,64,-1,-1,-1,-1,-1,21.779455,1,21.8368,0.94208,22.77888
546,64,64,-1,-1,-1,-1,-1,21.799936,1,21.866495,0.93184,22.798335
547,64,64,-1,-1,-1,-1,-1,21.732351,1,21.789696,0.939008,22.728704
548,64,1071,-1,-1,-1,-1,-1,-1,0,93.875198,0.948224,94.823422
549,64,1072,-1,-1,-1,-1,-1,-1,0,96.305153,0.935936,97.241089
550,64,64,-1,-1,-1,-1,-1,22.414335,1,22.480896,0.954368,23.435264
551,64,64,-1,-1,-1,-1,-1,22.034431,1,22.093824,0.95744,23.051264
552,64,64,-1,-1,-1,-1,-1,21.916672,1,21.985279,0.95232,22.937599
553,64,64,-1,-1,-1,-1,-1,21.788671,1,21.84704,0.94208,22.78912
554,64,64,-1,-1,-1,-1,-1,21.780479,1,21.846016,0.941056,22.787072
555,64,64,-1,-1,-1,-1,-1,21.747711,1,21.805056,0.928768,22.733824
556,64,64,-1,-1,-1,-1,-1,21.758976,1,21.824512,0.92672,22.751233
557,64,64,-1,-1,-1,-1,-1,21.714945,1,21.781504,0.943104,22.724608
558,64,64,-1,-1,-1,-1,-1,21.696512,1,21.762049,0.925696,22.687745
559,64,1072,-1,-1,-1,-1,-1,-1,0,94.232574,0.935936,95.16851
560,64,64,-1,-1,-1,-1,-1,22.4256,1,22.493183,0.959488,23.452671
561,64,64,-1,-1,-1,-1,-1,22.106112,1,22.174721,0.948224,23.122945
562,64,64,-1,-1,-1,-1,-1,21.942272,1,21.998592,0.934912,22.933504
563,64,64,-1,-1,-1,-1,-1,21.815296,1,21.881857,0.9472,22.829057
564,64,64,-1,-1,-1,-1,-1,21.770241,1,21.828608,0.943104,22.771712
565,64,64,-1,-1,-1,-1,-1,21.795839,1,21.854208,0.922624,22.776832
566,64,64,-1,-1,-1,-1,-1,21.796864,1,21.8624,0.929792,22.792192
567,64,64,-1,-1,-1,-1,-1,21.730305,1,21.795839,0.944128,22.739967
568,64,64,-1,-1,-1,-1,-1,21.724159,1,21.788671,0.924672,22.713344
569,64,64,-1,-1,-1,-1,-1,21.721088,1,21.784576,0.92672,22.711296
570,64,64,-1,-1,-1,-1,-1,21.726208,1,21.783552,0.92672,22.710272
571,64,64,-1,-1,-1,-1,-1,21.76512,1,21.822464,0.928768,22.751232
572,64,64,-1,-1,-1,-1,-1,21.780479,1,21.846016,0.925696,22.771712
573,64,64,-1,-1,-1,-1,-1,21.76512,1,21.830656,0.937984,22.76864
574,64,64,-1,-1,-1,-1,-1,21.772287,1,21.8368,0.925696,22.762496
575,64,64,-1,-1,-1,-1,-1,21.753857,1,21.820415,0.93184,22.752255
576,64,64,-1,-1,-1,-1,-1,21.773312,1,21.838848,0.922624,22.761472
577,64,64,-1,-1,-1,-1,-1,21.766144,1,21.823488,0.93696,22.760448
578,64,64,-1,-1,-1,-1,-1,21.745665,1,21.801985,0.945152,22.747137
579,64,64,-1,-1,-1,-1,-1,21.776384,1,21.832705,0.948224,22.780929
580,64,64,-1,-1,-1,-1,-1,21.771263,1,21.829632,0.924672,22.754304
581,64,64,-1,-1,-1,-1,-1,21.770241,1,21.835775,0.93696,22.772735
582,64,64,-1,-1,-1,-1,-1,21.773312,1,21.8368,0.923648,22.760448
583,64,64,-1,-1,-1,-1,-1,21.810177,1,21.867519,0.9472,22.814719
584,64,64,-1,-1,-1,-1,-1,21.791744,1,21.850113,0.930816,22.780929
585,64,64,-1,-1,-1,-1,-1,21.792768,1,21.857281,0.92672,22.784001
586,64,64,-1,-1,-1,-1,-1,21.827583,1,21.892096,0.927744,22.81984
587,64,64,-1,-1,-1,-1,-1,21.838848,1,21.905409,0.935936,22.841345
588,64,64,-1,-1,-1,-1,-1,21.825537,1,21.882879,0.932864,22.815743
589,64,64,-1,-1,-1,-1,-1,21.814272,1,21.880833,0.932864,22.813697
590,64,64,-1,-1,-1,-1,-1,21.83168,1,21.896193,0.930816,22.827009
591,64,64,-1,-1,-1,-1,-1,21.798912,1,21.856256,0.94208,22.798337
592,64,64,-1,-1,-1,-1,-1,21.835775,1,21.901312,0.928768,22.83008
593,64,64,-1,-1,-1,-1,-1,21.828608,1,21.894144,0.928768,22.822912
594,64,64,-1,-1,-1,-1,-1,21.878784,1,21.942272,0.950272,22.892544
595,64,64,-1,-1,-1,-1,-1,21.860352,1,21.926912,0.940032,22.866944
596,64,64,-1,-1,-1,-1,-1,21.858303,1,21.924864,0.929792,22.854656
597,64,64,-1,-1,-1,-1,-1,21.833729,1,21.899263,0.92672,22.825983
598,64,64,-1,-1,-1,-1,-1,21.872641,1,21.938175,0.925696,22.863871
599,64,64,-1,-1,-1,-1,-1,21.888,1,21.953535,0.941056,22.894591
600,64,64,-1,-1,-1,-1,-1,21.868544,1,21.935104,0.939008,22.874112
601,64,64,-1,-1,-1,-1,-1,21.897217,1,21.956608,0.924672,22.88128
602,64,64,-1,-1,-1,-1,-1,21.905409,1,21.971968,0.924672,22.89664
603,64,64,-1,-1,-1,-1,-1,21.886976,1,21.952513,0.928768,22.881281
604,64,64,-1,-1,-1,-1,-1,21.897217,1,21.953535,0.949248,22.902783
605,64,64,-1,-1,-1,-1,-1,21.911552,1,21.977089,0.939008,22.916097
606,64,64,-1,-1,-1,-1,-1,21.922815,1,21.987328,0.941056,22.928384
607,64,2079,-1,-1,-1,-1,-1,-1,0,159.850494,0.9472,160.797694
608,64,1072,-1,-1,-1,-1,-1,-1,0,97.179649,0.945152,98.124801
609,64,64,-1,-1,-1,-1,-1,22.545408,1,22.612991,0.944128,23.557119
610,64,1072,-1,-1,-1,-1,-1,-1,0,95.781891,0.933888,96.715779
611,64,64,-1,-1,-1,-1,-1,22.573055,1,22.64064,0.95744,23.59808
612,64,1072,-1,-1,-1,-1,-1,-1,0,95.851517,0.968704,96.820221
613,64,64,-1,-1,-1,-1,-1,22.577152,1,22.636543,0.953344,23.589887
614,64,3087,-1,-1,-1,-1,-1,-1,0,221.740036,0.949248,222.689284
615,64,64,-1,-1,-1,-1,-1,22.663168,1,22.731775,0.949248,23.681023
616,64,1071,-1,-1,-1,-1,-1,-1,0,96.342018,0.950272,97.29229
617,64,1072,-1,-1,-1,-1,-1,-1,0,97.728516,0.94208,98.670596
618,64,64,-1,-1,-1,-1,-1,22.535168,1,22.603777,0.94208,23.545857
619,64,1072,-1,-1,-1,-1,-1,-1,0,95.817726,0.948224,96.76595
620,64,64,-1,-1,-1,-1,-1,22.491137,1,22.55872,0.956416,23.515136
621,64,64,-1,-1,-1,-1,-1,22.258688,1,22.32832,0.940032,23.268352
622,64,1072,-1,-1,-1,-1,-1,-1,0,95.711235,0.932864,96.644099
623,64,1072,-1,-1,-1,-1,-1,-1,0,96.905212,0.932864,97.838076
624,64,64,-1,-1,-1,-1,-1,22.448128,1,22.515713,0.945152,23.460865
625,64,1072,-1,-1,-1,-1,-1,-1,0,95.580162,0.932864,96.513026
626,64,1072,-1,-1,-1,-1,-1,-1,0,96.939011,0.934912,97.873923
627,64,1072,-1,-1,-1,-1,-1,-1,0,97.697792,0.940032,98.637824
628,64,64,-1,-1,-1,-1,-1,22.545408,1,22.612991,0.941056,23.554047
629,64,64,-1,-1,-1,-1,-1,22.203392,1,22.270975,0.932864,23.203839
630,64,1072,-1,-1,-1,-1,-1,-1,0,95.129601,0.935936,96.065536
631,64,1072,-1,-1,-1,-1,-1,-1,0,97.323006,0.930816,98.253822
632,64,3088,-1,-1,-1,-1,-1,-1,0,224.356354,0.940032,225.296386
633,64,64,-1,-1,-1,-1,-1,22.631424,1,22.700031,0.9472,23.647231
634,64,2080,-1,-1,-1,-1,-1,-1,0,160.528381,0.935936,161.464317
635,64,1072,-1,-1,-1,-1,-1,-1,0,96.964607,0.932864,97.897471
636,64,1072,-1,-1,-1,-1,-1,-1,0,96.306175,0.933888,97.240063
637,64,4096,-1,-1,-1,-1,-1,-1,0,280.934387,0.94208,281.876467
638,64,64,-1,-1,-1,-1,-1,22.566912,1,22.634497,0.941056,23.575553
639,64,64,-1,-1,-1,-1,-1,22.242304,1,22.310911,0.932864,23.243775
640,64,2032,-1,-1,-1,-1,-1,-1,0,151.58989,0.93696,152.52685
641,64,1072,-1,-1,-1,-1,-1,-1,0,96.941055,0.939008,97.880063
642,64,2080,-1,-1,-1,-1,-1,-1,0,160.976898,0.937984,161.914882
643,64,2080,-1,-1,-1,-1,-1,-1,0,160.877563,0.933888,161.811451
644,64,2080,-1,-1,-1,-1,-1,-1,0,161.980423,0.939008,162.919431
645,64,2080,-1,-1,-1,-1,-1,-1,0,162.406403,0.943104,163.349507
646,64,1072,-1,-1,-1,-1,-1,-1,0,97.424385,0.939008,98.363393
647,64,3088,-1,-1,-1,-1,-1,-1,0,223.185913,0.94208,224.127993
648,64,1072,-1,-1,-1,-1,-1,-1,0,97.172478,0.935936,98.108414
649,64,64,-1,-1,-1,-1,-1,22.478848,1,22.545408,0.939008,23.484416
650,64,1072,-1,-1,-1,-1,-1,-1,0,95.065086,0.934912,95.999998
651,64,2080,-1,-1,-1,-1,-1,-1,0,160.267258,0.932864,161.200122
652,64,3088,-1,-1,-1,-1,-1,-1,0,222.20903,0.939008,223.148038
653,64,2080,-1,-1,-1,-1,-1,-1,0,161.219589,0.933888,162.153477
654,64,64,-1,-1,-1,-1,-1,22.398975,1,22.46656,0.9472,23.41376
655,64,64,-1,-1,-1,-1,-1,22.013952,1,22.084608,0.928768,23.013376
656,64,1072,-1,-1,-1,-1,-1,-1,0,94.428162,0.93696,95.365122
657,64,2080,-1,-1,-1,-1,-1,-1,0,161.556473,0.93696,162.493433
658,64,1072,-1,-1,-1,-1,-1,-1,0,96.29184,0.935936,97.227776
659,64,1072,-1,-1,-1,-1,-1,-1,0,96.419838,0.935936,97.355774
660,64,64,-1,-1,-1,-1,-1,22.362112,1,22.429695,0.945152,23.374847
661,64,64,-1,-1,-1,-1,-1,22.037504,1,22.104065,0.93696,23.041025
662,64,64,-1,-1,-1,-1,-1,21.826559,1,21.894144,0.932864,22.827008
663,64,64,-1,-1,-1,-1,-1,21.723137,1,21.789696,0.925696,22.715392
664,64,64,-1,-1,-1,-1,-1,21.733376,1,21.79072,0.930816,22.721536
665,64,64,-1,-1,-1,-1,-1,21.76,1,21.825537,0.930816,22.756353
666,64,64,-1,-1,-1,-1,-1,21.751808,1,21.81632,0.92672,22.74304
667,64,64,-1,-1,-1,-1,-1,21.697536,1,21.76512,0.93184,22.69696
668,64,64,-1,-1,-1,-1,-1,21.699583,1,21.76512,0.930816,22.695936
669,64,64,-1,-1,-1,-1,-1,21.725183,1,21.782528,0.932864,22.715392
670,64,64,-1,-1,-1,-1,-1,21.710848,1,21.767168,0.935936,22.703104
671,64,64,-1,-1,-1,-1,-1,21.714945,1,21.781504,0.92672,22.708224
672,64,64,-1,-1,-1,-1,-1,21.715967,1,21.780479,0.937984,22.718463
673,64,1072,-1,-1,-1,-1,-1,-1,0,94.231552,0.94208,95.173632
674,64,64,-1,-1,-1,-1,-1,22.404097,1,22.47168,0.94208,23.41376
675,64,1072,-1,-1,-1,-1,-1,-1,0,94.927872,0.939008,95.86688
676,64,1071,-1,-1,-1,-1,-1,-1,0,96.326653,0.939008,97.265661
677,64,64,-1,-1,-1,-1,-1,22.426624,1,22.495232,0.943104,23.438336
678,64,64,-1,-1,-1,-1,-1,22.086657,1,22.155264,0.93184,23.087104
679,64,64,-1,-1,-1,-1,-1,21.905409,1,21.971968,0.929792,22.90176
680,64,64,-1,-1,-1,-1,-1,21.82144,1,21.888,0.928768,22.816768
681,64,64,-1,-1,-1,-1,-1,21.777409,1,21.842943,0.930816,22.773759
682,64,1072,-1,-1,-1,-1,-1,-1,0,94.646271,0.935936,95.582207
683,64,1072,-1,-1,-1,-1,-1,-1,0,96.505859,0.934912,97.440771
684,64,64,-1,-1,-1,-1,-1,22.38464,1,22.444033,0.935936,23.379969
685,64,64,-1,-1,-1,-1,-1,22.08256,1,22.140928,0.933888,23.074816
686,64,1072,-1,-1,-1,-1,-1,-1,0,93.975555,0.93696,94.912515
687,64,64,-1,-1,-1,-1,-1,22.288383,1,22.356993,0.950272,23.307265
688,64,64,-1,-1,-1,-1,-1,21.992449,1,22.060032,0.932864,22.992896
689,64,64,-1,-1,-1,-1,-1,21.900288,1,21.966848,0.929792,22.89664
690,64,64,-1,-1,-1,-1,-1,21.829632,1,21.886976,0.939008,22.825984
691,64,64,-1,-1,-1,-1,-1,21.787647,1,21.854208,0.93184,22.786048
692,64,64,-1,-1,-1,-1,-1,21.81632,1,21.882879,0.929792,22.812671
693,64,64,-1,-1,-1,-1,-1,21.798912,1,21.864449,0.925696,22.790145
694,64,64,-1,-1,-1,-1,-1,21.735424,1,21.800961,0.93184,22.732801
695,64,64,-1,-1,-1,-1,-1,21.718016,1,21.783552,0.93184,22.715392
696,64,64,-1,-1,-1,-1,-1,21.747711,1,21.814272,0.934912,22.749184
697,64,64,-1,-1,-1,-1,-1,21.700607,1,21.766144,0.925696,22.69184
698,64,64,-1,-1,-1,-1,-1,21.755903,1,21.818369,0.927744,22.746113
699,64,64,-1,-1,-1,-1,-1,21.736448,1,21.803007,0.922624,22.725631
700,64,64,-1,-1,-1,-1,-1,21.742592,1,21.808128,0.932864,22.740992
701,64,64,-1,-1,-1,-1,-1,21.739519,1,21.805056,0.925696,22.730752
702,64,64,-1,-1,-1,-1,-1,21.77536,1,21.840897,0.935936,22.776833
703,64,64,-1,-1,-1,-1,-1,21.763071,1,21.827583,0.929792,22.757375
704,64,64,-1,-1,-1,-1,-1,21.752832,1,21.819391,0.925696,22.745087
705,64,64,-1,-1,-1,-1,-1,21.764095,1,21.828608,0.925696,22.754304
706,64,64,-1,-1,-1,-1,-1,21.779455,1,21.844992,0.922624,22.767616
707,64,64,-1,-1,-1,-1,-1,21.76,1,21.826559,0.925696,22.752255
708,64,64,-1,-1,-1,-1,-1,21.789696,1,21.853184,0.923648,22.776832
709,64,64,-1,-1,-1,-1,-1,21.788671,1,21.844992,0.924672,22.769664
710,64,64,-1,-1,-1,-1,-1,21.786625,1,21.843967,0.922624,22.766591
711,64,64,-1,-1,-1,-1,-1,21.801985,1,21.858303,0.925696,22.783999
712,64,64,-1,-1,-1,-1,-1,21.784576,1,21.841921,0.93184,22.773761
713,64,64,-1,-1,-1,-1,-1,21.813248,1,21.878784,0.925696,22.80448
714,64,64,-1,-1,-1,-1,-1,21.822464,1,21.888,0.923648,22.811648
715,64,64,-1,-1,-1,-1,-1,21.81632,1,21.880833,0.927744,22.808577
716,64,64,-1,-1,-1,-1,-1,21.813248,1,21.87776,0.927744,22.805504
717,64,64,-1,-1,-1,-1,-1,21.827583,1,21.89312,0.924672,22.817792
718,64,64,-1,-1,-1,-1,-1,21.807104,1,21.864449,0.930816,22.795265
719,64,64,-1,-1,-1,-1,-1,21.83168,1,21.896193,0.93184,22.828033
720,64,64,-1,-1,-1,-1,-1,21.835775,1,21.89312,0.930816,22.823936
721,64,64,-1,-1,-1,-1,-1,21.826559,1,21.881857,0.924672,22.806529
722,64,64,-1,-1,-1,-1,-1,21.856256,1,21.921791,0.929792,22.851583
723,64,64,-1,-1,-1,-1,-1,21.855232,1,21.920769,0.928768,22.849537
724,64,64,-1,-1,-1,-1,-1,21.840897,1,21.906431,0.923648,22.830079
725,64,1072,-1,-1,-1,-1,-1,-1,0,95.082497,0.937984,96.020481
726,64,64,-1,-1,-1,-1,-1,22.575104,1,22.642689,0.9472,23.589889
727,64,64,-1,-1,-1,-1,-1,22.242304,1,22.310911,0.93184,23.242751
728,64,64,-1,-1,-1,-1,-1,22.074368,1,22.132736,0.93696,23.069696
729,64,64,-1,-1,-1,-1,-1,21.986303,1,22.043648,0.927744,22.971392
730,64,64,-1,-1,-1,-1,-1,21.948416,1,22.014977,0.932864,22.947841
731,64,64,-1,-1,-1,-1,-1,21.979136,1,22.045696,0.934912,22.980608
732,64,1072,-1,-1,-1,-1,-1,-1,0,95.46035,0.937984,96.398334
733,64,64,-1,-1,-1,-1,-1,22.518784,1,22.587393,0.94208,23.529473
734,64,64,-1,-1,-1,-1,-1,22.305792,1,22.373377,0.933888,23.307265
735,64,1072,-1,-1,-1,-1,-1,-1,0,95.475716,0.937984,96.4137
736,64,64,-1,-1,-1,-1,-1,22.575104,1,22.642689,0.948224,23.590913
737,64,64,-1,-1,-1,-1,-1,22.336512,1,22.405121,0.940032,23.345153
738,64,1072,-1,-1,-1,-1,-1,-1,0,95.625214,0.933888,96.559102
739,64,64,-1,-1,-1,-1,-1,22.596607,1,22.664192,0.945152,23.609344
740,64,1071,-1,-1,-1,-1,-1,-1,0,95.807487,0.944128,96.751615
741,64,64,-1,-1,-1,-1,-1,22.569984,1,22.638592,0.94208,23.580672
742,64,64,-1,-1,-1,-1,-1,22.348801,1,22.409216,0.937984,23.3472
743,64,3088,-1,-1,-1,-1,-1,-1,0,221.070343,0.939008,222.009351
744,64,1072,-1,-1,-1,-1,-1,-1,0,97.820671,0.937984,98.758655
745,64,64,-1,-1,-1,-1,-1,22.591488,1,22.658049,0.944128,23.602177
746,64,1072,-1,-1,-1,-1,-1,-1,0,95.811584,0.930816,96.7424
747,64,1072,-1,-1,-1,-1,-1,-1,0,97.072128,0.94208,98.014208
748,64,2080,-1,-1,-1,-1,-1,-1,0,162.776062,0.93696,163.713022
749,64,3087,-1,-1,-1,-1,-1,-1,0,222.856186,0.937984,223.79417
750,64,64,-1,-1,-1,-1,-1,22.679552,1,22.747135,0.946176,23.693311
751,64,2063,-1,-1,-1,-1,-1,-1,0,160.189438,0.934912,161.12435
752,64,64,-1,-1,-1,-1,-1,22.531073,1,22.598656,0.937984,23.53664
753,64,1072,-1,-1,-1,-1,-1,-1,0,95.799294,0.937984,96.737278
754,64,64,-1,-1,-1,-1,-1,22.563841,1,22.632448,0.935936,23.568384
755,64,1072,-1,-1,-1,-1,-1,-1,0,95.451134,0.934912,96.386046
756,64,1072,-1,-1,-1,-1,-1,-1,0,96.25293,0.93184,97.18477
757,64,1071,-1,-1,-1,-1,-1,-1,0,96.663551,0.93184,97.595391
758,64,64,-1,-1,-1,-1,-1,22.518784,1,22.586369,0.944128,23.530497
759,64,1072,-1,-1,-1,-1,-1,-1,0,96.097282,0.941056,97.038338
760,64,1072,-1,-1,-1,-1,-1,-1,0,96.916481,0.935936,97.852417
761,64,3087,-1,-1,-1,-1,-1,-1,0,224.130051,0.944128,225.074179
762,64,64,-1,-1,-1,-1,-1,22.510592,1,22.572033,0.937984,23.510017
763,64,3088,-1,-1,-1,-1,-1,-1,0,221.145081,0.940032,222.085113
764,64,1072,-1,-1,-1,-1,-1,-1,0,97.25235,0.934912,98.187262
765,64,1072,-1,-1,-1,-1,-1,-1,0,96.140289,0.935936,97.076225
766,64,1072,-1,-1,-1,-1,-1,-1,0,96.011261,0.93696,96.948221
767,64,2080,-1,-1,-1,-1,-1,-1,0,161.521667,0.93696,162.458627
768,64,4096,-1,-1,-1,-1,-1,-1,0,280.003571,0.944128,280.947699
769,64,64,-1,-1,-1,-1,-1,22.559744,1,22.628351,0.94208,23.570431
770,64,2079,-1,-1,-1,-1,-1,-1,0,160.42804,0.937984,161.366024
771,64,2080,-1,-1,-1,-1,-1,-1,0,160.738297,0.933888,161.672185
772,64,64,-1,-1,-1,-1,-1,22.388737,1,22.45632,0.944128,23.400448
773,64,2079,-1,-1,-1,-1,-1,-1,0,159.637497,0.934912,160.572409
774,64,1072,-1,-1,-1,-1,-1,-1,0,96.704514,0.932864,97.637378
775,64,1072,-1,-1,-1,-1,-1,-1,0,95.693825,0.93696,96.630785
776,64,64,-1,-1,-1,-1,-1,22.306816,1,22.375423,0.93696,23.312383
777,64,64,-1,-1,-1,-1,-1,22.037504,1,22.096895,0.930816,23.027711
778,64,1072,-1,-1,-1,-1,-1,-1,0,94.6688,0.941056,95.609856
779,64,2079,-1,-1,-1,-1,-1,-1,0,161.928192,0.929792,162.857984
780,64,64,-1,-1,-1,-1,-1,22.38464,1,22.445057,0.943104,23.388161
781,64,2080,-1,-1,-1,-1,-1,-1,0,159.365128,0.940032,160.30516
782,64,64,-1,-1,-1,-1,-1,22.446079,1,22.513664,0.946176,23.45984
783,64,64,-1,-1,-1,-1,-1,22.078465,1,22.136831,0.932864,23.069695
784,64,2080,-1,-1,-1,-1,-1,-1,0,158.315521,0.935936,159.251457
785,64,64,-1,-1,-1,-1,-1,22.333441,1,22.4,0.939008,23.339008
786,64,64,-1,-1,-1,-1,-1,22.104065,1,22.171648,0.932864,23.104512
787,64,64,-1,-1,-1,-1,-1,21.8624,1,21.920769,0.934912,22.855681
788,64,64,-1,-1,-1,-1,-1,21.774336,1,21.839872,0.939008,22.77888
789,64,1072,-1,-1,-1,-1,-1,-1,0,94.654465,0.939008,95.593473
790,64,64,-1,-1,-1,-1,-1,22.375423,1,22.443008,0.93696,23.379968
791,64,1072,-1,-1,-1,-1,-1,-1,0,94.857216,0.939008,95.796224
792,64,64,-1,-1,-1,-1,-1,22.360064,1,22.427649,0.949248,23.376897
793,64,64,-1,-1,-1,-1,-1,22.084608,1,22.153215,0.93696,23.090175
794,64,64,-1,-1,-1,-1,-1,21.840897,1,21.90848,0.93184,22.84032
795,64,2080,-1,-1,-1,-1,-1,-1,0,158.330887,0.934912,159.265799
796,64,64,-1,-1,-1,-1,-1,22.417408,1,22.484991,0.944128,23.429119
797,64,1071,-1,-1,-1,-1,-1,-1,0,94.903297,0.935936,95.839233
798,64,1072,-1,-1,-1,-1,-1,-1,0,96.169983,0.932864,97.102847
799,64,64,-1,-1,-1,-1,-1,22.302719,1,22.371328,0.943104,23.314432
800,64,64,-1,-1,-1,-1,-1,22.072321,1,22.139904,0.933888,23.073792
801,64,64,-1,-1,-1,-1,-1,21.854208,1,21.911552,0.92672,22.838272
802,64,64,-1,-1,-1,-1,-1,21.763071,1,21.827583,0.93184,22.759423
803,64,64,-1,-1,-1,-1,-1,21.771263,1,21.828608,0.932864,22.761472
804,64,64,-1,-1,-1,-1,-1,21.773312,1,21.837824,0.92672,22.764544
805,64,64,-1,-1,-1,-1,-1,21.739519,1,21.80608,0.925696,22.731776
806,64,1072,-1,-1,-1,-1,-1,-1,0,94.265343,0.93696,95.202303
807,64,64,-1,-1,-1,-1,-1,22.388737,1,22.457344,0.940032,23.397376
808,64,2080,-1,-1,-1,-1,-1,-1,0,159.153152,0.937984,160.091136
809,64,64,-1,-1,-1,-1,-1,22.329344,1,22.395905,0.940032,23.335937
810,64,64,-1,-1,-1,-1,-1,22.109184,1,22.176767,0.944128,23.120895
811,64,64,-1,-1,-1,-1,-1,21.900288,1,21.966848,0.933888,22.900736
812,64,64,-1,-1,-1,-1,-1,21.800961,1,21.867519,0.930816,22.798335
813,64,64,-1,-1,-1,-1,-1,21.758976,1,21.827583,0.932864,22.760447
814,64,64,-1,-1,-1,-1,-1,21.752832,1,21.810177,0.93184,22.742017
815,64,1072,-1,-1,-1,-1,-1,-1,0,94.419968,0.934912,95.35488
816,64,64,-1,-1,-1,-1,-1,22.435841,1,22.496256,0.945152,23.441408
817,64,64,-1,-1,-1,-1,-1,22.116352,1,22.183935,0.93184,23.115775
818,64,64,-1,-1,-1,-1,-1,21.968897,1,22.035456,0.933888,22.969344
819,64,64,-1,-1,-1,-1,-1,21.857281,1,21.915648,0.930816,22.846464
820,64,64,-1,-1,-1,-1,-1,21.783552,1,21.850113,0.935936,22.786049
821,64,64,-1,-1,-1,-1,-1,21.795839,1,21.861376,0.928768,22.790144
822,64,64,-1,-1,-1,-1,-1,21.787647,1,21.853184,0.93184,22.785024
823,64,64,-1,-1,-1,-1,-1,21.746689,1,21.805056,0.934912,22.739968
824,64,64,-1,-1,-1,-1,-1,21.725183,1,21.791744,0.929792,22.721536
825,64,64,-1,-1,-1,-1,-1,21.732351,1,21.797888,0.923648,22.721536
826,64,64,-1,-1,-1,-1,-1,21.751808,1,21.809153,0.927744,22.736897
827,64,64,-1,-1,-1,-1,-1,21.753857,1,21.819391,0.930816,22.750207
828,64,64,-1,-1,-1,-1,-1,21.746689,1,21.813248,0.927744,22.740992
829,64,64,-1,-1,-1,-1,-1,21.732351,1,21.797888,0.93696,22.734848
830,64,64,-1,-1,-1,-1,-1,21.730305,1,21.794815,0.925696,22.720511
831,64,64,-1,-1,-1,-1,-1,21.757952,1,21.824512,0.927744,22.752256
832,64,64,-1,-1,-1,-1,-1,21.791744,1,21.857281,0.922624,22.779905
833,64,64,-1,-1,-1,-1,-1,21.773312,1,21.829632,0.928768,22.7584
834,64,64,-1,-1,-1,-1,-1,21.778433,1,21.842943,0.923648,22.766591
835,64,64,-1,-1,-1,-1,-1,21.771263,1,21.8368,0.92672,22.76352
836,64,64,-1,-1,-1,-1,-1,21.800961,1,21.857281,0.928768,22.786049
837,64,64,-1,-1,-1,-1,-1,21.788671,1,21.854208,0.923648,22.777856
838,64,64,-1,-1,-1,-1,-1,21.823488,1,21.886976,0.923648,22.810624
839,64,64,-1,-1,-1,-1,-1,21.795839,1,21.8624,0.94208,22.80448
840,64,64,-1,-1,-1,-1,-1,21.804031,1,21.861376,0.924672,22.786048
841,64,64,-1,-1,-1,-1,-1,21.80608,1,21.870592,0.928768,22.79936
842,64,64,-1,-1,-1,-1,-1,21.81632,1,21.873665,0.934912,22.808577
843,64,64,-1,-1,-1,-1,-1,21.81632,1,21.882879,0.928768,22.811647
844,64,64,-1,-1,-1,-1,-1,21.823488,1,21.889025,0.918528,22.807553
845,64,64,-1,-1,-1,-1,-1,21.824512,1,21.891071,0.930816,22.821887
846,64,64,-1,-1,-1,-1,-1,21.843967,1,21.90848,0.924672,22.833152
847,64,64,-1,-1,-1,-1,-1,21.838848,1,21.90336,0.93184,22.8352
848,64,64,-1,-1,-1,-1,-1,21.8368,1,21.902336,0.930816,22.833152
849,64,64,-1,-1,-1,-1,-1,21.857281,1,21.920769,0.923648,22.844417
850,64,64,-1,-1,-1,-1,-1,21.850113,1,21.913601,0.92672,22.840321
851,64,64,-1,-1,-1,-1,-1,21.865473,1,21.932032,0.929792,22.861824
852,64,64,-1,-1,-1,-1,-1,21.87776,1,21.942272,0.9216,22.863872
853,64,64,-1,-1,-1,-1,-1,21.872641,1,21.938175,0.929792,22.867967
854,64,1071,-1,-1,-1,-1,-1,-1,0,95.195137,0.940032,96.135169
855,64,1072,-1,-1,-1,-1,-1,-1,0,96.901123,0.929792,97.830915
856,64,1072,-1,-1,-1,-1,-1,-1,0,96.543747,0.939008,97.482755
857,64,2079,-1,-1,-1,-1,-1,-1,0,160.967682,0.937984,161.905666
858,64,64,-1,-1,-1,-1,-1,22.514688,1,22.57408,0.944128,23.518207
859,64,64,-1,-1,-1,-1,-1,22.260736,1,22.32832,0.937984,23.266304
860,64,1072,-1,-1,-1,-1,-1,-1,0,95.206398,0.941056,96.147454
861,64,64,-1,-1,-1,-1,-1,22.498304,1,22.566912,0.941056,23.507968
862,64,1072,-1,-1,-1,-1,-1,-1,0,96.417793,0.937984,97.355777
863,64,64,-1,-1,-1,-1,-1,22.517759,1,22.58432,0.94208,23.5264
864,64,64,-1,-1,-1,-1,-1,22.25152,1,22.319103,0.939008,23.258111
865,64,2080,-1,-1,-1,-1,-1,-1,0,160.710663,0.939008,161.649671
866,64,64,-1,-1,-1,-1,-1,22.61504,1,22.683647,0.946176,23.629823
867,64,1072,-1,-1,-1,-1,-1,-1,0,95.681534,0.935936,96.61747
868,64,64,-1,-1,-1,-1,-1,22.522881,1,22.587393,0.945152,23.532545
869,64,1072,-1,-1,-1,-1,-1,-1,0,95.584259,0.935936,96.520195
870,64,64,-1,-1,-1,-1,-1,22.462463,1,22.530048,0.953344,23.483392
871,64,64,-1,-1,-1,-1,-1,22.224895,1,22.293505,0.939008,23.232513
872,64,64,-1,-1,-1,-1,-1,22.01088,1,22.070272,0.929792,23.000064
873,64,2080,-1,-1,-1,-1,-1,-1,0,159.250427,0.946176,160.196603
874,64,2080,-1,-1,-1,-1,-1,-1,0,161.277954,0.934912,162.212866
875,64,1072,-1,-1,-1,-1,-1,-1,0,97.340416,0.941056,98.281472
876,64,64,-1,-1,-1,-1,-1,22.641665,1,22.709248,0.943104,23.652352
877,64,1072,-1,-1,-1,-1,-1,-1,0,96.11776,0.940032,97.057792
878,64,1071,-1,-1,-1,-1,-1,-1,0,97.818626,0.934912,98.753538
879,64,3087,-1,-1,-1,-1,-1,-1,0,223.057922,0.935936,223.993858
880,64,64,-1,-1,-1,-1,-1,22.788095,1,22.856705,0.956416,23.813121
881,64,64,-1,-1,-1,-1,-1,22.303743,1,22.372353,0.940032,23.312385
882,64,2080,-1,-1,-1,-1,-1,-1,0,159.285248,0.930816,160.216064
883,64,64,-1,-1,-1,-1,-1,22.482944,1,22.549503,0.93184,23.481343
884,64,64,-1,-1,-1,-1,-1,22.176767,1,22.243328,0.932864,23.176192
885,64,2079,-1,-1,-1,-1,-1,-1,0,159.375366,0.937984,160.31335
886,64,64,-1,-1,-1,-1,-1,22.462463,1,22.529024,0.944128,23.473152
887,64,4095,-1,-1,-1,-1,-1,-1,0,277.032959,0.941056,277.974015
888,64,1072,-1,-1,-1,-1,-1,-1,0,97.300484,0.932864,98.233348
889,64,64,-1,-1,-1,-1,-1,22.444033,1,22.505472,0.93696,23.442432
890,64,64,-1,-1,-1,-1,-1,22.130688,1,22.197248,0.93184,23.129088
891,64,3088,-1,-1,-1,-1,-1,-1,0,220.778503,0.939008,221.717511
892,64,1072,-1,-1,-1,-1,-1,-1,0,97.563644,0.939008,98.502652
893,64,64,-1,-1,-1,-1,-1,22.518784,1,22.587393,0.941056,23.528449
894,64,2080,-1,-1,-1,-1,-1,-1,0,159.771652,0.935936,160.707588
895,64,64,-1,-1,-1,-1,-1,22.438911,1,22.507521,0.941056,23.448577
896,64,1072,-1,-1,-1,-1,-1,-1,0,95.652863,0.932864,96.585727
897,64,1072,-1,-1,-1,-1,-1,-1,0,97.142784,0.939008,98.081792
898,64,3088,-1,-1,-1,-1,-1,-1,0,221.766663,0.944128,222.710791
899,64,64,-1,-1,-1,-1,-1,22.473728,1,22.542336,0.946176,23.488512
900,64,64,-1,-1,-1,-1,-1,22.171648,1,22.218752,0.940032,23.158784
901,64,2080,-1,-1,-1,-1,-1,-1,0,160.092163,0.933888,161.026051
902,64,1072,-1,-1,-1,-1,-1,-1,0,96.350204,0.930816,97.28102
903,64,64,-1,-1,-1,-1,-1,22.278145,1,22.346752,0.939008,23.28576
904,64,64,-1,-1,-1,-1,-1,22.063105,1,22.128639,0.933888,23.062527
905,64,1072,-1,-1,-1,-1,-1,-1,0,95.106049,0.934912,96.040961
906,64,3903,-1,-1,-1,-1,-1,-1,0,270.233612,0.940032,271.173644
907,64,1072,-1,-1,-1,-1,-1,-1,0,97.007614,0.943104,97.950718
908,64,64,-1,-1,-1,-1,-1,22.453247,1,22.521856,0.944128,23.465984
909,64,1072,-1,-1,-1,-1,-1,-1,0,95.157249,0.944128,96.101377
910,64,64,-1,-1,-1,-1,-1,22.457344,1,22.525951,0.945152,23.471103
911,64,1072,-1,-1,-1,-1,-1,-1,0,94.824448,0.93696,95.761408
912,64,64,-1,-1,-1,-1,-1,22.378496,1,22.445057,0.941056,23.386113
913,64,1071,-1,-1,-1,-1,-1,-1,0,94.92173,0.937984,95.859714
914,64,2079,-1,-1,-1,-1,-1,-1,0,162.570236,0.939008,163.509244
915,64,64,-1,-1,-1,-1,-1,22.419456,1,22.478848,0.951296,23.430143
916,64,64,-1,-1,-1,-1,-1,22.063105,1,22.10816,0.940032,23.048192
917,64,1072,-1,-1,-1,-1,-1,-1,0,94.387199,0.935936,95.323135
918,64,1072,-1,-1,-1,-1,-1,-1,0,96.320511,0.935936,97.256447
919,64,64,-1,-1,-1,-1,-1,22.336512,1,22.403072,0.941056,23.344128
920,64,1072,-1,-1,-1,-1,-1,-1,0,95.05587,0.93696,95.99283
921,64,64,-1,-1,-1,-1,-1,22.38464,1,22.453247,0.943104,23.396351
922,64,64,-1,-1,-1,-1,-1,22.125568,1,22.193151,0.933888,23.127039
923,64,64,-1,-1,-1,-1,-1,21.909504,1,21.977089,0.940032,22.917121
924,64,64,-1,-1,-1,-1,-1,21.762049,1,21.820415,0.934912,22.755328
925,64,64,-1,-1,-1,-1,-1,21.752832,1,21.811199,0.941056,22.752255
926,64,64,-1,-1,-1,-1,-1,21.772287,1,21.829632,0.928768,22.7584
927,64,64,-1,-1,-1,-1,-1,21.752832,1,21.810177,0.927744,22.737921
928,64,64,-1,-1,-1,-1,-1,21.685247,1,21.74464,0.93184,22.67648
929,64,64,-1,-1,-1,-1,-1,21.697536,1,21.762049,0.928768,22.690817
930,64,64,-1,-1,-1,-1,-1,21.714945,1,21.779455,0.925696,22.705151
931,64,1072,-1,-1,-1,-1,-1,-1,0,94.220291,0.932864,95.153155
932,64,1072,-1,-1,-1,-1,-1,-1,0,96.115715,0.93184,97.047555
933,64,64,-1,-1,-1,-1,-1,22.315008,1,22.382591,0.94208,23.324671
934,64,1072,-1,-1,-1,-1,-1,-1,0,95.171585,0.937984,96.109569
935,64,1072,-1,-1,-1,-1,-1,-1,0,96.429054,0.943104,97.372158
936,64,64,-1,-1,-1,-1,-1,22.436865,1,22.503424,0.939008,23.442432
937,64,1072,-1,-1,-1,-1,-1,-1,0,95.284225,0.935936,96.220161
938,64,64,-1,-1,-1,-1,-1,22.459393,1,22.526976,0.954368,23.481344
939,64,64,-1,-1,-1,-1,-1,22.060032,1,22.128639,0.93184,23.060479
940,64,64,-1,-1,-1,-1,-1,21.883904,1,21.951488,0.928768,22.880256
941,64,64,-1,-1,-1,-1,-1,21.810177,1,21.874687,0.93184,22.806527
942,64,64,-1,-1,-1,-1,-1,21.778433,1,21.844992,0.932864,22.777856
943,64,64,-1,-1,-1,-1,-1,21.809153,1,21.875711,0.93184,22.807551
944,64,64,-1,-1,-1,-1,-1,21.815296,1,21.879808,0.933888,22.813696
945,64,64,-1,-1,-1,-1,-1,21.74976,1,21.81632,0.924672,22.740992
946,64,64,-1,-1,-1,-1,-1,21.737473,1,21.803007,0.92672,22.729727
947,64,64,-1,-1,-1,-1,-1,21.743616,1,21.810177,0.928768,22.738945
948,64,64,-1,-1,-1,-1,-1,21.714945,1,21.778433,0.925696,22.704129
949,64,64,-1,-1,-1,-1,-1,21.735424,1,21.801985,0.93184,22.733825
950,64,64,-1,-1,-1,-1,-1,21.728256,1,21.794815,0.92672,22.721535
951,64,64,-1,-1,-1,-1,-1,21.716991,1,21.77536,0.924672,22.700032
952,64,1071,-1,-1,-1,-1,-1,-1,0,94.479362,0.933888,95.413251
953,64,64,-1,-1,-1,-1,-1,22.390783,1,22.458368,0.94208,23.400448
954,64,64,-1,-1,-1,-1,-1,22.130688,1,22.199297,0.943104,23.142401
955,64,64,-1,-1,-1,-1,-1,21.938175,1,22.00576,0.930816,22.936576
956,64,64,-1,-1,-1,-1,-1,21.830656,1,21.889025,0.92672,22.815745
957,64,64,-1,-1,-1,-1,-1,21.829632,1,21.889025,0.932864,22.821889
958,64,64,-1,-1,-1,-1,-1,21.851135,1,21.917696,0.930816,22.848512
959,64,64,-1,-1,-1,-1,-1,21.838848,1,21.905409,0.924672,22.830081
960,64,64,-1,-1,-1,-1,-1,21.794815,1,21.859327,0.92672,22.786047
961,64,64,-1,-1,-1,-1,-1,21.805056,1,21.869568,0.924672,22.79424
962,64,64,-1,-1,-1,-1,-1,21.819391,1,21.87776,0.932864,22.810624
963,64,64,-1,-1,-1,-1,-1,21.81632,1,21.879808,0.932864,22.812672
964,64,64,-1,-1,-1,-1,-1,21.811199,1,21.874687,0.9216,22.796287
965,64,64,-1,-1,-1,-1,-1,21.832705,1,21.899263,0.92672,22.825983
966,64,64,-1,-1,-1,-1,-1,21.793793,1,21.858303,0.93184,22.790143
967,64,64,-1,-1,-1,-1,-1,21.817345,1,21.881857,0.925696,22.807553
968,64,1072,-1,-1,-1,-1,-1,-1,0,94.812157,0.93184,95.743997
969,64,64,-1,-1,-1,-1,-1,22.484991,1,22.552576,0.940032,23.492608
970,64,64,-1,-1,-1,-1,-1,22.198273,1,22.26688,0.940032,23.206912
971,64,64,-1,-1,-1,-1,-1,22.032385,1,22.090752,0.925696,23.016448
972,64,64,-1,-1,-1,-1,-1,21.919744,1,21.985279,0.925696,22.910975
973,64,64,-1,-1,-1,-1,-1,21.894144,1,21.959681,0.92672,22.886401
974,64,1072,-1,-1,-1,-1,-1,-1,0,95.079422,0.939008,96.01843
975,64,64,-1,-1,-1,-1,-1,22.500353,1,22.56896,0.9472,23.51616
976,64,64,-1,-1,-1,-1,-1,22.194176,1,22.262783,0.940032,23.202815
977,64,64,-1,-1,-1,-1,-1,22.01088,1,22.069248,0.929792,22.99904
978,64,64,-1,-1,-1,-1,-1,21.921791,1,21.986303,0.928768,22.915071
979,64,64,-1,-1,-1,-1,-1,21.921791,1,21.986303,0.935936,22.922239
980,64,64,-1,-1,-1,-1,-1,21.924864,1,21.981184,0.934912,22.916096
981,64,64,-1,-1,-1,-1,-1,21.892096,1,21.951488,0.927744,22.879232
982,64,1072,-1,-1,-1,-1,-1,-1,0,94.942207,0.934912,95.877119
983,64,64,-1,-1,-1,-1,-1,22.498304,1,22.565887,0.9472,23.513087
984,64,1072,-1,-1,-1,-1,-1,-1,0,95.6119,0.930816,96.542716
985,64,64,-1,-1,-1,-1,-1,22.447104,1,22.515713,0.93696,23.452673
986,64,64,-1,-1,-1,-1,-1,22.175743,1,22.243328,0.927744,23.171072
987,64,64,-1,-1,-1,-1,-1,22.017023,1,22.083584,0.93184,23.015424
988,64,1072,-1,-1,-1,-1,-1,-1,0,95.517693,0.93696,96.454653
989,64,1072,-1,-1,-1,-1,-1,-1,0,96.986115,0.929792,97.915906
990,64,1072,-1,-1,-1,-1,-1,-1,0,96.47718,0.930816,97.407996
991,64,64,-1,-1,-1,-1,-1,22.450176,1,22.516735,0.941056,23.457791
992,64,1072,-1,-1,-1,-1,-1,-1,0,95.993858,0.93696,96.930818
993,64,1072,-1,-1,-1,-1,-1,-1,0,96.656387,0.93696,97.593347
994,64,64,-1,-1,-1,-1,-1,22.582272,1,22.650881,0.944128,23.595009
995,64,1072,-1,-1,-1,-1,-1,-1,0,96.857086,0.93696,97.794046
996,64,64,-1,-1,-1,-1,-1,22.537216,1,22.603777,0.940032,23.543809
997,64,1072,-1,-1,-1,-1,-1,-1,0,95.784958,0.933888,96.718846
998,64,2080,-1,-1,-1,-1,-1,-1,0,162.477051,0.939008,163.416059
999,64,3088,-1,-1,-1,-1,-1,-1,0,223.331329,0.939008,224.270337
1000,64,64,-1,-1,-1,-1,-1,22.544384,1,22.605824,0.948224,23.554048
1001,64,64,-1,-1,-1,-1,-1,22.249472,1,22.318081,0.934912,23.252993
1002,64,64,-1,-1,-1,-1,-1,22.038528,1,22.097919,0.944128,23.042047
1003,64,1072,-1,-1,-1,-1,-1,-1,0,94.646271,0.937984,95.584255
1004,64,2080,-1,-1,-1,-1,-1,-1,0,161.114105,0.935936,162.050041
1005,64,64,-1,-1,-1,-1,-1,22.464512,1,22.532097,0.945152,23.477249
1006,64,64,-1,-1,-1,-1,-1,22.215679,1,22.283264,0.932864,23.216128
1007,64,2080,-1,-1,-1,-1,-1,-1,0,158.989319,0.93696,159.926279
1008,64,2079,-1,-1,-1,-1,-1,-1,0,160.639999,0.935936,161.575935
1009,64,1072,-1,-1,-1,-1,-1,-1,0,96.727043,0.928768,97.655811
1010,64,64,-1,-1,-1,-1,-1,22.418432,1,22.484991,0.941056,23.426047
1011,64,1072,-1,-1,-1,-1,-1,-1,0,96.0,0.937984,96.937984
1012,64,2080,-1,-1,-1,-1,-1,-1,0,162.382843,0.932864,163.315707
1013,64,1072,-1,-1,-1,-1,-1,-1,0,96.935936,0.933888,97.869824
1014,64,1072,-1,-1,-1,-1,-1,-1,0,97.418243,0.935936,98.354179
1015,64,2080,-1,-1,-1,-1,-1,-1,0,161.432571,0.934912,162.367483
1016,64,1072,-1,-1,-1,-1,-1,-1,0,97.002495,0.939008,97.941503
1017,64,3088,-1,-1,-1,-1,-1,-1,0,222.03801,0.9472,222.98521
1018,64,2080,-1,-1,-1,-1,-1,-1,0,161.577988,0.932864,162.510852
1019,64,64,-1,-1,-1,-1,-1,22.401024,1,22.467585,0.93696,23.404545
1020,64,1072,-1,-1,-1,-1,-1,-1,0,95.340546,0.934912,96.275458
1021,64,64,-1,-1,-1,-1,-1,22.421503,1,22.480896,0.933888,23.414784
1022,64,1071,-1,-1,-1,-1,-1,-1,0,95.071236,0.935936,96.007172
1023,64,64,-1,-1,-1,-1,-1,22.363136,1,22.430719,0.934912,23.365631
1024,64,2080,-1,-1,-1,-1,-1,-1,0,160.19046,0.933888,161.124348
1025,64,2080,-1,-1,-1,-1,-1,-1,0,160.738297,0.93696,161.675256
1026,64,64,-1,-1,-1,-1,-1,22.371328,1,22.438911,0.939008,23.377919
1027,64,1072,-1,-1,-1,-1,-1,-1,0,94.828545,0.932864,95.761409
1028,64,1072,-1,-1,-1,-1,-1,-1,0,96.619522,0.93696,97.556482
1029,64,64,-1,-1,-1,-1,-1,22.45632,1,22.523905,0.94208,23.465985
1030,64,2079,-1,-1,-1,-1,-1,-1,0,160.422913,0.937984,161.360897
1031,64,2080,-1,-1,-1,-1,-1,-1,0,161.195007,0.93696,162.131967
1032,64,64,-1,-1,-1,-1,-1,22.396929,1,22.464512,0.939008,23.40352
1033,64,1072,-1,-1,-1,-1,-1,-1,0,95.476738,0.93696,96.413698
1034,64,64,-1,-1,-1,-1,-1,22.398975,1,22.467585,0.937984,23.405569
1035,64,64,-1,-1,-1,-1,-1,22.130688,1,22.198273,0.94208,23.140353
1036,64,64,-1,-1,-1,-1,-1,21.936129,1,21.993471,0.92672,22.920191
1037,64,1072,-1,-1,-1,-1,-1,-1,0,94.362625,0.934912,95.297537
1038,64,1072,-1,-1,-1,-1,-1,-1,0,96.118782,0.93184,97.050622
1039,64,64,-1,-1,-1,-1,-1,22.331392,1,22.398975,0.935936,23.334911
1040,64,64,-1,-1,-1,-1,-1,22.059008,1,22.124544,0.937984,23.062528
1041,64,64,-1,-1,-1,-1,-1,21.911552,1,21.979136,0.927744,22.906879
1042,64,1071,-1,-1,-1,-1,-1,-1,0,94.402557,0.935936,95.338493
1043,64,1072,-1,-1,-1,-1,-1,-1,0,96.890877,0.94208,97.832957
1044,64,1072,-1,-1,-1,-1,-1,-1,0,95.862785,0.933888,96.796673
1045,64,1072,-1,-1,-1,-1,-1,-1,0,95.859711,0.93184,96.791551
1046,64,64,-1,-1,-1,-1,-1,22.389759,1,22.458368,0.945152,23.40352
1047,64,64,-1,-1,-1,-1,-1,22.052864,1,22.112255,0.932864,23.045119
1048,64,1072,-1,-1,-1,-1,-1,-1,0,94.632957,0.933888,95.566845
1049,64,64,-1,-1,-1,-1,-1,22.380545,1,22.449152,0.9472,23.396352
1050,64,1071,-1,-1,-1,-1,-1,-1,0,95.771645,0.93696,96.708605
1051,64,64,-1,-1,-1,-1,-1,22.397951,1,22.467585,0.950272,23.417857
1052,64,1071,-1,-1,-1,-1,-1,-1,0,95.121407,0.93696,96.058367
1053,64,64,-1,-1,-1,-1,-1,22.359039,1,22.420481,0.941056,23.361537
1054,64,1072,-1,-1,-1,-1,-1,-1,0,95.361023,0.948224,96.309247
1055,64,64,-1,-1,-1,-1,-1,22.405121,1,22.474752,0.96256,23.437312
1056,64,64,-1,-1,-1,-1,-1,22.119425,1,22.188032,0.949248,23.13728
1057,64,64,-1,-1,-1,-1,-1,21.927937,1,21.996544,0.934912,22.931456
1058,64,64,-1,-1,-1,-1,-1,21.811199,1,21.856256,0.9472,22.803456
1059,64,1072,-1,-1,-1,-1,-1,-1,0,94.418945,0.950272,95.369217
1060,64,64,-1,-1,-1,-1,-1,22.375423,1,22.44096,0.944128,23.385088
1061,64,64,-1,-1,-1,-1,-1,22.105087,1,22.173697,0.940032,23.113729
1062,64,64,-1,-1,-1,-1,-1,21.915648,1,21.985279,0.92672,22.911999
1063,64,64,-1,-1,-1,-1,-1,21.855232,1,21.921791,0.933888,22.855679
1064,64,64,-1,-1,-1,-1,-1,21.79072,1,21.856256,0.935936,22.792192
1065,64,1072,-1,-1,-1,-1,-1,-1,0,94.385155,0.950272,95.335427
1066,64,64,-1,-1,-1,-1,-1,22.424576,1,22.493183,0.94208,23.435263
1067,64,64,-1,-1,-1,-1,-1,22.137856,1,22.207487,0.933888,23.141375
1068,64,64,-1,-1,-1,-1,-1,21.956608,1,22.024193,0.935936,22.960129
1069,64,64,-1,-1,-1,-1,-1,21.881857,1,21.951488,0.943104,22.894593
1070,64,64,-1,-1,-1,-1,-1,21.865473,1,21.935104,0.94208,22.877184
1071,64,64,-1,-1,-1,-1,-1,21.833729,1,21.902336,0.928768,22.831104
1072,64,64,-1,-1,-1,-1,-1,21.833729,1,21.902336,0.930816,22.833152
1073,64,64,-1,-1,-1,-1,-1,21.739519,1,21.809153,0.924672,22.733825
1074,64,64,-1,-1,-1,-1,-1,21.747711,1,21.791744,0.925696,22.71744
1075,64,64,-1,-1,-1,-1,-1,21.76,1,21.827583,0.935936,22.763519
1076,64,64,-1,-1,-1,-1,-1,21.782528,1,21.849089,0.929792,22.778881
1077,64,64,-1,-1,-1,-1,-1,21.779455,1,21.838848,0.923648,22.762496
1078,64,64,-1,-1,-1,-1,-1,21.784576,1,21.853184,0.925696,22.77888
1079,64,64,-1,-1,-1,-1,-1,21.788671,1,21.849089,0.928768,22.777857
1080,64,1072,-1,-1,-1,-1,-1,-1,0,94.588928,0.934912,95.52384
1081,64,64,-1,-1,-1,-1,-1,22.447104,1,22.518784,0.95232,23.471104
1082,64,64,-1,-1,-1,-1,-1,22.201344,1,22.269953,0.937984,23.207937
1083,64,64,-1,-1,-1,-1,-1,21.99552,1,22.055937,0.930816,22.986753
1084,64,64,-1,-1,-1,-1,-1,21.907455,1,21.965824,0.928768,22.894592
1085,64,1072,-1,-1,-1,-1,-1,-1,0,94.602242,0.951296,95.553537
1086,64,64,-1,-1,-1,-1,-1,22.496256,1,22.565887,0.950272,23.516159
1087,64,64,-1,-1,-1,-1,-1,22.2208,1,22.291456,0.935936,23.227392
1088,64,64,-1,-1,-1,-1,-1,22.035456,1,22.105087,0.928768,23.033855
1089,64,64,-1,-1,-1,-1,-1,21.953535,1,22.013952,0.939008,22.95296
1090,64,64,-1,-1,-1,-1,-1,21.919744,1,21.9648,0.94208,22.90688
1091,64,64,-1,-1,-1,-1,-1,21.932032,1,21.999617,0.932864,22.932481
1092,64,64,-1,-1,-1,-1,-1,21.892096,1,21.957632,0.933888,22.89152
1093,64,64,-1,-1,-1,-1,-1,21.848064,1,21.914623,0.946176,22.860799
1094,64,64,-1,-1,-1,-1,-1,21.835775,1,21.902336,0.924672,22.827008
1095,64,64,-1,-1,-1,-1,-1,21.835775,1,21.904385,0.939008,22.843393
1096,64,64,-1,-1,-1,-1,-1,21.871616,1,21.956608,0.929792,22.8864
1097,64,64,-1,-1,-1,-1,-1,21.863424,1,21.929983,0.928768,22.858751
1098,64,1072,-1,-1,-1,-1,-1,-1,0,94.897156,0.93696,95.834116
1099,64,1072,-1,-1,-1,-1,-1,-1,0,96.964607,0.953344,97.917951
1100,64,64,-1,-1,-1,-1,-1,22.439936,1,22.508545,0.956416,23.464961
1101,64,64,-1,-1,-1,-1,-1,22.191105,1,22.262783,0.949248,23.212031
1102,64,64,-1,-1,-1,-1,-1,22.034431,1,22.094849,0.932864,23.027713
1103,64,64,-1,-1,-1,-1,-1,21.991425,1,22.049791,0.928768,22.978559
1104,64,64,-1,-1,-1,-1,-1,21.960705,1,22.019072,0.930816,22.949888
1105,64,64,-1,-1,-1,-1,-1,21.985279,1,22.05184,0.934912,22.986752
1106,64,64,-1,-1,-1,-1,-1,21.966848,1,22.012928,0.928768,22.941696
1107,64,64,-1,-1,-1,-1,-1,21.8624,1,21.920769,0.93184,22.852609
1108,64,64,-1,-1,-1,-1,-1,21.905409,1,21.971968,0.937984,22.909952
1109,64,1072,-1,-1,-1,-1,-1,-1,0,94.849022,0.949248,95.79827
1110,64,64,-1,-1,-1,-1,-1,22.528,1,22.598656,0.960512,23.559168
1111,64,64,-1,-1,-1,-1,-1,22.308865,1,22.377472,0.9472,23.324672
1112,64,1072,-1,-1,-1,-1,-1,-1,0,95.195137,0.943104,96.138241
1113,64,64,-1,-1,-1,-1,-1,22.556671,1,22.62528,0.956416,23.581696
1114,64,1072,-1,-1,-1,-1,-1,-1,0,95.801346,0.950272,96.751618
1115,64,1072,-1,-1,-1,-1,-1,-1,0,96.570366,0.945152,97.515518
1116,64,2079,-1,-1,-1,-1,-1,-1,0,161.260544,0.950272,162.210816
1117,64,1072,-1,-1,-1,-1,-1,-1,0,97.276932,0.943104,98.220036
1118,64,64,-1,-1,-1,-1,-1,22.465536,1,22.534143,0.951296,23.485439
1119,64,64,-1,-1,-1,-1,-1,22.173697,1,22.24128,0.945152,23.186432
1120,64,1072,-1,-1,-1,-1,-1,-1,0,96.47821,0.953344,97.431554
1121,64,1072,-1,-1,-1,-1,-1,-1,0,98.276352,0.9472,99.223552
1122,64,64,-1,-1,-1,-1,-1,22.552576,1,22.598656,0.950272,23.548928
1123,64,3072,-1,-1,-1,-1,-1,-1,0,216.196091,0.960512,217.156603
1124,64,1072,-1,-1,-1,-1,-1,-1,0,97.366013,0.950272,98.316285
1125,64,64,-1,-1,-1,-1,-1,22.536192,1,22.598656,0.949248,23.547904
1126,64,2080,-1,-1,-1,-1,-1,-1,0,159.63443,0.941056,160.575486
1127,64,64,-1,-1,-1,-1,-1,22.572033,1,22.643711,0.949248,23.592959
1128,64,1072,-1,-1,-1,-1,-1,-1,0,95.780861,0.93696,96.717821
1129,64,64,-1,-1,-1,-1,-1,22.55872,1,22.62528,0.951296,23.576576
1130,64,1072,-1,-1,-1,-1,-1,-1,0,95.487999,0.949248,96.437247
1131,64,64,-1,-1,-1,-1,-1,22.478848,1,22.548479,0.95232,23.500799
1132,64,1072,-1,-1,-1,-1,-1,-1,0,95.590401,0.945152,96.535553
1133,64,1072,-1,-1,-1,-1,-1,-1,0,97.829887,0.949248,98.779135
1134,64,64,-1,-1,-1,-1,-1,22.580223,1,22.647808,0.959488,23.607296
1135,64,1072,-1,-1,-1,-1,-1,-1,0,95.915009,0.941056,96.856065
1136,64,1071,-1,-1,-1,-1,-1,-1,0,96.340996,0.949248,97.290244
1137,64,64,-1,-1,-1,-1,-1,22.417408,1,22.486015,0.955392,23.441407
1138,64,1072,-1,-1,-1,-1,-1,-1,0,95.418365,0.948224,96.366589
1139,64,3087,-1,-1,-1,-1,-1,-1,0,222.898178,0.951296,223.849474
1140,64,1072,-1,-1,-1,-1,-1,-1,0,97.499138,0.933888,98.433026
1141,64,2080,-1,-1,-1,-1,-1,-1,0,161.284103,0.943104,162.227207
1142,64,2080,-1,-1,-1,-1,-1,-1,0,161.627136,0.951296,162.578432
1143,64,64,-1,-1,-1,-1,-1,22.525951,1,22.590464,0.963584,23.554048
1144,64,2079,-1,-1,-1,-1,-1,-1,0,160.153595,0.958464,161.112059
1145,64,64,-1,-1,-1,-1,-1,22.510592,1,22.580223,0.955392,23.535615
1146,64,1072,-1,-1,-1,-1,-1,-1,0,95.100929,0.9472,96.048129
1147,64,1072,-1,-1,-1,-1,-1,-1,0,95.908867,0.949248,96.858115
1148,64,64,-1,-1,-1,-1,-1,22.33856,1,22.409216,0.955392,23.364608
1149,64,1072,-1,-1,-1,-1,-1,-1,0,95.414268,0.948224,96.362493
1150,64,64,-1,-1,-1,-1,-1,22.429695,1,22.501375,0.951296,23.452671
1151,64,64,-1,-1,-1,-1,-1,22.12352,1,22.192127,0.953344,23.145471
1152,64,1056,-1,-1,-1,-1,-1,-1,0,94.771202,0.954368,95.72557
1153,64,3088,-1,-1,-1,-1,-1,-1,0,221.643784,0.956416,222.6002
1154,64,2080,-1,-1,-1,-1,-1,-1,0,161.812485,0.945152,162.757637
1155,64,64,-1,-1,-1,-1,-1,22.377472,1,22.448128,0.958464,23.406592
1156,64,2080,-1,-1,-1,-1,-1,-1,0,160.354309,0.935936,161.290245
1157,64,1072,-1,-1,-1,-1,-1,-1,0,96.893951,0.960512,97.854463
1158,64,64,-1,-1,-1,-1,-1,22.406143,1,22.475777,0.943104,23.418881
1159,64,1072,-1,-1,-1,-1,-1,-1,0,95.083519,0.949248,96.032767
1160,64,1072,-1,-1,-1,-1,-1,-1,0,96.273407,0.933888,97.207295
1161,64,64,-1,-1,-1,-1,-1,22.315008,1,22.382591,0.950272,23.332863
1162,64,1072,-1,-1,-1,-1,-1,-1,0,94.96064,0.958464,95.919104
1163,64,2080,-1,-1,-1,-1,-1,-1,0,160.497665,0.954368,161.452033
1164,64,64,-1,-1,-1,-1,-1,22.414335,1,22.474752,0.953344,23.428096
1165,64,64,-1,-1,-1,-1,-1,22.096895,1,22.166529,0.934912,23.101441
1166,64,64,-1,-1,-1,-1,-1,21.902336,1,21.972992,0.941056,22.914048
1167,64,64,-1,-1,-1,-1,-1,21.824512,1,21.885952,0.945152,22.831104
1168,64,64,-1,-1,-1,-1,-1,21.804031,1,21.870592,0.93696,22.807552
1169,64,64,-1,-1,-1,-1,-1,21.809153,1,21.876736,0.93184,22.808576
1170,64,1072,-1,-1,-1,-1,-1,-1,0,94.790657,0.946176,95.736833
1171,64,64,-1,-1,-1,-1,-1,22.421503,1,22.490112,0.943104,23.433216
1172,64,1072,-1,-1,-1,-1,-1,-1,0,95.043587,0.94208,95.985667
1173,64,64,-1,-1,-1,-1,-1,22.321152,1,22.390783,0.956416,23.347199
1174,64,64,-1,-1,-1,-1,-1,22.122496,1,22.193151,0.949248,23.142399
1175,64,1071,-1,-1,-1,-1,-1,-1,0,94.306305,0.950272,95.256577
1176,64,2079,-1,-1,-1,-1,-1,-1,0,161.087494,0.943104,162.030598
1177,64,2079,-1,-1,-1,-1,-1,-1,0,160.503815,0.951296,161.455111
1178,64,64,-1,-1,-1,-1,-1,22.375423,1,22.443008,0.946176,23.389184
1179,64,64,-1,-1,-1,-1,-1,22.180864,1,22.248447,0.935936,23.184383
1180,64,64,-1,-1,-1,-1,-1,21.98016,1,22.046721,0.939008,22.985729
1181,64,64,-1,-1,-1,-1,-1,21.850113,1,21.916672,0.928768,22.84544
1182,64,64,-1,-1,-1,-1,-1,21.834751,1,21.876736,0.946176,22.822912
1183,64,1072,-1,-1,-1,-1,-1,-1,0,94.496765,0.933888,95.430653
1184,64,1072,-1,-1,-1,-1,-1,-1,0,96.326653,0.93696,97.263613
1185,64,64,-1,-1,-1,-1,-1,22.395905,1,22.464512,0.948224,23.412736
1186,64,64,-1,-1,-1,-1,-1,22.134785,1,22.203392,0.944128,23.14752
1187,64,64,-1,-1,-1,-1,-1,21.970943,1,22.03648,0.950272,22.986752
1188,64,64,-1,-1,-1,-1,-1,21.889025,1,21.947392,0.92672,22.874112
1189,64,64,-1,-1,-1,-1,-1,21.837824,1,21.904385,0.928768,22.833153
1190,64,1072,-1,-1,-1,-1,-1,-1,0,94.39846,0.946176,95.344636
1191,64,64,-1,-1,-1,-1,-1,22.39488,1,22.461439,0.94208,23.403519
1192,64,64,-1,-1,-1,-1,-1,22.085632,1,22.145023,0.928768,23.073791
1193,64,64,-1,-1,-1,-1,-1,21.91872,1,21.986303,0.92672,22.913023
1194,64,64,-1,-1,-1,-1,-1,21.839872,1,21.905409,0.92672,22.832129
1195,64,64,-1,-1,-1,-1,-1,21.798912,1,21.865473,0.928768,22.794241
1196,64,64,-1,-1,-1,-1,-1,21.832705,1,21.897217,0.928768,22.825985
1197,64,64,-1,-1,-1,-1,-1,21.866495,1,21.932032,0.925696,22.857728
1198,64,64,-1,-1,-1,-1,-1,21.762049,1,21.803007,0.941056,22.744063
1199,64,64,-1,-1,-1,-1,-1,21.801985,1,21.867519,0.93696,22.804479
1200,64,64,-1,-1,-1,-1,-1,21.803007,1,21.859327,0.924672,22.783999
1201,64,1072,-1,-1,-1,-1,-1,-1,0,94.182404,0.948224,95.130628
1202,64,64,-1,-1,-1,-1,-1,22.438911,1,22.506496,0.937984,23.44448
1203,64,1072,-1,-1,-1,-1,-1,-1,0,95.080444,0.951296,96.03174
1204,64,64,-1,-1,-1,-1,-1,22.406143,1,22.465536,0.941056,23.406592
1205,64,64,-1,-1,-1,-1,-1,22.114304,1,22.174721,0.935936,23.110657
1206,64,1071,-1,-1,-1,-1,-1,-1,0,94.880768,0.932864,95.813632
1207,64,64,-1,-1,-1,-1,-1,22.37952,1,22.447104,0.951296,23.398399
1208,64,64,-1,-1,-1,-1,-1,22.118401,1,22.176767,0.935936,23.112703
1209,64,64,-1,-1,-1,-1,-1,21.972992,1,22.030336,0.933888,22.964224
1210,64,64,-1,-1,-1,-1,-1,21.90336,1,21.968897,0.949248,22.918145
1211,64,64,-1,-1,-1,-1,-1,21.874687,1,21.942272,0.945152,22.887424
1212,64,64,-1,-1,-1,-1,-1,21.869568,1,21.933056,0.932864,22.86592
1213,64,64,-1,-1,-1,-1,-1,21.911552,1,21.978111,0.93696,22.915071
1214,64,64,-1,-1,-1,-1,-1,21.824512,1,21.870592,0.94208,22.812672
1215,64,64,-1,-1,-1,-1,-1,21.822464,1,21.889025,0.937984,22.827009
1216,64,64,-1,-1,-1,-1,-1,21.842943,1,21.90848,0.934912,22.843392
1217,64,64,-1,-1,-1,-1,-1,21.825537,1,21.892096,0.943104,22.8352
1218,64,1071,-1,-1,-1,-1,-1,-1,0,94.51725,0.943104,95.460354
1219,64,64,-1,-1,-1,-1,-1,22.465536,1,22.535168,0.953344,23.488512
1220,64,64,-1,-1,-1,-1,-1,22.254593,1,22.325249,0.95744,23.282689
1221,64,64,-1,-1,-1,-1,-1,22.038528,1,22.105087,0.944128,23.049215
1222,64,64,-1,-1,-1,-1,-1,21.927937,1,21.986303,0.944128,22.930431
1223,64,64,-1,-1,-1,-1,-1,21.935104,1,21.991425,0.932864,22.924289
1224,64,64,-1,-1,-1,-1,-1,21.917696,1,21.987328,0.943104,22.930432
1225,64,64,-1,-1,-1,-1,-1,21.909504,1,21.966848,0.925696,22.892544
1226,64,64,-1,-1,-1,-1,-1,21.850113,1,21.915648,0.937984,22.853631
1227,64,64,-1,-1,-1,-1,-1,21.868544,1,21.925888,0.9216,22.847488
1228,64,64,-1,-1,-1,-1,-1,21.906431,1,21.971968,0.932864,22.904832
1229,64,64,-1,-1,-1,-1,-1,21.912577,1,21.978111,0.939008,22.917119
1230,64,64,-1,-1,-1,-1,-1,21.915648,1,21.956608,0.9472,22.903808
1231,64,64,-1,-1,-1,-1,-1,21.909504,1,21.967873,0.928768,22.896641
1232,64,64,-1,-1,-1,-1,-1,21.888,1,21.945345,0.93184,22.877185
1233,64,1072,-1,-1,-1,-1,-1,-1,0,94.725121,0.944128,95.669249
1234,64,64,-1,-1,-1,-1,-1,22.520832,1,22.580223,0.956416,23.536639
1235,64,1072,-1,-1,-1,-1,-1,-1,0,95.779839,0.944128,96.723967
1236,64,2080,-1,-1,-1,-1,-1,-1,0,161.165314,0.94208,162.107394
1237,64,64,-1,-1,-1,-1,-1,22.576128,1,22.646784,0.951296,23.59808
1238,64,64,-1,-1,-1,-1,-1,22.2976,1,22.365185,0.93184,23.297025
1239,64,1072,-1,-1,-1,-1,-1,-1,0,95.226883,0.95232,96.179203
1240,64,1072,-1,-1,-1,-1,-1,-1,0,96.465919,0.955392,97.421311
1241,64,64,-1,-1,-1,-1,-1,22.518784,1,22.588415,0.945152,23.533567
1242,64,1072,-1,-1,-1,-1,-1,-1,0,95.953918,0.948224,96.902142
1243,64,1072,-1,-1,-1,-1,-1,-1,0,98.217987,0.950272,99.168259
1244,64,1072,-1,-1,-1,-1,-1,-1,0,98.829315,0.95232,99.781635
1245,64,64,-1,-1,-1,-1,-1,22.524927,1,22.592512,0.960512,23.553024
1246,64,64,-1,-1,-1,-1,-1,22.221825,1,22.26688,0.932864,23.199744
1247,64,64,-1,-1,-1,-1,-1,22.059008,1,22.125568,0.92672,23.052288
1248,64,1072,-1,-1,-1,-1,-1,-1,0,95.515648,0.95232,96.467968
1249,64,64,-1,-1,-1,-1,-1,22.593536,1,22.661119,0.945152,23.606271
1250,64,2080,-1,-1,-1,-1,-1,-1,0,160.191483,0.940032,161.131515
1251,64,64,-1,-1,-1,-1,-1,22.551552,1,22.618113,0.940032,23.558145
1252,64,1072,-1,-1,-1,-1,-1,-1,0,95.531006,0.93696,96.467966
1253,64,64,-1,-1,-1,-1,-1,22.53824,1,22.604799,0.940032,23.544831
1254,64,3088,-1,-1,-1,-1,-1,-1,0,221.150208,0.939008,222.089216
1255,64,1072,-1,-1,-1,-1,-1,-1,0,96.957443,0.933888,97.891331
1256,64,1072,-1,-1,-1,-1,-1,-1,0,96.395264,0.941056,97.33632
1257,64,1072,-1,-1,-1,-1,-1,-1,0,98.481155,0.940032,99.421187
1258,64,2080,-1,-1,-1,-1,-1,-1,0,162.608124,0.932864,163.540988
1259,64,64,-1,-1,-1,-1,-1,22.539265,1,22.606848,0.945152,23.552
1260,64,64,-1,-1,-1,-1,-1,22.245377,1,22.31296,0.933888,23.246848
1261,64,1072,-1,-1,-1,-1,-1,-1,0,95.250435,0.943104,96.193539
1262,64,64,-1,-1,-1,-1,-1,22.564863,1,22.608896,0.954368,23.563264
1263,64,1071,-1,-1,-1,-1,-1,-1,0,95.362045,0.934912,96.296957
1264,64,1072,-1,-1,-1,-1,-1,-1,0,96.194557,0.932864,97.127421
1265,64,64,-1,-1,-1,-1,-1,22.403072,1,22.470655,0.941056,23.411711
1266,64,2078,-1,-1,-1,-1,-1,-1,0,160.035843,0.93696,160.972803
1267,64,1072,-1,-1,-1,-1,-1,-1,0,96.661507,0.932864,97.594371
1268,64,1072,-1,-1,-1,-1,-1,-1,0,96.11776,0.935936,97.053696
1269,64,64,-1,-1,-1,-1,-1,22.352896,1,22.421503,0.941056,23.362559
1270,64,2080,-1,-1,-1,-1,-1,-1,0,160.74649,0.939008,161.685498
1271,64,1072,-1,-1,-1,-1,-1,-1,0,98.073601,0.935936,99.009537
1272,64,64,-1,-1,-1,-1,-1,22.492161,1,22.55872,0.945152,23.503872
1273,64,1072,-1,-1,-1,-1,-1,-1,0,95.505409,0.937984,96.443393
1274,64,64,-1,-1,-1,-1,-1,22.356993,1,22.4256,0.939008,23.364608
1275,64,1072,-1,-1,-1,-1,-1,-1,0,95.469566,0.934912,96.404478
1276,64,64,-1,-1,-1,-1,-1,22.433792,1,22.501375,0.945152,23.446527
1277,64,1072,-1,-1,-1,-1,-1,-1,0,95.178749,0.935936,96.114685
1278,64,3088,-1,-1,-1,-1,-1,-1,0,222.182404,0.943104,223.125508
1279,64,3088,-1,-1,-1,-1,-1,-1,0,222.048264,0.935936,222.9842
1280,64,1072,-1,-1,-1,-1,-1,-1,0,96.885757,0.935936,97.821693
1281,64,3087,-1,-1,-1,-1,-1,-1,0,222.163971,0.935936,223.099907
1282,64,1072,-1,-1,-1,-1,-1,-1,0,97.00045,0.935936,97.936386
1283,64,64,-1,-1,-1,-1,-1,22.405121,1,22.47168,0.934912,23.406592
1284,64,1072,-1,-1,-1,-1,-1,-1,0,94.99955,0.935936,95.935486
1285,64,1072,-1,-1,-1,-1,-1,-1,0,96.661507,0.943104,97.604611
1286,64,64,-1,-1,-1,-1,-1,22.477823,1,22.545408,0.940032,23.48544
1287,64,64,-1,-1,-1,-1,-1,22.098944,1,22.157312,0.937984,23.095296
1288,64,64,-1,-1,-1,-1,-1,21.933056,1,22.000641,0.93184,22.932481
1289,64,64,-1,-1,-1,-1,-1,21.863424,1,21.921791,0.932864,22.854655
1290,64,1072,-1,-1,-1,-1,-1,-1,0,94.402557,0.934912,95.337469
1291,64,1072,-1,-1,-1,-1,-1,-1,0,96.380928,0.940032,97.32096
1292,64,1072,-1,-1,-1,-1,-1,-1,0,95.678467,0.930816,96.609283
1293,64,64,-1,-1,-1,-1,-1,22.386688,1,22.454271,0.9472,23.401471
1294,64,2080,-1,-1,-1,-1,-1,-1,0,159.012863,0.93696,159.949823
1295,64,64,-1,-1,-1,-1,-1,22.426624,1,22.495232,0.946176,23.441408
1296,64,64,-1,-1,-1,-1,-1,22.090752,1,22.152191,0.937984,23.090175
1297,64,1072,-1,-1,-1,-1,-1,-1,0,94.724098,0.93696,95.661058
1298,64,64,-1,-1,-1,-1,-1,22.557695,1,22.616064,0.941056,23.55712
1299,64,64,-1,-1,-1,-1,-1,22.150145,1,22.217728,0.934912,23.15264
1300,64,64,-1,-1,-1,-1,-1,21.914623,1,21.972992,0.930816,22.903808
1301,64,1072,-1,-1,-1,-1,-1,-1,0,94.05645,0.934912,94.991362
1302,64,64,-1,-1,-1,-1,-1,22.413313,1,22.473728,0.937984,23.411712
1303,64,1072,-1,-1,-1,-1,-1,-1,0,96.074753,0.939008,97.013761
1304,64,64,-1,-1,-1,-1,-1,22.569984,1,22.639616,0.939008,23.578624
1305,64,1072,-1,-1,-1,-1,-1,-1,0,95.03949,0.93696,95.97645
1306,64,64,-1,-1,-1,-1,-1,22.391808,1,22.458368,0.946176,23.404544
1307,64,1072,-1,-1,-1,-1,-1,-1,0,95.394814,0.945152,96.339966
1308,64,1072,-1,-1,-1,-1,-1,-1,0,96.47821,0.93696,97.41517
1309,64,64,-1,-1,-1,-1,-1,22.333441,1,22.391808,0.944128,23.335936
1310,64,64,-1,-1,-1,-1,-1,22.08256,1,22.14912,0.933888,23.083008
1311,64,64,-1,-1,-1,-1,-1,21.924864,1,21.991425,0.934912,22.926337
1312,64,64,-1,-1,-1,-1,-1,21.85216,1,21.910528,0.930816,22.841344
1313,64,64,-1,-1,-1,-1,-1,21.8368,1,21.901312,0.929792,22.831104
1314,64,64,-1,-1,-1,-1,-1,21.844992,1,21.910528,0.927744,22.838272
1315,64,1071,-1,-1,-1,-1,-1,-1,0,94.557182,0.93184,95.489022
1316,64,64,-1,-1,-1,-1,-1,22.445057,1,22.511616,0.946176,23.457792
1317,64,64,-1,-1,-1,-1,-1,22.1696,1,22.230017,0.930816,23.160833
1318,64,64,-1,-1,-1,-1,-1,21.922815,1,21.981184,0.93184,22.913024
1319,64,64,-1,-1,-1,-1,-1,21.832705,1,21.900288,0.9216,22.821888
1320,64,64,-1,-1,-1,-1,-1,21.832705,1,21.897217,0.930816,22.828033
1321,64,64,-1,-1,-1,-1,-1,21.878784,1,21.936129,0.929792,22.865921
1322,64,64,-1,-1,-1,-1,-1,21.855232,1,21.922815,0.930816,22.853631
1323,64,64,-1,-1,-1,-1,-1,21.782528,1,21.840897,0.92672,22.767617
1324,64,64,-1,-1,-1,-1,-1,21.804031,1,21.869568,0.930816,22.800384
1325,64,1072,-1,-1,-1,-1,-1,-1,0,94.955521,0.94208,95.897601
1326,64,64,-1,-1,-1,-1,-1,22.458368,1,22.524927,0.946176,23.471103
1327,64,1072,-1,-1,-1,-1,-1,-1,0,95.351807,0.941056,96.292863
1328,64,64,-1,-1,-1,-1,-1,22.486015,1,22.5536,0.945152,23.498752
1329,64,64,-1,-1,-1,-1,-1,22.184959,1,22.252544,0.930816,23.18336
1330,64,64,-1,-1,-1,-1,-1,21.977089,1,22.043648,0.934912,22.97856
1331,64,64,-1,-1,-1,-1,-1,21.898239,1,21.966848,0.93696,22.903808
1332,64,64,-1,-1,-1,-1,-1,21.883904,1,21.94944,0.932864,22.882304
1333,64,64,-1,-1,-1,-1,-1,21.8624,1,21.927937,0.932864,22.860801
1334,64,64,-1,-1,-1,-1,-1,21.872641,1,21.931007,0.939008,22.870015
1335,64,64,-1,-1,-1,-1,-1,21.794815,1,21.859327,0.92672,22.786047
1336,64,64,-1,-1,-1,-1,-1,21.796864,1,21.854208,0.929792,22.784
1337,64,1072,-1,-1,-1,-1,-1,-1,0,94.217216,0.935936,95.153152
1338,64,64,-1,-1,-1,-1,-1,22.457344,1,22.525951,0.939008,23.464959
1339,64,64,-1,-1,-1,-1,-1,22.17984,1,22.240255,0.941056,23.181311
1340,64,1072,-1,-1,-1,-1,-1,-1,0,94.682114,0.93184,95.613954
1341,64,64,-1,-1,-1,-1,-1,22.445057,1,22.510592,0.935936,23.446527
1342,64,64,-1,-1,-1,-1,-1,22.160383,1,22.227968,0.945152,23.17312
1343,64,64,-1,-1,-1,-1,-1,22.061056,1,22.127617,0.940032,23.067649
1344,64,64,-1,-1,-1,-1,-1,21.978111,1,22.044672,0.930816,22.975488
1345,64,64,-1,-1,-1,-1,-1,21.937153,1,22.002687,0.929792,22.932479
1346,64,64,-1,-1,-1,-1,-1,21.947392,1,22.01088,0.928768,22.939647
1347,64,64,-1,-1,-1,-1,-1,21.945345,1,22.009855,0.940032,22.949887
1348,64,64,-1,-1,-1,-1,-1,21.833729,1,21.900288,0.933888,22.834176
1349,64,64,-1,-1,-1,-1,-1,21.84704,1,21.912577,0.9216,22.834177
1350,64,64,-1,-1,-1,-1,-1,21.872641,1,21.938175,0.927744,22.865919
1351,64,64,-1,-1,-1,-1,-1,21.873665,1,21.939199,0.92672,22.865919
1352,64,64,-1,-1,-1,-1,-1,21.882879,1,21.940224,0.93696,22.877184
1353,64,64,-1,-1,-1,-1,-1,21.919744,1,21.976065,0.929792,22.905857
1354,64,64,-1,-1,-1,-1,-1,21.920769,1,21.977089,0.927744,22.904833
1355,64,1071,-1,-1,-1,-1,-1,-1,0,94.98317,0.94208,95.92525
1356,64,1072,-1,-1,-1,-1,-1,-1,0,96.832512,0.941056,97.773568
1357,64,1072,-1,-1,-1,-1,-1,-1,0,96.40448,0.928768,97.333248
1358,64,1072,-1,-1,-1,-1,-1,-1,0,96.422913,0.932864,97.355777
1359,64,1072,-1,-1,-1,-1,-1,-1,0,96.345085,0.932864,97.277949
1360,64,1072,-1,-1,-1,-1,-1,-1,0,96.382973,0.93184,97.314813
1361,64,64,-1,-1,-1,-1,-1,22.494207,1,22.554625,0.955392,23.510017
1362,64,1072,-1,-1,-1,-1,-1,-1,0,96.683006,0.941056,97.624062
1363,64,64,-1,-1,-1,-1,-1,22.780928,1,22.849537,0.953344,23.802881
1364,64,64,-1,-1,-1,-1,-1,22.39488,1,22.465536,0.935936,23.401472
1365,64,64,-1,-1,-1,-1,-1,22.174721,1,22.233088,0.929792,23.16288
1366,64,1072,-1,-1,-1,-1,-1,-1,0,96.113663,0.940032,97.053695
1367,64,64,-1,-1,-1,-1,-1,22.737921,1,22.807552,0.945152,23.752704
1368,64,64,-1,-1,-1,-1,-1,22.380545,1,22.439936,0.934912,23.374848
1369,64,64,-1,-1,-1,-1,-1,22.140928,1,22.207487,0.93184,23.139327
1370,64,1072,-1,-1,-1,-1,-1,-1,0,94.688255,0.941056,95.629311
1371,64,1056,-1,-1,-1,-1,-1,-1,0,96.30925,0.932864,97.242114
1372,64,2080,-1,-1,-1,-1,-1,-1,0,161.084412,0.937984,162.022396
1373,64,64,-1,-1,-1,-1,-1,22.541311,1,22.608896,0.944128,23.553024
1374,64,64,-1,-1,-1,-1,-1,22.252544,1,22.321152,0.93696,23.258112
1375,64,64,-1,-1,-1,-1,-1,22.071297,1,22.136831,0.934912,23.071743
1376,64,64,-1,-1,-1,-1,-1,21.998592,1,22.066175,0.92672,22.992895
1377,64,64,-1,-1,-1,-1,-1,21.969919,1,22.034431,0.935936,22.970367
1378,64,64,-1,-1,-1,-1,-1,21.983232,1,22.049791,0.922624,22.972415
1379,64,1072,-1,-1,-1,-1,-1,-1,0,95.119362,0.934912,96.054274
1380,64,1072,-1,-1,-1,-1,-1,-1,0,97.321983,0.939008,98.260991
1381,64,64,-1,-1,-1,-1,-1,22.477823,1,22.545408,0.943104,23.488512
1382,64,2080,-1,-1,-1,-1,-1,-1,0,159.481857,0.935936,160.417793
1383,64,2080,-1,-1,-1,-1,-1,-1,0,161.336319,0.93184,162.268159
1384,64,2080,-1,-1,-1,-1,-1,-1,0,161.114105,0.939008,162.053113
1385,64,64,-1,-1,-1,-1,-1,22.565887,1,22.633472,0.945152,23.578624
1386,64,64,-1,-1,-1,-1,-1,22.256639,1,22.327295,0.937984,23.265279
1387,64,2080,-1,-1,-1,-1,-1,-1,0,160.69632,0.934912,161.631232
1388,64,2080,-1,-1,-1,-1,-1,-1,0,161.502213,0.94208,162.444293
1389,64,2080,-1,-1,-1,-1,-1,-1,0,161.598465,0.940032,162.538497
1390,64,1072,-1,-1,-1,-1,-1,-1,0,96.701439,0.935936,97.637375
1391,64,64,-1,-1,-1,-1,-1,22.450176,1,22.518784,0.93696,23.455744
1392,64,64,-1,-1,-1,-1,-1,22.16448,1,22.231039,0.929792,23.160831
1393,64,64,-1,-1,-1,-1,-1,22.003712,1,22.069248,0.934912,23.00416
1394,64,64,-1,-1,-1,-1,-1,21.950464,1,22.017023,0.930816,22.947839
1395,64,64,-1,-1,-1,-1,-1,21.929983,1,21.986303,0.929792,22.916095
1396,64,1072,-1,-1,-1,-1,-1,-1,0,94.912514,0.93696,95.849474
1397,64,64,-1,-1,-1,-1,-1,22.474752,1,22.542336,0.94208,23.484416
1398,64,2080,-1,-1,-1,-1,-1,-1,0,159.92627,0.93696,160.86323
1399,64,3088,-1,-1,-1,-1,-1,-1,0,221.772797,0.943104,222.715901
1400,64,64,-1,-1,-1,-1,-1,22.542336,1,22.610945,0.943104,23.554049
1401,64,1071,-1,-1,-1,-1,-1,-1,0,95.408127,0.932864,96.340991
1402,64,4095,-1,-1,-1,-1,-1,-1,0,279.504883,0.944128,280.449011
1403,64,64,-1,-1,-1,-1,-1,22.650881,1,22.720512,0.950272,23.670784
1404,64,64,-1,-1,-1,-1,-1,22.274048,1,22.343679,0.935936,23.279615
1405,64,64,-1,-1,-1,-1,-1,22.031361,1,22.097919,0.932864,23.030783
1406,64,64,-1,-1,-1,-1,-1,21.947392,1,22.004736,0.93184,22.936576
1407,64,3088,-1,-1,-1,-1,-1,-1,0,219.453445,0.944128,220.397573
1408,64,64,-1,-1,-1,-1,-1,22.566912,1,22.634497,0.946176,23.580673
1409,64,64,-1,-1,-1,-1,-1,22.187008,1,22.253569,0.929792,23.183361
1410,64,1072,-1,-1,-1,-1,-1,-1,0,94.363647,0.93696,95.300607
1411,64,2080,-1,-1,-1,-1,-1,-1,0,160.522247,0.935936,161.458183
1412,64,64,-1,-1,-1,-1,-1,22.484991,1,22.5536,0.949248,23.502848
1413,64,64,-1,-1,-1,-1,-1,22.213633,1,22.273024,0.935936,23.20896
1414,64,64,-1,-1,-1,-1,-1,21.967873,1,22.034431,0.927744,22.962175
1415,64,1072,-1,-1,-1,-1,-1,-1,0,94.804993,0.937984,95.742977
1416,64,2080,-1,-1,-1,-1,-1,-1,0,160.681992,0.941056,161.623048
1417,64,2080,-1,-1,-1,-1,-1,-1,0,161.565689,0.944128,162.509817
1418,64,2080,-1,-1,-1,-1,-1,-1,0,161.321991,0.937984,162.259975
1419,64,64,-1,-1,-1,-1,-1,22.449152,1,22.517759,0.943104,23.460863
1420,64,64,-1,-1,-1,-1,-1,22.135809,1,22.203392,0.934912,23.138304
1421,64,64,-1,-1,-1,-1,-1,21.944321,1,22.011904,0.93184,22.943744
1422,64,1072,-1,-1,-1,-1,-1,-1,0,94.193665,0.941056,95.134721
1423,64,1072,-1,-1,-1,-1,-1,-1,0,96.63488,0.937984,97.572864
1424,64,64,-1,-1,-1,-1,-1,22.386688,1,22.452225,0.943104,23.395329
1425,64,1072,-1,-1,-1,-1,-1,-1,0,94.849022,0.930816,95.779838
1426,64,2080,-1,-1,-1,-1,-1,-1,0,160.584702,0.933888,161.51859
1427,64,64,-1,-1,-1,-1,-1,22.38464,1,22.452225,0.9472,23.399425
1428,64,1072,-1,-1,-1,-1,-1,-1,0,94.678017,0.933888,95.611905
1429,64,64,-1,-1,-1,-1,-1,22.413313,1,22.457344,0.94208,23.399424
1430,64,64,-1,-1,-1,-1,-1,22.100992,1,22.170624,0.935936,23.10656
1431,64,1072,-1,-1,-1,-1,-1,-1,0,93.976578,0.934912,94.91149
1432,64,64,-1,-1,-1,-1,-1,22.413313,1,22.480896,0.935936,23.416832
1433,64,64,-1,-1,-1,-1,-1,22.128639,1,22.188032,0.937984,23.126016
1434,64,64,-1,-1,-1,-1,-1,21.929983,1,21.987328,0.934912,22.92224
1435,64,64,-1,-1,-1,-1,-1,21.854208,1,21.929983,0.933888,22.863871
1436,64,64,-1,-1,-1,-1,-1,21.844992,1,21.911552,0.929792,22.841344
1437,64,64,-1,-1,-1,-1,-1,21.826559,1,21.892096,0.930816,22.822912
1438,64,64,-1,-1,-1,-1,-1,21.855232,1,21.920769,0.923648,22.844417
1439,64,64,-1,-1,-1,-1,-1,21.785601,1,21.85216,0.924672,22.776832
1440,64,64,-1,-1,-1,-1,-1,21.769217,1,21.834751,0.930816,22.765567
1441,64,64,-1,-1,-1,-1,-1,21.779455,1,21.842943,0.92672,22.769663
1442,64,64,-1,-1,-1,-1,-1,21.771263,1,21.8368,0.9216,22.7584
1443,64,64,-1,-1,-1,-1,-1,21.758976,1,21.824512,0.92672,22.751233
1444,64,64,-1,-1,-1,-1,-1,21.783552,1,21.848064,0.92672,22.774784
1445,64,64,-1,-1,-1,-1,-1,21.748735,1,21.791744,0.927744,22.719488
1446,64,64,-1,-1,-1,-1,-1,21.77536,1,21.840897,0.922624,22.763521
1447,64,64,-1,-1,-1,-1,-1,21.751808,1,21.808128,0.94208,22.750208
1448,64,64,-1,-1,-1,-1,-1,21.772287,1,21.8368,0.93184,22.76864
1449,64,1072,-1,-1,-1,-1,-1,-1,0,94.503937,0.937984,95.441921
1450,64,2080,-1,-1,-1,-1,-1,-1,0,160.823303,0.937984,161.761287
1451,64,1072,-1,-1,-1,-1,-1,-1,0,96.551933,0.934912,97.486845
1452,64,64,-1,-1,-1,-1,-1,22.435841,1,22.496256,0.950272,23.446528
1453,64,64,-1,-1,-1,-1,-1,22.145023,1,22.204416,0.940032,23.144448
1454,64,64,-1,-1,-1,-1,-1,21.9648,1,22.031361,0.935936,22.967297
1455,64,64,-1,-1,-1,-1,-1,21.90848,1,21.967873,0.928768,22.896641
1456,64,1072,-1,-1,-1,-1,-1,-1,0,94.732285,0.93696,95.669245
1457,64,64,-1,-1,-1,-1,-1,22.439936,1,22.506496,0.93696,23.443456
1458,64,64,-1,-1,-1,-1,-1,22.167553,1,22.235136,0.933888,23.169024
1459,64,1072,-1,-1,-1,-1,-1,-1,0,94.53978,0.939008,95.478788
1460,64,64,-1,-1,-1,-1,-1,22.375423,1,22.434816,0.941056,23.375872
1461,64,64,-1,-1,-1,-1,-1,22.12352,1,22.167553,0.934912,23.102465
1462,64,64,-1,-1,-1,-1,-1,21.970943,1,22.037504,0.929792,22.967296
1463,64,64,-1,-1,-1,-1,-1,21.911552,1,21.968897,0.93184,22.900737
1464,64,64,-1,-1,-1,-1,-1,21.849089,1,21.913601,0.927744,22.841345
1465,64,64,-1,-1,-1,-1,-1,21.881857,1,21.938175,0.928768,22.866943
1466,64,64,-1,-1,-1,-1,-1,21.867519,1,21.93408,0.929792,22.863872
1467,64,64,-1,-1,-1,-1,-1,21.832705,1,21.898239,0.928768,22.827007
1468,64,64,-1,-1,-1,-1,-1,21.840897,1,21.899263,0.927744,22.827007
1469,64,64,-1,-1,-1,-1,-1,21.841921,1,21.899263,0.937984,22.837247
1470,64,64,-1,-1,-1,-1,-1,21.8624,1,21.927937,0.925696,22.853633
1471,64,64,-1,-1,-1,-1,-1,21.843967,1,21.909504,0.927744,22.837248
1472,64,64,-1,-1,-1,-1,-1,21.828608,1,21.883904,0.925696,22.8096
1473,64,1072,-1,-1,-1,-1,-1,-1,0,94.816254,0.932864,95.749118
1474,64,64,-1,-1,-1,-1,-1,22.528,1,22.596607,0.943104,23.539711
1475,64,64,-1,-1,-1,-1,-1,22.200319,1,22.267904,0.93184,23.199744
1476,64,64,-1,-1,-1,-1,-1,21.988352,1,22.054913,0.925696,22.980609
1477,64,2080,-1,-1,-1,-1,-1,-1,0,159.870972,0.934912,160.805884
1478,64,64,-1,-1,-1,-1,-1,22.544384,1,22.612991,0.95232,23.565311
1479,64,1071,-1,-1,-1,-1,-1,-1,0,95.666176,0.934912,96.601088
1480,64,64,-1,-1,-1,-1,-1,22.484991,1,22.551552,0.933888,23.48544
1481,64,1072,-1,-1,-1,-1,-1,-1,0,95.624191,0.93696,96.561151
1482,64,64,-1,-1,-1,-1,-1,22.537216,1,22.604799,0.94208,23.546879
1483,64,64,-1,-1,-1,-1,-1,22.250496,1,22.317057,0.93696,23.254017
1484,64,1072,-1,-1,-1,-1,-1,-1,0,95.20845,0.933888,96.142338
1485,64,64,-1,-1,-1,-1,-1,22.56896,1,22.636543,0.93696,23.573503
1486,64,64,-1,-1,-1,-1,-1,22.257664,1,22.324224,0.932864,23.257088
1487,64,64,-1,-1,-1,-1,-1,22.095873,1,22.162432,0.934912,23.097344
1488,64,64,-1,-1,-1,-1,-1,22.007809,1,22.065151,0.928768,22.993919
1489,64,1072,-1,-1,-1,-1,-1,-1,0,95.019005,0.937984,95.956989
1490,64,1072,-1,-1,-1,-1,-1,-1,0,96.800766,0.93696,97.737726
1491,64,64,-1,-1,-1,-1,-1,22.45632,1,22.523905,0.937984,23.461889
1492,64,1072,-1,-1,-1,-1,-1,-1,0,95.71328,0.93184,96.64512
1493,64,1071,-1,-1,-1,-1,-1,-1,0,97.008636,0.941056,97.949692
1494,64,64,-1,-1,-1,-1,-1,22.483969,1,22.551552,0.943104,23.494656
1495,64,64,-1,-1,-1,-1,-1,22.213633,1,22.279167,0.928768,23.207935
1496,64,64,-1,-1,-1,-1,-1,22.079489,1,22.146048,0.928768,23.074816
1497,64,1072,-1,-1,-1,-1,-1,-1,0,95.227905,0.934912,96.162817
1498,64,2080,-1,-1,-1,-1,-1,-1,0,161.146881,0.937984,162.084865
1499,64,64,-1,-1,-1,-1,-1,22.461439,1,22.530048,0.939008,23.469056
1500,64,64,-1,-1,-1,-1,-1,22.187008,1,22.256639,0.933888,23.190527
1501,64,64,-1,-1,-1,-1,-1,22.045696,1,22.113279,0.930816,23.044095
1502,64,64,-1,-1,-1,-1,-1,21.956608,1,22.022144,0.924672,22.946816
1503,64,1072,-1,-1,-1,-1,-1,-1,0,95.099907,0.93696,96.036867
1504,64,1071,-1,-1,-1,-1,-1,-1,0,96.814079,0.937984,97.752063
1505,64,64,-1,-1,-1,-1,-1,22.443008,1,22.503424,0.94208,23.445504
1506,64,64,-1,-1,-1,-1,-1,22.182913,1,22.25152,0.930816,23.182336
1507,64,1072,-1,-1,-1,-1,-1,-1,0,95.471619,0.934912,96.406531
1508,64,64,-1,-1,-1,-1,-1,22.534143,1,22.601728,0.939008,23.540736
1509,64,2080,-1,-1,-1,-1,-1,-1,0,159.915009,0.93696,160.851969
1510,64,1072,-1,-1,-1,-1,-1,-1,0,96.857086,0.930816,97.787902
1511,64,64,-1,-1,-1,-1,-1,22.467585,1,22.535168,0.945152,23.48032
1512,64,1072,-1,-1,-1,-1,-1,-1,0,95.395844,0.933888,96.329732
1513,64,64,-1,-1,-1,-1,-1,22.438911,1,22.506496,0.940032,23.446528
1514,64,3087,-1,-1,-1,-1,-1,-1,0,221.890564,0.939008,222.829572
1515,64,1072,-1,-1,-1,-1,-1,-1,0,97.145859,0.935936,98.081795
1516,64,1071,-1,-1,-1,-1,-1,-1,0,97.604607,0.93184,98.536447
1517,64,64,-1,-1,-1,-1,-1,22.45632,1,22.514688,0.941056,23.455745
1518,64,1072,-1,-1,-1,-1,-1,-1,0,95.136765,0.933888,96.070653
1519,64,64,-1,-1,-1,-1,-1,22.413313,1,22.480896,0.941056,23.421952
1520,64,6112,-1,-1,-1,-1,-1,-1,0,406.974457,0.945152,407.919609
1521,64,1072,-1,-1,-1,-1,-1,-1,0,97.373184,0.93696,98.310144
1522,64,1071,-1,-1,-1,-1,-1,-1,0,96.224258,0.934912,97.15917
1523,64,1072,-1,-1,-1,-1,-1,-1,0,96.109566,0.932864,97.04243
1524,64,64,-1,-1,-1,-1,-1,22.447104,1,22.514688,0.934912,23.449601
1525,64,1072,-1,-1,-1,-1,-1,-1,0,96.027649,0.935936,96.963585
1526,64,1071,-1,-1,-1,-1,-1,-1,0,97.086464,0.93696,98.023424
1527,64,1072,-1,-1,-1,-1,-1,-1,0,96.324608,0.935936,97.260544
1528,64,1071,-1,-1,-1,-1,-1,-1,0,95.929344,0.934912,96.864256
1529,64,64,-1,-1,-1,-1,-1,22.449152,1,22.516735,0.943104,23.459839
1530,64,64,-1,-1,-1,-1,-1,22.157312,1,22.22592,0.930816,23.156736
1531,64,1072,-1,-1,-1,-1,-1,-1,0,94.758911,0.939008,95.697919
1532,64,1072,-1,-1,-1,-1,-1,-1,0,97.003517,0.939008,97.942525
1533,64,1072,-1,-1,-1,-1,-1,-1,0,96.654335,0.941056,97.595391
1534,64,2078,-1,-1,-1,-1,-1,-1,0,160.851974,0.943104,161.795079
1535,64,1072,-1,-1,-1,-1,-1,-1,0,97.283073,0.935936,98.219009
1536,64,2080,-1,-1,-1,-1,-1,-1,0,160.99942,0.935936,161.935356
1537,64,64,-1,-1,-1,-1,-1,22.386688,1,22.455296,0.946176,23.401472
1538,64,64,-1,-1,-1,-1,-1,22.0672,1,22.13376,0.933888,23.067648
1539,64,1072,-1,-1,-1,-1,-1,-1,0,94.502914,0.934912,95.437826
1540,64,64,-1,-1,-1,-1,-1,22.381569,1,22.449152,0.946176,23.395328
1541,64,64,-1,-1,-1,-1,-1,22.185984,1,22.254593,0.94208,23.196673
1542,64,3088,-1,-1,-1,-1,-1,-1,0,219.906052,0.934912,220.840964
1543,64,64,-1,-1,-1,-1,-1,22.454271,1,22.522881,0.955392,23.478273
1544,64,64,-1,-1,-1,-1,-1,22.137856,1,22.206465,0.933888,23.140353
1545,64,64,-1,-1,-1,-1,-1,21.913601,1,21.971968,0.935936,22.907904
1546,64,1072,-1,-1,-1,-1,-1,-1,0,94.826492,0.943104,95.769596
1547,64,64,-1,-1,-1,-1,-1,22.4256,1,22.493183,0.9472,23.440383
1548,64,1072,-1,-1,-1,-1,-1,-1,0,94.885887,0.932864,95.818751
1549,64,1072,-1,-1,-1,-1,-1,-1,0,96.092163,0.951296,97.043459
1550,64,1072,-1,-1,-1,-1,-1,-1,0,95.670273,0.929792,96.600065
1551,64,64,-1,-1,-1,-1,-1,22.317057,1,22.38464,0.940032,23.324672
1552,64,1072,-1,-1,-1,-1,-1,-1,0,95.075325,0.934912,96.010237
1553,64,64,-1,-1,-1,-1,-1,22.431744,1,22.500353,0.945152,23.445505
1554,64,64,-1,-1,-1,-1,-1,22.116352,1,22.183935,0.93696,23.120895
1555,64,64,-1,-1,-1,-1,-1,21.905409,1,21.972992,0.928768,22.90176
1556,64,1072,-1,-1,-1,-1,-1,-1,0,94.089218,0.93696,95.026178
1557,64,64,-1,-1,-1,-1,-1,22.417408,1,22.486015,0.943104,23.429119
1558,64,64,-1,-1,-1,-1,-1,22.106112,1,22.165504,0.93696,23.102464
1559,64,64,-1,-1,-1,-1,-1,21.93408,1,22.000641,0.939008,22.939649
1560,64,64,-1,-1,-1,-1,-1,21.850113,1,21.914623,0.927744,22.842367
1561,64,64,-1,-1,-1,-1,-1,21.859327,1,21.925888,0.924672,22.85056
1562,64,64,-1,-1,-1,-1,-1,21.846016,1,21.911552,0.929792,22.841344
1563,64,64,-1,-1,-1,-1,-1,21.835775,1,21.902336,0.933888,22.836224
1564,64,64,-1,-1,-1,-1,-1,21.777409,1,21.841921,0.924672,22.766593
1565,64,64,-1,-1,-1,-1,-1,21.787647,1,21.854208,0.924672,22.77888
1566,64,1055,-1,-1,-1,-1,-1,-1,0,93.926399,0.93184,94.858239
1567,64,64,-1,-1,-1,-1,-1,22.368256,1,22.434816,0.94208,23.376896
1568,64,64,-1,-1,-1,-1,-1,22.096895,1,22.16448,0.932864,23.097344
1569,64,64,-1,-1,-1,-1,-1,21.948416,1,22.007809,0.930816,22.938625
1570,64,64,-1,-1,-1,-1,-1,21.879808,1,21.943296,0.93696,22.880256
1571,64,64,-1,-1,-1,-1,-1,21.839872,1,21.897217,0.930816,22.828033
1572,64,64,-1,-1,-1,-1,-1,21.873665,1,21.938175,0.927744,22.865919
1573,64,64,-1,-1,-1,-1,-1,21.876736,1,21.942272,0.93184,22.874112
1574,64,2080,-1,-1,-1,-1,-1,-1,0,158.761978,0.939008,159.700986
1575,64,64,-1,-1,-1,-1,-1,22.486015,1,22.554625,0.941056,23.495681
1576,64,64,-1,-1,-1,-1,-1,22.194176,1,22.262783,0.932864,23.195647
1577,64,64,-1,-1,-1,-1,-1,21.977089,1,22.035456,0.935936,22.971392
1578,64,1072,-1,-1,-1,-1,-1,-1,0,94.240768,0.930816,95.171584
1579,64,64,-1,-1,-1,-1,-1,22.447104,1,22.514688,0.937984,23.452672
1580,64,64,-1,-1,-1,-1,-1,22.167553,1,22.235136,0.934912,23.170048
1581,64,64,-1,-1,-1,-1,-1,22.004736,1,22.071297,0.933888,23.005185
1582,64,64,-1,-1,-1,-1,-1,21.948416,1,22.013952,0.929792,22.943744
1583,64,64,-1,-1,-1,-1,-1,21.911552,1,21.977089,0.923648,22.900737
1584,64,64,-1,-1,-1,-1,-1,21.913601,1,21.98016,0.937984,22.918144
1585,64,64,-1,-1,-1,-1,-1,21.909504,1,21.97504,0.928768,22.903808
1586,64,64,-1,-1,-1,-1,-1,21.825537,1,21.890047,0.93184,22.821887
1587,64,64,-1,-1,-1,-1,-1,21.828608,1,21.885952,0.929792,22.815744
1588,64,64,-1,-1,-1,-1,-1,21.855232,1,21.920769,0.92672,22.847489
1589,64,64,-1,-1,-1,-1,-1,21.837824,1,21.90336,0.927744,22.831104
1590,64,1072,-1,-1,-1,-1,-1,-1,0,94.472191,0.930816,95.403007
1591,64,64,-1,-1,-1,-1,-1,22.385664,1,22.454271,0.933888,23.388159
1592,64,1072,-1,-1,-1,-1,-1,-1,0,95.222786,0.933888,96.156674
1593,64,64,-1,-1,-1,-1,-1,22.438911,1,22.505472,0.937984,23.443456
1594,64,64,-1,-1,-1,-1,-1,22.222849,1,22.291456,0.932864,23.22432
1595,64,64,-1,-1,-1,-1,-1,22.046721,1,22.113279,0.93184,23.045119
1596,64,64,-1,-1,-1,-1,-1,21.961727,1,22.028288,0.923648,22.951936
1597,64,2080,-1,-1,-1,-1,-1,-1,0,159.16748,0.930816,160.098296
1598,64,2080,-1,-1,-1,-1,-1,-1,0,161.001465,0.941056,161.942521
1599,64,64,-1,-1,-1,-1,-1,22.536192,1,22.595585,0.9472,23.542785
1600,64,64,-1,-1,-1,-1,-1,22.219776,1,22.288383,0.932864,23.221247
1601,64,1072,-1,-1,-1,-1,-1,-1,0,94.909439,0.933888,95.843327
1602,64,64,-1,-1,-1,-1,-1,22.483969,1,22.549503,0.950272,23.499775
1603,64,64,-1,-1,-1,-1,-1,22.250496,1,22.319103,0.932864,23.251967
1604,64,1071,-1,-1,-1,-1,-1,-1,0,95.03949,0.93696,95.97645
1605,64,64,-1,-1,-1,-1,-1,22.561792,1,22.6304,0.944128,23.574528
1606,64,64,-1,-1,-1,-1,-1,22.212608,1,22.271999,0.934912,23.206911
1607,64,1071,-1,-1,-1,-1,-1,-1,0,94.744576,0.935936,95.680511
1608,64,64,-1,-1,-1,-1,-1,22.459393,1,22.525951,0.93184,23.457791
1609,64,64,-1,-1,-1,-1,-1,22.211584,1,22.270975,0.930816,23.201791
1610,64,64,-1,-1,-1,-1,-1,22.040577,1,22.107136,0.925696,23.032832
1611,64,1072,-1,-1,-1,-1,-1,-1,0,94.935043,0.932864,95.867907
1612,64,64,-1,-1,-1,-1,-1,22.521856,1,22.582272,0.933888,23.51616
1613,64,64,-1,-1,-1,-1,-1,22.218752,1,22.287359,0.934912,23.222271
1614,64,64,-1,-1,-1,-1,-1,22.042624,1,22.102016,0.934912,23.036928
1615,64,64,-1,-1,-1,-1,-1,21.991425,1,22.057983,0.929792,22.987775
1616,64,1072,-1,-1,-1,-1,-1,-1,0,95.220734,0.93184,96.152574
1617,64,64,-1,-1,-1,-1,-1,22.523905,1,22.591488,0.941056,23.532544
1618,64,64,-1,-1,-1,-1,-1,22.271999,1,22.317057,0.941056,23.258113
1619,64,1072,-1,-1,-1,-1,-1,-1,0,94.945282,0.940032,95.885314
1620,64,1072,-1,-1,-1,-1,-1,-1,0,96.970749,0.934912,97.905661
1621,64,2080,-1,-1,-1,-1,-1,-1,0,161.305603,0.933888,162.239491
1622,64,1072,-1,-1,-1,-1,-1,-1,0,96.935936,0.94208,97.878016
1623,64,1072,-1,-1,-1,-1,-1,-1,0,96.9216,0.939008,97.860608
1624,64,64,-1,-1,-1,-1,-1,22.54336,1,22.610945,0.93696,23.547905
1625,64,64,-1,-1,-1,-1,-1,22.271999,1,22.33856,0.930816,23.269376
1626,64,2080,-1,-1,-1,-1,-1,-1,0,160.0,0.939008,160.939008
1627,64,64,-1,-1,-1,-1,-1,22.586369,1,22.654976,0.94208,23.597056
1628,64,1072,-1,-1,-1,-1,-1,-1,0,96.028671,0.943104,96.971775
1629,64,64,-1,-1,-1,-1,-1,22.575104,1,22.644735,0.945152,23.589887
1630,64,64,-1,-1,-1,-1,-1,22.283264,1,22.350847,0.939008,23.289855
1631,64,1072,-1,-1,-1,-1,-1,-1,0,95.158272,0.935936,96.094208
1632,64,64,-1,-1,-1,-1,-1,22.503424,1,22.564863,0.940032,23.504895
1633,64,64,-1,-1,-1,-1,-1,22.28224,1,22.349825,0.935936,23.285761
1634,64,64,-1,-1,-1,-1,-1,22.028288,1,22.072321,0.935936,23.008257
1635,64,64,-1,-1,-1,-1,-1,21.941248,1,22.006784,0.927744,22.934528
1636,64,64,-1,-1,-1,-1,-1,21.94944,1,22.014977,0.94208,22.957057
1637,64,1072,-1,-1,-1,-1,-1,-1,0,94.907394,0.930816,95.83821
1638,64,1071,-1,-1,-1,-1,-1,-1,0,97.014786,0.93696,97.951746
1639,64,1072,-1,-1,-1,-1,-1,-1,0,96.484352,0.933888,97.41824
1640,64,1071,-1,-1,-1,-1,-1,-1,0,96.274429,0.934912,97.209341
1641,64,64,-1,-1,-1,-1,-1,22.429695,1,22.49728,0.939008,23.436288
1642,64,2080,-1,-1,-1,-1,-1,-1,0,160.024582,0.933888,160.95847
1643,64,1072,-1,-1,-1,-1,-1,-1,0,97.415169,0.93696,98.352129
1644,64,2080,-1,-1,-1,-1,-1,-1,0,161.759232,0.935936,162.695168
1645,64,2080,-1,-1,-1,-1,-1,-1,0,163.457031,0.934912,164.391943
1646,64,1072,-1,-1,-1,-1,-1,-1,0,96.658432,0.93184,97.590272
1647,64,2080,-1,-1,-1,-1,-1,-1,0,160.961533,0.93184,161.893373
1648,64,64,-1,-1,-1,-1,-1,22.441984,1,22.509567,0.93696,23.446527
1649,64,64,-1,-1,-1,-1,-1,22.153215,1,22.211584,0.937984,23.149568
1650,64,64,-1,-1,-1,-1,-1,22.011904,1,22.054913,0.93184,22.986753
1651,64,64,-1,-1,-1,-1,-1,21.92384,1,21.9904,0.929792,22.920192
1652,64,1072,-1,-1,-1,-1,-1,-1,0,94.664703,0.943104,95.607807
1653,64,64,-1,-1,-1,-1,-1,22.446079,1,22.505472,0.945152,23.450624
1654,64,2079,-1,-1,-1,-1,-1,-1,0,159.67334,0.934912,160.608252
1655,64,1072,-1,-1,-1,-1,-1,-1,0,96.520195,0.940032,97.460227
1656,64,1072,-1,-1,-1,-1,-1,-1,0,95.985664,0.934912,96.920576
1657,64,1072,-1,-1,-1,-1,-1,-1,0,96.32563,0.937984,97.263614
1658,64,64,-1,-1,-1,-1,-1,22.518784,1,22.586369,0.949248,23.535617
1659,64,1072,-1,-1,-1,-1,-1,-1,0,95.806465,0.935936,96.742401
1660,64,1072,-1,-1,-1,-1,-1,-1,0,96.393219,0.940032,97.333251
1661,64,3088,-1,-1,-1,-1,-1,-1,0,225.173508,0.944128,226.117636
1662,64,64,-1,-1,-1,-1,-1,22.612991,1,22.673409,0.945152,23.61856
1663,64,1072,-1,-1,-1,-1,-1,-1,0,95.676414,0.928768,96.605182
1664,64,2080,-1,-1,-1,-1,-1,-1,0,160.615417,0.93184,161.547257
1665,64,64,-1,-1,-1,-1,-1,22.473728,1,22.540289,0.937984,23.478273
1666,64,1072,-1,-1,-1,-1,-1,-1,0,94.973953,0.934912,95.908865
1667,64,1072,-1,-1,-1,-1,-1,-1,0,96.587776,0.933888,97.521664
1668,64,1072,-1,-1,-1,-1,-1,-1,0,96.367615,0.937984,97.305599
1669,64,64,-1,-1,-1,-1,-1,22.405121,1,22.465536,0.94208,23.407616
1670,64,2080,-1,-1,-1,-1,-1,-1,0,159.647751,0.996352,160.644103
1671,64,64,-1,-1,-1,-1,-1,22.382591,1,22.475777,0.9472,23.422977
1672,64,64,-1,-1,-1,-1,-1,22.079489,1,22.147072,0.932864,23.079936
1673,64,64,-1,-1,-1,-1,-1,21.897217,1,21.963776,0.934912,22.898688
1674,64,64,-1,-1,-1,-1,-1,21.818369,1,21.882879,0.928768,22.811647
1675,64,64,-1,-1,-1,-1,-1,21.803007,1,21.868544,0.93184,22.800384
1676,64,1071,-1,-1,-1,-1,-1,-1,0,94.228477,0.934912,95.16339
1677,64,64,-1,-1,-1,-1,-1,22.4,1,22.460417,0.940032,23.400449
1678,64,2080,-1,-1,-1,-1,-1,-1,0,159.489029,0.935936,160.424965
1679,64,64,-1,-1,-1,-1,-1,22.482944,1,22.551552,0.940032,23.491584
1680,64,64,-1,-1,-1,-1,-1,22.178816,1,22.245377,0.934912,23.180289
1681,64,64,-1,-1,-1,-1,-1,21.9648,1,22.030336,0.93184,22.962176
1682,64,1072,-1,-1,-1,-1,-1,-1,0,94.53875,0.935936,95.474686
1683,64,1072,-1,-1,-1,-1,-1,-1,0,96.391167,0.933888,97.325055
1684,64,64,-1,-1,-1,-1,-1,22.365185,1,22.432768,0.937984,23.370752
1685,64,1072,-1,-1,-1,-1,-1,-1,0,95.070206,0.93696,96.007166
1686,64,64,-1,-1,-1,-1,-1,22.468609,1,22.529024,0.944128,23.473152
1687,64,64,-1,-1,-1,-1,-1,22.128639,1,22.196224,0.939008,23.135232
1688,64,64,-1,-1,-1,-1,-1,22.004736,1,22.072321,0.934912,23.007233
1689,64,64,-1,-1,-1,-1,-1,21.886976,1,21.952513,0.929792,22.882305
1690,64,64,-1,-1,-1,-1,-1,21.838848,1,21.905409,0.927744,22.833153
1691,64,64,-1,-1,-1,-1,-1,21.861376,1,21.927937,0.930816,22.858753
1692,64,64,-1,-1,-1,-1,-1,21.842943,1,21.910528,0.930816,22.841344
1693,64,64,-1,-1,-1,-1,-1,21.761024,1,21.819391,0.932864,22.752255
1694,64,64,-1,-1,-1,-1,-1,21.758976,1,21.823488,0.935936,22.759424
1695,64,1072,-1,-1,-1,-1,-1,-1,0,94.124031,0.933888,95.057919
1696,64,64,-1,-1,-1,-1,-1,22.475777,1,22.534143,0.945152,23.479295
1697,64,64,-1,-1,-1,-1,-1,22.162432,1,22.230017,0.93696,23.166977
1698,64,64,-1,-1,-1,-1,-1,22.068224,1,22.134785,0.93184,23.066625
1699,64,1072,-1,-1,-1,-1,-1,-1,0,94.889984,0.934912,95.824896
1700,64,64,-1,-1,-1,-1,-1,22.505472,1,22.572033,0.939008,23.511041
1701,64,64,-1,-1,-1,-1,-1,22.097919,1,22.16448,0.928768,23.093248
1702,64,64,-1,-1,-1,-1,-1,21.960705,1,22.019072,0.927744,22.946816
1703,64,64,-1,-1,-1,-1,-1,21.90848,1,21.97504,0.930816,22.905856
1704,64,64,-1,-1,-1,-1,-1,21.883904,1,21.94944,0.930816,22.880256
1705,64,64,-1,-1,-1,-1,-1,21.902336,1,21.958656,0.929792,22.888448
1706,64,1072,-1,-1,-1,-1,-1,-1,0,94.287872,0.929792,95.217664
1707,64,64,-1,-1,-1,-1,-1,22.346752,1,22.414335,0.939008,23.353343
1708,64,64,-1,-1,-1,-1,-1,22.122496,1,22.190081,0.932864,23.122945
1709,64,64,-1,-1,-1,-1,-1,21.992449,1,22.050816,0.934912,22.985728
1710,64,64,-1,-1,-1,-1,-1,21.904385,1,21.970943,0.932864,22.903807
1711,64,64,-1,-1,-1,-1,-1,21.892096,1,21.956608,0.928768,22.885376
1712,64,64,-1,-1,-1,-1,-1,21.93408,1,21.998592,0.928768,22.92736
1713,64,64,-1,-1,-1,-1,-1,21.926912,1,21.993471,0.929792,22.923263
1714,64,3087,-1,-1,-1,-1,-1,-1,0,219.808762,0.941056,220.749818
1715,64,64,-1,-1,-1,-1,-1,22.519808,1,22.589439,0.94208,23.531519
1716,64,64,-1,-1,-1,-1,-1,22.206465,1,22.265856,0.933888,23.199744
1717,64,1072,-1,-1,-1,-1,-1,-1,0,94.743553,0.939008,95.682561
1718,64,64,-1,-1,-1,-1,-1,22.457344,1,22.524927,0.949248,23.474175
1719,64,64,-1,-1,-1,-1,-1,22.202368,1,22.261761,0.94208,23.203841
1720,64,64,-1,-1,-1,-1,-1,21.992449,1,22.060032,0.934912,22.994944
1721,64,64,-1,-1,-1,-1,-1,21.904385,1,21.970943,0.927744,22.898687
1722,64,64,-1,-1,-1,-1,-1,21.888,1,21.953535,0.924672,22.878207
1723,64,64,-1,-1,-1,-1,-1,21.898239,1,21.9648,0.937984,22.902784
1724,64,64,-1,-1,-1,-1,-1,21.902336,1,21.959681,0.932864,22.892545
1725,64,64,-1,-1,-1,-1,-1,21.857281,1,21.92384,0.925696,22.849536
1726,64,64,-1,-1,-1,-1,-1,21.850113,1,21.914623,0.932864,22.847487
1727,64,64,-1,-1,-1,-1,-1,21.864449,1,21.929983,0.927744,22.857727
1728,64,1071,-1,-1,-1,-1,-1,-1,0,95.372292,0.935936,96.308228
1729,64,2080,-1,-1,-1,-1,-1,-1,0,160.784378,0.934912,161.71929
1730,64,64,-1,-1,-1,-1,-1,22.49728,1,22.55872,0.9472,23.50592
1731,64,64,-1,-1,-1,-1,-1,22.248447,1,22.317057,0.937984,23.255041
1732,64,64,-1,-1,-1,-1,-1,22.055937,1,22.124544,0.927744,23.052288
1733,64,1072,-1,-1,-1,-1,-1,-1,0,95.010818,0.935936,95.946754
1734,64,64,-1,-1,-1,-1,-1,22.513664,1,22.57408,0.9472,23.52128
1735,64,64,-1,-1,-1,-1,-1,22.219776,1,22.278145,0.932864,23.211009
1736,64,1072,-1,-1,-1,-1,-1,-1,0,94.833664,0.933888,95.767552
1737,64,64,-1,-1,-1,-1,-1,22.449152,1,22.516735,0.94208,23.458815
1738,64,1072,-1,-1,-1,-1,-1,-1,0,95.74707,0.934912,96.681982
1739,64,1072,-1,-1,-1,-1,-1,-1,0,96.964607,0.932864,97.897471
1740,64,64,-1,-1,-1,-1,-1,22.450176,1,22.517759,0.941056,23.458815
1741,64,1072,-1,-1,-1,-1,-1,-1,0,96.206848,0.937984,97.144832
1742,64,64,-1,-1,-1,-1,-1,22.531073,1,22.597631,0.93696,23.534591
1743,64,1072,-1,-1,-1,-1,-1,-1,0,95.777794,0.937984,96.715778
1744,64,64,-1,-1,-1,-1,-1,22.421503,1,22.489088,0.937984,23.427072
1745,64,1072,-1,-1,-1,-1,-1,-1,0,95.519745,0.933888,96.453633
1746,64,64,-1,-1,-1,-1,-1,22.432768,1,22.491137,0.932864,23.424001
1747,64,2080,-1,-1,-1,-1,-1,-1,0,160.363525,0.939008,161.302533
1748,64,2080,-1,-1,-1,-1,-1,-1,0,161.349625,0.934912,162.284537
1749,64,64,-1,-1,-1,-1,-1,22.505472,1,22.573055,0.941056,23.514111
1750,64,1071,-1,-1,-1,-1,-1,-1,0,95.881218,0.933888,96.815106
1751,64,64,-1,-1,-1,-1,-1,22.423552,1,22.491137,0.94208,23.433217
1752,64,64,-1,-1,-1,-1,-1,22.163456,1,22.232063,0.937984,23.170047
1753,64,64,-1,-1,-1,-1,-1,22.019072,1,22.07744,0.93184,23.00928
1754,64,1071,-1,-1,-1,-1,-1,-1,0,95.083519,0.933888,96.017407
1755,64,64,-1,-1,-1,-1,-1,22.489088,1,22.556671,0.939008,23.495679
1756,64,64,-1,-1,-1,-1,-1,22.226944,1,22.286337,0.930816,23.217153
1757,64,64,-1,-1,-1,-1,-1,22.022144,1,22.088703,0.93184,23.020543
1758,64,1072,-1,-1,-1,-1,-1,-1,0,95.090691,0.93184,96.022531
1759,64,1072,-1,-1,-1,-1,-1,-1,0,97.018883,0.935936,97.954819
1760,64,1072,-1,-1,-1,-1,-1,-1,0,96.271362,0.93696,97.208322
1761,64,1072,-1,-1,-1,-1,-1,-1,0,96.293884,0.930816,97.2247
1762,64,2080,-1,-1,-1,-1,-1,-1,0,161.003525,0.935936,161.939461
1763,64,2080,-1,-1,-1,-1,-1,-1,0,161.816574,0.946176,162.76275
1764,64,64,-1,-1,-1,-1,-1,22.647808,1,22.71744,0.945152,23.662592
1765,64,64,-1,-1,-1,-1,-1,22.305792,1,22.398975,0.934912,23.333887
1766,64,1072,-1,-1,-1,-1,-1,-1,0,95.298561,0.946176,96.244737
1767,64,64,-1,-1,-1,-1,-1,22.668287,1,22.736897,0.943104,23.680001
1768,64,64,-1,-1,-1,-1,-1,22.413313,1,22.48192,0.93696,23.41888
1769,64,2080,-1,-1,-1,-1,-1,-1,0,159.569916,0.941056,160.510972
1770,64,64,-1,-1,-1,-1,-1,22.505472,1,22.57408,0.939008,23.513088
1771,64,64,-1,-1,-1,-1,-1,22.258688,1,22.32832,0.932864,23.261184
1772,64,1072,-1,-1,-1,-1,-1,-1,0,95.440895,0.930816,96.371711
1773,64,1072,-1,-1,-1,-1,-1,-1,0,96.65126,0.93184,97.5831
1774,64,1072,-1,-1,-1,-1,-1,-1,0,96.176125,0.932864,97.108989
1775,64,2079,-1,-1,-1,-1,-1,-1,0,161.139709,0.93184,162.071549
1776,64,1072,-1,-1,-1,-1,-1,-1,0,96.993279,0.930816,97.924094
1777,64,1072,-1,-1,-1,-1,-1,-1,0,96.495613,0.93696,97.432573
1778,64,5103,-1,-1,-1,-1,-1,-1,0,339.382263,0.951296,340.333559
1779,64,1072,-1,-1,-1,-1,-1,-1,0,97.203201,0.939008,98.142209
1780,64,1072,-1,-1,-1,-1,-1,-1,0,95.953918,0.935936,96.889854
1781,64,64,-1,-1,-1,-1,-1,22.350847,1,22.416384,0.948224,23.364608
1782,64,64,-1,-1,-1,-1,-1,22.143999,1,22.211584,0.930816,23.1424
1783,64,64,-1,-1,-1,-1,-1,21.944321,1,22.009855,0.93184,22.941695
1784,64,64,-1,-1,-1,-1,-1,21.863424,1,21.919744,0.927744,22.847488
1785,64,64,-1,-1,-1,-1,-1,21.838848,1,21.905409,0.929792,22.835201
1786,64,64,-1,-1,-1,-1,-1,21.8368,1,21.90336,0.930816,22.834176
1787,64,2080,-1,-1,-1,-1,-1,-1,0,159.036423,0.939008,159.975431
1788,64,64,-1,-1,-1,-1,-1,22.423552,1,22.491137,0.939008,23.430145
1789,64,1072,-1,-1,-1,-1,-1,-1,0,94.981117,0.932864,95.913981
1790,64,64,-1,-1,-1,-1,-1,22.334463,1,22.391808,0.93696,23.328768
1791,64,64,-1,-1,-1,-1,-1,22.078465,1,22.142977,0.934912,23.077889
1792,64,1072,-1,-1,-1,-1,-1,-1,0,94.776321,0.932864,95.709185
1793,64,1072,-1,-1,-1,-1,-1,-1,0,97.014786,0.935936,97.950722
1794,64,2079,-1,-1,-1,-1,-1,-1,0,160.877563,0.93184,161.809403
1795,64,64,-1,-1,-1,-1,-1,22.434816,1,22.502399,0.937984,23.440383
1796,64,64,-1,-1,-1,-1,-1,22.135809,1,22.204416,0.935936,23.140352
1797,64,64,-1,-1,-1,-1,-1,21.946367,1,22.012928,0.933888,22.946816
1798,64,1072,-1,-1,-1,-1,-1,-1,0,94.807037,0.935936,95.742973
1799,64,64,-1,-1,-1,-1,-1,22.499329,1,22.564863,0.940032,23.504895
1800,64,64,-1,-1,-1,-1,-1,22.207487,1,22.265856,0.932864,23.19872
1801,64,1071,-1,-1,-1,-1,-1,-1,0,94.885887,0.937984,95.823871
1802,64,1072,-1,-1,-1,-1,-1,-1,0,95.776772,0.932864,96.709636
1803,64,1072,-1,-1,-1,-1,-1,-1,0,95.773697,0.93184,96.705537
1804,64,64,-1,-1,-1,-1,-1,22.550528,1,22.617088,0.943104,23.560192
1805,64,1072,-1,-1,-1,-1,-1,-1,0,95.273987,0.935936,96.209923
1806,64,64,-1,-1,-1,-1,-1,22.465536,1,22.531073,0.940032,23.471105
1807,64,64,-1,-1,-1,-1,-1,22.10816,1,22.173697,0.933888,23.107585
1808,64,64,-1,-1,-1,-1,-1,21.947392,1,22.012928,0.92672,22.939648
1809,64,64,-1,-1,-1,-1,-1,21.897217,1,21.962751,0.930816,22.893567
1810,64,1072,-1,-1,-1,-1,-1,-1,0,94.742531,0.933888,95.676419
1811,64,1072,-1,-1,-1,-1,-1,-1,0,96.30925,0.940032,97.249282
1812,64,64,-1,-1,-1,-1,-1,22.352896,1,22.419456,0.933888,23.353345
1813,64,1072,-1,-1,-1,-1,-1,-1,0,95.284225,0.940032,96.224257
1814,64,64,-1,-1,-1,-1,-1,22.490112,1,22.557695,0.93696,23.494655
1815,64,64,-1,-1,-1,-1,-1,22.095873,1,22.161407,0.93184,23.093247
1816,64,1072,-1,-1,-1,-1,-1,-1,0,94.453758,0.933888,95.387646
1817,64,64,-1,-1,-1,-1,-1,22.48192,1,22.549503,0.93696,23.486463
1818,64,64,-1,-1,-1,-1,-1,22.199297,1,22.255615,0.933888,23.189503
1819,64,64,-1,-1,-1,-1,-1,21.971968,1,22.030336,0.93184,22.962176
1820,64,1071,-1,-1,-1,-1,-1,-1,0,94.850044,0.946176,95.79622
1821,64,64,-1,-1,-1,-1,-1,22.457344,1,22.523905,0.935936,23.459841
1822,64,64,-1,-1,-1,-1,-1,22.152191,1,22.219776,0.93184,23.151616
1823,64,64,-1,-1,-1,-1,-1,21.977089,1,22.043648,0.940032,22.98368
1824,64,64,-1,-1,-1,-1,-1,21.895168,1,21.960705,0.930816,22.891521
1825,64,64,-1,-1,-1,-1,-1,21.869568,1,21.936129,0.929792,22.865921
1826,64,64,-1,-1,-1,-1,-1,21.841921,1,21.907455,0.924672,22.832127
1827,64,1072,-1,-1,-1,-1,-1,-1,0,94.772224,0.937984,95.710208
1828,64,64,-1,-1,-1,-1,-1,22.434816,1,22.502399,0.944128,23.446527
1829,64,64,-1,-1,-1,-1,-1,22.117376,1,22.184959,0.93696,23.121919
1830,64,1072,-1,-1,-1,-1,-1,-1,0,94.731262,0.933888,95.66515
1831,64,64,-1,-1,-1,-1,-1,22.412289,1,22.478848,0.949248,23.428096
1832,64,1072,-1,-1,-1,-1,-1,-1,0,95.092735,0.934912,96.027647
1833,64,64,-1,-1,-1,-1,-1,22.403072,1,22.470655,0.940032,23.410687
1834,64,64,-1,-1,-1,-1,-1,22.16448,1,22.232063,0.939008,23.171071
1835,64,1072,-1,-1,-1,-1,-1,-1,0,94.765053,0.932864,95.697917
1836,64,64,-1,-1,-1,-1,-1,22.397951,1,22.464512,0.940032,23.404544
1837,64,64,-1,-1,-1,-1,-1,22.145023,1,22.212608,0.940032,23.15264
1838,64,64,-1,-1,-1,-1,-1,21.989376,1,22.047745,0.92672,22.974465
1839,64,64,-1,-1,-1,-1,-1,21.871616,1,21.938175,0.932864,22.871039
1840,64,64,-1,-1,-1,-1,-1,21.912577,1,21.979136,0.928768,22.907903
1841,64,2079,-1,-1,-1,-1,-1,-1,0,158.736389,0.93696,159.673349
1842,64,64,-1,-1,-1,-1,-1,22.478848,1,22.537216,0.943104,23.48032
1843,64,64,-1,-1,-1,-1,-1,22.163456,1,22.232063,0.932864,23.164927
1844,64,64,-1,-1,-1,-1,-1,22.002687,1,22.070272,0.930816,23.001088
1845,64,64,-1,-1,-1,-1,-1,21.926912,1,21.984257,0.928768,22.913025
1846,64,64,-1,-1,-1,-1,-1,21.899263,1,21.965824,0.928768,22.894592
1847,64,1072,-1,-1,-1,-1,-1,-1,0,95.060989,0.937984,95.998973
1848,64,64,-1,-1,-1,-1,-1,22.511616,1,22.579201,0.944128,23.523329
1849,64,64,-1,-1,-1,-1,-1,22.25152,1,22.319103,0.939008,23.258111
1850,64,64,-1,-1,-1,-1,-1,22.074368,1,22.140928,0.940032,23.08096
1851,64,64,-1,-1,-1,-1,-1,21.958656,1,22.024193,0.929792,22.953985
1852,64,64,-1,-1,-1,-1,-1,21.900288,1,21.9648,0.929792,22.894592
1853,64,2080,-1,-1,-1,-1,-1,-1,0,158.993408,0.93696,159.930368
1854,64,64,-1,-1,-1,-1,-1,22.492161,1,22.560768,0.950272,23.51104
1855,64,64,-1,-1,-1,-1,-1,22.243328,1,22.310911,0.934912,23.245823
1856,64,2080,-1,-1,-1,-1,-1,-1,0,158.979065,0.932864,159.911929
1857,64,64,-1,-1,-1,-1,-1,22.486015,1,22.554625,0.948224,23.502849
1858,64,64,-1,-1,-1,-1,-1,22.185984,1,22.255615,0.93696,23.192575
1859,64,64,-1,-1,-1,-1,-1,21.989376,1,22.055937,0.930816,22.986753
1860,64,64,-1,-1,-1,-1,-1,21.889025,1,21.954559,0.93184,22.886399
1861,64,1072,-1,-1,-1,-1,-1,-1,0,95.218689,0.933888,96.152577
1862,64,1072,-1,-1,-1,-1,-1,-1,0,96.65741,0.934912,97.592322
1863,64,1072,-1,-1,-1,-1,-1,-1,0,97.23085,0.930816,98.161666
1864,64,64,-1,-1,-1,-1,-1,22.488064,1,22.555649,0.939008,23.494657
1865,64,1071,-1,-1,-1,-1,-1,-1,0,95.874046,0.932864,96.80691
1866,64,64,-1,-1,-1,-1,-1,22.54336,1,22.611967,0.951296,23.563263
1867,64,64,-1,-1,-1,-1,-1,22.271999,1,22.332417,0.937984,23.270401
1868,64,64,-1,-1,-1,-1,-1,22.031361,1,22.096895,0.932864,23.029759
1869,64,64,-1,-1,-1,-1,-1,21.929983,1,21.99552,0.923648,22.919168
1870,64,1072,-1,-1,-1,-1,-1,-1,0,94.791679,0.939008,95.730687
1871,64,64,-1,-1,-1,-1,-1,22.573055,1,22.64064,0.956416,23.597056
1872,64,1072,-1,-1,-1,-1,-1,-1,0,95.448067,0.927744,96.375811
1873,64,64,-1,-1,-1,-1,-1,22.490112,1,22.557695,0.944128,23.501823
1874,64,64,-1,-1,-1,-1,-1,22.215679,1,22.284288,0.93696,23.221248
1875,64,1072,-1,-1,-1,-1,-1,-1,0,95.409149,0.935936,96.345085
1876,64,64,-1,-1,-1,-1,-1,22.596607,1,22.665216,0.944128,23.609344
1877,64,3088,-1,-1,-1,-1,-1,-1,0,220.685318,0.93696,221.622278
1878,64,64,-1,-1,-1,-1,-1,22.590464,1,22.658049,0.93696,23.595009
1879,64,64,-1,-1,-1,-1,-1,22.224895,1,22.290432,0.937984,23.228416
1880,64,64,-1,-1,-1,-1,-1,22.041599,1,22.107136,0.932864,23.04
1881,64,64,-1,-1,-1,-1,-1,21.943296,1,22.000641,0.933888,22.934529
1882,64,64,-1,-1,-1,-1,-1,21.974016,1,22.031361,0.930816,22.962177
1883,64,1071,-1,-1,-1,-1,-1,-1,0,95.235069,0.935936,96.171005
1884,64,1072,-1,-1,-1,-1,-1,-1,0,96.841728,0.934912,97.77664
1885,64,64,-1,-1,-1,-1,-1,22.444033,1,22.511616,0.944128,23.455744
1886,64,64,-1,-1,-1,-1,-1,22.215679,1,22.276096,0.93184,23.207936
1887,64,64,-1,-1,-1,-1,-1,22.053888,1,22.119425,0.927744,23.047169
1888,64,2080,-1,-1,-1,-1,-1,-1,0,158.826492,0.933888,159.76038
1889,64,1072,-1,-1,-1,-1,-1,-1,0,96.284676,0.93696,97.221636
1890,64,64,-1,-1,-1,-1,-1,22.402048,1,22.469631,0.954368,23.423999
1891,64,2079,-1,-1,-1,-1,-1,-1,0,160.172028,0.941056,161.113084
1892,64,2080,-1,-1,-1,-1,-1,-1,0,161.521667,0.934912,162.45658
1893,64,1072,-1,-1,-1,-1,-1,-1,0,97.400833,0.939008,98.339841
1894,64,1072,-1,-1,-1,-1,-1,-1,0,96.769028,0.932864,97.701892
1895,64,2079,-1,-1,-1,-1,-1,-1,0,163.178497,0.943104,164.121601
1896,64,3088,-1,-1,-1,-1,-1,-1,0,221.980667,0.94208,222.922747
1897,64,2079,-1,-1,-1,-1,-1,-1,0,160.88269,0.935936,161.818626
1898,64,64,-1,-1,-1,-1,-1,22.443008,1,22.503424,0.940032,23.443456
1899,64,64,-1,-1,-1,-1,-1,22.153215,1,22.211584,0.928768,23.140352
1900,64,64,-1,-1,-1,-1,-1,21.933056,1,22.000641,0.930816,22.931457
1901,64,1072,-1,-1,-1,-1,-1,-1,0,94.894081,0.93696,95.831041
1902,64,64,-1,-1,-1,-1,-1,22.545408,1,22.604799,0.941056,23.545855
1903,64,2080,-1,-1,-1,-1,-1,-1,0,159.587326,0.933888,160.521214
1904,64,64,-1,-1,-1,-1,-1,22.490112,1,22.557695,0.940032,23.497727
1905,64,1071,-1,-1,-1,-1,-1,-1,0,95.397888,0.934912,96.3328
1906,64,1072,-1,-1,-1,-1,-1,-1,0,97.099777,0.940032,98.039809
1907,64,64,-1,-1,-1,-1,-1,22.464512,1,22.533119,0.943104,23.476223
1908,64,1072,-1,-1,-1,-1,-1,-1,0,95.076355,0.940032,96.016387
1909,64,2080,-1,-1,-1,-1,-1,-1,0,160.718842,0.937984,161.656826
1910,64,64,-1,-1,-1,-1,-1,22.454271,1,22.522881,0.946176,23.469057
1911,64,1072,-1,-1,-1,-1,-1,-1,0,95.865852,0.941056,96.806908
1912,64,1072,-1,-1,-1,-1,-1,-1,0,96.820221,0.934912,97.755133
1913,64,64,-1,-1,-1,-1,-1,22.38464,1,22.452225,0.940032,23.392257
1914,64,64,-1,-1,-1,-1,-1,22.16448,1,22.231039,0.93696,23.167999
1915,64,64,-1,-1,-1,-1,-1,21.972992,1,22.039553,0.928768,22.968321
1916,64,64,-1,-1,-1,-1,-1,21.895168,1,21.953535,0.93184,22.885375
1917,64,2064,-1,-1,-1,-1,-1,-1,0,158.327805,0.935936,159.263741
1918,64,64,-1,-1,-1,-1,-1,22.405121,1,22.47168,0.941056,23.412736
1919,64,1072,-1,-1,-1,-1,-1,-1,0,95.108093,0.934912,96.043005
1920,64,1072,-1,-1,-1,-1,-1,-1,0,96.552963,0.930816,97.483779
1921,64,64,-1,-1,-1,-1,-1,22.439936,1,22.507521,0.944128,23.451649
1922,64,64,-1,-1,-1,-1,-1,22.189056,1,22.257664,0.940032,23.197696
1923,64,64,-1,-1,-1,-1,-1,22.006784,1,22.073343,0.93184,23.005183
1924,64,1072,-1,-1,-1,-1,-1,-1,0,95.046654,0.939008,95.985662
1925,64,64,-1,-1,-1,-1,-1,22.499329,1,22.55872,0.945152,23.503872
1926,64,3088,-1,-1,-1,-1,-1,-1,0,220.233734,0.940032,221.173766
1927,64,64,-1,-1,-1,-1,-1,22.544384,1,22.612991,0.94208,23.555071
1928,64,1072,-1,-1,-1,-1,-1,-1,0,95.40403,0.937984,96.342014
1929,64,64,-1,-1,-1,-1,-1,22.470655,1,22.53824,0.943104,23.481344
1930,64,64,-1,-1,-1,-1,-1,22.100992,1,22.158337,0.933888,23.092225
1931,64,64,-1,-1,-1,-1,-1,21.991425,1,22.059008,0.937984,22.996992
1932,64,64,-1,-1,-1,-1,-1,21.883904,1,21.94944,0.93696,22.8864
1933,64,1072,-1,-1,-1,-1,-1,-1,0,94.164993,0.93696,95.101953
1934,64,1072,-1,-1,-1,-1,-1,-1,0,96.17408,0.932864,97.106944
1935,64,1071,-1,-1,-1,-1,-1,-1,0,96.698364,0.93696,97.635324
1936,64,64,-1,-1,-1,-1,-1,22.398975,1,22.465536,0.944128,23.409664
1937,64,64,-1,-1,-1,-1,-1,22.119425,1,22.187008,0.935936,23.122944
1938,64,64,-1,-1,-1,-1,-1,21.958656,1,22.018047,0.930816,22.948863
1939,64,1072,-1,-1,-1,-1,-1,-1,0,94.167038,0.937984,95.105022
1940,64,64,-1,-1,-1,-1,-1,22.383615,1,22.4512,0.94208,23.393281
1941,64,64,-1,-1,-1,-1,-1,22.122496,1,22.190081,0.93184,23.121921
1942,64,64,-1,-1,-1,-1,-1,21.986303,1,22.052864,0.935936,22.9888
1943,64,64,-1,-1,-1,-1,-1,21.89312,1,21.960705,0.929792,22.890497
1944,64,64,-1,-1,-1,-1,-1,21.840897,1,21.907455,0.934912,22.842367
1945,64,64,-1,-1,-1,-1,-1,21.84704,1,21.912577,0.929792,22.842369
1946,64,64,-1,-1,-1,-1,-1,21.837824,1,21.902336,0.928768,22.831104
1947,64,64,-1,-1,-1,-1,-1,21.783552,1,21.84704,0.92672,22.77376
1948,64,64,-1,-1,-1,-1,-1,21.780479,1,21.846016,0.924672,22.770688
1949,64,64,-1,-1,-1,-1,-1,21.791744,1,21.857281,0.929792,22.787073
1950,64,64,-1,-1,-1,-1,-1,21.803007,1,21.866495,0.928768,22.795263
1951,64,2080,-1,-1,-1,-1,-1,-1,0,158.619644,0.941056,159.5607
1952,64,1071,-1,-1,-1,-1,-1,-1,0,96.717827,0.932864,97.650691
1953,64,64,-1,-1,-1,-1,-1,22.362112,1,22.429695,0.945152,23.374847
1954,64,64,-1,-1,-1,-1,-1,22.129663,1,22.197248,0.94208,23.139328
1955,64,64,-1,-1,-1,-1,-1,21.977089,1,22.03648,0.937984,22.974464
1956,64,64,-1,-1,-1,-1,-1,21.87776,1,21.944321,0.927744,22.872065
1957,64,1072,-1,-1,-1,-1,-1,-1,0,94.475266,0.935936,95.411201
1958,64,1072,-1,-1,-1,-1,-1,-1,0,96.027649,0.93184,96.959489
1959,64,64,-1,-1,-1,-1,-1,22.370304,1,22.437887,0.944128,23.382015
1960,64,64,-1,-1,-1,-1,-1,22.114304,1,22.181889,0.939008,23.120897
1961,64,64,-1,-1,-1,-1,-1,21.976065,1,22.042624,0.933888,22.976512
1962,64,64,-1,-1,-1,-1,-1,21.879808,1,21.937153,0.946176,22.883329
1963,64,1072,-1,-1,-1,-1,-1,-1,0,94.889984,0.935936,95.82592
1964,64,64,-1,-1,-1,-1,-1,22.479872,1,22.547457,0.94208,23.489537
1965,64,64,-1,-1,-1,-1,-1,22.258688,1,22.326271,0.934912,23.261183
1966,64,64,-1,-1,-1,-1,-1,21.98016,1,22.047745,0.928768,22.976513
1967,64,1072,-1,-1,-1,-1,-1,-1,0,95.010818,0.937984,95.948802
1968,64,64,-1,-1,-1,-1,-1,22.54336,1,22.611967,0.941056,23.553023
1969,64,64,-1,-1,-1,-1,-1,22.202368,1,22.270975,0.927744,23.198719
1970,64,1072,-1,-1,-1,-1,-1,-1,0,94.532608,0.937984,95.470592
1971,64,64,-1,-1,-1,-1,-1,22.460417,1,22.526976,0.939008,23.465984
1972,64,64,-1,-1,-1,-1,-1,22.185984,1,22.253569,0.933888,23.187457
1973,64,64,-1,-1,-1,-1,-1,22.031361,1,22.097919,0.934912,23.032831
1974,64,64,-1,-1,-1,-1,-1,21.947392,1,22.014977,0.927744,22.94272
1975,64,64,-1,-1,-1,-1,-1,21.910528,1,21.976065,0.927744,22.903809
1976,63,63,-1,-1,-1,-1,-1,21.920769,1,21.986303,0.92672,22.913023
1977,63,63,-1,-1,-1,-1,-1,21.928961,1,21.985279,0.927744,22.913023
1978,63,63,-1,-1,-1,-1,-1,21.834751,1,21.901312,0.923648,22.82496
1979,62,62,-1,-1,-1,-1,-1,21.795839,1,21.861376,0.920576,22.781952
1980,60,60,-1,-1,-1,-1,-1,21.74976,1,21.815296,0.922624,22.73792
1981,59,59,-1,-1,-1,-1,-1,21.687296,1,21.752832,0.91648,22.669312
