step,sched_reqs,sched_tokens,batch,num_query_tokens,sum_seq_len,num_spec_tokens,draft_ms,target_fwd_ms,n_target_fwd,exec_ms,sample_ms,step_ms
0,16,32,-1,-1,-1,-1,-1,20.242432,1,3742.70874,12204.732422,15947.441162
1,16,16,-1,-1,-1,-1,-1,13.232128,1,14.539776,3.866624,18.4064
2,1,1025,-1,-1,-1,-1,-1,-1,0,96.63488,0.832512,97.467392
3,10,8192,-1,-1,-1,-1,-1,-1,0,535.447571,0.827392,536.274963
4,16,6950,-1,-1,-1,-1,-1,-1,0,440.838135,0.83968,441.677815
5,16,16,-1,-1,-1,-1,-1,14.066688,1,14.125056,0.831488,14.956544
6,16,16,-1,-1,-1,-1,-1,14.025728,1,14.068736,0.82944,14.898176
7,16,16,-1,-1,-1,-1,-1,13.903872,1,13.94688,0.82432,14.7712
8,16,16,-1,-1,-1,-1,-1,13.831168,1,13.8752,0.82432,14.69952
9,16,16,-1,-1,-1,-1,-1,13.799424,1,13.840384,0.825344,14.665728
10,16,16,-1,-1,-1,-1,-1,13.800448,1,13.843456,0.82432,14.667776
11,16,16,-1,-1,-1,-1,-1,13.802496,1,13.84448,0.828416,14.672896
12,16,16,-1,-1,-1,-1,-1,13.796352,1,13.838336,0.828416,14.666752
13,16,16,-1,-1,-1,-1,-1,13.787136,1,13.82912,0.827392,14.656512
14,16,16,-1,-1,-1,-1,-1,13.814784,1,13.858816,0.82432,14.683136
15,16,16,-1,-1,-1,-1,-1,13.764608,1,13.806592,0.826368,14.63296
16,16,16,-1,-1,-1,-1,-1,13.7984,1,13.840384,0.826368,14.666752
17,16,16,-1,-1,-1,-1,-1,13.807616,1,13.8496,0.821248,14.670848
18,16,16,-1,-1,-1,-1,-1,13.769728,1,13.833216,0.823296,14.656512
19,16,16,-1,-1,-1,-1,-1,13.778944,1,13.845504,0.823296,14.6688
20,16,16,-1,-1,-1,-1,-1,13.78304,1,13.83936,0.823296,14.662656
21,16,16,-1,-1,-1,-1,-1,13.7984,1,13.862912,0.82432,14.687232
22,16,16,-1,-1,-1,-1,-1,13.785088,1,13.827072,0.823296,14.650368
23,16,16,-1,-1,-1,-1,-1,13.769728,1,13.811712,0.825344,14.637056
24,16,16,-1,-1,-1,-1,-1,13.811712,1,13.853696,0.822272,14.675968
25,16,16,-1,-1,-1,-1,-1,13.791232,1,13.832192,0.82432,14.656512
26,16,16,-1,-1,-1,-1,-1,13.81376,1,13.856768,0.82432,14.681088
27,16,16,-1,-1,-1,-1,-1,13.81888,1,13.85984,0.822272,14.682112
28,16,16,-1,-1,-1,-1,-1,13.7984,1,13.83936,0.826368,14.665728
29,16,16,-1,-1,-1,-1,-1,13.800448,1,13.840384,0.826368,14.666752
30,16,16,-1,-1,-1,-1,-1,13.795328,1,13.836288,0.82432,14.660608
31,16,16,-1,-1,-1,-1,-1,13.78816,1,13.830144,0.826368,14.656512
32,16,16,-1,-1,-1,-1,-1,13.810688,1,13.851648,0.822272,14.67392
33,16,16,-1,-1,-1,-1,-1,13.795328,1,13.837312,0.82432,14.661632
34,16,16,-1,-1,-1,-1,-1,13.815808,1,13.88032,0.826368,14.706688
35,16,16,-1,-1,-1,-1,-1,13.81376,1,13.878272,0.827392,14.705664
36,16,16,-1,-1,-1,-1,-1,13.80864,1,13.873152,0.825344,14.698496
37,16,16,-1,-1,-1,-1,-1,13.806592,1,13.863936,0.822272,14.686208
38,16,16,-1,-1,-1,-1,-1,13.806592,1,13.848576,0.828416,14.676992
39,16,16,-1,-1,-1,-1,-1,13.811712,1,13.853696,0.825344,14.67904
40,16,16,-1,-1,-1,-1,-1,13.826048,1,13.869056,0.825344,14.6944
41,16,16,-1,-1,-1,-1,-1,13.806592,1,13.847552,0.827392,14.674944
42,16,16,-1,-1,-1,-1,-1,13.809664,1,13.852672,0.823296,14.675968
43,16,16,-1,-1,-1,-1,-1,13.850624,1,13.892608,0.828416,14.721024
44,16,16,-1,-1,-1,-1,-1,13.80864,1,13.850624,0.826368,14.676992
45,16,16,-1,-1,-1,-1,-1,13.810688,1,13.852672,0.827392,14.680064
46,16,16,-1,-1,-1,-1,-1,13.843456,1,13.88544,0.823296,14.708736
47,16,16,-1,-1,-1,-1,-1,13.827072,1,13.869056,0.822272,14.691328
48,16,16,-1,-1,-1,-1,-1,13.863936,1,13.904896,0.82432,14.729216
49,16,16,-1,-1,-1,-1,-1,13.838336,1,13.88032,0.825344,14.705664
50,16,16,-1,-1,-1,-1,-1,13.816832,1,13.871104,0.82432,14.695424
51,16,16,-1,-1,-1,-1,-1,13.84448,1,13.901824,0.82432,14.726144
52,16,16,-1,-1,-1,-1,-1,13.838336,1,13.902848,0.825344,14.728192
53,16,16,-1,-1,-1,-1,-1,13.850624,1,13.918208,0.826368,14.744576
54,16,16,-1,-1,-1,-1,-1,13.835264,1,13.878272,0.823296,14.701568
55,16,16,-1,-1,-1,-1,-1,13.858816,1,13.898752,0.828416,14.727168
56,16,16,-1,-1,-1,-1,-1,13.84448,1,13.887488,0.822272,14.70976
57,16,16,-1,-1,-1,-1,-1,13.850624,1,13.893632,0.827392,14.721024
58,16,16,-1,-1,-1,-1,-1,13.83424,1,13.877248,0.823296,14.700544
59,16,16,-1,-1,-1,-1,-1,13.840384,1,13.882368,0.828416,14.710784
60,16,16,-1,-1,-1,-1,-1,13.852672,1,13.894656,0.828416,14.723072
61,16,16,-1,-1,-1,-1,-1,13.822976,1,13.863936,0.825344,14.68928
62,16,16,-1,-1,-1,-1,-1,13.867008,1,13.908992,0.822272,14.731264
63,16,16,-1,-1,-1,-1,-1,13.836288,1,13.878272,0.820224,14.698496
64,16,16,-1,-1,-1,-1,-1,13.84448,1,13.886464,0.821248,14.707712
65,16,16,-1,-1,-1,-1,-1,13.878272,1,13.920256,0.822272,14.742528
66,16,16,-1,-1,-1,-1,-1,13.841408,1,13.904896,0.827392,14.732288
67,16,16,-1,-1,-1,-1,-1,13.862912,1,13.928448,0.823296,14.751744
68,16,16,-1,-1,-1,-1,-1,13.874176,1,13.937664,0.827392,14.765056
69,16,16,-1,-1,-1,-1,-1,13.816832,1,13.881344,0.825344,14.706688
70,16,16,-1,-1,-1,-1,-1,13.871104,1,13.913088,0.823296,14.736384
71,16,16,-1,-1,-1,-1,-1,13.84448,1,13.88544,0.82432,14.70976
72,16,16,-1,-1,-1,-1,-1,13.867008,1,13.908992,0.82944,14.738432
73,16,16,-1,-1,-1,-1,-1,13.852672,1,13.893632,0.827392,14.721024
74,16,16,-1,-1,-1,-1,-1,13.861888,1,13.903872,0.82944,14.733312
75,16,16,-1,-1,-1,-1,-1,13.850624,1,13.892608,0.826368,14.718976
76,16,16,-1,-1,-1,-1,-1,13.894656,1,13.93664,0.830464,14.767104
77,16,16,-1,-1,-1,-1,-1,13.88544,1,13.9264,0.830464,14.756864
78,16,16,-1,-1,-1,-1,-1,13.888512,1,13.930496,0.825344,14.75584
79,16,16,-1,-1,-1,-1,-1,13.903872,1,13.944832,0.826368,14.7712
80,16,16,-1,-1,-1,-1,-1,13.869056,1,13.91104,0.822272,14.733312
81,16,16,-1,-1,-1,-1,-1,13.848576,1,13.889536,0.82432,14.713856
82,16,16,-1,-1,-1,-1,-1,13.891584,1,13.94688,0.828416,14.775296
83,16,16,-1,-1,-1,-1,-1,13.888512,1,13.953024,0.825344,14.778368
84,16,16,-1,-1,-1,-1,-1,13.898752,1,13.963264,0.82944,14.792704
85,16,16,-1,-1,-1,-1,-1,13.884416,1,13.940736,0.826368,14.767104
86,16,16,-1,-1,-1,-1,-1,13.89568,1,13.937664,0.825344,14.763008
87,16,16,-1,-1,-1,-1,-1,13.89568,1,13.935616,0.825344,14.76096
88,16,16,-1,-1,-1,-1,-1,13.896704,1,13.939712,0.825344,14.765056
89,16,16,-1,-1,-1,-1,-1,13.906944,1,13.948928,0.82432,14.773248
90,16,16,-1,-1,-1,-1,-1,13.889536,1,13.930496,0.823296,14.753792
91,16,16,-1,-1,-1,-1,-1,13.898752,1,13.940736,0.825344,14.76608
92,16,16,-1,-1,-1,-1,-1,13.887488,1,13.929472,0.82432,14.753792
93,16,16,-1,-1,-1,-1,-1,13.915136,1,13.956096,0.823296,14.779392
94,16,16,-1,-1,-1,-1,-1,13.915136,1,13.956096,0.82944,14.785536
95,16,16,-1,-1,-1,-1,-1,13.883392,1,13.925376,0.82432,14.749696
96,16,16,-1,-1,-1,-1,-1,13.914112,1,13.955072,0.825344,14.780416
97,16,16,-1,-1,-1,-1,-1,13.908992,1,13.949952,0.822272,14.772224
98,16,16,-1,-1,-1,-1,-1,13.91104,1,13.973504,0.827392,14.800896
99,16,16,-1,-1,-1,-1,-1,13.910016,1,13.975552,0.827392,14.802944
100,16,16,-1,-1,-1,-1,-1,13.88544,1,13.942784,0.823296,14.76608
101,16,16,-1,-1,-1,-1,-1,13.918208,1,13.974528,0.820224,14.794752
102,16,16,-1,-1,-1,-1,-1,13.912064,1,13.954048,0.825344,14.779392
103,16,16,-1,-1,-1,-1,-1,13.919232,1,13.960192,0.826368,14.78656
104,16,16,-1,-1,-1,-1,-1,13.913088,1,13.955072,0.825344,14.780416
105,16,16,-1,-1,-1,-1,-1,13.935616,1,13.9776,0.823296,14.800896
106,16,16,-1,-1,-1,-1,-1,13.93152,1,13.97248,0.823296,14.795776
107,16,16,-1,-1,-1,-1,-1,13.906944,1,13.948928,0.826368,14.775296
108,16,16,-1,-1,-1,-1,-1,13.933568,1,13.975552,0.825344,14.800896
109,16,16,-1,-1,-1,-1,-1,13.9264,1,13.969408,0.825344,14.794752
110,16,16,-1,-1,-1,-1,-1,13.919232,1,13.961216,0.825344,14.78656
111,16,16,-1,-1,-1,-1,-1,13.934592,1,13.976576,0.825344,14.80192
112,16,16,-1,-1,-1,-1,-1,13.940736,1,13.983744,0.828416,14.81216
113,16,16,-1,-1,-1,-1,-1,13.899776,1,13.94176,0.82432,14.76608
114,16,16,-1,-1,-1,-1,-1,13.910016,1,13.97248,0.822272,14.794752
115,16,16,-1,-1,-1,-1,-1,13.940736,1,13.997056,0.823296,14.820352
116,16,1024,-1,-1,-1,-1,-1,-1,0,70.693886,0.836608,71.530494
117,16,1024,-1,-1,-1,-1,-1,-1,0,72.847359,0.835584,73.682943
118,16,1024,-1,-1,-1,-1,-1,-1,0,72.934402,0.83456,73.768962
119,16,16,-1,-1,-1,-1,-1,14.109696,1,14.153728,0.827392,14.98112
120,16,16,-1,-1,-1,-1,-1,14.102528,1,14.145536,0.83456,14.980096
121,16,1024,-1,-1,-1,-1,-1,-1,0,72.038399,0.830464,72.868863
122,16,1024,-1,-1,-1,-1,-1,-1,0,72.770561,0.82944,73.600001
123,16,1024,-1,-1,-1,-1,-1,-1,0,73.164803,0.833536,73.998339
124,16,1024,-1,-1,-1,-1,-1,-1,0,72.928253,0.835584,73.763837
125,16,1024,-1,-1,-1,-1,-1,-1,0,72.929283,0.831488,73.760771
126,16,16,-1,-1,-1,-1,-1,14.075904,1,14.118912,0.83456,14.953472
127,16,16,-1,-1,-1,-1,-1,13.986816,1,14.029824,0.828416,14.85824
128,16,1023,-1,-1,-1,-1,-1,-1,0,71.390205,0.833536,72.223741
129,16,16,-1,-1,-1,-1,-1,14.04416,1,14.108672,0.827392,14.936064
130,16,2031,-1,-1,-1,-1,-1,-1,0,132.16153,0.837632,132.999162
131,16,16,-1,-1,-1,-1,-1,14.027776,1,14.09536,0.82944,14.9248
132,16,16,-1,-1,-1,-1,-1,13.96736,1,14.032896,0.831488,14.864384
133,16,16,-1,-1,-1,-1,-1,13.871104,1,13.935616,0.837632,14.773248
134,16,2032,-1,-1,-1,-1,-1,-1,0,131.433472,0.845824,132.279296
135,16,16,-1,-1,-1,-1,-1,13.995008,1,14.040064,0.82944,14.869504
136,16,1024,-1,-1,-1,-1,-1,-1,0,72.235008,0.843776,73.078784
137,16,16,-1,-1,-1,-1,-1,13.975552,1,14.034944,0.83456,14.869504
138,16,16,-1,-1,-1,-1,-1,13.968384,1,14.036992,0.837632,14.874624
139,16,16,-1,-1,-1,-1,-1,13.877248,1,13.935616,0.838656,14.774272
140,16,16,-1,-1,-1,-1,-1,13.867008,1,13.933568,0.82944,14.763008
141,16,16,-1,-1,-1,-1,-1,13.825024,1,13.891584,0.826368,14.717952
142,16,1023,-1,-1,-1,-1,-1,-1,0,71.346176,0.832512,72.178688
143,16,16,-1,-1,-1,-1,-1,14.000128,1,14.066688,0.832512,14.8992
144,16,16,-1,-1,-1,-1,-1,13.903872,1,13.947904,0.831488,14.779392
145,16,16,-1,-1,-1,-1,-1,13.861888,1,13.927424,0.826368,14.753792
146,16,16,-1,-1,-1,-1,-1,13.855744,1,13.912064,0.825344,14.737408
147,16,16,-1,-1,-1,-1,-1,13.827072,1,13.89056,0.828416,14.718976
148,16,16,-1,-1,-1,-1,-1,13.840384,1,13.896704,0.826368,14.723072
149,16,16,-1,-1,-1,-1,-1,13.800448,1,13.863936,0.82944,14.693376
150,16,16,-1,-1,-1,-1,-1,13.842432,1,13.9008,0.827392,14.728192
151,16,1024,-1,-1,-1,-1,-1,-1,0,71.016449,0.833536,71.849985
152,16,16,-1,-1,-1,-1,-1,13.984768,1,14.04928,0.830464,14.879744
153,16,16,-1,-1,-1,-1,-1,13.947904,1,14.01344,0.82944,14.84288
154,16,16,-1,-1,-1,-1,-1,13.88032,1,13.945856,0.828416,14.774272
155,16,16,-1,-1,-1,-1,-1,13.852672,1,13.917184,0.826368,14.743552
156,16,16,-1,-1,-1,-1,-1,13.855744,1,13.919232,0.826368,14.7456
157,16,16,-1,-1,-1,-1,-1,13.82912,1,13.893632,0.828416,14.722048
158,16,16,-1,-1,-1,-1,-1,13.82912,1,13.872128,0.828416,14.700544
159,16,16,-1,-1,-1,-1,-1,13.826048,1,13.89056,0.827392,14.717952
160,16,16,-1,-1,-1,-1,-1,13.815808,1,13.858816,0.823296,14.682112
161,16,16,-1,-1,-1,-1,-1,13.841408,1,13.904896,0.826368,14.731264
162,16,16,-1,-1,-1,-1,-1,13.810688,1,13.8752,0.827392,14.702592
163,16,16,-1,-1,-1,-1,-1,13.82912,1,13.894656,0.83456,14.729216
164,16,16,-1,-1,-1,-1,-1,13.799424,1,13.865984,0.825344,14.691328
165,16,16,-1,-1,-1,-1,-1,13.832192,1,13.888512,0.825344,14.713856
166,16,16,-1,-1,-1,-1,-1,13.827072,1,13.892608,0.826368,14.718976
167,16,16,-1,-1,-1,-1,-1,13.848576,1,13.902848,0.825344,14.728192
168,16,16,-1,-1,-1,-1,-1,13.83424,1,13.89056,0.831488,14.722048
169,16,16,-1,-1,-1,-1,-1,13.806592,1,13.872128,0.826368,14.698496
170,16,16,-1,-1,-1,-1,-1,13.828096,1,13.891584,0.82944,14.721024
171,16,16,-1,-1,-1,-1,-1,13.828096,1,13.892608,0.826368,14.718976
172,16,16,-1,-1,-1,-1,-1,13.820928,1,13.876224,0.82432,14.700544
173,16,16,-1,-1,-1,-1,-1,13.83936,1,13.896704,0.828416,14.72512
174,16,16,-1,-1,-1,-1,-1,13.82912,1,13.87008,0.827392,14.697472
175,16,16,-1,-1,-1,-1,-1,13.846528,1,13.902848,0.82944,14.732288
176,16,16,-1,-1,-1,-1,-1,13.833216,1,13.8752,0.825344,14.700544
177,16,16,-1,-1,-1,-1,-1,13.868032,1,13.93152,0.825344,14.756864
178,16,16,-1,-1,-1,-1,-1,13.83424,1,13.897728,0.822272,14.72
179,16,16,-1,-1,-1,-1,-1,13.832192,1,13.894656,0.825344,14.72
180,16,16,-1,-1,-1,-1,-1,13.83936,1,13.893632,0.826368,14.72
181,16,16,-1,-1,-1,-1,-1,13.846528,1,13.910016,0.825344,14.73536
182,16,16,-1,-1,-1,-1,-1,13.857792,1,13.914112,0.826368,14.74048
183,16,16,-1,-1,-1,-1,-1,13.846528,1,13.910016,0.826368,14.736384
184,16,16,-1,-1,-1,-1,-1,13.86496,1,13.928448,0.82944,14.757888
185,16,16,-1,-1,-1,-1,-1,13.843456,1,13.906944,0.823296,14.73024
186,16,16,-1,-1,-1,-1,-1,13.848576,1,13.912064,0.82432,14.736384
187,16,16,-1,-1,-1,-1,-1,13.856768,1,13.919232,0.826368,14.7456
188,16,16,-1,-1,-1,-1,-1,13.86496,1,13.928448,0.82432,14.752768
189,16,16,-1,-1,-1,-1,-1,13.856768,1,13.912064,0.825344,14.737408
190,16,16,-1,-1,-1,-1,-1,13.857792,1,13.899776,0.82432,14.724096
191,16,16,-1,-1,-1,-1,-1,13.876224,1,13.940736,0.826368,14.767104
192,16,16,-1,-1,-1,-1,-1,13.842432,1,13.883392,0.827392,14.710784
193,16,16,-1,-1,-1,-1,-1,13.860864,1,13.915136,0.826368,14.741504
194,16,16,-1,-1,-1,-1,-1,13.865984,1,13.930496,0.828416,14.758912
195,16,16,-1,-1,-1,-1,-1,13.871104,1,13.933568,0.827392,14.76096
196,16,16,-1,-1,-1,-1,-1,13.862912,1,13.927424,0.82944,14.756864
197,16,16,-1,-1,-1,-1,-1,13.881344,1,13.944832,0.825344,14.770176
198,16,16,-1,-1,-1,-1,-1,13.86496,1,13.929472,0.82432,14.753792
199,16,16,-1,-1,-1,-1,-1,13.88032,1,13.944832,0.826368,14.7712
200,16,16,-1,-1,-1,-1,-1,13.894656,1,13.959168,0.825344,14.784512
201,16,16,-1,-1,-1,-1,-1,13.862912,1,13.927424,0.82432,14.751744
202,16,16,-1,-1,-1,-1,-1,13.89568,1,13.952,0.822272,14.774272
203,16,16,-1,-1,-1,-1,-1,13.856768,1,13.920256,0.826368,14.746624
204,16,16,-1,-1,-1,-1,-1,13.887488,1,13.949952,0.823296,14.773248
205,16,16,-1,-1,-1,-1,-1,13.882368,1,13.937664,0.826368,14.764032
206,16,16,-1,-1,-1,-1,-1,13.882368,1,13.925376,0.825344,14.75072
207,16,16,-1,-1,-1,-1,-1,13.873152,1,13.93664,0.825344,14.761984
208,16,16,-1,-1,-1,-1,-1,13.879296,1,13.920256,0.827392,14.747648
209,16,16,-1,-1,-1,-1,-1,13.902848,1,13.966336,0.825344,14.79168
210,16,16,-1,-1,-1,-1,-1,13.886464,1,13.949952,0.823296,14.773248
211,16,16,-1,-1,-1,-1,-1,13.9008,1,13.965312,0.825344,14.790656
212,16,16,-1,-1,-1,-1,-1,13.907968,1,13.971456,0.827392,14.798848
213,16,16,-1,-1,-1,-1,-1,13.904896,1,13.959168,0.823296,14.782464
214,16,16,-1,-1,-1,-1,-1,13.917184,1,13.973504,0.825344,14.798848
215,16,16,-1,-1,-1,-1,-1,13.891584,1,13.955072,0.825344,14.780416
216,16,16,-1,-1,-1,-1,-1,13.898752,1,13.954048,0.828416,14.782464
217,16,16,-1,-1,-1,-1,-1,13.862912,1,13.925376,0.826368,14.751744
218,16,16,-1,-1,-1,-1,-1,13.902848,1,13.966336,0.826368,14.792704
219,16,16,-1,-1,-1,-1,-1,13.923328,1,13.985792,0.833536,14.819328
220,16,16,-1,-1,-1,-1,-1,13.893632,1,13.95712,0.822272,14.779392
221,16,16,-1,-1,-1,-1,-1,13.917184,1,13.97248,0.822272,14.794752
222,16,16,-1,-1,-1,-1,-1,13.903872,1,13.945856,0.82432,14.770176
223,16,16,-1,-1,-1,-1,-1,13.917184,1,13.980672,0.825344,14.806016
224,16,16,-1,-1,-1,-1,-1,13.91616,1,13.959168,0.82432,14.783488
225,16,16,-1,-1,-1,-1,-1,13.917184,1,13.980672,0.821248,14.80192
226,16,16,-1,-1,-1,-1,-1,13.907968,1,13.971456,0.823296,14.794752
227,16,16,-1,-1,-1,-1,-1,13.913088,1,13.969408,0.825344,14.794752
228,16,16,-1,-1,-1,-1,-1,13.903872,1,13.960192,0.82432,14.784512
229,16,16,-1,-1,-1,-1,-1,13.937664,1,14.001152,0.823296,14.824448
230,16,16,-1,-1,-1,-1,-1,13.894656,1,13.960192,0.825344,14.785536
231,16,16,-1,-1,-1,-1,-1,13.920256,1,13.98272,0.82432,14.80704
232,16,16,-1,-1,-1,-1,-1,13.924352,1,13.988864,0.82432,14.813184
233,16,16,-1,-1,-1,-1,-1,13.934592,1,13.997056,0.823296,14.820352
234,16,16,-1,-1,-1,-1,-1,13.94688,1,14.002176,0.82432,14.826496
235,16,16,-1,-1,-1,-1,-1,13.94688,1,14.002176,0.82944,14.831616
236,16,16,-1,-1,-1,-1,-1,13.937664,1,14.001152,0.823296,14.824448
237,16,16,-1,-1,-1,-1,-1,13.913088,1,13.968384,0.822272,14.790656
238,16,16,-1,-1,-1,-1,-1,13.923328,1,13.965312,0.825344,14.790656
239,16,16,-1,-1,-1,-1,-1,13.907968,1,13.965312,0.827392,14.792704
240,16,1024,-1,-1,-1,-1,-1,-1,0,70.860802,0.832512,71.693314
241,16,1023,-1,-1,-1,-1,-1,-1,0,72.394753,0.835584,73.230336
242,16,1024,-1,-1,-1,-1,-1,-1,0,72.935425,0.835584,73.771009
243,16,1023,-1,-1,-1,-1,-1,-1,0,72.894463,0.832512,73.726975
244,16,16,-1,-1,-1,-1,-1,14.102528,1,14.16704,0.831488,14.998528
245,16,16,-1,-1,-1,-1,-1,14.042112,1,14.099456,0.830464,14.92992
246,16,1024,-1,-1,-1,-1,-1,-1,0,71.682045,0.83456,72.516605
247,16,16,-1,-1,-1,-1,-1,14.075904,1,14.139392,0.830464,14.969856
248,16,16,-1,-1,-1,-1,-1,14.031872,1,14.096384,0.828416,14.9248
249,16,16,-1,-1,-1,-1,-1,13.99808,1,14.042112,0.826368,14.86848
250,16,1024,-1,-1,-1,-1,-1,-1,0,71.87661,0.835584,72.712194
251,16,16,-1,-1,-1,-1,-1,14.107648,1,14.174208,0.83456,15.008768
252,16,1023,-1,-1,-1,-1,-1,-1,0,71.964668,0.82944,72.794108
253,16,16,-1,-1,-1,-1,-1,14.053376,1,14.118912,0.831488,14.9504
254,16,16,-1,-1,-1,-1,-1,14.019584,1,14.063616,0.830464,14.89408
255,16,16,-1,-1,-1,-1,-1,13.986816,1,14.051328,0.831488,14.882816
256,16,16,-1,-1,-1,-1,-1,13.945856,1,14.009344,0.826368,14.835712
257,16,1024,-1,-1,-1,-1,-1,-1,0,71.184387,0.83456,72.018947
258,16,16,-1,-1,-1,-1,-1,14.092288,1,14.152704,0.83456,14.987264
259,16,2032,-1,-1,-1,-1,-1,-1,0,132.722687,0.840704,133.563391
260,16,16,-1,-1,-1,-1,-1,14.099456,1,14.157824,0.835584,14.993408
261,16,1024,-1,-1,-1,-1,-1,-1,0,73.918465,0.831488,74.749953
262,16,1024,-1,-1,-1,-1,-1,-1,0,72.989693,0.83456,73.824253
263,16,16,-1,-1,-1,-1,-1,13.976576,1,14.041088,0.832512,14.8736
264,16,16,-1,-1,-1,-1,-1,13.910016,1,13.953024,0.830464,14.783488
265,16,16,-1,-1,-1,-1,-1,13.873152,1,13.918208,0.82944,14.747648
266,16,16,-1,-1,-1,-1,-1,13.856768,1,13.92128,0.828416,14.749696
267,16,16,-1,-1,-1,-1,-1,13.841408,1,13.88544,0.82944,14.71488
268,16,1024,-1,-1,-1,-1,-1,-1,0,71.416832,0.82944,72.246272
269,16,1024,-1,-1,-1,-1,-1,-1,0,73.675774,0.83456,74.510334
270,16,16,-1,-1,-1,-1,-1,13.99808,1,14.043136,0.833536,14.876672
271,16,1024,-1,-1,-1,-1,-1,-1,0,71.574532,0.832512,72.407044
272,16,16,-1,-1,-1,-1,-1,14.027776,1,14.093312,0.831488,14.9248
273,16,16,-1,-1,-1,-1,-1,13.983744,1,14.04928,0.828416,14.877696
274,16,16,-1,-1,-1,-1,-1,13.89056,1,13.956096,0.830464,14.78656
275,16,16,-1,-1,-1,-1,-1,13.879296,1,13.944832,0.82432,14.769152
276,16,16,-1,-1,-1,-1,-1,13.822976,1,13.886464,0.82944,14.715904
277,16,1024,-1,-1,-1,-1,-1,-1,0,71.64621,0.838656,72.484866
278,16,16,-1,-1,-1,-1,-1,14.062592,1,14.129152,0.836608,14.96576
279,16,16,-1,-1,-1,-1,-1,13.976576,1,14.021632,0.83456,14.856192
280,16,16,-1,-1,-1,-1,-1,13.93152,1,13.975552,0.82944,14.804992
281,16,16,-1,-1,-1,-1,-1,13.882368,1,13.9264,0.83456,14.76096
282,16,16,-1,-1,-1,-1,-1,13.853696,1,13.917184,0.826368,14.743552
283,16,16,-1,-1,-1,-1,-1,13.868032,1,13.910016,0.82432,14.734336
284,16,16,-1,-1,-1,-1,-1,13.838336,1,13.902848,0.823296,14.726144
285,16,16,-1,-1,-1,-1,-1,13.845504,1,13.912064,0.827392,14.739456
286,16,16,-1,-1,-1,-1,-1,13.851648,1,13.89568,0.827392,14.723072
287,16,16,-1,-1,-1,-1,-1,13.855744,1,13.919232,0.830464,14.749696
288,16,16,-1,-1,-1,-1,-1,13.824,1,13.888512,0.828416,14.716928
289,16,16,-1,-1,-1,-1,-1,13.80352,1,13.868032,0.830464,14.698496
290,16,16,-1,-1,-1,-1,-1,13.812736,1,13.877248,0.823296,14.700544
291,16,16,-1,-1,-1,-1,-1,13.828096,1,13.893632,0.825344,14.718976
292,16,16,-1,-1,-1,-1,-1,13.824,1,13.888512,0.827392,14.715904
293,16,16,-1,-1,-1,-1,-1,13.814784,1,13.879296,0.826368,14.705664
294,16,16,-1,-1,-1,-1,-1,13.816832,1,13.881344,0.833536,14.71488
295,16,16,-1,-1,-1,-1,-1,13.81888,1,13.860864,0.82944,14.690304
296,16,16,-1,-1,-1,-1,-1,13.826048,1,13.868032,0.827392,14.695424
297,16,16,-1,-1,-1,-1,-1,13.838336,1,13.881344,0.82944,14.710784
298,16,16,-1,-1,-1,-1,-1,13.853696,1,13.917184,0.823296,14.74048
299,16,16,-1,-1,-1,-1,-1,13.81888,1,13.860864,0.831488,14.692352
300,16,16,-1,-1,-1,-1,-1,13.845504,1,13.908992,0.830464,14.739456
301,16,16,-1,-1,-1,-1,-1,13.835264,1,13.899776,0.828416,14.728192
302,16,16,-1,-1,-1,-1,-1,13.84448,1,13.887488,0.831488,14.718976
303,16,16,-1,-1,-1,-1,-1,13.855744,1,13.919232,0.825344,14.744576
304,16,16,-1,-1,-1,-1,-1,13.84448,1,13.907968,0.830464,14.738432
305,16,16,-1,-1,-1,-1,-1,13.835264,1,13.897728,0.82432,14.722048
306,16,16,-1,-1,-1,-1,-1,13.856768,1,13.922304,0.828416,14.75072
307,16,16,-1,-1,-1,-1,-1,13.841408,1,13.906944,0.828416,14.73536
308,16,16,-1,-1,-1,-1,-1,13.841408,1,13.906944,0.828416,14.73536
309,16,16,-1,-1,-1,-1,-1,13.853696,1,13.920256,0.831488,14.751744
310,16,16,-1,-1,-1,-1,-1,13.860864,1,13.925376,0.82944,14.754816
311,16,16,-1,-1,-1,-1,-1,13.865984,1,13.907968,0.826368,14.734336
312,16,16,-1,-1,-1,-1,-1,13.869056,1,13.913088,0.826368,14.739456
313,16,16,-1,-1,-1,-1,-1,13.856768,1,13.898752,0.828416,14.727168
314,16,16,-1,-1,-1,-1,-1,13.852672,1,13.91616,0.826368,14.742528
315,16,16,-1,-1,-1,-1,-1,13.81888,1,13.861888,0.827392,14.68928
316,16,16,-1,-1,-1,-1,-1,13.88544,1,13.947904,0.827392,14.775296
317,16,16,-1,-1,-1,-1,-1,13.86496,1,13.930496,0.825344,14.75584
318,16,16,-1,-1,-1,-1,-1,13.856768,1,13.9008,0.835584,14.736384
319,16,16,-1,-1,-1,-1,-1,13.861888,1,13.919232,0.825344,14.744576
320,16,16,-1,-1,-1,-1,-1,13.865984,1,13.929472,0.827392,14.756864
321,16,16,-1,-1,-1,-1,-1,13.85984,1,13.923328,0.830464,14.753792
322,16,16,-1,-1,-1,-1,-1,13.853696,1,13.919232,0.830464,14.749696
323,16,16,-1,-1,-1,-1,-1,13.892608,1,13.958144,0.827392,14.785536
324,16,16,-1,-1,-1,-1,-1,13.879296,1,13.933568,0.825344,14.758912
325,16,16,-1,-1,-1,-1,-1,13.85472,1,13.919232,0.826368,14.7456
326,16,16,-1,-1,-1,-1,-1,13.872128,1,13.93664,0.826368,14.763008
327,16,16,-1,-1,-1,-1,-1,13.887488,1,13.930496,0.827392,14.757888
328,16,16,-1,-1,-1,-1,-1,13.89568,1,13.938688,0.831488,14.770176
329,16,16,-1,-1,-1,-1,-1,13.891584,1,13.933568,0.827392,14.76096
330,16,16,-1,-1,-1,-1,-1,13.886464,1,13.950976,0.825344,14.77632
331,16,16,-1,-1,-1,-1,-1,13.894656,1,13.935616,0.831488,14.767104
332,16,16,-1,-1,-1,-1,-1,13.887488,1,13.950976,0.825344,14.77632
333,16,16,-1,-1,-1,-1,-1,13.891584,1,13.947904,0.827392,14.775296
334,16,16,-1,-1,-1,-1,-1,13.8752,1,13.918208,0.826368,14.744576
335,16,16,-1,-1,-1,-1,-1,13.902848,1,13.965312,0.825344,14.790656
336,16,16,-1,-1,-1,-1,-1,13.910016,1,13.973504,0.82432,14.797824
337,16,16,-1,-1,-1,-1,-1,13.902848,1,13.958144,0.826368,14.784512
338,16,16,-1,-1,-1,-1,-1,13.892608,1,13.949952,0.821248,14.7712
339,16,16,-1,-1,-1,-1,-1,13.884416,1,13.948928,0.823296,14.772224
340,16,16,-1,-1,-1,-1,-1,13.899776,1,13.96224,0.825344,14.787584
341,16,16,-1,-1,-1,-1,-1,13.879296,1,13.943808,0.823296,14.767104
342,16,16,-1,-1,-1,-1,-1,13.912064,1,13.976576,0.82944,14.806016
343,16,16,-1,-1,-1,-1,-1,13.918208,1,13.961216,0.828416,14.789632
344,16,16,-1,-1,-1,-1,-1,13.924352,1,13.965312,0.828416,14.793728
345,16,16,-1,-1,-1,-1,-1,13.915136,1,13.959168,0.830464,14.789632
346,16,16,-1,-1,-1,-1,-1,13.90592,1,13.961216,0.827392,14.788608
347,16,16,-1,-1,-1,-1,-1,13.923328,1,13.965312,0.827392,14.792704
348,16,16,-1,-1,-1,-1,-1,13.907968,1,13.97248,0.825344,14.797824
349,16,16,-1,-1,-1,-1,-1,13.896704,1,13.960192,0.826368,14.78656
350,16,16,-1,-1,-1,-1,-1,13.898752,1,13.939712,0.82432,14.764032
351,16,16,-1,-1,-1,-1,-1,13.93664,1,14.000128,0.833536,14.833664
352,16,16,-1,-1,-1,-1,-1,13.933568,1,13.988864,0.826368,14.815232
353,16,16,-1,-1,-1,-1,-1,13.919232,1,13.98272,0.830464,14.813184
354,16,16,-1,-1,-1,-1,-1,13.912064,1,13.976576,0.825344,14.80192
355,16,16,-1,-1,-1,-1,-1,13.93152,1,13.99808,0.828416,14.826496
356,16,16,-1,-1,-1,-1,-1,13.912064,1,13.9776,0.826368,14.803968
357,16,16,-1,-1,-1,-1,-1,13.891584,1,13.956096,0.828416,14.784512
358,16,1023,-1,-1,-1,-1,-1,-1,0,71.02771,0.836608,71.864318
359,16,16,-1,-1,-1,-1,-1,14.180352,1,14.245888,0.833536,15.079424
360,16,16,-1,-1,-1,-1,-1,14.04928,1,14.094336,0.831488,14.925824
361,16,16,-1,-1,-1,-1,-1,14.025728,1,14.06976,0.826368,14.896128
362,16,16,-1,-1,-1,-1,-1,13.99808,1,14.053376,0.826368,14.879744
363,16,16,-1,-1,-1,-1,-1,13.944832,1,13.985792,0.825344,14.811136
364,16,16,-1,-1,-1,-1,-1,13.943808,1,14.006272,0.827392,14.833664
365,16,16,-1,-1,-1,-1,-1,13.935616,1,14.001152,0.831488,14.83264
366,16,16,-1,-1,-1,-1,-1,13.947904,1,13.990912,0.82432,14.815232
367,16,1024,-1,-1,-1,-1,-1,-1,0,71.04512,0.833536,71.878656
368,16,16,-1,-1,-1,-1,-1,14.089216,1,14.153728,0.831488,14.985216
369,16,16,-1,-1,-1,-1,-1,14.055424,1,14.119936,0.830464,14.9504
370,16,16,-1,-1,-1,-1,-1,13.993984,1,14.057472,0.831488,14.88896
371,16,1024,-1,-1,-1,-1,-1,-1,0,71.657471,0.831488,72.488959
372,16,16,-1,-1,-1,-1,-1,14.138368,1,14.181376,0.82944,15.010816
373,16,16,-1,-1,-1,-1,-1,13.996032,1,14.061568,0.826368,14.887936
374,16,1024,-1,-1,-1,-1,-1,-1,0,72.025085,0.831488,72.856573
375,16,2032,-1,-1,-1,-1,-1,-1,0,134.459396,0.83968,135.299076
376,16,16,-1,-1,-1,-1,-1,14.158848,1,14.20288,0.838656,15.041536
377,16,16,-1,-1,-1,-1,-1,14.127104,1,14.17216,0.835584,15.007744
378,16,16,-1,-1,-1,-1,-1,14.138368,1,14.184448,0.836608,15.021056
379,16,1024,-1,-1,-1,-1,-1,-1,0,72.725502,0.833536,73.559038
380,16,2032,-1,-1,-1,-1,-1,-1,0,133.646332,0.836608,134.48294
381,16,16,-1,-1,-1,-1,-1,14.097408,1,14.162944,0.830464,14.993408
382,16,1024,-1,-1,-1,-1,-1,-1,0,72.689667,0.832512,73.522179
383,16,16,-1,-1,-1,-1,-1,14.056448,1,14.123008,0.83456,14.957568
384,16,1024,-1,-1,-1,-1,-1,-1,0,72.143875,0.835584,72.979459
385,16,16,-1,-1,-1,-1,-1,14.09024,1,14.133248,0.830464,14.963712
386,16,16,-1,-1,-1,-1,-1,13.963264,1,14.00832,0.828416,14.836736
387,16,16,-1,-1,-1,-1,-1,13.914112,1,13.971456,0.828416,14.799872
388,16,1024,-1,-1,-1,-1,-1,-1,0,71.455742,0.832512,72.288254
389,16,1024,-1,-1,-1,-1,-1,-1,0,73.782272,0.833536,74.615808
390,16,16,-1,-1,-1,-1,-1,14.007296,1,14.073856,0.828416,14.902272
391,16,16,-1,-1,-1,-1,-1,13.965312,1,14.031872,0.841728,14.8736
392,16,16,-1,-1,-1,-1,-1,13.925376,1,13.968384,0.825344,14.793728
393,16,16,-1,-1,-1,-1,-1,13.884416,1,13.9264,0.827392,14.753792
394,16,16,-1,-1,-1,-1,-1,13.863936,1,13.90592,0.830464,14.736384
395,16,16,-1,-1,-1,-1,-1,13.847552,1,13.91104,0.826368,14.737408
396,16,16,-1,-1,-1,-1,-1,13.836288,1,13.9008,0.828416,14.729216
397,16,16,-1,-1,-1,-1,-1,13.861888,1,13.923328,0.827392,14.75072
398,16,16,-1,-1,-1,-1,-1,13.820928,1,13.876224,0.827392,14.703616
399,16,16,-1,-1,-1,-1,-1,13.856768,1,13.92128,0.830464,14.751744
400,16,16,-1,-1,-1,-1,-1,13.814784,1,13.87008,0.828416,14.698496
401,16,2032,-1,-1,-1,-1,-1,-1,0,127.922173,0.83968,128.761853
402,16,16,-1,-1,-1,-1,-1,14.134272,1,14.178304,0.837632,15.015936
403,16,16,-1,-1,-1,-1,-1,14.01856,1,14.084096,0.835584,14.91968
404,16,16,-1,-1,-1,-1,-1,13.940736,1,14.006272,0.82944,14.835712
405,16,16,-1,-1,-1,-1,-1,13.907968,1,13.973504,0.827392,14.800896
406,16,16,-1,-1,-1,-1,-1,13.863936,1,13.929472,0.826368,14.75584
407,16,16,-1,-1,-1,-1,-1,13.85984,1,13.917184,0.827392,14.744576
408,16,1024,-1,-1,-1,-1,-1,-1,0,71.445503,0.838656,72.284159
409,16,16,-1,-1,-1,-1,-1,14.043136,1,14.087168,0.837632,14.9248
410,16,16,-1,-1,-1,-1,-1,14.000128,1,14.045184,0.827392,14.872576
411,16,16,-1,-1,-1,-1,-1,13.89056,1,13.955072,0.828416,14.783488
412,16,16,-1,-1,-1,-1,-1,13.87008,1,13.93664,0.82944,14.76608
413,16,16,-1,-1,-1,-1,-1,13.85472,1,13.897728,0.830464,14.728192
414,16,16,-1,-1,-1,-1,-1,13.845504,1,13.912064,0.831488,14.743552
415,16,16,-1,-1,-1,-1,-1,13.848576,1,13.913088,0.828416,14.741504
416,16,16,-1,-1,-1,-1,-1,13.84448,1,13.899776,0.827392,14.727168
417,16,16,-1,-1,-1,-1,-1,13.846528,1,13.910016,0.825344,14.73536
418,16,16,-1,-1,-1,-1,-1,13.840384,1,13.883392,0.82432,14.707712
419,16,16,-1,-1,-1,-1,-1,13.82912,1,13.88544,0.825344,14.710784
420,16,16,-1,-1,-1,-1,-1,13.836288,1,13.892608,0.828416,14.721024
421,16,16,-1,-1,-1,-1,-1,13.820928,1,13.884416,0.828416,14.712832
422,16,16,-1,-1,-1,-1,-1,13.82912,1,13.893632,0.823296,14.716928
423,16,16,-1,-1,-1,-1,-1,13.848576,1,13.914112,0.828416,14.742528
424,16,16,-1,-1,-1,-1,-1,13.832192,1,13.896704,0.827392,14.724096
425,16,16,-1,-1,-1,-1,-1,13.83936,1,13.882368,0.82944,14.711808
426,16,16,-1,-1,-1,-1,-1,13.819904,1,13.862912,0.828416,14.691328
427,16,16,-1,-1,-1,-1,-1,13.806592,1,13.87008,0.82944,14.69952
428,16,16,-1,-1,-1,-1,-1,13.805568,1,13.87008,0.82432,14.6944
429,16,16,-1,-1,-1,-1,-1,13.82912,1,13.872128,0.825344,14.697472
430,16,16,-1,-1,-1,-1,-1,13.832192,1,13.89568,0.828416,14.724096
431,16,16,-1,-1,-1,-1,-1,13.87008,1,13.934592,0.823296,14.757888
432,16,16,-1,-1,-1,-1,-1,13.867008,1,13.93152,0.82432,14.75584
433,16,16,-1,-1,-1,-1,-1,13.840384,1,13.90592,0.826368,14.732288
434,16,16,-1,-1,-1,-1,-1,13.835264,1,13.877248,0.828416,14.705664
435,16,16,-1,-1,-1,-1,-1,13.858816,1,13.92128,0.82944,14.75072
436,16,16,-1,-1,-1,-1,-1,13.847552,1,13.902848,0.82944,14.732288
437,16,16,-1,-1,-1,-1,-1,13.848576,1,13.904896,0.82944,14.734336
438,16,16,-1,-1,-1,-1,-1,13.83936,1,13.902848,0.826368,14.729216
439,16,16,-1,-1,-1,-1,-1,13.858816,1,13.923328,0.827392,14.75072
440,16,16,-1,-1,-1,-1,-1,13.84448,1,13.907968,0.830464,14.738432
441,16,16,-1,-1,-1,-1,-1,13.856768,1,13.899776,0.826368,14.726144
442,16,16,-1,-1,-1,-1,-1,13.874176,1,13.915136,0.825344,14.74048
443,16,16,-1,-1,-1,-1,-1,13.873152,1,13.929472,0.827392,14.756864
444,16,16,-1,-1,-1,-1,-1,13.862912,1,13.928448,0.830464,14.758912
445,16,16,-1,-1,-1,-1,-1,13.887488,1,13.929472,0.826368,14.75584
446,16,16,-1,-1,-1,-1,-1,13.855744,1,13.912064,0.826368,14.738432
447,16,16,-1,-1,-1,-1,-1,13.882368,1,13.93664,0.828416,14.765056
448,16,16,-1,-1,-1,-1,-1,13.887488,1,13.953024,0.82432,14.777344
449,16,16,-1,-1,-1,-1,-1,13.881344,1,13.945856,0.826368,14.772224
450,16,16,-1,-1,-1,-1,-1,13.830144,1,13.872128,0.828416,14.700544
451,16,16,-1,-1,-1,-1,-1,13.873152,1,13.93664,0.825344,14.761984
452,16,16,-1,-1,-1,-1,-1,13.868032,1,13.93152,0.827392,14.758912
453,16,16,-1,-1,-1,-1,-1,13.876224,1,13.93152,0.822272,14.753792
454,16,16,-1,-1,-1,-1,-1,13.879296,1,13.942784,0.827392,14.770176
455,16,16,-1,-1,-1,-1,-1,13.878272,1,13.943808,0.825344,14.769152
456,16,16,-1,-1,-1,-1,-1,13.868032,1,13.93152,0.82944,14.76096
457,16,16,-1,-1,-1,-1,-1,13.88032,1,13.922304,0.826368,14.748672
458,16,16,-1,-1,-1,-1,-1,13.925376,1,13.968384,0.82944,14.797824
459,16,16,-1,-1,-1,-1,-1,13.894656,1,13.947904,0.82432,14.772224
460,16,16,-1,-1,-1,-1,-1,13.862912,1,13.919232,0.830464,14.749696
461,16,16,-1,-1,-1,-1,-1,13.893632,1,13.93664,0.82432,14.76096
462,16,16,-1,-1,-1,-1,-1,13.9008,1,13.964288,0.826368,14.790656
463,16,16,-1,-1,-1,-1,-1,13.906944,1,13.970432,0.82432,14.794752
464,16,16,-1,-1,-1,-1,-1,13.91104,1,13.974528,0.827392,14.80192
465,16,16,-1,-1,-1,-1,-1,13.893632,1,13.958144,0.827392,14.785536
466,16,16,-1,-1,-1,-1,-1,13.906944,1,13.949952,0.82944,14.779392
467,16,16,-1,-1,-1,-1,-1,13.901824,1,13.964288,0.826368,14.790656
468,16,16,-1,-1,-1,-1,-1,13.914112,1,13.978624,0.82944,14.808064
469,16,16,-1,-1,-1,-1,-1,13.912064,1,13.976576,0.828416,14.804992
470,16,16,-1,-1,-1,-1,-1,13.912064,1,13.976576,0.830464,14.80704
471,16,16,-1,-1,-1,-1,-1,13.907968,1,13.973504,0.82432,14.797824
472,16,16,-1,-1,-1,-1,-1,13.912064,1,13.975552,0.826368,14.80192
473,16,16,-1,-1,-1,-1,-1,13.9264,1,13.969408,0.826368,14.795776
474,16,16,-1,-1,-1,-1,-1,13.904896,1,13.945856,0.82432,14.770176
475,16,16,-1,-1,-1,-1,-1,13.902848,1,13.959168,0.827392,14.78656
476,16,16,-1,-1,-1,-1,-1,13.92128,1,13.985792,0.828416,14.814208
477,16,16,-1,-1,-1,-1,-1,13.907968,1,13.949952,0.825344,14.775296
478,16,16,-1,-1,-1,-1,-1,13.897728,1,13.961216,0.830464,14.79168
479,16,16,-1,-1,-1,-1,-1,13.94688,1,14.010368,0.82944,14.839808
480,16,16,-1,-1,-1,-1,-1,13.912064,1,13.965312,0.826368,14.79168
481,16,16,-1,-1,-1,-1,-1,13.929472,1,13.984768,0.825344,14.810112
482,16,16,-1,-1,-1,-1,-1,13.913088,1,13.955072,0.828416,14.783488
483,16,1024,-1,-1,-1,-1,-1,-1,0,70.935555,0.835584,71.771138
484,16,16,-1,-1,-1,-1,-1,14.154752,1,14.221312,0.833536,15.054848
485,16,16,-1,-1,-1,-1,-1,14.083072,1,14.149632,0.83456,14.984192
486,16,16,-1,-1,-1,-1,-1,14.002176,1,14.068736,0.828416,14.897152
487,16,16,-1,-1,-1,-1,-1,13.997056,1,14.061568,0.828416,14.889984
488,16,1024,-1,-1,-1,-1,-1,-1,0,71.429123,0.835584,72.264707
489,16,16,-1,-1,-1,-1,-1,14.14144,1,14.184448,0.832512,15.01696
490,16,16,-1,-1,-1,-1,-1,14.024704,1,14.068736,0.831488,14.900224
491,16,16,-1,-1,-1,-1,-1,14.000128,1,14.065664,0.825344,14.891008
492,16,1024,-1,-1,-1,-1,-1,-1,0,71.587837,0.832512,72.420349
493,16,1024,-1,-1,-1,-1,-1,-1,0,73.760765,0.835584,74.596349
494,16,16,-1,-1,-1,-1,-1,14.1312,1,14.18752,0.831488,15.019008
495,16,16,-1,-1,-1,-1,-1,14.053376,1,14.097408,0.82944,14.926848
496,16,16,-1,-1,-1,-1,-1,14.04416,1,14.11072,0.825344,14.936064
497,16,16,-1,-1,-1,-1,-1,13.96736,1,14.031872,0.827392,14.859264
498,16,16,-1,-1,-1,-1,-1,13.93664,1,13.979648,0.826368,14.806016
499,16,1024,-1,-1,-1,-1,-1,-1,0,71.515137,0.831488,72.346625
500,16,16,-1,-1,-1,-1,-1,14.117888,1,14.174208,0.837632,15.01184
501,16,16,-1,-1,-1,-1,-1,14.014464,1,14.078976,0.830464,14.90944
502,16,1024,-1,-1,-1,-1,-1,-1,0,71.993347,0.838656,72.832003
503,16,1024,-1,-1,-1,-1,-1,-1,0,73.827332,0.830464,74.657796
504,16,1024,-1,-1,-1,-1,-1,-1,0,73.819138,0.836608,74.655746
505,16,16,-1,-1,-1,-1,-1,14.068736,1,14.112768,0.832512,14.94528
506,16,16,-1,-1,-1,-1,-1,14.011392,1,14.0544,0.82944,14.88384
507,16,1023,-1,-1,-1,-1,-1,-1,0,71.831551,0.838656,72.670207
508,16,1024,-1,-1,-1,-1,-1,-1,0,73.784317,0.836608,74.620925
509,16,1023,-1,-1,-1,-1,-1,-1,0,73.723907,0.83456,74.558467
510,16,16,-1,-1,-1,-1,-1,14.056448,1,14.121984,0.832512,14.954496
511,16,16,-1,-1,-1,-1,-1,14.097408,1,14.142464,0.830464,14.972928
512,16,16,-1,-1,-1,-1,-1,14.058496,1,14.125056,0.830464,14.95552
513,16,1024,-1,-1,-1,-1,-1,-1,0,73.282562,0.833536,74.116098
514,16,16,-1,-1,-1,-1,-1,14.055424,1,14.099456,0.831488,14.930944
515,16,16,-1,-1,-1,-1,-1,13.989888,1,14.057472,0.831488,14.88896
516,16,16,-1,-1,-1,-1,-1,13.918208,1,13.96224,0.828416,14.790656
517,16,1024,-1,-1,-1,-1,-1,-1,0,71.604225,0.833536,72.437761
518,16,16,-1,-1,-1,-1,-1,14.058496,1,14.124032,0.835584,14.959616
519,16,16,-1,-1,-1,-1,-1,14.030848,1,14.088192,0.825344,14.913536
520,16,16,-1,-1,-1,-1,-1,13.919232,1,13.975552,0.82944,14.804992
521,16,16,-1,-1,-1,-1,-1,13.90592,1,13.948928,0.831488,14.780416
522,16,16,-1,-1,-1,-1,-1,13.883392,1,13.9264,0.825344,14.751744
523,16,16,-1,-1,-1,-1,-1,13.857792,1,13.899776,0.828416,14.728192
524,16,16,-1,-1,-1,-1,-1,13.853696,1,13.918208,0.831488,14.749696
525,16,16,-1,-1,-1,-1,-1,13.8496,1,13.913088,0.828416,14.741504
526,16,16,-1,-1,-1,-1,-1,13.879296,1,13.943808,0.82432,14.768128
527,16,16,-1,-1,-1,-1,-1,13.881344,1,13.923328,0.82432,14.747648
528,16,16,-1,-1,-1,-1,-1,13.825024,1,13.868032,0.823296,14.691328
529,16,16,-1,-1,-1,-1,-1,13.824,1,13.888512,0.827392,14.715904
530,16,16,-1,-1,-1,-1,-1,13.79328,1,13.83424,0.823296,14.657536
531,16,16,-1,-1,-1,-1,-1,13.790208,1,13.846528,0.827392,14.67392
532,16,16,-1,-1,-1,-1,-1,13.81888,1,13.860864,0.822272,14.683136
533,16,16,-1,-1,-1,-1,-1,13.82912,1,13.892608,0.828416,14.721024
534,16,1024,-1,-1,-1,-1,-1,-1,0,71.411713,0.835584,72.247297
535,16,16,-1,-1,-1,-1,-1,14.021632,1,14.08,0.831488,14.911488
536,16,16,-1,-1,-1,-1,-1,13.990912,1,14.057472,0.830464,14.887936
537,16,16,-1,-1,-1,-1,-1,13.949952,1,13.993984,0.827392,14.821376
538,16,1024,-1,-1,-1,-1,-1,-1,0,71.611389,0.838656,72.450045
539,16,16,-1,-1,-1,-1,-1,14.015488,1,14.058496,0.830464,14.88896
540,16,16,-1,-1,-1,-1,-1,13.974528,1,14.041088,0.826368,14.867456
541,16,1024,-1,-1,-1,-1,-1,-1,0,71.987198,0.832512,72.81971
542,16,16,-1,-1,-1,-1,-1,14.026752,1,14.091264,0.831488,14.922752
543,16,16,-1,-1,-1,-1,-1,14.000128,1,14.04416,0.837632,14.881792
544,16,16,-1,-1,-1,-1,-1,13.893632,1,13.937664,0.828416,14.76608
545,16,16,-1,-1,-1,-1,-1,13.8752,1,13.939712,0.828416,14.768128
546,16,16,-1,-1,-1,-1,-1,13.887488,1,13.932544,0.825344,14.757888
547,16,16,-1,-1,-1,-1,-1,13.87008,1,13.935616,0.832512,14.768128
548,16,16,-1,-1,-1,-1,-1,13.851648,1,13.893632,0.830464,14.724096
549,16,16,-1,-1,-1,-1,-1,13.860864,1,13.925376,0.82432,14.749696
550,16,16,-1,-1,-1,-1,-1,13.87008,1,13.9264,0.827392,14.753792
551,16,16,-1,-1,-1,-1,-1,13.85984,1,13.925376,0.828416,14.753792
552,16,16,-1,-1,-1,-1,-1,13.809664,1,13.876224,0.826368,14.702592
553,16,16,-1,-1,-1,-1,-1,13.841408,1,13.884416,0.82944,14.713856
554,16,16,-1,-1,-1,-1,-1,13.846528,1,13.902848,0.825344,14.728192
555,16,16,-1,-1,-1,-1,-1,13.871104,1,13.914112,0.82432,14.738432
556,16,16,-1,-1,-1,-1,-1,13.88544,1,13.94176,0.825344,14.767104
557,16,16,-1,-1,-1,-1,-1,13.845504,1,13.901824,0.828416,14.73024
558,16,16,-1,-1,-1,-1,-1,13.841408,1,13.904896,0.82432,14.729216
559,16,16,-1,-1,-1,-1,-1,13.843456,1,13.88544,0.825344,14.710784
560,16,16,-1,-1,-1,-1,-1,13.838336,1,13.88032,0.825344,14.705664
561,16,16,-1,-1,-1,-1,-1,13.851648,1,13.906944,0.828416,14.73536
562,16,16,-1,-1,-1,-1,-1,13.860864,1,13.903872,0.82432,14.728192
563,16,16,-1,-1,-1,-1,-1,13.86496,1,13.92128,0.82432,14.7456
564,16,16,-1,-1,-1,-1,-1,13.857792,1,13.9008,0.827392,14.728192
565,16,16,-1,-1,-1,-1,-1,13.848576,1,13.912064,0.825344,14.737408
566,16,16,-1,-1,-1,-1,-1,13.873152,1,13.937664,0.825344,14.763008
567,16,16,-1,-1,-1,-1,-1,13.857792,1,13.920256,0.826368,14.746624
568,16,16,-1,-1,-1,-1,-1,13.861888,1,13.927424,0.823296,14.75072
569,16,16,-1,-1,-1,-1,-1,13.878272,1,13.920256,0.82432,14.744576
570,16,16,-1,-1,-1,-1,-1,13.862912,1,13.918208,0.82432,14.742528
571,16,16,-1,-1,-1,-1,-1,13.833216,1,13.8752,0.82944,14.70464
572,16,16,-1,-1,-1,-1,-1,13.868032,1,13.932544,0.825344,14.757888
573,16,16,-1,-1,-1,-1,-1,13.846528,1,13.902848,0.82432,14.727168
574,16,16,-1,-1,-1,-1,-1,13.88544,1,13.949952,0.823296,14.773248
575,16,16,-1,-1,-1,-1,-1,13.85984,1,13.901824,0.82432,14.726144
576,16,16,-1,-1,-1,-1,-1,13.87008,1,13.912064,0.822272,14.734336
577,16,16,-1,-1,-1,-1,-1,13.878272,1,13.933568,0.822272,14.75584
578,16,16,-1,-1,-1,-1,-1,13.861888,1,13.902848,0.82432,14.727168
579,16,16,-1,-1,-1,-1,-1,13.9008,1,13.964288,0.827392,14.79168
580,16,16,-1,-1,-1,-1,-1,13.877248,1,13.920256,0.825344,14.7456
581,16,16,-1,-1,-1,-1,-1,13.881344,1,13.945856,0.826368,14.772224
582,16,16,-1,-1,-1,-1,-1,13.88544,1,13.949952,0.828416,14.778368
583,16,16,-1,-1,-1,-1,-1,13.857792,1,13.922304,0.82944,14.751744
584,16,16,-1,-1,-1,-1,-1,13.906944,1,13.97248,0.825344,14.797824
585,16,16,-1,-1,-1,-1,-1,13.881344,1,13.923328,0.825344,14.748672
586,16,16,-1,-1,-1,-1,-1,13.894656,1,13.950976,0.825344,14.77632
587,16,16,-1,-1,-1,-1,-1,13.87008,1,13.912064,0.825344,14.737408
588,16,16,-1,-1,-1,-1,-1,13.9264,1,13.991936,0.826368,14.818304
589,16,16,-1,-1,-1,-1,-1,13.845504,1,13.910016,0.82432,14.734336
590,16,16,-1,-1,-1,-1,-1,13.894656,1,13.950976,0.825344,14.77632
591,16,16,-1,-1,-1,-1,-1,13.88032,1,13.923328,0.826368,14.749696
592,16,16,-1,-1,-1,-1,-1,13.898752,1,13.94176,0.827392,14.769152
593,16,16,-1,-1,-1,-1,-1,13.891584,1,13.956096,0.826368,14.782464
594,16,16,-1,-1,-1,-1,-1,13.882368,1,13.924352,0.828416,14.752768
595,16,16,-1,-1,-1,-1,-1,13.873152,1,13.937664,0.826368,14.764032
596,16,16,-1,-1,-1,-1,-1,13.891584,1,13.934592,0.828416,14.763008
597,16,16,-1,-1,-1,-1,-1,13.91616,1,13.978624,0.826368,14.804992
598,16,16,-1,-1,-1,-1,-1,13.917184,1,13.981696,0.826368,14.808064
599,16,16,-1,-1,-1,-1,-1,13.914112,1,13.9776,0.82944,14.80704
600,16,16,-1,-1,-1,-1,-1,13.898752,1,13.964288,0.82944,14.793728
601,16,16,-1,-1,-1,-1,-1,13.898752,1,13.94176,0.827392,14.769152
602,16,16,-1,-1,-1,-1,-1,13.91104,1,13.96736,0.823296,14.790656
603,16,16,-1,-1,-1,-1,-1,13.89568,1,13.937664,0.827392,14.765056
604,16,16,-1,-1,-1,-1,-1,13.90592,1,13.971456,0.827392,14.798848
605,16,16,-1,-1,-1,-1,-1,13.91616,1,13.980672,0.828416,14.809088
606,16,16,-1,-1,-1,-1,-1,13.9008,1,13.965312,0.826368,14.79168
607,16,1024,-1,-1,-1,-1,-1,-1,0,71.360512,0.832512,72.193024
608,16,1024,-1,-1,-1,-1,-1,-1,0,73.78125,0.83456,74.61581
609,16,16,-1,-1,-1,-1,-1,14.150656,1,14.215168,0.832512,15.04768
610,16,16,-1,-1,-1,-1,-1,14.075904,1,14.12096,0.831488,14.952448
611,16,16,-1,-1,-1,-1,-1,13.993984,1,14.052352,0.831488,14.88384
612,16,16,-1,-1,-1,-1,-1,13.960192,1,14.0032,0.825344,14.828544
613,16,16,-1,-1,-1,-1,-1,13.945856,1,14.009344,0.825344,14.834688
614,16,16,-1,-1,-1,-1,-1,13.960192,1,14.026752,0.825344,14.852096
615,16,1024,-1,-1,-1,-1,-1,-1,0,71.453697,0.83456,72.288257
616,16,1023,-1,-1,-1,-1,-1,-1,0,73.764862,0.832512,74.597374
617,16,1024,-1,-1,-1,-1,-1,-1,0,73.767937,0.830464,74.598401
618,16,16,-1,-1,-1,-1,-1,14.103552,1,14.159872,0.832512,14.992384
619,16,16,-1,-1,-1,-1,-1,14.076928,1,14.121984,0.825344,14.947328
620,16,16,-1,-1,-1,-1,-1,14.00832,1,14.075904,0.825344,14.901248
621,16,16,-1,-1,-1,-1,-1,13.955072,1,14.017536,0.827392,14.844928
622,16,16,-1,-1,-1,-1,-1,13.923328,1,13.98784,0.828416,14.816256
623,16,16,-1,-1,-1,-1,-1,13.908992,1,13.963264,0.826368,14.789632
624,16,16,-1,-1,-1,-1,-1,13.896704,1,13.960192,0.827392,14.787584
625,16,16,-1,-1,-1,-1,-1,13.960192,1,14.024704,0.82432,14.849024
626,16,1023,-1,-1,-1,-1,-1,-1,0,71.499779,0.835584,72.335363
627,16,16,-1,-1,-1,-1,-1,14.142464,1,14.208,0.82944,15.03744
628,16,1024,-1,-1,-1,-1,-1,-1,0,72.311806,0.83456,73.146366
629,16,16,-1,-1,-1,-1,-1,14.093312,1,14.159872,0.832512,14.992384
630,16,1024,-1,-1,-1,-1,-1,-1,0,72.757248,0.836608,73.593856
631,16,16,-1,-1,-1,-1,-1,14.112768,1,14.179328,0.837632,15.01696
632,16,16,-1,-1,-1,-1,-1,14.01856,1,14.062592,0.83456,14.897152
633,16,16,-1,-1,-1,-1,-1,13.948928,1,14.014464,0.831488,14.845952
634,16,16,-1,-1,-1,-1,-1,13.940736,1,13.99808,0.831488,14.829568
635,16,16,-1,-1,-1,-1,-1,13.896704,1,13.940736,0.828416,14.769152
636,16,16,-1,-1,-1,-1,-1,13.8752,1,13.93152,0.82432,14.75584
637,16,2031,-1,-1,-1,-1,-1,-1,0,132.545532,0.841728,133.38726
638,16,16,-1,-1,-1,-1,-1,14.130176,1,14.195712,0.837632,15.033344
639,16,16,-1,-1,-1,-1,-1,14.019584,1,14.088192,0.838656,14.926848
640,16,16,-1,-1,-1,-1,-1,13.942784,1,14.00832,0.837632,14.845952
641,16,16,-1,-1,-1,-1,-1,13.8752,1,13.939712,0.830464,14.770176
642,16,16,-1,-1,-1,-1,-1,13.843456,1,13.886464,0.826368,14.712832
643,16,16,-1,-1,-1,-1,-1,13.89056,1,13.953024,0.826368,14.779392
644,16,1024,-1,-1,-1,-1,-1,-1,0,71.663612,0.83968,72.503292
645,16,16,-1,-1,-1,-1,-1,14.070784,1,14.13632,0.830464,14.966784
646,16,1024,-1,-1,-1,-1,-1,-1,0,73.098244,0.83456,73.932804
647,16,16,-1,-1,-1,-1,-1,14.052352,1,14.118912,0.827392,14.946304
648,16,16,-1,-1,-1,-1,-1,13.989888,1,14.03392,0.828416,14.862336
649,16,16,-1,-1,-1,-1,-1,13.989888,1,14.056448,0.835584,14.892032
650,16,16,-1,-1,-1,-1,-1,13.986816,1,14.053376,0.837632,14.891008
651,16,16,-1,-1,-1,-1,-1,13.986816,1,14.031872,0.82944,14.861312
652,16,16,-1,-1,-1,-1,-1,13.964288,1,14.00832,0.826368,14.834688
653,16,16,-1,-1,-1,-1,-1,13.881344,1,13.947904,0.832512,14.780416
654,16,1024,-1,-1,-1,-1,-1,-1,0,71.516159,0.843776,72.359935
655,16,16,-1,-1,-1,-1,-1,14.082048,1,14.140416,0.833536,14.973952
656,16,16,-1,-1,-1,-1,-1,13.991936,1,14.05952,0.833536,14.893056
657,16,16,-1,-1,-1,-1,-1,13.954048,1,13.99808,0.826368,14.824448
658,16,16,-1,-1,-1,-1,-1,13.91616,1,13.960192,0.82944,14.789632
659,16,16,-1,-1,-1,-1,-1,13.89056,1,13.955072,0.830464,14.785536
660,16,1024,-1,-1,-1,-1,-1,-1,0,71.208961,0.843776,72.052737
661,16,1024,-1,-1,-1,-1,-1,-1,0,73.780228,0.83456,74.614788
662,16,16,-1,-1,-1,-1,-1,14.073856,1,14.142464,0.831488,14.973952
663,16,16,-1,-1,-1,-1,-1,13.999104,1,14.065664,0.837632,14.903296
664,16,16,-1,-1,-1,-1,-1,13.94176,1,13.986816,0.836608,14.823424
665,16,16,-1,-1,-1,-1,-1,13.92128,1,13.98784,0.837632,14.825472
666,16,16,-1,-1,-1,-1,-1,13.862912,1,13.90592,0.825344,14.731264
667,16,16,-1,-1,-1,-1,-1,13.879296,1,13.9264,0.828416,14.754816
668,16,1024,-1,-1,-1,-1,-1,-1,0,71.35437,0.843776,72.198146
669,16,16,-1,-1,-1,-1,-1,14.071808,1,14.138368,0.841728,14.980096
670,16,16,-1,-1,-1,-1,-1,14.019584,1,14.088192,0.840704,14.928896
671,16,16,-1,-1,-1,-1,-1,13.944832,1,14.011392,0.82944,14.840832
672,16,16,-1,-1,-1,-1,-1,13.897728,1,13.964288,0.831488,14.795776
673,16,16,-1,-1,-1,-1,-1,13.86496,1,13.907968,0.828416,14.736384
674,16,16,-1,-1,-1,-1,-1,13.867008,1,13.910016,0.838656,14.748672
675,16,16,-1,-1,-1,-1,-1,13.879296,1,13.945856,0.837632,14.783488
676,16,16,-1,-1,-1,-1,-1,13.853696,1,13.920256,0.830464,14.75072
677,16,16,-1,-1,-1,-1,-1,13.863936,1,13.928448,0.830464,14.758912
678,16,16,-1,-1,-1,-1,-1,13.860864,1,13.927424,0.82944,14.756864
679,16,16,-1,-1,-1,-1,-1,13.848576,1,13.914112,0.826368,14.74048
680,16,16,-1,-1,-1,-1,-1,13.857792,1,13.899776,0.835584,14.73536
681,16,16,-1,-1,-1,-1,-1,13.841408,1,13.899776,0.837632,14.737408
682,16,16,-1,-1,-1,-1,-1,13.865984,1,13.910016,0.828416,14.738432
683,16,16,-1,-1,-1,-1,-1,13.83424,1,13.879296,0.826368,14.705664
684,16,16,-1,-1,-1,-1,-1,13.855744,1,13.92128,0.828416,14.749696
685,16,16,-1,-1,-1,-1,-1,13.8496,1,13.915136,0.827392,14.742528
686,16,16,-1,-1,-1,-1,-1,13.855744,1,13.922304,0.838656,14.76096
687,16,16,-1,-1,-1,-1,-1,13.856768,1,13.92128,0.832512,14.753792
688,16,16,-1,-1,-1,-1,-1,13.87008,1,13.935616,0.827392,14.763008
689,16,16,-1,-1,-1,-1,-1,13.86496,1,13.907968,0.82944,14.737408
690,16,16,-1,-1,-1,-1,-1,13.862912,1,13.906944,0.831488,14.738432
691,16,16,-1,-1,-1,-1,-1,13.868032,1,13.9264,0.830464,14.756864
692,16,16,-1,-1,-1,-1,-1,13.857792,1,13.924352,0.830464,14.754816
693,16,16,-1,-1,-1,-1,-1,13.865984,1,13.93152,0.830464,14.761984
694,16,16,-1,-1,-1,-1,-1,13.867008,1,13.93152,0.82944,14.76096
695,16,16,-1,-1,-1,-1,-1,13.855744,1,13.922304,0.831488,14.753792
696,16,16,-1,-1,-1,-1,-1,13.853696,1,13.896704,0.830464,14.727168
697,16,16,-1,-1,-1,-1,-1,13.896704,1,13.96224,0.827392,14.789632
698,16,16,-1,-1,-1,-1,-1,13.869056,1,13.914112,0.828416,14.742528
699,16,16,-1,-1,-1,-1,-1,13.891584,1,13.934592,0.826368,14.76096
700,16,16,-1,-1,-1,-1,-1,13.87008,1,13.9264,0.830464,14.756864
701,16,16,-1,-1,-1,-1,-1,13.888512,1,13.954048,0.830464,14.784512
702,16,16,-1,-1,-1,-1,-1,13.89568,1,13.96224,0.833536,14.795776
703,16,16,-1,-1,-1,-1,-1,13.856768,1,13.92128,0.83456,14.75584
704,16,16,-1,-1,-1,-1,-1,13.898752,1,13.964288,0.82944,14.793728
705,16,16,-1,-1,-1,-1,-1,13.879296,1,13.920256,0.83456,14.754816
706,16,16,-1,-1,-1,-1,-1,13.889536,1,13.933568,0.827392,14.76096
707,16,16,-1,-1,-1,-1,-1,13.868032,1,13.932544,0.837632,14.770176
708,16,16,-1,-1,-1,-1,-1,13.889536,1,13.955072,0.830464,14.785536
709,16,16,-1,-1,-1,-1,-1,13.898752,1,13.963264,0.831488,14.794752
710,16,16,-1,-1,-1,-1,-1,13.893632,1,13.959168,0.827392,14.78656
711,16,16,-1,-1,-1,-1,-1,13.862912,1,13.928448,0.83456,14.763008
712,16,16,-1,-1,-1,-1,-1,13.893632,1,13.937664,0.826368,14.764032
713,16,16,-1,-1,-1,-1,-1,13.920256,1,13.985792,0.836608,14.8224
714,16,16,-1,-1,-1,-1,-1,13.876224,1,13.920256,0.830464,14.75072
715,16,16,-1,-1,-1,-1,-1,13.9264,1,13.970432,0.828416,14.798848
716,16,16,-1,-1,-1,-1,-1,13.899776,1,13.95712,0.826368,14.783488
717,16,16,-1,-1,-1,-1,-1,13.9008,1,13.959168,0.82944,14.788608
718,16,16,-1,-1,-1,-1,-1,13.91104,1,13.9776,0.830464,14.808064
719,16,16,-1,-1,-1,-1,-1,13.897728,1,13.96224,0.828416,14.790656
720,16,16,-1,-1,-1,-1,-1,13.912064,1,13.975552,0.828416,14.803968
721,16,16,-1,-1,-1,-1,-1,13.898752,1,13.943808,0.833536,14.777344
722,16,16,-1,-1,-1,-1,-1,13.901824,1,13.945856,0.828416,14.774272
723,16,16,-1,-1,-1,-1,-1,13.913088,1,13.976576,0.825344,14.80192
724,16,16,-1,-1,-1,-1,-1,13.93664,1,14.001152,0.831488,14.83264
725,16,16,-1,-1,-1,-1,-1,13.907968,1,13.97248,0.82432,14.7968
726,16,1024,-1,-1,-1,-1,-1,-1,0,71.244797,0.843776,72.088573
727,16,16,-1,-1,-1,-1,-1,14.149632,1,14.217216,0.842752,15.059968
728,16,16,-1,-1,-1,-1,-1,14.075904,1,14.121984,0.831488,14.953472
729,16,16,-1,-1,-1,-1,-1,14.000128,1,14.061568,0.836608,14.898176
730,16,16,-1,-1,-1,-1,-1,14.000128,1,14.045184,0.827392,14.872576
731,16,16,-1,-1,-1,-1,-1,13.968384,1,14.012416,0.835584,14.848
732,16,16,-1,-1,-1,-1,-1,13.954048,1,14.019584,0.830464,14.850048
733,16,16,-1,-1,-1,-1,-1,13.942784,1,14.00832,0.83456,14.84288
734,16,16,-1,-1,-1,-1,-1,13.935616,1,14.001152,0.828416,14.829568
735,16,16,-1,-1,-1,-1,-1,13.944832,1,13.988864,0.836608,14.825472
736,16,16,-1,-1,-1,-1,-1,13.91104,1,13.976576,0.830464,14.80704
737,16,16,-1,-1,-1,-1,-1,13.91616,1,13.960192,0.827392,14.787584
738,16,16,-1,-1,-1,-1,-1,13.892608,1,13.93664,0.82944,14.76608
739,16,16,-1,-1,-1,-1,-1,13.902848,1,13.96736,0.82944,14.7968
740,16,1024,-1,-1,-1,-1,-1,-1,0,71.342079,0.836608,72.178687
741,16,16,-1,-1,-1,-1,-1,14.073856,1,14.130176,0.832512,14.962688
742,16,16,-1,-1,-1,-1,-1,13.999104,1,14.058496,0.82944,14.887936
743,16,1023,-1,-1,-1,-1,-1,-1,0,71.847939,0.836608,72.684547
744,16,16,-1,-1,-1,-1,-1,14.144512,1,14.211072,0.836608,15.04768
745,16,16,-1,-1,-1,-1,-1,14.108672,1,14.176256,0.835584,15.01184
746,16,1024,-1,-1,-1,-1,-1,-1,0,73.096191,0.83456,73.930751
747,16,1024,-1,-1,-1,-1,-1,-1,0,73.313278,0.8448,74.158078
748,16,16,-1,-1,-1,-1,-1,14.109696,1,14.176256,0.833536,15.009792
749,16,2031,-1,-1,-1,-1,-1,-1,0,133.090302,0.835584,133.925885
750,16,16,-1,-1,-1,-1,-1,14.091264,1,14.15168,0.832512,14.984192
751,16,16,-1,-1,-1,-1,-1,14.06976,1,14.114816,0.82944,14.944256
752,16,1024,-1,-1,-1,-1,-1,-1,0,72.194046,0.831488,73.025534
753,16,16,-1,-1,-1,-1,-1,14.077952,1,14.121984,0.831488,14.953472
754,16,16,-1,-1,-1,-1,-1,14.036992,1,14.08,0.837632,14.917632
755,16,16,-1,-1,-1,-1,-1,13.923328,1,13.968384,0.828416,14.7968
756,16,16,-1,-1,-1,-1,-1,13.93664,1,14.004224,0.831488,14.835712
757,16,1024,-1,-1,-1,-1,-1,-1,0,71.757828,0.841728,72.599556
758,16,16,-1,-1,-1,-1,-1,14.083072,1,14.150656,0.841728,14.992384
759,16,1024,-1,-1,-1,-1,-1,-1,0,72.262657,0.840704,73.103361
760,16,16,-1,-1,-1,-1,-1,14.073856,1,14.140416,0.841728,14.982144
761,16,16,-1,-1,-1,-1,-1,14.062592,1,14.108672,0.837632,14.946304
762,16,16,-1,-1,-1,-1,-1,13.934592,1,14.001152,0.83968,14.840832
763,16,16,-1,-1,-1,-1,-1,13.908992,1,13.974528,0.83456,14.809088
764,16,16,-1,-1,-1,-1,-1,13.91616,1,13.98272,0.830464,14.813184
765,16,16,-1,-1,-1,-1,-1,13.877248,1,13.942784,0.835584,14.778368
766,16,16,-1,-1,-1,-1,-1,13.891584,1,13.95712,0.82432,14.78144
767,16,16,-1,-1,-1,-1,-1,13.842432,1,13.888512,0.82944,14.717952
768,16,1024,-1,-1,-1,-1,-1,-1,0,71.343102,0.838656,72.181758
769,16,16,-1,-1,-1,-1,-1,14.099456,1,14.143488,0.832512,14.976
770,16,16,-1,-1,-1,-1,-1,14.014464,1,14.058496,0.827392,14.885888
771,16,16,-1,-1,-1,-1,-1,13.961216,1,14.006272,0.82944,14.835712
772,16,16,-1,-1,-1,-1,-1,13.883392,1,13.949952,0.830464,14.780416
773,16,16,-1,-1,-1,-1,-1,13.873152,1,13.937664,0.823296,14.76096
774,16,1024,-1,-1,-1,-1,-1,-1,0,71.382019,0.842752,72.224771
775,16,16,-1,-1,-1,-1,-1,14.060544,1,14.128128,0.832512,14.96064
776,16,16,-1,-1,-1,-1,-1,13.997056,1,14.06464,0.83456,14.8992
777,16,16,-1,-1,-1,-1,-1,13.954048,1,14.001152,0.830464,14.831616
778,16,16,-1,-1,-1,-1,-1,13.920256,1,13.986816,0.828416,14.815232
779,16,16,-1,-1,-1,-1,-1,13.901824,1,13.96736,0.83456,14.80192
780,16,16,-1,-1,-1,-1,-1,13.860864,1,13.919232,0.838656,14.757888
781,16,16,-1,-1,-1,-1,-1,13.893632,1,13.959168,0.82944,14.788608
782,16,16,-1,-1,-1,-1,-1,13.873152,1,13.938688,0.826368,14.765056
783,16,16,-1,-1,-1,-1,-1,13.857792,1,13.899776,0.828416,14.728192
784,16,16,-1,-1,-1,-1,-1,13.857792,1,13.914112,0.827392,14.741504
785,16,16,-1,-1,-1,-1,-1,13.843456,1,13.88544,0.828416,14.713856
786,16,1024,-1,-1,-1,-1,-1,-1,0,71.464958,0.832512,72.29747
787,16,1024,-1,-1,-1,-1,-1,-1,0,73.667587,0.831488,74.499075
788,16,16,-1,-1,-1,-1,-1,14.073856,1,14.139392,0.83456,14.973952
789,16,16,-1,-1,-1,-1,-1,13.980672,1,14.03904,0.831488,14.870528
790,16,16,-1,-1,-1,-1,-1,13.92128,1,13.985792,0.82944,14.815232
791,16,16,-1,-1,-1,-1,-1,13.912064,1,13.978624,0.830464,14.809088
792,16,1024,-1,-1,-1,-1,-1,-1,0,71.899139,0.8448,72.743939
793,16,16,-1,-1,-1,-1,-1,14.083072,1,14.12608,0.837632,14.963712
794,16,16,-1,-1,-1,-1,-1,13.934592,1,14.001152,0.838656,14.839808
795,16,1024,-1,-1,-1,-1,-1,-1,0,71.917564,0.833536,72.7511
796,16,16,-1,-1,-1,-1,-1,14.068736,1,14.112768,0.833536,14.946304
797,16,16,-1,-1,-1,-1,-1,13.979648,1,14.046208,0.831488,14.877696
798,16,16,-1,-1,-1,-1,-1,13.93664,1,14.001152,0.827392,14.828544
799,16,16,-1,-1,-1,-1,-1,13.924352,1,13.96736,0.828416,14.795776
800,16,16,-1,-1,-1,-1,-1,13.862912,1,13.927424,0.827392,14.754816
801,16,16,-1,-1,-1,-1,-1,13.863936,1,13.907968,0.833536,14.741504
802,16,16,-1,-1,-1,-1,-1,13.887488,1,13.953024,0.82944,14.782464
803,16,16,-1,-1,-1,-1,-1,13.86496,1,13.928448,0.828416,14.756864
804,16,16,-1,-1,-1,-1,-1,13.855744,1,13.912064,0.831488,14.743552
805,16,16,-1,-1,-1,-1,-1,13.860864,1,13.925376,0.82944,14.754816
806,16,16,-1,-1,-1,-1,-1,13.838336,1,13.903872,0.82432,14.728192
807,16,16,-1,-1,-1,-1,-1,13.858816,1,13.923328,0.826368,14.749696
808,16,16,-1,-1,-1,-1,-1,13.82912,1,13.894656,0.827392,14.722048
809,16,16,-1,-1,-1,-1,-1,13.853696,1,13.89568,0.831488,14.727168
810,16,16,-1,-1,-1,-1,-1,13.850624,1,13.914112,0.82432,14.738432
811,16,16,-1,-1,-1,-1,-1,13.874176,1,13.938688,0.826368,14.765056
812,16,16,-1,-1,-1,-1,-1,13.856768,1,13.897728,0.828416,14.726144
813,16,16,-1,-1,-1,-1,-1,13.842432,1,13.898752,0.825344,14.724096
814,16,16,-1,-1,-1,-1,-1,13.832192,1,13.888512,0.828416,14.716928
815,16,16,-1,-1,-1,-1,-1,13.836288,1,13.878272,0.825344,14.703616
816,16,16,-1,-1,-1,-1,-1,13.856768,1,13.922304,0.82432,14.746624
817,16,16,-1,-1,-1,-1,-1,13.86496,1,13.906944,0.82432,14.731264
818,16,16,-1,-1,-1,-1,-1,13.862912,1,13.925376,0.828416,14.753792
819,16,16,-1,-1,-1,-1,-1,13.8752,1,13.937664,0.828416,14.76608
820,16,16,-1,-1,-1,-1,-1,13.865984,1,13.930496,0.836608,14.767104
821,16,16,-1,-1,-1,-1,-1,13.8752,1,13.94176,0.827392,14.769152
822,16,16,-1,-1,-1,-1,-1,13.853696,1,13.919232,0.82944,14.748672
823,16,16,-1,-1,-1,-1,-1,13.861888,1,13.925376,0.82432,14.749696
824,16,16,-1,-1,-1,-1,-1,13.84448,1,13.908992,0.82944,14.738432
825,16,16,-1,-1,-1,-1,-1,13.89568,1,13.938688,0.82432,14.763008
826,16,16,-1,-1,-1,-1,-1,13.884416,1,13.947904,0.82944,14.777344
827,16,16,-1,-1,-1,-1,-1,13.88032,1,13.945856,0.82432,14.770176
828,16,16,-1,-1,-1,-1,-1,13.886464,1,13.928448,0.830464,14.758912
829,16,16,-1,-1,-1,-1,-1,13.858816,1,13.914112,0.823296,14.737408
830,16,16,-1,-1,-1,-1,-1,13.869056,1,13.935616,0.823296,14.758912
831,16,16,-1,-1,-1,-1,-1,13.892608,1,13.935616,0.827392,14.763008
832,16,16,-1,-1,-1,-1,-1,13.8752,1,13.94176,0.826368,14.768128
833,16,16,-1,-1,-1,-1,-1,13.878272,1,13.92128,0.825344,14.746624
834,16,16,-1,-1,-1,-1,-1,13.883392,1,13.947904,0.825344,14.773248
835,16,16,-1,-1,-1,-1,-1,13.894656,1,13.960192,0.830464,14.790656
836,16,16,-1,-1,-1,-1,-1,13.889536,1,13.954048,0.827392,14.78144
837,16,16,-1,-1,-1,-1,-1,13.889536,1,13.953024,0.826368,14.779392
838,16,16,-1,-1,-1,-1,-1,13.86496,1,13.929472,0.827392,14.756864
839,16,16,-1,-1,-1,-1,-1,13.898752,1,13.96224,0.825344,14.787584
840,16,16,-1,-1,-1,-1,-1,13.915136,1,13.978624,0.826368,14.804992
841,16,16,-1,-1,-1,-1,-1,13.904896,1,13.947904,0.822272,14.770176
842,16,16,-1,-1,-1,-1,-1,13.894656,1,13.949952,0.828416,14.778368
843,16,16,-1,-1,-1,-1,-1,13.906944,1,13.97248,0.821248,14.793728
844,16,16,-1,-1,-1,-1,-1,13.892608,1,13.934592,0.828416,14.763008
845,16,16,-1,-1,-1,-1,-1,13.893632,1,13.958144,0.836608,14.794752
846,16,16,-1,-1,-1,-1,-1,13.932544,1,13.99808,0.82432,14.8224
847,16,16,-1,-1,-1,-1,-1,13.924352,1,13.965312,0.823296,14.788608
848,16,16,-1,-1,-1,-1,-1,13.914112,1,13.978624,0.826368,14.804992
849,16,16,-1,-1,-1,-1,-1,13.872128,1,13.914112,0.827392,14.741504
850,16,16,-1,-1,-1,-1,-1,13.902848,1,13.96736,0.828416,14.795776
851,16,16,-1,-1,-1,-1,-1,13.892608,1,13.955072,0.823296,14.778368
852,16,16,-1,-1,-1,-1,-1,13.929472,1,13.993984,0.83456,14.828544
853,16,16,-1,-1,-1,-1,-1,13.907968,1,13.971456,0.826368,14.797824
854,16,16,-1,-1,-1,-1,-1,13.902848,1,13.96736,0.82944,14.7968
855,16,16,-1,-1,-1,-1,-1,13.932544,1,13.996032,0.82944,14.825472
856,16,16,-1,-1,-1,-1,-1,13.889536,1,13.956096,0.826368,14.782464
857,16,16,-1,-1,-1,-1,-1,13.929472,1,13.970432,0.82432,14.794752
858,16,16,-1,-1,-1,-1,-1,13.89056,1,13.955072,0.827392,14.782464
859,16,16,-1,-1,-1,-1,-1,13.91104,1,13.96736,0.825344,14.792704
860,16,16,-1,-1,-1,-1,-1,13.925376,1,13.968384,0.82944,14.797824
861,16,16,-1,-1,-1,-1,-1,13.92128,1,13.984768,0.825344,14.810112
862,16,16,-1,-1,-1,-1,-1,13.924352,1,13.986816,0.825344,14.81216
863,16,1024,-1,-1,-1,-1,-1,-1,0,71.160835,0.832512,71.993347
864,16,16,-1,-1,-1,-1,-1,14.153728,1,14.211072,0.836608,15.04768
865,16,2032,-1,-1,-1,-1,-1,-1,0,131.081223,0.835584,131.916807
866,16,16,-1,-1,-1,-1,-1,14.208,1,14.275584,0.83456,15.110144
867,16,16,-1,-1,-1,-1,-1,14.041088,1,14.107648,0.830464,14.938112
868,16,16,-1,-1,-1,-1,-1,14.002176,1,14.048256,0.828416,14.876672
869,16,16,-1,-1,-1,-1,-1,13.979648,1,14.045184,0.83456,14.879744
870,16,16,-1,-1,-1,-1,-1,13.958144,1,14.02368,0.828416,14.852096
871,16,1023,-1,-1,-1,-1,-1,-1,0,71.821312,0.83968,72.660992
872,16,16,-1,-1,-1,-1,-1,14.114816,1,14.1824,0.840704,15.023104
873,16,16,-1,-1,-1,-1,-1,14.03392,1,14.078976,0.83968,14.918656
874,16,1024,-1,-1,-1,-1,-1,-1,0,71.942146,0.832512,72.774658
875,16,16,-1,-1,-1,-1,-1,14.050304,1,14.114816,0.82944,14.944256
876,16,16,-1,-1,-1,-1,-1,13.980672,1,14.025728,0.833536,14.859264
877,16,16,-1,-1,-1,-1,-1,13.938688,1,13.996032,0.827392,14.823424
878,16,16,-1,-1,-1,-1,-1,13.893632,1,13.93664,0.826368,14.763008
879,16,16,-1,-1,-1,-1,-1,13.893632,1,13.956096,0.827392,14.783488
880,16,16,-1,-1,-1,-1,-1,13.88544,1,13.942784,0.825344,14.768128
881,16,16,-1,-1,-1,-1,-1,13.889536,1,13.955072,0.826368,14.78144
882,16,1023,-1,-1,-1,-1,-1,-1,0,71.998466,0.83456,72.833026
883,16,16,-1,-1,-1,-1,-1,14.082048,1,14.148608,0.835584,14.984192
884,16,16,-1,-1,-1,-1,-1,14.016512,1,14.061568,0.82944,14.891008
885,16,16,-1,-1,-1,-1,-1,13.924352,1,13.989888,0.831488,14.821376
886,16,16,-1,-1,-1,-1,-1,13.913088,1,13.9776,0.828416,14.806016
887,16,16,-1,-1,-1,-1,-1,13.89568,1,13.961216,0.828416,14.789632
888,16,1024,-1,-1,-1,-1,-1,-1,0,71.609344,0.83456,72.443904
889,16,16,-1,-1,-1,-1,-1,14.045184,1,14.088192,0.832512,14.920704
890,16,1023,-1,-1,-1,-1,-1,-1,0,72.845314,0.835584,73.680898
891,16,16,-1,-1,-1,-1,-1,14.084096,1,14.150656,0.835584,14.98624
892,16,16,-1,-1,-1,-1,-1,13.984768,1,14.029824,0.830464,14.860288
893,16,16,-1,-1,-1,-1,-1,13.948928,1,14.014464,0.833536,14.848
894,16,1023,-1,-1,-1,-1,-1,-1,0,71.772163,0.832512,72.604675
895,16,1024,-1,-1,-1,-1,-1,-1,0,73.821182,0.833536,74.654718
896,16,2032,-1,-1,-1,-1,-1,-1,0,134.062073,0.838656,134.900729
897,16,16,-1,-1,-1,-1,-1,14.092288,1,14.159872,0.837632,14.997504
898,16,16,-1,-1,-1,-1,-1,14.007296,1,14.073856,0.832512,14.906368
899,16,16,-1,-1,-1,-1,-1,13.929472,1,13.993984,0.828416,14.8224
900,16,16,-1,-1,-1,-1,-1,13.91616,1,13.959168,0.82432,14.783488
901,16,16,-1,-1,-1,-1,-1,13.868032,1,13.91104,0.828416,14.739456
902,16,16,-1,-1,-1,-1,-1,13.865984,1,13.907968,0.827392,14.73536
903,16,16,-1,-1,-1,-1,-1,13.892608,1,13.935616,0.831488,14.767104
904,16,16,-1,-1,-1,-1,-1,13.874176,1,13.937664,0.82432,14.761984
905,16,1024,-1,-1,-1,-1,-1,-1,0,71.605247,0.83456,72.439807
906,16,16,-1,-1,-1,-1,-1,14.061568,1,14.128128,0.832512,14.96064
907,16,16,-1,-1,-1,-1,-1,13.980672,1,14.047232,0.832512,14.879744
908,16,1024,-1,-1,-1,-1,-1,-1,0,72.037376,0.835584,72.87296
909,16,16,-1,-1,-1,-1,-1,14.055424,1,14.098432,0.830464,14.928896
910,16,16,-1,-1,-1,-1,-1,14.025728,1,14.070784,0.831488,14.902272
911,16,16,-1,-1,-1,-1,-1,13.93664,1,14.001152,0.827392,14.828544
912,16,16,-1,-1,-1,-1,-1,13.903872,1,13.969408,0.830464,14.799872
913,16,16,-1,-1,-1,-1,-1,13.894656,1,13.960192,0.830464,14.790656
914,16,1024,-1,-1,-1,-1,-1,-1,0,71.461891,0.83456,72.296451
915,16,16,-1,-1,-1,-1,-1,14.084096,1,14.148608,0.83456,14.983168
916,16,16,-1,-1,-1,-1,-1,14.01856,1,14.063616,0.832512,14.896128
917,16,16,-1,-1,-1,-1,-1,13.944832,1,13.98784,0.830464,14.818304
918,16,1024,-1,-1,-1,-1,-1,-1,0,71.763969,0.835584,72.599553
919,16,16,-1,-1,-1,-1,-1,14.046208,1,14.09024,0.83456,14.9248
920,16,16,-1,-1,-1,-1,-1,14.010368,1,14.077952,0.83456,14.912512
921,16,16,-1,-1,-1,-1,-1,13.906944,1,13.971456,0.832512,14.803968
922,16,16,-1,-1,-1,-1,-1,13.894656,1,13.959168,0.828416,14.787584
923,16,16,-1,-1,-1,-1,-1,13.898752,1,13.964288,0.830464,14.794752
924,16,16,-1,-1,-1,-1,-1,13.855744,1,13.920256,0.826368,14.746624
925,16,16,-1,-1,-1,-1,-1,13.855744,1,13.897728,0.828416,14.726144
926,16,16,-1,-1,-1,-1,-1,13.878272,1,13.92128,0.830464,14.751744
927,16,16,-1,-1,-1,-1,-1,13.881344,1,13.94688,0.830464,14.777344
928,16,16,-1,-1,-1,-1,-1,13.884416,1,13.94176,0.828416,14.770176
929,16,16,-1,-1,-1,-1,-1,13.856768,1,13.923328,0.828416,14.751744
930,16,16,-1,-1,-1,-1,-1,13.836288,1,13.9008,0.826368,14.727168
931,16,16,-1,-1,-1,-1,-1,13.873152,1,13.93664,0.825344,14.761984
932,16,16,-1,-1,-1,-1,-1,13.838336,1,13.881344,0.82944,14.710784
933,16,16,-1,-1,-1,-1,-1,13.8496,1,13.89056,0.82432,14.71488
934,16,16,-1,-1,-1,-1,-1,13.802496,1,13.857792,0.825344,14.683136
935,16,16,-1,-1,-1,-1,-1,13.845504,1,13.886464,0.825344,14.711808
936,16,16,-1,-1,-1,-1,-1,13.845504,1,13.91104,0.826368,14.737408
937,16,16,-1,-1,-1,-1,-1,13.845504,1,13.908992,0.82432,14.733312
938,16,16,-1,-1,-1,-1,-1,13.835264,1,13.899776,0.826368,14.726144
939,16,16,-1,-1,-1,-1,-1,13.861888,1,13.925376,0.830464,14.75584
940,16,16,-1,-1,-1,-1,-1,13.845504,1,13.910016,0.825344,14.73536
941,16,16,-1,-1,-1,-1,-1,13.855744,1,13.897728,0.825344,14.723072
942,16,16,-1,-1,-1,-1,-1,13.8496,1,13.891584,0.830464,14.722048
943,16,16,-1,-1,-1,-1,-1,13.869056,1,13.934592,0.823296,14.757888
944,16,16,-1,-1,-1,-1,-1,13.848576,1,13.913088,0.82432,14.737408
945,16,16,-1,-1,-1,-1,-1,13.861888,1,13.919232,0.82432,14.743552
946,16,16,-1,-1,-1,-1,-1,13.868032,1,13.932544,0.82432,14.756864
947,16,16,-1,-1,-1,-1,-1,13.865984,1,13.930496,0.826368,14.756864
948,16,16,-1,-1,-1,-1,-1,13.881344,1,13.924352,0.828416,14.752768
949,16,16,-1,-1,-1,-1,-1,13.884416,1,13.927424,0.82432,14.751744
950,16,16,-1,-1,-1,-1,-1,13.869056,1,13.932544,0.826368,14.758912
951,16,16,-1,-1,-1,-1,-1,13.893632,1,13.935616,0.828416,14.764032
952,16,16,-1,-1,-1,-1,-1,13.884416,1,13.949952,0.826368,14.77632
953,16,16,-1,-1,-1,-1,-1,13.865984,1,13.92128,0.82944,14.75072
954,16,16,-1,-1,-1,-1,-1,13.86496,1,13.929472,0.825344,14.754816
955,16,16,-1,-1,-1,-1,-1,13.888512,1,13.943808,0.827392,14.7712
956,16,16,-1,-1,-1,-1,-1,13.876224,1,13.940736,0.826368,14.767104
957,16,16,-1,-1,-1,-1,-1,13.89056,1,13.93152,0.825344,14.756864
958,16,16,-1,-1,-1,-1,-1,13.889536,1,13.932544,0.82432,14.756864
959,16,16,-1,-1,-1,-1,-1,13.896704,1,13.96224,0.827392,14.789632
960,16,16,-1,-1,-1,-1,-1,13.89568,1,13.961216,0.826368,14.787584
961,16,16,-1,-1,-1,-1,-1,13.888512,1,13.953024,0.827392,14.780416
962,16,16,-1,-1,-1,-1,-1,13.871104,1,13.934592,0.82944,14.764032
963,16,16,-1,-1,-1,-1,-1,13.89568,1,13.960192,0.831488,14.79168
964,16,16,-1,-1,-1,-1,-1,13.904896,1,13.947904,0.826368,14.774272
965,16,16,-1,-1,-1,-1,-1,13.89056,1,13.933568,0.825344,14.758912
966,16,16,-1,-1,-1,-1,-1,13.883392,1,13.947904,0.826368,14.774272
967,16,16,-1,-1,-1,-1,-1,13.88544,1,13.927424,0.825344,14.752768
968,16,16,-1,-1,-1,-1,-1,13.896704,1,13.961216,0.82432,14.785536
969,16,16,-1,-1,-1,-1,-1,13.886464,1,13.950976,0.828416,14.779392
970,16,16,-1,-1,-1,-1,-1,13.867008,1,13.930496,0.826368,14.756864
971,16,16,-1,-1,-1,-1,-1,13.904896,1,13.968384,0.82432,14.792704
972,16,16,-1,-1,-1,-1,-1,13.908992,1,13.964288,0.825344,14.789632
973,16,16,-1,-1,-1,-1,-1,13.919232,1,13.961216,0.825344,14.78656
974,16,16,-1,-1,-1,-1,-1,13.896704,1,13.938688,0.82944,14.768128
975,16,16,-1,-1,-1,-1,-1,13.897728,1,13.96224,0.823296,14.785536
976,16,16,-1,-1,-1,-1,-1,13.91104,1,13.968384,0.827392,14.795776
977,16,16,-1,-1,-1,-1,-1,13.89568,1,13.961216,0.82944,14.790656
978,16,16,-1,-1,-1,-1,-1,13.912064,1,13.976576,0.826368,14.802944
979,16,16,-1,-1,-1,-1,-1,13.878272,1,13.940736,0.826368,14.767104
980,16,16,-1,-1,-1,-1,-1,13.903872,1,13.94688,0.827392,14.774272
981,16,16,-1,-1,-1,-1,-1,13.93152,1,13.974528,0.82944,14.803968
982,16,16,-1,-1,-1,-1,-1,13.898752,1,13.955072,0.827392,14.782464
983,16,16,-1,-1,-1,-1,-1,13.934592,1,13.9776,0.828416,14.806016
984,16,16,-1,-1,-1,-1,-1,13.928448,1,13.991936,0.828416,14.820352
985,16,16,-1,-1,-1,-1,-1,13.922304,1,13.986816,0.826368,14.813184
986,16,16,-1,-1,-1,-1,-1,13.912064,1,13.976576,0.827392,14.803968
987,16,16,-1,-1,-1,-1,-1,13.91616,1,13.980672,0.826368,14.80704
988,16,16,-1,-1,-1,-1,-1,13.929472,1,13.993984,0.825344,14.819328
989,16,16,-1,-1,-1,-1,-1,13.918208,1,13.961216,0.827392,14.788608
990,16,1024,-1,-1,-1,-1,-1,-1,0,71.398399,0.833536,72.231935
991,16,16,-1,-1,-1,-1,-1,14.1312,1,14.19776,0.83456,15.03232
992,16,16,-1,-1,-1,-1,-1,14.036992,1,14.104576,0.828416,14.932992
993,16,1023,-1,-1,-1,-1,-1,-1,0,71.800835,0.831488,72.632323
994,16,16,-1,-1,-1,-1,-1,14.124032,1,14.190592,0.835584,15.026176
995,16,16,-1,-1,-1,-1,-1,14.005248,1,14.071808,0.833536,14.905344
996,16,16,-1,-1,-1,-1,-1,13.97248,1,14.016512,0.828416,14.844928
997,16,16,-1,-1,-1,-1,-1,13.947904,1,13.990912,0.826368,14.81728
998,16,16,-1,-1,-1,-1,-1,13.935616,1,14.000128,0.830464,14.830592
999,16,1024,-1,-1,-1,-1,-1,-1,0,71.581696,0.833536,72.415232
1000,16,16,-1,-1,-1,-1,-1,14.117888,1,14.185472,0.833536,15.019008
1001,16,16,-1,-1,-1,-1,-1,14.083072,1,14.147584,0.830464,14.978048
1002,16,1024,-1,-1,-1,-1,-1,-1,0,73.537537,0.835584,74.373121
1003,16,16,-1,-1,-1,-1,-1,14.063616,1,14.129152,0.832512,14.961664
1004,16,16,-1,-1,-1,-1,-1,14.012416,1,14.077952,0.82944,14.907392
1005,16,16,-1,-1,-1,-1,-1,13.978624,1,14.021632,0.830464,14.852096
1006,16,16,-1,-1,-1,-1,-1,13.95712,1,14.021632,0.82432,14.845952
1007,16,16,-1,-1,-1,-1,-1,13.918208,1,13.984768,0.828416,14.813184
1008,16,1024,-1,-1,-1,-1,-1,-1,0,71.591934,0.833536,72.42547
1009,16,16,-1,-1,-1,-1,-1,14.09536,1,14.159872,0.833536,14.993408
1010,16,16,-1,-1,-1,-1,-1,14.055424,1,14.124032,0.82944,14.953472
1011,16,16,-1,-1,-1,-1,-1,13.964288,1,14.007296,0.827392,14.834688
1012,16,16,-1,-1,-1,-1,-1,13.945856,1,13.988864,0.828416,14.81728
1013,16,16,-1,-1,-1,-1,-1,13.942784,1,13.984768,0.825344,14.810112
1014,16,1024,-1,-1,-1,-1,-1,-1,0,71.450623,0.833536,72.284159
1015,16,16,-1,-1,-1,-1,-1,14.155776,1,14.221312,0.833536,15.054848
1016,16,16,-1,-1,-1,-1,-1,14.038016,1,14.083072,0.831488,14.91456
1017,16,16,-1,-1,-1,-1,-1,13.98272,1,14.047232,0.828416,14.875648
1018,16,2032,-1,-1,-1,-1,-1,-1,0,133.058563,0.83968,133.898243
1019,16,16,-1,-1,-1,-1,-1,14.1312,1,14.176256,0.833536,15.009792
1020,16,1024,-1,-1,-1,-1,-1,-1,0,72.803329,0.83456,73.637889
1021,16,1024,-1,-1,-1,-1,-1,-1,0,74.162178,0.832512,74.99469
1022,16,16,-1,-1,-1,-1,-1,14.091264,1,14.155776,0.835584,14.99136
1023,16,16,-1,-1,-1,-1,-1,13.974528,1,14.040064,0.82944,14.869504
1024,16,16,-1,-1,-1,-1,-1,13.953024,1,14.01856,0.828416,14.846976
1025,16,16,-1,-1,-1,-1,-1,13.89568,1,13.938688,0.830464,14.769152
1026,16,16,-1,-1,-1,-1,-1,13.884416,1,13.949952,0.82432,14.774272
1027,16,16,-1,-1,-1,-1,-1,13.87008,1,13.912064,0.827392,14.739456
1028,16,16,-1,-1,-1,-1,-1,13.871104,1,13.913088,0.827392,14.74048
1029,16,16,-1,-1,-1,-1,-1,13.871104,1,13.914112,0.831488,14.7456
1030,16,16,-1,-1,-1,-1,-1,13.871104,1,13.929472,0.82944,14.758912
1031,16,16,-1,-1,-1,-1,-1,13.857792,1,13.922304,0.827392,14.749696
1032,16,1024,-1,-1,-1,-1,-1,-1,0,71.961601,0.837632,72.799233
1033,16,16,-1,-1,-1,-1,-1,14.10048,1,14.166016,0.837632,15.003648
1034,16,1024,-1,-1,-1,-1,-1,-1,0,72.615936,0.833536,73.449472
1035,16,1024,-1,-1,-1,-1,-1,-1,0,73.686012,0.83456,74.520572
1036,16,1024,-1,-1,-1,-1,-1,-1,0,73.734146,0.837632,74.571778
1037,16,16,-1,-1,-1,-1,-1,14.027776,1,14.094336,0.832512,14.926848
1038,16,1024,-1,-1,-1,-1,-1,-1,0,72.74189,0.83456,73.57645
1039,16,1024,-1,-1,-1,-1,-1,-1,0,73.710594,0.831488,74.542082
1040,16,16,-1,-1,-1,-1,-1,14.065664,1,14.1312,0.83968,14.97088
1041,16,16,-1,-1,-1,-1,-1,13.99808,1,14.042112,0.828416,14.870528
1042,16,16,-1,-1,-1,-1,-1,13.953024,1,14.017536,0.82944,14.846976
1043,16,16,-1,-1,-1,-1,-1,13.856768,1,13.899776,0.827392,14.727168
1044,16,16,-1,-1,-1,-1,-1,13.88032,1,13.924352,0.82432,14.748672
1045,16,16,-1,-1,-1,-1,-1,13.8496,1,13.891584,0.83456,14.726144
1046,16,16,-1,-1,-1,-1,-1,13.822976,1,13.887488,0.825344,14.712832
1047,16,16,-1,-1,-1,-1,-1,13.840384,1,13.896704,0.828416,14.72512
1048,16,16,-1,-1,-1,-1,-1,13.8496,1,13.90592,0.825344,14.731264
1049,16,16,-1,-1,-1,-1,-1,13.828096,1,13.87008,0.82432,14.6944
1050,16,16,-1,-1,-1,-1,-1,13.835264,1,13.899776,0.828416,14.728192
1051,16,16,-1,-1,-1,-1,-1,13.821952,1,13.884416,0.825344,14.70976
1052,16,16,-1,-1,-1,-1,-1,13.821952,1,13.88032,0.826368,14.706688
1053,16,16,-1,-1,-1,-1,-1,13.828096,1,13.891584,0.82432,14.715904
1054,16,16,-1,-1,-1,-1,-1,13.816832,1,13.882368,0.82944,14.711808
1055,16,16,-1,-1,-1,-1,-1,13.848576,1,13.913088,0.823296,14.736384
1056,16,16,-1,-1,-1,-1,-1,13.831168,1,13.894656,0.826368,14.721024
1057,16,16,-1,-1,-1,-1,-1,13.828096,1,13.87008,0.826368,14.696448
1058,16,16,-1,-1,-1,-1,-1,13.846528,1,13.912064,0.82432,14.736384
1059,16,16,-1,-1,-1,-1,-1,13.814784,1,13.857792,0.825344,14.683136
1060,16,16,-1,-1,-1,-1,-1,13.82912,1,13.872128,0.828416,14.700544
1061,16,16,-1,-1,-1,-1,-1,13.847552,1,13.889536,0.825344,14.71488
1062,16,16,-1,-1,-1,-1,-1,13.80864,1,13.873152,0.823296,14.696448
1063,16,16,-1,-1,-1,-1,-1,13.83424,1,13.898752,0.82432,14.723072
1064,16,16,-1,-1,-1,-1,-1,13.853696,1,13.918208,0.827392,14.7456
1065,16,16,-1,-1,-1,-1,-1,13.851648,1,13.893632,0.825344,14.718976
1066,16,16,-1,-1,-1,-1,-1,13.836288,1,13.899776,0.827392,14.727168
1067,16,16,-1,-1,-1,-1,-1,13.825024,1,13.887488,0.825344,14.712832
1068,16,16,-1,-1,-1,-1,-1,13.847552,1,13.912064,0.823296,14.73536
1069,16,16,-1,-1,-1,-1,-1,13.846528,1,13.910016,0.826368,14.736384
1070,16,16,-1,-1,-1,-1,-1,13.853696,1,13.918208,0.825344,14.743552
1071,16,16,-1,-1,-1,-1,-1,13.841408,1,13.904896,0.82944,14.734336
1072,16,16,-1,-1,-1,-1,-1,13.857792,1,13.922304,0.827392,14.749696
1073,16,16,-1,-1,-1,-1,-1,13.862912,1,13.90592,0.82432,14.73024
1074,16,16,-1,-1,-1,-1,-1,13.871104,1,13.924352,0.825344,14.749696
1075,16,16,-1,-1,-1,-1,-1,13.879296,1,13.922304,0.826368,14.748672
1076,16,16,-1,-1,-1,-1,-1,13.857792,1,13.899776,0.825344,14.72512
1077,16,16,-1,-1,-1,-1,-1,13.862912,1,13.90592,0.82944,14.73536
1078,16,16,-1,-1,-1,-1,-1,13.869056,1,13.933568,0.826368,14.759936
1079,16,16,-1,-1,-1,-1,-1,13.888512,1,13.954048,0.827392,14.78144
1080,16,16,-1,-1,-1,-1,-1,13.872128,1,13.935616,0.82944,14.765056
1081,16,16,-1,-1,-1,-1,-1,13.863936,1,13.90592,0.82944,14.73536
1082,16,16,-1,-1,-1,-1,-1,13.868032,1,13.933568,0.826368,14.759936
1083,16,16,-1,-1,-1,-1,-1,13.8496,1,13.914112,0.827392,14.741504
1084,16,16,-1,-1,-1,-1,-1,13.894656,1,13.960192,0.822272,14.782464
1085,16,16,-1,-1,-1,-1,-1,13.8752,1,13.93152,0.827392,14.758912
1086,16,16,-1,-1,-1,-1,-1,13.88032,1,13.945856,0.825344,14.7712
1087,16,16,-1,-1,-1,-1,-1,13.869056,1,13.933568,0.82432,14.757888
1088,16,16,-1,-1,-1,-1,-1,13.873152,1,13.93664,0.82432,14.76096
1089,16,16,-1,-1,-1,-1,-1,13.878272,1,13.920256,0.82432,14.744576
1090,16,16,-1,-1,-1,-1,-1,13.897728,1,13.961216,0.82432,14.785536
1091,16,16,-1,-1,-1,-1,-1,13.89056,1,13.932544,0.820224,14.752768
1092,16,16,-1,-1,-1,-1,-1,13.86496,1,13.907968,0.82432,14.732288
1093,16,16,-1,-1,-1,-1,-1,13.891584,1,13.933568,0.827392,14.76096
1094,16,16,-1,-1,-1,-1,-1,13.897728,1,13.954048,0.823296,14.777344
1095,16,16,-1,-1,-1,-1,-1,13.896704,1,13.952,0.825344,14.777344
1096,16,16,-1,-1,-1,-1,-1,13.902848,1,13.959168,0.825344,14.784512
1097,16,16,-1,-1,-1,-1,-1,13.882368,1,13.924352,0.827392,14.751744
1098,16,16,-1,-1,-1,-1,-1,13.881344,1,13.947904,0.825344,14.773248
1099,16,16,-1,-1,-1,-1,-1,13.894656,1,13.949952,0.823296,14.773248
1100,16,16,-1,-1,-1,-1,-1,13.920256,1,13.978624,0.825344,14.803968
1101,16,16,-1,-1,-1,-1,-1,13.896704,1,13.960192,0.826368,14.78656
1102,16,16,-1,-1,-1,-1,-1,13.903872,1,13.968384,0.828416,14.7968
1103,16,16,-1,-1,-1,-1,-1,13.93152,1,13.986816,0.827392,14.814208
1104,16,16,-1,-1,-1,-1,-1,13.910016,1,13.974528,0.82432,14.798848
1105,16,1024,-1,-1,-1,-1,-1,-1,0,71.611389,0.837632,72.449021
1106,16,16,-1,-1,-1,-1,-1,14.16192,1,14.204928,0.836608,15.041536
1107,16,16,-1,-1,-1,-1,-1,14.159872,1,14.204928,0.832512,15.03744
1108,16,16,-1,-1,-1,-1,-1,14.025728,1,14.070784,0.831488,14.902272
1109,16,16,-1,-1,-1,-1,-1,14.02368,1,14.067712,0.831488,14.8992
1110,16,16,-1,-1,-1,-1,-1,14.031872,1,14.097408,0.830464,14.927872
1111,16,16,-1,-1,-1,-1,-1,14.0544,1,14.118912,0.82944,14.948352
1112,16,16,-1,-1,-1,-1,-1,13.970432,1,14.03392,0.823296,14.857216
1113,16,16,-1,-1,-1,-1,-1,13.964288,1,14.006272,0.830464,14.836736
1114,16,16,-1,-1,-1,-1,-1,13.965312,1,14.029824,0.828416,14.85824
1115,16,1023,-1,-1,-1,-1,-1,-1,0,71.647232,0.843776,72.491008
1116,16,16,-1,-1,-1,-1,-1,14.132224,1,14.191616,0.83968,15.031296
1117,16,16,-1,-1,-1,-1,-1,14.036992,1,14.104576,0.828416,14.932992
1118,16,16,-1,-1,-1,-1,-1,14.009344,1,14.075904,0.82944,14.905344
1119,16,16,-1,-1,-1,-1,-1,13.981696,1,14.047232,0.827392,14.874624
1120,16,16,-1,-1,-1,-1,-1,13.943808,1,14.010368,0.836608,14.846976
1121,16,16,-1,-1,-1,-1,-1,13.930496,1,13.986816,0.822272,14.809088
1122,16,16,-1,-1,-1,-1,-1,13.937664,1,13.981696,0.823296,14.804992
1123,16,16,-1,-1,-1,-1,-1,13.959168,1,14.002176,0.833536,14.835712
1124,16,16,-1,-1,-1,-1,-1,13.933568,1,13.9776,0.835584,14.813184
1125,16,16,-1,-1,-1,-1,-1,13.888512,1,13.930496,0.832512,14.763008
1126,16,16,-1,-1,-1,-1,-1,13.9264,1,13.990912,0.82432,14.815232
1127,16,1024,-1,-1,-1,-1,-1,-1,0,71.512062,0.841728,72.35379
1128,16,1024,-1,-1,-1,-1,-1,-1,0,73.721855,0.838656,74.560511
1129,16,16,-1,-1,-1,-1,-1,14.142464,1,14.185472,0.827392,15.012864
1130,16,16,-1,-1,-1,-1,-1,14.052352,1,14.118912,0.833536,14.952448
1131,16,16,-1,-1,-1,-1,-1,14.00832,1,14.073856,0.832512,14.906368
1132,16,16,-1,-1,-1,-1,-1,13.996032,1,14.061568,0.828416,14.889984
1133,16,16,-1,-1,-1,-1,-1,13.917184,1,13.974528,0.826368,14.800896
1134,16,16,-1,-1,-1,-1,-1,13.923328,1,13.985792,0.827392,14.813184
1135,16,16,-1,-1,-1,-1,-1,13.91616,1,13.978624,0.825344,14.803968
1136,16,16,-1,-1,-1,-1,-1,13.904896,1,13.970432,0.826368,14.7968
1137,16,1024,-1,-1,-1,-1,-1,-1,0,71.776253,0.840704,72.616957
1138,16,16,-1,-1,-1,-1,-1,14.125056,1,14.170112,0.833536,15.003648
1139,16,16,-1,-1,-1,-1,-1,14.121984,1,14.164992,0.831488,14.99648
1140,16,16,-1,-1,-1,-1,-1,14.01344,1,14.056448,0.830464,14.886912
1141,16,16,-1,-1,-1,-1,-1,13.979648,1,14.02368,0.825344,14.849024
1142,16,16,-1,-1,-1,-1,-1,13.94688,1,14.011392,0.825344,14.836736
1143,16,16,-1,-1,-1,-1,-1,13.934592,1,13.988864,0.826368,14.815232
1144,16,16,-1,-1,-1,-1,-1,13.940736,1,14.006272,0.833536,14.839808
1145,16,16,-1,-1,-1,-1,-1,13.933568,1,13.976576,0.828416,14.804992
1146,16,1024,-1,-1,-1,-1,-1,-1,0,71.463936,0.831488,72.295424
1147,16,1023,-1,-1,-1,-1,-1,-1,0,73.746429,0.833536,74.579965
1148,16,1024,-1,-1,-1,-1,-1,-1,0,73.761795,0.832512,74.594307
1149,16,16,-1,-1,-1,-1,-1,14.075904,1,14.142464,0.831488,14.973952
1150,16,16,-1,-1,-1,-1,-1,14.06464,1,14.129152,0.825344,14.954496
1151,16,16,-1,-1,-1,-1,-1,14.03392,1,14.099456,0.830464,14.92992
1152,16,16,-1,-1,-1,-1,-1,13.947904,1,13.991936,0.828416,14.820352
1153,16,1024,-1,-1,-1,-1,-1,-1,0,71.810051,0.83456,72.644611
1154,16,16,-1,-1,-1,-1,-1,14.119936,1,14.163968,0.831488,14.995456
1155,16,1024,-1,-1,-1,-1,-1,-1,0,72.554497,0.835584,73.390081
1156,16,2032,-1,-1,-1,-1,-1,-1,0,133.841919,0.836608,134.678527
1157,16,16,-1,-1,-1,-1,-1,14.089216,1,14.132224,0.828416,14.96064
1158,16,1024,-1,-1,-1,-1,-1,-1,0,73.164803,0.833536,73.998339
1159,16,16,-1,-1,-1,-1,-1,14.05952,1,14.124032,0.835584,14.959616
1160,16,16,-1,-1,-1,-1,-1,14.035968,1,14.102528,0.831488,14.934016
1161,16,1024,-1,-1,-1,-1,-1,-1,0,72.842239,0.831488,73.673727
1162,16,16,-1,-1,-1,-1,-1,14.04928,1,14.106624,0.832512,14.939136
1163,16,16,-1,-1,-1,-1,-1,14.012416,1,14.057472,0.828416,14.885888
1164,16,16,-1,-1,-1,-1,-1,13.918208,1,13.984768,0.826368,14.811136
1165,16,16,-1,-1,-1,-1,-1,13.88032,1,13.923328,0.827392,14.75072
1166,16,1024,-1,-1,-1,-1,-1,-1,0,71.723007,0.833536,72.556543
1167,16,1024,-1,-1,-1,-1,-1,-1,0,74.546173,0.835584,75.381757
1168,16,16,-1,-1,-1,-1,-1,14.062592,1,14.104576,0.830464,14.93504
1169,16,16,-1,-1,-1,-1,-1,13.974528,1,14.042112,0.825344,14.867456
1170,16,16,-1,-1,-1,-1,-1,13.924352,1,13.968384,0.831488,14.799872
1171,16,16,-1,-1,-1,-1,-1,13.876224,1,13.940736,0.828416,14.769152
1172,16,16,-1,-1,-1,-1,-1,13.838336,1,13.903872,0.831488,14.73536
1173,16,16,-1,-1,-1,-1,-1,13.852672,1,13.896704,0.825344,14.722048
1174,16,16,-1,-1,-1,-1,-1,13.82912,1,13.886464,0.827392,14.713856
1175,16,16,-1,-1,-1,-1,-1,13.852672,1,13.918208,0.825344,14.743552
1176,16,16,-1,-1,-1,-1,-1,13.860864,1,13.9264,0.825344,14.751744
1177,16,16,-1,-1,-1,-1,-1,13.8496,1,13.914112,0.82432,14.738432
1178,16,16,-1,-1,-1,-1,-1,13.80864,1,13.873152,0.825344,14.698496
1179,16,16,-1,-1,-1,-1,-1,13.847552,1,13.89056,0.825344,14.715904
1180,16,16,-1,-1,-1,-1,-1,13.80352,1,13.87008,0.826368,14.696448
1181,16,16,-1,-1,-1,-1,-1,13.846528,1,13.892608,0.826368,14.718976
1182,16,16,-1,-1,-1,-1,-1,13.842432,1,13.90592,0.827392,14.733312
1183,16,16,-1,-1,-1,-1,-1,13.846528,1,13.912064,0.823296,14.73536
1184,16,16,-1,-1,-1,-1,-1,13.825024,1,13.868032,0.82944,14.697472
1185,16,16,-1,-1,-1,-1,-1,13.80864,1,13.874176,0.827392,14.701568
1186,16,16,-1,-1,-1,-1,-1,13.819904,1,13.863936,0.823296,14.687232
1187,16,16,-1,-1,-1,-1,-1,13.791232,1,13.853696,0.828416,14.682112
1188,16,16,-1,-1,-1,-1,-1,13.82912,1,13.887488,0.825344,14.712832
1189,16,16,-1,-1,-1,-1,-1,13.85472,1,13.897728,0.82432,14.722048
1190,16,16,-1,-1,-1,-1,-1,13.86496,1,13.919232,0.825344,14.744576
1191,16,16,-1,-1,-1,-1,-1,13.84448,1,13.908992,0.826368,14.73536
1192,16,16,-1,-1,-1,-1,-1,13.840384,1,13.904896,0.82432,14.729216
1193,16,16,-1,-1,-1,-1,-1,13.857792,1,13.922304,0.82432,14.746624
1194,16,16,-1,-1,-1,-1,-1,13.868032,1,13.932544,0.82944,14.761984
1195,16,16,-1,-1,-1,-1,-1,13.861888,1,13.904896,0.823296,14.728192
1196,16,16,-1,-1,-1,-1,-1,13.843456,1,13.908992,0.825344,14.734336
1197,16,16,-1,-1,-1,-1,-1,13.843456,1,13.886464,0.827392,14.713856
1198,16,16,-1,-1,-1,-1,-1,13.853696,1,13.917184,0.826368,14.743552
1199,16,16,-1,-1,-1,-1,-1,13.873152,1,13.929472,0.826368,14.75584
1200,16,16,-1,-1,-1,-1,-1,13.879296,1,13.920256,0.823296,14.743552
1201,16,16,-1,-1,-1,-1,-1,13.87008,1,13.933568,0.82432,14.757888
1202,16,16,-1,-1,-1,-1,-1,13.860864,1,13.902848,0.821248,14.724096
1203,16,16,-1,-1,-1,-1,-1,13.860864,1,13.915136,0.825344,14.74048
1204,16,16,-1,-1,-1,-1,-1,13.860864,1,13.925376,0.822272,14.747648
1205,16,16,-1,-1,-1,-1,-1,13.867008,1,13.907968,0.830464,14.738432
1206,16,16,-1,-1,-1,-1,-1,13.862912,1,13.919232,0.826368,14.7456
1207,16,16,-1,-1,-1,-1,-1,13.89568,1,13.959168,0.827392,14.78656
1208,16,16,-1,-1,-1,-1,-1,13.87008,1,13.933568,0.825344,14.758912
1209,16,16,-1,-1,-1,-1,-1,13.867008,1,13.92128,0.823296,14.744576
1210,16,16,-1,-1,-1,-1,-1,13.888512,1,13.953024,0.822272,14.775296
1211,16,16,-1,-1,-1,-1,-1,13.901824,1,13.942784,0.828416,14.7712
1212,16,16,-1,-1,-1,-1,-1,13.87008,1,13.927424,0.823296,14.75072
1213,16,16,-1,-1,-1,-1,-1,13.888512,1,13.930496,0.82432,14.754816
1214,16,16,-1,-1,-1,-1,-1,13.886464,1,13.942784,0.82432,14.767104
1215,16,16,-1,-1,-1,-1,-1,13.888512,1,13.952,0.825344,14.777344
1216,16,16,-1,-1,-1,-1,-1,13.867008,1,13.908992,0.825344,14.734336
1217,16,16,-1,-1,-1,-1,-1,13.893632,1,13.950976,0.828416,14.779392
1218,16,16,-1,-1,-1,-1,-1,13.896704,1,13.938688,0.825344,14.764032
1219,16,16,-1,-1,-1,-1,-1,13.879296,1,13.942784,0.825344,14.768128
1220,16,16,-1,-1,-1,-1,-1,13.910016,1,13.974528,0.825344,14.799872
1221,16,16,-1,-1,-1,-1,-1,13.892608,1,13.933568,0.820224,14.753792
1222,16,16,-1,-1,-1,-1,-1,13.908992,1,13.97248,0.823296,14.795776
1223,16,16,-1,-1,-1,-1,-1,13.881344,1,13.944832,0.822272,14.767104
1224,16,16,-1,-1,-1,-1,-1,13.89568,1,13.958144,0.827392,14.785536
1225,16,16,-1,-1,-1,-1,-1,13.88544,1,13.948928,0.82432,14.773248
1226,16,16,-1,-1,-1,-1,-1,13.89568,1,13.961216,0.825344,14.78656
1227,16,16,-1,-1,-1,-1,-1,13.887488,1,13.930496,0.826368,14.756864
1228,16,16,-1,-1,-1,-1,-1,13.920256,1,13.976576,0.823296,14.799872
1229,16,16,-1,-1,-1,-1,-1,13.910016,1,13.952,0.827392,14.779392
1230,16,1023,-1,-1,-1,-1,-1,-1,0,71.484413,0.836608,72.321021
1231,16,16,-1,-1,-1,-1,-1,14.145536,1,14.211072,0.833536,15.044608
1232,16,16,-1,-1,-1,-1,-1,14.057472,1,14.101504,0.82944,14.930944
1233,16,16,-1,-1,-1,-1,-1,13.997056,1,14.062592,0.826368,14.88896
1234,16,16,-1,-1,-1,-1,-1,13.953024,1,13.996032,0.825344,14.821376
1235,16,1024,-1,-1,-1,-1,-1,-1,0,71.442429,0.83968,72.282109
1236,16,16,-1,-1,-1,-1,-1,14.124032,1,14.188544,0.831488,15.020032
1237,16,16,-1,-1,-1,-1,-1,14.03904,1,14.083072,0.830464,14.913536
1238,16,16,-1,-1,-1,-1,-1,13.971456,1,14.036992,0.828416,14.865408
1239,16,16,-1,-1,-1,-1,-1,13.953024,1,14.010368,0.827392,14.83776
1240,16,16,-1,-1,-1,-1,-1,13.959168,1,14.024704,0.827392,14.852096
1241,16,16,-1,-1,-1,-1,-1,13.923328,1,13.98784,0.830464,14.818304
1242,16,16,-1,-1,-1,-1,-1,13.932544,1,13.988864,0.82944,14.818304
1243,16,16,-1,-1,-1,-1,-1,13.930496,1,13.97248,0.823296,14.795776
1244,16,16,-1,-1,-1,-1,-1,13.944832,1,14.0032,0.822272,14.825472
1245,16,1023,-1,-1,-1,-1,-1,-1,0,71.538689,0.832512,72.371201
1246,16,16,-1,-1,-1,-1,-1,14.147584,1,14.21312,0.836608,15.049728
1247,16,16,-1,-1,-1,-1,-1,14.097408,1,14.163968,0.828416,14.992384
1248,16,16,-1,-1,-1,-1,-1,14.00832,1,14.051328,0.825344,14.876672
1249,16,16,-1,-1,-1,-1,-1,13.97248,1,14.032896,0.827392,14.860288
1250,16,16,-1,-1,-1,-1,-1,13.90592,1,13.949952,0.827392,14.777344
1251,16,16,-1,-1,-1,-1,-1,13.927424,1,13.991936,0.82432,14.816256
1252,16,1024,-1,-1,-1,-1,-1,-1,0,71.574532,0.832512,72.407044
1253,16,16,-1,-1,-1,-1,-1,14.103552,1,14.147584,0.832512,14.980096
1254,16,16,-1,-1,-1,-1,-1,14.078976,1,14.137344,0.826368,14.963712
1255,16,16,-1,-1,-1,-1,-1,13.988864,1,14.032896,0.830464,14.86336
1256,16,16,-1,-1,-1,-1,-1,13.973504,1,14.017536,0.828416,14.845952
1257,16,16,-1,-1,-1,-1,-1,13.938688,1,14.005248,0.825344,14.830592
1258,16,16,-1,-1,-1,-1,-1,13.950976,1,14.014464,0.825344,14.839808
1259,16,16,-1,-1,-1,-1,-1,13.943808,1,13.986816,0.82432,14.811136
1260,16,16,-1,-1,-1,-1,-1,13.94688,1,14.011392,0.825344,14.836736
1261,16,16,-1,-1,-1,-1,-1,13.935616,1,13.979648,0.825344,14.804992
1262,16,1024,-1,-1,-1,-1,-1,-1,0,71.54483,0.832512,72.377342
1263,16,16,-1,-1,-1,-1,-1,14.128128,1,14.193664,0.838656,15.03232
1264,16,16,-1,-1,-1,-1,-1,14.088192,1,14.132224,0.830464,14.962688
1265,16,16,-1,-1,-1,-1,-1,14.01856,1,14.073856,0.82944,14.903296
1266,16,1024,-1,-1,-1,-1,-1,-1,0,72.059906,0.83456,72.894466
1267,16,16,-1,-1,-1,-1,-1,14.093312,1,14.160896,0.830464,14.99136
1268,16,1024,-1,-1,-1,-1,-1,-1,0,71.740417,0.827392,72.567809
1269,16,16,-1,-1,-1,-1,-1,14.02368,1,14.067712,0.826368,14.89408
1270,16,16,-1,-1,-1,-1,-1,14.024704,1,14.08,0.827392,14.907392
1271,16,16,-1,-1,-1,-1,-1,14.026752,1,14.06976,0.832512,14.902272
1272,16,16,-1,-1,-1,-1,-1,13.971456,1,14.015488,0.823296,14.838784
1273,16,16,-1,-1,-1,-1,-1,13.929472,1,13.995008,0.823296,14.818304
1274,16,16,-1,-1,-1,-1,-1,13.908992,1,13.953024,0.830464,14.783488
1275,16,16,-1,-1,-1,-1,-1,13.959168,1,14.0032,0.827392,14.830592
1276,16,16,-1,-1,-1,-1,-1,13.89056,1,13.948928,0.828416,14.777344
1277,16,1023,-1,-1,-1,-1,-1,-1,0,71.787521,0.833536,72.621057
1278,16,16,-1,-1,-1,-1,-1,14.070784,1,14.137344,0.831488,14.968832
1279,16,16,-1,-1,-1,-1,-1,14.017536,1,14.084096,0.831488,14.915584
1280,16,16,-1,-1,-1,-1,-1,13.963264,1,14.005248,0.831488,14.836736
1281,16,16,-1,-1,-1,-1,-1,13.95712,1,14.000128,0.827392,14.82752
1282,16,1024,-1,-1,-1,-1,-1,-1,0,71.98925,0.831488,72.820738
1283,16,16,-1,-1,-1,-1,-1,14.118912,1,14.184448,0.835584,15.020032
1284,16,16,-1,-1,-1,-1,-1,14.027776,1,14.094336,0.827392,14.921728
1285,16,1024,-1,-1,-1,-1,-1,-1,0,72.143875,0.836608,72.980483
1286,16,3040,-1,-1,-1,-1,-1,-1,0,198.074371,0.838656,198.913027
1287,16,16,-1,-1,-1,-1,-1,14.09024,1,14.134272,0.830464,14.964736
1288,16,16,-1,-1,-1,-1,-1,14.106624,1,14.15168,0.837632,14.989312
1289,16,1024,-1,-1,-1,-1,-1,-1,0,72.608765,0.840704,73.449469
1290,16,1024,-1,-1,-1,-1,-1,-1,0,73.687042,0.833536,74.520578
1291,16,16,-1,-1,-1,-1,-1,14.051328,1,14.09536,0.82944,14.9248
1292,16,16,-1,-1,-1,-1,-1,13.973504,1,14.017536,0.832512,14.850048
1293,16,16,-1,-1,-1,-1,-1,13.908992,1,13.952,0.828416,14.780416
1294,16,16,-1,-1,-1,-1,-1,13.863936,1,13.92128,0.832512,14.753792
1295,16,16,-1,-1,-1,-1,-1,13.889536,1,13.952,0.830464,14.782464
1296,16,16,-1,-1,-1,-1,-1,13.828096,1,13.871104,0.833536,14.70464
1297,16,16,-1,-1,-1,-1,-1,13.821952,1,13.862912,0.832512,14.695424
1298,16,16,-1,-1,-1,-1,-1,13.857792,1,13.92128,0.827392,14.748672
1299,16,16,-1,-1,-1,-1,-1,13.838336,1,13.892608,0.831488,14.724096
1300,16,16,-1,-1,-1,-1,-1,13.871104,1,13.937664,0.825344,14.763008
1301,16,1024,-1,-1,-1,-1,-1,-1,0,69.4272,0.833536,70.260736
1302,16,16,-1,-1,-1,-1,-1,13.856768,1,13.92128,0.836608,14.757888
1303,16,16,-1,-1,-1,-1,-1,13.932544,1,13.975552,0.83968,14.815232
1304,16,16,-1,-1,-1,-1,-1,13.9008,1,13.943808,0.82944,14.773248
1305,16,16,-1,-1,-1,-1,-1,13.89568,1,13.960192,0.82432,14.784512
1306,16,16,-1,-1,-1,-1,-1,13.857792,1,13.913088,0.828416,14.741504
1307,16,16,-1,-1,-1,-1,-1,13.865984,1,13.910016,0.837632,14.747648
1308,16,16,-1,-1,-1,-1,-1,13.850624,1,13.893632,0.826368,14.72
1309,16,16,-1,-1,-1,-1,-1,13.858816,1,13.902848,0.831488,14.734336
1310,16,16,-1,-1,-1,-1,-1,13.87008,1,13.935616,0.831488,14.767104
1311,16,16,-1,-1,-1,-1,-1,13.841408,1,13.904896,0.833536,14.738432
1312,16,16,-1,-1,-1,-1,-1,13.81376,1,13.855744,0.82944,14.685184
1313,16,16,-1,-1,-1,-1,-1,13.845504,1,13.888512,0.835584,14.724096
1314,16,16,-1,-1,-1,-1,-1,13.845504,1,13.9008,0.823296,14.724096
1315,16,16,-1,-1,-1,-1,-1,13.856768,1,13.91104,0.825344,14.736384
1316,16,16,-1,-1,-1,-1,-1,13.85472,1,13.910016,0.82432,14.734336
1317,16,16,-1,-1,-1,-1,-1,13.843456,1,13.9008,0.826368,14.727168
1318,16,16,-1,-1,-1,-1,-1,13.8496,1,13.913088,0.823296,14.736384
1319,16,16,-1,-1,-1,-1,-1,13.84448,1,13.886464,0.828416,14.71488
1320,16,16,-1,-1,-1,-1,-1,13.865984,1,13.907968,0.825344,14.733312
1321,16,16,-1,-1,-1,-1,-1,13.874176,1,13.93664,0.827392,14.764032
1322,16,16,-1,-1,-1,-1,-1,13.83424,1,13.888512,0.827392,14.715904
1323,16,16,-1,-1,-1,-1,-1,13.852672,1,13.89568,0.82432,14.72
1324,16,16,-1,-1,-1,-1,-1,13.861888,1,13.903872,0.82432,14.728192
1325,16,16,-1,-1,-1,-1,-1,13.857792,1,13.897728,0.827392,14.72512
1326,16,16,-1,-1,-1,-1,-1,13.863936,1,13.927424,0.828416,14.75584
1327,16,16,-1,-1,-1,-1,-1,13.877248,1,13.933568,0.82944,14.763008
1328,16,16,-1,-1,-1,-1,-1,13.884416,1,13.925376,0.828416,14.753792
1329,16,16,-1,-1,-1,-1,-1,13.837312,1,13.879296,0.83456,14.713856
1330,16,16,-1,-1,-1,-1,-1,13.855744,1,13.92128,0.833536,14.754816
1331,16,16,-1,-1,-1,-1,-1,13.85472,1,13.918208,0.828416,14.746624
1332,16,16,-1,-1,-1,-1,-1,13.85984,1,13.924352,0.828416,14.752768
1333,16,16,-1,-1,-1,-1,-1,13.871104,1,13.93664,0.82432,14.76096
1334,16,16,-1,-1,-1,-1,-1,13.888512,1,13.952,0.82432,14.77632
1335,16,16,-1,-1,-1,-1,-1,13.865984,1,13.910016,0.823296,14.733312
1336,16,16,-1,-1,-1,-1,-1,13.860864,1,13.903872,0.82432,14.728192
1337,16,16,-1,-1,-1,-1,-1,13.873152,1,13.93664,0.832512,14.769152
1338,16,16,-1,-1,-1,-1,-1,13.873152,1,13.928448,0.823296,14.751744
1339,16,16,-1,-1,-1,-1,-1,13.883392,1,13.9264,0.82432,14.75072
1340,16,16,-1,-1,-1,-1,-1,13.883392,1,13.924352,0.822272,14.746624
1341,16,16,-1,-1,-1,-1,-1,13.869056,1,13.910016,0.826368,14.736384
1342,16,16,-1,-1,-1,-1,-1,13.883392,1,13.949952,0.826368,14.77632
1343,16,16,-1,-1,-1,-1,-1,13.907968,1,13.964288,0.832512,14.7968
1344,16,16,-1,-1,-1,-1,-1,13.897728,1,13.94176,0.830464,14.772224
1345,16,16,-1,-1,-1,-1,-1,13.89568,1,13.938688,0.825344,14.764032
1346,16,16,-1,-1,-1,-1,-1,13.882368,1,13.948928,0.82432,14.773248
1347,16,16,-1,-1,-1,-1,-1,13.878272,1,13.943808,0.827392,14.7712
1348,16,16,-1,-1,-1,-1,-1,13.914112,1,13.970432,0.833536,14.803968
1349,16,16,-1,-1,-1,-1,-1,13.910016,1,13.974528,0.831488,14.806016
1350,16,16,-1,-1,-1,-1,-1,13.888512,1,13.944832,0.82432,14.769152
1351,16,16,-1,-1,-1,-1,-1,13.89056,1,13.932544,0.831488,14.764032
1352,16,16,-1,-1,-1,-1,-1,13.904896,1,13.94688,0.826368,14.773248
1353,16,16,-1,-1,-1,-1,-1,13.910016,1,13.965312,0.826368,14.79168
1354,16,16,-1,-1,-1,-1,-1,13.897728,1,13.96224,0.823296,14.785536
1355,16,16,-1,-1,-1,-1,-1,13.888512,1,13.930496,0.832512,14.763008
1356,16,16,-1,-1,-1,-1,-1,13.868032,1,13.912064,0.827392,14.739456
1357,16,16,-1,-1,-1,-1,-1,13.89568,1,13.937664,0.830464,14.768128
1358,16,16,-1,-1,-1,-1,-1,13.91104,1,13.968384,0.825344,14.793728
1359,16,16,-1,-1,-1,-1,-1,13.919232,1,13.98272,0.831488,14.814208
1360,16,16,-1,-1,-1,-1,-1,13.90592,1,13.948928,0.826368,14.775296
1361,16,16,-1,-1,-1,-1,-1,13.904896,1,13.94688,0.830464,14.777344
1362,16,16,-1,-1,-1,-1,-1,13.88544,1,13.948928,0.82944,14.778368
1363,16,1024,-1,-1,-1,-1,-1,-1,0,71.476227,0.835584,72.311811
1364,16,16,-1,-1,-1,-1,-1,14.082048,1,14.140416,0.830464,14.97088
1365,16,16,-1,-1,-1,-1,-1,14.057472,1,14.125056,0.835584,14.96064
1366,16,16,-1,-1,-1,-1,-1,13.984768,1,14.04416,0.825344,14.869504
1367,16,16,-1,-1,-1,-1,-1,13.94688,1,13.990912,0.825344,14.816256
1368,16,16,-1,-1,-1,-1,-1,13.943808,1,13.98784,0.82432,14.81216
1369,16,1024,-1,-1,-1,-1,-1,-1,0,71.563263,0.843776,72.407039
1370,16,16,-1,-1,-1,-1,-1,14.119936,1,14.186496,0.833536,15.020032
1371,16,16,-1,-1,-1,-1,-1,14.052352,1,14.096384,0.830464,14.926848
1372,16,16,-1,-1,-1,-1,-1,14.010368,1,14.0544,0.826368,14.880768
1373,16,16,-1,-1,-1,-1,-1,13.976576,1,14.020608,0.830464,14.851072
1374,16,16,-1,-1,-1,-1,-1,13.9008,1,13.966336,0.830464,14.7968
1375,16,16,-1,-1,-1,-1,-1,13.934592,1,14.001152,0.825344,14.826496
1376,16,1024,-1,-1,-1,-1,-1,-1,0,71.879677,0.835584,72.715261
1377,16,16,-1,-1,-1,-1,-1,14.154752,1,14.196736,0.832512,15.029248
1378,16,16,-1,-1,-1,-1,-1,14.103552,1,14.171136,0.82944,15.000576
1379,16,16,-1,-1,-1,-1,-1,14.014464,1,14.078976,0.827392,14.906368
1380,16,16,-1,-1,-1,-1,-1,13.944832,1,14.010368,0.828416,14.838784
1381,16,16,-1,-1,-1,-1,-1,13.901824,1,13.96736,0.82944,14.7968
1382,16,16,-1,-1,-1,-1,-1,13.903872,1,13.969408,0.827392,14.7968
1383,16,16,-1,-1,-1,-1,-1,13.940736,1,13.983744,0.82432,14.808064
1384,16,16,-1,-1,-1,-1,-1,13.932544,1,13.975552,0.82432,14.799872
1385,16,16,-1,-1,-1,-1,-1,13.91104,1,13.968384,0.827392,14.795776
1386,16,16,-1,-1,-1,-1,-1,13.956096,1,14.019584,0.825344,14.844928
1387,16,16,-1,-1,-1,-1,-1,13.9008,1,13.942784,0.830464,14.773248
1388,16,1024,-1,-1,-1,-1,-1,-1,0,71.487488,0.841728,72.329216
1389,16,16,-1,-1,-1,-1,-1,14.133248,1,14.176256,0.83968,15.015936
1390,16,16,-1,-1,-1,-1,-1,14.082048,1,14.148608,0.836608,14.985216
1391,16,1024,-1,-1,-1,-1,-1,-1,0,72.129539,0.840704,72.970244
1392,16,1024,-1,-1,-1,-1,-1,-1,0,73.734146,0.836608,74.570754
1393,16,16,-1,-1,-1,-1,-1,14.088192,1,14.130176,0.837632,14.967808
1394,16,16,-1,-1,-1,-1,-1,14.051328,1,14.094336,0.830464,14.9248
1395,16,16,-1,-1,-1,-1,-1,13.975552,1,14.042112,0.831488,14.8736
1396,16,1024,-1,-1,-1,-1,-1,-1,0,72.113152,0.840704,72.953856
1397,16,16,-1,-1,-1,-1,-1,14.147584,1,14.215168,0.842752,15.05792
1398,16,1024,-1,-1,-1,-1,-1,-1,0,72.710144,0.833536,73.54368
1399,16,1024,-1,-1,-1,-1,-1,-1,0,73.715714,0.841728,74.557441
1400,16,16,-1,-1,-1,-1,-1,14.10048,1,14.143488,0.832512,14.976
1401,16,16,-1,-1,-1,-1,-1,14.071808,1,14.137344,0.838656,14.976
1402,16,16,-1,-1,-1,-1,-1,14.07488,1,14.140416,0.83456,14.974976
1403,16,16,-1,-1,-1,-1,-1,14.099456,1,14.143488,0.832512,14.976
1404,16,1024,-1,-1,-1,-1,-1,-1,0,72.207359,0.832512,73.039871
1405,16,16,-1,-1,-1,-1,-1,14.048256,1,14.092288,0.83968,14.931968
1406,16,16,-1,-1,-1,-1,-1,14.062592,1,14.107648,0.831488,14.939136
1407,16,16,-1,-1,-1,-1,-1,13.964288,1,14.020608,0.830464,14.851072
1408,16,1024,-1,-1,-1,-1,-1,-1,0,70.247421,0.832512,71.079933
1409,16,16,-1,-1,-1,-1,-1,13.915136,1,13.958144,0.83456,14.792704
1410,16,16,-1,-1,-1,-1,-1,13.94688,1,13.990912,0.831488,14.8224
1411,16,16,-1,-1,-1,-1,-1,13.973504,1,14.040064,0.831488,14.871552
1412,16,16,-1,-1,-1,-1,-1,13.943808,1,14.009344,0.830464,14.839808
1413,16,16,-1,-1,-1,-1,-1,13.94176,1,13.999104,0.83456,14.833664
1414,16,16,-1,-1,-1,-1,-1,13.863936,1,13.929472,0.82432,14.753792
1415,16,16,-1,-1,-1,-1,-1,13.892608,1,13.949952,0.833536,14.783488
1416,16,1024,-1,-1,-1,-1,-1,-1,0,71.398399,0.83968,72.238079
1417,16,16,-1,-1,-1,-1,-1,14.089216,1,14.152704,0.835584,14.988288
1418,16,16,-1,-1,-1,-1,-1,14.002176,1,14.06976,0.838656,14.908416
1419,16,16,-1,-1,-1,-1,-1,13.955072,1,13.997056,0.832512,14.829568
1420,16,1024,-1,-1,-1,-1,-1,-1,0,72.156158,0.841728,72.997886
1421,16,1023,-1,-1,-1,-1,-1,-1,0,74.518532,0.833536,75.352068
1422,16,16,-1,-1,-1,-1,-1,14.062592,1,14.128128,0.838656,14.966784
1423,16,16,-1,-1,-1,-1,-1,14.06464,1,14.130176,0.828416,14.958592
1424,16,1024,-1,-1,-1,-1,-1,-1,0,72.306686,0.840704,73.14739
1425,16,16,-1,-1,-1,-1,-1,14.047232,1,14.09024,0.830464,14.920704
1426,16,16,-1,-1,-1,-1,-1,14.004224,1,14.04928,0.832512,14.881792
1427,16,16,-1,-1,-1,-1,-1,13.95712,1,14.022656,0.837632,14.860288
1428,16,16,-1,-1,-1,-1,-1,13.906944,1,13.964288,0.837632,14.80192
1429,16,16,-1,-1,-1,-1,-1,13.88032,1,13.944832,0.825344,14.770176
1430,16,16,-1,-1,-1,-1,-1,13.81888,1,13.883392,0.837632,14.721024
1431,16,16,-1,-1,-1,-1,-1,13.856768,1,13.920256,0.830464,14.75072
1432,16,16,-1,-1,-1,-1,-1,13.874176,1,13.938688,0.827392,14.76608
1433,16,16,-1,-1,-1,-1,-1,13.88032,1,13.945856,0.828416,14.774272
1434,16,16,-1,-1,-1,-1,-1,13.896704,1,13.939712,0.826368,14.76608
1435,16,1024,-1,-1,-1,-1,-1,-1,0,71.561218,0.845824,72.407042
1436,16,16,-1,-1,-1,-1,-1,14.111744,1,14.179328,0.832512,15.01184
1437,16,16,-1,-1,-1,-1,-1,14.070784,1,14.114816,0.830464,14.94528
1438,16,16,-1,-1,-1,-1,-1,13.96224,1,14.026752,0.831488,14.85824
1439,16,16,-1,-1,-1,-1,-1,13.918208,1,13.984768,0.828416,14.813184
1440,16,16,-1,-1,-1,-1,-1,13.913088,1,13.981696,0.825344,14.80704
1441,16,16,-1,-1,-1,-1,-1,13.881344,1,13.925376,0.837632,14.763008
1442,16,16,-1,-1,-1,-1,-1,13.887488,1,13.93152,0.828416,14.759936
1443,16,16,-1,-1,-1,-1,-1,13.894656,1,13.95712,0.825344,14.782464
1444,16,16,-1,-1,-1,-1,-1,13.868032,1,13.933568,0.840704,14.774272
1445,16,16,-1,-1,-1,-1,-1,13.904896,1,13.94688,0.825344,14.772224
1446,16,16,-1,-1,-1,-1,-1,13.858816,1,13.923328,0.82944,14.752768
1447,16,16,-1,-1,-1,-1,-1,13.835264,1,13.898752,0.826368,14.72512
1448,16,16,-1,-1,-1,-1,-1,13.85984,1,13.925376,0.82432,14.749696
1449,16,16,-1,-1,-1,-1,-1,13.872128,1,13.927424,0.826368,14.753792
1450,16,16,-1,-1,-1,-1,-1,13.876224,1,13.919232,0.82432,14.743552
1451,16,16,-1,-1,-1,-1,-1,13.882368,1,13.94688,0.827392,14.774272
1452,16,16,-1,-1,-1,-1,-1,13.841408,1,13.906944,0.826368,14.733312
1453,16,16,-1,-1,-1,-1,-1,13.874176,1,13.91616,0.832512,14.748672
1454,16,16,-1,-1,-1,-1,-1,13.860864,1,13.915136,0.825344,14.74048
1455,16,16,-1,-1,-1,-1,-1,13.87008,1,13.925376,0.825344,14.75072
1456,16,16,-1,-1,-1,-1,-1,13.848576,1,13.913088,0.823296,14.736384
1457,16,16,-1,-1,-1,-1,-1,13.883392,1,13.9264,0.835584,14.761984
1458,16,16,-1,-1,-1,-1,-1,13.855744,1,13.897728,0.827392,14.72512
1459,16,16,-1,-1,-1,-1,-1,13.865984,1,13.923328,0.825344,14.748672
1460,16,16,-1,-1,-1,-1,-1,13.874176,1,13.93664,0.825344,14.761984
1461,16,16,-1,-1,-1,-1,-1,13.894656,1,13.93664,0.825344,14.761984
1462,16,16,-1,-1,-1,-1,-1,13.889536,1,13.954048,0.82944,14.783488
1463,16,16,-1,-1,-1,-1,-1,13.906944,1,13.964288,0.825344,14.789632
1464,16,16,-1,-1,-1,-1,-1,13.857792,1,13.922304,0.82944,14.751744
1465,16,16,-1,-1,-1,-1,-1,13.855744,1,13.920256,0.82432,14.744576
1466,16,16,-1,-1,-1,-1,-1,13.899776,1,13.940736,0.827392,14.768128
1467,16,16,-1,-1,-1,-1,-1,13.923328,1,13.986816,0.828416,14.815232
1468,16,16,-1,-1,-1,-1,-1,13.929472,1,13.996032,0.82432,14.820352
1469,16,16,-1,-1,-1,-1,-1,13.92128,1,13.964288,0.825344,14.789632
1470,16,16,-1,-1,-1,-1,-1,13.91104,1,13.973504,0.822272,14.795776
1471,16,16,-1,-1,-1,-1,-1,13.901824,1,13.965312,0.82432,14.789632
1472,16,16,-1,-1,-1,-1,-1,13.901824,1,13.96736,0.826368,14.793728
1473,16,16,-1,-1,-1,-1,-1,13.860864,1,13.902848,0.826368,14.729216
1474,16,16,-1,-1,-1,-1,-1,13.89056,1,13.933568,0.827392,14.76096
1475,16,16,-1,-1,-1,-1,-1,13.902848,1,13.966336,0.82432,14.790656
1476,16,16,-1,-1,-1,-1,-1,13.906944,1,13.969408,0.826368,14.795776
1477,16,16,-1,-1,-1,-1,-1,13.89568,1,13.937664,0.823296,14.76096
1478,16,16,-1,-1,-1,-1,-1,13.899776,1,13.964288,0.827392,14.79168
1479,16,16,-1,-1,-1,-1,-1,13.919232,1,13.983744,0.82432,14.808064
1480,16,16,-1,-1,-1,-1,-1,13.902848,1,13.965312,0.82944,14.794752
1481,16,16,-1,-1,-1,-1,-1,13.893632,1,13.958144,0.825344,14.783488
1482,16,16,-1,-1,-1,-1,-1,13.898752,1,13.94176,0.825344,14.767104
1483,16,16,-1,-1,-1,-1,-1,13.915136,1,13.971456,0.825344,14.7968
1484,16,1024,-1,-1,-1,-1,-1,-1,0,71.602173,0.841728,72.443901
1485,16,16,-1,-1,-1,-1,-1,14.152704,1,14.195712,0.831488,15.0272
1486,16,16,-1,-1,-1,-1,-1,14.088192,1,14.152704,0.831488,14.984192
1487,16,16,-1,-1,-1,-1,-1,13.99808,1,14.06464,0.82944,14.89408
1488,16,16,-1,-1,-1,-1,-1,13.999104,1,14.058496,0.826368,14.884864
1489,16,16,-1,-1,-1,-1,-1,13.960192,1,14.004224,0.826368,14.830592
1490,16,16,-1,-1,-1,-1,-1,13.971456,1,14.01344,0.830464,14.843904
1491,16,16,-1,-1,-1,-1,-1,13.948928,1,13.993984,0.825344,14.819328
1492,16,16,-1,-1,-1,-1,-1,13.96224,1,14.017536,0.827392,14.844928
1493,16,16,-1,-1,-1,-1,-1,13.950976,1,13.995008,0.828416,14.823424
1494,16,16,-1,-1,-1,-1,-1,13.975552,1,14.031872,0.827392,14.859264
1495,16,16,-1,-1,-1,-1,-1,13.92128,1,13.976576,0.828416,14.804992
1496,16,16,-1,-1,-1,-1,-1,13.925376,1,13.989888,0.825344,14.815232
1497,16,16,-1,-1,-1,-1,-1,13.93152,1,13.988864,0.82944,14.818304
1498,16,16,-1,-1,-1,-1,-1,13.934592,1,13.9776,0.82432,14.80192
1499,16,16,-1,-1,-1,-1,-1,13.915136,1,13.969408,0.826368,14.795776
1500,16,16,-1,-1,-1,-1,-1,13.91616,1,13.973504,0.826368,14.799872
1501,16,16,-1,-1,-1,-1,-1,13.9264,1,13.969408,0.831488,14.800896
1502,16,16,-1,-1,-1,-1,-1,13.893632,1,13.956096,0.826368,14.782464
1503,16,16,-1,-1,-1,-1,-1,13.927424,1,13.99296,0.825344,14.818304
1504,16,1023,-1,-1,-1,-1,-1,-1,0,71.553024,0.833536,72.38656
1505,16,16,-1,-1,-1,-1,-1,14.198784,1,14.26432,0.835584,15.099904
1506,16,16,-1,-1,-1,-1,-1,14.083072,1,14.128128,0.830464,14.958592
1507,16,16,-1,-1,-1,-1,-1,14.038016,1,14.081024,0.826368,14.907392
1508,16,16,-1,-1,-1,-1,-1,13.963264,1,14.029824,0.827392,14.857216
1509,16,1024,-1,-1,-1,-1,-1,-1,0,71.493629,0.838656,72.332285
1510,16,16,-1,-1,-1,-1,-1,14.109696,1,14.175232,0.828416,15.003648
1511,16,16,-1,-1,-1,-1,-1,14.027776,1,14.094336,0.833536,14.927872
1512,16,16,-1,-1,-1,-1,-1,13.991936,1,14.056448,0.827392,14.88384
1513,16,1024,-1,-1,-1,-1,-1,-1,0,71.964668,0.835584,72.800252
1514,16,16,-1,-1,-1,-1,-1,14.099456,1,14.142464,0.830464,14.972928
1515,16,16,-1,-1,-1,-1,-1,14.083072,1,14.150656,0.830464,14.98112
1516,16,1024,-1,-1,-1,-1,-1,-1,0,72.315903,0.833536,73.149439
1517,16,16,-1,-1,-1,-1,-1,14.116864,1,14.159872,0.830464,14.990336
1518,16,16,-1,-1,-1,-1,-1,14.04928,1,14.106624,0.828416,14.93504
1519,16,1023,-1,-1,-1,-1,-1,-1,0,72.249344,0.835584,73.084928
1520,16,1024,-1,-1,-1,-1,-1,-1,0,74.620926,0.836608,75.457534
1521,16,16,-1,-1,-1,-1,-1,14.164992,1,14.231552,0.835584,15.067136
1522,16,1023,-1,-1,-1,-1,-1,-1,0,72.929283,0.837632,73.766915
1523,16,16,-1,-1,-1,-1,-1,14.101504,1,14.16704,0.831488,14.998528
1524,16,16,-1,-1,-1,-1,-1,14.0544,1,14.098432,0.832512,14.930944
1525,16,16,-1,-1,-1,-1,-1,13.960192,1,14.025728,0.826368,14.852096
1526,16,16,-1,-1,-1,-1,-1,13.929472,1,13.973504,0.828416,14.80192
1527,16,16,-1,-1,-1,-1,-1,13.904896,1,13.947904,0.82432,14.772224
1528,16,1024,-1,-1,-1,-1,-1,-1,0,71.786499,0.835584,72.622083
1529,16,16,-1,-1,-1,-1,-1,14.164992,1,14.230528,0.836608,15.067136
1530,16,16,-1,-1,-1,-1,-1,14.077952,1,14.123008,0.827392,14.9504
1531,16,16,-1,-1,-1,-1,-1,13.9776,1,14.043136,0.826368,14.869504
1532,16,16,-1,-1,-1,-1,-1,13.928448,1,13.993984,0.828416,14.8224
1533,16,16,-1,-1,-1,-1,-1,13.914112,1,13.95712,0.822272,14.779392
1534,16,16,-1,-1,-1,-1,-1,13.913088,1,13.976576,0.826368,14.802944
1535,16,16,-1,-1,-1,-1,-1,13.888512,1,13.930496,0.826368,14.756864
1536,16,1024,-1,-1,-1,-1,-1,-1,0,71.772163,0.83456,72.606723
1537,16,1024,-1,-1,-1,-1,-1,-1,0,74.485764,0.835584,75.321348
1538,16,16,-1,-1,-1,-1,-1,14.072832,1,14.116864,0.828416,14.94528
1539,16,16,-1,-1,-1,-1,-1,14.020608,1,14.086144,0.828416,14.91456
1540,16,16,-1,-1,-1,-1,-1,13.993984,1,14.03904,0.827392,14.866432
1541,16,16,-1,-1,-1,-1,-1,13.96224,1,14.026752,0.832512,14.859264
1542,16,1024,-1,-1,-1,-1,-1,-1,0,72.143875,0.836608,72.980483
1543,16,2032,-1,-1,-1,-1,-1,-1,0,134.414337,0.83456,135.248897
1544,16,16,-1,-1,-1,-1,-1,14.073856,1,14.139392,0.830464,14.969856
1545,16,16,-1,-1,-1,-1,-1,14.031872,1,14.099456,0.831488,14.930944
1546,16,16,-1,-1,-1,-1,-1,13.953024,1,13.997056,0.828416,14.825472
1547,16,1024,-1,-1,-1,-1,-1,-1,0,72.060928,0.836608,72.897536
1548,16,16,-1,-1,-1,-1,-1,14.045184,1,14.11072,0.831488,14.942208
1549,16,16,-1,-1,-1,-1,-1,13.980672,1,14.025728,0.831488,14.857216
1550,16,16,-1,-1,-1,-1,-1,13.939712,1,13.983744,0.827392,14.811136
1551,16,16,-1,-1,-1,-1,-1,13.889536,1,13.932544,0.826368,14.758912
1552,16,16,-1,-1,-1,-1,-1,13.887488,1,13.953024,0.82432,14.777344
1553,16,16,-1,-1,-1,-1,-1,13.867008,1,13.924352,0.828416,14.752768
1554,16,16,-1,-1,-1,-1,-1,13.872128,1,13.914112,0.826368,14.74048
1555,16,16,-1,-1,-1,-1,-1,13.852672,1,13.910016,0.825344,14.73536
1556,16,16,-1,-1,-1,-1,-1,13.873152,1,13.91616,0.82944,14.7456
1557,16,16,-1,-1,-1,-1,-1,13.8752,1,13.932544,0.82432,14.756864
1558,16,16,-1,-1,-1,-1,-1,13.847552,1,13.912064,0.826368,14.738432
1559,16,16,-1,-1,-1,-1,-1,13.845504,1,13.91104,0.82432,14.73536
1560,16,16,-1,-1,-1,-1,-1,13.850624,1,13.915136,0.823296,14.738432
1561,16,16,-1,-1,-1,-1,-1,13.828096,1,13.884416,0.822272,14.706688
1562,16,16,-1,-1,-1,-1,-1,13.824,1,13.865984,0.82432,14.690304
1563,16,16,-1,-1,-1,-1,-1,13.825024,1,13.882368,0.827392,14.70976
1564,16,1024,-1,-1,-1,-1,-1,-1,0,71.582718,0.835584,72.418302
1565,16,16,-1,-1,-1,-1,-1,14.061568,1,14.1056,0.833536,14.939136
1566,16,16,-1,-1,-1,-1,-1,14.06976,1,14.114816,0.828416,14.943232
1567,16,16,-1,-1,-1,-1,-1,13.979648,1,14.02368,0.831488,14.855168
1568,16,16,-1,-1,-1,-1,-1,13.927424,1,13.993984,0.831488,14.825472
1569,16,16,-1,-1,-1,-1,-1,13.896704,1,13.961216,0.826368,14.787584
1570,16,16,-1,-1,-1,-1,-1,13.897728,1,13.940736,0.826368,14.767104
1571,16,16,-1,-1,-1,-1,-1,13.881344,1,13.94688,0.825344,14.772224
1572,16,16,-1,-1,-1,-1,-1,13.88032,1,13.923328,0.827392,14.75072
1573,16,16,-1,-1,-1,-1,-1,13.887488,1,13.950976,0.825344,14.77632
1574,16,16,-1,-1,-1,-1,-1,13.85984,1,13.923328,0.825344,14.748672
1575,16,16,-1,-1,-1,-1,-1,13.869056,1,13.933568,0.82432,14.757888
1576,16,16,-1,-1,-1,-1,-1,13.878272,1,13.94176,0.822272,14.764032
1577,16,16,-1,-1,-1,-1,-1,13.858816,1,13.923328,0.828416,14.751744
1578,16,16,-1,-1,-1,-1,-1,13.881344,1,13.923328,0.826368,14.749696
1579,16,16,-1,-1,-1,-1,-1,13.874176,1,13.935616,0.826368,14.761984
1580,16,16,-1,-1,-1,-1,-1,13.868032,1,13.932544,0.82432,14.756864
1581,16,16,-1,-1,-1,-1,-1,13.86496,1,13.906944,0.828416,14.73536
1582,16,16,-1,-1,-1,-1,-1,13.861888,1,13.903872,0.826368,14.73024
1583,16,16,-1,-1,-1,-1,-1,13.871104,1,13.914112,0.828416,14.742528
1584,16,16,-1,-1,-1,-1,-1,13.872128,1,13.937664,0.821248,14.758912
1585,16,16,-1,-1,-1,-1,-1,13.883392,1,13.948928,0.826368,14.775296
1586,16,16,-1,-1,-1,-1,-1,13.871104,1,13.913088,0.825344,14.738432
1587,16,16,-1,-1,-1,-1,-1,13.873152,1,13.93664,0.825344,14.761984
1588,16,16,-1,-1,-1,-1,-1,13.862912,1,13.90592,0.825344,14.731264
1589,16,16,-1,-1,-1,-1,-1,13.861888,1,13.917184,0.82432,14.741504
1590,16,16,-1,-1,-1,-1,-1,13.862912,1,13.9264,0.826368,14.752768
1591,16,16,-1,-1,-1,-1,-1,13.882368,1,13.94688,0.82432,14.7712
1592,16,16,-1,-1,-1,-1,-1,13.89568,1,13.961216,0.826368,14.787584
1593,16,16,-1,-1,-1,-1,-1,13.894656,1,13.960192,0.827392,14.787584
1594,16,16,-1,-1,-1,-1,-1,13.882368,1,13.925376,0.825344,14.75072
1595,16,16,-1,-1,-1,-1,-1,13.878272,1,13.933568,0.826368,14.759936
1596,16,16,-1,-1,-1,-1,-1,13.881344,1,13.947904,0.825344,14.773248
1597,16,16,-1,-1,-1,-1,-1,13.89056,1,13.932544,0.82432,14.756864
1598,16,16,-1,-1,-1,-1,-1,13.896704,1,13.938688,0.825344,14.764032
1599,16,16,-1,-1,-1,-1,-1,13.881344,1,13.923328,0.825344,14.748672
1600,16,16,-1,-1,-1,-1,-1,13.898752,1,13.956096,0.868352,14.824448
1601,16,16,-1,-1,-1,-1,-1,13.883392,1,13.947904,0.823296,14.7712
1602,16,16,-1,-1,-1,-1,-1,13.889536,1,13.93152,0.828416,14.759936
1603,16,16,-1,-1,-1,-1,-1,13.897728,1,13.96224,0.823296,14.785536
1604,16,16,-1,-1,-1,-1,-1,13.904896,1,13.945856,0.825344,14.7712
1605,16,16,-1,-1,-1,-1,-1,13.907968,1,13.970432,0.826368,14.7968
1606,16,16,-1,-1,-1,-1,-1,13.891584,1,13.956096,0.826368,14.782464
1607,16,16,-1,-1,-1,-1,-1,13.887488,1,13.944832,0.826368,14.7712
1608,16,16,-1,-1,-1,-1,-1,13.913088,1,13.968384,0.832512,14.800896
1609,16,16,-1,-1,-1,-1,-1,13.90592,1,13.971456,0.828416,14.799872
1610,16,16,-1,-1,-1,-1,-1,13.860864,1,13.904896,0.833536,14.738432
1611,16,16,-1,-1,-1,-1,-1,13.906944,1,13.970432,0.828416,14.798848
1612,16,16,-1,-1,-1,-1,-1,13.901824,1,13.968384,0.82432,14.792704
1613,16,16,-1,-1,-1,-1,-1,13.899776,1,13.942784,0.82432,14.767104
1614,16,16,-1,-1,-1,-1,-1,13.906944,1,13.950976,0.827392,14.778368
1615,16,16,-1,-1,-1,-1,-1,13.897728,1,13.943808,0.831488,14.775296
1616,16,1024,-1,-1,-1,-1,-1,-1,0,71.520256,0.83456,72.354816
1617,16,16,-1,-1,-1,-1,-1,14.1568,1,14.224384,0.838656,15.06304
1618,16,16,-1,-1,-1,-1,-1,14.150656,1,14.195712,0.827392,15.023104
1619,16,16,-1,-1,-1,-1,-1,14.032896,1,14.09024,0.828416,14.918656
1620,16,16,-1,-1,-1,-1,-1,13.996032,1,14.040064,0.82944,14.869504
1621,16,16,-1,-1,-1,-1,-1,13.95712,1,14.021632,0.82944,14.851072
1622,16,1024,-1,-1,-1,-1,-1,-1,0,71.523331,0.83968,72.363011
1623,16,16,-1,-1,-1,-1,-1,14.16192,1,14.230528,0.837632,15.06816
1624,16,16,-1,-1,-1,-1,-1,14.096384,1,14.163968,0.82944,14.993408
1625,16,16,-1,-1,-1,-1,-1,13.999104,1,14.06464,0.827392,14.892032
1626,16,16,-1,-1,-1,-1,-1,13.949952,1,13.993984,0.826368,14.820352
1627,16,16,-1,-1,-1,-1,-1,13.96224,1,14.027776,0.82432,14.852096
1628,16,16,-1,-1,-1,-1,-1,13.943808,1,14.011392,0.83456,14.845952
1629,16,16,-1,-1,-1,-1,-1,13.949952,1,13.996032,0.826368,14.8224
1630,16,16,-1,-1,-1,-1,-1,13.948928,1,13.991936,0.826368,14.818304
1631,16,16,-1,-1,-1,-1,-1,13.975552,1,14.019584,0.826368,14.845952
1632,16,16,-1,-1,-1,-1,-1,13.925376,1,13.984768,0.826368,14.811136
1633,16,16,-1,-1,-1,-1,-1,13.940736,1,14.005248,0.831488,14.836736
1634,16,16,-1,-1,-1,-1,-1,13.922304,1,13.965312,0.825344,14.790656
1635,16,1024,-1,-1,-1,-1,-1,-1,0,71.980034,0.833536,72.81357
1636,16,1024,-1,-1,-1,-1,-1,-1,0,73.701378,0.840704,74.542082
1637,16,1024,-1,-1,-1,-1,-1,-1,0,74.146812,0.838656,74.985468
1638,16,1024,-1,-1,-1,-1,-1,-1,0,74.782722,0.8448,75.627522
1639,16,16,-1,-1,-1,-1,-1,14.11072,1,14.17728,0.832512,15.009792
1640,16,16,-1,-1,-1,-1,-1,14.078976,1,14.14656,0.837632,14.984192
1641,16,16,-1,-1,-1,-1,-1,14.130176,1,14.175232,0.832512,15.007744
1642,16,1024,-1,-1,-1,-1,-1,-1,0,73.43309,0.8448,74.27789
1643,16,1023,-1,-1,-1,-1,-1,-1,0,74.507263,0.835584,75.342847
1644,16,16,-1,-1,-1,-1,-1,14.112768,1,14.179328,0.83456,15.013888
1645,16,16,-1,-1,-1,-1,-1,14.050304,1,14.096384,0.836608,14.932992
1646,16,16,-1,-1,-1,-1,-1,13.995008,1,14.040064,0.828416,14.86848
1647,16,16,-1,-1,-1,-1,-1,13.954048,1,13.99808,0.831488,14.829568
1648,16,1024,-1,-1,-1,-1,-1,-1,0,72.04557,0.832512,72.878082
1649,16,16,-1,-1,-1,-1,-1,14.121984,1,14.188544,0.841728,15.030272
1650,16,16,-1,-1,-1,-1,-1,14.076928,1,14.12096,0.828416,14.949376
1651,16,16,-1,-1,-1,-1,-1,13.94688,1,14.005248,0.832512,14.83776
1652,16,16,-1,-1,-1,-1,-1,13.949952,1,14.016512,0.82944,14.845952
1653,16,16,-1,-1,-1,-1,-1,13.923328,1,13.98784,0.827392,14.815232
1654,16,16,-1,-1,-1,-1,-1,13.894656,1,13.961216,0.826368,14.787584
1655,16,16,-1,-1,-1,-1,-1,13.919232,1,13.986816,0.828416,14.815232
1656,16,16,-1,-1,-1,-1,-1,13.923328,1,13.96736,0.82944,14.7968
1657,16,16,-1,-1,-1,-1,-1,13.914112,1,13.959168,0.827392,14.78656
1658,16,1024,-1,-1,-1,-1,-1,-1,0,72.088577,0.836608,72.925185
1659,16,16,-1,-1,-1,-1,-1,14.116864,1,14.174208,0.837632,15.01184
1660,16,16,-1,-1,-1,-1,-1,14.09536,1,14.162944,0.830464,14.993408
1661,16,16,-1,-1,-1,-1,-1,13.99808,1,14.041088,0.825344,14.866432
1662,16,16,-1,-1,-1,-1,-1,13.940736,1,13.983744,0.827392,14.811136
1663,16,1024,-1,-1,-1,-1,-1,-1,0,71.738365,0.83456,72.572925
1664,16,16,-1,-1,-1,-1,-1,14.150656,1,14.222336,0.833536,15.055872
1665,16,1024,-1,-1,-1,-1,-1,-1,0,72.840195,0.831488,73.671683
1666,16,16,-1,-1,-1,-1,-1,14.08512,1,14.128128,0.835584,14.963712
1667,16,1024,-1,-1,-1,-1,-1,-1,0,72.695808,0.837632,73.53344
1668,16,16,-1,-1,-1,-1,-1,13.985792,1,14.052352,0.832512,14.884864
1669,16,16,-1,-1,-1,-1,-1,14.0288,1,14.096384,0.841728,14.938112
1670,16,16,-1,-1,-1,-1,-1,14.00832,1,14.075904,0.841728,14.917632
1671,16,16,-1,-1,-1,-1,-1,13.927424,1,13.99296,0.828416,14.821376
1672,16,16,-1,-1,-1,-1,-1,13.886464,1,13.929472,0.830464,14.759936
1673,16,16,-1,-1,-1,-1,-1,13.872128,1,13.914112,0.82944,14.743552
1674,16,16,-1,-1,-1,-1,-1,13.862912,1,13.927424,0.832512,14.759936
1675,16,16,-1,-1,-1,-1,-1,13.848576,1,13.914112,0.832512,14.746624
1676,16,16,-1,-1,-1,-1,-1,13.874176,1,13.940736,0.83968,14.780416
1677,16,1024,-1,-1,-1,-1,-1,-1,0,72.307709,0.843776,73.151485
1678,16,16,-1,-1,-1,-1,-1,14.103552,1,14.147584,0.836608,14.984192
1679,16,16,-1,-1,-1,-1,-1,14.009344,1,14.075904,0.833536,14.90944
1680,16,16,-1,-1,-1,-1,-1,13.945856,1,14.012416,0.831488,14.843904
1681,16,16,-1,-1,-1,-1,-1,13.907968,1,13.975552,0.828416,14.803968
1682,16,16,-1,-1,-1,-1,-1,13.913088,1,13.955072,0.830464,14.785536
1683,16,16,-1,-1,-1,-1,-1,13.860864,1,13.9264,0.827392,14.753792
1684,16,16,-1,-1,-1,-1,-1,13.863936,1,13.918208,0.833536,14.751744
1685,16,16,-1,-1,-1,-1,-1,13.872128,1,13.927424,0.831488,14.758912
1686,16,16,-1,-1,-1,-1,-1,13.850624,1,13.915136,0.82944,14.744576
1687,16,1023,-1,-1,-1,-1,-1,-1,0,72.074242,0.838656,72.912898
1688,16,1024,-1,-1,-1,-1,-1,-1,0,74.468353,0.835584,75.303937
1689,16,16,-1,-1,-1,-1,-1,14.1056,1,14.149632,0.83456,14.984192
1690,16,16,-1,-1,-1,-1,-1,13.9776,1,14.04416,0.838656,14.882816
1691,16,16,-1,-1,-1,-1,-1,13.938688,1,13.98272,0.827392,14.810112
1692,16,16,-1,-1,-1,-1,-1,13.88032,1,13.935616,0.827392,14.763008
1693,16,16,-1,-1,-1,-1,-1,13.869056,1,13.924352,0.826368,14.75072
1694,16,16,-1,-1,-1,-1,-1,13.897728,1,13.940736,0.831488,14.772224
1695,16,16,-1,-1,-1,-1,-1,13.883392,1,13.94688,0.827392,14.774272
1696,16,16,-1,-1,-1,-1,-1,13.888512,1,13.954048,0.825344,14.779392
1697,16,16,-1,-1,-1,-1,-1,13.86496,1,13.927424,0.831488,14.758912
1698,16,16,-1,-1,-1,-1,-1,13.878272,1,13.92128,0.835584,14.756864
1699,16,16,-1,-1,-1,-1,-1,13.887488,1,13.952,0.828416,14.780416
1700,16,16,-1,-1,-1,-1,-1,13.877248,1,13.942784,0.825344,14.768128
1701,16,16,-1,-1,-1,-1,-1,13.862912,1,13.927424,0.826368,14.753792
1702,16,16,-1,-1,-1,-1,-1,13.862912,1,13.927424,0.835584,14.763008
1703,16,16,-1,-1,-1,-1,-1,13.850624,1,13.892608,0.825344,14.717952
1704,16,16,-1,-1,-1,-1,-1,13.868032,1,13.933568,0.828416,14.761984
1705,16,16,-1,-1,-1,-1,-1,13.862912,1,13.90592,0.830464,14.736384
1706,16,16,-1,-1,-1,-1,-1,13.89056,1,13.955072,0.825344,14.780416
1707,16,16,-1,-1,-1,-1,-1,13.867008,1,13.910016,0.827392,14.737408
1708,16,16,-1,-1,-1,-1,-1,13.86496,1,13.929472,0.82944,14.758912
1709,16,16,-1,-1,-1,-1,-1,13.838336,1,13.903872,0.827392,14.731264
1710,16,16,-1,-1,-1,-1,-1,13.87008,1,13.915136,0.82944,14.744576
1711,16,16,-1,-1,-1,-1,-1,13.858816,1,13.924352,0.826368,14.75072
1712,16,16,-1,-1,-1,-1,-1,13.879296,1,13.944832,0.825344,14.770176
1713,16,16,-1,-1,-1,-1,-1,13.888512,1,13.954048,0.825344,14.779392
1714,16,16,-1,-1,-1,-1,-1,13.877248,1,13.920256,0.827392,14.747648
1715,16,16,-1,-1,-1,-1,-1,13.88544,1,13.950976,0.826368,14.777344
1716,16,16,-1,-1,-1,-1,-1,13.82912,1,13.892608,0.82432,14.716928
1717,16,16,-1,-1,-1,-1,-1,13.873152,1,13.938688,0.825344,14.764032
1718,16,16,-1,-1,-1,-1,-1,13.874176,1,13.942784,0.835584,14.778368
1719,16,16,-1,-1,-1,-1,-1,13.889536,1,13.932544,0.836608,14.769152
1720,16,16,-1,-1,-1,-1,-1,13.879296,1,13.938688,0.826368,14.765056
1721,16,16,-1,-1,-1,-1,-1,13.89056,1,13.935616,0.82944,14.765056
1722,16,16,-1,-1,-1,-1,-1,13.881344,1,13.947904,0.82944,14.777344
1723,16,16,-1,-1,-1,-1,-1,13.899776,1,13.942784,0.835584,14.778368
1724,16,16,-1,-1,-1,-1,-1,13.863936,1,13.928448,0.828416,14.756864
1725,16,16,-1,-1,-1,-1,-1,13.883392,1,13.948928,0.827392,14.77632
1726,16,16,-1,-1,-1,-1,-1,13.86496,1,13.907968,0.826368,14.734336
1727,16,16,-1,-1,-1,-1,-1,13.903872,1,13.969408,0.828416,14.797824
1728,16,16,-1,-1,-1,-1,-1,13.899776,1,13.964288,0.830464,14.794752
1729,16,16,-1,-1,-1,-1,-1,13.902848,1,13.968384,0.827392,14.795776
1730,16,16,-1,-1,-1,-1,-1,13.91616,1,13.961216,0.825344,14.78656
1731,16,16,-1,-1,-1,-1,-1,13.908992,1,13.974528,0.827392,14.80192
1732,16,16,-1,-1,-1,-1,-1,13.892608,1,13.95712,0.830464,14.787584
1733,16,16,-1,-1,-1,-1,-1,13.878272,1,13.935616,0.831488,14.767104
1734,16,16,-1,-1,-1,-1,-1,13.899776,1,13.966336,0.837632,14.803968
1735,16,1024,-1,-1,-1,-1,-1,-1,0,71.64006,0.836608,72.476668
1736,16,16,-1,-1,-1,-1,-1,14.17216,1,14.23872,0.830464,15.069184
1737,16,16,-1,-1,-1,-1,-1,14.083072,1,14.127104,0.833536,14.96064
1738,16,16,-1,-1,-1,-1,-1,14.022656,1,14.089216,0.82944,14.918656
1739,16,16,-1,-1,-1,-1,-1,13.985792,1,14.027776,0.830464,14.85824
1740,16,16,-1,-1,-1,-1,-1,13.95712,1,14.022656,0.830464,14.85312
1741,16,16,-1,-1,-1,-1,-1,13.95712,1,14.020608,0.826368,14.846976
1742,16,1024,-1,-1,-1,-1,-1,-1,0,71.847939,0.83456,72.682499
1743,16,16,-1,-1,-1,-1,-1,14.159872,1,14.225408,0.82944,15.054848
1744,16,16,-1,-1,-1,-1,-1,14.03904,1,14.096384,0.830464,14.926848
1745,16,16,-1,-1,-1,-1,-1,14.000128,1,14.057472,0.83456,14.892032
1746,16,16,-1,-1,-1,-1,-1,13.99296,1,14.036992,0.827392,14.864384
1747,16,16,-1,-1,-1,-1,-1,13.9776,1,14.043136,0.827392,14.870528
1748,16,16,-1,-1,-1,-1,-1,13.925376,1,13.989888,0.825344,14.815232
1749,16,16,-1,-1,-1,-1,-1,13.934592,1,13.999104,0.82432,14.823424
1750,16,16,-1,-1,-1,-1,-1,13.930496,1,13.995008,0.82944,14.824448
1751,16,1024,-1,-1,-1,-1,-1,-1,0,72.027138,0.83968,72.866818
1752,16,16,-1,-1,-1,-1,-1,14.158848,1,14.225408,0.836608,15.062016
1753,16,16,-1,-1,-1,-1,-1,14.112768,1,14.1568,0.832512,14.989312
1754,16,16,-1,-1,-1,-1,-1,14.00832,1,14.075904,0.827392,14.903296
1755,16,1024,-1,-1,-1,-1,-1,-1,0,72.282112,0.840704,73.122816
1756,16,16,-1,-1,-1,-1,-1,14.1312,1,14.176256,0.835584,15.01184
1757,16,1024,-1,-1,-1,-1,-1,-1,0,72.97229,0.843776,73.816066
1758,16,16,-1,-1,-1,-1,-1,14.073856,1,14.140416,0.83456,14.974976
1759,16,1024,-1,-1,-1,-1,-1,-1,0,73.513985,0.847872,74.361857
1760,16,16,-1,-1,-1,-1,-1,14.1312,1,14.196736,0.840704,15.03744
1761,16,16,-1,-1,-1,-1,-1,14.035968,1,14.102528,0.830464,14.932992
1762,16,16,-1,-1,-1,-1,-1,14.001152,1,14.04416,0.828416,14.872576
1763,16,16,-1,-1,-1,-1,-1,13.981696,1,14.046208,0.82432,14.870528
1764,16,16,-1,-1,-1,-1,-1,13.94688,1,13.988864,0.828416,14.81728
1765,16,16,-1,-1,-1,-1,-1,13.892608,1,13.956096,0.835584,14.79168
1766,16,1024,-1,-1,-1,-1,-1,-1,0,69.862396,0.831488,70.693884
1767,16,1024,-1,-1,-1,-1,-1,-1,0,73.131004,0.846848,73.977852
1768,16,16,-1,-1,-1,-1,-1,14.159872,1,14.229504,0.835584,15.065088
1769,16,16,-1,-1,-1,-1,-1,14.09024,1,14.13632,0.830464,14.966784
1770,16,16,-1,-1,-1,-1,-1,14.022656,1,14.088192,0.828416,14.916608
1771,16,16,-1,-1,-1,-1,-1,13.927424,1,13.99296,0.83968,14.83264
1772,16,16,-1,-1,-1,-1,-1,13.891584,1,13.935616,0.826368,14.761984
1773,16,16,-1,-1,-1,-1,-1,13.914112,1,13.979648,0.827392,14.80704
1774,16,1023,-1,-1,-1,-1,-1,-1,0,72.112129,0.831488,72.943617
1775,16,16,-1,-1,-1,-1,-1,14.111744,1,14.180352,0.832512,15.012864
1776,16,16,-1,-1,-1,-1,-1,14.09024,1,14.133248,0.831488,14.964736
1777,16,16,-1,-1,-1,-1,-1,13.979648,1,14.043136,0.82944,14.872576
1778,16,1024,-1,-1,-1,-1,-1,-1,0,72.156158,0.836608,72.992766
1779,16,16,-1,-1,-1,-1,-1,14.129152,1,14.173184,0.831488,15.004672
1780,16,16,-1,-1,-1,-1,-1,14.116864,1,14.160896,0.83456,14.995456
1781,16,16,-1,-1,-1,-1,-1,14.099456,1,14.144512,0.833536,14.978048
1782,16,16,-1,-1,-1,-1,-1,14.098432,1,14.164992,0.836608,15.0016
1783,16,16,-1,-1,-1,-1,-1,14.114816,1,14.1824,0.826368,15.008768
1784,16,16,-1,-1,-1,-1,-1,13.889536,1,13.954048,0.825344,14.779392
1785,16,16,-1,-1,-1,-1,-1,13.913088,1,13.955072,0.828416,14.783488
1786,16,1024,-1,-1,-1,-1,-1,-1,0,72.240128,0.83456,73.074688
1787,16,16,-1,-1,-1,-1,-1,14.08512,1,14.150656,0.82944,14.980096
1788,16,1024,-1,-1,-1,-1,-1,-1,0,73.145348,0.837632,73.98298
1789,16,16,-1,-1,-1,-1,-1,14.083072,1,14.149632,0.831488,14.98112
1790,16,16,-1,-1,-1,-1,-1,14.048256,1,14.113792,0.830464,14.944256
1791,16,16,-1,-1,-1,-1,-1,13.99296,1,14.058496,0.825344,14.883841
1792,16,16,-1,-1,-1,-1,-1,13.90592,1,13.949952,0.82944,14.779392
1793,16,16,-1,-1,-1,-1,-1,13.855744,1,13.919232,0.826368,14.7456
1794,16,16,-1,-1,-1,-1,-1,13.879296,1,13.935616,0.826368,14.761984
1795,16,16,-1,-1,-1,-1,-1,13.90592,1,13.948928,0.828416,14.777344
1796,16,1023,-1,-1,-1,-1,-1,-1,0,71.884804,0.831488,72.716292
1797,16,16,-1,-1,-1,-1,-1,14.063616,1,14.129152,0.835584,14.964736
1798,16,16,-1,-1,-1,-1,-1,14.057472,1,14.124032,0.827392,14.951424
1799,16,16,-1,-1,-1,-1,-1,13.95712,1,14.02368,0.825344,14.849024
1800,16,16,-1,-1,-1,-1,-1,13.912064,1,13.9776,0.825344,14.802944
1801,16,16,-1,-1,-1,-1,-1,13.939712,1,13.98272,0.82432,14.80704
1802,16,16,-1,-1,-1,-1,-1,13.889536,1,13.954048,0.827392,14.78144
1803,16,16,-1,-1,-1,-1,-1,13.88544,1,13.948928,0.823296,14.772224
1804,16,16,-1,-1,-1,-1,-1,13.898752,1,13.96224,0.830464,14.792704
1805,16,16,-1,-1,-1,-1,-1,13.865984,1,13.93152,0.82944,14.76096
1806,16,1023,-1,-1,-1,-1,-1,-1,0,72.457214,0.838656,73.29587
1807,16,16,-1,-1,-1,-1,-1,14.139392,1,14.205952,0.83456,15.040512
1808,16,16,-1,-1,-1,-1,-1,14.093312,1,14.138368,0.82944,14.967808
1809,16,16,-1,-1,-1,-1,-1,14.002176,1,14.045184,0.82944,14.874624
1810,16,16,-1,-1,-1,-1,-1,13.924352,1,13.990912,0.82944,14.820352
1811,16,16,-1,-1,-1,-1,-1,13.925376,1,13.968384,0.82944,14.797824
1812,16,16,-1,-1,-1,-1,-1,13.884416,1,13.925376,0.826368,14.751744
1813,16,16,-1,-1,-1,-1,-1,13.901824,1,13.966336,0.825344,14.79168
1814,16,1024,-1,-1,-1,-1,-1,-1,0,71.972862,0.835584,72.808446
1815,16,16,-1,-1,-1,-1,-1,14.102528,1,14.170112,0.831488,15.0016
1816,16,16,-1,-1,-1,-1,-1,14.031872,1,14.089216,0.83456,14.923776
1817,16,16,-1,-1,-1,-1,-1,13.927424,1,13.970432,0.82944,14.799872
1818,16,16,-1,-1,-1,-1,-1,13.907968,1,13.973504,0.831488,14.804992
1819,16,16,-1,-1,-1,-1,-1,13.887488,1,13.945856,0.82432,14.770176
1820,16,16,-1,-1,-1,-1,-1,13.869056,1,13.934592,0.826368,14.76096
1821,16,1024,-1,-1,-1,-1,-1,-1,0,72.269821,0.832512,73.102333
1822,16,16,-1,-1,-1,-1,-1,14.112768,1,14.179328,0.830464,15.009792
1823,16,16,-1,-1,-1,-1,-1,14.057472,1,14.124032,0.837632,14.961664
1824,16,16,-1,-1,-1,-1,-1,13.970432,1,14.014464,0.830464,14.844928
1825,16,16,-1,-1,-1,-1,-1,13.918208,1,13.960192,0.831488,14.79168
1826,16,16,-1,-1,-1,-1,-1,13.918208,1,13.983744,0.831488,14.815232
1827,16,16,-1,-1,-1,-1,-1,13.908992,1,13.952,0.828416,14.780416
1828,16,16,-1,-1,-1,-1,-1,13.889536,1,13.93152,0.823296,14.754816
1829,16,16,-1,-1,-1,-1,-1,13.90592,1,13.969408,0.835584,14.804992
1830,16,16,-1,-1,-1,-1,-1,13.904896,1,13.969408,0.83456,14.803968
1831,16,16,-1,-1,-1,-1,-1,13.877248,1,13.944832,0.835584,14.780416
1832,16,16,-1,-1,-1,-1,-1,13.86496,1,13.907968,0.833536,14.741504
1833,16,16,-1,-1,-1,-1,-1,13.85984,1,13.903872,0.82432,14.728192
1834,16,16,-1,-1,-1,-1,-1,13.89056,1,13.94688,0.833536,14.780416
1835,16,16,-1,-1,-1,-1,-1,13.88544,1,13.948928,0.836608,14.785536
1836,16,16,-1,-1,-1,-1,-1,13.852672,1,13.918208,0.82432,14.742528
1837,16,16,-1,-1,-1,-1,-1,13.884416,1,13.948928,0.82944,14.778368
1838,16,16,-1,-1,-1,-1,-1,13.88032,1,13.943808,0.831488,14.775296
1839,16,16,-1,-1,-1,-1,-1,13.904896,1,13.970432,0.833536,14.803968
1840,16,16,-1,-1,-1,-1,-1,13.881344,1,13.924352,0.830464,14.754816
1841,16,16,-1,-1,-1,-1,-1,13.915136,1,13.958144,0.827392,14.785536
1842,16,16,-1,-1,-1,-1,-1,13.878272,1,13.94176,0.82432,14.76608
1843,16,16,-1,-1,-1,-1,-1,13.903872,1,13.947904,0.828416,14.77632
1844,16,16,-1,-1,-1,-1,-1,13.88032,1,13.923328,0.828416,14.751744
1845,16,16,-1,-1,-1,-1,-1,13.888512,1,13.953024,0.833536,14.78656
1846,16,16,-1,-1,-1,-1,-1,13.892608,1,13.949952,0.822272,14.772224
1847,16,16,-1,-1,-1,-1,-1,13.892608,1,13.95712,0.827392,14.784512
1848,16,16,-1,-1,-1,-1,-1,13.878272,1,13.92128,0.828416,14.749696
1849,16,16,-1,-1,-1,-1,-1,13.871104,1,13.914112,0.832512,14.746624
1850,16,16,-1,-1,-1,-1,-1,13.915136,1,13.979648,0.832512,14.81216
1851,16,16,-1,-1,-1,-1,-1,13.902848,1,13.96736,0.835584,14.802944
1852,16,16,-1,-1,-1,-1,-1,13.898752,1,13.963264,0.826368,14.789632
1853,16,16,-1,-1,-1,-1,-1,13.918208,1,13.98272,0.833536,14.816256
1854,16,16,-1,-1,-1,-1,-1,13.923328,1,13.986816,0.826368,14.813184
1855,16,16,-1,-1,-1,-1,-1,13.904896,1,13.969408,0.830464,14.799872
1856,16,16,-1,-1,-1,-1,-1,13.906944,1,13.948928,0.82432,14.773248
1857,16,16,-1,-1,-1,-1,-1,13.883392,1,13.9264,0.826368,14.752768
1858,16,16,-1,-1,-1,-1,-1,13.914112,1,13.9776,0.832512,14.810112
1859,16,1024,-1,-1,-1,-1,-1,-1,0,71.507965,0.833536,72.341501
1860,16,16,-1,-1,-1,-1,-1,14.200832,1,14.244864,0.836608,15.081472
1861,16,16,-1,-1,-1,-1,-1,14.176256,1,14.235648,0.837632,15.07328
1862,16,16,-1,-1,-1,-1,-1,14.128128,1,14.19776,0.837632,15.035392
1863,16,16,-1,-1,-1,-1,-1,14.139392,1,14.205952,0.831488,15.03744
1864,16,16,-1,-1,-1,-1,-1,14.179328,1,14.22336,0.838656,15.062016
1865,16,16,-1,-1,-1,-1,-1,14.142464,1,14.188544,0.82944,15.017984
1866,16,16,-1,-1,-1,-1,-1,13.935616,1,13.99296,0.833536,14.826496
1867,16,1024,-1,-1,-1,-1,-1,-1,0,71.853058,0.843776,72.696834
1868,16,1024,-1,-1,-1,-1,-1,-1,0,74.56768,0.83968,75.40736
1869,16,16,-1,-1,-1,-1,-1,14.128128,1,14.193664,0.843776,15.03744
1870,16,1024,-1,-1,-1,-1,-1,-1,0,73.580544,0.842752,74.423295
1871,16,16,-1,-1,-1,-1,-1,14.159872,1,14.22848,0.843776,15.072256
1872,16,16,-1,-1,-1,-1,-1,14.046208,1,14.092288,0.831488,14.923776
1873,16,16,-1,-1,-1,-1,-1,14.014464,1,14.05952,0.833536,14.893056
1874,16,16,-1,-1,-1,-1,-1,13.964288,1,14.029824,0.83968,14.869504
1875,16,16,-1,-1,-1,-1,-1,13.915136,1,13.980672,0.835584,14.816256
1876,16,16,-1,-1,-1,-1,-1,13.913088,1,13.95712,0.832512,14.789632
1877,16,16,-1,-1,-1,-1,-1,13.920256,1,13.984768,0.835584,14.820352
1878,16,1024,-1,-1,-1,-1,-1,-1,0,72.057854,0.832512,72.890366
1879,16,16,-1,-1,-1,-1,-1,14.134272,1,14.199808,0.840704,15.040512
1880,16,16,-1,-1,-1,-1,-1,14.113792,1,14.158848,0.83456,14.993408
1881,16,16,-1,-1,-1,-1,-1,13.961216,1,14.005248,0.82944,14.834688
1882,16,16,-1,-1,-1,-1,-1,13.965312,1,14.029824,0.82432,14.854144
1883,16,16,-1,-1,-1,-1,-1,13.934592,1,13.999104,0.83456,14.833664
1884,16,16,-1,-1,-1,-1,-1,13.919232,1,13.9776,0.832512,14.810112
1885,16,16,-1,-1,-1,-1,-1,13.930496,1,13.996032,0.833536,14.829568
1886,16,16,-1,-1,-1,-1,-1,13.907968,1,13.963264,0.833536,14.7968
1887,16,16,-1,-1,-1,-1,-1,13.907968,1,13.973504,0.830464,14.803968
1888,16,1023,-1,-1,-1,-1,-1,-1,0,71.636993,0.83456,72.471553
1889,16,16,-1,-1,-1,-1,-1,14.113792,1,14.181376,0.83968,15.021056
1890,16,16,-1,-1,-1,-1,-1,14.043136,1,14.109696,0.840704,14.9504
1891,16,1024,-1,-1,-1,-1,-1,-1,0,72.495102,0.843776,73.338878
1892,16,16,-1,-1,-1,-1,-1,14.114816,1,14.16192,0.838656,15.000576
1893,16,16,-1,-1,-1,-1,-1,14.056448,1,14.125056,0.833536,14.958592
1894,16,1024,-1,-1,-1,-1,-1,-1,0,72.189949,0.830464,73.020413
1895,16,16,-1,-1,-1,-1,-1,14.117888,1,14.16192,0.830464,14.992384
1896,16,16,-1,-1,-1,-1,-1,14.040064,1,14.08512,0.841728,14.926848
1897,16,1023,-1,-1,-1,-1,-1,-1,0,72.112129,0.840704,72.952833
1898,16,16,-1,-1,-1,-1,-1,14.124032,1,14.191616,0.840704,15.03232
1899,16,16,-1,-1,-1,-1,-1,14.045184,1,14.112768,0.831488,14.944256
1900,16,1024,-1,-1,-1,-1,-1,-1,0,72.562691,0.845824,73.408515
1901,16,16,-1,-1,-1,-1,-1,14.147584,1,14.205952,0.840704,15.046656
1902,16,16,-1,-1,-1,-1,-1,14.012416,1,14.08,0.843776,14.923776
1903,16,16,-1,-1,-1,-1,-1,13.98272,1,14.04928,0.830464,14.879744
1904,16,16,-1,-1,-1,-1,-1,13.950976,1,13.997056,0.828416,14.825472
1905,16,16,-1,-1,-1,-1,-1,13.917184,1,13.974528,0.830464,14.804992
1906,16,16,-1,-1,-1,-1,-1,13.899776,1,13.944832,0.830464,14.775296
1907,16,16,-1,-1,-1,-1,-1,13.893632,1,13.960192,0.828416,14.788608
1908,16,1024,-1,-1,-1,-1,-1,-1,0,71.842819,0.847872,72.690691
1909,16,16,-1,-1,-1,-1,-1,14.132224,1,14.198784,0.843776,15.04256
1910,16,16,-1,-1,-1,-1,-1,14.03392,1,14.103552,0.833536,14.937088
1911,16,16,-1,-1,-1,-1,-1,13.979648,1,14.025728,0.835584,14.861312
1912,16,1024,-1,-1,-1,-1,-1,-1,0,71.985153,0.8448,72.829953
1913,16,16,-1,-1,-1,-1,-1,14.143488,1,14.188544,0.845824,15.034368
1914,16,1008,-1,-1,-1,-1,-1,-1,0,73.355263,0.835584,74.190847
1915,16,16,-1,-1,-1,-1,-1,14.093312,1,14.157824,0.83456,14.992384
1916,16,16,-1,-1,-1,-1,-1,13.99808,1,14.066688,0.82944,14.896128
1917,16,16,-1,-1,-1,-1,-1,13.980672,1,14.046208,0.825344,14.871552
1918,16,16,-1,-1,-1,-1,-1,13.949952,1,14.014464,0.833536,14.848
1919,16,16,-1,-1,-1,-1,-1,13.938688,1,14.004224,0.82944,14.833664
1920,16,16,-1,-1,-1,-1,-1,13.881344,1,13.924352,0.826368,14.75072
1921,16,16,-1,-1,-1,-1,-1,13.910016,1,13.973504,0.826368,14.799872
1922,16,16,-1,-1,-1,-1,-1,13.913088,1,13.95712,0.828416,14.785536
1923,16,1024,-1,-1,-1,-1,-1,-1,0,72.515587,0.838656,73.354243
1924,16,16,-1,-1,-1,-1,-1,14.143488,1,14.20288,0.83456,15.03744
1925,16,16,-1,-1,-1,-1,-1,14.091264,1,14.135296,0.833536,14.968832
1926,16,16,-1,-1,-1,-1,-1,13.95712,1,14.025728,0.836608,14.862336
1927,16,16,-1,-1,-1,-1,-1,13.920256,1,13.964288,0.831488,14.795776
1928,16,16,-1,-1,-1,-1,-1,13.887488,1,13.94688,0.82944,14.77632
1929,16,16,-1,-1,-1,-1,-1,13.883392,1,13.925376,0.837632,14.763008
1930,16,16,-1,-1,-1,-1,-1,13.896704,1,13.963264,0.836608,14.799872
1931,16,16,-1,-1,-1,-1,-1,13.903872,1,13.970432,0.837632,14.808064
1932,16,16,-1,-1,-1,-1,-1,13.872128,1,13.939712,0.828416,14.768128
1933,16,16,-1,-1,-1,-1,-1,13.892608,1,13.95712,0.835584,14.792704
1934,16,16,-1,-1,-1,-1,-1,13.887488,1,13.945856,0.835584,14.78144
1935,16,16,-1,-1,-1,-1,-1,13.873152,1,13.91616,0.826368,14.742528
1936,16,16,-1,-1,-1,-1,-1,13.838336,1,13.882368,0.825344,14.707712
1937,16,1024,-1,-1,-1,-1,-1,-1,0,72.208382,0.841728,73.05011
1938,16,16,-1,-1,-1,-1,-1,14.159872,1,14.20288,0.836608,15.039488
1939,16,16,-1,-1,-1,-1,-1,14.073856,1,14.14144,0.831488,14.972928
1940,16,16,-1,-1,-1,-1,-1,13.988864,1,14.052352,0.831488,14.88384
1941,16,16,-1,-1,-1,-1,-1,13.932544,1,13.974528,0.827392,14.80192
1942,16,16,-1,-1,-1,-1,-1,13.908992,1,13.973504,0.827392,14.800896
1943,16,16,-1,-1,-1,-1,-1,13.897728,1,13.940736,0.827392,14.768128
1944,16,16,-1,-1,-1,-1,-1,13.874176,1,13.930496,0.82944,14.759936
1945,16,16,-1,-1,-1,-1,-1,13.908992,1,13.950976,0.833536,14.784512
1946,16,16,-1,-1,-1,-1,-1,13.913088,1,13.980672,0.828416,14.809088
1947,16,16,-1,-1,-1,-1,-1,13.888512,1,13.953024,0.825344,14.778368
1948,16,16,-1,-1,-1,-1,-1,13.893632,1,13.958144,0.826368,14.784512
1949,16,16,-1,-1,-1,-1,-1,13.836288,1,13.898752,0.82432,14.723072
1950,16,16,-1,-1,-1,-1,-1,13.868032,1,13.922304,0.830464,14.752768
1951,16,16,-1,-1,-1,-1,-1,13.868032,1,13.910016,0.82432,14.734336
1952,16,16,-1,-1,-1,-1,-1,13.858816,1,13.9008,0.822272,14.723072
1953,16,16,-1,-1,-1,-1,-1,13.87008,1,13.9264,0.826368,14.752768
1954,16,16,-1,-1,-1,-1,-1,13.868032,1,13.910016,0.82944,14.739456
1955,16,1024,-1,-1,-1,-1,-1,-1,0,69.369858,0.82944,70.199298
1956,16,16,-1,-1,-1,-1,-1,13.935616,1,14.000128,0.833536,14.833664
1957,16,16,-1,-1,-1,-1,-1,14.016512,1,14.061568,0.828416,14.889984
1958,16,16,-1,-1,-1,-1,-1,13.930496,1,13.996032,0.827392,14.823424
1959,16,16,-1,-1,-1,-1,-1,13.980672,1,14.02368,0.833536,14.857216
1960,16,16,-1,-1,-1,-1,-1,13.928448,1,13.983744,0.82944,14.813184
1961,16,16,-1,-1,-1,-1,-1,13.904896,1,13.94688,0.82432,14.7712
1962,16,16,-1,-1,-1,-1,-1,13.899776,1,13.966336,0.825344,14.79168
1963,16,16,-1,-1,-1,-1,-1,13.933568,1,13.999104,0.828416,14.82752
1964,16,16,-1,-1,-1,-1,-1,13.948928,1,14.006272,0.831488,14.83776
1965,16,16,-1,-1,-1,-1,-1,13.930496,1,13.973504,0.83456,14.808064
1966,16,16,-1,-1,-1,-1,-1,13.918208,1,13.974528,0.830464,14.804992
1967,16,16,-1,-1,-1,-1,-1,13.888512,1,13.93152,0.826368,14.757888
1968,16,16,-1,-1,-1,-1,-1,13.901824,1,13.943808,0.825344,14.769152
1969,16,16,-1,-1,-1,-1,-1,13.891584,1,13.948928,0.830464,14.779392
1970,16,16,-1,-1,-1,-1,-1,13.907968,1,13.948928,0.827392,14.77632
1971,16,16,-1,-1,-1,-1,-1,13.914112,1,13.978624,0.836608,14.815232
1972,16,16,-1,-1,-1,-1,-1,13.92128,1,13.985792,0.82944,14.815232
1973,16,16,-1,-1,-1,-1,-1,13.915136,1,13.95712,0.82944,14.78656
1974,16,16,-1,-1,-1,-1,-1,13.903872,1,13.960192,0.827392,14.787584
1975,16,16,-1,-1,-1,-1,-1,13.92128,1,13.965312,0.833536,14.798848
1976,16,16,-1,-1,-1,-1,-1,13.944832,1,14.009344,0.835584,14.844928
1977,16,16,-1,-1,-1,-1,-1,13.915136,1,13.95712,0.826368,14.783488
1978,16,16,-1,-1,-1,-1,-1,13.914112,1,13.979648,0.82944,14.809088
1979,16,16,-1,-1,-1,-1,-1,13.932544,1,13.99808,0.83456,14.83264
1980,16,1024,-1,-1,-1,-1,-1,-1,0,71.79776,0.838656,72.636416
1981,16,16,-1,-1,-1,-1,-1,14.134272,1,14.17728,0.836608,15.013888
1982,16,16,-1,-1,-1,-1,-1,14.138368,1,14.204928,0.837632,15.04256
1983,16,16,-1,-1,-1,-1,-1,14.043136,1,14.086144,0.836608,14.922752
1984,16,16,-1,-1,-1,-1,-1,13.943808,1,13.985792,0.832512,14.818304
1985,16,16,-1,-1,-1,-1,-1,13.928448,1,13.984768,0.827392,14.81216
1986,16,16,-1,-1,-1,-1,-1,13.912064,1,13.956096,0.827392,14.783488
1987,16,16,-1,-1,-1,-1,-1,13.930496,1,13.985792,0.825344,14.811136
1988,16,1024,-1,-1,-1,-1,-1,-1,0,72.012802,0.846848,72.85965
1989,16,16,-1,-1,-1,-1,-1,14.158848,1,14.204928,0.83968,15.044608
1990,16,16,-1,-1,-1,-1,-1,14.083072,1,14.150656,0.82944,14.980096
1991,16,16,-1,-1,-1,-1,-1,14.012416,1,14.058496,0.83968,14.898176
1992,16,16,-1,-1,-1,-1,-1,13.97248,1,14.03904,0.837632,14.876672
1993,16,1024,-1,-1,-1,-1,-1,-1,0,72.01178,0.83968,72.85146
1994,16,16,-1,-1,-1,-1,-1,14.19264,1,14.261248,0.832512,15.09376
1995,16,16,-1,-1,-1,-1,-1,14.13632,1,14.180352,0.842752,15.023104
1996,16,16,-1,-1,-1,-1,-1,14.1568,1,14.226432,0.83456,15.060992
1997,16,16,-1,-1,-1,-1,-1,14.164992,1,14.211072,0.838656,15.049728
1998,16,16,-1,-1,-1,-1,-1,14.132224,1,14.19264,0.842752,15.035392
1999,16,16,-1,-1,-1,-1,-1,14.13632,1,14.180352,0.827392,15.007744
2000,16,1024,-1,-1,-1,-1,-1,-1,0,71.99437,0.837632,72.832002
2001,16,16,-1,-1,-1,-1,-1,14.164992,1,14.231552,0.840704,15.072256
2002,16,1024,-1,-1,-1,-1,-1,-1,0,72.787971,0.836608,73.624579
2003,16,16,-1,-1,-1,-1,-1,14.106624,1,14.174208,0.837632,15.01184
2004,16,16,-1,-1,-1,-1,-1,14.053376,1,14.121984,0.827392,14.949376
2005,16,16,-1,-1,-1,-1,-1,13.996032,1,14.038016,0.828416,14.866432
2006,16,16,-1,-1,-1,-1,-1,13.966336,1,14.024704,0.827392,14.852096
2007,16,16,-1,-1,-1,-1,-1,13.96736,1,14.009344,0.838656,14.848
2008,16,16,-1,-1,-1,-1,-1,13.917184,1,13.980672,0.827392,14.808064
2009,16,16,-1,-1,-1,-1,-1,13.906944,1,13.961216,0.831488,14.792704
2010,16,2032,-1,-1,-1,-1,-1,-1,0,133.373947,0.84992,134.223867
2011,16,16,-1,-1,-1,-1,-1,14.149632,1,14.194688,0.83968,15.034368
2012,16,16,-1,-1,-1,-1,-1,14.065664,1,14.125056,0.837632,14.962688
2013,16,1024,-1,-1,-1,-1,-1,-1,0,72.605698,0.833536,73.439234
2014,16,16,-1,-1,-1,-1,-1,14.142464,1,14.18752,0.83968,15.0272
2015,16,16,-1,-1,-1,-1,-1,14.077952,1,14.124032,0.830464,14.954496
2016,16,16,-1,-1,-1,-1,-1,14.040064,1,14.1056,0.835584,14.941184
2017,16,16,-1,-1,-1,-1,-1,13.93152,1,14.000128,0.827392,14.82752
2018,16,16,-1,-1,-1,-1,-1,13.92128,1,13.985792,0.825344,14.811136
2019,16,16,-1,-1,-1,-1,-1,13.860864,1,13.925376,0.825344,14.75072
2020,16,1024,-1,-1,-1,-1,-1,-1,0,72.283134,0.845824,73.128958
2021,16,16,-1,-1,-1,-1,-1,14.088192,1,14.132224,0.837632,14.969856
2022,16,16,-1,-1,-1,-1,-1,14.0288,1,14.073856,0.841728,14.915584
2023,16,1024,-1,-1,-1,-1,-1,-1,0,72.293373,0.843776,73.137149
2024,16,16,-1,-1,-1,-1,-1,14.04928,1,14.11584,0.841728,14.957568
2025,16,16,-1,-1,-1,-1,-1,14.038016,1,14.104576,0.841728,14.946304
2026,16,16,-1,-1,-1,-1,-1,13.970432,1,14.030848,0.82944,14.860288
2027,16,16,-1,-1,-1,-1,-1,13.945856,1,13.988864,0.825344,14.814208
2028,16,16,-1,-1,-1,-1,-1,13.932544,1,13.989888,0.823296,14.813184
2029,16,16,-1,-1,-1,-1,-1,13.899776,1,13.956096,0.830464,14.78656
2030,16,16,-1,-1,-1,-1,-1,13.896704,1,13.938688,0.830464,14.769152
2031,16,16,-1,-1,-1,-1,-1,13.883392,1,13.924352,0.833536,14.757888
2032,16,16,-1,-1,-1,-1,-1,13.881344,1,13.945856,0.835584,14.78144
2033,16,16,-1,-1,-1,-1,-1,13.91104,1,13.974528,0.830464,14.804992
2034,16,16,-1,-1,-1,-1,-1,13.88544,1,13.940736,0.823296,14.764032
2035,16,1024,-1,-1,-1,-1,-1,-1,0,69.60128,0.831488,70.432768
2036,16,16,-1,-1,-1,-1,-1,13.978624,1,14.043136,0.830464,14.8736
2037,16,16,-1,-1,-1,-1,-1,14.041088,1,14.08512,0.835584,14.920704
2038,16,1024,-1,-1,-1,-1,-1,-1,0,72.892418,0.843776,73.736194
2039,16,16,-1,-1,-1,-1,-1,14.104576,1,14.169088,0.83968,15.008768
2040,16,16,-1,-1,-1,-1,-1,14.022656,1,14.067712,0.828416,14.896128
2041,16,16,-1,-1,-1,-1,-1,13.99808,1,14.063616,0.83968,14.903296
2042,16,1024,-1,-1,-1,-1,-1,-1,0,72.363007,0.843776,73.206783
2043,16,16,-1,-1,-1,-1,-1,14.135296,1,14.180352,0.835584,15.015936
2044,16,16,-1,-1,-1,-1,-1,14.091264,1,14.1568,0.827392,14.984192
2045,16,16,-1,-1,-1,-1,-1,13.990912,1,14.055424,0.831488,14.886912
2046,16,16,-1,-1,-1,-1,-1,13.902848,1,13.944832,0.828416,14.773248
2047,16,16,-1,-1,-1,-1,-1,13.886464,1,13.930496,0.83456,14.765056
2048,16,16,-1,-1,-1,-1,-1,13.88544,1,13.948928,0.833536,14.782464
2049,16,16,-1,-1,-1,-1,-1,13.887488,1,13.952,0.835584,14.787584
2050,16,16,-1,-1,-1,-1,-1,13.901824,1,13.95712,0.830464,14.787584
2051,16,16,-1,-1,-1,-1,-1,13.869056,1,13.927424,0.830464,14.757888
2052,16,16,-1,-1,-1,-1,-1,13.902848,1,13.96736,0.82432,14.79168
2053,16,16,-1,-1,-1,-1,-1,13.856768,1,13.9008,0.82944,14.73024
2054,16,16,-1,-1,-1,-1,-1,13.840384,1,13.902848,0.825344,14.728192
2055,16,1024,-1,-1,-1,-1,-1,-1,0,71.87661,0.843776,72.720386
2056,16,16,-1,-1,-1,-1,-1,14.125056,1,14.170112,0.840704,15.010816
2057,16,16,-1,-1,-1,-1,-1,14.058496,1,14.116864,0.831488,14.948352
2058,16,16,-1,-1,-1,-1,-1,13.968384,1,14.026752,0.836608,14.86336
2059,16,16,-1,-1,-1,-1,-1,13.922304,1,13.965312,0.837632,14.802944
2060,16,16,-1,-1,-1,-1,-1,13.933568,1,14.000128,0.828416,14.828544
2061,16,16,-1,-1,-1,-1,-1,13.92128,1,13.983744,0.825344,14.809088
2062,16,16,-1,-1,-1,-1,-1,13.908992,1,13.950976,0.836608,14.787584
2063,16,16,-1,-1,-1,-1,-1,13.902848,1,13.945856,0.82432,14.770176
2064,16,16,-1,-1,-1,-1,-1,13.878272,1,13.933568,0.831488,14.765056
2065,16,16,-1,-1,-1,-1,-1,13.865984,1,13.930496,0.835584,14.76608
2066,16,16,-1,-1,-1,-1,-1,13.893632,1,13.949952,0.831488,14.78144
2067,16,16,-1,-1,-1,-1,-1,13.857792,1,13.917184,0.836608,14.753792
2068,16,16,-1,-1,-1,-1,-1,13.863936,1,13.93152,0.82944,14.76096
2069,16,16,-1,-1,-1,-1,-1,13.893632,1,13.935616,0.832512,14.768128
2070,16,16,-1,-1,-1,-1,-1,13.861888,1,13.917184,0.83456,14.751744
2071,16,16,-1,-1,-1,-1,-1,13.87008,1,13.934592,0.835584,14.770176
2072,16,16,-1,-1,-1,-1,-1,13.882368,1,13.9264,0.825344,14.751744
2073,16,16,-1,-1,-1,-1,-1,13.869056,1,13.932544,0.83456,14.767104
2074,16,16,-1,-1,-1,-1,-1,13.88544,1,13.950976,0.833536,14.784512
2075,16,16,-1,-1,-1,-1,-1,13.869056,1,13.912064,0.83456,14.746624
2076,16,16,-1,-1,-1,-1,-1,13.867008,1,13.933568,0.823296,14.756864
2077,16,1024,-1,-1,-1,-1,-1,-1,0,72.04454,0.841728,72.886268
2078,16,16,-1,-1,-1,-1,-1,14.125056,1,14.169088,0.838656,15.007744
2079,16,16,-1,-1,-1,-1,-1,14.073856,1,14.118912,0.836608,14.95552
2080,16,16,-1,-1,-1,-1,-1,13.979648,1,14.047232,0.831488,14.87872
2081,16,16,-1,-1,-1,-1,-1,13.933568,1,13.99808,0.827392,14.825472
2082,16,16,-1,-1,-1,-1,-1,13.947904,1,14.012416,0.82944,14.841856
2083,16,16,-1,-1,-1,-1,-1,13.91616,1,13.979648,0.825344,14.804992
2084,16,1024,-1,-1,-1,-1,-1,-1,0,72.180733,0.845824,73.026557
2085,16,16,-1,-1,-1,-1,-1,14.137344,1,14.1824,0.838656,15.021056
2086,16,16,-1,-1,-1,-1,-1,14.057472,1,14.123008,0.837632,14.96064
2087,16,16,-1,-1,-1,-1,-1,14.024704,1,14.091264,0.836608,14.927872
2088,16,16,-1,-1,-1,-1,-1,13.934592,1,13.978624,0.828416,14.80704
2089,16,16,-1,-1,-1,-1,-1,13.934592,1,13.99808,0.831488,14.829568
2090,16,16,-1,-1,-1,-1,-1,13.913088,1,13.970432,0.826368,14.7968
2091,16,16,-1,-1,-1,-1,-1,13.9008,1,13.942784,0.832512,14.775296
2092,16,16,-1,-1,-1,-1,-1,13.88544,1,13.949952,0.82944,14.779392
2093,16,16,-1,-1,-1,-1,-1,13.948928,1,14.014464,0.836608,14.851072
2094,16,16,-1,-1,-1,-1,-1,13.89568,1,13.937664,0.835584,14.773248
2095,16,16,-1,-1,-1,-1,-1,13.884416,1,13.928448,0.832512,14.76096
2096,16,16,-1,-1,-1,-1,-1,13.9008,1,13.95712,0.823296,14.780416
2097,16,16,-1,-1,-1,-1,-1,13.918208,1,13.960192,0.830464,14.790656
2098,16,16,-1,-1,-1,-1,-1,13.907968,1,13.971456,0.825344,14.7968
2099,16,16,-1,-1,-1,-1,-1,13.897728,1,13.96224,0.831488,14.793728
2100,16,1024,-1,-1,-1,-1,-1,-1,0,72.41523,0.84992,73.26515
2101,16,16,-1,-1,-1,-1,-1,14.144512,1,14.189568,0.847872,15.03744
2102,16,16,-1,-1,-1,-1,-1,14.067712,1,14.13632,0.82944,14.96576
2103,16,16,-1,-1,-1,-1,-1,14.035968,1,14.102528,0.83456,14.937088
2104,16,16,-1,-1,-1,-1,-1,13.956096,1,13.99808,0.835584,14.833664
2105,16,16,-1,-1,-1,-1,-1,13.90592,1,13.971456,0.831488,14.802944
2106,16,16,-1,-1,-1,-1,-1,13.928448,1,13.99296,0.835584,14.828544
2107,16,16,-1,-1,-1,-1,-1,13.917184,1,13.960192,0.831488,14.79168
2108,16,1024,-1,-1,-1,-1,-1,-1,0,72.110077,0.841728,72.951805
2109,16,16,-1,-1,-1,-1,-1,14.132224,1,14.200832,0.8448,15.045632
2110,16,16,-1,-1,-1,-1,-1,14.108672,1,14.152704,0.82944,14.982144
2111,16,16,-1,-1,-1,-1,-1,14.014464,1,14.058496,0.831488,14.889984
2112,16,16,-1,-1,-1,-1,-1,13.96224,1,14.026752,0.82944,14.856192
2113,16,16,-1,-1,-1,-1,-1,13.958144,1,14.000128,0.82944,14.829568
2114,16,16,-1,-1,-1,-1,-1,13.935616,1,13.991936,0.826368,14.818304
2115,16,16,-1,-1,-1,-1,-1,13.919232,1,13.983744,0.835584,14.819328
2116,16,16,-1,-1,-1,-1,-1,13.93664,1,14.002176,0.836608,14.838784
2117,16,16,-1,-1,-1,-1,-1,13.928448,1,13.970432,0.832512,14.802944
2118,16,16,-1,-1,-1,-1,-1,13.935616,1,13.999104,0.835584,14.834688
2119,16,16,-1,-1,-1,-1,-1,13.913088,1,13.979648,0.836608,14.816256
2120,16,16,-1,-1,-1,-1,-1,13.914112,1,13.95712,0.832512,14.789632
2121,16,16,-1,-1,-1,-1,-1,13.889536,1,13.953024,0.831488,14.784512
2122,16,16,-1,-1,-1,-1,-1,13.887488,1,13.953024,0.832512,14.785536
2123,16,1024,-1,-1,-1,-1,-1,-1,0,71.879677,0.83968,72.719357
2124,16,2031,-1,-1,-1,-1,-1,-1,0,135.243774,0.8448,136.088574
2125,16,16,-1,-1,-1,-1,-1,14.17728,1,14.244864,0.838656,15.08352
2126,16,16,-1,-1,-1,-1,-1,14.0544,1,14.098432,0.831488,14.92992
2127,16,16,-1,-1,-1,-1,-1,14.025728,1,14.070784,0.836608,14.907392
2128,16,1024,-1,-1,-1,-1,-1,-1,0,72.352768,0.83968,73.192448
2129,16,16,-1,-1,-1,-1,-1,14.145536,1,14.189568,0.8448,15.034368
2130,16,16,-1,-1,-1,-1,-1,14.050304,1,14.096384,0.830464,14.926848
2131,16,16,-1,-1,-1,-1,-1,14.041088,1,14.104576,0.83456,14.939136
2132,16,16,-1,-1,-1,-1,-1,13.984768,1,14.052352,0.828416,14.880768
2133,16,16,-1,-1,-1,-1,-1,13.959168,1,14.002176,0.83456,14.836736
2134,16,16,-1,-1,-1,-1,-1,13.922304,1,13.9776,0.822272,14.799872
2135,16,1024,-1,-1,-1,-1,-1,-1,0,71.95546,0.837632,72.793092
2136,16,16,-1,-1,-1,-1,-1,14.155776,1,14.201856,0.840704,15.04256
2137,16,16,-1,-1,-1,-1,-1,14.040064,1,14.084096,0.830464,14.91456
2138,16,16,-1,-1,-1,-1,-1,14.000128,1,14.057472,0.828416,14.885888
2139,16,16,-1,-1,-1,-1,-1,13.96736,1,14.02368,0.837632,14.861312
2140,16,16,-1,-1,-1,-1,-1,13.945856,1,14.009344,0.835584,14.844928
2141,16,16,-1,-1,-1,-1,-1,13.883392,1,13.948928,0.82944,14.778368
2142,16,1024,-1,-1,-1,-1,-1,-1,0,72.111107,0.842752,72.953859
2143,16,1024,-1,-1,-1,-1,-1,-1,0,74.559486,0.840704,75.40019
2144,16,16,-1,-1,-1,-1,-1,14.130176,1,14.196736,0.8448,15.041536
2145,16,16,-1,-1,-1,-1,-1,14.097408,1,14.143488,0.828416,14.971904
2146,16,16,-1,-1,-1,-1,-1,13.983744,1,14.027776,0.828416,14.856192
2147,16,16,-1,-1,-1,-1,-1,13.937664,1,14.002176,0.82944,14.831616
2148,16,16,-1,-1,-1,-1,-1,13.913088,1,13.979648,0.82944,14.809088
2149,16,16,-1,-1,-1,-1,-1,13.89568,1,13.938688,0.828416,14.767104
2150,16,16,-1,-1,-1,-1,-1,13.908992,1,13.97248,0.82432,14.7968
2151,16,16,-1,-1,-1,-1,-1,13.904896,1,13.963264,0.828416,14.79168
2152,16,1023,-1,-1,-1,-1,-1,-1,0,72.156158,0.837632,72.99379
2153,16,16,-1,-1,-1,-1,-1,14.1056,1,14.17216,0.835584,15.007744
2154,16,16,-1,-1,-1,-1,-1,13.966336,1,14.02368,0.837632,14.861312
2155,16,2032,-1,-1,-1,-1,-1,-1,0,133.823486,0.846848,134.670334
2156,16,16,-1,-1,-1,-1,-1,14.118912,1,14.18752,0.836608,15.024128
2157,16,16,-1,-1,-1,-1,-1,14.098432,1,14.158848,0.835584,14.994432
2158,16,16,-1,-1,-1,-1,-1,13.959168,1,14.025728,0.832512,14.85824
2159,16,16,-1,-1,-1,-1,-1,13.937664,1,13.996032,0.83456,14.830592
2160,16,16,-1,-1,-1,-1,-1,13.914112,1,13.979648,0.831488,14.811136
2161,16,16,-1,-1,-1,-1,-1,13.846528,1,13.89056,0.832512,14.723072
2162,16,16,-1,-1,-1,-1,-1,13.90592,1,13.949952,0.825344,14.775296
2163,16,16,-1,-1,-1,-1,-1,13.89568,1,13.938688,0.82432,14.763008
2164,16,16,-1,-1,-1,-1,-1,13.886464,1,13.954048,0.828416,14.782464
2165,16,16,-1,-1,-1,-1,-1,13.89056,1,13.932544,0.825344,14.757888
2166,16,16,-1,-1,-1,-1,-1,13.85984,1,13.923328,0.828416,14.751744
2167,16,16,-1,-1,-1,-1,-1,13.826048,1,13.89056,0.826368,14.716928
2168,16,16,-1,-1,-1,-1,-1,13.86496,1,13.906944,0.831488,14.738432
2169,16,16,-1,-1,-1,-1,-1,13.872128,1,13.93664,0.827392,14.764032
2170,16,16,-1,-1,-1,-1,-1,13.84448,1,13.887488,0.82432,14.711808
2171,16,16,-1,-1,-1,-1,-1,13.838336,1,13.902848,0.82944,14.732288
2172,16,16,-1,-1,-1,-1,-1,13.837312,1,13.902848,0.821248,14.724096
2173,16,16,-1,-1,-1,-1,-1,13.861888,1,13.917184,0.827392,14.744576
2174,16,16,-1,-1,-1,-1,-1,13.8496,1,13.912064,0.82432,14.736384
2175,16,16,-1,-1,-1,-1,-1,13.869056,1,13.93152,0.83456,14.76608
2176,16,16,-1,-1,-1,-1,-1,13.860864,1,13.925376,0.82432,14.749696
2177,16,16,-1,-1,-1,-1,-1,13.845504,1,13.887488,0.828416,14.715904
2178,16,16,-1,-1,-1,-1,-1,13.884416,1,13.9264,0.82432,14.75072
2179,16,16,-1,-1,-1,-1,-1,13.861888,1,13.903872,0.82944,14.733312
2180,16,16,-1,-1,-1,-1,-1,13.856768,1,13.92128,0.827392,14.748672
2181,16,1024,-1,-1,-1,-1,-1,-1,0,72.053757,0.837632,72.891389
2182,16,16,-1,-1,-1,-1,-1,14.11584,1,14.181376,0.835584,15.01696
2183,16,16,-1,-1,-1,-1,-1,14.025728,1,14.09024,0.82944,14.91968
2184,16,1024,-1,-1,-1,-1,-1,-1,0,72.444931,0.832512,73.277443
2185,16,16,-1,-1,-1,-1,-1,14.123008,1,14.1824,0.832512,15.014912
2186,16,16,-1,-1,-1,-1,-1,14.007296,1,14.052352,0.833536,14.885888
2187,16,16,-1,-1,-1,-1,-1,13.99296,1,14.060544,0.833536,14.89408
2188,16,16,-1,-1,-1,-1,-1,13.928448,1,13.995008,0.82432,14.819328
2189,16,16,-1,-1,-1,-1,-1,13.925376,1,13.990912,0.830464,14.821376
2190,16,16,-1,-1,-1,-1,-1,13.887488,1,13.942784,0.826368,14.769152
2191,16,16,-1,-1,-1,-1,-1,13.857792,1,13.923328,0.825344,14.748672
2192,16,16,-1,-1,-1,-1,-1,13.901824,1,13.966336,0.826368,14.792704
2193,16,16,-1,-1,-1,-1,-1,13.919232,1,13.96224,0.828416,14.790656
2194,16,16,-1,-1,-1,-1,-1,13.929472,1,13.971456,0.82944,14.800896
2195,16,16,-1,-1,-1,-1,-1,13.888512,1,13.932544,0.832512,14.765056
2196,16,1024,-1,-1,-1,-1,-1,-1,0,72.05069,0.840704,72.891394
2197,16,16,-1,-1,-1,-1,-1,14.170112,1,14.22848,0.836608,15.065088
2198,16,16,-1,-1,-1,-1,-1,14.127104,1,14.173184,0.833536,15.00672
2199,16,16,-1,-1,-1,-1,-1,14.130176,1,14.195712,0.841728,15.03744
2200,16,16,-1,-1,-1,-1,-1,14.112768,1,14.180352,0.835584,15.015936
2201,16,16,-1,-1,-1,-1,-1,14.139392,1,14.205952,0.8448,15.050752
2202,16,16,-1,-1,-1,-1,-1,14.04928,1,14.094336,0.83456,14.928896
2203,16,16,-1,-1,-1,-1,-1,13.93152,1,13.99808,0.83456,14.83264
2204,16,16,-1,-1,-1,-1,-1,13.924352,1,13.989888,0.826368,14.816256
2205,16,16,-1,-1,-1,-1,-1,13.925376,1,13.981696,0.835584,14.81728
2206,16,16,-1,-1,-1,-1,-1,13.94176,1,13.999104,0.83456,14.833664
2207,16,16,-1,-1,-1,-1,-1,13.891584,1,13.948928,0.826368,14.775296
2208,16,16,-1,-1,-1,-1,-1,13.881344,1,13.94688,0.833536,14.780416
2209,16,16,-1,-1,-1,-1,-1,13.8752,1,13.918208,0.830464,14.748672
2210,16,16,-1,-1,-1,-1,-1,13.878272,1,13.920256,0.82944,14.749696
2211,16,16,-1,-1,-1,-1,-1,13.8752,1,13.918208,0.826368,14.744576
2212,16,16,-1,-1,-1,-1,-1,13.886464,1,13.950976,0.82432,14.775296
2213,16,16,-1,-1,-1,-1,-1,13.869056,1,13.933568,0.825344,14.758912
2214,16,16,-1,-1,-1,-1,-1,13.891584,1,13.934592,0.827392,14.761984
2215,16,16,-1,-1,-1,-1,-1,13.884416,1,13.94688,0.833536,14.780416
2216,16,1024,-1,-1,-1,-1,-1,-1,0,71.846909,0.837632,72.684541
2217,16,16,-1,-1,-1,-1,-1,14.1312,1,14.198784,0.836608,15.035392
2218,16,16,-1,-1,-1,-1,-1,14.093312,1,14.137344,0.831488,14.968832
2219,16,16,-1,-1,-1,-1,-1,13.989888,1,14.048256,0.830464,14.87872
2220,16,16,-1,-1,-1,-1,-1,13.98272,1,14.047232,0.826368,14.8736
2221,16,16,-1,-1,-1,-1,-1,13.980672,1,14.047232,0.831488,14.87872
2222,16,1024,-1,-1,-1,-1,-1,-1,0,72.171516,0.838656,73.010172
2223,16,16,-1,-1,-1,-1,-1,14.171136,1,14.23872,0.843776,15.082496
2224,16,16,-1,-1,-1,-1,-1,14.084096,1,14.15168,0.827392,14.979072
2225,16,16,-1,-1,-1,-1,-1,14.014464,1,14.057472,0.833536,14.891008
2226,16,16,-1,-1,-1,-1,-1,13.94176,1,13.984768,0.825344,14.810112
2227,16,16,-1,-1,-1,-1,-1,13.906944,1,13.948928,0.828416,14.777344
2228,16,16,-1,-1,-1,-1,-1,13.924352,1,13.989888,0.832512,14.8224
2229,16,16,-1,-1,-1,-1,-1,13.91104,1,13.974528,0.82432,14.798848
2230,16,16,-1,-1,-1,-1,-1,13.933568,1,13.976576,0.825344,14.80192
2231,16,16,-1,-1,-1,-1,-1,13.897728,1,13.961216,0.830464,14.79168
2232,16,16,-1,-1,-1,-1,-1,13.929472,1,13.996032,0.821248,14.81728
2233,16,16,-1,-1,-1,-1,-1,13.907968,1,13.969408,0.827392,14.7968
2234,16,16,-1,-1,-1,-1,-1,13.892608,1,13.935616,0.826368,14.761984
2235,16,16,-1,-1,-1,-1,-1,13.891584,1,13.956096,0.82432,14.780416
2236,16,16,-1,-1,-1,-1,-1,13.881344,1,13.937664,0.823296,14.76096
2237,16,16,-1,-1,-1,-1,-1,13.903872,1,13.968384,0.825344,14.793728
2238,16,16,-1,-1,-1,-1,-1,13.919232,1,13.983744,0.825344,14.809088
2239,16,16,-1,-1,-1,-1,-1,13.904896,1,13.970432,0.825344,14.795776
2240,16,16,-1,-1,-1,-1,-1,13.896704,1,13.953024,0.826368,14.779392
2241,16,16,-1,-1,-1,-1,-1,13.920256,1,13.963264,0.822272,14.785536
2242,16,16,-1,-1,-1,-1,-1,13.918208,1,13.960192,0.82944,14.789632
2243,16,16,-1,-1,-1,-1,-1,13.9264,1,13.969408,0.82432,14.793728
2244,16,16,-1,-1,-1,-1,-1,13.904896,1,13.971456,0.828416,14.799872
2245,16,16,-1,-1,-1,-1,-1,13.90592,1,13.970432,0.82432,14.794752
2246,16,16,-1,-1,-1,-1,-1,13.91104,1,13.955072,0.828416,14.783488
2247,16,16,-1,-1,-1,-1,-1,13.922304,1,13.986816,0.826368,14.813184
2248,16,16,-1,-1,-1,-1,-1,13.923328,1,13.986816,0.825344,14.81216
2249,16,16,-1,-1,-1,-1,-1,13.919232,1,13.984768,0.823296,14.808064
2250,16,16,-1,-1,-1,-1,-1,13.914112,1,13.95712,0.825344,14.782464
2251,16,16,-1,-1,-1,-1,-1,13.908992,1,13.973504,0.835584,14.809088
2252,16,1024,-1,-1,-1,-1,-1,-1,0,71.951363,0.841728,72.793091
2253,16,1023,-1,-1,-1,-1,-1,-1,0,74.616829,0.843776,75.460605
2254,16,16,-1,-1,-1,-1,-1,14.128128,1,14.19776,0.838656,15.036416
2255,16,16,-1,-1,-1,-1,-1,14.065664,1,14.124032,0.838656,14.962688
2256,16,1024,-1,-1,-1,-1,-1,-1,0,72.603645,0.838656,73.442301
2257,16,1023,-1,-1,-1,-1,-1,-1,0,74.522621,0.840704,75.363325
2258,16,16,-1,-1,-1,-1,-1,14.118912,1,14.186496,0.83456,15.021056
2259,16,16,-1,-1,-1,-1,-1,14.0288,1,14.075904,0.838656,14.91456
2260,16,16,-1,-1,-1,-1,-1,13.973504,1,14.03392,0.82944,14.86336
2261,16,1024,-1,-1,-1,-1,-1,-1,0,72.273918,0.842752,73.11667
2262,16,16,-1,-1,-1,-1,-1,14.145536,1,14.191616,0.838656,15.030272
2263,16,1024,-1,-1,-1,-1,-1,-1,0,73.247742,0.840704,74.088446
2264,16,16,-1,-1,-1,-1,-1,14.125056,1,14.193664,0.842752,15.036416
2265,16,16,-1,-1,-1,-1,-1,14.058496,1,14.118912,0.83456,14.953472
2266,16,16,-1,-1,-1,-1,-1,13.98784,1,14.031872,0.827392,14.859264
2267,16,16,-1,-1,-1,-1,-1,13.940736,1,14.009344,0.828416,14.83776
2268,16,16,-1,-1,-1,-1,-1,13.934592,1,14.000128,0.832512,14.83264
2269,16,16,-1,-1,-1,-1,-1,13.899776,1,13.942784,0.83456,14.777344
2270,16,16,-1,-1,-1,-1,-1,13.902848,1,13.96224,0.826368,14.788608
2271,16,1024,-1,-1,-1,-1,-1,-1,0,71.861244,0.8448,72.706044
2272,16,16,-1,-1,-1,-1,-1,14.124032,1,14.19264,0.840704,15.033344
2273,16,992,-1,-1,-1,-1,-1,-1,0,72.64563,0.836608,73.482238
2274,16,16,-1,-1,-1,-1,-1,14.112768,1,14.171136,0.835584,15.00672
2275,16,16,-1,-1,-1,-1,-1,14.045184,1,14.091264,0.837632,14.928896
2276,16,16,-1,-1,-1,-1,-1,13.961216,1,14.026752,0.836608,14.86336
2277,16,1023,-1,-1,-1,-1,-1,-1,0,72.390656,0.835584,73.22624
2278,16,16,-1,-1,-1,-1,-1,14.112768,1,14.181376,0.840704,15.02208
2279,16,16,-1,-1,-1,-1,-1,14.060544,1,14.125056,0.833536,14.958592
2280,16,16,-1,-1,-1,-1,-1,13.93664,1,14.004224,0.830464,14.834688
2281,16,1024,-1,-1,-1,-1,-1,-1,0,72.407043,0.83968,73.246723
2282,16,16,-1,-1,-1,-1,-1,14.1312,1,14.17728,0.837632,15.014912
2283,16,16,-1,-1,-1,-1,-1,14.006272,1,14.07488,0.831488,14.906368
2284,16,1024,-1,-1,-1,-1,-1,-1,0,72.385536,0.841728,73.227264
2285,16,16,-1,-1,-1,-1,-1,14.128128,1,14.173184,0.828416,15.0016
2286,16,16,-1,-1,-1,-1,-1,14.029824,1,14.09536,0.83968,14.93504
2287,16,16,-1,-1,-1,-1,-1,13.983744,1,14.050304,0.836608,14.886912
2288,16,16,-1,-1,-1,-1,-1,13.955072,1,14.020608,0.82944,14.850048
2289,16,16,-1,-1,-1,-1,-1,13.925376,1,13.988864,0.836608,14.825472
2290,16,16,-1,-1,-1,-1,-1,13.881344,1,13.947904,0.82944,14.777344
2291,16,16,-1,-1,-1,-1,-1,13.85984,1,13.903872,0.826368,14.73024
2292,16,16,-1,-1,-1,-1,-1,13.884416,1,13.939712,0.827392,14.767104
2293,16,16,-1,-1,-1,-1,-1,13.907968,1,13.97248,0.82432,14.7968
2294,16,16,-1,-1,-1,-1,-1,13.910016,1,13.974528,0.831488,14.806016
2295,16,16,-1,-1,-1,-1,-1,13.881344,1,13.945856,0.82432,14.770176
2296,16,16,-1,-1,-1,-1,-1,13.897728,1,13.96224,0.833536,14.795776
2297,16,16,-1,-1,-1,-1,-1,13.857792,1,13.919232,0.82432,14.743552
2298,16,16,-1,-1,-1,-1,-1,13.897728,1,13.939712,0.825344,14.765056
2299,16,16,-1,-1,-1,-1,-1,13.860864,1,13.903872,0.830464,14.734336
2300,16,16,-1,-1,-1,-1,-1,13.867008,1,13.935616,0.832512,14.768128
2301,16,16,-1,-1,-1,-1,-1,13.842432,1,13.88544,0.831488,14.716928
2302,16,16,-1,-1,-1,-1,-1,13.876224,1,13.933568,0.826368,14.759936
2303,16,16,-1,-1,-1,-1,-1,13.84448,1,13.908992,0.840704,14.749696
2304,16,16,-1,-1,-1,-1,-1,13.868032,1,13.932544,0.826368,14.758912
2305,16,16,-1,-1,-1,-1,-1,13.872128,1,13.937664,0.827392,14.765056
2306,16,16,-1,-1,-1,-1,-1,13.89568,1,13.961216,0.828416,14.789632
2307,16,16,-1,-1,-1,-1,-1,13.869056,1,13.908992,0.823296,14.732288
2308,16,16,-1,-1,-1,-1,-1,13.887488,1,13.950976,0.831488,14.782464
2309,16,1024,-1,-1,-1,-1,-1,-1,0,69.44973,0.832512,70.282242
2310,16,16,-1,-1,-1,-1,-1,13.9008,1,13.95712,0.83968,14.7968
2311,16,16,-1,-1,-1,-1,-1,14.11584,1,14.180352,0.836608,15.01696
2312,16,16,-1,-1,-1,-1,-1,13.9776,1,14.043136,0.82944,14.872576
2313,16,16,-1,-1,-1,-1,-1,13.958144,1,14.022656,0.825344,14.848
2314,16,16,-1,-1,-1,-1,-1,13.915136,1,13.959168,0.82432,14.783488
2315,16,16,-1,-1,-1,-1,-1,13.88032,1,13.923328,0.826368,14.749696
2316,16,16,-1,-1,-1,-1,-1,13.881344,1,13.938688,0.831488,14.770176
2317,16,16,-1,-1,-1,-1,-1,13.9008,1,13.943808,0.825344,14.769152
2318,16,16,-1,-1,-1,-1,-1,13.894656,1,13.960192,0.825344,14.785536
2319,16,16,-1,-1,-1,-1,-1,13.92128,1,13.985792,0.82944,14.815232
2320,16,16,-1,-1,-1,-1,-1,13.91616,1,13.980672,0.82432,14.804992
2321,16,16,-1,-1,-1,-1,-1,13.892608,1,13.948928,0.82432,14.773248
2322,16,16,-1,-1,-1,-1,-1,13.8752,1,13.932544,0.828416,14.76096
2323,16,16,-1,-1,-1,-1,-1,13.83936,1,13.884416,0.82944,14.713856
2324,16,16,-1,-1,-1,-1,-1,13.858816,1,13.91616,0.827392,14.743552
2325,16,16,-1,-1,-1,-1,-1,13.85984,1,13.924352,0.828416,14.752768
2326,16,16,-1,-1,-1,-1,-1,13.865984,1,13.929472,0.826368,14.75584
2327,16,16,-1,-1,-1,-1,-1,13.874176,1,13.930496,0.830464,14.76096
2328,16,1023,-1,-1,-1,-1,-1,-1,0,71.777283,0.841728,72.619011
2329,16,1024,-1,-1,-1,-1,-1,-1,0,74.561539,0.841728,75.403267
2330,16,16,-1,-1,-1,-1,-1,14.116864,1,14.162944,0.840704,15.003648
2331,16,16,-1,-1,-1,-1,-1,14.062592,1,14.106624,0.831488,14.938112
2332,16,16,-1,-1,-1,-1,-1,14.012416,1,14.070784,0.83456,14.905344
2333,16,1024,-1,-1,-1,-1,-1,-1,0,72.175613,0.842752,73.018365
2334,16,16,-1,-1,-1,-1,-1,14.102528,1,14.160896,0.835584,14.99648
2335,16,16,-1,-1,-1,-1,-1,14.056448,1,14.121984,0.83968,14.961664
2336,16,16,-1,-1,-1,-1,-1,13.9776,1,14.046208,0.836608,14.882816
2337,16,16,-1,-1,-1,-1,-1,13.976576,1,14.043136,0.837632,14.880768
2338,16,16,-1,-1,-1,-1,-1,13.92128,1,13.983744,0.827392,14.811136
2339,16,16,-1,-1,-1,-1,-1,13.893632,1,13.93664,0.826368,14.763008
2340,16,16,-1,-1,-1,-1,-1,13.902848,1,13.94688,0.835584,14.782464
2341,16,16,-1,-1,-1,-1,-1,13.889536,1,13.94688,0.827392,14.774272
2342,16,16,-1,-1,-1,-1,-1,13.910016,1,13.973504,0.825344,14.798848
2343,16,16,-1,-1,-1,-1,-1,13.912064,1,13.975552,0.826368,14.80192
2344,16,16,-1,-1,-1,-1,-1,13.898752,1,13.940736,0.831488,14.772224
2345,16,16,-1,-1,-1,-1,-1,13.896704,1,13.960192,0.826368,14.78656
2346,16,16,-1,-1,-1,-1,-1,13.88544,1,13.927424,0.830464,14.757888
2347,16,16,-1,-1,-1,-1,-1,13.88032,1,13.922304,0.82432,14.746624
2348,16,16,-1,-1,-1,-1,-1,13.891584,1,13.95712,0.831488,14.788608
2349,16,16,-1,-1,-1,-1,-1,13.893632,1,13.956096,0.826368,14.782464
2350,16,16,-1,-1,-1,-1,-1,13.884416,1,13.94176,0.826368,14.768128
2351,16,16,-1,-1,-1,-1,-1,13.865984,1,13.930496,0.82432,14.754816
2352,16,16,-1,-1,-1,-1,-1,13.876224,1,13.939712,0.827392,14.767104
2353,16,16,-1,-1,-1,-1,-1,13.889536,1,13.954048,0.830464,14.784512
2354,16,16,-1,-1,-1,-1,-1,13.887488,1,13.952,0.835584,14.787584
2355,16,16,-1,-1,-1,-1,-1,13.906944,1,13.948928,0.828416,14.777344
2356,16,1024,-1,-1,-1,-1,-1,-1,0,71.976959,0.840704,72.817663
2357,16,16,-1,-1,-1,-1,-1,14.17728,1,14.235648,0.83456,15.070208
2358,16,16,-1,-1,-1,-1,-1,14.041088,1,14.108672,0.831488,14.94016
2359,16,16,-1,-1,-1,-1,-1,14.02368,1,14.088192,0.838656,14.926848
2360,16,16,-1,-1,-1,-1,-1,14.03904,1,14.084096,0.837632,14.921728
2361,16,16,-1,-1,-1,-1,-1,14.058496,1,14.127104,0.82944,14.956544
2362,16,16,-1,-1,-1,-1,-1,14.043136,1,14.086144,0.82944,14.915584
2363,16,16,-1,-1,-1,-1,-1,14.061568,1,14.104576,0.832512,14.937088
2364,16,16,-1,-1,-1,-1,-1,13.94176,1,14.007296,0.827392,14.834688
2365,16,16,-1,-1,-1,-1,-1,13.938688,1,14.005248,0.835584,14.840832
2366,16,16,-1,-1,-1,-1,-1,13.919232,1,13.983744,0.826368,14.810112
2367,16,16,-1,-1,-1,-1,-1,13.938688,1,14.0032,0.82944,14.83264
2368,16,16,-1,-1,-1,-1,-1,13.915136,1,13.979648,0.82432,14.803968
2369,16,16,-1,-1,-1,-1,-1,13.90592,1,13.96224,0.832512,14.794752
2370,16,16,-1,-1,-1,-1,-1,13.888512,1,13.952,0.82432,14.77632
2371,16,16,-1,-1,-1,-1,-1,13.920256,1,13.96224,0.82944,14.79168
2372,16,16,-1,-1,-1,-1,-1,13.896704,1,13.959168,0.827392,14.78656
2373,16,16,-1,-1,-1,-1,-1,13.904896,1,13.970432,0.828416,14.798848
2374,16,16,-1,-1,-1,-1,-1,13.90592,1,13.961216,0.82944,14.790656
2375,16,16,-1,-1,-1,-1,-1,13.918208,1,13.981696,0.823296,14.804992
2376,16,16,-1,-1,-1,-1,-1,13.924352,1,13.968384,0.82432,14.792704
2377,16,1024,-1,-1,-1,-1,-1,-1,0,72.015869,0.83968,72.855549
2378,16,16,-1,-1,-1,-1,-1,14.17216,1,14.21824,0.836608,15.054848
2379,16,16,-1,-1,-1,-1,-1,14.077952,1,14.123008,0.841728,14.964736
2380,16,16,-1,-1,-1,-1,-1,14.011392,1,14.08,0.837632,14.917632
2381,16,1024,-1,-1,-1,-1,-1,-1,0,72.170494,0.835584,73.006078
2382,16,16,-1,-1,-1,-1,-1,14.140416,1,14.206976,0.832512,15.039488
2383,16,16,-1,-1,-1,-1,-1,14.065664,1,14.133248,0.835584,14.968832
2384,16,16,-1,-1,-1,-1,-1,14.000128,1,14.043136,0.82944,14.872576
2385,16,16,-1,-1,-1,-1,-1,13.970432,1,14.027776,0.828416,14.856192
2386,16,16,-1,-1,-1,-1,-1,13.960192,1,14.005248,0.830464,14.835712
2387,16,1024,-1,-1,-1,-1,-1,-1,0,71.937027,0.836608,72.773635
2388,16,1024,-1,-1,-1,-1,-1,-1,0,74.569725,0.841728,75.411453
2389,16,1024,-1,-1,-1,-1,-1,-1,0,75.021309,0.837632,75.858941
2390,16,16,-1,-1,-1,-1,-1,14.111744,1,14.179328,0.842752,15.02208
2391,16,16,-1,-1,-1,-1,-1,14.103552,1,14.170112,0.833536,15.003648
2392,16,16,-1,-1,-1,-1,-1,13.971456,1,14.015488,0.828416,14.843904
2393,16,1024,-1,-1,-1,-1,-1,-1,0,72.35994,0.843776,73.203716
2394,16,16,-1,-1,-1,-1,-1,14.130176,1,14.175232,0.83456,15.009792
2395,16,1024,-1,-1,-1,-1,-1,-1,0,73.319427,0.840704,74.160132
2396,16,16,-1,-1,-1,-1,-1,14.127104,1,14.193664,0.836608,15.030272
2397,16,16,-1,-1,-1,-1,-1,14.043136,1,14.11072,0.840704,14.951424
2398,16,16,-1,-1,-1,-1,-1,14.0032,1,14.047232,0.830464,14.877696
2399,16,16,-1,-1,-1,-1,-1,13.94176,1,13.983744,0.830464,14.814208
2400,16,16,-1,-1,-1,-1,-1,13.964288,1,14.007296,0.836608,14.843904
2401,16,16,-1,-1,-1,-1,-1,13.903872,1,13.948928,0.830464,14.779392
2402,16,1024,-1,-1,-1,-1,-1,-1,0,71.761917,0.837632,72.599549
2403,16,16,-1,-1,-1,-1,-1,14.134272,1,14.201856,0.83456,15.036416
2404,16,1024,-1,-1,-1,-1,-1,-1,0,73.097214,0.832512,73.929726
2405,16,16,-1,-1,-1,-1,-1,14.1056,1,14.173184,0.840704,15.013888
2406,16,1024,-1,-1,-1,-1,-1,-1,0,73.535484,0.83456,74.370044
2407,16,16,-1,-1,-1,-1,-1,14.142464,1,14.186496,0.836608,15.023104
2408,16,1024,-1,-1,-1,-1,-1,-1,0,73.909248,0.845824,74.755072
2409,16,16,-1,-1,-1,-1,-1,14.097408,1,14.163968,0.83968,15.003648
2410,16,16,-1,-1,-1,-1,-1,14.00832,1,14.052352,0.832512,14.884864
2411,16,16,-1,-1,-1,-1,-1,13.983744,1,14.04928,0.830464,14.879744
2412,16,16,-1,-1,-1,-1,-1,13.93664,1,13.979648,0.832512,14.81216
2413,16,16,-1,-1,-1,-1,-1,13.913088,1,13.979648,0.830464,14.810112
2414,16,16,-1,-1,-1,-1,-1,13.896704,1,13.940736,0.825344,14.76608
2415,16,16,-1,-1,-1,-1,-1,13.869056,1,13.91104,0.832512,14.743552
2416,16,16,-1,-1,-1,-1,-1,13.869056,1,13.912064,0.826368,14.738432
2417,16,16,-1,-1,-1,-1,-1,13.872128,1,13.915136,0.826368,14.741504
2418,16,16,-1,-1,-1,-1,-1,13.862912,1,13.927424,0.835584,14.763008
2419,16,16,-1,-1,-1,-1,-1,13.87008,1,13.934592,0.83456,14.769152
2420,16,16,-1,-1,-1,-1,-1,13.868032,1,13.934592,0.831488,14.76608
2421,16,16,-1,-1,-1,-1,-1,13.84448,1,13.9008,0.83456,14.73536
2422,16,16,-1,-1,-1,-1,-1,13.841408,1,13.90592,0.831488,14.737408
2423,16,16,-1,-1,-1,-1,-1,13.861888,1,13.904896,0.831488,14.736384
2424,16,16,-1,-1,-1,-1,-1,13.863936,1,13.928448,0.827392,14.75584
2425,16,16,-1,-1,-1,-1,-1,13.876224,1,13.940736,0.825344,14.76608
2426,16,16,-1,-1,-1,-1,-1,13.860864,1,13.903872,0.82432,14.728192
2427,16,16,-1,-1,-1,-1,-1,13.878272,1,13.932544,0.835584,14.768128
2428,16,16,-1,-1,-1,-1,-1,13.886464,1,13.928448,0.831488,14.759936
2429,16,16,-1,-1,-1,-1,-1,13.860864,1,13.925376,0.825344,14.75072
2430,16,16,-1,-1,-1,-1,-1,13.845504,1,13.887488,0.836608,14.724096
2431,16,16,-1,-1,-1,-1,-1,13.865984,1,13.906944,0.831488,14.738432
2432,16,16,-1,-1,-1,-1,-1,13.879296,1,13.922304,0.835584,14.757888
2433,16,16,-1,-1,-1,-1,-1,13.8752,1,13.91616,0.836608,14.752768
2434,16,16,-1,-1,-1,-1,-1,13.873152,1,13.93664,0.832512,14.769152
2435,16,16,-1,-1,-1,-1,-1,13.851648,1,13.907968,0.82944,14.737408
2436,16,16,-1,-1,-1,-1,-1,13.877248,1,13.94176,0.827392,14.769152
2437,16,16,-1,-1,-1,-1,-1,13.867008,1,13.93152,0.828416,14.759936
2438,16,16,-1,-1,-1,-1,-1,13.860864,1,13.917184,0.83456,14.751744
2439,16,1024,-1,-1,-1,-1,-1,-1,0,71.960579,0.840704,72.801283
2440,16,16,-1,-1,-1,-1,-1,14.168064,1,14.234624,0.838656,15.07328
2441,16,16,-1,-1,-1,-1,-1,14.03392,1,14.096384,0.837632,14.934016
2442,16,16,-1,-1,-1,-1,-1,14.002176,1,14.045184,0.832512,14.877696
2443,16,16,-1,-1,-1,-1,-1,13.928448,1,13.983744,0.837632,14.821376
2444,16,16,-1,-1,-1,-1,-1,13.887488,1,13.93152,0.828416,14.759936
2445,16,16,-1,-1,-1,-1,-1,13.897728,1,13.963264,0.83456,14.797824
2446,16,16,-1,-1,-1,-1,-1,13.910016,1,13.954048,0.82944,14.783488
2447,16,16,-1,-1,-1,-1,-1,13.896704,1,13.939712,0.83456,14.774272
2448,16,16,-1,-1,-1,-1,-1,13.908992,1,13.953024,0.833536,14.78656
2449,16,16,-1,-1,-1,-1,-1,13.927424,1,13.970432,0.833536,14.803968
2450,16,16,-1,-1,-1,-1,-1,13.908992,1,13.973504,0.832512,14.806016
2451,16,1023,-1,-1,-1,-1,-1,-1,0,72.098816,0.842752,72.941568
2452,16,16,-1,-1,-1,-1,-1,14.1056,1,14.174208,0.843776,15.017984
2453,16,1024,-1,-1,-1,-1,-1,-1,0,73.437187,0.8448,74.281987
2454,16,1024,-1,-1,-1,-1,-1,-1,0,74.939392,0.842752,75.782144
2455,16,16,-1,-1,-1,-1,-1,14.128128,1,14.194688,0.837632,15.03232
2456,16,16,-1,-1,-1,-1,-1,14.071808,1,14.138368,0.83456,14.972928
2457,16,16,-1,-1,-1,-1,-1,13.993984,1,14.053376,0.837632,14.891008
2458,16,16,-1,-1,-1,-1,-1,13.93152,1,13.976576,0.82944,14.806016
2459,16,16,-1,-1,-1,-1,-1,13.915136,1,13.971456,0.825344,14.7968
2460,16,16,-1,-1,-1,-1,-1,13.898752,1,13.940736,0.830464,14.7712
2461,16,16,-1,-1,-1,-1,-1,13.901824,1,13.965312,0.82432,14.789632
2462,16,16,-1,-1,-1,-1,-1,13.868032,1,13.91104,0.82432,14.73536
2463,16,16,-1,-1,-1,-1,-1,13.872128,1,13.915136,0.833536,14.748672
2464,16,16,-1,-1,-1,-1,-1,13.908992,1,13.950976,0.825344,14.77632
2465,16,16,-1,-1,-1,-1,-1,13.888512,1,13.932544,0.828416,14.76096
2466,16,16,-1,-1,-1,-1,-1,13.922304,1,13.985792,0.82944,14.815232
2467,16,16,-1,-1,-1,-1,-1,13.928448,1,13.993984,0.830464,14.824448
2468,16,16,-1,-1,-1,-1,-1,13.88032,1,13.945856,0.828416,14.774272
2469,16,16,-1,-1,-1,-1,-1,13.901824,1,13.966336,0.827392,14.793728
2470,16,16,-1,-1,-1,-1,-1,13.857792,1,13.922304,0.825344,14.747648
2471,16,16,-1,-1,-1,-1,-1,13.878272,1,13.94176,0.835584,14.777344
2472,16,16,-1,-1,-1,-1,-1,13.884416,1,13.939712,0.835584,14.775296
2473,16,16,-1,-1,-1,-1,-1,13.883392,1,13.948928,0.828416,14.777344
2474,16,16,-1,-1,-1,-1,-1,13.882368,1,13.925376,0.825344,14.75072
2475,16,16,-1,-1,-1,-1,-1,13.884416,1,13.94176,0.827392,14.769152
2476,16,16,-1,-1,-1,-1,-1,13.899776,1,13.94176,0.827392,14.769152
2477,16,16,-1,-1,-1,-1,-1,13.899776,1,13.954048,0.82432,14.778368
2478,16,16,-1,-1,-1,-1,-1,13.896704,1,13.939712,0.831488,14.7712
2479,16,16,-1,-1,-1,-1,-1,13.89568,1,13.938688,0.83456,14.773248
2480,16,16,-1,-1,-1,-1,-1,13.901824,1,13.943808,0.82432,14.768128
2481,16,16,-1,-1,-1,-1,-1,13.9264,1,13.969408,0.835584,14.804992
2482,16,16,-1,-1,-1,-1,-1,13.908992,1,13.971456,0.836608,14.808064
2483,16,16,-1,-1,-1,-1,-1,13.898752,1,13.959168,0.825344,14.784512
2484,16,16,-1,-1,-1,-1,-1,13.89056,1,13.947904,0.826368,14.774272
2485,16,16,-1,-1,-1,-1,-1,13.868032,1,13.93152,0.823296,14.754816
2486,16,16,-1,-1,-1,-1,-1,13.91104,1,13.966336,0.828416,14.794752
2487,16,16,-1,-1,-1,-1,-1,13.918208,1,13.98272,0.828416,14.811136
2488,16,16,-1,-1,-1,-1,-1,13.9008,1,13.964288,0.82432,14.788608
2489,16,16,-1,-1,-1,-1,-1,13.894656,1,13.960192,0.831488,14.79168
2490,16,16,-1,-1,-1,-1,-1,13.9008,1,13.942784,0.82432,14.767104
2491,16,16,-1,-1,-1,-1,-1,13.904896,1,13.960192,0.83456,14.794752
2492,16,16,-1,-1,-1,-1,-1,13.917184,1,13.960192,0.823296,14.783488
2493,16,1023,-1,-1,-1,-1,-1,-1,0,71.577599,0.845824,72.423423
2494,16,16,-1,-1,-1,-1,-1,14.164992,1,14.230528,0.83456,15.065088
2495,16,16,-1,-1,-1,-1,-1,14.075904,1,14.119936,0.830464,14.9504
2496,16,1024,-1,-1,-1,-1,-1,-1,0,72.318977,0.840704,73.159681
2497,16,16,-1,-1,-1,-1,-1,14.128128,1,14.17216,0.840704,15.012864
2498,16,16,-1,-1,-1,-1,-1,14.119936,1,14.185472,0.843776,15.029248
2499,16,16,-1,-1,-1,-1,-1,14.129152,1,14.188544,0.83968,15.028224
2500,16,1024,-1,-1,-1,-1,-1,-1,0,73.209854,0.833536,74.04339
2501,16,16,-1,-1,-1,-1,-1,14.15168,1,14.210048,0.840704,15.050752
2502,16,16,-1,-1,-1,-1,-1,14.096384,1,14.164992,0.828416,14.993408
2503,16,16,-1,-1,-1,-1,-1,14.015488,1,14.082048,0.82944,14.911488
2504,16,16,-1,-1,-1,-1,-1,13.948928,1,14.005248,0.82944,14.834688
2505,16,16,-1,-1,-1,-1,-1,13.9264,1,13.99296,0.82944,14.8224
2506,16,16,-1,-1,-1,-1,-1,13.953024,1,13.996032,0.828416,14.824448
2507,16,16,-1,-1,-1,-1,-1,13.933568,1,13.99808,0.82432,14.8224
2508,16,16,-1,-1,-1,-1,-1,13.937664,1,13.981696,0.83968,14.821376
2509,16,16,-1,-1,-1,-1,-1,13.91104,1,13.975552,0.83456,14.810112
2510,16,1024,-1,-1,-1,-1,-1,-1,0,71.888893,0.841728,72.730621
2511,16,16,-1,-1,-1,-1,-1,14.148608,1,14.194688,0.835584,15.030272
2512,16,1024,-1,-1,-1,-1,-1,-1,0,72.935425,0.842752,73.778177
2513,16,16,-1,-1,-1,-1,-1,14.124032,1,14.170112,0.82944,14.999552
2514,16,1024,-1,-1,-1,-1,-1,-1,0,73.296898,0.840704,74.137602
2515,16,16,-1,-1,-1,-1,-1,14.132224,1,14.17728,0.831488,15.008768
2516,16,16,-1,-1,-1,-1,-1,14.084096,1,14.144512,0.82944,14.973952
2517,16,16,-1,-1,-1,-1,-1,13.99296,1,14.058496,0.836608,14.895104
2518,16,16,-1,-1,-1,-1,-1,13.948928,1,14.015488,0.82944,14.844928
2519,16,16,-1,-1,-1,-1,-1,13.93152,1,13.997056,0.836608,14.833664
2520,16,16,-1,-1,-1,-1,-1,13.927424,1,13.989888,0.82432,14.814208
2521,16,16,-1,-1,-1,-1,-1,13.912064,1,13.968384,0.830464,14.798848
2522,16,16,-1,-1,-1,-1,-1,13.903872,1,13.94688,0.83456,14.78144
2523,16,16,-1,-1,-1,-1,-1,13.901824,1,13.966336,0.82432,14.790656
2524,16,1024,-1,-1,-1,-1,-1,-1,0,71.925758,0.8448,72.770558
2525,16,16,-1,-1,-1,-1,-1,14.143488,1,14.188544,0.838656,15.0272
2526,16,16,-1,-1,-1,-1,-1,14.042112,1,14.109696,0.832512,14.942208
2527,16,16,-1,-1,-1,-1,-1,14.012416,1,14.056448,0.830464,14.886912
2528,16,16,-1,-1,-1,-1,-1,13.945856,1,14.012416,0.82944,14.841856
2529,16,16,-1,-1,-1,-1,-1,13.927424,1,13.970432,0.837632,14.808064
2530,16,1023,-1,-1,-1,-1,-1,-1,0,72.350723,0.842752,73.193475
2531,16,16,-1,-1,-1,-1,-1,14.148608,1,14.214144,0.830464,15.044608
2532,16,16,-1,-1,-1,-1,-1,14.024704,1,14.092288,0.836608,14.928896
2533,16,16,-1,-1,-1,-1,-1,13.930496,1,13.997056,0.827392,14.824448
2534,16,1023,-1,-1,-1,-1,-1,-1,0,72.017921,0.837632,72.855553
2535,16,16,-1,-1,-1,-1,-1,14.11584,1,14.183424,0.836608,15.020032
2536,16,16,-1,-1,-1,-1,-1,13.993984,1,14.060544,0.836608,14.897152
2537,16,16,-1,-1,-1,-1,-1,13.938688,1,13.99808,0.828416,14.826496
2538,16,16,-1,-1,-1,-1,-1,13.918208,1,13.961216,0.830464,14.79168
2539,16,16,-1,-1,-1,-1,-1,13.914112,1,13.95712,0.827392,14.784512
2540,16,16,-1,-1,-1,-1,-1,13.912064,1,13.976576,0.830464,14.80704
2541,16,16,-1,-1,-1,-1,-1,13.872128,1,13.91616,0.831488,14.747648
2542,16,16,-1,-1,-1,-1,-1,13.888512,1,13.955072,0.835584,14.790656
2543,16,16,-1,-1,-1,-1,-1,13.882368,1,13.928448,0.837632,14.76608
2544,16,16,-1,-1,-1,-1,-1,13.86496,1,13.933568,0.837632,14.7712
2545,16,2032,-1,-1,-1,-1,-1,-1,0,133.316605,0.851968,134.168573
2546,16,16,-1,-1,-1,-1,-1,14.164992,1,14.224384,0.838656,15.06304
2547,16,1024,-1,-1,-1,-1,-1,-1,0,73.990143,0.841728,74.831871
2548,16,16,-1,-1,-1,-1,-1,14.114816,1,14.184448,0.832512,15.01696
2549,16,16,-1,-1,-1,-1,-1,14.051328,1,14.118912,0.83968,14.958592
2550,16,16,-1,-1,-1,-1,-1,13.991936,1,14.051328,0.833536,14.884864
2551,16,16,-1,-1,-1,-1,-1,13.927424,1,13.993984,0.827392,14.821376
2552,16,16,-1,-1,-1,-1,-1,13.945856,1,13.990912,0.830464,14.821376
2553,16,16,-1,-1,-1,-1,-1,13.902848,1,13.94688,0.836608,14.783488
2554,16,16,-1,-1,-1,-1,-1,13.883392,1,13.927424,0.83456,14.761984
2555,16,16,-1,-1,-1,-1,-1,13.903872,1,13.947904,0.828416,14.77632
2556,16,1024,-1,-1,-1,-1,-1,-1,0,72.075264,0.848896,72.92416
2557,16,16,-1,-1,-1,-1,-1,14.121984,1,14.168064,0.845824,15.013888
2558,16,16,-1,-1,-1,-1,-1,14.026752,1,14.097408,0.835584,14.932992
2559,16,16,-1,-1,-1,-1,-1,13.978624,1,14.025728,0.83456,14.860288
2560,16,16,-1,-1,-1,-1,-1,13.939712,1,14.00832,0.842752,14.851072
2561,16,16,-1,-1,-1,-1,-1,13.89568,1,13.963264,0.843776,14.80704
2562,16,16,-1,-1,-1,-1,-1,13.883392,1,13.940736,0.840704,14.78144
2563,16,16,-1,-1,-1,-1,-1,13.906944,1,13.974528,0.838656,14.813184
2564,16,16,-1,-1,-1,-1,-1,13.910016,1,13.9776,0.831488,14.809088
2565,16,16,-1,-1,-1,-1,-1,13.891584,1,13.958144,0.830464,14.788608
2566,16,16,-1,-1,-1,-1,-1,13.888512,1,13.955072,0.837632,14.792704
2567,16,16,-1,-1,-1,-1,-1,13.903872,1,13.969408,0.841728,14.811136
2568,16,16,-1,-1,-1,-1,-1,13.897728,1,13.94176,0.832512,14.774272
2569,16,16,-1,-1,-1,-1,-1,13.89056,1,13.933568,0.841728,14.775296
2570,16,16,-1,-1,-1,-1,-1,13.86496,1,13.910016,0.828416,14.738432
2571,16,16,-1,-1,-1,-1,-1,13.877248,1,13.920256,0.827392,14.747648
2572,16,16,-1,-1,-1,-1,-1,13.897728,1,13.96224,0.838656,14.800896
2573,16,16,-1,-1,-1,-1,-1,13.882368,1,13.925376,0.836608,14.761984
2574,16,1024,-1,-1,-1,-1,-1,-1,0,69.58387,0.832512,70.416382
2575,16,16,-1,-1,-1,-1,-1,13.945856,1,13.988864,0.841728,14.830592
2576,16,16,-1,-1,-1,-1,-1,14.140416,1,14.209024,0.835584,15.044608
2577,16,1024,-1,-1,-1,-1,-1,-1,0,72.923134,0.842752,73.765886
2578,16,16,-1,-1,-1,-1,-1,14.135296,1,14.200832,0.843776,15.044608
2579,16,1024,-1,-1,-1,-1,-1,-1,0,72.709122,0.842752,73.551874
2580,16,16,-1,-1,-1,-1,-1,14.092288,1,14.158848,0.83968,14.998528
2581,16,16,-1,-1,-1,-1,-1,14.025728,1,14.06976,0.83456,14.90432
2582,16,16,-1,-1,-1,-1,-1,14.029824,1,14.075904,0.830464,14.906368
2583,16,16,-1,-1,-1,-1,-1,13.95712,1,14.019584,0.830464,14.850048
2584,16,16,-1,-1,-1,-1,-1,13.93664,1,13.981696,0.838656,14.820352
2585,16,16,-1,-1,-1,-1,-1,13.883392,1,13.928448,0.830464,14.758912
2586,16,16,-1,-1,-1,-1,-1,13.910016,1,13.952,0.827392,14.779392
2587,16,16,-1,-1,-1,-1,-1,13.914112,1,13.95712,0.833536,14.790656
2588,16,16,-1,-1,-1,-1,-1,13.902848,1,13.960192,0.83456,14.794752
2589,16,16,-1,-1,-1,-1,-1,13.91104,1,13.954048,0.833536,14.787584
2590,16,16,-1,-1,-1,-1,-1,13.902848,1,13.968384,0.827392,14.795776
2591,16,16,-1,-1,-1,-1,-1,13.876224,1,13.919232,0.835584,14.754816
2592,16,16,-1,-1,-1,-1,-1,13.892608,1,13.958144,0.822272,14.780416
2593,16,16,-1,-1,-1,-1,-1,13.881344,1,13.94688,0.826368,14.773248
2594,16,16,-1,-1,-1,-1,-1,13.891584,1,13.95712,0.825344,14.782464
2595,16,16,-1,-1,-1,-1,-1,13.86496,1,13.92128,0.825344,14.746624
2596,16,16,-1,-1,-1,-1,-1,13.881344,1,13.937664,0.82432,14.761984
2597,16,16,-1,-1,-1,-1,-1,13.852672,1,13.893632,0.825344,14.718976
2598,16,16,-1,-1,-1,-1,-1,13.882368,1,13.924352,0.826368,14.75072
2599,16,16,-1,-1,-1,-1,-1,13.873152,1,13.935616,0.830464,14.76608
2600,16,16,-1,-1,-1,-1,-1,13.896704,1,13.937664,0.833536,14.7712
2601,16,16,-1,-1,-1,-1,-1,13.908992,1,13.952,0.832512,14.784512
2602,16,16,-1,-1,-1,-1,-1,13.85984,1,13.901824,0.83456,14.736384
2603,16,16,-1,-1,-1,-1,-1,13.883392,1,13.927424,0.83456,14.761984
2604,16,16,-1,-1,-1,-1,-1,13.88544,1,13.948928,0.835584,14.784512
2605,16,16,-1,-1,-1,-1,-1,13.889536,1,13.933568,0.825344,14.758912
2606,16,16,-1,-1,-1,-1,-1,13.910016,1,13.973504,0.832512,14.806016
2607,16,16,-1,-1,-1,-1,-1,13.9008,1,13.94176,0.830464,14.772224
2608,16,16,-1,-1,-1,-1,-1,13.901824,1,13.966336,0.822272,14.788608
2609,16,16,-1,-1,-1,-1,-1,13.91104,1,13.976576,0.826368,14.802944
2610,16,16,-1,-1,-1,-1,-1,13.92128,1,13.985792,0.832512,14.818304
2611,16,16,-1,-1,-1,-1,-1,13.914112,1,13.970432,0.835584,14.806016
2612,16,16,-1,-1,-1,-1,-1,13.867008,1,13.930496,0.828416,14.758912
2613,16,16,-1,-1,-1,-1,-1,13.917184,1,13.960192,0.83456,14.794752
2614,16,16,-1,-1,-1,-1,-1,13.9008,1,13.942784,0.828416,14.7712
2615,16,16,-1,-1,-1,-1,-1,13.927424,1,13.99296,0.832512,14.825472
2616,16,16,-1,-1,-1,-1,-1,13.90592,1,13.947904,0.826368,14.774272
2617,16,16,-1,-1,-1,-1,-1,13.9008,1,13.94176,0.831488,14.773248
2618,16,16,-1,-1,-1,-1,-1,13.917184,1,13.958144,0.831488,14.789632
2619,16,16,-1,-1,-1,-1,-1,13.91616,1,13.958144,0.825344,14.783488
2620,16,16,-1,-1,-1,-1,-1,13.927424,1,13.983744,0.828416,14.81216
2621,16,16,-1,-1,-1,-1,-1,13.940736,1,13.98272,0.831488,14.814208
2622,16,16,-1,-1,-1,-1,-1,13.908992,1,13.974528,0.833536,14.808064
2623,16,16,-1,-1,-1,-1,-1,13.91616,1,13.960192,0.83456,14.794752
2624,16,16,-1,-1,-1,-1,-1,13.913088,1,13.970432,0.832512,14.802944
2625,16,16,-1,-1,-1,-1,-1,13.892608,1,13.958144,0.82432,14.782464
2626,16,16,-1,-1,-1,-1,-1,13.893632,1,13.950976,0.827392,14.778368
2627,16,16,-1,-1,-1,-1,-1,13.899776,1,13.958144,0.826368,14.784512
2628,16,16,-1,-1,-1,-1,-1,13.89056,1,13.954048,0.828416,14.782464
2629,16,16,-1,-1,-1,-1,-1,13.896704,1,13.937664,0.826368,14.764032
2630,16,16,-1,-1,-1,-1,-1,13.902848,1,13.943808,0.82432,14.768128
2631,16,16,-1,-1,-1,-1,-1,13.888512,1,13.950976,0.83456,14.785536
2632,16,2032,-1,-1,-1,-1,-1,-1,0,133.300217,0.848896,134.149113
2633,16,16,-1,-1,-1,-1,-1,14.205952,1,14.252032,0.843776,15.095808
2634,16,16,-1,-1,-1,-1,-1,14.093312,1,14.138368,0.832512,14.97088
2635,16,1024,-1,-1,-1,-1,-1,-1,0,72.750076,0.838656,73.588732
2636,16,1024,-1,-1,-1,-1,-1,-1,0,74.199043,0.842752,75.041795
2637,16,16,-1,-1,-1,-1,-1,14.158848,1,14.20288,0.843776,15.046656
2638,16,1024,-1,-1,-1,-1,-1,-1,0,73.274368,0.832512,74.10688
2639,16,16,-1,-1,-1,-1,-1,14.17728,1,14.222336,0.840704,15.06304
2640,16,16,-1,-1,-1,-1,-1,14.05952,1,14.127104,0.837632,14.964736
2641,16,1024,-1,-1,-1,-1,-1,-1,0,72.647682,0.840704,73.488386
2642,16,16,-1,-1,-1,-1,-1,14.124032,1,14.170112,0.836608,15.00672
2643,16,16,-1,-1,-1,-1,-1,14.050304,1,14.119936,0.837632,14.957568
2644,16,16,-1,-1,-1,-1,-1,13.952,1,13.996032,0.826368,14.8224
2645,16,16,-1,-1,-1,-1,-1,13.947904,1,13.993984,0.835584,14.829568
2646,16,1024,-1,-1,-1,-1,-1,-1,0,72.456192,0.835584,73.291776
2647,16,16,-1,-1,-1,-1,-1,14.189568,1,14.257152,0.842752,15.099904
2648,16,1024,-1,-1,-1,-1,-1,-1,0,73.194496,0.83456,74.029056
2649,16,16,-1,-1,-1,-1,-1,14.092288,1,14.139392,0.842752,14.982144
2650,16,16,-1,-1,-1,-1,-1,14.067712,1,14.111744,0.838656,14.9504
2651,16,16,-1,-1,-1,-1,-1,13.969408,1,14.035968,0.83456,14.870528
2652,16,16,-1,-1,-1,-1,-1,13.989888,1,14.05952,0.833536,14.893056
2653,16,16,-1,-1,-1,-1,-1,13.94176,1,13.986816,0.826368,14.813184
2654,16,16,-1,-1,-1,-1,-1,13.93152,1,13.99808,0.826368,14.824448
2655,16,16,-1,-1,-1,-1,-1,13.922304,1,13.966336,0.826368,14.792704
2656,16,16,-1,-1,-1,-1,-1,13.912064,1,13.95712,0.825344,14.782464
2657,16,16,-1,-1,-1,-1,-1,13.914112,1,13.980672,0.833536,14.814208
2658,16,1024,-1,-1,-1,-1,-1,-1,0,71.966721,0.842752,72.809473
2659,16,16,-1,-1,-1,-1,-1,14.118912,1,14.18752,0.842752,15.030272
2660,16,16,-1,-1,-1,-1,-1,14.089216,1,14.13632,0.836608,14.972928
2661,16,1024,-1,-1,-1,-1,-1,-1,0,72.634369,0.8448,73.479169
2662,16,16,-1,-1,-1,-1,-1,14.1312,1,14.199808,0.83456,15.034368
2663,16,16,-1,-1,-1,-1,-1,14.076928,1,14.124032,0.835584,14.959616
2664,16,16,-1,-1,-1,-1,-1,13.963264,1,14.030848,0.833536,14.864384
2665,16,16,-1,-1,-1,-1,-1,13.975552,1,14.020608,0.82944,14.850048
2666,16,16,-1,-1,-1,-1,-1,13.907968,1,13.952,0.832512,14.784512
2667,16,16,-1,-1,-1,-1,-1,13.902848,1,13.969408,0.83456,14.803968
2668,16,1024,-1,-1,-1,-1,-1,-1,0,72.054787,0.838656,72.893443
2669,16,16,-1,-1,-1,-1,-1,14.1312,1,14.176256,0.832512,15.008768
2670,16,16,-1,-1,-1,-1,-1,14.066688,1,14.13632,0.82944,14.96576
2671,16,1024,-1,-1,-1,-1,-1,-1,0,72.626175,0.83968,73.465855
2672,16,16,-1,-1,-1,-1,-1,14.145536,1,14.190592,0.837632,15.028224
2673,16,16,-1,-1,-1,-1,-1,14.048256,1,14.108672,0.83456,14.943232
2674,16,16,-1,-1,-1,-1,-1,13.959168,1,14.025728,0.827392,14.85312
2675,16,16,-1,-1,-1,-1,-1,13.924352,1,13.990912,0.838656,14.829568
2676,16,16,-1,-1,-1,-1,-1,13.888512,1,13.933568,0.828416,14.761984
2677,16,16,-1,-1,-1,-1,-1,13.894656,1,13.96224,0.827392,14.789632
2678,16,16,-1,-1,-1,-1,-1,13.89056,1,13.94688,0.826368,14.773248
2679,16,1024,-1,-1,-1,-1,-1,-1,0,72.0896,0.841728,72.931328
2680,16,16,-1,-1,-1,-1,-1,14.137344,1,14.204928,0.838656,15.043584
2681,16,16,-1,-1,-1,-1,-1,14.088192,1,14.133248,0.82944,14.962688
2682,16,16,-1,-1,-1,-1,-1,13.975552,1,14.019584,0.831488,14.851072
2683,16,16,-1,-1,-1,-1,-1,13.949952,1,14.019584,0.82944,14.849024
2684,16,16,-1,-1,-1,-1,-1,13.912064,1,13.979648,0.835584,14.815232
2685,16,16,-1,-1,-1,-1,-1,13.913088,1,13.95712,0.832512,14.789632
2686,16,16,-1,-1,-1,-1,-1,13.891584,1,13.960192,0.830464,14.790656
2687,16,16,-1,-1,-1,-1,-1,13.896704,1,13.955072,0.835584,14.790656
2688,16,16,-1,-1,-1,-1,-1,13.89056,1,13.934592,0.827392,14.761984
2689,16,16,-1,-1,-1,-1,-1,13.893632,1,13.960192,0.832512,14.792704
2690,16,16,-1,-1,-1,-1,-1,13.879296,1,13.937664,0.826368,14.764032
2691,16,16,-1,-1,-1,-1,-1,13.867008,1,13.932544,0.835584,14.768128
2692,16,16,-1,-1,-1,-1,-1,13.91104,1,13.954048,0.826368,14.780416
2693,16,16,-1,-1,-1,-1,-1,13.868032,1,13.934592,0.832512,14.767104
2694,16,16,-1,-1,-1,-1,-1,13.879296,1,13.944832,0.826368,14.7712
2695,16,1024,-1,-1,-1,-1,-1,-1,0,72.349693,0.83456,73.184253
2696,16,16,-1,-1,-1,-1,-1,14.153728,1,14.222336,0.840704,15.06304
2697,16,16,-1,-1,-1,-1,-1,14.076928,1,14.123008,0.835584,14.958592
2698,16,16,-1,-1,-1,-1,-1,13.980672,1,14.026752,0.836608,14.86336
2699,16,16,-1,-1,-1,-1,-1,13.96736,1,14.032896,0.827392,14.860288
2700,16,976,-1,-1,-1,-1,-1,-1,0,71.788544,0.841728,72.630272
2701,16,16,-1,-1,-1,-1,-1,14.123008,1,14.169088,0.838656,15.007744
2702,16,16,-1,-1,-1,-1,-1,14.10048,1,14.16192,0.83456,14.99648
2703,16,16,-1,-1,-1,-1,-1,13.9776,1,14.045184,0.830464,14.875648
2704,16,16,-1,-1,-1,-1,-1,13.961216,1,14.005248,0.831488,14.836736
2705,16,16,-1,-1,-1,-1,-1,13.918208,1,13.984768,0.828416,14.813184
2706,16,16,-1,-1,-1,-1,-1,13.868032,1,13.935616,0.833536,14.769152
2707,16,16,-1,-1,-1,-1,-1,13.904896,1,13.97248,0.832512,14.804992
2708,16,16,-1,-1,-1,-1,-1,13.899776,1,13.942784,0.828416,14.7712
2709,16,16,-1,-1,-1,-1,-1,13.896704,1,13.963264,0.828416,14.79168
2710,16,1024,-1,-1,-1,-1,-1,-1,0,72.1408,0.843776,72.984576
2711,16,16,-1,-1,-1,-1,-1,14.147584,1,14.217216,0.838656,15.055872
2712,16,16,-1,-1,-1,-1,-1,14.02368,1,14.094336,0.836608,14.930944
2713,16,16,-1,-1,-1,-1,-1,14.004224,1,14.048256,0.83456,14.882816
2714,16,16,-1,-1,-1,-1,-1,13.945856,1,13.990912,0.827392,14.818304
2715,16,16,-1,-1,-1,-1,-1,13.915136,1,13.980672,0.835584,14.816256
2716,16,16,-1,-1,-1,-1,-1,13.92128,1,13.988864,0.831488,14.820352
2717,16,16,-1,-1,-1,-1,-1,13.925376,1,13.968384,0.827392,14.795776
2718,16,16,-1,-1,-1,-1,-1,13.869056,1,13.933568,0.830464,14.764032
2719,16,16,-1,-1,-1,-1,-1,13.918208,1,13.984768,0.835584,14.820352
2720,16,16,-1,-1,-1,-1,-1,13.927424,1,13.971456,0.82944,14.800896
2721,16,16,-1,-1,-1,-1,-1,13.881344,1,13.945856,0.825344,14.7712
2722,16,16,-1,-1,-1,-1,-1,13.887488,1,13.955072,0.826368,14.78144
2723,16,16,-1,-1,-1,-1,-1,13.892608,1,13.937664,0.83456,14.772224
2724,16,16,-1,-1,-1,-1,-1,13.889536,1,13.932544,0.833536,14.76608
2725,16,16,-1,-1,-1,-1,-1,13.9264,1,13.991936,0.828416,14.820352
2726,16,16,-1,-1,-1,-1,-1,13.918208,1,13.975552,0.826368,14.80192
2727,16,16,-1,-1,-1,-1,-1,13.922304,1,13.98784,0.833536,14.821376
2728,16,16,-1,-1,-1,-1,-1,13.903872,1,13.969408,0.826368,14.795776
2729,16,16,-1,-1,-1,-1,-1,13.924352,1,13.969408,0.833536,14.802944
2730,16,16,-1,-1,-1,-1,-1,13.919232,1,13.96224,0.826368,14.788608
2731,16,16,-1,-1,-1,-1,-1,13.91616,1,13.971456,0.82944,14.800896
2732,16,16,-1,-1,-1,-1,-1,13.9008,1,13.968384,0.832512,14.800896
2733,16,16,-1,-1,-1,-1,-1,13.901824,1,13.945856,0.825344,14.7712
2734,16,16,-1,-1,-1,-1,-1,13.918208,1,13.983744,0.838656,14.8224
2735,16,16,-1,-1,-1,-1,-1,13.92128,1,14.005248,0.825344,14.830592
2736,16,16,-1,-1,-1,-1,-1,13.932544,1,13.976576,0.832512,14.809088
2737,16,16,-1,-1,-1,-1,-1,13.917184,1,13.981696,0.82432,14.806016
2738,16,16,-1,-1,-1,-1,-1,13.90592,1,13.971456,0.82432,14.795776
2739,16,16,-1,-1,-1,-1,-1,13.919232,1,13.964288,0.827392,14.79168
2740,16,16,-1,-1,-1,-1,-1,13.939712,1,13.983744,0.832512,14.816256
2741,16,16,-1,-1,-1,-1,-1,13.922304,1,13.986816,0.828416,14.815232
2742,16,16,-1,-1,-1,-1,-1,13.945856,1,14.005248,0.826368,14.831616
2743,16,16,-1,-1,-1,-1,-1,13.9264,1,13.99296,0.825344,14.818304
2744,16,16,-1,-1,-1,-1,-1,13.904896,1,13.963264,0.826368,14.789632
2745,16,16,-1,-1,-1,-1,-1,13.938688,1,13.98272,0.833536,14.816256
2746,16,16,-1,-1,-1,-1,-1,13.942784,1,13.985792,0.827392,14.813184
2747,16,16,-1,-1,-1,-1,-1,13.943808,1,14.009344,0.833536,14.84288
2748,16,16,-1,-1,-1,-1,-1,13.927424,1,13.993984,0.82432,14.818304
2749,16,16,-1,-1,-1,-1,-1,13.943808,1,13.988864,0.825344,14.814208
2750,16,16,-1,-1,-1,-1,-1,13.929472,1,13.993984,0.827392,14.821376
2751,16,16,-1,-1,-1,-1,-1,13.940736,1,14.005248,0.826368,14.831616
2752,16,16,-1,-1,-1,-1,-1,13.930496,1,13.975552,0.823296,14.798848
2753,16,1024,-1,-1,-1,-1,-1,-1,0,71.997437,0.847872,72.845309
2754,16,16,-1,-1,-1,-1,-1,14.16192,1,14.222336,0.83968,15.062016
2755,16,16,-1,-1,-1,-1,-1,14.103552,1,14.148608,0.840704,14.989312
2756,16,16,-1,-1,-1,-1,-1,14.036992,1,14.084096,0.836608,14.920704
2757,16,1024,-1,-1,-1,-1,-1,-1,0,71.644157,0.840704,72.484861
2758,16,3040,-1,-1,-1,-1,-1,-1,0,198.882309,0.852992,199.735301
2759,16,16,-1,-1,-1,-1,-1,14.169088,1,14.236672,0.845824,15.082496
2760,16,16,-1,-1,-1,-1,-1,14.106624,1,14.166016,0.840704,15.00672
2761,16,16,-1,-1,-1,-1,-1,14.017536,1,14.062592,0.827392,14.889984
2762,16,16,-1,-1,-1,-1,-1,13.966336,1,14.011392,0.831488,14.84288
2763,16,16,-1,-1,-1,-1,-1,13.963264,1,14.00832,0.830464,14.838784
2764,16,16,-1,-1,-1,-1,-1,13.9264,1,13.996032,0.82944,14.825472
2765,16,16,-1,-1,-1,-1,-1,13.89568,1,13.939712,0.836608,14.77632
2766,16,16,-1,-1,-1,-1,-1,13.896704,1,13.940736,0.83456,14.775296
2767,16,16,-1,-1,-1,-1,-1,13.886464,1,13.954048,0.838656,14.792704
2768,16,16,-1,-1,-1,-1,-1,13.88544,1,13.929472,0.832512,14.761984
2769,16,1024,-1,-1,-1,-1,-1,-1,0,71.747581,0.833536,72.581118
2770,16,16,-1,-1,-1,-1,-1,14.166016,1,14.234624,0.840704,15.075328
2771,16,16,-1,-1,-1,-1,-1,14.096384,1,14.143488,0.835584,14.979072
2772,16,16,-1,-1,-1,-1,-1,14.01344,1,14.05952,0.827392,14.886912
2773,16,16,-1,-1,-1,-1,-1,13.94176,1,14.007296,0.82944,14.836736
2774,16,1024,-1,-1,-1,-1,-1,-1,0,72.200195,0.843776,73.043971
2775,16,16,-1,-1,-1,-1,-1,14.170112,1,14.23872,0.83968,15.0784
2776,16,1024,-1,-1,-1,-1,-1,-1,0,73.246719,0.842752,74.089471
2777,16,16,-1,-1,-1,-1,-1,14.107648,1,14.152704,0.840704,14.993408
2778,16,16,-1,-1,-1,-1,-1,14.075904,1,14.121984,0.830464,14.952448
2779,16,16,-1,-1,-1,-1,-1,14.000128,1,14.04416,0.833536,14.877696
2780,16,16,-1,-1,-1,-1,-1,13.965312,1,14.032896,0.832512,14.865408
2781,16,16,-1,-1,-1,-1,-1,13.912064,1,13.95712,0.835584,14.792704
2782,16,16,-1,-1,-1,-1,-1,13.88032,1,13.9264,0.825344,14.751744
2783,16,2032,-1,-1,-1,-1,-1,-1,0,134.086655,0.850944,134.937599
2784,16,16,-1,-1,-1,-1,-1,14.162944,1,14.209024,0.83456,15.043584
2785,16,1024,-1,-1,-1,-1,-1,-1,0,74.356735,0.8448,75.201535
2786,16,16,-1,-1,-1,-1,-1,14.160896,1,14.227456,0.83456,15.062016
2787,16,16,-1,-1,-1,-1,-1,13.983744,1,14.0288,0.843776,14.872576
2788,16,16,-1,-1,-1,-1,-1,13.981696,1,14.027776,0.833536,14.861312
2789,16,16,-1,-1,-1,-1,-1,13.935616,1,14.001152,0.830464,14.831616
2790,16,16,-1,-1,-1,-1,-1,13.9008,1,13.96736,0.831488,14.798848
2791,16,16,-1,-1,-1,-1,-1,13.893632,1,13.960192,0.831488,14.79168
2792,16,16,-1,-1,-1,-1,-1,13.88032,1,13.94688,0.833536,14.780416
2793,16,16,-1,-1,-1,-1,-1,13.893632,1,13.937664,0.831488,14.769152
2794,16,1024,-1,-1,-1,-1,-1,-1,0,71.863297,0.843776,72.707072
2795,16,16,-1,-1,-1,-1,-1,14.11072,1,14.153728,0.835584,14.989312
2796,16,16,-1,-1,-1,-1,-1,14.103552,1,14.170112,0.82944,14.999552
2797,16,16,-1,-1,-1,-1,-1,14.000128,1,14.04416,0.826368,14.870528
2798,16,16,-1,-1,-1,-1,-1,13.986816,1,14.031872,0.828416,14.860288
2799,16,16,-1,-1,-1,-1,-1,13.91616,1,13.981696,0.823296,14.804992
2800,16,16,-1,-1,-1,-1,-1,13.904896,1,13.947904,0.831488,14.779392
2801,16,16,-1,-1,-1,-1,-1,13.913088,1,13.978624,0.82944,14.808064
2802,16,16,-1,-1,-1,-1,-1,13.928448,1,13.973504,0.826368,14.799872
2803,16,16,-1,-1,-1,-1,-1,13.892608,1,13.93664,0.827392,14.764032
2804,16,16,-1,-1,-1,-1,-1,13.888512,1,13.932544,0.832512,14.765056
2805,16,16,-1,-1,-1,-1,-1,13.9008,1,13.95712,0.830464,14.787584
2806,16,16,-1,-1,-1,-1,-1,13.887488,1,13.950976,0.825344,14.77632
2807,16,16,-1,-1,-1,-1,-1,13.848576,1,13.914112,0.82432,14.738432
2808,16,1024,-1,-1,-1,-1,-1,-1,0,71.908356,0.843776,72.752132
2809,16,16,-1,-1,-1,-1,-1,14.118912,1,14.163968,0.831488,14.995456
2810,16,16,-1,-1,-1,-1,-1,14.056448,1,14.124032,0.838656,14.962688
2811,16,16,-1,-1,-1,-1,-1,13.995008,1,14.040064,0.833536,14.8736
2812,16,16,-1,-1,-1,-1,-1,13.963264,1,14.030848,0.838656,14.869504
2813,16,16,-1,-1,-1,-1,-1,13.882368,1,13.927424,0.828416,14.75584
2814,16,16,-1,-1,-1,-1,-1,13.906944,1,13.950976,0.838656,14.789632
2815,16,16,-1,-1,-1,-1,-1,13.917184,1,13.983744,0.838656,14.8224
2816,16,16,-1,-1,-1,-1,-1,13.903872,1,13.94688,0.830464,14.777344
2817,16,16,-1,-1,-1,-1,-1,13.896704,1,13.966336,0.83456,14.800896
2818,16,1024,-1,-1,-1,-1,-1,-1,0,72.062973,0.837632,72.900605
2819,16,16,-1,-1,-1,-1,-1,14.15168,1,14.196736,0.832512,15.029248
2820,16,16,-1,-1,-1,-1,-1,14.101504,1,14.148608,0.830464,14.979072
2821,16,16,-1,-1,-1,-1,-1,14.00832,1,14.073856,0.827392,14.901248
2822,16,16,-1,-1,-1,-1,-1,13.927424,1,13.995008,0.831488,14.826496
2823,16,16,-1,-1,-1,-1,-1,13.903872,1,13.948928,0.825344,14.774272
2824,16,16,-1,-1,-1,-1,-1,13.904896,1,13.973504,0.827392,14.800896
2825,16,16,-1,-1,-1,-1,-1,13.914112,1,13.959168,0.826368,14.785536
2826,16,16,-1,-1,-1,-1,-1,13.928448,1,13.991936,0.83456,14.826496
2827,16,16,-1,-1,-1,-1,-1,13.94688,1,13.991936,0.833536,14.825472
2828,16,16,-1,-1,-1,-1,-1,13.892608,1,13.949952,0.833536,14.783488
2829,16,16,-1,-1,-1,-1,-1,13.893632,1,13.937664,0.827392,14.765056
2830,16,16,-1,-1,-1,-1,-1,13.887488,1,13.93152,0.827392,14.758912
2831,16,16,-1,-1,-1,-1,-1,13.897728,1,13.963264,0.827392,14.790656
2832,16,16,-1,-1,-1,-1,-1,13.887488,1,13.932544,0.827392,14.759936
2833,16,16,-1,-1,-1,-1,-1,13.884416,1,13.953024,0.825344,14.778368
2834,16,1024,-1,-1,-1,-1,-1,-1,0,71.776253,0.847872,72.624125
2835,16,16,-1,-1,-1,-1,-1,14.104576,1,14.150656,0.8448,14.995456
2836,16,16,-1,-1,-1,-1,-1,14.052352,1,14.099456,0.846848,14.946304
2837,16,16,-1,-1,-1,-1,-1,13.968384,1,14.034944,0.830464,14.865408
2838,16,16,-1,-1,-1,-1,-1,13.961216,1,14.029824,0.82944,14.859264
2839,16,16,-1,-1,-1,-1,-1,13.919232,1,13.963264,0.832512,14.795776
2840,16,16,-1,-1,-1,-1,-1,13.9008,1,13.969408,0.837632,14.80704
2841,16,1024,-1,-1,-1,-1,-1,-1,0,72.306686,0.835584,73.14227
2842,16,16,-1,-1,-1,-1,-1,14.125056,1,14.184448,0.832512,15.01696
2843,16,16,-1,-1,-1,-1,-1,14.107648,1,14.153728,0.838656,14.992384
2844,16,16,-1,-1,-1,-1,-1,14.017536,1,14.061568,0.82944,14.891008
2845,16,16,-1,-1,-1,-1,-1,13.970432,1,14.015488,0.833536,14.849024
2846,16,16,-1,-1,-1,-1,-1,13.955072,1,13.999104,0.83456,14.833664
2847,16,16,-1,-1,-1,-1,-1,13.904896,1,13.97248,0.83456,14.80704
2848,16,16,-1,-1,-1,-1,-1,13.933568,1,13.9776,0.831488,14.809088
2849,16,16,-1,-1,-1,-1,-1,13.913088,1,13.97248,0.836608,14.809088
2850,16,16,-1,-1,-1,-1,-1,13.933568,1,14.000128,0.826368,14.826496
2851,16,16,-1,-1,-1,-1,-1,13.92128,1,13.966336,0.822272,14.788608
2852,16,16,-1,-1,-1,-1,-1,13.917184,1,13.961216,0.833536,14.794752
2853,16,16,-1,-1,-1,-1,-1,13.89056,1,13.955072,0.83456,14.789632
2854,16,16,-1,-1,-1,-1,-1,13.924352,1,13.991936,0.825344,14.81728
2855,16,16,-1,-1,-1,-1,-1,13.918208,1,13.960192,0.827392,14.787584
2856,16,16,-1,-1,-1,-1,-1,13.897728,1,13.963264,0.825344,14.788608
2857,16,16,-1,-1,-1,-1,-1,13.902848,1,13.958144,0.82944,14.787584
2858,16,16,-1,-1,-1,-1,-1,13.92128,1,13.98784,0.826368,14.814208
2859,16,16,-1,-1,-1,-1,-1,13.888512,1,13.932544,0.837632,14.770176
2860,16,16,-1,-1,-1,-1,-1,13.899776,1,13.942784,0.826368,14.769152
2861,16,16,-1,-1,-1,-1,-1,13.933568,1,13.979648,0.832512,14.81216
2862,16,16,-1,-1,-1,-1,-1,13.917184,1,13.960192,0.825344,14.785536
2863,16,16,-1,-1,-1,-1,-1,13.935616,1,14.002176,0.832512,14.834688
2864,16,16,-1,-1,-1,-1,-1,13.93664,1,13.980672,0.82432,14.804992
2865,16,16,-1,-1,-1,-1,-1,13.917184,1,13.981696,0.825344,14.80704
2866,16,16,-1,-1,-1,-1,-1,13.925376,1,13.989888,0.82432,14.814208
2867,16,16,-1,-1,-1,-1,-1,13.918208,1,13.959168,0.832512,14.79168
2868,16,16,-1,-1,-1,-1,-1,13.901824,1,13.944832,0.823296,14.768128
2869,16,16,-1,-1,-1,-1,-1,13.943808,1,14.006272,0.82432,14.830592
2870,16,16,-1,-1,-1,-1,-1,13.92128,1,13.984768,0.833536,14.818304
2871,16,16,-1,-1,-1,-1,-1,13.891584,1,13.935616,0.832512,14.768128
2872,16,16,-1,-1,-1,-1,-1,13.918208,1,13.984768,0.828416,14.813184
2873,16,16,-1,-1,-1,-1,-1,13.928448,1,13.991936,0.82944,14.821376
2874,16,16,-1,-1,-1,-1,-1,13.955072,1,14.01856,0.823296,14.841856
2875,16,16,-1,-1,-1,-1,-1,13.947904,1,13.989888,0.82944,14.819328
2876,16,16,-1,-1,-1,-1,-1,13.94688,1,13.989888,0.830464,14.820352
2877,16,1024,-1,-1,-1,-1,-1,-1,0,72.00563,0.850944,72.856574
2878,16,1024,-1,-1,-1,-1,-1,-1,0,74.53389,0.841728,75.375618
2879,16,16,-1,-1,-1,-1,-1,14.174208,1,14.240768,0.838656,15.079424
2880,16,16,-1,-1,-1,-1,-1,14.077952,1,14.12096,0.833536,14.954496
2881,16,16,-1,-1,-1,-1,-1,13.984768,1,14.051328,0.83456,14.885888
2882,16,1024,-1,-1,-1,-1,-1,-1,0,71.984131,0.837632,72.821763
2883,16,16,-1,-1,-1,-1,-1,14.149632,1,14.193664,0.833536,15.0272
2884,16,16,-1,-1,-1,-1,-1,14.092288,1,14.13632,0.83456,14.97088
2885,16,16,-1,-1,-1,-1,-1,14.042112,1,14.08512,0.830464,14.915584
2886,16,16,-1,-1,-1,-1,-1,13.966336,1,14.031872,0.837632,14.869504
2887,16,1024,-1,-1,-1,-1,-1,-1,0,72.238083,0.838656,73.076739
2888,16,16,-1,-1,-1,-1,-1,14.154752,1,14.224384,0.83456,15.058944
2889,16,16,-1,-1,-1,-1,-1,14.118912,1,14.186496,0.837632,15.024128
2890,16,16,-1,-1,-1,-1,-1,13.997056,1,14.062592,0.827392,14.889984
2891,16,16,-1,-1,-1,-1,-1,13.930496,1,13.97248,0.828416,14.800896
2892,16,16,-1,-1,-1,-1,-1,13.924352,1,13.968384,0.827392,14.795776
2893,16,2032,-1,-1,-1,-1,-1,-1,0,132.759552,0.841728,133.60128
2894,16,16,-1,-1,-1,-1,-1,14.179328,1,14.245888,0.836608,15.082496
2895,16,16,-1,-1,-1,-1,-1,14.114816,1,14.1824,0.83456,15.01696
2896,16,16,-1,-1,-1,-1,-1,13.996032,1,14.038016,0.82944,14.867456
2897,16,16,-1,-1,-1,-1,-1,13.964288,1,14.0288,0.837632,14.866432
2898,16,16,-1,-1,-1,-1,-1,13.91104,1,13.975552,0.827392,14.802944
2899,16,1024,-1,-1,-1,-1,-1,-1,0,71.848961,0.848896,72.697857
2900,16,16,-1,-1,-1,-1,-1,14.132224,1,14.17728,0.836608,15.013888
2901,16,1024,-1,-1,-1,-1,-1,-1,0,73.360382,0.835584,74.195966
2902,16,16,-1,-1,-1,-1,-1,14.14144,1,14.18752,0.841728,15.029248
2903,16,2032,-1,-1,-1,-1,-1,-1,0,134.498306,0.838656,135.336962
2904,16,16,-1,-1,-1,-1,-1,14.147584,1,14.215168,0.835584,15.050752
2905,16,16,-1,-1,-1,-1,-1,14.076928,1,14.144512,0.831488,14.976
2906,16,1024,-1,-1,-1,-1,-1,-1,0,73.0112,0.8448,73.856
2907,16,16,-1,-1,-1,-1,-1,14.113792,1,14.158848,0.831488,14.990336
2908,16,16,-1,-1,-1,-1,-1,14.00832,1,14.055424,0.840704,14.896128
2909,16,16,-1,-1,-1,-1,-1,14.006272,1,14.07488,0.826368,14.901248
2910,16,16,-1,-1,-1,-1,-1,13.918208,1,13.985792,0.832512,14.818304
2911,16,16,-1,-1,-1,-1,-1,13.915136,1,13.960192,0.838656,14.798848
2912,16,16,-1,-1,-1,-1,-1,13.869056,1,13.913088,0.837632,14.75072
2913,16,16,-1,-1,-1,-1,-1,13.869056,1,13.915136,0.836608,14.751744
2914,16,16,-1,-1,-1,-1,-1,13.874176,1,13.94176,0.831488,14.773248
2915,16,16,-1,-1,-1,-1,-1,13.902848,1,13.96736,0.835584,14.802944
2916,16,16,-1,-1,-1,-1,-1,13.871104,1,13.914112,0.828416,14.742528
2917,16,16,-1,-1,-1,-1,-1,13.878272,1,13.935616,0.830464,14.76608
2918,16,16,-1,-1,-1,-1,-1,13.86496,1,13.908992,0.826368,14.73536
2919,16,16,-1,-1,-1,-1,-1,13.871104,1,13.937664,0.833536,14.7712
2920,16,16,-1,-1,-1,-1,-1,13.873152,1,13.937664,0.827392,14.765056
2921,16,16,-1,-1,-1,-1,-1,13.852672,1,13.917184,0.828416,14.7456
2922,16,16,-1,-1,-1,-1,-1,13.832192,1,13.899776,0.828416,14.728192
2923,16,1024,-1,-1,-1,-1,-1,-1,0,72.749054,0.8448,73.593854
2924,16,16,-1,-1,-1,-1,-1,14.11584,1,14.162944,0.842752,15.005696
2925,16,16,-1,-1,-1,-1,-1,14.072832,1,14.140416,0.843776,14.984192
2926,16,16,-1,-1,-1,-1,-1,14.007296,1,14.07488,0.83456,14.90944
2927,16,16,-1,-1,-1,-1,-1,13.938688,1,13.983744,0.837632,14.821376
2928,16,16,-1,-1,-1,-1,-1,13.889536,1,13.933568,0.827392,14.76096
2929,16,16,-1,-1,-1,-1,-1,13.894656,1,13.938688,0.836608,14.775296
2930,16,16,-1,-1,-1,-1,-1,13.881344,1,13.948928,0.831488,14.780416
2931,16,16,-1,-1,-1,-1,-1,13.902848,1,13.96736,0.828416,14.795776
2932,16,16,-1,-1,-1,-1,-1,13.886464,1,13.930496,0.827392,14.757888
2933,16,16,-1,-1,-1,-1,-1,13.882368,1,13.947904,0.82944,14.777344
2934,16,16,-1,-1,-1,-1,-1,13.85984,1,13.904896,0.82944,14.734336
2935,16,16,-1,-1,-1,-1,-1,13.858816,1,13.9264,0.827392,14.753792
2936,16,16,-1,-1,-1,-1,-1,13.85472,1,13.899776,0.825344,14.72512
2937,16,1023,-1,-1,-1,-1,-1,-1,0,71.752701,0.846848,72.599549
2938,16,16,-1,-1,-1,-1,-1,14.099456,1,14.169088,0.83968,15.008768
2939,16,16,-1,-1,-1,-1,-1,14.077952,1,14.144512,0.830464,14.974976
2940,16,16,-1,-1,-1,-1,-1,13.98272,1,14.029824,0.841728,14.871552
2941,16,16,-1,-1,-1,-1,-1,13.952,1,14.019584,0.837632,14.857216
2942,16,16,-1,-1,-1,-1,-1,13.930496,1,13.995008,0.82944,14.824448
2943,16,16,-1,-1,-1,-1,-1,13.907968,1,13.952,0.838656,14.790656
2944,16,16,-1,-1,-1,-1,-1,13.919232,1,13.963264,0.826368,14.789632
2945,16,1024,-1,-1,-1,-1,-1,-1,0,72.418304,0.83456,73.252864
2946,16,16,-1,-1,-1,-1,-1,14.111744,1,14.180352,0.836608,15.01696
2947,16,16,-1,-1,-1,-1,-1,14.014464,1,14.07488,0.830464,14.905344
2948,16,16,-1,-1,-1,-1,-1,13.953024,1,13.99808,0.830464,14.828544
2949,16,16,-1,-1,-1,-1,-1,13.93664,1,14.002176,0.828416,14.830592
2950,16,16,-1,-1,-1,-1,-1,13.904896,1,13.947904,0.840704,14.788608
2951,16,16,-1,-1,-1,-1,-1,13.89568,1,13.961216,0.836608,14.797824
2952,16,16,-1,-1,-1,-1,-1,13.919232,1,13.96224,0.831488,14.793728
2953,16,16,-1,-1,-1,-1,-1,13.912064,1,13.9776,0.828416,14.806016
2954,16,16,-1,-1,-1,-1,-1,13.920256,1,13.9776,0.82944,14.80704
2955,16,16,-1,-1,-1,-1,-1,13.92128,1,13.984768,0.833536,14.818304
2956,16,16,-1,-1,-1,-1,-1,13.913088,1,13.95712,0.832512,14.789632
2957,16,16,-1,-1,-1,-1,-1,13.877248,1,13.943808,0.83456,14.778368
2958,16,16,-1,-1,-1,-1,-1,13.8752,1,13.940736,0.826368,14.767104
2959,16,16,-1,-1,-1,-1,-1,13.886464,1,13.930496,0.826368,14.756864
2960,16,16,-1,-1,-1,-1,-1,13.85984,1,13.903872,0.826368,14.73024
2961,16,16,-1,-1,-1,-1,-1,13.87008,1,13.93664,0.832512,14.769152
2962,16,16,-1,-1,-1,-1,-1,13.867008,1,13.933568,0.828416,14.761984
2963,16,16,-1,-1,-1,-1,-1,13.863936,1,13.929472,0.82944,14.758912
2964,16,16,-1,-1,-1,-1,-1,13.8752,1,13.917184,0.838656,14.75584
2965,16,16,-1,-1,-1,-1,-1,13.888512,1,13.953024,0.836608,14.789632
2966,16,16,-1,-1,-1,-1,-1,13.884416,1,13.929472,0.826368,14.75584
2967,16,16,-1,-1,-1,-1,-1,13.902848,1,13.969408,0.832512,14.80192
2968,16,16,-1,-1,-1,-1,-1,13.876224,1,13.92128,0.838656,14.759936
2969,16,1024,-1,-1,-1,-1,-1,-1,0,71.968765,0.841728,72.810493
2970,16,16,-1,-1,-1,-1,-1,14.166016,1,14.2336,0.836608,15.070208
2971,16,16,-1,-1,-1,-1,-1,14.075904,1,14.142464,0.828416,14.97088
2972,16,16,-1,-1,-1,-1,-1,13.961216,1,14.007296,0.831488,14.838784
2973,16,16,-1,-1,-1,-1,-1,13.947904,1,14.015488,0.82432,14.839808
2974,16,16,-1,-1,-1,-1,-1,13.92128,1,13.985792,0.833536,14.819328
2975,16,16,-1,-1,-1,-1,-1,13.908992,1,13.953024,0.827392,14.780416
2976,16,16,-1,-1,-1,-1,-1,13.91616,1,13.960192,0.83456,14.794752
2977,16,1024,-1,-1,-1,-1,-1,-1,0,72.01178,0.831488,72.843268
2978,16,16,-1,-1,-1,-1,-1,14.150656,1,14.21824,0.833536,15.051776
2979,16,16,-1,-1,-1,-1,-1,14.09024,1,14.1568,0.83968,14.99648
2980,16,16,-1,-1,-1,-1,-1,13.968384,1,14.01344,0.831488,14.844928
2981,16,16,-1,-1,-1,-1,-1,13.954048,1,14.020608,0.836608,14.857216
2982,16,16,-1,-1,-1,-1,-1,13.930496,1,13.976576,0.831488,14.808064
2983,16,16,-1,-1,-1,-1,-1,13.935616,1,14.0032,0.828416,14.831616
2984,16,16,-1,-1,-1,-1,-1,13.930496,1,13.973504,0.825344,14.798848
2985,16,16,-1,-1,-1,-1,-1,13.920256,1,13.986816,0.83968,14.826496
2986,16,16,-1,-1,-1,-1,-1,13.924352,1,13.99296,0.82944,14.8224
2987,16,16,-1,-1,-1,-1,-1,13.925376,1,13.990912,0.83456,14.825472
2988,16,16,-1,-1,-1,-1,-1,13.897728,1,13.942784,0.826368,14.769152
2989,16,16,-1,-1,-1,-1,-1,13.903872,1,13.970432,0.831488,14.80192
2990,16,16,-1,-1,-1,-1,-1,13.928448,1,13.995008,0.831488,14.826496
2991,16,16,-1,-1,-1,-1,-1,13.87008,1,13.914112,0.830464,14.744576
2992,16,16,-1,-1,-1,-1,-1,13.893632,1,13.937664,0.83456,14.772224
2993,16,16,-1,-1,-1,-1,-1,13.908992,1,13.975552,0.82944,14.804992
2994,16,16,-1,-1,-1,-1,-1,13.915136,1,13.980672,0.82432,14.804992
2995,16,16,-1,-1,-1,-1,-1,13.9008,1,13.966336,0.833536,14.799872
2996,16,1024,-1,-1,-1,-1,-1,-1,0,71.862274,0.837632,72.699906
2997,16,16,-1,-1,-1,-1,-1,14.17216,1,14.237696,0.835584,15.07328
2998,16,16,-1,-1,-1,-1,-1,14.159872,1,14.203904,0.835584,15.039488
2999,16,16,-1,-1,-1,-1,-1,14.168064,1,14.236672,0.838656,15.075328
3000,16,16,-1,-1,-1,-1,-1,14.124032,1,14.169088,0.833536,15.002624
3001,16,16,-1,-1,-1,-1,-1,13.971456,1,14.038016,0.826368,14.864384
3002,16,16,-1,-1,-1,-1,-1,13.98784,1,14.045184,0.823296,14.86848
3003,16,16,-1,-1,-1,-1,-1,13.954048,1,14.017536,0.826368,14.843904
3004,16,16,-1,-1,-1,-1,-1,13.924352,1,13.96736,0.82432,14.79168
3005,16,1024,-1,-1,-1,-1,-1,-1,0,72.32,0.83968,73.15968
3006,16,16,-1,-1,-1,-1,-1,14.137344,1,14.20288,0.83456,15.03744
3007,16,1024,-1,-1,-1,-1,-1,-1,0,73.334785,0.836608,74.171393
3008,16,16,-1,-1,-1,-1,-1,14.184448,1,14.227456,0.840704,15.06816
3009,16,16,-1,-1,-1,-1,-1,14.055424,1,14.121984,0.826368,14.948352
3010,16,16,-1,-1,-1,-1,-1,14.045184,1,14.088192,0.827392,14.915584
3011,16,16,-1,-1,-1,-1,-1,13.99296,1,14.048256,0.830464,14.87872
3012,16,16,-1,-1,-1,-1,-1,13.963264,1,14.019584,0.83456,14.854144
3013,16,16,-1,-1,-1,-1,-1,13.927424,1,13.990912,0.833536,14.824448
3014,16,16,-1,-1,-1,-1,-1,13.894656,1,13.937664,0.822272,14.759936
3015,16,16,-1,-1,-1,-1,-1,13.902848,1,13.970432,0.826368,14.7968
3016,16,1024,-1,-1,-1,-1,-1,-1,0,72.146942,0.841728,72.98867
3017,16,16,-1,-1,-1,-1,-1,14.119936,1,14.186496,0.833536,15.020032
3018,16,1023,-1,-1,-1,-1,-1,-1,0,73.405441,0.836608,74.242049
3019,16,1024,-1,-1,-1,-1,-1,-1,0,74.525696,0.840704,75.3664
3020,16,16,-1,-1,-1,-1,-1,14.113792,1,14.159872,0.838656,14.998528
3021,16,16,-1,-1,-1,-1,-1,14.082048,1,14.15168,0.828416,14.980096
3022,16,16,-1,-1,-1,-1,-1,14.010368,1,14.053376,0.831488,14.884864
3023,16,1024,-1,-1,-1,-1,-1,-1,0,72.240128,0.83456,73.074688
3024,16,16,-1,-1,-1,-1,-1,14.160896,1,14.204928,0.83968,15.044608
3025,16,1024,-1,-1,-1,-1,-1,-1,0,73.897987,0.836608,74.734595
3026,16,16,-1,-1,-1,-1,-1,14.107648,1,14.15168,0.840704,14.992384
3027,16,16,-1,-1,-1,-1,-1,14.061568,1,14.106624,0.832512,14.939136
3028,16,16,-1,-1,-1,-1,-1,13.983744,1,14.041088,0.82944,14.870528
3029,16,16,-1,-1,-1,-1,-1,13.930496,1,13.974528,0.82944,14.803968
3030,16,16,-1,-1,-1,-1,-1,13.907968,1,13.950976,0.835584,14.78656
3031,16,1024,-1,-1,-1,-1,-1,-1,0,72.152061,0.83456,72.986621
3032,16,16,-1,-1,-1,-1,-1,14.091264,1,14.1568,0.831488,14.988288
3033,16,1024,-1,-1,-1,-1,-1,-1,0,73.422852,0.833536,74.256388
3034,16,1024,-1,-1,-1,-1,-1,-1,0,74.500099,0.836608,75.336707
3035,16,16,-1,-1,-1,-1,-1,14.08,1,14.148608,0.840704,14.989312
3036,16,16,-1,-1,-1,-1,-1,14.021632,1,14.065664,0.830464,14.896128
3037,16,16,-1,-1,-1,-1,-1,13.99808,1,14.063616,0.830464,14.89408
3038,16,16,-1,-1,-1,-1,-1,13.932544,1,13.976576,0.833536,14.810112
3039,16,16,-1,-1,-1,-1,-1,13.930496,1,13.996032,0.832512,14.828544
3040,16,16,-1,-1,-1,-1,-1,13.902848,1,13.94688,0.831488,14.778368
3041,16,16,-1,-1,-1,-1,-1,13.877248,1,13.943808,0.82944,14.773248
3042,16,16,-1,-1,-1,-1,-1,13.874176,1,13.918208,0.826368,14.744576
3043,16,1024,-1,-1,-1,-1,-1,-1,0,72.522751,0.836608,73.359359
3044,16,16,-1,-1,-1,-1,-1,14.09536,1,14.162944,0.835584,14.998528
3045,16,16,-1,-1,-1,-1,-1,14.046208,1,14.092288,0.83456,14.926848
3046,16,16,-1,-1,-1,-1,-1,13.973504,1,14.017536,0.830464,14.848
3047,16,16,-1,-1,-1,-1,-1,13.93152,1,13.99808,0.82432,14.8224
3048,16,16,-1,-1,-1,-1,-1,13.913088,1,13.969408,0.833536,14.802944
3049,16,16,-1,-1,-1,-1,-1,13.867008,1,13.960192,0.835584,14.795776
3050,16,16,-1,-1,-1,-1,-1,13.872128,1,13.938688,0.82944,14.768128
3051,16,16,-1,-1,-1,-1,-1,13.878272,1,13.943808,0.827392,14.7712
3052,16,16,-1,-1,-1,-1,-1,13.8752,1,13.917184,0.826368,14.743552
3053,16,16,-1,-1,-1,-1,-1,13.878272,1,13.932544,0.832512,14.765056
3054,16,16,-1,-1,-1,-1,-1,13.855744,1,13.897728,0.827392,14.72512
3055,16,16,-1,-1,-1,-1,-1,13.852672,1,13.918208,0.825344,14.743552
3056,16,16,-1,-1,-1,-1,-1,13.850624,1,13.892608,0.825344,14.717952
3057,16,16,-1,-1,-1,-1,-1,13.862912,1,13.927424,0.825344,14.752768
3058,16,16,-1,-1,-1,-1,-1,13.8496,1,13.892608,0.828416,14.721024
3059,16,16,-1,-1,-1,-1,-1,13.861888,1,13.91616,0.835584,14.751744
3060,16,16,-1,-1,-1,-1,-1,13.874176,1,13.937664,0.825344,14.763008
3061,16,16,-1,-1,-1,-1,-1,13.884416,1,13.925376,0.828416,14.753792
3062,16,1024,-1,-1,-1,-1,-1,-1,0,69.406723,0.835584,70.242307
3063,16,16,-1,-1,-1,-1,-1,14.082048,1,14.145536,0.83456,14.980096
3064,16,16,-1,-1,-1,-1,-1,14.071808,1,14.137344,0.830464,14.967808
3065,16,16,-1,-1,-1,-1,-1,13.96736,1,14.026752,0.82944,14.856192
3066,16,16,-1,-1,-1,-1,-1,13.948928,1,14.01344,0.826368,14.839808
3067,16,16,-1,-1,-1,-1,-1,13.907968,1,13.964288,0.823296,14.787584
3068,16,16,-1,-1,-1,-1,-1,13.928448,1,13.971456,0.825344,14.7968
3069,16,16,-1,-1,-1,-1,-1,13.897728,1,13.961216,0.831488,14.792704
3070,16,16,-1,-1,-1,-1,-1,13.882368,1,13.925376,0.825344,14.75072
3071,16,1024,-1,-1,-1,-1,-1,-1,0,72.194046,0.832512,73.026558
3072,16,16,-1,-1,-1,-1,-1,14.144512,1,14.188544,0.833536,15.02208
3073,16,16,-1,-1,-1,-1,-1,14.071808,1,14.139392,0.831488,14.97088
3074,16,16,-1,-1,-1,-1,-1,13.98272,1,14.027776,0.827392,14.855168
3075,16,16,-1,-1,-1,-1,-1,13.952,1,14.01856,0.828416,14.846976
3076,16,16,-1,-1,-1,-1,-1,13.906944,1,13.97248,0.82944,14.80192
3077,16,16,-1,-1,-1,-1,-1,13.92128,1,13.964288,0.832512,14.7968
3078,16,16,-1,-1,-1,-1,-1,13.898752,1,13.964288,0.830464,14.794752
3079,16,16,-1,-1,-1,-1,-1,13.92128,1,13.986816,0.830464,14.81728
3080,16,16,-1,-1,-1,-1,-1,13.91104,1,13.975552,0.831488,14.80704
3081,16,16,-1,-1,-1,-1,-1,13.925376,1,13.991936,0.832512,14.824448
3082,16,16,-1,-1,-1,-1,-1,13.9008,1,13.98272,0.827392,14.810112
3083,16,16,-1,-1,-1,-1,-1,13.892608,1,13.959168,0.826368,14.785536
3084,16,16,-1,-1,-1,-1,-1,13.903872,1,13.944832,0.827392,14.772224
3085,16,16,-1,-1,-1,-1,-1,13.877248,1,13.940736,0.830464,14.7712
3086,16,16,-1,-1,-1,-1,-1,13.858816,1,13.901824,0.821248,14.723072
3087,16,16,-1,-1,-1,-1,-1,13.871104,1,13.935616,0.823296,14.758912
3088,16,16,-1,-1,-1,-1,-1,13.888512,1,13.93152,0.826368,14.757888
3089,16,16,-1,-1,-1,-1,-1,13.889536,1,13.954048,0.825344,14.779392
3090,16,16,-1,-1,-1,-1,-1,13.897728,1,13.940736,0.832512,14.773248
3091,16,1024,-1,-1,-1,-1,-1,-1,0,71.777283,0.832512,72.609795
3092,16,16,-1,-1,-1,-1,-1,14.123008,1,14.181376,0.833536,15.014912
3093,16,16,-1,-1,-1,-1,-1,14.117888,1,14.162944,0.843776,15.00672
3094,16,16,-1,-1,-1,-1,-1,14.160896,1,14.22848,0.83456,15.06304
3095,16,16,-1,-1,-1,-1,-1,14.162944,1,14.229504,0.832512,15.062016
3096,16,16,-1,-1,-1,-1,-1,14.186496,1,14.245888,0.835584,15.081472
3097,16,16,-1,-1,-1,-1,-1,13.945856,1,14.014464,0.832512,14.846976
3098,16,16,-1,-1,-1,-1,-1,13.923328,1,13.978624,0.82432,14.802944
3099,16,16,-1,-1,-1,-1,-1,13.938688,1,14.004224,0.825344,14.829568
3100,16,16,-1,-1,-1,-1,-1,13.930496,1,13.973504,0.828416,14.80192
3101,16,16,-1,-1,-1,-1,-1,13.910016,1,13.974528,0.826368,14.800896
3102,16,16,-1,-1,-1,-1,-1,13.893632,1,13.935616,0.826368,14.761984
3103,16,16,-1,-1,-1,-1,-1,13.925376,1,13.991936,0.825344,14.81728
3104,16,16,-1,-1,-1,-1,-1,13.914112,1,13.95712,0.831488,14.788608
3105,16,1023,-1,-1,-1,-1,-1,-1,0,69.549057,0.837632,70.386689
3106,16,16,-1,-1,-1,-1,-1,14.1312,1,14.194688,0.833536,15.028224
3107,16,16,-1,-1,-1,-1,-1,14.07488,1,14.143488,0.833536,14.977024
3108,16,16,-1,-1,-1,-1,-1,13.979648,1,14.047232,0.833536,14.880768
3109,16,16,-1,-1,-1,-1,-1,13.983744,1,14.0288,0.823296,14.852096
3110,16,16,-1,-1,-1,-1,-1,13.953024,1,14.016512,0.827392,14.843904
3111,16,16,-1,-1,-1,-1,-1,13.929472,1,13.996032,0.82944,14.825472
3112,16,16,-1,-1,-1,-1,-1,13.913088,1,13.9776,0.827392,14.804992
3113,16,16,-1,-1,-1,-1,-1,13.923328,1,13.989888,0.826368,14.816256
3114,16,16,-1,-1,-1,-1,-1,13.950976,1,14.014464,0.825344,14.839808
3115,16,16,-1,-1,-1,-1,-1,13.935616,1,14.001152,0.826368,14.82752
3116,16,16,-1,-1,-1,-1,-1,13.920256,1,13.964288,0.82432,14.788608
3117,16,16,-1,-1,-1,-1,-1,13.906944,1,13.96224,0.826368,14.788608
3118,16,16,-1,-1,-1,-1,-1,13.924352,1,13.96736,0.82432,14.79168
3119,16,16,-1,-1,-1,-1,-1,13.925376,1,13.989888,0.823296,14.813184
3120,16,16,-1,-1,-1,-1,-1,13.944832,1,13.986816,0.827392,14.814208
3121,16,16,-1,-1,-1,-1,-1,13.93664,1,13.999104,0.825344,14.824448
3122,16,1024,-1,-1,-1,-1,-1,-1,0,72.691711,0.83456,73.526271
3123,16,16,-1,-1,-1,-1,-1,14.143488,1,14.211072,0.838656,15.049728
3124,16,16,-1,-1,-1,-1,-1,14.098432,1,14.143488,0.830464,14.973952
3125,16,16,-1,-1,-1,-1,-1,14.052352,1,14.09536,0.828416,14.923776
3126,16,16,-1,-1,-1,-1,-1,13.959168,1,14.02368,0.82944,14.85312
3127,16,16,-1,-1,-1,-1,-1,13.938688,1,14.002176,0.82944,14.831616
3128,16,16,-1,-1,-1,-1,-1,13.94176,1,14.005248,0.825344,14.830592
3129,16,16,-1,-1,-1,-1,-1,13.963264,1,14.029824,0.827392,14.857216
3130,16,1007,-1,-1,-1,-1,-1,-1,0,72.291328,0.840704,73.132032
3131,16,1024,-1,-1,-1,-1,-1,-1,0,74.604546,0.837632,75.442178
3132,16,1024,-1,-1,-1,-1,-1,-1,0,74.412033,0.835584,75.247617
3133,16,1024,-1,-1,-1,-1,-1,-1,0,74.498047,0.846848,75.344895
3134,16,16,-1,-1,-1,-1,-1,14.148608,1,14.194688,0.833536,15.028224
3135,16,16,-1,-1,-1,-1,-1,14.114816,1,14.176256,0.837632,15.013888
3136,16,16,-1,-1,-1,-1,-1,14.007296,1,14.052352,0.835584,14.887936
3137,16,1023,-1,-1,-1,-1,-1,-1,0,72.434685,0.836608,73.271293
3138,16,16,-1,-1,-1,-1,-1,14.133248,1,14.201856,0.833536,15.035392
3139,16,16,-1,-1,-1,-1,-1,14.067712,1,14.137344,0.841728,14.979072
3140,16,16,-1,-1,-1,-1,-1,13.970432,1,14.015488,0.833536,14.849024
3141,16,16,-1,-1,-1,-1,-1,13.937664,1,13.981696,0.832512,14.814208
3142,16,16,-1,-1,-1,-1,-1,13.940736,1,14.007296,0.828416,14.835712
3143,16,16,-1,-1,-1,-1,-1,13.91616,1,13.981696,0.823296,14.804992
3144,16,16,-1,-1,-1,-1,-1,13.90592,1,13.971456,0.82944,14.800896
3145,16,16,-1,-1,-1,-1,-1,13.908992,1,13.966336,0.831488,14.797824
3146,16,16,-1,-1,-1,-1,-1,13.935616,1,14.002176,0.82432,14.826496
3147,16,2032,-1,-1,-1,-1,-1,-1,0,133.492737,0.836608,134.329345
3148,16,16,-1,-1,-1,-1,-1,14.16704,1,14.231552,0.82944,15.060992
3149,16,16,-1,-1,-1,-1,-1,14.121984,1,14.188544,0.840704,15.029248
3150,16,16,-1,-1,-1,-1,-1,14.002176,1,14.046208,0.832512,14.87872
3151,16,16,-1,-1,-1,-1,-1,13.924352,1,13.989888,0.827392,14.81728
3152,16,1024,-1,-1,-1,-1,-1,-1,0,71.986176,0.838656,72.824832
3153,16,16,-1,-1,-1,-1,-1,14.14656,1,14.191616,0.836608,15.028224
3154,16,1023,-1,-1,-1,-1,-1,-1,0,72.849411,0.833536,73.682947
3155,16,16,-1,-1,-1,-1,-1,14.123008,1,14.181376,0.832512,15.013888
3156,16,16,-1,-1,-1,-1,-1,14.032896,1,14.076928,0.840704,14.917632
3157,16,16,-1,-1,-1,-1,-1,13.968384,1,14.011392,0.835584,14.846976
3158,16,16,-1,-1,-1,-1,-1,13.93664,1,13.991936,0.828416,14.820352
3159,16,16,-1,-1,-1,-1,-1,13.901824,1,13.944832,0.826368,14.7712
3160,16,1024,-1,-1,-1,-1,-1,-1,0,71.964668,0.841728,72.806396
3161,16,16,-1,-1,-1,-1,-1,14.158848,1,14.203904,0.832512,15.036416
3162,16,16,-1,-1,-1,-1,-1,14.061568,1,14.107648,0.828416,14.936064
3163,16,16,-1,-1,-1,-1,-1,13.942784,1,14.010368,0.82944,14.839808
3164,16,16,-1,-1,-1,-1,-1,13.918208,1,13.983744,0.82944,14.813184
3165,16,16,-1,-1,-1,-1,-1,13.879296,1,13.944832,0.826368,14.7712
3166,16,16,-1,-1,-1,-1,-1,13.89568,1,13.94176,0.825344,14.767104
3167,16,16,-1,-1,-1,-1,-1,13.894656,1,13.961216,0.833536,14.794752
3168,16,16,-1,-1,-1,-1,-1,13.894656,1,13.96224,0.82944,14.79168
3169,16,16,-1,-1,-1,-1,-1,13.886464,1,13.930496,0.827392,14.757888
3170,16,16,-1,-1,-1,-1,-1,13.874176,1,13.940736,0.827392,14.768128
3171,16,16,-1,-1,-1,-1,-1,13.872128,1,13.938688,0.830464,14.769152
3172,16,16,-1,-1,-1,-1,-1,13.8496,1,13.893632,0.830464,14.724096
3173,16,16,-1,-1,-1,-1,-1,13.871104,1,13.91616,0.826368,14.742528
3174,16,1024,-1,-1,-1,-1,-1,-1,0,72.122368,0.8448,72.967168
3175,16,16,-1,-1,-1,-1,-1,14.118912,1,14.163968,0.837632,15.0016
3176,16,16,-1,-1,-1,-1,-1,14.081024,1,14.147584,0.83456,14.982144
3177,16,16,-1,-1,-1,-1,-1,13.989888,1,14.034944,0.838656,14.8736
3178,16,16,-1,-1,-1,-1,-1,13.953024,1,13.997056,0.825344,14.8224
3179,16,16,-1,-1,-1,-1,-1,13.922304,1,13.979648,0.838656,14.818304
3180,16,16,-1,-1,-1,-1,-1,13.894656,1,13.959168,0.832512,14.79168
3181,16,16,-1,-1,-1,-1,-1,13.89056,1,13.95712,0.827392,14.784512
3182,16,16,-1,-1,-1,-1,-1,13.910016,1,13.953024,0.827392,14.780416
3183,16,16,-1,-1,-1,-1,-1,13.914112,1,13.971456,0.82944,14.800896
3184,16,16,-1,-1,-1,-1,-1,13.893632,1,13.959168,0.835584,14.794752
3185,16,16,-1,-1,-1,-1,-1,13.865984,1,13.906944,0.826368,14.733312
3186,16,16,-1,-1,-1,-1,-1,13.862912,1,13.919232,0.82432,14.743552
3187,16,16,-1,-1,-1,-1,-1,13.896704,1,13.96224,0.827392,14.789632
3188,16,1024,-1,-1,-1,-1,-1,-1,0,72.232964,0.836608,73.069572
3189,16,1024,-1,-1,-1,-1,-1,-1,0,74.641411,0.838656,75.480067
3190,16,16,-1,-1,-1,-1,-1,14.129152,1,14.19776,0.833536,15.031296
3191,16,16,-1,-1,-1,-1,-1,14.076928,1,14.123008,0.830464,14.953472
3192,16,16,-1,-1,-1,-1,-1,13.984768,1,14.051328,0.82944,14.880768
3193,16,16,-1,-1,-1,-1,-1,13.944832,1,13.98784,0.828416,14.816256
3194,16,16,-1,-1,-1,-1,-1,13.908992,1,13.953024,0.831488,14.784512
3195,16,16,-1,-1,-1,-1,-1,13.910016,1,13.9776,0.83456,14.81216
3196,16,16,-1,-1,-1,-1,-1,13.907968,1,13.973504,0.825344,14.798848
3197,16,16,-1,-1,-1,-1,-1,13.908992,1,13.964288,0.82944,14.793728
3198,16,16,-1,-1,-1,-1,-1,13.903872,1,13.945856,0.827392,14.773248
3199,16,16,-1,-1,-1,-1,-1,13.889536,1,13.933568,0.826368,14.759936
3200,16,16,-1,-1,-1,-1,-1,13.867008,1,13.93152,0.835584,14.767104
3201,16,16,-1,-1,-1,-1,-1,13.882368,1,13.925376,0.82432,14.749696
3202,16,16,-1,-1,-1,-1,-1,13.881344,1,13.948928,0.82944,14.778368
3203,16,16,-1,-1,-1,-1,-1,13.89056,1,13.956096,0.826368,14.782464
3204,16,16,-1,-1,-1,-1,-1,13.887488,1,13.952,0.831488,14.783488
3205,16,16,-1,-1,-1,-1,-1,13.886464,1,13.953024,0.828416,14.78144
3206,16,16,-1,-1,-1,-1,-1,13.90592,1,13.971456,0.836608,14.808064
3207,16,16,-1,-1,-1,-1,-1,13.846528,1,13.889536,0.828416,14.717952
3208,16,16,-1,-1,-1,-1,-1,13.87008,1,13.934592,0.836608,14.7712
3209,16,16,-1,-1,-1,-1,-1,13.889536,1,13.933568,0.825344,14.758912
3210,16,16,-1,-1,-1,-1,-1,13.93152,1,13.974528,0.828416,14.802944
3211,16,16,-1,-1,-1,-1,-1,13.884416,1,13.949952,0.828416,14.778368
3212,16,16,-1,-1,-1,-1,-1,13.929472,1,13.985792,0.831488,14.81728
3213,16,16,-1,-1,-1,-1,-1,13.902848,1,13.959168,0.830464,14.789632
3214,16,16,-1,-1,-1,-1,-1,13.914112,1,13.958144,0.828416,14.78656
3215,16,16,-1,-1,-1,-1,-1,13.90592,1,13.948928,0.831488,14.780416
3216,16,16,-1,-1,-1,-1,-1,13.889536,1,13.954048,0.82944,14.783488
3217,16,1024,-1,-1,-1,-1,-1,-1,0,72.259583,0.83456,73.094142
3218,16,16,-1,-1,-1,-1,-1,14.140416,1,14.200832,0.83456,15.035392
3219,16,16,-1,-1,-1,-1,-1,14.083072,1,14.149632,0.82944,14.979072
3220,16,16,-1,-1,-1,-1,-1,14.082048,1,14.148608,0.832512,14.98112
3221,16,16,-1,-1,-1,-1,-1,14.042112,1,14.108672,0.827392,14.936064
3222,16,16,-1,-1,-1,-1,-1,14.01856,1,14.086144,0.83456,14.920704
3223,16,16,-1,-1,-1,-1,-1,14.073856,1,14.118912,0.833536,14.952448
3224,16,16,-1,-1,-1,-1,-1,13.9776,1,14.043136,0.82944,14.872576
3225,16,16,-1,-1,-1,-1,-1,13.969408,1,14.01344,0.828416,14.841856
3226,16,16,-1,-1,-1,-1,-1,13.937664,1,13.980672,0.827392,14.808064
3227,16,16,-1,-1,-1,-1,-1,13.920256,1,13.98784,0.83456,14.8224
3228,16,16,-1,-1,-1,-1,-1,13.935616,1,14.000128,0.831488,14.831616
3229,16,16,-1,-1,-1,-1,-1,13.928448,1,13.996032,0.835584,14.831616
3230,16,16,-1,-1,-1,-1,-1,13.934592,1,13.9776,0.828416,14.806016
3231,16,16,-1,-1,-1,-1,-1,13.915136,1,13.95712,0.827392,14.784512
3232,16,16,-1,-1,-1,-1,-1,13.902848,1,13.969408,0.830464,14.799872
3233,16,16,-1,-1,-1,-1,-1,13.907968,1,13.970432,0.826368,14.7968
3234,16,16,-1,-1,-1,-1,-1,13.928448,1,13.996032,0.82944,14.825472
3235,16,1024,-1,-1,-1,-1,-1,-1,0,70.738945,0.838656,71.577601
3236,16,16,-1,-1,-1,-1,-1,14.24384,1,14.311424,0.840704,15.152128
3237,16,16,-1,-1,-1,-1,-1,14.097408,1,14.164992,0.830464,14.995456
3238,16,1024,-1,-1,-1,-1,-1,-1,0,72.430595,0.835584,73.266179
3239,16,16,-1,-1,-1,-1,-1,14.166016,1,14.212096,0.835584,15.04768
3240,16,16,-1,-1,-1,-1,-1,14.113792,1,14.173184,0.833536,15.00672
3241,16,16,-1,-1,-1,-1,-1,14.152704,1,14.199808,0.833536,15.033344
3242,16,16,-1,-1,-1,-1,-1,14.183424,1,14.231552,0.838656,15.070208
3243,16,16,-1,-1,-1,-1,-1,14.188544,1,14.249984,0.833536,15.08352
3244,16,16,-1,-1,-1,-1,-1,14.022656,1,14.089216,0.825344,14.91456
3245,16,16,-1,-1,-1,-1,-1,13.93152,1,13.98784,0.82432,14.81216
3246,16,1024,-1,-1,-1,-1,-1,-1,0,72.181763,0.8448,73.026563
3247,16,16,-1,-1,-1,-1,-1,14.186496,1,14.2336,0.833536,15.067136
3248,16,16,-1,-1,-1,-1,-1,14.125056,1,14.191616,0.842752,15.034368
3249,16,16,-1,-1,-1,-1,-1,13.997056,1,14.062592,0.831488,14.89408
3250,16,1024,-1,-1,-1,-1,-1,-1,0,72.227837,0.841728,73.069565
3251,16,16,-1,-1,-1,-1,-1,14.176256,1,14.244864,0.837632,15.082496
3252,16,16,-1,-1,-1,-1,-1,14.137344,1,14.205952,0.831488,15.03744
3253,16,16,-1,-1,-1,-1,-1,14.024704,1,14.094336,0.83456,14.928896
3254,16,16,-1,-1,-1,-1,-1,13.964288,1,14.031872,0.82944,14.861312
3255,16,1024,-1,-1,-1,-1,-1,-1,0,72.154114,0.840704,72.994818
3256,16,16,-1,-1,-1,-1,-1,14.139392,1,14.205952,0.830464,15.036416
3257,16,16,-1,-1,-1,-1,-1,14.1056,1,14.149632,0.832512,14.982144
3258,16,16,-1,-1,-1,-1,-1,14.015488,1,14.060544,0.837632,14.898176
3259,16,16,-1,-1,-1,-1,-1,13.980672,1,14.047232,0.828416,14.875648
3260,16,1024,-1,-1,-1,-1,-1,-1,0,72.248322,0.837632,73.085954
3261,16,16,-1,-1,-1,-1,-1,14.116864,1,14.183424,0.835584,15.019008
3262,16,16,-1,-1,-1,-1,-1,14.081024,1,14.142464,0.832512,14.974976
3263,16,1024,-1,-1,-1,-1,-1,-1,0,72.551422,0.83968,73.391102
3264,16,16,-1,-1,-1,-1,-1,14.147584,1,14.205952,0.835584,15.041536
3265,16,16,-1,-1,-1,-1,-1,14.043136,1,14.103552,0.837632,14.941184
3266,16,16,-1,-1,-1,-1,-1,13.971456,1,14.036992,0.828416,14.865408
3267,16,16,-1,-1,-1,-1,-1,13.919232,1,13.985792,0.827392,14.813184
3268,16,1024,-1,-1,-1,-1,-1,-1,0,71.979012,0.835584,72.814596
3269,16,16,-1,-1,-1,-1,-1,14.116864,1,14.183424,0.840704,15.024128
3270,16,16,-1,-1,-1,-1,-1,14.082048,1,14.142464,0.833536,14.976
3271,16,16,-1,-1,-1,-1,-1,13.991936,1,14.05952,0.838656,14.898176
3272,16,16,-1,-1,-1,-1,-1,13.925376,1,13.991936,0.83456,14.826496
3273,16,16,-1,-1,-1,-1,-1,13.949952,1,13.99296,0.836608,14.829568
3274,16,16,-1,-1,-1,-1,-1,13.891584,1,13.937664,0.831488,14.769152
3275,16,2031,-1,-1,-1,-1,-1,-1,0,134.794235,0.843776,135.638011
3276,16,1024,-1,-1,-1,-1,-1,-1,0,74.991615,0.841728,75.833343
3277,16,16,-1,-1,-1,-1,-1,14.11072,1,14.1568,0.835584,14.992384
3278,16,16,-1,-1,-1,-1,-1,14.02368,1,14.09024,0.832512,14.922752
3279,16,16,-1,-1,-1,-1,-1,13.97248,1,14.040064,0.828416,14.86848
3280,16,16,-1,-1,-1,-1,-1,13.935616,1,13.979648,0.837632,14.81728
3281,16,16,-1,-1,-1,-1,-1,13.928448,1,13.993984,0.827392,14.821376
3282,16,16,-1,-1,-1,-1,-1,13.89056,1,13.95712,0.833536,14.790656
3283,16,16,-1,-1,-1,-1,-1,13.904896,1,13.960192,0.82944,14.789632
3284,16,16,-1,-1,-1,-1,-1,13.902848,1,13.968384,0.82944,14.797824
3285,16,16,-1,-1,-1,-1,-1,13.904896,1,13.970432,0.828416,14.798848
3286,16,16,-1,-1,-1,-1,-1,13.893632,1,13.961216,0.830464,14.79168
3287,16,1024,-1,-1,-1,-1,-1,-1,0,71.568382,0.832512,72.400894
3288,16,16,-1,-1,-1,-1,-1,14.117888,1,14.162944,0.840704,15.003648
3289,16,16,-1,-1,-1,-1,-1,14.011392,1,14.057472,0.837632,14.895104
3290,16,1023,-1,-1,-1,-1,-1,-1,0,72.186882,0.840704,73.027586
3291,16,16,-1,-1,-1,-1,-1,14.08512,1,14.152704,0.835584,14.988288
3292,16,16,-1,-1,-1,-1,-1,14.087168,1,14.157824,0.836608,14.994432
3293,16,16,-1,-1,-1,-1,-1,14.083072,1,14.1312,0.850944,14.982144
3294,16,16,-1,-1,-1,-1,-1,14.068736,1,14.138368,0.83968,14.978048
3295,16,16,-1,-1,-1,-1,-1,14.035968,1,14.104576,0.831488,14.936064
3296,16,16,-1,-1,-1,-1,-1,13.914112,1,13.959168,0.827392,14.78656
3297,16,16,-1,-1,-1,-1,-1,13.910016,1,13.975552,0.830464,14.806016
3298,16,16,-1,-1,-1,-1,-1,13.907968,1,13.974528,0.828416,14.802944
3299,16,16,-1,-1,-1,-1,-1,13.913088,1,13.979648,0.830464,14.810112
3300,16,16,-1,-1,-1,-1,-1,13.888512,1,13.95712,0.82944,14.78656
3301,16,16,-1,-1,-1,-1,-1,13.869056,1,13.93664,0.836608,14.773248
3302,16,16,-1,-1,-1,-1,-1,13.872128,1,13.939712,0.837632,14.777344
3303,16,16,-1,-1,-1,-1,-1,13.862912,1,13.923328,0.830464,14.753792
3304,16,16,-1,-1,-1,-1,-1,13.896704,1,13.940736,0.82432,14.765056
3305,16,16,-1,-1,-1,-1,-1,13.883392,1,13.925376,0.821248,14.746624
3306,16,16,-1,-1,-1,-1,-1,13.886464,1,13.930496,0.835584,14.76608
3307,16,16,-1,-1,-1,-1,-1,13.868032,1,13.9264,0.840704,14.767104
3308,16,16,-1,-1,-1,-1,-1,13.896704,1,13.961216,0.836608,14.797824
3309,16,16,-1,-1,-1,-1,-1,13.888512,1,13.93152,0.832512,14.764032
3310,16,16,-1,-1,-1,-1,-1,13.86496,1,13.928448,0.825344,14.753792
3311,16,1024,-1,-1,-1,-1,-1,-1,0,72.114174,0.838656,72.95283
3312,16,16,-1,-1,-1,-1,-1,14.109696,1,14.154752,0.828416,14.983168
3313,16,16,-1,-1,-1,-1,-1,14.04416,1,14.11072,0.832512,14.943232
3314,16,16,-1,-1,-1,-1,-1,13.988864,1,14.0544,0.833536,14.887936
3315,16,16,-1,-1,-1,-1,-1,13.949952,1,14.015488,0.831488,14.846976
3316,16,16,-1,-1,-1,-1,-1,13.902848,1,13.970432,0.828416,14.798848
3317,16,16,-1,-1,-1,-1,-1,13.878272,1,13.920256,0.82432,14.744576
3318,16,16,-1,-1,-1,-1,-1,13.912064,1,13.968384,0.82432,14.792704
3319,16,16,-1,-1,-1,-1,-1,13.90592,1,13.97248,0.82944,14.80192
3320,16,16,-1,-1,-1,-1,-1,13.89056,1,13.933568,0.827392,14.76096
3321,16,16,-1,-1,-1,-1,-1,13.918208,1,13.959168,0.833536,14.792704
3322,16,16,-1,-1,-1,-1,-1,13.8752,1,13.917184,0.830464,14.747648
3323,16,16,-1,-1,-1,-1,-1,13.869056,1,13.932544,0.825344,14.757888
3324,16,16,-1,-1,-1,-1,-1,13.889536,1,13.956096,0.826368,14.782464
3325,16,16,-1,-1,-1,-1,-1,13.891584,1,13.935616,0.827392,14.763008
3326,16,1024,-1,-1,-1,-1,-1,-1,0,72.294403,0.840704,73.135107
3327,16,16,-1,-1,-1,-1,-1,14.14144,1,14.209024,0.830464,15.039488
3328,16,16,-1,-1,-1,-1,-1,14.055424,1,14.099456,0.832512,14.931968
3329,16,16,-1,-1,-1,-1,-1,13.99296,1,14.05952,0.832512,14.892032
3330,16,16,-1,-1,-1,-1,-1,13.970432,1,14.027776,0.825344,14.85312
3331,16,16,-1,-1,-1,-1,-1,13.94176,1,14.005248,0.828416,14.833664
3332,16,16,-1,-1,-1,-1,-1,13.91104,1,13.975552,0.82944,14.804992
3333,16,16,-1,-1,-1,-1,-1,13.898752,1,13.940736,0.825344,14.76608
3334,16,16,-1,-1,-1,-1,-1,13.923328,1,13.988864,0.832512,14.821376
3335,16,16,-1,-1,-1,-1,-1,13.927424,1,13.99296,0.827392,14.820352
3336,16,16,-1,-1,-1,-1,-1,13.940736,1,13.98272,0.826368,14.809088
3337,16,16,-1,-1,-1,-1,-1,13.925376,1,13.968384,0.835584,14.803968
3338,16,16,-1,-1,-1,-1,-1,13.903872,1,13.94688,0.82432,14.7712
3339,16,16,-1,-1,-1,-1,-1,13.89568,1,13.961216,0.827392,14.788608
3340,16,1024,-1,-1,-1,-1,-1,-1,0,71.790588,0.833536,72.624124
3341,16,16,-1,-1,-1,-1,-1,14.132224,1,14.176256,0.833536,15.009792
3342,16,16,-1,-1,-1,-1,-1,14.04928,1,14.116864,0.838656,14.95552
3343,16,16,-1,-1,-1,-1,-1,14.0032,1,14.06976,0.827392,14.897152
3344,16,16,-1,-1,-1,-1,-1,13.94688,1,13.990912,0.831488,14.8224
3345,16,16,-1,-1,-1,-1,-1,13.939712,1,13.98272,0.82432,14.80704
3346,16,16,-1,-1,-1,-1,-1,13.91616,1,13.973504,0.830464,14.803968
3347,16,16,-1,-1,-1,-1,-1,13.930496,1,13.993984,0.826368,14.820352
3348,16,16,-1,-1,-1,-1,-1,13.919232,1,13.976576,0.825344,14.80192
3349,16,16,-1,-1,-1,-1,-1,13.934592,1,13.9776,0.828416,14.806016
3350,16,16,-1,-1,-1,-1,-1,13.934592,1,13.990912,0.825344,14.816256
3351,16,16,-1,-1,-1,-1,-1,13.913088,1,13.9776,0.826368,14.803968
3352,16,16,-1,-1,-1,-1,-1,13.922304,1,13.964288,0.822272,14.78656
3353,16,16,-1,-1,-1,-1,-1,13.93152,1,13.974528,0.82432,14.798848
3354,16,16,-1,-1,-1,-1,-1,13.912064,1,13.955072,0.822272,14.777344
3355,16,16,-1,-1,-1,-1,-1,13.93152,1,13.99808,0.823296,14.821376
3356,16,16,-1,-1,-1,-1,-1,13.898752,1,13.954048,0.827392,14.78144
3357,16,16,-1,-1,-1,-1,-1,13.904896,1,13.94688,0.826368,14.773248
3358,16,16,-1,-1,-1,-1,-1,13.88544,1,13.949952,0.823296,14.773248
3359,16,1024,-1,-1,-1,-1,-1,-1,0,71.890945,0.833536,72.724481
3360,16,16,-1,-1,-1,-1,-1,14.17216,1,14.216192,0.83456,15.050752
3361,16,16,-1,-1,-1,-1,-1,14.076928,1,14.118912,0.830464,14.949376
3362,16,16,-1,-1,-1,-1,-1,14.009344,1,14.075904,0.837632,14.913536
3363,16,16,-1,-1,-1,-1,-1,13.97248,1,14.016512,0.827392,14.843904
3364,16,1023,-1,-1,-1,-1,-1,-1,0,72.133629,0.83968,72.973309
3365,16,16,-1,-1,-1,-1,-1,14.185472,1,14.251008,0.833536,15.084544
3366,16,1024,-1,-1,-1,-1,-1,-1,0,74.371071,0.833536,75.204607
3367,16,16,-1,-1,-1,-1,-1,14.149632,1,14.216192,0.833536,15.049728
3368,16,16,-1,-1,-1,-1,-1,14.03904,1,14.083072,0.83456,14.917632
3369,16,16,-1,-1,-1,-1,-1,13.956096,1,13.999104,0.831488,14.830592
3370,16,16,-1,-1,-1,-1,-1,13.963264,1,14.006272,0.826368,14.83264
3371,16,16,-1,-1,-1,-1,-1,13.930496,1,13.99808,0.826368,14.824448
3372,16,1024,-1,-1,-1,-1,-1,-1,0,72.065025,0.836608,72.901633
3373,16,16,-1,-1,-1,-1,-1,14.149632,1,14.19264,0.83968,15.03232
3374,16,16,-1,-1,-1,-1,-1,14.083072,1,14.149632,0.835584,14.985216
3375,16,16,-1,-1,-1,-1,-1,13.965312,1,14.030848,0.82944,14.860288
3376,16,16,-1,-1,-1,-1,-1,13.980672,1,14.024704,0.82944,14.854144
3377,16,16,-1,-1,-1,-1,-1,13.96736,1,14.010368,0.82944,14.839808
3378,16,16,-1,-1,-1,-1,-1,13.943808,1,13.98784,0.826368,14.814208
3379,16,1024,-1,-1,-1,-1,-1,-1,0,72.059906,0.843776,72.903682
3380,16,16,-1,-1,-1,-1,-1,14.142464,1,14.208,0.843776,15.051776
3381,16,16,-1,-1,-1,-1,-1,14.086144,1,14.15168,0.830464,14.982144
3382,16,16,-1,-1,-1,-1,-1,14.029824,1,14.097408,0.843776,14.941184
3383,16,16,-1,-1,-1,-1,-1,13.96224,1,14.031872,0.832512,14.864384
3384,16,1024,-1,-1,-1,-1,-1,-1,0,72.043518,0.843776,72.887294
3385,16,16,-1,-1,-1,-1,-1,14.16192,1,14.208,0.843776,15.051776
3386,16,16,-1,-1,-1,-1,-1,14.068736,1,14.11584,0.831488,14.947328
3387,16,16,-1,-1,-1,-1,-1,14.00832,1,14.077952,0.830464,14.908416
3388,16,16,-1,-1,-1,-1,-1,13.945856,1,14.01344,0.83456,14.848
3389,16,16,-1,-1,-1,-1,-1,13.94176,1,13.986816,0.831488,14.818304
3390,16,16,-1,-1,-1,-1,-1,13.935616,1,14.002176,0.830464,14.83264
3391,16,16,-1,-1,-1,-1,-1,13.877248,1,13.94688,0.828416,14.775296
3392,16,16,-1,-1,-1,-1,-1,13.902848,1,13.947904,0.826368,14.774272
3393,16,1024,-1,-1,-1,-1,-1,-1,0,72.039421,0.833536,72.872957
3394,16,16,-1,-1,-1,-1,-1,14.162944,1,14.209024,0.833536,15.04256
3395,16,16,-1,-1,-1,-1,-1,14.099456,1,14.16704,0.82944,14.99648
3396,16,16,-1,-1,-1,-1,-1,14.014464,1,14.071808,0.832512,14.90432
3397,16,16,-1,-1,-1,-1,-1,13.955072,1,14.020608,0.830464,14.851072
3398,16,1024,-1,-1,-1,-1,-1,-1,0,72.119293,0.842752,72.962045
3399,16,16,-1,-1,-1,-1,-1,14.134272,1,14.20288,0.835584,15.038464
3400,16,1024,-1,-1,-1,-1,-1,-1,0,73.055229,0.843776,73.899005
3401,16,16,-1,-1,-1,-1,-1,14.102528,1,14.14656,0.833536,14.980096
3402,16,16,-1,-1,-1,-1,-1,14.081024,1,14.127104,0.836608,14.963712
3403,16,16,-1,-1,-1,-1,-1,13.948928,1,14.015488,0.828416,14.843904
3404,16,16,-1,-1,-1,-1,-1,13.950976,1,14.017536,0.830464,14.848
3405,16,16,-1,-1,-1,-1,-1,13.934592,1,13.978624,0.823296,14.80192
3406,16,16,-1,-1,-1,-1,-1,13.896704,1,13.954048,0.835584,14.789632
3407,16,16,-1,-1,-1,-1,-1,13.89568,1,13.96224,0.830464,14.792704
3408,16,16,-1,-1,-1,-1,-1,13.894656,1,13.939712,0.830464,14.770176
3409,16,16,-1,-1,-1,-1,-1,13.896704,1,13.96224,0.826368,14.788608
3410,16,16,-1,-1,-1,-1,-1,13.896704,1,13.938688,0.826368,14.765056
3411,16,16,-1,-1,-1,-1,-1,13.887488,1,13.953024,0.826368,14.779392
3412,16,1024,-1,-1,-1,-1,-1,-1,0,71.974915,0.840704,72.815619
3413,16,16,-1,-1,-1,-1,-1,14.125056,1,14.183424,0.837632,15.021056
3414,16,16,-1,-1,-1,-1,-1,14.025728,1,14.09536,0.832512,14.927872
3415,16,1024,-1,-1,-1,-1,-1,-1,0,72.564735,0.83968,73.404415
3416,16,16,-1,-1,-1,-1,-1,14.108672,1,14.178304,0.836608,15.014912
3417,16,16,-1,-1,-1,-1,-1,14.068736,1,14.113792,0.832512,14.946304
3418,16,2031,-1,-1,-1,-1,-1,-1,0,133.900284,0.847872,134.748156
3419,16,16,-1,-1,-1,-1,-1,14.148608,1,14.216192,0.832512,15.048704
3420,16,16,-1,-1,-1,-1,-1,14.068736,1,14.139392,0.835584,14.974976
3421,16,16,-1,-1,-1,-1,-1,13.981696,1,14.027776,0.831488,14.859264
3422,16,16,-1,-1,-1,-1,-1,13.974528,1,14.041088,0.828416,14.869504
3423,16,16,-1,-1,-1,-1,-1,13.904896,1,13.971456,0.826368,14.797824
3424,16,16,-1,-1,-1,-1,-1,13.90592,1,13.948928,0.831488,14.780416
3425,16,16,-1,-1,-1,-1,-1,13.884416,1,13.940736,0.833536,14.774272
3426,16,16,-1,-1,-1,-1,-1,13.896704,1,13.939712,0.825344,14.765056
3427,16,16,-1,-1,-1,-1,-1,13.893632,1,13.958144,0.835584,14.793728
3428,16,16,-1,-1,-1,-1,-1,13.906944,1,13.973504,0.838656,14.81216
3429,16,16,-1,-1,-1,-1,-1,13.894656,1,13.960192,0.835584,14.795776
3430,16,16,-1,-1,-1,-1,-1,13.889536,1,13.956096,0.832512,14.788608
3431,16,16,-1,-1,-1,-1,-1,13.883392,1,13.947904,0.828416,14.77632
3432,16,16,-1,-1,-1,-1,-1,13.884416,1,13.949952,0.827392,14.777344
3433,16,16,-1,-1,-1,-1,-1,13.86496,1,13.907968,0.825344,14.733312
3434,16,16,-1,-1,-1,-1,-1,13.887488,1,13.943808,0.828416,14.772224
3435,16,16,-1,-1,-1,-1,-1,13.87008,1,13.934592,0.828416,14.763008
3436,16,16,-1,-1,-1,-1,-1,13.893632,1,13.961216,0.827392,14.788608
3437,16,16,-1,-1,-1,-1,-1,13.867008,1,13.910016,0.825344,14.73536
3438,16,16,-1,-1,-1,-1,-1,13.887488,1,13.945856,0.82944,14.775296
3439,16,16,-1,-1,-1,-1,-1,13.893632,1,13.960192,0.835584,14.795776
3440,16,16,-1,-1,-1,-1,-1,13.882368,1,13.925376,0.826368,14.751744
3441,16,16,-1,-1,-1,-1,-1,13.8752,1,13.939712,0.826368,14.76608
3442,16,16,-1,-1,-1,-1,-1,13.86496,1,13.906944,0.82432,14.731264
3443,16,16,-1,-1,-1,-1,-1,13.85472,1,13.919232,0.826368,14.7456
3444,16,16,-1,-1,-1,-1,-1,13.889536,1,13.953024,0.825344,14.778368
3445,16,16,-1,-1,-1,-1,-1,13.886464,1,13.942784,0.82432,14.767104
3446,16,16,-1,-1,-1,-1,-1,13.888512,1,13.945856,0.82432,14.770176
3447,16,16,-1,-1,-1,-1,-1,13.893632,1,13.947904,0.82432,14.772224
3448,16,16,-1,-1,-1,-1,-1,13.882368,1,13.938688,0.83456,14.773248
3449,16,1024,-1,-1,-1,-1,-1,-1,0,71.419907,0.837632,72.257539
3450,16,16,-1,-1,-1,-1,-1,14.184448,1,14.249984,0.836608,15.086592
3451,16,16,-1,-1,-1,-1,-1,14.09024,1,14.1568,0.830464,14.987264
3452,16,16,-1,-1,-1,-1,-1,14.03904,1,14.104576,0.82944,14.934016
3453,16,16,-1,-1,-1,-1,-1,13.986816,1,14.0288,0.826368,14.855168
3454,16,16,-1,-1,-1,-1,-1,13.969408,1,14.03392,0.828416,14.862336
3455,16,16,-1,-1,-1,-1,-1,13.937664,1,14.001152,0.82432,14.825472
3456,16,16,-1,-1,-1,-1,-1,13.901824,1,13.944832,0.833536,14.778368
3457,16,16,-1,-1,-1,-1,-1,13.927424,1,13.983744,0.823296,14.80704
3458,16,1024,-1,-1,-1,-1,-1,-1,0,72.377342,0.837632,73.214974
3459,16,16,-1,-1,-1,-1,-1,14.121984,1,14.186496,0.831488,15.017984
3460,16,16,-1,-1,-1,-1,-1,14.092288,1,14.158848,0.82944,14.988288
3461,16,16,-1,-1,-1,-1,-1,13.986816,1,14.043136,0.826368,14.869504
3462,16,16,-1,-1,-1,-1,-1,13.96736,1,14.03392,0.835584,14.869504
3463,16,16,-1,-1,-1,-1,-1,13.942784,1,13.997056,0.825344,14.8224
3464,16,16,-1,-1,-1,-1,-1,13.924352,1,13.990912,0.826368,14.81728
3465,16,16,-1,-1,-1,-1,-1,13.928448,1,13.99296,0.827392,14.820352
3466,16,16,-1,-1,-1,-1,-1,13.929472,1,13.99296,0.830464,14.823424
3467,16,16,-1,-1,-1,-1,-1,13.945856,1,14.010368,0.830464,14.840832
3468,16,16,-1,-1,-1,-1,-1,13.923328,1,13.989888,0.826368,14.816256
3469,16,16,-1,-1,-1,-1,-1,13.902848,1,13.94688,0.831488,14.778368
3470,16,16,-1,-1,-1,-1,-1,13.904896,1,13.94688,0.83456,14.78144
3471,16,1024,-1,-1,-1,-1,-1,-1,0,72.074242,0.83456,72.908802
3472,16,16,-1,-1,-1,-1,-1,14.16192,1,14.205952,0.83456,15.040512
3473,16,16,-1,-1,-1,-1,-1,14.08,1,14.147584,0.82944,14.977024
3474,16,16,-1,-1,-1,-1,-1,14.009344,1,14.066688,0.827392,14.89408
3475,16,16,-1,-1,-1,-1,-1,13.96224,1,14.01856,0.831488,14.850048
3476,16,16,-1,-1,-1,-1,-1,13.898752,1,13.96224,0.82432,14.78656
3477,16,16,-1,-1,-1,-1,-1,13.920256,1,13.974528,0.826368,14.800896
3478,16,16,-1,-1,-1,-1,-1,13.945856,1,14.011392,0.823296,14.834688
3479,16,16,-1,-1,-1,-1,-1,13.914112,1,13.9776,0.825344,14.802944
3480,16,16,-1,-1,-1,-1,-1,13.934592,1,13.991936,0.827392,14.819328
3481,16,1024,-1,-1,-1,-1,-1,-1,0,71.799805,0.835584,72.635389
3482,16,16,-1,-1,-1,-1,-1,14.137344,1,14.20288,0.833536,15.036416
3483,16,16,-1,-1,-1,-1,-1,14.051328,1,14.117888,0.83968,14.957568
3484,16,16,-1,-1,-1,-1,-1,14.0032,1,14.06976,0.828416,14.898176
3485,16,16,-1,-1,-1,-1,-1,14.009344,1,14.052352,0.826368,14.87872
3486,16,16,-1,-1,-1,-1,-1,13.966336,1,14.009344,0.827392,14.836736
3487,16,16,-1,-1,-1,-1,-1,13.912064,1,13.975552,0.837632,14.813184
3488,16,16,-1,-1,-1,-1,-1,13.913088,1,13.956096,0.838656,14.794752
3489,16,16,-1,-1,-1,-1,-1,13.917184,1,13.980672,0.827392,14.808064
3490,16,1023,-1,-1,-1,-1,-1,-1,0,72.12851,0.83456,72.963069
3491,16,16,-1,-1,-1,-1,-1,14.169088,1,14.236672,0.833536,15.070208
3492,16,1024,-1,-1,-1,-1,-1,-1,0,73.674751,0.833536,74.508287
3493,16,16,-1,-1,-1,-1,-1,14.173184,1,14.216192,0.83968,15.055872
3494,16,16,-1,-1,-1,-1,-1,14.052352,1,14.118912,0.828416,14.947328
3495,16,16,-1,-1,-1,-1,-1,14.006272,1,14.072832,0.83456,14.907392
3496,16,16,-1,-1,-1,-1,-1,13.98272,1,14.048256,0.825344,14.8736
3497,16,1024,-1,-1,-1,-1,-1,-1,0,72.27494,0.841728,73.116668
3498,16,16,-1,-1,-1,-1,-1,14.137344,1,14.20288,0.831488,15.034368
3499,16,16,-1,-1,-1,-1,-1,14.099456,1,14.164992,0.837632,15.002624
3500,16,1023,-1,-1,-1,-1,-1,-1,0,73.674751,0.83968,74.514431
3501,16,16,-1,-1,-1,-1,-1,14.118912,1,14.186496,0.841728,15.028224
3502,16,16,-1,-1,-1,-1,-1,14.051328,1,14.096384,0.835584,14.931968
3503,16,16,-1,-1,-1,-1,-1,14.026752,1,14.092288,0.836608,14.928896
3504,16,16,-1,-1,-1,-1,-1,13.954048,1,13.99808,0.826368,14.824448
3505,16,16,-1,-1,-1,-1,-1,13.94688,1,14.012416,0.82944,14.841856
3506,16,16,-1,-1,-1,-1,-1,13.944832,1,14.001152,0.830464,14.831616
3507,16,16,-1,-1,-1,-1,-1,13.925376,1,13.989888,0.830464,14.820352
3508,16,16,-1,-1,-1,-1,-1,13.942784,1,14.009344,0.823296,14.83264
3509,16,16,-1,-1,-1,-1,-1,13.933568,1,13.975552,0.840704,14.816256
3510,16,1024,-1,-1,-1,-1,-1,-1,0,70.672386,0.842752,71.515138
3511,16,16,-1,-1,-1,-1,-1,14.15168,1,14.219264,0.842752,15.062016
3512,16,16,-1,-1,-1,-1,-1,14.075904,1,14.143488,0.838656,14.982144
3513,16,16,-1,-1,-1,-1,-1,14.009344,1,14.068736,0.830464,14.8992
3514,16,16,-1,-1,-1,-1,-1,13.942784,1,14.009344,0.833536,14.84288
3515,16,16,-1,-1,-1,-1,-1,13.934592,1,14.014464,0.828416,14.84288
3516,16,16,-1,-1,-1,-1,-1,13.904896,1,13.948928,0.828416,14.777344
3517,16,16,-1,-1,-1,-1,-1,13.950976,1,14.015488,0.832512,14.848
3518,16,16,-1,-1,-1,-1,-1,13.919232,1,13.964288,0.828416,14.792704
3519,16,16,-1,-1,-1,-1,-1,13.939712,1,14.004224,0.837632,14.841856
3520,16,16,-1,-1,-1,-1,-1,13.933568,1,13.9776,0.831488,14.809088
3521,16,16,-1,-1,-1,-1,-1,13.897728,1,13.964288,0.837632,14.80192
3522,16,1024,-1,-1,-1,-1,-1,-1,0,71.919617,0.836608,72.756225
3523,16,1024,-1,-1,-1,-1,-1,-1,0,74.423294,0.841728,75.265022
3524,16,16,-1,-1,-1,-1,-1,14.157824,1,14.226432,0.841728,15.06816
3525,16,1024,-1,-1,-1,-1,-1,-1,0,74.499069,0.831488,75.330557
3526,16,16,-1,-1,-1,-1,-1,14.179328,1,14.245888,0.835584,15.081472
3527,16,16,-1,-1,-1,-1,-1,14.103552,1,14.171136,0.833536,15.004672
3528,16,16,-1,-1,-1,-1,-1,13.9776,1,14.043136,0.833536,14.876672
3529,16,16,-1,-1,-1,-1,-1,13.930496,1,13.997056,0.830464,14.82752
3530,16,16,-1,-1,-1,-1,-1,13.907968,1,13.973504,0.825344,14.798848
3531,16,16,-1,-1,-1,-1,-1,13.893632,1,13.949952,0.830464,14.780416
3532,16,16,-1,-1,-1,-1,-1,13.86496,1,13.906944,0.82944,14.736384
3533,16,16,-1,-1,-1,-1,-1,13.899776,1,13.965312,0.830464,14.795776
3534,16,16,-1,-1,-1,-1,-1,13.922304,1,13.965312,0.831488,14.7968
3535,16,16,-1,-1,-1,-1,-1,13.919232,1,13.983744,0.833536,14.81728
3536,16,16,-1,-1,-1,-1,-1,13.927424,1,13.970432,0.832512,14.802944
3537,16,1024,-1,-1,-1,-1,-1,-1,0,72.214531,0.836608,73.051139
3538,16,16,-1,-1,-1,-1,-1,14.093312,1,14.152704,0.832512,14.985216
3539,16,1024,-1,-1,-1,-1,-1,-1,0,73.060349,0.8448,73.905149
3540,16,16,-1,-1,-1,-1,-1,14.13632,1,14.205952,0.83968,15.045632
3541,16,16,-1,-1,-1,-1,-1,14.127104,1,14.196736,0.843776,15.040512
3542,16,16,-1,-1,-1,-1,-1,14.15168,1,14.212096,0.837632,15.049728
3543,16,16,-1,-1,-1,-1,-1,14.12096,1,14.168064,0.835584,15.003648
3544,16,16,-1,-1,-1,-1,-1,14.145536,1,14.214144,0.838656,15.0528
3545,16,16,-1,-1,-1,-1,-1,13.932544,1,13.996032,0.827392,14.823424
3546,16,1024,-1,-1,-1,-1,-1,-1,0,72.037376,0.835584,72.87296
3547,16,16,-1,-1,-1,-1,-1,14.133248,1,14.198784,0.83968,15.038464
3548,16,16,-1,-1,-1,-1,-1,14.106624,1,14.152704,0.832512,14.985216
3549,16,16,-1,-1,-1,-1,-1,14.002176,1,14.067712,0.828416,14.896128
3550,16,16,-1,-1,-1,-1,-1,13.954048,1,14.000128,0.830464,14.830592
3551,16,16,-1,-1,-1,-1,-1,13.923328,1,13.979648,0.831488,14.811136
3552,16,1024,-1,-1,-1,-1,-1,-1,0,71.998466,0.837632,72.836098
3553,16,16,-1,-1,-1,-1,-1,14.121984,1,14.189568,0.835584,15.025152
3554,16,16,-1,-1,-1,-1,-1,14.027776,1,14.098432,0.831488,14.92992
3555,16,16,-1,-1,-1,-1,-1,13.955072,1,14.024704,0.830464,14.855168
3556,16,16,-1,-1,-1,-1,-1,13.88544,1,13.953024,0.831488,14.784512
3557,16,16,-1,-1,-1,-1,-1,13.912064,1,13.979648,0.831488,14.811136
3558,16,16,-1,-1,-1,-1,-1,13.891584,1,13.976576,0.828416,14.804992
3559,16,16,-1,-1,-1,-1,-1,13.899776,1,13.944832,0.832512,14.777344
3560,16,16,-1,-1,-1,-1,-1,13.90592,1,13.950976,0.840704,14.79168
3561,16,16,-1,-1,-1,-1,-1,13.907968,1,13.975552,0.828416,14.803968
3562,16,16,-1,-1,-1,-1,-1,13.901824,1,13.96736,0.827392,14.794752
3563,16,16,-1,-1,-1,-1,-1,13.935616,1,13.978624,0.827392,14.806016
3564,16,16,-1,-1,-1,-1,-1,13.907968,1,13.949952,0.827392,14.777344
3565,16,16,-1,-1,-1,-1,-1,13.873152,1,13.937664,0.825344,14.763008
3566,16,16,-1,-1,-1,-1,-1,13.879296,1,13.922304,0.82432,14.746624
3567,16,16,-1,-1,-1,-1,-1,13.881344,1,13.937664,0.826368,14.764032
3568,16,16,-1,-1,-1,-1,-1,13.873152,1,13.937664,0.826368,14.764032
3569,16,16,-1,-1,-1,-1,-1,13.897728,1,13.953024,0.823296,14.77632
3570,16,16,-1,-1,-1,-1,-1,13.884416,1,13.950976,0.82944,14.780416
3571,16,16,-1,-1,-1,-1,-1,13.887488,1,13.950976,0.825344,14.77632
3572,16,16,-1,-1,-1,-1,-1,13.860864,1,13.91616,0.83456,14.75072
3573,16,16,-1,-1,-1,-1,-1,13.894656,1,13.959168,0.827392,14.78656
3574,16,16,-1,-1,-1,-1,-1,13.860864,1,13.925376,0.82944,14.754816
3575,16,1024,-1,-1,-1,-1,-1,-1,0,71.938049,0.838656,72.776705
3576,16,16,-1,-1,-1,-1,-1,14.145536,1,14.189568,0.836608,15.026176
3577,16,16,-1,-1,-1,-1,-1,14.09536,1,14.163968,0.833536,14.997504
3578,16,16,-1,-1,-1,-1,-1,13.991936,1,14.055424,0.830464,14.885888
3579,16,16,-1,-1,-1,-1,-1,13.964288,1,14.006272,0.831488,14.83776
3580,16,16,-1,-1,-1,-1,-1,13.94688,1,13.989888,0.827392,14.81728
3581,16,1024,-1,-1,-1,-1,-1,-1,0,72.119293,0.841728,72.961021
3582,16,16,-1,-1,-1,-1,-1,14.15168,1,14.196736,0.831488,15.028224
3583,16,16,-1,-1,-1,-1,-1,14.058496,1,14.12608,0.83456,14.96064
3584,16,16,-1,-1,-1,-1,-1,13.989888,1,14.057472,0.827392,14.884864
3585,16,16,-1,-1,-1,-1,-1,13.930496,1,13.996032,0.82944,14.825472
3586,16,16,-1,-1,-1,-1,-1,13.9264,1,13.991936,0.827392,14.819328
3587,16,16,-1,-1,-1,-1,-1,13.92128,1,13.985792,0.827392,14.813184
3588,16,16,-1,-1,-1,-1,-1,13.918208,1,13.98272,0.828416,14.811136
3589,16,16,-1,-1,-1,-1,-1,13.901824,1,13.96736,0.832512,14.799872
3590,16,16,-1,-1,-1,-1,-1,13.932544,1,13.986816,0.837632,14.824448
3591,16,16,-1,-1,-1,-1,-1,13.898752,1,13.96224,0.82432,14.78656
3592,16,16,-1,-1,-1,-1,-1,13.90592,1,13.947904,0.82432,14.772224
3593,16,16,-1,-1,-1,-1,-1,13.928448,1,13.984768,0.823296,14.808064
3594,16,16,-1,-1,-1,-1,-1,13.889536,1,13.94688,0.826368,14.773248
3595,16,1024,-1,-1,-1,-1,-1,-1,0,71.834625,0.836608,72.671233
3596,16,16,-1,-1,-1,-1,-1,14.150656,1,14.196736,0.840704,15.03744
3597,16,16,-1,-1,-1,-1,-1,14.063616,1,14.130176,0.831488,14.961664
3598,16,16,-1,-1,-1,-1,-1,14.0032,1,14.046208,0.840704,14.886912
3599,16,16,-1,-1,-1,-1,-1,13.979648,1,14.02368,0.828416,14.852096
3600,16,16,-1,-1,-1,-1,-1,13.96736,1,14.032896,0.827392,14.860288
3601,16,16,-1,-1,-1,-1,-1,13.947904,1,14.01344,0.831488,14.844928
3602,16,16,-1,-1,-1,-1,-1,13.91104,1,13.966336,0.832512,14.798848
3603,16,16,-1,-1,-1,-1,-1,13.914112,1,13.971456,0.82432,14.795776
3604,16,16,-1,-1,-1,-1,-1,13.942784,1,14.006272,0.825344,14.831616
3605,16,16,-1,-1,-1,-1,-1,13.9264,1,13.98272,0.837632,14.820352
3606,16,16,-1,-1,-1,-1,-1,13.920256,1,13.976576,0.826368,14.802944
3607,16,16,-1,-1,-1,-1,-1,13.930496,1,13.995008,0.82432,14.819328
3608,16,16,-1,-1,-1,-1,-1,13.886464,1,13.929472,0.825344,14.754816
3609,16,16,-1,-1,-1,-1,-1,13.912064,1,13.976576,0.828416,14.804992
3610,16,16,-1,-1,-1,-1,-1,13.903872,1,13.961216,0.833536,14.794752
3611,16,1024,-1,-1,-1,-1,-1,-1,0,71.770111,0.836608,72.606719
3612,16,16,-1,-1,-1,-1,-1,14.152704,1,14.196736,0.841728,15.038464
3613,16,16,-1,-1,-1,-1,-1,14.1056,1,14.171136,0.831488,15.002624
3614,16,1024,-1,-1,-1,-1,-1,-1,0,72.671234,0.835584,73.506818
3615,16,16,-1,-1,-1,-1,-1,14.142464,1,14.18752,0.842752,15.030272
3616,16,16,-1,-1,-1,-1,-1,14.109696,1,14.176256,0.828416,15.004672
3617,16,16,-1,-1,-1,-1,-1,14.026752,1,14.086144,0.833536,14.91968
3618,16,2031,-1,-1,-1,-1,-1,-1,0,132.638718,0.836608,133.475326
3619,16,16,-1,-1,-1,-1,-1,14.185472,1,14.25408,0.83968,15.09376
3620,16,16,-1,-1,-1,-1,-1,14.125056,1,14.170112,0.830464,15.000576
3621,16,16,-1,-1,-1,-1,-1,14.03392,1,14.10048,0.830464,14.930944
3622,16,16,-1,-1,-1,-1,-1,13.995008,1,14.060544,0.82944,14.889984
3623,16,16,-1,-1,-1,-1,-1,13.93664,1,13.999104,0.83968,14.838784
3624,16,16,-1,-1,-1,-1,-1,13.91104,1,13.953024,0.827392,14.780416
3625,16,16,-1,-1,-1,-1,-1,13.902848,1,13.96736,0.827392,14.794752
3626,16,16,-1,-1,-1,-1,-1,13.934592,1,14.000128,0.827392,14.82752
3627,16,16,-1,-1,-1,-1,-1,13.896704,1,13.963264,0.82944,14.792704
3628,16,16,-1,-1,-1,-1,-1,13.925376,1,13.96736,0.827392,14.794752
3629,16,16,-1,-1,-1,-1,-1,13.932544,1,13.997056,0.82944,14.826496
3630,16,16,-1,-1,-1,-1,-1,13.932544,1,13.988864,0.82944,14.818304
3631,16,1023,-1,-1,-1,-1,-1,-1,0,71.967743,0.83968,72.807423
3632,16,16,-1,-1,-1,-1,-1,14.147584,1,14.206976,0.836608,15.043584
3633,16,16,-1,-1,-1,-1,-1,14.047232,1,14.114816,0.82944,14.944256
3634,16,16,-1,-1,-1,-1,-1,13.989888,1,14.048256,0.828416,14.876672
3635,16,16,-1,-1,-1,-1,-1,13.91104,1,13.9776,0.828416,14.806016
3636,16,16,-1,-1,-1,-1,-1,13.894656,1,13.940736,0.828416,14.769152
3637,16,16,-1,-1,-1,-1,-1,13.906944,1,13.97248,0.826368,14.798848
3638,16,1024,-1,-1,-1,-1,-1,-1,0,72.137726,0.83968,72.977406
3639,16,16,-1,-1,-1,-1,-1,14.128128,1,14.19264,0.835584,15.028224
3640,16,16,-1,-1,-1,-1,-1,14.053376,1,14.098432,0.830464,14.928896
3641,16,16,-1,-1,-1,-1,-1,13.99296,1,14.036992,0.83456,14.871552
3642,16,16,-1,-1,-1,-1,-1,13.933568,1,13.99808,0.833536,14.831616
3643,16,16,-1,-1,-1,-1,-1,13.93664,1,14.002176,0.83456,14.836736
3644,16,16,-1,-1,-1,-1,-1,13.923328,1,13.965312,0.826368,14.79168
3645,16,16,-1,-1,-1,-1,-1,13.94688,1,14.002176,0.835584,14.83776
3646,16,1024,-1,-1,-1,-1,-1,-1,0,72.150017,0.842752,72.992769
3647,16,16,-1,-1,-1,-1,-1,14.16704,1,14.211072,0.833536,15.044608
3648,16,16,-1,-1,-1,-1,-1,14.106624,1,14.174208,0.835584,15.009792
3649,16,16,-1,-1,-1,-1,-1,14.012416,1,14.068736,0.841728,14.910464
3650,16,16,-1,-1,-1,-1,-1,13.927424,1,13.990912,0.826368,14.81728
3651,16,16,-1,-1,-1,-1,-1,13.9264,1,13.990912,0.827392,14.818304
3652,16,16,-1,-1,-1,-1,-1,13.918208,1,13.961216,0.83456,14.795776
3653,16,1024,-1,-1,-1,-1,-1,-1,0,72.247299,0.83456,73.081859
3654,16,16,-1,-1,-1,-1,-1,14.082048,1,14.147584,0.831488,14.979072
3655,16,16,-1,-1,-1,-1,-1,14.065664,1,14.130176,0.837632,14.967808
3656,16,16,-1,-1,-1,-1,-1,13.988864,1,14.032896,0.831488,14.864384
3657,16,16,-1,-1,-1,-1,-1,13.918208,1,13.963264,0.832512,14.795776
3658,16,16,-1,-1,-1,-1,-1,13.882368,1,13.938688,0.838656,14.777344
3659,16,16,-1,-1,-1,-1,-1,13.914112,1,13.979648,0.82944,14.809088
3660,16,16,-1,-1,-1,-1,-1,13.891584,1,13.934592,0.83456,14.769152
3661,16,16,-1,-1,-1,-1,-1,13.902848,1,13.960192,0.828416,14.788608
3662,16,1023,-1,-1,-1,-1,-1,-1,0,72.046593,0.842752,72.889345
3663,16,16,-1,-1,-1,-1,-1,14.133248,1,14.198784,0.831488,15.030272
3664,16,16,-1,-1,-1,-1,-1,14.035968,1,14.103552,0.836608,14.94016
3665,16,16,-1,-1,-1,-1,-1,13.988864,1,14.055424,0.828416,14.88384
3666,16,1024,-1,-1,-1,-1,-1,-1,0,72.502274,0.845824,73.348098
3667,16,1024,-1,-1,-1,-1,-1,-1,0,74.827774,0.842752,75.670526
3668,16,16,-1,-1,-1,-1,-1,14.137344,1,14.1824,0.835584,15.017984
3669,16,16,-1,-1,-1,-1,-1,14.117888,1,14.178304,0.843776,15.02208
3670,16,16,-1,-1,-1,-1,-1,14.109696,1,14.17728,0.838656,15.015936
3671,16,1023,-1,-1,-1,-1,-1,-1,0,73.873405,0.833536,74.706941
3672,16,16,-1,-1,-1,-1,-1,14.099456,1,14.157824,0.835584,14.993408
3673,16,16,-1,-1,-1,-1,-1,14.107648,1,14.152704,0.833536,14.98624
3674,16,16,-1,-1,-1,-1,-1,14.001152,1,14.045184,0.83456,14.879744
3675,16,16,-1,-1,-1,-1,-1,13.954048,1,14.020608,0.830464,14.851072
3676,16,16,-1,-1,-1,-1,-1,13.93152,1,13.974528,0.82432,14.798848
3677,16,16,-1,-1,-1,-1,-1,13.930496,1,13.996032,0.838656,14.834688
3678,16,16,-1,-1,-1,-1,-1,13.925376,1,13.990912,0.836608,14.82752
3679,16,16,-1,-1,-1,-1,-1,13.907968,1,13.97248,0.82944,14.80192
3680,16,16,-1,-1,-1,-1,-1,13.904896,1,13.970432,0.838656,14.809088
3681,16,16,-1,-1,-1,-1,-1,13.897728,1,13.94176,0.83968,14.78144
3682,16,16,-1,-1,-1,-1,-1,13.882368,1,13.950976,0.830464,14.78144
3683,16,16,-1,-1,-1,-1,-1,13.879296,1,13.94688,0.831488,14.778368
3684,16,16,-1,-1,-1,-1,-1,13.85984,1,13.903872,0.831488,14.73536
3685,16,16,-1,-1,-1,-1,-1,13.86496,1,13.93152,0.828416,14.759936
3686,16,16,-1,-1,-1,-1,-1,13.853696,1,13.918208,0.830464,14.748672
3687,16,1024,-1,-1,-1,-1,-1,-1,0,71.743484,0.843776,72.58726
3688,16,16,-1,-1,-1,-1,-1,14.142464,1,14.211072,0.840704,15.051776
3689,16,16,-1,-1,-1,-1,-1,14.01856,1,14.062592,0.840704,14.903296
3690,16,16,-1,-1,-1,-1,-1,13.966336,1,14.011392,0.831488,14.84288
3691,16,16,-1,-1,-1,-1,-1,13.942784,1,14.011392,0.832512,14.843904
3692,16,16,-1,-1,-1,-1,-1,13.947904,1,13.990912,0.827392,14.818304
3693,16,16,-1,-1,-1,-1,-1,13.929472,1,13.99808,0.832512,14.830592
3694,16,16,-1,-1,-1,-1,-1,13.920256,1,13.985792,0.82944,14.815232
3695,16,16,-1,-1,-1,-1,-1,13.908992,1,13.974528,0.836608,14.811136
3696,16,16,-1,-1,-1,-1,-1,13.913088,1,13.978624,0.827392,14.806016
3697,16,16,-1,-1,-1,-1,-1,13.925376,1,13.970432,0.82944,14.799872
3698,16,16,-1,-1,-1,-1,-1,13.914112,1,13.971456,0.825344,14.7968
3699,16,16,-1,-1,-1,-1,-1,13.876224,1,13.94176,0.833536,14.775296
3700,16,16,-1,-1,-1,-1,-1,13.896704,1,13.942784,0.826368,14.769152
3701,16,16,-1,-1,-1,-1,-1,13.907968,1,13.974528,0.830464,14.804992
3702,16,16,-1,-1,-1,-1,-1,13.884416,1,13.950976,0.826368,14.777344
3703,16,16,-1,-1,-1,-1,-1,13.889536,1,13.956096,0.832512,14.788608
3704,16,1024,-1,-1,-1,-1,-1,-1,0,71.898109,0.846848,72.744957
3705,16,16,-1,-1,-1,-1,-1,14.118912,1,14.162944,0.845824,15.008768
3706,16,16,-1,-1,-1,-1,-1,14.103552,1,14.14656,0.832512,14.979072
3707,16,16,-1,-1,-1,-1,-1,14.000128,1,14.066688,0.833536,14.900224
3708,16,16,-1,-1,-1,-1,-1,13.960192,1,14.004224,0.840704,14.844928
3709,16,1024,-1,-1,-1,-1,-1,-1,0,72.069122,0.838656,72.907778
3710,16,16,-1,-1,-1,-1,-1,14.159872,1,14.22848,0.835584,15.064064
3711,16,16,-1,-1,-1,-1,-1,14.066688,1,14.133248,0.83456,14.967808
3712,16,16,-1,-1,-1,-1,-1,14.017536,1,14.083072,0.836608,14.91968
3713,16,16,-1,-1,-1,-1,-1,13.959168,1,14.002176,0.826368,14.828544
3714,16,16,-1,-1,-1,-1,-1,13.93664,1,14.0032,0.82944,14.83264
3715,16,16,-1,-1,-1,-1,-1,13.924352,1,13.988864,0.830464,14.819328
3716,16,16,-1,-1,-1,-1,-1,13.90592,1,13.949952,0.826368,14.77632
3717,16,16,-1,-1,-1,-1,-1,13.930496,1,13.993984,0.82944,14.823424
3718,16,16,-1,-1,-1,-1,-1,13.927424,1,13.993984,0.82944,14.823424
3719,16,16,-1,-1,-1,-1,-1,13.940736,1,14.006272,0.822272,14.828544
3720,16,16,-1,-1,-1,-1,-1,13.913088,1,13.970432,0.830464,14.800896
3721,16,16,-1,-1,-1,-1,-1,13.897728,1,13.940736,0.825344,14.76608
3722,16,16,-1,-1,-1,-1,-1,13.933568,1,13.975552,0.831488,14.80704
3723,16,16,-1,-1,-1,-1,-1,13.88032,1,13.94688,0.82432,14.7712
3724,16,16,-1,-1,-1,-1,-1,13.901824,1,13.944832,0.832512,14.777344
3725,16,1024,-1,-1,-1,-1,-1,-1,0,71.997437,0.836608,72.834045
3726,16,16,-1,-1,-1,-1,-1,14.152704,1,14.219264,0.835584,15.054848
3727,16,16,-1,-1,-1,-1,-1,14.097408,1,14.157824,0.830464,14.988288
3728,16,16,-1,-1,-1,-1,-1,14.020608,1,14.086144,0.832512,14.918656
3729,16,16,-1,-1,-1,-1,-1,13.933568,1,13.9776,0.82944,14.80704
3730,16,16,-1,-1,-1,-1,-1,13.93152,1,13.997056,0.826368,14.823424
3731,16,16,-1,-1,-1,-1,-1,13.92128,1,13.986816,0.830464,14.81728
3732,16,16,-1,-1,-1,-1,-1,13.918208,1,13.96224,0.82944,14.79168
3733,16,16,-1,-1,-1,-1,-1,13.902848,1,13.966336,0.830464,14.7968
3734,16,16,-1,-1,-1,-1,-1,13.920256,1,13.986816,0.837632,14.824448
3735,16,16,-1,-1,-1,-1,-1,13.908992,1,13.97248,0.83968,14.81216
3736,16,16,-1,-1,-1,-1,-1,13.894656,1,13.960192,0.82432,14.784512
3737,16,1024,-1,-1,-1,-1,-1,-1,0,71.853058,0.83456,72.687618
3738,16,16,-1,-1,-1,-1,-1,14.143488,1,14.18752,0.837632,15.025152
3739,16,1024,-1,-1,-1,-1,-1,-1,0,73.089027,0.83968,73.928707
3740,16,1024,-1,-1,-1,-1,-1,-1,0,74.467331,0.840704,75.308035
3741,16,16,-1,-1,-1,-1,-1,14.107648,1,14.17728,0.843776,15.021056
3742,16,16,-1,-1,-1,-1,-1,14.062592,1,14.1312,0.837632,14.968832
3743,16,16,-1,-1,-1,-1,-1,13.990912,1,14.057472,0.838656,14.896128
3744,16,16,-1,-1,-1,-1,-1,13.988864,1,14.056448,0.833536,14.889984
3745,16,16,-1,-1,-1,-1,-1,13.932544,1,13.976576,0.827392,14.803968
3746,16,16,-1,-1,-1,-1,-1,13.918208,1,13.983744,0.828416,14.81216
3747,16,16,-1,-1,-1,-1,-1,13.930496,1,13.995008,0.83456,14.829568
3748,16,1024,-1,-1,-1,-1,-1,-1,0,71.99437,0.837632,72.832002
3749,16,16,-1,-1,-1,-1,-1,14.166016,1,14.2336,0.833536,15.067136
3750,16,16,-1,-1,-1,-1,-1,14.073856,1,14.142464,0.832512,14.974976
3751,16,16,-1,-1,-1,-1,-1,14.045184,1,14.113792,0.833536,14.947328
3752,16,16,-1,-1,-1,-1,-1,14.005248,1,14.072832,0.836608,14.90944
3753,16,16,-1,-1,-1,-1,-1,13.966336,1,14.030848,0.83968,14.870528
3754,16,16,-1,-1,-1,-1,-1,13.960192,1,14.004224,0.828416,14.83264
3755,16,16,-1,-1,-1,-1,-1,13.940736,1,14.007296,0.83456,14.841856
3756,16,16,-1,-1,-1,-1,-1,13.956096,1,14.021632,0.830464,14.852096
3757,16,16,-1,-1,-1,-1,-1,13.938688,1,14.005248,0.83456,14.839808
3758,16,16,-1,-1,-1,-1,-1,13.960192,1,14.026752,0.82944,14.856192
3759,16,1024,-1,-1,-1,-1,-1,-1,0,71.588867,0.83456,72.423427
3760,16,16,-1,-1,-1,-1,-1,14.159872,1,14.205952,0.836608,15.04256
3761,16,16,-1,-1,-1,-1,-1,14.088192,1,14.133248,0.835584,14.968832
3762,16,16,-1,-1,-1,-1,-1,14.022656,1,14.088192,0.827392,14.915584
3763,16,1024,-1,-1,-1,-1,-1,-1,0,72.24115,0.842752,73.083902
3764,16,16,-1,-1,-1,-1,-1,14.159872,1,14.227456,0.840704,15.06816
3765,16,16,-1,-1,-1,-1,-1,14.048256,1,14.11584,0.842752,14.958592
3766,16,16,-1,-1,-1,-1,-1,13.95712,1,15.156224,0.832512,15.988736
3767,16,16,-1,-1,-1,-1,-1,13.93152,1,13.999104,0.835584,14.834688
3768,16,16,-1,-1,-1,-1,-1,13.940736,1,14.006272,0.825344,14.831616
3769,16,16,-1,-1,-1,-1,-1,13.942784,1,14.009344,0.825344,14.834688
3770,16,16,-1,-1,-1,-1,-1,13.922304,1,13.96736,0.827392,14.794752
3771,16,16,-1,-1,-1,-1,-1,13.90592,1,13.970432,0.832512,14.802944
3772,16,16,-1,-1,-1,-1,-1,13.937664,1,14.0032,0.826368,14.829568
3773,16,1024,-1,-1,-1,-1,-1,-1,0,71.766014,0.838656,72.60467
3774,16,16,-1,-1,-1,-1,-1,14.116864,1,14.184448,0.835584,15.020032
3775,16,16,-1,-1,-1,-1,-1,14.098432,1,14.16704,0.841728,15.008768
3776,16,16,-1,-1,-1,-1,-1,13.984768,1,14.029824,0.828416,14.85824
3777,16,16,-1,-1,-1,-1,-1,13.974528,1,14.01856,0.828416,14.846976
3778,16,16,-1,-1,-1,-1,-1,13.954048,1,14.019584,0.833536,14.85312
3779,16,1024,-1,-1,-1,-1,-1,-1,0,71.841789,0.840704,72.682493
3780,16,16,-1,-1,-1,-1,-1,14.166016,1,14.224384,0.841728,15.066112
3781,16,1024,-1,-1,-1,-1,-1,-1,0,73.161728,0.83456,73.996288
3782,16,16,-1,-1,-1,-1,-1,14.12608,1,14.170112,0.838656,15.008768
3783,16,16,-1,-1,-1,-1,-1,14.11072,1,14.17728,0.832512,15.009792
3784,16,16,-1,-1,-1,-1,-1,14.11072,1,14.179328,0.833536,15.012864
3785,16,1024,-1,-1,-1,-1,-1,-1,0,73.666557,0.83456,74.501117
3786,16,16,-1,-1,-1,-1,-1,14.140416,1,14.185472,0.830464,15.015936
3787,16,16,-1,-1,-1,-1,-1,14.02368,1,14.089216,0.830464,14.91968
3788,16,16,-1,-1,-1,-1,-1,14.012416,1,14.068736,0.825344,14.89408
3789,16,16,-1,-1,-1,-1,-1,13.942784,1,14.009344,0.827392,14.836736
3790,16,16,-1,-1,-1,-1,-1,13.928448,1,13.971456,0.832512,14.803968
3791,16,16,-1,-1,-1,-1,-1,13.933568,1,13.988864,0.828416,14.81728
3792,16,1024,-1,-1,-1,-1,-1,-1,0,69.982208,0.831488,70.813696
3793,16,16,-1,-1,-1,-1,-1,13.917184,1,13.961216,0.838656,14.799872
3794,16,16,-1,-1,-1,-1,-1,14.068736,1,14.138368,0.833536,14.971904
3795,16,16,-1,-1,-1,-1,-1,13.984768,1,14.051328,0.838656,14.889984
3796,16,16,-1,-1,-1,-1,-1,13.950976,1,14.016512,0.830464,14.846976
3797,16,16,-1,-1,-1,-1,-1,13.914112,1,13.971456,0.837632,14.809088
3798,16,16,-1,-1,-1,-1,-1,13.896704,1,13.94176,0.833536,14.775296
3799,16,16,-1,-1,-1,-1,-1,13.923328,1,13.989888,0.828416,14.818304
3800,16,1024,-1,-1,-1,-1,-1,-1,0,71.663612,0.840704,72.504316
3801,16,16,-1,-1,-1,-1,-1,14.113792,1,14.180352,0.828416,15.008768
3802,16,16,-1,-1,-1,-1,-1,14.043136,1,14.088192,0.827392,14.915584
3803,16,16,-1,-1,-1,-1,-1,13.971456,1,14.027776,0.833536,14.861312
3804,16,16,-1,-1,-1,-1,-1,13.933568,1,14.000128,0.827392,14.82752
3805,16,16,-1,-1,-1,-1,-1,13.942784,1,14.010368,0.833536,14.843904
3806,16,16,-1,-1,-1,-1,-1,13.915136,1,13.95712,0.826368,14.783488
3807,16,16,-1,-1,-1,-1,-1,13.918208,1,13.98272,0.836608,14.819328
3808,16,16,-1,-1,-1,-1,-1,13.94688,1,14.010368,0.826368,14.836736
3809,16,16,-1,-1,-1,-1,-1,13.922304,1,13.964288,0.833536,14.797824
3810,16,16,-1,-1,-1,-1,-1,13.913088,1,13.958144,0.826368,14.784512
3811,16,1024,-1,-1,-1,-1,-1,-1,0,72.134659,0.8448,72.979459
3812,16,16,-1,-1,-1,-1,-1,14.139392,1,14.209024,0.830464,15.039488
3813,16,16,-1,-1,-1,-1,-1,14.066688,1,14.133248,0.833536,14.966784
3814,16,16,-1,-1,-1,-1,-1,13.975552,1,14.01856,0.832512,14.851072
3815,16,16,-1,-1,-1,-1,-1,13.963264,1,14.006272,0.826368,14.83264
3816,16,16,-1,-1,-1,-1,-1,13.933568,1,14.002176,0.826368,14.828544
3817,16,16,-1,-1,-1,-1,-1,13.927424,1,13.991936,0.833536,14.825472
3818,16,16,-1,-1,-1,-1,-1,13.912064,1,13.956096,0.832512,14.788608
3819,16,16,-1,-1,-1,-1,-1,13.881344,1,13.945856,0.836608,14.782464
3820,16,16,-1,-1,-1,-1,-1,13.896704,1,13.96224,0.827392,14.789632
3821,16,16,-1,-1,-1,-1,-1,13.934592,1,13.991936,0.827392,14.819328
3822,16,16,-1,-1,-1,-1,-1,13.882368,1,13.925376,0.830464,14.75584
3823,16,16,-1,-1,-1,-1,-1,13.876224,1,13.940736,0.826368,14.767104
3824,16,16,-1,-1,-1,-1,-1,13.901824,1,13.956096,0.825344,14.78144
3825,16,16,-1,-1,-1,-1,-1,13.894656,1,13.935616,0.83456,14.770176
3826,16,16,-1,-1,-1,-1,-1,13.878272,1,13.920256,0.827392,14.747648
3827,16,16,-1,-1,-1,-1,-1,13.893632,1,13.958144,0.831488,14.789632
3828,16,2032,-1,-1,-1,-1,-1,-1,0,133.400574,0.838656,134.23923
3829,16,16,-1,-1,-1,-1,-1,14.183424,1,14.251008,0.842752,15.09376
3830,16,16,-1,-1,-1,-1,-1,14.106624,1,14.150656,0.826368,14.977024
3831,16,16,-1,-1,-1,-1,-1,14.004224,1,14.048256,0.827392,14.875648
3832,16,16,-1,-1,-1,-1,-1,13.971456,1,14.0288,0.837632,14.866432
3833,16,16,-1,-1,-1,-1,-1,13.942784,1,14.001152,0.82944,14.830592
3834,16,16,-1,-1,-1,-1,-1,13.956096,1,14.000128,0.827392,14.82752
3835,16,16,-1,-1,-1,-1,-1,13.918208,1,13.98272,0.82432,14.80704
3836,16,16,-1,-1,-1,-1,-1,13.918208,1,13.974528,0.832512,14.80704
3837,16,16,-1,-1,-1,-1,-1,13.902848,1,13.969408,0.823296,14.792704
3838,16,16,-1,-1,-1,-1,-1,13.939712,1,13.98272,0.826368,14.809088
3839,16,16,-1,-1,-1,-1,-1,13.948928,1,14.012416,0.828416,14.840832
3840,16,16,-1,-1,-1,-1,-1,13.85984,1,13.922304,0.831488,14.753792
3841,16,16,-1,-1,-1,-1,-1,13.879296,1,13.924352,0.82944,14.753792
3842,16,16,-1,-1,-1,-1,-1,13.88032,1,13.923328,0.833536,14.756864
3843,16,16,-1,-1,-1,-1,-1,13.898752,1,13.955072,0.828416,14.783488
3844,16,16,-1,-1,-1,-1,-1,13.883392,1,13.949952,0.827392,14.777344
3845,16,831,-1,-1,-1,-1,-1,-1,0,66.828285,0.842752,67.671037
3846,16,16,-1,-1,-1,-1,-1,14.157824,1,14.226432,0.83968,15.066112
3847,16,16,-1,-1,-1,-1,-1,14.073856,1,14.119936,0.838656,14.958592
3848,16,16,-1,-1,-1,-1,-1,13.978624,1,14.046208,0.828416,14.874624
3849,16,16,-1,-1,-1,-1,-1,13.914112,1,13.981696,0.828416,14.810112
3850,16,16,-1,-1,-1,-1,-1,13.922304,1,13.96736,0.830464,14.797824
3851,16,16,-1,-1,-1,-1,-1,13.927424,1,13.991936,0.828416,14.820352
3852,16,16,-1,-1,-1,-1,-1,13.923328,1,13.989888,0.82944,14.819328
3853,16,16,-1,-1,-1,-1,-1,13.91616,1,13.981696,0.827392,14.809088
3854,16,16,-1,-1,-1,-1,-1,13.919232,1,13.963264,0.828416,14.79168
3855,16,16,-1,-1,-1,-1,-1,13.897728,1,13.96224,0.833536,14.795776
3856,16,16,-1,-1,-1,-1,-1,13.896704,1,13.952,0.82944,14.78144
3857,16,16,-1,-1,-1,-1,-1,13.910016,1,13.954048,0.828416,14.782464
3858,16,2032,-1,-1,-1,-1,-1,-1,0,134.147079,0.8448,134.991879
3859,16,16,-1,-1,-1,-1,-1,14.170112,1,14.236672,0.830464,15.067136
3860,16,16,-1,-1,-1,-1,-1,14.09536,1,14.16192,0.833536,14.995456
3861,16,16,-1,-1,-1,-1,-1,13.973504,1,14.041088,0.826368,14.867456
3862,16,16,-1,-1,-1,-1,-1,13.94176,1,13.999104,0.830464,14.829568
3863,16,16,-1,-1,-1,-1,-1,13.940736,1,13.985792,0.825344,14.811136
3864,16,16,-1,-1,-1,-1,-1,13.913088,1,13.9776,0.823296,14.800896
3865,16,1024,-1,-1,-1,-1,-1,-1,0,71.91552,0.841728,72.757248
3866,16,16,-1,-1,-1,-1,-1,14.129152,1,14.175232,0.836608,15.01184
3867,16,16,-1,-1,-1,-1,-1,14.137344,1,14.1824,0.835584,15.017984
3868,16,16,-1,-1,-1,-1,-1,14.137344,1,14.183424,0.835584,15.019008
3869,16,16,-1,-1,-1,-1,-1,14.150656,1,14.21824,0.83968,15.05792
3870,16,16,-1,-1,-1,-1,-1,14.154752,1,14.200832,0.833536,15.034368
3871,16,16,-1,-1,-1,-1,-1,14.042112,1,14.11072,0.82944,14.94016
3872,16,16,-1,-1,-1,-1,-1,13.93664,1,14.0032,0.82432,14.82752
3873,16,16,-1,-1,-1,-1,-1,13.923328,1,13.966336,0.835584,14.80192
3874,16,16,-1,-1,-1,-1,-1,13.94176,1,14.00832,0.831488,14.839808
3875,16,16,-1,-1,-1,-1,-1,13.910016,1,13.978624,0.830464,14.809088
3876,16,16,-1,-1,-1,-1,-1,13.914112,1,13.981696,0.831488,14.813184
3877,16,16,-1,-1,-1,-1,-1,13.886464,1,13.949952,0.828416,14.778368
3878,16,16,-1,-1,-1,-1,-1,13.89056,1,13.956096,0.827392,14.783488
3879,16,16,-1,-1,-1,-1,-1,13.914112,1,13.958144,0.831488,14.789632
3880,16,16,-1,-1,-1,-1,-1,13.878272,1,13.943808,0.831488,14.775296
3881,16,1024,-1,-1,-1,-1,-1,-1,0,69.872643,0.83968,70.712323
3882,16,16,-1,-1,-1,-1,-1,14.142464,1,14.186496,0.840704,15.0272
3883,16,16,-1,-1,-1,-1,-1,14.099456,1,14.145536,0.833536,14.979072
3884,16,1024,-1,-1,-1,-1,-1,-1,0,72.255486,0.856064,73.11155
3885,16,1023,-1,-1,-1,-1,-1,-1,0,74.43866,0.83456,75.27322
3886,16,16,-1,-1,-1,-1,-1,14.153728,1,14.220288,0.83456,15.054848
3887,16,16,-1,-1,-1,-1,-1,14.086144,1,14.1312,0.833536,14.964736
3888,16,16,-1,-1,-1,-1,-1,13.968384,1,14.03392,0.836608,14.870528
3889,16,16,-1,-1,-1,-1,-1,13.954048,1,13.999104,0.828416,14.82752
3890,16,1024,-1,-1,-1,-1,-1,-1,0,72.18586,0.83456,73.02042
3891,16,16,-1,-1,-1,-1,-1,14.144512,1,14.212096,0.840704,15.0528
3892,16,16,-1,-1,-1,-1,-1,14.03392,1,14.101504,0.83968,14.941184
3893,16,16,-1,-1,-1,-1,-1,13.99296,1,14.05952,0.83456,14.89408
3894,16,16,-1,-1,-1,-1,-1,13.970432,1,14.034944,0.828416,14.86336
3895,16,16,-1,-1,-1,-1,-1,13.947904,1,13.990912,0.82944,14.820352
3896,16,16,-1,-1,-1,-1,-1,13.91104,1,13.978624,0.83456,14.813184
3897,16,16,-1,-1,-1,-1,-1,13.935616,1,13.991936,0.828416,14.820352
3898,16,16,-1,-1,-1,-1,-1,13.9008,1,13.945856,0.831488,14.777344
3899,16,1023,-1,-1,-1,-1,-1,-1,0,72.124413,0.842752,72.967165
3900,16,1024,-1,-1,-1,-1,-1,-1,0,74.507263,0.835584,75.342847
3901,16,16,-1,-1,-1,-1,-1,14.134272,1,14.179328,0.83456,15.013888
3902,16,16,-1,-1,-1,-1,-1,14.015488,1,14.084096,0.833536,14.917632
3903,16,16,-1,-1,-1,-1,-1,13.989888,1,14.035968,0.830464,14.866432
3904,16,16,-1,-1,-1,-1,-1,13.929472,1,13.997056,0.840704,14.83776
3905,16,16,-1,-1,-1,-1,-1,13.904896,1,13.948928,0.830464,14.779392
3906,16,16,-1,-1,-1,-1,-1,13.894656,1,13.96224,0.831488,14.793728
3907,16,16,-1,-1,-1,-1,-1,13.894656,1,13.959168,0.830464,14.789632
3908,16,16,-1,-1,-1,-1,-1,13.920256,1,13.98784,0.83456,14.8224
3909,16,16,-1,-1,-1,-1,-1,13.904896,1,13.948928,0.832512,14.78144
3910,16,16,-1,-1,-1,-1,-1,13.934592,1,14.001152,0.830464,14.831616
3911,16,16,-1,-1,-1,-1,-1,13.920256,1,13.965312,0.833536,14.798848
3912,16,16,-1,-1,-1,-1,-1,13.906944,1,13.97248,0.836608,14.809088
3913,16,16,-1,-1,-1,-1,-1,13.918208,1,13.986816,0.82944,14.816256
3914,16,1024,-1,-1,-1,-1,-1,-1,0,71.945213,0.843776,72.788989
3915,16,16,-1,-1,-1,-1,-1,14.118912,1,14.163968,0.831488,14.995456
3916,16,16,-1,-1,-1,-1,-1,14.076928,1,14.145536,0.835584,14.98112
3917,16,16,-1,-1,-1,-1,-1,13.955072,1,14.001152,0.837632,14.838784
3918,16,16,-1,-1,-1,-1,-1,13.965312,1,14.024704,0.82944,14.854144
3919,16,16,-1,-1,-1,-1,-1,13.945856,1,13.990912,0.828416,14.819328
3920,16,16,-1,-1,-1,-1,-1,13.868032,1,13.928448,0.830464,14.758912
3921,16,16,-1,-1,-1,-1,-1,13.881344,1,13.925376,0.828416,14.753792
3922,16,1024,-1,-1,-1,-1,-1,-1,0,71.909378,0.83968,72.749058
3923,16,16,-1,-1,-1,-1,-1,14.11072,1,14.176256,0.83968,15.015936
3924,16,16,-1,-1,-1,-1,-1,14.025728,1,14.094336,0.826368,14.920704
3925,16,16,-1,-1,-1,-1,-1,13.952,1,13.996032,0.82432,14.820352
3926,16,16,-1,-1,-1,-1,-1,13.929472,1,13.993984,0.832512,14.826496
3927,16,16,-1,-1,-1,-1,-1,13.888512,1,13.932544,0.830464,14.763008
3928,16,16,-1,-1,-1,-1,-1,13.88544,1,13.949952,0.827392,14.777344
3929,16,16,-1,-1,-1,-1,-1,13.9008,1,13.965312,0.832512,14.797824
3930,16,1024,-1,-1,-1,-1,-1,-1,0,71.958527,0.840704,72.799231
3931,16,16,-1,-1,-1,-1,-1,14.1568,1,14.199808,0.83456,15.034368
3932,16,16,-1,-1,-1,-1,-1,14.04928,1,14.112768,0.82944,14.942208
3933,16,16,-1,-1,-1,-1,-1,14.014464,1,14.058496,0.828416,14.886912
3934,16,16,-1,-1,-1,-1,-1,13.944832,1,14.011392,0.83456,14.845952
3935,16,16,-1,-1,-1,-1,-1,13.907968,1,13.954048,0.833536,14.787584
3936,16,16,-1,-1,-1,-1,-1,13.920256,1,13.965312,0.828416,14.793728
3937,16,16,-1,-1,-1,-1,-1,13.908992,1,13.953024,0.828416,14.78144
3938,16,16,-1,-1,-1,-1,-1,13.899776,1,13.965312,0.83456,14.799872
3939,16,1024,-1,-1,-1,-1,-1,-1,0,71.782402,0.843776,72.626178
3940,16,16,-1,-1,-1,-1,-1,14.13632,1,14.203904,0.83456,15.038464
3941,16,16,-1,-1,-1,-1,-1,14.06976,1,14.114816,0.83968,14.954496
3942,16,16,-1,-1,-1,-1,-1,13.96736,1,14.034944,0.83968,14.874624
3943,16,16,-1,-1,-1,-1,-1,13.964288,1,14.010368,0.827392,14.83776
3944,16,1024,-1,-1,-1,-1,-1,-1,0,72.046593,0.828416,72.875009
3945,16,16,-1,-1,-1,-1,-1,14.168064,1,14.235648,0.837632,15.07328
3946,16,16,-1,-1,-1,-1,-1,14.14144,1,14.212096,0.843776,15.055872
3947,16,16,-1,-1,-1,-1,-1,14.12096,1,14.164992,0.83968,15.004672
3948,16,16,-1,-1,-1,-1,-1,14.184448,1,14.251008,0.83456,15.085568
3949,16,16,-1,-1,-1,-1,-1,14.139392,1,14.184448,0.838656,15.023104
3950,16,1024,-1,-1,-1,-1,-1,-1,0,73.009155,0.832512,73.841667
3951,16,16,-1,-1,-1,-1,-1,14.128128,1,14.171136,0.82944,15.000576
3952,16,16,-1,-1,-1,-1,-1,14.046208,1,14.089216,0.840704,14.92992
3953,16,16,-1,-1,-1,-1,-1,13.990912,1,14.03392,0.830464,14.864384
3954,16,16,-1,-1,-1,-1,-1,13.956096,1,14.021632,0.826368,14.848
3955,16,16,-1,-1,-1,-1,-1,13.969408,1,14.025728,0.827392,14.85312
3956,16,16,-1,-1,-1,-1,-1,13.928448,1,13.971456,0.826368,14.797824
3957,16,16,-1,-1,-1,-1,-1,13.94688,1,13.98784,0.828416,14.816256
3958,16,16,-1,-1,-1,-1,-1,13.929472,1,13.984768,0.831488,14.816256
3959,16,16,-1,-1,-1,-1,-1,13.93664,1,13.979648,0.828416,14.808064
3960,16,16,-1,-1,-1,-1,-1,13.919232,1,13.975552,0.836608,14.81216
3961,16,16,-1,-1,-1,-1,-1,13.902848,1,13.960192,0.836608,14.7968
3962,16,16,-1,-1,-1,-1,-1,13.930496,1,13.996032,0.835584,14.831616
3963,16,16,-1,-1,-1,-1,-1,13.887488,1,13.928448,0.835584,14.764032
3964,16,16,-1,-1,-1,-1,-1,13.912064,1,13.96736,0.831488,14.798848
3965,16,16,-1,-1,-1,-1,-1,13.874176,1,13.91616,0.831488,14.747648
3966,16,16,-1,-1,-1,-1,-1,13.907968,1,13.964288,0.826368,14.790656
3967,16,16,-1,-1,-1,-1,-1,13.892608,1,13.934592,0.831488,14.76608
3968,16,16,-1,-1,-1,-1,-1,13.883392,1,13.9264,0.831488,14.757888
3969,16,16,-1,-1,-1,-1,-1,13.904896,1,13.947904,0.826368,14.774272
3970,16,1024,-1,-1,-1,-1,-1,-1,0,72.167427,0.840704,73.008131
3971,16,16,-1,-1,-1,-1,-1,14.170112,1,14.237696,0.83456,15.072256
3972,16,16,-1,-1,-1,-1,-1,14.103552,1,14.149632,0.83456,14.984192
3973,16,16,-1,-1,-1,-1,-1,14.020608,1,14.06464,0.835584,14.900224
3974,16,16,-1,-1,-1,-1,-1,13.948928,1,13.993984,0.827392,14.821376
3975,16,16,-1,-1,-1,-1,-1,13.964288,1,14.010368,0.82944,14.839808
3976,16,16,-1,-1,-1,-1,-1,13.949952,1,14.016512,0.832512,14.849024
3977,16,16,-1,-1,-1,-1,-1,13.960192,1,14.027776,0.835584,14.86336
3978,16,16,-1,-1,-1,-1,-1,13.933568,1,14.001152,0.830464,14.831616
3979,16,16,-1,-1,-1,-1,-1,13.939712,1,13.98272,0.828416,14.811136
3980,16,16,-1,-1,-1,-1,-1,13.954048,1,14.020608,0.82432,14.844928
3981,16,16,-1,-1,-1,-1,-1,13.918208,1,13.96224,0.832512,14.794752
3982,16,1023,-1,-1,-1,-1,-1,-1,0,71.694336,0.842752,72.537088
3983,16,16,-1,-1,-1,-1,-1,14.14656,1,14.204928,0.83968,15.044608
3984,16,16,-1,-1,-1,-1,-1,14.106624,1,14.152704,0.840704,14.993408
3985,16,16,-1,-1,-1,-1,-1,14.0288,1,14.073856,0.827392,14.901248
3986,16,16,-1,-1,-1,-1,-1,13.961216,1,14.021632,0.830464,14.852096
3987,16,16,-1,-1,-1,-1,-1,13.96736,1,14.03392,0.836608,14.870528
3988,16,16,-1,-1,-1,-1,-1,13.933568,1,13.979648,0.827392,14.80704
3989,16,16,-1,-1,-1,-1,-1,13.928448,1,13.97248,0.835584,14.808064
3990,16,16,-1,-1,-1,-1,-1,13.954048,1,13.997056,0.830464,14.82752
3991,16,16,-1,-1,-1,-1,-1,13.943808,1,13.986816,0.833536,14.820352
3992,16,16,-1,-1,-1,-1,-1,13.935616,1,13.99296,0.830464,14.823424
3993,16,16,-1,-1,-1,-1,-1,13.919232,1,13.985792,0.827392,14.813184
3994,16,1024,-1,-1,-1,-1,-1,-1,0,71.524353,0.83968,72.364033
3995,16,16,-1,-1,-1,-1,-1,14.139392,1,14.184448,0.83456,15.019008
3996,16,16,-1,-1,-1,-1,-1,14.101504,1,14.170112,0.833536,15.003648
3997,16,1024,-1,-1,-1,-1,-1,-1,0,72.303619,0.830464,73.134083
3998,16,16,-1,-1,-1,-1,-1,14.143488,1,14.211072,0.83456,15.045632
3999,16,16,-1,-1,-1,-1,-1,14.058496,1,14.125056,0.83968,14.964736
4000,16,16,-1,-1,-1,-1,-1,14.022656,1,14.066688,0.830464,14.897152
4001,16,16,-1,-1,-1,-1,-1,13.989888,1,14.032896,0.835584,14.86848
4002,16,1024,-1,-1,-1,-1,-1,-1,0,72.169472,0.832512,73.001984
4003,16,16,-1,-1,-1,-1,-1,14.12096,1,14.185472,0.831488,15.01696
4004,16,16,-1,-1,-1,-1,-1,14.129152,1,14.174208,0.831488,15.005696
4005,16,1024,-1,-1,-1,-1,-1,-1,0,74.289154,0.842752,75.131906
4006,16,16,-1,-1,-1,-1,-1,14.124032,1,14.169088,0.832512,15.0016
4007,16,16,-1,-1,-1,-1,-1,14.048256,1,14.094336,0.840704,14.93504
4008,16,16,-1,-1,-1,-1,-1,14.000128,1,14.065664,0.833536,14.8992
4009,16,16,-1,-1,-1,-1,-1,13.954048,1,13.99808,0.831488,14.829568
4010,16,16,-1,-1,-1,-1,-1,13.933568,1,14.000128,0.82944,14.829568
4011,16,16,-1,-1,-1,-1,-1,13.906944,1,13.948928,0.836608,14.785536
4012,16,16,-1,-1,-1,-1,-1,13.90592,1,13.97248,0.826368,14.798848
4013,16,1024,-1,-1,-1,-1,-1,-1,0,69.820419,0.83456,70.654979
4014,16,16,-1,-1,-1,-1,-1,13.920256,1,13.984768,0.830464,14.815232
4015,16,16,-1,-1,-1,-1,-1,14.066688,1,14.133248,0.835584,14.968832
4016,16,16,-1,-1,-1,-1,-1,13.980672,1,14.025728,0.82944,14.855168
4017,16,16,-1,-1,-1,-1,-1,13.959168,1,14.004224,0.830464,14.834688
4018,16,16,-1,-1,-1,-1,-1,13.930496,1,13.996032,0.827392,14.823424
4019,16,16,-1,-1,-1,-1,-1,13.922304,1,13.989888,0.82944,14.819328
4020,16,16,-1,-1,-1,-1,-1,13.90592,1,13.948928,0.826368,14.775296
4021,16,16,-1,-1,-1,-1,-1,13.927424,1,13.991936,0.82944,14.821376
4022,16,16,-1,-1,-1,-1,-1,13.903872,1,13.947904,0.830464,14.778368
4023,16,16,-1,-1,-1,-1,-1,13.933568,1,13.9776,0.827392,14.804992
4024,16,16,-1,-1,-1,-1,-1,13.883392,1,13.948928,0.827392,14.77632
4025,16,2032,-1,-1,-1,-1,-1,-1,0,133.386246,0.842752,134.228998
4026,16,16,-1,-1,-1,-1,-1,14.188544,1,14.256128,0.833536,15.089664
4027,16,16,-1,-1,-1,-1,-1,14.068736,1,14.113792,0.830464,14.944256
4028,16,16,-1,-1,-1,-1,-1,14.004224,1,14.071808,0.835584,14.907392
4029,16,16,-1,-1,-1,-1,-1,13.99296,1,14.061568,0.82944,14.891008
4030,16,16,-1,-1,-1,-1,-1,13.955072,1,14.014464,0.82944,14.843904
4031,16,16,-1,-1,-1,-1,-1,13.934592,1,14.000128,0.830464,14.830592
4032,16,16,-1,-1,-1,-1,-1,13.873152,1,13.91616,0.825344,14.741504
4033,16,16,-1,-1,-1,-1,-1,13.933568,1,13.976576,0.82944,14.806016
4034,16,16,-1,-1,-1,-1,-1,13.90592,1,13.964288,0.830464,14.794752
4035,16,16,-1,-1,-1,-1,-1,13.901824,1,13.966336,0.825344,14.79168
4036,16,1024,-1,-1,-1,-1,-1,-1,0,71.79776,0.8448,72.64256
4037,16,16,-1,-1,-1,-1,-1,14.1568,1,14.22336,0.82944,15.0528
4038,16,16,-1,-1,-1,-1,-1,14.056448,1,14.102528,0.833536,14.936064
4039,16,16,-1,-1,-1,-1,-1,14.031872,1,14.075904,0.832512,14.908416
4040,16,16,-1,-1,-1,-1,-1,14.042112,1,14.108672,0.831488,14.94016
4041,16,16,-1,-1,-1,-1,-1,14.032896,1,14.101504,0.82944,14.930944
4042,16,16,-1,-1,-1,-1,-1,14.022656,1,14.089216,0.835584,14.9248
4043,16,16,-1,-1,-1,-1,-1,14.0288,1,14.073856,0.82944,14.903296
4044,16,16,-1,-1,-1,-1,-1,13.924352,1,13.968384,0.830464,14.798848
4045,16,1024,-1,-1,-1,-1,-1,-1,0,72.418304,0.838656,73.25696
4046,16,16,-1,-1,-1,-1,-1,14.130176,1,14.19776,0.835584,15.033344
4047,16,16,-1,-1,-1,-1,-1,14.098432,1,14.157824,0.83968,14.997504
4048,16,16,-1,-1,-1,-1,-1,13.991936,1,14.036992,0.838656,14.875648
4049,16,16,-1,-1,-1,-1,-1,13.975552,1,14.020608,0.825344,14.845952
4050,16,1024,-1,-1,-1,-1,-1,-1,0,71.699455,0.843776,72.543231
4051,16,1024,-1,-1,-1,-1,-1,-1,0,74.532867,0.840704,75.373571
4052,16,16,-1,-1,-1,-1,-1,14.147584,1,14.216192,0.833536,15.049728
4053,16,16,-1,-1,-1,-1,-1,14.040064,1,14.107648,0.836608,14.944256
4054,16,16,-1,-1,-1,-1,-1,13.979648,1,14.024704,0.832512,14.857216
4055,16,1024,-1,-1,-1,-1,-1,-1,0,72.203262,0.840704,73.043966
4056,16,16,-1,-1,-1,-1,-1,14.130176,1,14.189568,0.842752,15.03232
4057,16,16,-1,-1,-1,-1,-1,14.08,1,14.149632,0.830464,14.980096
4058,16,16,-1,-1,-1,-1,-1,14.016512,1,14.083072,0.833536,14.916608
4059,16,16,-1,-1,-1,-1,-1,13.945856,1,13.990912,0.832512,14.823424
4060,16,16,-1,-1,-1,-1,-1,13.89568,1,13.939712,0.828416,14.768128
4061,16,16,-1,-1,-1,-1,-1,13.88032,1,13.94688,0.837632,14.784512
4062,16,16,-1,-1,-1,-1,-1,13.85984,1,13.918208,0.830464,14.748672
4063,16,16,-1,-1,-1,-1,-1,13.910016,1,13.975552,0.828416,14.803968
4064,16,16,-1,-1,-1,-1,-1,13.896704,1,13.940736,0.826368,14.767104
4065,16,16,-1,-1,-1,-1,-1,13.912064,1,13.95712,0.82944,14.78656
4066,16,16,-1,-1,-1,-1,-1,13.91104,1,13.976576,0.830464,14.80704
4067,16,16,-1,-1,-1,-1,-1,13.902848,1,13.968384,0.826368,14.794752
4068,16,16,-1,-1,-1,-1,-1,13.922304,1,13.988864,0.82944,14.818304
4069,16,16,-1,-1,-1,-1,-1,13.887488,1,13.943808,0.826368,14.770176
4070,16,16,-1,-1,-1,-1,-1,13.893632,1,13.937664,0.833536,14.7712
4071,16,16,-1,-1,-1,-1,-1,13.897728,1,13.96224,0.821248,14.783488
4072,16,16,-1,-1,-1,-1,-1,13.881344,1,13.943808,0.822272,14.76608
4073,16,16,-1,-1,-1,-1,-1,13.896704,1,13.96224,0.837632,14.799872
4074,16,16,-1,-1,-1,-1,-1,13.883392,1,13.94688,0.833536,14.780416
4075,16,16,-1,-1,-1,-1,-1,13.883392,1,13.924352,0.82944,14.753792
4076,16,16,-1,-1,-1,-1,-1,13.89056,1,13.933568,0.82432,14.757888
4077,16,16,-1,-1,-1,-1,-1,13.876224,1,13.932544,0.826368,14.758912
4078,16,16,-1,-1,-1,-1,-1,13.876224,1,13.939712,0.828416,14.768128
4079,16,16,-1,-1,-1,-1,-1,13.873152,1,13.937664,0.835584,14.773248
4080,16,1024,-1,-1,-1,-1,-1,-1,0,72.097794,0.833536,72.93133
4081,16,16,-1,-1,-1,-1,-1,14.130176,1,14.174208,0.830464,15.004672
4082,16,1024,-1,-1,-1,-1,-1,-1,0,73.076736,0.83968,73.916416
4083,16,16,-1,-1,-1,-1,-1,14.152704,1,14.21824,0.842752,15.060992
4084,16,16,-1,-1,-1,-1,-1,14.111744,1,14.181376,0.835584,15.01696
4085,16,16,-1,-1,-1,-1,-1,14.134272,1,14.201856,0.83456,15.036416
4086,16,16,-1,-1,-1,-1,-1,14.133248,1,14.179328,0.83456,15.013888
4087,16,16,-1,-1,-1,-1,-1,14.128128,1,14.195712,0.835584,15.031296
4088,16,16,-1,-1,-1,-1,-1,14.062592,1,14.106624,0.82944,14.936064
4089,16,16,-1,-1,-1,-1,-1,13.929472,1,13.996032,0.830464,14.826496
4090,16,16,-1,-1,-1,-1,-1,13.908992,1,13.975552,0.830464,14.806016
4091,16,16,-1,-1,-1,-1,-1,13.9008,1,13.944832,0.837632,14.782464
4092,16,1024,-1,-1,-1,-1,-1,-1,0,72.088577,0.842752,72.931329
4093,16,16,-1,-1,-1,-1,-1,14.144512,1,14.20288,0.831488,15.034368
4094,16,16,-1,-1,-1,-1,-1,14.098432,1,14.142464,0.833536,14.976
4095,16,16,-1,-1,-1,-1,-1,13.980672,1,14.047232,0.835584,14.882816
4096,16,16,-1,-1,-1,-1,-1,13.959168,1,14.02368,0.830464,14.854144
4097,16,16,-1,-1,-1,-1,-1,13.922304,1,13.966336,0.831488,14.797824
4098,16,16,-1,-1,-1,-1,-1,13.902848,1,13.969408,0.825344,14.794752
4099,16,16,-1,-1,-1,-1,-1,13.90592,1,13.971456,0.827392,14.798848
4100,16,16,-1,-1,-1,-1,-1,13.939712,1,14.004224,0.825344,14.829568
4101,16,16,-1,-1,-1,-1,-1,13.91616,1,13.981696,0.825344,14.80704
4102,16,16,-1,-1,-1,-1,-1,13.924352,1,13.96736,0.825344,14.792704
4103,16,16,-1,-1,-1,-1,-1,13.894656,1,13.960192,0.82944,14.789632
4104,16,16,-1,-1,-1,-1,-1,13.913088,1,13.95712,0.823296,14.780416
4105,16,16,-1,-1,-1,-1,-1,13.898752,1,13.965312,0.832512,14.797824
4106,16,16,-1,-1,-1,-1,-1,13.897728,1,13.963264,0.82432,14.787584
4107,16,16,-1,-1,-1,-1,-1,13.919232,1,13.96224,0.82944,14.79168
4108,16,16,-1,-1,-1,-1,-1,13.903872,1,13.970432,0.83456,14.804992
4109,16,16,-1,-1,-1,-1,-1,13.910016,1,13.976576,0.833536,14.810112
4110,16,16,-1,-1,-1,-1,-1,13.894656,1,13.939712,0.832512,14.772224
4111,16,16,-1,-1,-1,-1,-1,13.90592,1,13.970432,0.823296,14.793728
4112,16,16,-1,-1,-1,-1,-1,13.897728,1,13.963264,0.826368,14.789632
4113,16,16,-1,-1,-1,-1,-1,13.894656,1,13.937664,0.82432,14.761984
4114,16,16,-1,-1,-1,-1,-1,13.90592,1,13.971456,0.827392,14.798848
4115,16,1024,-1,-1,-1,-1,-1,-1,0,71.844864,0.838656,72.68352
4116,16,16,-1,-1,-1,-1,-1,14.175232,1,14.242816,0.841728,15.084544
4117,16,16,-1,-1,-1,-1,-1,14.128128,1,14.195712,0.838656,15.034368
4118,16,16,-1,-1,-1,-1,-1,14.057472,1,14.101504,0.830464,14.931968
4119,16,16,-1,-1,-1,-1,-1,13.98272,1,14.04928,0.827392,14.876672
4120,16,16,-1,-1,-1,-1,-1,13.97248,1,14.016512,0.826368,14.84288
4121,16,16,-1,-1,-1,-1,-1,13.966336,1,14.032896,0.825344,14.85824
4122,16,1024,-1,-1,-1,-1,-1,-1,0,71.969795,0.835584,72.805379
4123,16,16,-1,-1,-1,-1,-1,14.160896,1,14.204928,0.8448,15.049728
4124,16,1024,-1,-1,-1,-1,-1,-1,0,72.97229,0.8448,73.81709
4125,16,16,-1,-1,-1,-1,-1,14.114816,1,14.1824,0.83968,15.02208
4126,16,16,-1,-1,-1,-1,-1,14.06464,1,14.108672,0.832512,14.941184
4127,16,16,-1,-1,-1,-1,-1,13.981696,1,14.025728,0.828416,14.854144
4128,16,16,-1,-1,-1,-1,-1,13.954048,1,14.020608,0.82944,14.850048
4129,16,1024,-1,-1,-1,-1,-1,-1,0,72.069122,0.835584,72.904706
4130,16,16,-1,-1,-1,-1,-1,14.155776,1,14.224384,0.837632,15.062016
4131,16,16,-1,-1,-1,-1,-1,14.055424,1,14.125056,0.836608,14.961664
4132,16,16,-1,-1,-1,-1,-1,14.045184,1,14.111744,0.838656,14.9504
4133,16,16,-1,-1,-1,-1,-1,14.042112,1,14.088192,0.833536,14.921728
4134,16,16,-1,-1,-1,-1,-1,14.031872,1,14.076928,0.837632,14.91456
4135,16,16,-1,-1,-1,-1,-1,14.031872,1,14.101504,0.835584,14.937088
4136,16,16,-1,-1,-1,-1,-1,14.057472,1,14.101504,0.838656,14.94016
4137,16,16,-1,-1,-1,-1,-1,13.96224,1,14.030848,0.836608,14.867456
4138,16,16,-1,-1,-1,-1,-1,13.901824,1,13.968384,0.832512,14.800896
4139,16,16,-1,-1,-1,-1,-1,13.907968,1,13.952,0.828416,14.780416
4140,16,16,-1,-1,-1,-1,-1,13.920256,1,13.986816,0.83456,14.821376
4141,16,16,-1,-1,-1,-1,-1,13.924352,1,13.989888,0.82944,14.819328
4142,16,16,-1,-1,-1,-1,-1,13.891584,1,13.934592,0.826368,14.76096
4143,16,1024,-1,-1,-1,-1,-1,-1,0,71.824387,0.83968,72.664067
4144,16,16,-1,-1,-1,-1,-1,14.12608,1,14.195712,0.835584,15.031296
4145,16,16,-1,-1,-1,-1,-1,14.083072,1,14.149632,0.833536,14.983168
4146,16,1024,-1,-1,-1,-1,-1,-1,0,72.253441,0.833536,73.086977
4147,16,16,-1,-1,-1,-1,-1,14.107648,1,14.173184,0.833536,15.00672
4148,16,16,-1,-1,-1,-1,-1,14.051328,1,14.116864,0.832512,14.949376
4149,16,16,-1,-1,-1,-1,-1,13.974528,1,14.019584,0.828416,14.848
4150,16,16,-1,-1,-1,-1,-1,13.973504,1,14.016512,0.827392,14.843904
4151,16,16,-1,-1,-1,-1,-1,13.98272,1,14.04928,0.827392,14.876672
4152,16,16,-1,-1,-1,-1,-1,13.954048,1,13.996032,0.830464,14.826496
4153,16,16,-1,-1,-1,-1,-1,13.91104,1,13.976576,0.830464,14.80704
4154,16,16,-1,-1,-1,-1,-1,13.914112,1,13.978624,0.828416,14.80704
4155,16,16,-1,-1,-1,-1,-1,13.894656,1,13.938688,0.826368,14.765056
4156,16,16,-1,-1,-1,-1,-1,13.913088,1,13.978624,0.828416,14.80704
4157,16,16,-1,-1,-1,-1,-1,13.894656,1,13.959168,0.82432,14.783488
4158,16,1023,-1,-1,-1,-1,-1,-1,0,71.87661,0.841728,72.718338
4159,16,16,-1,-1,-1,-1,-1,14.121984,1,14.1824,0.833536,15.015936
4160,16,16,-1,-1,-1,-1,-1,14.0544,1,14.124032,0.838656,14.962688
4161,16,1024,-1,-1,-1,-1,-1,-1,0,72.647682,0.842752,73.490434
4162,16,1024,-1,-1,-1,-1,-1,-1,0,74.949631,0.835584,75.785215
4163,16,16,-1,-1,-1,-1,-1,14.11584,1,14.174208,0.840704,15.014912
4164,16,16,-1,-1,-1,-1,-1,14.073856,1,14.118912,0.82944,14.948352
4165,16,1024,-1,-1,-1,-1,-1,-1,0,72.6231,0.8448,73.4679
4166,16,16,-1,-1,-1,-1,-1,14.125056,1,14.170112,0.843776,15.013888
4167,16,16,-1,-1,-1,-1,-1,14.06976,1,14.138368,0.831488,14.969856
4168,16,16,-1,-1,-1,-1,-1,13.989888,1,14.035968,0.828416,14.864384
4169,16,16,-1,-1,-1,-1,-1,13.940736,1,14.00832,0.828416,14.836736
4170,16,1024,-1,-1,-1,-1,-1,-1,0,72.35994,0.845824,73.205764
4171,16,16,-1,-1,-1,-1,-1,14.129152,1,14.174208,0.837632,15.01184
4172,16,16,-1,-1,-1,-1,-1,14.055424,1,14.12608,0.83968,14.96576
4173,16,16,-1,-1,-1,-1,-1,14.053376,1,14.098432,0.830464,14.928896
4174,16,16,-1,-1,-1,-1,-1,13.966336,1,14.010368,0.836608,14.846976
4175,16,16,-1,-1,-1,-1,-1,13.919232,1,13.978624,0.83456,14.813184
4176,16,16,-1,-1,-1,-1,-1,13.897728,1,13.963264,0.82944,14.792704
4177,16,16,-1,-1,-1,-1,-1,13.884416,1,13.950976,0.83456,14.785536
4178,16,2032,-1,-1,-1,-1,-1,-1,0,132.828156,0.840704,133.66886
4179,16,16,-1,-1,-1,-1,-1,14.16704,1,14.227456,0.835584,15.06304
4180,16,16,-1,-1,-1,-1,-1,14.073856,1,14.12096,0.832512,14.953472
4181,16,16,-1,-1,-1,-1,-1,14.009344,1,14.073856,0.830464,14.90432
4182,16,16,-1,-1,-1,-1,-1,13.952,1,13.995008,0.826368,14.821376
4183,16,16,-1,-1,-1,-1,-1,13.93152,1,13.97248,0.825344,14.797824
4184,16,16,-1,-1,-1,-1,-1,13.893632,1,13.938688,0.827392,14.76608
4185,16,16,-1,-1,-1,-1,-1,13.886464,1,13.929472,0.827392,14.756864
4186,16,16,-1,-1,-1,-1,-1,13.893632,1,13.950976,0.825344,14.77632
4187,16,16,-1,-1,-1,-1,-1,13.879296,1,13.922304,0.82432,14.746624
4188,16,16,-1,-1,-1,-1,-1,13.883392,1,13.948928,0.836608,14.785536
4189,16,16,-1,-1,-1,-1,-1,13.894656,1,13.935616,0.822272,14.757888
4190,16,16,-1,-1,-1,-1,-1,13.865984,1,13.908992,0.82432,14.733312
4191,16,16,-1,-1,-1,-1,-1,13.863936,1,13.927424,0.833536,14.76096
4192,16,16,-1,-1,-1,-1,-1,13.872128,1,13.93664,0.82432,14.76096
4193,16,16,-1,-1,-1,-1,-1,13.873152,1,13.937664,0.825344,14.763008
4194,16,16,-1,-1,-1,-1,-1,13.88032,1,13.944832,0.825344,14.770176
4195,16,16,-1,-1,-1,-1,-1,13.872128,1,13.935616,0.830464,14.76608
4196,16,16,-1,-1,-1,-1,-1,13.869056,1,13.91104,0.823296,14.734336
4197,16,16,-1,-1,-1,-1,-1,13.852672,1,13.910016,0.82432,14.734336
4198,16,16,-1,-1,-1,-1,-1,13.873152,1,13.915136,0.833536,14.748672
4199,16,16,-1,-1,-1,-1,-1,13.89056,1,13.933568,0.825344,14.758912
4200,16,1024,-1,-1,-1,-1,-1,-1,0,71.870461,0.843776,72.714236
4201,16,16,-1,-1,-1,-1,-1,14.149632,1,14.19264,0.835584,15.028224
4202,16,16,-1,-1,-1,-1,-1,14.068736,1,14.135296,0.828416,14.963712
4203,16,16,-1,-1,-1,-1,-1,14.006272,1,14.050304,0.828416,14.87872
4204,16,16,-1,-1,-1,-1,-1,13.976576,1,14.042112,0.826368,14.86848
4205,16,1024,-1,-1,-1,-1,-1,-1,0,72.247299,0.835584,73.082883
4206,16,16,-1,-1,-1,-1,-1,14.144512,1,14.189568,0.842752,15.03232
4207,16,16,-1,-1,-1,-1,-1,14.091264,1,14.160896,0.830464,14.99136
4208,16,16,-1,-1,-1,-1,-1,13.991936,1,14.034944,0.82944,14.864384
4209,16,16,-1,-1,-1,-1,-1,13.933568,1,14.000128,0.826368,14.826496
4210,16,16,-1,-1,-1,-1,-1,13.881344,1,13.948928,0.826368,14.775296
4211,16,1024,-1,-1,-1,-1,-1,-1,0,72.161278,0.843776,73.005054
4212,16,16,-1,-1,-1,-1,-1,14.135296,1,14.180352,0.838656,15.019008
4213,16,16,-1,-1,-1,-1,-1,14.03904,1,14.106624,0.835584,14.942208
4214,16,16,-1,-1,-1,-1,-1,14.00832,1,14.052352,0.827392,14.879744
4215,16,16,-1,-1,-1,-1,-1,13.95712,1,14.001152,0.836608,14.83776
4216,16,16,-1,-1,-1,-1,-1,13.95712,1,14.01344,0.828416,14.841856
4217,16,16,-1,-1,-1,-1,-1,13.923328,1,13.966336,0.828416,14.794752
4218,16,16,-1,-1,-1,-1,-1,13.933568,1,13.99808,0.827392,14.825472
4219,16,16,-1,-1,-1,-1,-1,13.902848,1,13.94688,0.836608,14.783488
4220,16,16,-1,-1,-1,-1,-1,13.907968,1,13.971456,0.82944,14.800896
4221,16,16,-1,-1,-1,-1,-1,13.930496,1,13.988864,0.82944,14.818304
4222,16,16,-1,-1,-1,-1,-1,13.897728,1,13.940736,0.82944,14.770176
4223,16,16,-1,-1,-1,-1,-1,13.868032,1,13.933568,0.82944,14.763008
4224,16,16,-1,-1,-1,-1,-1,13.897728,1,13.938688,0.825344,14.764032
4225,16,16,-1,-1,-1,-1,-1,13.903872,1,13.969408,0.835584,14.804992
4226,16,16,-1,-1,-1,-1,-1,13.89568,1,13.953024,0.823296,14.77632
4227,16,16,-1,-1,-1,-1,-1,13.891584,1,13.95712,0.82432,14.78144
4228,16,16,-1,-1,-1,-1,-1,13.896704,1,13.939712,0.82432,14.764032
4229,16,16,-1,-1,-1,-1,-1,13.877248,1,13.940736,0.826368,14.767104
4230,16,16,-1,-1,-1,-1,-1,13.85984,1,13.9008,0.828416,14.729216
4231,16,16,-1,-1,-1,-1,-1,13.91616,1,13.95712,0.827392,14.784512
4232,16,16,-1,-1,-1,-1,-1,13.928448,1,13.99296,0.825344,14.818304
4233,16,16,-1,-1,-1,-1,-1,13.945856,1,13.989888,0.823296,14.813184
4234,16,16,-1,-1,-1,-1,-1,13.89056,1,13.956096,0.826368,14.782464
4235,16,16,-1,-1,-1,-1,-1,13.928448,1,13.971456,0.823296,14.794752
4236,16,16,-1,-1,-1,-1,-1,13.90592,1,13.969408,0.82432,14.793728
4237,16,16,-1,-1,-1,-1,-1,13.934592,1,13.999104,0.826368,14.825472
4238,16,16,-1,-1,-1,-1,-1,13.943808,1,13.986816,0.82432,14.811136
4239,16,16,-1,-1,-1,-1,-1,13.914112,1,13.976576,0.825344,14.80192
4240,16,16,-1,-1,-1,-1,-1,13.924352,1,13.965312,0.82944,14.794752
4241,16,16,-1,-1,-1,-1,-1,13.932544,1,13.99808,0.825344,14.823424
4242,16,16,-1,-1,-1,-1,-1,13.91104,1,13.976576,0.83456,14.811136
4243,16,1024,-1,-1,-1,-1,-1,-1,0,71.916542,0.842752,72.759294
4244,16,16,-1,-1,-1,-1,-1,14.157824,1,14.203904,0.8448,15.048704
4245,16,16,-1,-1,-1,-1,-1,14.16192,1,14.229504,0.845824,15.075328
4246,16,2032,-1,-1,-1,-1,-1,-1,0,134.728699,0.84992,135.578619
4247,16,16,-1,-1,-1,-1,-1,14.176256,1,14.220288,0.831488,15.051776
4248,16,16,-1,-1,-1,-1,-1,14.118912,1,14.18752,0.837632,15.025152
4249,16,16,-1,-1,-1,-1,-1,14.024704,1,14.06976,0.832512,14.902272
4250,16,1024,-1,-1,-1,-1,-1,-1,0,72.467453,0.841728,73.309181
4251,16,16,-1,-1,-1,-1,-1,14.168064,1,14.212096,0.835584,15.04768
4252,16,16,-1,-1,-1,-1,-1,14.084096,1,14.1312,0.833536,14.964736
4253,16,16,-1,-1,-1,-1,-1,14.022656,1,14.089216,0.82944,14.918656
4254,16,16,-1,-1,-1,-1,-1,13.98784,1,14.031872,0.827392,14.859264
4255,16,16,-1,-1,-1,-1,-1,13.948928,1,14.016512,0.83456,14.851072
4256,16,16,-1,-1,-1,-1,-1,13.93152,1,13.975552,0.827392,14.802944
4257,16,16,-1,-1,-1,-1,-1,13.940736,1,14.005248,0.82944,14.834688
4258,16,16,-1,-1,-1,-1,-1,13.966336,1,14.032896,0.828416,14.861312
4259,16,16,-1,-1,-1,-1,-1,13.93152,1,13.99808,0.83456,14.83264
4260,16,16,-1,-1,-1,-1,-1,13.948928,1,13.99296,0.838656,14.831616
4261,16,16,-1,-1,-1,-1,-1,13.930496,1,13.996032,0.823296,14.819328
4262,16,16,-1,-1,-1,-1,-1,13.904896,1,13.963264,0.82944,14.792704
4263,16,16,-1,-1,-1,-1,-1,13.924352,1,13.96736,0.82944,14.7968
4264,16,16,-1,-1,-1,-1,-1,13.920256,1,13.9776,0.830464,14.808064
4265,16,16,-1,-1,-1,-1,-1,13.928448,1,13.97248,0.825344,14.797824
4266,16,16,-1,-1,-1,-1,-1,13.904896,1,13.971456,0.827392,14.798848
4267,16,16,-1,-1,-1,-1,-1,13.91616,1,13.960192,0.826368,14.78656
4268,16,16,-1,-1,-1,-1,-1,13.912064,1,13.955072,0.828416,14.783488
4269,16,1024,-1,-1,-1,-1,-1,-1,0,71.704575,0.845824,72.550399
4270,16,16,-1,-1,-1,-1,-1,14.190592,1,14.2336,0.835584,15.069184
4271,16,16,-1,-1,-1,-1,-1,14.11584,1,14.180352,0.83456,15.014912
4272,16,16,-1,-1,-1,-1,-1,14.047232,1,14.091264,0.831488,14.922752
4273,16,16,-1,-1,-1,-1,-1,14.022656,1,14.087168,0.828416,14.915584
4274,16,16,-1,-1,-1,-1,-1,13.99296,1,14.058496,0.830464,14.88896
4275,16,16,-1,-1,-1,-1,-1,13.971456,1,14.035968,0.827392,14.86336
4276,16,16,-1,-1,-1,-1,-1,13.950976,1,13.99296,0.828416,14.821376
4277,16,16,-1,-1,-1,-1,-1,13.944832,1,14.001152,0.835584,14.836736
4278,16,16,-1,-1,-1,-1,-1,13.949952,1,14.015488,0.825344,14.840832
4279,16,16,-1,-1,-1,-1,-1,13.955072,1,13.999104,0.828416,14.82752
4280,16,1024,-1,-1,-1,-1,-1,-1,0,71.879677,0.836608,72.716285
4281,16,16,-1,-1,-1,-1,-1,14.176256,1,14.219264,0.836608,15.055872
4282,16,16,-1,-1,-1,-1,-1,14.107648,1,14.17728,0.837632,15.014912
4283,16,16,-1,-1,-1,-1,-1,14.061568,1,14.106624,0.831488,14.938112
4284,16,16,-1,-1,-1,-1,-1,14.00832,1,14.053376,0.828416,14.881792
4285,16,16,-1,-1,-1,-1,-1,13.971456,1,14.038016,0.82432,14.862336
4286,16,16,-1,-1,-1,-1,-1,13.991936,1,14.036992,0.827392,14.864384
4287,16,16,-1,-1,-1,-1,-1,13.940736,1,14.005248,0.827392,14.83264
4288,16,1024,-1,-1,-1,-1,-1,-1,0,72.024063,0.841728,72.865791
4289,16,16,-1,-1,-1,-1,-1,14.133248,1,14.200832,0.83456,15.035392
4290,16,16,-1,-1,-1,-1,-1,14.098432,1,14.168064,0.840704,15.008768
4291,16,16,-1,-1,-1,-1,-1,14.006272,1,14.073856,0.838656,14.912512
4292,16,16,-1,-1,-1,-1,-1,13.927424,1,13.971456,0.830464,14.80192
4293,16,16,-1,-1,-1,-1,-1,13.922304,1,13.988864,0.831488,14.820352
4294,16,16,-1,-1,-1,-1,-1,13.91104,1,13.9776,0.830464,14.808064
4295,16,16,-1,-1,-1,-1,-1,13.903872,1,13.94688,0.838656,14.785536
4296,16,16,-1,-1,-1,-1,-1,13.907968,1,13.966336,0.82944,14.795776
4297,16,2031,-1,-1,-1,-1,-1,-1,0,133.551102,0.848896,134.399998
4298,16,16,-1,-1,-1,-1,-1,14.134272,1,14.203904,0.836608,15.040512
4299,16,16,-1,-1,-1,-1,-1,14.065664,1,14.111744,0.833536,14.94528
4300,16,16,-1,-1,-1,-1,-1,13.990912,1,14.036992,0.832512,14.869504
4301,16,16,-1,-1,-1,-1,-1,13.938688,1,14.006272,0.838656,14.844928
4302,16,1024,-1,-1,-1,-1,-1,-1,0,72.540161,0.83456,73.374721
4303,16,16,-1,-1,-1,-1,-1,14.1568,1,14.201856,0.835584,15.03744
4304,16,1024,-1,-1,-1,-1,-1,-1,0,73.233406,0.838656,74.072062
4305,16,16,-1,-1,-1,-1,-1,14.106624,1,14.173184,0.827392,15.000576
4306,16,1024,-1,-1,-1,-1,-1,-1,0,72.845314,0.83456,73.679874
4307,16,16,-1,-1,-1,-1,-1,14.12608,1,14.19264,0.842752,15.035392
4308,16,16,-1,-1,-1,-1,-1,14.084096,1,14.129152,0.82944,14.958592
4309,16,16,-1,-1,-1,-1,-1,13.990912,1,14.03392,0.836608,14.870528
4310,16,16,-1,-1,-1,-1,-1,13.974528,1,14.041088,0.827392,14.86848
4311,16,16,-1,-1,-1,-1,-1,13.918208,1,13.961216,0.827392,14.788608
4312,16,1024,-1,-1,-1,-1,-1,-1,0,71.809021,0.83456,72.643581
4313,16,16,-1,-1,-1,-1,-1,14.14656,1,14.212096,0.835584,15.04768
4314,16,16,-1,-1,-1,-1,-1,14.045184,1,14.114816,0.832512,14.947328
4315,16,16,-1,-1,-1,-1,-1,13.960192,1,14.0032,0.837632,14.840832
4316,16,1024,-1,-1,-1,-1,-1,-1,0,72.113152,0.833536,72.946688
4317,16,16,-1,-1,-1,-1,-1,14.148608,1,14.215168,0.842752,15.05792
4318,16,16,-1,-1,-1,-1,-1,14.063616,1,14.130176,0.826368,14.956544
4319,16,16,-1,-1,-1,-1,-1,13.98784,1,14.032896,0.83456,14.867456
4320,16,16,-1,-1,-1,-1,-1,13.920256,1,13.98784,0.827392,14.815232
4321,16,16,-1,-1,-1,-1,-1,13.871104,1,13.917184,0.826368,14.743552
4322,16,16,-1,-1,-1,-1,-1,13.891584,1,13.958144,0.828416,14.78656
4323,16,16,-1,-1,-1,-1,-1,13.929472,1,13.995008,0.82944,14.824448
4324,16,16,-1,-1,-1,-1,-1,13.881344,1,13.9264,0.828416,14.754816
4325,16,16,-1,-1,-1,-1,-1,13.891584,1,13.93664,0.826368,14.763008
4326,16,16,-1,-1,-1,-1,-1,13.9008,1,13.96736,0.826368,14.793728
4327,16,16,-1,-1,-1,-1,-1,13.85984,1,13.901824,0.830464,14.732288
4328,16,16,-1,-1,-1,-1,-1,13.883392,1,13.947904,0.82432,14.772224
4329,16,16,-1,-1,-1,-1,-1,13.846528,1,13.904896,0.825344,14.73024
4330,16,16,-1,-1,-1,-1,-1,13.893632,1,13.952,0.82944,14.78144
4331,16,16,-1,-1,-1,-1,-1,13.876224,1,13.919232,0.82432,14.743552
4332,16,16,-1,-1,-1,-1,-1,13.892608,1,13.958144,0.833536,14.79168
4333,16,16,-1,-1,-1,-1,-1,13.847552,1,13.914112,0.828416,14.742528
4334,16,1024,-1,-1,-1,-1,-1,-1,0,71.873535,0.836608,72.710143
4335,16,16,-1,-1,-1,-1,-1,14.127104,1,14.17216,0.835584,15.007744
4336,16,16,-1,-1,-1,-1,-1,14.102528,1,14.169088,0.830464,14.999552
4337,16,16,-1,-1,-1,-1,-1,14.001152,1,14.04416,0.831488,14.875648
4338,16,16,-1,-1,-1,-1,-1,13.9264,1,13.98272,0.825344,14.808064
4339,16,16,-1,-1,-1,-1,-1,13.888512,1,13.953024,0.827392,14.780416
4340,16,16,-1,-1,-1,-1,-1,13.89568,1,13.938688,0.828416,14.767104
4341,16,16,-1,-1,-1,-1,-1,13.920256,1,13.96224,0.837632,14.799872
4342,16,16,-1,-1,-1,-1,-1,13.904896,1,13.969408,0.832512,14.80192
4343,16,16,-1,-1,-1,-1,-1,13.898752,1,13.942784,0.832512,14.775296
4344,16,16,-1,-1,-1,-1,-1,13.925376,1,13.991936,0.822272,14.814208
4345,16,16,-1,-1,-1,-1,-1,13.88544,1,13.94176,0.825344,14.767104
4346,16,16,-1,-1,-1,-1,-1,13.878272,1,13.93664,0.828416,14.765056
4347,16,16,-1,-1,-1,-1,-1,13.898752,1,13.940736,0.827392,14.768128
4348,16,16,-1,-1,-1,-1,-1,13.879296,1,13.943808,0.827392,14.7712
4349,16,1023,-1,-1,-1,-1,-1,-1,0,72.079361,0.838656,72.918017
4350,16,16,-1,-1,-1,-1,-1,14.130176,1,14.189568,0.841728,15.031296
4351,16,16,-1,-1,-1,-1,-1,14.077952,1,14.124032,0.82944,14.953472
4352,16,16,-1,-1,-1,-1,-1,14.016512,1,14.084096,0.82944,14.913536
4353,16,16,-1,-1,-1,-1,-1,13.95712,1,14.000128,0.831488,14.831616
4354,16,16,-1,-1,-1,-1,-1,13.938688,1,14.0032,0.82944,14.83264
4355,16,16,-1,-1,-1,-1,-1,13.919232,1,13.984768,0.825344,14.810112
4356,16,16,-1,-1,-1,-1,-1,13.93152,1,13.975552,0.826368,14.80192
4357,16,16,-1,-1,-1,-1,-1,13.896704,1,13.940736,0.83456,14.775296
4358,16,16,-1,-1,-1,-1,-1,13.9264,1,13.99296,0.828416,14.821376
4359,16,16,-1,-1,-1,-1,-1,13.947904,1,13.991936,0.826368,14.818304
4360,16,16,-1,-1,-1,-1,-1,13.896704,1,13.96224,0.825344,14.787584
4361,16,16,-1,-1,-1,-1,-1,13.888512,1,13.94688,0.82432,14.7712
4362,16,16,-1,-1,-1,-1,-1,13.9008,1,13.968384,0.830464,14.798848
4363,16,1024,-1,-1,-1,-1,-1,-1,0,70.753281,0.840704,71.593985
4364,16,16,-1,-1,-1,-1,-1,14.181376,1,14.247936,0.840704,15.08864
4365,16,16,-1,-1,-1,-1,-1,14.124032,1,14.191616,0.833536,15.025152
4366,16,16,-1,-1,-1,-1,-1,14.053376,1,14.119936,0.833536,14.953472
4367,16,16,-1,-1,-1,-1,-1,13.942784,1,13.98784,0.82944,14.81728
4368,16,16,-1,-1,-1,-1,-1,13.953024,1,14.019584,0.840704,14.860288
4369,16,1024,-1,-1,-1,-1,-1,-1,0,71.860222,0.835584,72.695806
4370,16,16,-1,-1,-1,-1,-1,14.139392,1,14.196736,0.838656,15.035392
4371,16,1024,-1,-1,-1,-1,-1,-1,0,73.059326,0.831488,73.890814
4372,16,16,-1,-1,-1,-1,-1,14.086144,1,14.130176,0.837632,14.967808
4373,16,16,-1,-1,-1,-1,-1,14.078976,1,14.123008,0.83456,14.957568
4374,16,16,-1,-1,-1,-1,-1,13.99296,1,14.036992,0.828416,14.865408
4375,16,1024,-1,-1,-1,-1,-1,-1,0,71.984131,0.833536,72.817667
4376,16,16,-1,-1,-1,-1,-1,14.17728,1,14.24384,0.83456,15.0784
4377,16,16,-1,-1,-1,-1,-1,14.058496,1,14.116864,0.832512,14.949376
4378,16,16,-1,-1,-1,-1,-1,14.031872,1,14.098432,0.830464,14.928896
4379,16,16,-1,-1,-1,-1,-1,13.9776,1,14.043136,0.83456,14.877696
4380,16,16,-1,-1,-1,-1,-1,13.947904,1,14.012416,0.82944,14.841856
4381,16,16,-1,-1,-1,-1,-1,13.910016,1,13.968384,0.831488,14.799872
4382,16,16,-1,-1,-1,-1,-1,13.9264,1,13.984768,0.827392,14.81216
4383,16,16,-1,-1,-1,-1,-1,13.93152,1,13.975552,0.826368,14.80192
4384,16,16,-1,-1,-1,-1,-1,13.901824,1,13.969408,0.826368,14.795776
4385,16,16,-1,-1,-1,-1,-1,13.928448,1,13.99296,0.82944,14.8224
4386,16,16,-1,-1,-1,-1,-1,13.910016,1,13.976576,0.833536,14.810112
4387,16,16,-1,-1,-1,-1,-1,13.874176,1,13.939712,0.82432,14.764032
4388,16,16,-1,-1,-1,-1,-1,13.892608,1,13.935616,0.830464,14.76608
4389,16,16,-1,-1,-1,-1,-1,13.9008,1,13.943808,0.826368,14.770176
4390,16,16,-1,-1,-1,-1,-1,13.879296,1,13.922304,0.828416,14.75072
4391,16,1024,-1,-1,-1,-1,-1,-1,0,71.905281,0.841728,72.747009
4392,16,16,-1,-1,-1,-1,-1,14.158848,1,14.226432,0.845824,15.072256
4393,16,16,-1,-1,-1,-1,-1,14.103552,1,14.170112,0.831488,15.0016
4394,16,16,-1,-1,-1,-1,-1,14.016512,1,14.084096,0.830464,14.91456
4395,16,16,-1,-1,-1,-1,-1,13.943808,1,14.009344,0.827392,14.836736
4396,16,16,-1,-1,-1,-1,-1,13.933568,1,13.999104,0.832512,14.831616
4397,16,16,-1,-1,-1,-1,-1,13.9264,1,13.97248,0.832512,14.804992
4398,16,16,-1,-1,-1,-1,-1,13.939712,1,13.995008,0.832512,14.82752
4399,16,16,-1,-1,-1,-1,-1,13.915136,1,13.959168,0.827392,14.78656
4400,16,1023,-1,-1,-1,-1,-1,-1,0,71.885826,0.833536,72.719362
4401,16,16,-1,-1,-1,-1,-1,14.16704,1,14.232576,0.838656,15.071232
4402,16,16,-1,-1,-1,-1,-1,14.104576,1,14.171136,0.833536,15.004672
4403,16,16,-1,-1,-1,-1,-1,14.0288,1,14.096384,0.833536,14.92992
4404,16,16,-1,-1,-1,-1,-1,14.011392,1,14.055424,0.82944,14.884864
4405,16,16,-1,-1,-1,-1,-1,13.955072,1,13.999104,0.825344,14.824448
4406,16,16,-1,-1,-1,-1,-1,13.954048,1,13.99808,0.831488,14.829568
4407,16,16,-1,-1,-1,-1,-1,13.943808,1,14.010368,0.826368,14.836736
4408,16,16,-1,-1,-1,-1,-1,13.942784,1,13.99808,0.825344,14.823424
4409,16,16,-1,-1,-1,-1,-1,13.94176,1,14.005248,0.828416,14.833664
4410,16,16,-1,-1,-1,-1,-1,13.94688,1,14.010368,0.827392,14.83776
4411,16,16,-1,-1,-1,-1,-1,13.902848,1,13.96736,0.823296,14.790656
4412,16,16,-1,-1,-1,-1,-1,13.930496,1,13.986816,0.826368,14.813184
4413,16,16,-1,-1,-1,-1,-1,13.939712,1,13.98272,0.827392,14.810112
4414,16,1024,-1,-1,-1,-1,-1,-1,0,72.380417,0.835584,73.216001
4415,16,16,-1,-1,-1,-1,-1,14.159872,1,14.204928,0.831488,15.036416
4416,16,16,-1,-1,-1,-1,-1,14.093312,1,14.158848,0.831488,14.990336
4417,16,16,-1,-1,-1,-1,-1,14.061568,1,14.128128,0.83456,14.962688
4418,16,16,-1,-1,-1,-1,-1,14.117888,1,14.184448,0.83456,15.019008
4419,16,16,-1,-1,-1,-1,-1,14.128128,1,14.194688,0.82944,15.024128
4420,16,16,-1,-1,-1,-1,-1,14.089216,1,14.134272,0.833536,14.967808
4421,16,16,-1,-1,-1,-1,-1,13.975552,1,14.01856,0.833536,14.852096
4422,16,16,-1,-1,-1,-1,-1,13.970432,1,14.01344,0.82944,14.84288
4423,16,1024,-1,-1,-1,-1,-1,-1,0,72.129539,0.833536,72.963076
4424,16,16,-1,-1,-1,-1,-1,14.201856,1,14.2592,0.835584,15.094784
4425,16,16,-1,-1,-1,-1,-1,14.065664,1,14.1312,0.828416,14.959616
4426,16,16,-1,-1,-1,-1,-1,13.989888,1,14.055424,0.82944,14.884864
4427,16,1024,-1,-1,-1,-1,-1,-1,0,72.182785,0.843776,73.026561
4428,16,16,-1,-1,-1,-1,-1,14.153728,1,14.212096,0.835584,15.04768
4429,16,16,-1,-1,-1,-1,-1,14.096384,1,14.140416,0.83456,14.974976
4430,16,16,-1,-1,-1,-1,-1,14.006272,1,14.072832,0.833536,14.906368
4431,16,16,-1,-1,-1,-1,-1,13.978624,1,14.021632,0.827392,14.849024
4432,16,1024,-1,-1,-1,-1,-1,-1,0,71.993347,0.835584,72.828931
4433,16,16,-1,-1,-1,-1,-1,14.130176,1,14.196736,0.830464,15.0272
4434,16,1023,-1,-1,-1,-1,-1,-1,0,73.262077,0.837632,74.099709
4435,16,1023,-1,-1,-1,-1,-1,-1,0,74.001411,0.837632,74.839043
4436,16,16,-1,-1,-1,-1,-1,14.121984,1,14.188544,0.837632,15.026176
4437,16,1024,-1,-1,-1,-1,-1,-1,0,73.499649,0.841728,74.341377
4438,16,16,-1,-1,-1,-1,-1,14.148608,1,14.19264,0.835584,15.028224
4439,16,16,-1,-1,-1,-1,-1,14.078976,1,14.147584,0.828416,14.976
4440,16,16,-1,-1,-1,-1,-1,13.999104,1,14.062592,0.836608,14.8992
4441,16,1024,-1,-1,-1,-1,-1,-1,0,72.133629,0.832512,72.966141
4442,16,16,-1,-1,-1,-1,-1,14.163968,1,14.208,0.837632,15.045632
4443,16,16,-1,-1,-1,-1,-1,14.093312,1,14.16192,0.832512,14.994432
4444,16,16,-1,-1,-1,-1,-1,13.985792,1,14.0288,0.826368,14.855168
4445,16,16,-1,-1,-1,-1,-1,13.932544,1,13.976576,0.82944,14.806016
4446,16,16,-1,-1,-1,-1,-1,13.897728,1,13.96224,0.825344,14.787584
4447,16,16,-1,-1,-1,-1,-1,13.903872,1,13.947904,0.830464,14.778368
4448,16,16,-1,-1,-1,-1,-1,13.908992,1,13.974528,0.82944,14.803968
4449,16,16,-1,-1,-1,-1,-1,13.907968,1,13.96736,0.83456,14.80192
4450,16,16,-1,-1,-1,-1,-1,13.93664,1,13.978624,0.828416,14.80704
4451,16,16,-1,-1,-1,-1,-1,13.914112,1,13.978624,0.823296,14.80192
4452,16,16,-1,-1,-1,-1,-1,13.88544,1,13.948928,0.82944,14.778368
4453,16,16,-1,-1,-1,-1,-1,13.897728,1,13.963264,0.825344,14.788608
4454,16,16,-1,-1,-1,-1,-1,13.89056,1,13.933568,0.828416,14.761984
4455,16,16,-1,-1,-1,-1,-1,13.896704,1,13.980672,0.827392,14.808064
4456,16,16,-1,-1,-1,-1,-1,13.894656,1,13.93664,0.823296,14.759936
4457,16,16,-1,-1,-1,-1,-1,13.896704,1,13.961216,0.83456,14.795776
4458,16,16,-1,-1,-1,-1,-1,13.88032,1,13.923328,0.827392,14.75072
4459,16,1024,-1,-1,-1,-1,-1,-1,0,72.019966,0.83456,72.854526
4460,16,16,-1,-1,-1,-1,-1,14.138368,1,14.1824,0.833536,15.015936
4461,16,16,-1,-1,-1,-1,-1,14.068736,1,14.114816,0.836608,14.951424
4462,16,16,-1,-1,-1,-1,-1,14.025728,1,14.092288,0.830464,14.922752
4463,16,16,-1,-1,-1,-1,-1,13.949952,1,13.991936,0.83456,14.826496
4464,16,16,-1,-1,-1,-1,-1,13.896704,1,13.96224,0.833536,14.795776
4465,16,16,-1,-1,-1,-1,-1,13.91616,1,13.981696,0.830464,14.81216
4466,16,16,-1,-1,-1,-1,-1,13.892608,1,13.935616,0.831488,14.767104
4467,16,16,-1,-1,-1,-1,-1,13.9264,1,13.99296,0.83456,14.82752
4468,16,16,-1,-1,-1,-1,-1,13.929472,1,13.991936,0.831488,14.823424
4469,16,16,-1,-1,-1,-1,-1,13.912064,1,13.974528,0.825344,14.799872
4470,16,16,-1,-1,-1,-1,-1,13.887488,1,13.929472,0.825344,14.754816
4471,16,16,-1,-1,-1,-1,-1,13.898752,1,13.956096,0.826368,14.782464
4472,16,16,-1,-1,-1,-1,-1,13.883392,1,13.924352,0.831488,14.75584
4473,16,16,-1,-1,-1,-1,-1,13.894656,1,13.959168,0.823296,14.782464
4474,16,16,-1,-1,-1,-1,-1,13.892608,1,13.934592,0.821248,14.75584
4475,16,16,-1,-1,-1,-1,-1,13.891584,1,13.95712,0.826368,14.783488
4476,16,16,-1,-1,-1,-1,-1,13.90592,1,13.947904,0.82432,14.772224
4477,16,16,-1,-1,-1,-1,-1,13.855744,1,13.897728,0.825344,14.723072
4478,16,16,-1,-1,-1,-1,-1,13.9008,1,13.96736,0.825344,14.792704
4479,16,16,-1,-1,-1,-1,-1,13.899776,1,13.942784,0.830464,14.773248
4480,16,16,-1,-1,-1,-1,-1,13.90592,1,13.969408,0.825344,14.794752
4481,16,1024,-1,-1,-1,-1,-1,-1,0,70.563843,0.83456,71.398403
4482,16,16,-1,-1,-1,-1,-1,14.155776,1,14.200832,0.831488,15.03232
4483,16,16,-1,-1,-1,-1,-1,14.150656,1,14.217216,0.827392,15.044608
4484,16,16,-1,-1,-1,-1,-1,13.983744,1,14.04928,0.82432,14.8736
4485,16,1024,-1,-1,-1,-1,-1,-1,0,72.371201,0.843776,73.214977
4486,16,16,-1,-1,-1,-1,-1,14.17728,1,14.22336,0.83968,15.06304
4487,16,16,-1,-1,-1,-1,-1,14.157824,1,14.225408,0.835584,15.060992
4488,16,16,-1,-1,-1,-1,-1,14.190592,1,14.235648,0.83456,15.070208
4489,16,16,-1,-1,-1,-1,-1,14.181376,1,14.246912,0.836608,15.08352
4490,16,16,-1,-1,-1,-1,-1,14.164992,1,14.210048,0.832512,15.04256
4491,16,16,-1,-1,-1,-1,-1,13.948928,1,14.014464,0.836608,14.851072
4492,16,16,-1,-1,-1,-1,-1,13.934592,1,13.9776,0.833536,14.811136
4493,16,16,-1,-1,-1,-1,-1,13.938688,1,13.98272,0.826368,14.809088
4494,16,1024,-1,-1,-1,-1,-1,-1,0,71.799805,0.838656,72.638461
4495,16,16,-1,-1,-1,-1,-1,14.157824,1,14.200832,0.840704,15.041536
4496,16,16,-1,-1,-1,-1,-1,14.10048,1,14.158848,0.828416,14.987264
4497,16,16,-1,-1,-1,-1,-1,14.020608,1,14.077952,0.82432,14.902272
4498,16,16,-1,-1,-1,-1,-1,13.92128,1,13.963264,0.828416,14.79168
4499,16,16,-1,-1,-1,-1,-1,13.923328,1,13.98784,0.827392,14.815232
4500,16,16,-1,-1,-1,-1,-1,13.922304,1,13.98784,0.826368,14.814208
4501,16,1024,-1,-1,-1,-1,-1,-1,0,72.229889,0.835584,73.065473
4502,16,16,-1,-1,-1,-1,-1,14.1568,1,14.201856,0.835584,15.03744
4503,16,16,-1,-1,-1,-1,-1,14.047232,1,14.114816,0.830464,14.94528
4504,16,16,-1,-1,-1,-1,-1,13.963264,1,14.006272,0.82944,14.835712
4505,16,16,-1,-1,-1,-1,-1,13.925376,1,13.989888,0.830464,14.820352
4506,16,16,-1,-1,-1,-1,-1,13.960192,1,14.0032,0.83456,14.83776
4507,16,16,-1,-1,-1,-1,-1,13.93152,1,13.996032,0.827392,14.823424
4508,16,1024,-1,-1,-1,-1,-1,-1,0,71.914497,0.833536,72.748033
4509,16,16,-1,-1,-1,-1,-1,14.155776,1,14.199808,0.838656,15.038464
4510,16,16,-1,-1,-1,-1,-1,14.071808,1,14.138368,0.828416,14.966784
4511,16,16,-1,-1,-1,-1,-1,14.001152,1,14.04416,0.828416,14.872576
4512,16,16,-1,-1,-1,-1,-1,13.950976,1,14.014464,0.832512,14.846976
4513,16,16,-1,-1,-1,-1,-1,13.915136,1,13.980672,0.82944,14.810112
4514,16,16,-1,-1,-1,-1,-1,13.93152,1,13.975552,0.83456,14.810112
4515,16,16,-1,-1,-1,-1,-1,13.929472,1,13.984768,0.825344,14.810112
4516,16,16,-1,-1,-1,-1,-1,13.953024,1,14.010368,0.825344,14.835712
4517,16,16,-1,-1,-1,-1,-1,13.930496,1,13.996032,0.823296,14.819328
4518,16,16,-1,-1,-1,-1,-1,13.920256,1,13.963264,0.826368,14.789632
4519,16,16,-1,-1,-1,-1,-1,13.924352,1,13.989888,0.826368,14.816256
4520,16,16,-1,-1,-1,-1,-1,13.892608,1,13.934592,0.827392,14.761984
4521,16,16,-1,-1,-1,-1,-1,13.914112,1,13.979648,0.832512,14.81216
4522,16,16,-1,-1,-1,-1,-1,13.882368,1,13.925376,0.823296,14.748672
4523,16,16,-1,-1,-1,-1,-1,13.899776,1,13.966336,0.825344,14.79168
4524,16,16,-1,-1,-1,-1,-1,13.887488,1,13.950976,0.830464,14.78144
4525,16,16,-1,-1,-1,-1,-1,13.889536,1,13.93152,0.82432,14.75584
4526,16,16,-1,-1,-1,-1,-1,13.89568,1,13.961216,0.825344,14.78656
4527,16,16,-1,-1,-1,-1,-1,13.88544,1,13.929472,0.827392,14.756864
4528,16,16,-1,-1,-1,-1,-1,13.913088,1,13.976576,0.823296,14.799872
4529,16,1024,-1,-1,-1,-1,-1,-1,0,71.81517,0.83456,72.64973
4530,16,16,-1,-1,-1,-1,-1,14.189568,1,14.2336,0.830464,15.064064
4531,16,1024,-1,-1,-1,-1,-1,-1,0,72.849411,0.833536,73.682947
4532,16,16,-1,-1,-1,-1,-1,14.124032,1,14.188544,0.832512,15.021056
4533,16,16,-1,-1,-1,-1,-1,14.128128,1,14.194688,0.831488,15.026176
4534,16,16,-1,-1,-1,-1,-1,14.063616,1,14.1056,0.830464,14.936064
4535,16,16,-1,-1,-1,-1,-1,13.993984,1,14.058496,0.827392,14.885888
4536,16,16,-1,-1,-1,-1,-1,13.961216,1,14.004224,0.832512,14.836736
4537,16,16,-1,-1,-1,-1,-1,13.964288,1,14.027776,0.826368,14.854144
4538,16,16,-1,-1,-1,-1,-1,13.948928,1,13.991936,0.826368,14.818304
4539,16,16,-1,-1,-1,-1,-1,13.955072,1,14.020608,0.83456,14.855168
4540,16,1024,-1,-1,-1,-1,-1,-1,0,71.937027,0.835584,72.772611
4541,16,16,-1,-1,-1,-1,-1,14.149632,1,14.19264,0.837632,15.030272
4542,16,16,-1,-1,-1,-1,-1,14.099456,1,14.164992,0.833536,14.998528
4543,16,16,-1,-1,-1,-1,-1,14.029824,1,14.072832,0.827392,14.900224
4544,16,16,-1,-1,-1,-1,-1,14.01856,1,14.073856,0.826368,14.900224
4545,16,16,-1,-1,-1,-1,-1,13.966336,1,14.022656,0.825344,14.848
4546,16,16,-1,-1,-1,-1,-1,13.9264,1,13.970432,0.828416,14.798848
4547,16,16,-1,-1,-1,-1,-1,13.955072,1,14.011392,0.82432,14.835712
4548,16,16,-1,-1,-1,-1,-1,13.945856,1,14.009344,0.828416,14.83776
4549,16,16,-1,-1,-1,-1,-1,13.963264,1,14.019584,0.832512,14.852096
4550,16,16,-1,-1,-1,-1,-1,13.955072,1,13.99808,0.82944,14.82752
4551,16,16,-1,-1,-1,-1,-1,13.929472,1,13.991936,0.82432,14.816256
4552,16,1023,-1,-1,-1,-1,-1,-1,0,72.262657,0.842752,73.105409
4553,16,1024,-1,-1,-1,-1,-1,-1,0,74.39872,0.842752,75.241472
4554,16,16,-1,-1,-1,-1,-1,14.128128,1,14.173184,0.83968,15.012864
4555,16,16,-1,-1,-1,-1,-1,14.102528,1,14.170112,0.828416,14.998528
4556,16,16,-1,-1,-1,-1,-1,13.991936,1,14.057472,0.828416,14.885888
4557,16,1024,-1,-1,-1,-1,-1,-1,0,72.131584,0.843776,72.97536
4558,16,1024,-1,-1,-1,-1,-1,-1,0,74.496002,0.833536,75.329538
4559,16,16,-1,-1,-1,-1,-1,14.159872,1,14.204928,0.835584,15.040512
4560,16,16,-1,-1,-1,-1,-1,14.055424,1,14.103552,0.831488,14.93504
4561,16,1024,-1,-1,-1,-1,-1,-1,0,72.377342,0.83456,73.211902
4562,16,16,-1,-1,-1,-1,-1,14.139392,1,14.184448,0.835584,15.020032
4563,16,16,-1,-1,-1,-1,-1,14.02368,1,14.09024,0.833536,14.923776
4564,16,16,-1,-1,-1,-1,-1,14.004224,1,14.071808,0.836608,14.908416
4565,16,1024,-1,-1,-1,-1,-1,-1,0,72.844292,0.832512,73.676804
4566,16,16,-1,-1,-1,-1,-1,14.140416,1,14.185472,0.832512,15.017984
4567,16,16,-1,-1,-1,-1,-1,14.052352,1,14.097408,0.82944,14.926848
4568,16,16,-1,-1,-1,-1,-1,13.99808,1,14.043136,0.82944,14.872576
4569,16,16,-1,-1,-1,-1,-1,13.948928,1,14.014464,0.82432,14.838784
4570,16,16,-1,-1,-1,-1,-1,13.927424,1,13.970432,0.823296,14.793728
4571,16,16,-1,-1,-1,-1,-1,13.91104,1,13.973504,0.825344,14.798848
4572,16,16,-1,-1,-1,-1,-1,13.912064,1,13.9776,0.826368,14.803968
4573,16,1008,-1,-1,-1,-1,-1,-1,0,72.177666,0.83456,73.012226
4574,16,16,-1,-1,-1,-1,-1,14.117888,1,14.17728,0.837632,15.014912
4575,16,16,-1,-1,-1,-1,-1,14.113792,1,14.160896,0.838656,14.999552
4576,16,16,-1,-1,-1,-1,-1,14.015488,1,14.060544,0.833536,14.89408
4577,16,16,-1,-1,-1,-1,-1,13.940736,1,14.001152,0.830464,14.831616
4578,16,16,-1,-1,-1,-1,-1,13.947904,1,13.991936,0.828416,14.820352
4579,16,16,-1,-1,-1,-1,-1,13.878272,1,13.943808,0.82944,14.773248
4580,16,16,-1,-1,-1,-1,-1,13.903872,1,13.94688,0.826368,14.773248
4581,16,16,-1,-1,-1,-1,-1,13.88544,1,13.952,0.82944,14.78144
4582,16,16,-1,-1,-1,-1,-1,13.893632,1,13.93664,0.836608,14.773248
4583,16,16,-1,-1,-1,-1,-1,13.919232,1,13.963264,0.830464,14.793728
4584,16,16,-1,-1,-1,-1,-1,13.876224,1,13.922304,0.825344,14.747648
4585,16,16,-1,-1,-1,-1,-1,13.893632,1,13.961216,0.82944,14.790656
4586,16,16,-1,-1,-1,-1,-1,13.899776,1,13.944832,0.823296,14.768128
4587,16,16,-1,-1,-1,-1,-1,13.899776,1,13.963264,0.835584,14.798848
4588,16,16,-1,-1,-1,-1,-1,13.897728,1,13.963264,0.826368,14.789632
4589,16,16,-1,-1,-1,-1,-1,13.88544,1,13.952,0.830464,14.782464
4590,16,16,-1,-1,-1,-1,-1,13.876224,1,13.933568,0.826368,14.759936
4591,16,16,-1,-1,-1,-1,-1,13.89056,1,13.934592,0.840704,14.775296
4592,16,16,-1,-1,-1,-1,-1,13.906944,1,13.950976,0.827392,14.778368
4593,16,16,-1,-1,-1,-1,-1,13.892608,1,13.958144,0.851968,14.810112
4594,16,1024,-1,-1,-1,-1,-1,-1,0,72.105988,0.838656,72.944644
4595,16,16,-1,-1,-1,-1,-1,14.152704,1,14.219264,0.840704,15.059968
4596,16,16,-1,-1,-1,-1,-1,14.065664,1,14.111744,0.838656,14.9504
4597,16,16,-1,-1,-1,-1,-1,14.012416,1,14.081024,0.836608,14.917632
4598,16,16,-1,-1,-1,-1,-1,13.929472,1,13.973504,0.836608,14.810112
4599,16,16,-1,-1,-1,-1,-1,13.933568,1,13.9776,0.828416,14.806016
4600,16,16,-1,-1,-1,-1,-1,13.937664,1,13.981696,0.826368,14.808064
4601,16,16,-1,-1,-1,-1,-1,13.89568,1,13.963264,0.827392,14.790656
4602,16,16,-1,-1,-1,-1,-1,13.945856,1,13.989888,0.826368,14.816256
4603,16,1024,-1,-1,-1,-1,-1,-1,0,71.89299,0.843776,72.736766
4604,16,16,-1,-1,-1,-1,-1,14.176256,1,14.244864,0.83456,15.079424
4605,16,16,-1,-1,-1,-1,-1,14.152704,1,14.222336,0.838656,15.060992
4606,16,1024,-1,-1,-1,-1,-1,-1,0,74.246147,0.83968,75.085827
4607,16,16,-1,-1,-1,-1,-1,14.15168,1,14.195712,0.832512,15.028224
4608,16,16,-1,-1,-1,-1,-1,14.073856,1,14.119936,0.833536,14.953472
4609,16,16,-1,-1,-1,-1,-1,13.993984,1,14.060544,0.837632,14.898176
4610,16,16,-1,-1,-1,-1,-1,13.983744,1,14.04928,0.827392,14.876672
4611,16,16,-1,-1,-1,-1,-1,13.954048,1,14.019584,0.833536,14.85312
4612,16,16,-1,-1,-1,-1,-1,13.914112,1,13.958144,0.83456,14.792704
4613,16,1024,-1,-1,-1,-1,-1,-1,0,70.035454,0.826368,70.861822
4614,16,16,-1,-1,-1,-1,-1,13.970432,1,14.014464,0.842752,14.857216
4615,16,16,-1,-1,-1,-1,-1,14.06976,1,14.113792,0.841728,14.95552
4616,16,16,-1,-1,-1,-1,-1,13.980672,1,14.024704,0.827392,14.852096
4617,16,16,-1,-1,-1,-1,-1,13.97248,1,14.040064,0.835584,14.875648
4618,16,16,-1,-1,-1,-1,-1,13.954048,1,13.997056,0.831488,14.828544
4619,16,16,-1,-1,-1,-1,-1,13.928448,1,13.986816,0.832512,14.819328
4620,16,16,-1,-1,-1,-1,-1,13.937664,1,13.997056,0.82944,14.826496
4621,16,16,-1,-1,-1,-1,-1,13.929472,1,13.993984,0.83456,14.828544
4622,16,16,-1,-1,-1,-1,-1,13.950976,1,14.015488,0.827392,14.84288
4623,16,16,-1,-1,-1,-1,-1,13.937664,1,13.979648,0.827392,14.80704
4624,16,16,-1,-1,-1,-1,-1,13.919232,1,13.961216,0.825344,14.78656
4625,16,16,-1,-1,-1,-1,-1,13.903872,1,13.961216,0.823296,14.784512
4626,16,16,-1,-1,-1,-1,-1,13.884416,1,13.947904,0.827392,14.775296
4627,16,16,-1,-1,-1,-1,-1,13.932544,1,13.997056,0.827392,14.824448
4628,16,16,-1,-1,-1,-1,-1,13.893632,1,13.937664,0.832512,14.770176
4629,16,16,-1,-1,-1,-1,-1,13.883392,1,13.947904,0.836608,14.784512
4630,16,16,-1,-1,-1,-1,-1,13.876224,1,13.917184,0.823296,14.74048
4631,16,16,-1,-1,-1,-1,-1,13.891584,1,13.935616,0.828416,14.764032
4632,16,16,-1,-1,-1,-1,-1,13.876224,1,13.918208,0.826368,14.744576
4633,16,16,-1,-1,-1,-1,-1,13.884416,1,13.949952,0.835584,14.785536
4634,16,16,-1,-1,-1,-1,-1,13.902848,1,13.945856,0.828416,14.774272
4635,16,16,-1,-1,-1,-1,-1,13.904896,1,13.969408,0.826368,14.795776
4636,16,16,-1,-1,-1,-1,-1,13.898752,1,13.955072,0.827392,14.782464
4637,16,16,-1,-1,-1,-1,-1,13.883392,1,13.939712,0.823296,14.763008
4638,16,16,-1,-1,-1,-1,-1,13.891584,1,13.948928,0.826368,14.775296
4639,16,16,-1,-1,-1,-1,-1,13.9008,1,13.943808,0.82432,14.768128
4640,16,1024,-1,-1,-1,-1,-1,-1,0,72.312836,0.83456,73.147396
4641,16,16,-1,-1,-1,-1,-1,14.162944,1,14.22848,0.841728,15.070208
4642,16,16,-1,-1,-1,-1,-1,14.05952,1,14.124032,0.82944,14.953472
4643,16,16,-1,-1,-1,-1,-1,14.011392,1,14.075904,0.826368,14.902272
4644,16,16,-1,-1,-1,-1,-1,13.959168,1,14.002176,0.827392,14.829568
4645,16,16,-1,-1,-1,-1,-1,13.934592,1,13.999104,0.825344,14.824448
4646,16,1024,-1,-1,-1,-1,-1,-1,0,72.204285,0.83456,73.038845
4647,16,16,-1,-1,-1,-1,-1,14.193664,1,14.236672,0.832512,15.069184
4648,16,16,-1,-1,-1,-1,-1,14.086144,1,14.130176,0.830464,14.96064
4649,16,1024,-1,-1,-1,-1,-1,-1,0,72.240128,0.837632,73.07776
4650,16,16,-1,-1,-1,-1,-1,14.166016,1,14.210048,0.830464,15.040512
4651,16,16,-1,-1,-1,-1,-1,14.093312,1,14.15168,0.830464,14.982144
4652,16,16,-1,-1,-1,-1,-1,14.040064,1,14.097408,0.82944,14.926848
4653,16,16,-1,-1,-1,-1,-1,13.986816,1,14.052352,0.827392,14.879744
4654,16,16,-1,-1,-1,-1,-1,13.95712,1,14.021632,0.822272,14.843904
4655,16,16,-1,-1,-1,-1,-1,13.920256,1,13.96224,0.826368,14.788608
4656,16,16,-1,-1,-1,-1,-1,13.924352,1,13.98784,0.828416,14.816256
4657,16,1024,-1,-1,-1,-1,-1,-1,0,72.32,0.835584,73.155584
4658,16,16,-1,-1,-1,-1,-1,14.17216,1,14.237696,0.835584,15.07328
4659,16,16,-1,-1,-1,-1,-1,14.098432,1,14.143488,0.82944,14.972928
4660,16,16,-1,-1,-1,-1,-1,14.024704,1,14.070784,0.82944,14.900224
4661,16,16,-1,-1,-1,-1,-1,13.99808,1,14.06464,0.828416,14.893056
4662,16,16,-1,-1,-1,-1,-1,13.984768,1,14.050304,0.826368,14.876672
4663,16,16,-1,-1,-1,-1,-1,13.973504,1,14.015488,0.826368,14.841856
4664,16,16,-1,-1,-1,-1,-1,13.950976,1,13.995008,0.826368,14.821376
4665,16,16,-1,-1,-1,-1,-1,13.94688,1,14.004224,0.82944,14.833664
4666,16,16,-1,-1,-1,-1,-1,13.953024,1,13.993984,0.823296,14.81728
4667,16,16,-1,-1,-1,-1,-1,13.930496,1,13.98784,0.827392,14.815232
4668,16,1024,-1,-1,-1,-1,-1,-1,0,71.590912,0.835584,72.426496
4669,16,16,-1,-1,-1,-1,-1,14.185472,1,14.253056,0.833536,15.086592
4670,16,16,-1,-1,-1,-1,-1,14.08512,1,14.153728,0.82944,14.983168
4671,16,16,-1,-1,-1,-1,-1,14.032896,1,14.075904,0.82944,14.905344
4672,16,16,-1,-1,-1,-1,-1,14.017536,1,14.073856,0.826368,14.900224
4673,16,16,-1,-1,-1,-1,-1,13.984768,1,14.050304,0.825344,14.875648
4674,16,1023,-1,-1,-1,-1,-1,-1,0,71.847939,0.835584,72.683523
4675,16,16,-1,-1,-1,-1,-1,14.175232,1,14.240768,0.83456,15.075328
4676,16,16,-1,-1,-1,-1,-1,14.113792,1,14.158848,0.82944,14.988288
4677,16,16,-1,-1,-1,-1,-1,14.025728,1,14.092288,0.82944,14.921728
4678,16,16,-1,-1,-1,-1,-1,13.961216,1,14.016512,0.828416,14.844928
4679,16,16,-1,-1,-1,-1,-1,13.958144,1,14.000128,0.826368,14.826496
4680,16,1024,-1,-1,-1,-1,-1,-1,0,71.975937,0.831488,72.807425
4681,16,2032,-1,-1,-1,-1,-1,-1,0,135.438339,0.838656,136.276995
4682,16,16,-1,-1,-1,-1,-1,14.166016,1,14.211072,0.83456,15.045632
4683,16,16,-1,-1,-1,-1,-1,14.125056,1,14.191616,0.833536,15.025152
4684,16,16,-1,-1,-1,-1,-1,14.119936,1,14.185472,0.838656,15.024128
4685,16,16,-1,-1,-1,-1,-1,14.112768,1,14.179328,0.831488,15.010816
4686,16,16,-1,-1,-1,-1,-1,14.083072,1,14.148608,0.832512,14.98112
4687,16,1023,-1,-1,-1,-1,-1,-1,0,72.557571,0.83968,73.397251
4688,16,16,-1,-1,-1,-1,-1,14.173184,1,14.23872,0.837632,15.076352
4689,16,16,-1,-1,-1,-1,-1,14.088192,1,14.153728,0.82944,14.983168
4690,16,1024,-1,-1,-1,-1,-1,-1,0,72.904701,0.835584,73.740285
4691,16,16,-1,-1,-1,-1,-1,14.16192,1,14.226432,0.830464,15.056896
4692,16,16,-1,-1,-1,-1,-1,14.083072,1,14.129152,0.825344,14.954496
4693,16,16,-1,-1,-1,-1,-1,14.002176,1,14.058496,0.827392,14.885888
4694,16,16,-1,-1,-1,-1,-1,13.944832,1,14.010368,0.826368,14.836736
4695,16,16,-1,-1,-1,-1,-1,13.944832,1,13.986816,0.826368,14.813184
4696,16,16,-1,-1,-1,-1,-1,13.91104,1,13.974528,0.828416,14.802944
4697,16,16,-1,-1,-1,-1,-1,13.910016,1,13.975552,0.828416,14.803968
4698,16,1024,-1,-1,-1,-1,-1,-1,0,72.338432,0.835584,73.174016
4699,16,16,-1,-1,-1,-1,-1,14.109696,1,14.175232,0.832512,15.007744
4700,16,16,-1,-1,-1,-1,-1,14.06464,1,14.121984,0.830464,14.952448
4701,16,16,-1,-1,-1,-1,-1,13.94176,1,13.984768,0.827392,14.81216
4702,16,16,-1,-1,-1,-1,-1,13.950976,1,14.007296,0.830464,14.83776
4703,16,16,-1,-1,-1,-1,-1,13.933568,1,13.9776,0.826368,14.803968
4704,16,16,-1,-1,-1,-1,-1,13.913088,1,13.971456,0.828416,14.799872
4705,16,16,-1,-1,-1,-1,-1,13.925376,1,13.988864,0.827392,14.816256
4706,16,16,-1,-1,-1,-1,-1,13.930496,1,13.997056,0.82944,14.826496
4707,16,16,-1,-1,-1,-1,-1,13.939712,1,14.0032,0.826368,14.829568
4708,16,16,-1,-1,-1,-1,-1,13.913088,1,13.956096,0.825344,14.78144
4709,16,16,-1,-1,-1,-1,-1,13.886464,1,13.949952,0.825344,14.775296
4710,16,16,-1,-1,-1,-1,-1,13.89056,1,13.954048,0.827392,14.78144
4711,16,16,-1,-1,-1,-1,-1,13.887488,1,13.930496,0.82432,14.754816
4712,16,16,-1,-1,-1,-1,-1,13.889536,1,13.953024,0.827392,14.780416
4713,16,16,-1,-1,-1,-1,-1,13.892608,1,13.95712,0.82432,14.78144
4714,16,16,-1,-1,-1,-1,-1,13.881344,1,13.945856,0.825344,14.7712
4715,16,16,-1,-1,-1,-1,-1,13.882368,1,13.944832,0.82432,14.769152
4716,16,16,-1,-1,-1,-1,-1,13.902848,1,13.96736,0.827392,14.794752
4717,16,16,-1,-1,-1,-1,-1,13.894656,1,13.937664,0.826368,14.764032
4718,16,16,-1,-1,-1,-1,-1,13.892608,1,13.95712,0.82432,14.78144
4719,16,16,-1,-1,-1,-1,-1,13.904896,1,13.945856,0.827392,14.773248
4720,16,16,-1,-1,-1,-1,-1,13.922304,1,13.986816,0.825344,14.81216
4721,16,16,-1,-1,-1,-1,-1,13.894656,1,13.958144,0.826368,14.784512
4722,16,16,-1,-1,-1,-1,-1,13.908992,1,13.965312,0.828416,14.793728
4723,16,16,-1,-1,-1,-1,-1,13.92128,1,13.985792,0.82432,14.810112
4724,16,16,-1,-1,-1,-1,-1,13.89568,1,13.939712,0.826368,14.76608
4725,16,16,-1,-1,-1,-1,-1,13.848576,1,13.90592,0.826368,14.732288
4726,16,16,-1,-1,-1,-1,-1,13.899776,1,13.964288,0.826368,14.790656
4727,16,16,-1,-1,-1,-1,-1,13.896704,1,13.938688,0.825344,14.764032
4728,16,16,-1,-1,-1,-1,-1,13.897728,1,13.961216,0.827392,14.788608
4729,16,16,-1,-1,-1,-1,-1,13.899776,1,13.95712,0.825344,14.782464
4730,16,16,-1,-1,-1,-1,-1,13.899776,1,13.964288,0.82432,14.788608
4731,16,1024,-1,-1,-1,-1,-1,-1,0,71.807999,0.833536,72.641535
4732,16,16,-1,-1,-1,-1,-1,14.153728,1,14.219264,0.831488,15.050752
4733,16,1024,-1,-1,-1,-1,-1,-1,0,73.435135,0.833536,74.268671
4734,16,16,-1,-1,-1,-1,-1,14.083072,1,14.147584,0.831488,14.979072
4735,16,16,-1,-1,-1,-1,-1,14.065664,1,14.109696,0.832512,14.942208
4736,16,16,-1,-1,-1,-1,-1,14.070784,1,14.138368,0.830464,14.968832
4737,16,16,-1,-1,-1,-1,-1,13.969408,1,14.025728,0.830464,14.856192
4738,16,16,-1,-1,-1,-1,-1,13.910016,1,13.97248,0.828416,14.800896
4739,16,16,-1,-1,-1,-1,-1,13.9264,1,13.981696,0.826368,14.808064
4740,16,16,-1,-1,-1,-1,-1,13.884416,1,13.927424,0.82944,14.756864
4741,16,16,-1,-1,-1,-1,-1,13.898752,1,13.955072,0.827392,14.782464
4742,16,16,-1,-1,-1,-1,-1,13.902848,1,13.966336,0.826368,14.792704
4743,16,1024,-1,-1,-1,-1,-1,-1,0,72.108032,0.833536,72.941568
4744,16,16,-1,-1,-1,-1,-1,14.134272,1,14.198784,0.832512,15.031296
4745,16,16,-1,-1,-1,-1,-1,14.071808,1,14.130176,0.83456,14.964736
4746,16,16,-1,-1,-1,-1,-1,14.001152,1,14.067712,0.82944,14.897152
4747,16,16,-1,-1,-1,-1,-1,13.961216,1,14.025728,0.826368,14.852096
4748,16,1024,-1,-1,-1,-1,-1,-1,0,72.062973,0.835584,72.898557
4749,16,16,-1,-1,-1,-1,-1,14.17216,1,14.237696,0.835584,15.07328
4750,16,16,-1,-1,-1,-1,-1,14.103552,1,14.147584,0.82944,14.977024
4751,16,16,-1,-1,-1,-1,-1,13.999104,1,14.043136,0.828416,14.871552
4752,16,16,-1,-1,-1,-1,-1,13.981696,1,14.03904,0.828416,14.867456
4753,16,16,-1,-1,-1,-1,-1,13.9264,1,13.991936,0.830464,14.8224
4754,16,16,-1,-1,-1,-1,-1,13.917184,1,13.973504,0.826368,14.799872
4755,16,16,-1,-1,-1,-1,-1,13.93664,1,13.993984,0.826368,14.820352
4756,16,16,-1,-1,-1,-1,-1,13.947904,1,13.991936,0.826368,14.818304
4757,16,16,-1,-1,-1,-1,-1,13.9264,1,13.970432,0.833536,14.803968
4758,16,1023,-1,-1,-1,-1,-1,-1,0,72.414207,0.845824,73.260031
4759,16,16,-1,-1,-1,-1,-1,14.184448,1,14.244864,0.83456,15.079424
4760,16,16,-1,-1,-1,-1,-1,14.101504,1,14.168064,0.82944,14.997504
4761,16,16,-1,-1,-1,-1,-1,14.005248,1,14.071808,0.831488,14.903296
4762,16,16,-1,-1,-1,-1,-1,13.963264,1,14.030848,0.828416,14.859264
4763,16,16,-1,-1,-1,-1,-1,13.925376,1,13.991936,0.828416,14.820352
4764,16,16,-1,-1,-1,-1,-1,13.95712,1,14.022656,0.82432,14.846976
4765,16,16,-1,-1,-1,-1,-1,13.94176,1,13.999104,0.832512,14.831616
4766,16,16,-1,-1,-1,-1,-1,13.932544,1,13.976576,0.832512,14.809088
4767,16,16,-1,-1,-1,-1,-1,13.94176,1,13.986816,0.82432,14.811136
4768,16,16,-1,-1,-1,-1,-1,13.968384,1,14.026752,0.82944,14.856192
4769,16,16,-1,-1,-1,-1,-1,13.896704,1,13.96224,0.82944,14.79168
4770,16,1024,-1,-1,-1,-1,-1,-1,0,71.853058,0.841728,72.694786
4771,16,16,-1,-1,-1,-1,-1,14.189568,1,14.25408,0.832512,15.086592
4772,16,1024,-1,-1,-1,-1,-1,-1,0,73.013245,0.837632,73.850877
4773,16,16,-1,-1,-1,-1,-1,14.159872,1,14.204928,0.833536,15.038464
4774,16,16,-1,-1,-1,-1,-1,14.116864,1,14.163968,0.830464,14.994432
4775,16,16,-1,-1,-1,-1,-1,14.002176,1,14.068736,0.827392,14.896128
4776,16,16,-1,-1,-1,-1,-1,13.960192,1,14.025728,0.835584,14.861312
4777,16,16,-1,-1,-1,-1,-1,13.920256,1,13.978624,0.826368,14.804992
4778,16,16,-1,-1,-1,-1,-1,13.935616,1,14.001152,0.832512,14.833664
4779,16,16,-1,-1,-1,-1,-1,13.915136,1,13.979648,0.830464,14.810112
4780,16,16,-1,-1,-1,-1,-1,13.94688,1,14.012416,0.825344,14.83776
4781,16,16,-1,-1,-1,-1,-1,13.943808,1,14.009344,0.831488,14.840832
4782,16,1024,-1,-1,-1,-1,-1,-1,0,71.785469,0.832512,72.617981
4783,16,16,-1,-1,-1,-1,-1,14.190592,1,14.235648,0.833536,15.069184
4784,16,16,-1,-1,-1,-1,-1,14.078976,1,14.14656,0.831488,14.978048
4785,16,16,-1,-1,-1,-1,-1,13.983744,1,14.027776,0.827392,14.855168
4786,16,16,-1,-1,-1,-1,-1,13.997056,1,14.0544,0.831488,14.885888
4787,16,16,-1,-1,-1,-1,-1,13.975552,1,14.041088,0.833536,14.874624
4788,16,16,-1,-1,-1,-1,-1,13.95712,1,14.020608,0.840704,14.861312
4789,16,16,-1,-1,-1,-1,-1,13.947904,1,13.989888,0.82432,14.814208
4790,16,16,-1,-1,-1,-1,-1,13.933568,1,13.9776,0.82944,14.80704
4791,16,16,-1,-1,-1,-1,-1,13.913088,1,13.979648,0.831488,14.811136
4792,16,16,-1,-1,-1,-1,-1,13.904896,1,13.970432,0.827392,14.797824
4793,16,16,-1,-1,-1,-1,-1,13.954048,1,14.019584,0.82432,14.843904
4794,16,16,-1,-1,-1,-1,-1,13.910016,1,13.974528,0.82944,14.803968
4795,16,16,-1,-1,-1,-1,-1,13.9008,1,13.95712,0.823296,14.780416
4796,16,16,-1,-1,-1,-1,-1,13.918208,1,13.974528,0.828416,14.802944
4797,16,16,-1,-1,-1,-1,-1,13.906944,1,13.969408,0.827392,14.7968
4798,16,16,-1,-1,-1,-1,-1,13.922304,1,13.98784,0.828416,14.816256
4799,16,16,-1,-1,-1,-1,-1,13.927424,1,13.969408,0.833536,14.802944
4800,16,16,-1,-1,-1,-1,-1,13.884416,1,13.947904,0.828416,14.77632
4801,16,16,-1,-1,-1,-1,-1,13.94176,1,13.983744,0.825344,14.809088
4802,16,1008,-1,-1,-1,-1,-1,-1,0,71.835648,0.83456,72.670208
4803,16,1024,-1,-1,-1,-1,-1,-1,0,74.536957,0.843776,75.380733
4804,16,16,-1,-1,-1,-1,-1,14.096384,1,14.166016,0.830464,14.99648
4805,16,1024,-1,-1,-1,-1,-1,-1,0,73.66861,0.843776,74.512386
4806,16,1024,-1,-1,-1,-1,-1,-1,0,74.991615,0.845824,75.837439
4807,16,16,-1,-1,-1,-1,-1,14.135296,1,14.203904,0.8448,15.048704
4808,16,16,-1,-1,-1,-1,-1,14.052352,1,14.097408,0.836608,14.934016
4809,16,16,-1,-1,-1,-1,-1,13.979648,1,14.026752,0.828416,14.855168
4810,16,1024,-1,-1,-1,-1,-1,-1,0,72.312836,0.838656,73.151492
4811,16,16,-1,-1,-1,-1,-1,14.138368,1,14.205952,0.843776,15.049728
4812,16,16,-1,-1,-1,-1,-1,14.057472,1,14.125056,0.83456,14.959616
4813,16,16,-1,-1,-1,-1,-1,14.001152,1,14.067712,0.838656,14.906368
4814,16,16,-1,-1,-1,-1,-1,13.932544,1,13.989888,0.831488,14.821376
4815,16,16,-1,-1,-1,-1,-1,13.944832,1,13.988864,0.827392,14.816256
4816,16,16,-1,-1,-1,-1,-1,13.91616,1,13.98272,0.827392,14.810112
4817,16,16,-1,-1,-1,-1,-1,13.93152,1,13.975552,0.828416,14.803968
4818,16,16,-1,-1,-1,-1,-1,13.891584,1,13.958144,0.828416,14.78656
4819,16,16,-1,-1,-1,-1,-1,13.9008,1,13.965312,0.835584,14.800896
4820,16,1024,-1,-1,-1,-1,-1,-1,0,72.215553,0.832512,73.048065
4821,16,16,-1,-1,-1,-1,-1,14.142464,1,14.206976,0.830464,15.03744
4822,16,16,-1,-1,-1,-1,-1,14.063616,1,14.1312,0.827392,14.958592
4823,16,16,-1,-1,-1,-1,-1,13.932544,1,13.990912,0.828416,14.819328
4824,16,16,-1,-1,-1,-1,-1,13.943808,1,13.98784,0.827392,14.815232
4825,16,16,-1,-1,-1,-1,-1,13.93152,1,13.974528,0.828416,14.802944
4826,16,1024,-1,-1,-1,-1,-1,-1,0,71.835648,0.835584,72.671232
4827,16,16,-1,-1,-1,-1,-1,14.153728,1,14.21824,0.83456,15.0528
4828,16,16,-1,-1,-1,-1,-1,14.081024,1,14.140416,0.828416,14.968832
4829,16,16,-1,-1,-1,-1,-1,14.010368,1,14.077952,0.830464,14.908416
4830,16,16,-1,-1,-1,-1,-1,13.9264,1,13.984768,0.828416,14.813184
4831,16,1024,-1,-1,-1,-1,-1,-1,0,71.965698,0.833536,72.799234
4832,16,16,-1,-1,-1,-1,-1,14.123008,1,14.166016,0.835584,15.0016
4833,16,16,-1,-1,-1,-1,-1,14.05952,1,14.103552,0.83456,14.938112
4834,16,16,-1,-1,-1,-1,-1,14.032896,1,14.102528,0.83456,14.937088
4835,16,16,-1,-1,-1,-1,-1,13.974528,1,14.030848,0.833536,14.864384
4836,16,16,-1,-1,-1,-1,-1,13.952,1,14.011392,0.823296,14.834688
4837,16,16,-1,-1,-1,-1,-1,13.9264,1,13.991936,0.826368,14.818304
4838,16,16,-1,-1,-1,-1,-1,13.89056,1,13.955072,0.828416,14.783488
4839,16,16,-1,-1,-1,-1,-1,13.918208,1,13.985792,0.831488,14.81728
4840,16,16,-1,-1,-1,-1,-1,13.95712,1,13.999104,0.830464,14.829568
4841,16,16,-1,-1,-1,-1,-1,13.903872,1,13.94688,0.826368,14.773248
4842,16,16,-1,-1,-1,-1,-1,13.898752,1,13.95712,0.827392,14.784512
4843,16,16,-1,-1,-1,-1,-1,13.918208,1,13.984768,0.826368,14.811136
4844,16,16,-1,-1,-1,-1,-1,13.930496,1,13.997056,0.835584,14.83264
4845,16,16,-1,-1,-1,-1,-1,13.89568,1,13.961216,0.832512,14.793728
4846,16,16,-1,-1,-1,-1,-1,13.883392,1,13.948928,0.826368,14.775296
4847,16,16,-1,-1,-1,-1,-1,13.906944,1,13.973504,0.82432,14.797824
4848,16,16,-1,-1,-1,-1,-1,13.892608,1,13.937664,0.825344,14.763008
4849,16,16,-1,-1,-1,-1,-1,13.901824,1,13.947904,0.828416,14.77632
4850,16,16,-1,-1,-1,-1,-1,13.881344,1,13.939712,0.832512,14.772224
4851,16,16,-1,-1,-1,-1,-1,13.879296,1,13.943808,0.830464,14.774272
4852,16,16,-1,-1,-1,-1,-1,13.899776,1,13.96736,0.825344,14.792704
4853,16,16,-1,-1,-1,-1,-1,13.922304,1,13.986816,0.828416,14.815232
4854,16,16,-1,-1,-1,-1,-1,13.881344,1,13.944832,0.827392,14.772224
4855,16,16,-1,-1,-1,-1,-1,13.920256,1,13.986816,0.832512,14.819328
4856,16,16,-1,-1,-1,-1,-1,13.912064,1,13.956096,0.82432,14.780416
4857,16,1024,-1,-1,-1,-1,-1,-1,0,71.71891,0.83456,72.55347
4858,16,16,-1,-1,-1,-1,-1,14.155776,1,14.216192,0.831488,15.04768
4859,16,16,-1,-1,-1,-1,-1,14.057472,1,14.121984,0.830464,14.952448
4860,16,16,-1,-1,-1,-1,-1,14.025728,1,14.09024,0.832512,14.922752
4861,16,16,-1,-1,-1,-1,-1,13.938688,1,13.983744,0.832512,14.816256
4862,16,16,-1,-1,-1,-1,-1,13.966336,1,14.030848,0.830464,14.861312
4863,16,16,-1,-1,-1,-1,-1,13.944832,1,14.011392,0.831488,14.84288
4864,16,16,-1,-1,-1,-1,-1,13.932544,1,13.978624,0.831488,14.810112
4865,16,16,-1,-1,-1,-1,-1,13.932544,1,13.976576,0.838656,14.815232
4866,16,16,-1,-1,-1,-1,-1,13.914112,1,13.973504,0.838656,14.81216
4867,16,1024,-1,-1,-1,-1,-1,-1,0,72.139778,0.83456,72.974338
4868,16,1024,-1,-1,-1,-1,-1,-1,0,74.515457,0.843776,75.359233
4869,16,16,-1,-1,-1,-1,-1,14.1824,1,14.24896,0.836608,15.085568
4870,16,16,-1,-1,-1,-1,-1,14.150656,1,14.217216,0.835584,15.0528
4871,16,16,-1,-1,-1,-1,-1,14.158848,1,14.224384,0.836608,15.060992
4872,16,16,-1,-1,-1,-1,-1,14.158848,1,14.203904,0.838656,15.04256
4873,16,16,-1,-1,-1,-1,-1,14.076928,1,14.135296,0.833536,14.968832
4874,16,16,-1,-1,-1,-1,-1,13.925376,1,13.99296,0.827392,14.820352
4875,16,16,-1,-1,-1,-1,-1,13.927424,1,13.971456,0.837632,14.809088
4876,16,16,-1,-1,-1,-1,-1,13.901824,1,13.968384,0.828416,14.7968
4877,16,16,-1,-1,-1,-1,-1,13.927424,1,13.969408,0.826368,14.795776
4878,16,16,-1,-1,-1,-1,-1,13.953024,1,14.009344,0.825344,14.834688
4879,16,16,-1,-1,-1,-1,-1,13.887488,1,13.954048,0.833536,14.787584
4880,16,1024,-1,-1,-1,-1,-1,-1,0,72.024063,0.836608,72.860671
4881,16,16,-1,-1,-1,-1,-1,14.14144,1,14.185472,0.83456,15.020032
4882,16,1024,-1,-1,-1,-1,-1,-1,0,73.331711,0.840704,74.172415
4883,16,16,-1,-1,-1,-1,-1,14.12608,1,14.194688,0.831488,15.026176
4884,16,16,-1,-1,-1,-1,-1,14.056448,1,14.124032,0.833536,14.957568
4885,16,16,-1,-1,-1,-1,-1,13.986816,1,14.055424,0.833536,14.88896
4886,16,16,-1,-1,-1,-1,-1,13.997056,1,14.06464,0.828416,14.893056
4887,16,16,-1,-1,-1,-1,-1,13.933568,1,13.976576,0.837632,14.814208
4888,16,16,-1,-1,-1,-1,-1,13.918208,1,13.96224,0.827392,14.789632
4889,16,16,-1,-1,-1,-1,-1,13.91616,1,13.980672,0.840704,14.821376
4890,16,16,-1,-1,-1,-1,-1,13.930496,1,13.997056,0.832512,14.829568
4891,16,16,-1,-1,-1,-1,-1,13.897728,1,13.94176,0.835584,14.777344
4892,16,16,-1,-1,-1,-1,-1,13.924352,1,13.966336,0.832512,14.798848
4893,16,16,-1,-1,-1,-1,-1,13.912064,1,13.955072,0.825344,14.780416
4894,16,16,-1,-1,-1,-1,-1,13.851648,1,13.91616,0.837632,14.753792
4895,16,16,-1,-1,-1,-1,-1,13.884416,1,13.948928,0.826368,14.775296
4896,16,16,-1,-1,-1,-1,-1,13.88032,1,13.937664,0.83456,14.772224
4897,16,16,-1,-1,-1,-1,-1,13.88544,1,13.929472,0.825344,14.754816
4898,16,16,-1,-1,-1,-1,-1,13.888512,1,13.955072,0.83968,14.794752
4899,16,16,-1,-1,-1,-1,-1,13.879296,1,13.944832,0.827392,14.772224
4900,16,16,-1,-1,-1,-1,-1,13.892608,1,13.958144,0.837632,14.795776
4901,16,16,-1,-1,-1,-1,-1,13.902848,1,13.968384,0.83968,14.808064
4902,16,16,-1,-1,-1,-1,-1,13.874176,1,13.939712,0.836608,14.77632
4903,16,2032,-1,-1,-1,-1,-1,-1,0,132.498428,0.850944,133.349372
4904,16,16,-1,-1,-1,-1,-1,14.179328,1,14.227456,0.842752,15.070208
4905,16,16,-1,-1,-1,-1,-1,14.143488,1,14.20288,0.8448,15.04768
4906,16,16,-1,-1,-1,-1,-1,14.002176,1,14.06976,0.83968,14.90944
4907,16,16,-1,-1,-1,-1,-1,13.966336,1,14.009344,0.840704,14.850048
4908,16,16,-1,-1,-1,-1,-1,13.954048,1,13.999104,0.835584,14.834688
4909,16,16,-1,-1,-1,-1,-1,13.910016,1,13.954048,0.836608,14.790656
4910,16,16,-1,-1,-1,-1,-1,13.915136,1,13.961216,0.831488,14.792704
4911,16,16,-1,-1,-1,-1,-1,13.91616,1,13.98272,0.826368,14.809088
4912,16,1024,-1,-1,-1,-1,-1,-1,0,72.104958,0.83456,72.939518
4913,16,16,-1,-1,-1,-1,-1,14.150656,1,14.195712,0.832512,15.028224
4914,16,1023,-1,-1,-1,-1,-1,-1,0,73.263107,0.838656,74.101763
4915,16,16,-1,-1,-1,-1,-1,14.133248,1,14.194688,0.83456,15.029248
4916,16,16,-1,-1,-1,-1,-1,14.11584,1,14.184448,0.83456,15.019008
4917,16,16,-1,-1,-1,-1,-1,14.113792,1,14.181376,0.837632,15.019008
4918,16,16,-1,-1,-1,-1,-1,14.01344,1,14.082048,0.828416,14.910464
4919,16,16,-1,-1,-1,-1,-1,13.942784,1,14.007296,0.825344,14.83264
4920,16,16,-1,-1,-1,-1,-1,13.919232,1,13.96224,0.836608,14.798848
4921,16,16,-1,-1,-1,-1,-1,13.939712,1,14.002176,0.827392,14.829568
4922,16,16,-1,-1,-1,-1,-1,13.933568,1,13.99808,0.827392,14.825472
4923,16,16,-1,-1,-1,-1,-1,13.934592,1,13.9776,0.827392,14.804992
4924,16,16,-1,-1,-1,-1,-1,13.930496,1,13.973504,0.823296,14.7968
4925,16,16,-1,-1,-1,-1,-1,13.898752,1,13.939712,0.827392,14.767104
4926,16,16,-1,-1,-1,-1,-1,13.894656,1,13.93664,0.82432,14.76096
4927,16,16,-1,-1,-1,-1,-1,13.887488,1,13.949952,0.830464,14.780416
4928,16,16,-1,-1,-1,-1,-1,13.902848,1,13.96736,0.825344,14.792704
4929,16,16,-1,-1,-1,-1,-1,13.898752,1,13.940736,0.830464,14.7712
4930,16,16,-1,-1,-1,-1,-1,13.901824,1,13.983744,0.832512,14.816256
4931,16,16,-1,-1,-1,-1,-1,13.906944,1,13.971456,0.832512,14.803968
4932,16,1024,-1,-1,-1,-1,-1,-1,0,71.906303,0.838656,72.744959
4933,16,16,-1,-1,-1,-1,-1,14.10048,1,14.16704,0.83456,15.0016
4934,16,2031,-1,-1,-1,-1,-1,-1,0,133.379074,0.845824,134.224898
4935,16,1023,-1,-1,-1,-1,-1,-1,0,75.212799,0.841728,76.054527
4936,16,16,-1,-1,-1,-1,-1,14.101504,1,14.16704,0.832512,14.999552
4937,16,16,-1,-1,-1,-1,-1,14.065664,1,14.130176,0.842752,14.972928
4938,16,16,-1,-1,-1,-1,-1,13.990912,1,14.056448,0.835584,14.892032
4939,16,16,-1,-1,-1,-1,-1,13.939712,1,13.98272,0.835584,14.818304
4940,16,16,-1,-1,-1,-1,-1,13.954048,1,13.997056,0.826368,14.823424
4941,16,16,-1,-1,-1,-1,-1,13.908992,1,13.952,0.836608,14.788608
4942,16,16,-1,-1,-1,-1,-1,13.933568,1,13.976576,0.826368,14.802944
4943,16,16,-1,-1,-1,-1,-1,13.920256,1,13.984768,0.832512,14.81728
4944,16,16,-1,-1,-1,-1,-1,13.869056,1,13.934592,0.82432,14.758912
4945,16,16,-1,-1,-1,-1,-1,13.919232,1,13.963264,0.832512,14.795776
4946,16,16,-1,-1,-1,-1,-1,13.907968,1,13.97248,0.825344,14.797824
4947,16,1024,-1,-1,-1,-1,-1,-1,0,72.104958,0.838656,72.943614
4948,16,1024,-1,-1,-1,-1,-1,-1,0,74.509315,0.836608,75.345923
4949,16,1024,-1,-1,-1,-1,-1,-1,0,74.521599,0.840704,75.362303
4950,16,16,-1,-1,-1,-1,-1,14.112768,1,14.178304,0.830464,15.008768
4951,16,16,-1,-1,-1,-1,-1,14.04416,1,14.112768,0.830464,14.943232
4952,16,16,-1,-1,-1,-1,-1,13.969408,1,14.035968,0.826368,14.862336
4953,16,16,-1,-1,-1,-1,-1,13.93664,1,14.001152,0.82432,14.825472
4954,16,16,-1,-1,-1,-1,-1,13.91104,1,13.953024,0.832512,14.785536
4955,16,16,-1,-1,-1,-1,-1,13.894656,1,13.938688,0.825344,14.764032
4956,16,16,-1,-1,-1,-1,-1,13.920256,1,13.96224,0.82432,14.78656
4957,16,16,-1,-1,-1,-1,-1,13.891584,1,13.932544,0.828416,14.76096
4958,16,16,-1,-1,-1,-1,-1,13.898752,1,13.940736,0.825344,14.76608
4959,16,16,-1,-1,-1,-1,-1,13.891584,1,13.934592,0.822272,14.756864
4960,16,16,-1,-1,-1,-1,-1,13.873152,1,13.928448,0.827392,14.75584
4961,16,16,-1,-1,-1,-1,-1,13.883392,1,13.9264,0.831488,14.757888
4962,16,16,-1,-1,-1,-1,-1,13.87008,1,13.9264,0.826368,14.752768
4963,16,16,-1,-1,-1,-1,-1,13.8496,1,13.913088,0.830464,14.743552
4964,16,16,-1,-1,-1,-1,-1,13.878272,1,13.942784,0.830464,14.773248
4965,16,16,-1,-1,-1,-1,-1,13.894656,1,13.958144,0.826368,14.784512
4966,16,16,-1,-1,-1,-1,-1,13.877248,1,13.94176,0.826368,14.768128
4967,16,16,-1,-1,-1,-1,-1,13.883392,1,13.947904,0.828416,14.77632
4968,16,16,-1,-1,-1,-1,-1,13.908992,1,13.974528,0.823296,14.797824
4969,16,16,-1,-1,-1,-1,-1,13.90592,1,13.964288,0.82944,14.793728
4970,16,16,-1,-1,-1,-1,-1,13.894656,1,13.937664,0.825344,14.763008
4971,16,16,-1,-1,-1,-1,-1,13.89568,1,13.937664,0.826368,14.764032
4972,16,16,-1,-1,-1,-1,-1,13.902848,1,13.945856,0.831488,14.777344
4973,16,16,-1,-1,-1,-1,-1,13.906944,1,13.950976,0.822272,14.773248
4974,16,16,-1,-1,-1,-1,-1,13.877248,1,13.919232,0.826368,14.7456
4975,16,16,-1,-1,-1,-1,-1,13.90592,1,13.948928,0.822272,14.7712
4976,16,16,-1,-1,-1,-1,-1,13.903872,1,13.96224,0.82432,14.78656
4977,16,16,-1,-1,-1,-1,-1,13.913088,1,13.956096,0.831488,14.787584
4978,16,16,-1,-1,-1,-1,-1,13.9008,1,13.964288,0.822272,14.78656
4979,16,16,-1,-1,-1,-1,-1,13.906944,1,13.963264,0.821248,14.784512
4980,16,16,-1,-1,-1,-1,-1,13.902848,1,13.959168,0.826368,14.785536
4981,16,1024,-1,-1,-1,-1,-1,-1,0,72.269821,0.836608,73.106429
4982,16,16,-1,-1,-1,-1,-1,14.160896,1,14.22848,0.838656,15.067136
4983,16,16,-1,-1,-1,-1,-1,14.124032,1,14.19264,0.836608,15.029248
4984,16,1024,-1,-1,-1,-1,-1,-1,0,72.214531,0.835584,73.050115
4985,16,16,-1,-1,-1,-1,-1,14.174208,1,14.219264,0.832512,15.051776
4986,16,16,-1,-1,-1,-1,-1,14.135296,1,14.1824,0.82944,15.01184
4987,16,16,-1,-1,-1,-1,-1,14.036992,1,14.083072,0.82944,14.912512
4988,16,16,-1,-1,-1,-1,-1,13.970432,1,14.015488,0.825344,14.840832
4989,16,16,-1,-1,-1,-1,-1,13.944832,1,13.990912,0.826368,14.81728
4990,16,1023,-1,-1,-1,-1,-1,-1,0,72.092674,0.8448,72.937474
4991,16,16,-1,-1,-1,-1,-1,14.155776,1,14.222336,0.840704,15.06304
4992,16,16,-1,-1,-1,-1,-1,14.04416,1,14.113792,0.836608,14.9504
4993,16,16,-1,-1,-1,-1,-1,14.012416,1,14.058496,0.83968,14.898176
4994,16,16,-1,-1,-1,-1,-1,13.97248,1,14.040064,0.83456,14.874624
4995,16,16,-1,-1,-1,-1,-1,13.954048,1,14.021632,0.836608,14.85824
4996,16,16,-1,-1,-1,-1,-1,13.956096,1,14.022656,0.828416,14.851072
4997,16,16,-1,-1,-1,-1,-1,13.93152,1,13.999104,0.836608,14.835712
4998,16,16,-1,-1,-1,-1,-1,13.906944,1,13.973504,0.831488,14.804992
4999,16,16,-1,-1,-1,-1,-1,13.940736,1,14.00832,0.837632,14.845952
5000,16,16,-1,-1,-1,-1,-1,13.933568,1,14.000128,0.826368,14.826496
5001,16,16,-1,-1,-1,-1,-1,13.906944,1,13.950976,0.828416,14.779392
5002,16,16,-1,-1,-1,-1,-1,13.88544,1,13.930496,0.826368,14.756864
5003,16,16,-1,-1,-1,-1,-1,13.915136,1,13.958144,0.836608,14.794752
5004,16,2031,-1,-1,-1,-1,-1,-1,0,133.513214,0.847872,134.361086
5005,16,16,-1,-1,-1,-1,-1,14.16704,1,14.235648,0.835584,15.071232
5006,16,16,-1,-1,-1,-1,-1,14.139392,1,14.186496,0.83968,15.026176
5007,16,16,-1,-1,-1,-1,-1,14.08,1,14.148608,0.831488,14.980096
5008,16,16,-1,-1,-1,-1,-1,13.999104,1,14.06464,0.82944,14.89408
5009,16,16,-1,-1,-1,-1,-1,13.943808,1,13.988864,0.833536,14.8224
5010,16,16,-1,-1,-1,-1,-1,13.927424,1,13.973504,0.836608,14.810112
5011,16,16,-1,-1,-1,-1,-1,13.93152,1,13.997056,0.823296,14.820352
5012,16,16,-1,-1,-1,-1,-1,13.94176,1,14.002176,0.836608,14.838784
5013,16,16,-1,-1,-1,-1,-1,13.949952,1,14.017536,0.836608,14.854144
5014,16,16,-1,-1,-1,-1,-1,13.933568,1,13.999104,0.828416,14.82752
5015,16,16,-1,-1,-1,-1,-1,13.908992,1,13.975552,0.828416,14.803968
5016,16,16,-1,-1,-1,-1,-1,13.92128,1,13.98784,0.825344,14.813184
5017,16,16,-1,-1,-1,-1,-1,13.906944,1,13.949952,0.82944,14.779392
5018,16,16,-1,-1,-1,-1,-1,13.914112,1,13.959168,0.837632,14.7968
5019,16,16,-1,-1,-1,-1,-1,13.913088,1,13.958144,0.83456,14.792704
5020,16,16,-1,-1,-1,-1,-1,13.888512,1,13.953024,0.83456,14.787584
5021,16,16,-1,-1,-1,-1,-1,13.935616,1,14.0032,0.83456,14.83776
5022,16,16,-1,-1,-1,-1,-1,13.913088,1,13.955072,0.827392,14.782464
5023,16,16,-1,-1,-1,-1,-1,13.910016,1,13.969408,0.836608,14.806016
5024,16,16,-1,-1,-1,-1,-1,13.928448,1,13.996032,0.82944,14.825472
5025,16,16,-1,-1,-1,-1,-1,13.923328,1,13.96736,0.836608,14.803968
5026,16,16,-1,-1,-1,-1,-1,13.899776,1,13.942784,0.830464,14.773248
5027,16,16,-1,-1,-1,-1,-1,13.942784,1,14.009344,0.83968,14.849024
5028,16,1024,-1,-1,-1,-1,-1,-1,0,72.159233,0.840704,72.999937
5029,16,16,-1,-1,-1,-1,-1,14.19776,1,14.260224,0.832512,15.092736
5030,16,16,-1,-1,-1,-1,-1,14.140416,1,14.209024,0.831488,15.040512
5031,16,1024,-1,-1,-1,-1,-1,-1,0,72.323074,0.837632,73.160706
5032,16,16,-1,-1,-1,-1,-1,14.178304,1,14.245888,0.833536,15.079424
5033,16,16,-1,-1,-1,-1,-1,14.124032,1,14.171136,0.838656,15.009792
5034,16,16,-1,-1,-1,-1,-1,14.042112,1,14.087168,0.828416,14.915584
5035,16,16,-1,-1,-1,-1,-1,13.96224,1,14.005248,0.83456,14.839808
5036,16,16,-1,-1,-1,-1,-1,13.980672,1,14.046208,0.82944,14.875648
5037,16,1024,-1,-1,-1,-1,-1,-1,0,72.299522,0.840704,73.140226
5038,16,16,-1,-1,-1,-1,-1,14.144512,1,14.189568,0.832512,15.02208
5039,16,16,-1,-1,-1,-1,-1,14.053376,1,14.118912,0.82432,14.943232
5040,16,16,-1,-1,-1,-1,-1,14.029824,1,14.073856,0.826368,14.900224
5041,16,16,-1,-1,-1,-1,-1,13.981696,1,14.025728,0.828416,14.854144
5042,16,16,-1,-1,-1,-1,-1,13.960192,1,14.0032,0.825344,14.828544
5043,16,16,-1,-1,-1,-1,-1,13.942784,1,14.009344,0.821248,14.830592
5044,16,1024,-1,-1,-1,-1,-1,-1,0,72.293373,0.835584,73.128957
5045,16,16,-1,-1,-1,-1,-1,14.16704,1,14.2336,0.83456,15.06816
5046,16,16,-1,-1,-1,-1,-1,14.103552,1,14.170112,0.82944,14.999552
5047,16,16,-1,-1,-1,-1,-1,14.020608,1,14.087168,0.827392,14.91456
5048,16,16,-1,-1,-1,-1,-1,14.007296,1,14.072832,0.833536,14.906368
5049,16,16,-1,-1,-1,-1,-1,13.96224,1,14.005248,0.82944,14.834688
5050,16,16,-1,-1,-1,-1,-1,13.919232,1,13.961216,0.828416,14.789632
5051,16,16,-1,-1,-1,-1,-1,13.952,1,13.996032,0.828416,14.824448
5052,16,16,-1,-1,-1,-1,-1,13.923328,1,13.986816,0.83456,14.821376
5053,16,16,-1,-1,-1,-1,-1,13.959168,1,14.024704,0.835584,14.860288
5054,16,16,-1,-1,-1,-1,-1,13.933568,1,13.9776,0.830464,14.808064
5055,16,16,-1,-1,-1,-1,-1,13.922304,1,13.986816,0.825344,14.81216
5056,16,16,-1,-1,-1,-1,-1,13.913088,1,13.955072,0.830464,14.785536
5057,16,1024,-1,-1,-1,-1,-1,-1,0,72.269821,0.832512,73.102333
5058,16,1024,-1,-1,-1,-1,-1,-1,0,74.33728,0.8448,75.18208
5059,16,16,-1,-1,-1,-1,-1,14.118912,1,14.185472,0.838656,15.024128
5060,16,1024,-1,-1,-1,-1,-1,-1,0,72.210434,0.833536,73.04397
5061,16,16,-1,-1,-1,-1,-1,14.143488,1,14.20288,0.833536,15.036416
5062,16,16,-1,-1,-1,-1,-1,14.113792,1,14.157824,0.831488,14.989312
5063,16,16,-1,-1,-1,-1,-1,14.035968,1,14.102528,0.838656,14.941184
5064,16,16,-1,-1,-1,-1,-1,14.001152,1,14.058496,0.828416,14.886912
5065,16,16,-1,-1,-1,-1,-1,13.933568,1,13.975552,0.831488,14.80704
5066,16,16,-1,-1,-1,-1,-1,13.901824,1,13.944832,0.822272,14.767104
5067,16,16,-1,-1,-1,-1,-1,13.920256,1,13.96224,0.833536,14.795776
5068,16,16,-1,-1,-1,-1,-1,13.943808,1,13.99808,0.82432,14.8224
5069,16,1024,-1,-1,-1,-1,-1,-1,0,71.873535,0.835584,72.709119
5070,16,1024,-1,-1,-1,-1,-1,-1,0,74.468353,0.845824,75.314177
5071,16,16,-1,-1,-1,-1,-1,14.149632,1,14.215168,0.83968,15.054848
5072,16,16,-1,-1,-1,-1,-1,14.091264,1,14.137344,0.832512,14.969856
5073,16,16,-1,-1,-1,-1,-1,13.99808,1,14.062592,0.826368,14.88896
5074,16,16,-1,-1,-1,-1,-1,13.961216,1,14.027776,0.82944,14.857216
5075,16,16,-1,-1,-1,-1,-1,13.928448,1,13.995008,0.826368,14.821376
5076,16,16,-1,-1,-1,-1,-1,13.92128,1,13.98784,0.832512,14.820352
5077,16,16,-1,-1,-1,-1,-1,13.92128,1,13.988864,0.826368,14.815232
5078,16,16,-1,-1,-1,-1,-1,13.899776,1,13.943808,0.827392,14.7712
5079,16,1024,-1,-1,-1,-1,-1,-1,0,72.170494,0.8448,73.015294
5080,16,16,-1,-1,-1,-1,-1,14.14656,1,14.205952,0.841728,15.04768
5081,16,16,-1,-1,-1,-1,-1,14.04416,1,14.091264,0.832512,14.923776
5082,16,16,-1,-1,-1,-1,-1,13.983744,1,14.0288,0.833536,14.862336
5083,16,1024,-1,-1,-1,-1,-1,-1,0,72.016899,0.843776,72.860675
5084,16,16,-1,-1,-1,-1,-1,14.143488,1,14.211072,0.836608,15.04768
5085,16,16,-1,-1,-1,-1,-1,14.041088,1,14.108672,0.830464,14.939136
5086,16,16,-1,-1,-1,-1,-1,14.01344,1,14.078976,0.836608,14.915584
5087,16,16,-1,-1,-1,-1,-1,13.949952,1,14.015488,0.82944,14.844928
5088,16,16,-1,-1,-1,-1,-1,13.949952,1,13.991936,0.828416,14.820352
5089,16,16,-1,-1,-1,-1,-1,13.932544,1,13.999104,0.835584,14.834688
5090,16,16,-1,-1,-1,-1,-1,13.93152,1,13.99808,0.828416,14.826496
5091,16,16,-1,-1,-1,-1,-1,13.920256,1,13.963264,0.837632,14.800896
5092,16,16,-1,-1,-1,-1,-1,13.912064,1,13.970432,0.825344,14.795776
5093,16,16,-1,-1,-1,-1,-1,13.902848,1,13.966336,0.838656,14.804992
5094,16,16,-1,-1,-1,-1,-1,13.9008,1,13.944832,0.828416,14.773248
5095,16,16,-1,-1,-1,-1,-1,13.873152,1,13.940736,0.833536,14.774272
5096,16,16,-1,-1,-1,-1,-1,13.876224,1,13.940736,0.835584,14.77632
5097,16,16,-1,-1,-1,-1,-1,13.884416,1,13.928448,0.826368,14.754816
5098,16,16,-1,-1,-1,-1,-1,13.874176,1,13.91616,0.827392,14.743552
5099,16,16,-1,-1,-1,-1,-1,13.894656,1,13.960192,0.835584,14.795776
5100,16,16,-1,-1,-1,-1,-1,13.920256,1,13.98272,0.827392,14.810112
5101,16,16,-1,-1,-1,-1,-1,13.888512,1,13.955072,0.82944,14.784512
5102,16,16,-1,-1,-1,-1,-1,13.879296,1,13.935616,0.82432,14.759936
5103,16,16,-1,-1,-1,-1,-1,13.901824,1,13.969408,0.828416,14.797824
5104,16,16,-1,-1,-1,-1,-1,13.917184,1,13.961216,0.833536,14.794752
5105,16,16,-1,-1,-1,-1,-1,13.923328,1,13.98784,0.828416,14.816256
5106,16,16,-1,-1,-1,-1,-1,13.918208,1,13.985792,0.837632,14.823424
5107,16,1024,-1,-1,-1,-1,-1,-1,0,72.076286,0.838656,72.914942
5108,16,16,-1,-1,-1,-1,-1,14.155776,1,14.225408,0.83456,15.059968
5109,16,16,-1,-1,-1,-1,-1,14.129152,1,14.174208,0.841728,15.015936
5110,16,1024,-1,-1,-1,-1,-1,-1,0,72.369148,0.835584,73.204732
5111,16,16,-1,-1,-1,-1,-1,14.114816,1,14.184448,0.838656,15.023104
5112,16,16,-1,-1,-1,-1,-1,14.06976,1,14.117888,0.832512,14.9504
5113,16,16,-1,-1,-1,-1,-1,14.026752,1,14.070784,0.835584,14.906368
5114,16,16,-1,-1,-1,-1,-1,13.980672,1,14.02368,0.827392,14.851072
5115,16,16,-1,-1,-1,-1,-1,13.959168,1,14.02368,0.83456,14.85824
5116,16,16,-1,-1,-1,-1,-1,13.917184,1,13.98272,0.82944,14.81216
5117,16,16,-1,-1,-1,-1,-1,13.923328,1,13.988864,0.82944,14.818304
5118,16,16,-1,-1,-1,-1,-1,13.91616,1,13.973504,0.827392,14.800896
5119,16,16,-1,-1,-1,-1,-1,13.910016,1,13.966336,0.832512,14.798848
5120,16,16,-1,-1,-1,-1,-1,13.912064,1,13.954048,0.827392,14.78144
5121,16,16,-1,-1,-1,-1,-1,13.891584,1,13.955072,0.833536,14.788608
5122,16,16,-1,-1,-1,-1,-1,13.860864,1,13.924352,0.826368,14.75072
5123,16,16,-1,-1,-1,-1,-1,13.873152,1,13.928448,0.82432,14.752768
5124,16,16,-1,-1,-1,-1,-1,13.902848,1,13.959168,0.827392,14.78656
5125,16,16,-1,-1,-1,-1,-1,13.892608,1,13.934592,0.823296,14.757888
5126,16,16,-1,-1,-1,-1,-1,13.881344,1,13.938688,0.825344,14.764032
5127,16,16,-1,-1,-1,-1,-1,13.873152,1,13.938688,0.826368,14.765056
5128,16,16,-1,-1,-1,-1,-1,13.915136,1,13.956096,0.82432,14.780416
5129,16,16,-1,-1,-1,-1,-1,13.876224,1,13.918208,0.826368,14.744576
5130,16,16,-1,-1,-1,-1,-1,13.907968,1,13.950976,0.828416,14.779392
5131,16,16,-1,-1,-1,-1,-1,13.891584,1,13.955072,0.826368,14.78144
5132,16,16,-1,-1,-1,-1,-1,13.899776,1,13.964288,0.82432,14.788608
5133,16,1024,-1,-1,-1,-1,-1,-1,0,71.841789,0.841728,72.683517
5134,16,16,-1,-1,-1,-1,-1,14.103552,1,14.169088,0.836608,15.005696
5135,16,16,-1,-1,-1,-1,-1,14.061568,1,14.128128,0.835584,14.963712
5136,16,16,-1,-1,-1,-1,-1,13.99808,1,14.042112,0.82944,14.871552
5137,16,16,-1,-1,-1,-1,-1,13.961216,1,14.026752,0.827392,14.854144
5138,16,1024,-1,-1,-1,-1,-1,-1,0,71.862274,0.83456,72.696834
5139,16,16,-1,-1,-1,-1,-1,14.149632,1,14.215168,0.8448,15.059968
5140,16,16,-1,-1,-1,-1,-1,14.077952,1,14.145536,0.83456,14.980096
5141,16,1024,-1,-1,-1,-1,-1,-1,0,72.428543,0.840704,73.269247
5142,16,16,-1,-1,-1,-1,-1,14.164992,1,14.231552,0.835584,15.067136
5143,16,16,-1,-1,-1,-1,-1,14.14656,1,14.216192,0.83968,15.055872
5144,16,16,-1,-1,-1,-1,-1,14.047232,1,14.09024,0.82944,14.91968
5145,16,1024,-1,-1,-1,-1,-1,-1,0,72.667137,0.841728,73.508865
5146,16,16,-1,-1,-1,-1,-1,14.194688,1,14.237696,0.835584,15.07328
5147,16,16,-1,-1,-1,-1,-1,14.1568,1,14.224384,0.838656,15.06304
5148,16,16,-1,-1,-1,-1,-1,14.001152,1,14.04416,0.831488,14.875648
5149,16,16,-1,-1,-1,-1,-1,13.966336,1,14.03392,0.82944,14.86336
5150,16,16,-1,-1,-1,-1,-1,13.928448,1,13.984768,0.832512,14.81728
5151,16,16,-1,-1,-1,-1,-1,13.899776,1,13.942784,0.825344,14.768128
5152,16,16,-1,-1,-1,-1,-1,13.940736,1,13.98272,0.836608,14.819328
5153,16,16,-1,-1,-1,-1,-1,13.913088,1,13.978624,0.828416,14.80704
5154,16,1024,-1,-1,-1,-1,-1,-1,0,70.666237,0.836608,71.502845
5155,16,16,-1,-1,-1,-1,-1,14.158848,1,14.225408,0.833536,15.058944
5156,16,16,-1,-1,-1,-1,-1,14.072832,1,14.140416,0.836608,14.977024
5157,16,16,-1,-1,-1,-1,-1,14.036992,1,14.102528,0.836608,14.939136
5158,16,16,-1,-1,-1,-1,-1,13.990912,1,14.056448,0.827392,14.88384
5159,16,16,-1,-1,-1,-1,-1,13.968384,1,14.024704,0.827392,14.852096
5160,16,16,-1,-1,-1,-1,-1,13.95712,1,14.002176,0.832512,14.834688
5161,16,1024,-1,-1,-1,-1,-1,-1,0,71.985153,0.83968,72.824833
5162,16,16,-1,-1,-1,-1,-1,14.147584,1,14.193664,0.836608,15.030272
5163,16,16,-1,-1,-1,-1,-1,14.081024,1,14.147584,0.840704,14.988288
5164,16,1024,-1,-1,-1,-1,-1,-1,0,72.294403,0.841728,73.136131
5165,16,16,-1,-1,-1,-1,-1,14.154752,1,14.22336,0.831488,15.054848
5166,16,16,-1,-1,-1,-1,-1,14.046208,1,14.11584,0.830464,14.946304
5167,16,16,-1,-1,-1,-1,-1,14.005248,1,14.050304,0.831488,14.881792
5168,16,16,-1,-1,-1,-1,-1,13.94176,1,13.985792,0.82944,14.815232
5169,16,16,-1,-1,-1,-1,-1,13.991936,1,14.056448,0.827392,14.88384
5170,16,16,-1,-1,-1,-1,-1,13.949952,1,14.016512,0.825344,14.841856
5171,16,16,-1,-1,-1,-1,-1,13.919232,1,13.985792,0.826368,14.81216
5172,16,1024,-1,-1,-1,-1,-1,-1,0,72.383492,0.835584,73.219076
5173,16,16,-1,-1,-1,-1,-1,14.164992,1,14.231552,0.838656,15.070208
5174,16,16,-1,-1,-1,-1,-1,14.104576,1,14.17216,0.832512,15.004672
5175,16,16,-1,-1,-1,-1,-1,14.019584,1,14.086144,0.830464,14.916608
5176,16,16,-1,-1,-1,-1,-1,13.955072,1,14.000128,0.83456,14.834688
5177,16,16,-1,-1,-1,-1,-1,13.935616,1,13.993984,0.825344,14.819328
5178,16,16,-1,-1,-1,-1,-1,13.944832,1,13.988864,0.82944,14.818304
5179,16,16,-1,-1,-1,-1,-1,13.9008,1,13.965312,0.828416,14.793728
5180,16,16,-1,-1,-1,-1,-1,13.932544,1,13.997056,0.82944,14.826496
5181,16,16,-1,-1,-1,-1,-1,13.937664,1,14.005248,0.827392,14.83264
5182,16,16,-1,-1,-1,-1,-1,13.902848,1,13.96736,0.825344,14.792704
5183,16,16,-1,-1,-1,-1,-1,13.887488,1,13.930496,0.828416,14.758912
5184,16,16,-1,-1,-1,-1,-1,13.924352,1,13.968384,0.823296,14.79168
5185,16,1023,-1,-1,-1,-1,-1,-1,0,72.309761,0.83456,73.144321
5186,16,16,-1,-1,-1,-1,-1,14.1312,1,14.198784,0.832512,15.031296
5187,16,16,-1,-1,-1,-1,-1,14.057472,1,14.124032,0.830464,14.954496
5188,16,16,-1,-1,-1,-1,-1,14.0288,1,14.094336,0.832512,14.926848
5189,16,16,-1,-1,-1,-1,-1,13.9776,1,14.042112,0.825344,14.867456
5190,16,16,-1,-1,-1,-1,-1,13.95712,1,14.015488,0.827392,14.84288
5191,16,1024,-1,-1,-1,-1,-1,-1,0,72.119293,0.833536,72.952829
5192,16,1023,-1,-1,-1,-1,-1,-1,0,74.536957,0.83968,75.376637
5193,16,16,-1,-1,-1,-1,-1,14.121984,1,14.189568,0.833536,15.023104
5194,16,16,-1,-1,-1,-1,-1,14.07488,1,14.12096,0.833536,14.954496
5195,16,16,-1,-1,-1,-1,-1,14.103552,1,14.16192,0.835584,14.997504
5196,16,16,-1,-1,-1,-1,-1,14.076928,1,14.145536,0.833536,14.979072
5197,16,16,-1,-1,-1,-1,-1,14.050304,1,14.112768,0.830464,14.943232
5198,16,16,-1,-1,-1,-1,-1,14.04928,1,14.09536,0.831488,14.926848
5199,16,2031,-1,-1,-1,-1,-1,-1,0,133.037064,0.836608,133.873672
5200,16,16,-1,-1,-1,-1,-1,14.1824,1,14.24896,0.832512,15.081472
5201,16,16,-1,-1,-1,-1,-1,14.061568,1,14.107648,0.832512,14.94016
5202,16,16,-1,-1,-1,-1,-1,13.956096,1,14.027776,0.837632,14.865408
5203,16,16,-1,-1,-1,-1,-1,13.932544,1,13.990912,0.827392,14.818304
5204,16,16,-1,-1,-1,-1,-1,13.948928,1,14.015488,0.82432,14.839808
5205,16,16,-1,-1,-1,-1,-1,13.9264,1,13.98272,0.826368,14.809088
5206,16,16,-1,-1,-1,-1,-1,13.924352,1,13.989888,0.828416,14.818304
5207,16,16,-1,-1,-1,-1,-1,13.92128,1,13.985792,0.826368,14.81216
5208,16,16,-1,-1,-1,-1,-1,13.913088,1,13.95712,0.826368,14.783488
5209,16,16,-1,-1,-1,-1,-1,13.912064,1,13.969408,0.830464,14.799872
5210,16,16,-1,-1,-1,-1,-1,13.865984,1,13.910016,0.828416,14.738432
5211,16,16,-1,-1,-1,-1,-1,13.88032,1,13.945856,0.835584,14.78144
5212,16,1024,-1,-1,-1,-1,-1,-1,0,71.767036,0.838656,72.605692
5213,16,16,-1,-1,-1,-1,-1,14.109696,1,14.175232,0.838656,15.013888
5214,16,16,-1,-1,-1,-1,-1,14.09536,1,14.139392,0.830464,14.969856
5215,16,16,-1,-1,-1,-1,-1,13.996032,1,14.052352,0.826368,14.87872
5216,16,16,-1,-1,-1,-1,-1,13.948928,1,14.01344,0.830464,14.843904
5217,16,16,-1,-1,-1,-1,-1,13.915136,1,13.959168,0.823296,14.782464
5218,16,16,-1,-1,-1,-1,-1,13.944832,1,14.009344,0.83456,14.843904
5219,16,16,-1,-1,-1,-1,-1,13.923328,1,13.985792,0.82432,14.810112
5220,16,16,-1,-1,-1,-1,-1,13.886464,1,13.950976,0.825344,14.77632
5221,16,16,-1,-1,-1,-1,-1,13.93152,1,13.995008,0.825344,14.820352
5222,16,16,-1,-1,-1,-1,-1,13.933568,1,13.996032,0.827392,14.823424
5223,16,16,-1,-1,-1,-1,-1,13.887488,1,13.950976,0.82432,14.775296
5224,16,16,-1,-1,-1,-1,-1,13.908992,1,13.949952,0.820224,14.770176
5225,16,16,-1,-1,-1,-1,-1,13.893632,1,13.949952,0.833536,14.783488
5226,16,16,-1,-1,-1,-1,-1,13.871104,1,13.913088,0.825344,14.738432
5227,16,16,-1,-1,-1,-1,-1,13.89056,1,13.934592,0.828416,14.763008
5228,16,16,-1,-1,-1,-1,-1,13.922304,1,13.98784,0.823296,14.811136
5229,16,16,-1,-1,-1,-1,-1,13.904896,1,13.969408,0.827392,14.7968
5230,16,16,-1,-1,-1,-1,-1,13.913088,1,13.956096,0.825344,14.78144
5231,16,16,-1,-1,-1,-1,-1,13.888512,1,13.953024,0.82432,14.777344
5232,16,16,-1,-1,-1,-1,-1,13.907968,1,13.964288,0.823296,14.787584
5233,16,16,-1,-1,-1,-1,-1,13.929472,1,13.971456,0.823296,14.794752
5234,16,16,-1,-1,-1,-1,-1,13.925376,1,13.989888,0.82432,14.814208
5235,16,16,-1,-1,-1,-1,-1,13.92128,1,13.985792,0.827392,14.813184
5236,16,16,-1,-1,-1,-1,-1,13.902848,1,13.958144,0.827392,14.785536
5237,16,16,-1,-1,-1,-1,-1,13.902848,1,13.958144,0.832512,14.790656
5238,16,1024,-1,-1,-1,-1,-1,-1,0,72.333313,0.842752,73.176065
5239,16,1024,-1,-1,-1,-1,-1,-1,0,74.273788,0.837632,75.11142
5240,16,16,-1,-1,-1,-1,-1,14.147584,1,14.190592,0.83968,15.030272
5241,16,16,-1,-1,-1,-1,-1,14.051328,1,14.117888,0.833536,14.951424
5242,16,16,-1,-1,-1,-1,-1,14.00832,1,14.051328,0.83456,14.885888
5243,16,16,-1,-1,-1,-1,-1,13.995008,1,14.03904,0.832512,14.871552
5244,16,16,-1,-1,-1,-1,-1,13.938688,1,14.007296,0.827392,14.834688
5245,16,16,-1,-1,-1,-1,-1,13.919232,1,13.98272,0.828416,14.811136
5246,16,16,-1,-1,-1,-1,-1,13.955072,1,13.99808,0.828416,14.826496
5247,16,16,-1,-1,-1,-1,-1,13.940736,1,14.004224,0.827392,14.831616
5248,16,16,-1,-1,-1,-1,-1,13.942784,1,14.00832,0.826368,14.834688
5249,16,16,-1,-1,-1,-1,-1,13.93664,1,13.980672,0.822272,14.802944
5250,16,16,-1,-1,-1,-1,-1,13.92128,1,13.978624,0.825344,14.803968
5251,16,16,-1,-1,-1,-1,-1,13.91616,1,13.95712,0.832512,14.789632
5252,16,16,-1,-1,-1,-1,-1,13.91616,1,13.981696,0.825344,14.80704
5253,16,16,-1,-1,-1,-1,-1,13.942784,1,14.007296,0.830464,14.83776
5254,16,16,-1,-1,-1,-1,-1,13.927424,1,13.99296,0.831488,14.824448
5255,16,16,-1,-1,-1,-1,-1,13.88032,1,13.94688,0.827392,14.774272
5256,16,16,-1,-1,-1,-1,-1,13.904896,1,13.94688,0.826368,14.773248
5257,16,16,-1,-1,-1,-1,-1,13.915136,1,13.979648,0.833536,14.813184
5258,16,16,-1,-1,-1,-1,-1,13.906944,1,13.950976,0.825344,14.77632
5259,16,16,-1,-1,-1,-1,-1,13.928448,1,13.971456,0.833536,14.804992
5260,16,16,-1,-1,-1,-1,-1,13.93152,1,13.999104,0.826368,14.825472
5261,16,16,-1,-1,-1,-1,-1,13.887488,1,13.945856,0.82432,14.770176
5262,16,16,-1,-1,-1,-1,-1,13.89056,1,13.934592,0.827392,14.761984
5263,16,1024,-1,-1,-1,-1,-1,-1,0,72.083458,0.833536,72.916994
5264,16,16,-1,-1,-1,-1,-1,14.186496,1,14.253056,0.840704,15.09376
5265,16,16,-1,-1,-1,-1,-1,14.11072,1,14.1568,0.83456,14.99136
5266,16,1024,-1,-1,-1,-1,-1,-1,0,72.205315,0.833536,73.038851
5267,16,16,-1,-1,-1,-1,-1,14.17216,1,14.216192,0.841728,15.05792
5268,16,16,-1,-1,-1,-1,-1,14.063616,1,14.124032,0.828416,14.952448
5269,16,1024,-1,-1,-1,-1,-1,-1,0,73.038849,0.83968,73.878529
5270,16,1024,-1,-1,-1,-1,-1,-1,0,73.653252,0.832512,74.485764
5271,16,16,-1,-1,-1,-1,-1,14.128128,1,14.193664,0.830464,15.024128
5272,16,16,-1,-1,-1,-1,-1,14.065664,1,14.109696,0.836608,14.946304
5273,16,16,-1,-1,-1,-1,-1,14.014464,1,14.08,0.827392,14.907392
5274,16,16,-1,-1,-1,-1,-1,13.956096,1,13.999104,0.840704,14.839808
5275,16,16,-1,-1,-1,-1,-1,13.923328,1,13.965312,0.82432,14.789632
5276,16,16,-1,-1,-1,-1,-1,13.922304,1,13.986816,0.825344,14.81216
5277,16,16,-1,-1,-1,-1,-1,13.903872,1,13.94688,0.82432,14.7712
5278,16,16,-1,-1,-1,-1,-1,13.913088,1,13.956096,0.827392,14.783488
5279,16,16,-1,-1,-1,-1,-1,13.918208,1,13.983744,0.827392,14.811136
5280,16,16,-1,-1,-1,-1,-1,13.94688,1,14.010368,0.838656,14.849024
5281,16,16,-1,-1,-1,-1,-1,13.935616,1,13.979648,0.83456,14.814208
5282,16,1024,-1,-1,-1,-1,-1,-1,0,70.792191,0.83968,71.631871
5283,16,16,-1,-1,-1,-1,-1,14.173184,1,14.21824,0.831488,15.049728
5284,16,16,-1,-1,-1,-1,-1,14.09536,1,14.160896,0.83456,14.995456
5285,16,16,-1,-1,-1,-1,-1,14.014464,1,14.08,0.833536,14.913536
5286,16,16,-1,-1,-1,-1,-1,14.0032,1,14.068736,0.826368,14.895104
5287,16,16,-1,-1,-1,-1,-1,13.973504,1,14.040064,0.823296,14.86336
5288,16,16,-1,-1,-1,-1,-1,13.942784,1,13.985792,0.82432,14.810112
5289,16,1024,-1,-1,-1,-1,-1,-1,0,71.819267,0.832512,72.651779
5290,16,16,-1,-1,-1,-1,-1,14.101504,1,14.14656,0.841728,14.988288
5291,16,16,-1,-1,-1,-1,-1,14.047232,1,14.092288,0.828416,14.920704
5292,16,16,-1,-1,-1,-1,-1,13.955072,1,14.021632,0.830464,14.852096
5293,16,16,-1,-1,-1,-1,-1,13.97248,1,14.016512,0.830464,14.846976
5294,16,16,-1,-1,-1,-1,-1,13.93152,1,13.974528,0.832512,14.80704
5295,16,16,-1,-1,-1,-1,-1,13.906944,1,13.971456,0.828416,14.799872
5296,16,16,-1,-1,-1,-1,-1,13.934592,1,13.99808,0.82432,14.8224
5297,16,1024,-1,-1,-1,-1,-1,-1,0,71.776253,0.83968,72.615933
5298,16,16,-1,-1,-1,-1,-1,14.217216,1,14.283776,0.838656,15.122432
5299,16,16,-1,-1,-1,-1,-1,14.08,1,14.137344,0.836608,14.973952
5300,16,16,-1,-1,-1,-1,-1,13.999104,1,14.063616,0.827392,14.891008
5301,16,16,-1,-1,-1,-1,-1,13.986816,1,14.051328,0.825344,14.876672
5302,16,16,-1,-1,-1,-1,-1,13.95712,1,14.024704,0.826368,14.851072
5303,16,16,-1,-1,-1,-1,-1,13.935616,1,14.000128,0.826368,14.826496
5304,16,16,-1,-1,-1,-1,-1,13.955072,1,13.99808,0.82432,14.8224
5305,16,16,-1,-1,-1,-1,-1,13.918208,1,13.983744,0.825344,14.809088
5306,16,16,-1,-1,-1,-1,-1,13.925376,1,13.96736,0.826368,14.793728
5307,16,16,-1,-1,-1,-1,-1,13.93664,1,13.9776,0.825344,14.802944
5308,16,16,-1,-1,-1,-1,-1,13.935616,1,13.999104,0.825344,14.824448
5309,16,16,-1,-1,-1,-1,-1,13.917184,1,13.959168,0.825344,14.784512
5310,16,16,-1,-1,-1,-1,-1,13.891584,1,13.934592,0.828416,14.763008
5311,16,16,-1,-1,-1,-1,-1,13.886464,1,13.953024,0.828416,14.78144
5312,16,16,-1,-1,-1,-1,-1,13.89568,1,13.961216,0.823296,14.784512
5313,16,16,-1,-1,-1,-1,-1,13.918208,1,13.98272,0.825344,14.808064
5314,16,16,-1,-1,-1,-1,-1,13.918208,1,13.98272,0.828416,14.811136
5315,16,1024,-1,-1,-1,-1,-1,-1,0,71.874557,0.833536,72.708094
5316,16,1024,-1,-1,-1,-1,-1,-1,0,74.469376,0.838656,75.308032
5317,16,16,-1,-1,-1,-1,-1,14.142464,1,14.208,0.833536,15.041536
5318,16,1024,-1,-1,-1,-1,-1,-1,0,74.006531,0.841728,74.848259
5319,16,16,-1,-1,-1,-1,-1,14.152704,1,14.21824,0.837632,15.055872
5320,16,16,-1,-1,-1,-1,-1,14.055424,1,14.10048,0.831488,14.931968
5321,16,16,-1,-1,-1,-1,-1,13.990912,1,14.055424,0.827392,14.882816
5322,16,1024,-1,-1,-1,-1,-1,-1,0,72.371201,0.835584,73.206785
5323,16,16,-1,-1,-1,-1,-1,14.116864,1,14.159872,0.832512,14.992384
5324,16,16,-1,-1,-1,-1,-1,14.071808,1,14.137344,0.82944,14.966784
5325,16,16,-1,-1,-1,-1,-1,14.009344,1,14.053376,0.82944,14.882816
5326,16,16,-1,-1,-1,-1,-1,13.98272,1,14.025728,0.823296,14.849024
5327,16,16,-1,-1,-1,-1,-1,13.89568,1,13.961216,0.831488,14.792704
5328,16,2032,-1,-1,-1,-1,-1,-1,0,133.361664,0.8448,134.206464
5329,16,16,-1,-1,-1,-1,-1,14.185472,1,14.251008,0.837632,15.08864
5330,16,16,-1,-1,-1,-1,-1,14.099456,1,14.168064,0.837632,15.005696
5331,16,1023,-1,-1,-1,-1,-1,-1,0,72.373245,0.83456,73.207805
5332,16,16,-1,-1,-1,-1,-1,14.137344,1,14.205952,0.831488,15.03744
5333,16,16,-1,-1,-1,-1,-1,14.057472,1,14.11584,0.831488,14.947328
5334,16,16,-1,-1,-1,-1,-1,13.94688,1,14.01344,0.830464,14.843904
5335,16,16,-1,-1,-1,-1,-1,13.9264,1,13.990912,0.831488,14.8224
5336,16,16,-1,-1,-1,-1,-1,13.908992,1,13.950976,0.82944,14.780416
5337,16,16,-1,-1,-1,-1,-1,13.899776,1,13.963264,0.826368,14.789632
5338,16,16,-1,-1,-1,-1,-1,13.910016,1,13.973504,0.835584,14.809088
5339,16,16,-1,-1,-1,-1,-1,13.903872,1,13.945856,0.830464,14.77632
5340,16,16,-1,-1,-1,-1,-1,13.906944,1,13.949952,0.832512,14.782464
5341,16,16,-1,-1,-1,-1,-1,13.88544,1,13.932544,0.826368,14.758912
5342,16,16,-1,-1,-1,-1,-1,13.88544,1,13.927424,0.825344,14.752768
5343,16,16,-1,-1,-1,-1,-1,13.86496,1,13.928448,0.82944,14.757888
5344,16,16,-1,-1,-1,-1,-1,13.872128,1,13.93664,0.83456,14.7712
5345,16,16,-1,-1,-1,-1,-1,13.85472,1,13.919232,0.82944,14.748672
5346,16,16,-1,-1,-1,-1,-1,13.852672,1,13.918208,0.825344,14.743552
5347,16,16,-1,-1,-1,-1,-1,13.902848,1,13.96736,0.840704,14.808064
5348,16,16,-1,-1,-1,-1,-1,13.878272,1,13.942784,0.830464,14.773248
5349,16,16,-1,-1,-1,-1,-1,13.883392,1,13.94688,0.828416,14.775296
5350,16,16,-1,-1,-1,-1,-1,13.899776,1,13.963264,0.83456,14.797824
5351,16,16,-1,-1,-1,-1,-1,13.857792,1,13.922304,0.826368,14.748672
5352,16,16,-1,-1,-1,-1,-1,13.91104,1,13.952,0.830464,14.782464
5353,16,16,-1,-1,-1,-1,-1,13.884416,1,13.949952,0.826368,14.77632
5354,16,16,-1,-1,-1,-1,-1,13.898752,1,13.96224,0.830464,14.792704
5355,16,16,-1,-1,-1,-1,-1,13.904896,1,13.947904,0.832512,14.780416
5356,16,16,-1,-1,-1,-1,-1,13.881344,1,13.923328,0.827392,14.75072
5357,16,16,-1,-1,-1,-1,-1,13.897728,1,13.940736,0.827392,14.768128
5358,16,16,-1,-1,-1,-1,-1,13.85472,1,13.896704,0.827392,14.724096
5359,16,16,-1,-1,-1,-1,-1,13.868032,1,13.93152,0.840704,14.772224
5360,16,16,-1,-1,-1,-1,-1,13.894656,1,13.961216,0.82944,14.790656
5361,16,16,-1,-1,-1,-1,-1,13.903872,1,13.969408,0.83456,14.803968
5362,16,16,-1,-1,-1,-1,-1,13.913088,1,13.9776,0.827392,14.804992
5363,16,16,-1,-1,-1,-1,-1,13.923328,1,13.9776,0.832512,14.810112
5364,16,16,-1,-1,-1,-1,-1,13.901824,1,13.968384,0.826368,14.794752
5365,16,2032,-1,-1,-1,-1,-1,-1,0,133.93306,0.846848,134.779908
5366,16,16,-1,-1,-1,-1,-1,14.203904,1,14.271488,0.836608,15.108096
5367,16,16,-1,-1,-1,-1,-1,14.086144,1,14.129152,0.833536,14.962688
5368,16,16,-1,-1,-1,-1,-1,13.99808,1,14.042112,0.840704,14.882816
5369,16,16,-1,-1,-1,-1,-1,13.98272,1,14.046208,0.830464,14.876672
5370,16,16,-1,-1,-1,-1,-1,13.94688,1,14.012416,0.82944,14.841856
5371,16,16,-1,-1,-1,-1,-1,13.942784,1,13.984768,0.828416,14.813184
5372,16,16,-1,-1,-1,-1,-1,13.940736,1,13.983744,0.828416,14.81216
5373,16,16,-1,-1,-1,-1,-1,13.92128,1,13.963264,0.832512,14.795776
5374,16,16,-1,-1,-1,-1,-1,13.942784,1,13.984768,0.826368,14.811136
5375,16,16,-1,-1,-1,-1,-1,13.924352,1,13.98784,0.828416,14.816256
5376,16,16,-1,-1,-1,-1,-1,13.901824,1,13.96736,0.826368,14.793728
5377,16,16,-1,-1,-1,-1,-1,13.934592,1,13.99808,0.831488,14.829568
5378,16,16,-1,-1,-1,-1,-1,13.897728,1,13.963264,0.831488,14.794752
5379,16,16,-1,-1,-1,-1,-1,13.88544,1,13.948928,0.825344,14.774272
5380,16,16,-1,-1,-1,-1,-1,13.877248,1,13.943808,0.825344,14.769152
5381,16,16,-1,-1,-1,-1,-1,13.923328,1,13.989888,0.825344,14.815232
5382,16,1024,-1,-1,-1,-1,-1,-1,0,71.849983,0.837632,72.687615
5383,16,16,-1,-1,-1,-1,-1,14.119936,1,14.163968,0.82944,14.993408
5384,16,16,-1,-1,-1,-1,-1,14.116864,1,14.16192,0.832512,14.994432
5385,16,16,-1,-1,-1,-1,-1,14.016512,1,14.081024,0.827392,14.908416
5386,16,16,-1,-1,-1,-1,-1,13.969408,1,14.034944,0.827392,14.862336
5387,16,16,-1,-1,-1,-1,-1,13.949952,1,13.991936,0.825344,14.81728
5388,16,16,-1,-1,-1,-1,-1,13.927424,1,13.970432,0.82432,14.794752
5389,16,16,-1,-1,-1,-1,-1,13.925376,1,13.966336,0.832512,14.798848
5390,16,16,-1,-1,-1,-1,-1,13.948928,1,13.990912,0.835584,14.826496
5391,16,16,-1,-1,-1,-1,-1,13.930496,1,13.97248,0.827392,14.799872
5392,16,1024,-1,-1,-1,-1,-1,-1,0,72.233986,0.843776,73.077762
5393,16,16,-1,-1,-1,-1,-1,14.190592,1,14.257152,0.841728,15.09888
5394,16,16,-1,-1,-1,-1,-1,14.140416,1,14.205952,0.842752,15.048704
5395,16,1024,-1,-1,-1,-1,-1,-1,0,72.777725,0.837632,73.615357
5396,16,16,-1,-1,-1,-1,-1,14.184448,1,14.251008,0.833536,15.084544
5397,16,16,-1,-1,-1,-1,-1,14.102528,1,14.169088,0.828416,14.997504
5398,16,16,-1,-1,-1,-1,-1,13.975552,1,14.034944,0.82944,14.864384
5399,16,16,-1,-1,-1,-1,-1,13.93664,1,13.981696,0.828416,14.810112
5400,16,16,-1,-1,-1,-1,-1,13.894656,1,13.937664,0.826368,14.764032
5401,16,16,-1,-1,-1,-1,-1,13.917184,1,13.979648,0.823296,14.802944
5402,16,16,-1,-1,-1,-1,-1,13.927424,1,13.990912,0.82432,14.815232
5403,16,16,-1,-1,-1,-1,-1,13.935616,1,13.978624,0.827392,14.806016
5404,16,16,-1,-1,-1,-1,-1,13.922304,1,13.965312,0.828416,14.793728
5405,16,16,-1,-1,-1,-1,-1,13.922304,1,13.964288,0.825344,14.789632
5406,16,16,-1,-1,-1,-1,-1,13.878272,1,13.92128,0.827392,14.748672
5407,16,16,-1,-1,-1,-1,-1,13.907968,1,13.950976,0.825344,14.77632
5408,16,16,-1,-1,-1,-1,-1,13.923328,1,13.98784,0.832512,14.820352
5409,16,16,-1,-1,-1,-1,-1,13.918208,1,13.973504,0.826368,14.799872
5410,16,16,-1,-1,-1,-1,-1,13.888512,1,13.952,0.826368,14.778368
5411,16,16,-1,-1,-1,-1,-1,13.894656,1,13.961216,0.825344,14.78656
5412,16,16,-1,-1,-1,-1,-1,13.89568,1,13.952,0.827392,14.779392
5413,16,16,-1,-1,-1,-1,-1,13.904896,1,13.969408,0.823296,14.792704
5414,16,16,-1,-1,-1,-1,-1,13.908992,1,13.974528,0.828416,14.802944
5415,16,16,-1,-1,-1,-1,-1,13.91104,1,13.954048,0.822272,14.77632
5416,16,16,-1,-1,-1,-1,-1,13.888512,1,13.93152,0.82432,14.75584
5417,16,16,-1,-1,-1,-1,-1,13.887488,1,13.950976,0.827392,14.778368
5418,16,16,-1,-1,-1,-1,-1,13.902848,1,13.966336,0.827392,14.793728
5419,16,1024,-1,-1,-1,-1,-1,-1,0,72.28109,0.843776,73.124866
5420,16,1024,-1,-1,-1,-1,-1,-1,0,74.59021,0.837632,75.427842
5421,16,1024,-1,-1,-1,-1,-1,-1,0,74.489853,0.838656,75.328509
5422,16,16,-1,-1,-1,-1,-1,14.138368,1,14.184448,0.830464,15.014912
5423,16,16,-1,-1,-1,-1,-1,14.075904,1,14.12096,0.832512,14.953472
5424,16,16,-1,-1,-1,-1,-1,14.005248,1,14.071808,0.828416,14.900224
5425,16,16,-1,-1,-1,-1,-1,13.96224,1,14.005248,0.82944,14.834688
5426,16,16,-1,-1,-1,-1,-1,13.939712,1,13.98272,0.825344,14.808064
5427,16,1024,-1,-1,-1,-1,-1,-1,0,72.053757,0.842752,72.896509
5428,16,16,-1,-1,-1,-1,-1,14.179328,1,14.246912,0.830464,15.077376
5429,16,16,-1,-1,-1,-1,-1,14.093312,1,14.160896,0.828416,14.989312
5430,16,16,-1,-1,-1,-1,-1,13.989888,1,14.048256,0.827392,14.875648
5431,16,16,-1,-1,-1,-1,-1,13.964288,1,14.007296,0.825344,14.83264
5432,16,16,-1,-1,-1,-1,-1,13.96224,1,14.005248,0.835584,14.840832
5433,16,16,-1,-1,-1,-1,-1,13.944832,1,13.98784,0.826368,14.814208
5434,16,1024,-1,-1,-1,-1,-1,-1,0,71.810051,0.842752,72.652803
5435,16,16,-1,-1,-1,-1,-1,14.157824,1,14.214144,0.837632,15.051776
5436,16,16,-1,-1,-1,-1,-1,14.10048,1,14.16704,0.83456,15.0016
5437,16,16,-1,-1,-1,-1,-1,14.005248,1,14.070784,0.828416,14.8992
5438,16,16,-1,-1,-1,-1,-1,13.996032,1,14.03904,0.826368,14.865408
5439,16,16,-1,-1,-1,-1,-1,13.985792,1,14.0288,0.828416,14.857216
5440,16,16,-1,-1,-1,-1,-1,13.955072,1,14.019584,0.828416,14.848
5441,16,16,-1,-1,-1,-1,-1,13.94688,1,13.989888,0.827392,14.81728
5442,16,16,-1,-1,-1,-1,-1,13.934592,1,13.9776,0.830464,14.808064
5443,16,1024,-1,-1,-1,-1,-1,-1,0,72.273918,0.840704,73.114622
5444,16,16,-1,-1,-1,-1,-1,14.180352,1,14.244864,0.830464,15.075328
5445,16,16,-1,-1,-1,-1,-1,14.10048,1,14.166016,0.830464,14.99648
5446,16,1024,-1,-1,-1,-1,-1,-1,0,72.670212,0.841728,73.51194
5447,16,16,-1,-1,-1,-1,-1,14.153728,1,14.19776,0.83968,15.03744
5448,16,1024,-1,-1,-1,-1,-1,-1,0,73.39315,0.835584,74.228734
5449,16,1024,-1,-1,-1,-1,-1,-1,0,74.506241,0.836608,75.342849
5450,16,16,-1,-1,-1,-1,-1,14.152704,1,14.21824,0.836608,15.054848
5451,16,16,-1,-1,-1,-1,-1,14.055424,1,14.121984,0.828416,14.9504
5452,16,16,-1,-1,-1,-1,-1,13.993984,1,14.058496,0.831488,14.889984
5453,16,16,-1,-1,-1,-1,-1,13.91616,1,13.980672,0.827392,14.808064
5454,16,1023,-1,-1,-1,-1,-1,-1,0,72.230911,0.835584,73.066495
5455,16,16,-1,-1,-1,-1,-1,14.116864,1,14.1824,0.831488,15.013888
5456,16,16,-1,-1,-1,-1,-1,14.055424,1,14.112768,0.830464,14.943232
5457,16,16,-1,-1,-1,-1,-1,13.971456,1,14.015488,0.828416,14.843904
5458,16,16,-1,-1,-1,-1,-1,13.943808,1,13.986816,0.828416,14.815232
5459,16,1024,-1,-1,-1,-1,-1,-1,0,72.374275,0.837632,73.211907
5460,16,16,-1,-1,-1,-1,-1,14.168064,1,14.212096,0.835584,15.04768
5461,16,16,-1,-1,-1,-1,-1,14.043136,1,14.109696,0.835584,14.94528
5462,16,16,-1,-1,-1,-1,-1,13.99808,1,14.06464,0.830464,14.895104
5463,16,16,-1,-1,-1,-1,-1,13.95712,1,13.999104,0.833536,14.83264
5464,16,16,-1,-1,-1,-1,-1,13.947904,1,14.01344,0.830464,14.843904
5465,16,16,-1,-1,-1,-1,-1,13.920256,1,13.984768,0.82432,14.809088
5466,16,16,-1,-1,-1,-1,-1,13.878272,1,13.942784,0.828416,14.7712
5467,16,16,-1,-1,-1,-1,-1,13.898752,1,13.964288,0.828416,14.792704
5468,16,16,-1,-1,-1,-1,-1,13.906944,1,13.964288,0.838656,14.802944
5469,16,16,-1,-1,-1,-1,-1,13.912064,1,13.974528,0.82944,14.803968
5470,16,16,-1,-1,-1,-1,-1,13.9008,1,13.943808,0.825344,14.769152
5471,16,16,-1,-1,-1,-1,-1,13.88544,1,13.947904,0.82944,14.777344
5472,16,16,-1,-1,-1,-1,-1,13.874176,1,13.937664,0.825344,14.763008
5473,16,16,-1,-1,-1,-1,-1,13.883392,1,13.924352,0.82432,14.748672
5474,16,16,-1,-1,-1,-1,-1,13.883392,1,13.925376,0.828416,14.753792
5475,16,16,-1,-1,-1,-1,-1,13.876224,1,13.942784,0.828416,14.7712
5476,16,16,-1,-1,-1,-1,-1,13.873152,1,13.91616,0.825344,14.741504
5477,16,16,-1,-1,-1,-1,-1,13.87008,1,13.927424,0.828416,14.75584
5478,16,16,-1,-1,-1,-1,-1,13.892608,1,13.959168,0.825344,14.784512
5479,16,16,-1,-1,-1,-1,-1,13.877248,1,13.919232,0.826368,14.7456
5480,16,1024,-1,-1,-1,-1,-1,-1,0,71.552002,0.845824,72.397826
5481,16,16,-1,-1,-1,-1,-1,14.17216,1,14.23872,0.835584,15.074304
5482,16,16,-1,-1,-1,-1,-1,14.06976,1,14.13632,0.830464,14.966784
5483,16,16,-1,-1,-1,-1,-1,14.009344,1,14.073856,0.82944,14.903296
5484,16,16,-1,-1,-1,-1,-1,13.940736,1,14.005248,0.827392,14.83264
5485,16,16,-1,-1,-1,-1,-1,13.945856,1,14.011392,0.826368,14.83776
5486,16,16,-1,-1,-1,-1,-1,13.925376,1,13.969408,0.825344,14.794752
5487,16,16,-1,-1,-1,-1,-1,13.89056,1,13.94688,0.82432,14.7712
5488,16,16,-1,-1,-1,-1,-1,13.873152,1,13.928448,0.827392,14.75584
5489,16,16,-1,-1,-1,-1,-1,13.919232,1,13.961216,0.821248,14.782464
5490,16,1024,-1,-1,-1,-1,-1,-1,0,71.956482,0.83456,72.791042
5491,16,16,-1,-1,-1,-1,-1,14.168064,1,14.235648,0.83456,15.070208
5492,16,16,-1,-1,-1,-1,-1,14.094336,1,14.139392,0.830464,14.969856
5493,16,16,-1,-1,-1,-1,-1,13.999104,1,14.041088,0.83456,14.875648
5494,16,16,-1,-1,-1,-1,-1,13.99296,1,14.058496,0.828416,14.886912
5495,16,1024,-1,-1,-1,-1,-1,-1,0,72.071167,0.831488,72.902655
5496,16,16,-1,-1,-1,-1,-1,14.153728,1,14.222336,0.833536,15.055872
5497,16,16,-1,-1,-1,-1,-1,14.094336,1,14.160896,0.825344,14.98624
5498,16,16,-1,-1,-1,-1,-1,14.051328,1,14.116864,0.82944,14.946304
5499,16,16,-1,-1,-1,-1,-1,13.98784,1,14.04416,0.826368,14.870528
5500,16,16,-1,-1,-1,-1,-1,13.948928,1,14.01344,0.827392,14.840832
5501,16,16,-1,-1,-1,-1,-1,13.949952,1,14.012416,0.828416,14.840832
5502,16,16,-1,-1,-1,-1,-1,13.91616,1,13.960192,0.82432,14.784512
5503,16,16,-1,-1,-1,-1,-1,13.93152,1,13.986816,0.82432,14.811136
5504,16,16,-1,-1,-1,-1,-1,13.924352,1,13.979648,0.82432,14.803968
5505,16,16,-1,-1,-1,-1,-1,13.93152,1,13.973504,0.825344,14.798848
5506,16,16,-1,-1,-1,-1,-1,13.938688,1,14.004224,0.82432,14.828544
5507,16,16,-1,-1,-1,-1,-1,13.903872,1,13.968384,0.822272,14.790656
5508,16,16,-1,-1,-1,-1,-1,13.928448,1,13.971456,0.82432,14.795776
5509,16,16,-1,-1,-1,-1,-1,13.929472,1,13.970432,0.826368,14.7968
5510,16,16,-1,-1,-1,-1,-1,13.892608,1,13.95712,0.826368,14.783488
5511,16,16,-1,-1,-1,-1,-1,13.917184,1,13.988864,0.825344,14.814208
5512,16,16,-1,-1,-1,-1,-1,13.915136,1,13.980672,0.823296,14.803968
5513,16,16,-1,-1,-1,-1,-1,13.925376,1,13.988864,0.827392,14.816256
5514,16,16,-1,-1,-1,-1,-1,13.923328,1,13.978624,0.825344,14.803968
5515,16,16,-1,-1,-1,-1,-1,13.923328,1,13.98784,0.828416,14.816256
5516,16,16,-1,-1,-1,-1,-1,13.92128,1,13.976576,0.822272,14.798848
5517,16,16,-1,-1,-1,-1,-1,13.925376,1,13.979648,0.823296,14.802944
5518,16,16,-1,-1,-1,-1,-1,13.939712,1,13.981696,0.823296,14.804992
5519,16,16,-1,-1,-1,-1,-1,13.914112,1,13.9776,0.825344,14.802944
5520,16,16,-1,-1,-1,-1,-1,13.924352,1,13.981696,0.826368,14.808064
5521,16,16,-1,-1,-1,-1,-1,13.934592,1,13.9776,0.826368,14.803968
5522,16,16,-1,-1,-1,-1,-1,13.925376,1,13.981696,0.82432,14.806016
5523,16,16,-1,-1,-1,-1,-1,13.89568,1,13.952,0.82432,14.77632
5524,16,16,-1,-1,-1,-1,-1,13.898752,1,13.94176,0.82944,14.7712
5525,16,1023,-1,-1,-1,-1,-1,-1,0,72.043518,0.836608,72.880126
5526,16,16,-1,-1,-1,-1,-1,14.164992,1,14.232576,0.838656,15.071232
5527,16,16,-1,-1,-1,-1,-1,14.087168,1,14.145536,0.833536,14.979072
5528,16,16,-1,-1,-1,-1,-1,14.005248,1,14.070784,0.833536,14.90432
5529,16,16,-1,-1,-1,-1,-1,13.960192,1,14.02368,0.828416,14.852096
5530,16,1024,-1,-1,-1,-1,-1,-1,0,71.903229,0.838656,72.741885
5531,16,16,-1,-1,-1,-1,-1,14.1568,1,14.22336,0.83456,15.05792
5532,16,16,-1,-1,-1,-1,-1,14.082048,1,14.14656,0.828416,14.974976
5533,16,16,-1,-1,-1,-1,-1,13.990912,1,14.056448,0.828416,14.884864
5534,16,16,-1,-1,-1,-1,-1,13.996032,1,14.041088,0.827392,14.86848
5535,16,16,-1,-1,-1,-1,-1,13.9776,1,14.03392,0.82944,14.86336
5536,16,16,-1,-1,-1,-1,-1,13.934592,1,13.978624,0.82944,14.808064
5537,16,1024,-1,-1,-1,-1,-1,-1,0,71.363586,0.82944,72.193026
5538,16,16,-1,-1,-1,-1,-1,14.068736,1,14.133248,0.83456,14.967808
5539,16,16,-1,-1,-1,-1,-1,14.087168,1,14.152704,0.828416,14.98112
5540,16,16,-1,-1,-1,-1,-1,14.094336,1,14.138368,0.82944,14.967808
5541,16,16,-1,-1,-1,-1,-1,14.043136,1,14.087168,0.831488,14.918656
5542,16,16,-1,-1,-1,-1,-1,13.991936,1,14.058496,0.82944,14.887936
5543,16,16,-1,-1,-1,-1,-1,13.95712,1,14.021632,0.826368,14.848
5544,16,1024,-1,-1,-1,-1,-1,-1,0,72.153091,0.835584,72.988675
5545,16,16,-1,-1,-1,-1,-1,14.166016,1,14.231552,0.828416,15.059968
5546,16,16,-1,-1,-1,-1,-1,14.11584,1,14.183424,0.831488,15.014912
5547,16,16,-1,-1,-1,-1,-1,14.020608,1,14.06464,0.826368,14.891008
5548,16,1024,-1,-1,-1,-1,-1,-1,0,72.181763,0.831488,73.013251
5549,16,1024,-1,-1,-1,-1,-1,-1,0,74.518532,0.835584,75.354116
5550,16,16,-1,-1,-1,-1,-1,14.184448,1,14.230528,0.833536,15.064064
5551,16,16,-1,-1,-1,-1,-1,14.08512,1,14.150656,0.830464,14.98112
5552,16,16,-1,-1,-1,-1,-1,14.035968,1,14.08,0.82944,14.90944
5553,16,16,-1,-1,-1,-1,-1,13.958144,1,14.020608,0.827392,14.848
5554,16,16,-1,-1,-1,-1,-1,13.923328,1,13.986816,0.828416,14.815232
5555,16,16,-1,-1,-1,-1,-1,13.9264,1,13.984768,0.82432,14.809088
5556,16,16,-1,-1,-1,-1,-1,13.924352,1,13.96736,0.826368,14.793728
5557,16,16,-1,-1,-1,-1,-1,13.914112,1,13.956096,0.828416,14.784512
5558,16,16,-1,-1,-1,-1,-1,13.948928,1,14.015488,0.826368,14.841856
5559,16,1024,-1,-1,-1,-1,-1,-1,0,71.772163,0.83456,72.606723
5560,16,16,-1,-1,-1,-1,-1,14.180352,1,14.246912,0.835584,15.082496
5561,16,16,-1,-1,-1,-1,-1,14.076928,1,14.142464,0.832512,14.974976
5562,16,16,-1,-1,-1,-1,-1,14.004224,1,14.068736,0.830464,14.8992
5563,16,16,-1,-1,-1,-1,-1,14.000128,1,14.043136,0.828416,14.871552
5564,16,16,-1,-1,-1,-1,-1,13.985792,1,14.041088,0.830464,14.871552
5565,16,1024,-1,-1,-1,-1,-1,-1,0,71.786499,0.837632,72.624131
5566,16,16,-1,-1,-1,-1,-1,14.175232,1,14.219264,0.83456,15.053824
5567,16,1024,-1,-1,-1,-1,-1,-1,0,73.426941,0.832512,74.259453
5568,16,16,-1,-1,-1,-1,-1,14.173184,1,14.216192,0.833536,15.049728
5569,16,16,-1,-1,-1,-1,-1,14.09024,1,14.155776,0.82944,14.985216
5570,16,16,-1,-1,-1,-1,-1,13.99296,1,14.04928,0.828416,14.877696
5571,16,16,-1,-1,-1,-1,-1,13.96224,1,14.017536,0.825344,14.84288
5572,16,16,-1,-1,-1,-1,-1,13.950976,1,13.99296,0.831488,14.824448
5573,16,1008,-1,-1,-1,-1,-1,-1,0,71.706627,0.83456,72.541187
5574,16,16,-1,-1,-1,-1,-1,14.176256,1,14.241792,0.832512,15.074304
5575,16,16,-1,-1,-1,-1,-1,14.070784,1,14.138368,0.833536,14.971904
5576,16,16,-1,-1,-1,-1,-1,14.009344,1,14.075904,0.82432,14.900224
5577,16,16,-1,-1,-1,-1,-1,13.963264,1,14.027776,0.832512,14.860288
5578,16,16,-1,-1,-1,-1,-1,13.929472,1,13.99296,0.826368,14.819328
5579,16,1024,-1,-1,-1,-1,-1,-1,0,72.279037,0.83456,73.113597
5580,16,16,-1,-1,-1,-1,-1,14.12096,1,14.186496,0.830464,15.01696
5581,16,16,-1,-1,-1,-1,-1,14.034944,1,14.09536,0.830464,14.925824
5582,16,16,-1,-1,-1,-1,-1,13.984768,1,14.0288,0.82944,14.85824
5583,16,16,-1,-1,-1,-1,-1,13.923328,1,13.990912,0.827392,14.818304
5584,16,16,-1,-1,-1,-1,-1,13.928448,1,13.970432,0.825344,14.795776
5585,16,1024,-1,-1,-1,-1,-1,-1,0,72.201218,0.836608,73.037826
5586,16,16,-1,-1,-1,-1,-1,14.130176,1,14.195712,0.833536,15.029248
5587,16,1024,-1,-1,-1,-1,-1,-1,0,73.272324,0.83456,74.106884
5588,16,16,-1,-1,-1,-1,-1,14.147584,1,14.19264,0.837632,15.030272
5589,16,16,-1,-1,-1,-1,-1,14.041088,1,14.107648,0.832512,14.94016
5590,16,16,-1,-1,-1,-1,-1,13.995008,1,14.061568,0.828416,14.889984
5591,16,16,-1,-1,-1,-1,-1,13.958144,1,14.024704,0.826368,14.851072
5592,16,16,-1,-1,-1,-1,-1,13.93664,1,14.002176,0.82432,14.826496
5593,16,16,-1,-1,-1,-1,-1,13.932544,1,13.975552,0.827392,14.802944
5594,16,16,-1,-1,-1,-1,-1,13.91104,1,13.974528,0.825344,14.799872
5595,16,16,-1,-1,-1,-1,-1,13.915136,1,13.971456,0.868352,14.839808
5596,16,16,-1,-1,-1,-1,-1,13.901824,1,13.988864,0.825344,14.814208
5597,16,16,-1,-1,-1,-1,-1,13.908992,1,13.974528,0.826368,14.800896
5598,16,16,-1,-1,-1,-1,-1,13.924352,1,13.96736,0.82432,14.79168
5599,16,16,-1,-1,-1,-1,-1,13.888512,1,13.952,0.826368,14.778368
5600,16,16,-1,-1,-1,-1,-1,13.901824,1,13.944832,0.82432,14.769152
5601,16,16,-1,-1,-1,-1,-1,13.88032,1,13.944832,0.823296,14.768128
5602,16,16,-1,-1,-1,-1,-1,13.898752,1,13.96224,0.823296,14.785536
5603,16,16,-1,-1,-1,-1,-1,13.89568,1,13.959168,0.82432,14.783488
5604,16,1024,-1,-1,-1,-1,-1,-1,0,72.02816,0.835584,72.863744
5605,16,16,-1,-1,-1,-1,-1,14.101504,1,14.159872,0.83456,14.994432
5606,16,16,-1,-1,-1,-1,-1,14.07488,1,14.140416,0.827392,14.967808
5607,16,16,-1,-1,-1,-1,-1,13.99296,1,14.060544,0.825344,14.885888
5608,16,16,-1,-1,-1,-1,-1,13.93152,1,13.997056,0.825344,14.8224
5609,16,1024,-1,-1,-1,-1,-1,-1,0,71.998466,0.835584,72.83405
5610,16,1024,-1,-1,-1,-1,-1,-1,0,74.924034,0.837632,75.761666
5611,16,16,-1,-1,-1,-1,-1,14.157824,1,14.22336,0.837632,15.060992
5612,16,16,-1,-1,-1,-1,-1,14.13632,1,14.203904,0.830464,15.034368
5613,16,16,-1,-1,-1,-1,-1,13.993984,1,14.060544,0.825344,14.885888
5614,16,16,-1,-1,-1,-1,-1,13.927424,1,13.970432,0.82432,14.794752
5615,16,16,-1,-1,-1,-1,-1,13.933568,1,13.999104,0.825344,14.824448
5616,16,16,-1,-1,-1,-1,-1,13.891584,1,13.933568,0.827392,14.76096
5617,16,16,-1,-1,-1,-1,-1,13.893632,1,13.958144,0.828416,14.78656
5618,16,16,-1,-1,-1,-1,-1,13.908992,1,13.952,0.827392,14.779392
5619,16,16,-1,-1,-1,-1,-1,13.917184,1,13.973504,0.826368,14.799872
5620,16,16,-1,-1,-1,-1,-1,13.922304,1,13.986816,0.827392,14.814208
5621,16,16,-1,-1,-1,-1,-1,13.876224,1,13.940736,0.825344,14.76608
5622,16,16,-1,-1,-1,-1,-1,13.881344,1,13.947904,0.823296,14.7712
5623,16,16,-1,-1,-1,-1,-1,13.919232,1,13.981696,0.82432,14.806016
5624,16,16,-1,-1,-1,-1,-1,13.882368,1,13.94688,0.820224,14.767104
5625,16,16,-1,-1,-1,-1,-1,13.896704,1,13.959168,0.823296,14.782464
5626,16,16,-1,-1,-1,-1,-1,13.919232,1,13.976576,0.823296,14.799872
5627,16,16,-1,-1,-1,-1,-1,13.892608,1,13.947904,0.826368,14.774272
5628,16,16,-1,-1,-1,-1,-1,13.902848,1,13.96736,0.82432,14.79168
5629,16,16,-1,-1,-1,-1,-1,13.857792,1,13.922304,0.826368,14.748672
5630,16,16,-1,-1,-1,-1,-1,13.898752,1,13.939712,0.827392,14.767104
5631,16,16,-1,-1,-1,-1,-1,13.893632,1,13.956096,0.827392,14.783488
5632,16,16,-1,-1,-1,-1,-1,13.876224,1,13.917184,0.823296,14.74048
5633,16,16,-1,-1,-1,-1,-1,13.899776,1,13.964288,0.82432,14.788608
5634,16,16,-1,-1,-1,-1,-1,13.929472,1,13.970432,0.826368,14.7968
5635,16,16,-1,-1,-1,-1,-1,13.89568,1,13.950976,0.826368,14.777344
5636,16,16,-1,-1,-1,-1,-1,13.925376,1,13.988864,0.827392,14.816256
5637,16,16,-1,-1,-1,-1,-1,13.93152,1,13.995008,0.828416,14.823424
5638,16,16,-1,-1,-1,-1,-1,13.903872,1,13.968384,0.826368,14.794752
5639,16,16,-1,-1,-1,-1,-1,13.923328,1,13.986816,0.823296,14.810112
5640,16,16,-1,-1,-1,-1,-1,13.913088,1,13.976576,0.826368,14.802944
5641,16,16,-1,-1,-1,-1,-1,13.922304,1,13.986816,0.826368,14.813184
5642,16,16,-1,-1,-1,-1,-1,13.90592,1,13.97248,0.825344,14.797824
5643,16,16,-1,-1,-1,-1,-1,13.925376,1,13.98784,0.82432,14.81216
5644,16,16,-1,-1,-1,-1,-1,13.923328,1,13.985792,0.82944,14.815232
5645,16,16,-1,-1,-1,-1,-1,13.88544,1,13.943808,0.82432,14.768128
5646,16,16,-1,-1,-1,-1,-1,13.90592,1,13.94688,0.823296,14.770176
5647,16,16,-1,-1,-1,-1,-1,13.925376,1,13.989888,0.825344,14.815232
5648,16,16,-1,-1,-1,-1,-1,13.920256,1,13.96224,0.828416,14.790656
5649,16,16,-1,-1,-1,-1,-1,13.922304,1,13.985792,0.825344,14.811136
5650,16,16,-1,-1,-1,-1,-1,13.925376,1,13.96736,0.82432,14.79168
5651,16,16,-1,-1,-1,-1,-1,13.94688,1,14.011392,0.82432,14.835712
5652,16,16,-1,-1,-1,-1,-1,13.93152,1,13.996032,0.827392,14.823424
5653,16,1024,-1,-1,-1,-1,-1,-1,0,71.798782,0.833536,72.632318
5654,16,1024,-1,-1,-1,-1,-1,-1,0,74.465279,0.832512,75.297791
5655,16,16,-1,-1,-1,-1,-1,14.180352,1,14.237696,0.83456,15.072256
5656,16,16,-1,-1,-1,-1,-1,14.162944,1,14.229504,0.835584,15.065088
5657,16,1024,-1,-1,-1,-1,-1,-1,0,73.56723,0.83456,74.40179
5658,16,16,-1,-1,-1,-1,-1,14.179328,1,14.24384,0.833536,15.077376
5659,16,16,-1,-1,-1,-1,-1,14.099456,1,14.166016,0.82944,14.995456
5660,16,16,-1,-1,-1,-1,-1,14.056448,1,14.12096,0.830464,14.951424
5661,16,16,-1,-1,-1,-1,-1,14.0288,1,14.094336,0.828416,14.922752
5662,16,16,-1,-1,-1,-1,-1,13.99296,1,14.034944,0.827392,14.862336
5663,16,16,-1,-1,-1,-1,-1,13.958144,1,14.021632,0.826368,14.848
5664,16,16,-1,-1,-1,-1,-1,13.92128,1,13.964288,0.82432,14.788608
5665,16,1024,-1,-1,-1,-1,-1,-1,0,71.94931,0.838656,72.787966
5666,16,1024,-1,-1,-1,-1,-1,-1,0,74.480637,0.835584,75.316221
5667,16,1024,-1,-1,-1,-1,-1,-1,0,74.476547,0.8448,75.321347
5668,16,16,-1,-1,-1,-1,-1,14.169088,1,14.235648,0.837632,15.07328
5669,16,16,-1,-1,-1,-1,-1,14.083072,1,14.150656,0.831488,14.982144
5670,16,16,-1,-1,-1,-1,-1,14.040064,1,14.1056,0.828416,14.934016
5671,16,16,-1,-1,-1,-1,-1,13.96736,1,14.02368,0.828416,14.852096
5672,16,16,-1,-1,-1,-1,-1,13.93664,1,13.979648,0.830464,14.810112
5673,16,16,-1,-1,-1,-1,-1,13.9264,1,13.990912,0.827392,14.818304
5674,16,16,-1,-1,-1,-1,-1,13.94688,1,14.011392,0.828416,14.839808
5675,16,16,-1,-1,-1,-1,-1,13.922304,1,13.986816,0.826368,14.813184
5676,16,16,-1,-1,-1,-1,-1,13.947904,1,13.990912,0.826368,14.81728
5677,16,16,-1,-1,-1,-1,-1,13.934592,1,13.997056,0.826368,14.823424
5678,16,16,-1,-1,-1,-1,-1,13.955072,1,13.997056,0.826368,14.823424
5679,16,16,-1,-1,-1,-1,-1,13.93152,1,13.997056,0.827392,14.824448
5680,16,16,-1,-1,-1,-1,-1,13.927424,1,13.970432,0.826368,14.7968
5681,16,16,-1,-1,-1,-1,-1,13.948928,1,14.007296,0.830464,14.83776
5682,16,16,-1,-1,-1,-1,-1,13.964288,1,14.027776,0.828416,14.856192
5683,16,16,-1,-1,-1,-1,-1,13.945856,1,14.011392,0.82432,14.835712
5684,16,16,-1,-1,-1,-1,-1,13.893632,1,13.949952,0.827392,14.777344
5685,16,16,-1,-1,-1,-1,-1,13.923328,1,13.980672,0.830464,14.811136
5686,16,1024,-1,-1,-1,-1,-1,-1,0,72.030205,0.838656,72.868861
5687,16,1024,-1,-1,-1,-1,-1,-1,0,74.378242,0.835584,75.213826
5688,16,16,-1,-1,-1,-1,-1,14.148608,1,14.19264,0.833536,15.026176
5689,16,16,-1,-1,-1,-1,-1,14.132224,1,14.198784,0.83456,15.033344
5690,16,16,-1,-1,-1,-1,-1,14.014464,1,14.073856,0.827392,14.901248
5691,16,16,-1,-1,-1,-1,-1,14.005248,1,14.06976,0.832512,14.902272
5692,16,1024,-1,-1,-1,-1,-1,-1,0,72.132607,0.83456,72.967166
5693,16,16,-1,-1,-1,-1,-1,14.171136,1,14.215168,0.843776,15.058944
5694,16,16,-1,-1,-1,-1,-1,14.149632,1,14.194688,0.841728,15.036416
5695,16,16,-1,-1,-1,-1,-1,14.137344,1,14.181376,0.83456,15.015936
5696,16,16,-1,-1,-1,-1,-1,14.155776,1,14.199808,0.835584,15.035392
5697,16,16,-1,-1,-1,-1,-1,14.1568,1,14.224384,0.835584,15.059968
5698,16,16,-1,-1,-1,-1,-1,14.124032,1,14.190592,0.82944,15.020032
5699,16,16,-1,-1,-1,-1,-1,13.924352,1,13.988864,0.82944,14.818304
5700,16,16,-1,-1,-1,-1,-1,13.929472,1,13.993984,0.831488,14.825472
5701,16,1024,-1,-1,-1,-1,-1,-1,0,72.295425,0.837632,73.133057
5702,16,16,-1,-1,-1,-1,-1,14.175232,1,14.241792,0.830464,15.072256
5703,16,16,-1,-1,-1,-1,-1,14.102528,1,14.160896,0.830464,14.99136
5704,16,16,-1,-1,-1,-1,-1,14.036992,1,14.078976,0.833536,14.912512
5705,16,16,-1,-1,-1,-1,-1,13.927424,1,13.99296,0.831488,14.824448
5706,16,1024,-1,-1,-1,-1,-1,-1,0,71.627777,0.833536,72.461313
5707,16,16,-1,-1,-1,-1,-1,14.121984,1,14.186496,0.832512,15.019008
5708,16,16,-1,-1,-1,-1,-1,14.012416,1,14.078976,0.830464,14.90944
5709,16,16,-1,-1,-1,-1,-1,14.001152,1,14.043136,0.832512,14.875648
5710,16,16,-1,-1,-1,-1,-1,13.954048,1,13.99808,0.836608,14.834688
5711,16,16,-1,-1,-1,-1,-1,13.963264,1,14.005248,0.831488,14.836736
5712,16,16,-1,-1,-1,-1,-1,13.924352,1,13.96736,0.832512,14.799872
5713,16,1024,-1,-1,-1,-1,-1,-1,0,70.029312,0.827392,70.856704
5714,16,16,-1,-1,-1,-1,-1,13.986816,1,14.04928,0.83456,14.88384
5715,16,16,-1,-1,-1,-1,-1,14.142464,1,14.210048,0.835584,15.045632
5716,16,16,-1,-1,-1,-1,-1,14.016512,1,14.082048,0.832512,14.91456
5717,16,16,-1,-1,-1,-1,-1,13.98272,1,14.04928,0.82944,14.87872
5718,16,16,-1,-1,-1,-1,-1,13.91104,1,13.96736,0.832512,14.799872
5719,16,16,-1,-1,-1,-1,-1,13.923328,1,13.986816,0.826368,14.813184
5720,16,16,-1,-1,-1,-1,-1,13.924352,1,13.966336,0.836608,14.802944
5721,16,16,-1,-1,-1,-1,-1,13.89568,1,13.959168,0.828416,14.787584
5722,16,1024,-1,-1,-1,-1,-1,-1,0,72.620033,0.845824,73.465857
5723,16,16,-1,-1,-1,-1,-1,14.16192,1,14.206976,0.833536,15.040512
5724,16,16,-1,-1,-1,-1,-1,14.118912,1,14.185472,0.83456,15.020032
5725,16,16,-1,-1,-1,-1,-1,14.032896,1,14.077952,0.828416,14.906368
5726,16,16,-1,-1,-1,-1,-1,13.96224,1,14.006272,0.827392,14.833664
5727,16,16,-1,-1,-1,-1,-1,13.964288,1,14.00832,0.835584,14.843904
5728,16,16,-1,-1,-1,-1,-1,13.939712,1,13.984768,0.828416,14.813184
5729,16,16,-1,-1,-1,-1,-1,13.891584,1,13.956096,0.826368,14.782464
5730,16,1024,-1,-1,-1,-1,-1,-1,0,71.536636,0.8448,72.381436
5731,16,16,-1,-1,-1,-1,-1,14.178304,1,14.237696,0.836608,15.074304
5732,16,16,-1,-1,-1,-1,-1,14.0288,1,14.096384,0.831488,14.927872
5733,16,1024,-1,-1,-1,-1,-1,-1,0,72.117249,0.838656,72.955905
5734,16,16,-1,-1,-1,-1,-1,14.1568,1,14.225408,0.833536,15.058944
5735,16,16,-1,-1,-1,-1,-1,14.067712,1,14.133248,0.83968,14.972928
5736,16,1024,-1,-1,-1,-1,-1,-1,0,71.805954,0.833536,72.63949
5737,16,16,-1,-1,-1,-1,-1,14.063616,1,14.12096,0.830464,14.951424
5738,16,16,-1,-1,-1,-1,-1,14.04416,1,14.111744,0.83456,14.946304
5739,16,16,-1,-1,-1,-1,-1,14.040064,1,14.08512,0.828416,14.913536
5740,16,16,-1,-1,-1,-1,-1,13.952,1,14.017536,0.82944,14.846976
5741,16,16,-1,-1,-1,-1,-1,13.968384,1,14.011392,0.826368,14.83776
5742,16,16,-1,-1,-1,-1,-1,13.902848,1,13.943808,0.827392,14.7712
5743,16,16,-1,-1,-1,-1,-1,13.9264,1,13.968384,0.832512,14.800896
5744,16,16,-1,-1,-1,-1,-1,13.91104,1,13.954048,0.826368,14.780416
5745,16,16,-1,-1,-1,-1,-1,13.954048,1,14.019584,0.828416,14.848
5746,16,16,-1,-1,-1,-1,-1,13.939712,1,14.006272,0.827392,14.833664
5747,16,16,-1,-1,-1,-1,-1,13.93152,1,13.996032,0.83456,14.830592
5748,16,16,-1,-1,-1,-1,-1,13.930496,1,13.973504,0.825344,14.798848
5749,16,16,-1,-1,-1,-1,-1,13.906944,1,13.973504,0.828416,14.80192
5750,16,16,-1,-1,-1,-1,-1,13.91104,1,13.979648,0.826368,14.806016
5751,16,16,-1,-1,-1,-1,-1,13.907968,1,13.973504,0.825344,14.798848
5752,16,16,-1,-1,-1,-1,-1,13.925376,1,13.991936,0.82944,14.821376
5753,16,16,-1,-1,-1,-1,-1,13.918208,1,13.974528,0.825344,14.799872
5754,16,16,-1,-1,-1,-1,-1,13.925376,1,13.993984,0.823296,14.81728
5755,16,16,-1,-1,-1,-1,-1,13.91616,1,13.959168,0.828416,14.787584
5756,16,16,-1,-1,-1,-1,-1,13.918208,1,13.983744,0.828416,14.81216
5757,16,16,-1,-1,-1,-1,-1,13.919232,1,13.961216,0.82944,14.790656
5758,16,16,-1,-1,-1,-1,-1,13.924352,1,13.968384,0.826368,14.794752
5759,16,16,-1,-1,-1,-1,-1,13.891584,1,13.935616,0.835584,14.7712
5760,16,16,-1,-1,-1,-1,-1,13.913088,1,13.95712,0.828416,14.785536
5761,16,16,-1,-1,-1,-1,-1,13.919232,1,13.984768,0.82944,14.814208
5762,16,16,-1,-1,-1,-1,-1,13.934592,1,14.001152,0.82944,14.830592
5763,16,16,-1,-1,-1,-1,-1,13.915136,1,13.981696,0.826368,14.808064
5764,16,16,-1,-1,-1,-1,-1,13.943808,1,13.986816,0.828416,14.815232
5765,16,16,-1,-1,-1,-1,-1,13.906944,1,13.97248,0.830464,14.802944
5766,16,16,-1,-1,-1,-1,-1,13.934592,1,14.001152,0.828416,14.829568
5767,16,16,-1,-1,-1,-1,-1,13.912064,1,13.975552,0.832512,14.808064
5768,16,16,-1,-1,-1,-1,-1,13.950976,1,14.017536,0.825344,14.84288
5769,16,16,-1,-1,-1,-1,-1,13.935616,1,14.001152,0.830464,14.831616
5770,16,16,-1,-1,-1,-1,-1,13.93664,1,14.004224,0.832512,14.836736
5771,16,16,-1,-1,-1,-1,-1,13.959168,1,14.002176,0.828416,14.830592
5772,16,16,-1,-1,-1,-1,-1,13.958144,1,14.021632,0.826368,14.848
5773,16,1024,-1,-1,-1,-1,-1,-1,0,71.360512,0.842752,72.203264
5774,16,16,-1,-1,-1,-1,-1,14.23872,1,14.2848,0.836608,15.121408
5775,16,16,-1,-1,-1,-1,-1,14.106624,1,14.153728,0.83456,14.988288
5776,16,16,-1,-1,-1,-1,-1,14.068736,1,14.112768,0.830464,14.943232
5777,16,16,-1,-1,-1,-1,-1,14.001152,1,14.06976,0.833536,14.903296
5778,16,1023,-1,-1,-1,-1,-1,-1,0,72.367104,0.838656,73.20576
5779,16,16,-1,-1,-1,-1,-1,14.195712,1,14.265344,0.83456,15.099904
5780,16,16,-1,-1,-1,-1,-1,14.184448,1,14.230528,0.841728,15.072256
5781,16,16,-1,-1,-1,-1,-1,14.082048,1,14.15168,0.831488,14.983168
5782,16,16,-1,-1,-1,-1,-1,13.971456,1,14.038016,0.831488,14.869504
5783,16,1023,-1,-1,-1,-1,-1,-1,0,72.164352,0.833536,72.997888
5784,16,16,-1,-1,-1,-1,-1,14.13632,1,14.203904,0.831488,15.035392
5785,16,16,-1,-1,-1,-1,-1,14.058496,1,14.124032,0.831488,14.95552
5786,16,16,-1,-1,-1,-1,-1,13.99296,1,14.053376,0.831488,14.884864
5787,16,16,-1,-1,-1,-1,-1,13.963264,1,14.00832,0.832512,14.840832
5788,16,1024,-1,-1,-1,-1,-1,-1,0,71.522301,0.837632,72.359933
5789,16,16,-1,-1,-1,-1,-1,14.138368,1,14.203904,0.831488,15.035392
5790,16,16,-1,-1,-1,-1,-1,14.12608,1,14.17216,0.832512,15.004672
5791,16,1024,-1,-1,-1,-1,-1,-1,0,73.564163,0.848896,74.413059
5792,16,16,-1,-1,-1,-1,-1,14.158848,1,14.205952,0.836608,15.04256
5793,16,16,-1,-1,-1,-1,-1,14.06976,1,14.138368,0.831488,14.969856
5794,16,16,-1,-1,-1,-1,-1,14.038016,1,14.106624,0.831488,14.938112
5795,16,16,-1,-1,-1,-1,-1,13.970432,1,14.038016,0.831488,14.869504
5796,16,16,-1,-1,-1,-1,-1,13.950976,1,13.995008,0.828416,14.823424
5797,16,16,-1,-1,-1,-1,-1,13.929472,1,13.99808,0.832512,14.830592
5798,16,16,-1,-1,-1,-1,-1,13.920256,1,13.986816,0.828416,14.815232
5799,16,16,-1,-1,-1,-1,-1,13.930496,1,13.997056,0.82944,14.826496
5800,16,1024,-1,-1,-1,-1,-1,-1,0,72.14592,0.837632,72.983552
5801,16,16,-1,-1,-1,-1,-1,14.169088,1,14.21312,0.831488,15.044608
5802,16,16,-1,-1,-1,-1,-1,14.076928,1,14.144512,0.837632,14.982144
5803,16,16,-1,-1,-1,-1,-1,14.030848,1,14.07488,0.828416,14.903296
5804,16,16,-1,-1,-1,-1,-1,13.984768,1,14.051328,0.826368,14.877696
5805,16,16,-1,-1,-1,-1,-1,13.975552,1,14.03904,0.827392,14.866432
5806,16,16,-1,-1,-1,-1,-1,13.952,1,13.993984,0.828416,14.8224
5807,16,16,-1,-1,-1,-1,-1,13.922304,1,13.986816,0.828416,14.815232
5808,16,16,-1,-1,-1,-1,-1,13.947904,1,13.990912,0.827392,14.818304
5809,16,16,-1,-1,-1,-1,-1,13.95712,1,14.022656,0.827392,14.850048
5810,16,1024,-1,-1,-1,-1,-1,-1,0,71.842819,0.832512,72.675331
5811,16,16,-1,-1,-1,-1,-1,14.157824,1,14.224384,0.831488,15.055872
5812,16,16,-1,-1,-1,-1,-1,14.11584,1,14.158848,0.832512,14.99136
5813,16,1024,-1,-1,-1,-1,-1,-1,0,72.198143,0.830464,73.028607
5814,16,16,-1,-1,-1,-1,-1,14.097408,1,14.14144,0.83456,14.976
5815,16,16,-1,-1,-1,-1,-1,14.112768,1,14.1568,0.82944,14.98624
5816,16,16,-1,-1,-1,-1,-1,14.029824,1,14.09536,0.82944,14.9248
5817,16,16,-1,-1,-1,-1,-1,13.945856,1,13.989888,0.828416,14.818304
5818,16,16,-1,-1,-1,-1,-1,13.985792,1,14.051328,0.82944,14.880768
5819,16,16,-1,-1,-1,-1,-1,13.954048,1,13.999104,0.827392,14.826496
5820,16,16,-1,-1,-1,-1,-1,13.934592,1,14.000128,0.828416,14.828544
5821,16,2032,-1,-1,-1,-1,-1,-1,0,134.336517,0.8448,135.181317
5822,16,16,-1,-1,-1,-1,-1,14.186496,1,14.232576,0.832512,15.065088
5823,16,16,-1,-1,-1,-1,-1,14.108672,1,14.175232,0.833536,15.008768
5824,16,16,-1,-1,-1,-1,-1,14.067712,1,14.114816,0.832512,14.947328
5825,16,16,-1,-1,-1,-1,-1,13.981696,1,14.03904,0.832512,14.871552
5826,16,16,-1,-1,-1,-1,-1,13.948928,1,14.00832,0.831488,14.839808
5827,16,16,-1,-1,-1,-1,-1,13.925376,1,13.989888,0.827392,14.81728
5828,16,16,-1,-1,-1,-1,-1,13.906944,1,13.952,0.82944,14.78144
5829,16,1024,-1,-1,-1,-1,-1,-1,0,71.468033,0.837632,72.305665
5830,16,16,-1,-1,-1,-1,-1,14.1824,1,14.226432,0.833536,15.059968
5831,16,16,-1,-1,-1,-1,-1,14.072832,1,14.117888,0.82944,14.947328
5832,16,16,-1,-1,-1,-1,-1,14.010368,1,14.068736,0.826368,14.895104
5833,16,16,-1,-1,-1,-1,-1,13.995008,1,14.03904,0.832512,14.871552
5834,16,16,-1,-1,-1,-1,-1,13.973504,1,14.040064,0.825344,14.865408
5835,16,1024,-1,-1,-1,-1,-1,-1,0,72.047615,0.833536,72.881151
5836,16,1024,-1,-1,-1,-1,-1,-1,0,74.507263,0.83456,75.341823
5837,16,16,-1,-1,-1,-1,-1,14.16192,1,14.227456,0.83456,15.062016
5838,16,16,-1,-1,-1,-1,-1,14.050304,1,14.09536,0.831488,14.926848
5839,16,16,-1,-1,-1,-1,-1,14.032896,1,14.09024,0.833536,14.923776
5840,16,16,-1,-1,-1,-1,-1,13.969408,1,14.01344,0.828416,14.841856
5841,16,16,-1,-1,-1,-1,-1,13.94688,1,13.990912,0.82944,14.820352
5842,16,16,-1,-1,-1,-1,-1,13.9008,1,13.966336,0.827392,14.793728
5843,16,16,-1,-1,-1,-1,-1,13.9264,1,13.990912,0.825344,14.816256
5844,16,16,-1,-1,-1,-1,-1,13.929472,1,13.971456,0.831488,14.802944
5845,16,16,-1,-1,-1,-1,-1,13.920256,1,13.985792,0.827392,14.813184
5846,16,16,-1,-1,-1,-1,-1,13.929472,1,13.971456,0.827392,14.798848
5847,16,16,-1,-1,-1,-1,-1,13.930496,1,13.97248,0.82432,14.7968
5848,16,16,-1,-1,-1,-1,-1,13.92128,1,13.986816,0.823296,14.810112
5849,16,16,-1,-1,-1,-1,-1,13.945856,1,13.98784,0.828416,14.816256
5850,16,16,-1,-1,-1,-1,-1,13.93152,1,13.974528,0.826368,14.800896
5851,16,1024,-1,-1,-1,-1,-1,-1,0,71.527428,0.83456,72.361988
5852,16,16,-1,-1,-1,-1,-1,14.16704,1,14.234624,0.832512,15.067136
5853,16,16,-1,-1,-1,-1,-1,14.091264,1,14.158848,0.827392,14.98624
5854,16,16,-1,-1,-1,-1,-1,14.001152,1,14.045184,0.828416,14.8736
5855,16,16,-1,-1,-1,-1,-1,13.95712,1,14.020608,0.82944,14.850048
5856,16,16,-1,-1,-1,-1,-1,13.939712,1,13.98272,0.826368,14.809088
5857,16,1024,-1,-1,-1,-1,-1,-1,0,72.478722,0.832512,73.311234
5858,16,16,-1,-1,-1,-1,-1,14.119936,1,14.178304,0.833536,15.01184
5859,16,16,-1,-1,-1,-1,-1,14.103552,1,14.170112,0.831488,15.0016
5860,16,16,-1,-1,-1,-1,-1,13.991936,1,14.035968,0.836608,14.872576
5861,16,16,-1,-1,-1,-1,-1,13.958144,1,14.02368,0.831488,14.855168
5862,16,16,-1,-1,-1,-1,-1,13.929472,1,13.973504,0.82944,14.802944
5863,16,1024,-1,-1,-1,-1,-1,-1,0,72.088577,0.838656,72.927233
5864,16,16,-1,-1,-1,-1,-1,14.148608,1,14.208,0.82944,15.03744
5865,16,16,-1,-1,-1,-1,-1,14.150656,1,14.195712,0.83456,15.030272
5866,16,16,-1,-1,-1,-1,-1,14.152704,1,14.19776,0.83456,15.03232
5867,16,16,-1,-1,-1,-1,-1,14.12608,1,14.195712,0.827392,15.023104
5868,16,16,-1,-1,-1,-1,-1,13.953024,1,14.01856,0.825344,14.843904
5869,16,16,-1,-1,-1,-1,-1,13.903872,1,13.969408,0.828416,14.797824
5870,16,16,-1,-1,-1,-1,-1,13.919232,1,13.96224,0.826368,14.788608
5871,16,16,-1,-1,-1,-1,-1,13.904896,1,13.961216,0.830464,14.79168
5872,16,16,-1,-1,-1,-1,-1,13.9264,1,13.969408,0.825344,14.794752
5873,16,16,-1,-1,-1,-1,-1,13.912064,1,13.975552,0.82944,14.804992
5874,16,16,-1,-1,-1,-1,-1,13.9008,1,13.964288,0.82944,14.793728
5875,16,16,-1,-1,-1,-1,-1,13.903872,1,13.959168,0.825344,14.784512
5876,16,16,-1,-1,-1,-1,-1,13.914112,1,13.95712,0.825344,14.782464
5877,16,16,-1,-1,-1,-1,-1,13.862912,1,13.920256,0.827392,14.747648
5878,16,16,-1,-1,-1,-1,-1,13.901824,1,13.944832,0.82432,14.769152
5879,16,16,-1,-1,-1,-1,-1,13.902848,1,13.968384,0.828416,14.7968
5880,16,16,-1,-1,-1,-1,-1,13.901824,1,13.959168,0.828416,14.787584
5881,16,16,-1,-1,-1,-1,-1,13.912064,1,13.955072,0.82432,14.779392
5882,16,16,-1,-1,-1,-1,-1,13.932544,1,13.974528,0.82432,14.798848
5883,16,16,-1,-1,-1,-1,-1,13.922304,1,13.986816,0.822272,14.809088
5884,16,16,-1,-1,-1,-1,-1,13.902848,1,13.96736,0.820224,14.787584
5885,16,16,-1,-1,-1,-1,-1,13.89568,1,13.960192,0.82432,14.784512
5886,16,16,-1,-1,-1,-1,-1,13.943808,1,13.986816,0.823296,14.810112
5887,16,16,-1,-1,-1,-1,-1,13.924352,1,13.980672,0.826368,14.80704
5888,16,16,-1,-1,-1,-1,-1,13.899776,1,13.94176,0.826368,14.768128
5889,16,16,-1,-1,-1,-1,-1,13.901824,1,13.966336,0.825344,14.79168
5890,16,16,-1,-1,-1,-1,-1,13.917184,1,13.981696,0.825344,14.80704
5891,16,16,-1,-1,-1,-1,-1,13.910016,1,13.966336,0.825344,14.79168
5892,16,16,-1,-1,-1,-1,-1,13.910016,1,13.950976,0.826368,14.777344
5893,16,16,-1,-1,-1,-1,-1,13.94688,1,14.0032,0.825344,14.828544
5894,16,16,-1,-1,-1,-1,-1,13.93152,1,13.973504,0.826368,14.799872
5895,16,1024,-1,-1,-1,-1,-1,-1,0,71.877632,0.836608,72.71424
5896,16,16,-1,-1,-1,-1,-1,14.123008,1,14.190592,0.833536,15.024128
5897,16,16,-1,-1,-1,-1,-1,14.101504,1,14.145536,0.828416,14.973952
5898,16,16,-1,-1,-1,-1,-1,14.027776,1,14.071808,0.831488,14.903296
5899,16,16,-1,-1,-1,-1,-1,14.010368,1,14.07488,0.828416,14.903296
5900,16,1024,-1,-1,-1,-1,-1,-1,0,72.136703,0.835584,72.972287
5901,16,16,-1,-1,-1,-1,-1,14.179328,1,14.247936,0.830464,15.0784
5902,16,1024,-1,-1,-1,-1,-1,-1,0,73.184258,0.83456,74.018817
5903,16,16,-1,-1,-1,-1,-1,14.138368,1,14.203904,0.833536,15.03744
5904,16,16,-1,-1,-1,-1,-1,14.109696,1,14.153728,0.838656,14.992384
5905,16,16,-1,-1,-1,-1,-1,14.060544,1,14.127104,0.831488,14.958592
5906,16,16,-1,-1,-1,-1,-1,13.973504,1,14.03904,0.831488,14.870528
5907,16,16,-1,-1,-1,-1,-1,13.949952,1,13.991936,0.82432,14.816256
5908,16,1024,-1,-1,-1,-1,-1,-1,0,71.980034,0.83968,72.819714
5909,16,16,-1,-1,-1,-1,-1,14.183424,1,14.249984,0.831488,15.081472
5910,16,16,-1,-1,-1,-1,-1,14.091264,1,14.135296,0.833536,14.968832
5911,16,16,-1,-1,-1,-1,-1,14.01856,1,14.084096,0.832512,14.916608
5912,16,16,-1,-1,-1,-1,-1,13.980672,1,14.045184,0.832512,14.877696
5913,16,1024,-1,-1,-1,-1,-1,-1,0,71.3769,0.835584,72.212484
5914,16,16,-1,-1,-1,-1,-1,14.09024,1,14.133248,0.83456,14.967808
5915,16,16,-1,-1,-1,-1,-1,14.051328,1,14.116864,0.830464,14.947328
5916,16,16,-1,-1,-1,-1,-1,14.04928,1,14.107648,0.828416,14.936064
5917,16,16,-1,-1,-1,-1,-1,13.996032,1,14.061568,0.823296,14.884864
5918,16,16,-1,-1,-1,-1,-1,13.98272,1,14.047232,0.827392,14.874624
5919,16,16,-1,-1,-1,-1,-1,13.912064,1,13.955072,0.82432,14.779392
5920,16,1024,-1,-1,-1,-1,-1,-1,0,71.803902,0.832512,72.636414
5921,16,16,-1,-1,-1,-1,-1,14.168064,1,14.226432,0.836608,15.06304
5922,16,16,-1,-1,-1,-1,-1,14.103552,1,14.170112,0.826368,14.99648
5923,16,16,-1,-1,-1,-1,-1,14.015488,1,14.05952,0.827392,14.886912
5924,16,16,-1,-1,-1,-1,-1,13.984768,1,14.04928,0.827392,14.876672
5925,16,16,-1,-1,-1,-1,-1,13.943808,1,14.009344,0.828416,14.83776
5926,16,16,-1,-1,-1,-1,-1,13.915136,1,13.958144,0.82432,14.782464
5927,16,16,-1,-1,-1,-1,-1,13.93664,1,14.002176,0.827392,14.829568
5928,16,1024,-1,-1,-1,-1,-1,-1,0,71.888893,0.83456,72.723453
5929,16,16,-1,-1,-1,-1,-1,14.14656,1,14.211072,0.83456,15.045632
5930,16,16,-1,-1,-1,-1,-1,14.133248,1,14.17728,0.832512,15.009792
5931,16,16,-1,-1,-1,-1,-1,14.057472,1,14.125056,0.828416,14.953472
5932,16,16,-1,-1,-1,-1,-1,13.983744,1,14.052352,0.828416,14.880768
5933,16,16,-1,-1,-1,-1,-1,13.964288,1,14.020608,0.826368,14.846976
5934,16,16,-1,-1,-1,-1,-1,13.945856,1,14.010368,0.831488,14.841856
5935,16,16,-1,-1,-1,-1,-1,13.920256,1,13.963264,0.827392,14.790656
5936,16,16,-1,-1,-1,-1,-1,13.950976,1,14.006272,0.826368,14.83264
5937,16,16,-1,-1,-1,-1,-1,13.948928,1,14.012416,0.825344,14.83776
5938,16,16,-1,-1,-1,-1,-1,13.956096,1,13.999104,0.82944,14.828544
5939,16,1024,-1,-1,-1,-1,-1,-1,0,72.094719,0.832512,72.927231
5940,16,16,-1,-1,-1,-1,-1,14.196736,1,14.262272,0.83456,15.096832
5941,16,16,-1,-1,-1,-1,-1,14.06976,1,14.138368,0.82944,14.967808
5942,16,16,-1,-1,-1,-1,-1,14.014464,1,14.058496,0.827392,14.885888
5943,16,16,-1,-1,-1,-1,-1,13.978624,1,14.035968,0.827392,14.86336
5944,16,16,-1,-1,-1,-1,-1,13.950976,1,14.007296,0.825344,14.83264
5945,16,1024,-1,-1,-1,-1,-1,-1,0,71.72403,0.832512,72.556542
5946,16,16,-1,-1,-1,-1,-1,14.159872,1,14.203904,0.832512,15.036416
5947,16,16,-1,-1,-1,-1,-1,14.070784,1,14.1312,0.830464,14.961664
5948,16,16,-1,-1,-1,-1,-1,14.01856,1,14.084096,0.830464,14.91456
5949,16,16,-1,-1,-1,-1,-1,13.943808,1,13.985792,0.825344,14.811136
5950,16,16,-1,-1,-1,-1,-1,13.964288,1,14.027776,0.827392,14.855168
5951,16,1024,-1,-1,-1,-1,-1,-1,0,72.306686,0.837632,73.144318
5952,16,16,-1,-1,-1,-1,-1,14.134272,1,14.199808,0.836608,15.036416
5953,16,16,-1,-1,-1,-1,-1,14.07488,1,14.142464,0.832512,14.974976
5954,16,16,-1,-1,-1,-1,-1,13.98272,1,14.025728,0.828416,14.854144
5955,16,16,-1,-1,-1,-1,-1,13.969408,1,14.025728,0.828416,14.854144
5956,16,16,-1,-1,-1,-1,-1,13.955072,1,14.019584,0.822272,14.841856
5957,16,1024,-1,-1,-1,-1,-1,-1,0,71.931908,0.833536,72.765444
5958,16,1024,-1,-1,-1,-1,-1,-1,0,74.563583,0.835584,75.399167
5959,16,16,-1,-1,-1,-1,-1,14.134272,1,14.200832,0.832512,15.033344
5960,16,1024,-1,-1,-1,-1,-1,-1,0,73.619453,0.835584,74.455037
5961,16,16,-1,-1,-1,-1,-1,14.133248,1,14.199808,0.837632,15.03744
5962,16,16,-1,-1,-1,-1,-1,14.096384,1,14.140416,0.833536,14.973952
5963,16,16,-1,-1,-1,-1,-1,14.010368,1,14.07488,0.825344,14.900224
5964,16,16,-1,-1,-1,-1,-1,13.947904,1,14.012416,0.82944,14.841856
5965,16,16,-1,-1,-1,-1,-1,13.935616,1,13.9776,0.826368,14.803968
5966,16,16,-1,-1,-1,-1,-1,13.925376,1,13.990912,0.82944,14.820352
5967,16,16,-1,-1,-1,-1,-1,13.91104,1,13.975552,0.827392,14.802944
5968,16,16,-1,-1,-1,-1,-1,13.919232,1,13.98272,0.823296,14.806016
5969,16,16,-1,-1,-1,-1,-1,13.919232,1,13.981696,0.831488,14.813184
5970,16,16,-1,-1,-1,-1,-1,13.904896,1,13.94688,0.82432,14.7712
5971,16,16,-1,-1,-1,-1,-1,13.889536,1,13.954048,0.823296,14.777344
5972,16,16,-1,-1,-1,-1,-1,13.88032,1,13.943808,0.825344,14.769152
5973,16,16,-1,-1,-1,-1,-1,13.907968,1,13.965312,0.82944,14.794752
5974,16,16,-1,-1,-1,-1,-1,13.889536,1,13.953024,0.826368,14.779392
5975,16,16,-1,-1,-1,-1,-1,13.898752,1,13.965312,0.828416,14.793728
5976,16,16,-1,-1,-1,-1,-1,13.889536,1,13.953024,0.82432,14.777344
5977,16,1024,-1,-1,-1,-1,-1,-1,0,70.253571,0.833536,71.087107
5978,16,16,-1,-1,-1,-1,-1,14.140416,1,14.1824,0.83456,15.01696
5979,16,16,-1,-1,-1,-1,-1,14.08512,1,14.129152,0.831488,14.96064
5980,16,16,-1,-1,-1,-1,-1,14.048256,1,14.112768,0.82944,14.942208
5981,16,1024,-1,-1,-1,-1,-1,-1,0,72.243202,0.837632,73.080834
5982,16,1024,-1,-1,-1,-1,-1,-1,0,74.462212,0.831488,75.2937
5983,16,16,-1,-1,-1,-1,-1,14.13632,1,14.193664,0.833536,15.0272
5984,16,16,-1,-1,-1,-1,-1,14.078976,1,14.145536,0.832512,14.978048
5985,16,16,-1,-1,-1,-1,-1,13.990912,1,14.035968,0.835584,14.871552
5986,16,16,-1,-1,-1,-1,-1,13.94688,1,13.990912,0.830464,14.821376
5987,16,16,-1,-1,-1,-1,-1,13.920256,1,13.984768,0.826368,14.811136
5988,16,16,-1,-1,-1,-1,-1,13.907968,1,13.971456,0.828416,14.799872
5989,16,16,-1,-1,-1,-1,-1,13.930496,1,13.99296,0.822272,14.815232
5990,16,16,-1,-1,-1,-1,-1,13.930496,1,13.986816,0.828416,14.815232
5991,16,16,-1,-1,-1,-1,-1,13.923328,1,13.98784,0.82432,14.81216
5992,16,16,-1,-1,-1,-1,-1,13.917184,1,13.98272,0.827392,14.810112
5993,16,16,-1,-1,-1,-1,-1,13.920256,1,13.985792,0.828416,14.814208
5994,16,16,-1,-1,-1,-1,-1,13.9008,1,13.943808,0.827392,14.7712
5995,16,16,-1,-1,-1,-1,-1,13.901824,1,13.944832,0.833536,14.778368
5996,16,16,-1,-1,-1,-1,-1,13.923328,1,13.98784,0.82432,14.81216
5997,16,16,-1,-1,-1,-1,-1,13.894656,1,13.95712,0.827392,14.784512
5998,16,16,-1,-1,-1,-1,-1,13.89568,1,13.960192,0.831488,14.79168
5999,16,16,-1,-1,-1,-1,-1,13.912064,1,13.974528,0.826368,14.800896
6000,16,16,-1,-1,-1,-1,-1,13.878272,1,13.934592,0.825344,14.759936
6001,16,16,-1,-1,-1,-1,-1,13.88544,1,13.927424,0.825344,14.752768
6002,16,16,-1,-1,-1,-1,-1,13.882368,1,13.923328,0.831488,14.754816
6003,16,16,-1,-1,-1,-1,-1,13.918208,1,13.980672,0.827392,14.808064
6004,16,16,-1,-1,-1,-1,-1,13.918208,1,13.975552,0.82432,14.799872
6005,16,16,-1,-1,-1,-1,-1,13.920256,1,13.974528,0.827392,14.80192
6006,16,16,-1,-1,-1,-1,-1,13.897728,1,13.961216,0.82432,14.785536
6007,16,16,-1,-1,-1,-1,-1,13.91616,1,13.979648,0.82944,14.809088
6008,16,16,-1,-1,-1,-1,-1,13.918208,1,13.983744,0.822272,14.806016
6009,16,16,-1,-1,-1,-1,-1,13.899776,1,13.95712,0.830464,14.787584
6010,16,16,-1,-1,-1,-1,-1,13.9008,1,13.943808,0.82432,14.768128
6011,16,16,-1,-1,-1,-1,-1,13.910016,1,13.953024,0.827392,14.780416
6012,16,16,-1,-1,-1,-1,-1,13.914112,1,13.9776,0.827392,14.804992
6013,16,16,-1,-1,-1,-1,-1,13.913088,1,13.9776,0.828416,14.806016
6014,16,16,-1,-1,-1,-1,-1,13.908992,1,13.97248,0.826368,14.798848
6015,16,16,-1,-1,-1,-1,-1,13.927424,1,13.990912,0.827392,14.818304
6016,16,1024,-1,-1,-1,-1,-1,-1,0,71.810051,0.832512,72.642563
6017,16,16,-1,-1,-1,-1,-1,14.168064,1,14.211072,0.836608,15.04768
6018,16,16,-1,-1,-1,-1,-1,14.07488,1,14.119936,0.831488,14.951424
6019,16,16,-1,-1,-1,-1,-1,14.024704,1,14.09024,0.83456,14.9248
6020,16,16,-1,-1,-1,-1,-1,13.993984,1,14.058496,0.827392,14.885888
6021,16,16,-1,-1,-1,-1,-1,13.965312,1,14.030848,0.830464,14.861312
6022,16,16,-1,-1,-1,-1,-1,13.93664,1,13.991936,0.826368,14.818304
6023,16,16,-1,-1,-1,-1,-1,13.932544,1,13.997056,0.825344,14.8224
6024,16,16,-1,-1,-1,-1,-1,13.94688,1,14.011392,0.828416,14.839808
6025,16,16,-1,-1,-1,-1,-1,13.935616,1,13.99296,0.82432,14.81728
6026,16,16,-1,-1,-1,-1,-1,13.934592,1,13.976576,0.825344,14.80192
6027,16,1024,-1,-1,-1,-1,-1,-1,0,71.925758,0.83456,72.760318
6028,16,1024,-1,-1,-1,-1,-1,-1,0,74.693634,0.831488,75.525122
6029,16,16,-1,-1,-1,-1,-1,14.173184,1,14.23872,0.831488,15.070208
6030,16,16,-1,-1,-1,-1,-1,14.119936,1,14.18752,0.827392,15.014912
6031,16,16,-1,-1,-1,-1,-1,14.007296,1,14.071808,0.827392,14.8992
6032,16,1023,-1,-1,-1,-1,-1,-1,0,72.162308,0.837632,72.99994
6033,16,16,-1,-1,-1,-1,-1,14.181376,1,14.247936,0.8448,15.092736
6034,16,16,-1,-1,-1,-1,-1,14.129152,1,14.173184,0.833536,15.00672
6035,16,16,-1,-1,-1,-1,-1,14.021632,1,14.077952,0.828416,14.906368
6036,16,16,-1,-1,-1,-1,-1,13.944832,1,14.00832,0.830464,14.838784
6037,16,16,-1,-1,-1,-1,-1,13.923328,1,13.98784,0.827392,14.815232
6038,16,16,-1,-1,-1,-1,-1,13.913088,1,13.976576,0.825344,14.80192
6039,16,16,-1,-1,-1,-1,-1,13.897728,1,13.939712,0.828416,14.768128
6040,16,16,-1,-1,-1,-1,-1,13.933568,1,13.990912,0.835584,14.826496
6041,16,1024,-1,-1,-1,-1,-1,-1,0,71.974915,0.836608,72.811523
6042,16,1024,-1,-1,-1,-1,-1,-1,0,74.457085,0.843776,75.300861
6043,16,16,-1,-1,-1,-1,-1,14.166016,1,14.231552,0.837632,15.069184
6044,16,1024,-1,-1,-1,-1,-1,-1,0,73.142273,0.841728,73.984001
6045,16,16,-1,-1,-1,-1,-1,14.162944,1,14.220288,0.836608,15.056896
6046,16,16,-1,-1,-1,-1,-1,14.170112,1,14.236672,0.841728,15.0784
6047,16,16,-1,-1,-1,-1,-1,14.163968,1,14.222336,0.836608,15.058944
6048,16,16,-1,-1,-1,-1,-1,14.12608,1,14.19264,0.835584,15.028224
6049,16,16,-1,-1,-1,-1,-1,14.147584,1,14.212096,0.833536,15.045632
6050,16,16,-1,-1,-1,-1,-1,14.058496,1,14.103552,0.828416,14.931968
6051,16,16,-1,-1,-1,-1,-1,13.948928,1,14.015488,0.831488,14.846976
6052,16,16,-1,-1,-1,-1,-1,13.930496,1,13.97248,0.823296,14.795776
6053,16,16,-1,-1,-1,-1,-1,13.907968,1,13.971456,0.826368,14.797824
6054,16,16,-1,-1,-1,-1,-1,13.940736,1,14.004224,0.825344,14.829568
6055,16,16,-1,-1,-1,-1,-1,13.892608,1,13.93664,0.823296,14.759936
6056,16,16,-1,-1,-1,-1,-1,13.914112,1,13.970432,0.83456,14.804992
6057,16,16,-1,-1,-1,-1,-1,13.90592,1,13.971456,0.82432,14.795776
6058,16,16,-1,-1,-1,-1,-1,13.915136,1,13.970432,0.825344,14.795776
6059,16,16,-1,-1,-1,-1,-1,13.908992,1,13.974528,0.825344,14.799872
6060,16,16,-1,-1,-1,-1,-1,13.912064,1,13.978624,0.826368,14.804992
6061,16,16,-1,-1,-1,-1,-1,13.901824,1,13.966336,0.825344,14.79168
6062,16,16,-1,-1,-1,-1,-1,13.914112,1,13.978624,0.82432,14.802944
6063,16,16,-1,-1,-1,-1,-1,13.899776,1,13.96224,0.823296,14.785536
6064,16,16,-1,-1,-1,-1,-1,13.91616,1,13.980672,0.827392,14.808064
6065,16,16,-1,-1,-1,-1,-1,13.88544,1,13.942784,0.828416,14.7712
6066,16,1024,-1,-1,-1,-1,-1,-1,0,72.338432,0.843776,73.182208
6067,16,16,-1,-1,-1,-1,-1,14.117888,1,14.184448,0.843776,15.028224
6068,16,16,-1,-1,-1,-1,-1,14.068736,1,14.11584,0.837632,14.953472
6069,16,1024,-1,-1,-1,-1,-1,-1,0,72.421379,0.8448,73.266179
6070,16,16,-1,-1,-1,-1,-1,14.173184,1,14.239744,0.837632,15.077376
6071,16,16,-1,-1,-1,-1,-1,14.08512,1,14.130176,0.830464,14.96064
6072,16,16,-1,-1,-1,-1,-1,13.956096,1,14.02368,0.835584,14.859264
6073,16,16,-1,-1,-1,-1,-1,14.011392,1,14.076928,0.826368,14.903296
6074,16,1023,-1,-1,-1,-1,-1,-1,0,72.078339,0.833536,72.911875
6075,16,16,-1,-1,-1,-1,-1,14.14656,1,14.21312,0.837632,15.050752
6076,16,16,-1,-1,-1,-1,-1,14.159872,1,14.227456,0.832512,15.059968
6077,16,16,-1,-1,-1,-1,-1,14.155776,1,14.22336,0.832512,15.055872
6078,16,16,-1,-1,-1,-1,-1,14.158848,1,14.224384,0.83456,15.058944
6079,16,16,-1,-1,-1,-1,-1,14.065664,1,14.1312,0.82432,14.95552
6080,16,16,-1,-1,-1,-1,-1,13.896704,1,13.96224,0.838656,14.800896
6081,16,16,-1,-1,-1,-1,-1,13.954048,1,14.01856,0.83968,14.85824
6082,16,16,-1,-1,-1,-1,-1,13.908992,1,13.974528,0.826368,14.800896
6083,16,16,-1,-1,-1,-1,-1,13.920256,1,13.963264,0.825344,14.788608
6084,16,16,-1,-1,-1,-1,-1,13.892608,1,13.93664,0.82432,14.76096
6085,16,16,-1,-1,-1,-1,-1,13.888512,1,13.952,0.826368,14.778368
6086,16,1024,-1,-1,-1,-1,-1,-1,0,71.996414,0.833536,72.82995
6087,16,16,-1,-1,-1,-1,-1,14.113792,1,14.158848,0.838656,14.997504
6088,16,16,-1,-1,-1,-1,-1,14.071808,1,14.116864,0.832512,14.949376
6089,16,16,-1,-1,-1,-1,-1,13.954048,1,14.021632,0.832512,14.854144
6090,16,16,-1,-1,-1,-1,-1,13.970432,1,14.034944,0.826368,14.861312
6091,16,16,-1,-1,-1,-1,-1,13.913088,1,13.980672,0.832512,14.813184
6092,16,16,-1,-1,-1,-1,-1,13.918208,1,13.984768,0.827392,14.81216
6093,16,16,-1,-1,-1,-1,-1,13.940736,1,14.0032,0.830464,14.833664
6094,16,16,-1,-1,-1,-1,-1,13.925376,1,13.989888,0.82432,14.814208
6095,16,16,-1,-1,-1,-1,-1,13.920256,1,13.9776,0.82432,14.80192
6096,16,16,-1,-1,-1,-1,-1,13.940736,1,13.996032,0.831488,14.82752
6097,16,2032,-1,-1,-1,-1,-1,-1,0,129.112061,0.843776,129.955837
6098,16,16,-1,-1,-1,-1,-1,14.216192,1,14.282752,0.836608,15.11936
6099,16,16,-1,-1,-1,-1,-1,14.08512,1,14.130176,0.831488,14.961664
6100,16,1024,-1,-1,-1,-1,-1,-1,0,72.321022,0.836608,73.15763
6101,16,16,-1,-1,-1,-1,-1,14.134272,1,14.200832,0.842752,15.043584
6102,16,16,-1,-1,-1,-1,-1,14.166016,1,14.2336,0.83456,15.06816
6103,16,16,-1,-1,-1,-1,-1,14.145536,1,14.189568,0.841728,15.031296
6104,16,1023,-1,-1,-1,-1,-1,-1,0,73.250816,0.835584,74.0864
6105,16,16,-1,-1,-1,-1,-1,14.159872,1,14.226432,0.830464,15.056896
6106,16,16,-1,-1,-1,-1,-1,14.055424,1,14.124032,0.831488,14.95552
6107,16,16,-1,-1,-1,-1,-1,14.030848,1,14.089216,0.828416,14.917632
6108,16,16,-1,-1,-1,-1,-1,13.96736,1,14.025728,0.827392,14.85312
6109,16,16,-1,-1,-1,-1,-1,13.93664,1,14.001152,0.831488,14.83264
6110,16,16,-1,-1,-1,-1,-1,13.937664,1,13.980672,0.825344,14.806016
6111,16,16,-1,-1,-1,-1,-1,13.934592,1,13.979648,0.832512,14.81216
6112,16,16,-1,-1,-1,-1,-1,13.939712,1,14.005248,0.825344,14.830592
6113,16,16,-1,-1,-1,-1,-1,13.927424,1,13.995008,0.827392,14.8224
6114,16,1024,-1,-1,-1,-1,-1,-1,0,72.125443,0.842752,72.968194
6115,16,16,-1,-1,-1,-1,-1,14.144512,1,14.189568,0.83456,15.024128
6116,16,16,-1,-1,-1,-1,-1,14.03392,1,14.098432,0.840704,14.939136
6117,16,16,-1,-1,-1,-1,-1,13.983744,1,14.04928,0.832512,14.881792
6118,16,16,-1,-1,-1,-1,-1,13.989888,1,14.0544,0.831488,14.885888
6119,16,16,-1,-1,-1,-1,-1,13.95712,1,13.99808,0.835584,14.833664
6120,16,16,-1,-1,-1,-1,-1,13.953024,1,13.99808,0.826368,14.824448
6121,16,16,-1,-1,-1,-1,-1,13.914112,1,13.971456,0.835584,14.80704
6122,16,16,-1,-1,-1,-1,-1,13.935616,1,13.99808,0.831488,14.829568
6123,16,16,-1,-1,-1,-1,-1,13.928448,1,13.99296,0.82944,14.8224
6124,16,16,-1,-1,-1,-1,-1,13.915136,1,13.980672,0.827392,14.808064
6125,16,16,-1,-1,-1,-1,-1,13.915136,1,13.958144,0.825344,14.783488
6126,16,16,-1,-1,-1,-1,-1,13.919232,1,13.96224,0.822272,14.784512
6127,16,16,-1,-1,-1,-1,-1,13.882368,1,13.9264,0.82944,14.75584
6128,16,16,-1,-1,-1,-1,-1,13.914112,1,13.9776,0.825344,14.802944
6129,16,16,-1,-1,-1,-1,-1,13.899776,1,13.965312,0.828416,14.793728
6130,16,16,-1,-1,-1,-1,-1,13.906944,1,13.963264,0.826368,14.789632
6131,16,16,-1,-1,-1,-1,-1,13.89568,1,13.937664,0.825344,14.763008
6132,16,16,-1,-1,-1,-1,-1,13.888512,1,13.943808,0.825344,14.769152
6133,16,16,-1,-1,-1,-1,-1,13.906944,1,13.970432,0.825344,14.795776
6134,16,16,-1,-1,-1,-1,-1,13.923328,1,13.976576,0.82432,14.800896
6135,16,16,-1,-1,-1,-1,-1,13.891584,1,13.935616,0.827392,14.763008
6136,16,16,-1,-1,-1,-1,-1,13.901824,1,13.944832,0.82944,14.774272
6137,16,16,-1,-1,-1,-1,-1,13.920256,1,13.984768,0.828416,14.813184
6138,16,16,-1,-1,-1,-1,-1,13.903872,1,13.960192,0.828416,14.788608
6139,16,16,-1,-1,-1,-1,-1,13.930496,1,13.996032,0.828416,14.824448
6140,16,1024,-1,-1,-1,-1,-1,-1,0,72.282112,0.833536,73.115648
6141,16,16,-1,-1,-1,-1,-1,14.170112,1,14.214144,0.83456,15.048704
6142,16,1024,-1,-1,-1,-1,-1,-1,0,73.058304,0.83968,73.897984
6143,16,16,-1,-1,-1,-1,-1,14.153728,1,14.19776,0.836608,15.034368
6144,16,16,-1,-1,-1,-1,-1,14.121984,1,14.16704,0.836608,15.003648
6145,16,16,-1,-1,-1,-1,-1,14.04928,1,14.117888,0.827392,14.94528
6146,16,16,-1,-1,-1,-1,-1,13.981696,1,14.040064,0.828416,14.86848
6147,16,16,-1,-1,-1,-1,-1,13.954048,1,13.995008,0.827392,14.8224
6148,16,1024,-1,-1,-1,-1,-1,-1,0,71.987198,0.832512,72.81971
6149,16,16,-1,-1,-1,-1,-1,14.17728,1,14.241792,0.833536,15.075328
6150,16,16,-1,-1,-1,-1,-1,14.075904,1,14.142464,0.828416,14.97088
6151,16,16,-1,-1,-1,-1,-1,13.999104,1,14.043136,0.833536,14.876672
6152,16,16,-1,-1,-1,-1,-1,13.961216,1,14.004224,0.827392,14.831616
6153,16,16,-1,-1,-1,-1,-1,13.920256,1,13.984768,0.82432,14.809088
6154,16,1024,-1,-1,-1,-1,-1,-1,0,72.072189,0.838656,72.910845
6155,16,16,-1,-1,-1,-1,-1,14.145536,1,14.203904,0.840704,15.044608
6156,16,16,-1,-1,-1,-1,-1,14.043136,1,14.11072,0.831488,14.942208
6157,16,16,-1,-1,-1,-1,-1,14.027776,1,14.072832,0.83968,14.912512
6158,16,16,-1,-1,-1,-1,-1,13.963264,1,14.0288,0.830464,14.859264
6159,16,16,-1,-1,-1,-1,-1,13.96224,1,14.007296,0.827392,14.834688
6160,16,16,-1,-1,-1,-1,-1,13.940736,1,13.984768,0.828416,14.813184
6161,16,16,-1,-1,-1,-1,-1,13.943808,1,14.009344,0.825344,14.834688
6162,16,16,-1,-1,-1,-1,-1,13.953024,1,14.01856,0.825344,14.843904
6163,16,16,-1,-1,-1,-1,-1,13.928448,1,13.971456,0.82944,14.800896
6164,16,1024,-1,-1,-1,-1,-1,-1,0,72.154114,0.835584,72.989698
6165,16,16,-1,-1,-1,-1,-1,14.160896,1,14.226432,0.831488,15.05792
6166,16,16,-1,-1,-1,-1,-1,14.089216,1,14.14656,0.83456,14.98112
6167,16,16,-1,-1,-1,-1,-1,14.030848,1,14.076928,0.825344,14.902272
6168,16,16,-1,-1,-1,-1,-1,14.01344,1,14.057472,0.826368,14.88384
6169,16,1023,-1,-1,-1,-1,-1,-1,0,71.85408,0.837632,72.691712
6170,16,16,-1,-1,-1,-1,-1,14.152704,1,14.221312,0.835584,15.056896
6171,16,16,-1,-1,-1,-1,-1,14.101504,1,14.160896,0.828416,14.989312
6172,16,16,-1,-1,-1,-1,-1,14.005248,1,14.063616,0.827392,14.891008
6173,16,16,-1,-1,-1,-1,-1,13.969408,1,14.011392,0.83968,14.851072
6174,16,1024,-1,-1,-1,-1,-1,-1,0,72.268799,0.838656,73.107455
6175,16,16,-1,-1,-1,-1,-1,14.11584,1,14.159872,0.838656,14.998528
6176,16,16,-1,-1,-1,-1,-1,14.07488,1,14.119936,0.832512,14.952448
6177,16,16,-1,-1,-1,-1,-1,13.995008,1,14.062592,0.828416,14.891008
6178,16,16,-1,-1,-1,-1,-1,13.925376,1,13.991936,0.82432,14.816256
6179,16,16,-1,-1,-1,-1,-1,13.965312,1,14.00832,0.827392,14.835712
6180,16,16,-1,-1,-1,-1,-1,13.910016,1,13.968384,0.82944,14.797824
6181,16,16,-1,-1,-1,-1,-1,13.942784,1,14.007296,0.825344,14.83264
6182,16,16,-1,-1,-1,-1,-1,13.913088,1,13.969408,0.827392,14.7968
6183,16,16,-1,-1,-1,-1,-1,13.925376,1,13.96736,0.82432,14.79168
6184,16,16,-1,-1,-1,-1,-1,13.92128,1,13.963264,0.828416,14.79168
6185,16,16,-1,-1,-1,-1,-1,13.922304,1,13.986816,0.825344,14.81216
6186,16,16,-1,-1,-1,-1,-1,13.903872,1,13.969408,0.821248,14.790656
6187,16,16,-1,-1,-1,-1,-1,13.914112,1,13.9776,0.82432,14.80192
6188,16,16,-1,-1,-1,-1,-1,13.923328,1,13.979648,0.823296,14.802944
6189,16,16,-1,-1,-1,-1,-1,13.889536,1,13.932544,0.82432,14.756864
6190,16,16,-1,-1,-1,-1,-1,13.892608,1,13.958144,0.833536,14.79168
6191,16,16,-1,-1,-1,-1,-1,13.882368,1,13.925376,0.830464,14.75584
6192,16,16,-1,-1,-1,-1,-1,13.88544,1,13.927424,0.827392,14.754816
6193,16,16,-1,-1,-1,-1,-1,13.924352,1,13.988864,0.828416,14.81728
6194,16,16,-1,-1,-1,-1,-1,13.889536,1,13.954048,0.827392,14.78144
6195,16,16,-1,-1,-1,-1,-1,13.907968,1,13.949952,0.827392,14.777344
6196,16,16,-1,-1,-1,-1,-1,13.914112,1,13.980672,0.830464,14.811136
6197,16,1024,-1,-1,-1,-1,-1,-1,0,72.200195,0.836608,73.036803
6198,16,1023,-1,-1,-1,-1,-1,-1,0,74.480637,0.83456,75.315197
6199,16,16,-1,-1,-1,-1,-1,14.163968,1,14.220288,0.836608,15.056896
6200,16,16,-1,-1,-1,-1,-1,14.10048,1,14.144512,0.82944,14.973952
6201,16,16,-1,-1,-1,-1,-1,14.02368,1,14.089216,0.830464,14.91968
6202,16,16,-1,-1,-1,-1,-1,14.006272,1,14.062592,0.82432,14.886912
6203,16,16,-1,-1,-1,-1,-1,13.961216,1,14.0032,0.825344,14.828544
6204,16,16,-1,-1,-1,-1,-1,13.930496,1,13.985792,0.82944,14.815232
6205,16,1024,-1,-1,-1,-1,-1,-1,0,72.213501,0.836608,73.050109
6206,16,16,-1,-1,-1,-1,-1,14.203904,1,14.271488,0.836608,15.108096
6207,16,16,-1,-1,-1,-1,-1,14.08,1,14.125056,0.831488,14.956544
6208,16,16,-1,-1,-1,-1,-1,14.046208,1,14.089216,0.833536,14.922752
6209,16,16,-1,-1,-1,-1,-1,13.98784,1,14.046208,0.825344,14.871552
6210,16,16,-1,-1,-1,-1,-1,13.976576,1,14.041088,0.830464,14.871552
6211,16,16,-1,-1,-1,-1,-1,13.935616,1,13.978624,0.825344,14.803968
6212,16,16,-1,-1,-1,-1,-1,13.942784,1,14.009344,0.828416,14.83776
6213,16,16,-1,-1,-1,-1,-1,13.933568,1,13.989888,0.828416,14.818304
6214,16,16,-1,-1,-1,-1,-1,13.913088,1,13.9776,0.82432,14.80192
6215,16,1024,-1,-1,-1,-1,-1,-1,0,72.012802,0.832512,72.845314
6216,16,16,-1,-1,-1,-1,-1,14.17216,1,14.217216,0.825344,15.04256
6217,16,16,-1,-1,-1,-1,-1,14.07488,1,14.140416,0.830464,14.97088
6218,16,16,-1,-1,-1,-1,-1,14.040064,1,14.109696,0.825344,14.93504
6219,16,16,-1,-1,-1,-1,-1,14.010368,1,14.052352,0.825344,14.877696
6220,16,2032,-1,-1,-1,-1,-1,-1,0,133.703674,0.8448,134.548474
6221,16,16,-1,-1,-1,-1,-1,14.200832,1,14.266368,0.835584,15.101952
6222,16,16,-1,-1,-1,-1,-1,14.089216,1,14.159872,0.830464,14.990336
6223,16,16,-1,-1,-1,-1,-1,14.0288,1,14.072832,0.83456,14.907392
6224,16,16,-1,-1,-1,-1,-1,13.990912,1,14.034944,0.82944,14.864384
6225,16,16,-1,-1,-1,-1,-1,13.944832,1,14.011392,0.830464,14.841856
6226,16,1024,-1,-1,-1,-1,-1,-1,0,72.125443,0.841728,72.96717
6227,16,1024,-1,-1,-1,-1,-1,-1,0,74.364929,0.840704,75.205633
6228,16,16,-1,-1,-1,-1,-1,14.123008,1,14.19264,0.833536,15.026176
6229,16,16,-1,-1,-1,-1,-1,14.09536,1,14.163968,0.833536,14.997504
6230,16,16,-1,-1,-1,-1,-1,13.995008,1,14.040064,0.828416,14.86848
6231,16,16,-1,-1,-1,-1,-1,13.968384,1,14.034944,0.823296,14.85824
6232,16,16,-1,-1,-1,-1,-1,13.908992,1,13.954048,0.826368,14.780416
6233,16,16,-1,-1,-1,-1,-1,13.925376,1,13.970432,0.826368,14.7968
6234,16,16,-1,-1,-1,-1,-1,13.908992,1,13.973504,0.825344,14.798848
6235,16,16,-1,-1,-1,-1,-1,13.915136,1,13.959168,0.832512,14.79168
6236,16,16,-1,-1,-1,-1,-1,13.9264,1,13.993984,0.822272,14.816256
6237,16,16,-1,-1,-1,-1,-1,13.915136,1,13.980672,0.825344,14.806016
6238,16,16,-1,-1,-1,-1,-1,13.886464,1,13.952,0.826368,14.778368
6239,16,16,-1,-1,-1,-1,-1,13.892608,1,13.935616,0.826368,14.761984
6240,16,16,-1,-1,-1,-1,-1,13.903872,1,13.94688,0.826368,14.773248
6241,16,16,-1,-1,-1,-1,-1,13.912064,1,13.955072,0.823296,14.778368
6242,16,16,-1,-1,-1,-1,-1,13.889536,1,13.945856,0.823296,14.769152
6243,16,16,-1,-1,-1,-1,-1,13.883392,1,13.94688,0.82432,14.7712
6244,16,16,-1,-1,-1,-1,-1,13.872128,1,13.927424,0.822272,14.749696
6245,16,16,-1,-1,-1,-1,-1,13.876224,1,13.94176,0.823296,14.765056
6246,16,16,-1,-1,-1,-1,-1,13.853696,1,13.896704,0.828416,14.72512
6247,16,16,-1,-1,-1,-1,-1,13.915136,1,13.971456,0.82432,14.795776
6248,16,1024,-1,-1,-1,-1,-1,-1,0,71.764992,0.846848,72.61184
6249,16,16,-1,-1,-1,-1,-1,14.170112,1,14.21312,0.831488,15.044608
6250,16,16,-1,-1,-1,-1,-1,14.050304,1,14.117888,0.832512,14.9504
6251,16,16,-1,-1,-1,-1,-1,14.021632,1,14.065664,0.831488,14.897152
6252,16,1024,-1,-1,-1,-1,-1,-1,0,72.697853,0.835584,73.533437
6253,16,16,-1,-1,-1,-1,-1,14.169088,1,14.232576,0.82944,15.062016
6254,16,16,-1,-1,-1,-1,-1,14.075904,1,14.143488,0.825344,14.968832
6255,16,16,-1,-1,-1,-1,-1,14.029824,1,14.071808,0.825344,14.897152
6256,16,1023,-1,-1,-1,-1,-1,-1,0,72.414207,0.83456,73.248767
6257,16,16,-1,-1,-1,-1,-1,14.16192,1,14.226432,0.83456,15.060992
6258,16,16,-1,-1,-1,-1,-1,14.067712,1,14.134272,0.828416,14.962688
6259,16,16,-1,-1,-1,-1,-1,13.98784,1,14.052352,0.82432,14.876672
6260,16,16,-1,-1,-1,-1,-1,13.930496,1,13.996032,0.828416,14.824448
6261,16,16,-1,-1,-1,-1,-1,13.94688,1,14.011392,0.823296,14.834688
6262,16,16,-1,-1,-1,-1,-1,13.939712,1,13.981696,0.828416,14.810112
6263,16,16,-1,-1,-1,-1,-1,13.910016,1,13.968384,0.823296,14.79168
6264,16,16,-1,-1,-1,-1,-1,13.940736,1,14.004224,0.828416,14.83264
6265,16,16,-1,-1,-1,-1,-1,13.920256,1,13.96224,0.82432,14.78656
6266,16,16,-1,-1,-1,-1,-1,13.897728,1,13.963264,0.823296,14.78656
6267,16,16,-1,-1,-1,-1,-1,13.869056,1,13.91104,0.825344,14.736384
6268,16,16,-1,-1,-1,-1,-1,13.927424,1,13.991936,0.822272,14.814208
6269,16,16,-1,-1,-1,-1,-1,13.903872,1,13.960192,0.838656,14.798848
6270,16,16,-1,-1,-1,-1,-1,13.901824,1,13.966336,0.825344,14.79168
6271,16,16,-1,-1,-1,-1,-1,13.901824,1,13.943808,0.832512,14.77632
6272,16,16,-1,-1,-1,-1,-1,13.873152,1,13.91616,0.836608,14.752768
6273,16,16,-1,-1,-1,-1,-1,13.910016,1,13.97248,0.823296,14.795776
6274,16,16,-1,-1,-1,-1,-1,13.910016,1,13.974528,0.831488,14.806016
6275,16,16,-1,-1,-1,-1,-1,13.938688,1,14.004224,0.825344,14.829568
6276,16,16,-1,-1,-1,-1,-1,13.912064,1,13.976576,0.82432,14.800896
6277,16,1024,-1,-1,-1,-1,-1,-1,0,71.985153,0.835584,72.820737
6278,16,16,-1,-1,-1,-1,-1,14.16704,1,14.211072,0.83456,15.045632
6279,16,1024,-1,-1,-1,-1,-1,-1,0,72.923134,0.835584,73.758718
6280,16,16,-1,-1,-1,-1,-1,14.148608,1,14.215168,0.842752,15.05792
6281,16,16,-1,-1,-1,-1,-1,14.112768,1,14.158848,0.82944,14.988288
6282,16,16,-1,-1,-1,-1,-1,14.01344,1,14.077952,0.837632,14.915584
6283,16,16,-1,-1,-1,-1,-1,13.993984,1,14.038016,0.827392,14.865408
6284,16,16,-1,-1,-1,-1,-1,13.963264,1,14.0288,0.826368,14.855168
6285,16,16,-1,-1,-1,-1,-1,13.9264,1,13.989888,0.826368,14.816256
6286,16,16,-1,-1,-1,-1,-1,13.939712,1,14.004224,0.833536,14.83776
6287,16,16,-1,-1,-1,-1,-1,13.939712,1,13.98272,0.825344,14.808064
6288,16,16,-1,-1,-1,-1,-1,13.947904,1,13.991936,0.833536,14.825472
6289,16,16,-1,-1,-1,-1,-1,13.956096,1,14.019584,0.82944,14.849024
6290,16,16,-1,-1,-1,-1,-1,13.893632,1,13.959168,0.832512,14.79168
6291,16,1023,-1,-1,-1,-1,-1,-1,0,72.236031,0.842752,73.078783
6292,16,1024,-1,-1,-1,-1,-1,-1,0,74.582016,0.842752,75.424768
6293,16,16,-1,-1,-1,-1,-1,14.134272,1,14.194688,0.83968,15.034368
6294,16,16,-1,-1,-1,-1,-1,14.063616,1,14.108672,0.831488,14.94016
6295,16,16,-1,-1,-1,-1,-1,14.004224,1,14.071808,0.838656,14.910464
6296,16,16,-1,-1,-1,-1,-1,13.95712,1,14.021632,0.830464,14.852096
6297,16,16,-1,-1,-1,-1,-1,13.96736,1,14.012416,0.830464,14.84288
6298,16,16,-1,-1,-1,-1,-1,13.959168,1,14.0032,0.83456,14.83776
6299,16,16,-1,-1,-1,-1,-1,13.93152,1,13.974528,0.83456,14.809088
6300,16,16,-1,-1,-1,-1,-1,13.945856,1,14.01344,0.830464,14.843904
6301,16,16,-1,-1,-1,-1,-1,13.948928,1,14.015488,0.82944,14.844928
6302,16,16,-1,-1,-1,-1,-1,13.93664,1,13.99296,0.825344,14.818304
6303,16,16,-1,-1,-1,-1,-1,13.945856,1,13.988864,0.833536,14.8224
6304,16,16,-1,-1,-1,-1,-1,13.881344,1,13.922304,0.825344,14.747648
6305,16,1023,-1,-1,-1,-1,-1,-1,0,72.336388,0.838656,73.175044
6306,16,16,-1,-1,-1,-1,-1,14.162944,1,14.231552,0.828416,15.059968
6307,16,16,-1,-1,-1,-1,-1,14.067712,1,14.134272,0.833536,14.967808
6308,16,16,-1,-1,-1,-1,-1,13.983744,1,14.04928,0.826368,14.875648
6309,16,16,-1,-1,-1,-1,-1,13.97248,1,14.03904,0.830464,14.869504
6310,16,16,-1,-1,-1,-1,-1,13.935616,1,13.978624,0.825344,14.803968
6311,16,16,-1,-1,-1,-1,-1,13.9264,1,13.991936,0.828416,14.820352
6312,16,16,-1,-1,-1,-1,-1,13.938688,1,14.002176,0.82432,14.826496
6313,16,16,-1,-1,-1,-1,-1,13.948928,1,13.991936,0.826368,14.818304
6314,16,16,-1,-1,-1,-1,-1,13.958144,1,14.002176,0.826368,14.828544
6315,16,16,-1,-1,-1,-1,-1,13.953024,1,13.997056,0.830464,14.82752
6316,16,16,-1,-1,-1,-1,-1,13.910016,1,13.975552,0.825344,14.800896
6317,16,16,-1,-1,-1,-1,-1,13.925376,1,13.990912,0.827392,14.818304
6318,16,16,-1,-1,-1,-1,-1,13.92128,1,13.964288,0.826368,14.790656
6319,16,16,-1,-1,-1,-1,-1,13.9008,1,13.943808,0.825344,14.769152
6320,16,16,-1,-1,-1,-1,-1,13.94176,1,13.983744,0.827392,14.811136
6321,16,16,-1,-1,-1,-1,-1,13.90592,1,13.969408,0.826368,14.795776
6322,16,16,-1,-1,-1,-1,-1,13.89056,1,13.95712,0.823296,14.780416
6323,16,16,-1,-1,-1,-1,-1,13.944832,1,13.999104,0.827392,14.826496
6324,16,1024,-1,-1,-1,-1,-1,-1,0,72.014847,0.843776,72.858623
6325,16,16,-1,-1,-1,-1,-1,14.166016,1,14.224384,0.832512,15.056896
6326,16,16,-1,-1,-1,-1,-1,14.145536,1,14.191616,0.835584,15.0272
6327,16,1024,-1,-1,-1,-1,-1,-1,0,72.632317,0.835584,73.467901
6328,16,16,-1,-1,-1,-1,-1,14.149632,1,14.206976,0.830464,15.03744
6329,16,1024,-1,-1,-1,-1,-1,-1,0,73.52832,0.841728,74.370048
6330,16,16,-1,-1,-1,-1,-1,14.199808,1,14.244864,0.835584,15.080448
6331,16,16,-1,-1,-1,-1,-1,14.138368,1,14.1824,0.830464,15.012864
6332,16,16,-1,-1,-1,-1,-1,14.02368,1,14.089216,0.82944,14.918656
6333,16,16,-1,-1,-1,-1,-1,13.988864,1,14.031872,0.828416,14.860288
6334,16,16,-1,-1,-1,-1,-1,13.959168,1,14.001152,0.826368,14.82752
6335,16,16,-1,-1,-1,-1,-1,13.953024,1,13.993984,0.826368,14.820352
6336,16,16,-1,-1,-1,-1,-1,13.942784,1,13.984768,0.82944,14.814208
6337,16,16,-1,-1,-1,-1,-1,13.914112,1,13.979648,0.823296,14.802944
6338,16,16,-1,-1,-1,-1,-1,13.963264,1,14.0288,0.82432,14.85312
6339,16,16,-1,-1,-1,-1,-1,13.935616,1,13.989888,0.82432,14.814208
6340,16,16,-1,-1,-1,-1,-1,13.942784,1,14.007296,0.827392,14.834688
6341,16,16,-1,-1,-1,-1,-1,13.945856,1,14.001152,0.825344,14.826496
6342,16,16,-1,-1,-1,-1,-1,13.945856,1,13.988864,0.822272,14.811136
6343,16,16,-1,-1,-1,-1,-1,13.940736,1,14.005248,0.826368,14.831616
6344,16,3038,-1,-1,-1,-1,-1,-1,0,198.154236,0.83968,198.993916
6345,16,16,-1,-1,-1,-1,-1,14.195712,1,14.255104,0.836608,15.091712
6346,16,16,-1,-1,-1,-1,-1,14.256128,1,14.301184,0.838656,15.13984
6347,16,16,-1,-1,-1,-1,-1,14.227456,1,14.272512,0.833536,15.106048
6348,16,16,-1,-1,-1,-1,-1,14.224384,1,14.290944,0.835584,15.126528
6349,16,16,-1,-1,-1,-1,-1,14.061568,1,14.106624,0.823296,14.92992
6350,16,16,-1,-1,-1,-1,-1,13.934592,1,13.976576,0.825344,14.80192
6351,16,16,-1,-1,-1,-1,-1,13.963264,1,14.005248,0.826368,14.831616
6352,16,16,-1,-1,-1,-1,-1,13.932544,1,13.974528,0.821248,14.795776
6353,16,16,-1,-1,-1,-1,-1,13.94176,1,14.005248,0.823296,14.828544
6354,16,16,-1,-1,-1,-1,-1,13.947904,1,14.01344,0.826368,14.839808
6355,16,16,-1,-1,-1,-1,-1,13.918208,1,13.974528,0.825344,14.799872
6356,16,16,-1,-1,-1,-1,-1,13.90592,1,13.970432,0.822272,14.792704
6357,16,16,-1,-1,-1,-1,-1,13.888512,1,13.950976,0.823296,14.774272
6358,16,16,-1,-1,-1,-1,-1,13.88032,1,13.92128,0.823296,14.744576
6359,16,16,-1,-1,-1,-1,-1,13.889536,1,13.94688,0.822272,14.769152
6360,16,16,-1,-1,-1,-1,-1,13.88032,1,13.944832,0.825344,14.770176
6361,16,16,-1,-1,-1,-1,-1,13.88544,1,13.949952,0.82432,14.774272
6362,16,16,-1,-1,-1,-1,-1,13.897728,1,13.939712,0.827392,14.767104
6363,16,16,-1,-1,-1,-1,-1,13.894656,1,13.93664,0.831488,14.768128
6364,16,16,-1,-1,-1,-1,-1,13.897728,1,13.960192,0.827392,14.787584
6365,16,1024,-1,-1,-1,-1,-1,-1,0,72.330238,0.835584,73.165822
6366,16,16,-1,-1,-1,-1,-1,14.178304,1,14.222336,0.833536,15.055872
6367,16,1024,-1,-1,-1,-1,-1,-1,0,72.038399,0.83456,72.872959
6368,16,1024,-1,-1,-1,-1,-1,-1,0,73.91539,0.838656,74.754046
6369,16,16,-1,-1,-1,-1,-1,14.1568,1,14.222336,0.832512,15.054848
6370,16,16,-1,-1,-1,-1,-1,14.076928,1,14.143488,0.832512,14.976
6371,16,16,-1,-1,-1,-1,-1,14.005248,1,14.04928,0.832512,14.881792
6372,16,16,-1,-1,-1,-1,-1,13.968384,1,14.03392,0.830464,14.864384
6373,16,16,-1,-1,-1,-1,-1,13.950976,1,14.015488,0.828416,14.843904
6374,16,16,-1,-1,-1,-1,-1,13.938688,1,13.981696,0.827392,14.809088
6375,16,16,-1,-1,-1,-1,-1,13.872128,1,13.938688,0.82944,14.768128
6376,16,16,-1,-1,-1,-1,-1,13.937664,1,13.993984,0.826368,14.820352
6377,16,16,-1,-1,-1,-1,-1,13.929472,1,13.996032,0.827392,14.823424
6378,16,16,-1,-1,-1,-1,-1,13.91616,1,13.960192,0.827392,14.787584
6379,16,16,-1,-1,-1,-1,-1,13.914112,1,13.956096,0.82432,14.780416
6380,16,1024,-1,-1,-1,-1,-1,-1,0,71.973885,0.83456,72.808445
6381,16,16,-1,-1,-1,-1,-1,14.144512,1,14.210048,0.837632,15.04768
6382,16,16,-1,-1,-1,-1,-1,14.065664,1,14.111744,0.828416,14.94016
6383,16,16,-1,-1,-1,-1,-1,14.02368,1,14.088192,0.830464,14.918656
6384,16,16,-1,-1,-1,-1,-1,13.96224,1,14.027776,0.840704,14.86848
6385,16,16,-1,-1,-1,-1,-1,13.925376,1,13.96736,0.827392,14.794752
6386,16,16,-1,-1,-1,-1,-1,13.914112,1,13.9776,0.828416,14.806016
6387,16,16,-1,-1,-1,-1,-1,13.932544,1,13.975552,0.825344,14.800896
6388,16,16,-1,-1,-1,-1,-1,13.912064,1,13.9776,0.826368,14.803968
6389,16,16,-1,-1,-1,-1,-1,13.935616,1,13.989888,0.828416,14.818304
6390,16,16,-1,-1,-1,-1,-1,13.925376,1,13.968384,0.82432,14.792704
6391,16,16,-1,-1,-1,-1,-1,13.915136,1,13.981696,0.825344,14.80704
6392,16,1024,-1,-1,-1,-1,-1,-1,0,72.356865,0.840704,73.197569
6393,16,16,-1,-1,-1,-1,-1,14.153728,1,14.219264,0.832512,15.051776
6394,16,16,-1,-1,-1,-1,-1,14.076928,1,14.119936,0.831488,14.951424
6395,16,16,-1,-1,-1,-1,-1,13.969408,1,14.012416,0.828416,14.840832
6396,16,1024,-1,-1,-1,-1,-1,-1,0,72.165375,0.83456,72.999935
6397,16,16,-1,-1,-1,-1,-1,14.157824,1,14.224384,0.835584,15.059968
6398,16,16,-1,-1,-1,-1,-1,14.08512,1,14.130176,0.830464,14.96064
6399,16,16,-1,-1,-1,-1,-1,14.0032,1,14.068736,0.826368,14.895104
6400,16,16,-1,-1,-1,-1,-1,13.980672,1,14.04416,0.826368,14.870528
6401,16,16,-1,-1,-1,-1,-1,13.944832,1,13.98784,0.826368,14.814208
6402,16,16,-1,-1,-1,-1,-1,13.945856,1,14.002176,0.827392,14.829568
6403,16,16,-1,-1,-1,-1,-1,13.908992,1,13.950976,0.827392,14.778368
6404,16,16,-1,-1,-1,-1,-1,13.940736,1,14.006272,0.828416,14.834688
6405,16,16,-1,-1,-1,-1,-1,13.928448,1,13.97248,0.827392,14.799872
6406,16,16,-1,-1,-1,-1,-1,13.933568,1,13.9776,0.826368,14.803968
6407,16,16,-1,-1,-1,-1,-1,13.908992,1,13.974528,0.822272,14.7968
6408,16,16,-1,-1,-1,-1,-1,13.882368,1,13.939712,0.826368,14.76608
6409,16,16,-1,-1,-1,-1,-1,13.908992,1,13.974528,0.82432,14.798848
6410,16,1024,-1,-1,-1,-1,-1,-1,0,72.469505,0.836608,73.306113
6411,16,16,-1,-1,-1,-1,-1,14.1312,1,14.174208,0.83456,15.008768
6412,16,16,-1,-1,-1,-1,-1,14.138368,1,14.203904,0.833536,15.03744
6413,16,16,-1,-1,-1,-1,-1,14.005248,1,14.06976,0.82944,14.8992
6414,16,16,-1,-1,-1,-1,-1,13.986816,1,14.030848,0.828416,14.859264
6415,16,16,-1,-1,-1,-1,-1,13.954048,1,14.019584,0.82944,14.849024
6416,16,16,-1,-1,-1,-1,-1,13.949952,1,14.012416,0.82944,14.841856
6417,16,16,-1,-1,-1,-1,-1,13.910016,1,13.953024,0.830464,14.783488
6418,16,16,-1,-1,-1,-1,-1,13.917184,1,13.980672,0.82432,14.804992
6419,16,1024,-1,-1,-1,-1,-1,-1,0,72.308739,0.83456,73.143299
6420,16,16,-1,-1,-1,-1,-1,14.125056,1,14.191616,0.832512,15.024128
6421,16,16,-1,-1,-1,-1,-1,14.051328,1,14.096384,0.831488,14.927872
6422,16,16,-1,-1,-1,-1,-1,14.025728,1,14.06976,0.825344,14.895104
6423,16,16,-1,-1,-1,-1,-1,13.975552,1,14.041088,0.826368,14.867456
6424,16,16,-1,-1,-1,-1,-1,13.939712,1,14.006272,0.82432,14.830592
6425,16,16,-1,-1,-1,-1,-1,13.930496,1,13.996032,0.827392,14.823424
6426,16,1024,-1,-1,-1,-1,-1,-1,0,72.012802,0.83456,72.847362
6427,16,16,-1,-1,-1,-1,-1,14.194688,1,14.237696,0.835584,15.07328
6428,16,16,-1,-1,-1,-1,-1,14.082048,1,14.149632,0.833536,14.983168
6429,16,16,-1,-1,-1,-1,-1,14.032896,1,14.097408,0.827392,14.9248
6430,16,16,-1,-1,-1,-1,-1,13.999104,1,14.042112,0.822272,14.864384
6431,16,16,-1,-1,-1,-1,-1,13.991936,1,14.058496,0.82944,14.887936
6432,16,16,-1,-1,-1,-1,-1,13.953024,1,14.010368,0.825344,14.835712
6433,16,16,-1,-1,-1,-1,-1,13.94176,1,13.984768,0.828416,14.813184
6434,16,16,-1,-1,-1,-1,-1,13.896704,1,13.965312,0.831488,14.7968
6435,16,16,-1,-1,-1,-1,-1,13.923328,1,13.978624,0.82944,14.808064
6436,16,16,-1,-1,-1,-1,-1,13.918208,1,13.98272,0.82944,14.81216
6437,16,16,-1,-1,-1,-1,-1,13.917184,1,13.958144,0.826368,14.784512
6438,16,16,-1,-1,-1,-1,-1,13.918208,1,13.960192,0.827392,14.787584
6439,16,16,-1,-1,-1,-1,-1,13.91104,1,13.974528,0.825344,14.799872
6440,16,16,-1,-1,-1,-1,-1,13.907968,1,13.97248,0.827392,14.799872
6441,16,1024,-1,-1,-1,-1,-1,-1,0,71.98822,0.835584,72.823804
6442,16,1024,-1,-1,-1,-1,-1,-1,0,74.494972,0.83456,75.329532
6443,16,1024,-1,-1,-1,-1,-1,-1,0,74.491905,0.836608,75.328513
6444,16,16,-1,-1,-1,-1,-1,14.138368,1,14.205952,0.831488,15.03744
6445,16,16,-1,-1,-1,-1,-1,14.077952,1,14.143488,0.831488,14.974976
6446,16,16,-1,-1,-1,-1,-1,13.980672,1,14.024704,0.828416,14.85312
6447,16,16,-1,-1,-1,-1,-1,13.925376,1,13.990912,0.827392,14.818304
6448,16,16,-1,-1,-1,-1,-1,13.932544,1,13.988864,0.823296,14.81216
6449,16,16,-1,-1,-1,-1,-1,13.930496,1,13.973504,0.826368,14.799872
6450,16,16,-1,-1,-1,-1,-1,13.923328,1,13.965312,0.828416,14.793728
6451,16,16,-1,-1,-1,-1,-1,13.947904,1,14.011392,0.827392,14.838784
6452,16,16,-1,-1,-1,-1,-1,13.937664,1,13.980672,0.826368,14.80704
6453,16,16,-1,-1,-1,-1,-1,13.948928,1,13.991936,0.82432,14.816256
6454,16,16,-1,-1,-1,-1,-1,13.928448,1,13.971456,0.82432,14.795776
6455,16,16,-1,-1,-1,-1,-1,13.91104,1,13.954048,0.828416,14.782464
6456,16,1007,-1,-1,-1,-1,-1,-1,0,71.471107,0.836608,72.307715
6457,16,16,-1,-1,-1,-1,-1,14.148608,1,14.216192,0.83456,15.050752
6458,16,16,-1,-1,-1,-1,-1,14.128128,1,14.18752,0.831488,15.019008
6459,16,16,-1,-1,-1,-1,-1,14.001152,1,14.057472,0.82944,14.886912
6460,16,16,-1,-1,-1,-1,-1,13.945856,1,14.011392,0.82432,14.835712
6461,16,16,-1,-1,-1,-1,-1,13.935616,1,13.999104,0.825344,14.824448
6462,16,16,-1,-1,-1,-1,-1,13.912064,1,13.954048,0.828416,14.782464
6463,16,16,-1,-1,-1,-1,-1,13.94176,1,14.005248,0.826368,14.831616
6464,16,16,-1,-1,-1,-1,-1,13.930496,1,13.996032,0.826368,14.8224
6465,16,16,-1,-1,-1,-1,-1,13.95712,1,14.000128,0.822272,14.8224
6466,16,16,-1,-1,-1,-1,-1,13.934592,1,13.9776,0.826368,14.803968
6467,16,16,-1,-1,-1,-1,-1,13.913088,1,13.975552,0.827392,14.802944
6468,16,16,-1,-1,-1,-1,-1,13.914112,1,13.95712,0.825344,14.782464
6469,16,16,-1,-1,-1,-1,-1,13.919232,1,13.961216,0.828416,14.789632
6470,16,16,-1,-1,-1,-1,-1,13.913088,1,13.956096,0.827392,14.783488
6471,16,1024,-1,-1,-1,-1,-1,-1,0,71.080963,0.831488,71.912451
6472,16,16,-1,-1,-1,-1,-1,14.1568,1,14.224384,0.83456,15.058944
6473,16,16,-1,-1,-1,-1,-1,14.11584,1,14.184448,0.827392,15.01184
6474,16,1024,-1,-1,-1,-1,-1,-1,0,72.557571,0.835584,73.393155
6475,16,16,-1,-1,-1,-1,-1,14.109696,1,14.176256,0.83456,15.010816
6476,16,16,-1,-1,-1,-1,-1,14.145536,1,14.21312,0.83456,15.04768
6477,16,16,-1,-1,-1,-1,-1,14.11072,1,14.178304,0.83456,15.012864
6478,16,16,-1,-1,-1,-1,-1,14.121984,1,14.16704,0.831488,14.998528
6479,16,16,-1,-1,-1,-1,-1,14.1312,1,14.196736,0.835584,15.03232
6480,16,16,-1,-1,-1,-1,-1,14.073856,1,14.138368,0.82944,14.967808
6481,16,16,-1,-1,-1,-1,-1,13.932544,1,13.976576,0.830464,14.80704
6482,16,16,-1,-1,-1,-1,-1,13.904896,1,13.94688,0.826368,14.773248
6483,16,16,-1,-1,-1,-1,-1,13.918208,1,13.98272,0.827392,14.810112
6484,16,16,-1,-1,-1,-1,-1,13.919232,1,13.96224,0.825344,14.787584
6485,16,16,-1,-1,-1,-1,-1,13.914112,1,13.956096,0.827392,14.783488
6486,16,16,-1,-1,-1,-1,-1,13.910016,1,13.953024,0.826368,14.779392
6487,16,1024,-1,-1,-1,-1,-1,-1,0,71.846909,0.838656,72.685565
6488,16,16,-1,-1,-1,-1,-1,14.179328,1,14.244864,0.837632,15.082496
6489,16,16,-1,-1,-1,-1,-1,14.032896,1,14.10048,0.82944,14.92992
6490,16,1024,-1,-1,-1,-1,-1,-1,0,72.412163,0.832512,73.244675
6491,16,16,-1,-1,-1,-1,-1,14.133248,1,14.198784,0.837632,15.036416
6492,16,16,-1,-1,-1,-1,-1,14.029824,1,14.096384,0.83456,14.930944
6493,16,16,-1,-1,-1,-1,-1,13.980672,1,14.038016,0.833536,14.871552
6494,16,16,-1,-1,-1,-1,-1,13.976576,1,14.019584,0.827392,14.846976
6495,16,16,-1,-1,-1,-1,-1,13.961216,1,14.005248,0.825344,14.830592
6496,16,16,-1,-1,-1,-1,-1,13.939712,1,14.005248,0.826368,14.831616
6497,16,16,-1,-1,-1,-1,-1,13.940736,1,13.981696,0.826368,14.808064
6498,16,16,-1,-1,-1,-1,-1,13.969408,1,14.012416,0.831488,14.843904
6499,16,16,-1,-1,-1,-1,-1,13.959168,1,14.022656,0.832512,14.855168
6500,16,16,-1,-1,-1,-1,-1,13.937664,1,13.980672,0.831488,14.81216
6501,16,1024,-1,-1,-1,-1,-1,-1,0,72.094719,0.833536,72.928255
6502,16,16,-1,-1,-1,-1,-1,14.163968,1,14.208,0.832512,15.040512
6503,16,16,-1,-1,-1,-1,-1,14.057472,1,14.12608,0.835584,14.961664
6504,16,16,-1,-1,-1,-1,-1,13.99808,1,14.062592,0.827392,14.889984
6505,16,1024,-1,-1,-1,-1,-1,-1,0,72.341507,0.838656,73.180163
6506,16,1024,-1,-1,-1,-1,-1,-1,0,74.468353,0.837632,75.305985
6507,16,16,-1,-1,-1,-1,-1,14.155776,1,14.220288,0.83456,15.054848
6508,16,16,-1,-1,-1,-1,-1,14.09024,1,14.1568,0.82944,14.98624
6509,16,16,-1,-1,-1,-1,-1,14.017536,1,14.061568,0.826368,14.887936
6510,16,16,-1,-1,-1,-1,-1,13.963264,1,14.007296,0.830464,14.83776
6511,16,16,-1,-1,-1,-1,-1,13.93664,1,13.979648,0.826368,14.806016
6512,16,16,-1,-1,-1,-1,-1,13.973504,1,14.015488,0.82432,14.839808
6513,16,16,-1,-1,-1,-1,-1,13.94176,1,13.984768,0.826368,14.811136
6514,16,16,-1,-1,-1,-1,-1,13.932544,1,13.975552,0.823296,14.798848
6515,16,16,-1,-1,-1,-1,-1,13.950976,1,14.024704,0.826368,14.851072
6516,16,16,-1,-1,-1,-1,-1,13.949952,1,13.99296,0.823296,14.816256
6517,16,1024,-1,-1,-1,-1,-1,-1,0,72.051712,0.838656,72.890368
6518,16,16,-1,-1,-1,-1,-1,14.14144,1,14.185472,0.83456,15.020032
6519,16,16,-1,-1,-1,-1,-1,14.065664,1,14.133248,0.828416,14.961664
6520,16,16,-1,-1,-1,-1,-1,13.995008,1,14.051328,0.82944,14.880768
6521,16,16,-1,-1,-1,-1,-1,13.95712,1,14.02368,0.828416,14.852096
6522,16,16,-1,-1,-1,-1,-1,13.937664,1,14.0032,0.830464,14.833664
6523,16,16,-1,-1,-1,-1,-1,13.930496,1,13.993984,0.826368,14.820352
6524,16,16,-1,-1,-1,-1,-1,13.961216,1,14.004224,0.826368,14.830592
6525,16,16,-1,-1,-1,-1,-1,13.945856,1,13.989888,0.826368,14.816256
6526,16,16,-1,-1,-1,-1,-1,13.945856,1,13.988864,0.82944,14.818304
6527,16,16,-1,-1,-1,-1,-1,13.932544,1,13.976576,0.827392,14.803968
6528,16,1024,-1,-1,-1,-1,-1,-1,0,72.313858,0.830464,73.144322
6529,16,16,-1,-1,-1,-1,-1,14.118912,1,14.163968,0.832512,14.99648
6530,16,16,-1,-1,-1,-1,-1,14.088192,1,14.133248,0.830464,14.963712
6531,16,16,-1,-1,-1,-1,-1,14.011392,1,14.06976,0.828416,14.898176
6532,16,16,-1,-1,-1,-1,-1,13.952,1,13.996032,0.823296,14.819328
6533,16,1024,-1,-1,-1,-1,-1,-1,0,72.040451,0.837632,72.878083
6534,16,16,-1,-1,-1,-1,-1,14.15168,1,14.194688,0.832512,15.0272
6535,16,16,-1,-1,-1,-1,-1,14.07488,1,14.143488,0.82944,14.972928
6536,16,16,-1,-1,-1,-1,-1,14.022656,1,14.065664,0.833536,14.8992
6537,16,16,-1,-1,-1,-1,-1,13.975552,1,14.041088,0.833536,14.874624
6538,16,16,-1,-1,-1,-1,-1,13.969408,1,14.026752,0.828416,14.855168
6539,16,16,-1,-1,-1,-1,-1,13.950976,1,14.015488,0.828416,14.843904
6540,16,16,-1,-1,-1,-1,-1,13.953024,1,13.996032,0.828416,14.824448
6541,16,16,-1,-1,-1,-1,-1,13.964288,1,14.007296,0.827392,14.834688
6542,16,16,-1,-1,-1,-1,-1,13.928448,1,13.971456,0.825344,14.7968
6543,16,16,-1,-1,-1,-1,-1,13.95712,1,13.999104,0.82944,14.828544
6544,16,16,-1,-1,-1,-1,-1,13.960192,1,14.02368,0.827392,14.851072
6545,16,16,-1,-1,-1,-1,-1,13.934592,1,13.9776,0.828416,14.806016
6546,16,16,-1,-1,-1,-1,-1,13.940736,1,13.983744,0.826368,14.810112
6547,16,16,-1,-1,-1,-1,-1,13.899776,1,13.956096,0.823296,14.779392
6548,16,16,-1,-1,-1,-1,-1,13.893632,1,13.93664,0.828416,14.765056
6549,16,16,-1,-1,-1,-1,-1,13.91104,1,13.976576,0.826368,14.802944
6550,16,16,-1,-1,-1,-1,-1,13.9264,1,13.96736,0.826368,14.793728
6551,16,16,-1,-1,-1,-1,-1,13.919232,1,13.983744,0.827392,14.811136
6552,16,1023,-1,-1,-1,-1,-1,-1,0,72.110077,0.838656,72.948733
6553,16,16,-1,-1,-1,-1,-1,14.195712,1,14.262272,0.83456,15.096832
6554,16,16,-1,-1,-1,-1,-1,14.091264,1,14.159872,0.830464,14.990336
6555,16,16,-1,-1,-1,-1,-1,14.029824,1,14.09536,0.828416,14.923776
6556,16,16,-1,-1,-1,-1,-1,13.989888,1,14.032896,0.82944,14.862336
6557,16,16,-1,-1,-1,-1,-1,13.94688,1,13.989888,0.827392,14.81728
6558,16,16,-1,-1,-1,-1,-1,13.935616,1,13.979648,0.82944,14.809088
6559,16,1023,-1,-1,-1,-1,-1,-1,0,71.968765,0.836608,72.805373
6560,16,2032,-1,-1,-1,-1,-1,-1,0,135.350266,0.837632,136.187898
6561,16,16,-1,-1,-1,-1,-1,14.149632,1,14.194688,0.83456,15.029248
6562,16,1024,-1,-1,-1,-1,-1,-1,0,73.967613,0.835584,74.803197
6563,16,16,-1,-1,-1,-1,-1,14.13632,1,14.179328,0.831488,15.010816
6564,16,16,-1,-1,-1,-1,-1,14.032896,1,14.075904,0.833536,14.90944
6565,16,16,-1,-1,-1,-1,-1,14.004224,1,14.06976,0.831488,14.901248
6566,16,16,-1,-1,-1,-1,-1,13.9776,1,14.021632,0.832512,14.854144
6567,16,16,-1,-1,-1,-1,-1,13.963264,1,14.029824,0.828416,14.85824
6568,16,16,-1,-1,-1,-1,-1,13.898752,1,13.940736,0.827392,14.768128
6569,16,16,-1,-1,-1,-1,-1,13.914112,1,13.970432,0.828416,14.798848
6570,16,16,-1,-1,-1,-1,-1,13.928448,1,13.993984,0.827392,14.821376
6571,16,16,-1,-1,-1,-1,-1,13.94688,1,13.990912,0.828416,14.819328
6572,16,16,-1,-1,-1,-1,-1,13.93152,1,13.974528,0.830464,14.804992
6573,16,16,-1,-1,-1,-1,-1,13.92128,1,13.964288,0.826368,14.790656
6574,16,16,-1,-1,-1,-1,-1,13.898752,1,13.94176,0.827392,14.769152
6575,16,16,-1,-1,-1,-1,-1,13.902848,1,13.943808,0.82432,14.768128
6576,16,16,-1,-1,-1,-1,-1,13.910016,1,13.976576,0.825344,14.80192
6577,16,16,-1,-1,-1,-1,-1,13.91616,1,13.958144,0.827392,14.785536
6578,16,16,-1,-1,-1,-1,-1,13.897728,1,13.961216,0.82432,14.785536
6579,16,16,-1,-1,-1,-1,-1,13.903872,1,13.94688,0.823296,14.770176
6580,16,16,-1,-1,-1,-1,-1,13.910016,1,13.953024,0.826368,14.779392
6581,16,16,-1,-1,-1,-1,-1,13.91616,1,13.980672,0.82944,14.810112
6582,16,16,-1,-1,-1,-1,-1,13.924352,1,13.96736,0.828416,14.795776
6583,16,16,-1,-1,-1,-1,-1,13.910016,1,13.975552,0.823296,14.798848
6584,16,16,-1,-1,-1,-1,-1,13.922304,1,13.964288,0.82432,14.788608
6585,16,16,-1,-1,-1,-1,-1,13.920256,1,13.984768,0.828416,14.813184
6586,16,16,-1,-1,-1,-1,-1,13.919232,1,13.984768,0.82432,14.809088
6587,16,16,-1,-1,-1,-1,-1,13.899776,1,13.94176,0.825344,14.767104
6588,16,16,-1,-1,-1,-1,-1,13.917184,1,13.959168,0.823296,14.782464
6589,16,1024,-1,-1,-1,-1,-1,-1,0,72.006653,0.835584,72.842237
6590,16,16,-1,-1,-1,-1,-1,14.16192,1,14.204928,0.831488,15.036416
6591,16,16,-1,-1,-1,-1,-1,14.09536,1,14.139392,0.828416,14.967808
6592,16,1024,-1,-1,-1,-1,-1,-1,0,72.193024,0.835584,73.028608
6593,16,16,-1,-1,-1,-1,-1,14.20288,1,14.246912,0.835584,15.082496
6594,16,16,-1,-1,-1,-1,-1,14.191616,1,14.258176,0.830464,15.08864
6595,16,16,-1,-1,-1,-1,-1,14.160896,1,14.204928,0.83456,15.039488
6596,16,16,-1,-1,-1,-1,-1,14.158848,1,14.20288,0.836608,15.039488
6597,16,16,-1,-1,-1,-1,-1,14.185472,1,14.252032,0.83456,15.086592
6598,16,16,-1,-1,-1,-1,-1,13.980672,1,14.025728,0.827392,14.85312
6599,16,16,-1,-1,-1,-1,-1,13.950976,1,14.015488,0.82944,14.844928
6600,16,16,-1,-1,-1,-1,-1,13.947904,1,13.990912,0.830464,14.821376
6601,16,16,-1,-1,-1,-1,-1,13.942784,1,14.007296,0.82944,14.836736
6602,16,16,-1,-1,-1,-1,-1,13.934592,1,14.000128,0.825344,14.825472
6603,16,16,-1,-1,-1,-1,-1,13.955072,1,13.997056,0.826368,14.823424
6604,16,16,-1,-1,-1,-1,-1,13.904896,1,13.948928,0.828416,14.777344
6605,16,1024,-1,-1,-1,-1,-1,-1,0,71.934975,0.833536,72.768511
6606,16,16,-1,-1,-1,-1,-1,14.157824,1,14.201856,0.83456,15.036416
6607,16,16,-1,-1,-1,-1,-1,14.116864,1,14.160896,0.831488,14.992384
6608,16,16,-1,-1,-1,-1,-1,14.021632,1,14.08,0.82944,14.90944
6609,16,16,-1,-1,-1,-1,-1,13.96224,1,14.005248,0.828416,14.833664
6610,16,16,-1,-1,-1,-1,-1,13.965312,1,14.029824,0.830464,14.860288
6611,16,16,-1,-1,-1,-1,-1,13.947904,1,13.990912,0.826368,14.81728
6612,16,16,-1,-1,-1,-1,-1,13.954048,1,13.997056,0.826368,14.823424
6613,16,16,-1,-1,-1,-1,-1,13.960192,1,14.024704,0.826368,14.851072
6614,16,16,-1,-1,-1,-1,-1,13.955072,1,13.997056,0.825344,14.8224
6615,16,16,-1,-1,-1,-1,-1,13.928448,1,13.991936,0.82432,14.816256
6616,16,16,-1,-1,-1,-1,-1,13.934592,1,13.9776,0.82432,14.80192
6617,16,1024,-1,-1,-1,-1,-1,-1,0,69.755905,0.833536,70.589441
6618,16,16,-1,-1,-1,-1,-1,14.145536,1,14.211072,0.833536,15.044608
6619,16,16,-1,-1,-1,-1,-1,14.112768,1,14.1568,0.833536,14.990336
6620,16,16,-1,-1,-1,-1,-1,14.060544,1,14.103552,0.831488,14.93504
6621,16,16,-1,-1,-1,-1,-1,14.009344,1,14.075904,0.828416,14.90432
6622,16,1024,-1,-1,-1,-1,-1,-1,0,72.020988,0.833536,72.854524
6623,16,1024,-1,-1,-1,-1,-1,-1,0,74.505219,0.83968,75.344899
6624,16,16,-1,-1,-1,-1,-1,14.164992,1,14.2336,0.832512,15.066112
6625,16,16,-1,-1,-1,-1,-1,14.04416,1,14.089216,0.830464,14.91968
6626,16,16,-1,-1,-1,-1,-1,14.015488,1,14.071808,0.830464,14.902272
6627,16,16,-1,-1,-1,-1,-1,13.981696,1,14.024704,0.82944,14.854144
6628,16,16,-1,-1,-1,-1,-1,13.937664,1,13.979648,0.830464,14.810112
6629,16,16,-1,-1,-1,-1,-1,13.92128,1,13.98784,0.826368,14.814208
6630,16,16,-1,-1,-1,-1,-1,13.918208,1,13.960192,0.830464,14.790656
6631,16,16,-1,-1,-1,-1,-1,13.92128,1,13.984768,0.831488,14.816256
6632,16,16,-1,-1,-1,-1,-1,13.930496,1,13.971456,0.827392,14.798848
6633,16,1024,-1,-1,-1,-1,-1,-1,0,70.926338,0.83456,71.760898
6634,16,16,-1,-1,-1,-1,-1,14.093312,1,14.158848,0.831488,14.990336
6635,16,1024,-1,-1,-1,-1,-1,-1,0,73.413635,0.838656,74.252291
6636,16,16,-1,-1,-1,-1,-1,14.148608,1,14.19264,0.838656,15.031296
6637,16,16,-1,-1,-1,-1,-1,14.106624,1,14.174208,0.832512,15.00672
6638,16,1024,-1,-1,-1,-1,-1,-1,0,72.708099,0.833536,73.541635
6639,16,16,-1,-1,-1,-1,-1,14.153728,1,14.211072,0.832512,15.043584
6640,16,16,-1,-1,-1,-1,-1,14.055424,1,14.123008,0.82944,14.952448
6641,16,16,-1,-1,-1,-1,-1,13.986816,1,14.029824,0.828416,14.85824
6642,16,16,-1,-1,-1,-1,-1,13.96736,1,14.03392,0.830464,14.864384
6643,16,16,-1,-1,-1,-1,-1,13.923328,1,13.96736,0.827392,14.794752
6644,16,16,-1,-1,-1,-1,-1,13.920256,1,13.964288,0.830464,14.794752
6645,16,16,-1,-1,-1,-1,-1,13.910016,1,13.97248,0.82944,14.80192
6646,16,16,-1,-1,-1,-1,-1,13.90592,1,13.949952,0.833536,14.783488
6647,16,16,-1,-1,-1,-1,-1,13.938688,1,13.981696,0.826368,14.808064
6648,16,16,-1,-1,-1,-1,-1,13.932544,1,13.975552,0.825344,14.800896
6649,16,16,-1,-1,-1,-1,-1,13.917184,1,13.983744,0.82432,14.808064
6650,16,16,-1,-1,-1,-1,-1,13.893632,1,13.93664,0.826368,14.763008
6651,16,16,-1,-1,-1,-1,-1,13.879296,1,13.943808,0.82944,14.773248
6652,16,16,-1,-1,-1,-1,-1,13.89568,1,13.938688,0.82432,14.763008
6653,16,16,-1,-1,-1,-1,-1,13.8752,1,13.940736,0.825344,14.76608
6654,16,16,-1,-1,-1,-1,-1,13.906944,1,13.965312,0.826368,14.79168
6655,16,16,-1,-1,-1,-1,-1,13.925376,1,13.988864,0.827392,14.816256
6656,16,16,-1,-1,-1,-1,-1,13.899776,1,13.964288,0.823296,14.787584
6657,16,16,-1,-1,-1,-1,-1,13.867008,1,13.906944,0.82432,14.731264
6658,16,16,-1,-1,-1,-1,-1,13.879296,1,13.943808,0.832512,14.77632
6659,16,1024,-1,-1,-1,-1,-1,-1,0,71.9104,0.836608,72.747008
6660,16,16,-1,-1,-1,-1,-1,14.144512,1,14.188544,0.833536,15.02208
6661,16,16,-1,-1,-1,-1,-1,14.0544,1,14.111744,0.828416,14.94016
6662,16,16,-1,-1,-1,-1,-1,13.995008,1,14.038016,0.83456,14.872576
6663,16,16,-1,-1,-1,-1,-1,13.980672,1,14.022656,0.831488,14.854144
6664,16,16,-1,-1,-1,-1,-1,13.961216,1,14.0032,0.832512,14.835712
6665,16,16,-1,-1,-1,-1,-1,13.925376,1,13.989888,0.832512,14.8224
6666,16,16,-1,-1,-1,-1,-1,13.928448,1,13.970432,0.826368,14.7968
6667,16,16,-1,-1,-1,-1,-1,13.93152,1,13.996032,0.828416,14.824448
6668,16,16,-1,-1,-1,-1,-1,13.922304,1,13.964288,0.82944,14.793728
6669,16,16,-1,-1,-1,-1,-1,13.93664,1,13.993984,0.825344,14.819328
6670,16,16,-1,-1,-1,-1,-1,13.913088,1,13.9776,0.826368,14.803968
6671,16,1023,-1,-1,-1,-1,-1,-1,0,71.996414,0.831488,72.827902
6672,16,16,-1,-1,-1,-1,-1,14.193664,1,14.25408,0.833536,15.087616
6673,16,16,-1,-1,-1,-1,-1,14.134272,1,14.179328,0.827392,15.00672
6674,16,16,-1,-1,-1,-1,-1,14.016512,1,14.081024,0.82944,14.910464
6675,16,16,-1,-1,-1,-1,-1,13.98272,1,14.046208,0.831488,14.877696
6676,16,16,-1,-1,-1,-1,-1,13.95712,1,13.999104,0.825344,14.824448
6677,16,1024,-1,-1,-1,-1,-1,-1,0,72.015869,0.83456,72.850429
6678,16,16,-1,-1,-1,-1,-1,14.198784,1,14.24384,0.835584,15.079424
6679,16,16,-1,-1,-1,-1,-1,14.113792,1,14.158848,0.837632,14.99648
6680,16,16,-1,-1,-1,-1,-1,14.178304,1,14.224384,0.832512,15.056896
6681,16,16,-1,-1,-1,-1,-1,14.060544,1,14.128128,0.827392,14.95552
6682,16,16,-1,-1,-1,-1,-1,13.961216,1,14.004224,0.82432,14.828544
6683,16,16,-1,-1,-1,-1,-1,13.922304,1,13.986816,0.825344,14.81216
6684,16,16,-1,-1,-1,-1,-1,13.95712,1,14.000128,0.830464,14.830592
6685,16,16,-1,-1,-1,-1,-1,13.935616,1,14.001152,0.831488,14.83264
6686,16,16,-1,-1,-1,-1,-1,13.939712,1,14.006272,0.830464,14.836736
6687,16,16,-1,-1,-1,-1,-1,13.94688,1,14.011392,0.825344,14.836736
6688,16,16,-1,-1,-1,-1,-1,13.918208,1,13.98272,0.827392,14.810112
6689,16,1023,-1,-1,-1,-1,-1,-1,0,70.434814,0.835584,71.270398
6690,16,1024,-1,-1,-1,-1,-1,-1,0,73.408508,0.833536,74.242044
6691,16,16,-1,-1,-1,-1,-1,14.152704,1,14.21824,0.835584,15.053824
6692,16,1024,-1,-1,-1,-1,-1,-1,0,72.955902,0.83968,73.795582
6693,16,16,-1,-1,-1,-1,-1,14.152704,1,14.21824,0.833536,15.051776
6694,16,1024,-1,-1,-1,-1,-1,-1,0,74.262527,0.833536,75.096063
6695,16,16,-1,-1,-1,-1,-1,14.125056,1,14.168064,0.83456,15.002624
6696,16,16,-1,-1,-1,-1,-1,14.029824,1,14.073856,0.830464,14.90432
6697,16,16,-1,-1,-1,-1,-1,13.995008,1,14.061568,0.82944,14.891008
6698,16,16,-1,-1,-1,-1,-1,13.94176,1,13.983744,0.836608,14.820352
6699,16,16,-1,-1,-1,-1,-1,13.920256,1,13.984768,0.82944,14.814208
6700,16,16,-1,-1,-1,-1,-1,13.934592,1,13.9776,0.828416,14.806016
6701,16,16,-1,-1,-1,-1,-1,13.919232,1,13.975552,0.827392,14.802944
6702,16,16,-1,-1,-1,-1,-1,13.93152,1,13.996032,0.82944,14.825472
6703,16,16,-1,-1,-1,-1,-1,13.923328,1,13.98784,0.82944,14.81728
6704,16,16,-1,-1,-1,-1,-1,13.910016,1,13.975552,0.837632,14.813184
6705,16,16,-1,-1,-1,-1,-1,13.932544,1,13.974528,0.827392,14.80192
6706,16,16,-1,-1,-1,-1,-1,13.889536,1,13.955072,0.828416,14.783488
6707,16,16,-1,-1,-1,-1,-1,13.901824,1,13.975552,0.823296,14.798848
6708,16,16,-1,-1,-1,-1,-1,13.877248,1,13.932544,0.826368,14.758912
6709,16,16,-1,-1,-1,-1,-1,13.903872,1,13.966336,0.82432,14.790656
6710,16,16,-1,-1,-1,-1,-1,13.896704,1,13.959168,0.826368,14.785536
6711,16,1024,-1,-1,-1,-1,-1,-1,0,72.076286,0.83968,72.915966
6712,16,16,-1,-1,-1,-1,-1,14.162944,1,14.208,0.830464,15.038464
6713,16,16,-1,-1,-1,-1,-1,14.055424,1,14.123008,0.832512,14.95552
6714,16,16,-1,-1,-1,-1,-1,13.999104,1,14.042112,0.830464,14.872576
6715,16,16,-1,-1,-1,-1,-1,13.955072,1,14.020608,0.82944,14.850048
6716,16,16,-1,-1,-1,-1,-1,13.961216,1,14.004224,0.827392,14.831616
6717,16,16,-1,-1,-1,-1,-1,13.932544,1,13.98784,0.828416,14.816256
6718,16,16,-1,-1,-1,-1,-1,13.919232,1,13.983744,0.832512,14.816256
6719,16,16,-1,-1,-1,-1,-1,13.928448,1,13.983744,0.82944,14.813184
6720,16,16,-1,-1,-1,-1,-1,13.918208,1,13.983744,0.828416,14.81216
6721,16,1024,-1,-1,-1,-1,-1,-1,0,72.0896,0.838656,72.928256
6722,16,16,-1,-1,-1,-1,-1,14.128128,1,14.193664,0.835584,15.029248
6723,16,16,-1,-1,-1,-1,-1,14.073856,1,14.142464,0.831488,14.973952
6724,16,16,-1,-1,-1,-1,-1,14.040064,1,14.104576,0.82944,14.934016
6725,16,16,-1,-1,-1,-1,-1,13.978624,1,14.043136,0.825344,14.86848
6726,16,16,-1,-1,-1,-1,-1,13.943808,1,14.007296,0.825344,14.83264
6727,16,16,-1,-1,-1,-1,-1,13.920256,1,13.984768,0.828416,14.813184
6728,16,16,-1,-1,-1,-1,-1,13.912064,1,13.953024,0.828416,14.78144
6729,16,16,-1,-1,-1,-1,-1,13.924352,1,13.990912,0.827392,14.818304
6730,16,16,-1,-1,-1,-1,-1,13.919232,1,13.96224,0.826368,14.788608
6731,16,16,-1,-1,-1,-1,-1,13.947904,1,14.011392,0.828416,14.839808
6732,16,16,-1,-1,-1,-1,-1,13.893632,1,13.935616,0.828416,14.764032
6733,16,16,-1,-1,-1,-1,-1,13.915136,1,13.979648,0.828416,14.808064
6734,16,16,-1,-1,-1,-1,-1,13.883392,1,13.948928,0.827392,14.77632
6735,16,16,-1,-1,-1,-1,-1,13.908992,1,13.97248,0.823296,14.795776
6736,16,16,-1,-1,-1,-1,-1,13.918208,1,13.983744,0.827392,14.811136
6737,16,16,-1,-1,-1,-1,-1,13.894656,1,13.95712,0.835584,14.792704
6738,16,2032,-1,-1,-1,-1,-1,-1,0,132.881409,0.846848,133.728257
6739,16,16,-1,-1,-1,-1,-1,14.225408,1,14.291968,0.846848,15.138816
6740,16,16,-1,-1,-1,-1,-1,14.092288,1,14.158848,0.832512,14.99136
6741,16,16,-1,-1,-1,-1,-1,14.026752,1,14.092288,0.841728,14.934016
6742,16,16,-1,-1,-1,-1,-1,13.99296,1,14.056448,0.830464,14.886912
6743,16,16,-1,-1,-1,-1,-1,13.958144,1,14.021632,0.82944,14.851072
6744,16,1024,-1,-1,-1,-1,-1,-1,0,71.958527,0.842752,72.801279
6745,16,16,-1,-1,-1,-1,-1,14.140416,1,14.205952,0.832512,15.038464
6746,16,1024,-1,-1,-1,-1,-1,-1,0,73.519104,0.83968,74.358784
6747,16,16,-1,-1,-1,-1,-1,14.152704,1,14.211072,0.832512,15.043584
6748,16,16,-1,-1,-1,-1,-1,14.13632,1,14.1824,0.83456,15.01696
6749,16,16,-1,-1,-1,-1,-1,14.168064,1,14.212096,0.836608,15.048704
6750,16,16,-1,-1,-1,-1,-1,14.169088,1,14.235648,0.832512,15.06816
6751,16,16,-1,-1,-1,-1,-1,13.973504,1,14.015488,0.838656,14.854144
6752,16,16,-1,-1,-1,-1,-1,13.953024,1,14.017536,0.833536,14.851072
6753,16,16,-1,-1,-1,-1,-1,13.939712,1,14.004224,0.827392,14.831616
6754,16,16,-1,-1,-1,-1,-1,13.935616,1,14.002176,0.827392,14.829568
6755,16,16,-1,-1,-1,-1,-1,13.956096,1,14.02368,0.827392,14.851072
6756,16,16,-1,-1,-1,-1,-1,13.944832,1,14.010368,0.827392,14.83776
6757,16,1024,-1,-1,-1,-1,-1,-1,0,72.330238,0.835584,73.165822
6758,16,16,-1,-1,-1,-1,-1,14.189568,1,14.255104,0.838656,15.09376
6759,16,16,-1,-1,-1,-1,-1,14.127104,1,14.185472,0.827392,15.012864
6760,16,16,-1,-1,-1,-1,-1,14.025728,1,14.091264,0.835584,14.926848
6761,16,16,-1,-1,-1,-1,-1,13.932544,1,13.99808,0.826368,14.824448
6762,16,16,-1,-1,-1,-1,-1,13.960192,1,14.022656,0.826368,14.849024
6763,16,16,-1,-1,-1,-1,-1,13.928448,1,13.991936,0.823296,14.815232
6764,16,16,-1,-1,-1,-1,-1,13.933568,1,13.975552,0.82432,14.799872
6765,16,16,-1,-1,-1,-1,-1,13.9264,1,13.96736,0.826368,14.793728
6766,16,16,-1,-1,-1,-1,-1,13.938688,1,13.981696,0.82944,14.811136
6767,16,1024,-1,-1,-1,-1,-1,-1,0,72.459267,0.836608,73.295875
6768,16,16,-1,-1,-1,-1,-1,14.189568,1,14.256128,0.833536,15.089664
6769,16,16,-1,-1,-1,-1,-1,14.070784,1,14.13632,0.82432,14.96064
6770,16,1023,-1,-1,-1,-1,-1,-1,0,72.381439,0.835584,73.217023
6771,16,16,-1,-1,-1,-1,-1,14.109696,1,14.175232,0.83456,15.009792
6772,16,16,-1,-1,-1,-1,-1,14.035968,1,14.102528,0.832512,14.93504
6773,16,16,-1,-1,-1,-1,-1,13.988864,1,14.055424,0.826368,14.881792
6774,16,1024,-1,-1,-1,-1,-1,-1,0,72.552444,0.842752,73.395196
6775,16,16,-1,-1,-1,-1,-1,14.189568,1,14.256128,0.846848,15.102976
6776,16,16,-1,-1,-1,-1,-1,14.093312,1,14.159872,0.832512,14.992384
6777,16,16,-1,-1,-1,-1,-1,13.991936,1,14.03904,0.836608,14.875648
6778,16,16,-1,-1,-1,-1,-1,13.948928,1,14.01344,0.827392,14.840832
6779,16,16,-1,-1,-1,-1,-1,13.924352,1,13.968384,0.831488,14.799872
6780,16,16,-1,-1,-1,-1,-1,13.92128,1,13.964288,0.82944,14.793728
6781,16,16,-1,-1,-1,-1,-1,13.935616,1,13.978624,0.825344,14.803968
6782,16,16,-1,-1,-1,-1,-1,13.942784,1,13.985792,0.833536,14.819328
6783,16,16,-1,-1,-1,-1,-1,13.917184,1,13.983744,0.83456,14.818304
6784,16,16,-1,-1,-1,-1,-1,13.943808,1,14.00832,0.828416,14.836736
6785,16,16,-1,-1,-1,-1,-1,13.879296,1,13.944832,0.82944,14.774272
6786,16,16,-1,-1,-1,-1,-1,13.93152,1,13.997056,0.82944,14.826496
6787,16,16,-1,-1,-1,-1,-1,13.91104,1,13.975552,0.831488,14.80704
6788,16,16,-1,-1,-1,-1,-1,13.907968,1,13.973504,0.825344,14.798848
6789,16,16,-1,-1,-1,-1,-1,13.93152,1,13.99808,0.825344,14.823424
6790,16,16,-1,-1,-1,-1,-1,13.894656,1,13.959168,0.828416,14.787584
6791,16,16,-1,-1,-1,-1,-1,13.932544,1,14.000128,0.827392,14.82752
6792,16,16,-1,-1,-1,-1,-1,13.93664,1,14.001152,0.82944,14.830592
6793,16,16,-1,-1,-1,-1,-1,13.949952,1,13.993984,0.827392,14.821376
6794,16,16,-1,-1,-1,-1,-1,13.935616,1,14.001152,0.828416,14.829568
6795,16,16,-1,-1,-1,-1,-1,13.923328,1,13.965312,0.828416,14.793728
6796,16,16,-1,-1,-1,-1,-1,13.90592,1,13.948928,0.82944,14.778368
6797,16,16,-1,-1,-1,-1,-1,13.93152,1,13.975552,0.828416,14.803968
6798,16,16,-1,-1,-1,-1,-1,13.920256,1,13.964288,0.831488,14.795776
6799,16,16,-1,-1,-1,-1,-1,13.929472,1,13.993984,0.826368,14.820352
6800,16,1024,-1,-1,-1,-1,-1,-1,0,72.313858,0.842752,73.15661
6801,16,16,-1,-1,-1,-1,-1,14.150656,1,14.217216,0.835584,15.0528
6802,16,16,-1,-1,-1,-1,-1,14.092288,1,14.160896,0.832512,14.993408
6803,16,16,-1,-1,-1,-1,-1,14.007296,1,14.072832,0.82944,14.902272
6804,16,16,-1,-1,-1,-1,-1,13.973504,1,14.03904,0.836608,14.875648
6805,16,16,-1,-1,-1,-1,-1,13.944832,1,14.010368,0.836608,14.846976
6806,16,16,-1,-1,-1,-1,-1,13.893632,1,13.960192,0.828416,14.788608
6807,16,16,-1,-1,-1,-1,-1,13.933568,1,13.999104,0.825344,14.824448
6808,16,1024,-1,-1,-1,-1,-1,-1,0,72.510468,0.836608,73.347076
6809,16,16,-1,-1,-1,-1,-1,14.15168,1,14.196736,0.835584,15.03232
6810,16,1024,-1,-1,-1,-1,-1,-1,0,73.296898,0.83456,74.131458
6811,16,1024,-1,-1,-1,-1,-1,-1,0,74.545151,0.837632,75.382783
6812,16,16,-1,-1,-1,-1,-1,14.162944,1,14.209024,0.83456,15.043584
6813,16,16,-1,-1,-1,-1,-1,14.191616,1,14.237696,0.836608,15.074304
6814,16,1024,-1,-1,-1,-1,-1,-1,0,72.880127,0.836608,73.716735
6815,16,16,-1,-1,-1,-1,-1,14.148608,1,14.215168,0.831488,15.046656
6816,16,16,-1,-1,-1,-1,-1,14.077952,1,14.145536,0.830464,14.976
6817,16,16,-1,-1,-1,-1,-1,14.020608,1,14.088192,0.832512,14.920704
6818,16,16,-1,-1,-1,-1,-1,13.934592,1,13.999104,0.828416,14.82752
6819,16,16,-1,-1,-1,-1,-1,13.901824,1,13.960192,0.830464,14.790656
6820,16,16,-1,-1,-1,-1,-1,13.919232,1,13.96224,0.827392,14.789632
6821,16,16,-1,-1,-1,-1,-1,13.940736,1,14.005248,0.827392,14.83264
6822,16,16,-1,-1,-1,-1,-1,13.919232,1,13.976576,0.825344,14.80192
6823,16,16,-1,-1,-1,-1,-1,13.923328,1,13.980672,0.828416,14.809088
6824,16,16,-1,-1,-1,-1,-1,13.915136,1,13.981696,0.82944,14.811136
6825,16,16,-1,-1,-1,-1,-1,13.956096,1,14.000128,0.83456,14.834688
6826,16,1024,-1,-1,-1,-1,-1,-1,0,71.922691,0.833536,72.756227
6827,16,16,-1,-1,-1,-1,-1,14.144512,1,14.21312,0.82944,15.04256
6828,16,16,-1,-1,-1,-1,-1,14.123008,1,14.169088,0.842752,15.01184
6829,16,16,-1,-1,-1,-1,-1,14.014464,1,14.061568,0.83456,14.896128
6830,16,16,-1,-1,-1,-1,-1,13.979648,1,14.046208,0.828416,14.874624
6831,16,16,-1,-1,-1,-1,-1,13.960192,1,14.026752,0.828416,14.855168
6832,16,16,-1,-1,-1,-1,-1,13.937664,1,13.995008,0.835584,14.830592
6833,16,16,-1,-1,-1,-1,-1,13.948928,1,14.014464,0.830464,14.844928
6834,16,16,-1,-1,-1,-1,-1,13.89568,1,13.963264,0.830464,14.793728
6835,16,16,-1,-1,-1,-1,-1,13.919232,1,13.984768,0.836608,14.821376
6836,16,1024,-1,-1,-1,-1,-1,-1,0,72.087555,0.840704,72.928259
6837,16,16,-1,-1,-1,-1,-1,14.176256,1,14.241792,0.840704,15.082496
6838,16,16,-1,-1,-1,-1,-1,14.1056,1,14.171136,0.830464,15.0016
6839,16,16,-1,-1,-1,-1,-1,14.022656,1,14.066688,0.838656,14.905344
6840,16,16,-1,-1,-1,-1,-1,13.954048,1,14.019584,0.82944,14.849024
6841,16,16,-1,-1,-1,-1,-1,13.970432,1,14.014464,0.831488,14.845952
6842,16,16,-1,-1,-1,-1,-1,13.945856,1,14.010368,0.826368,14.836736
6843,16,1024,-1,-1,-1,-1,-1,-1,0,72.333313,0.843776,73.177089
6844,16,16,-1,-1,-1,-1,-1,14.157824,1,14.204928,0.835584,15.040512
6845,16,16,-1,-1,-1,-1,-1,14.099456,1,14.144512,0.835584,14.980096
6846,16,16,-1,-1,-1,-1,-1,14.010368,1,14.077952,0.840704,14.918656
6847,16,16,-1,-1,-1,-1,-1,13.983744,1,14.051328,0.836608,14.887936
6848,16,16,-1,-1,-1,-1,-1,13.961216,1,14.0288,0.828416,14.857216
6849,16,16,-1,-1,-1,-1,-1,13.910016,1,13.955072,0.833536,14.788608
6850,16,16,-1,-1,-1,-1,-1,13.943808,1,14.011392,0.835584,14.846976
6851,16,16,-1,-1,-1,-1,-1,13.92128,1,13.985792,0.831488,14.81728
6852,16,16,-1,-1,-1,-1,-1,13.971456,1,14.038016,0.828416,14.866432
6853,16,16,-1,-1,-1,-1,-1,13.938688,1,14.004224,0.828416,14.83264
6854,16,16,-1,-1,-1,-1,-1,13.922304,1,13.989888,0.823296,14.813184
6855,16,16,-1,-1,-1,-1,-1,13.910016,1,13.952,0.83456,14.78656
6856,16,16,-1,-1,-1,-1,-1,13.929472,1,13.98784,0.827392,14.815232
6857,16,16,-1,-1,-1,-1,-1,13.914112,1,13.960192,0.82944,14.789632
6858,16,1024,-1,-1,-1,-1,-1,-1,0,71.868416,0.831488,72.699904
6859,16,16,-1,-1,-1,-1,-1,14.185472,1,14.244864,0.838656,15.08352
6860,16,16,-1,-1,-1,-1,-1,14.124032,1,14.168064,0.82944,14.997504
6861,16,16,-1,-1,-1,-1,-1,14.015488,1,14.058496,0.83456,14.893056
6862,16,16,-1,-1,-1,-1,-1,13.966336,1,14.031872,0.826368,14.85824
6863,16,16,-1,-1,-1,-1,-1,13.960192,1,14.025728,0.831488,14.857216
6864,16,16,-1,-1,-1,-1,-1,13.930496,1,13.988864,0.828416,14.81728
6865,16,16,-1,-1,-1,-1,-1,13.970432,1,14.01344,0.825344,14.838784
6866,16,1024,-1,-1,-1,-1,-1,-1,0,72.440834,0.8448,73.285634
6867,16,16,-1,-1,-1,-1,-1,14.1312,1,14.198784,0.830464,15.029248
6868,16,16,-1,-1,-1,-1,-1,14.093312,1,14.160896,0.833536,14.994432
6869,16,16,-1,-1,-1,-1,-1,13.968384,1,14.035968,0.832512,14.86848
6870,16,16,-1,-1,-1,-1,-1,14.000128,1,14.065664,0.835584,14.901248
6871,16,1024,-1,-1,-1,-1,-1,-1,0,71.95443,0.831488,72.785918
6872,16,2032,-1,-1,-1,-1,-1,-1,0,135.226364,0.838656,136.06502
6873,16,16,-1,-1,-1,-1,-1,14.178304,1,14.224384,0.837632,15.062016
6874,16,16,-1,-1,-1,-1,-1,14.174208,1,14.24384,0.835584,15.079424
6875,16,16,-1,-1,-1,-1,-1,14.058496,1,14.129152,0.830464,14.959616
6876,16,16,-1,-1,-1,-1,-1,13.975552,1,14.021632,0.831488,14.85312
6877,16,16,-1,-1,-1,-1,-1,13.938688,1,13.98272,0.826368,14.809088
6878,16,16,-1,-1,-1,-1,-1,13.934592,1,14.000128,0.826368,14.826496
6879,16,16,-1,-1,-1,-1,-1,13.928448,1,13.993984,0.828416,14.8224
6880,16,16,-1,-1,-1,-1,-1,13.9264,1,13.985792,0.828416,14.814208
6881,16,16,-1,-1,-1,-1,-1,13.943808,1,13.986816,0.827392,14.814208
6882,16,16,-1,-1,-1,-1,-1,13.935616,1,13.999104,0.825344,14.824448
6883,16,16,-1,-1,-1,-1,-1,13.913088,1,13.9776,0.825344,14.802944
6884,16,16,-1,-1,-1,-1,-1,13.927424,1,13.991936,0.826368,14.818304
6885,16,16,-1,-1,-1,-1,-1,13.917184,1,13.959168,0.826368,14.785536
6886,16,16,-1,-1,-1,-1,-1,13.888512,1,13.954048,0.827392,14.78144
6887,16,16,-1,-1,-1,-1,-1,13.910016,1,13.974528,0.830464,14.804992
6888,16,16,-1,-1,-1,-1,-1,13.902848,1,13.968384,0.823296,14.79168
6889,16,16,-1,-1,-1,-1,-1,13.929472,1,13.97248,0.825344,14.797824
6890,16,16,-1,-1,-1,-1,-1,13.923328,1,13.981696,0.831488,14.813184
6891,16,16,-1,-1,-1,-1,-1,13.899776,1,13.964288,0.831488,14.795776
6892,16,16,-1,-1,-1,-1,-1,13.935616,1,13.978624,0.826368,14.804992
6893,16,16,-1,-1,-1,-1,-1,13.904896,1,13.94688,0.826368,14.773248
6894,16,1024,-1,-1,-1,-1,-1,-1,0,71.929855,0.831488,72.761343
6895,16,16,-1,-1,-1,-1,-1,14.142464,1,14.209024,0.83968,15.048704
6896,16,1024,-1,-1,-1,-1,-1,-1,0,72.985603,0.838656,73.824259
6897,16,16,-1,-1,-1,-1,-1,14.134272,1,14.179328,0.837632,15.01696
6898,16,1024,-1,-1,-1,-1,-1,-1,0,72.864769,0.842752,73.707521
6899,16,16,-1,-1,-1,-1,-1,14.149632,1,14.194688,0.82944,15.024128
6900,16,16,-1,-1,-1,-1,-1,14.174208,1,14.240768,0.83456,15.075328
6901,16,16,-1,-1,-1,-1,-1,14.140416,1,14.185472,0.83456,15.020032
6902,16,16,-1,-1,-1,-1,-1,14.181376,1,14.227456,0.833536,15.060992
6903,16,16,-1,-1,-1,-1,-1,13.96224,1,14.027776,0.828416,14.856192
6904,16,16,-1,-1,-1,-1,-1,13.922304,1,13.988864,0.833536,14.8224
6905,16,16,-1,-1,-1,-1,-1,13.933568,1,13.975552,0.82944,14.804992
6906,16,16,-1,-1,-1,-1,-1,13.93664,1,14.001152,0.826368,14.82752
6907,16,16,-1,-1,-1,-1,-1,13.935616,1,14.001152,0.832512,14.833664
6908,16,16,-1,-1,-1,-1,-1,13.945856,1,13.990912,0.827392,14.818304
6909,16,16,-1,-1,-1,-1,-1,13.924352,1,13.96736,0.826368,14.793728
6910,16,16,-1,-1,-1,-1,-1,13.89568,1,13.961216,0.826368,14.787584
6911,16,16,-1,-1,-1,-1,-1,13.915136,1,13.95712,0.827392,14.784512
6912,16,16,-1,-1,-1,-1,-1,13.89056,1,13.95712,0.827392,14.784512
6913,16,16,-1,-1,-1,-1,-1,13.884416,1,13.927424,0.828416,14.75584
6914,16,16,-1,-1,-1,-1,-1,13.894656,1,13.960192,0.822272,14.782464
6915,16,16,-1,-1,-1,-1,-1,13.906944,1,13.948928,0.82944,14.778368
6916,16,16,-1,-1,-1,-1,-1,13.902848,1,13.966336,0.827392,14.793728
6917,16,16,-1,-1,-1,-1,-1,13.914112,1,13.956096,0.825344,14.78144
6918,16,16,-1,-1,-1,-1,-1,13.899776,1,13.942784,0.825344,14.768128
6919,16,16,-1,-1,-1,-1,-1,13.938688,1,14.004224,0.825344,14.829568
6920,16,16,-1,-1,-1,-1,-1,13.920256,1,13.985792,0.83456,14.820352
6921,16,1023,-1,-1,-1,-1,-1,-1,0,71.908356,0.83456,72.742916
6922,16,16,-1,-1,-1,-1,-1,14.188544,1,14.256128,0.840704,15.096832
6923,16,16,-1,-1,-1,-1,-1,14.16192,1,14.230528,0.832512,15.06304
6924,16,1024,-1,-1,-1,-1,-1,-1,0,74.022911,0.831488,74.854399
6925,16,16,-1,-1,-1,-1,-1,14.114816,1,14.159872,0.841728,15.0016
6926,16,16,-1,-1,-1,-1,-1,14.06464,1,14.124032,0.836608,14.96064
6927,16,16,-1,-1,-1,-1,-1,14.024704,1,14.067712,0.830464,14.898176
6928,16,16,-1,-1,-1,-1,-1,13.978624,1,14.042112,0.830464,14.872576
6929,16,16,-1,-1,-1,-1,-1,13.981696,1,14.024704,0.826368,14.851072
6930,16,1024,-1,-1,-1,-1,-1,-1,0,71.984131,0.831488,72.815619
6931,16,1024,-1,-1,-1,-1,-1,-1,0,74.687485,0.832512,75.519997
6932,16,16,-1,-1,-1,-1,-1,14.174208,1,14.240768,0.831488,15.072256
6933,16,16,-1,-1,-1,-1,-1,14.066688,1,14.112768,0.832512,14.94528
6934,16,16,-1,-1,-1,-1,-1,14.016512,1,14.062592,0.830464,14.893056
6935,16,16,-1,-1,-1,-1,-1,13.986816,1,14.04928,0.82944,14.87872
6936,16,16,-1,-1,-1,-1,-1,13.971456,1,14.036992,0.82432,14.861312
6937,16,16,-1,-1,-1,-1,-1,13.928448,1,13.971456,0.82944,14.800896
6938,16,16,-1,-1,-1,-1,-1,13.913088,1,13.979648,0.825344,14.804992
6939,16,16,-1,-1,-1,-1,-1,13.919232,1,13.975552,0.836608,14.81216
6940,16,1024,-1,-1,-1,-1,-1,-1,0,72.206337,0.837632,73.043969
6941,16,16,-1,-1,-1,-1,-1,14.144512,1,14.18752,0.83968,15.0272
6942,16,16,-1,-1,-1,-1,-1,14.097408,1,14.162944,0.826368,14.989312
6943,16,16,-1,-1,-1,-1,-1,14.00832,1,14.052352,0.828416,14.880768
6944,16,16,-1,-1,-1,-1,-1,13.986816,1,14.051328,0.82944,14.880768
6945,16,16,-1,-1,-1,-1,-1,13.919232,1,13.964288,0.827392,14.79168
6946,16,16,-1,-1,-1,-1,-1,13.935616,1,14.001152,0.826368,14.82752
6947,16,16,-1,-1,-1,-1,-1,13.924352,1,13.990912,0.830464,14.821376
6948,16,16,-1,-1,-1,-1,-1,13.9264,1,13.991936,0.82944,14.821376
6949,16,16,-1,-1,-1,-1,-1,13.923328,1,13.96736,0.827392,14.794752
6950,16,1024,-1,-1,-1,-1,-1,-1,0,72.006653,0.833536,72.840189
6951,16,16,-1,-1,-1,-1,-1,14.164992,1,14.231552,0.842752,15.074304
6952,16,16,-1,-1,-1,-1,-1,14.091264,1,14.149632,0.832512,14.982144
6953,16,16,-1,-1,-1,-1,-1,14.0288,1,14.073856,0.838656,14.912512
6954,16,16,-1,-1,-1,-1,-1,13.981696,1,14.047232,0.83456,14.881792
6955,16,16,-1,-1,-1,-1,-1,13.942784,1,13.99808,0.82944,14.82752
6956,16,16,-1,-1,-1,-1,-1,13.937664,1,13.996032,0.82944,14.825472
6957,16,16,-1,-1,-1,-1,-1,13.937664,1,13.980672,0.831488,14.81216
6958,16,16,-1,-1,-1,-1,-1,13.908992,1,13.97248,0.83456,14.80704
6959,16,1024,-1,-1,-1,-1,-1,-1,0,71.891968,0.836608,72.728576
6960,16,16,-1,-1,-1,-1,-1,14.155776,1,14.222336,0.830464,15.0528
6961,16,16,-1,-1,-1,-1,-1,14.06464,1,14.106624,0.833536,14.94016
6962,16,16,-1,-1,-1,-1,-1,14.007296,1,14.072832,0.83456,14.907392
6963,16,16,-1,-1,-1,-1,-1,13.986816,1,14.050304,0.83456,14.884864
6964,16,16,-1,-1,-1,-1,-1,13.984768,1,14.0288,0.827392,14.856192
6965,16,16,-1,-1,-1,-1,-1,13.947904,1,13.991936,0.828416,14.820352
6966,16,16,-1,-1,-1,-1,-1,13.974528,1,14.040064,0.828416,14.86848
6967,16,16,-1,-1,-1,-1,-1,13.952,1,14.016512,0.827392,14.843904
6968,16,16,-1,-1,-1,-1,-1,13.988864,1,14.055424,0.831488,14.886912
6969,16,16,-1,-1,-1,-1,-1,13.93152,1,13.974528,0.827392,14.80192
6970,16,16,-1,-1,-1,-1,-1,13.93152,1,13.990912,0.826368,14.81728
6971,16,16,-1,-1,-1,-1,-1,13.898752,1,13.964288,0.833536,14.797824
6972,16,1024,-1,-1,-1,-1,-1,-1,0,72.039421,0.8448,72.884221
6973,16,16,-1,-1,-1,-1,-1,14.208,1,14.251008,0.841728,15.092736
6974,16,16,-1,-1,-1,-1,-1,14.082048,1,14.150656,0.830464,14.98112
6975,16,16,-1,-1,-1,-1,-1,14.010368,1,14.077952,0.82944,14.907392
6976,16,16,-1,-1,-1,-1,-1,13.979648,1,14.04416,0.835584,14.879744
6977,16,16,-1,-1,-1,-1,-1,13.959168,1,14.0032,0.828416,14.831616
6978,16,16,-1,-1,-1,-1,-1,13.971456,1,14.038016,0.837632,14.875648
6979,16,16,-1,-1,-1,-1,-1,13.96224,1,14.026752,0.826368,14.85312
6980,16,16,-1,-1,-1,-1,-1,13.948928,1,13.993984,0.827392,14.821376
6981,16,16,-1,-1,-1,-1,-1,13.952,1,13.996032,0.830464,14.826496
6982,16,16,-1,-1,-1,-1,-1,13.93152,1,13.997056,0.825344,14.8224
6983,16,16,-1,-1,-1,-1,-1,13.93664,1,14.002176,0.826368,14.828544
6984,16,16,-1,-1,-1,-1,-1,13.917184,1,13.98272,0.826368,14.809088
6985,16,1024,-1,-1,-1,-1,-1,-1,0,71.940094,0.835584,72.775678
6986,16,16,-1,-1,-1,-1,-1,14.179328,1,14.247936,0.828416,15.076352
6987,16,16,-1,-1,-1,-1,-1,14.05952,1,14.106624,0.83456,14.941184
6988,16,16,-1,-1,-1,-1,-1,14.02368,1,14.091264,0.827392,14.918656
6989,16,16,-1,-1,-1,-1,-1,13.99296,1,14.038016,0.828416,14.866432
6990,16,16,-1,-1,-1,-1,-1,13.96224,1,14.030848,0.825344,14.856192
6991,16,1024,-1,-1,-1,-1,-1,-1,0,72.159233,0.841728,73.000961
6992,16,16,-1,-1,-1,-1,-1,14.16192,1,14.227456,0.83456,15.062016
6993,16,16,-1,-1,-1,-1,-1,14.114816,1,14.16192,0.830464,14.992384
6994,16,16,-1,-1,-1,-1,-1,14.03392,1,14.103552,0.832512,14.936064
6995,16,16,-1,-1,-1,-1,-1,13.980672,1,14.048256,0.838656,14.886912
6996,16,16,-1,-1,-1,-1,-1,13.968384,1,14.012416,0.825344,14.83776
6997,16,16,-1,-1,-1,-1,-1,13.930496,1,13.974528,0.836608,14.811136
6998,16,1024,-1,-1,-1,-1,-1,-1,0,72.454147,0.837632,73.291779
6999,16,16,-1,-1,-1,-1,-1,14.125056,1,14.171136,0.832512,15.003648
7000,16,1023,-1,-1,-1,-1,-1,-1,0,73.310211,0.845824,74.156035
7001,16,16,-1,-1,-1,-1,-1,14.150656,1,14.220288,0.846848,15.067136
7002,16,16,-1,-1,-1,-1,-1,14.021632,1,14.087168,0.833536,14.920704
7003,16,16,-1,-1,-1,-1,-1,14.015488,1,14.058496,0.841728,14.900224
7004,16,16,-1,-1,-1,-1,-1,13.996032,1,14.062592,0.833536,14.896128
7005,16,1024,-1,-1,-1,-1,-1,-1,0,72.300545,0.836608,73.137153
7006,16,16,-1,-1,-1,-1,-1,14.186496,1,14.247936,0.83456,15.082496
7007,16,16,-1,-1,-1,-1,-1,14.130176,1,14.196736,0.832512,15.029248
7008,16,16,-1,-1,-1,-1,-1,14.024704,1,14.089216,0.828416,14.917632
7009,16,16,-1,-1,-1,-1,-1,13.956096,1,14.000128,0.827392,14.82752
7010,16,16,-1,-1,-1,-1,-1,13.960192,1,14.027776,0.826368,14.854144
7011,16,16,-1,-1,-1,-1,-1,13.907968,1,13.973504,0.831488,14.804992
7012,16,16,-1,-1,-1,-1,-1,13.925376,1,13.969408,0.830464,14.799872
7013,16,16,-1,-1,-1,-1,-1,13.917184,1,13.961216,0.831488,14.792704
7014,16,16,-1,-1,-1,-1,-1,13.947904,1,14.015488,0.82432,14.839808
7015,16,16,-1,-1,-1,-1,-1,13.952,1,13.996032,0.82944,14.825472
7016,16,16,-1,-1,-1,-1,-1,13.8752,1,13.918208,0.82944,14.747648
7017,16,1023,-1,-1,-1,-1,-1,-1,0,72.007683,0.833536,72.841219
7018,16,16,-1,-1,-1,-1,-1,14.129152,1,14.196736,0.836608,15.033344
7019,16,16,-1,-1,-1,-1,-1,14.112768,1,14.157824,0.83456,14.992384
7020,16,16,-1,-1,-1,-1,-1,14.006272,1,14.072832,0.82944,14.902272
7021,16,16,-1,-1,-1,-1,-1,13.993984,1,14.060544,0.828416,14.88896
7022,16,16,-1,-1,-1,-1,-1,13.934592,1,13.999104,0.82432,14.823424
7023,16,16,-1,-1,-1,-1,-1,13.944832,1,14.010368,0.828416,14.838784
7024,16,1024,-1,-1,-1,-1,-1,-1,0,72.027138,0.833536,72.860674
7025,16,16,-1,-1,-1,-1,-1,14.137344,1,14.1824,0.83456,15.01696
7026,16,16,-1,-1,-1,-1,-1,14.09536,1,14.159872,0.830464,14.990336
7027,16,16,-1,-1,-1,-1,-1,13.961216,1,14.025728,0.827392,14.85312
7028,16,16,-1,-1,-1,-1,-1,13.98784,1,14.030848,0.830464,14.861312
7029,16,16,-1,-1,-1,-1,-1,13.975552,1,14.019584,0.82944,14.849024
7030,16,16,-1,-1,-1,-1,-1,13.932544,1,13.99808,0.827392,14.825472
7031,16,16,-1,-1,-1,-1,-1,13.93664,1,13.981696,0.833536,14.815232
7032,16,16,-1,-1,-1,-1,-1,13.959168,1,14.001152,0.827392,14.828544
7033,16,16,-1,-1,-1,-1,-1,13.938688,1,14.005248,0.825344,14.830592
7034,16,16,-1,-1,-1,-1,-1,13.943808,1,14.011392,0.827392,14.838784
7035,16,16,-1,-1,-1,-1,-1,13.945856,1,13.989888,0.825344,14.815232
7036,16,1024,-1,-1,-1,-1,-1,-1,0,71.840767,0.846848,72.687615
7037,16,16,-1,-1,-1,-1,-1,14.173184,1,14.239744,0.831488,15.071232
7038,16,1024,-1,-1,-1,-1,-1,-1,0,72.829948,0.830464,73.660412
7039,16,16,-1,-1,-1,-1,-1,14.144512,1,14.210048,0.825344,15.035392
7040,16,16,-1,-1,-1,-1,-1,14.109696,1,14.175232,0.831488,15.00672
7041,16,1024,-1,-1,-1,-1,-1,-1,0,72.506371,0.841728,73.348099
7042,16,16,-1,-1,-1,-1,-1,14.166016,1,14.230528,0.836608,15.067136
7043,16,16,-1,-1,-1,-1,-1,14.108672,1,14.175232,0.831488,15.00672
7044,16,16,-1,-1,-1,-1,-1,14.03904,1,14.083072,0.82944,14.912512
7045,16,16,-1,-1,-1,-1,-1,13.968384,1,14.011392,0.833536,14.844928
7046,16,16,-1,-1,-1,-1,-1,13.966336,1,14.032896,0.827392,14.860288
7047,16,16,-1,-1,-1,-1,-1,13.927424,1,13.971456,0.828416,14.799872
7048,16,1024,-1,-1,-1,-1,-1,-1,0,72.288254,0.830464,73.118718
7049,16,16,-1,-1,-1,-1,-1,14.130176,1,14.189568,0.832512,15.02208
7050,16,16,-1,-1,-1,-1,-1,14.086144,1,14.152704,0.82944,14.982144
7051,16,16,-1,-1,-1,-1,-1,14.014464,1,14.056448,0.827392,14.88384
7052,16,16,-1,-1,-1,-1,-1,13.938688,1,14.005248,0.825344,14.830592
7053,16,16,-1,-1,-1,-1,-1,13.932544,1,13.996032,0.823296,14.819328
7054,16,16,-1,-1,-1,-1,-1,13.914112,1,13.976576,0.825344,14.80192
7055,16,16,-1,-1,-1,-1,-1,13.924352,1,13.989888,0.828416,14.818304
7056,16,16,-1,-1,-1,-1,-1,13.940736,1,14.006272,0.826368,14.83264
7057,16,16,-1,-1,-1,-1,-1,13.933568,1,13.996032,0.82432,14.820352
7058,16,16,-1,-1,-1,-1,-1,13.93152,1,13.974528,0.823296,14.797824
7059,16,16,-1,-1,-1,-1,-1,13.9008,1,13.965312,0.82432,14.789632
7060,16,16,-1,-1,-1,-1,-1,13.876224,1,13.918208,0.823296,14.741504
7061,16,16,-1,-1,-1,-1,-1,13.90592,1,13.948928,0.823296,14.772224
7062,16,16,-1,-1,-1,-1,-1,13.902848,1,13.960192,0.827392,14.787584
7063,16,16,-1,-1,-1,-1,-1,13.869056,1,13.91104,0.826368,14.737408
7064,16,1024,-1,-1,-1,-1,-1,-1,0,71.860222,0.836608,72.69683
7065,16,16,-1,-1,-1,-1,-1,14.181376,1,14.246912,0.833536,15.080448
7066,16,16,-1,-1,-1,-1,-1,14.024704,1,14.089216,0.833536,14.922752
7067,16,16,-1,-1,-1,-1,-1,13.99808,1,14.041088,0.831488,14.872576
7068,16,16,-1,-1,-1,-1,-1,13.963264,1,14.029824,0.830464,14.860288
7069,16,16,-1,-1,-1,-1,-1,13.954048,1,14.01856,0.833536,14.852096
7070,16,16,-1,-1,-1,-1,-1,13.937664,1,14.002176,0.827392,14.829568
7071,16,16,-1,-1,-1,-1,-1,13.925376,1,13.991936,0.830464,14.8224
7072,16,16,-1,-1,-1,-1,-1,13.923328,1,13.98784,0.830464,14.818304
7073,16,1024,-1,-1,-1,-1,-1,-1,0,72.264702,0.830464,73.095166
7074,16,16,-1,-1,-1,-1,-1,14.154752,1,14.198784,0.831488,15.030272
7075,16,1024,-1,-1,-1,-1,-1,-1,0,73.338882,0.838656,74.177538
7076,16,16,-1,-1,-1,-1,-1,14.168064,1,14.212096,0.833536,15.045632
7077,16,16,-1,-1,-1,-1,-1,14.073856,1,14.117888,0.831488,14.949376
7078,16,16,-1,-1,-1,-1,-1,14.012416,1,14.076928,0.832512,14.90944
7079,16,16,-1,-1,-1,-1,-1,13.97248,1,14.016512,0.833536,14.850048
7080,16,16,-1,-1,-1,-1,-1,13.956096,1,14.022656,0.831488,14.854144
7081,16,16,-1,-1,-1,-1,-1,13.943808,1,14.000128,0.827392,14.82752
7082,16,16,-1,-1,-1,-1,-1,13.930496,1,13.995008,0.82432,14.819328
7083,16,16,-1,-1,-1,-1,-1,13.920256,1,13.963264,0.82432,14.787584
7084,16,16,-1,-1,-1,-1,-1,13.929472,1,13.996032,0.826368,14.8224
7085,16,16,-1,-1,-1,-1,-1,13.95712,1,14.021632,0.828416,14.850048
7086,16,16,-1,-1,-1,-1,-1,13.910016,1,13.965312,0.828416,14.793728
7087,16,16,-1,-1,-1,-1,-1,13.896704,1,13.961216,0.826368,14.787584
7088,16,16,-1,-1,-1,-1,-1,13.901824,1,13.956096,0.826368,14.782464
7089,16,16,-1,-1,-1,-1,-1,13.879296,1,13.943808,0.828416,14.772224
7090,16,16,-1,-1,-1,-1,-1,13.897728,1,13.939712,0.831488,14.7712
7091,16,16,-1,-1,-1,-1,-1,13.920256,1,13.983744,0.825344,14.809088
7092,16,16,-1,-1,-1,-1,-1,13.913088,1,13.956096,0.827392,14.783488
7093,16,1024,-1,-1,-1,-1,-1,-1,0,72.383492,0.830464,73.213956
7094,16,16,-1,-1,-1,-1,-1,14.185472,1,14.252032,0.828416,15.080448
7095,16,16,-1,-1,-1,-1,-1,14.009344,1,14.053376,0.828416,14.881792
7096,16,1024,-1,-1,-1,-1,-1,-1,0,72.41626,0.836608,73.252868
7097,16,16,-1,-1,-1,-1,-1,14.178304,1,14.244864,0.83456,15.079424
7098,16,16,-1,-1,-1,-1,-1,14.116864,1,14.1824,0.836608,15.019008
7099,16,16,-1,-1,-1,-1,-1,14.025728,1,14.070784,0.82944,14.900224
7100,16,1024,-1,-1,-1,-1,-1,-1,0,71.951363,0.830464,72.781827
7101,16,16,-1,-1,-1,-1,-1,14.174208,1,14.240768,0.835584,15.076352
7102,16,16,-1,-1,-1,-1,-1,14.046208,1,14.112768,0.831488,14.944256
7103,16,16,-1,-1,-1,-1,-1,14.052352,1,14.116864,0.82944,14.946304
7104,16,16,-1,-1,-1,-1,-1,14.0032,1,14.067712,0.827392,14.895104
7105,16,16,-1,-1,-1,-1,-1,13.964288,1,14.030848,0.828416,14.859264
7106,16,16,-1,-1,-1,-1,-1,13.91616,1,13.959168,0.825344,14.784512
7107,16,16,-1,-1,-1,-1,-1,13.947904,1,14.012416,0.827392,14.839808
7108,16,16,-1,-1,-1,-1,-1,13.95712,1,13.999104,0.822272,14.821376
7109,16,16,-1,-1,-1,-1,-1,13.929472,1,13.993984,0.827392,14.821376
7110,16,16,-1,-1,-1,-1,-1,13.940736,1,14.004224,0.825344,14.829568
7111,16,16,-1,-1,-1,-1,-1,13.923328,1,13.966336,0.823296,14.789632
7112,16,2032,-1,-1,-1,-1,-1,-1,0,134.21875,0.838656,135.057406
7113,16,16,-1,-1,-1,-1,-1,14.188544,1,14.2336,0.836608,15.070208
7114,16,16,-1,-1,-1,-1,-1,14.123008,1,14.191616,0.828416,15.020032
7115,16,16,-1,-1,-1,-1,-1,14.051328,1,14.094336,0.827392,14.921728
7116,16,16,-1,-1,-1,-1,-1,13.986816,1,14.052352,0.827392,14.879744
7117,16,16,-1,-1,-1,-1,-1,13.94176,1,14.005248,0.828416,14.833664
7118,16,16,-1,-1,-1,-1,-1,13.922304,1,13.985792,0.82944,14.815232
7119,16,16,-1,-1,-1,-1,-1,13.937664,1,13.980672,0.828416,14.809088
7120,16,16,-1,-1,-1,-1,-1,13.913088,1,13.974528,0.82432,14.798848
7121,16,16,-1,-1,-1,-1,-1,13.919232,1,13.984768,0.826368,14.811136
7122,16,16,-1,-1,-1,-1,-1,13.928448,1,13.971456,0.826368,14.797824
7123,16,16,-1,-1,-1,-1,-1,13.90592,1,13.969408,0.82432,14.793728
7124,16,16,-1,-1,-1,-1,-1,13.914112,1,13.95712,0.823296,14.780416
7125,16,16,-1,-1,-1,-1,-1,13.9264,1,13.981696,0.825344,14.80704
7126,16,16,-1,-1,-1,-1,-1,13.889536,1,13.943808,0.826368,14.770176
7127,16,16,-1,-1,-1,-1,-1,13.908992,1,13.952,0.822272,14.774272
7128,16,16,-1,-1,-1,-1,-1,13.904896,1,13.970432,0.823296,14.793728
7129,16,1023,-1,-1,-1,-1,-1,-1,0,71.705597,0.836608,72.542205
7130,16,1023,-1,-1,-1,-1,-1,-1,0,74.429443,0.83456,75.264003
7131,16,16,-1,-1,-1,-1,-1,14.153728,1,14.220288,0.83456,15.054848
7132,16,16,-1,-1,-1,-1,-1,14.077952,1,14.14656,0.833536,14.980096
7133,16,16,-1,-1,-1,-1,-1,14.040064,1,14.084096,0.830464,14.91456
7134,16,16,-1,-1,-1,-1,-1,14.000128,1,14.065664,0.826368,14.892032
7135,16,16,-1,-1,-1,-1,-1,13.969408,1,14.01344,0.83456,14.848
7136,16,16,-1,-1,-1,-1,-1,13.953024,1,14.017536,0.827392,14.844928
7137,16,16,-1,-1,-1,-1,-1,13.9264,1,13.991936,0.826368,14.818304
7138,16,16,-1,-1,-1,-1,-1,13.96224,1,14.004224,0.827392,14.831616
7139,16,16,-1,-1,-1,-1,-1,13.949952,1,14.01344,0.825344,14.838784
7140,16,16,-1,-1,-1,-1,-1,13.959168,1,14.004224,0.830464,14.834688
7141,16,16,-1,-1,-1,-1,-1,13.94688,1,14.004224,0.826368,14.830592
7142,16,1024,-1,-1,-1,-1,-1,-1,0,71.990273,0.843776,72.834049
7143,16,16,-1,-1,-1,-1,-1,14.169088,1,14.21312,0.843776,15.056896
7144,16,16,-1,-1,-1,-1,-1,14.119936,1,14.189568,0.831488,15.021056
7145,16,16,-1,-1,-1,-1,-1,14.03904,1,14.083072,0.836608,14.91968
7146,16,16,-1,-1,-1,-1,-1,13.964288,1,14.031872,0.828416,14.860288
7147,16,16,-1,-1,-1,-1,-1,13.948928,1,14.014464,0.835584,14.850048
7148,16,16,-1,-1,-1,-1,-1,13.917184,1,13.984768,0.82944,14.814208
7149,16,16,-1,-1,-1,-1,-1,13.94176,1,13.985792,0.827392,14.813184
7150,16,16,-1,-1,-1,-1,-1,13.940736,1,14.007296,0.827392,14.834688
7151,16,16,-1,-1,-1,-1,-1,13.94688,1,13.991936,0.828416,14.820352
7152,16,1024,-1,-1,-1,-1,-1,-1,0,72.113152,0.836608,72.94976
7153,16,16,-1,-1,-1,-1,-1,14.184448,1,14.255104,0.840704,15.095808
7154,16,1024,-1,-1,-1,-1,-1,-1,0,73.279488,0.83456,74.114048
7155,16,16,-1,-1,-1,-1,-1,14.125056,1,14.191616,0.830464,15.02208
7156,16,16,-1,-1,-1,-1,-1,14.043136,1,14.087168,0.827392,14.91456
7157,16,16,-1,-1,-1,-1,-1,13.99296,1,14.058496,0.833536,14.892033
7158,16,16,-1,-1,-1,-1,-1,13.966336,1,14.030848,0.826368,14.857216
7159,16,16,-1,-1,-1,-1,-1,13.968384,1,14.010368,0.82944,14.839808
7160,16,16,-1,-1,-1,-1,-1,13.923328,1,13.98784,0.823296,14.811136
7161,16,1024,-1,-1,-1,-1,-1,-1,0,72.16333,0.833536,72.996866
7162,16,16,-1,-1,-1,-1,-1,14.149632,1,14.215168,0.832512,15.04768
7163,16,16,-1,-1,-1,-1,-1,14.060544,1,14.12608,0.832512,14.958592
7164,16,16,-1,-1,-1,-1,-1,14.015488,1,14.084096,0.82944,14.913536
7165,16,16,-1,-1,-1,-1,-1,13.995008,1,14.038016,0.830464,14.86848
7166,16,16,-1,-1,-1,-1,-1,13.978624,1,14.041088,0.827392,14.86848
7167,16,16,-1,-1,-1,-1,-1,13.90592,1,13.948928,0.82432,14.773248
7168,16,16,-1,-1,-1,-1,-1,13.923328,1,13.985792,0.823296,14.809088
7169,16,16,-1,-1,-1,-1,-1,13.874176,1,13.938688,0.82432,14.763008
7170,16,1024,-1,-1,-1,-1,-1,-1,0,72.524803,0.836608,73.361411
7171,16,16,-1,-1,-1,-1,-1,14.142464,1,14.208,0.835584,15.043584
7172,16,16,-1,-1,-1,-1,-1,14.06464,1,14.109696,0.830464,14.94016
7173,16,16,-1,-1,-1,-1,-1,13.986816,1,14.050304,0.827392,14.877696
7174,16,16,-1,-1,-1,-1,-1,13.930496,1,13.993984,0.82944,14.823424
7175,16,1024,-1,-1,-1,-1,-1,-1,0,71.896065,0.833536,72.729601
7176,16,16,-1,-1,-1,-1,-1,14.12096,1,14.18752,0.82944,15.01696
7177,16,16,-1,-1,-1,-1,-1,14.066688,1,14.132224,0.826368,14.958592
7178,16,16,-1,-1,-1,-1,-1,13.9776,1,14.032896,0.827392,14.860288
7179,16,16,-1,-1,-1,-1,-1,13.956096,1,14.020608,0.826368,14.846976
7180,16,16,-1,-1,-1,-1,-1,13.95712,1,14.014464,0.827392,14.841856
7181,16,16,-1,-1,-1,-1,-1,13.912064,1,13.955072,0.826368,14.78144
7182,16,16,-1,-1,-1,-1,-1,13.955072,1,13.997056,0.826368,14.823424
7183,16,16,-1,-1,-1,-1,-1,13.894656,1,13.937664,0.82432,14.761984
7184,16,16,-1,-1,-1,-1,-1,13.944832,1,14.001152,0.826368,14.82752
7185,16,16,-1,-1,-1,-1,-1,13.942784,1,14.00832,0.827392,14.835712
7186,16,16,-1,-1,-1,-1,-1,13.906944,1,13.964288,0.826368,14.790656
7187,16,1024,-1,-1,-1,-1,-1,-1,0,71.773186,0.833536,72.606722
7188,16,16,-1,-1,-1,-1,-1,14.134272,1,14.178304,0.837632,15.015936
7189,16,16,-1,-1,-1,-1,-1,14.058496,1,14.123008,0.833536,14.956544
7190,16,16,-1,-1,-1,-1,-1,14.016512,1,14.081024,0.830464,14.911488
7191,16,16,-1,-1,-1,-1,-1,13.995008,1,14.05952,0.832512,14.892032
7192,16,16,-1,-1,-1,-1,-1,13.975552,1,14.041088,0.830464,14.871552
7193,16,16,-1,-1,-1,-1,-1,13.955072,1,14.01856,0.828416,14.846976
7194,16,16,-1,-1,-1,-1,-1,13.940736,1,14.005248,0.828416,14.833664
7195,16,16,-1,-1,-1,-1,-1,13.925376,1,13.988864,0.827392,14.816256
7196,16,16,-1,-1,-1,-1,-1,13.920256,1,13.985792,0.825344,14.811136
7197,16,16,-1,-1,-1,-1,-1,13.920256,1,13.961216,0.826368,14.787584
7198,16,16,-1,-1,-1,-1,-1,13.942784,1,13.984768,0.825344,14.810112
7199,16,16,-1,-1,-1,-1,-1,13.912064,1,13.954048,0.827392,14.78144
7200,16,16,-1,-1,-1,-1,-1,13.898752,1,13.96224,0.825344,14.787584
7201,16,16,-1,-1,-1,-1,-1,13.894656,1,13.949952,0.82432,14.774272
7202,16,16,-1,-1,-1,-1,-1,13.922304,1,13.98784,0.825344,14.813184
7203,16,16,-1,-1,-1,-1,-1,13.896704,1,13.961216,0.82432,14.785536
7204,16,16,-1,-1,-1,-1,-1,13.899776,1,13.942784,0.82944,14.772224
7205,16,16,-1,-1,-1,-1,-1,13.915136,1,13.978624,0.826368,14.804992
7206,16,16,-1,-1,-1,-1,-1,13.892608,1,13.955072,0.827392,14.782464
7207,16,16,-1,-1,-1,-1,-1,13.893632,1,13.95712,0.825344,14.782464
7208,16,16,-1,-1,-1,-1,-1,13.9008,1,13.958144,0.827392,14.785536
7209,16,2032,-1,-1,-1,-1,-1,-1,0,132.628479,0.838656,133.467135
7210,16,1024,-1,-1,-1,-1,-1,-1,0,75.056129,0.833536,75.889665
7211,16,16,-1,-1,-1,-1,-1,14.204928,1,14.270464,0.83456,15.105024
7212,16,16,-1,-1,-1,-1,-1,14.135296,1,14.194688,0.827392,15.02208
7213,16,16,-1,-1,-1,-1,-1,14.034944,1,14.077952,0.826368,14.90432
7214,16,16,-1,-1,-1,-1,-1,13.956096,1,13.999104,0.82432,14.823424
7215,16,16,-1,-1,-1,-1,-1,13.955072,1,13.997056,0.825344,14.8224
7216,16,16,-1,-1,-1,-1,-1,13.955072,1,14.019584,0.826368,14.845952
7217,16,16,-1,-1,-1,-1,-1,13.94688,1,13.989888,0.827392,14.81728
7218,16,16,-1,-1,-1,-1,-1,13.959168,1,14.024704,0.825344,14.850048
7219,16,16,-1,-1,-1,-1,-1,13.922304,1,13.985792,0.827392,14.813184
7220,16,16,-1,-1,-1,-1,-1,13.95712,1,14.000128,0.82432,14.824448
7221,16,16,-1,-1,-1,-1,-1,13.948928,1,13.990912,0.823296,14.814208
7222,16,16,-1,-1,-1,-1,-1,13.906944,1,13.971456,0.823296,14.794752
7223,16,16,-1,-1,-1,-1,-1,13.924352,1,13.98784,0.82432,14.81216
7224,16,16,-1,-1,-1,-1,-1,13.888512,1,13.952,0.826368,14.778368
7225,16,16,-1,-1,-1,-1,-1,13.913088,1,13.978624,0.826368,14.804992
7226,16,16,-1,-1,-1,-1,-1,13.913088,1,13.9776,0.82432,14.80192
7227,16,1024,-1,-1,-1,-1,-1,-1,0,72.186882,0.833536,73.020418
7228,16,16,-1,-1,-1,-1,-1,14.19264,1,14.236672,0.83456,15.071232
7229,16,16,-1,-1,-1,-1,-1,14.055424,1,14.10048,0.831488,14.931968
7230,16,1024,-1,-1,-1,-1,-1,-1,0,72.822784,0.835584,73.658368
7231,16,16,-1,-1,-1,-1,-1,14.1568,1,14.201856,0.82944,15.031296
7232,16,1024,-1,-1,-1,-1,-1,-1,0,72.782845,0.833536,73.616381
7233,16,16,-1,-1,-1,-1,-1,14.112768,1,14.154752,0.835584,14.990336
7234,16,16,-1,-1,-1,-1,-1,14.140416,1,14.208,0.833536,15.041536
7235,16,16,-1,-1,-1,-1,-1,14.0544,1,14.118912,0.82944,14.948352
7236,16,16,-1,-1,-1,-1,-1,13.984768,1,14.0288,0.832512,14.861312
7237,16,16,-1,-1,-1,-1,-1,13.969408,1,14.012416,0.827392,14.839808
7238,16,16,-1,-1,-1,-1,-1,13.964288,1,14.027776,0.826368,14.854144
7239,16,16,-1,-1,-1,-1,-1,13.933568,1,13.999104,0.82944,14.828544
7240,16,16,-1,-1,-1,-1,-1,13.935616,1,14.000128,0.830464,14.830592
7241,16,16,-1,-1,-1,-1,-1,13.942784,1,14.00832,0.827392,14.835712
7242,16,16,-1,-1,-1,-1,-1,13.907968,1,13.973504,0.82432,14.797824
7243,16,16,-1,-1,-1,-1,-1,13.908992,1,13.966336,0.827392,14.793728
7244,16,16,-1,-1,-1,-1,-1,13.892608,1,13.935616,0.822272,14.757888
7245,16,16,-1,-1,-1,-1,-1,13.928448,1,13.970432,0.827392,14.797824
7246,16,16,-1,-1,-1,-1,-1,13.925376,1,13.981696,0.827392,14.809088
7247,16,1024,-1,-1,-1,-1,-1,-1,0,71.875587,0.83456,72.710147
7248,16,1024,-1,-1,-1,-1,-1,-1,0,74.434563,0.835584,75.270147
7249,16,16,-1,-1,-1,-1,-1,14.178304,1,14.221312,0.828416,15.049728
7250,16,16,-1,-1,-1,-1,-1,14.045184,1,14.109696,0.830464,14.94016
7251,16,16,-1,-1,-1,-1,-1,14.022656,1,14.088192,0.832512,14.920704
7252,16,16,-1,-1,-1,-1,-1,13.989888,1,14.032896,0.828416,14.861312
7253,16,1023,-1,-1,-1,-1,-1,-1,0,72.059906,0.836608,72.896514
7254,16,16,-1,-1,-1,-1,-1,14.176256,1,14.235648,0.831488,15.067136
7255,16,16,-1,-1,-1,-1,-1,14.087168,1,14.152704,0.832512,14.985216
7256,16,16,-1,-1,-1,-1,-1,14.043136,1,14.086144,0.828416,14.91456
7257,16,16,-1,-1,-1,-1,-1,13.991936,1,14.057472,0.830464,14.887936
7258,16,16,-1,-1,-1,-1,-1,13.954048,1,14.01856,0.82944,14.848
7259,16,16,-1,-1,-1,-1,-1,13.925376,1,13.979648,0.827392,14.80704
7260,16,16,-1,-1,-1,-1,-1,13.955072,1,13.996032,0.826368,14.8224
7261,16,16,-1,-1,-1,-1,-1,13.942784,1,13.984768,0.82432,14.809088
7262,16,16,-1,-1,-1,-1,-1,13.93664,1,13.990912,0.82944,14.820352
7263,16,16,-1,-1,-1,-1,-1,13.938688,1,13.99296,0.82944,14.8224
7264,16,16,-1,-1,-1,-1,-1,13.93152,1,13.997056,0.826368,14.823424
7265,16,16,-1,-1,-1,-1,-1,13.90592,1,13.947904,0.82432,14.772224
7266,16,16,-1,-1,-1,-1,-1,13.922304,1,13.986816,0.82944,14.816256
7267,16,16,-1,-1,-1,-1,-1,13.897728,1,13.960192,0.826368,14.78656
7268,16,16,-1,-1,-1,-1,-1,13.918208,1,13.960192,0.830464,14.790656
7269,16,16,-1,-1,-1,-1,-1,13.920256,1,13.963264,0.827392,14.790656
7270,16,16,-1,-1,-1,-1,-1,13.896704,1,13.961216,0.828416,14.789632
7271,16,16,-1,-1,-1,-1,-1,13.882368,1,13.945856,0.827392,14.773248
7272,16,16,-1,-1,-1,-1,-1,13.891584,1,13.935616,0.825344,14.76096
7273,16,16,-1,-1,-1,-1,-1,13.922304,1,13.978624,0.826368,14.804992
7274,16,16,-1,-1,-1,-1,-1,13.919232,1,13.983744,0.827392,14.811136
7275,16,16,-1,-1,-1,-1,-1,13.929472,1,13.99296,0.82944,14.8224
7276,16,1024,-1,-1,-1,-1,-1,-1,0,72.001534,0.838656,72.84019
7277,16,16,-1,-1,-1,-1,-1,14.147584,1,14.190592,0.833536,15.024128
7278,16,16,-1,-1,-1,-1,-1,14.134272,1,14.201856,0.828416,15.030272
7279,16,16,-1,-1,-1,-1,-1,14.053376,1,14.11072,0.827392,14.938112
7280,16,2032,-1,-1,-1,-1,-1,-1,0,133.298172,0.842752,134.140924
7281,16,16,-1,-1,-1,-1,-1,14.206976,1,14.251008,0.835584,15.086592
7282,16,16,-1,-1,-1,-1,-1,14.189568,1,14.256128,0.835584,15.091712
7283,16,16,-1,-1,-1,-1,-1,14.162944,1,14.229504,0.833536,15.06304
7284,16,16,-1,-1,-1,-1,-1,14.195712,1,14.240768,0.837632,15.0784
7285,16,16,-1,-1,-1,-1,-1,14.16704,1,14.212096,0.828416,15.040512
7286,16,16,-1,-1,-1,-1,-1,13.930496,1,13.995008,0.827392,14.8224
7287,16,16,-1,-1,-1,-1,-1,13.917184,1,13.980672,0.828416,14.809088
7288,16,16,-1,-1,-1,-1,-1,13.920256,1,13.964288,0.823296,14.787584
7289,16,1024,-1,-1,-1,-1,-1,-1,0,71.665665,0.833536,72.499201
7290,16,16,-1,-1,-1,-1,-1,14.16192,1,14.227456,0.83456,15.062016
7291,16,16,-1,-1,-1,-1,-1,14.093312,1,14.15168,0.832512,14.984192
7292,16,16,-1,-1,-1,-1,-1,14.005248,1,14.070784,0.827392,14.898176
7293,16,16,-1,-1,-1,-1,-1,13.968384,1,14.011392,0.826368,14.83776
7294,16,16,-1,-1,-1,-1,-1,13.95712,1,14.01344,0.832512,14.845952
7295,16,16,-1,-1,-1,-1,-1,13.919232,1,13.98272,0.828416,14.811136
7296,16,16,-1,-1,-1,-1,-1,13.942784,1,14.007296,0.827392,14.834688
7297,16,16,-1,-1,-1,-1,-1,13.915136,1,13.958144,0.827392,14.785536
7298,16,16,-1,-1,-1,-1,-1,13.937664,1,13.993984,0.826368,14.820352
7299,16,16,-1,-1,-1,-1,-1,13.922304,1,13.986816,0.825344,14.81216
7300,16,1024,-1,-1,-1,-1,-1,-1,0,71.877632,0.836608,72.71424
7301,16,16,-1,-1,-1,-1,-1,14.154752,1,14.198784,0.837632,15.036416
7302,16,16,-1,-1,-1,-1,-1,14.060544,1,14.12608,0.831488,14.957568
7303,16,16,-1,-1,-1,-1,-1,14.012416,1,14.077952,0.827392,14.905344
7304,16,16,-1,-1,-1,-1,-1,13.973504,1,14.016512,0.828416,14.844928
7305,16,16,-1,-1,-1,-1,-1,13.924352,1,13.990912,0.825344,14.816256
7306,16,1024,-1,-1,-1,-1,-1,-1,0,72.351746,0.836608,73.188354
7307,16,16,-1,-1,-1,-1,-1,14.181376,1,14.247936,0.835584,15.08352
7308,16,16,-1,-1,-1,-1,-1,14.084096,1,14.150656,0.82944,14.980096
7309,16,16,-1,-1,-1,-1,-1,14.021632,1,14.065664,0.832512,14.898176
7310,16,16,-1,-1,-1,-1,-1,13.971456,1,14.027776,0.831488,14.859264
7311,16,16,-1,-1,-1,-1,-1,13.983744,1,14.048256,0.828416,14.876672
7312,16,16,-1,-1,-1,-1,-1,13.940736,1,14.006272,0.827392,14.833664
7313,16,1023,-1,-1,-1,-1,-1,-1,0,72.033279,0.836608,72.869887
7314,16,16,-1,-1,-1,-1,-1,14.181376,1,14.23872,0.838656,15.077376
7315,16,16,-1,-1,-1,-1,-1,14.048256,1,14.093312,0.828416,14.921728
7316,16,16,-1,-1,-1,-1,-1,14.005248,1,14.070784,0.830464,14.901248
7317,16,16,-1,-1,-1,-1,-1,14.010368,1,14.0544,0.82944,14.88384
7318,16,16,-1,-1,-1,-1,-1,13.952,1,14.017536,0.82944,14.846976
7319,16,16,-1,-1,-1,-1,-1,13.97248,1,14.016512,0.828416,14.844928
7320,16,16,-1,-1,-1,-1,-1,13.984768,1,14.026752,0.827392,14.854144
7321,16,16,-1,-1,-1,-1,-1,14.004224,1,14.06976,0.830464,14.900224
7322,16,16,-1,-1,-1,-1,-1,13.943808,1,14.009344,0.828416,14.83776
7323,16,16,-1,-1,-1,-1,-1,13.969408,1,14.032896,0.82944,14.862336
7324,16,16,-1,-1,-1,-1,-1,13.968384,1,14.032896,0.823296,14.856192
7325,16,16,-1,-1,-1,-1,-1,13.89568,1,13.937664,0.82432,14.761984
7326,16,16,-1,-1,-1,-1,-1,13.907968,1,13.97248,0.822272,14.794752
7327,16,16,-1,-1,-1,-1,-1,13.907968,1,13.971456,0.827392,14.798848
7328,16,16,-1,-1,-1,-1,-1,13.903872,1,13.971456,0.825344,14.7968
7329,16,16,-1,-1,-1,-1,-1,13.910016,1,13.952,0.825344,14.777344
7330,16,1024,-1,-1,-1,-1,-1,-1,0,72.056831,0.838656,72.895487
7331,16,16,-1,-1,-1,-1,-1,14.183424,1,14.227456,0.83456,15.062016
7332,16,16,-1,-1,-1,-1,-1,14.076928,1,14.134272,0.833536,14.967808
7333,16,16,-1,-1,-1,-1,-1,13.99808,1,14.042112,0.830464,14.872576
7334,16,16,-1,-1,-1,-1,-1,14.007296,1,14.070784,0.82944,14.900224
7335,16,16,-1,-1,-1,-1,-1,14.002176,1,14.04416,0.830464,14.874624
7336,16,16,-1,-1,-1,-1,-1,13.952,1,13.995008,0.82944,14.824448
7337,16,16,-1,-1,-1,-1,-1,13.96736,1,14.032896,0.826368,14.859264
7338,16,2032,-1,-1,-1,-1,-1,-1,0,133.475327,0.842752,134.318079
7339,16,16,-1,-1,-1,-1,-1,14.199808,1,14.266368,0.830464,15.096832
7340,16,16,-1,-1,-1,-1,-1,14.111744,1,14.179328,0.83456,15.013888
7341,16,1024,-1,-1,-1,-1,-1,-1,0,72.377342,0.833536,73.210878
7342,16,16,-1,-1,-1,-1,-1,14.140416,1,14.184448,0.831488,15.015936
7343,16,16,-1,-1,-1,-1,-1,14.084096,1,14.142464,0.832512,14.974976
7344,16,16,-1,-1,-1,-1,-1,14.000128,1,14.067712,0.826368,14.89408
7345,16,16,-1,-1,-1,-1,-1,13.981696,1,14.025728,0.827392,14.85312
7346,16,16,-1,-1,-1,-1,-1,13.952,1,14.016512,0.827392,14.843904
7347,16,16,-1,-1,-1,-1,-1,13.954048,1,13.997056,0.823296,14.820352
7348,16,16,-1,-1,-1,-1,-1,13.922304,1,13.985792,0.82432,14.810112
7349,16,16,-1,-1,-1,-1,-1,13.93664,1,13.979648,0.82432,14.803968
7350,16,16,-1,-1,-1,-1,-1,13.89568,1,13.961216,0.82432,14.785536
7351,16,16,-1,-1,-1,-1,-1,13.935616,1,13.9776,0.827392,14.804992
7352,16,16,-1,-1,-1,-1,-1,13.90592,1,13.948928,0.822272,14.7712
7353,16,1024,-1,-1,-1,-1,-1,-1,0,71.792641,0.841728,72.634369
7354,16,16,-1,-1,-1,-1,-1,14.159872,1,14.219264,0.833536,15.0528
7355,16,16,-1,-1,-1,-1,-1,14.189568,1,14.234624,0.831488,15.066112
7356,16,16,-1,-1,-1,-1,-1,14.138368,1,14.203904,0.838656,15.04256
7357,16,16,-1,-1,-1,-1,-1,14.175232,1,14.232576,0.833536,15.066112
7358,16,16,-1,-1,-1,-1,-1,14.155776,1,14.200832,0.837632,15.038464
7359,16,16,-1,-1,-1,-1,-1,14.031872,1,14.098432,0.82944,14.927872
7360,16,16,-1,-1,-1,-1,-1,13.929472,1,13.995008,0.82944,14.824448
7361,16,16,-1,-1,-1,-1,-1,13.924352,1,13.968384,0.827392,14.795776
7362,16,16,-1,-1,-1,-1,-1,13.933568,1,13.999104,0.828416,14.82752
7363,16,16,-1,-1,-1,-1,-1,13.917184,1,13.960192,0.825344,14.785536
7364,16,16,-1,-1,-1,-1,-1,13.910016,1,13.973504,0.827392,14.800896
7365,16,1024,-1,-1,-1,-1,-1,-1,0,71.895042,0.833536,72.728578
7366,16,16,-1,-1,-1,-1,-1,14.16192,1,14.226432,0.831488,15.05792
7367,16,16,-1,-1,-1,-1,-1,14.127104,1,14.171136,0.828416,14.999552
7368,16,16,-1,-1,-1,-1,-1,14.027776,1,14.070784,0.827392,14.898176
7369,16,16,-1,-1,-1,-1,-1,13.963264,1,14.020608,0.828416,14.849024
7370,16,16,-1,-1,-1,-1,-1,13.948928,1,14.01344,0.823296,14.836736
7371,16,16,-1,-1,-1,-1,-1,13.92128,1,13.964288,0.822272,14.78656
7372,16,16,-1,-1,-1,-1,-1,13.954048,1,14.017536,0.82944,14.846976
7373,16,16,-1,-1,-1,-1,-1,13.953024,1,14.015488,0.825344,14.840832
7374,16,16,-1,-1,-1,-1,-1,13.937664,1,13.979648,0.825344,14.804992
7375,16,16,-1,-1,-1,-1,-1,13.925376,1,13.989888,0.825344,14.815232
7376,16,16,-1,-1,-1,-1,-1,13.867008,1,13.933568,0.821248,14.754816
7377,16,16,-1,-1,-1,-1,-1,13.9008,1,13.943808,0.82432,14.768128
7378,16,16,-1,-1,-1,-1,-1,13.899776,1,13.965312,0.825344,14.790656
7379,16,2031,-1,-1,-1,-1,-1,-1,0,132.272125,0.841728,133.113853
7380,16,16,-1,-1,-1,-1,-1,14.214144,1,14.282752,0.835584,15.118336
7381,16,1024,-1,-1,-1,-1,-1,-1,0,73.48941,0.831488,74.320898
7382,16,16,-1,-1,-1,-1,-1,14.078976,1,14.121984,0.835584,14.957568
7383,16,16,-1,-1,-1,-1,-1,14.1056,1,14.149632,0.828416,14.978048
7384,16,16,-1,-1,-1,-1,-1,14.014464,1,14.05952,0.830464,14.889984
7385,16,16,-1,-1,-1,-1,-1,13.975552,1,14.042112,0.827392,14.869504
7386,16,16,-1,-1,-1,-1,-1,13.945856,1,14.011392,0.828416,14.839808
7387,16,16,-1,-1,-1,-1,-1,13.948928,1,13.991936,0.830464,14.8224
7388,16,16,-1,-1,-1,-1,-1,13.95712,1,14.020608,0.828416,14.849024
7389,16,16,-1,-1,-1,-1,-1,13.963264,1,14.026752,0.82944,14.856192
7390,16,16,-1,-1,-1,-1,-1,13.940736,1,13.983744,0.825344,14.809088
7391,16,16,-1,-1,-1,-1,-1,13.939712,1,13.98272,0.82432,14.80704
7392,16,16,-1,-1,-1,-1,-1,13.913088,1,13.970432,0.821248,14.79168
7393,16,16,-1,-1,-1,-1,-1,13.910016,1,13.950976,0.827392,14.778368
7394,16,16,-1,-1,-1,-1,-1,13.919232,1,13.983744,0.828416,14.81216
7395,16,16,-1,-1,-1,-1,-1,13.90592,1,13.961216,0.82432,14.785536
7396,16,16,-1,-1,-1,-1,-1,13.908992,1,13.974528,0.827392,14.80192
7397,16,16,-1,-1,-1,-1,-1,13.907968,1,13.97248,0.827392,14.799872
7398,16,1024,-1,-1,-1,-1,-1,-1,0,72.061951,0.837632,72.899583
7399,16,16,-1,-1,-1,-1,-1,14.158848,1,14.20288,0.832512,15.035392
7400,16,16,-1,-1,-1,-1,-1,14.1056,1,14.148608,0.832512,14.98112
7401,16,16,-1,-1,-1,-1,-1,14.011392,1,14.077952,0.82432,14.902272
7402,16,16,-1,-1,-1,-1,-1,13.970432,1,14.034944,0.827392,14.862336
7403,16,16,-1,-1,-1,-1,-1,13.976576,1,14.019584,0.82432,14.843904
7404,16,16,-1,-1,-1,-1,-1,13.950976,1,14.015488,0.826368,14.841856
7405,16,16,-1,-1,-1,-1,-1,13.96736,1,14.031872,0.826368,14.85824
7406,16,2031,-1,-1,-1,-1,-1,-1,0,134.083588,0.83968,134.923268
7407,16,16,-1,-1,-1,-1,-1,14.205952,1,14.272512,0.836608,15.10912
7408,16,1024,-1,-1,-1,-1,-1,-1,0,76.179459,0.832512,77.011971
7409,16,16,-1,-1,-1,-1,-1,14.11584,1,14.158848,0.830464,14.989312
7410,16,16,-1,-1,-1,-1,-1,14.11584,1,14.184448,0.828416,15.012864
7411,16,16,-1,-1,-1,-1,-1,13.979648,1,14.04416,0.833536,14.877696
7412,16,16,-1,-1,-1,-1,-1,13.966336,1,14.03392,0.827392,14.861312
7413,16,16,-1,-1,-1,-1,-1,13.92128,1,13.986816,0.825344,14.81216
7414,16,16,-1,-1,-1,-1,-1,13.940736,1,14.005248,0.830464,14.835712
7415,16,16,-1,-1,-1,-1,-1,13.9264,1,13.968384,0.828416,14.7968
7416,16,16,-1,-1,-1,-1,-1,13.894656,1,13.937664,0.827392,14.765056
7417,16,16,-1,-1,-1,-1,-1,13.912064,1,13.974528,0.826368,14.800896
7418,16,1024,-1,-1,-1,-1,-1,-1,0,69.768188,0.827392,70.59558
7419,16,16,-1,-1,-1,-1,-1,14.09536,1,14.138368,0.831488,14.969856
7420,16,16,-1,-1,-1,-1,-1,14.070784,1,14.114816,0.831488,14.946304
7421,16,16,-1,-1,-1,-1,-1,14.006272,1,14.071808,0.828416,14.900224
7422,16,16,-1,-1,-1,-1,-1,13.944832,1,14.010368,0.828416,14.838784
7423,16,16,-1,-1,-1,-1,-1,13.922304,1,13.986816,0.828416,14.815232
7424,16,16,-1,-1,-1,-1,-1,13.925376,1,13.981696,0.826368,14.808064
7425,16,16,-1,-1,-1,-1,-1,13.908992,1,13.950976,0.827392,14.778368
7426,16,16,-1,-1,-1,-1,-1,13.910016,1,13.973504,0.827392,14.800896
7427,16,1024,-1,-1,-1,-1,-1,-1,0,72.018944,0.835584,72.854528
7428,16,16,-1,-1,-1,-1,-1,14.145536,1,14.211072,0.832512,15.043584
7429,16,16,-1,-1,-1,-1,-1,14.041088,1,14.109696,0.831488,14.941184
7430,16,16,-1,-1,-1,-1,-1,14.016512,1,14.082048,0.828416,14.910464
7431,16,16,-1,-1,-1,-1,-1,13.997056,1,14.03904,0.827392,14.866432
7432,16,16,-1,-1,-1,-1,-1,13.959168,1,14.001152,0.828416,14.829568
7433,16,16,-1,-1,-1,-1,-1,13.923328,1,13.979648,0.827392,14.80704
7434,16,16,-1,-1,-1,-1,-1,13.908992,1,13.975552,0.825344,14.800896
7435,16,16,-1,-1,-1,-1,-1,13.914112,1,13.955072,0.823296,14.778368
7436,16,16,-1,-1,-1,-1,-1,13.903872,1,13.945856,0.825344,14.7712
7437,16,16,-1,-1,-1,-1,-1,13.933568,1,13.996032,0.82432,14.820352
7438,16,1024,-1,-1,-1,-1,-1,-1,0,71.790588,0.83456,72.625148
7439,16,16,-1,-1,-1,-1,-1,14.154752,1,14.221312,0.83456,15.055872
7440,16,16,-1,-1,-1,-1,-1,14.057472,1,14.124032,0.827392,14.951424
7441,16,16,-1,-1,-1,-1,-1,14.032896,1,14.076928,0.82944,14.906368
7442,16,16,-1,-1,-1,-1,-1,14.002176,1,14.066688,0.831488,14.898176
7443,16,16,-1,-1,-1,-1,-1,13.9264,1,13.993984,0.827392,14.821376
7444,16,16,-1,-1,-1,-1,-1,13.94688,1,14.011392,0.82944,14.840832
7445,16,16,-1,-1,-1,-1,-1,13.929472,1,13.985792,0.82432,14.810112
7446,16,16,-1,-1,-1,-1,-1,13.950976,1,14.014464,0.826368,14.840832
7447,16,16,-1,-1,-1,-1,-1,13.943808,1,13.986816,0.825344,14.81216
7448,16,16,-1,-1,-1,-1,-1,13.949952,1,13.99296,0.825344,14.818304
7449,16,16,-1,-1,-1,-1,-1,13.94176,1,14.007296,0.830464,14.83776
7450,16,16,-1,-1,-1,-1,-1,13.897728,1,13.963264,0.827392,14.790656
7451,16,16,-1,-1,-1,-1,-1,13.913088,1,13.955072,0.826368,14.78144
7452,16,16,-1,-1,-1,-1,-1,13.91104,1,13.952,0.826368,14.778368
7453,16,16,-1,-1,-1,-1,-1,13.906944,1,13.970432,0.822272,14.792704
7454,16,16,-1,-1,-1,-1,-1,13.910016,1,13.974528,0.82432,14.798848
7455,16,16,-1,-1,-1,-1,-1,13.93664,1,14.001152,0.82944,14.830592
7456,16,16,-1,-1,-1,-1,-1,13.906944,1,13.970432,0.826368,14.7968
7457,16,2032,-1,-1,-1,-1,-1,-1,0,132.184067,0.838656,133.022723
7458,16,16,-1,-1,-1,-1,-1,14.226432,1,14.270464,0.833536,15.104
7459,16,16,-1,-1,-1,-1,-1,14.114816,1,14.1824,0.830464,15.012864
7460,16,16,-1,-1,-1,-1,-1,14.0544,1,14.118912,0.827392,14.946304
7461,16,16,-1,-1,-1,-1,-1,13.98784,1,14.046208,0.82944,14.875648
7462,16,16,-1,-1,-1,-1,-1,13.976576,1,14.041088,0.825344,14.866432
7463,16,16,-1,-1,-1,-1,-1,13.938688,1,13.981696,0.828416,14.810112
7464,16,16,-1,-1,-1,-1,-1,13.9264,1,13.969408,0.826368,14.795776
7465,16,1023,-1,-1,-1,-1,-1,-1,0,72.252419,0.837632,73.090051
7466,16,16,-1,-1,-1,-1,-1,14.124032,1,14.191616,0.832512,15.024128
7467,16,16,-1,-1,-1,-1,-1,14.154752,1,14.198784,0.83456,15.033344
7468,16,16,-1,-1,-1,-1,-1,14.034944,1,14.077952,0.831488,14.90944
7469,16,16,-1,-1,-1,-1,-1,13.975552,1,14.041088,0.827392,14.86848
7470,16,16,-1,-1,-1,-1,-1,13.93152,1,13.997056,0.828416,14.825472
7471,16,16,-1,-1,-1,-1,-1,13.904896,1,13.96224,0.82944,14.79168
7472,16,16,-1,-1,-1,-1,-1,13.938688,1,13.995008,0.827392,14.8224
7473,16,1024,-1,-1,-1,-1,-1,-1,0,72.048637,0.836608,72.885245
7474,16,16,-1,-1,-1,-1,-1,14.170112,1,14.21312,0.830464,15.043584
7475,16,16,-1,-1,-1,-1,-1,14.070784,1,14.13632,0.832512,14.968832
7476,16,16,-1,-1,-1,-1,-1,14.027776,1,14.084096,0.827392,14.911488
7477,16,16,-1,-1,-1,-1,-1,14.007296,1,14.073856,0.82944,14.903296
7478,16,16,-1,-1,-1,-1,-1,13.973504,1,14.038016,0.830464,14.86848
7479,16,16,-1,-1,-1,-1,-1,13.966336,1,14.009344,0.825344,14.834688
7480,16,16,-1,-1,-1,-1,-1,13.943808,1,13.984768,0.825344,14.810112
7481,16,16,-1,-1,-1,-1,-1,13.91104,1,13.974528,0.82432,14.798848
7482,16,16,-1,-1,-1,-1,-1,13.942784,1,14.00832,0.828416,14.836736
7483,16,16,-1,-1,-1,-1,-1,13.939712,1,13.98272,0.82432,14.80704
7484,16,16,-1,-1,-1,-1,-1,13.927424,1,13.970432,0.82432,14.794752
7485,16,16,-1,-1,-1,-1,-1,13.89056,1,13.933568,0.825344,14.758912
7486,16,16,-1,-1,-1,-1,-1,13.907968,1,13.973504,0.826368,14.799872
7487,16,16,-1,-1,-1,-1,-1,13.920256,1,13.98272,0.822272,14.804992
7488,16,16,-1,-1,-1,-1,-1,13.9008,1,13.963264,0.826368,14.789632
7489,16,1024,-1,-1,-1,-1,-1,-1,0,71.360512,0.836608,72.19712
7490,16,16,-1,-1,-1,-1,-1,14.204928,1,14.247936,0.837632,15.085568
7491,16,16,-1,-1,-1,-1,-1,14.143488,1,14.211072,0.828416,15.039488
7492,16,1024,-1,-1,-1,-1,-1,-1,0,72.559616,0.830464,73.39008
7493,16,1024,-1,-1,-1,-1,-1,-1,0,73.881599,0.837632,74.719231
7494,16,16,-1,-1,-1,-1,-1,14.137344,1,14.203904,0.835584,15.039488
7495,16,16,-1,-1,-1,-1,-1,14.133248,1,14.17728,0.832512,15.009792
7496,16,16,-1,-1,-1,-1,-1,14.0544,1,14.098432,0.827392,14.925824
7497,16,16,-1,-1,-1,-1,-1,14.005248,1,14.04928,0.82944,14.87872
7498,16,16,-1,-1,-1,-1,-1,13.95712,1,14.014464,0.830464,14.844928
7499,16,16,-1,-1,-1,-1,-1,13.950976,1,13.99296,0.827392,14.820352
7500,16,16,-1,-1,-1,-1,-1,13.96224,1,14.006272,0.82944,14.835712
7501,16,1024,-1,-1,-1,-1,-1,-1,0,71.73632,0.833536,72.569857
7502,16,16,-1,-1,-1,-1,-1,14.160896,1,14.22848,0.832512,15.060992
7503,16,16,-1,-1,-1,-1,-1,14.078976,1,14.143488,0.833536,14.977024
7504,16,16,-1,-1,-1,-1,-1,14.04928,1,14.106624,0.828416,14.93504
7505,16,16,-1,-1,-1,-1,-1,13.993984,1,14.060544,0.831488,14.892032
7506,16,16,-1,-1,-1,-1,-1,13.961216,1,14.005248,0.830464,14.835712
7507,16,1023,-1,-1,-1,-1,-1,-1,0,71.951363,0.837632,72.788995
7508,16,16,-1,-1,-1,-1,-1,14.107648,1,14.174208,0.832512,15.00672
7509,16,1024,-1,-1,-1,-1,-1,-1,0,73.349121,0.831488,74.180609
7510,16,16,-1,-1,-1,-1,-1,14.11072,1,14.154752,0.833536,14.988288
7511,16,16,-1,-1,-1,-1,-1,14.073856,1,14.118912,0.825344,14.944256
7512,16,16,-1,-1,-1,-1,-1,14.000128,1,14.04416,0.830464,14.874624
7513,16,16,-1,-1,-1,-1,-1,13.960192,1,14.0032,0.830464,14.833664
7514,16,16,-1,-1,-1,-1,-1,13.92128,1,13.986816,0.82944,14.816256
7515,16,16,-1,-1,-1,-1,-1,13.924352,1,13.96736,0.82944,14.7968
7516,16,16,-1,-1,-1,-1,-1,13.915136,1,13.958144,0.826368,14.784512
7517,16,16,-1,-1,-1,-1,-1,13.935616,1,13.989888,0.828416,14.818304
7518,16,16,-1,-1,-1,-1,-1,13.964288,1,14.021632,0.82432,14.845952
7519,16,16,-1,-1,-1,-1,-1,13.933568,1,13.99808,0.826368,14.824448
7520,16,16,-1,-1,-1,-1,-1,13.92128,1,13.975552,0.828416,14.803968
7521,16,16,-1,-1,-1,-1,-1,13.897728,1,13.96224,0.82432,14.78656
7522,16,16,-1,-1,-1,-1,-1,13.933568,1,13.975552,0.827392,14.802944
7523,16,16,-1,-1,-1,-1,-1,13.925376,1,13.988864,0.825344,14.814208
7524,16,16,-1,-1,-1,-1,-1,13.910016,1,13.974528,0.828416,14.802944
7525,16,16,-1,-1,-1,-1,-1,13.934592,1,14.000128,0.825344,14.825472
7526,16,16,-1,-1,-1,-1,-1,13.906944,1,13.948928,0.831488,14.780416
7527,16,16,-1,-1,-1,-1,-1,13.927424,1,13.969408,0.826368,14.795776
7528,16,16,-1,-1,-1,-1,-1,13.906944,1,13.947904,0.825344,14.773248
7529,16,16,-1,-1,-1,-1,-1,13.925376,1,13.96736,0.825344,14.792704
7530,16,1024,-1,-1,-1,-1,-1,-1,0,69.552132,0.833536,70.385668
7531,16,16,-1,-1,-1,-1,-1,14.038016,1,14.078976,0.836608,14.915584
7532,16,16,-1,-1,-1,-1,-1,14.098432,1,14.143488,0.832512,14.976
7533,16,16,-1,-1,-1,-1,-1,14.042112,1,14.107648,0.831488,14.939136
7534,16,16,-1,-1,-1,-1,-1,13.988864,1,14.053376,0.830464,14.88384
7535,16,16,-1,-1,-1,-1,-1,13.93152,1,13.996032,0.830464,14.826496
7536,16,16,-1,-1,-1,-1,-1,13.953024,1,14.016512,0.826368,14.84288
7537,16,16,-1,-1,-1,-1,-1,13.942784,1,14.009344,0.830464,14.839808
7538,16,16,-1,-1,-1,-1,-1,13.919232,1,13.96224,0.827392,14.789632
7539,16,16,-1,-1,-1,-1,-1,13.93664,1,13.993984,0.830464,14.824448
7540,16,16,-1,-1,-1,-1,-1,13.940736,1,14.005248,0.831488,14.836736
7541,16,1024,-1,-1,-1,-1,-1,-1,0,71.925758,0.830464,72.756222
7542,16,16,-1,-1,-1,-1,-1,14.175232,1,14.21824,0.838656,15.056896
7543,16,1024,-1,-1,-1,-1,-1,-1,0,73.044991,0.833536,73.878527
7544,16,1024,-1,-1,-1,-1,-1,-1,0,73.654274,0.832512,74.486786
7545,16,16,-1,-1,-1,-1,-1,14.109696,1,14.153728,0.832512,14.98624
7546,16,16,-1,-1,-1,-1,-1,14.106624,1,14.173184,0.827392,15.000576
7547,16,16,-1,-1,-1,-1,-1,14.00832,1,14.052352,0.82432,14.876672
7548,16,1024,-1,-1,-1,-1,-1,-1,0,72.102913,0.83456,72.937473
7549,16,16,-1,-1,-1,-1,-1,14.168064,1,14.2336,0.831488,15.065088
7550,16,16,-1,-1,-1,-1,-1,14.08,1,14.14656,0.828416,14.974976
7551,16,16,-1,-1,-1,-1,-1,14.006272,1,14.04928,0.827392,14.876672
7552,16,16,-1,-1,-1,-1,-1,13.966336,1,14.010368,0.82432,14.834688
7553,16,16,-1,-1,-1,-1,-1,13.963264,1,14.021632,0.826368,14.848
7554,16,16,-1,-1,-1,-1,-1,13.942784,1,13.983744,0.825344,14.809088
7555,16,16,-1,-1,-1,-1,-1,13.93152,1,13.974528,0.828416,14.802944
7556,16,16,-1,-1,-1,-1,-1,13.940736,1,14.005248,0.827392,14.83264
7557,16,16,-1,-1,-1,-1,-1,13.934592,1,13.991936,0.826368,14.818304
7558,16,16,-1,-1,-1,-1,-1,13.932544,1,13.974528,0.830464,14.804992
7559,16,16,-1,-1,-1,-1,-1,13.903872,1,13.958144,0.828416,14.78656
7560,16,16,-1,-1,-1,-1,-1,13.93664,1,13.999104,0.82432,14.823424
7561,16,16,-1,-1,-1,-1,-1,13.92128,1,13.964288,0.826368,14.790656
7562,16,16,-1,-1,-1,-1,-1,13.935616,1,13.99296,0.825344,14.818304
7563,16,16,-1,-1,-1,-1,-1,13.908992,1,13.952,0.826368,14.778368
7564,16,1024,-1,-1,-1,-1,-1,-1,0,69.599236,0.827392,70.426628
7565,16,16,-1,-1,-1,-1,-1,13.927424,1,13.990912,0.826368,14.81728
7566,16,16,-1,-1,-1,-1,-1,13.978624,1,14.021632,0.82944,14.851072
7567,16,16,-1,-1,-1,-1,-1,14.048256,1,14.092288,0.827392,14.91968
7568,16,16,-1,-1,-1,-1,-1,13.958144,1,14.002176,0.828416,14.830592
7569,16,16,-1,-1,-1,-1,-1,13.970432,1,14.035968,0.827392,14.86336
7570,16,16,-1,-1,-1,-1,-1,13.944832,1,13.98784,0.826368,14.814208
7571,16,16,-1,-1,-1,-1,-1,13.95712,1,13.999104,0.825344,14.824448
7572,16,1024,-1,-1,-1,-1,-1,-1,0,71.399422,0.836608,72.23603
7573,16,16,-1,-1,-1,-1,-1,14.097408,1,14.162944,0.83456,14.997504
7574,16,16,-1,-1,-1,-1,-1,14.073856,1,14.117888,0.833536,14.951424
7575,16,16,-1,-1,-1,-1,-1,14.098432,1,14.1568,0.838656,14.995456
7576,16,16,-1,-1,-1,-1,-1,14.01344,1,14.070784,0.83456,14.905344
7577,16,16,-1,-1,-1,-1,-1,13.955072,1,13.997056,0.827392,14.824448
7578,16,16,-1,-1,-1,-1,-1,13.95712,1,14.022656,0.827392,14.850048
7579,16,16,-1,-1,-1,-1,-1,13.939712,1,13.98272,0.82944,14.81216
7580,16,16,-1,-1,-1,-1,-1,13.934592,1,14.000128,0.827392,14.82752
7581,16,16,-1,-1,-1,-1,-1,13.958144,1,14.01344,0.82944,14.84288
7582,16,16,-1,-1,-1,-1,-1,13.934592,1,13.9776,0.826368,14.803968
7583,16,16,-1,-1,-1,-1,-1,13.912064,1,13.955072,0.828416,14.783488
7584,16,16,-1,-1,-1,-1,-1,13.929472,1,13.97248,0.826368,14.798848
7585,16,16,-1,-1,-1,-1,-1,13.91104,1,13.976576,0.825344,14.80192
7586,16,16,-1,-1,-1,-1,-1,13.91104,1,13.953024,0.828416,14.78144
7587,16,16,-1,-1,-1,-1,-1,13.9264,1,13.969408,0.826368,14.795776
7588,16,16,-1,-1,-1,-1,-1,13.914112,1,13.978624,0.827392,14.806016
7589,16,16,-1,-1,-1,-1,-1,13.90592,1,13.971456,0.826368,14.797824
7590,16,16,-1,-1,-1,-1,-1,13.94176,1,13.98272,0.825344,14.808064
7591,16,16,-1,-1,-1,-1,-1,13.913088,1,13.9776,0.826368,14.803968
7592,16,16,-1,-1,-1,-1,-1,13.922304,1,13.985792,0.830464,14.816256
7593,16,1023,-1,-1,-1,-1,-1,-1,0,72.233986,0.838656,73.072642
7594,16,16,-1,-1,-1,-1,-1,14.18752,1,14.25408,0.82944,15.08352
7595,16,1024,-1,-1,-1,-1,-1,-1,0,73.121796,0.83968,73.961476
7596,16,16,-1,-1,-1,-1,-1,14.168064,1,14.235648,0.841728,15.077376
7597,16,1024,-1,-1,-1,-1,-1,-1,0,73.409538,0.836608,74.246146
7598,16,16,-1,-1,-1,-1,-1,14.162944,1,14.208,0.83456,15.04256
7599,16,16,-1,-1,-1,-1,-1,14.093312,1,14.138368,0.835584,14.973952
7600,16,16,-1,-1,-1,-1,-1,14.052352,1,14.09536,0.82944,14.9248
7601,16,16,-1,-1,-1,-1,-1,14.012416,1,14.076928,0.833536,14.910464
7602,16,16,-1,-1,-1,-1,-1,13.95712,1,13.999104,0.82432,14.823424
7603,16,16,-1,-1,-1,-1,-1,13.960192,1,14.004224,0.82432,14.828544
7604,16,16,-1,-1,-1,-1,-1,13.93664,1,14.002176,0.82944,14.831616
7605,16,16,-1,-1,-1,-1,-1,13.949952,1,14.015488,0.826368,14.841856
7606,16,16,-1,-1,-1,-1,-1,13.929472,1,13.971456,0.826368,14.797824
7607,16,16,-1,-1,-1,-1,-1,13.932544,1,13.997056,0.827392,14.824448
7608,16,16,-1,-1,-1,-1,-1,13.897728,1,13.96224,0.82432,14.78656
7609,16,16,-1,-1,-1,-1,-1,13.91104,1,13.955072,0.826368,14.78144
7610,16,16,-1,-1,-1,-1,-1,13.9264,1,13.989888,0.828416,14.818304
7611,16,16,-1,-1,-1,-1,-1,13.91104,1,13.974528,0.827392,14.80192
7612,16,16,-1,-1,-1,-1,-1,13.899776,1,13.965312,0.826368,14.79168
7613,16,16,-1,-1,-1,-1,-1,13.92128,1,13.985792,0.82432,14.810112
7614,16,16,-1,-1,-1,-1,-1,13.908992,1,13.952,0.825344,14.777344
7615,16,16,-1,-1,-1,-1,-1,13.892608,1,13.934592,0.826368,14.76096
7616,16,1024,-1,-1,-1,-1,-1,-1,0,72.103935,0.838656,72.942591
7617,16,16,-1,-1,-1,-1,-1,14.185472,1,14.229504,0.838656,15.06816
7618,16,1024,-1,-1,-1,-1,-1,-1,0,73.170944,0.836608,74.007552
7619,16,16,-1,-1,-1,-1,-1,14.191616,1,14.235648,0.833536,15.069184
7620,16,16,-1,-1,-1,-1,-1,14.150656,1,14.21824,0.832512,15.050752
7621,16,16,-1,-1,-1,-1,-1,14.16704,1,14.235648,0.836608,15.072256
7622,16,16,-1,-1,-1,-1,-1,14.155776,1,14.201856,0.836608,15.038464
7623,16,1024,-1,-1,-1,-1,-1,-1,0,73.493507,0.83456,74.328067
7624,16,16,-1,-1,-1,-1,-1,14.16704,1,14.232576,0.838656,15.071232
7625,16,16,-1,-1,-1,-1,-1,14.125056,1,14.168064,0.831488,14.999552
7626,16,16,-1,-1,-1,-1,-1,14.03392,1,14.10048,0.832512,14.932992
7627,16,16,-1,-1,-1,-1,-1,13.965312,1,14.029824,0.82944,14.859264
7628,16,16,-1,-1,-1,-1,-1,13.947904,1,14.014464,0.828416,14.84288
7629,16,1024,-1,-1,-1,-1,-1,-1,0,71.889923,0.838656,72.728579
7630,16,16,-1,-1,-1,-1,-1,14.155776,1,14.199808,0.835584,15.035392
7631,16,16,-1,-1,-1,-1,-1,14.116864,1,14.16192,0.832512,14.994432
7632,16,16,-1,-1,-1,-1,-1,14.021632,1,14.086144,0.82944,14.915584
7633,16,16,-1,-1,-1,-1,-1,14.007296,1,14.051328,0.827392,14.87872
7634,16,16,-1,-1,-1,-1,-1,13.955072,1,14.019584,0.827392,14.846976
7635,16,16,-1,-1,-1,-1,-1,13.947904,1,13.991936,0.826368,14.818304
7636,16,1023,-1,-1,-1,-1,-1,-1,0,71.861244,0.836608,72.697852
7637,16,16,-1,-1,-1,-1,-1,14.143488,1,14.210048,0.833536,15.043584
7638,16,16,-1,-1,-1,-1,-1,14.048256,1,14.092288,0.832512,14.9248
7639,16,1024,-1,-1,-1,-1,-1,-1,0,72.386559,0.833536,73.220095
7640,16,16,-1,-1,-1,-1,-1,14.138368,1,14.20288,0.832512,15.035392
7641,16,16,-1,-1,-1,-1,-1,14.032896,1,14.077952,0.833536,14.911488
7642,16,16,-1,-1,-1,-1,-1,14.019584,1,14.086144,0.827392,14.913536
7643,16,16,-1,-1,-1,-1,-1,13.960192,1,14.024704,0.826368,14.851072
7644,16,16,-1,-1,-1,-1,-1,13.938688,1,14.004224,0.827392,14.831616
7645,16,16,-1,-1,-1,-1,-1,13.948928,1,14.01344,0.827392,14.840832
7646,16,16,-1,-1,-1,-1,-1,13.906944,1,13.949952,0.830464,14.780416
7647,16,16,-1,-1,-1,-1,-1,13.960192,1,14.002176,0.826368,14.828544
7648,16,16,-1,-1,-1,-1,-1,13.925376,1,13.989888,0.826368,14.816256
7649,16,16,-1,-1,-1,-1,-1,13.90592,1,13.948928,0.831488,14.780416
7650,16,16,-1,-1,-1,-1,-1,13.932544,1,13.996032,0.827392,14.823424
7651,16,16,-1,-1,-1,-1,-1,13.891584,1,13.934592,0.827392,14.761984
7652,16,16,-1,-1,-1,-1,-1,13.906944,1,13.970432,0.826368,14.7968
7653,16,16,-1,-1,-1,-1,-1,13.906944,1,13.97248,0.82432,14.7968
7654,16,16,-1,-1,-1,-1,-1,13.89056,1,13.932544,0.822272,14.754816
7655,16,16,-1,-1,-1,-1,-1,13.901824,1,13.95712,0.826368,14.783488
7656,16,16,-1,-1,-1,-1,-1,13.908992,1,13.973504,0.826368,14.799872
7657,16,16,-1,-1,-1,-1,-1,13.919232,1,13.961216,0.826368,14.787584
7658,16,16,-1,-1,-1,-1,-1,13.889536,1,13.954048,0.828416,14.782464
7659,16,16,-1,-1,-1,-1,-1,13.919232,1,13.983744,0.822272,14.806016
7660,16,16,-1,-1,-1,-1,-1,13.882368,1,13.948928,0.830464,14.779392
7661,16,16,-1,-1,-1,-1,-1,13.907968,1,13.973504,0.833536,14.80704
7662,16,1024,-1,-1,-1,-1,-1,-1,0,72.068092,0.836608,72.9047
7663,16,16,-1,-1,-1,-1,-1,14.142464,1,14.186496,0.836608,15.023104
7664,16,16,-1,-1,-1,-1,-1,14.1056,1,14.162944,0.835584,14.998528
7665,16,1024,-1,-1,-1,-1,-1,-1,0,72.429565,0.841728,73.271293
7666,16,16,-1,-1,-1,-1,-1,14.137344,1,14.20288,0.835584,15.038464
7667,16,1024,-1,-1,-1,-1,-1,-1,0,73.644035,0.833536,74.477571
7668,16,1023,-1,-1,-1,-1,-1,-1,0,74.498047,0.838656,75.336703
7669,16,16,-1,-1,-1,-1,-1,14.129152,1,14.195712,0.83456,15.030272
7670,16,16,-1,-1,-1,-1,-1,14.043136,1,14.087168,0.831488,14.918656
7671,16,16,-1,-1,-1,-1,-1,14.0032,1,14.067712,0.83456,14.902272
7672,16,16,-1,-1,-1,-1,-1,13.975552,1,14.01856,0.82944,14.848
7673,16,16,-1,-1,-1,-1,-1,13.934592,1,13.976576,0.828416,14.804992
7674,16,16,-1,-1,-1,-1,-1,13.910016,1,13.973504,0.825344,14.798848
7675,16,1024,-1,-1,-1,-1,-1,-1,0,71.976959,0.838656,72.815615
7676,16,16,-1,-1,-1,-1,-1,14.157824,1,14.216192,0.83456,15.050752
7677,16,16,-1,-1,-1,-1,-1,14.047232,1,14.114816,0.833536,14.948352
7678,16,16,-1,-1,-1,-1,-1,13.975552,1,14.041088,0.82944,14.870528
7679,16,16,-1,-1,-1,-1,-1,14.0032,1,14.047232,0.832512,14.879744
7680,16,16,-1,-1,-1,-1,-1,13.925376,1,13.989888,0.827392,14.81728
7681,16,16,-1,-1,-1,-1,-1,13.93664,1,13.990912,0.832512,14.823424
7682,16,16,-1,-1,-1,-1,-1,13.907968,1,13.97248,0.82944,14.80192
7683,16,16,-1,-1,-1,-1,-1,13.904896,1,13.968384,0.82944,14.797824
7684,16,16,-1,-1,-1,-1,-1,13.915136,1,13.971456,0.831488,14.802944
7685,16,16,-1,-1,-1,-1,-1,13.894656,1,13.959168,0.82944,14.788608
7686,16,16,-1,-1,-1,-1,-1,13.906944,1,13.950976,0.828416,14.779392
7687,16,16,-1,-1,-1,-1,-1,13.901824,1,13.96736,0.826368,14.793728
7688,16,16,-1,-1,-1,-1,-1,13.90592,1,13.948928,0.827392,14.77632
7689,16,1024,-1,-1,-1,-1,-1,-1,0,72.252419,0.836608,73.089027
7690,16,16,-1,-1,-1,-1,-1,14.142464,1,14.208,0.83456,15.04256
7691,16,16,-1,-1,-1,-1,-1,14.05952,1,14.127104,0.833536,14.96064
7692,16,16,-1,-1,-1,-1,-1,13.981696,1,14.047232,0.832512,14.879744
7693,16,16,-1,-1,-1,-1,-1,13.947904,1,14.014464,0.83456,14.849024
7694,16,16,-1,-1,-1,-1,-1,13.922304,1,13.986816,0.831488,14.818304
7695,16,1024,-1,-1,-1,-1,-1,-1,0,71.900162,0.833536,72.733698
7696,16,16,-1,-1,-1,-1,-1,14.124032,1,14.189568,0.833536,15.023104
7697,16,16,-1,-1,-1,-1,-1,14.096384,1,14.163968,0.828416,14.992384
7698,16,16,-1,-1,-1,-1,-1,13.989888,1,14.055424,0.82944,14.884864
7699,16,16,-1,-1,-1,-1,-1,13.955072,1,14.019584,0.82944,14.849024
7700,16,16,-1,-1,-1,-1,-1,13.968384,1,14.012416,0.826368,14.838784
7701,16,16,-1,-1,-1,-1,-1,13.923328,1,13.98784,0.82944,14.81728
7702,16,16,-1,-1,-1,-1,-1,13.918208,1,13.961216,0.828416,14.789632
7703,16,16,-1,-1,-1,-1,-1,13.920256,1,13.986816,0.826368,14.813184
7704,16,16,-1,-1,-1,-1,-1,13.910016,1,13.953024,0.828416,14.78144
7705,16,16,-1,-1,-1,-1,-1,13.929472,1,13.99296,0.831488,14.824448
7706,16,16,-1,-1,-1,-1,-1,13.90592,1,13.961216,0.828416,14.789632
7707,16,16,-1,-1,-1,-1,-1,13.913088,1,13.979648,0.826368,14.806016
7708,16,16,-1,-1,-1,-1,-1,13.899776,1,13.942784,0.825344,14.768128
7709,16,16,-1,-1,-1,-1,-1,13.897728,1,13.96224,0.82944,14.79168
7710,16,16,-1,-1,-1,-1,-1,13.925376,1,13.981696,0.827392,14.809088
7711,16,16,-1,-1,-1,-1,-1,13.9264,1,13.981696,0.82944,14.811136
7712,16,16,-1,-1,-1,-1,-1,13.872128,1,13.93664,0.827392,14.764032
7713,16,16,-1,-1,-1,-1,-1,13.910016,1,13.973504,0.826368,14.799872
7714,16,16,-1,-1,-1,-1,-1,13.906944,1,13.970432,0.830464,14.800896
7715,16,16,-1,-1,-1,-1,-1,13.944832,1,14.007296,0.82944,14.836736
7716,16,16,-1,-1,-1,-1,-1,13.9008,1,13.942784,0.827392,14.770176
7717,16,16,-1,-1,-1,-1,-1,13.896704,1,13.961216,0.827392,14.788608
7718,16,16,-1,-1,-1,-1,-1,13.92128,1,13.964288,0.828416,14.792704
7719,16,1024,-1,-1,-1,-1,-1,-1,0,71.943169,0.837632,72.780801
7720,16,16,-1,-1,-1,-1,-1,14.175232,1,14.219264,0.837632,15.056896
7721,16,1024,-1,-1,-1,-1,-1,-1,0,73.204735,0.830464,74.035199
7722,16,1023,-1,-1,-1,-1,-1,-1,0,74.43763,0.837632,75.275262
7723,16,16,-1,-1,-1,-1,-1,14.159872,1,14.219264,0.841728,15.060992
7724,16,16,-1,-1,-1,-1,-1,14.034944,1,14.08,0.831488,14.911488
7725,16,16,-1,-1,-1,-1,-1,14.050304,1,14.113792,0.831488,14.94528
7726,16,16,-1,-1,-1,-1,-1,13.986816,1,14.051328,0.830464,14.881792
7727,16,16,-1,-1,-1,-1,-1,13.954048,1,14.017536,0.830464,14.848
7728,16,16,-1,-1,-1,-1,-1,13.949952,1,14.005248,0.827392,14.83264
7729,16,16,-1,-1,-1,-1,-1,13.959168,1,14.015488,0.830464,14.845952
7730,16,1024,-1,-1,-1,-1,-1,-1,0,72.174591,0.83456,73.009151
7731,16,16,-1,-1,-1,-1,-1,14.171136,1,14.236672,0.835584,15.072256
7732,16,16,-1,-1,-1,-1,-1,14.121984,1,14.168064,0.832512,15.000576
7733,16,16,-1,-1,-1,-1,-1,14.027776,1,14.094336,0.82944,14.923776
7734,16,16,-1,-1,-1,-1,-1,13.97248,1,14.016512,0.830464,14.846976
7735,16,16,-1,-1,-1,-1,-1,13.95712,1,14.02368,0.827392,14.851072
7736,16,16,-1,-1,-1,-1,-1,13.942784,1,13.985792,0.82432,14.810112
7737,16,16,-1,-1,-1,-1,-1,13.939712,1,14.004224,0.828416,14.83264
7738,16,16,-1,-1,-1,-1,-1,13.942784,1,13.985792,0.828416,14.814208
7739,16,16,-1,-1,-1,-1,-1,13.959168,1,14.024704,0.826368,14.851072
7740,16,16,-1,-1,-1,-1,-1,13.948928,1,13.990912,0.825344,14.816256
7741,16,16,-1,-1,-1,-1,-1,13.930496,1,13.99296,0.825344,14.818304
7742,16,16,-1,-1,-1,-1,-1,13.934592,1,14.000128,0.828416,14.828544
7743,16,1024,-1,-1,-1,-1,-1,-1,0,71.798782,0.838656,72.637438
7744,16,1024,-1,-1,-1,-1,-1,-1,0,74.462212,0.836608,75.29882
7745,16,16,-1,-1,-1,-1,-1,14.1824,1,14.247936,0.836608,15.084544
7746,16,16,-1,-1,-1,-1,-1,14.15168,1,14.210048,0.836608,15.046656
7747,16,16,-1,-1,-1,-1,-1,14.170112,1,14.236672,0.831488,15.06816
7748,16,1024,-1,-1,-1,-1,-1,-1,0,73.048065,0.835584,73.883649
7749,16,16,-1,-1,-1,-1,-1,14.171136,1,14.237696,0.83456,15.072256
7750,16,16,-1,-1,-1,-1,-1,14.09024,1,14.135296,0.82944,14.964736
7751,16,16,-1,-1,-1,-1,-1,14.000128,1,14.065664,0.831488,14.897152
7752,16,16,-1,-1,-1,-1,-1,13.952,1,13.993984,0.826368,14.820352
7753,16,16,-1,-1,-1,-1,-1,13.938688,1,13.996032,0.826368,14.8224
7754,16,16,-1,-1,-1,-1,-1,13.93664,1,13.979648,0.826368,14.806016
7755,16,16,-1,-1,-1,-1,-1,13.917184,1,13.98272,0.82944,14.81216
7756,16,16,-1,-1,-1,-1,-1,13.92128,1,13.964288,0.82944,14.793728
7757,16,16,-1,-1,-1,-1,-1,13.947904,1,13.988864,0.827392,14.816256
7758,16,16,-1,-1,-1,-1,-1,13.923328,1,13.98784,0.82432,14.81216
7759,16,16,-1,-1,-1,-1,-1,13.90592,1,13.96224,0.826368,14.788608
7760,16,16,-1,-1,-1,-1,-1,13.898752,1,13.954048,0.827392,14.78144
7761,16,16,-1,-1,-1,-1,-1,13.906944,1,13.970432,0.827392,14.797824
7762,16,16,-1,-1,-1,-1,-1,13.919232,1,13.981696,0.828416,14.810112
7763,16,16,-1,-1,-1,-1,-1,13.927424,1,13.989888,0.825344,14.815232
7764,16,16,-1,-1,-1,-1,-1,13.9008,1,13.964288,0.827392,14.79168
7765,16,16,-1,-1,-1,-1,-1,13.908992,1,13.974528,0.828416,14.802944
7766,16,16,-1,-1,-1,-1,-1,13.917184,1,13.960192,0.827392,14.787584
7767,16,16,-1,-1,-1,-1,-1,13.879296,1,13.945856,0.825344,14.7712
7768,16,16,-1,-1,-1,-1,-1,13.89056,1,13.93152,0.827392,14.758912
7769,16,16,-1,-1,-1,-1,-1,13.89056,1,13.954048,0.832512,14.78656
7770,16,16,-1,-1,-1,-1,-1,13.884416,1,13.927424,0.823296,14.75072
7771,16,16,-1,-1,-1,-1,-1,13.882368,1,13.947904,0.827392,14.775296
7772,16,16,-1,-1,-1,-1,-1,13.904896,1,13.94688,0.82432,14.7712
7773,16,1024,-1,-1,-1,-1,-1,-1,0,71.981056,0.833536,72.814592
7774,16,1023,-1,-1,-1,-1,-1,-1,0,74.599426,0.837632,75.437058
7775,16,16,-1,-1,-1,-1,-1,14.175232,1,14.24384,0.835584,15.079424
7776,16,16,-1,-1,-1,-1,-1,14.153728,1,14.221312,0.835584,15.056896
7777,16,16,-1,-1,-1,-1,-1,14.035968,1,14.102528,0.830464,14.932992
7778,16,1024,-1,-1,-1,-1,-1,-1,0,71.985153,0.838656,72.823809
7779,16,16,-1,-1,-1,-1,-1,14.15168,1,14.21824,0.83456,15.0528
7780,16,16,-1,-1,-1,-1,-1,14.052352,1,14.118912,0.832512,14.951424
7781,16,16,-1,-1,-1,-1,-1,13.943808,1,14.00832,0.828416,14.836736
7782,16,16,-1,-1,-1,-1,-1,13.964288,1,14.007296,0.826368,14.833664
7783,16,16,-1,-1,-1,-1,-1,13.985792,1,14.050304,0.826368,14.876672
7784,16,16,-1,-1,-1,-1,-1,13.908992,1,13.950976,0.82944,14.780416
7785,16,16,-1,-1,-1,-1,-1,13.920256,1,13.9776,0.828416,14.806016
7786,16,1024,-1,-1,-1,-1,-1,-1,0,71.735298,0.833536,72.568834
7787,16,16,-1,-1,-1,-1,-1,14.12608,1,14.19264,0.836608,15.029248
7788,16,1024,-1,-1,-1,-1,-1,-1,0,73.232384,0.838656,74.07104
7789,16,16,-1,-1,-1,-1,-1,14.118912,1,14.184448,0.835584,15.020032
7790,16,1023,-1,-1,-1,-1,-1,-1,0,73.424896,0.831488,74.256384
7791,16,16,-1,-1,-1,-1,-1,14.143488,1,14.210048,0.831488,15.041536
7792,16,16,-1,-1,-1,-1,-1,14.070784,1,14.137344,0.832512,14.969856
7793,16,16,-1,-1,-1,-1,-1,14.026752,1,14.070784,0.825344,14.896128
7794,16,16,-1,-1,-1,-1,-1,13.98272,1,14.040064,0.825344,14.865408
7795,16,16,-1,-1,-1,-1,-1,13.93152,1,13.974528,0.827392,14.80192
7796,16,16,-1,-1,-1,-1,-1,13.924352,1,13.980672,0.82944,14.810112
7797,16,1024,-1,-1,-1,-1,-1,-1,0,72.256516,0.837632,73.094148
7798,16,16,-1,-1,-1,-1,-1,14.178304,1,14.22336,0.83456,15.05792
7799,16,16,-1,-1,-1,-1,-1,14.101504,1,14.16704,0.828416,14.995456
7800,16,16,-1,-1,-1,-1,-1,14.029824,1,14.072832,0.831488,14.90432
7801,16,16,-1,-1,-1,-1,-1,13.978624,1,14.043136,0.825344,14.86848
7802,16,16,-1,-1,-1,-1,-1,13.944832,1,14.009344,0.826368,14.835712
7803,16,16,-1,-1,-1,-1,-1,13.919232,1,13.98272,0.827392,14.810112
7804,16,16,-1,-1,-1,-1,-1,13.912064,1,13.974528,0.82944,14.803968
7805,16,16,-1,-1,-1,-1,-1,13.929472,1,13.99296,0.82944,14.8224
7806,16,16,-1,-1,-1,-1,-1,13.9264,1,13.969408,0.828416,14.797824
7807,16,16,-1,-1,-1,-1,-1,13.919232,1,13.983744,0.826368,14.810112
7808,16,16,-1,-1,-1,-1,-1,13.932544,1,13.98784,0.828416,14.816256
7809,16,16,-1,-1,-1,-1,-1,13.947904,1,13.990912,0.831488,14.8224
7810,16,16,-1,-1,-1,-1,-1,13.92128,1,13.985792,0.825344,14.811136
7811,16,16,-1,-1,-1,-1,-1,13.922304,1,13.964288,0.825344,14.789632
7812,16,1024,-1,-1,-1,-1,-1,-1,0,71.976959,0.835584,72.812543
7813,16,16,-1,-1,-1,-1,-1,14.188544,1,14.245888,0.832512,15.0784
7814,16,16,-1,-1,-1,-1,-1,14.096384,1,14.14144,0.82944,14.97088
7815,16,16,-1,-1,-1,-1,-1,14.019584,1,14.084096,0.827392,14.911488
7816,16,16,-1,-1,-1,-1,-1,13.971456,1,14.014464,0.830464,14.844928
7817,16,16,-1,-1,-1,-1,-1,13.906944,1,13.964288,0.827392,14.79168
7818,16,16,-1,-1,-1,-1,-1,13.928448,1,13.993984,0.826368,14.820352
7819,16,1024,-1,-1,-1,-1,-1,-1,0,71.979012,0.837632,72.816644
7820,16,16,-1,-1,-1,-1,-1,14.135296,1,14.200832,0.83456,15.035392
7821,16,16,-1,-1,-1,-1,-1,14.121984,1,14.189568,0.830464,15.020032
7822,16,16,-1,-1,-1,-1,-1,13.988864,1,14.032896,0.827392,14.860288
7823,16,16,-1,-1,-1,-1,-1,13.918208,1,13.984768,0.82432,14.809088
7824,16,16,-1,-1,-1,-1,-1,13.93152,1,13.98784,0.82432,14.81216
7825,16,16,-1,-1,-1,-1,-1,13.918208,1,13.959168,0.826368,14.785536
7826,16,16,-1,-1,-1,-1,-1,13.94176,1,14.007296,0.828416,14.835712
7827,16,16,-1,-1,-1,-1,-1,13.910016,1,13.952,0.826368,14.778368
7828,16,16,-1,-1,-1,-1,-1,13.953024,1,14.017536,0.83456,14.852096
7829,16,16,-1,-1,-1,-1,-1,13.91104,1,13.9776,0.826368,14.803968
7830,16,16,-1,-1,-1,-1,-1,13.896704,1,13.938688,0.827392,14.76608
7831,16,16,-1,-1,-1,-1,-1,13.894656,1,13.950976,0.823296,14.774272
7832,16,16,-1,-1,-1,-1,-1,13.918208,1,13.959168,0.828416,14.787584
7833,16,16,-1,-1,-1,-1,-1,13.897728,1,13.96224,0.828416,14.790656
7834,16,16,-1,-1,-1,-1,-1,13.913088,1,13.9776,0.826368,14.803968
7835,16,16,-1,-1,-1,-1,-1,13.899776,1,13.964288,0.828416,14.792704
7836,16,16,-1,-1,-1,-1,-1,13.88544,1,13.948928,0.827392,14.77632
7837,16,16,-1,-1,-1,-1,-1,13.92128,1,13.976576,0.831488,14.808064
7838,16,16,-1,-1,-1,-1,-1,13.902848,1,13.945856,0.825344,14.7712
7839,16,16,-1,-1,-1,-1,-1,13.924352,1,13.988864,0.831488,14.820352
7840,16,16,-1,-1,-1,-1,-1,13.9008,1,13.964288,0.828416,14.792704
7841,16,16,-1,-1,-1,-1,-1,13.912064,1,13.955072,0.830464,14.785536
7842,16,16,-1,-1,-1,-1,-1,13.918208,1,13.976576,0.82432,14.800896
7843,16,16,-1,-1,-1,-1,-1,13.908992,1,13.949952,0.825344,14.775296
7844,16,1024,-1,-1,-1,-1,-1,-1,0,71.832573,0.83456,72.667133
7845,16,16,-1,-1,-1,-1,-1,14.171136,1,14.237696,0.83456,15.072256
7846,16,16,-1,-1,-1,-1,-1,14.097408,1,14.140416,0.831488,14.971904
7847,16,16,-1,-1,-1,-1,-1,14.034944,1,14.098432,0.827392,14.925824
7848,16,16,-1,-1,-1,-1,-1,13.996032,1,14.03904,0.830464,14.869504
7849,16,16,-1,-1,-1,-1,-1,13.94176,1,14.004224,0.827392,14.831616
7850,16,16,-1,-1,-1,-1,-1,13.910016,1,13.966336,0.827392,14.793728
7851,16,1024,-1,-1,-1,-1,-1,-1,0,72.020988,0.833536,72.854524
7852,16,16,-1,-1,-1,-1,-1,14.160896,1,14.226432,0.82944,15.055872
7853,16,1024,-1,-1,-1,-1,-1,-1,0,73.408508,0.837632,74.24614
7854,16,16,-1,-1,-1,-1,-1,14.083072,1,14.127104,0.831488,14.958592
7855,16,1008,-1,-1,-1,-1,-1,-1,0,72.754173,0.83456,73.588733
7856,16,16,-1,-1,-1,-1,-1,14.097408,1,14.162944,0.836608,14.999552
7857,16,16,-1,-1,-1,-1,-1,14.081024,1,14.127104,0.82944,14.956544
7858,16,16,-1,-1,-1,-1,-1,14.016512,1,14.081024,0.826368,14.907392
7859,16,16,-1,-1,-1,-1,-1,13.966336,1,14.007296,0.828416,14.835712
7860,16,16,-1,-1,-1,-1,-1,13.939712,1,14.004224,0.827392,14.831616
7861,16,1024,-1,-1,-1,-1,-1,-1,0,71.951363,0.836608,72.787971
7862,16,1024,-1,-1,-1,-1,-1,-1,0,74.47245,0.837632,75.310082
7863,16,16,-1,-1,-1,-1,-1,14.135296,1,14.179328,0.83456,15.013888
7864,16,16,-1,-1,-1,-1,-1,14.094336,1,14.139392,0.832512,14.971904
7865,16,16,-1,-1,-1,-1,-1,14.001152,1,14.043136,0.840704,14.88384
7866,16,16,-1,-1,-1,-1,-1,13.97248,1,14.0288,0.831488,14.860288
7867,16,16,-1,-1,-1,-1,-1,13.928448,1,13.995008,0.828416,14.823424
7868,16,16,-1,-1,-1,-1,-1,13.927424,1,13.991936,0.827392,14.819328
7869,16,16,-1,-1,-1,-1,-1,13.908992,1,13.974528,0.825344,14.799872
7870,16,16,-1,-1,-1,-1,-1,13.920256,1,13.963264,0.825344,14.788608
7871,16,16,-1,-1,-1,-1,-1,13.944832,1,14.011392,0.828416,14.839808
7872,16,16,-1,-1,-1,-1,-1,13.929472,1,13.971456,0.82944,14.800896
7873,16,16,-1,-1,-1,-1,-1,13.918208,1,13.961216,0.830464,14.79168
7874,16,16,-1,-1,-1,-1,-1,13.938688,1,14.0032,0.827392,14.830592
7875,16,16,-1,-1,-1,-1,-1,13.93664,1,13.980672,0.830464,14.811136
7876,16,16,-1,-1,-1,-1,-1,13.91616,1,13.981696,0.826368,14.808064
7877,16,16,-1,-1,-1,-1,-1,13.902848,1,13.966336,0.822272,14.788608
7878,16,1024,-1,-1,-1,-1,-1,-1,0,71.620605,0.83456,72.455165
7879,16,16,-1,-1,-1,-1,-1,14.17728,1,14.221312,0.830464,15.051776
7880,16,16,-1,-1,-1,-1,-1,14.084096,1,14.127104,0.831488,14.958592
7881,16,16,-1,-1,-1,-1,-1,14.019584,1,14.063616,0.826368,14.889984
7882,16,16,-1,-1,-1,-1,-1,13.995008,1,14.057472,0.82944,14.886912
7883,16,16,-1,-1,-1,-1,-1,13.937664,1,14.002176,0.825344,14.82752
7884,16,16,-1,-1,-1,-1,-1,13.958144,1,14.01344,0.823296,14.836736
7885,16,16,-1,-1,-1,-1,-1,13.952,1,14.009344,0.828416,14.83776
7886,16,16,-1,-1,-1,-1,-1,13.944832,1,13.98784,0.831488,14.819328
7887,16,16,-1,-1,-1,-1,-1,13.939712,1,14.006272,0.828416,14.834688
7888,16,16,-1,-1,-1,-1,-1,13.923328,1,13.966336,0.827392,14.793728
7889,16,16,-1,-1,-1,-1,-1,13.953024,1,13.996032,0.823296,14.819328
7890,16,16,-1,-1,-1,-1,-1,13.915136,1,13.971456,0.825344,14.7968
7891,16,16,-1,-1,-1,-1,-1,13.930496,1,13.973504,0.825344,14.798848
7892,16,16,-1,-1,-1,-1,-1,13.944832,1,14.001152,0.827392,14.828544
7893,16,1024,-1,-1,-1,-1,-1,-1,0,71.627777,0.833536,72.461313
7894,16,16,-1,-1,-1,-1,-1,14.185472,1,14.252032,0.832512,15.084544
7895,16,1024,-1,-1,-1,-1,-1,-1,0,72.940544,0.835584,73.776128
7896,16,1024,-1,-1,-1,-1,-1,-1,0,74.102783,0.835584,74.938367
7897,16,16,-1,-1,-1,-1,-1,14.175232,1,14.217216,0.836608,15.053824
7898,16,16,-1,-1,-1,-1,-1,14.16192,1,14.22848,0.83456,15.06304
7899,16,1024,-1,-1,-1,-1,-1,-1,0,73.957375,0.836608,74.793983
7900,16,16,-1,-1,-1,-1,-1,14.19264,1,14.236672,0.838656,15.075328
7901,16,16,-1,-1,-1,-1,-1,14.06976,1,14.13632,0.833536,14.969856
7902,16,16,-1,-1,-1,-1,-1,14.038016,1,14.082048,0.83456,14.916608
7903,16,16,-1,-1,-1,-1,-1,13.969408,1,14.03392,0.82944,14.86336
7904,16,16,-1,-1,-1,-1,-1,13.974528,1,14.017536,0.826368,14.843904
7905,16,16,-1,-1,-1,-1,-1,13.943808,1,13.986816,0.827392,14.814208
7906,16,1024,-1,-1,-1,-1,-1,-1,0,70.043648,0.830464,70.874112
7907,16,16,-1,-1,-1,-1,-1,14.086144,1,14.128128,0.837632,14.96576
7908,16,16,-1,-1,-1,-1,-1,14.116864,1,14.185472,0.830464,15.015936
7909,16,16,-1,-1,-1,-1,-1,14.041088,1,14.099456,0.82944,14.928896
7910,16,1024,-1,-1,-1,-1,-1,-1,0,72.137726,0.835584,72.97331
7911,16,16,-1,-1,-1,-1,-1,14.148608,1,14.21312,0.837632,15.050752
7912,16,16,-1,-1,-1,-1,-1,14.132224,1,14.199808,0.833536,15.033344
7913,16,16,-1,-1,-1,-1,-1,14.17216,1,14.217216,0.838656,15.055872
7914,16,16,-1,-1,-1,-1,-1,14.162944,1,14.208,0.833536,15.041536
7915,16,16,-1,-1,-1,-1,-1,14.13632,1,14.20288,0.835584,15.038464
7916,16,16,-1,-1,-1,-1,-1,14.160896,1,14.203904,0.833536,15.03744
7917,16,16,-1,-1,-1,-1,-1,13.919232,1,13.984768,0.827392,14.81216
7918,16,16,-1,-1,-1,-1,-1,13.945856,1,13.988864,0.830464,14.819328
7919,16,16,-1,-1,-1,-1,-1,13.92128,1,13.984768,0.828416,14.813184
7920,16,16,-1,-1,-1,-1,-1,13.922304,1,13.966336,0.828416,14.794752
7921,16,16,-1,-1,-1,-1,-1,13.917184,1,13.959168,0.82432,14.783488
7922,16,16,-1,-1,-1,-1,-1,13.894656,1,13.958144,0.828416,14.78656
7923,16,16,-1,-1,-1,-1,-1,13.917184,1,13.959168,0.826368,14.785536
7924,16,1024,-1,-1,-1,-1,-1,-1,0,72.042496,0.835584,72.87808
7925,16,16,-1,-1,-1,-1,-1,14.204928,1,14.271488,0.83456,15.106048
7926,16,16,-1,-1,-1,-1,-1,14.087168,1,14.155776,0.831488,14.987264
7927,16,16,-1,-1,-1,-1,-1,14.0288,1,14.086144,0.82944,14.915584
7928,16,16,-1,-1,-1,-1,-1,14.002176,1,14.065664,0.82944,14.895104
7929,16,16,-1,-1,-1,-1,-1,13.96736,1,14.011392,0.830464,14.841856
7930,16,16,-1,-1,-1,-1,-1,13.923328,1,13.96736,0.826368,14.793728
7931,16,16,-1,-1,-1,-1,-1,13.932544,1,13.999104,0.826368,14.825472
7932,16,1023,-1,-1,-1,-1,-1,-1,0,72.040451,0.83968,72.880131
7933,16,16,-1,-1,-1,-1,-1,14.154752,1,14.222336,0.83456,15.056896
7934,16,16,-1,-1,-1,-1,-1,14.096384,1,14.14144,0.830464,14.971904
7935,16,16,-1,-1,-1,-1,-1,14.0288,1,14.094336,0.830464,14.9248
7936,16,16,-1,-1,-1,-1,-1,13.978624,1,14.022656,0.831488,14.854144
7937,16,16,-1,-1,-1,-1,-1,13.975552,1,14.01856,0.830464,14.849024
7938,16,16,-1,-1,-1,-1,-1,13.948928,1,14.004224,0.827392,14.831616
7939,16,16,-1,-1,-1,-1,-1,13.928448,1,13.970432,0.827392,14.797824
7940,16,16,-1,-1,-1,-1,-1,13.939712,1,13.997056,0.831488,14.828544
7941,16,16,-1,-1,-1,-1,-1,13.97248,1,14.035968,0.825344,14.861312
7942,16,16,-1,-1,-1,-1,-1,13.92128,1,13.98784,0.826368,14.814208
7943,16,16,-1,-1,-1,-1,-1,13.933568,1,13.996032,0.82944,14.825472
7944,16,16,-1,-1,-1,-1,-1,13.91104,1,13.975552,0.832512,14.808064
7945,16,1024,-1,-1,-1,-1,-1,-1,0,69.402626,0.827392,70.230018
7946,16,16,-1,-1,-1,-1,-1,14.05952,1,14.102528,0.830464,14.932992
7947,16,16,-1,-1,-1,-1,-1,14.08512,1,14.15168,0.831488,14.983168
7948,16,16,-1,-1,-1,-1,-1,14.03904,1,14.083072,0.82944,14.912512
7949,16,16,-1,-1,-1,-1,-1,13.993984,1,14.058496,0.832512,14.891008
7950,16,16,-1,-1,-1,-1,-1,13.991936,1,14.03392,0.82944,14.86336
7951,16,16,-1,-1,-1,-1,-1,13.960192,1,14.025728,0.828416,14.854144
7952,16,16,-1,-1,-1,-1,-1,13.956096,1,14.000128,0.828416,14.828544
7953,16,16,-1,-1,-1,-1,-1,13.930496,1,13.97248,0.827392,14.799872
7954,16,16,-1,-1,-1,-1,-1,13.955072,1,14.011392,0.826368,14.83776
7955,16,16,-1,-1,-1,-1,-1,13.94176,1,13.984768,0.82944,14.814208
7956,16,16,-1,-1,-1,-1,-1,13.955072,1,14.020608,0.826368,14.846976
7957,16,16,-1,-1,-1,-1,-1,13.939712,1,14.005248,0.825344,14.830592
7958,16,16,-1,-1,-1,-1,-1,13.944832,1,14.0032,0.82432,14.82752
7959,16,1024,-1,-1,-1,-1,-1,-1,0,71.953407,0.833536,72.786943
7960,16,16,-1,-1,-1,-1,-1,14.183424,1,14.247936,0.83456,15.082496
7961,16,16,-1,-1,-1,-1,-1,14.066688,1,14.132224,0.832512,14.964736
7962,16,16,-1,-1,-1,-1,-1,14.035968,1,14.08,0.82944,14.90944
7963,16,16,-1,-1,-1,-1,-1,13.997056,1,14.062592,0.828416,14.891008
7964,16,16,-1,-1,-1,-1,-1,14.00832,1,14.052352,0.828416,14.880768
7965,16,16,-1,-1,-1,-1,-1,13.983744,1,14.04928,0.828416,14.877696
7966,16,16,-1,-1,-1,-1,-1,13.952,1,13.99296,0.830464,14.823424
7967,16,16,-1,-1,-1,-1,-1,13.971456,1,14.035968,0.827392,14.86336
7968,16,16,-1,-1,-1,-1,-1,13.973504,1,14.017536,0.832512,14.850048
7969,16,16,-1,-1,-1,-1,-1,13.986816,1,14.0288,0.828416,14.857216
7970,16,16,-1,-1,-1,-1,-1,13.973504,1,14.036992,0.825344,14.862336
7971,16,16,-1,-1,-1,-1,-1,13.942784,1,13.984768,0.826368,14.811136
7972,16,16,-1,-1,-1,-1,-1,13.955072,1,14.016512,0.825344,14.841856
7973,16,16,-1,-1,-1,-1,-1,13.94176,1,13.99808,0.83456,14.83264
7974,16,16,-1,-1,-1,-1,-1,13.947904,1,14.01344,0.825344,14.838784
7975,16,16,-1,-1,-1,-1,-1,13.956096,1,14.020608,0.828416,14.849024
7976,16,16,-1,-1,-1,-1,-1,13.948928,1,14.01344,0.826368,14.839808
7977,16,16,-1,-1,-1,-1,-1,13.97248,1,14.038016,0.822272,14.860288
7978,16,16,-1,-1,-1,-1,-1,13.950976,1,13.99296,0.826368,14.819328
7979,16,16,-1,-1,-1,-1,-1,13.928448,1,13.984768,0.826368,14.811136
7980,16,16,-1,-1,-1,-1,-1,13.930496,1,13.973504,0.826368,14.799872
7981,16,16,-1,-1,-1,-1,-1,13.948928,1,14.005248,0.826368,14.831616
7982,16,16,-1,-1,-1,-1,-1,13.919232,1,13.96224,0.827392,14.789632
7983,16,16,-1,-1,-1,-1,-1,13.918208,1,13.98272,0.82944,14.81216
7984,16,2031,-1,-1,-1,-1,-1,-1,0,133.615616,0.838656,134.454272
7985,16,16,-1,-1,-1,-1,-1,14.201856,1,14.267392,0.83456,15.101952
7986,16,1024,-1,-1,-1,-1,-1,-1,0,74.507263,0.83456,75.341823
7987,16,1024,-1,-1,-1,-1,-1,-1,0,74.256386,0.838656,75.095042
7988,16,16,-1,-1,-1,-1,-1,14.158848,1,14.224384,0.835584,15.059968
7989,16,1024,-1,-1,-1,-1,-1,-1,0,73.966591,0.835584,74.802175
7990,16,16,-1,-1,-1,-1,-1,14.211072,1,14.277632,0.837632,15.115264
7991,16,16,-1,-1,-1,-1,-1,14.123008,1,14.191616,0.832512,15.024128
7992,16,16,-1,-1,-1,-1,-1,14.041088,1,14.107648,0.832512,14.94016
7993,16,16,-1,-1,-1,-1,-1,13.993984,1,14.058496,0.826368,14.884864
7994,16,16,-1,-1,-1,-1,-1,13.971456,1,14.014464,0.828416,14.84288
7995,16,16,-1,-1,-1,-1,-1,13.968384,1,14.032896,0.826368,14.859264
7996,16,16,-1,-1,-1,-1,-1,13.93664,1,13.979648,0.82944,14.809088
7997,16,16,-1,-1,-1,-1,-1,13.943808,1,14.007296,0.825344,14.83264
7998,16,16,-1,-1,-1,-1,-1,13.952,1,13.995008,0.825344,14.820352
7999,16,16,-1,-1,-1,-1,-1,13.958144,1,14.000128,0.826368,14.826496
8000,16,16,-1,-1,-1,-1,-1,13.930496,1,13.995008,0.827392,14.8224
8001,16,16,-1,-1,-1,-1,-1,13.943808,1,14.006272,0.825344,14.831616
8002,16,16,-1,-1,-1,-1,-1,13.94688,1,14.012416,0.82944,14.841856
8003,16,16,-1,-1,-1,-1,-1,13.879296,1,13.934592,0.82944,14.764032
8004,16,1024,-1,-1,-1,-1,-1,-1,0,71.688194,0.836608,72.524802
8005,16,16,-1,-1,-1,-1,-1,14.19264,1,14.2592,0.83456,15.09376
8006,16,16,-1,-1,-1,-1,-1,14.088192,1,14.154752,0.831488,14.98624
8007,16,16,-1,-1,-1,-1,-1,14.031872,1,14.098432,0.830464,14.928896
8008,16,16,-1,-1,-1,-1,-1,13.989888,1,14.0544,0.828416,14.882816
8009,16,16,-1,-1,-1,-1,-1,13.963264,1,14.026752,0.828416,14.855168
8010,16,16,-1,-1,-1,-1,-1,13.983744,1,14.026752,0.826368,14.85312
8011,16,16,-1,-1,-1,-1,-1,13.955072,1,14.017536,0.82944,14.846976
8012,16,16,-1,-1,-1,-1,-1,13.93664,1,13.9776,0.828416,14.806016
8013,16,16,-1,-1,-1,-1,-1,13.953024,1,14.017536,0.826368,14.843904
8014,16,16,-1,-1,-1,-1,-1,13.97248,1,14.015488,0.828416,14.843904
8015,16,16,-1,-1,-1,-1,-1,13.940736,1,13.984768,0.82944,14.814208
8016,16,16,-1,-1,-1,-1,-1,13.939712,1,13.995008,0.825344,14.820352
8017,16,16,-1,-1,-1,-1,-1,13.919232,1,13.98272,0.826368,14.809088
8018,16,16,-1,-1,-1,-1,-1,13.917184,1,13.98272,0.828416,14.811136
8019,16,1024,-1,-1,-1,-1,-1,-1,0,71.894012,0.835584,72.729596
8020,16,16,-1,-1,-1,-1,-1,14.155776,1,14.22336,0.832512,15.055872
8021,15,15,-1,-1,-1,-1,-1,13.969408,1,14.036992,0.825344,14.862336
8022,15,15,-1,-1,-1,-1,-1,13.927424,1,13.983744,0.825344,14.809088
8023,15,15,-1,-1,-1,-1,-1,13.855744,1,13.92128,0.825344,14.746624
8024,15,15,-1,-1,-1,-1,-1,13.857792,1,13.899776,0.82432,14.724096
8025,15,15,-1,-1,-1,-1,-1,13.858816,1,13.923328,0.826368,14.749696
8026,14,14,-1,-1,-1,-1,-1,13.75232,1,13.794304,0.826368,14.620672
8027,14,14,-1,-1,-1,-1,-1,13.740032,1,13.804544,0.826368,14.630912
8028,13,13,-1,-1,-1,-1,-1,13.641728,1,13.684736,0.822272,14.507008
8029,13,13,-1,-1,-1,-1,-1,13.651968,1,13.707264,0.820224,14.527488
8030,13,13,-1,-1,-1,-1,-1,13.622272,1,13.664256,0.818176,14.482432
8031,13,13,-1,-1,-1,-1,-1,13.609984,1,13.651968,0.818176,14.470144
8032,13,13,-1,-1,-1,-1,-1,13.606912,1,13.661184,0.821248,14.482432
8033,12,12,-1,-1,-1,-1,-1,13.54752,1,13.609984,0.8192,14.429184
8034,12,12,-1,-1,-1,-1,-1,13.538304,1,13.601792,0.817152,14.418944
8035,11,11,-1,-1,-1,-1,-1,13.498368,1,13.56288,0.815104,14.377984
8036,11,11,-1,-1,-1,-1,-1,13.48096,1,13.545472,0.8192,14.364672
8037,11,11,-1,-1,-1,-1,-1,13.490176,1,13.553664,0.817152,14.370816
8038,11,11,-1,-1,-1,-1,-1,13.503488,1,13.545472,0.8192,14.364672
8039,11,11,-1,-1,-1,-1,-1,13.484032,1,13.548544,0.8192,14.367744
8040,11,11,-1,-1,-1,-1,-1,13.493248,1,13.535232,0.818176,14.353408
8041,10,10,-1,-1,-1,-1,-1,13.402112,1,13.4656,0.815104,14.280704
8042,10,10,-1,-1,-1,-1,-1,13.428736,1,13.471744,0.81408,14.285824
8043,10,10,-1,-1,-1,-1,-1,13.417472,1,13.459456,0.816128,14.275584
8044,10,10,-1,-1,-1,-1,-1,13.441024,1,13.481984,0.81408,14.296064
8045,10,10,-1,-1,-1,-1,-1,13.390848,1,13.44512,0.81408,14.2592
8046,10,10,-1,-1,-1,-1,-1,13.425664,1,13.467648,0.81408,14.281728
8047,10,10,-1,-1,-1,-1,-1,13.425664,1,13.468672,0.816128,14.2848
8048,10,10,-1,-1,-1,-1,-1,13.436928,1,13.4912,0.815104,14.306304
8049,10,10,-1,-1,-1,-1,-1,13.420544,1,13.47584,0.813056,14.288896
8050,10,10,-1,-1,-1,-1,-1,13.456384,1,13.519872,0.815104,14.334976
8051,10,10,-1,-1,-1,-1,-1,13.401088,1,13.466624,0.817152,14.283776
8052,10,10,-1,-1,-1,-1,-1,13.420544,1,13.484032,0.8192,14.303232
8053,10,10,-1,-1,-1,-1,-1,13.415424,1,13.47072,0.813056,14.283776
8054,10,10,-1,-1,-1,-1,-1,13.416448,1,13.458432,0.818176,14.276608
8055,10,10,-1,-1,-1,-1,-1,13.430784,1,13.494272,0.815104,14.309376
8056,10,10,-1,-1,-1,-1,-1,13.44,1,13.481984,0.815104,14.297088
8057,10,10,-1,-1,-1,-1,-1,13.416448,1,13.471744,0.81408,14.285824
8058,10,10,-1,-1,-1,-1,-1,13.420544,1,13.461504,0.811008,14.272512
8059,10,10,-1,-1,-1,-1,-1,13.441024,1,13.481984,0.8192,14.301184
8060,10,10,-1,-1,-1,-1,-1,13.400064,1,13.443072,0.817152,14.260224
8061,10,10,-1,-1,-1,-1,-1,13.376512,1,13.441024,0.816128,14.257152
8062,9,9,-1,-1,-1,-1,-1,13.103104,1,13.145088,0.813056,13.958144
8063,9,9,-1,-1,-1,-1,-1,13.139968,1,13.181952,0.813056,13.995008
8064,9,9,-1,-1,-1,-1,-1,13.12256,1,13.177856,0.816128,13.993984
8065,9,9,-1,-1,-1,-1,-1,13.125632,1,13.188096,0.81408,14.002176
8066,9,9,-1,-1,-1,-1,-1,13.130752,1,13.19424,0.812032,14.006272
8067,9,9,-1,-1,-1,-1,-1,13.1072,1,13.162496,0.813056,13.975552
8068,8,8,-1,-1,-1,-1,-1,12.873728,1,12.935168,0.805888,13.741056
8069,8,8,-1,-1,-1,-1,-1,12.863488,1,12.926976,0.807936,13.734912
8070,8,8,-1,-1,-1,-1,-1,12.837888,1,12.880896,0.809984,13.69088
8071,8,8,-1,-1,-1,-1,-1,12.85632,1,12.919808,0.80896,13.728768
8072,8,8,-1,-1,-1,-1,-1,12.863488,1,12.903424,0.805888,13.709312
8073,8,8,-1,-1,-1,-1,-1,12.852224,1,12.894208,0.806912,13.70112
8074,8,8,-1,-1,-1,-1,-1,12.86144,1,12.904448,0.807936,13.712384
8075,8,8,-1,-1,-1,-1,-1,12.865536,1,12.90752,0.809984,13.717504
8076,8,8,-1,-1,-1,-1,-1,12.836864,1,12.879872,0.807936,13.687808
8077,8,8,-1,-1,-1,-1,-1,12.859392,1,12.901376,0.811008,13.712384
8078,7,7,-1,-1,-1,-1,-1,12.762112,1,12.803072,0.804864,13.607936
8079,7,7,-1,-1,-1,-1,-1,12.790784,1,12.831744,0.805888,13.637632
8080,7,7,-1,-1,-1,-1,-1,12.76416,1,12.826624,0.80896,13.635584
8081,7,7,-1,-1,-1,-1,-1,12.79488,1,12.849152,0.806912,13.656064
8082,7,7,-1,-1,-1,-1,-1,12.78464,1,12.848128,0.80896,13.657088
8083,7,7,-1,-1,-1,-1,-1,12.776448,1,12.84096,0.806912,13.647872
8084,7,7,-1,-1,-1,-1,-1,12.772352,1,12.827648,0.809984,13.637632
8085,7,7,-1,-1,-1,-1,-1,12.792832,1,12.855296,0.80896,13.664256
8086,7,7,-1,-1,-1,-1,-1,12.783616,1,12.8256,0.806912,13.632512
8087,7,7,-1,-1,-1,-1,-1,12.790784,1,12.832768,0.805888,13.638656
8088,7,7,-1,-1,-1,-1,-1,12.790784,1,12.832768,0.805888,13.638656
8089,7,7,-1,-1,-1,-1,-1,12.771328,1,12.812288,0.812032,13.62432
8090,7,7,-1,-1,-1,-1,-1,12.768256,1,12.809216,0.807936,13.617152
8091,7,7,-1,-1,-1,-1,-1,12.801024,1,12.841984,0.807936,13.64992
8092,7,7,-1,-1,-1,-1,-1,12.8,1,12.843008,0.80896,13.651968
8093,7,7,-1,-1,-1,-1,-1,12.803072,1,12.844032,0.81408,13.658112
8094,7,7,-1,-1,-1,-1,-1,12.76928,1,12.812288,0.812032,13.62432
8095,7,7,-1,-1,-1,-1,-1,12.777472,1,12.819456,0.806912,13.626368
8096,7,7,-1,-1,-1,-1,-1,12.78976,1,12.852224,0.813056,13.66528
8097,7,7,-1,-1,-1,-1,-1,12.792832,1,12.84608,0.807936,13.654016
8098,7,7,-1,-1,-1,-1,-1,12.792832,1,12.857344,0.813056,13.6704
8099,7,7,-1,-1,-1,-1,-1,12.78976,1,12.854272,0.804864,13.659136
8100,7,7,-1,-1,-1,-1,-1,12.787712,1,12.849152,0.80384,13.652992
8101,7,7,-1,-1,-1,-1,-1,12.808192,1,12.87168,0.806912,13.678592
8102,7,7,-1,-1,-1,-1,-1,12.8,1,12.84096,0.809984,13.650944
8103,7,7,-1,-1,-1,-1,-1,12.782592,1,12.822528,0.809984,13.632512
8104,7,7,-1,-1,-1,-1,-1,12.778496,1,12.819456,0.804864,13.62432
8105,7,7,-1,-1,-1,-1,-1,12.777472,1,12.818432,0.807936,13.626368
8106,7,7,-1,-1,-1,-1,-1,12.801024,1,12.843008,0.806912,13.64992
8107,5,5,-1,-1,-1,-1,-1,12.653568,1,12.695552,0.799744,13.495296
8108,5,5,-1,-1,-1,-1,-1,12.660736,1,12.700672,0.797696,13.498368
8109,4,4,-1,-1,-1,-1,-1,12.572672,1,12.612608,0.797696,13.410304
8110,3,3,-1,-1,-1,-1,-1,12.378112,1,12.419072,0.792576,13.211648
8111,3,3,-1,-1,-1,-1,-1,12.371968,1,12.413952,0.7936,13.207552
8112,3,3,-1,-1,-1,-1,-1,12.367872,1,12.407808,0.797696,13.205504
8113,3,3,-1,-1,-1,-1,-1,12.368896,1,12.43136,0.796672,13.228032
8114,3,3,-1,-1,-1,-1,-1,12.396544,1,12.438528,0.796672,13.2352
8115,3,3,-1,-1,-1,-1,-1,12.406784,1,12.470272,0.795648,13.26592
8116,3,3,-1,-1,-1,-1,-1,12.391424,1,12.454912,0.794624,13.249536
8117,2,2,-1,-1,-1,-1,-1,12.220416,1,12.261376,0.792576,13.053952
8118,2,2,-1,-1,-1,-1,-1,12.229632,1,12.270592,0.790528,13.06112
8119,2,2,-1,-1,-1,-1,-1,12.217344,1,12.25728,0.791552,13.048832
8120,2,2,-1,-1,-1,-1,-1,12.22656,1,12.268544,0.789504,13.058048
8121,2,2,-1,-1,-1,-1,-1,12.208128,1,12.249088,0.792576,13.041664
8122,2,2,-1,-1,-1,-1,-1,12.22144,1,12.2624,0.7936,13.056
8123,2,2,-1,-1,-1,-1,-1,12.214272,1,12.256256,0.794624,13.05088
