step,sched_reqs,sched_tokens,batch,num_query_tokens,sum_seq_len,num_spec_tokens,draft_ms,target_fwd_ms,n_target_fwd,exec_ms,sample_ms,step_ms
0,16,80,16,80,80,3,4.922368,19.188736,1,500.372467,185.187332,685.559799
1,16,64,16,64,144,3,3.060736,17.483776,1,373.346313,3589.577637,3962.92395
2,1,1025,1,1025,1025,3,5.46816,-1,0,94.226433,6.299648,100.526081
3,9,8192,9,8192,9217,3,22.709248,-1,0,508.981262,23.581696,532.562958
4,16,7216,16,7216,16433,3,21.075968,-1,0,452.08371,22.016001,474.09971
5,16,64,16,64,16495,3,2.548736,19.350529,1,19.397633,3.523584,22.921216
6,16,64,16,64,16541,3,2.531328,18.930689,1,18.975744,3.503104,22.478848
7,16,64,16,64,16582,3,2.52928,18.72896,1,18.796543,3.478528,22.275071
8,16,64,16,64,16626,3,2.520064,18.614271,1,18.68288,3.483648,22.166528
9,16,64,16,64,16666,3,2.510848,18.567167,1,18.633728,3.465216,22.098944
10,16,64,16,64,16700,3,2.511872,18.594816,1,18.661377,3.462144,22.123521
11,16,64,16,64,16740,3,2.516992,18.577408,1,18.633728,3.46624,22.099968
12,16,64,16,64,16786,3,2.506752,18.458624,1,18.523136,3.467264,21.9904
13,16,64,16,64,16827,3,2.512896,18.446337,1,18.510847,3.484672,21.995519
14,16,64,16,64,16862,3,2.51392,18.436096,1,18.495487,3.465216,21.960703
15,16,64,16,64,16904,3,2.521088,18.445312,1,18.511871,3.493888,22.005759
16,16,64,16,64,16954,3,2.510848,18.495487,1,18.562048,3.462144,22.024192
17,16,64,16,64,16987,3,2.509824,18.478081,1,18.54464,3.467264,22.011904
18,16,64,16,64,17032,3,2.51904,18.492416,1,18.558975,3.472384,22.031359
19,16,64,16,64,17070,3,2.510848,18.492416,1,18.536448,3.472384,22.008832
20,16,64,16,64,17102,3,2.504704,18.44224,1,18.503679,3.464192,21.967871
21,16,64,16,64,17144,3,2.511872,18.453505,1,18.509825,3.467264,21.977089
22,16,64,16,64,17172,3,2.514944,18.443264,1,18.507776,3.470336,21.978112
23,16,64,16,64,17202,3,2.509824,18.451456,1,18.516993,3.458048,21.975041
24,16,64,16,64,17244,3,2.515968,18.444288,1,18.508801,3.464192,21.972992
25,16,64,16,64,17278,3,2.509824,18.447359,1,18.489344,3.457024,21.946368
26,16,64,16,64,17317,3,2.514944,18.475008,1,18.541569,3.479552,22.021121
27,16,64,16,64,17354,3,2.518016,18.447359,1,18.51392,3.464192,21.978112
28,16,64,16,64,17385,3,2.511872,18.449408,1,18.491392,3.474432,21.965824
29,16,64,16,64,17422,3,2.518016,18.459648,1,18.500608,3.467264,21.967872
30,16,64,16,64,17462,3,2.51904,18.456575,1,18.518017,3.473408,21.991425
31,16,64,16,64,17502,3,2.515968,18.464767,1,18.52928,3.462144,21.991424
32,16,64,16,64,17537,3,2.514944,18.470913,1,18.536448,3.465216,22.001663
33,16,64,16,64,17583,3,2.525184,18.463743,1,18.528255,3.474432,22.002687
34,16,64,16,64,17615,3,2.523136,18.460672,1,18.527231,3.470336,21.997567
35,16,64,16,64,17650,3,2.51392,18.469889,1,18.51392,3.46112,21.97504
36,16,64,16,64,17692,3,2.518016,18.511871,1,18.579456,3.480576,22.060032
37,16,64,16,64,17730,3,2.516992,18.493441,1,18.559999,3.465216,22.025215
38,16,64,16,64,17764,3,2.515968,18.494465,1,18.562048,3.478528,22.040576
39,16,64,16,64,17801,3,2.51904,18.479103,1,18.545664,3.473408,22.019072
40,16,64,16,64,17841,3,2.515968,18.491392,1,18.556929,3.479552,22.036481
41,16,64,16,64,17882,3,2.520064,18.460672,1,18.525185,3.47136,21.996545
42,16,64,16,64,17925,3,2.51392,18.477057,1,18.54464,3.46624,22.01088
43,16,64,16,64,17961,3,2.515968,18.504704,1,18.548737,3.46112,22.009856
44,16,64,16,64,17998,3,2.516992,18.495487,1,18.561024,3.468288,22.029312
45,16,64,16,64,18033,3,2.51904,18.518017,1,18.586624,3.468288,22.054912
46,16,64,16,64,18069,3,2.51904,18.510847,1,18.579456,3.483648,22.063104
47,16,64,16,64,18114,3,2.516992,18.509825,1,18.577408,3.465216,22.042624
48,16,64,16,64,18147,3,2.521088,18.470913,1,18.535423,3.480576,22.015999
49,16,64,16,64,18184,3,2.521088,18.732033,1,18.798592,3.488768,22.28736
50,16,1085,16,1085,18100,3,5.098496,-1,0,77.106178,6.06208,83.168258
51,16,64,16,64,18137,3,2.592768,19.532801,1,19.601408,3.575808,23.177216
52,16,1085,16,1085,18038,3,5.047296,-1,0,78.982147,6.006784,84.988931
53,16,64,16,64,18073,3,2.586624,19.529728,1,19.591167,3.560448,23.151615
54,16,2106,16,2106,17856,3,7.804928,-1,0,141.010941,8.767488,149.778428
55,16,1085,16,1085,17768,3,5.04832,-1,0,79.086594,6.004736,85.09133
56,16,1085,16,1085,17671,3,5.06368,-1,0,78.642174,6.01088,84.653054
57,16,64,16,64,17715,3,2.592768,19.642368,1,19.708927,3.55328,23.262207
58,16,3126,16,3126,17372,3,10.390528,-1,0,202.796036,11.35616,214.152196
59,16,4147,16,4147,16872,3,13.062144,-1,0,270.155762,13.99808,284.153842
60,16,2105,16,2105,16665,3,7.84384,-1,0,144.329727,8.786944,153.116672
61,16,1085,16,1085,16590,3,5.052416,-1,0,79.138817,5.994496,85.133313
62,16,64,16,64,16633,3,2.547712,19.024897,1,19.069952,3.513344,22.583296
63,16,64,16,64,16673,3,2.533376,18.826241,1,18.892799,3.488768,22.381567
64,16,64,16,64,16716,3,2.533376,18.662399,1,18.729984,3.50208,22.232064
65,16,64,16,64,16759,3,2.521088,18.580481,1,18.644993,3.484672,22.129665
66,16,64,16,64,16795,3,2.514944,18.542591,1,18.613249,3.483648,22.096897
67,16,64,16,64,16828,3,2.521088,18.583551,1,18.651136,3.477504,22.12864
68,16,64,16,64,16870,3,2.510848,18.543615,1,18.6112,3.454976,22.066176
69,16,64,16,64,16914,3,2.514944,18.444288,1,18.508801,3.47136,21.98016
70,16,64,16,64,16953,3,2.510848,18.494465,1,18.562048,3.460096,22.022144
71,16,64,16,64,16995,3,2.509824,18.51392,1,18.575359,3.458048,22.033407
72,16,64,16,64,17035,3,2.518016,18.481152,1,18.538496,3.465216,22.003712
73,16,64,16,64,17073,3,2.514944,18.522112,1,18.566145,3.474432,22.040577
74,16,64,16,64,17113,3,2.515968,18.488319,1,18.552832,3.462144,22.014976
75,16,64,16,64,17158,3,2.518016,18.46784,1,18.531328,3.477504,22.008832
76,16,64,16,64,17202,3,2.518016,18.459648,1,18.525185,3.470336,21.995521
77,16,64,16,64,17237,3,2.518016,18.476032,1,18.541569,3.480576,22.022145
78,16,64,16,64,17282,3,2.51392,18.481152,1,18.545664,3.477504,22.023168
79,16,64,16,64,17327,3,2.512896,18.462721,1,18.527231,3.485696,22.012927
80,16,64,16,64,17371,3,2.521088,18.480127,1,18.541569,3.469312,22.010881
81,16,64,16,64,17415,3,2.512896,18.456575,1,18.521088,3.465216,21.986304
82,16,64,16,64,17447,3,2.51392,18.487295,1,18.549761,3.46112,22.010881
83,16,64,16,64,17487,3,2.520064,18.45248,1,18.509825,3.488768,21.998593
84,16,64,16,64,17532,3,2.520064,18.491392,1,18.557953,3.473408,22.031361
85,16,64,16,64,17582,3,2.51392,18.491392,1,18.557953,3.460096,22.018049
86,16,64,16,64,17621,3,2.526208,18.461697,1,18.52928,3.475456,22.004736
87,16,64,16,64,17653,3,2.514944,18.518017,1,18.582527,3.46112,22.043647
88,16,64,16,64,17689,3,2.51392,18.484224,1,18.541569,3.4816,22.023169
89,16,64,16,64,17725,3,2.504704,18.475008,1,18.53952,3.453952,21.993472
90,16,64,16,64,17763,3,2.52416,18.512896,1,18.578432,3.4816,22.060032
91,16,64,16,64,17799,3,2.51392,18.508801,1,18.573313,3.475456,22.048769
92,16,64,16,64,17825,3,2.526208,18.508801,1,18.564096,3.4816,22.045696
93,16,64,16,64,17859,3,2.522112,18.487295,1,18.54464,3.473408,22.018048
94,16,64,16,64,17897,3,2.520064,18.519039,1,18.583551,3.479552,22.063103
95,16,64,16,64,17934,3,2.51904,18.4832,1,18.547712,3.494912,22.042624
96,16,64,16,64,17971,3,2.526208,18.494465,1,18.561024,3.480576,22.0416
97,16,64,16,64,18007,3,2.515968,18.549761,1,18.615295,3.480576,22.095871
98,16,64,16,64,18040,3,2.520064,18.499584,1,18.556929,3.492864,22.049793
99,16,64,16,64,18077,3,2.531328,18.496511,1,18.564096,3.488768,22.052865
100,16,1085,16,1085,17983,3,5.06368,-1,0,77.163521,6.020096,83.183617
101,16,64,16,64,18019,3,2.540544,19.195904,1,19.255297,3.505152,22.760449
102,16,64,16,64,18060,3,2.54464,18.927616,1,18.987007,3.514368,22.501375
103,16,64,16,64,18102,3,2.531328,18.761728,1,18.828287,3.497984,22.326271
104,16,3125,16,3125,17743,3,10.38848,-1,0,201.358337,11.342848,212.701185
105,16,64,16,64,17791,3,2.552832,19.223553,1,19.281919,3.52256,22.804479
106,16,64,16,64,17832,3,2.538496,18.917376,1,18.987007,3.495936,22.482943
107,16,1085,16,1085,17751,3,5.098496,-1,0,77.581314,6.05696,83.638274
108,16,64,16,64,17789,3,2.557952,19.196928,1,19.267584,3.536896,22.80448
109,16,64,16,64,17827,3,2.561024,19.253248,1,19.321856,3.5328,22.854656
110,16,2105,16,2105,17605,3,7.86432,-1,0,141.978622,8.838144,150.816767
111,16,64,16,64,17645,3,2.564096,19.72224,1,19.766272,3.518464,23.284736
112,16,1085,16,1085,17556,3,5.075968,-1,0,77.992958,6.024192,84.01715
113,16,1085,16,1085,17468,3,5.08928,-1,0,79.318016,6.0416,85.359616
114,16,1085,16,1085,17362,3,5.050368,-1,0,79.279106,6.01088,85.289986
115,16,2106,16,2106,17129,3,7.9104,-1,0,143.665146,8.887296,152.552442
116,16,1085,16,1085,17032,3,5.076992,-1,0,79.259651,6.0416,85.301251
117,16,1085,16,1085,16924,3,5.154816,-1,0,79.648766,6.109184,85.757949
118,16,1085,16,1085,16836,3,5.0944,-1,0,80.441345,6.04672,86.488065
119,16,1085,16,1085,16737,3,5.12512,-1,0,80.24781,6.08768,86.33549
120,16,64,16,64,16779,3,2.557952,19.182592,1,19.241983,3.534848,22.776831
121,16,64,16,64,16812,3,2.546688,18.826241,1,18.885632,3.511296,22.396928
122,16,64,16,64,16859,3,2.528256,18.644993,1,18.712576,3.489792,22.202368
123,16,64,16,64,16897,3,2.514944,18.561024,1,18.628609,3.463168,22.091777
124,16,64,16,64,16935,3,2.522112,18.635777,1,18.702335,3.489792,22.192127
125,16,64,16,64,16978,3,2.52416,18.57024,1,18.639872,3.493888,22.133759
126,16,64,16,64,17015,3,2.5088,18.601984,1,18.660353,3.456,22.116353
127,16,64,16,64,17057,3,2.509824,18.507776,1,18.573313,3.473408,22.046721
128,16,64,16,64,17104,3,2.51392,18.514944,1,18.582527,3.464192,22.046719
129,16,64,16,64,17145,3,2.514944,18.478081,1,18.545664,3.467264,22.012928
130,16,64,16,64,17188,3,2.51392,18.470913,1,18.538496,3.480576,22.019072
131,16,64,16,64,17226,3,2.514944,18.439169,1,18.49856,3.459072,21.957632
132,16,64,16,64,17267,3,2.51392,18.500608,1,18.568192,3.463168,22.031359
133,16,64,16,64,17309,3,2.5088,18.469889,1,18.537472,3.473408,22.01088
134,16,64,16,64,17344,3,2.5088,18.493441,1,18.550783,3.472384,22.023167
135,16,64,16,64,17380,3,2.511872,18.496511,1,18.564096,3.463168,22.027264
136,16,64,16,64,17422,3,2.51904,18.477057,1,18.54464,3.482624,22.027264
137,16,64,16,64,17459,3,2.512896,18.488319,1,18.555904,3.470336,22.02624
138,16,64,16,64,17503,3,2.505728,18.458624,1,18.504704,3.47136,21.976063
139,16,64,16,64,17539,3,2.511872,18.506752,1,18.573313,3.467264,22.040577
140,16,64,16,64,17575,3,2.510848,18.482176,1,18.549761,3.46112,22.010881
141,16,64,16,64,17609,3,2.511872,18.451456,1,18.518017,3.470336,21.988353
142,16,64,16,64,17642,3,2.516992,18.4576,1,18.525185,3.4816,22.006785
143,16,64,16,64,17687,3,2.51904,18.493441,1,18.558975,3.46112,22.020095
144,16,64,16,64,17725,3,2.51904,18.475008,1,18.540545,3.46624,22.006784
145,16,64,16,64,17759,3,2.514944,18.511871,1,18.578432,3.470336,22.048768
146,16,64,16,64,17797,3,2.518016,18.476032,1,18.53952,3.467264,22.006784
147,16,64,16,64,17823,3,2.523136,18.480127,1,18.523136,3.469312,21.992448
148,16,64,16,64,17854,3,2.518016,18.695168,1,18.761728,3.463168,22.224896
149,16,64,16,64,17884,3,2.51392,18.751488,1,18.807808,3.460096,22.267904
150,16,1084,16,1084,17784,3,5.088256,-1,0,77.132797,6.034432,83.167229
151,16,64,16,64,17832,3,2.57024,19.154943,1,19.223553,3.54304,22.766593
152,16,64,16,64,17871,3,2.547712,18.891775,1,18.955263,3.50208,22.457343
153,16,64,16,64,17905,3,2.53952,18.743296,1,18.809856,3.503104,22.31296
154,16,64,16,64,17949,3,2.52928,18.667521,1,18.734079,3.492864,22.226943
155,16,64,16,64,17990,3,2.531328,18.612225,1,18.677759,3.483648,22.161407
156,16,64,16,64,18024,3,2.5344,18.625536,1,18.694143,3.497984,22.192127
157,16,1085,16,1085,17935,3,5.08416,-1,0,77.309952,6.044672,83.354624
158,16,64,16,64,17977,3,2.568192,19.581951,1,19.653631,3.528704,23.182335
159,16,3127,16,3127,17637,3,10.372096,-1,0,203.291641,11.319296,214.610937
160,16,64,16,64,17681,3,2.57024,19.615744,1,19.678207,3.530752,23.208959
161,16,1085,16,1085,17595,3,5.087232,-1,0,78.302208,6.043648,84.345856
162,16,64,16,64,17632,3,2.555904,19.286016,1,19.352575,3.530752,22.883327
163,16,64,16,64,17675,3,2.541568,19.097601,1,19.168257,3.513344,22.681601
164,16,3127,16,3127,17319,3,10.387456,-1,0,202.573822,11.346944,213.920766
165,16,1085,16,1085,17235,3,5.090304,-1,0,80.057343,6.052864,86.110207
166,16,64,16,64,17271,3,2.56,19.147776,1,19.210239,3.533824,22.744063
167,16,1085,16,1085,17184,3,5.090304,-1,0,78.138367,6.054912,84.193279
168,16,64,16,64,17229,3,2.567168,19.192833,1,19.262465,3.544064,22.806529
169,16,64,16,64,17271,3,2.54464,19.041281,1,19.111937,3.51744,22.629377
170,16,1085,16,1085,17180,3,5.085184,-1,0,77.69088,6.040576,83.731456
171,16,64,16,64,17216,3,2.557952,19.206144,1,19.269632,3.514368,22.784
172,16,1085,16,1085,17120,3,5.041152,-1,0,78.075905,6.00064,84.076545
173,16,64,16,64,17162,3,2.548736,19.238913,1,19.283968,3.516416,22.800384
174,16,1085,16,1085,17059,3,5.093376,-1,0,78.210045,6.04672,84.256765
175,16,64,16,64,17098,3,2.578432,19.265535,1,19.33312,3.544064,22.877184
176,16,64,16,64,17128,3,2.550784,19.0208,1,19.081217,3.531776,22.612993
177,16,64,16,64,17170,3,2.535424,18.789375,1,18.854912,3.497984,22.352896
178,16,1085,16,1085,17065,3,5.095424,-1,0,77.785088,6.054912,83.84
179,16,64,16,64,17110,3,2.564096,19.368959,1,19.437569,3.521536,22.959105
180,16,1085,16,1085,17016,3,5.05344,-1,0,77.817856,6.014976,83.832832
181,16,64,16,64,17062,3,2.55488,19.072001,1,19.138559,3.52256,22.661119
182,16,64,16,64,17111,3,2.536448,18.837503,1,18.906113,3.489792,22.395905
183,16,64,16,64,17156,3,2.52416,18.683905,1,18.749439,3.489792,22.239231
184,16,64,16,64,17202,3,2.523136,18.571264,1,18.637823,3.4816,22.119423
185,16,64,16,64,17242,3,2.521088,18.557953,1,18.623487,3.478528,22.102015
186,16,64,16,64,17279,3,2.520064,18.549761,1,18.615295,3.475456,22.090751
187,16,64,16,64,17315,3,2.522112,18.543615,1,18.610176,3.480576,22.090752
188,16,64,16,64,17352,3,2.51904,18.488319,1,18.55488,3.485696,22.040576
189,16,64,16,64,17390,3,2.512896,18.49856,1,18.561024,3.474432,22.035456
190,16,64,16,64,17430,3,2.521088,18.506752,1,18.564096,3.482624,22.046721
191,16,64,16,64,17474,3,2.507776,18.487295,1,18.553856,3.454976,22.008832
192,16,64,16,64,17508,3,2.516992,18.503679,1,18.547712,3.46112,22.008832
193,16,64,16,64,17546,3,2.523136,18.464767,1,18.531328,3.468288,21.999616
194,16,64,16,64,17585,3,2.515968,18.458624,1,18.525185,3.459072,21.984257
195,16,64,16,64,17618,3,2.528256,18.46784,1,18.535423,3.475456,22.010879
196,16,1085,16,1085,17534,3,5.092352,-1,0,77.438972,6.054912,83.493885
197,16,64,16,64,17574,3,2.548736,19.238913,1,19.283968,3.519488,22.803456
198,16,64,16,64,17604,3,2.533376,18.870272,1,18.936832,3.503104,22.439936
199,16,64,16,64,17647,3,2.535424,18.674688,1,18.741247,3.489792,22.231039
200,16,64,16,64,17680,3,2.533376,18.561024,1,18.627584,3.489792,22.117377
201,16,64,16,64,17722,3,2.516992,18.621441,1,18.688,3.47648,22.16448
202,16,64,16,64,17759,3,2.526208,18.573313,1,18.639872,3.482624,22.122496
203,16,64,16,64,17800,3,2.52416,18.546688,1,18.613249,3.47648,22.089729
204,16,64,16,64,17844,3,2.514944,18.534401,1,18.601984,3.46624,22.068224
205,16,64,16,64,17886,3,2.516992,18.537472,1,18.601984,3.473408,22.075392
206,16,64,16,64,17916,3,2.515968,18.540545,1,18.606079,3.477504,22.083583
207,16,64,16,64,17959,3,2.518016,18.566145,1,18.63168,3.480576,22.112256
208,16,64,16,64,17994,3,2.511872,18.563072,1,18.629633,3.46112,22.090753
209,16,64,16,64,18038,3,2.523136,18.594816,1,18.659328,3.490816,22.150145
210,16,64,16,64,18080,3,2.521088,18.782207,1,18.840576,3.474432,22.315008
211,16,4148,16,4148,17606,3,13.054976,-1,0,266.324982,14.009344,280.334326
212,16,64,16,64,17653,3,2.553856,19.40992,1,19.482624,3.511296,22.99392
213,16,2106,16,2106,17438,3,7.856128,-1,0,141.985794,8.825856,150.81165
214,16,64,16,64,17477,3,2.58048,19.372032,1,19.441664,3.567616,23.00928
215,16,64,16,64,17516,3,2.543616,19.093504,1,19.158016,3.521536,22.679552
216,16,64,16,64,17548,3,2.528256,18.975744,1,19.042303,3.480576,22.522879
217,16,2105,16,2105,17329,3,7.837696,-1,0,142.146561,8.800256,150.946816
218,16,1085,16,1085,17232,3,5.09952,-1,0,79.136765,6.071296,85.208061
219,16,64,16,64,17270,3,2.573312,19.236864,1,19.297279,3.546112,22.843391
220,16,64,16,64,17309,3,2.538496,18.925568,1,18.983936,3.49696,22.480896
221,16,64,16,64,17342,3,2.522112,18.716673,1,18.781183,3.474432,22.255615
222,16,64,16,64,17381,3,2.52416,18.525185,1,18.582527,3.47648,22.059007
223,16,64,16,64,17419,3,2.538496,18.706432,1,18.774015,3.492864,22.266879
224,16,1084,16,1084,17324,3,5.103616,-1,0,77.153282,6.050816,83.204098
225,16,64,16,64,17363,3,2.572288,19.417088,1,19.486719,3.530752,23.017471
226,16,64,16,64,17397,3,2.552832,19.351551,1,19.418112,3.525632,22.943744
227,16,64,16,64,17436,3,2.546688,19.154943,1,19.216385,3.499008,22.715393
228,16,3127,16,3127,17055,3,10.395648,-1,0,201.955322,11.354112,213.309434
229,16,64,16,64,17097,3,2.568192,19.26656,1,19.334145,3.551232,22.885377
230,16,64,16,64,17145,3,2.538496,18.982912,1,19.052544,3.513344,22.565888
231,16,1085,16,1085,17044,3,5.078016,-1,0,77.860863,6.042624,83.903487
232,16,64,16,64,17085,3,2.582528,19.221504,1,19.284992,3.545088,22.83008
233,16,64,16,64,17123,3,2.52928,18.822144,1,18.882561,3.500032,22.382593
234,16,64,16,64,17156,3,2.510848,18.668545,1,18.738176,3.467264,22.20544
235,16,64,16,64,17197,3,2.521088,18.659328,1,18.721792,3.487744,22.209536
236,16,64,16,64,17229,3,2.51904,18.725887,1,18.792448,3.474432,22.26688
237,16,64,16,64,17275,3,2.516992,18.685951,1,18.751488,3.483648,22.235136
238,16,64,16,64,17320,3,2.520064,18.717695,1,18.784256,3.467264,22.25152
239,16,64,16,64,17370,3,2.516992,18.681856,1,18.746368,3.467264,22.213632
240,16,1085,16,1085,17266,3,5.082112,-1,0,77.385727,6.038528,83.424255
241,16,64,16,64,17311,3,2.58048,19.234816,1,19.302401,3.561472,22.863873
242,16,64,16,64,17350,3,2.556928,18.993153,1,19.06176,3.515392,22.577152
243,16,64,16,64,17382,3,2.525184,18.711552,1,18.778112,3.487744,22.265857
244,16,64,16,64,17425,3,2.520064,18.549761,1,18.613249,3.469312,22.082561
245,16,64,16,64,17467,3,2.523136,18.542591,1,18.610176,3.48672,22.096896
246,16,64,16,64,17507,3,2.526208,18.566145,1,18.635777,3.494912,22.130688
247,16,64,16,64,17539,3,2.532352,18.584576,1,18.652161,3.483648,22.135809
248,16,64,16,64,17575,3,2.51392,18.485249,1,18.545664,3.46112,22.006784
249,16,64,16,64,17616,3,2.520064,18.559999,1,18.625536,3.465216,22.090752
250,16,64,16,64,17653,3,2.521088,18.536448,1,18.593792,3.47136,22.065152
251,16,64,16,64,17699,3,2.521088,18.465792,1,18.532352,3.469312,22.001664
252,16,64,16,64,17742,3,2.515968,18.470913,1,18.537472,3.468288,22.00576
253,16,1085,16,1085,17643,3,5.08928,-1,0,77.495293,6.035456,83.530749
254,16,64,16,64,17687,3,2.556928,19.239937,1,19.282944,3.530752,22.813696
255,16,64,16,64,17731,3,2.527232,18.940928,1,19.007488,3.489792,22.49728
256,16,64,16,64,17779,3,2.532352,18.718719,1,18.786304,3.505152,22.291456
257,16,1085,16,1085,17692,3,5.088256,-1,0,77.484032,6.030336,83.514368
258,16,64,16,64,17733,3,2.561024,19.180544,1,19.239937,3.519488,22.759425
259,16,64,16,64,17774,3,2.548736,18.996223,1,19.063808,3.509248,22.573056
260,16,64,16,64,17820,3,2.54464,18.771969,1,18.83136,3.501056,22.332416
261,16,64,16,64,17853,3,2.5344,18.644993,1,18.710527,3.49184,22.202367
262,16,64,16,64,17892,3,2.52928,18.613249,1,18.678783,3.487744,22.166528
263,16,64,16,64,17931,3,2.525184,18.80064,1,18.843649,3.473408,22.317057
264,16,64,16,64,17967,3,2.528256,18.870272,1,18.935808,3.487744,22.423552
265,16,1085,16,1085,17887,3,5.091328,-1,0,77.40416,6.057984,83.462143
266,16,2105,16,2105,17658,3,7.867392,-1,0,143.47673,8.832,152.30873
267,16,64,16,64,17706,3,2.57024,19.694592,1,19.764223,3.52768,23.291903
268,16,2105,16,2105,17484,3,7.888896,-1,0,142.238724,8.853504,151.092228
269,16,64,16,64,17523,3,2.596864,19.701759,1,19.767296,3.575808,23.343104
270,16,2105,16,2105,17292,3,7.852032,-1,0,142.373886,8.813568,151.187454
271,16,1085,16,1085,17186,3,5.097472,-1,0,79.779839,6.060032,85.83987
272,16,64,16,64,17230,3,2.564096,19.147776,1,19.213312,3.546112,22.759424
273,16,64,16,64,17267,3,2.548736,18.829311,1,18.896896,3.50208,22.398976
274,16,64,16,64,17304,3,2.527232,18.671616,1,18.741247,3.485696,22.226943
275,16,64,16,64,17349,3,2.52416,18.537472,1,18.603008,3.470336,22.073344
276,16,64,16,64,17389,3,2.522112,18.568192,1,18.630655,3.47136,22.102015
277,16,64,16,64,17427,3,2.521088,18.557953,1,18.624512,3.47648,22.100992
278,16,64,16,64,17469,3,2.518016,18.836479,1,18.904064,3.4816,22.385664
279,16,3127,16,3127,17115,3,10.391552,-1,0,202.091522,11.338752,213.430274
280,16,64,16,64,17163,3,2.589696,19.324928,1,19.39456,3.556352,22.950912
281,16,64,16,64,17207,3,2.566144,19.043327,1,19.108864,3.521536,22.6304
282,16,1085,16,1085,17106,3,5.0944,-1,0,78.070786,6.059008,84.129794
283,16,64,16,64,17145,3,2.582528,19.390465,1,19.458048,3.55328,23.011328
284,16,64,16,64,17188,3,2.54464,19.090431,1,19.15904,3.492864,22.651904
285,16,64,16,64,17225,3,2.52416,18.854912,1,18.921473,3.478528,22.400001
286,16,64,16,64,17271,3,2.531328,18.772991,1,18.838528,3.479552,22.31808
287,16,64,16,64,17313,3,2.51904,18.726912,1,18.792448,3.490816,22.283264
288,16,64,16,64,17353,3,2.52928,18.832384,1,18.897921,3.480576,22.378497
289,16,64,16,64,17398,3,2.518016,18.925568,1,18.969601,3.492864,22.462465
290,16,64,16,64,17435,3,2.515968,18.742271,1,18.810881,3.488768,22.299649
291,16,1085,16,1085,17326,3,5.08416,-1,0,77.444099,6.044672,83.488771
292,16,64,16,64,17365,3,2.563072,19.357697,1,19.402752,3.519488,22.92224
293,16,64,16,64,17404,3,2.552832,19.038208,1,19.103745,3.514368,22.618113
294,16,64,16,64,17441,3,2.530304,18.8416,1,18.911232,3.48672,22.397952
295,16,64,16,64,17484,3,2.52416,18.780161,1,18.848768,3.489792,22.33856
296,16,64,16,64,17523,3,2.522112,18.8416,1,18.908159,3.47648,22.384639
297,16,64,16,64,17561,3,2.52416,18.705408,1,18.771969,3.477504,22.249473
298,16,1085,16,1085,17450,3,5.090304,-1,0,77.164543,6.0416,83.206143
299,16,64,16,64,17498,3,2.57024,19.252224,1,19.318785,3.540992,22.859777
300,16,64,16,64,17537,3,2.562048,18.925568,1,18.995199,3.521536,22.516735
301,16,64,16,64,17571,3,2.5344,18.726912,1,18.78528,3.485696,22.270976
302,16,64,16,64,17611,3,2.531328,18.613249,1,18.679808,3.4816,22.161408
303,16,1085,16,1085,17522,3,5.09952,-1,0,77.523972,6.043648,83.567619
304,16,64,16,64,17564,3,2.567168,19.124224,1,19.190784,3.54816,22.738945
305,16,64,16,64,17601,3,2.545664,18.855936,1,18.922497,3.500032,22.422529
306,16,64,16,64,17637,3,2.53952,18.837503,1,18.912256,3.508224,22.42048
307,16,64,16,64,17671,3,2.523136,18.768896,1,18.833408,3.473408,22.306816
308,16,64,16,64,17707,3,2.530304,18.760704,1,18.826241,3.490816,22.317057
309,16,64,16,64,17746,3,2.53952,18.741247,1,18.805759,3.490816,22.296576
310,16,64,16,64,17787,3,2.516992,18.722816,1,18.786304,3.464192,22.250496
311,16,64,16,64,17825,3,2.51904,18.675713,1,18.740225,3.463168,22.203393
312,16,64,16,64,17867,3,2.51904,18.727936,1,18.793472,3.470336,22.263808
313,16,64,16,64,17898,3,2.525184,18.700289,1,18.762753,3.47136,22.234113
314,16,2105,16,2105,17676,3,7.849984,-1,0,140.777466,8.797184,149.57465
315,16,1085,16,1085,17569,3,5.107712,-1,0,79.815681,6.069248,85.88493
316,16,64,16,64,17614,3,2.551808,19.191809,1,19.260416,3.523584,22.784
317,16,1085,16,1085,17523,3,5.0944,-1,0,77.984772,6.049792,84.034564
318,16,1084,16,1084,17436,3,5.075968,-1,0,79.396866,6.035456,85.432322
319,16,1085,16,1085,17358,3,5.095424,-1,0,79.372292,6.054912,85.427204
320,16,1085,16,1085,17274,3,5.10976,-1,0,80.05632,6.054912,86.111232
321,16,64,16,64,17319,3,2.558976,19.231745,1,19.299328,3.514368,22.813696
322,16,64,16,64,17364,3,2.54464,18.906113,1,18.94912,3.50208,22.4512
323,16,64,16,64,17408,3,2.536448,18.850817,1,18.908159,3.495936,22.404095
324,16,64,16,64,17457,3,2.523136,18.668545,1,18.735104,3.477504,22.212608
325,16,64,16,64,17496,3,2.525184,18.638847,1,18.704384,3.4816,22.185984
326,16,1085,16,1085,17395,3,5.095424,-1,0,77.291519,6.044672,83.336191
327,16,64,16,64,17430,3,2.577408,19.371008,1,19.415039,3.560448,22.975487
328,16,1085,16,1085,17339,3,5.098496,-1,0,78.235649,6.059008,84.294657
329,16,64,16,64,17383,3,2.571264,19.663872,1,19.724289,3.540992,23.265281
330,16,1085,16,1085,17283,3,5.10464,-1,0,78.706688,6.075392,84.78208
331,16,64,16,64,17321,3,2.57024,19.355648,1,19.415039,3.534848,22.949887
332,16,64,16,64,17367,3,2.54976,19.059711,1,19.128321,3.519488,22.647809
333,16,64,16,64,17404,3,2.528256,18.946049,1,19.013632,3.480576,22.494208
334,16,1085,16,1085,17315,3,5.095424,-1,0,77.632515,6.060032,83.692547
335,16,1085,16,1085,17215,3,5.095424,-1,0,79.862785,6.050816,85.913601
336,16,1085,16,1085,17128,3,5.090304,-1,0,79.828995,6.050816,85.879811
337,16,64,16,64,17167,3,2.564096,19.32288,1,19.367935,3.534848,22.902783
338,16,64,16,64,17201,3,2.541568,19.129345,1,19.197952,3.49696,22.694912
339,16,64,16,64,17242,3,2.52928,18.855936,1,18.91328,3.4816,22.394881
340,16,1085,16,1085,17144,3,5.083136,-1,0,77.856766,6.032384,83.88915
341,16,64,16,64,17188,3,2.555904,19.232767,1,19.291136,3.521536,22.812672
342,16,64,16,64,17231,3,2.541568,18.916351,1,18.982912,3.501056,22.483968
343,16,64,16,64,17275,3,2.538496,18.727936,1,18.792448,3.49184,22.284288
344,16,64,16,64,17308,3,2.530304,18.662399,1,18.726912,3.478528,22.20544
345,16,64,16,64,17362,3,2.52416,18.612225,1,18.655231,3.473408,22.128639
346,16,64,16,64,17401,3,2.52928,18.596865,1,18.662399,3.483648,22.146047
347,16,64,16,64,17435,3,2.51904,18.617344,1,18.674688,3.47136,22.146048
348,16,64,16,64,17481,3,2.520064,18.52928,1,18.59584,3.469312,22.065152
349,16,64,16,64,17516,3,2.511872,18.481152,1,18.542591,3.463168,22.005759
350,16,64,16,64,17552,3,2.520064,18.473984,1,18.538496,3.472384,22.01088
351,16,64,16,64,17587,3,2.514944,18.455551,1,18.522112,3.459072,21.981184
352,16,64,16,64,17633,3,2.535424,18.603008,1,18.663424,3.479552,22.142976
353,16,64,16,64,17668,3,2.507776,18.64192,1,18.707457,3.454976,22.162433
354,16,1085,16,1085,17570,3,5.08928,-1,0,77.705215,6.052864,83.75808
355,16,64,16,64,17614,3,2.56,19.262465,1,19.331072,3.516416,22.847488
356,16,64,16,64,17654,3,2.53952,18.921473,1,18.984961,3.493888,22.478848
357,16,64,16,64,17685,3,2.528256,18.708481,1,18.752512,3.477504,22.230016
358,16,64,16,64,17719,3,2.537472,18.620417,1,18.684929,3.487744,22.172673
359,16,64,16,64,17747,3,2.526208,18.571264,1,18.613249,3.478528,22.091777
360,16,64,16,64,17788,3,2.525184,18.757631,1,18.819073,3.475456,22.294529
361,16,64,16,64,17823,3,2.527232,18.850817,1,18.916351,3.480576,22.396927
362,16,64,16,64,17861,3,2.52928,18.700289,1,18.768896,3.489792,22.258688
363,16,64,16,64,17897,3,2.51904,18.746368,1,18.810881,3.46624,22.277121
364,16,64,16,64,17928,3,2.535424,18.756607,1,18.801664,3.480576,22.28224
365,16,64,16,64,17962,3,2.531328,18.647039,1,18.7136,3.47648,22.19008
366,16,1085,16,1085,17855,3,5.102592,-1,0,77.375488,6.069248,83.444736
367,16,1085,16,1085,17768,3,5.09952,-1,0,79.597565,6.057984,85.655549
368,16,64,16,64,17813,3,2.598912,19.464191,1,19.533825,3.580928,23.114753
369,16,1085,16,1085,17720,3,5.102592,-1,0,78.426109,6.065152,84.491261
370,16,1084,16,1084,17630,3,5.108736,-1,0,80.090111,6.069248,86.159359
371,16,1085,16,1085,17532,3,5.098496,-1,0,79.545341,6.059008,85.60435
372,16,64,16,64,17572,3,2.589696,19.556353,1,19.627008,3.564544,23.191552
373,16,64,16,64,17616,3,2.567168,19.398657,1,19.460096,3.52256,22.982656
374,16,1084,16,1084,17524,3,5.087232,-1,0,77.419518,6.047744,83.467261
375,16,64,16,64,17568,3,2.57024,19.405825,1,19.472383,3.54304,23.015424
376,16,2105,16,2105,17348,3,7.90528,-1,0,142.538757,8.861696,151.400454
377,16,64,16,64,17391,3,2.5856,19.580929,1,19.647488,3.546112,23.1936
378,16,64,16,64,17428,3,2.561024,19.329023,1,19.398657,3.513344,22.912001
379,16,64,16,64,17468,3,2.54464,18.998272,1,19.063808,3.49696,22.560768
380,16,1084,16,1084,17340,3,5.10976,-1,0,77.753342,6.079488,83.832829
381,16,64,16,64,17370,3,2.569216,19.471359,1,19.538944,3.534848,23.073792
382,16,64,16,64,17409,3,2.55488,19.08736,1,19.158016,3.520512,22.678528
383,16,2106,16,2106,17180,3,7.861248,-1,0,142.139389,8.807424,150.946813
384,16,64,16,64,17217,3,2.578432,19.393536,1,19.451904,3.538944,22.990848
385,16,64,16,64,17260,3,2.541568,19.108864,1,19.167233,3.499008,22.66624
386,16,1085,16,1085,17165,3,5.083136,-1,0,77.695999,6.027264,83.723263
387,16,64,16,64,17201,3,2.558976,19.169279,1,19.236864,3.518464,22.755328
388,16,1085,16,1085,17120,3,5.118976,-1,0,78.80909,6.066176,84.875266
389,16,64,16,64,17158,3,2.574336,19.215361,1,19.281919,3.545088,22.827008
390,16,64,16,64,17193,3,2.547712,18.973696,1,19.019775,3.508224,22.527999
391,16,64,16,64,17238,3,2.533376,18.778112,1,18.836479,3.4816,22.318079
392,16,64,16,64,17281,3,2.527232,18.635777,1,18.696192,3.475456,22.171648
393,16,64,16,64,17319,3,2.525184,18.593792,1,18.653185,3.484672,22.137857
394,16,64,16,64,17364,3,2.527232,18.584576,1,18.650112,3.479552,22.129664
395,16,1085,16,1085,17266,3,5.082112,-1,0,77.731842,6.029312,83.761154
396,16,64,16,64,17317,3,2.563072,19.169279,1,19.236864,3.526656,22.76352
397,16,64,16,64,17367,3,2.535424,19.008512,1,19.07712,3.49184,22.56896
398,16,1085,16,1085,17277,3,5.085184,-1,0,77.739006,6.029312,83.768318
399,16,64,16,64,17315,3,2.561024,19.210239,1,19.269632,3.519488,22.78912
400,16,64,16,64,17364,3,2.546688,18.912256,1,18.980864,3.501056,22.48192
401,16,64,16,64,17408,3,2.52928,18.664448,1,18.732033,3.47648,22.208513
402,16,64,16,64,17445,3,2.523136,18.535423,1,18.599936,3.473408,22.073344
403,16,1085,16,1085,17362,3,5.139456,-1,0,78.137344,6.093824,84.231168
404,16,64,16,64,17402,3,2.561024,19.313663,1,19.382273,3.52256,22.904833
405,16,64,16,64,17439,3,2.55488,19.055616,1,19.115007,3.511296,22.626303
406,16,64,16,64,17466,3,2.536448,18.729984,1,18.796543,3.488768,22.285311
407,16,64,16,64,17501,3,2.527232,18.60096,1,18.643969,3.472384,22.116353
408,16,64,16,64,17542,3,2.521088,18.576384,1,18.64192,3.479552,22.121472
409,16,64,16,64,17583,3,2.523136,18.547712,1,18.613249,3.479552,22.092801
410,16,64,16,64,17615,3,2.5344,18.590719,1,18.656256,3.478528,22.134784
411,16,64,16,64,17655,3,2.51392,18.511871,1,18.568192,3.460096,22.028287
412,16,64,16,64,17692,3,2.511872,18.506752,1,18.574335,3.46624,22.040575
413,16,64,16,64,17723,3,2.518016,18.553856,1,18.618368,3.467264,22.085632
414,16,64,16,64,17770,3,2.521088,18.532352,1,18.596865,3.472384,22.069249
415,16,64,16,64,17817,3,2.520064,18.500608,1,18.556929,3.473408,22.030337
416,16,64,16,64,17859,3,2.521088,18.440191,1,18.504704,3.475456,21.98016
417,16,64,16,64,17899,3,2.514944,18.709503,1,18.768896,3.463168,22.232064
418,16,1085,16,1085,17802,3,5.090304,-1,0,77.196289,6.040576,83.236865
419,16,64,16,64,17837,3,2.579456,19.612673,1,19.674112,3.54304,23.217152
420,16,1084,16,1084,17745,3,5.087232,-1,0,78.059517,6.043648,84.103165
421,16,64,16,64,17786,3,2.572288,19.52256,1,19.590143,3.536896,23.127039
422,16,64,16,64,17825,3,2.574336,19.190784,1,19.250175,3.536896,22.787071
423,16,64,16,64,17867,3,2.528256,18.977793,1,19.035135,3.480576,22.515711
424,16,1085,16,1085,17751,3,5.122048,-1,0,77.542397,6.074368,83.616765
425,16,1085,16,1085,17629,3,5.12,-1,0,80.332802,6.064128,86.39693
426,16,1085,16,1085,17551,3,5.091328,-1,0,79.504387,6.03648,85.540867
427,16,1085,16,1085,17456,3,5.097472,-1,0,79.824898,6.043648,85.868546
428,16,64,16,64,17493,3,2.57024,19.182592,1,19.248129,3.529728,22.777857
429,16,64,16,64,17536,3,2.546688,19.038208,1,19.105791,3.508224,22.614015
430,16,1085,16,1085,17451,3,5.124096,-1,0,78.367744,6.07744,84.445184
431,16,1085,16,1085,17361,3,5.093376,-1,0,79.646721,6.03648,85.683201
432,16,64,16,64,17400,3,2.58048,19.23584,1,19.301376,3.546112,22.847488
433,16,64,16,64,17443,3,2.54976,19.24608,1,19.305471,3.50208,22.807551
434,16,64,16,64,17479,3,2.550784,18.982912,1,19.043327,3.504128,22.547455
435,16,1085,16,1085,17393,3,5.081088,-1,0,77.686783,6.030336,83.717119
436,16,1085,16,1085,17298,3,5.112832,-1,0,79.835136,6.055936,85.891072
437,16,1085,16,1085,17213,3,5.092352,-1,0,79.6119,6.039552,85.651453
438,16,64,16,64,17244,3,2.5856,19.362816,1,19.422209,3.55328,22.975489
439,16,64,16,64,17285,3,2.54976,19.059711,1,19.126272,3.504128,22.6304
440,16,64,16,64,17313,3,2.536448,18.971647,1,19.039232,3.49184,22.531072
441,16,64,16,64,17356,3,2.526208,18.854912,1,18.923519,3.477504,22.401023
442,16,1085,16,1085,17264,3,5.0944,-1,0,77.681664,6.0416,83.723264
443,16,64,16,64,17310,3,2.577408,19.297279,1,19.36384,3.546112,22.909952
444,16,64,16,64,17361,3,2.550784,19.188736,1,19.232767,3.513344,22.746111
445,16,64,16,64,17390,3,2.540544,18.87232,1,18.930689,3.495936,22.426625
446,16,64,16,64,17439,3,2.528256,18.768896,1,18.834433,3.484672,22.319105
447,16,1085,16,1085,17321,3,5.088256,-1,0,77.684738,6.034432,83.71917
448,16,64,16,64,17364,3,2.558976,19.324928,1,19.393536,3.51744,22.910976
449,16,1085,16,1085,17273,3,5.098496,-1,0,78.229507,6.047744,84.277251
450,16,64,16,64,17311,3,2.566144,19.169279,1,19.23584,3.536896,22.772736
451,16,64,16,64,17357,3,2.53952,18.894848,1,18.963455,3.494912,22.458367
452,16,1085,16,1085,17270,3,5.102592,-1,0,77.969406,6.048768,84.018174
453,16,64,16,64,17308,3,2.571264,19.168257,1,19.236864,3.536896,22.77376
454,16,1085,16,1085,17222,3,5.082112,-1,0,78.678017,6.028288,84.706305
455,16,64,16,64,17262,3,2.583552,19.232767,1,19.301376,3.547136,22.848512
456,16,64,16,64,17301,3,2.523136,18.970625,1,19.030016,3.480576,22.510592
457,16,64,16,64,17339,3,2.533376,18.688,1,18.749439,3.494912,22.244351
458,16,64,16,64,17376,3,2.523136,18.635777,1,18.695168,3.47136,22.166528
459,16,64,16,64,17414,3,2.514944,18.573313,1,18.640896,3.465216,22.106112
460,16,64,16,64,17455,3,2.525184,18.598911,1,18.663424,3.478528,22.141952
461,16,64,16,64,17493,3,2.52928,18.591743,1,18.731009,3.47648,22.207489
462,16,64,16,64,17518,3,2.510848,18.565121,1,18.630655,3.462144,22.092799
463,16,64,16,64,17560,3,2.51904,18.486273,1,18.550783,3.467264,22.018047
464,16,64,16,64,17600,3,2.52416,18.543615,1,18.609152,3.472384,22.081536
465,16,64,16,64,17633,3,2.520064,18.469889,1,18.537472,3.46624,22.003712
466,16,1085,16,1085,17544,3,5.13024,-1,0,77.944832,6.07744,84.022272
467,16,64,16,64,17571,3,2.574336,19.33312,1,19.401728,3.54304,22.944768
468,16,64,16,64,17611,3,2.540544,18.94912,1,18.994177,3.493888,22.488065
469,16,64,16,64,17649,3,2.53952,18.898945,1,18.957312,3.49696,22.454272
470,16,1084,16,1084,17548,3,5.126144,-1,0,77.408257,6.080512,83.488769
471,16,64,16,64,17588,3,2.5856,19.282944,1,19.34848,3.565568,22.914048
472,16,64,16,64,17639,3,2.566144,18.979839,1,19.048449,3.530752,22.579201
473,16,64,16,64,17673,3,2.54464,18.934784,1,19.00032,3.50208,22.5024
474,16,64,16,64,17714,3,2.528256,18.733055,1,18.798592,3.480576,22.279168
475,16,64,16,64,17762,3,2.537472,18.727936,1,18.786304,3.49184,22.278144
476,16,64,16,64,17810,3,2.54464,18.787329,1,18.853888,3.503104,22.356992
477,16,1085,16,1085,17714,3,5.118976,-1,0,77.762558,6.075392,83.83795
478,16,64,16,64,17759,3,2.569216,19.42528,1,19.49184,3.54304,23.03488
479,16,64,16,64,17807,3,2.564096,19.165184,1,19.234816,3.518464,22.75328
480,16,1085,16,1085,17713,3,5.0944,-1,0,78.093315,6.042624,84.135939
481,16,64,16,64,17753,3,2.5856,19.408895,1,19.47648,3.555328,23.031808
482,16,64,16,64,17794,3,2.546688,19.30752,1,19.372032,3.504128,22.87616
483,16,2106,16,2106,17566,3,7.863296,-1,0,142.902267,8.814592,151.71686
484,16,64,16,64,17612,3,2.574336,19.534847,1,19.623936,3.546112,23.170048
485,16,1084,16,1084,17513,3,5.088256,-1,0,78.32576,6.037504,84.363264
486,16,1085,16,1085,17406,3,5.098496,-1,0,79.857666,6.045696,85.903362
487,16,1085,16,1085,17309,3,5.088256,-1,0,79.810562,6.039552,85.850114
488,16,64,16,64,17358,3,2.569216,19.262465,1,19.331072,3.538944,22.870016
489,16,64,16,64,17399,3,2.546688,19.052544,1,19.122175,3.503104,22.625279
490,16,1085,16,1085,17305,3,5.124096,-1,0,78.436356,6.071296,84.507652
491,16,1085,16,1085,17210,3,5.113856,-1,0,80.333824,6.060032,86.393856
492,16,64,16,64,17246,3,2.551808,19.263489,1,19.321856,3.520512,22.842368
493,16,64,16,64,17288,3,2.532352,18.883583,1,18.942976,3.505152,22.448128
494,16,64,16,64,17330,3,2.532352,18.676737,1,18.742271,3.487744,22.230016
495,16,64,16,64,17369,3,2.522112,18.591743,1,18.658304,3.474432,22.132736
496,16,64,16,64,17409,3,2.523136,18.541569,1,18.608128,3.47136,22.079488
497,16,64,16,64,17444,3,2.523136,18.567167,1,18.630655,3.477504,22.108159
498,16,2106,16,2106,17229,3,7.863296,-1,0,141.752319,8.81664,150.568959
499,16,64,16,64,17269,3,2.577408,19.241983,1,19.308544,3.544064,22.852608
500,16,64,16,64,17312,3,2.54464,18.948095,1,19.006464,3.503104,22.509568
501,16,64,16,64,17348,3,2.530304,18.750463,1,18.792448,3.483648,22.276096
502,16,64,16,64,17379,3,2.528256,18.624512,1,18.692097,3.4816,22.173697
503,16,64,16,64,17416,3,2.52416,18.591743,1,18.660353,3.4816,22.141953
504,16,64,16,64,17460,3,2.527232,18.619392,1,18.683905,3.48672,22.170625
505,16,64,16,64,17499,3,2.518016,18.546688,1,18.6112,3.467264,22.078464
506,16,1085,16,1085,17413,3,5.138432,-1,0,77.845505,6.090752,83.936257
507,16,64,16,64,17449,3,2.558976,19.539968,1,19.608576,3.531776,23.140352
508,16,64,16,64,17493,3,2.541568,19.169279,1,19.236864,3.505152,22.742016
509,16,1085,16,1085,17398,3,5.13536,-1,0,78.088196,6.083584,84.17178
510,16,1085,16,1085,17308,3,5.112832,-1,0,80.38707,6.057984,86.445054
511,16,64,16,64,17352,3,2.581504,19.190784,1,19.257343,3.544064,22.801407
512,16,64,16,64,17392,3,2.558976,18.942976,1,18.988031,3.516416,22.504447
513,16,64,16,64,17436,3,2.543616,18.729984,1,18.788351,3.499008,22.287359
514,16,64,16,64,17474,3,2.525184,18.782207,1,18.847744,3.475456,22.3232
515,16,1084,16,1084,17380,3,5.08928,-1,0,77.299713,6.035456,83.335169
516,16,64,16,64,17428,3,2.566144,19.240959,1,19.299328,3.526656,22.825984
517,16,64,16,64,17470,3,2.53952,18.941952,1,19.008512,3.494912,22.503424
518,16,64,16,64,17518,3,2.531328,18.691072,1,18.75456,3.480576,22.235137
519,16,64,16,64,17555,3,2.51904,18.615295,1,18.680832,3.470336,22.151168
520,16,64,16,64,17597,3,2.526208,18.55488,1,18.621441,3.4816,22.103041
521,16,1085,16,1085,17519,3,5.122048,-1,0,77.878273,6.07232,83.950593
522,16,64,16,64,17563,3,2.596864,19.340288,1,19.407871,3.564544,22.972415
523,16,64,16,64,17605,3,2.53952,18.996223,1,19.042303,3.504128,22.546431
524,16,64,16,64,17648,3,2.535424,18.756607,1,18.799616,3.49696,22.296576
525,16,64,16,64,17684,3,2.521088,18.651136,1,18.717695,3.467264,22.184959
526,16,64,16,64,17730,3,2.51904,18.578432,1,18.644993,3.463168,22.108161
527,16,64,16,64,17766,3,2.527232,18.568192,1,18.629633,3.475456,22.105089
528,16,64,16,64,17805,3,2.5344,18.555904,1,18.620417,3.484672,22.105089
529,16,64,16,64,17843,3,2.514944,18.505728,1,18.548737,3.475456,22.024193
530,16,1084,16,1084,17743,3,5.132288,-1,0,77.659134,6.076416,83.73555
531,16,64,16,64,17781,3,2.598912,19.347456,1,19.414017,3.570688,22.984705
532,16,1085,16,1085,17684,3,5.098496,-1,0,78.552063,6.042624,84.594687
533,16,2106,16,2106,17465,3,7.865344,-1,0,143.728638,8.813568,152.542206
534,16,64,16,64,17518,3,2.577408,19.380224,1,19.439615,3.54304,22.982655
535,16,1085,16,1085,17445,3,5.118976,-1,0,78.649345,6.079488,84.728833
536,16,64,16,64,17489,3,2.562048,19.555328,1,19.618816,3.536896,23.155712
537,16,1084,16,1084,17392,3,5.08416,-1,0,78.920708,6.03136,84.952068
538,16,1085,16,1085,17285,3,5.085184,-1,0,79.790077,6.033408,85.823485
539,16,64,16,64,17337,3,2.56512,19.265535,1,19.325953,3.531776,22.857728
540,16,1085,16,1085,17253,3,5.08928,-1,0,78.771202,6.043648,84.81485
541,16,64,16,64,17287,3,2.57024,19.480576,1,19.524609,3.534848,23.059457
542,16,64,16,64,17328,3,2.551808,19.330048,1,19.397633,3.5072,22.904833
543,16,64,16,64,17364,3,2.537472,19.143681,1,19.210239,3.48672,22.696959
544,16,64,16,64,17410,3,2.536448,19.037184,1,19.104769,3.484672,22.589441
545,16,64,16,64,17449,3,2.541568,18.982912,1,19.049473,3.488768,22.538241
546,16,1085,16,1085,17344,3,5.131264,-1,0,78.123009,6.081536,84.204545
547,16,64,16,64,17382,3,2.58048,19.355648,1,19.417088,3.547136,22.964224
548,16,64,16,64,17419,3,2.553856,19.057665,1,19.117056,3.513344,22.6304
549,16,64,16,64,17462,3,2.533376,18.840576,1,18.908159,3.49184,22.399999
550,16,64,16,64,17500,3,2.532352,18.829311,1,18.894848,3.487744,22.382592
551,16,1085,16,1085,17394,3,5.128192,-1,0,78.255104,6.079488,84.334592
552,16,1085,16,1085,17304,3,5.0944,-1,0,79.885315,6.044672,85.929987
553,16,64,16,64,17345,3,2.567168,19.195904,1,19.264511,3.530752,22.795263
554,16,64,16,64,17381,3,2.56512,19.03104,1,19.098623,3.531776,22.630399
555,16,64,16,64,17414,3,2.532352,18.892799,1,18.961409,3.484672,22.446081
556,16,1085,16,1085,17317,3,5.12512,-1,0,78.488579,6.078464,84.567043
557,16,1085,16,1085,17238,3,5.08928,-1,0,79.996925,6.0416,86.038526
558,16,64,16,64,17286,3,2.584576,19.185663,1,19.231745,3.544064,22.775809
559,16,64,16,64,17330,3,2.545664,19.082239,1,19.141632,3.499008,22.64064
560,16,64,16,64,17369,3,2.535424,18.896896,1,18.964479,3.484672,22.449152
561,16,1085,16,1085,17285,3,5.092352,-1,0,78.078979,6.03648,84.115459
562,16,64,16,64,17327,3,2.556928,19.253248,1,19.320831,3.516416,22.837247
563,16,64,16,64,17363,3,2.535424,18.910208,1,18.975744,3.485696,22.46144
564,16,64,16,64,17391,3,2.528256,18.721792,1,18.792448,3.488768,22.281216
565,16,64,16,64,17424,3,2.523136,18.629633,1,18.67264,3.475456,22.148096
566,16,64,16,64,17467,3,2.52416,18.562048,1,18.624512,3.47648,22.100992
567,16,64,16,64,17505,3,2.531328,18.562048,1,18.622463,3.47648,22.098943
568,16,64,16,64,17548,3,2.52416,18.562048,1,18.628609,3.4816,22.110209
569,16,64,16,64,17592,3,2.523136,18.535423,1,18.60096,3.470336,22.071296
570,16,64,16,64,17633,3,2.510848,18.475008,1,18.540545,3.464192,22.004736
571,16,64,16,64,17669,3,2.512896,18.509825,1,18.575359,3.478528,22.053887
572,16,64,16,64,17702,3,2.522112,18.548737,1,18.609152,3.467264,22.076416
573,16,64,16,64,17739,3,2.518016,18.526209,1,18.590719,3.46624,22.056959
574,16,64,16,64,17774,3,2.520064,18.72896,1,18.794497,3.46624,22.260736
575,16,64,16,64,17813,3,2.51904,18.813951,1,18.879488,3.46624,22.345728
576,16,64,16,64,17854,3,2.531328,18.771969,1,18.837503,3.477504,22.315007
577,16,1085,16,1085,17752,3,5.136384,-1,0,77.876221,6.091776,83.967997
578,16,64,16,64,17787,3,2.592768,19.499008,1,19.559423,3.5584,23.117823
579,16,64,16,64,17820,3,2.556928,19.250175,1,19.310593,3.519488,22.830081
580,16,64,16,64,17856,3,2.537472,18.976768,1,19.045376,3.488768,22.534144
581,16,64,16,64,17893,3,2.526208,18.726912,1,18.783232,3.479552,22.262784
582,16,1085,16,1085,17815,3,5.13024,-1,0,78.076927,6.081536,84.158463
583,16,1085,16,1085,17728,3,5.110784,-1,0,79.949821,6.059008,86.00883
584,16,1085,16,1085,17648,3,5.10464,-1,0,80.371712,6.061056,86.432768
585,16,2106,16,2106,17434,3,7.929856,-1,0,144.528381,8.881152,153.409534
586,16,1085,16,1085,17321,3,5.110784,-1,0,80.126976,6.065152,86.192128
587,16,64,16,64,17367,3,2.589696,19.298304,1,19.357697,3.556352,22.914048
588,16,64,16,64,17411,3,2.557952,19.101696,1,19.162111,3.521536,22.683647
589,16,1085,16,1085,17319,3,5.144576,-1,0,78.839806,6.0928,84.932606
590,16,64,16,64,17360,3,2.573312,19.497984,1,19.564545,3.535872,23.100417
591,16,64,16,64,17396,3,2.538496,19.113983,1,19.17952,3.493888,22.673408
592,16,64,16,64,17438,3,2.540544,18.788351,1,18.84672,3.493888,22.340608
593,16,64,16,64,17474,3,2.540544,18.734079,1,18.80064,3.49184,22.29248
594,16,64,16,64,17518,3,2.523136,18.791424,1,18.857985,3.470336,22.328321
595,16,64,16,64,17563,3,2.52416,18.755585,1,18.820095,3.473408,22.293503
596,16,1085,16,1085,17477,3,5.12512,-1,0,78.119934,6.075392,84.195326
597,16,64,16,64,17521,3,2.576384,19.51232,1,19.577856,3.535872,23.113728
598,16,2106,16,2106,17281,3,7.929856,-1,0,143.560699,8.877056,152.437756
599,16,1085,16,1085,17199,3,5.105664,-1,0,80.11264,6.053888,86.166528
600,16,64,16,64,17249,3,2.558976,19.293184,1,19.359743,3.518464,22.878207
601,16,64,16,64,17290,3,2.532352,18.955263,1,19.018751,3.483648,22.502399
602,16,64,16,64,17321,3,2.538496,18.745344,1,18.809856,3.492864,22.30272
603,16,64,16,64,17362,3,2.528256,18.680832,1,18.748417,3.480576,22.228993
604,16,64,16,64,17398,3,2.528256,18.748417,1,18.811905,3.485696,22.297601
605,16,64,16,64,17435,3,2.535424,18.725887,1,18.793472,3.484672,22.278144
606,16,64,16,64,17466,3,2.531328,18.732033,1,18.796543,3.479552,22.276095
607,16,64,16,64,17505,3,2.522112,18.740225,1,18.795521,3.46624,22.261761
608,16,1085,16,1085,17406,3,5.122048,-1,0,77.855743,6.068224,83.923967
609,16,1084,16,1084,17302,3,5.075968,-1,0,80.15155,6.023168,86.174718
610,16,64,16,64,17343,3,2.563072,19.300352,1,19.359743,3.528704,22.888447
611,16,64,16,64,17378,3,2.550784,19.192833,1,19.259392,3.505152,22.764544
612,16,64,16,64,17423,3,2.535424,18.932735,1,18.999296,3.49184,22.491136
613,16,1085,16,1085,17320,3,5.132288,-1,0,77.992958,6.080512,84.07347
614,16,64,16,64,17360,3,2.603008,19.529728,1,19.597313,3.570688,23.168001
615,16,1085,16,1085,17266,3,5.100544,-1,0,78.964737,6.053888,85.018625
616,16,64,16,64,17311,3,2.569216,19.241983,1,19.310593,3.525632,22.836225
617,16,64,16,64,17355,3,2.536448,18.970625,1,19.039232,3.49184,22.531072
618,16,64,16,64,17396,3,2.535424,18.772991,1,18.838528,3.487744,22.326272
619,16,64,16,64,17431,3,2.52928,18.636801,1,18.70336,3.483648,22.187008
620,16,64,16,64,17460,3,2.525184,18.597889,1,18.640896,3.475456,22.116352
621,16,64,16,64,17503,3,2.532352,18.6112,1,18.677759,3.493888,22.171647
622,16,64,16,64,17535,3,2.52928,18.582527,1,18.625536,3.47648,22.102016
623,16,64,16,64,17572,3,2.502656,18.476032,1,18.532352,3.454976,21.987329
624,16,64,16,64,17610,3,2.507776,18.471935,1,18.538496,3.459072,21.997568
625,16,64,16,64,17658,3,2.514944,18.473984,1,18.538496,3.469312,22.007808
626,16,64,16,64,17700,3,2.518016,18.480127,1,18.547712,3.46624,22.013952
627,16,64,16,64,17739,3,2.507776,18.649088,1,18.714624,3.456,22.170624
628,16,1085,16,1085,17645,3,5.131264,-1,0,77.647873,6.079488,83.727361
629,16,64,16,64,17689,3,2.58048,19.258368,1,19.324928,3.542016,22.866944
630,16,64,16,64,17734,3,2.548736,18.970625,1,19.040257,3.499008,22.539264
631,16,64,16,64,17777,3,2.548736,18.812927,1,18.878464,3.50208,22.380544
632,16,64,16,64,17818,3,2.525184,18.892799,1,18.960384,3.474432,22.434816
633,16,64,16,64,17852,3,2.533376,18.919424,1,18.983936,3.480576,22.464512
634,16,64,16,64,17892,3,2.53952,18.938881,1,19.006464,3.487744,22.494208
635,16,2105,16,2105,17668,3,7.918592,-1,0,142.607361,8.866816,151.474176
636,16,64,16,64,17705,3,2.586624,19.632128,1,19.698689,3.561472,23.26016
637,16,1085,16,1085,17614,3,5.09952,-1,0,78.405632,6.04672,84.452352
638,16,64,16,64,17657,3,2.567168,19.694592,1,19.761152,3.526656,23.287808
639,16,3126,16,3126,17273,3,10.484736,-1,0,204.399612,11.43296,215.832572
640,16,64,16,64,17312,3,2.598912,19.634176,1,19.701759,3.570688,23.272447
641,16,1084,16,1084,17213,3,5.126144,-1,0,78.694397,6.079488,84.773885
642,16,64,16,64,17248,3,2.566144,19.265535,1,19.324928,3.525632,22.85056
643,16,64,16,64,17287,3,2.542592,18.910208,1,18.977793,3.495936,22.473729
644,16,64,16,64,17323,3,2.538496,18.676737,1,18.742271,3.490816,22.233088
645,16,64,16,64,17360,3,2.518016,18.78528,1,18.843649,3.467264,22.310913
646,16,64,16,64,17397,3,2.525184,18.723841,1,18.781183,3.473408,22.254591
647,16,1085,16,1085,17306,3,5.12,-1,0,77.902847,6.07232,83.975167
648,16,64,16,64,17348,3,2.576384,19.352575,1,19.412992,3.540992,22.953984
649,16,64,16,64,17387,3,2.551808,19.016705,1,19.084288,3.5072,22.591488
650,16,64,16,64,17418,3,2.535424,18.908159,1,18.964479,3.485696,22.450176
651,16,1085,16,1085,17329,3,5.15072,-1,0,78.647293,6.102016,84.749309
652,16,64,16,64,17369,3,2.581504,19.33824,1,19.406849,3.54304,22.949889
653,16,64,16,64,17402,3,2.543616,18.998272,1,19.063808,3.500032,22.56384
654,16,1085,16,1085,17308,3,5.148672,-1,0,78.180351,6.10816,84.288511
655,16,64,16,64,17356,3,2.583552,19.340288,1,19.399679,3.54816,22.947839
656,16,64,16,64,17395,3,2.537472,18.998272,1,19.056641,3.505152,22.561793
657,16,64,16,64,17439,3,2.536448,18.729984,1,18.796543,3.511296,22.307839
658,16,1085,16,1085,17350,3,5.147648,-1,0,78.750717,6.096896,84.847613
659,16,1085,16,1085,17256,3,5.096448,-1,0,80.123901,6.044672,86.168573
660,16,64,16,64,17294,3,2.582528,19.215361,1,19.274752,3.551232,22.825984
661,16,64,16,64,17335,3,2.552832,18.941952,1,19.010559,3.518464,22.529023
662,16,64,16,64,17370,3,2.54464,18.738176,1,18.783232,3.497984,22.281216
663,16,64,16,64,17403,3,2.54464,18.970625,1,19.037184,3.501056,22.53824
664,16,1085,16,1085,17308,3,5.131264,-1,0,78.665726,6.07744,84.743165
665,16,64,16,64,17345,3,2.576384,19.356672,1,19.418112,3.538944,22.957056
666,16,1085,16,1085,17247,3,5.123072,-1,0,78.952446,6.075392,85.027838
667,16,64,16,64,17294,3,2.587648,19.300352,1,19.367935,3.554304,22.922239
668,16,64,16,64,17327,3,2.55488,19.03616,1,19.103745,3.525632,22.629376
669,16,64,16,64,17362,3,2.52416,18.774015,1,18.839552,3.479552,22.319104
670,16,64,16,64,17403,3,2.5344,18.593792,1,18.658304,3.485696,22.144
671,16,64,16,64,17446,3,2.52928,18.563072,1,18.629633,3.495936,22.125569
672,16,64,16,64,17488,3,2.528256,18.565121,1,18.63168,3.493888,22.125567
673,16,64,16,64,17528,3,2.526208,18.661377,1,18.72896,3.473408,22.202368
674,16,64,16,64,17566,3,2.516992,18.685951,1,18.749439,3.469312,22.218751
675,16,64,16,64,17610,3,2.531328,18.629633,1,18.700289,3.478528,22.178817
676,16,1085,16,1085,17504,3,5.137408,-1,0,78.115837,6.085632,84.201469
677,16,64,16,64,17547,3,2.582528,19.268608,1,19.33824,3.552256,22.890496
678,16,64,16,64,17585,3,2.540544,18.945024,1,19.00544,3.49696,22.5024
679,16,64,16,64,17624,3,2.54464,18.911232,1,18.978815,3.492864,22.471679
680,16,64,16,64,17665,3,2.523136,18.808832,1,18.87232,3.472384,22.344704
681,16,64,16,64,17701,3,2.538496,18.700289,1,18.766848,3.48672,22.253568
682,16,64,16,64,17737,3,2.537472,18.725887,1,18.791424,3.488768,22.280192
683,16,1085,16,1085,17645,3,5.129216,-1,0,77.997055,6.07744,84.074495
684,16,64,16,64,17686,3,2.592768,19.281919,1,19.341312,3.551232,22.892545
685,16,64,16,64,17726,3,2.566144,19.007488,1,19.075071,3.520512,22.595583
686,16,64,16,64,17767,3,2.537472,18.835457,1,18.880512,3.492864,22.373376
687,16,64,16,64,17806,3,2.530304,18.639872,1,18.705408,3.47648,22.181888
688,16,64,16,64,17847,3,2.52416,18.674688,1,18.733055,3.474432,22.207487
689,16,1085,16,1085,17753,3,5.139456,-1,0,78.289917,6.091776,84.381693
690,16,1085,16,1085,17657,3,5.08928,-1,0,79.950851,6.0416,85.992452
691,16,1085,16,1085,17565,3,5.095424,-1,0,79.855614,6.045696,85.901309
692,16,2106,16,2106,17364,3,7.936,-1,0,144.704514,8.889344,153.593858
693,16,64,16,64,17415,3,2.573312,19.265535,1,19.336191,3.549184,22.885375
694,16,64,16,64,17451,3,2.555904,18.924543,1,18.984961,3.528704,22.513664
695,16,64,16,64,17481,3,2.532352,18.67264,1,18.742271,3.5072,22.249471
696,16,64,16,64,17512,3,2.531328,18.667521,1,18.734079,3.495936,22.230015
697,16,1085,16,1085,17422,3,5.138432,-1,0,78.085121,6.102016,84.187137
698,16,1084,16,1084,17339,3,5.091328,-1,0,80.278526,6.052864,86.33139
699,16,64,16,64,17383,3,2.567168,19.192833,1,19.262465,3.549184,22.811649
700,16,64,16,64,17418,3,2.5344,18.894848,1,18.962433,3.499008,22.461441
701,16,64,16,64,17455,3,2.5344,18.671616,1,18.742271,3.49696,22.239231
702,16,64,16,64,17496,3,2.528256,18.587648,1,18.633728,3.494912,22.12864
703,16,64,16,64,17536,3,2.533376,18.747393,1,18.816,3.505152,22.321152
704,16,1085,16,1085,17452,3,5.126144,-1,0,78.317566,6.090752,84.408318
705,16,2106,16,2106,17240,3,7.927808,-1,0,145.027069,8.899584,153.926653
706,16,1085,16,1085,17158,3,5.102592,-1,0,80.264191,6.066176,86.330367
707,16,64,16,64,17200,3,2.564096,19.207169,1,19.250175,3.528704,22.778879
708,16,64,16,64,17245,3,2.5344,18.914305,1,18.97472,3.493888,22.468608
709,16,64,16,64,17283,3,2.542592,18.923519,1,18.968576,3.501056,22.469632
710,16,64,16,64,17322,3,2.538496,18.891775,1,18.961409,3.505152,22.466561
711,16,1085,16,1085,17220,3,5.153792,-1,0,78.46093,6.119424,84.580354
712,16,64,16,64,17267,3,2.579456,19.461121,1,19.533825,3.555328,23.089153
713,16,64,16,64,17302,3,2.56,19.10272,1,19.171328,3.535872,22.7072
714,16,64,16,64,17347,3,2.521088,18.876415,1,18.946049,3.492864,22.438913
715,16,64,16,64,17386,3,2.52928,18.778112,1,18.840576,3.477504,22.31808
716,16,64,16,64,17419,3,2.52928,18.662399,1,18.732033,3.489792,22.221825
717,16,1085,16,1085,17315,3,5.107712,-1,0,78.219261,6.07232,84.291581
718,16,64,16,64,17362,3,2.591744,19.461121,1,19.531776,3.56864,23.100416
719,16,1084,16,1084,17262,3,5.074944,-1,0,78.39949,6.020096,84.419586
720,16,64,16,64,17298,3,2.581504,19.257343,1,19.319807,3.54816,22.867967
721,16,64,16,64,17335,3,2.54976,18.960384,1,19.030016,3.516416,22.546432
722,16,64,16,64,17371,3,2.532352,18.756607,1,18.827265,3.50208,22.329345
723,16,64,16,64,17407,3,2.522112,18.664448,1,18.733055,3.485696,22.218751
724,16,64,16,64,17446,3,2.52416,18.532352,1,18.577408,3.47136,22.048768
725,16,64,16,64,17482,3,2.52928,18.561024,1,18.628609,3.488768,22.117377
726,16,64,16,64,17525,3,2.52416,18.599936,1,18.668545,3.490816,22.159361
727,16,64,16,64,17570,3,2.521088,18.530304,1,18.588673,3.46624,22.054913
728,16,64,16,64,17606,3,2.51392,18.510847,1,18.577408,3.467264,22.044672
729,16,64,16,64,17643,3,2.515968,18.479103,1,18.54464,3.483648,22.028288
730,16,1085,16,1085,17553,3,5.136384,-1,0,78.123009,6.093824,84.216833
731,16,64,16,64,17595,3,2.56512,19.389441,1,19.458048,3.524608,22.982656
732,16,64,16,64,17644,3,2.542592,18.994177,1,19.055616,3.49696,22.552576
733,16,64,16,64,17679,3,2.536448,18.727936,1,18.788351,3.505152,22.293503
734,16,64,16,64,17718,3,2.528256,18.648064,1,18.7136,3.497984,22.211584
735,16,64,16,64,17760,3,2.523136,18.571264,1,18.637823,3.495936,22.133759
736,16,64,16,64,17795,3,2.531328,18.767872,1,18.826241,3.494912,22.321152
737,16,1085,16,1085,17713,3,5.081088,-1,0,77.805565,6.042624,83.848189
738,16,64,16,64,17753,3,2.586624,19.434496,1,19.504128,3.560448,23.064575
739,16,64,16,64,17789,3,2.56,19.191809,1,19.252224,3.535872,22.788096
740,16,2106,16,2106,17555,3,7.93088,-1,0,143.514618,8.895488,152.410106
741,16,64,16,64,17597,3,2.589696,19.219456,1,19.279873,3.574784,22.854657
742,16,64,16,64,17647,3,2.550784,18.924543,1,18.985985,3.518464,22.504449
743,16,2106,16,2106,17434,3,7.932928,-1,0,143.038467,8.901632,151.9401
744,16,64,16,64,17479,3,2.576384,19.536896,1,19.597313,3.557376,23.154689
745,16,1085,16,1085,17391,3,5.149696,-1,0,79.081474,6.100992,85.182467
746,16,64,16,64,17440,3,2.588672,19.485697,1,19.55328,3.551232,23.104512
747,16,64,16,64,17477,3,2.561024,19.218431,1,19.284992,3.516416,22.801408
748,16,1085,16,1085,17376,3,5.086208,-1,0,78.363647,6.03136,84.395008
749,16,1085,16,1085,17293,3,5.127168,-1,0,80.01638,6.075392,86.091772
750,16,64,16,64,17333,3,2.574336,19.218431,1,19.287041,3.533824,22.820865
751,16,64,16,64,17376,3,2.553856,19.013632,1,19.079168,3.51232,22.591488
752,16,64,16,64,17409,3,2.52928,18.738176,1,18.798592,3.479552,22.278144
753,16,64,16,64,17451,3,2.525184,18.619392,1,18.685951,3.47136,22.157311
754,16,1084,16,1084,17364,3,5.116928,-1,0,78.271484,6.068224,84.339708
755,16,64,16,64,17409,3,2.566144,19.542015,1,19.6096,3.525632,23.135232
756,16,64,16,64,17439,3,2.550784,19.116032,1,19.183617,3.509248,22.692865
757,16,64,16,64,17474,3,2.540544,18.880512,1,18.945024,3.493888,22.438912
758,16,1085,16,1085,17384,3,5.12,-1,0,78.193665,6.073344,84.267009
759,16,64,16,64,17429,3,2.588672,19.405825,1,19.470337,3.556352,23.026689
760,16,1085,16,1085,17338,3,5.13024,-1,0,79.144958,6.085632,85.23059
761,16,1085,16,1085,17245,3,5.090304,-1,0,80.407555,6.033408,86.440963
762,16,64,16,64,17286,3,2.567168,19.238913,1,19.30752,3.529728,22.837248
763,16,64,16,64,17329,3,2.536448,18.942976,1,19.009537,3.497984,22.507521
764,16,64,16,64,17363,3,2.546688,18.677759,1,18.743296,3.503104,22.2464
765,16,64,16,64,17411,3,2.525184,18.593792,1,18.660353,3.47648,22.136833
766,16,1084,16,1084,17329,3,5.083136,-1,0,77.623299,6.03648,83.659779
767,16,64,16,64,17372,3,2.593792,19.323904,1,19.368959,3.5584,22.927359
768,16,64,16,64,17415,3,2.550784,19.035135,1,19.105791,3.510272,22.616063
769,16,64,16,64,17459,3,2.543616,18.812927,1,18.878464,3.499008,22.377472
770,16,64,16,64,17499,3,2.528256,18.737152,1,18.805759,3.485696,22.291456
771,16,64,16,64,17531,3,2.530304,18.660353,1,18.714624,3.47648,22.191104
772,16,64,16,64,17570,3,2.537472,18.659328,1,18.724863,3.48672,22.211583
773,16,1084,16,1084,17462,3,5.121024,-1,0,77.735939,6.074368,83.810307
774,16,64,16,64,17507,3,2.582528,19.289087,1,19.349504,3.550208,22.899713
775,16,64,16,64,17550,3,2.561024,19.018751,1,19.08736,3.518464,22.605824
776,16,64,16,64,17582,3,2.547712,18.899967,1,18.966528,3.499008,22.465536
777,16,1085,16,1085,17498,3,5.117952,-1,0,78.180351,6.078464,84.258815
778,16,1085,16,1085,17405,3,5.086208,-1,0,80.385025,6.053888,86.438913
779,16,64,16,64,17456,3,2.58048,19.140608,1,19.185663,3.550208,22.735871
780,16,64,16,64,17498,3,2.54464,18.909184,1,18.976768,3.515392,22.492161
781,16,64,16,64,17539,3,2.535424,18.7136,1,18.781183,3.488768,22.269951
782,16,64,16,64,17585,3,2.53952,18.640896,1,18.708481,3.50208,22.210561
783,16,64,16,64,17624,3,2.528256,18.610176,1,18.674688,3.477504,22.152192
784,16,64,16,64,17669,3,2.527232,18.590719,1,18.658304,3.488768,22.147072
785,16,1085,16,1085,17589,3,5.178368,-1,0,78.385155,6.141952,84.527107
786,16,64,16,64,17631,3,2.581504,19.367935,1,19.428352,3.554304,22.982656
787,16,64,16,64,17672,3,2.552832,18.99008,1,19.050495,3.513344,22.563839
788,16,64,16,64,17711,3,2.5344,18.743296,1,18.807808,3.500032,22.30784
789,16,1085,16,1085,17627,3,5.134336,-1,0,78.295036,6.086656,84.381692
790,16,64,16,64,17659,3,2.593792,19.365889,1,19.434496,3.564544,22.99904
791,16,1085,16,1085,17572,3,5.10464,-1,0,78.948349,6.048768,84.997117
792,16,1085,16,1085,17487,3,5.15584,-1,0,80.78643,6.114304,86.900734
793,16,1085,16,1085,17406,3,5.083136,-1,0,80.279549,6.029312,86.308861
794,16,1084,16,1084,17329,3,5.113856,-1,0,79.653885,6.069248,85.723133
795,16,64,16,64,17369,3,2.566144,19.554304,1,19.622911,3.542016,23.164927
796,16,64,16,64,17405,3,2.547712,19.254272,1,19.319807,3.503104,22.822911
797,16,64,16,64,17445,3,2.530304,18.973696,1,19.038208,3.487744,22.525952
798,16,64,16,64,17475,3,2.536448,18.980864,1,19.042303,3.483648,22.525951
799,16,1085,16,1085,17375,3,5.141504,-1,0,78.395393,6.091776,84.487169
800,16,64,16,64,17411,3,2.593792,19.530752,1,19.603456,3.559424,23.16288
801,16,1085,16,1085,17304,3,5.093376,-1,0,78.611458,6.040576,84.652034
802,16,1084,16,1084,17221,3,5.143552,-1,0,80.677887,6.0928,86.770687
803,16,64,16,64,17269,3,2.579456,19.303425,1,19.36384,3.542016,22.905856
804,16,1085,16,1085,17180,3,5.092352,-1,0,78.853119,6.040576,84.893695
805,16,64,16,64,17219,3,2.581504,19.175425,1,19.244032,3.54304,22.787072
806,16,64,16,64,17257,3,2.55488,18.923519,1,18.991104,3.513344,22.504448
807,16,64,16,64,17289,3,2.541568,18.727936,1,18.797567,3.501056,22.298623
808,16,64,16,64,17318,3,2.527232,18.584576,1,18.652161,3.5072,22.159361
809,16,64,16,64,17353,3,2.523136,18.606079,1,18.673664,3.474432,22.148096
810,16,64,16,64,17387,3,2.526208,18.608128,1,18.674688,3.479552,22.15424
811,16,1085,16,1085,17302,3,5.127168,-1,0,78.108673,6.084608,84.193281
812,16,64,16,64,17338,3,2.576384,19.236864,1,19.304447,3.545088,22.849535
813,16,64,16,64,17378,3,2.5344,18.940928,1,19.009537,3.49696,22.506497
814,16,1085,16,1085,17300,3,5.128192,-1,0,78.34214,6.095872,84.438012
815,16,64,16,64,17341,3,2.589696,19.331072,1,19.392511,3.564544,22.957055
816,16,64,16,64,17376,3,2.531328,19.027967,1,19.089409,3.485696,22.575105
817,16,64,16,64,17412,3,2.535424,18.720768,1,18.764799,3.485696,22.250495
818,16,64,16,64,17460,3,2.52928,18.654207,1,18.721792,3.493888,22.21568
819,16,1069,16,1069,17368,3,5.146624,-1,0,78.374908,6.093824,84.468732
820,16,64,16,64,17411,3,2.57024,19.253248,1,19.321856,3.530752,22.852607
821,16,64,16,64,17455,3,2.548736,18.916351,1,18.983936,3.506176,22.490112
822,16,64,16,64,17487,3,2.535424,18.686975,1,18.743296,3.485696,22.228992
823,16,64,16,64,17521,3,2.528256,18.549761,1,18.615295,3.490816,22.106112
824,16,64,16,64,17564,3,2.518016,18.572289,1,18.636801,3.468288,22.105089
825,16,1085,16,1085,17472,3,5.13024,-1,0,78.018562,6.079488,84.09805
826,16,64,16,64,17517,3,2.573312,19.257343,1,19.316736,3.5328,22.849536
827,16,64,16,64,17552,3,2.538496,18.930689,1,18.998272,3.497984,22.496256
828,16,64,16,64,17589,3,2.547712,18.735104,1,18.801664,3.495936,22.2976
829,16,64,16,64,17628,3,2.520064,18.591743,1,18.656256,3.470336,22.126592
830,16,64,16,64,17667,3,2.532352,18.718719,1,18.784256,3.484672,22.268928
831,16,64,16,64,17703,3,2.536448,18.915327,1,18.970625,3.49696,22.467585
832,16,64,16,64,17735,3,2.51904,18.938881,1,18.999296,3.489792,22.489088
833,16,1085,16,1085,17632,3,5.124096,-1,0,78.314499,6.095872,84.410371
834,16,1085,16,1085,17543,3,5.08928,-1,0,80.543747,6.035456,86.579203
835,16,64,16,64,17574,3,2.567168,19.13344,1,19.192833,3.535872,22.728705
836,16,64,16,64,17605,3,2.543616,18.865152,1,18.932735,3.505152,22.437887
837,16,64,16,64,17640,3,2.527232,18.696192,1,18.756607,3.482624,22.239231
838,16,1085,16,1085,17551,3,5.133312,-1,0,78.046211,6.10304,84.149251
839,16,64,16,64,17593,3,2.567168,19.550207,1,19.617792,3.539968,23.15776
840,16,1085,16,1085,17509,3,5.087232,-1,0,79.028221,6.044672,85.072893
841,16,64,16,64,17548,3,2.576384,19.332096,1,19.399679,3.545088,22.944767
842,16,64,16,64,17580,3,2.537472,19.058687,1,19.124224,3.508224,22.632448
843,16,1085,16,1085,17481,3,5.12512,-1,0,78.290947,6.075392,84.366339
844,16,2106,16,2106,17262,3,7.9616,-1,0,145.017853,8.914944,153.932796
845,16,64,16,64,17307,3,2.5856,19.297279,1,19.366913,3.5584,22.925313
846,16,64,16,64,17346,3,2.54976,19.052544,1,19.113983,3.516416,22.630399
847,16,64,16,64,17380,3,2.546688,18.740225,1,18.808832,3.51744,22.326272
848,16,64,16,64,17426,3,2.542592,18.620417,1,18.689024,3.497984,22.187008
849,16,64,16,64,17458,3,2.525184,18.629633,1,18.69824,3.493888,22.192128
850,16,64,16,64,17501,3,2.525184,18.613249,1,18.675713,3.49184,22.167552
851,16,64,16,64,17545,3,2.522112,18.57024,1,18.637823,3.490816,22.128639
852,16,1085,16,1085,17455,3,5.134336,-1,0,78.249985,6.099968,84.349953
853,16,64,16,64,17490,3,2.558976,19.323904,1,19.380224,3.53792,22.918144
854,16,1085,16,1085,17408,3,5.092352,-1,0,78.610435,6.050816,84.661252
855,16,64,16,64,17444,3,2.58048,19.457024,1,19.517441,3.560448,23.077889
856,16,2106,16,2106,17213,3,7.926784,-1,0,143.427582,8.894464,152.322045
857,16,64,16,64,17253,3,2.574336,19.289087,1,19.358721,3.560448,22.919169
858,16,64,16,64,17286,3,2.54976,19.018751,1,19.064833,3.525632,22.590465
859,16,64,16,64,17333,3,2.5344,18.786304,1,18.854912,3.49696,22.351872
860,16,64,16,64,17370,3,2.52416,18.628609,1,18.69824,3.475456,22.173696
861,16,1085,16,1085,17284,3,5.13024,-1,0,78.472191,6.095872,84.568063
862,16,64,16,64,17321,3,2.569216,19.355648,1,19.419136,3.530752,22.949888
863,16,64,16,64,17363,3,2.538496,19.012608,1,19.080193,3.49696,22.577152
864,16,64,16,64,17407,3,2.528256,18.743296,1,18.813951,3.489792,22.303744
865,16,1085,16,1085,17326,3,5.127168,-1,0,78.058495,6.079488,84.137982
866,16,64,16,64,17378,3,2.574336,19.275776,1,19.347456,3.566592,22.914048
867,16,64,16,64,17425,3,2.553856,18.996223,1,19.064833,3.5328,22.597633
868,16,64,16,64,17456,3,2.522112,18.926592,1,18.997248,3.472384,22.469632
869,16,64,16,64,17486,3,2.538496,18.809856,1,18.879488,3.497984,22.377472
870,16,64,16,64,17526,3,2.52416,18.812927,1,18.880512,3.473408,22.35392
871,16,1085,16,1085,17426,3,5.12,-1,0,78.177277,6.084608,84.261885
872,16,64,16,64,17466,3,2.584576,19.534847,1,19.605503,3.561472,23.166975
873,16,1085,16,1085,17366,3,5.101568,-1,0,78.656509,6.054912,84.711421
874,16,64,16,64,17398,3,2.573312,19.184641,1,19.252224,3.538944,22.791168
875,16,64,16,64,17435,3,2.553856,18.962433,1,19.008512,3.515392,22.523905
876,16,64,16,64,17479,3,2.526208,18.681856,1,18.751488,3.50208,22.253568
877,16,64,16,64,17522,3,2.528256,18.75456,1,18.80064,3.479552,22.280192
878,16,64,16,64,17567,3,2.52928,18.76992,1,18.849792,3.479552,22.329345
879,16,64,16,64,17600,3,2.531328,18.75968,1,18.828287,3.485696,22.313983
880,16,64,16,64,17637,3,2.526208,18.818048,1,18.884607,3.473408,22.358015
881,16,1085,16,1085,17538,3,5.13024,-1,0,78.110718,6.086656,84.197374
882,16,64,16,64,17579,3,2.581504,19.482624,1,19.549185,3.557376,23.106561
883,16,64,16,64,17619,3,2.556928,19.111937,1,19.173376,3.530752,22.704128
884,16,64,16,64,17659,3,2.546688,18.902016,1,18.968576,3.504128,22.472704
885,16,64,16,64,17695,3,2.536448,18.835457,1,18.894848,3.487744,22.382592
886,16,64,16,64,17738,3,2.54464,19.007488,1,19.068928,3.503104,22.572032
887,16,64,16,64,17778,3,2.538496,18.968576,1,19.03616,3.488768,22.524928
888,16,64,16,64,17819,3,2.531328,18.984961,1,19.051519,3.483648,22.535167
889,16,4148,16,4148,17321,3,13.211648,-1,0,270.930939,14.155776,285.086715
890,16,64,16,64,17363,3,2.584576,19.355648,1,19.42528,3.567616,22.992896
891,16,64,16,64,17399,3,2.552832,19.064833,1,19.132416,3.511296,22.643712
892,16,64,16,64,17434,3,2.533376,18.789375,1,18.834433,3.492864,22.327296
893,16,64,16,64,17473,3,2.523136,18.615295,1,18.680832,3.474432,22.155264
894,16,64,16,64,17513,3,2.523136,18.619392,1,18.679808,3.493888,22.173696
895,16,64,16,64,17550,3,2.533376,18.610176,1,18.678783,3.48672,22.165504
896,16,64,16,64,17584,3,2.516992,18.767872,1,18.827265,3.483648,22.310913
897,16,64,16,64,17629,3,2.5344,18.710527,1,18.778112,3.48672,22.264832
898,16,1085,16,1085,17536,3,5.180416,-1,0,78.580734,6.140928,84.721662
899,16,1084,16,1084,17440,3,5.102592,-1,0,80.24678,6.052864,86.299644
900,16,64,16,64,17489,3,2.597888,19.516417,1,19.586048,3.577856,23.163904
901,16,2106,16,2106,17266,3,7.927808,-1,0,143.938553,8.896512,152.835065
902,16,64,16,64,17308,3,2.571264,19.313663,1,19.375105,3.549184,22.924289
903,16,64,16,64,17337,3,2.552832,19.109888,1,19.178495,3.530752,22.709247
904,16,64,16,64,17375,3,2.528256,18.845695,1,18.891775,3.493888,22.385663
905,16,64,16,64,17416,3,2.52928,18.783232,1,18.850817,3.479552,22.330369
906,16,64,16,64,17462,3,2.536448,18.88768,1,18.953217,3.489792,22.443009
907,16,2106,16,2106,17223,3,7.936,-1,0,143.460358,8.911872,152.37223
908,16,64,16,64,17268,3,2.577408,19.214336,1,19.259392,3.554304,22.813696
909,16,64,16,64,17319,3,2.548736,18.915327,1,18.960384,3.521536,22.48192
910,16,64,16,64,17352,3,2.531328,18.717695,1,18.78528,3.484672,22.269952
911,16,1085,16,1085,17268,3,5.131264,-1,0,78.387199,6.080512,84.467711
912,16,64,16,64,17310,3,2.562048,19.330048,1,19.398657,3.54304,22.941697
913,16,1084,16,1084,17238,3,5.122048,-1,0,78.560257,6.078464,84.638721
914,16,64,16,64,17276,3,2.573312,19.269632,1,19.337215,3.54304,22.880255
915,16,64,16,64,17310,3,2.540544,18.994177,1,19.039232,3.493888,22.53312
916,16,64,16,64,17351,3,2.532352,18.711552,1,18.768896,3.493888,22.262784
917,16,64,16,64,17392,3,2.526208,18.607103,1,18.676737,3.473408,22.150145
918,16,64,16,64,17437,3,2.5344,18.665472,1,18.732033,3.501056,22.233089
919,16,64,16,64,17468,3,2.52928,18.664448,1,18.731009,3.478528,22.209537
920,16,64,16,64,17508,3,2.525184,18.655231,1,18.720768,3.468288,22.189056
921,16,64,16,64,17537,3,2.528256,18.786304,1,18.852863,3.482624,22.335487
922,16,64,16,64,17582,3,2.51904,18.781183,1,18.84672,3.469312,22.316032
923,16,64,16,64,17614,3,2.531328,18.772991,1,18.838528,3.492864,22.331392
924,16,64,16,64,17652,3,2.518016,18.758656,1,18.823168,3.479552,22.30272
925,16,1085,16,1085,17550,3,5.116928,-1,0,78.019585,6.083584,84.103168
926,16,64,16,64,17592,3,2.582528,19.448832,1,19.509249,3.545088,23.054337
927,16,1085,16,1085,17476,3,5.103616,-1,0,78.698494,6.055936,84.75443
928,16,64,16,64,17510,3,2.563072,19.324928,1,19.391487,3.535872,22.927359
929,16,64,16,64,17544,3,2.5344,19.032064,1,19.09248,3.493888,22.586368
930,16,64,16,64,17588,3,2.540544,18.738176,1,18.803713,3.487744,22.291457
931,16,64,16,64,17623,3,2.533376,18.609152,1,18.651136,3.501056,22.152192
932,16,64,16,64,17655,3,2.515968,18.549761,1,18.615295,3.468288,22.083583
933,16,64,16,64,17693,3,2.527232,18.571264,1,18.628609,3.47648,22.105089
934,16,64,16,64,17729,3,2.514944,18.567167,1,18.633728,3.463168,22.096896
935,16,64,16,64,17767,3,2.522112,18.496511,1,18.561024,3.470336,22.03136
936,16,64,16,64,17805,3,2.523136,18.489344,1,18.553856,3.46624,22.020096
937,16,1085,16,1085,17720,3,5.168128,-1,0,78.394371,6.116352,84.510723
938,16,1085,16,1085,17639,3,5.112832,-1,0,80.750595,6.073344,86.823939
939,16,64,16,64,17682,3,2.577408,19.589121,1,19.649536,3.54304,23.192576
940,16,2106,16,2106,17452,3,7.934976,-1,0,143.333374,8.899584,152.232958
941,16,64,16,64,17493,3,2.573312,19.505152,1,19.551231,3.550208,23.101439
942,16,64,16,64,17530,3,2.555904,19.154943,1,19.215361,3.510272,22.725633
943,16,1085,16,1085,17431,3,5.138432,-1,0,78.320641,6.095872,84.416512
944,16,64,16,64,17471,3,2.588672,19.296255,1,19.357697,3.562496,22.920192
945,16,64,16,64,17515,3,2.553856,19.0208,1,19.088385,3.511296,22.599681
946,16,64,16,64,17554,3,2.537472,18.762753,1,18.828287,3.493888,22.322175
947,16,64,16,64,17596,3,2.551808,18.747393,1,18.811905,3.499008,22.310913
948,16,64,16,64,17629,3,2.540544,18.740225,1,18.804735,3.487744,22.292479
949,16,64,16,64,17669,3,2.541568,18.798592,1,18.865152,3.490816,22.355968
950,16,64,16,64,17703,3,2.532352,18.84672,1,18.912256,3.483648,22.395904
951,16,64,16,64,17741,3,2.537472,18.861055,1,18.926592,3.4816,22.408192
952,16,64,16,64,17787,3,2.533376,18.904064,1,18.968576,3.485696,22.454273
953,16,1085,16,1085,17679,3,5.17632,-1,0,78.434303,6.134784,84.569088
954,16,64,16,64,17719,3,2.609152,19.921921,1,19.980288,3.581952,23.56224
955,16,1084,16,1084,17614,3,5.102592,-1,0,78.518272,6.05184,84.570112
956,16,64,16,64,17650,3,2.579456,19.643393,1,19.703808,3.550208,23.254016
957,16,1085,16,1085,17541,3,5.147648,-1,0,79.202301,6.098944,85.301245
958,16,64,16,64,17580,3,2.591744,19.533825,1,19.593216,3.5584,23.151616
959,16,64,16,64,17620,3,2.550784,19.320831,1,19.389441,3.511296,22.900737
960,16,1084,16,1084,17501,3,5.144576,-1,0,78.305283,6.10816,84.413443
961,16,1085,16,1085,17407,3,5.092352,-1,0,80.749565,6.055936,86.805501
962,16,64,16,64,17448,3,2.567168,19.365889,1,19.426304,3.544064,22.970368
963,16,64,16,64,17484,3,2.548736,19.232767,1,19.299328,3.523584,22.822912
964,16,64,16,64,17526,3,2.541568,18.906113,1,18.972672,3.505152,22.477823
965,16,64,16,64,17562,3,2.540544,19.002369,1,19.068928,3.487744,22.556672
966,16,1085,16,1085,17470,3,5.124096,-1,0,78.40461,6.07232,84.47693
967,16,1085,16,1085,17374,3,5.098496,-1,0,80.447487,6.043648,86.491135
968,16,1053,16,1053,17270,3,5.078016,-1,0,79.598595,6.03136,85.629955
969,16,64,16,64,17312,3,2.581504,19.369984,1,19.439615,3.530752,22.970367
970,16,1084,16,1084,17197,3,5.101568,-1,0,78.776321,6.06208,84.838401
971,16,64,16,64,17233,3,2.582528,19.302401,1,19.372032,3.550208,22.92224
972,16,64,16,64,17280,3,2.548736,18.999296,1,19.059711,3.510272,22.569983
973,16,64,16,64,17327,3,2.532352,18.777088,1,18.845695,3.489792,22.335488
974,16,64,16,64,17357,3,2.532352,18.708481,1,18.774015,3.484672,22.258687
975,16,64,16,64,17399,3,2.527232,18.588673,1,18.654207,3.482624,22.136831
976,16,64,16,64,17436,3,2.521088,18.54464,1,18.612225,3.472384,22.084609
977,16,64,16,64,17479,3,2.52416,18.581505,1,18.648064,3.477504,22.125568
978,16,1085,16,1085,17394,3,5.124096,-1,0,78.042114,6.071296,84.11341
979,16,64,16,64,17441,3,2.583552,19.300352,1,19.369984,3.561472,22.931456
980,16,64,16,64,17482,3,2.557952,19.166208,1,19.226624,3.516416,22.74304
981,16,64,16,64,17515,3,2.540544,18.947071,1,19.01568,3.513344,22.529024
982,16,64,16,64,17559,3,2.522112,18.851839,1,18.915327,3.479552,22.394879
983,16,64,16,64,17591,3,2.535424,18.788351,1,18.855936,3.484672,22.340608
984,16,64,16,64,17625,3,2.541568,18.76992,1,18.835457,3.483648,22.319105
985,16,64,16,64,17663,3,2.535424,18.770945,1,18.813951,3.480576,22.294528
986,16,1085,16,1085,17548,3,5.147648,-1,0,78.182404,6.106112,84.288516
987,16,64,16,64,17594,3,2.594816,19.438593,1,19.505152,3.559424,23.064576
988,16,2105,16,2105,17381,3,7.969792,-1,0,143.429626,8.91904,152.348666
989,16,64,16,64,17419,3,2.583552,19.434496,1,19.504128,3.546112,23.05024
990,16,64,16,64,17458,3,2.551808,19.171328,1,19.23584,3.51232,22.74816
991,16,64,16,64,17494,3,2.543616,19.152897,1,19.196928,3.501056,22.697984
992,16,64,16,64,17546,3,2.530304,18.984961,1,19.051519,3.4816,22.533119
993,16,64,16,64,17578,3,2.533376,19.004416,1,19.068928,3.484672,22.5536
994,16,64,16,64,17615,3,2.532352,18.989056,1,19.044352,3.482624,22.526976
995,16,1085,16,1085,17518,3,5.147648,-1,0,78.53978,6.096896,84.636676
996,16,64,16,64,17560,3,2.568192,19.611649,1,19.68128,3.533824,23.215104
997,16,64,16,64,17607,3,2.548736,19.299328,1,19.362816,3.505152,22.867968
998,16,1085,16,1085,17504,3,5.136384,-1,0,78.248962,6.08768,84.336642
999,16,64,16,64,17540,3,2.5856,19.443712,1,19.511295,3.546112,23.057407
1000,16,64,16,64,17573,3,2.573312,19.20512,1,19.271681,3.535872,22.807553
1001,16,64,16,64,17610,3,2.541568,18.980864,1,19.048449,3.50208,22.550529
1002,16,1085,16,1085,17495,3,5.138432,-1,0,78.417923,6.088704,84.506627
1003,16,64,16,64,17536,3,2.58048,19.511295,1,19.570688,3.539968,23.110656
1004,16,64,16,64,17579,3,2.556928,19.330048,1,19.388416,3.519488,22.907904
1005,16,1085,16,1085,17484,3,5.12512,-1,0,78.307327,6.08256,84.389887
1006,16,64,16,64,17533,3,2.584576,19.449856,1,19.518463,3.554304,23.072767
1007,16,1085,16,1085,17435,3,5.098496,-1,0,78.922752,6.047744,84.970496
1008,16,64,16,64,17469,3,2.567168,19.365889,1,19.426304,3.52768,22.953984
1009,16,64,16,64,17506,3,2.546688,19.025921,1,19.085312,3.506176,22.591488
1010,16,64,16,64,17543,3,2.537472,18.907137,1,18.973696,3.490816,22.464512
1011,16,64,16,64,17585,3,2.5344,18.828287,1,18.892799,3.483648,22.376447
1012,16,1085,16,1085,17498,3,5.127168,-1,0,78.044159,6.074368,84.118527
1013,16,64,16,64,17535,3,2.596864,19.490816,1,19.533825,3.557376,23.091201
1014,16,64,16,64,17577,3,2.569216,19.177471,1,19.247105,3.521536,22.768641
1015,16,1085,16,1085,17470,3,5.151744,-1,0,78.710785,6.098944,84.809729
1016,16,1085,16,1085,17385,3,5.102592,-1,0,80.678909,6.050816,86.729725
1017,16,64,16,64,17430,3,2.567168,19.156992,1,19.225599,3.53792,22.763519
1018,16,64,16,64,17473,3,2.546688,18.878464,1,18.948095,3.505152,22.453247
1019,16,64,16,64,17509,3,2.5344,18.700289,1,18.765823,3.488768,22.254591
1020,16,64,16,64,17554,3,2.526208,18.577408,1,18.644993,3.477504,22.122497
1021,16,1085,16,1085,17466,3,5.126144,-1,0,78.315521,6.07744,84.392961
1022,16,1085,16,1085,17375,3,5.093376,-1,0,80.391167,6.040576,86.431743
1023,16,1085,16,1085,17284,3,5.103616,-1,0,79.80954,6.057984,85.867524
1024,16,64,16,64,17328,3,2.569216,19.18976,1,19.252224,3.538944,22.791168
1025,16,64,16,64,17365,3,2.552832,18.976768,1,19.0464,3.511296,22.557696
1026,16,64,16,64,17402,3,2.533376,18.681856,1,18.750463,3.483648,22.234112
1027,16,64,16,64,17446,3,2.51904,18.577408,1,18.634752,3.477504,22.112256
1028,16,64,16,64,17484,3,2.518016,18.572289,1,18.637823,3.47136,22.109183
1029,16,64,16,64,17514,3,2.527232,18.542591,1,18.5856,3.472384,22.057984
1030,16,64,16,64,17550,3,2.512896,18.693119,1,18.75968,3.459072,22.218752
1031,16,1085,16,1085,17461,3,5.137408,-1,0,78.281731,6.08256,84.364291
1032,16,64,16,64,17502,3,2.572288,19.457024,1,19.524609,3.54304,23.067649
1033,16,64,16,64,17537,3,2.552832,19.116032,1,19.180544,3.515392,22.695936
1034,16,1085,16,1085,17445,3,5.139456,-1,0,78.658562,6.08768,84.746242
1035,16,64,16,64,17489,3,2.583552,19.559423,1,19.627008,3.555328,23.182336
1036,16,64,16,64,17521,3,2.540544,19.23584,1,19.302401,3.497984,22.800385
1037,16,64,16,64,17560,3,2.550784,18.883583,1,18.940928,3.5072,22.448128
1038,16,64,16,64,17611,3,2.537472,18.868223,1,18.934784,3.490816,22.4256
1039,16,1085,16,1085,17493,3,5.121024,-1,0,78.157822,6.071296,84.229118
1040,16,64,16,64,17535,3,2.574336,19.283968,1,19.351551,3.54304,22.894591
1041,16,64,16,64,17575,3,2.546688,18.937857,1,19.004416,3.508224,22.51264
1042,16,64,16,64,17613,3,2.537472,18.719744,1,18.763777,3.499008,22.262785
1043,16,2105,16,2105,17393,3,7.924736,-1,0,142.883835,8.886272,151.770107
1044,16,64,16,64,17442,3,2.567168,19.24608,1,19.314688,3.529728,22.844416
1045,16,64,16,64,17482,3,2.548736,18.970625,1,19.038208,3.511296,22.549504
1046,16,64,16,64,17512,3,2.543616,18.905088,1,18.94912,3.495936,22.445055
1047,16,64,16,64,17555,3,2.526208,18.732033,1,18.799616,3.479552,22.279168
1048,16,1085,16,1085,17464,3,5.126144,-1,0,78.322685,6.073344,84.396029
1049,16,64,16,64,17500,3,2.568192,19.559423,1,19.619841,3.534848,23.154689
1050,16,1085,16,1085,17398,3,5.08416,-1,0,78.829567,6.02624,84.855807
1051,16,64,16,64,17441,3,2.571264,19.187712,1,19.231745,3.534848,22.766593
1052,16,64,16,64,17481,3,2.5344,18.890753,1,18.956287,3.4816,22.437887
1053,16,64,16,64,17514,3,2.535424,18.860031,1,18.925568,3.48672,22.412288
1054,16,64,16,64,17548,3,2.536448,18.869247,1,18.93376,3.484672,22.418432
1055,16,1084,16,1084,17456,3,5.12512,-1,0,77.772797,6.074368,83.847165
1056,16,64,16,64,17503,3,2.566144,19.644417,1,19.704832,3.552256,23.257088
1057,16,1085,16,1085,17407,3,5.153792,-1,0,79.086594,6.111232,85.197825
1058,16,1085,16,1085,17324,3,5.13536,-1,0,81.011711,6.08768,87.099391
1059,16,64,16,64,17372,3,2.572288,19.293184,1,19.354624,3.535872,22.890496
1060,16,64,16,64,17416,3,2.573312,19.003391,1,19.070976,3.534848,22.605824
1061,16,64,16,64,17466,3,2.533376,18.733055,1,18.799616,3.48672,22.286336
1062,16,64,16,64,17506,3,2.521088,18.549761,1,18.61632,3.475456,22.091776
1063,16,1085,16,1085,17426,3,5.132288,-1,0,78.003197,6.078464,84.081661
1064,16,1085,16,1085,17338,3,5.139456,-1,0,80.605186,6.090752,86.695939
1065,16,64,16,64,17380,3,2.578432,19.259392,1,19.318785,3.544064,22.862849
1066,16,64,16,64,17426,3,2.547712,18.93376,1,19.001345,3.500032,22.501377
1067,16,1085,16,1085,17344,3,5.134336,-1,0,78.406654,6.083584,84.490238
1068,16,64,16,64,17379,3,2.569216,19.345407,1,19.405825,3.54816,22.953985
1069,16,64,16,64,17424,3,2.547712,19.026943,1,19.094528,3.504128,22.598656
1070,16,64,16,64,17466,3,2.535424,18.882561,1,18.947071,3.488768,22.435839
1071,16,64,16,64,17510,3,2.536448,19.013632,1,19.072001,3.489792,22.561793
1072,16,64,16,64,17552,3,2.548736,18.946049,1,19.012608,3.506176,22.518784
1073,16,64,16,64,17587,3,2.538496,19.026943,1,19.091455,3.484672,22.576128
1074,16,64,16,64,17628,3,2.527232,19.068928,1,19.134464,3.485696,22.62016
1075,16,64,16,64,17662,3,2.531328,18.95936,1,19.024897,3.47648,22.501377
1076,16,1085,16,1085,17564,3,5.139456,-1,0,78.424065,6.086656,84.510721
1077,16,64,16,64,17603,3,2.583552,19.644417,1,19.704832,3.54816,23.252992
1078,16,64,16,64,17645,3,2.550784,19.274752,1,19.342337,3.508224,22.850561
1079,16,1084,16,1084,17532,3,5.124096,-1,0,77.992958,6.076416,84.069374
1080,16,64,16,64,17569,3,2.582528,19.45088,1,19.517441,3.547136,23.064577
1081,16,1084,16,1084,17457,3,5.108736,-1,0,78.864388,6.0672,84.931588
1082,16,64,16,64,17494,3,2.597888,19.439615,1,19.505152,3.56352,23.068672
1083,16,64,16,64,17540,3,2.543616,19.131392,1,19.198977,3.495936,22.694912
1084,16,1085,16,1085,17445,3,5.115904,-1,0,78.318588,6.065152,84.38374
1085,16,64,16,64,17480,3,2.573312,19.310593,1,19.377151,3.547136,22.924288
1086,16,64,16,64,17519,3,2.54464,19.007488,1,19.076096,3.500032,22.576128
1087,16,1085,16,1085,17418,3,5.148672,-1,0,78.497795,6.0928,84.590595
1088,16,1085,16,1085,17331,3,5.091328,-1,0,80.175102,6.043648,86.21875
1089,16,64,16,64,17380,3,2.551808,19.259392,1,19.326977,3.528704,22.855681
1090,16,64,16,64,17420,3,2.537472,18.93376,1,18.978815,3.49696,22.475775
1091,16,64,16,64,17457,3,2.532352,18.711552,1,18.77504,3.49184,22.26688
1092,16,64,16,64,17494,3,2.530304,18.639872,1,18.699265,3.4816,22.180865
1093,16,64,16,64,17534,3,2.52416,18.556929,1,18.622463,3.478528,22.100991
1094,16,1085,16,1085,17444,3,5.12,-1,0,78.030846,6.07232,84.103166
1095,16,1085,16,1085,17350,3,5.08928,-1,0,79.715324,6.033408,85.748733
1096,16,64,16,64,17390,3,2.557952,19.23584,1,19.306496,3.528704,22.8352
1097,16,64,16,64,17434,3,2.541568,18.946049,1,19.010559,3.49184,22.502399
1098,16,1085,16,1085,17347,3,5.154816,-1,0,78.577667,6.109184,84.686851
1099,16,64,16,64,17392,3,2.581504,19.297279,1,19.364864,3.544064,22.908928
1100,16,64,16,64,17435,3,2.551808,19.027967,1,19.096577,3.509248,22.605825
1101,16,64,16,64,17470,3,2.538496,18.765823,1,18.832384,3.49184,22.324224
1102,16,64,16,64,17502,3,2.52416,18.576384,1,18.64192,3.474432,22.116352
1103,16,64,16,64,17541,3,2.52416,18.634752,1,18.700289,3.487744,22.188033
1104,16,64,16,64,17581,3,2.51904,18.83136,1,18.897921,3.478528,22.376449
1105,16,1085,16,1085,17491,3,5.136384,-1,0,78.171135,6.083584,84.254719
1106,16,64,16,64,17540,3,2.56512,19.49696,1,19.556353,3.53792,23.094273
1107,16,64,16,64,17576,3,2.545664,19.259392,1,19.326977,3.497984,22.824961
1108,16,64,16,64,17618,3,2.550784,19.055616,1,19.115007,3.499008,22.614015
1109,16,64,16,64,17654,3,2.533376,18.923519,1,18.99008,3.482624,22.472704
1110,16,1085,16,1085,17551,3,5.126144,-1,0,78.195709,6.071296,84.267005
1111,16,64,16,64,17596,3,2.594816,19.532801,1,19.600384,3.5584,23.158784
1112,16,1085,16,1085,17498,3,5.152768,-1,0,79.027199,6.09792,85.125119
1113,16,64,16,64,17535,3,2.581504,19.344383,1,19.40992,3.539968,22.949888
1114,16,64,16,64,17571,3,2.542592,19.016705,1,19.084288,3.494912,22.5792
1115,16,1085,16,1085,17494,3,5.132288,-1,0,78.637054,6.081536,84.71859
1116,16,64,16,64,17538,3,2.598912,19.717119,1,19.78368,3.562496,23.346176
1117,16,1085,16,1085,17447,3,5.11488,-1,0,79.368195,6.066176,85.434371
1118,16,1085,16,1085,17364,3,5.12,-1,0,80.208893,6.066176,86.275069
1119,16,64,16,64,17401,3,2.576384,19.560448,1,19.623936,3.546112,23.170048
1120,16,1085,16,1085,17295,3,5.095424,-1,0,78.814209,6.044672,84.858881
1121,16,64,16,64,17329,3,2.579456,19.368959,1,19.437569,3.544064,22.981633
1122,16,64,16,64,17372,3,2.551808,19.082239,1,19.144705,3.508224,22.652929
1123,16,1085,16,1085,17267,3,5.127168,-1,0,78.500862,6.075392,84.576254
1124,16,64,16,64,17302,3,2.57024,19.372032,1,19.439615,3.534848,22.974463
1125,16,64,16,64,17339,3,2.54464,19.01568,1,19.083263,3.495936,22.579199
1126,16,64,16,64,17379,3,2.540544,18.779137,1,18.844671,3.49696,22.341631
1127,16,64,16,64,17416,3,2.533376,18.660353,1,18.724863,3.485696,22.210559
1128,16,64,16,64,17453,3,2.533376,18.610176,1,18.677759,3.49184,22.169599
1129,16,64,16,64,17495,3,2.526208,18.593792,1,18.658304,3.473408,22.131712
1130,16,64,16,64,17535,3,2.523136,18.555904,1,18.628609,3.467264,22.095873
1131,16,1085,16,1085,17452,3,5.122048,-1,0,78.057472,6.070272,84.127744
1132,16,64,16,64,17500,3,2.566144,19.360767,1,19.430401,3.533824,22.964225
1133,16,64,16,64,17537,3,2.542592,18.999296,1,19.065857,3.50208,22.567937
1134,16,64,16,64,17582,3,2.527232,18.717695,1,18.786304,3.477504,22.263808
1135,16,1085,16,1085,17495,3,5.129216,-1,0,78.304253,6.086656,84.390909
1136,16,64,16,64,17538,3,2.576384,19.445761,1,19.516417,3.54304,23.059457
1137,16,1085,16,1085,17449,3,5.08416,-1,0,78.765053,6.034432,84.799485
1138,16,1085,16,1085,17358,3,5.101568,-1,0,79.780861,6.04672,85.827581
1139,16,1085,16,1085,17271,3,5.129216,-1,0,80.589821,6.080512,86.670333
1140,16,64,16,64,17313,3,2.57536,19.264511,1,19.325953,3.538944,22.864897
1141,16,64,16,64,17352,3,2.555904,19.018751,1,19.063808,3.510272,22.57408
1142,16,1085,16,1085,17269,3,5.154816,-1,0,78.814209,6.104064,84.918273
1143,16,64,16,64,17305,3,2.601984,19.357697,1,19.417088,3.570688,22.987776
1144,16,64,16,64,17351,3,2.546688,18.970625,1,19.039232,3.503104,22.542336
1145,16,1085,16,1085,17257,3,5.117952,-1,0,78.416893,6.073344,84.490237
1146,16,64,16,64,17297,3,2.56512,19.316736,1,19.374081,3.523584,22.897665
1147,16,64,16,64,17348,3,2.528256,18.973696,1,19.03104,3.48672,22.51776
1148,16,64,16,64,17392,3,2.5344,18.709503,1,18.772991,3.494912,22.267903
1149,16,64,16,64,17430,3,2.52416,18.613249,1,18.678783,3.47648,22.155263
1150,16,64,16,64,17475,3,2.520064,18.563072,1,18.62656,3.472384,22.098944
1151,16,64,16,64,17509,3,2.530304,18.57024,1,18.635777,3.479552,22.115329
1152,16,1037,16,1037,17418,3,5.101568,-1,0,77.727745,6.047744,83.775489
1153,16,64,16,64,17464,3,2.555904,19.311617,1,19.378176,3.516416,22.894592
1154,16,64,16,64,17508,3,2.556928,18.970625,1,19.038208,3.514368,22.552576
1155,16,64,16,64,17551,3,2.537472,18.922497,1,18.99008,3.50208,22.49216
1156,16,64,16,64,17594,3,2.533376,18.850817,1,18.919424,3.484672,22.404096
1157,16,1085,16,1085,17506,3,5.138432,-1,0,78.241791,6.089728,84.331519
1158,16,64,16,64,17543,3,2.578432,19.217407,1,19.262465,3.547136,22.809601
1159,16,64,16,64,17579,3,2.545664,18.94912,1,19.017729,3.515392,22.533121
1160,16,2106,16,2106,17367,3,7.931904,-1,0,143.055878,8.881152,151.93703
1161,16,64,16,64,17412,3,2.577408,19.287041,1,19.354624,3.538944,22.893568
1162,16,64,16,64,17455,3,2.563072,19.142656,1,19.203072,3.520512,22.723584
1163,16,2106,16,2106,17232,3,7.939072,-1,0,143.006714,8.890368,151.897082
1164,16,64,16,64,17282,3,2.557952,19.306496,1,19.375105,3.516416,22.891521
1165,16,64,16,64,17327,3,2.541568,19.001345,1,19.067904,3.492864,22.560767
1166,16,64,16,64,17369,3,2.533376,18.724863,1,18.781183,3.483648,22.264831
1167,16,64,16,64,17412,3,2.526208,18.574335,1,18.642944,3.478528,22.121472
1168,16,64,16,64,17445,3,2.531328,18.655231,1,18.697216,3.477504,22.17472
1169,16,64,16,64,17482,3,2.526208,18.783232,1,18.845695,3.472384,22.318079
1170,16,64,16,64,17513,3,2.540544,18.758656,1,18.825216,3.48672,22.311936
1171,16,1085,16,1085,17422,3,5.128192,-1,0,78.198784,6.076416,84.2752
1172,16,64,16,64,17457,3,2.576384,19.430401,1,19.49696,3.542016,23.038976
1173,16,1085,16,1085,17347,3,5.132288,-1,0,79.111168,6.07744,85.188608
1174,16,64,16,64,17395,3,2.57536,19.273727,1,19.335169,3.5328,22.867969
1175,16,64,16,64,17430,3,2.550784,18.999296,1,19.059711,3.504128,22.563839
1176,16,64,16,64,17467,3,2.530304,18.761728,1,18.830336,3.4816,22.311936
1177,16,1085,16,1085,17376,3,5.144576,-1,0,78.331902,6.099968,84.43187
1178,16,64,16,64,17416,3,2.577408,19.376127,1,19.445761,3.538944,22.984705
1179,16,64,16,64,17463,3,2.538496,19.012608,1,19.078144,3.503104,22.581248
1180,16,64,16,64,17505,3,2.52928,18.74432,1,18.811905,3.483648,22.295553
1181,16,64,16,64,17538,3,2.532352,18.614271,1,18.671616,3.483648,22.155264
1182,16,64,16,64,17574,3,2.520064,18.59584,1,18.663424,3.474432,22.137856
1183,16,64,16,64,17613,3,2.520064,18.589697,1,18.654207,3.47136,22.125567
1184,16,64,16,64,17657,3,2.523136,18.757631,1,18.817024,3.480576,22.2976
1185,16,1085,16,1085,17565,3,5.121024,-1,0,78.153725,6.064128,84.217853
1186,16,64,16,64,17596,3,2.596864,19.397633,1,19.458048,3.559424,23.017472
1187,16,1085,16,1085,17513,3,5.137408,-1,0,78.959618,6.080512,85.04013
1188,16,64,16,64,17555,3,2.577408,19.438593,1,19.483648,3.54816,23.031808
1189,16,64,16,64,17596,3,2.540544,19.055616,1,19.113983,3.495936,22.609919
1190,16,1085,16,1085,17512,3,5.129216,-1,0,78.300163,6.078464,84.378627
1191,16,2106,16,2106,17284,3,7.927808,-1,0,144.677887,8.877056,153.554943
1192,16,64,16,64,17326,3,2.569216,19.264511,1,19.33312,3.526656,22.859776
1193,16,64,16,64,17371,3,2.537472,18.931711,1,19.00032,3.488768,22.489089
1194,16,64,16,64,17407,3,2.548736,18.867201,1,18.935808,3.499008,22.434816
1195,16,64,16,64,17441,3,2.521088,18.807808,1,18.87232,3.468288,22.340608
1196,16,64,16,64,17483,3,2.543616,18.954241,1,19.021824,3.490816,22.51264
1197,16,1085,16,1085,17391,3,5.127168,-1,0,78.097404,6.081536,84.17894
1198,16,1085,16,1085,17283,3,5.126144,-1,0,80.606209,6.079488,86.685697
1199,16,64,16,64,17326,3,2.567168,19.427328,1,19.495935,3.529728,23.025663
1200,16,1085,16,1085,17234,3,5.117952,-1,0,78.759933,6.065152,84.825086
1201,16,64,16,64,17276,3,2.583552,19.264511,1,19.332096,3.549184,22.88128
1202,16,64,16,64,17320,3,2.55488,19.016705,1,19.080193,3.515392,22.595585
1203,16,64,16,64,17353,3,2.536448,18.752512,1,18.809856,3.489792,22.299649
1204,16,64,16,64,17391,3,2.537472,18.596865,1,18.655231,3.483648,22.13888
1205,16,64,16,64,17430,3,2.531328,18.572289,1,18.636801,3.4816,22.118401
1206,16,1085,16,1085,17334,3,5.143552,-1,0,78.55616,6.0928,84.64896
1207,16,64,16,64,17376,3,2.566144,19.26656,1,19.332096,3.529728,22.861824
1208,16,64,16,64,17416,3,2.537472,18.890753,1,18.958336,3.490816,22.449152
1209,16,64,16,64,17458,3,2.540544,18.671616,1,18.737152,3.49696,22.234112
1210,16,64,16,64,17499,3,2.520064,18.577408,1,18.644993,3.473408,22.118401
1211,16,64,16,64,17529,3,2.530304,18.549761,1,18.61632,3.488768,22.105088
1212,16,1085,16,1085,17437,3,5.132288,-1,0,78.671875,6.081536,84.753411
1213,16,64,16,64,17482,3,2.558976,19.351551,1,19.418112,3.534848,22.95296
1214,16,64,16,64,17521,3,2.54464,19.1488,1,19.209215,3.501056,22.710271
1215,16,64,16,64,17570,3,2.533376,18.906113,1,18.971647,3.493888,22.465535
1216,16,1085,16,1085,17478,3,5.12512,-1,0,77.984772,6.076416,84.061188
1217,16,64,16,64,17523,3,2.576384,19.221504,1,19.287041,3.559424,22.846465
1218,16,64,16,64,17566,3,2.550784,18.95936,1,19.004416,3.504128,22.508543
1219,16,64,16,64,17605,3,2.530304,18.707457,1,18.771969,3.479552,22.251521
1220,16,1085,16,1085,17523,3,5.139456,-1,0,78.210045,6.10304,84.313085
1221,16,64,16,64,17557,3,2.567168,19.518463,1,19.57888,3.533824,23.112704
1222,16,64,16,64,17600,3,2.550784,19.239937,1,19.300352,3.509248,22.8096
1223,16,64,16,64,17637,3,2.548736,18.891775,1,18.957312,3.504128,22.46144
1224,16,1085,16,1085,17536,3,5.14048,-1,0,78.097404,6.089728,84.187132
1225,16,64,16,64,17570,3,2.588672,19.432447,1,19.49184,3.55328,23.04512
1226,16,64,16,64,17611,3,2.558976,19.238913,1,19.298304,3.519488,22.817792
1227,16,64,16,64,17645,3,2.55488,19.002369,1,19.072001,3.509248,22.581249
1228,16,1085,16,1085,17558,3,5.127168,-1,0,78.03904,6.071296,84.110336
1229,16,1085,16,1085,17470,3,5.102592,-1,0,80.549889,6.04672,86.596609
1230,16,64,16,64,17514,3,2.566144,19.153919,1,19.22048,3.526656,22.747136
1231,16,1085,16,1085,17420,3,5.082112,-1,0,78.560257,6.03136,84.591617
1232,16,64,16,64,17446,3,2.592768,19.264511,1,19.332096,3.56864,22.900736
1233,16,64,16,64,17484,3,2.56,19.011583,1,19.079168,3.519488,22.598656
1234,16,64,16,64,17518,3,2.523136,18.779137,1,18.844671,3.479552,22.324223
1235,16,64,16,64,17553,3,2.52416,18.607103,1,18.67264,3.479552,22.152192
1236,16,64,16,64,17593,3,2.528256,18.586624,1,18.629633,3.48672,22.116353
1237,16,1085,16,1085,17493,3,5.133312,-1,0,78.106621,6.078464,84.185085
1238,16,64,16,64,17540,3,2.573312,19.252224,1,19.320831,3.5328,22.853631
1239,16,1085,16,1085,17454,3,5.095424,-1,0,78.86541,6.040576,84.905986
1240,16,64,16,64,17490,3,2.59072,19.249151,1,19.315712,3.5584,22.874112
1241,16,64,16,64,17514,3,2.561024,19.201023,1,19.24608,3.521536,22.767617
1242,16,1085,16,1085,17433,3,5.122048,-1,0,78.776321,6.068224,84.844545
1243,16,64,16,64,17470,3,2.564096,19.362816,1,19.431423,3.526656,22.958079
1244,16,1085,16,1085,17376,3,5.13024,-1,0,79.142914,6.079488,85.222402
1245,16,64,16,64,17412,3,2.579456,19.415039,1,19.474432,3.544064,23.018496
1246,16,64,16,64,17446,3,2.546688,19.078144,1,19.145727,3.508224,22.653951
1247,16,1085,16,1085,17339,3,5.13024,-1,0,78.212097,6.078464,84.290561
1248,16,64,16,64,17390,3,2.57024,19.342337,1,19.411968,3.534848,22.946816
1249,16,1084,16,1084,17307,3,5.132288,-1,0,79.081474,6.081536,85.16301
1250,16,64,16,64,17335,3,2.573312,19.313663,1,19.382273,3.542016,22.924289
1251,16,64,16,64,17376,3,2.553856,19.112961,1,19.181568,3.511296,22.692864
1252,16,64,16,64,17429,3,2.53952,18.817024,1,18.885632,3.494912,22.380543
1253,16,64,16,64,17473,3,2.54464,18.718719,1,18.783232,3.500032,22.283264
1254,16,1085,16,1085,17383,3,5.129216,-1,0,78.451714,6.080512,84.532226
1255,16,64,16,64,17422,3,2.569216,19.524609,1,19.584,3.534848,23.118848
1256,16,64,16,64,17456,3,2.541568,19.230721,1,19.300352,3.504128,22.80448
1257,16,64,16,64,17496,3,2.541568,18.966528,1,19.033089,3.501056,22.534145
1258,16,1085,16,1085,17405,3,5.137408,-1,0,78.240768,6.08768,84.328448
1259,16,64,16,64,17446,3,2.576384,19.487743,1,19.547136,3.54304,23.090176
1260,16,64,16,64,17487,3,2.550784,19.234816,1,19.279873,3.52256,22.802433
1261,16,1085,16,1085,17374,3,5.137408,-1,0,78.128128,6.081536,84.209664
1262,16,64,16,64,17416,3,2.576384,19.554304,1,19.622911,3.540992,23.163903
1263,16,1085,16,1085,17323,3,5.106688,-1,0,79.036415,6.055936,85.092351
1264,16,64,16,64,17365,3,2.566144,19.223553,1,19.286016,3.528704,22.81472
1265,16,64,16,64,17412,3,2.54464,18.978815,1,19.047424,3.497984,22.545408
1266,16,64,16,64,17445,3,2.527232,18.737152,1,18.794497,3.480576,22.275073
1267,16,64,16,64,17481,3,2.525184,18.605057,1,18.670591,3.473408,22.143999
1268,16,64,16,64,17524,3,2.522112,18.549761,1,18.617344,3.465216,22.08256
1269,16,64,16,64,17567,3,2.528256,18.553856,1,18.620417,3.475456,22.095873
1270,16,64,16,64,17606,3,2.525184,18.770945,1,18.829311,3.474432,22.303743
1271,16,1085,16,1085,17514,3,5.129216,-1,0,77.980675,6.075392,84.056067
1272,16,64,16,64,17560,3,2.576384,19.309568,1,19.371008,3.535872,22.90688
1273,16,64,16,64,17598,3,2.53952,18.996223,1,19.057665,3.49696,22.554625
1274,16,64,16,64,17640,3,2.53952,18.731009,1,18.7904,3.503104,22.293504
1275,16,64,16,64,17673,3,2.542592,18.664448,1,18.722816,3.499008,22.221824
1276,16,64,16,64,17710,3,2.532352,18.622463,1,18.680832,3.490816,22.171648
1277,16,64,16,64,17751,3,2.540544,18.633728,1,18.700289,3.490816,22.191105
1278,16,64,16,64,17790,3,2.530304,18.617344,1,18.68288,3.478528,22.161408
1279,16,64,16,64,17831,3,2.522112,18.587648,1,18.653185,3.473408,22.126593
1280,16,1085,16,1085,17741,3,5.133312,-1,0,78.026749,6.086656,84.113405
1281,16,64,16,64,17783,3,2.57024,19.545088,1,19.613695,3.546112,23.159807
1282,16,64,16,64,17820,3,2.543616,19.17952,1,19.238913,3.492864,22.731776
1283,16,1085,16,1085,17727,3,5.083136,-1,0,78.075905,6.034432,84.110337
1284,16,64,16,64,17764,3,2.587648,19.648512,1,19.718143,3.564544,23.282687
1285,16,1084,16,1084,17669,3,5.087232,-1,0,78.485504,6.0416,84.527104
1286,16,64,16,64,17704,3,2.583552,19.636225,1,19.703808,3.550208,23.254016
1287,16,2106,16,2106,17472,3,7.943168,-1,0,143.290375,8.896512,152.186887
1288,16,2106,16,2106,17252,3,7.977984,-1,0,145.124359,8.931328,154.055687
1289,16,64,16,64,17294,3,2.569216,19.295233,1,19.36384,3.5328,22.89664
1290,16,64,16,64,17328,3,2.545664,18.993153,1,19.06176,3.508224,22.569984
1291,16,64,16,64,17366,3,2.537472,18.756607,1,18.825216,3.494912,22.320128
1292,16,64,16,64,17401,3,2.528256,18.643969,1,18.710527,3.482624,22.193151
1293,16,1085,16,1085,17319,3,5.131264,-1,0,78.355453,6.083584,84.439037
1294,16,64,16,64,17356,3,2.587648,19.360767,1,19.405825,3.572736,22.978561
1295,16,64,16,64,17404,3,2.540544,19.043327,1,19.101696,3.49696,22.598656
1296,16,1085,16,1085,17318,3,5.131264,-1,0,78.261246,6.075392,84.336637
1297,16,64,16,64,17358,3,2.571264,19.295233,1,19.362816,3.536896,22.899712
1298,16,1085,16,1085,17275,3,5.095424,-1,0,78.783485,6.043648,84.827133
1299,16,64,16,64,17325,3,2.578432,19.24608,1,19.314688,3.540992,22.85568
1300,16,1085,16,1085,17228,3,5.127168,-1,0,78.679039,6.08256,84.761599
1301,16,64,16,64,17264,3,2.568192,19.343361,1,19.402752,3.531776,22.934528
1302,16,1085,16,1085,17179,3,5.085184,-1,0,78.968834,6.028288,84.997122
1303,16,64,16,64,17220,3,2.562048,19.183617,1,19.241983,3.521536,22.76352
1304,16,64,16,64,17258,3,2.542592,18.991104,1,19.058687,3.497984,22.556671
1305,16,64,16,64,17292,3,2.536448,18.720768,1,18.786304,3.488768,22.275073
1306,16,64,16,64,17324,3,2.526208,18.60096,1,18.666496,3.478528,22.145024
1307,16,64,16,64,17362,3,2.523136,18.591743,1,18.65728,3.478528,22.135808
1308,16,64,16,64,17405,3,2.533376,18.647039,1,18.690048,3.487744,22.177792
1309,16,64,16,64,17441,3,2.52416,18.612225,1,18.67264,3.472384,22.145024
1310,16,64,16,64,17475,3,2.520064,18.504704,1,18.572289,3.463168,22.035456
1311,16,1085,16,1085,17385,3,5.123072,-1,0,78.052353,6.091776,84.144129
1312,16,64,16,64,17424,3,2.563072,19.352575,1,19.421185,3.534848,22.956033
1313,16,1084,16,1084,17334,3,5.098496,-1,0,78.715904,6.052864,84.768768
1314,16,64,16,64,17380,3,2.579456,19.203072,1,19.262465,3.54304,22.805505
1315,16,64,16,64,17418,3,2.553856,18.955263,1,19.021824,3.515392,22.537216
1316,16,64,16,64,17456,3,2.541568,18.869247,1,18.929665,3.492864,22.422529
1317,16,64,16,64,17505,3,2.528256,18.791424,1,18.855936,3.482624,22.33856
1318,16,1085,16,1085,17411,3,5.121024,-1,0,78.057472,6.070272,84.127744
1319,16,1068,16,1068,17320,3,5.083136,-1,0,80.176125,6.025216,86.201341
1320,16,64,16,64,17367,3,2.566144,19.181568,1,19.239937,3.5328,22.772737
1321,16,64,16,64,17408,3,2.53952,18.895872,1,18.962433,3.500032,22.462465
1322,16,64,16,64,17441,3,2.52928,18.724863,1,18.791424,3.490816,22.28224
1323,16,64,16,64,17486,3,2.535424,18.63168,1,18.697216,3.490816,22.188032
1324,16,64,16,64,17527,3,2.528256,18.61632,1,18.68288,3.4816,22.16448
1325,16,64,16,64,17563,3,2.532352,18.615295,1,18.677759,3.482624,22.160383
1326,16,64,16,64,17607,3,2.514944,18.596865,1,18.662399,3.464192,22.126591
1327,16,64,16,64,17634,3,2.520064,18.518017,1,18.561024,3.478528,22.039552
1328,16,64,16,64,17676,3,2.518016,18.460672,1,18.526209,3.469312,21.995521
1329,16,64,16,64,17716,3,2.521088,18.536448,1,18.60096,3.472384,22.073344
1330,16,64,16,64,17764,3,2.520064,18.469889,1,18.536448,3.469312,22.005759
1331,16,1085,16,1085,17683,3,5.12512,-1,0,77.7472,6.079488,83.826688
1332,16,1085,16,1085,17591,3,5.07904,-1,0,79.794174,6.029312,85.823486
1333,16,64,16,64,17625,3,2.57024,19.530752,1,19.598335,3.540992,23.139327
1334,16,3126,16,3126,17277,3,10.561536,-1,0,204.53479,11.517952,216.052742
1335,16,64,16,64,17317,3,2.597888,19.4048,1,19.472383,3.566592,23.038975
1336,16,64,16,64,17360,3,2.548736,19.089409,1,19.156992,3.509248,22.66624
1337,16,64,16,64,17389,3,2.546688,18.788351,1,18.847744,3.503104,22.350848
1338,16,64,16,64,17426,3,2.531328,18.67264,1,18.739201,3.4816,22.220801
1339,16,64,16,64,17461,3,2.528256,18.590719,1,18.65728,3.479552,22.136832
1340,16,1085,16,1085,17386,3,5.11488,-1,0,78.344193,6.066176,84.410368
1341,16,64,16,64,17424,3,2.572288,19.237888,1,19.304447,3.53792,22.842367
1342,16,64,16,64,17467,3,2.54976,18.95936,1,19.004416,3.50208,22.506495
1343,16,64,16,64,17506,3,2.53952,18.734079,1,18.799616,3.487744,22.28736
1344,16,1085,16,1085,17424,3,5.126144,-1,0,78.600189,6.074368,84.674557
1345,16,64,16,64,17467,3,2.587648,19.552256,1,19.620865,3.569664,23.190529
1346,16,64,16,64,17510,3,2.541568,19.153919,1,19.221504,3.493888,22.715392
1347,16,1084,16,1084,17430,3,5.10976,-1,0,78.186493,6.059008,84.245501
1348,16,1085,16,1085,17327,3,5.138432,-1,0,79.928322,6.08768,86.016002
1349,16,64,16,64,17367,3,2.578432,19.286016,1,19.330048,3.550208,22.880256
1350,16,64,16,64,17402,3,2.558976,19.008512,1,19.078144,3.528704,22.606848
1351,16,64,16,64,17439,3,2.532352,18.742271,1,18.807808,3.489792,22.2976
1352,16,64,16,64,17481,3,2.52416,18.593792,1,18.654207,3.474432,22.128639
1353,16,64,16,64,17521,3,2.527232,18.575359,1,18.63168,3.477504,22.109184
1354,16,64,16,64,17564,3,2.52928,18.627584,1,18.695168,3.47648,22.171648
1355,16,64,16,64,17594,3,2.520064,18.94912,1,19.004416,3.474432,22.478848
1356,16,1085,16,1085,17506,3,5.173248,-1,0,78.516228,6.12352,84.639748
1357,16,1085,16,1085,17405,3,5.092352,-1,0,80.371712,6.037504,86.409216
1358,16,1085,16,1085,17313,3,5.098496,-1,0,79.798271,6.043648,85.841919
1359,16,1085,16,1085,17214,3,5.101568,-1,0,79.973373,6.054912,86.028286
1360,16,1085,16,1085,17122,3,5.14048,-1,0,80.107521,6.094848,86.202369
1361,16,64,16,64,17158,3,2.583552,19.255297,1,19.320831,3.547136,22.867967
1362,16,64,16,64,17192,3,2.555904,19.023872,1,19.095552,3.518464,22.614017
1363,16,64,16,64,17227,3,2.52416,18.765823,1,18.832384,3.473408,22.305792
1364,16,64,16,64,17261,3,2.52928,18.584576,1,18.651136,3.478528,22.129664
1365,16,64,16,64,17297,3,2.531328,18.594816,1,18.659328,3.487744,22.147073
1366,16,64,16,64,17328,3,2.52928,18.643969,1,18.705408,3.478528,22.183936
1367,16,64,16,64,17369,3,2.510848,18.541569,1,18.606079,3.454976,22.061055
1368,16,64,16,64,17408,3,2.520064,18.510847,1,18.575359,3.468288,22.043647
1369,16,64,16,64,17449,3,2.52416,18.499584,1,18.563072,3.468288,22.03136
1370,16,1085,16,1085,17367,3,5.151744,-1,0,78.161919,6.0928,84.254719
1371,16,64,16,64,17410,3,2.589696,19.351551,1,19.411968,3.5584,22.970368
1372,16,64,16,64,17451,3,2.56,18.950144,1,19.010559,3.52768,22.538239
1373,16,64,16,64,17490,3,2.532352,18.760704,1,18.804735,3.483648,22.288383
1374,16,64,16,64,17530,3,2.528256,18.64192,1,18.708481,3.478528,22.187009
1375,16,1085,16,1085,17448,3,5.170176,-1,0,78.339073,6.121472,84.460545
1376,16,64,16,64,17486,3,2.574336,19.324928,1,19.392511,3.544064,22.936575
1377,16,64,16,64,17521,3,2.55488,19.014656,1,19.059711,3.510272,22.569983
1378,16,64,16,64,17566,3,2.541568,18.946049,1,19.004416,3.49184,22.496255
1379,16,64,16,64,17605,3,2.526208,18.847744,1,18.914305,3.475456,22.389761
1380,16,1085,16,1085,17509,3,5.128192,-1,0,78.044159,6.081536,84.125695
1381,16,64,16,64,17541,3,2.569216,19.368959,1,19.434496,3.5328,22.967296
1382,16,64,16,64,17587,3,2.54464,19.023872,1,19.090431,3.50208,22.592511
1383,16,1085,16,1085,17499,3,5.137408,-1,0,78.203903,6.084608,84.288511
1384,16,64,16,64,17534,3,2.574336,19.241983,1,19.312639,3.544064,22.856703
1385,16,1085,16,1085,17444,3,5.097472,-1,0,78.797821,6.04672,84.844541
1386,16,64,16,64,17491,3,2.593792,19.241983,1,19.302401,3.564544,22.866945
1387,16,64,16,64,17529,3,2.562048,19.129345,1,19.193855,3.519488,22.713343
1388,16,64,16,64,17571,3,2.542592,18.853888,1,18.897921,3.490816,22.388737
1389,16,1085,16,1085,17478,3,5.127168,-1,0,78.523392,6.086656,84.610048
1390,16,64,16,64,17512,3,2.557952,19.33824,1,19.405825,3.52256,22.928385
1391,16,64,16,64,17553,3,2.53952,18.924543,1,18.991104,3.505152,22.496256
1392,16,64,16,64,17583,3,2.535424,18.704384,1,18.76992,3.487744,22.257664
1393,16,64,16,64,17623,3,2.528256,18.607103,1,18.663424,3.479552,22.142976
1394,16,64,16,64,17662,3,2.530304,18.59584,1,18.661377,3.479552,22.140929
1395,16,64,16,64,17696,3,2.533376,18.603008,1,18.646015,3.490816,22.136831
1396,16,2105,16,2105,17480,3,7.921664,-1,0,142.633987,8.87296,151.506948
1397,16,1085,16,1085,17391,3,5.137408,-1,0,79.988739,6.084608,86.073347
1398,16,64,16,64,17429,3,2.574336,19.252224,1,19.311617,3.531776,22.843393
1399,16,64,16,64,17465,3,2.540544,18.902016,1,18.961409,3.49696,22.458369
1400,16,1085,16,1085,17375,3,5.129216,-1,0,78.305283,6.076416,84.381699
1401,16,64,16,64,17417,3,2.577408,19.527679,1,19.587072,3.565568,23.15264
1402,16,1085,16,1085,17327,3,5.124096,-1,0,79.027199,6.088704,85.115903
1403,16,64,16,64,17365,3,2.57024,19.309568,1,19.354624,3.531776,22.8864
1404,16,64,16,64,17404,3,2.541568,18.978815,1,19.047424,3.493888,22.541312
1405,16,1084,16,1084,17324,3,5.124096,-1,0,78.163971,6.070272,84.234243
1406,16,64,16,64,17363,3,2.59072,19.360767,1,19.42016,3.556352,22.976512
1407,16,1085,16,1085,17269,3,5.13536,-1,0,79.268867,6.083584,85.352451
1408,16,64,16,64,17308,3,2.564096,19.324928,1,19.39456,3.525632,22.920192
1409,16,64,16,64,17354,3,2.542592,18.968576,1,19.035135,3.494912,22.530047
1410,16,64,16,64,17399,3,2.537472,18.689024,1,18.75456,3.494912,22.249472
1411,16,64,16,64,17444,3,2.523136,18.637823,1,18.681856,3.472384,22.15424
1412,16,64,16,64,17489,3,2.515968,18.545664,1,18.610176,3.474432,22.084608
1413,16,64,16,64,17532,3,2.522112,18.622463,1,18.688,3.473408,22.161408
1414,16,64,16,64,17573,3,2.532352,18.686975,1,18.751488,3.480576,22.232064
1415,16,64,16,64,17606,3,2.51904,18.605057,1,18.662399,3.473408,22.135807
1416,16,2106,16,2106,17389,3,7.926784,-1,0,143.707138,8.880128,152.587266
1417,16,1085,16,1085,17291,3,5.09952,-1,0,79.844353,6.042624,85.886977
1418,16,64,16,64,17336,3,2.57536,19.277824,1,19.321856,3.546112,22.867968
1419,16,64,16,64,17369,3,2.546688,19.01568,1,19.085312,3.501056,22.586368
1420,16,64,16,64,17411,3,2.540544,18.766848,1,18.833408,3.493888,22.327296
1421,16,64,16,64,17452,3,2.5344,18.660353,1,18.725887,3.488768,22.214655
1422,16,64,16,64,17500,3,2.523136,18.618368,1,18.683905,3.477504,22.161409
1423,16,64,16,64,17540,3,2.528256,18.63168,1,18.674688,3.480576,22.155264
1424,16,64,16,64,17585,3,2.5344,18.59584,1,18.662399,3.479552,22.141951
1425,16,64,16,64,17622,3,2.518016,18.581505,1,18.649088,3.467264,22.116352
1426,16,64,16,64,17652,3,2.51904,18.506752,1,18.572289,3.470336,22.042624
1427,16,1084,16,1084,17565,3,5.075968,-1,0,77.592575,6.024192,83.616767
1428,16,1085,16,1085,17465,3,5.113856,-1,0,79.927299,6.068224,85.995523
1429,16,64,16,64,17505,3,2.56512,19.345407,1,19.416063,3.54304,22.959103
1430,16,64,16,64,17549,3,2.545664,19.011583,1,19.081217,3.5072,22.588417
1431,16,64,16,64,17587,3,2.542592,18.973696,1,19.041281,3.503104,22.544385
1432,16,64,16,64,17623,3,2.527232,18.812927,1,18.855936,3.474432,22.330368
1433,16,2106,16,2106,17398,3,7.927808,-1,0,142.661636,8.879104,151.54074
1434,16,64,16,64,17439,3,2.566144,19.342337,1,19.40992,3.530752,22.940672
1435,16,64,16,64,17484,3,2.537472,18.958336,1,19.025921,3.495936,22.521857
1436,16,64,16,64,17516,3,2.530304,18.737152,1,18.802689,3.480576,22.283265
1437,16,64,16,64,17557,3,2.541568,18.799616,1,18.840576,3.492864,22.33344
1438,16,64,16,64,17597,3,2.532352,18.827265,1,18.908159,3.4816,22.389759
1439,16,1085,16,1085,17492,3,5.133312,-1,0,78.128128,6.102016,84.230144
1440,16,1085,16,1085,17395,3,5.087232,-1,0,80.42701,6.034432,86.461442
1441,16,64,16,64,17439,3,2.550784,19.241983,1,19.30752,3.509248,22.816768
1442,16,64,16,64,17483,3,2.551808,18.88768,1,18.955263,3.508224,22.463487
1443,16,64,16,64,17514,3,2.52928,18.704384,1,18.75968,3.483648,22.243328
1444,16,64,16,64,17561,3,2.52928,18.659328,1,18.723841,3.48672,22.210561
1445,16,64,16,64,17599,3,2.532352,18.548737,1,18.615295,3.485696,22.100991
1446,16,64,16,64,17647,3,2.52928,18.664448,1,18.729984,3.4816,22.211584
1447,16,64,16,64,17684,3,2.528256,18.64192,1,18.707457,3.478528,22.185985
1448,16,64,16,64,17725,3,2.52928,18.817024,1,18.884607,3.4816,22.366207
1449,16,1085,16,1085,17631,3,5.12512,-1,0,77.973503,6.074368,84.047871
1450,16,1085,16,1085,17538,3,5.132288,-1,0,80.625664,6.08256,86.708224
1451,16,64,16,64,17576,3,2.571264,19.335169,1,19.402752,3.536896,22.939648
1452,16,64,16,64,17612,3,2.555904,19.108864,1,19.176449,3.516416,22.692865
1453,16,64,16,64,17656,3,2.531328,18.854912,1,18.921473,3.483648,22.405121
1454,16,64,16,64,17688,3,2.536448,18.643969,1,18.707457,3.48672,22.194177
1455,16,64,16,64,17724,3,2.537472,18.829311,1,18.894848,3.495936,22.390784
1456,16,64,16,64,17770,3,2.545664,18.809856,1,18.874369,3.492864,22.367233
1457,16,2106,16,2106,17521,3,7.92576,-1,0,143.038467,8.873984,151.912452
1458,16,64,16,64,17553,3,2.59072,19.65056,1,19.695616,3.564544,23.26016
1459,16,1084,16,1084,17458,3,5.124096,-1,0,78.322685,6.071296,84.393981
1460,16,64,16,64,17504,3,2.592768,19.704832,1,19.772415,3.574784,23.347199
1461,16,64,16,64,17535,3,2.566144,19.337215,1,19.403776,3.531776,22.935552
1462,16,64,16,64,17573,3,2.550784,19.041281,1,19.108864,3.505152,22.614016
1463,16,1085,16,1085,17463,3,5.124096,-1,0,78.402557,6.074368,84.476925
1464,16,64,16,64,17500,3,2.5856,19.532801,1,19.577856,3.55328,23.131136
1465,16,64,16,64,17536,3,2.553856,19.279873,1,19.345407,3.509248,22.854656
1466,16,1085,16,1085,17427,3,5.132288,-1,0,78.376961,6.081536,84.458497
1467,16,64,16,64,17463,3,2.574336,19.678207,1,19.744768,3.54816,23.292928
1468,16,1085,16,1085,17360,3,5.13536,-1,0,78.956543,6.081536,85.038079
1469,16,1085,16,1085,17272,3,5.087232,-1,0,79.920128,6.03648,85.956608
1470,16,64,16,64,17317,3,2.578432,19.42016,1,19.489792,3.545088,23.03488
1471,16,64,16,64,17360,3,2.56512,19.096577,1,19.153919,3.525632,22.679551
1472,16,64,16,64,17393,3,2.527232,18.93376,1,19.001345,3.482624,22.483969
1473,16,64,16,64,17440,3,2.532352,18.818048,1,18.884607,3.50208,22.386687
1474,16,64,16,64,17491,3,2.533376,18.776064,1,18.842625,3.490816,22.333441
1475,16,1085,16,1085,17412,3,5.124096,-1,0,78.124031,6.075392,84.199423
1476,16,64,16,64,17453,3,2.57536,19.400703,1,19.446783,3.53792,22.984703
1477,16,1084,16,1084,17377,3,5.11488,-1,0,78.654465,6.071296,84.725761
1478,16,1085,16,1085,17263,3,5.116928,-1,0,80.113663,6.064128,86.177791
1479,16,64,16,64,17308,3,2.583552,19.31776,1,19.374081,3.555328,22.929409
1480,16,64,16,64,17344,3,2.54464,18.951168,1,19.009537,3.500032,22.509569
1481,16,64,16,64,17379,3,2.542592,18.805759,1,18.864128,3.49184,22.355968
1482,16,1085,16,1085,17286,3,5.151744,-1,0,78.211075,6.094848,84.305923
1483,16,64,16,64,17338,3,2.572288,19.298304,1,19.358721,3.528704,22.887425
1484,16,64,16,64,17376,3,2.561024,19.096577,1,19.16416,3.516416,22.680576
1485,16,64,16,64,17420,3,2.537472,18.761728,1,18.828287,3.489792,22.318079
1486,16,64,16,64,17473,3,2.525184,18.632704,1,18.700289,3.478528,22.178817
1487,16,64,16,64,17512,3,2.525184,18.593792,1,18.658304,3.47648,22.134784
1488,16,64,16,64,17553,3,2.532352,18.797567,1,18.863104,3.479552,22.342656
1489,16,64,16,64,17589,3,2.527232,18.840576,1,18.904064,3.497984,22.402048
1490,16,1084,16,1084,17486,3,5.10976,-1,0,77.9049,6.065152,83.970052
1491,16,64,16,64,17534,3,2.566144,19.297279,1,19.358721,3.526656,22.885377
1492,16,64,16,64,17580,3,2.547712,19.089409,1,19.152897,3.503104,22.656001
1493,16,1085,16,1085,17486,3,5.13536,-1,0,78.392319,6.093824,84.486143
1494,16,64,16,64,17520,3,2.6112,19.332096,1,19.401728,3.585024,22.986752
1495,16,64,16,64,17558,3,2.55488,19.030016,1,19.099648,3.513344,22.612992
1496,16,64,16,64,17595,3,2.553856,18.869247,1,18.927616,3.508224,22.43584
1497,16,1085,16,1085,17489,3,5.133312,-1,0,78.62886,6.081536,84.710396
1498,16,64,16,64,17533,3,2.562048,19.309568,1,19.378176,3.525632,22.903808
1499,16,64,16,64,17568,3,2.551808,19.007488,1,19.067904,3.51232,22.580224
1500,16,64,16,64,17603,3,2.543616,18.917376,1,18.976768,3.492864,22.469632
1501,16,1085,16,1085,17508,3,5.13024,-1,0,78.152702,6.07744,84.230142
1502,16,64,16,64,17552,3,2.591744,19.345407,1,19.405825,3.577856,22.983681
1503,16,64,16,64,17584,3,2.557952,18.978815,1,19.037184,3.519488,22.556672
1504,16,64,16,64,17621,3,2.542592,18.797567,1,18.86208,3.495936,22.358016
1505,16,64,16,64,17658,3,2.531328,18.685951,1,18.743296,3.489792,22.233088
1506,16,1085,16,1085,17568,3,5.12,-1,0,78.381058,6.078464,84.459522
1507,16,1085,16,1085,17494,3,5.0944,-1,0,79.866882,6.039552,85.906435
1508,16,64,16,64,17539,3,2.578432,19.374081,1,19.439615,3.542016,22.981631
1509,16,64,16,64,17575,3,2.567168,19.090431,1,19.156992,3.520512,22.677504
1510,16,64,16,64,17602,3,2.523136,18.929665,1,18.997248,3.474432,22.47168
1511,16,64,16,64,17643,3,2.531328,18.765823,1,18.829311,3.488768,22.318079
1512,16,64,16,64,17673,3,2.53952,18.797567,1,18.863104,3.493888,22.356992
1513,16,64,16,64,17703,3,2.535424,18.816,1,18.881536,3.4816,22.363137
1514,16,64,16,64,17727,3,2.532352,18.736128,1,18.779137,3.480576,22.259713
1515,16,64,16,64,17753,3,2.525184,18.717695,1,18.789375,3.472384,22.261759
1516,16,2106,16,2106,17525,3,7.979008,-1,0,143.47673,8.932352,152.409082
1517,16,64,16,64,17575,3,2.572288,19.622911,1,19.682304,3.545088,23.227392
1518,16,2106,16,2106,17342,3,7.936,-1,0,144.104446,8.88832,152.992766
1519,16,64,16,64,17384,3,2.60608,19.521536,1,19.580929,3.571712,23.152641
1520,16,64,16,64,17430,3,2.530304,19.286016,1,19.346432,3.499008,22.84544
1521,16,2106,16,2106,17200,3,7.931904,-1,0,143.544327,8.881152,152.425479
1522,16,64,16,64,17250,3,2.583552,19.288063,1,19.34848,3.557376,22.905856
1523,16,64,16,64,17292,3,2.551808,19.013632,1,19.081217,3.511296,22.592513
1524,16,64,16,64,17330,3,2.535424,18.746368,1,18.791424,3.487744,22.279168
1525,16,64,16,64,17368,3,2.51904,18.571264,1,18.634752,3.46624,22.100992
1526,16,64,16,64,17415,3,2.528256,18.572289,1,18.639872,3.489792,22.129664
1527,16,64,16,64,17448,3,2.538496,18.7904,1,18.855936,3.485696,22.341632
1528,16,1085,16,1085,17359,3,5.132288,-1,0,78.282753,6.081536,84.364289
1529,16,64,16,64,17400,3,2.581504,19.459072,1,19.526655,3.546112,23.072767
1530,16,1085,16,1085,17300,3,5.138432,-1,0,78.923775,6.089728,85.013503
1531,16,64,16,64,17340,3,2.5856,19.33824,1,19.4048,3.55328,22.958081
1532,16,64,16,64,17380,3,2.552832,19.012608,1,19.085312,3.51232,22.597632
1533,16,64,16,64,17412,3,2.535424,18.829311,1,18.895872,3.493888,22.38976
1534,16,64,16,64,17446,3,2.527232,18.771969,1,18.834433,3.482624,22.317057
1535,16,64,16,64,17473,3,2.515968,18.788351,1,18.843649,3.462144,22.305793
1536,16,64,16,64,17511,3,2.522112,18.838528,1,18.907137,3.47136,22.378497
1537,16,1084,16,1084,17409,3,5.126144,-1,0,77.497345,6.07744,83.574785
1538,16,64,16,64,17461,3,2.579456,19.457024,1,19.518463,3.538944,23.057407
1539,16,1085,16,1085,17382,3,5.082112,-1,0,78.655487,6.02624,84.681727
1540,16,1084,16,1084,17275,3,5.112832,-1,0,79.683586,6.0672,85.750786
1541,16,64,16,64,17316,3,2.567168,19.304447,1,19.371008,3.533824,22.904832
1542,16,64,16,64,17357,3,2.53952,18.925568,1,18.994177,3.510272,22.504449
1543,16,64,16,64,17400,3,2.541568,18.740225,1,18.805759,3.493888,22.299647
1544,16,64,16,64,17445,3,2.525184,18.648064,1,18.715649,3.47648,22.192129
1545,16,64,16,64,17481,3,2.538496,18.617344,1,18.659328,3.488768,22.148097
1546,16,64,16,64,17525,3,2.527232,18.592768,1,18.658304,3.477504,22.135808
1547,16,64,16,64,17573,3,2.51904,18.572289,1,18.638847,3.464192,22.103039
1548,16,1085,16,1085,17477,3,5.134336,-1,0,77.899773,6.078464,83.978237
1549,16,64,16,64,17516,3,2.567168,19.335169,1,19.399679,3.533824,22.933503
1550,16,64,16,64,17558,3,2.547712,19.215361,1,19.275776,3.505152,22.780928
1551,16,64,16,64,17597,3,2.540544,18.906113,1,18.972672,3.500032,22.472703
1552,16,1085,16,1085,17496,3,5.137408,-1,0,77.966339,6.084608,84.050947
1553,16,64,16,64,17542,3,2.579456,19.234816,1,19.296255,3.540992,22.837247
1554,16,64,16,64,17585,3,2.561024,18.924543,1,18.969601,3.51744,22.487041
1555,16,64,16,64,17620,3,2.535424,18.711552,1,18.779137,3.487744,22.266881
1556,16,64,16,64,17665,3,2.525184,18.617344,1,18.683905,3.474432,22.158337
1557,16,64,16,64,17705,3,2.541568,18.755585,1,18.822144,3.49184,22.313983
1558,16,64,16,64,17754,3,2.5344,18.924543,1,18.99008,3.480576,22.470656
1559,16,64,16,64,17788,3,2.530304,18.972672,1,19.040257,3.478528,22.518785
1560,16,64,16,64,17832,3,2.527232,18.836479,1,18.900991,3.48672,22.387712
1561,16,1085,16,1085,17736,3,5.126144,-1,0,78.094337,6.08256,84.176898
1562,16,2105,16,2105,17508,3,7.921664,-1,0,144.447495,8.871936,153.31943
1563,16,64,16,64,17553,3,2.56512,19.320831,1,19.364864,3.528704,22.893568
1564,16,64,16,64,17586,3,2.548736,19.169279,1,19.236864,3.51744,22.754304
1565,16,64,16,64,17623,3,2.537472,19.009537,1,19.07712,3.488768,22.565888
1566,16,1085,16,1085,17526,3,5.123072,-1,0,78.525436,6.07232,84.597756
1567,16,1084,16,1084,17432,3,5.118976,-1,0,79.761406,6.069248,85.830654
1568,16,64,16,64,17477,3,2.588672,19.631104,1,19.690496,3.555328,23.245824
1569,16,1085,16,1085,17401,3,5.148672,-1,0,79.508476,6.098944,85.60742
1570,16,64,16,64,17450,3,2.594816,19.631104,1,19.700735,3.56864,23.269375
1571,16,1085,16,1085,17349,3,5.07904,-1,0,79.346687,6.030336,85.377023
1572,16,1085,16,1085,17250,3,5.131264,-1,0,79.927299,6.08768,86.014979
1573,16,64,16,64,17295,3,2.5856,19.525633,1,19.595264,3.556352,23.151616
1574,16,64,16,64,17332,3,2.53952,19.215361,1,19.281919,3.500032,22.781951
1575,16,64,16,64,17368,3,2.545664,18.926592,1,18.994177,3.494912,22.489089
1576,16,64,16,64,17404,3,2.531328,18.7904,1,18.855936,3.483648,22.339584
1577,16,64,16,64,17444,3,2.533376,18.778112,1,18.842625,3.483648,22.326273
1578,16,1085,16,1085,17356,3,5.13536,-1,0,78.071808,6.090752,84.16256
1579,16,64,16,64,17400,3,2.596864,19.483648,1,19.550207,3.56352,23.113727
1580,16,1085,16,1085,17294,3,5.08928,-1,0,78.819328,6.034432,84.85376
1581,16,64,16,64,17326,3,2.57024,19.586048,1,19.65568,3.549184,23.204864
1582,16,64,16,64,17370,3,2.542592,19.29216,1,19.358721,3.493888,22.852609
1583,16,64,16,64,17409,3,2.552832,18.914305,1,18.982912,3.51744,22.500352
1584,16,64,16,64,17452,3,2.525184,18.873344,1,18.939903,3.482624,22.422527
1585,16,64,16,64,17494,3,2.530304,18.797567,1,18.865152,3.478528,22.34368
1586,16,1085,16,1085,17387,3,5.137408,-1,0,78.042114,6.085632,84.127746
1587,16,64,16,64,17418,3,2.597888,19.345407,1,19.390465,3.562496,22.952961
1588,16,64,16,64,17451,3,2.555904,18.965504,1,19.034113,3.513344,22.547457
1589,16,2106,16,2106,17243,3,7.926784,-1,0,142.909439,8.877056,151.786495
1590,16,64,16,64,17280,3,2.572288,19.234816,1,19.303425,3.536896,22.840321
1591,16,64,16,64,17321,3,2.548736,18.958336,1,19.024897,3.506176,22.531073
1592,16,64,16,64,17359,3,2.532352,18.699265,1,18.766848,3.483648,22.250496
1593,16,64,16,64,17396,3,2.52416,18.543615,1,18.604033,3.485696,22.089729
1594,16,64,16,64,17435,3,2.52928,18.563072,1,18.627584,3.474432,22.102016
1595,16,64,16,64,17475,3,2.530304,18.77504,1,18.842625,3.4816,22.324225
1596,16,1085,16,1085,17382,3,5.136384,-1,0,78.620674,6.084608,84.705282
1597,16,64,16,64,17424,3,2.577408,19.306496,1,19.366913,3.545088,22.912001
1598,16,64,16,64,17470,3,2.546688,19.047424,1,19.115007,3.508224,22.623231
1599,16,64,16,64,17502,3,2.532352,18.701311,1,18.764799,3.494912,22.259711
1600,16,64,16,64,17535,3,2.52928,18.671616,1,18.737152,3.479552,22.216704
1601,16,64,16,64,17572,3,2.52928,18.636801,1,18.696192,3.48672,22.182912
1602,16,64,16,64,17619,3,2.528256,18.665472,1,18.731009,3.474432,22.205441
1603,16,1085,16,1085,17515,3,5.126144,-1,0,78.175232,6.075392,84.250624
1604,16,64,16,64,17552,3,2.566144,19.357697,1,19.426304,3.538944,22.965248
1605,16,64,16,64,17587,3,2.541568,18.988031,1,19.056641,3.49696,22.553601
1606,16,64,16,64,17627,3,2.537472,18.734079,1,18.80064,3.489792,22.290432
1607,16,64,16,64,17666,3,2.521088,18.604033,1,18.670591,3.475456,22.146047
1608,16,64,16,64,17698,3,2.530304,18.562048,1,18.628609,3.484672,22.113281
1609,16,64,16,64,17733,3,2.527232,18.792448,1,18.859009,3.484672,22.343681
1610,16,1085,16,1085,17642,3,5.126144,-1,0,78.315521,6.07232,84.387841
1611,16,1085,16,1085,17566,3,5.092352,-1,0,80.398338,6.035456,86.433794
1612,16,1085,16,1085,17485,3,5.08416,-1,0,79.78598,6.034432,85.820412
1613,16,1085,16,1085,17401,3,5.090304,-1,0,79.772675,6.039552,85.812227
1614,16,1085,16,1085,17327,3,5.127168,-1,0,80.140289,6.08768,86.227969
1615,16,64,16,64,17372,3,2.561024,19.356672,1,19.418112,3.526656,22.944768
1616,16,64,16,64,17419,3,2.543616,19.01568,1,19.07712,3.503104,22.580224
1617,16,64,16,64,17457,3,2.536448,18.779137,1,18.84672,3.48672,22.33344
1618,16,64,16,64,17498,3,2.528256,18.707457,1,18.774015,3.480576,22.254591
1619,16,64,16,64,17532,3,2.52928,18.584576,1,18.650112,3.479552,22.129664
1620,16,64,16,64,17563,3,2.52928,18.592768,1,18.650112,3.47648,22.126592
1621,16,64,16,64,17600,3,2.542592,18.810881,1,18.876415,3.488768,22.365183
1622,16,2106,16,2106,17380,3,7.927808,-1,0,143.067139,8.879104,151.946242
1623,16,64,16,64,17420,3,2.562048,19.277824,1,19.345407,3.529728,22.875135
1624,16,64,16,64,17468,3,2.54976,19.035135,1,19.099648,3.5072,22.606848
1625,16,64,16,64,17517,3,2.527232,18.767872,1,18.834433,3.489792,22.324225
1626,16,64,16,64,17555,3,2.535424,18.774015,1,18.839552,3.482624,22.322176
1627,16,1085,16,1085,17460,3,5.126144,-1,0,78.338051,6.07744,84.415491
1628,16,64,16,64,17503,3,2.599936,19.582975,1,19.649536,3.571712,23.221248
1629,16,64,16,64,17552,3,2.561024,19.234816,1,19.301376,3.514368,22.815744
1630,16,1085,16,1085,17447,3,5.136384,-1,0,78.270462,6.091776,84.362238
1631,16,1913,16,1913,17218,3,7.364608,-1,0,132.442108,8.308736,140.750844
1632,16,64,16,64,17262,3,2.576384,19.302401,1,19.36384,3.55328,22.91712
1633,16,64,16,64,17298,3,2.547712,18.914305,1,18.972672,3.505152,22.477823
1634,16,64,16,64,17341,3,2.5344,18.724863,1,18.789375,3.48672,22.276095
1635,16,64,16,64,17374,3,2.522112,18.6112,1,18.668545,3.470336,22.138881
1636,16,64,16,64,17409,3,2.515968,18.535423,1,18.60096,3.462144,22.063104
1637,16,64,16,64,17456,3,2.536448,18.761728,1,18.826241,3.487744,22.313985
1638,16,64,16,64,17485,3,2.514944,18.679808,1,18.723841,3.46624,22.190081
1639,16,64,16,64,17512,3,2.518016,18.680832,1,18.721792,3.467264,22.189056
1640,16,2106,16,2106,17288,3,7.923712,-1,0,143.412231,8.871936,152.284167
1641,16,64,16,64,17329,3,2.58048,19.457024,1,19.526655,3.547136,23.073791
1642,16,64,16,64,17374,3,2.555904,19.136513,1,19.206144,3.511296,22.71744
1643,16,1085,16,1085,17280,3,5.121024,-1,0,78.274559,6.07232,84.346879
1644,16,64,16,64,17330,3,2.56512,19.299328,1,19.360767,3.523584,22.884351
1645,16,64,16,64,17376,3,2.545664,19.009537,1,19.07712,3.514368,22.591488
1646,16,64,16,64,17410,3,2.53952,18.760704,1,18.804735,3.493888,22.298623
1647,16,64,16,64,17445,3,2.52928,18.664448,1,18.729984,3.490816,22.2208
1648,16,64,16,64,17478,3,2.52416,18.586624,1,18.653185,3.477504,22.130689
1649,16,1085,16,1085,17391,3,5.12512,-1,0,78.01651,6.076416,84.092926
1650,16,64,16,64,17420,3,2.59072,19.329023,1,19.387392,3.564544,22.951936
1651,16,64,16,64,17454,3,2.547712,19.07712,1,19.145727,3.506176,22.651903
1652,16,1084,16,1084,17358,3,5.121024,-1,0,78.108673,6.070272,84.178945
1653,16,64,16,64,17402,3,2.567168,19.337215,1,19.397633,3.5328,22.930433
1654,16,64,16,64,17449,3,2.540544,19.007488,1,19.065857,3.492864,22.558721
1655,16,64,16,64,17477,3,2.555904,18.735104,1,18.778112,3.515392,22.293504
1656,16,64,16,64,17513,3,2.52416,18.636801,1,18.702335,3.472384,22.174719
1657,16,1085,16,1085,17425,3,5.146624,-1,0,78.196739,6.095872,84.292611
1658,16,64,16,64,17466,3,2.59584,19.342337,1,19.40992,3.56864,22.97856
1659,16,64,16,64,17494,3,2.566144,19.153919,1,19.223553,3.526656,22.750209
1660,16,64,16,64,17531,3,2.533376,18.90304,1,18.968576,3.485696,22.454273
1661,16,2105,16,2105,17308,3,7.909376,-1,0,143.157242,8.865792,152.023034
1662,16,64,16,64,17350,3,2.587648,19.318785,1,19.36384,3.550208,22.914048
1663,16,64,16,64,17395,3,2.558976,19.006464,1,19.068928,3.520512,22.58944
1664,16,64,16,64,17427,3,2.525184,18.794497,1,18.860031,3.47648,22.336511
1665,16,1085,16,1085,17346,3,5.122048,-1,0,78.493698,6.068224,84.561922
1666,16,64,16,64,17387,3,2.578432,19.309568,1,19.378176,3.554304,22.93248
1667,16,64,16,64,17425,3,2.553856,19.027967,1,19.072001,3.5072,22.579201
1668,16,64,16,64,17465,3,2.53952,18.772991,1,18.840576,3.494912,22.335488
1669,16,64,16,64,17518,3,2.527232,18.649088,1,18.715649,3.474432,22.190081
1670,16,64,16,64,17550,3,2.525184,18.591743,1,18.656256,3.472384,22.12864
1671,16,64,16,64,17589,3,2.535424,18.604033,1,18.669567,3.493888,22.163455
1672,16,64,16,64,17633,3,2.526208,18.617344,1,18.675713,3.484672,22.160385
1673,16,64,16,64,17673,3,2.532352,18.690048,1,18.732033,3.479552,22.211585
1674,16,1085,16,1085,17585,3,5.127168,-1,0,78.649345,6.078464,84.727809
1675,16,64,16,64,17622,3,2.56512,19.264511,1,19.332096,3.52256,22.854656
1676,16,64,16,64,17661,3,2.543616,19.078144,1,19.143681,3.505152,22.648833
1677,16,1085,16,1085,17572,3,5.112832,-1,0,78.21312,6.065152,84.278272
1678,16,1085,16,1085,17490,3,5.096448,-1,0,79.818748,6.047744,85.866492
1679,16,1085,16,1085,17392,3,5.107712,-1,0,80.649216,6.06208,86.711296
1680,16,64,16,64,17423,3,2.57024,19.39456,1,19.461121,3.531776,22.992897
1681,16,64,16,64,17458,3,2.53952,19.130367,1,19.195904,3.50208,22.697984
1682,16,1085,16,1085,17358,3,5.12512,-1,0,78.255104,6.074368,84.329472
1683,16,64,16,64,17396,3,2.59072,19.281919,1,19.349504,3.54816,22.897665
1684,16,64,16,64,17437,3,2.553856,18.962433,1,19.03104,3.515392,22.546432
1685,16,1085,16,1085,17345,3,5.129216,-1,0,78.258179,6.079488,84.337667
1686,16,64,16,64,17379,3,2.563072,19.301376,1,19.372032,3.52256,22.894592
1687,16,64,16,64,17413,3,2.537472,18.971647,1,19.032064,3.490816,22.522881
1688,16,1084,16,1084,17322,3,5.14048,-1,0,78.504959,6.094848,84.599807
1689,16,64,16,64,17364,3,2.577408,19.238913,1,19.299328,3.545088,22.844416
1690,16,64,16,64,17405,3,2.552832,18.921473,1,18.992128,3.506176,22.498304
1691,16,64,16,64,17450,3,2.535424,18.787329,1,18.853888,3.482624,22.336512
1692,16,64,16,64,17494,3,2.523136,18.636801,1,18.702335,3.474432,22.176767
1693,16,64,16,64,17531,3,2.527232,18.65728,1,18.723841,3.474432,22.198273
1694,16,1085,16,1085,17438,3,5.128192,-1,0,78.002174,6.079488,84.081662
1695,16,64,16,64,17483,3,2.56512,19.305471,1,19.373056,3.521536,22.894593
1696,16,64,16,64,17524,3,2.536448,18.924543,1,18.993153,3.485696,22.478849
1697,16,64,16,64,17561,3,2.532352,18.868223,1,18.911232,3.510272,22.421504
1698,16,1085,16,1085,17476,3,5.13536,-1,0,77.987839,6.080512,84.068351
1699,16,64,16,64,17515,3,2.5856,19.417088,1,19.483648,3.561472,23.04512
1700,16,64,16,64,17550,3,2.556928,19.201023,1,19.264511,3.516416,22.780927
1701,16,64,16,64,17591,3,2.5344,19.027967,1,19.093504,3.482624,22.576128
1702,16,64,16,64,17632,3,2.541568,18.965504,1,19.026943,3.487744,22.514687
1703,16,1085,16,1085,17548,3,5.134336,-1,0,78.604286,6.085632,84.689918
1704,16,64,16,64,17583,3,2.588672,19.577856,1,19.636225,3.551232,23.187457
1705,16,1085,16,1085,17477,3,5.092352,-1,0,78.853119,6.043648,84.896767
1706,16,1085,16,1085,17375,3,5.136384,-1,0,80.130051,6.081536,86.211586
1707,16,64,16,64,17426,3,2.564096,19.382273,1,19.449856,3.53792,22.987776
1708,16,64,16,64,17465,3,2.547712,19.053568,1,19.120129,3.50208,22.622209
1709,16,64,16,64,17503,3,2.532352,18.758656,1,18.832384,3.495936,22.32832
1710,16,64,16,64,17545,3,2.531328,18.686975,1,18.756607,3.479552,22.236159
1711,16,64,16,64,17580,3,2.525184,18.593792,1,18.658304,3.473408,22.131712
1712,16,64,16,64,17614,3,2.537472,18.563072,1,18.629633,3.49184,22.121473
1713,16,64,16,64,17654,3,2.532352,18.745344,1,18.802689,3.487744,22.290433
1714,16,1085,16,1085,17562,3,5.13536,-1,0,77.914108,6.088704,84.002812
1715,16,64,16,64,17603,3,2.582528,19.787777,1,19.853312,3.549184,23.402496
1716,16,1085,16,1085,17509,3,5.091328,-1,0,79.002625,6.039552,85.042177
1717,16,2106,16,2106,17280,3,7.933952,-1,0,144.552963,8.889344,153.442307
1718,16,64,16,64,17319,3,2.57024,19.372032,1,19.441664,3.539968,22.981632
1719,16,64,16,64,17364,3,2.5344,19.026943,1,19.093504,3.49184,22.585344
1720,16,64,16,64,17410,3,2.532352,18.719744,1,18.788351,3.482624,22.270975
1721,16,64,16,64,17449,3,2.526208,18.613249,1,18.678783,3.479552,22.158335
1722,16,1085,16,1085,17369,3,5.129216,-1,0,78.191612,6.07744,84.269052
1723,16,64,16,64,17414,3,2.583552,19.281919,1,19.34848,3.561472,22.909952
1724,16,64,16,64,17461,3,2.564096,19.172352,1,19.241983,3.525632,22.767615
1725,16,64,16,64,17504,3,2.5344,18.875393,1,18.940928,3.494912,22.435839
1726,16,1085,16,1085,17418,3,5.131264,-1,0,78.045181,6.08768,84.132861
1727,16,64,16,64,17459,3,2.561024,19.410944,1,19.469313,3.51744,22.986753
1728,16,1085,16,1085,17371,3,5.153792,-1,0,79.36512,6.109184,85.474304
1729,16,64,16,64,17406,3,2.588672,19.430401,1,19.497984,3.570688,23.068672
1730,16,1085,16,1085,17308,3,5.136384,-1,0,79.027199,6.089728,85.116927
1731,16,64,16,64,17346,3,2.594816,19.357697,1,19.426304,3.56352,22.989824
1732,16,64,16,64,17393,3,2.53952,19.084288,1,19.142656,3.501056,22.643712
1733,16,64,16,64,17434,3,2.530304,18.760704,1,18.827265,3.493888,22.321153
1734,16,64,16,64,17481,3,2.520064,18.700289,1,18.760704,3.465216,22.22592
1735,16,64,16,64,17507,3,2.546688,18.599936,1,18.656256,3.495936,22.152192
1736,16,64,16,64,17547,3,2.528256,18.601984,1,18.668545,3.483648,22.152193
1737,16,1085,16,1085,17453,3,5.087232,-1,0,77.832191,6.042624,83.874815
1738,16,64,16,64,17492,3,2.573312,19.255297,1,19.323904,3.536896,22.8608
1739,16,64,16,64,17533,3,2.545664,19.06176,1,19.106815,3.50208,22.608895
1740,16,1085,16,1085,17433,3,5.152768,-1,0,78.639107,6.10304,84.742147
1741,16,64,16,64,17468,3,2.574336,19.40992,1,19.477505,3.5584,23.035905
1742,16,64,16,64,17519,3,2.54976,19.011583,1,19.079168,3.506176,22.585344
1743,16,64,16,64,17558,3,2.537472,18.752512,1,18.807808,3.485696,22.293504
1744,16,64,16,64,17592,3,2.525184,18.660353,1,18.717695,3.47648,22.194175
1745,16,64,16,64,17629,3,2.522112,18.573313,1,18.634752,3.47136,22.106112
1746,16,64,16,64,17659,3,2.530304,18.685951,1,18.742271,3.483648,22.225919
1747,16,64,16,64,17689,3,2.541568,18.663424,1,18.72896,3.49184,22.2208
1748,16,64,16,64,17724,3,2.526208,18.915327,1,18.981888,3.473408,22.455296
1749,16,1085,16,1085,17631,3,5.113856,-1,0,77.983742,6.060032,84.043774
1750,16,64,16,64,17667,3,2.578432,19.608576,1,19.677183,3.552256,23.229439
1751,16,1085,16,1085,17574,3,5.107712,-1,0,78.742531,6.05696,84.799491
1752,16,64,16,64,17620,3,2.576384,19.371008,1,19.416063,3.53792,22.953983
1753,16,64,16,64,17651,3,2.54464,19.105791,1,19.176449,3.50208,22.678529
1754,16,64,16,64,17686,3,2.533376,18.945024,1,19.011583,3.495936,22.507519
1755,16,64,16,64,17722,3,2.531328,18.852863,1,18.920448,3.492864,22.413312
1756,16,1085,16,1085,17608,3,5.116928,-1,0,78.412804,6.065152,84.477956
1757,16,64,16,64,17658,3,2.569216,19.361792,1,19.423231,3.539968,22.963199
1758,16,64,16,64,17698,3,2.541568,19.171328,1,19.238913,3.492864,22.731776
1759,16,1085,16,1085,17611,3,5.138432,-1,0,78.221313,6.08256,84.303874
1760,16,64,16,64,17653,3,2.578432,19.253248,1,19.321856,3.54816,22.870016
1761,16,64,16,64,17695,3,2.552832,19.065857,1,19.134464,3.511296,22.64576
1762,16,64,16,64,17731,3,2.540544,19.091455,1,19.15904,3.495936,22.654976
1763,16,1085,16,1085,17646,3,5.146624,-1,0,78.553085,6.0928,84.645885
1764,16,1085,16,1085,17556,3,5.116928,-1,0,80.419838,6.066176,86.486014
1765,16,1084,16,1084,17467,3,5.083136,-1,0,80.067581,6.029312,86.096893
1766,16,1085,16,1085,17368,3,5.156864,-1,0,80.406525,6.106112,86.512637
1767,16,64,16,64,17403,3,2.594816,19.582975,1,19.651585,3.566592,23.218177
1768,16,64,16,64,17445,3,2.556928,19.187712,1,19.245056,3.518464,22.76352
1769,16,64,16,64,17483,3,2.533376,18.915327,1,18.982912,3.489792,22.472704
1770,16,2106,16,2106,17274,3,7.959552,-1,0,144.082947,8.9088,152.991747
1771,16,1085,16,1085,17163,3,5.101568,-1,0,80.546814,6.049792,86.596606
1772,16,64,16,64,17202,3,2.561024,19.208193,1,19.267584,3.53792,22.805504
1773,16,64,16,64,17247,3,2.547712,18.910208,1,18.968576,3.505152,22.473728
1774,16,64,16,64,17284,3,2.53952,18.807808,1,18.875393,3.494912,22.370305
1775,16,64,16,64,17317,3,2.538496,18.823168,1,18.88768,3.492864,22.380544
1776,16,64,16,64,17357,3,2.531328,18.745344,1,18.807808,3.484672,22.29248
1777,16,64,16,64,17393,3,2.533376,18.771969,1,18.837503,3.49184,22.329343
1778,16,1085,16,1085,17284,3,5.138432,-1,0,77.96019,6.091776,84.051966
1779,16,1085,16,1085,17196,3,5.098496,-1,0,80.694275,6.052864,86.747139
1780,16,64,16,64,17240,3,2.569216,19.243008,1,19.311617,3.535872,22.847489
1781,16,1085,16,1085,17163,3,5.08416,-1,0,78.711807,6.033408,84.745215
1782,16,64,16,64,17208,3,2.583552,19.241983,1,19.301376,3.552256,22.853632
1783,16,64,16,64,17245,3,2.556928,18.958336,1,19.018751,3.515392,22.534143
1784,16,64,16,64,17296,3,2.532352,18.7136,1,18.781183,3.483648,22.264831
1785,16,64,16,64,17336,3,2.518016,18.588673,1,18.653185,3.469312,22.122497
1786,16,64,16,64,17369,3,2.540544,18.581505,1,18.649088,3.488768,22.137856
1787,16,64,16,64,17412,3,2.530304,18.603008,1,18.669567,3.488768,22.158335
1788,16,64,16,64,17442,3,2.520064,18.594816,1,18.660353,3.463168,22.123521
1789,16,1085,16,1085,17356,3,5.127168,-1,0,78.400513,6.075392,84.475904
1790,16,64,16,64,17380,3,2.569216,19.286016,1,19.352575,3.534848,22.887423
1791,16,64,16,64,17418,3,2.546688,18.945024,1,19.013632,3.501056,22.514688
1792,16,64,16,64,17449,3,2.5344,18.688,1,18.753536,3.506176,22.259712
1793,16,64,16,64,17489,3,2.525184,18.571264,1,18.637823,3.477504,22.115327
1794,16,64,16,64,17537,3,2.52928,18.596865,1,18.663424,3.478528,22.141952
1795,16,64,16,64,17578,3,2.530304,18.588673,1,18.653185,3.479552,22.132737
1796,16,64,16,64,17615,3,2.510848,18.816,1,18.859009,3.463168,22.322177
1797,16,1085,16,1085,17523,3,5.121024,-1,0,78.136322,6.073344,84.209666
1798,16,64,16,64,17553,3,2.561024,19.444736,1,19.51232,3.5328,23.04512
1799,16,1085,16,1085,17450,3,5.146624,-1,0,78.94323,6.102016,85.045246
1800,16,64,16,64,17491,3,2.60096,19.297279,1,19.357697,3.569664,22.927361
1801,16,64,16,64,17531,3,2.562048,19.059711,1,19.129345,3.534848,22.664193
1802,16,1085,16,1085,17447,3,5.152768,-1,0,78.90432,6.107136,85.011456
1803,16,64,16,64,17486,3,2.581504,19.398657,1,19.46624,3.539968,23.006208
1804,16,64,16,64,17527,3,2.546688,18.977793,1,19.037184,3.50208,22.539264
1805,16,64,16,64,17568,3,2.536448,18.748417,1,18.814976,3.492864,22.30784
1806,16,64,16,64,17608,3,2.52416,18.634752,1,18.701311,3.475456,22.176767
1807,16,1085,16,1085,17510,3,5.12,-1,0,77.813759,6.068224,83.881983
1808,16,64,16,64,17551,3,2.593792,19.26656,1,19.33312,3.559424,22.892544
1809,16,64,16,64,17592,3,2.57024,18.950144,1,19.013632,3.528704,22.542336
1810,16,64,16,64,17630,3,2.542592,18.802689,1,18.871296,3.503104,22.3744
1811,16,1085,16,1085,17539,3,5.126144,-1,0,78.738434,6.078464,84.816898
1812,16,64,16,64,17572,3,2.564096,19.2768,1,19.344383,3.523584,22.867967
1813,16,64,16,64,17616,3,2.538496,18.99008,1,19.057665,3.503104,22.560769
1814,16,64,16,64,17658,3,2.54976,19.0208,1,19.089409,3.504128,22.593537
1815,16,1085,16,1085,17553,3,5.127168,-1,0,78.005249,6.070272,84.075521
1816,16,64,16,64,17597,3,2.60096,19.561472,1,19.629057,3.572736,23.201793
1817,16,64,16,64,17636,3,2.562048,19.237888,1,19.300352,3.52768,22.828032
1818,16,64,16,64,17670,3,2.551808,19.034113,1,19.100672,3.509248,22.60992
1819,16,64,16,64,17714,3,2.530304,18.970625,1,19.037184,3.477504,22.514688
1820,16,64,16,64,17755,3,2.540544,19.008512,1,19.051519,3.492864,22.544383
1821,16,64,16,64,17806,3,2.542592,19.041281,1,19.106815,3.49184,22.598655
1822,16,1085,16,1085,17701,3,5.112832,-1,0,77.874176,6.063104,83.93728
1823,16,1085,16,1085,17594,3,5.097472,-1,0,79.841278,6.045696,85.886974
1824,16,64,16,64,17633,3,2.576384,19.550207,1,19.595264,3.546112,23.141376
1825,16,64,16,64,17674,3,2.56,19.388416,1,19.447807,3.51744,22.965247
1826,16,64,16,64,17711,3,2.54464,19.099648,1,19.168257,3.49184,22.660097
1827,16,1084,16,1084,17585,3,5.111808,-1,0,77.785088,6.060032,83.845119
1828,16,2106,16,2106,17346,3,7.963648,-1,0,144.743423,8.915968,153.659391
1829,16,64,16,64,17392,3,2.567168,19.570688,1,19.638271,3.53792,23.176191
1830,16,2106,16,2106,17173,3,7.932928,-1,0,143.692795,8.8832,152.575994
1831,16,64,16,64,17220,3,2.581504,19.29216,1,19.362816,3.546112,22.908928
1832,16,64,16,64,17263,3,2.561024,18.966528,1,19.026943,3.525632,22.552575
1833,16,64,16,64,17297,3,2.54976,18.924543,1,18.992128,3.506176,22.498304
1834,16,64,16,64,17342,3,2.525184,18.852863,1,18.9184,3.47648,22.39488
1835,16,64,16,64,17373,3,2.52416,18.812927,1,18.879488,3.485696,22.365184
1836,16,64,16,64,17407,3,2.526208,18.76992,1,18.835457,3.47648,22.311937
1837,16,1085,16,1085,17302,3,5.1712,-1,0,77.683708,6.121472,83.80518
1838,16,64,16,64,17344,3,2.588672,19.351551,1,19.397633,3.562496,22.960129
1839,16,64,16,64,17379,3,2.556928,19.034113,1,19.093504,3.518464,22.611968
1840,16,1085,16,1085,17292,3,5.146624,-1,0,78.703613,6.09792,84.801533
1841,16,64,16,64,17336,3,2.582528,19.361792,1,19.429377,3.557376,22.986753
1842,16,64,16,64,17367,3,2.543616,19.004416,1,19.063808,3.499008,22.562816
1843,16,64,16,64,17406,3,2.530304,18.732033,1,18.797567,3.4816,22.279167
1844,16,64,16,64,17439,3,2.528256,18.621441,1,18.686975,3.477504,22.164479
1845,16,64,16,64,17477,3,2.531328,18.568192,1,18.632704,3.48672,22.119424
1846,16,64,16,64,17521,3,2.525184,18.697216,1,18.762753,3.474432,22.237185
1847,16,1085,16,1085,17427,3,5.131264,-1,0,78.150658,6.08768,84.238338
1848,16,64,16,64,17469,3,2.60608,19.361792,1,19.430401,3.569664,23.000065
1849,16,64,16,64,17508,3,2.543616,19.115007,1,19.182592,3.511296,22.693888
1850,16,64,16,64,17540,3,2.5344,18.97472,1,19.018751,3.493888,22.512639
1851,16,64,16,64,17580,3,2.52928,18.871296,1,18.915327,3.47648,22.391807
1852,16,64,16,64,17613,3,2.525184,18.733055,1,18.797567,3.473408,22.270975
1853,16,1084,16,1084,17529,3,5.116928,-1,0,77.989891,6.064128,84.054019
1854,16,1085,16,1085,17423,3,5.093376,-1,0,79.899651,6.044672,85.944323
1855,16,64,16,64,17466,3,2.582528,19.310593,1,19.368959,3.550208,22.919168
1856,16,1085,16,1085,17376,3,5.090304,-1,0,78.854141,6.039552,84.893693
1857,16,64,16,64,17413,3,2.577408,19.218431,1,19.262465,3.545088,22.807553
1858,16,64,16,64,17452,3,2.54976,18.921473,1,18.980864,3.505152,22.486016
1859,16,64,16,64,17497,3,2.533376,18.734079,1,18.80064,3.484672,22.285312
1860,16,64,16,64,17546,3,2.527232,18.678783,1,18.736128,3.475456,22.211584
1861,16,64,16,64,17589,3,2.537472,18.591743,1,18.658304,3.490816,22.14912
1862,16,64,16,64,17623,3,2.530304,18.584576,1,18.642944,3.49696,22.139904
1863,16,64,16,64,17656,3,2.51904,18.620417,1,18.685951,3.46624,22.152191
1864,16,1085,16,1085,17563,3,5.12,-1,0,78.038017,6.070272,84.108289
1865,16,64,16,64,17595,3,2.567168,19.554304,1,19.622911,3.52256,23.145471
1866,16,3126,16,3126,17255,3,10.558464,-1,0,204.801025,11.506688,216.307714
1867,16,1085,16,1085,17165,3,5.131264,-1,0,81.063934,6.083584,87.147518
1868,16,64,16,64,17211,3,2.552832,19.294209,1,19.356672,3.520512,22.877184
1869,16,64,16,64,17244,3,2.533376,18.891775,1,18.960384,3.506176,22.46656
1870,16,64,16,64,17284,3,2.5344,18.726912,1,18.786304,3.49696,22.283264
1871,16,64,16,64,17322,3,2.532352,18.64192,1,18.707457,3.485696,22.193153
1872,16,64,16,64,17363,3,2.526208,18.620417,1,18.689024,3.480576,22.1696
1873,16,64,16,64,17407,3,2.546688,18.625536,1,18.689024,3.50208,22.191104
1874,16,64,16,64,17447,3,2.537472,18.717695,1,18.784256,3.505152,22.289408
1875,16,64,16,64,17494,3,2.520064,18.67264,1,18.738176,3.477504,22.21568
1876,16,64,16,64,17534,3,2.515968,18.75456,1,18.822144,3.470336,22.29248
1877,16,64,16,64,17569,3,2.52928,18.734079,1,18.797567,3.477504,22.275071
1878,16,64,16,64,17607,3,2.525184,18.69824,1,18.757631,3.47648,22.234111
1879,16,1085,16,1085,17506,3,5.134336,-1,0,78.092285,6.088704,84.180989
1880,16,64,16,64,17551,3,2.574336,19.426304,1,19.495935,3.552256,23.048192
1881,16,64,16,64,17588,3,2.564096,19.216385,1,19.279873,3.531776,22.811649
1882,16,64,16,64,17625,3,2.536448,18.937857,1,19.004416,3.488768,22.493184
1883,16,1085,16,1085,17518,3,5.115904,-1,0,77.800446,6.069248,83.869694
1884,16,64,16,64,17560,3,2.557952,19.33312,1,19.401728,3.521536,22.923264
1885,16,64,16,64,17593,3,2.538496,19.003391,1,19.060736,3.493888,22.554624
1886,16,64,16,64,17633,3,2.547712,18.940928,1,19.008512,3.500032,22.508544
1887,16,64,16,64,17677,3,2.540544,18.844671,1,18.91328,3.49184,22.40512
1888,16,1085,16,1085,17578,3,5.144576,-1,0,78.370819,6.088704,84.459523
1889,16,64,16,64,17617,3,2.58048,19.355648,1,19.414017,3.540992,22.955009
1890,16,64,16,64,17662,3,2.541568,19.011583,1,19.081217,3.503104,22.584321
1891,16,1084,16,1084,17560,3,5.115904,-1,0,77.735939,6.074368,83.810307
1892,16,64,16,64,17598,3,2.569216,19.340288,1,19.408895,3.530752,22.939647
1893,16,2105,16,2105,17378,3,7.953408,-1,0,143.899643,8.909824,152.809467
1894,16,64,16,64,17425,3,2.589696,19.446783,1,19.505152,3.562496,23.067648
1895,16,1085,16,1085,17335,3,5.0944,-1,0,78.702591,6.040576,84.743167
1896,16,64,16,64,17375,3,2.561024,19.249151,1,19.314688,3.529728,22.844416
1897,16,64,16,64,17421,3,2.540544,18.941952,1,19.008512,3.503104,22.511616
1898,16,1085,16,1085,17325,3,5.141504,-1,0,78.554115,6.094848,84.648963
1899,16,64,16,64,17367,3,2.582528,19.271681,1,19.337215,3.552256,22.889472
1900,16,64,16,64,17400,3,2.555904,18.998272,1,19.066879,3.51232,22.579199
1901,16,64,16,64,17439,3,2.535424,18.765823,1,18.823168,3.484672,22.30784
1902,16,64,16,64,17483,3,2.527232,18.606079,1,18.671616,3.480576,22.152192
1903,16,64,16,64,17524,3,2.53952,18.557953,1,18.623487,3.490816,22.114304
1904,16,64,16,64,17575,3,2.538496,18.747393,1,18.812927,3.49184,22.304767
1905,16,64,16,64,17621,3,2.52416,18.9184,1,18.983936,3.47648,22.460416
1906,16,1085,16,1085,17529,3,5.133312,-1,0,77.715454,6.081536,83.79699
1907,16,64,16,64,17569,3,2.577408,19.390465,1,19.459072,3.542016,23.001088
1908,16,64,16,64,17610,3,2.551808,19.173376,1,19.243008,3.513344,22.756352
1909,16,64,16,64,17643,3,2.540544,18.824192,1,18.883583,3.49184,22.375423
1910,16,64,16,64,17680,3,2.538496,18.664448,1,18.723841,3.492864,22.216705
1911,16,1085,16,1085,17578,3,5.13536,-1,0,78.093315,6.084608,84.177923
1912,16,64,16,64,17624,3,2.592768,19.366913,1,19.411968,3.561472,22.97344
1913,16,64,16,64,17661,3,2.543616,19.188736,1,19.257343,3.506176,22.763519
1914,16,1085,16,1085,17575,3,5.156864,-1,0,78.661629,6.120448,84.782077
1915,16,64,16,64,17617,3,2.577408,19.323904,1,19.391487,3.550208,22.941695
1916,16,1085,16,1085,17522,3,5.0944,-1,0,79.044609,6.038528,85.083137
1917,16,64,16,64,17566,3,2.594816,19.427328,1,19.494911,3.557376,23.052287
1918,16,1085,16,1085,17475,3,5.132288,-1,0,79.57811,6.085632,85.663742
1919,16,64,16,64,17513,3,2.598912,19.676161,1,19.734528,3.567616,23.302144
1920,16,1085,16,1085,17427,3,5.093376,-1,0,79.188995,6.055936,85.244931
1921,16,64,16,64,17471,3,2.577408,19.499008,1,19.564545,3.54304,23.107585
1922,16,1085,16,1085,17363,3,5.091328,-1,0,78.601219,6.043648,84.644867
1923,16,64,16,64,17404,3,2.58048,19.453953,1,19.520512,3.55328,23.073792
1924,16,64,16,64,17449,3,2.555904,19.227648,1,19.290112,3.518464,22.808576
1925,16,1085,16,1085,17338,3,5.128192,-1,0,78.683136,6.07744,84.760576
1926,16,64,16,64,17384,3,2.572288,19.294209,1,19.36384,3.533824,22.897664
1927,16,64,16,64,17429,3,2.552832,18.991104,1,19.057665,3.504128,22.561793
1928,16,64,16,64,17466,3,2.528256,18.919424,1,18.985985,3.478528,22.464513
1929,16,1084,16,1084,17373,3,5.12512,-1,0,77.853699,6.083584,83.937283
1930,16,64,16,64,17414,3,2.586624,19.516417,1,19.586048,3.552256,23.138304
1931,16,64,16,64,17459,3,2.557952,19.393536,1,19.453953,3.520512,22.974465
1932,16,64,16,64,17502,3,2.531328,19.056641,1,19.124224,3.482624,22.606848
1933,16,2106,16,2106,17259,3,7.92064,-1,0,142.734329,8.87296,151.607289
1934,16,64,16,64,17297,3,2.574336,19.296255,1,19.36384,3.554304,22.918144
1935,16,64,16,64,17346,3,2.55488,18.941952,1,19.008512,3.513344,22.521857
1936,16,64,16,64,17385,3,2.525184,18.676737,1,18.742271,3.475456,22.217727
1937,16,64,16,64,17429,3,2.530304,18.569216,1,18.633728,3.48672,22.120448
1938,16,64,16,64,17465,3,2.525184,18.557953,1,18.624512,3.480576,22.105088
1939,16,64,16,64,17507,3,2.542592,18.75968,1,18.825216,3.497984,22.3232
1940,16,1085,16,1085,17416,3,5.1456,-1,0,78.170113,6.095872,84.265985
1941,16,64,16,64,17459,3,2.584576,19.315712,1,19.376127,3.545088,22.921215
1942,16,64,16,64,17492,3,2.552832,19.202047,1,19.270657,3.510272,22.780929
1943,16,1085,16,1085,17395,3,5.134336,-1,0,78.440445,6.08256,84.523005
1944,16,1085,16,1085,17307,3,5.111808,-1,0,80.272385,6.0672,86.339585
1945,16,64,16,64,17348,3,2.562048,19.284992,1,19.344383,3.530752,22.875135
1946,16,64,16,64,17390,3,2.54464,18.956287,1,19.00032,3.50208,22.5024
1947,16,64,16,64,17430,3,2.536448,18.75456,1,18.811905,3.493888,22.305793
1948,16,64,16,64,17468,3,2.542592,18.700289,1,18.768896,3.5072,22.276096
1949,16,64,16,64,17509,3,2.537472,18.724863,1,18.791424,3.48672,22.278144
1950,16,64,16,64,17547,3,2.52928,18.787329,1,18.848768,3.482624,22.331392
1951,16,64,16,64,17588,3,2.535424,18.732033,1,18.796543,3.485696,22.282239
1952,16,64,16,64,17623,3,2.535424,18.87232,1,18.938881,3.4816,22.420481
1953,16,1069,16,1069,17533,3,5.12,-1,0,77.591553,6.081536,83.673089
1954,16,1085,16,1085,17420,3,5.096448,-1,0,80.268288,6.045696,86.313983
1955,16,64,16,64,17471,3,2.577408,19.342337,1,19.410944,3.545088,22.956032
1956,16,64,16,64,17510,3,2.564096,19.201023,1,19.268608,3.530752,22.79936
1957,16,64,16,64,17551,3,2.537472,18.929665,1,18.995199,3.488768,22.483967
1958,16,64,16,64,17589,3,2.52928,18.794497,1,18.861055,3.485696,22.346751
1959,16,64,16,64,17624,3,2.52928,18.832384,1,18.88768,3.482624,22.370304
1960,16,64,16,64,17662,3,2.535424,18.827265,1,18.892799,3.488768,22.381567
1961,16,1085,16,1085,17550,3,5.16608,-1,0,78.427139,6.119424,84.546563
1962,16,64,16,64,17605,3,2.604032,19.469313,1,19.536896,3.57888,23.115776
1963,16,64,16,64,17643,3,2.553856,19.116032,1,19.186687,3.516416,22.703104
1964,16,2106,16,2106,17422,3,7.958528,-1,0,143.161346,8.9088,152.070147
1965,16,64,16,64,17465,3,2.596864,19.381248,1,19.45088,3.577856,23.028736
1966,16,64,16,64,17510,3,2.552832,19.24608,1,19.313663,3.511296,22.82496
1967,16,1085,16,1085,17429,3,5.134336,-1,0,78.370819,6.084608,84.455427
1968,16,64,16,64,17470,3,2.566144,19.399679,1,19.468288,3.529728,22.998016
1969,16,64,16,64,17508,3,2.536448,19.144705,1,19.20512,3.497984,22.703104
1970,16,64,16,64,17549,3,2.531328,18.921473,1,18.978815,3.483648,22.462463
1971,16,64,16,64,17590,3,2.531328,18.761728,1,18.828287,3.483648,22.311935
1972,16,64,16,64,17630,3,2.538496,18.780161,1,18.84672,3.489792,22.336512
1973,16,1085,16,1085,17526,3,5.144576,-1,0,78.318588,6.093824,84.412412
1974,16,64,16,64,17565,3,2.561024,19.354624,1,19.422209,3.524608,22.946817
1975,16,64,16,64,17606,3,2.5344,19.0208,1,19.091455,3.490816,22.582272
1976,16,64,16,64,17648,3,2.543616,18.695168,1,18.760704,3.504128,22.264832
1977,16,64,16,64,17678,3,2.521088,18.80064,1,18.843649,3.467264,22.310913
1978,16,1085,16,1085,17578,3,5.141504,-1,0,78.205956,6.10304,84.308996
1979,16,64,16,64,17619,3,2.578432,19.323904,1,19.385344,3.55328,22.938624
1980,16,1085,16,1085,17532,3,5.098496,-1,0,79.254524,6.045696,85.30022
1981,16,1085,16,1085,17446,3,5.090304,-1,0,79.775742,6.039552,85.815294
1982,16,1084,16,1084,17360,3,5.075968,-1,0,79.489021,6.020096,85.509117
1983,16,64,16,64,17404,3,2.56,19.149824,1,19.215361,3.521536,22.736897
1984,16,64,16,64,17441,3,2.541568,18.929665,1,18.997248,3.49696,22.494208
1985,16,64,16,64,17479,3,2.546688,18.837503,1,18.904064,3.499008,22.403072
1986,16,1085,16,1085,17380,3,5.144576,-1,0,78.400513,6.091776,84.492289
1987,16,64,16,64,17423,3,2.594816,19.605503,1,19.673088,3.574784,23.247872
1988,16,64,16,64,17468,3,2.553856,19.238913,1,19.305471,3.518464,22.823936
1989,16,64,16,64,17509,3,2.545664,18.958336,1,19.014656,3.501056,22.515712
1990,16,64,16,64,17553,3,2.523136,18.814976,1,18.880512,3.473408,22.35392
1991,16,2106,16,2106,17340,3,7.93088,-1,0,142.385147,8.881152,151.266299
1992,16,1084,16,1084,17246,3,5.100544,-1,0,80.09523,6.048768,86.143998
1993,16,64,16,64,17286,3,2.577408,19.352575,1,19.412992,3.542016,22.955009
1994,16,64,16,64,17323,3,2.56,18.952192,1,19.019775,3.515392,22.535167
1995,16,64,16,64,17360,3,2.530304,18.695168,1,18.760704,3.485696,22.2464
1996,16,1085,16,1085,17269,3,5.146624,-1,0,78.446594,6.093824,84.540418
1997,16,64,16,64,17308,3,2.579456,19.323904,1,19.385344,3.539968,22.925312
1998,16,64,16,64,17352,3,2.555904,19.085312,1,19.153919,3.514368,22.668287
1999,16,64,16,64,17393,3,2.537472,18.765823,1,18.832384,3.492864,22.325248
2000,16,1085,16,1085,17308,3,5.12512,-1,0,78.187523,6.070272,84.257795
2001,16,64,16,64,17352,3,2.569216,19.305471,1,19.372032,3.54304,22.915072
2002,16,64,16,64,17401,3,2.541568,19.124224,1,19.191809,3.494912,22.686721
2003,16,64,16,64,17439,3,2.552832,18.886656,1,18.94912,3.503104,22.452224
2004,16,64,16,64,17477,3,2.516992,18.821119,1,18.886656,3.464192,22.350848
2005,16,64,16,64,17521,3,2.52416,18.723841,1,18.7904,3.47648,22.26688
2006,16,1085,16,1085,17436,3,5.134336,-1,0,78.319618,6.089728,84.409346
2007,16,1085,16,1085,17339,3,5.123072,-1,0,80.547836,6.073344,86.621181
2008,16,64,16,64,17375,3,2.561024,19.321856,1,19.388416,3.52768,22.916096
2009,16,64,16,64,17420,3,2.537472,18.921473,1,18.989056,3.495936,22.484992
2010,16,64,16,64,17454,3,2.52928,18.696192,1,18.762753,3.484672,22.247425
2011,16,1085,16,1085,17376,3,5.126144,-1,0,77.622269,6.07744,83.699708
2012,16,64,16,64,17414,3,2.572288,19.254272,1,19.32288,3.538944,22.861824
2013,16,64,16,64,17456,3,2.562048,19.045376,1,19.113983,3.521536,22.635519
2014,16,64,16,64,17492,3,2.546688,19.076096,1,19.135489,3.500032,22.63552
2015,16,64,16,64,17533,3,2.53952,18.851839,1,18.909184,3.50208,22.411263
2016,16,1085,16,1085,17443,3,5.11488,-1,0,78.366722,6.061056,84.427778
2017,16,64,16,64,17486,3,2.567168,19.438593,1,19.499008,3.533824,23.032832
2018,16,64,16,64,17531,3,2.54464,19.064833,1,19.132416,3.497984,22.6304
2019,16,64,16,64,17574,3,2.541568,18.866177,1,18.93376,3.500032,22.433792
2020,16,64,16,64,17608,3,2.536448,18.821119,1,18.880512,3.487744,22.368256
2021,16,1084,16,1084,17498,3,5.08416,-1,0,77.717506,6.032384,83.74989
2022,16,64,16,64,17538,3,2.59072,19.234816,1,19.295233,3.5584,22.853633
2023,16,64,16,64,17583,3,2.53952,18.942976,1,19.011583,3.505152,22.516735
2024,16,64,16,64,17627,3,2.533376,18.739201,1,18.783232,3.487744,22.270976
2025,16,64,16,64,17656,3,2.52928,18.656256,1,18.722816,3.485696,22.208513
2026,16,64,16,64,17697,3,2.522112,18.588673,1,18.654207,3.478528,22.132735
2027,16,64,16,64,17740,3,2.52416,18.571264,1,18.614271,3.472384,22.086655
2028,16,64,16,64,17783,3,2.521088,18.572289,1,18.639872,3.473408,22.11328
2029,16,64,16,64,17827,3,2.526208,18.52416,1,18.589697,3.472384,22.062081
2030,16,3127,16,3127,17479,3,10.478592,-1,0,203.217926,11.424768,214.642694
2031,16,64,16,64,17527,3,2.604032,19.459072,1,19.528704,3.576832,23.105536
2032,16,64,16,64,17566,3,2.550784,19.135489,1,19.196928,3.5072,22.704128
2033,16,64,16,64,17601,3,2.546688,19.050495,1,19.117056,3.505152,22.622208
2034,16,1069,16,1069,17503,3,5.128192,-1,0,77.868034,6.080512,83.948546
2035,16,64,16,64,17545,3,2.593792,19.453953,1,19.519487,3.559424,23.078911
2036,16,64,16,64,17584,3,2.566144,19.19488,1,19.255297,3.52256,22.777857
2037,16,64,16,64,17620,3,2.562048,19.167233,1,19.211264,3.51232,22.723584
2038,16,64,16,64,17658,3,2.540544,19.10272,1,19.170303,3.490816,22.661119
2039,16,64,16,64,17700,3,2.528256,19.055616,1,19.124224,3.479552,22.603776
2040,16,2106,16,2106,17464,3,7.93088,-1,0,143.025146,8.877056,151.902203
2041,16,2106,16,2106,17242,3,7.93088,-1,0,145.107971,8.886272,153.994244
2042,16,1085,16,1085,17136,3,5.194752,-1,0,80.362495,6.15424,86.516736
2043,16,64,16,64,17185,3,2.59072,19.588097,1,19.654655,3.566592,23.221247
2044,16,64,16,64,17223,3,2.557952,19.170303,1,19.236864,3.515392,22.752256
2045,16,1085,16,1085,17127,3,5.132288,-1,0,78.32576,6.086656,84.412416
2046,16,64,16,64,17163,3,2.563072,19.278849,1,19.340288,3.52256,22.862848
2047,16,64,16,64,17202,3,2.536448,19.022848,1,19.090431,3.49184,22.582271
2048,16,64,16,64,17236,3,2.533376,18.706432,1,18.765823,3.484672,22.250495
2049,16,64,16,64,17273,3,2.520064,18.572289,1,18.635777,3.470336,22.106112
2050,16,64,16,64,17307,3,2.512896,18.563072,1,18.627584,3.467264,22.094848
2051,16,64,16,64,17346,3,2.52928,18.559999,1,18.624512,3.480576,22.105088
2052,16,64,16,64,17390,3,2.526208,18.548737,1,18.615295,3.480576,22.095871
2053,16,64,16,64,17433,3,2.522112,18.527231,1,18.591743,3.475456,22.067199
2054,16,64,16,64,17470,3,2.516992,18.4832,1,18.548737,3.468288,22.017025
2055,16,64,16,64,17496,3,2.528256,18.555904,1,18.620417,3.488768,22.109185
2056,16,64,16,64,17526,3,2.528256,18.762753,1,18.827265,3.47648,22.303745
2057,16,64,16,64,17568,3,2.52928,18.719744,1,18.77504,3.475456,22.250496
2058,16,64,16,64,17602,3,2.52928,18.734079,1,18.801664,3.483648,22.285312
2059,16,64,16,64,17639,3,2.531328,18.751488,1,18.806784,3.483648,22.290432
2060,16,64,16,64,17679,3,2.51904,18.733055,1,18.80064,3.472384,22.273024
2061,16,64,16,64,17722,3,2.523136,18.774015,1,18.838528,3.472384,22.310912
2062,16,64,16,64,17770,3,2.532352,18.74432,1,18.810881,3.484672,22.295553
2063,16,64,16,64,17805,3,2.521088,18.75968,1,18.801664,3.467264,22.268928
2064,16,1085,16,1085,17693,3,5.139456,-1,0,77.783043,6.093824,83.876867
2065,16,1085,16,1085,17568,3,5.141504,-1,0,80.538628,6.089728,86.628356
2066,16,64,16,64,17608,3,2.59072,19.458048,1,19.517441,3.552256,23.069697
2067,16,64,16,64,17645,3,2.552832,19.132416,1,19.198977,3.504128,22.703104
2068,16,1085,16,1085,17550,3,5.121024,-1,0,78.094337,6.0672,84.161538
2069,16,64,16,64,17594,3,2.59584,19.430401,1,19.497984,3.569664,23.067648
2070,16,64,16,64,17636,3,2.56512,19.352575,1,19.411968,3.534848,22.946816
2071,16,1085,16,1085,17538,3,5.134336,-1,0,78.568451,6.083584,84.652035
2072,16,1085,16,1085,17434,3,5.118976,-1,0,80.689156,6.060032,86.749187
2073,16,1085,16,1085,17348,3,5.139456,-1,0,80.052223,6.089728,86.141951
2074,16,64,16,64,17390,3,2.60096,19.360767,1,19.429377,3.581952,23.011329
2075,16,64,16,64,17430,3,2.57024,19.037184,1,19.101696,3.530752,22.632448
2076,16,64,16,64,17464,3,2.540544,18.827265,1,18.892799,3.495936,22.388735
2077,16,64,16,64,17502,3,2.530304,18.661377,1,18.726912,3.4816,22.208512
2078,16,64,16,64,17541,3,2.535424,18.630655,1,18.696192,3.482624,22.178816
2079,16,64,16,64,17584,3,2.533376,18.630655,1,18.695168,3.484672,22.17984
2080,16,1085,16,1085,17493,3,5.149696,-1,0,78.425087,6.102016,84.527103
2081,16,64,16,64,17545,3,2.59072,19.495935,1,19.556353,3.571712,23.128065
2082,16,64,16,64,17588,3,2.56512,19.198977,1,19.267584,3.542016,22.8096
2083,16,64,16,64,17617,3,2.541568,18.864128,1,18.92864,3.499008,22.427648
2084,16,64,16,64,17653,3,2.525184,18.770945,1,18.837503,3.479552,22.317055
2085,16,64,16,64,17691,3,2.541568,18.836479,1,18.90304,3.501056,22.404096
2086,16,64,16,64,17731,3,2.546688,18.91328,1,18.970625,3.499008,22.469633
2087,16,3126,16,3126,17376,3,10.489856,-1,0,203.865082,11.44832,215.313402
2088,16,64,16,64,17418,3,2.576384,19.787777,1,19.848192,3.546112,23.394304
2089,16,64,16,64,17461,3,2.545664,19.298304,1,19.356672,3.497984,22.854656
2090,16,64,16,64,17496,3,2.541568,19.088385,1,19.154943,3.495936,22.650879
2091,16,64,16,64,17534,3,2.532352,19.002369,1,19.067904,3.485696,22.5536
2092,16,2105,16,2105,17292,3,7.913472,-1,0,142.702591,8.87808,151.580671
2093,16,1085,16,1085,17218,3,5.133312,-1,0,80.508926,6.086656,86.595582
2094,16,64,16,64,17265,3,2.564096,19.2768,1,19.345407,3.534848,22.880255
2095,16,64,16,64,17298,3,2.540544,19.065857,1,19.13344,3.499008,22.632448
2096,16,1084,16,1084,17205,3,5.137408,-1,0,78.490623,6.085632,84.576255
2097,16,64,16,64,17244,3,2.592768,19.387392,1,19.457024,3.566592,23.023616
2098,16,64,16,64,17288,3,2.556928,19.043327,1,19.111937,3.515392,22.627329
2099,16,64,16,64,17330,3,2.528256,18.778112,1,18.821119,3.4816,22.302719
2100,16,1085,16,1085,17243,3,5.13536,-1,0,78.235649,6.083584,84.319233
2101,16,64,16,64,17279,3,2.566144,19.236864,1,19.302401,3.523584,22.825984
2102,16,64,16,64,17316,3,2.541568,18.939903,1,19.006464,3.497984,22.504448
2103,16,64,16,64,17348,3,2.537472,18.673664,1,18.738176,3.489792,22.227968
2104,16,64,16,64,17386,3,2.527232,18.609152,1,18.674688,3.474432,22.14912
2105,16,1085,16,1085,17293,3,5.134336,-1,0,78.231552,6.08768,84.319232
2106,16,64,16,64,17331,3,2.592768,19.33312,1,19.392511,3.557376,22.949887
2107,16,64,16,64,17373,3,2.555904,18.927616,1,18.996223,3.513344,22.509567
2108,16,64,16,64,17404,3,2.533376,18.726912,1,18.789375,3.483648,22.273023
2109,16,1085,16,1085,17318,3,5.134336,-1,0,78.070786,6.083584,84.154369
2110,16,64,16,64,17347,3,2.573312,19.278849,1,19.346432,3.538944,22.885376
2111,16,64,16,64,17386,3,2.546688,18.97472,1,19.041281,3.49696,22.538241
2112,16,64,16,64,17422,3,2.538496,18.820095,1,18.878464,3.488768,22.367232
2113,16,64,16,64,17462,3,2.523136,18.609152,1,18.675713,3.472384,22.148097
2114,16,64,16,64,17506,3,2.515968,18.635777,1,18.700289,3.472384,22.172673
2115,16,64,16,64,17540,3,2.532352,18.622463,1,18.684929,3.483648,22.168577
2116,16,64,16,64,17574,3,2.52928,18.618368,1,18.683905,3.489792,22.173697
2117,16,64,16,64,17614,3,2.51904,18.516993,1,18.580481,3.47136,22.051841
2118,16,64,16,64,17652,3,2.51904,18.470913,1,18.535423,3.473408,22.008831
2119,16,64,16,64,17680,3,2.51904,18.540545,1,18.604033,3.463168,22.0672
2120,16,1085,16,1085,17585,3,5.173248,-1,0,78.003197,6.12864,84.131837
2121,16,1085,16,1085,17494,3,5.122048,-1,0,80.656387,6.0672,86.723588
2122,16,64,16,64,17530,3,2.593792,19.247105,1,19.313663,3.57888,22.892544
2123,16,1084,16,1084,17442,3,5.138432,-1,0,78.754814,6.085632,84.840446
2124,16,1084,16,1084,17352,3,5.123072,-1,0,80.543747,6.079488,86.623235
2125,16,64,16,64,17391,3,2.573312,19.298304,1,19.36384,3.552256,22.916096
2126,16,64,16,64,17434,3,2.5344,18.898945,1,18.967552,3.492864,22.460416
2127,16,64,16,64,17476,3,2.536448,18.678783,1,18.746368,3.487744,22.234113
2128,16,64,16,64,17517,3,2.520064,18.654207,1,18.719744,3.470336,22.19008
2129,16,64,16,64,17559,3,2.528256,18.75456,1,18.798592,3.479552,22.278144
2130,16,64,16,64,17589,3,2.527232,18.798592,1,18.866177,3.477504,22.343681
2131,16,1085,16,1085,17488,3,5.111808,-1,0,78.121986,6.063104,84.185091
2132,16,64,16,64,17525,3,2.57024,19.29216,1,19.355648,3.536896,22.892544
2133,16,64,16,64,17558,3,2.543616,18.926592,1,18.993153,3.495936,22.489089
2134,16,64,16,64,17601,3,2.537472,18.758656,1,18.826241,3.484672,22.310913
2135,16,1085,16,1085,17508,3,5.143552,-1,0,78.650368,6.0928,84.743168
2136,16,64,16,64,17550,3,2.597888,19.494911,1,19.556353,3.560448,23.116801
2137,16,1085,16,1085,17450,3,5.139456,-1,0,79.36512,6.089728,85.454848
2138,16,1085,16,1085,17357,3,5.093376,-1,0,80.334846,6.043648,86.378494
2139,16,64,16,64,17392,3,2.584576,19.243008,1,19.30752,3.545088,22.852608
2140,16,64,16,64,17427,3,2.538496,18.95936,1,19.028992,3.503104,22.532096
2141,16,64,16,64,17464,3,2.531328,18.804735,1,18.871296,3.4816,22.352896
2142,16,1085,16,1085,17376,3,5.128192,-1,0,78.059517,6.079488,84.139005
2143,16,64,16,64,17413,3,2.574336,19.356672,1,19.400703,3.552256,22.95296
2144,16,64,16,64,17449,3,2.527232,19.016705,1,19.083263,3.488768,22.572031
2145,16,64,16,64,17495,3,2.541568,18.753536,1,18.819073,3.505152,22.324225
2146,16,1085,16,1085,17404,3,5.153792,-1,0,78.70771,6.10304,84.81075
2147,16,1085,16,1085,17309,3,5.0944,-1,0,79.936516,6.047744,85.98426
2148,16,64,16,64,17354,3,2.597888,19.241983,1,19.310593,3.565568,22.876161
2149,16,64,16,64,17398,3,2.557952,19.023872,1,19.085312,3.51744,22.602752
2150,16,1085,16,1085,17311,3,5.146624,-1,0,78.504959,6.099968,84.604927
2151,16,64,16,64,17347,3,2.567168,19.345407,1,19.411968,3.533824,22.945792
2152,16,64,16,64,17383,3,2.537472,19.034113,1,19.094528,3.490816,22.585344
2153,16,64,16,64,17417,3,2.532352,18.765823,1,18.830336,3.48672,22.317056
2154,16,1085,16,1085,17322,3,5.123072,-1,0,77.883392,6.07232,83.955712
2155,16,64,16,64,17358,3,2.589696,19.270657,1,19.339264,3.5584,22.897664
2156,16,64,16,64,17391,3,2.555904,19.002369,1,19.063808,3.514368,22.578176
2157,16,64,16,64,17430,3,2.543616,18.75968,1,18.819073,3.499008,22.318081
2158,16,64,16,64,17468,3,2.536448,18.704384,1,18.76992,3.484672,22.254592
2159,16,64,16,64,17501,3,2.530304,18.75456,1,18.820095,3.480576,22.300671
2160,16,64,16,64,17543,3,2.5344,18.737152,1,18.794497,3.484672,22.279169
2161,16,64,16,64,17586,3,2.528256,18.860031,1,18.922497,3.480576,22.403073
2162,16,1085,16,1085,17482,3,5.142528,-1,0,78.24691,6.10304,84.34995
2163,16,64,16,64,17513,3,2.588672,19.556353,1,19.621887,3.554304,23.176191
2164,16,64,16,64,17551,3,2.569216,19.166208,1,19.233791,3.520512,22.754303
2165,16,1085,16,1085,17452,3,5.129216,-1,0,78.518272,6.07744,84.595712
2166,16,64,16,64,17499,3,2.574336,19.557377,1,19.616768,3.5328,23.149568
2167,16,1085,16,1085,17391,3,5.133312,-1,0,79.029251,6.08768,85.116931
2168,16,64,16,64,17436,3,2.581504,19.26656,1,19.336191,3.544064,22.880255
2169,16,64,16,64,17469,3,2.555904,18.966528,1,19.027967,3.514368,22.542336
2170,16,64,16,64,17510,3,2.52928,18.753536,1,18.797567,3.485696,22.283263
2171,16,64,16,64,17548,3,2.530304,18.668545,1,18.726912,3.485696,22.212608
2172,16,64,16,64,17591,3,2.526208,18.660353,1,18.725887,3.474432,22.200319
2173,16,64,16,64,17629,3,2.526208,18.859009,1,18.920448,3.488768,22.409216
2174,16,64,16,64,17664,3,2.528256,18.811905,1,18.878464,3.475456,22.35392
2175,16,64,16,64,17705,3,2.530304,18.731009,1,18.789375,3.488768,22.278143
2176,16,64,16,64,17743,3,2.526208,18.779137,1,18.843649,3.467264,22.310913
2177,16,1085,16,1085,17640,3,5.121024,-1,0,78.15168,6.075392,84.227072
2178,16,64,16,64,17679,3,2.59072,19.566591,1,19.635201,3.564544,23.199744
2179,16,2106,16,2106,17455,3,7.963648,-1,0,143.817734,8.912896,152.73063
2180,16,64,16,64,17494,3,2.56512,19.352575,1,19.421185,3.526656,22.94784
2181,16,64,16,64,17536,3,2.538496,19.021824,1,19.088385,3.490816,22.579201
2182,16,1085,16,1085,17441,3,5.14048,-1,0,78.370819,6.091776,84.462595
2183,16,64,16,64,17476,3,2.584576,19.441664,1,19.508224,3.552256,23.060481
2184,16,1085,16,1085,17373,3,5.102592,-1,0,78.8992,6.049792,84.948992
2185,16,64,16,64,17413,3,2.557952,19.256321,1,19.323904,3.523584,22.847488
2186,16,64,16,64,17455,3,2.53952,18.932735,1,18.99008,3.494912,22.484992
2187,16,64,16,64,17507,3,2.530304,18.729984,1,18.788351,3.482624,22.270975
2188,16,64,16,64,17544,3,2.518016,18.60096,1,18.667521,3.474432,22.141953
2189,16,1085,16,1085,17460,3,5.122048,-1,0,78.029823,6.076416,84.106239
2190,16,64,16,64,17507,3,2.57536,19.231745,1,19.299328,3.539968,22.839296
2191,16,1085,16,1085,17425,3,5.093376,-1,0,78.739456,6.040576,84.780032
2192,16,1085,16,1085,17334,3,5.173248,-1,0,80.412674,6.12352,86.536194
2193,16,64,16,64,17376,3,2.577408,19.562496,1,19.620865,3.5328,23.153665
2194,16,64,16,64,17418,3,2.546688,19.250175,1,19.31776,3.5072,22.82496
2195,16,1085,16,1085,17308,3,5.13024,-1,0,78.189568,6.073344,84.262912
2196,16,1085,16,1085,17220,3,5.0944,-1,0,79.845375,6.044672,85.890047
2197,16,64,16,64,17261,3,2.57024,19.254272,1,19.313663,3.54816,22.861824
2198,16,64,16,64,17305,3,2.540544,18.930689,1,18.996223,3.49696,22.493183
2199,16,64,16,64,17355,3,2.526208,18.742271,1,18.808832,3.47648,22.285312
2200,16,1084,16,1084,17267,3,5.14048,-1,0,78.335999,6.08768,84.423678
2201,16,1085,16,1085,17189,3,5.15072,-1,0,80.552963,6.102016,86.654979
2202,16,64,16,64,17234,3,2.591744,19.300352,1,19.367935,3.555328,22.923263
2203,16,64,16,64,17276,3,2.557952,18.999296,1,19.060736,3.523584,22.58432
2204,16,64,16,64,17315,3,2.545664,18.761728,1,18.821119,3.506176,22.327295
2205,16,64,16,64,17351,3,2.521088,18.63168,1,18.697216,3.477504,22.17472
2206,16,64,16,64,17386,3,2.527232,18.702335,1,18.766848,3.4816,22.248448
2207,16,64,16,64,17428,3,2.53952,18.814976,1,18.880512,3.489792,22.370304
2208,16,64,16,64,17468,3,2.52928,18.767872,1,18.834433,3.477504,22.311937
2209,16,64,16,64,17504,3,2.523136,18.729984,1,18.793472,3.469312,22.262784
2210,16,64,16,64,17533,3,2.515968,18.617344,1,18.679808,3.464192,22.144
2211,16,64,16,64,17569,3,2.512896,18.676737,1,18.742271,3.464192,22.206463
2212,16,64,16,64,17614,3,2.521088,18.696192,1,18.761728,3.463168,22.224896
2213,16,1084,16,1084,17503,3,5.128192,-1,0,77.89875,6.08256,83.98131
2214,16,64,16,64,17546,3,2.569216,19.325953,1,19.39456,3.528704,22.923264
2215,16,64,16,64,17590,3,2.54464,19.0208,1,19.086336,3.499008,22.585344
2216,16,64,16,64,17636,3,2.541568,18.907137,1,18.973696,3.492864,22.46656
2217,16,1084,16,1084,17547,3,5.12,-1,0,77.560829,6.07232,83.633149
2218,16,64,16,64,17591,3,2.584576,19.221504,1,19.279873,3.555328,22.835201
2219,16,1085,16,1085,17507,3,5.090304,-1,0,78.663681,6.042624,84.706305
2220,16,1085,16,1085,17421,3,5.132288,-1,0,79.931389,6.085632,86.017021
2221,16,64,16,64,17459,3,2.557952,19.294209,1,19.355648,3.529728,22.885376
2222,16,64,16,64,17495,3,2.543616,18.955263,1,19.021824,3.504128,22.525952
2223,16,64,16,64,17527,3,2.525184,18.716673,1,18.782207,3.483648,22.265856
2224,16,64,16,64,17569,3,2.526208,18.60096,1,18.666496,3.474432,22.140928
2225,16,64,16,64,17608,3,2.52416,18.568192,1,18.633728,3.47136,22.105088
2226,16,64,16,64,17644,3,2.522112,18.598911,1,18.658304,3.47648,22.134784
2227,16,64,16,64,17685,3,2.52416,18.765823,1,18.827265,3.473408,22.300673
2228,16,64,16,64,17729,3,2.526208,18.711552,1,18.76992,3.480576,22.250496
2229,16,64,16,64,17763,3,2.532352,18.777088,1,18.840576,3.48672,22.327296
2230,16,64,16,64,17804,3,2.521088,18.76992,1,18.835457,3.470336,22.305793
2231,16,1085,16,1085,17703,3,5.169152,-1,0,78.484482,6.124544,84.609026
2232,16,64,16,64,17748,3,2.5856,19.629057,1,19.688448,3.554304,23.242752
2233,16,64,16,64,17795,3,2.55488,19.428352,1,19.490816,3.511296,23.002112
2234,16,1085,16,1085,17684,3,5.09952,-1,0,78.253059,6.04672,84.299779
2235,16,64,16,64,17716,3,2.587648,19.59424,1,19.661823,3.566592,23.228415
2236,16,2106,16,2106,17490,3,7.964672,-1,0,143.459335,8.925184,152.38452
2237,16,64,16,64,17533,3,2.588672,19.469313,1,19.527679,3.555328,23.083007
2238,16,64,16,64,17579,3,2.569216,19.119104,1,19.186687,3.530752,22.717439
2239,16,64,16,64,17608,3,2.537472,18.925568,1,18.969601,3.488768,22.458369
2240,16,64,16,64,17644,3,2.538496,18.820095,1,18.885632,3.49184,22.377471
2241,16,1085,16,1085,17533,3,5.122048,-1,0,78.138367,6.073344,84.211711
2242,16,64,16,64,17573,3,2.568192,19.336191,1,19.403776,3.528704,22.93248
2243,16,1085,16,1085,17481,3,5.128192,-1,0,79.100929,6.083584,85.184513
2244,16,64,16,64,17518,3,2.596864,19.482624,1,19.550207,3.555328,23.105535
2245,16,1085,16,1085,17428,3,5.133312,-1,0,79.330307,6.089728,85.420035
2246,16,64,16,64,17464,3,2.5856,19.536896,1,19.603456,3.550208,23.153665
2247,16,64,16,64,17510,3,2.553856,19.228672,1,19.293184,3.506176,22.79936
2248,16,1085,16,1085,17414,3,5.126144,-1,0,78.354431,6.073344,84.427775
2249,16,1085,16,1085,17325,3,5.088256,-1,0,80.552963,6.03136,86.584323
2250,16,64,16,64,17370,3,2.577408,19.405825,1,19.472383,3.540992,23.013376
2251,16,1085,16,1085,17271,3,5.086208,-1,0,78.725121,6.03648,84.7616
2252,16,64,16,64,17313,3,2.569216,19.574783,1,19.642368,3.525632,23.168
2253,16,64,16,64,17350,3,2.550784,19.259392,1,19.303425,3.503104,22.806529
2254,16,64,16,64,17386,3,2.545664,18.993153,1,19.059711,3.501056,22.560767
2255,16,1085,16,1085,17284,3,5.141504,-1,0,78.289917,6.095872,84.385789
2256,16,64,16,64,17321,3,2.592768,19.393536,1,19.461121,3.564544,23.025665
2257,16,64,16,64,17358,3,2.564096,19.196928,1,19.256321,3.516416,22.772737
2258,16,64,16,64,17402,3,2.54976,18.871296,1,18.938881,3.49696,22.435841
2259,16,64,16,64,17438,3,2.523136,18.819073,1,18.88768,3.479552,22.367232
2260,16,64,16,64,17475,3,2.5344,18.797567,1,18.861055,3.483648,22.344703
2261,16,64,16,64,17519,3,2.531328,18.726912,1,18.787329,3.482624,22.269953
2262,16,1085,16,1085,17403,3,5.133312,-1,0,78.209023,6.086656,84.295679
2263,16,1085,16,1085,17319,3,5.097472,-1,0,80.482307,6.042624,86.524931
2264,16,64,16,64,17362,3,2.57024,19.156992,1,19.217407,3.535872,22.753279
2265,16,64,16,64,17404,3,2.538496,18.880512,1,18.94912,3.49184,22.440959
2266,16,1085,16,1085,17324,3,5.137408,-1,0,78.110718,6.088704,84.199422
2267,16,64,16,64,17367,3,2.561024,19.312639,1,19.373056,3.523584,22.89664
2268,16,64,16,64,17417,3,2.530304,18.971647,1,19.037184,3.485696,22.52288
2269,16,64,16,64,17454,3,2.5344,18.725887,1,18.792448,3.49184,22.284288
2270,16,64,16,64,17495,3,2.514944,18.621441,1,18.685951,3.469312,22.155263
2271,16,1085,16,1085,17400,3,5.148672,-1,0,78.401535,6.100992,84.502527
2272,16,64,16,64,17436,3,2.584576,19.323904,1,19.391487,3.54304,22.934527
2273,16,64,16,64,17469,3,2.563072,18.979839,1,19.040257,3.534848,22.575104
2274,16,1084,16,1084,17382,3,5.12512,-1,0,78.167038,6.07744,84.244478
2275,16,64,16,64,17429,3,2.563072,19.350529,1,19.411968,3.523584,22.935552
2276,16,64,16,64,17468,3,2.54464,18.944,1,19.010559,3.497984,22.508543
2277,16,64,16,64,17501,3,2.537472,18.733055,1,18.791424,3.489792,22.281216
2278,16,64,16,64,17535,3,2.52928,18.612225,1,18.676737,3.484672,22.161409
2279,16,64,16,64,17574,3,2.52928,18.596865,1,18.661377,3.482624,22.144001
2280,16,64,16,64,17601,3,2.526208,18.59584,1,18.662399,3.49184,22.154239
2281,16,64,16,64,17643,3,2.525184,18.608128,1,18.675713,3.47136,22.147073
2282,16,1085,16,1085,17559,3,5.111808,-1,0,77.827072,6.064128,83.8912
2283,16,64,16,64,17597,3,2.591744,19.484673,1,19.55328,3.552256,23.105536
2284,16,64,16,64,17640,3,2.552832,19.224577,1,19.296255,3.50208,22.798335
2285,16,64,16,64,17683,3,2.551808,19.045376,1,19.103745,3.513344,22.617089
2286,16,2106,16,2106,17448,3,7.926784,-1,0,142.815231,8.880128,151.695359
2287,16,64,16,64,17492,3,2.60096,19.352575,1,19.421185,3.56352,22.984704
2288,16,1085,16,1085,17416,3,5.143552,-1,0,79.484924,6.102016,85.58694
2289,16,64,16,64,17450,3,2.567168,19.312639,1,19.3792,3.521536,22.900736
2290,16,64,16,64,17491,3,2.545664,18.97472,1,19.041281,3.499008,22.540289
2291,16,64,16,64,17520,3,2.550784,18.922497,1,18.984961,3.506176,22.491137
2292,16,64,16,64,17548,3,2.522112,18.816,1,18.881536,3.47136,22.352896
2293,16,64,16,64,17590,3,2.533376,18.779137,1,18.844671,3.493888,22.338559
2294,16,64,16,64,17627,3,2.52928,18.781183,1,18.845695,3.48672,22.332416
2295,16,64,16,64,17665,3,2.527232,18.829311,1,18.87232,3.48672,22.35904
2296,16,64,16,64,17701,3,2.530304,18.772991,1,18.839552,3.48672,22.326272
2297,16,1085,16,1085,17599,3,5.10976,-1,0,77.96122,6.06208,84.0233
2298,16,1085,16,1085,17500,3,5.097472,-1,0,80.400383,6.048768,86.449151
2299,16,64,16,64,17559,3,2.579456,19.315712,1,19.384319,3.5584,22.942719
2300,16,64,16,64,17599,3,2.551808,19.033089,1,19.100672,3.511296,22.611968
2301,16,64,16,64,17642,3,2.540544,18.95936,1,19.002369,3.488768,22.491137
2302,16,64,16,64,17681,3,2.535424,18.870272,1,18.936832,3.494912,22.431744
2303,16,64,16,64,17727,3,2.533376,18.917376,1,18.97472,3.479552,22.454272
2304,16,2106,16,2106,17475,3,7.929856,-1,0,143.407104,8.880128,152.287232
2305,16,64,16,64,17520,3,2.59584,19.405825,1,19.465216,3.5584,23.023616
2306,16,1085,16,1085,17430,3,5.116928,-1,0,79.377411,6.059008,85.436419
2307,16,64,16,64,17479,3,2.57536,19.663872,1,19.707905,3.538944,23.246849
2308,16,1085,16,1085,17390,3,5.11488,-1,0,79.47776,6.064128,85.541888
2309,16,64,16,64,17434,3,2.573312,19.337215,1,19.405825,3.533824,22.939649
2310,16,1085,16,1085,17327,3,5.134336,-1,0,78.826492,6.083584,84.910076
2311,16,64,16,64,17367,3,2.596864,19.373056,1,19.441664,3.570688,23.012352
2312,16,64,16,64,17410,3,2.553856,19.004416,1,19.073025,3.520512,22.593537
2313,16,64,16,64,17454,3,2.548736,18.953217,1,19.018751,3.511296,22.530047
2314,16,64,16,64,17493,3,2.5344,18.850817,1,18.910208,3.494912,22.40512
2315,16,64,16,64,17534,3,2.541568,18.748417,1,18.7904,3.493888,22.284287
2316,16,64,16,64,17564,3,2.535424,18.822144,1,18.88768,3.487744,22.375424
2317,16,1085,16,1085,17469,3,5.141504,-1,0,77.94381,6.090752,84.034562
2318,16,1085,16,1085,17381,3,5.134336,-1,0,79.955971,6.086656,86.042627
2319,16,64,16,64,17420,3,2.586624,19.352575,1,19.411968,3.559424,22.971392
2320,16,64,16,64,17461,3,2.543616,19.044352,1,19.103745,3.494912,22.598656
2321,16,1085,16,1085,17369,3,5.123072,-1,0,78.09024,6.070272,84.160512
2322,16,1084,16,1084,17279,3,5.144576,-1,0,80.378883,6.091776,86.470659
2323,16,64,16,64,17323,3,2.57536,19.260416,1,19.327999,3.55328,22.881279
2324,16,64,16,64,17365,3,2.55488,18.956287,1,19.026943,3.509248,22.536191
2325,16,64,16,64,17399,3,2.54976,18.906113,1,18.969601,3.497984,22.467585
2326,16,64,16,64,17435,3,2.533376,18.741247,1,18.808832,3.478528,22.28736
2327,16,1085,16,1085,17330,3,5.118976,-1,0,78.121986,6.070272,84.192258
2328,16,64,16,64,17369,3,2.556928,19.278849,1,19.34848,3.513344,22.861824
2329,16,64,16,64,17408,3,2.545664,18.936832,1,19.00032,3.499008,22.499328
2330,16,64,16,64,17449,3,2.536448,18.692097,1,18.752512,3.480576,22.233088
2331,16,1085,16,1085,17356,3,5.146624,-1,0,78.352386,6.099968,84.452354
2332,16,64,16,64,17396,3,2.57536,19.30752,1,19.378176,3.540992,22.919168
2333,16,64,16,64,17438,3,2.556928,19.056641,1,19.124224,3.516416,22.64064
2334,16,1085,16,1085,17362,3,5.128192,-1,0,78.520317,6.081536,84.601853
2335,16,64,16,64,17407,3,2.561024,19.290112,1,19.349504,3.521536,22.871041
2336,16,64,16,64,17444,3,2.545664,18.983936,1,19.052544,3.499008,22.551552
2337,16,64,16,64,17480,3,2.537472,18.801664,1,18.857985,3.488768,22.346753
2338,16,1085,16,1085,17394,3,5.13536,-1,0,78.126083,6.093824,84.219907
2339,16,64,16,64,17434,3,2.589696,19.418112,1,19.484673,3.556352,23.041024
2340,16,1084,16,1084,17339,3,5.08416,-1,0,78.65139,6.039552,84.690942
2341,16,64,16,64,17388,3,2.56,19.233791,1,19.301376,3.52768,22.829056
2342,16,64,16,64,17431,3,2.545664,18.897921,1,18.966528,3.5072,22.473728
2343,16,64,16,64,17477,3,2.5344,18.702335,1,18.768896,3.483648,22.252544
2344,16,64,16,64,17517,3,2.52416,18.638847,1,18.705408,3.487744,22.193152
2345,16,64,16,64,17553,3,2.522112,18.552832,1,18.59584,3.473408,22.069248
2346,16,64,16,64,17592,3,2.526208,18.552832,1,18.619392,3.483648,22.10304
2347,16,64,16,64,17636,3,2.52416,18.564096,1,18.629633,3.475456,22.105089
2348,16,64,16,64,17666,3,2.525184,18.502657,1,18.563072,3.473408,22.03648
2349,16,64,16,64,17701,3,2.511872,18.4832,1,18.545664,3.458048,22.003712
2350,16,1085,16,1085,17612,3,5.136384,-1,0,78.275581,6.084608,84.360189
2351,16,1085,16,1085,17519,3,5.090304,-1,0,80.56218,6.039552,86.601732
2352,16,64,16,64,17558,3,2.583552,19.345407,1,19.412992,3.539968,22.95296
2353,16,1085,16,1085,17461,3,5.0944,-1,0,78.527489,6.038528,84.566017
2354,16,1085,16,1085,17376,3,5.097472,-1,0,79.74707,6.049792,85.796862
2355,16,1085,16,1085,17296,3,5.129216,-1,0,80.147453,6.07744,86.224893
2356,16,64,16,64,17329,3,2.56512,19.269632,1,19.329023,3.534848,22.863871
2357,16,64,16,64,17361,3,2.541568,18.93376,1,19.004416,3.497984,22.502399
2358,16,64,16,64,17406,3,2.537472,18.688,1,18.75456,3.487744,22.242305
2359,16,64,16,64,17448,3,2.51392,18.620417,1,18.684929,3.459072,22.144001
2360,16,64,16,64,17479,3,2.526208,18.552832,1,18.6112,3.473408,22.084608
2361,16,64,16,64,17516,3,2.531328,18.639872,1,18.705408,3.480576,22.185984
2362,16,64,16,64,17551,3,2.530304,18.655231,1,18.720768,3.482624,22.203392
2363,16,1085,16,1085,17464,3,5.168128,-1,0,78.547966,6.126592,84.674558
2364,16,1085,16,1085,17372,3,5.136384,-1,0,80.765953,6.086656,86.852609
2365,16,64,16,64,17412,3,2.576384,19.215361,1,19.282944,3.546112,22.829056
2366,16,64,16,64,17452,3,2.551808,18.842625,1,18.88768,3.511296,22.398976
2367,16,64,16,64,17483,3,2.5344,18.690048,1,18.757631,3.49184,22.249471
2368,16,1085,16,1085,17399,3,5.129216,-1,0,78.031876,6.076416,84.108292
2369,16,64,16,64,17440,3,2.568192,19.331072,1,19.402752,3.539968,22.94272
2370,16,64,16,64,17476,3,2.542592,19.00544,1,19.050495,3.501056,22.551551
2371,16,64,16,64,17517,3,2.531328,18.917376,1,18.981888,3.47648,22.458368
2372,16,1069,16,1069,17421,3,5.124096,-1,0,78.002174,6.07232,84.074494
2373,16,64,16,64,17458,3,2.576384,19.241983,1,19.286016,3.540992,22.827008
2374,16,64,16,64,17502,3,2.550784,18.950144,1,19.018751,3.511296,22.530047
2375,16,64,16,64,17537,3,2.5344,18.732033,1,18.77504,3.490816,22.265856
2376,16,64,16,64,17581,3,2.516992,18.566145,1,18.633728,3.468288,22.102016
2377,16,64,16,64,17624,3,2.528256,18.6112,1,18.67264,3.48672,22.15936
2378,16,1085,16,1085,17532,3,5.129216,-1,0,78.086143,6.089728,84.175871
2379,16,64,16,64,17580,3,2.574336,19.514368,1,19.581951,3.544064,23.126015
2380,16,2106,16,2106,17354,3,7.924736,-1,0,143.553543,8.877056,152.430599
2381,16,64,16,64,17396,3,2.599936,19.556353,1,19.615744,3.576832,23.192576
2382,16,64,16,64,17433,3,2.555904,19.225599,1,19.29216,3.51232,22.80448
2383,16,64,16,64,17473,3,2.556928,18.912256,1,18.978815,3.511296,22.490111
2384,16,1085,16,1085,17367,3,5.133312,-1,0,78.69133,6.089728,84.781058
2385,16,1085,16,1085,17281,3,5.132288,-1,0,80.161789,6.08256,86.244349
2386,16,64,16,64,17319,3,2.592768,19.263489,1,19.321856,3.554304,22.876159
2387,16,64,16,64,17358,3,2.563072,18.955263,1,19.019775,3.524608,22.544383
2388,16,64,16,64,17392,3,2.537472,18.738176,1,18.804735,3.494912,22.299647
2389,16,1085,16,1085,17309,3,5.151744,-1,0,78.544899,6.09792,84.642819
2390,16,64,16,64,17352,3,2.563072,19.306496,1,19.367935,3.530752,22.898687
2391,16,64,16,64,17395,3,2.54464,18.966528,1,19.034113,3.506176,22.540289
2392,16,64,16,64,17433,3,2.536448,18.699265,1,18.766848,3.484672,22.25152
2393,16,64,16,64,17469,3,2.532352,18.582527,1,18.647039,3.478528,22.125567
2394,16,64,16,64,17514,3,2.52416,18.543615,1,18.6112,3.478528,22.089728
2395,16,64,16,64,17552,3,2.530304,18.550783,1,18.61632,3.478528,22.094848
2396,16,1085,16,1085,17466,3,5.131264,-1,0,78.104576,6.091776,84.196352
2397,16,64,16,64,17507,3,2.572288,19.326977,1,19.393536,3.547136,22.940672
2398,16,1085,16,1085,17422,3,5.124096,-1,0,78.861313,6.073344,84.934657
2399,16,64,16,64,17462,3,2.578432,19.2512,1,19.318785,3.551232,22.870017
2400,16,64,16,64,17499,3,2.552832,19.017729,1,19.086336,3.513344,22.59968
2401,16,64,16,64,17539,3,2.541568,18.761728,1,18.828287,3.493888,22.322175
2402,16,64,16,64,17589,3,2.527232,18.635777,1,18.701311,3.47648,22.177791
2403,16,64,16,64,17625,3,2.538496,18.987007,1,19.030016,3.492864,22.52288
2404,16,1085,16,1085,17533,3,5.148672,-1,0,78.435326,6.100992,84.536318
2405,16,1085,16,1085,17436,3,5.08416,-1,0,80.474113,6.035456,86.50957
2406,16,2106,16,2106,17232,3,7.929856,-1,0,144.741379,8.894464,153.635842
2407,16,64,16,64,17270,3,2.55488,19.349504,1,19.416063,3.529728,22.945791
2408,16,64,16,64,17308,3,2.542592,18.977793,1,19.0464,3.515392,22.561792
2409,16,64,16,64,17344,3,2.54464,18.736128,1,18.802689,3.49696,22.299649
2410,16,64,16,64,17381,3,2.5344,18.630655,1,18.697216,3.495936,22.193152
2411,16,64,16,64,17425,3,2.52928,18.59584,1,18.659328,3.477504,22.136832
2412,16,1085,16,1085,17338,3,5.13024,-1,0,78.455811,6.07744,84.53325
2413,16,64,16,64,17378,3,2.571264,19.238913,1,19.298304,3.556352,22.854656
2414,16,64,16,64,17425,3,2.551808,18.951168,1,19.013632,3.551232,22.564864
2415,16,64,16,64,17463,3,2.54976,18.937857,1,19.003391,3.505152,22.508543
2416,16,64,16,64,17501,3,2.520064,18.837503,1,18.900991,3.473408,22.374399
2417,16,64,16,64,17536,3,2.531328,18.665472,1,18.732033,3.495936,22.227969
2418,16,1085,16,1085,17434,3,5.129216,-1,0,78.220291,6.091776,84.312067
2419,16,1085,16,1085,17348,3,5.122048,-1,0,80.15667,6.083584,86.240253
2420,16,64,16,64,17389,3,2.597888,19.352575,1,19.42016,3.580928,23.001088
2421,16,64,16,64,17431,3,2.574336,19.068928,1,19.139584,3.546112,22.685696
2422,16,64,16,64,17471,3,2.538496,18.766848,1,18.835457,3.490816,22.326273
2423,16,64,16,64,17518,3,2.521088,18.674688,1,18.740225,3.47648,22.216705
2424,16,64,16,64,17558,3,2.531328,18.579456,1,18.638847,3.49696,22.135807
2425,16,64,16,64,17606,3,2.522112,18.563072,1,18.628609,3.474432,22.103041
2426,16,64,16,64,17640,3,2.52928,18.588673,1,18.649088,3.477504,22.126592
2427,16,64,16,64,17673,3,2.526208,18.702335,1,18.76992,3.480576,22.250496
2428,16,64,16,64,17715,3,2.521088,18.676737,1,18.742271,3.477504,22.219775
2429,16,1085,16,1085,17624,3,5.13024,-1,0,78.12915,6.076416,84.205566
2430,16,64,16,64,17669,3,2.581504,19.499008,1,19.544064,3.549184,23.093248
2431,16,64,16,64,17717,3,2.541568,19.239937,1,19.305471,3.499008,22.804479
2432,16,1085,16,1085,17631,3,5.133312,-1,0,78.315521,6.083584,84.399105
2433,16,64,16,64,17669,3,2.581504,19.374081,1,19.444736,3.5584,23.003136
2434,16,64,16,64,17709,3,2.558976,19.256321,1,19.327999,3.51744,22.845439
2435,16,2106,16,2106,17468,3,7.931904,-1,0,143.086594,8.889344,151.975938
2436,16,64,16,64,17510,3,2.571264,19.397633,1,19.460096,3.539968,23.000064
2437,16,64,16,64,17554,3,2.547712,19.233791,1,19.302401,3.513344,22.815745
2438,16,64,16,64,17589,3,2.537472,18.996223,1,19.065857,3.513344,22.579201
2439,16,64,16,64,17632,3,2.530304,18.873344,1,18.939903,3.492864,22.432767
2440,16,1085,16,1085,17525,3,5.14048,-1,0,78.485504,6.099968,84.585472
2441,16,1085,16,1085,17431,3,5.091328,-1,0,80.495613,6.06208,86.557693
2442,16,64,16,64,17469,3,2.557952,19.223553,1,19.290112,3.533824,22.823936
2443,16,1085,16,1085,17382,3,5.159936,-1,0,79.20845,6.125568,85.334018
2444,16,64,16,64,17428,3,2.591744,19.346432,1,19.407871,3.569664,22.977535
2445,16,64,16,64,17462,3,2.557952,19.140608,1,19.207169,3.534848,22.742017
2446,16,64,16,64,17500,3,2.538496,18.809856,1,18.877439,3.504128,22.381567
2447,16,64,16,64,17538,3,2.5344,18.701311,1,18.74432,3.489792,22.234112
2448,16,64,16,64,17571,3,2.52928,18.678783,1,18.747393,3.483648,22.231041
2449,16,1085,16,1085,17465,3,5.137408,-1,0,78.313469,6.095872,84.409341
2450,16,64,16,64,17502,3,2.568192,19.30752,1,19.351551,3.535872,22.887423
2451,16,2104,16,2104,17300,3,7.908352,-1,0,143.687683,8.858624,152.546308
2452,16,64,16,64,17345,3,2.581504,19.555328,1,19.623936,3.566592,23.190528
2453,16,64,16,64,17387,3,2.53952,19.192833,1,19.252224,3.504128,22.756352
2454,16,64,16,64,17425,3,2.537472,18.919424,1,18.989056,3.485696,22.474752
2455,16,64,16,64,17457,3,2.5344,19.043327,1,19.109888,3.48672,22.596608
2456,16,1085,16,1085,17369,3,5.139456,-1,0,78.339073,6.106112,84.445185
2457,16,1085,16,1085,17272,3,5.090304,-1,0,79.862785,6.050816,85.913601
2458,16,64,16,64,17309,3,2.587648,19.426304,1,19.486719,3.577856,23.064575
2459,16,64,16,64,17341,3,2.540544,19.145727,1,19.206144,3.514368,22.720512
2460,16,1085,16,1085,17238,3,5.137408,-1,0,78.361603,6.099968,84.461571
2461,16,64,16,64,17278,3,2.57536,19.332096,1,19.398657,3.538944,22.937601
2462,16,64,16,64,17315,3,2.57024,19.033089,1,19.10272,3.539968,22.642688
2463,16,64,16,64,17355,3,2.542592,18.780161,1,18.839552,3.497984,22.337536
2464,16,64,16,64,17391,3,2.531328,18.692097,1,18.757631,3.48672,22.244351
2465,16,1085,16,1085,17297,3,5.123072,-1,0,77.947906,6.080512,84.028419
2466,16,64,16,64,17339,3,2.589696,19.33312,1,19.402752,3.555328,22.95808
2467,16,64,16,64,17375,3,2.555904,19.155968,1,19.213312,3.511296,22.724608
2468,16,1085,16,1085,17288,3,5.128192,-1,0,78.105598,6.076416,84.182014
2469,16,64,16,64,17336,3,2.578432,19.297279,1,19.365889,3.545088,22.910977
2470,16,64,16,64,17388,3,2.552832,19.0208,1,19.080193,3.505152,22.585345
2471,16,64,16,64,17423,3,2.537472,18.941952,1,18.998272,3.485696,22.483968
2472,16,1085,16,1085,17327,3,5.148672,-1,0,78.187523,6.106112,84.293635
2473,16,64,16,64,17365,3,2.599936,19.384319,1,19.443712,3.572736,23.016448
2474,16,64,16,64,17413,3,2.57024,19.057665,1,19.11808,3.528704,22.646784
2475,16,64,16,64,17441,3,2.528256,18.717695,1,18.781183,3.4816,22.262783
2476,16,64,16,64,17489,3,2.52928,18.648064,1,18.712576,3.477504,22.19008
2477,16,64,16,64,17527,3,2.525184,18.55488,1,18.620417,3.474432,22.094849
2478,16,64,16,64,17564,3,2.528256,18.552832,1,18.6112,3.477504,22.088704
2479,16,64,16,64,17598,3,2.527232,18.596865,1,18.652161,3.475456,22.127617
2480,16,64,16,64,17636,3,2.522112,18.505728,1,18.573313,3.47648,22.049793
2481,16,64,16,64,17676,3,2.537472,18.478081,1,18.533377,3.482624,22.016001
2482,16,64,16,64,17710,3,2.51904,18.492416,1,18.557953,3.464192,22.022145
2483,16,64,16,64,17743,3,2.523136,18.491392,1,18.55488,3.470336,22.025216
2484,16,1085,16,1085,17646,3,5.15584,-1,0,78.377983,6.10816,84.486143
2485,16,64,16,64,17682,3,2.578432,19.554304,1,19.612673,3.536896,23.149569
2486,16,1085,16,1085,17604,3,5.0944,-1,0,78.683136,6.06208,84.745216
2487,16,64,16,64,17642,3,2.578432,19.402752,1,19.469313,3.538944,23.008257
2488,16,64,16,64,17679,3,2.547712,19.049473,1,19.117056,3.497984,22.61504
2489,16,1085,16,1085,17581,3,5.137408,-1,0,78.080002,6.0928,84.172802
2490,16,1085,16,1085,17491,3,5.113856,-1,0,80.425987,6.05696,86.482947
2491,16,64,16,64,17537,3,2.5856,19.364864,1,19.432447,3.555328,22.987775
2492,16,64,16,64,17572,3,2.54464,19.147776,1,19.192833,3.500032,22.692865
2493,16,64,16,64,17613,3,2.545664,18.883583,1,18.940928,3.495936,22.436863
2494,16,2106,16,2106,17392,3,7.928832,-1,0,143.349762,8.877056,152.226818
2495,16,64,16,64,17435,3,2.557952,19.359743,1,19.417088,3.521536,22.938624
2496,16,1085,16,1085,17347,3,5.133312,-1,0,79.070206,6.085632,85.155838
2497,16,64,16,64,17387,3,2.569216,19.248129,1,19.315712,3.529728,22.84544
2498,16,1085,16,1085,17297,3,5.143552,-1,0,79.129601,6.091776,85.221376
2499,16,64,16,64,17341,3,2.58048,19.384319,1,19.442688,3.552256,22.994944
2500,16,1085,16,1085,17263,3,5.115904,-1,0,79.149055,6.069248,85.218304
2501,16,64,16,64,17310,3,2.56512,19.34848,1,19.416063,3.52768,22.943743
2502,16,64,16,64,17349,3,2.542592,19.0208,1,19.090431,3.504128,22.594559
2503,16,1085,16,1085,17253,3,5.152768,-1,0,78.734337,6.09792,84.832257
2504,16,64,16,64,17302,3,2.58048,19.279873,1,19.340288,3.559424,22.899712
2505,16,64,16,64,17341,3,2.557952,18.950144,1,19.017729,3.519488,22.537217
2506,16,64,16,64,17374,3,2.538496,18.694143,1,18.751488,3.490816,22.242304
2507,16,1085,16,1085,17284,3,5.12,-1,0,78.15168,6.074368,84.226048
2508,16,64,16,64,17322,3,2.56512,19.359743,1,19.427328,3.529728,22.957056
2509,16,1085,16,1085,17229,3,5.07904,-1,0,78.721024,6.027264,84.748288
2510,16,64,16,64,17274,3,2.55488,19.176449,1,19.22048,3.519488,22.739968
2511,16,64,16,64,17306,3,2.540544,18.94912,1,19.014656,3.492864,22.50752
2512,16,64,16,64,17352,3,2.5344,18.739201,1,18.797567,3.490816,22.288383
2513,16,64,16,64,17395,3,2.52416,18.636801,1,18.678783,3.475456,22.154239
2514,16,2106,16,2106,17177,3,7.93088,-1,0,143.293442,8.882176,152.175618
2515,16,64,16,64,17223,3,2.56,19.287041,1,19.3536,3.526656,22.880255
2516,16,64,16,64,17264,3,2.538496,18.910208,1,18.977793,3.492864,22.470657
2517,16,64,16,64,17297,3,2.533376,18.705408,1,18.771969,3.483648,22.255617
2518,16,64,16,64,17340,3,2.527232,18.610176,1,18.654207,3.485696,22.139903
2519,16,64,16,64,17383,3,2.52416,18.639872,1,18.70336,3.48672,22.19008
2520,16,64,16,64,17423,3,2.52416,18.5856,1,18.646015,3.488768,22.134783
2521,16,64,16,64,17460,3,2.515968,18.568192,1,18.632704,3.470336,22.10304
2522,16,64,16,64,17507,3,2.514944,18.473984,1,18.531328,3.458048,21.989376
2523,16,64,16,64,17544,3,2.51904,18.488319,1,18.55488,3.468288,22.023168
2524,16,64,16,64,17582,3,2.525184,18.707457,1,18.771969,3.470336,22.242305
2525,16,64,16,64,17624,3,2.518016,18.637823,1,18.705408,3.47136,22.176768
2526,16,64,16,64,17658,3,2.51392,18.717695,1,18.784256,3.457024,22.24128
2527,16,64,16,64,17691,3,2.52928,18.684929,1,18.745344,3.475456,22.2208
2528,16,64,16,64,17726,3,2.523136,18.772991,1,18.838528,3.479552,22.31808
2529,16,1085,16,1085,17624,3,5.133312,-1,0,78.26432,6.084608,84.348928
2530,16,64,16,64,17663,3,2.583552,19.600384,1,19.668991,3.55328,23.222271
2531,16,64,16,64,17708,3,2.540544,19.198977,1,19.264511,3.494912,22.759423
2532,16,3127,16,3127,17339,3,10.50112,-1,0,204.280838,11.450368,215.731206
2533,16,64,16,64,17383,3,2.581504,19.482624,1,19.551231,3.55328,23.104511
2534,16,64,16,64,17426,3,2.541568,19.041281,1,19.101696,3.503104,22.6048
2535,16,64,16,64,17462,3,2.535424,18.724863,1,18.7904,3.494912,22.285311
2536,16,64,16,64,17497,3,2.523136,18.662399,1,18.729984,3.474432,22.204416
2537,16,64,16,64,17540,3,2.523136,18.613249,1,18.677759,3.472384,22.150143
2538,16,64,16,64,17579,3,2.515968,18.597889,1,18.65728,3.468288,22.125568
2539,16,64,16,64,17623,3,2.525184,18.620417,1,18.684929,3.480576,22.165505
2540,16,64,16,64,17662,3,2.516992,18.530304,1,18.596865,3.46624,22.063105
2541,16,64,16,64,17702,3,2.512896,18.471935,1,18.536448,3.463168,21.999615
2542,16,64,16,64,17732,3,2.512896,18.477057,1,18.543615,3.465216,22.008831
2543,16,64,16,64,17766,3,2.520064,18.505728,1,18.57024,3.470336,22.040576
2544,16,1085,16,1085,17673,3,5.133312,-1,0,78.031876,6.083584,84.115459
2545,16,64,16,64,17712,3,2.561024,19.316736,1,19.376127,3.530752,22.906879
2546,16,2106,16,2106,17490,3,7.92576,-1,0,143.933441,8.873984,152.807425
2547,16,64,16,64,17530,3,2.587648,19.362816,1,19.431423,3.571712,23.003135
2548,16,64,16,64,17575,3,2.563072,19.212288,1,19.278849,3.520512,22.799361
2549,16,2106,16,2106,17354,3,7.92576,-1,0,143.382523,8.877056,152.259579
2550,16,64,16,64,17391,3,2.586624,19.503103,1,19.570688,3.549184,23.119872
2551,16,1085,16,1085,17305,3,5.107712,-1,0,78.895103,6.059008,84.954112
2552,16,1085,16,1085,17211,3,5.12512,-1,0,80.670723,6.076416,86.747139
2553,16,64,16,64,17244,3,2.569216,19.357697,1,19.401728,3.530752,22.93248
2554,16,1085,16,1085,17138,3,5.193728,-1,0,79.312897,6.14912,85.462017
2555,16,64,16,64,17181,3,2.59584,19.39456,1,19.464191,3.569664,23.033855
2556,16,64,16,64,17230,3,2.558976,19.001345,1,19.062784,3.51744,22.580224
2557,16,64,16,64,17267,3,2.538496,18.951168,1,19.018751,3.489792,22.508543
2558,16,64,16,64,17296,3,2.540544,18.893824,1,18.958336,3.488768,22.447104
2559,16,64,16,64,17328,3,2.543616,18.812927,1,18.876415,3.495936,22.372351
2560,16,64,16,64,17369,3,2.526208,18.76992,1,18.827265,3.472384,22.299649
2561,16,64,16,64,17402,3,2.537472,18.778112,1,18.842625,3.48672,22.329345
2562,16,64,16,64,17443,3,2.526208,18.75456,1,18.820095,3.477504,22.297599
2563,16,2105,16,2105,17217,3,7.924736,-1,0,142.242813,8.880128,151.122941
2564,16,64,16,64,17253,3,2.572288,19.344383,1,19.411968,3.535872,22.94784
2565,16,64,16,64,17295,3,2.543616,18.952192,1,19.019775,3.501056,22.520831
2566,16,64,16,64,17339,3,2.535424,18.711552,1,18.75456,3.48672,22.241281
2567,16,1085,16,1085,17251,3,5.12,-1,0,78.023682,6.069248,84.09293
2568,16,64,16,64,17288,3,2.586624,19.306496,1,19.374081,3.555328,22.929409
2569,16,64,16,64,17334,3,2.56512,19.010559,1,19.074047,3.518464,22.592511
2570,16,64,16,64,17375,3,2.551808,18.735104,1,18.801664,3.51232,22.313984
2571,16,64,16,64,17415,3,2.528256,18.565121,1,18.63168,3.477504,22.109184
2572,16,1085,16,1085,17328,3,5.147648,-1,0,78.514175,6.099968,84.614143
2573,16,64,16,64,17368,3,2.568192,19.294209,1,19.354624,3.52768,22.882304
2574,16,64,16,64,17404,3,2.538496,18.968576,1,19.035135,3.494912,22.530047
2575,16,64,16,64,17443,3,2.532352,18.701311,1,18.766848,3.489792,22.25664
2576,16,64,16,64,17477,3,2.525184,18.656256,1,18.715649,3.472384,22.188033
2577,16,64,16,64,17518,3,2.531328,18.578432,1,18.637823,3.49184,22.129663
2578,16,64,16,64,17554,3,2.532352,18.57024,1,18.636801,3.48672,22.123521
2579,16,64,16,64,17594,3,2.526208,18.566145,1,18.632704,3.4816,22.114304
2580,16,64,16,64,17637,3,2.525184,18.675713,1,18.740225,3.478528,22.218753
2581,16,1085,16,1085,17557,3,5.128192,-1,0,78.114815,6.07744,84.192255
2582,16,1085,16,1085,17454,3,5.149696,-1,0,80.633858,6.102016,86.735874
2583,16,64,16,64,17497,3,2.574336,19.269632,1,19.33824,3.535872,22.874112
2584,16,1084,16,1084,17410,3,5.11488,-1,0,78.784515,6.068224,84.852739
2585,16,64,16,64,17456,3,2.598912,19.341312,1,19.408895,3.570688,22.979584
2586,16,64,16,64,17495,3,2.552832,19.026943,1,19.084288,3.510272,22.59456
2587,16,64,16,64,17526,3,2.535424,18.87232,1,18.937857,3.483648,22.421505
2588,16,64,16,64,17564,3,2.5344,18.813951,1,18.879488,3.484672,22.36416
2589,16,64,16,64,17608,3,2.54464,18.821119,1,18.884607,3.49184,22.376447
2590,16,64,16,64,17645,3,2.533376,18.814976,1,18.880512,3.4816,22.362112
2591,16,64,16,64,17685,3,2.536448,18.802689,1,18.863104,3.484672,22.347776
2592,16,64,16,64,17727,3,2.525184,18.722816,1,18.789375,3.479552,22.268927
2593,16,64,16,64,17762,3,2.52928,18.643969,1,18.709503,3.477504,22.187007
2594,16,64,16,64,17803,3,2.52928,18.65728,1,18.722816,3.488768,22.211585
2595,16,64,16,64,17846,3,2.515968,18.660353,1,18.725887,3.463168,22.189055
2596,16,64,16,64,17889,3,2.532352,18.705408,1,18.774015,3.477504,22.251519
2597,16,1085,16,1085,17765,3,5.14048,-1,0,78.117889,6.093824,84.211713
2598,16,64,16,64,17795,3,2.589696,19.287041,1,19.3536,3.550208,22.903808
2599,16,64,16,64,17836,3,2.552832,19.055616,1,19.113983,3.5072,22.621183
2600,16,1085,16,1085,17754,3,5.12512,-1,0,78.263298,6.074368,84.337666
2601,16,1085,16,1085,17676,3,5.139456,-1,0,80.234497,6.0928,86.327297
2602,16,1085,16,1085,17591,3,5.097472,-1,0,80.599037,6.043648,86.642685
2603,16,1084,16,1084,17496,3,5.147648,-1,0,79.935486,6.099968,86.035454
2604,16,64,16,64,17537,3,2.583552,19.55328,1,19.621887,3.540992,23.162879
2605,16,1085,16,1085,17448,3,5.092352,-1,0,78.76403,6.0416,84.805631
2606,16,1085,16,1085,17350,3,5.15072,-1,0,80.259071,6.114304,86.373375
2607,16,64,16,64,17398,3,2.556928,19.601408,1,19.660801,3.528704,23.189505
2608,16,64,16,64,17442,3,2.55488,19.240959,1,19.302401,3.508224,22.810625
2609,16,64,16,64,17489,3,2.540544,19.074047,1,19.131392,3.495936,22.627327
2610,16,64,16,64,17523,3,2.527232,18.895872,1,18.962433,3.480576,22.443009
2611,16,2106,16,2106,17300,3,7.948288,-1,0,144.028671,8.900608,152.929279
2612,16,1085,16,1085,17188,3,5.13024,-1,0,80.001022,6.084608,86.08563
2613,16,1085,16,1085,17075,3,5.144576,-1,0,80.503807,6.100992,86.604799
2614,16,64,16,64,17121,3,2.593792,19.345407,1,19.403776,3.570688,22.974464
2615,16,64,16,64,17157,3,2.54976,19.047424,1,19.116032,3.523584,22.639616
2616,16,64,16,64,17197,3,2.531328,18.75456,1,18.821119,3.492864,22.313983
2617,16,64,16,64,17230,3,2.51904,18.680832,1,18.748417,3.487744,22.236161
2618,16,64,16,64,17266,3,2.518016,18.571264,1,18.636801,3.467264,22.104065
2619,16,64,16,64,17310,3,2.523136,18.568192,1,18.630655,3.470336,22.100991
2620,16,64,16,64,17348,3,2.521088,18.548737,1,18.591743,3.48672,22.078464
2621,16,64,16,64,17389,3,2.516992,18.526209,1,18.590719,3.46112,22.051839
2622,16,64,16,64,17428,3,2.516992,18.644993,1,18.702335,3.46624,22.168575
2623,16,64,16,64,17459,3,2.5344,18.65728,1,18.723841,3.482624,22.206465
2624,16,1084,16,1084,17361,3,5.121024,-1,0,77.675522,6.085632,83.761154
2625,16,64,16,64,17406,3,2.563072,19.490816,1,19.558399,3.539968,23.098367
2626,16,64,16,64,17440,3,2.547712,19.145727,1,19.213312,3.506176,22.719488
2627,16,64,16,64,17478,3,2.5344,18.931711,1,18.998272,3.484672,22.482944
2628,16,64,16,64,17514,3,2.538496,18.865152,1,18.932735,3.501056,22.433791
2629,16,2106,16,2106,17274,3,7.908352,-1,0,142.703613,8.869888,151.573502
2630,16,64,16,64,17314,3,2.553856,19.350529,1,19.419136,3.52256,22.941696
2631,16,64,16,64,17361,3,2.537472,19.038208,1,19.105791,3.48672,22.592511
2632,16,64,16,64,17404,3,2.546688,18.75456,1,18.816,3.499008,22.315008
2633,16,64,16,64,17436,3,2.528256,18.601984,1,18.669567,3.488768,22.158335
2634,16,64,16,64,17477,3,2.525184,18.608128,1,18.666496,3.49184,22.158336
2635,16,64,16,64,17512,3,2.536448,18.599936,1,18.665472,3.483648,22.14912
2636,16,64,16,64,17545,3,2.531328,18.637823,1,18.700289,3.495936,22.196225
2637,16,64,16,64,17582,3,2.533376,18.768896,1,18.837503,3.482624,22.320127
2638,16,64,16,64,17622,3,2.514944,18.717695,1,18.783232,3.470336,22.253568
2639,16,64,16,64,17660,3,2.532352,18.61632,1,18.68288,3.479552,22.162432
2640,16,64,16,64,17694,3,2.516992,18.710527,1,18.766848,3.46624,22.233088
2641,16,1084,16,1084,17581,3,5.163008,-1,0,78.069763,6.116352,84.186115
2642,16,64,16,64,17625,3,2.581504,19.410944,1,19.470337,3.570688,23.041025
2643,16,64,16,64,17663,3,2.547712,19.00544,1,19.070976,3.514368,22.585344
2644,16,64,16,64,17702,3,2.5344,18.732033,1,18.789375,3.497984,22.287359
2645,16,64,16,64,17741,3,2.51904,18.605057,1,18.673664,3.48672,22.160384
2646,16,64,16,64,17787,3,2.530304,18.574335,1,18.640896,3.501056,22.141952
2647,16,64,16,64,17823,3,2.536448,18.597889,1,18.65728,3.504128,22.161408
2648,16,64,16,64,17860,3,2.510848,18.613249,1,18.679808,3.469312,22.14912
2649,16,64,16,64,17901,3,2.537472,18.68288,1,18.742271,3.49184,22.234111
2650,16,1085,16,1085,17805,3,5.185536,-1,0,78.351357,6.142976,84.494332
2651,16,64,16,64,17838,3,2.582528,19.368959,1,19.430401,3.538944,22.969345
2652,16,64,16,64,17884,3,2.54976,19.191809,1,19.258368,3.515392,22.77376
2653,16,2106,16,2106,17669,3,7.93088,-1,0,142.979065,8.881152,151.860217
2654,16,2106,16,2106,17467,3,7.934976,-1,0,145.114105,8.89856,154.012665
2655,16,64,16,64,17517,3,2.607104,19.622911,1,19.691521,3.593216,23.284737
2656,16,1085,16,1085,17433,3,5.118976,-1,0,78.905342,6.078464,84.983806
2657,16,1085,16,1085,17331,3,5.092352,-1,0,80.593918,6.053888,86.647806
2658,16,64,16,64,17375,3,2.55488,19.224577,1,19.294209,3.529728,22.823936
2659,16,1085,16,1085,17263,3,5.13536,-1,0,78.850044,6.09792,84.947964
2660,16,1084,16,1084,17168,3,5.189632,-1,0,80.871422,6.140928,87.01235
2661,16,1085,16,1085,17080,3,5.137408,-1,0,81.889282,6.088704,87.977986
2662,16,1085,16,1085,16993,3,5.209088,-1,0,80.079872,6.163456,86.243328
2663,16,64,16,64,17037,3,2.594816,19.407871,1,19.467264,3.56352,23.030784
2664,16,64,16,64,17083,3,2.556928,19.045376,1,19.10784,3.51232,22.62016
2665,16,64,16,64,17119,3,2.54464,18.783232,1,18.849792,3.49696,22.346752
2666,16,64,16,64,17162,3,2.530304,18.664448,1,18.732033,3.488768,22.220801
2667,16,64,16,64,17203,3,2.528256,18.533377,1,18.598911,3.472384,22.071295
2668,16,64,16,64,17243,3,2.527232,18.547712,1,18.61632,3.47648,22.0928
2669,16,64,16,64,17286,3,2.516992,18.684929,1,18.727936,3.463168,22.191104
2670,16,1084,16,1084,17188,3,5.117952,-1,0,77.600769,6.0672,83.667969
2671,16,64,16,64,17231,3,2.579456,19.232767,1,19.298304,3.552256,22.85056
2672,16,64,16,64,17275,3,2.551808,18.91328,1,18.979839,3.514368,22.494207
2673,16,64,16,64,17310,3,2.537472,18.678783,1,18.738176,3.490816,22.228992
2674,16,64,16,64,17349,3,2.541568,18.598911,1,18.667521,3.497984,22.165504
2675,16,64,16,64,17382,3,2.536448,18.579456,1,18.646015,3.483648,22.129663
2676,16,1085,16,1085,17296,3,5.138432,-1,0,78.26944,6.08768,84.35712
2677,16,64,16,64,17331,3,2.563072,19.300352,1,19.366913,3.523584,22.890497
2678,16,64,16,64,17370,3,2.550784,18.999296,1,19.044352,3.505152,22.549504
2679,16,1084,16,1084,17271,3,5.117952,-1,0,77.967361,6.069248,84.03661
2680,16,64,16,64,17305,3,2.577408,19.272703,1,19.341312,3.540992,22.882304
2681,16,64,16,64,17349,3,2.555904,18.99008,1,19.059711,3.526656,22.586367
2682,16,64,16,64,17387,3,2.536448,18.742271,1,18.799616,3.50208,22.301696
2683,16,64,16,64,17424,3,2.530304,18.762753,1,18.828287,3.483648,22.311935
2684,16,64,16,64,17469,3,2.533376,18.708481,1,18.774015,3.48672,22.260736
2685,16,1085,16,1085,17367,3,5.127168,-1,0,78.227455,6.083584,84.311039
2686,16,64,16,64,17408,3,2.584576,19.265535,1,19.323904,3.5584,22.882304
2687,16,64,16,64,17451,3,2.556928,18.99008,1,19.057665,3.511296,22.568961
2688,16,64,16,64,17485,3,2.53952,18.798592,1,18.866177,3.51232,22.378497
2689,16,64,16,64,17516,3,2.546688,18.799616,1,18.860031,3.499008,22.359039
2690,16,64,16,64,17547,3,2.531328,18.751488,1,18.820095,3.49184,22.311935
2691,16,1085,16,1085,17441,3,5.122048,-1,0,78.130173,6.083584,84.213757
2692,16,64,16,64,17478,3,2.567168,19.321856,1,19.365889,3.528704,22.894593
2693,16,64,16,64,17517,3,2.540544,18.972672,1,19.034113,3.514368,22.548481
2694,16,64,16,64,17561,3,2.540544,18.701311,1,18.76992,3.508224,22.278144
2695,16,64,16,64,17604,3,2.523136,18.619392,1,18.685951,3.495936,22.181887
2696,16,64,16,64,17642,3,2.523136,18.583551,1,18.651136,3.477504,22.12864
2697,16,64,16,64,17685,3,2.532352,18.53952,1,18.607103,3.490816,22.097919
2698,16,64,16,64,17720,3,2.530304,18.586624,1,18.651136,3.4816,22.132736
2699,16,64,16,64,17765,3,2.528256,18.532352,1,18.589697,3.489792,22.079489
2700,16,64,16,64,17812,3,2.520064,18.475008,1,18.542591,3.487744,22.030335
2701,16,64,16,64,17846,3,2.523136,18.51392,1,18.578432,3.485696,22.064128
2702,16,64,16,64,17874,3,2.512896,18.514944,1,18.582527,3.465216,22.047743
2703,16,64,16,64,17909,3,2.52928,18.555904,1,18.621441,3.490816,22.112257
2704,16,3125,16,3125,17556,3,10.535936,-1,0,204.206085,11.498496,215.704581
2705,16,64,16,64,17595,3,2.572288,19.519487,1,19.565569,3.5584,23.123969
2706,16,64,16,64,17642,3,2.547712,19.057665,1,19.126272,3.5072,22.633472
2707,16,64,16,64,17684,3,2.545664,18.779137,1,18.825216,3.514368,22.339584
2708,16,64,16,64,17720,3,2.526208,18.706432,1,18.772991,3.49184,22.264831
2709,16,64,16,64,17756,3,2.537472,18.7904,1,18.85696,3.484672,22.341632
2710,16,2106,16,2106,17538,3,7.928832,-1,0,142.856186,8.89344,151.749626
2711,16,64,16,64,17576,3,2.584576,19.643393,1,19.703808,3.560448,23.264256
2712,16,1085,16,1085,17475,3,5.086208,-1,0,78.625793,6.047744,84.673537
2713,16,64,16,64,17518,3,2.57024,19.426304,1,19.49696,3.530752,23.027712
2714,16,64,16,64,17556,3,2.540544,19.161089,1,19.230721,3.495936,22.726656
2715,16,1085,16,1085,17471,3,5.127168,-1,0,78.281731,6.085632,84.367362
2716,16,64,16,64,17497,3,2.59072,19.704832,1,19.767296,3.571712,23.339008
2717,16,1085,16,1085,17408,3,5.146624,-1,0,78.936066,6.109184,85.045249
2718,16,1085,16,1085,17317,3,5.153792,-1,0,80.989182,6.117376,87.106557
2719,16,64,16,64,17365,3,2.579456,19.562496,1,19.632128,3.557376,23.189504
2720,16,64,16,64,17398,3,2.56512,19.2512,1,19.297279,3.536896,22.834175
2721,16,1085,16,1085,17291,3,5.131264,-1,0,78.339073,6.085632,84.424705
2722,16,1085,16,1085,17191,3,5.08928,-1,0,80.364548,6.048768,86.413316
2723,16,64,16,64,17230,3,2.568192,19.204096,1,19.265535,3.528704,22.794239
2724,16,64,16,64,17276,3,2.551808,19.125248,1,19.19488,3.515392,22.710272
2725,16,64,16,64,17314,3,2.540544,18.927616,1,18.995199,3.49184,22.487039
2726,16,64,16,64,17350,3,2.522112,18.782207,1,18.851839,3.47136,22.323199
2727,16,1085,16,1085,17249,3,5.12,-1,0,78.234627,6.086656,84.321283
2728,16,64,16,64,17292,3,2.591744,19.314688,1,19.382273,3.572736,22.955009
2729,16,64,16,64,17329,3,2.542592,19.022848,1,19.090431,3.516416,22.606847
2730,16,64,16,64,17371,3,2.527232,18.736128,1,18.804735,3.494912,22.299647
2731,16,64,16,64,17401,3,2.520064,18.609152,1,18.676737,3.48672,22.163457
2732,16,64,16,64,17433,3,2.527232,18.601984,1,18.668545,3.475456,22.144001
2733,16,64,16,64,17470,3,2.52416,18.671616,1,18.738176,3.475456,22.213632
2734,16,64,16,64,17501,3,2.536448,18.8416,1,18.908159,3.504128,22.412287
2735,16,64,16,64,17534,3,2.532352,18.762753,1,18.829311,3.49696,22.326271
2736,16,2106,16,2106,17296,3,7.922688,-1,0,142.684158,8.885248,151.569407
2737,16,64,16,64,17336,3,2.561024,19.258368,1,19.329023,3.51744,22.846463
2738,16,64,16,64,17387,3,2.54464,18.932735,1,19.001345,3.501056,22.502401
2739,16,1085,16,1085,17298,3,5.132288,-1,0,78.314499,6.10304,84.417539
2740,16,1085,16,1085,17210,3,5.13536,-1,0,79.933441,6.09792,86.031361
2741,16,64,16,64,17251,3,2.587648,19.343361,1,19.4048,3.567616,22.972416
2742,16,64,16,64,17286,3,2.555904,19.040257,1,19.104769,3.528704,22.633473
2743,16,64,16,64,17327,3,2.535424,18.75968,1,18.828287,3.488768,22.317055
2744,16,64,16,64,17362,3,2.531328,18.655231,1,18.716673,3.483648,22.200321
2745,16,64,16,64,17397,3,2.533376,18.597889,1,18.659328,3.49696,22.156288
2746,16,64,16,64,17431,3,2.523136,18.607103,1,18.664448,3.479552,22.144
2747,16,64,16,64,17477,3,2.525184,18.650112,1,18.717695,3.474432,22.192127
2748,16,64,16,64,17511,3,2.518016,18.509825,1,18.575359,3.470336,22.045695
2749,16,64,16,64,17542,3,2.516992,18.455551,1,18.514944,3.47648,21.991424
2750,16,64,16,64,17580,3,2.516992,18.4832,1,18.549761,3.464192,22.013953
2751,16,64,16,64,17614,3,2.51904,18.469889,1,18.538496,3.465216,22.003712
2752,16,64,16,64,17660,3,2.515968,18.504704,1,18.548737,3.465216,22.013952
2753,16,64,16,64,17700,3,2.52416,18.5856,1,18.651136,3.48672,22.137856
2754,16,1068,16,1068,17601,3,5.158912,-1,0,78.431229,6.12352,84.554749
2755,16,64,16,64,17630,3,2.57536,19.356672,1,19.42528,3.535872,22.961152
2756,16,64,16,64,17661,3,2.557952,18.988031,1,19.054592,3.516416,22.571008
2757,16,64,16,64,17697,3,2.53952,18.765823,1,18.825216,3.493888,22.319104
2758,16,64,16,64,17732,3,2.536448,18.596865,1,18.664448,3.49184,22.156288
2759,16,64,16,64,17761,3,2.54464,19.033089,1,19.101696,3.499008,22.600704
2760,16,1085,16,1085,17674,3,5.147648,-1,0,78.394371,6.117376,84.511747
2761,16,1085,16,1085,17591,3,5.142528,-1,0,80.650238,6.102016,86.752254
2762,16,64,16,64,17633,3,2.581504,19.523584,1,19.591167,3.562496,23.153663
2763,16,64,16,64,17679,3,2.568192,19.216385,1,19.26144,3.545088,22.806528
2764,16,64,16,64,17717,3,2.551808,19.033089,1,19.094528,3.506176,22.600704
2765,16,1085,16,1085,17605,3,5.133312,-1,0,78.050301,6.081536,84.131836
2766,16,1085,16,1085,17495,3,5.088256,-1,0,80.399361,6.048768,86.448129
2767,16,64,16,64,17532,3,2.57536,19.373056,1,19.440639,3.5328,22.973439
2768,16,1085,16,1085,17432,3,5.124096,-1,0,78.936066,6.073344,85.00941
2769,16,64,16,64,17460,3,2.587648,19.632128,1,19.695616,3.5584,23.254016
2770,16,1085,16,1085,17367,3,5.087232,-1,0,78.671875,6.042624,84.714499
2771,16,64,16,64,17407,3,2.569216,19.342337,1,19.408895,3.540992,22.949888
2772,16,64,16,64,17446,3,2.53952,19.043327,1,19.100672,3.500032,22.600704
2773,16,64,16,64,17490,3,2.52928,18.83136,1,18.897921,3.482624,22.380545
2774,16,64,16,64,17527,3,2.521088,18.675713,1,18.742271,3.472384,22.214655
2775,16,1085,16,1085,17426,3,5.177344,-1,0,78.395393,6.134784,84.530178
2776,16,1085,16,1085,17338,3,5.111808,-1,0,80.352257,6.066176,86.418433
2777,16,64,16,64,17387,3,2.60096,19.297279,1,19.355648,3.567616,22.923264
2778,16,64,16,64,17439,3,2.548736,19.00544,1,19.062784,3.508224,22.571008
2779,16,64,16,64,17470,3,2.542592,18.812927,1,18.878464,3.51744,22.395904
2780,16,64,16,64,17512,3,2.52928,18.649088,1,18.717695,3.510272,22.227967
2781,16,64,16,64,17548,3,2.527232,18.578432,1,18.64192,3.482624,22.124544
2782,16,64,16,64,17585,3,2.532352,18.638847,1,18.699265,3.499008,22.198272
2783,16,1085,16,1085,17486,3,5.139456,-1,0,78.319618,6.105088,84.424706
2784,16,1085,16,1085,17399,3,5.13024,-1,0,79.944702,6.079488,86.02419
2785,16,64,16,64,17439,3,2.59072,19.323904,1,19.383295,3.560448,22.943743
2786,16,1084,16,1084,17361,3,5.103616,-1,0,78.761986,6.063104,84.82509
2787,16,64,16,64,17406,3,2.566144,19.526655,1,19.593216,3.523584,23.1168
2788,16,64,16,64,17447,3,2.555904,19.214336,1,19.274752,3.523584,22.798336
2789,16,1084,16,1084,17340,3,5.126144,-1,0,78.299133,6.096896,84.396029
2790,16,1085,16,1085,17257,3,5.091328,-1,0,80.1577,6.053888,86.211587
2791,16,1085,16,1085,17161,3,5.081088,-1,0,79.749123,6.029312,85.778435
2792,16,64,16,64,17209,3,2.563072,19.181568,1,19.250175,3.524608,22.774783
2793,16,64,16,64,17259,3,2.540544,18.915327,1,18.983936,3.492864,22.4768
2794,16,64,16,64,17296,3,2.52928,18.696192,1,18.764799,3.488768,22.253567
2795,16,64,16,64,17335,3,2.525184,18.623487,1,18.690048,3.490816,22.180864
2796,16,64,16,64,17371,3,2.527232,18.604033,1,18.670591,3.482624,22.153215
2797,16,64,16,64,17407,3,2.528256,18.562048,1,18.628609,3.477504,22.106113
2798,16,1085,16,1085,17320,3,5.128192,-1,0,78.570496,6.075392,84.645887
2799,16,64,16,64,17355,3,2.57024,19.321856,1,19.380224,3.52768,22.907904
2800,16,64,16,64,17395,3,2.540544,18.991104,1,19.057665,3.49696,22.554625
2801,16,64,16,64,17432,3,2.541568,18.716673,1,18.782207,3.510272,22.29248
2802,16,64,16,64,17475,3,2.52416,18.621441,1,18.688,3.482624,22.170624
2803,16,64,16,64,17511,3,2.527232,18.727936,1,18.794497,3.485696,22.280193
2804,16,64,16,64,17557,3,2.535424,18.716673,1,18.776064,3.484672,22.260736
2805,16,1085,16,1085,17455,3,5.128192,-1,0,78.248962,6.093824,84.342786
2806,16,64,16,64,17488,3,2.589696,19.357697,1,19.417088,3.557376,22.974463
2807,16,64,16,64,17527,3,2.541568,18.932735,1,19.001345,3.503104,22.504449
2808,16,1085,16,1085,17435,3,5.1456,-1,0,78.666756,6.094848,84.761604
2809,16,64,16,64,17470,3,2.569216,19.302401,1,19.368959,3.525632,22.894591
2810,16,64,16,64,17511,3,2.54464,18.916351,1,18.979839,3.499008,22.478847
2811,16,64,16,64,17539,3,2.53952,18.684929,1,18.749439,3.494912,22.244351
2812,16,64,16,64,17575,3,2.52928,18.591743,1,18.658304,3.4816,22.139904
2813,16,64,16,64,17624,3,2.523136,18.584576,1,18.648064,3.472384,22.120448
2814,16,64,16,64,17659,3,2.526208,18.575359,1,18.640896,3.475456,22.116352
2815,16,64,16,64,17696,3,2.523136,18.763777,1,18.820095,3.475456,22.295551
2816,16,64,16,64,17734,3,2.536448,18.684929,1,18.748417,3.482624,22.231041
2817,16,64,16,64,17777,3,2.516992,18.654207,1,18.718719,3.467264,22.185983
2818,16,1085,16,1085,17672,3,5.123072,-1,0,78.127106,6.07744,84.204545
2819,16,64,16,64,17705,3,2.581504,19.311617,1,19.377151,3.550208,22.92736
2820,16,64,16,64,17742,3,2.558976,19.152897,1,19.218431,3.515392,22.733824
2821,16,64,16,64,17783,3,2.543616,18.952192,1,19.018751,3.495936,22.514687
2822,16,64,16,64,17808,3,2.538496,18.985985,1,19.044352,3.494912,22.539263
2823,16,64,16,64,17843,3,2.540544,18.968576,1,19.035135,3.495936,22.531071
2824,16,1085,16,1085,17756,3,5.143552,-1,0,78.237694,6.091776,84.32947
2825,16,2106,16,2106,17543,3,7.926784,-1,0,145.156097,8.875008,154.031105
2826,16,1085,16,1085,17448,3,5.13536,-1,0,80.616447,6.11328,86.729727
2827,16,64,16,64,17489,3,2.571264,19.570688,1,19.641344,3.546112,23.187456
2828,16,1085,16,1085,17401,3,5.13536,-1,0,79.109123,6.098944,85.208067
2829,16,64,16,64,17435,3,2.576384,19.492865,1,19.55328,3.556352,23.109632
2830,16,64,16,64,17468,3,2.572288,19.210239,1,19.270657,3.528704,22.799361
2831,16,64,16,64,17514,3,2.546688,19.1488,1,19.216385,3.521536,22.737921
2832,16,64,16,64,17555,3,2.5344,19.058687,1,19.116032,3.494912,22.610944
2833,16,64,16,64,17594,3,2.537472,19.027967,1,19.070976,3.487744,22.55872
2834,16,1085,16,1085,17475,3,5.131264,-1,0,78.07283,6.10816,84.18099
2835,16,64,16,64,17520,3,2.58048,19.542015,1,19.612673,3.554304,23.166977
2836,16,1085,16,1085,17416,3,5.088256,-1,0,78.664703,6.060032,84.724735
2837,16,1084,16,1084,17305,3,5.12512,-1,0,79.577087,6.08768,85.664767
2838,16,64,16,64,17344,3,2.597888,19.342337,1,19.40992,3.574784,22.984704
2839,16,64,16,64,17382,3,2.547712,19.022848,1,19.090431,3.510272,22.600703
2840,16,64,16,64,17419,3,2.535424,18.940928,1,19.006464,3.504128,22.510592
2841,16,64,16,64,17462,3,2.523136,18.863104,1,18.926592,3.488768,22.41536
2842,16,1085,16,1085,17366,3,5.144576,-1,0,78.145538,6.0928,84.238338
2843,16,64,16,64,17413,3,2.57024,19.259392,1,19.325953,3.530752,22.856704
2844,16,64,16,64,17447,3,2.551808,19.072001,1,19.140608,3.509248,22.649856
2845,16,64,16,64,17486,3,2.535424,18.779137,1,18.836479,3.497984,22.334463
2846,16,1084,16,1084,17390,3,5.124096,-1,0,77.671425,6.089728,83.761153
2847,16,1085,16,1085,17293,3,5.097472,-1,0,80.395264,6.06208,86.457344
2848,16,64,16,64,17333,3,2.567168,19.544064,1,19.610624,3.540992,23.151616
2849,16,64,16,64,17377,3,2.55488,19.26656,1,19.335169,3.511296,22.846465
2850,16,1085,16,1085,17292,3,5.127168,-1,0,78.440445,6.08768,84.528125
2851,16,1085,16,1085,17198,3,5.15584,-1,0,80.186371,6.105088,86.291459
2852,16,64,16,64,17244,3,2.57536,19.360767,1,19.428352,3.557376,22.985728
2853,16,64,16,64,17287,3,2.550784,19.033089,1,19.091455,3.519488,22.610944
2854,16,64,16,64,17323,3,2.532352,18.745344,1,18.811905,3.482624,22.294529
2855,16,64,16,64,17365,3,2.530304,18.64192,1,18.707457,3.482624,22.190081
2856,16,64,16,64,17404,3,2.52928,18.538496,1,18.599936,3.477504,22.07744
2857,16,64,16,64,17446,3,2.53952,18.559999,1,18.615295,3.49184,22.107135
2858,16,64,16,64,17483,3,2.536448,18.594816,1,18.660353,3.49184,22.152193
2859,16,64,16,64,17524,3,2.521088,18.488319,1,18.552832,3.489792,22.042624
2860,16,64,16,64,17570,3,2.51904,18.455551,1,18.510847,3.468288,21.979135
2861,16,64,16,64,17610,3,2.522112,18.469889,1,18.534401,3.469312,22.003713
2862,16,64,16,64,17651,3,2.527232,18.594816,1,18.661377,3.49184,22.153217
2863,16,1085,16,1085,17554,3,5.127168,-1,0,78.03904,6.095872,84.134912
2864,16,64,16,64,17598,3,2.563072,19.321856,1,19.382273,3.525632,22.907905
2865,16,64,16,64,17642,3,2.550784,18.938881,1,19.00544,3.520512,22.525952
2866,16,1085,16,1085,17551,3,5.127168,-1,0,78.064636,6.086656,84.151292
2867,16,64,16,64,17598,3,2.572288,19.462145,1,19.52256,3.545088,23.067648
2868,16,64,16,64,17647,3,2.56512,19.090431,1,19.158016,3.515392,22.673408
2869,16,64,16,64,17691,3,2.53952,18.882561,1,18.951168,3.490816,22.441984
2870,16,64,16,64,17724,3,2.523136,18.827265,1,18.892799,3.4816,22.374399
2871,16,1085,16,1085,17625,3,5.128192,-1,0,78.340096,6.073344,84.41344
2872,16,64,16,64,17663,3,2.563072,19.272703,1,19.343361,3.51744,22.860801
2873,16,64,16,64,17704,3,2.545664,18.958336,1,19.022848,3.499008,22.521856
2874,16,64,16,64,17748,3,2.54976,18.849792,1,18.915327,3.504128,22.419455
2875,16,1085,16,1085,17669,3,5.137408,-1,0,78.273537,6.088704,84.362241
2876,16,64,16,64,17702,3,2.587648,19.392511,1,19.451904,3.580928,23.032832
2877,16,64,16,64,17737,3,2.556928,19.056641,1,19.125248,3.529728,22.654976
2878,16,2106,16,2106,17503,3,7.92064,-1,0,142.898178,8.8832,151.781378
2879,16,64,16,64,17537,3,2.592768,19.646463,1,19.707905,3.572736,23.280641
2880,16,1085,16,1085,17443,3,5.122048,-1,0,78.958595,6.08256,85.041155
2881,16,1085,16,1085,17366,3,5.123072,-1,0,80.593918,6.089728,86.683646
2882,16,1084,16,1084,17281,3,5.082112,-1,0,80.268288,6.044672,86.31296
2883,16,64,16,64,17321,3,2.566144,19.22048,1,19.282944,3.52256,22.805504
2884,16,64,16,64,17365,3,2.547712,18.958336,1,19.027967,3.504128,22.532095
2885,16,1085,16,1085,17254,3,5.124096,-1,0,78.002174,6.073344,84.075519
2886,16,64,16,64,17294,3,2.618368,19.503103,1,19.569664,3.598336,23.168
2887,16,64,16,64,17342,3,2.577408,19.225599,1,19.284992,3.545088,22.83008
2888,16,64,16,64,17376,3,2.5344,18.992128,1,19.057665,3.4816,22.539265
2889,16,2106,16,2106,17144,3,7.934976,-1,0,142.986237,8.904704,151.890941
2890,16,64,16,64,17189,3,2.588672,19.271681,1,19.340288,3.5584,22.898688
2891,16,64,16,64,17229,3,2.56,19.03104,1,19.098623,3.525632,22.624255
2892,16,64,16,64,17267,3,2.532352,18.742271,1,18.808832,3.509248,22.31808
2893,16,64,16,64,17307,3,2.526208,18.649088,1,18.706432,3.48672,22.193152
2894,16,64,16,64,17345,3,2.523136,18.557953,1,18.623487,3.474432,22.097919
2895,16,64,16,64,17378,3,2.518016,18.548737,1,18.614271,3.479552,22.093823
2896,16,64,16,64,17416,3,2.514944,18.563072,1,18.629633,3.470336,22.099969
2897,16,64,16,64,17465,3,2.516992,18.559999,1,18.624512,3.467264,22.091776
2898,16,64,16,64,17507,3,2.520064,18.499584,1,18.566145,3.46624,22.032385
2899,16,1085,16,1085,17427,3,5.143552,-1,0,78.234627,6.109184,84.343811
2900,16,1085,16,1085,17336,3,5.086208,-1,0,80.357376,6.05184,86.409216
2901,16,1085,16,1085,17252,3,5.146624,-1,0,80.463875,6.111232,86.575107
2902,16,1085,16,1085,17155,3,5.12,-1,0,80.898048,6.084608,86.982656
2903,16,64,16,64,17201,3,2.579456,19.231745,1,19.299328,3.561472,22.8608
2904,16,64,16,64,17238,3,2.550784,18.920448,1,18.982912,3.521536,22.504448
2905,16,64,16,64,17281,3,2.522112,18.716673,1,18.786304,3.478528,22.264832
2906,16,64,16,64,17327,3,2.523136,18.563072,1,18.622463,3.47136,22.093823
2907,16,64,16,64,17368,3,2.527232,18.546688,1,18.6112,3.47648,22.08768
2908,16,64,16,64,17414,3,2.526208,18.587648,1,18.651136,3.487744,22.13888
2909,16,64,16,64,17455,3,2.515968,18.568192,1,18.633728,3.468288,22.102016
2910,16,64,16,64,17491,3,2.514944,18.490368,1,18.555904,3.474432,22.030336
2911,16,64,16,64,17522,3,2.516992,18.507776,1,18.573313,3.468288,22.041601
2912,16,64,16,64,17563,3,2.527232,18.439169,1,18.508801,3.47136,21.98016
2913,16,64,16,64,17604,3,2.525184,18.468864,1,18.532352,3.483648,22.016001
2914,16,64,16,64,17642,3,2.51904,18.470913,1,18.533377,3.469312,22.002689
2915,16,64,16,64,17680,3,2.526208,18.486273,1,18.553856,3.490816,22.044672
2916,16,64,16,64,17720,3,2.516992,18.490368,1,18.556929,3.479552,22.036481
2917,16,1085,16,1085,17615,3,5.124096,-1,0,77.979645,6.08256,84.062205
2918,16,64,16,64,17665,3,2.569216,19.306496,1,19.375105,3.546112,22.921217
2919,16,1085,16,1085,17568,3,5.15584,-1,0,79.242241,6.115328,85.357569
2920,16,64,16,64,17613,3,2.578432,19.327999,1,19.397633,3.539968,22.937601
2921,16,1085,16,1085,17530,3,5.090304,-1,0,78.856194,6.037504,84.893698
2922,16,64,16,64,17572,3,2.598912,19.492865,1,19.55328,3.57376,23.12704
2923,16,64,16,64,17610,3,2.547712,19.153919,1,19.22048,3.510272,22.730752
2924,16,64,16,64,17645,3,2.548736,19.147776,1,19.216385,3.49696,22.713345
2925,16,1085,16,1085,17545,3,5.15584,-1,0,78.725121,6.115328,84.840448
2926,16,1085,16,1085,17443,3,5.093376,-1,0,80.166908,6.059008,86.225916
2927,16,64,16,64,17482,3,2.568192,19.185663,1,19.253248,3.55328,22.806528
2928,16,64,16,64,17520,3,2.551808,18.99008,1,19.057665,3.526656,22.584321
2929,16,1085,16,1085,17438,3,5.139456,-1,0,78.459908,6.104064,84.563972
2930,16,1085,16,1085,17356,3,5.103616,-1,0,80.353279,6.0672,86.420479
2931,16,64,16,64,17391,3,2.571264,19.291136,1,19.3536,3.550208,22.903808
2932,16,1085,16,1085,17296,3,5.178368,-1,0,79.361023,6.144,85.505023
2933,16,64,16,64,17331,3,2.588672,19.559423,1,19.629057,3.560448,23.189505
2934,16,1085,16,1085,17234,3,5.131264,-1,0,78.957565,6.09792,85.055485
2935,16,64,16,64,17276,3,2.572288,19.342337,1,19.410944,3.564544,22.975488
2936,16,64,16,64,17316,3,2.547712,19.012608,1,19.084288,3.521536,22.605824
2937,16,64,16,64,17356,3,2.52928,18.732033,1,18.777088,3.495936,22.273024
2938,16,64,16,64,17397,3,2.525184,18.604033,1,18.669567,3.472384,22.141951
2939,16,64,16,64,17445,3,2.520064,18.607103,1,18.676737,3.484672,22.161409
2940,16,64,16,64,17486,3,2.52928,18.558975,1,18.624512,3.501056,22.125568
2941,16,64,16,64,17524,3,2.518016,18.592768,1,18.662399,3.4816,22.143999
2942,16,64,16,64,17562,3,2.52416,18.475008,1,18.534401,3.485696,22.020097
2943,16,1085,16,1085,17477,3,5.122048,-1,0,78.010368,6.075392,84.08576
2944,16,1084,16,1084,17389,3,5.122048,-1,0,80.324608,6.091776,86.416384
2945,16,64,16,64,17436,3,2.574336,19.225599,1,19.272703,3.53792,22.810623
2946,16,64,16,64,17472,3,2.546688,18.998272,1,19.065857,3.509248,22.575105
2947,16,64,16,64,17504,3,2.540544,18.808832,1,18.877439,3.499008,22.376447
2948,16,2106,16,2106,17277,3,7.92576,-1,0,143.110138,8.892416,152.002554
2949,16,64,16,64,17316,3,2.57024,19.282944,1,19.344383,3.552256,22.896639
2950,16,64,16,64,17361,3,2.54976,18.962433,1,19.022848,3.506176,22.529024
2951,16,1085,16,1085,17276,3,5.129216,-1,0,78.485504,6.085632,84.571136
2952,16,1085,16,1085,17201,3,5.095424,-1,0,79.84845,6.06208,85.91053
2953,16,64,16,64,17248,3,2.58048,19.438593,1,19.500032,3.549184,23.049217
2954,16,1085,16,1085,17155,3,5.083136,-1,0,78.376961,6.042624,84.419585
2955,16,64,16,64,17195,3,2.57536,19.243008,1,19.311617,3.535872,22.847489
2956,16,64,16,64,17236,3,2.540544,19.009537,1,19.078144,3.497984,22.576128
2957,16,64,16,64,17274,3,2.527232,18.741247,1,18.811905,3.489792,22.301697
2958,16,64,16,64,17309,3,2.527232,18.649088,1,18.709503,3.478528,22.188031
2959,16,64,16,64,17343,3,2.52416,18.598911,1,18.643969,3.473408,22.117377
2960,16,64,16,64,17380,3,2.531328,18.583551,1,18.64192,3.477504,22.119424
2961,16,64,16,64,17420,3,2.535424,18.593792,1,18.635777,3.484672,22.120449
2962,16,64,16,64,17465,3,2.521088,18.455551,1,18.52416,3.501056,22.025216
2963,16,64,16,64,17510,3,2.515968,18.473984,1,18.53952,3.470336,22.009856
2964,16,64,16,64,17548,3,2.509824,18.538496,1,18.609152,3.467264,22.076416
2965,16,64,16,64,17590,3,2.51904,18.534401,1,18.601984,3.465216,22.0672
2966,16,64,16,64,17627,3,2.51904,18.564096,1,18.608128,3.483648,22.091776
2967,16,1085,16,1085,17538,3,5.132288,-1,0,78.021629,6.083584,84.105213
2968,16,64,16,64,17568,3,2.578432,19.270657,1,19.315712,3.53792,22.853632
2969,16,64,16,64,17607,3,2.555904,18.957312,1,19.017729,3.513344,22.531073
2970,16,64,16,64,17636,3,2.533376,18.702335,1,18.767872,3.5072,22.275072
2971,16,64,16,64,17672,3,2.522112,18.637823,1,18.695168,3.473408,22.168576
2972,16,64,16,64,17717,3,2.536448,18.669567,1,18.736128,3.50208,22.238208
2973,16,64,16,64,17753,3,2.541568,18.884607,1,18.951168,3.485696,22.436864
2974,16,64,16,64,17796,3,2.52416,18.866177,1,18.910208,3.468288,22.378496
2975,16,64,16,64,17827,3,2.528256,18.752512,1,18.818048,3.483648,22.301697
2976,16,64,16,64,17868,3,2.523136,18.886656,1,18.952192,3.485696,22.437888
2977,16,1085,16,1085,17777,3,5.137408,-1,0,78.03904,6.085632,84.124671
2978,16,2106,16,2106,17538,3,7.936,-1,0,144.719879,8.894464,153.614343
2979,16,64,16,64,17573,3,2.59072,19.637247,1,19.682304,3.566592,23.248896
2980,16,64,16,64,17617,3,2.552832,19.369984,1,19.437569,3.5072,22.944769
2981,16,1085,16,1085,17532,3,5.123072,-1,0,78.212097,6.085632,84.297729
2982,16,1084,16,1084,17430,3,5.144576,-1,0,80.335869,6.11328,86.449149
2983,16,64,16,64,17472,3,2.57024,19.533825,1,19.603456,3.542016,23.145473
2984,16,1085,16,1085,17388,3,5.093376,-1,0,78.622719,6.0416,84.664319
2985,16,64,16,64,17430,3,2.56512,19.400703,1,19.467264,3.536896,23.00416
2986,16,64,16,64,17469,3,2.553856,19.222528,1,19.26656,3.524608,22.791167
2987,16,64,16,64,17502,3,2.53952,18.932735,1,18.975744,3.49696,22.472704
2988,16,64,16,64,17534,3,2.537472,18.882561,1,18.94912,3.492864,22.441983
2989,16,1084,16,1084,17430,3,5.136384,-1,0,78.257149,6.107136,84.364285
2990,16,64,16,64,17467,3,2.586624,19.615744,1,19.676161,3.547136,23.223297
2991,16,64,16,64,17507,3,2.537472,19.244032,1,19.312639,3.495936,22.808575
2992,16,64,16,64,17546,3,2.536448,18.893824,1,18.963455,3.508224,22.471679
2993,16,64,16,64,17584,3,2.5344,18.859009,1,18.926592,3.503104,22.429696
2994,16,1085,16,1085,17471,3,5.134336,-1,0,77.96019,6.106112,84.066302
2995,16,64,16,64,17510,3,2.586624,19.268608,1,19.336191,3.554304,22.890495
2996,16,1085,16,1085,17429,3,5.09952,-1,0,78.908417,6.06208,84.970497
2997,16,64,16,64,17465,3,2.555904,19.256321,1,19.326977,3.518464,22.845441
2998,16,64,16,64,17499,3,2.538496,18.930689,1,18.998272,3.488768,22.48704
2999,16,64,16,64,17540,3,2.533376,18.756607,1,18.824192,3.48672,22.310912
3000,16,2106,16,2106,17328,3,7.923712,-1,0,142.984192,8.894464,151.878655
3001,16,2106,16,2106,17111,3,7.927808,-1,0,145.087494,8.896512,153.984006
3002,16,64,16,64,17156,3,2.58048,19.269632,1,19.33824,3.562496,22.900736
3003,16,64,16,64,17199,3,2.546688,18.979839,1,19.0464,3.5072,22.5536
3004,16,64,16,64,17238,3,2.536448,18.771969,1,18.832384,3.519488,22.351872
3005,16,64,16,64,17268,3,2.536448,18.677759,1,18.74432,3.49696,22.24128
3006,16,64,16,64,17307,3,2.527232,18.67264,1,18.732033,3.493888,22.225921
3007,16,64,16,64,17355,3,2.533376,18.673664,1,18.732033,3.504128,22.236161
3008,16,1085,16,1085,17256,3,5.127168,-1,0,78.491646,6.090752,84.582398
3009,16,64,16,64,17293,3,2.561024,19.436544,1,19.505152,3.528704,23.033856
3010,16,64,16,64,17331,3,2.54976,19.084288,1,19.145727,3.504128,22.649855
3011,16,64,16,64,17372,3,2.538496,18.875393,1,18.941952,3.493888,22.43584
3012,16,64,16,64,17405,3,2.5344,18.796543,1,18.861055,3.4816,22.342655
3013,16,1085,16,1085,17300,3,5.13536,-1,0,77.865982,6.09792,83.963902
3014,16,64,16,64,17333,3,2.59584,19.341312,1,19.384319,3.574784,22.959103
3015,16,64,16,64,17368,3,2.547712,19.069952,1,19.137535,3.506176,22.643711
3016,16,64,16,64,17404,3,2.535424,18.766848,1,18.833408,3.490816,22.324224
3017,16,64,16,64,17439,3,2.52928,18.659328,1,18.720768,3.488768,22.209536
3018,16,64,16,64,17476,3,2.547712,18.598911,1,18.665472,3.51232,22.177792
3019,16,64,16,64,17504,3,2.525184,18.624512,1,18.667521,3.474432,22.141953
3020,16,64,16,64,17551,3,2.542592,18.603008,1,18.668545,3.489792,22.158337
3021,16,64,16,64,17586,3,2.51904,18.569216,1,18.632704,3.467264,22.099968
3022,16,64,16,64,17619,3,2.51392,18.503679,1,18.546688,3.478528,22.025216
3023,16,64,16,64,17665,3,2.522112,18.486273,1,18.553856,3.47136,22.025216
3024,16,1085,16,1085,17581,3,5.128192,-1,0,77.86496,6.089728,83.954688
3025,16,64,16,64,17618,3,2.571264,19.516417,1,19.586048,3.540992,23.12704
3026,16,64,16,64,17654,3,2.548736,19.206144,1,19.272703,3.508224,22.780927
3027,16,64,16,64,17690,3,2.53952,18.948095,1,19.013632,3.49184,22.505472
3028,16,64,16,64,17734,3,2.536448,18.863104,1,18.919424,3.48672,22.406144
3029,16,64,16,64,17776,3,2.548736,18.816,1,18.883583,3.504128,22.387711
3030,16,64,16,64,17814,3,2.528256,18.864128,1,18.930689,3.484672,22.415361
3031,16,1085,16,1085,17713,3,5.13024,-1,0,78.579712,6.094848,84.67456
3032,16,1085,16,1085,17635,3,5.078016,-1,0,80.397308,6.03648,86.433788
3033,16,64,16,64,17684,3,2.58048,19.659777,1,19.721216,3.55328,23.274496
3034,16,64,16,64,17711,3,2.567168,19.318785,1,19.36384,3.523584,22.887424
3035,16,1085,16,1085,17609,3,5.100544,-1,0,78.131203,6.050816,84.182019
3036,16,64,16,64,17645,3,2.57024,19.284992,1,19.350529,3.554304,22.904833
3037,16,2105,16,2105,17418,3,7.95136,-1,0,143.949829,8.915968,152.865797
3038,16,64,16,64,17458,3,2.592768,19.3536,1,19.421185,3.561472,22.982656
3039,16,64,16,64,17504,3,2.557952,19.041281,1,19.110912,3.514368,22.62528
3040,16,64,16,64,17547,3,2.52928,18.851839,1,18.911232,3.497984,22.409216
3041,16,2105,16,2105,17319,3,7.919616,-1,0,143.145981,8.884224,152.030205
3042,16,64,16,64,17357,3,2.563072,19.30752,1,19.374081,3.523584,22.897665
3043,16,64,16,64,17393,3,2.546688,18.927616,1,18.987007,3.49696,22.483967
3044,16,64,16,64,17429,3,2.537472,18.700289,1,18.757631,3.501056,22.258687
3045,16,64,16,64,17469,3,2.5344,18.684929,1,18.750463,3.480576,22.23104
3046,16,64,16,64,17504,3,2.537472,18.606079,1,18.673664,3.514368,22.188032
3047,16,64,16,64,17539,3,2.523136,18.620417,1,18.681856,3.47648,22.158336
3048,16,64,16,64,17574,3,2.5344,18.654207,1,18.721792,3.485696,22.207488
3049,16,64,16,64,17614,3,2.530304,18.640896,1,18.706432,3.479552,22.185984
3050,16,1085,16,1085,17534,3,5.12512,-1,0,77.879295,6.074368,83.953663
3051,16,4148,16,4148,17060,3,13.211648,-1,0,273.584137,14.17216,287.756297
3052,16,64,16,64,17107,3,2.598912,19.517441,1,19.586048,3.57888,23.164928
3053,16,64,16,64,17154,3,2.564096,19.122175,1,19.184641,3.513344,22.697985
3054,16,1085,16,1085,17048,3,5.136384,-1,0,78.081024,6.104064,84.185088
3055,16,64,16,64,17085,3,2.584576,19.319807,1,19.381248,3.56352,22.944768
3056,16,64,16,64,17138,3,2.54976,19.048449,1,19.117056,3.515392,22.632448
3057,16,64,16,64,17176,3,2.538496,18.74432,1,18.810881,3.493888,22.304769
3058,16,64,16,64,17217,3,2.537472,18.618368,1,18.681856,3.488768,22.170624
3059,16,64,16,64,17259,3,2.536448,18.593792,1,18.660353,3.48672,22.147073
3060,16,64,16,64,17302,3,2.530304,18.606079,1,18.673664,3.488768,22.162432
3061,16,64,16,64,17342,3,2.538496,18.770945,1,18.837503,3.485696,22.3232
3062,16,64,16,64,17382,3,2.522112,18.720768,1,18.787329,3.469312,22.256641
3063,16,64,16,64,17425,3,2.516992,18.690048,1,18.748417,3.46624,22.214657
3064,16,64,16,64,17461,3,2.528256,18.75968,1,18.825216,3.49696,22.322176
3065,16,64,16,64,17500,3,2.537472,18.720768,1,18.787329,3.484672,22.272001
3066,16,1085,16,1085,17389,3,5.132288,-1,0,78.276611,6.088704,84.365315
3067,16,64,16,64,17428,3,2.569216,19.286016,1,19.355648,3.530752,22.8864
3068,16,64,16,64,17460,3,2.546688,18.995199,1,19.054592,3.51232,22.566912
3069,16,64,16,64,17497,3,2.54976,18.905088,1,18.970625,3.500032,22.470657
3070,16,64,16,64,17545,3,2.528256,18.792448,1,18.859009,3.482624,22.341633
3071,16,64,16,64,17580,3,2.530304,18.740225,1,18.804735,3.480576,22.285311
3072,16,64,16,64,17622,3,2.52928,18.72896,1,18.796543,3.489792,22.286335
3073,16,1085,16,1085,17516,3,5.13536,-1,0,78.132225,6.098944,84.231169
3074,16,64,16,64,17557,3,2.567168,19.34848,1,19.418112,3.544064,22.962176
3075,16,64,16,64,17603,3,2.54464,18.998272,1,19.067904,3.49696,22.564863
3076,16,64,16,64,17646,3,2.535424,18.814976,1,18.873344,3.492864,22.366208
3077,16,1085,16,1085,17562,3,5.127168,-1,0,78.362625,6.076416,84.439041
3078,16,64,16,64,17603,3,2.578432,19.245056,1,19.312639,3.55328,22.865919
3079,16,64,16,64,17649,3,2.568192,19.167233,1,19.226624,3.52256,22.749183
3080,16,64,16,64,17683,3,2.552832,18.892799,1,18.95936,3.518464,22.477824
3081,16,64,16,64,17716,3,2.536448,18.753536,1,18.822144,3.487744,22.309888
3082,16,64,16,64,17752,3,2.533376,18.822144,1,18.866177,3.484672,22.350849
3083,16,64,16,64,17788,3,2.5344,18.853888,1,18.921473,3.485696,22.407169
3084,16,64,16,64,17837,3,2.52928,18.822144,1,18.888704,3.477504,22.366208
3085,16,64,16,64,17874,3,2.52928,18.738176,1,18.781183,3.477504,22.258687
3086,16,64,16,64,17912,3,2.535424,18.83136,1,18.898945,3.499008,22.397953
3087,16,2106,16,2106,17679,3,7.939072,-1,0,142.272507,8.902656,151.175162
3088,16,64,16,64,17722,3,2.586624,19.421185,1,19.489792,3.561472,23.051264
3089,16,64,16,64,17756,3,2.548736,19.17952,1,19.236864,3.501056,22.73792
3090,16,64,16,64,17798,3,2.543616,19.024897,1,19.09248,3.495936,22.588416
3091,16,1085,16,1085,17717,3,5.152768,-1,0,78.13427,6.102016,84.236286
3092,16,2106,16,2106,17481,3,7.928832,-1,0,145.223679,8.89344,154.117119
3093,16,1084,16,1084,17386,3,5.129216,-1,0,80.285698,6.099968,86.385666
3094,16,64,16,64,17434,3,2.578432,19.231745,1,19.277824,3.546112,22.823936
3095,16,64,16,64,17470,3,2.542592,18.963455,1,19.03104,3.519488,22.550528
3096,16,64,16,64,17505,3,2.542592,18.798592,1,18.867201,3.51232,22.379521
3097,16,1085,16,1085,17417,3,5.16096,-1,0,78.369789,6.104064,84.473853
3098,16,64,16,64,17459,3,2.573312,19.47648,1,19.536896,3.552256,23.089152
3099,16,64,16,64,17499,3,2.54976,19.134464,1,19.201023,3.514368,22.715391
3100,16,1085,16,1085,17401,3,5.13536,-1,0,78.493698,6.09792,84.591618
3101,16,64,16,64,17436,3,2.588672,19.693567,1,19.738625,3.556352,23.294976
3102,16,64,16,64,17470,3,2.548736,19.319807,1,19.391487,3.518464,22.909951
3103,16,3127,16,3127,17112,3,10.555392,-1,0,204.549118,11.52,216.069118
3104,16,64,16,64,17159,3,2.584576,19.392511,1,19.454975,3.569664,23.024639
3105,16,64,16,64,17202,3,2.552832,18.994177,1,19.064833,3.511296,22.576129
3106,16,64,16,64,17238,3,2.536448,18.774015,1,18.819073,3.488768,22.307841
3107,16,64,16,64,17278,3,2.52928,18.550783,1,18.61632,3.480576,22.096896
3108,16,1085,16,1085,17187,3,5.126144,-1,0,78.287872,6.075392,84.363264
3109,16,64,16,64,17222,3,2.57024,19.497984,1,19.566591,3.540992,23.107583
3110,16,1084,16,1084,17131,3,5.111808,-1,0,78.752769,6.07232,84.825089
3111,16,64,16,64,17170,3,2.571264,19.262465,1,19.308544,3.530752,22.839296
3112,16,64,16,64,17212,3,2.548736,18.993153,1,19.063808,3.509248,22.573056
3113,16,64,16,64,17251,3,2.530304,18.748417,1,18.793472,3.494912,22.288384
3114,16,64,16,64,17294,3,2.52416,18.624512,1,18.692097,3.473408,22.165505
3115,16,64,16,64,17328,3,2.525184,18.588673,1,18.655231,3.493888,22.149119
3116,16,1085,16,1085,17234,3,5.134336,-1,0,78.222336,6.099968,84.322304
3117,16,64,16,64,17275,3,2.56512,19.326977,1,19.392511,3.525632,22.918143
3118,16,64,16,64,17314,3,2.540544,18.979839,1,19.048449,3.500032,22.548481
3119,16,64,16,64,17355,3,2.537472,18.760704,1,18.825216,3.48672,22.311936
3120,16,64,16,64,17388,3,2.52416,18.658304,1,18.716673,3.477504,22.194177
3121,16,64,16,64,17420,3,2.540544,18.788351,1,18.857985,3.495936,22.35392
3122,16,64,16,64,17459,3,2.537472,18.780161,1,18.84672,3.497984,22.344704
3123,16,1085,16,1085,17355,3,5.146624,-1,0,78.569473,6.111232,84.680705
3124,16,64,16,64,17399,3,2.581504,19.376127,1,19.444736,3.56864,23.013376
3125,16,64,16,64,17446,3,2.548736,19.045376,1,19.105791,3.500032,22.605823
3126,16,64,16,64,17485,3,2.536448,18.758656,1,18.825216,3.4816,22.306816
3127,16,64,16,64,17522,3,2.527232,18.623487,1,18.690048,3.483648,22.173696
3128,16,64,16,64,17561,3,2.528256,18.549761,1,18.617344,3.480576,22.09792
3129,16,64,16,64,17595,3,2.51904,18.575359,1,18.640896,3.469312,22.110208
3130,16,64,16,64,17636,3,2.52416,18.778112,1,18.837503,3.480576,22.318079
3131,16,2106,16,2106,17408,3,7.921664,-1,0,142.873596,8.8832,151.756796
3132,16,64,16,64,17451,3,2.567168,19.323904,1,19.395584,3.544064,22.939648
3133,16,64,16,64,17498,3,2.541568,18.964479,1,19.025921,3.49696,22.522881
3134,16,64,16,64,17537,3,2.536448,18.725887,1,18.796543,3.506176,22.302719
3135,16,64,16,64,17575,3,2.527232,18.640896,1,18.707457,3.490816,22.198273
3136,16,64,16,64,17618,3,2.527232,18.565121,1,18.628609,3.484672,22.113281
3137,16,64,16,64,17647,3,2.536448,18.586624,1,18.652161,3.495936,22.148097
3138,16,64,16,64,17680,3,2.533376,18.651136,1,18.719744,3.480576,22.20032
3139,16,64,16,64,17710,3,2.530304,18.569216,1,18.635777,3.479552,22.115329
3140,16,64,16,64,17744,3,2.527232,18.481152,1,18.548737,3.478528,22.027265
3141,16,64,16,64,17777,3,2.526208,18.488319,1,18.553856,3.48672,22.040576
3142,16,64,16,64,17820,3,2.526208,18.546688,1,18.613249,3.482624,22.095873
3143,16,1085,16,1085,17729,3,5.141504,-1,0,78.203903,6.096896,84.300799
3144,16,1085,16,1085,17636,3,5.127168,-1,0,80.066559,6.074368,86.140927
3145,16,64,16,64,17673,3,2.599936,19.546112,1,19.605503,3.572736,23.178239
3146,16,64,16,64,17712,3,2.574336,19.318785,1,19.380224,3.530752,22.910976
3147,16,2105,16,2105,17479,3,7.926784,-1,0,143.203323,8.87808,152.081404
3148,16,64,16,64,17518,3,2.579456,19.254272,1,19.321856,3.567616,22.889472
3149,16,64,16,64,17555,3,2.551808,19.042303,1,19.110912,3.528704,22.639616
3150,16,64,16,64,17588,3,2.541568,18.736128,1,18.799616,3.511296,22.310912
3151,16,64,16,64,17624,3,2.531328,18.755585,1,18.814976,3.482624,22.2976
3152,16,64,16,64,17664,3,2.541568,18.7136,1,18.780161,3.508224,22.288385
3153,16,64,16,64,17702,3,2.532352,18.792448,1,18.852863,3.487744,22.340607
3154,16,1085,16,1085,17621,3,5.134336,-1,0,78.422012,6.086656,84.508668
3155,16,2105,16,2105,17396,3,7.928832,-1,0,144.881668,8.87808,153.759748
3156,16,64,16,64,17435,3,2.578432,19.55328,1,19.620865,3.542016,23.162881
3157,16,1085,16,1085,17347,3,5.133312,-1,0,78.964737,6.08768,85.052417
3158,16,2106,16,2106,17120,3,7.933952,-1,0,145.101822,8.896512,153.998334
3159,16,1085,16,1085,17039,3,5.123072,-1,0,80.353279,6.086656,86.439935
3160,16,1085,16,1085,16966,3,5.10976,-1,0,80.880638,6.075392,86.95603
3161,16,64,16,64,17002,3,2.586624,19.209215,1,19.274752,3.549184,22.823936
3162,16,64,16,64,17045,3,2.547712,18.957312,1,19.024897,3.50208,22.526977
3163,16,64,16,64,17084,3,2.542592,18.737152,1,18.804735,3.494912,22.299647
3164,16,64,16,64,17127,3,2.52928,18.652161,1,18.717695,3.480576,22.198271
3165,16,64,16,64,17162,3,2.52416,18.576384,1,18.640896,3.475456,22.116352
3166,16,64,16,64,17204,3,2.52928,18.612225,1,18.677759,3.480576,22.158335
3167,16,64,16,64,17253,3,2.510848,18.573313,1,18.638847,3.46112,22.099967
3168,16,64,16,64,17290,3,2.51904,18.527231,1,18.591743,3.4816,22.073344
3169,16,64,16,64,17332,3,2.501632,18.484224,1,18.550783,3.449856,22.000639
3170,16,64,16,64,17373,3,2.521088,18.502657,1,18.567167,3.469312,22.036479
3171,16,64,16,64,17417,3,2.5088,18.460672,1,18.527231,3.454976,21.982207
3172,16,64,16,64,17459,3,2.515968,18.446337,1,18.489344,3.465216,21.95456
3173,16,1085,16,1085,17372,3,5.12512,-1,0,80.240639,6.075392,86.316031
3174,16,64,16,64,17420,3,2.598912,19.340288,1,19.408895,3.567616,22.976511
3175,16,64,16,64,17457,3,2.547712,18.980864,1,19.051519,3.508224,22.559743
3176,16,64,16,64,17500,3,2.532352,18.748417,1,18.813951,3.49184,22.305791
3177,16,64,16,64,17542,3,2.527232,18.661377,1,18.727936,3.474432,22.202368
3178,16,64,16,64,17582,3,2.527232,18.735104,1,18.799616,3.477504,22.27712
3179,16,1085,16,1085,17487,3,5.13024,-1,0,78.167038,6.084608,84.251646
3180,16,64,16,64,17525,3,2.593792,19.256321,1,19.323904,3.565568,22.889472
3181,16,64,16,64,17569,3,2.54976,18.925568,1,18.994177,3.5072,22.501377
3182,16,64,16,64,17611,3,2.537472,18.709503,1,18.776064,3.492864,22.268928
3183,16,64,16,64,17653,3,2.51904,18.57024,1,18.638847,3.472384,22.111231
3184,16,64,16,64,17693,3,2.532352,18.579456,1,18.635777,3.487744,22.123521
3185,16,64,16,64,17737,3,2.532352,18.592768,1,18.664448,3.493888,22.158336
3186,16,64,16,64,17780,3,2.526208,18.747393,1,18.811905,3.472384,22.284289
3187,16,1084,16,1084,17691,3,5.144576,-1,0,78.144508,6.09792,84.242428
3188,16,64,16,64,17725,3,2.579456,19.523584,1,19.590143,3.53792,23.128063
3189,16,64,16,64,17766,3,2.562048,19.253248,1,19.321856,3.521536,22.843392
3190,16,64,16,64,17809,3,2.543616,19.016705,1,19.075071,3.494912,22.569983
3191,16,64,16,64,17853,3,2.541568,18.912256,1,18.978815,3.492864,22.471679
3192,16,1085,16,1085,17752,3,5.13024,-1,0,77.782013,6.078464,83.860477
3193,16,64,16,64,17795,3,2.572288,19.576832,1,19.644417,3.529728,23.174145
3194,16,64,16,64,17837,3,2.551808,19.288063,1,19.3536,3.51232,22.86592
3195,16,1085,16,1085,17721,3,5.154816,-1,0,78.736382,6.10304,84.839422
3196,16,64,16,64,17764,3,2.59072,19.585024,1,19.651585,3.555328,23.206913
3197,16,1085,16,1085,17670,3,5.091328,-1,0,78.395393,6.038528,84.433921
3198,16,64,16,64,17714,3,2.59072,19.252224,1,19.319807,3.567616,22.887423
3199,16,64,16,64,17745,3,2.56,19.026943,1,19.096577,3.521536,22.618113
3200,16,1085,16,1085,17672,3,5.10464,-1,0,78.503937,6.059008,84.562945
3201,16,1085,16,1085,17571,3,5.091328,-1,0,80.276482,6.035456,86.311938
3202,16,64,16,64,17611,3,2.571264,19.311617,1,19.377151,3.540992,22.918144
3203,16,64,16,64,17649,3,2.54976,19.089409,1,19.149824,3.503104,22.652928
3204,16,1084,16,1084,17564,3,5.12,-1,0,78.181374,6.066176,84.24755
3205,16,1085,16,1085,17472,3,5.103616,-1,0,80.410622,6.057984,86.468606
3206,16,1085,16,1085,17389,3,5.13024,-1,0,79.820801,6.093824,85.914625
3207,16,1085,16,1085,17305,3,5.134336,-1,0,80.57856,6.086656,86.665216
3208,16,1085,16,1085,17208,3,5.17632,-1,0,80.134148,6.132736,86.266884
3209,16,64,16,64,17245,3,2.589696,19.746817,1,19.812351,3.569664,23.382015
3210,16,64,16,64,17284,3,2.545664,19.357697,1,19.42528,3.493888,22.919168
3211,16,2106,16,2106,17046,3,7.926784,-1,0,143.30983,8.873984,152.183814
3212,16,1085,16,1085,16960,3,5.178368,-1,0,81.168381,6.135808,87.304189
3213,16,64,16,64,17007,3,2.569216,19.395584,1,19.462145,3.535872,22.998017
3214,16,64,16,64,17054,3,2.53952,19.001345,1,19.067904,3.490816,22.55872
3215,16,64,16,64,17095,3,2.528256,18.727936,1,18.793472,3.488768,22.28224
3216,16,64,16,64,17136,3,2.528256,18.654207,1,18.711552,3.474432,22.185984
3217,16,64,16,64,17178,3,2.52928,18.612225,1,18.676737,3.487744,22.164481
3218,16,64,16,64,17220,3,2.533376,18.598911,1,18.663424,3.4816,22.145024
3219,16,64,16,64,17259,3,2.526208,18.60096,1,18.659328,3.479552,22.13888
3220,16,1085,16,1085,17176,3,5.14048,-1,0,78.240768,6.091776,84.332544
3221,16,64,16,64,17228,3,2.564096,19.32288,1,19.390465,3.526656,22.917121
3222,16,64,16,64,17271,3,2.532352,19.049473,1,19.117056,3.501056,22.618112
3223,16,64,16,64,17298,3,2.531328,18.7136,1,18.778112,3.479552,22.257664
3224,16,64,16,64,17334,3,2.532352,18.6112,1,18.676737,3.484672,22.161409
3225,16,64,16,64,17376,3,2.51392,18.57024,1,18.635777,3.47648,22.112257
3226,16,64,16,64,17418,3,2.52416,18.572289,1,18.637823,3.474432,22.112255
3227,16,64,16,64,17457,3,2.525184,18.603008,1,18.667521,3.479552,22.147073
3228,16,64,16,64,17489,3,2.518016,18.495487,1,18.561024,3.472384,22.033408
3229,16,64,16,64,17528,3,2.511872,18.470913,1,18.531328,3.460096,21.991424
3230,16,64,16,64,17555,3,2.531328,18.623487,1,18.688,3.488768,22.176768
3231,16,64,16,64,17596,3,2.523136,18.700289,1,18.764799,3.472384,22.237183
3232,16,64,16,64,17637,3,2.527232,18.70336,1,18.767872,3.472384,22.240256
3233,16,1084,16,1084,17531,3,5.123072,-1,0,77.622269,6.073344,83.695613
3234,16,64,16,64,17562,3,2.577408,19.270657,1,19.314688,3.545088,22.859776
3235,16,64,16,64,17604,3,2.55488,19.019775,1,19.088385,3.509248,22.597633
3236,16,64,16,64,17649,3,2.537472,18.735104,1,18.801664,3.495936,22.2976
3237,16,64,16,64,17677,3,2.530304,18.577408,1,18.642944,3.485696,22.12864
3238,16,64,16,64,17708,3,2.53952,18.746368,1,18.811905,3.493888,22.305793
3239,16,64,16,64,17740,3,2.52928,18.789375,1,18.83136,3.484672,22.316032
3240,16,1085,16,1085,17653,3,5.13024,-1,0,78.07283,6.08768,84.16051
3241,16,64,16,64,17696,3,2.569216,19.340288,1,19.399679,3.529728,22.929407
3242,16,64,16,64,17732,3,2.547712,18.967552,1,19.034113,3.520512,22.554625
3243,16,64,16,64,17770,3,2.53952,18.758656,1,18.816,3.493888,22.309888
3244,16,64,16,64,17808,3,2.532352,18.663424,1,18.727936,3.484672,22.212608
3245,16,64,16,64,17847,3,2.527232,18.646015,1,18.711552,3.477504,22.189056
3246,16,64,16,64,17887,3,2.532352,18.604033,1,18.670591,3.487744,22.158335
3247,16,64,16,64,17923,3,2.536448,18.603008,1,18.668545,3.489792,22.158337
3248,16,64,16,64,17966,3,2.521088,18.591743,1,18.65728,3.475456,22.132736
3249,16,1085,16,1085,17872,3,5.131264,-1,0,77.965309,6.083584,84.048893
3250,16,1085,16,1085,17775,3,5.132288,-1,0,80.607231,6.085632,86.692863
3251,16,1085,16,1085,17684,3,5.088256,-1,0,79.872002,6.039552,85.911554
3252,16,2106,16,2106,17475,3,7.95648,-1,0,144.797699,8.907776,153.705475
3253,16,64,16,64,17516,3,2.586624,19.499008,1,19.56864,3.5584,23.12704
3254,16,64,16,64,17558,3,2.551808,19.203072,1,19.248129,3.505152,22.753281
3255,16,64,16,64,17594,3,2.550784,18.996223,1,19.057665,3.521536,22.579201
3256,16,1084,16,1084,17509,3,5.180416,-1,0,78.295036,6.134784,84.429821
3257,16,2106,16,2106,17276,3,7.933952,-1,0,145.111038,8.889344,154.000382
3258,16,1085,16,1085,17189,3,5.189632,-1,0,80.432129,6.141952,86.574081
3259,16,64,16,64,17234,3,2.597888,19.619841,1,19.689472,3.566592,23.256064
3260,16,64,16,64,17271,3,2.553856,19.260416,1,19.327999,3.52256,22.850559
3261,16,64,16,64,17304,3,2.5344,19.007488,1,19.074047,3.48672,22.560767
3262,16,1085,16,1085,17208,3,5.141504,-1,0,78.62886,6.093824,84.722684
3263,16,64,16,64,17253,3,2.573312,19.33312,1,19.402752,3.534848,22.9376
3264,16,64,16,64,17295,3,2.548736,18.967552,1,19.037184,3.506176,22.54336
3265,16,1084,16,1084,17207,3,5.141504,-1,0,78.008324,6.098944,84.107268
3266,16,1085,16,1085,17123,3,5.116928,-1,0,80.858109,6.063104,86.921213
3267,16,64,16,64,17167,3,2.55488,19.384319,1,19.453953,3.515392,22.969345
3268,16,1085,16,1085,17071,3,5.127168,-1,0,79.119362,6.083584,85.202946
3269,16,64,16,64,17115,3,2.577408,19.245056,1,19.313663,3.556352,22.870015
3270,16,1085,16,1085,17031,3,5.097472,-1,0,78.819328,6.054912,84.87424
3271,16,64,16,64,17074,3,2.57536,19.244032,1,19.312639,3.562496,22.875135
3272,16,64,16,64,17111,3,2.562048,18.980864,1,19.052544,3.521536,22.57408
3273,16,64,16,64,17155,3,2.521088,18.78528,1,18.852863,3.478528,22.331391
3274,16,64,16,64,17189,3,2.530304,18.552832,1,18.618368,3.49184,22.110208
3275,16,64,16,64,17233,3,2.51904,18.562048,1,18.629633,3.4816,22.111233
3276,16,64,16,64,17274,3,2.52928,18.537472,1,18.581505,3.492864,22.074369
3277,16,64,16,64,17317,3,2.51392,18.522112,1,18.590719,3.479552,22.070271
3278,16,64,16,64,17356,3,2.516992,18.456575,1,18.523136,3.464192,21.987328
3279,16,64,16,64,17393,3,2.515968,18.49856,1,18.566145,3.483648,22.049793
3280,16,64,16,64,17433,3,2.530304,18.489344,1,18.562048,3.489792,22.05184
3281,16,64,16,64,17472,3,2.520064,18.520063,1,18.565121,3.47136,22.036481
3282,16,64,16,64,17512,3,2.512896,18.505728,1,18.574335,3.475456,22.049791
3283,16,64,16,64,17540,3,2.509824,18.536448,1,18.592768,3.462144,22.054912
3284,16,64,16,64,17568,3,2.521088,18.449408,1,18.493441,3.483648,21.977089
3285,16,64,16,64,17602,3,2.527232,18.495487,1,18.566145,3.479552,22.045697
3286,16,64,16,64,17650,3,2.516992,18.500608,1,18.565121,3.467264,22.032385
3287,16,64,16,64,17689,3,2.518016,18.492416,1,18.557953,3.477504,22.035457
3288,16,64,16,64,17721,3,2.51392,18.542591,1,18.606079,3.464192,22.070271
3289,16,1085,16,1085,17618,3,5.127168,-1,0,77.894653,6.088704,83.983357
3290,16,64,16,64,17654,3,2.581504,19.283968,1,19.351551,3.565568,22.917119
3291,16,64,16,64,17701,3,2.567168,18.996223,1,19.063808,3.528704,22.592512
3292,16,64,16,64,17738,3,2.538496,18.772991,1,18.83136,3.494912,22.326272
3293,16,64,16,64,17781,3,2.527232,18.652161,1,18.715649,3.487744,22.203393
3294,16,64,16,64,17813,3,2.531328,18.558975,1,18.624512,3.492864,22.117376
3295,16,1085,16,1085,17741,3,5.156864,-1,0,78.581757,6.13376,84.715517
3296,16,64,16,64,17778,3,2.579456,19.300352,1,19.346432,3.551232,22.897664
3297,16,64,16,64,17816,3,2.550784,18.963455,1,19.034113,3.509248,22.543361
3298,16,64,16,64,17855,3,2.540544,18.977793,1,19.044352,3.511296,22.555648
3299,16,1084,16,1084,17761,3,5.116928,-1,0,77.67347,6.06208,83.735549
3300,16,64,16,64,17803,3,2.578432,19.551231,1,19.6096,3.570688,23.180288
3301,16,1085,16,1085,17691,3,5.157888,-1,0,79.357948,6.11328,85.471228
3302,16,1085,16,1085,17611,3,5.10464,-1,0,80.749565,6.07232,86.821885
3303,16,64,16,64,17654,3,2.578432,19.232767,1,19.302401,3.54816,22.850561
3304,16,1085,16,1085,17570,3,5.12512,-1,0,79.107071,6.091776,85.198847
3305,16,64,16,64,17610,3,2.59072,19.545088,1,19.590143,3.588096,23.178239
3306,16,1085,16,1085,17523,3,5.148672,-1,0,79.121407,6.112256,85.233663
3307,16,64,16,64,17571,3,2.57024,19.376127,1,19.443712,3.534848,22.97856
3308,16,1085,16,1085,17488,3,5.090304,-1,0,78.922752,6.039552,84.962305
3309,16,1084,16,1084,17393,3,5.123072,-1,0,79.654915,6.089728,85.744643
3310,16,64,16,64,17432,3,2.586624,19.472383,1,19.531776,3.551232,23.083009
3311,16,1085,16,1085,17347,3,5.097472,-1,0,78.818306,6.057984,84.87629
3312,16,2106,16,2106,17126,3,7.938048,-1,0,144.757767,8.905728,153.663495
3313,16,64,16,64,17169,3,2.588672,19.509249,1,19.57888,3.569664,23.148544
3314,16,2105,16,2105,16949,3,7.948288,-1,0,143.42247,8.925184,152.347654
3315,16,64,16,64,16988,3,2.579456,19.250175,1,19.319807,3.571712,22.891519
3316,16,64,16,64,17033,3,2.562048,19.021824,1,19.084288,3.535872,22.62016
3317,16,64,16,64,17072,3,2.533376,18.719744,1,18.786304,3.484672,22.270977
3318,16,64,16,64,17112,3,2.526208,18.620417,1,18.686975,3.4816,22.168576
3319,16,64,16,64,17153,3,2.527232,18.580481,1,18.646015,3.477504,22.123519
3320,16,64,16,64,17199,3,2.521088,18.618368,1,18.681856,3.474432,22.156288
3321,16,64,16,64,17241,3,2.515968,18.563072,1,18.621441,3.47136,22.092801
3322,16,64,16,64,17274,3,2.51392,18.478081,1,18.546688,3.465216,22.011904
3323,16,64,16,64,17310,3,2.516992,18.505728,1,18.549761,3.483648,22.033409
3324,16,1085,16,1085,17215,3,5.131264,-1,0,77.717506,6.095872,83.813378
3325,16,1085,16,1085,17125,3,5.101568,-1,0,80.014336,6.071296,86.085632
3326,16,64,16,64,17162,3,2.57024,19.255297,1,19.324928,3.549184,22.874112
3327,16,64,16,64,17196,3,2.552832,18.969601,1,19.030016,3.508224,22.53824
3328,16,64,16,64,17227,3,2.535424,18.758656,1,18.824192,3.50208,22.326272
3329,16,64,16,64,17254,3,2.530304,18.650112,1,18.718719,3.49696,22.215679
3330,16,64,16,64,17299,3,2.526208,18.581505,1,18.649088,3.473408,22.122496
3331,16,64,16,64,17340,3,2.522112,18.574335,1,18.64192,3.483648,22.125568
3332,16,64,16,64,17380,3,2.532352,18.620417,1,18.688,3.501056,22.189056
3333,16,64,16,64,17429,3,2.51904,18.540545,1,18.610176,3.473408,22.083584
3334,16,64,16,64,17467,3,2.5344,18.464767,1,18.530304,3.49696,22.027264
3335,16,64,16,64,17508,3,2.530304,18.67264,1,18.740225,3.497984,22.238209
3336,16,64,16,64,17544,3,2.522112,18.640896,1,18.702335,3.474432,22.176767
3337,16,64,16,64,17589,3,2.530304,18.673664,1,18.741247,3.4816,22.222847
3338,16,64,16,64,17638,3,2.533376,18.688,1,18.75456,3.488768,22.243329
3339,16,1085,16,1085,17529,3,5.133312,-1,0,78.096382,6.083584,84.179966
3340,16,64,16,64,17560,3,2.576384,19.284992,1,19.352575,3.540992,22.893567
3341,16,64,16,64,17594,3,2.547712,19.034113,1,19.103745,3.505152,22.608896
3342,16,64,16,64,17632,3,2.525184,18.777088,1,18.839552,3.484672,22.324224
3343,16,64,16,64,17669,3,2.533376,18.609152,1,18.676737,3.500032,22.176769
3344,16,64,16,64,17709,3,2.52416,18.566145,1,18.625536,3.474432,22.099968
3345,16,64,16,64,17750,3,2.525184,18.592768,1,18.662399,3.490816,22.153215
3346,16,64,16,64,17788,3,2.523136,18.614271,1,18.677759,3.47136,22.149119
3347,16,64,16,64,17835,3,2.51392,18.482176,1,18.548737,3.468288,22.017025
3348,16,64,16,64,17871,3,2.52416,18.535423,1,18.599936,3.475456,22.075392
3349,16,64,16,64,17905,3,2.521088,18.540545,1,18.584576,3.46624,22.050816
3350,16,2106,16,2106,17698,3,7.926784,-1,0,143.036423,8.87808,151.914503
3351,16,64,16,64,17735,3,2.59584,19.339264,1,19.410944,3.561472,22.972416
3352,16,1069,16,1069,17650,3,5.091328,-1,0,78.571518,6.052864,84.624382
3353,16,64,16,64,17685,3,2.573312,19.39456,1,19.451904,3.533824,22.985728
3354,16,1085,16,1085,17593,3,5.141504,-1,0,79.110146,6.105088,85.215234
3355,16,64,16,64,17636,3,2.5856,19.492865,1,19.551231,3.559424,23.110655
3356,16,1085,16,1085,17535,3,5.144576,-1,0,78.954498,6.107136,85.061634
3357,16,64,16,64,17576,3,2.587648,19.377151,1,19.444736,3.555328,23.000064
3358,16,64,16,64,17617,3,2.55488,19.00032,1,19.068928,3.526656,22.595584
3359,16,1085,16,1085,17533,3,5.146624,-1,0,78.353409,6.115328,84.468737
3360,16,64,16,64,17573,3,2.569216,19.347456,1,19.407871,3.54816,22.956031
3361,16,64,16,64,17614,3,2.556928,19.155968,1,19.224577,3.528704,22.753281
3362,16,2106,16,2106,17399,3,7.988224,-1,0,143.119354,8.963072,152.082426
3363,16,1085,16,1085,17315,3,5.202944,-1,0,80.876541,6.168576,87.045117
3364,16,2106,16,2106,17093,3,7.93088,-1,0,145.57901,8.894464,154.473474
3365,16,64,16,64,17141,3,2.564096,19.358721,1,19.427328,3.554304,22.981632
3366,16,64,16,64,17181,3,2.53952,18.994177,1,19.062784,3.516416,22.5792
3367,16,64,16,64,17206,3,2.532352,18.855936,1,18.923519,3.479552,22.403071
3368,16,64,16,64,17241,3,2.527232,18.724863,1,18.789375,3.480576,22.269951
