step,sched_reqs,sched_tokens,batch,num_query_tokens,sum_seq_len,num_spec_tokens,draft_ms,target_fwd_ms,n_target_fwd,exec_ms,sample_ms,step_ms
0,32,160,32,160,160,3,3.85536,24.267776,1,73.375748,171.492355,244.868103
1,32,128,32,128,288,3,3.120128,19.582975,1,22.817793,41.104385,63.922178
2,1,1025,1,1025,1025,3,5.450752,-1,0,92.260353,6.283264,98.543617
3,9,8192,9,8192,9217,3,22.688768,-1,0,512.246765,23.545856,535.792622
4,17,8192,17,8192,17409,3,23.811071,-1,0,504.642548,24.742912,529.38546
5,25,8192,25,8192,25599,3,23.35232,-1,0,509.112335,24.354816,533.467152
6,32,7389,32,7389,32970,3,21.641216,-1,0,464.041992,22.68672,486.728712
7,32,128,32,128,33075,3,3.100672,24.945663,1,25.014273,4.178944,29.193217
8,32,128,32,128,33166,3,3.069952,24.301567,1,24.369152,4.148224,28.517376
9,32,128,32,128,33242,3,3.034112,23.865343,1,23.931904,4.102144,28.034048
10,32,128,32,128,33315,3,3.014656,23.745537,1,23.81312,4.09088,27.904
11,32,128,32,128,33397,3,3.011584,23.644159,1,23.711744,4.097024,27.808768
12,32,128,32,128,33480,3,3.02592,23.650305,1,23.707647,4.092928,27.800575
13,32,128,32,128,33562,3,3.022848,23.642113,1,23.707647,4.100096,27.807744
14,32,128,32,128,33632,3,3.012608,23.652351,1,23.717888,4.097024,27.814912
15,32,128,32,128,33720,3,3.024896,23.650305,1,23.707647,4.100096,27.807744
16,32,128,32,128,33811,3,3.0208,23.655424,1,23.717888,4.103168,27.821056
17,32,128,32,128,33882,3,3.022848,23.638016,1,23.704576,4.10624,27.810816
18,32,128,32,128,33961,3,3.026944,23.652351,1,23.717888,4.105216,27.823104
19,32,128,32,128,34041,3,3.02592,23.66464,1,23.718912,4.096,27.814912
20,32,128,32,128,34113,3,3.028992,23.653376,1,23.713793,4.09088,27.804673
21,32,128,32,128,34192,3,3.01568,23.662592,1,23.718912,4.081664,27.800576
22,32,128,32,128,34262,3,3.026944,23.670784,1,23.728128,4.105216,27.833344
23,32,128,32,128,34332,3,3.023872,23.657473,1,23.719936,4.103168,27.823104
24,32,128,32,128,34418,3,3.023872,23.641088,1,23.70048,4.103168,27.803648
25,32,128,32,128,34501,3,3.032064,23.660543,1,23.724031,4.10624,27.830271
26,32,128,32,128,34589,3,3.027968,23.688192,1,23.744513,4.098048,27.842561
27,32,128,32,128,34660,3,3.026944,23.684095,1,23.748608,4.107264,27.855872
28,32,128,32,128,34737,3,3.030016,23.678976,1,23.744513,4.104192,27.848704
29,32,128,32,128,34817,3,3.023872,23.673857,1,23.739391,4.098048,27.83744
30,32,128,32,128,34910,3,3.026944,23.68512,1,23.75168,4.102144,27.853824
31,32,128,32,128,34983,3,3.026944,23.683071,1,23.74144,4.105216,27.846656
32,32,128,32,128,35053,3,3.037184,23.681025,1,23.747583,4.109312,27.856895
33,32,128,32,128,35135,3,3.027968,23.676928,1,23.742464,4.104192,27.846656
34,32,128,32,128,35206,3,3.027968,23.677952,1,23.744513,4.097024,27.841537
35,32,128,32,128,35275,3,3.033088,23.702528,1,23.760897,4.114432,27.875329
36,32,128,32,128,35351,3,3.040256,23.699455,1,23.764992,4.115456,27.880448
37,32,128,32,128,35437,3,3.032064,23.705601,1,23.773184,4.120576,27.89376
38,32,128,32,128,35506,3,3.028992,23.719936,1,23.787519,4.112384,27.899903
39,32,128,32,128,35582,3,3.026944,23.718912,1,23.784449,4.100096,27.884545
40,32,128,32,128,35661,3,3.038208,23.683071,1,23.748608,4.11136,27.859968
41,32,128,32,128,35744,3,3.030016,23.708672,1,23.774208,4.10112,27.875328
42,32,128,32,128,35816,3,3.030016,23.716864,1,23.7824,4.104192,27.886592
43,32,128,32,128,35884,3,3.032064,23.715839,1,23.780352,4.10624,27.886591
44,32,128,32,128,35953,3,3.03104,23.713793,1,23.777281,4.115456,27.892737
45,32,128,32,128,36027,3,3.033088,23.711744,1,23.775232,4.105216,27.880448
46,32,128,32,128,36103,3,3.05152,23.868416,1,23.934977,4.132864,28.067841
47,32,128,32,128,36183,3,3.038208,23.882751,1,23.947264,4.110336,28.0576
48,32,128,32,128,36253,3,3.045376,23.917568,1,23.984129,4.120576,28.104705
49,32,1149,32,1149,36215,3,5.66784,-1,0,83.64032,6.739968,90.380288
50,32,128,32,128,36293,3,3.10784,24.979456,1,25.040895,4.195328,29.236224
51,32,1148,32,1148,36236,3,5.638144,-1,0,83.632126,6.70208,90.334206
52,32,2169,32,2169,36056,3,8.353792,-1,0,149.33812,9.416704,158.754824
53,32,1149,32,1149,36007,3,5.578752,-1,0,84.345856,6.641664,90.98752
54,32,3190,32,3190,35694,3,10.875904,-1,0,209.587204,11.93472,221.521924
55,32,128,32,128,35772,3,3.0976,25.05728,1,25.126911,4.205568,29.332479
56,32,3191,32,3191,35438,3,10.9824,-1,0,208.691193,12.039168,220.730361
57,32,2170,32,2170,35281,3,8.353792,-1,0,150.390778,9.422848,159.813625
58,32,5232,32,5232,34693,3,16.60928,-1,0,344.586243,17.660929,362.247171
59,32,1149,32,1149,34664,3,5.588992,-1,0,84.644867,6.657024,91.301891
60,32,5233,32,5233,34076,3,16.641024,-1,0,345.947144,17.6896,363.636744
61,32,2170,32,2170,33925,3,8.34048,-1,0,148.507645,9.406464,157.914108
62,32,128,32,128,34000,3,3.094528,24.699903,1,24.760321,4.185088,28.945409
63,32,1149,32,1149,33940,3,5.625856,-1,0,83.552254,6.688768,90.241022
64,32,2170,32,2170,33742,3,8.406016,-1,0,149.145599,9.46688,158.612479
65,32,2170,32,2170,33536,3,8.410112,-1,0,149.998596,9.479168,159.477764
66,32,128,32,128,33623,3,3.091456,24.640512,1,24.70912,4.178944,28.888064
67,32,1149,32,1149,33565,3,5.60128,-1,0,83.456001,6.662144,90.118145
68,32,128,32,128,33648,3,3.091456,24.660992,1,24.729601,4.171776,28.901377
69,32,128,32,128,33726,3,3.053568,24.245249,1,24.30464,4.139008,28.443648
70,32,128,32,128,33808,3,3.024896,23.968767,1,24.036352,4.099072,28.135424
71,32,128,32,128,33887,3,3.03616,23.771135,1,23.836672,4.112384,27.949056
72,32,128,32,128,33964,3,3.039232,23.812096,1,23.877632,4.11136,27.988992
73,32,128,32,128,34042,3,3.024896,23.787519,1,23.853056,4.097024,27.95008
74,32,128,32,128,34128,3,3.026944,23.666689,1,23.733248,4.099072,27.83232
75,32,128,32,128,34194,3,3.0208,23.670784,1,23.73632,4.092928,27.829248
76,32,128,32,128,34274,3,3.016704,23.659519,1,23.725056,4.086784,27.81184
77,32,128,32,128,34341,3,3.022848,23.670784,1,23.727104,4.092928,27.820032
78,32,128,32,128,34430,3,3.0208,23.646208,1,23.712769,4.096,27.808769
79,32,128,32,128,34511,3,3.034112,23.660543,1,23.72608,4.10624,27.83232
80,32,128,32,128,34588,3,3.032064,23.665665,1,23.730177,4.113408,27.843585
81,32,128,32,128,34677,3,3.044352,23.814144,1,23.879681,4.133888,28.013568
82,32,128,32,128,34758,3,3.03616,23.812096,1,23.878656,4.11136,27.990016
83,32,128,32,128,34825,3,3.032064,23.79776,1,23.863297,4.102144,27.96544
84,32,128,32,128,34898,3,3.028992,23.691263,1,23.749632,4.104192,27.853824
85,32,128,32,128,34973,3,3.034112,23.730177,1,23.791616,4.10624,27.897856
86,32,128,32,128,35063,3,3.047424,23.891968,1,23.958529,4.11648,28.075008
87,32,128,32,128,35150,3,3.044352,23.891968,1,23.959553,4.114432,28.073985
88,32,128,32,128,35230,3,3.02592,23.861248,1,23.929855,4.092928,28.022783
89,32,128,32,128,35309,3,3.02592,23.686144,1,23.75168,4.094976,27.846656
90,32,128,32,128,35383,3,3.017728,23.708672,1,23.77216,4.098048,27.870208
91,32,128,32,128,35445,3,3.022848,23.699455,1,23.764992,4.094976,27.859968
92,32,128,32,128,35521,3,3.032064,23.697409,1,23.763968,4.093952,27.85792
93,32,128,32,128,35598,3,3.04128,23.704576,1,23.771135,4.113408,27.884543
94,32,128,32,128,35676,3,3.047424,23.84384,1,23.912449,4.122624,28.035073
95,32,128,32,128,35742,3,3.048448,23.870464,1,23.936001,4.139008,28.075009
96,32,128,32,128,35812,3,3.03104,23.86944,1,23.936001,4.096,28.032001
97,32,128,32,128,35884,3,3.034112,23.723007,1,23.787519,4.108288,27.895807
98,32,128,32,128,35954,3,3.034112,23.731199,1,23.798784,4.103168,27.901952
99,32,128,32,128,36036,3,3.055616,23.836672,1,23.90016,4.13184,28.032
100,32,1149,32,1149,35998,3,5.61664,-1,0,83.62394,6.700032,90.323972
101,32,128,32,128,36076,3,3.08736,24.922112,1,24.991743,4.1728,29.164543
102,32,128,32,128,36158,3,3.070976,24.325121,1,24.388609,4.15744,28.546049
103,32,1149,32,1149,36117,3,5.627904,-1,0,82.873344,6.688768,89.562112
104,32,2170,32,2170,35947,3,8.467456,-1,0,149.731323,9.550848,159.282171
105,32,128,32,128,36026,3,3.105792,24.941568,1,25.005056,4.201472,29.206528
106,32,3191,32,3191,35715,3,10.985472,-1,0,209.482758,12.06272,221.545478
107,32,4210,32,4210,35259,3,13.536256,-1,0,276.746246,14.611456,291.357702
108,32,128,32,128,35349,3,3.096576,24.911873,1,24.981504,4.174848,29.156353
109,32,2170,32,2170,35170,3,8.443904,-1,0,148.474884,9.526272,158.001156
110,32,1149,32,1149,35122,3,5.579776,-1,0,84.960258,6.656,91.616259
111,32,1149,32,1149,35060,3,5.593088,-1,0,84.569092,6.653952,91.223044
112,32,3191,32,3191,34731,3,10.870784,-1,0,209.645569,11.921408,221.566977
113,32,2169,32,2169,34563,3,8.398848,-1,0,149.334015,9.45664,158.790655
114,32,2169,32,2169,34386,3,8.40704,-1,0,149.11795,9.463808,158.581758
115,32,128,32,128,34477,3,3.104768,24.897535,1,24.966145,4.180992,29.147137
116,32,2170,32,2170,34284,3,8.406016,-1,0,148.406265,9.468928,157.875194
117,32,1148,32,1148,34236,3,5.557248,-1,0,84.908035,6.619136,91.527171
118,32,2170,32,2170,34041,3,8.393728,-1,0,149.484543,9.46688,158.951423
119,32,1149,32,1149,33979,3,5.604352,-1,0,84.872192,6.665216,91.537408
120,32,128,32,128,34061,3,3.09248,24.742912,1,24.81152,4.170752,28.982272
121,32,2170,32,2170,33848,3,8.353792,-1,0,148.087814,9.414656,157.50247
122,32,128,32,128,33918,3,3.091456,24.610815,1,24.679424,4.169728,28.849152
123,32,128,32,128,34004,3,3.057664,24.262655,1,24.331264,4.130816,28.46208
124,32,128,32,128,34084,3,3.042304,24.031233,1,24.095743,4.120576,28.216319
125,32,128,32,128,34157,3,3.048448,23.926785,1,23.9872,4.128768,28.115968
126,32,128,32,128,34241,3,3.038208,23.916544,1,23.984129,4.110336,28.094465
127,32,1149,32,1149,34171,3,5.573632,-1,0,82.87027,6.6304,89.50067
128,32,128,32,128,34256,3,3.063808,24.605696,1,24.676352,4.166656,28.843008
129,32,1149,32,1149,34190,3,5.595136,-1,0,83.399681,6.67136,90.071041
130,32,128,32,128,34263,3,3.100672,24.630272,1,24.694784,4.182016,28.8768
131,32,128,32,128,34334,3,3.050496,24.210432,1,24.271872,4.128768,28.40064
132,32,128,32,128,34409,3,3.038208,23.942144,1,24.011776,4.133888,28.145664
133,32,128,32,128,34490,3,3.027968,23.800833,1,23.870464,4.109312,27.979776
134,32,128,32,128,34567,3,3.040256,23.824385,1,23.887873,4.13696,28.024833
135,32,128,32,128,34655,3,3.040256,23.81312,1,23.878656,4.144128,28.022784
136,32,128,32,128,34742,3,3.038208,23.835648,1,23.901184,4.117504,28.018688
137,32,128,32,128,34820,3,3.02592,23.83872,1,23.908352,4.122624,28.030976
138,32,128,32,128,34904,3,3.024896,23.84384,1,23.908352,4.11648,28.024832
139,32,128,32,128,34981,3,3.032064,23.676928,1,23.746559,4.122624,27.869183
140,32,128,32,128,35062,3,3.028992,23.683071,1,23.747583,4.096,27.843584
141,32,128,32,128,35137,3,3.044352,23.827456,1,23.894016,4.119552,28.013568
142,32,128,32,128,35214,3,3.043328,23.824385,1,23.891968,4.132864,28.024832
143,32,128,32,128,35290,3,3.043328,23.847937,1,23.914495,4.115456,28.029952
144,32,128,32,128,35368,3,3.053568,23.888897,1,23.954432,4.140032,28.094463
145,32,128,32,128,35445,3,3.0464,23.906303,1,23.975937,4.1472,28.123137
146,32,128,32,128,35524,3,3.048448,23.892992,1,23.958529,4.123648,28.082177
147,32,128,32,128,35607,3,3.043328,23.882751,1,23.949312,4.11648,28.065792
148,32,128,32,128,35692,3,3.042304,23.840769,1,23.907328,4.141056,28.048384
149,32,128,32,128,35776,3,3.0464,23.86944,1,23.927809,4.123648,28.051457
150,32,128,32,128,35860,3,3.04128,23.865343,1,23.93088,4.112384,28.043263
151,32,128,32,128,35920,3,3.043328,23.868416,1,23.934977,4.118528,28.053504
152,32,1149,32,1149,35863,3,5.62176,-1,0,83.144707,6.687744,89.832451
153,32,128,32,128,35947,3,3.091456,24.792065,1,24.853504,4.19328,29.046784
154,32,128,32,128,36030,3,3.07712,24.338432,1,24.397823,4.16256,28.560383
155,32,128,32,128,36102,3,3.063808,24.049664,1,24.110081,4.140032,28.250113
156,32,1149,32,1149,36055,3,5.57568,-1,0,82.933762,6.653952,89.587714
157,32,128,32,128,36137,3,3.119104,24.775681,1,24.850431,4.204544,29.054976
158,32,1148,32,1148,36093,3,5.573632,-1,0,83.75808,6.658048,90.416128
159,32,2170,32,2170,35920,3,8.359936,-1,0,148.497406,9.438208,157.935614
160,32,2169,32,2169,35751,3,8.492032,-1,0,149.622787,9.5744,159.197187
161,32,3191,32,3191,35434,3,10.975232,-1,0,211.592194,12.054528,223.646722
162,32,5233,32,5233,34852,3,16.703487,-1,0,347.51181,17.773567,365.285378
163,32,1149,32,1149,34816,3,5.573632,-1,0,85.155838,6.646784,91.802622
164,32,2170,32,2170,34641,3,8.349696,-1,0,149.101562,9.419776,158.521338
165,32,2169,32,2169,34464,3,8.344576,-1,0,148.831238,9.423872,158.25511
166,32,128,32,128,34540,3,3.110912,24.747007,1,24.81152,4.211712,29.023232
167,32,128,32,128,34610,3,3.067904,24.389631,1,24.457216,4.149248,28.606464
168,32,128,32,128,34681,3,3.045376,24.097792,1,24.165377,4.12672,28.292097
169,32,2169,32,2169,34484,3,8.349696,-1,0,146.519043,9.434112,155.953155
170,32,1149,32,1149,34418,3,5.636096,-1,0,85.362686,6.715392,92.078078
171,32,2168,32,2168,34224,3,8.482816,-1,0,150.113281,9.56928,159.682561
172,32,128,32,128,34306,3,3.10272,25.068544,1,25.132032,4.204544,29.336576
173,32,1149,32,1149,34252,3,5.598208,-1,0,84.068352,6.66112,90.729472
174,32,2170,32,2170,34071,3,8.339456,-1,0,149.072891,9.399296,158.472187
175,32,128,32,128,34152,3,3.110912,24.670208,1,24.740864,4.212736,28.9536
176,32,1149,32,1149,34086,3,5.598208,-1,0,84.188164,6.66112,90.849284
177,32,128,32,128,34159,3,3.103744,24.698879,1,24.769535,4.20352,28.973055
178,32,128,32,128,34254,3,3.05664,24.245249,1,24.321024,4.133888,28.454912
179,32,1149,32,1149,34192,3,5.636096,-1,0,83.665916,6.719488,90.385405
180,32,128,32,128,34271,3,3.096576,24.894464,1,24.96512,4.19328,29.158401
181,32,128,32,128,34354,3,3.074048,24.343552,1,24.413183,4.170752,28.583935
182,32,1149,32,1149,34295,3,5.603328,-1,0,83.038208,6.659072,89.69728
183,32,128,32,128,34375,3,3.099648,24.86272,1,24.930304,4.179968,29.110271
184,32,1149,32,1149,34316,3,5.576704,-1,0,83.576836,6.636544,90.21338
185,32,128,32,128,34390,3,3.085312,24.596479,1,24.655872,4.178944,28.834816
186,32,128,32,128,34463,3,3.064832,24.194048,1,24.261633,4.140032,28.401665
187,32,128,32,128,34562,3,3.038208,23.942144,1,24.009727,4.109312,28.11904
188,32,128,32,128,34639,3,3.049472,23.829504,1,23.888897,4.128768,28.017665
189,32,128,32,128,34718,3,3.043328,23.903233,1,23.969791,4.140032,28.109823
190,32,128,32,128,34799,3,3.042304,23.879681,1,23.946239,4.14208,28.088319
191,32,128,32,128,34881,3,3.049472,23.873535,1,23.934977,4.1472,28.082177
192,32,128,32,128,34961,3,3.03616,23.834623,1,23.895041,4.135936,28.030976
193,32,128,32,128,35034,3,3.042304,23.819263,1,23.880705,4.134912,28.015617
194,32,128,32,128,35123,3,3.038208,23.842815,1,23.9104,4.115456,28.025856
195,32,128,32,128,35203,3,3.037184,23.818239,1,23.877632,4.11136,27.988992
196,32,128,32,128,35271,3,3.044352,23.830528,1,23.895041,4.137984,28.033024
197,32,128,32,128,35356,3,3.040256,23.830528,1,23.891968,4.134912,28.02688
198,32,128,32,128,35434,3,3.035136,23.833599,1,23.899136,4.128768,28.027904
199,32,128,32,128,35505,3,3.044352,23.824385,1,23.892992,4.135936,28.028928
200,32,128,32,128,35580,3,3.045376,23.834623,1,23.902208,4.140032,28.04224
201,32,128,32,128,35663,3,3.035136,23.845888,1,23.903233,4.129792,28.033025
202,32,128,32,128,35736,3,3.047424,23.853056,1,23.919617,4.140032,28.059649
203,32,128,32,128,35807,3,3.047424,23.856129,1,23.91552,4.14208,28.0576
204,32,128,32,128,35883,3,3.053568,23.890944,1,23.959553,4.141056,28.100609
205,32,128,32,128,35961,3,3.050496,23.885824,1,23.952385,4.133888,28.086273
206,32,128,32,128,36039,3,3.0464,23.923712,1,23.981056,4.123648,28.104704
207,32,128,32,128,36126,3,3.049472,23.946239,1,24.004608,4.1216,28.126208
208,32,1149,32,1149,36060,3,5.622784,-1,0,83.257347,6.704128,89.961475
209,32,128,32,128,36132,3,3.098624,24.841215,1,24.902657,4.173824,29.07648
210,32,128,32,128,36205,3,3.075072,24.375296,1,24.441856,4.175872,28.617728
211,32,1148,32,1148,36150,3,5.61664,-1,0,83.434494,6.697984,90.132478
212,32,1149,32,1149,36089,3,5.578752,-1,0,85.293053,6.653952,91.947005
213,32,3191,32,3191,35782,3,11.001856,-1,0,211.238907,12.064768,223.303675
214,32,1149,32,1149,35724,3,5.677056,-1,0,86.070274,6.739968,92.810242
215,32,1149,32,1149,35661,3,5.622784,-1,0,85.813248,6.682624,92.495872
216,32,3191,32,3191,35331,3,10.98752,-1,0,212.038651,12.045312,224.083962
217,32,3191,32,3191,34987,3,10.881024,-1,0,212.0233,11.9296,223.9529
218,32,2170,32,2170,34777,3,8.424448,-1,0,149.97197,9.480192,159.452162
219,32,2169,32,2169,34627,3,8.450048,-1,0,148.903931,9.510912,158.414843
220,32,2170,32,2170,34449,3,8.419328,-1,0,149.763077,9.478144,159.24122
221,32,128,32,128,34538,3,3.116032,24.929279,1,24.997889,4.196352,29.194241
222,32,2170,32,2170,34328,3,8.45824,-1,0,148.760574,9.526272,158.286846
223,32,128,32,128,34410,3,3.11296,24.793089,1,24.860672,4.197376,29.058048
224,32,2169,32,2169,34227,3,8.403968,-1,0,147.947525,9.46688,157.414405
225,32,128,32,128,34316,3,3.10784,24.877056,1,24.945663,4.190208,29.135871
226,32,1149,32,1149,34268,3,5.61664,-1,0,84.112381,6.683648,90.796029
227,32,3191,32,3191,33959,3,10.981376,-1,0,211.739655,12.038144,223.777799
228,32,128,32,128,34044,3,3.091456,24.875008,1,24.938496,4.165632,29.104127
229,32,128,32,128,34120,3,3.062784,24.283136,1,24.350719,4.134912,28.485631
230,32,128,32,128,34203,3,3.052544,23.998465,1,24.066048,4.1216,28.187648
231,32,128,32,128,34271,3,3.0464,23.990273,1,24.055807,4.129792,28.185599
232,32,128,32,128,34349,3,3.043328,23.851007,1,23.921663,4.112384,28.034047
233,32,1149,32,1149,34287,3,5.619712,-1,0,83.180542,6.68672,89.867262
234,32,2170,32,2170,34118,3,8.40192,-1,0,149.94841,9.46176,159.41017
235,32,128,32,128,34205,3,3.101696,24.79616,1,24.864767,4.180992,29.045759
236,32,128,32,128,34286,3,3.069952,24.359936,1,24.419329,4.144128,28.563457
237,32,128,32,128,34371,3,3.057664,24.090624,1,24.15616,4.137984,28.294144
238,32,128,32,128,34448,3,3.03616,23.890944,1,23.957504,4.10624,28.063744
239,32,1149,32,1149,34376,3,5.644288,-1,0,83.718147,6.7072,90.425347
240,32,128,32,128,34449,3,3.098624,24.864767,1,24.92416,4.17792,29.10208
241,32,128,32,128,34538,3,3.069952,24.296448,1,24.364033,4.145152,28.509185
242,32,128,32,128,34616,3,3.050496,24.054785,1,24.121344,4.123648,28.244992
243,32,128,32,128,34698,3,3.039232,23.881727,1,23.940096,4.114432,28.054528
244,32,128,32,128,34766,3,3.032064,23.803904,1,23.870464,4.108288,27.978752
245,32,128,32,128,34852,3,3.0464,23.819263,1,23.883776,4.122624,28.0064
246,32,128,32,128,34926,3,3.045376,23.827456,1,23.894016,4.1216,28.015616
247,32,128,32,128,35010,3,3.050496,23.817217,1,23.875584,4.125696,28.00128
248,32,128,32,128,35085,3,3.044352,23.84384,1,23.9104,4.118528,28.028928
249,32,128,32,128,35156,3,3.05152,23.847937,1,23.905279,4.128768,28.034047
250,32,128,32,128,35223,3,3.04128,23.847937,1,23.913471,4.115456,28.028927
251,32,128,32,128,35304,3,3.050496,23.839745,1,23.903233,4.119552,28.022785
252,32,128,32,128,35397,3,3.045376,23.846912,1,23.912449,4.123648,28.036097
253,32,128,32,128,35487,3,3.045376,23.83872,1,23.904257,4.11648,28.020737
254,32,128,32,128,35571,3,3.047424,23.855104,1,23.919617,4.11648,28.036097
255,32,128,32,128,35653,3,3.049472,23.85408,1,23.911425,4.127744,28.039169
256,32,128,32,128,35730,3,3.05664,23.851007,1,23.916544,4.128768,28.045312
257,32,1148,32,1148,35685,3,5.610496,-1,0,82.867203,6.672384,89.539587
258,32,128,32,128,35769,3,3.12832,24.817663,1,24.886272,4.207616,29.093888
259,32,128,32,128,35852,3,3.104768,24.517632,1,24.580095,4.184064,28.764159
260,32,1149,32,1149,35812,3,5.63712,-1,0,84.21888,6.695936,90.914816
261,32,128,32,128,35892,3,3.106816,24.873983,1,24.941568,4.187136,29.128705
262,32,128,32,128,35963,3,3.080192,24.409088,1,24.475649,4.176896,28.652545
263,32,128,32,128,36037,3,3.063808,24.119295,1,24.177664,4.14208,28.319744
264,32,1148,32,1148,35984,3,5.612544,-1,0,82.810883,6.67648,89.487362
265,32,1149,32,1149,35930,3,5.675008,-1,0,85.58387,6.731776,92.315646
266,32,1149,32,1149,35872,3,5.665792,-1,0,86.407166,6.726656,93.133821
267,32,128,32,128,35945,3,3.131392,24.988672,1,25.05728,4.216832,29.274112
268,32,3190,32,3190,35621,3,10.991616,-1,0,211.125244,12.056576,223.18182
269,32,1149,32,1149,35568,3,5.630976,-1,0,85.643265,6.700032,92.343297
270,32,3191,32,3191,35238,3,10.990592,-1,0,211.954681,12.056576,224.011257
271,32,2170,32,2170,35052,3,8.409088,-1,0,150.049789,9.468928,159.518718
272,32,4212,32,4212,34624,3,13.693952,-1,0,277.929993,14.752768,292.68276
273,32,1149,32,1149,34595,3,5.627904,-1,0,85.636093,6.688768,92.324861
274,32,2170,32,2170,34416,3,8.491008,-1,0,150.926331,9.556992,160.483322
275,32,2170,32,2170,34229,3,8.539136,-1,0,150.938629,9.603072,160.541701
276,32,1149,32,1149,34185,3,5.639168,-1,0,86.039551,6.699008,92.738559
277,32,1149,32,1149,34129,3,5.568512,-1,0,85.345284,6.629376,91.974659
278,32,1149,32,1149,34084,3,5.609472,-1,0,84.878334,6.668288,91.546622
279,32,1149,32,1149,34031,3,5.608448,-1,0,85.40979,6.675456,92.085246
280,32,1149,32,1149,33977,3,5.620736,-1,0,84.974594,6.680576,91.65517
281,32,128,32,128,34066,3,3.10272,24.7808,1,24.841215,4.18304,29.024255
282,32,128,32,128,34149,3,3.079168,24.350719,1,24.418304,4.159488,28.577793
283,32,128,32,128,34228,3,3.058688,24.137728,1,24.204288,4.139008,28.343297
284,32,1149,32,1149,34173,3,5.613568,-1,0,83.426308,6.680576,90.106884
285,32,128,32,128,34264,3,3.105792,24.872959,1,24.934401,4.190208,29.124609
286,32,2169,32,2169,34063,3,8.436736,-1,0,148.947968,9.498624,158.446591
287,32,128,32,128,34138,3,3.110912,24.861696,1,24.929279,4.192256,29.121535
288,32,128,32,128,34209,3,3.075072,24.325121,1,24.395777,4.154368,28.550145
289,32,128,32,128,34288,3,3.053568,23.950336,1,24.016895,4.125696,28.142591
290,32,1149,32,1149,34226,3,5.671936,-1,0,83.554306,6.738944,90.29325
291,32,128,32,128,34309,3,3.108864,24.887297,1,24.953856,4.199424,29.153279
292,32,128,32,128,34398,3,3.078144,24.470528,1,24.543232,4.16256,28.705792
293,32,128,32,128,34472,3,3.050496,24.020992,1,24.087551,4.127744,28.215295
294,32,128,32,128,34554,3,3.050496,23.952385,1,24.019968,4.117504,28.137472
295,32,128,32,128,34630,3,3.054592,23.963648,1,24.029184,4.134912,28.164096
296,32,128,32,128,34709,3,3.042304,23.922688,1,23.990273,4.114432,28.104704
297,32,128,32,128,34795,3,3.05152,23.886848,1,23.952385,4.12672,28.079105
298,32,128,32,128,34875,3,3.044352,23.872513,1,23.940096,4.117504,28.0576
299,32,128,32,128,34955,3,3.039232,23.878656,1,23.944193,4.1216,28.065793
300,32,128,32,128,35032,3,3.04128,23.840769,1,23.907328,4.114432,28.02176
301,32,128,32,128,35114,3,3.045376,23.844864,1,23.912449,4.119552,28.032001
302,32,128,32,128,35194,3,3.038208,23.84384,1,23.909376,4.113408,28.022784
303,32,128,32,128,35277,3,3.047424,23.826431,1,23.892992,4.122624,28.015616
304,32,128,32,128,35347,3,3.040256,23.864321,1,23.931904,4.11136,28.043264
305,32,128,32,128,35415,3,3.038208,23.848961,1,23.91552,4.120576,28.036096
306,32,128,32,128,35497,3,3.045376,23.847937,1,23.91552,4.112384,28.027904
307,32,128,32,128,35588,3,3.045376,23.856129,1,23.921663,4.1216,28.043263
308,32,128,32,128,35665,3,3.038208,23.865343,1,23.93088,4.114432,28.045311
309,32,128,32,128,35754,3,3.043328,23.873535,1,23.938047,4.119552,28.0576
310,32,128,32,128,35824,3,3.045376,23.858175,1,23.926785,4.125696,28.052481
311,32,128,32,128,35906,3,3.054592,23.896065,1,23.960575,4.128768,28.089343
312,32,128,32,128,35985,3,3.0464,23.901184,1,23.967745,4.1216,28.089345
313,32,128,32,128,36053,3,3.047424,23.909376,1,23.974913,4.1216,28.096513
314,32,1149,32,1149,36000,3,5.623808,-1,0,83.563522,6.6816,90.245122
315,32,2169,32,2169,35815,3,8.410112,-1,0,149.724167,9.464832,159.188999
316,32,128,32,128,35897,3,3.109888,24.916992,1,24.986624,4.191232,29.177856
317,32,1149,32,1149,35846,3,5.706752,-1,0,85.17939,6.765568,91.944958
318,32,3190,32,3190,35547,3,11.076608,-1,0,213.425156,12.1344,225.559556
319,32,2169,32,2169,35374,3,8.54016,-1,0,151.515137,9.604096,161.119233
320,32,1149,32,1149,35323,3,5.622784,-1,0,85.920769,6.6816,92.602369
321,32,128,32,128,35396,3,3.11296,24.956928,1,25.024511,4.199424,29.223935
322,32,128,32,128,35467,3,3.089408,24.608768,1,24.677376,4.166656,28.844032
323,32,128,32,128,35553,3,3.057664,24.269823,1,24.332289,4.125696,28.457985
324,32,2170,32,2170,35353,3,8.465408,-1,0,148.679688,9.520128,158.199816
325,32,2170,32,2170,35168,3,8.41728,-1,0,150.183929,9.479168,159.663097
326,32,3191,32,3191,34822,3,10.994688,-1,0,211.501053,12.050432,223.551485
327,32,2170,32,2170,34611,3,8.491008,-1,0,150.526978,9.552896,160.079873
328,32,2170,32,2170,34419,3,8.569856,-1,0,152.038406,9.636864,161.67527
329,32,3190,32,3190,34104,3,11.017216,-1,0,213.038086,12.07808,225.116166
330,32,1149,32,1149,34050,3,5.612544,-1,0,85.550079,6.672384,92.222463
331,32,128,32,128,34135,3,3.09248,24.752129,1,24.820736,4.182016,29.002752
332,32,128,32,128,34213,3,3.067904,24.342527,1,24.412161,4.148224,28.560385
333,32,1149,32,1149,34161,3,5.687296,-1,0,83.929085,6.750208,90.679293
334,32,128,32,128,34251,3,3.125248,25.084929,1,25.146368,4.207616,29.353984
335,32,1149,32,1149,34192,3,5.639168,-1,0,84.44416,6.701056,91.145216
336,32,128,32,128,34270,3,3.10784,24.905727,1,24.976383,4.191232,29.167615
337,32,1149,32,1149,34214,3,5.612544,-1,0,84.265984,6.670336,90.936319
338,32,128,32,128,34283,3,3.111936,24.895489,1,24.961023,4.199424,29.160447
339,32,1149,32,1149,34230,3,5.636096,-1,0,84.742142,6.70208,91.444221
340,32,128,32,128,34322,3,3.098624,24.775681,1,24.845312,4.178944,29.024256
341,32,1149,32,1149,34276,3,5.64224,-1,0,84.091904,6.704128,90.796031
342,32,128,32,128,34363,3,3.09248,24.809471,1,24.879105,4.168704,29.047809
343,32,128,32,128,34451,3,3.070976,24.382463,1,24.442881,4.15232,28.595201
344,32,1148,32,1148,34400,3,5.59616,-1,0,83.46624,6.652928,90.119168
345,32,128,32,128,34483,3,3.106816,24.820736,1,24.881151,4.191232,29.072383
346,32,128,32,128,34557,3,3.080192,24.393728,1,24.462336,4.159488,28.621824
347,32,128,32,128,34639,3,3.047424,24.101889,1,24.168447,4.123648,28.292096
348,32,1149,32,1149,34596,3,5.690368,-1,0,83.569664,6.761472,90.331136
349,32,128,32,128,34666,3,3.099648,24.98048,1,25.050112,4.187136,29.237248
350,32,128,32,128,34733,3,3.07712,24.479744,1,24.549376,4.161536,28.710912
351,32,128,32,128,34809,3,3.054592,24.060928,1,24.127487,4.129792,28.257279
352,32,128,32,128,34883,3,3.053568,23.929855,1,23.996416,4.134912,28.131328
353,32,128,32,128,34963,3,3.048448,23.92576,1,23.991297,4.132864,28.124161
354,32,128,32,128,35048,3,3.039232,23.862272,1,23.919617,4.115456,28.035073
355,32,128,32,128,35126,3,3.043328,23.821312,1,23.878656,4.115456,27.994112
356,32,128,32,128,35195,3,3.044352,23.817217,1,23.885824,4.12672,28.012544
357,32,128,32,128,35264,3,3.039232,23.840769,1,23.908352,4.115456,28.023808
358,32,128,32,128,35341,3,3.038208,23.82336,1,23.890944,4.11648,28.007423
359,32,128,32,128,35419,3,3.042304,23.841791,1,23.908352,4.114432,28.022784
360,32,128,32,128,35498,3,3.043328,23.865343,1,23.931904,4.118528,28.050432
361,32,128,32,128,35566,3,3.050496,23.835648,1,23.90016,4.125696,28.025856
362,32,128,32,128,35640,3,3.042304,23.84384,1,23.9104,4.118528,28.028928
363,32,128,32,128,35716,3,3.033088,23.840769,1,23.908352,4.114432,28.022784
364,32,128,32,128,35798,3,3.043328,23.836672,1,23.904257,4.122624,28.026881
365,32,128,32,128,35878,3,3.048448,23.883776,1,23.946239,4.127744,28.073984
366,32,128,32,128,35949,3,3.045376,23.899136,1,23.965696,4.123648,28.089345
367,32,1149,32,1149,35902,3,5.673984,-1,0,83.685379,6.736896,90.422275
368,32,128,32,128,35975,3,3.13856,25.056255,1,25.121792,4.225024,29.346816
369,32,1149,32,1149,35906,3,5.697536,-1,0,84.409348,6.76352,91.172867
370,32,2170,32,2170,35721,3,8.45824,-1,0,151.890945,9.522176,161.413121
371,32,2170,32,2170,35550,3,8.548352,-1,0,152.182785,9.607168,161.789953
372,32,2170,32,2170,35376,3,8.501248,-1,0,150.473724,9.56416,160.037885
373,32,1148,32,1148,35334,3,5.613568,-1,0,85.289986,6.677504,91.96749
374,32,128,32,128,35414,3,3.111936,24.966145,1,25.035776,4.199424,29.2352
375,32,2170,32,2170,35224,3,8.420352,-1,0,149.559296,9.480192,159.039488
376,32,2169,32,2169,35050,3,8.416256,-1,0,149.733383,9.480192,159.213575
377,32,128,32,128,35124,3,3.11296,24.835072,1,24.903681,4.191232,29.094913
378,32,4211,32,4211,34686,3,13.684736,-1,0,277.660675,14.743552,292.404227
379,32,2170,32,2170,34499,3,8.406016,-1,0,150.855682,9.468928,160.324611
380,32,3190,32,3190,34213,3,10.970112,-1,0,212.630524,12.030976,224.6615
381,32,128,32,128,34299,3,3.101696,24.922112,1,24.984575,4.185088,29.169663
382,32,128,32,128,34381,3,3.073024,24.395777,1,24.455168,4.1472,28.602368
383,32,128,32,128,34452,3,3.053568,24.09984,1,24.166401,4.125696,28.292097
384,32,128,32,128,34529,3,3.06176,23.993343,1,24.061953,4.143104,28.205057
385,32,2170,32,2170,34359,3,8.423424,-1,0,149.276672,9.486336,158.763008
386,32,1148,32,1148,34304,3,5.610496,-1,0,84.728828,6.674432,91.40326
387,32,128,32,128,34403,3,3.103744,24.849407,1,24.918016,4.18816,29.106176
388,32,128,32,128,34488,3,3.083264,24.4224,1,24.491009,4.168704,28.659713
389,32,1149,32,1149,34433,3,5.620736,-1,0,83.94957,6.683648,90.633218
390,32,1149,32,1149,34379,3,5.619712,-1,0,84.995071,6.682624,91.677695
391,32,1149,32,1149,34324,3,5.598208,-1,0,85.263359,6.657024,91.920383
392,32,128,32,128,34399,3,3.11296,24.777727,1,24.847361,4.1984,29.045761
393,32,1133,32,1133,34362,3,5.629952,-1,0,84.332542,6.692864,91.025406
394,32,128,32,128,34455,3,3.115008,24.872959,1,24.940544,4.20352,29.144064
395,32,128,32,128,34527,3,3.074048,24.412161,1,24.479744,4.153344,28.633088
396,32,128,32,128,34601,3,3.048448,24.041471,1,24.107008,4.1216,28.228608
397,32,128,32,128,34681,3,3.043328,23.865343,1,23.931904,4.117504,28.049408
398,32,1149,32,1149,34618,3,5.701632,-1,0,84.501503,6.767616,91.269119
399,32,128,32,128,34694,3,3.141632,25.021441,1,25.091072,4.226048,29.31712
400,32,128,32,128,34780,3,3.065856,24.36096,1,24.429567,4.13696,28.566527
401,32,1149,32,1149,34726,3,5.622784,-1,0,83.660797,6.682624,90.343421
402,32,128,32,128,34802,3,3.108864,24.827904,1,24.897535,4.190208,29.087743
403,32,128,32,128,34867,3,3.084288,24.435713,1,24.481792,4.164608,28.6464
404,32,128,32,128,34941,3,3.06176,24.180737,1,24.241152,4.140032,28.381184
405,32,128,32,128,35024,3,3.054592,24.005632,1,24.062977,4.13184,28.194817
406,32,1149,32,1149,34961,3,5.66272,-1,0,83.632126,6.726656,90.358782
407,32,128,32,128,35037,3,3.1232,24.963072,1,25.024511,4.204544,29.229055
408,32,128,32,128,35118,3,3.081216,24.389631,1,24.458241,4.165632,28.623872
409,32,128,32,128,35186,3,3.060736,24.139776,1,24.206335,4.140032,28.346367
410,32,128,32,128,35264,3,3.06176,24.01792,1,24.086529,4.135936,28.222465
411,32,128,32,128,35343,3,3.060736,24.056831,1,24.116224,4.1472,28.263424
412,32,1149,32,1149,35299,3,5.666816,-1,0,84.15744,6.7328,90.89024
413,32,128,32,128,35365,3,3.13344,24.941568,1,25.0112,4.212736,29.223936
414,32,128,32,128,35437,3,3.060736,24.469503,1,24.538113,4.141056,28.679169
415,32,128,32,128,35509,3,3.050496,24.04352,1,24.110081,4.123648,28.233729
416,32,128,32,128,35582,3,3.055616,23.983105,1,24.051712,4.128768,28.18048
417,32,128,32,128,35658,3,3.060736,23.988224,1,24.054785,4.140032,28.194817
418,32,1149,32,1149,35610,3,5.62176,-1,0,83.291138,6.689792,89.98093
419,32,1149,32,1149,35558,3,5.620736,-1,0,85.371902,6.682624,92.054526
420,32,1149,32,1149,35514,3,5.625856,-1,0,85.013504,6.692864,91.706368
421,32,1149,32,1149,35468,3,5.66784,-1,0,85.508095,6.734848,92.242943
422,32,2170,32,2170,35300,3,8.413184,-1,0,151.372803,9.475072,160.847875
423,32,1149,32,1149,35248,3,5.691392,-1,0,85.813248,6.7584,92.571648
424,32,3191,32,3191,34953,3,11.085824,-1,0,214.659073,12.147712,226.806785
425,32,1149,32,1149,34895,3,5.618688,-1,0,86.008835,6.684672,92.693507
426,32,2170,32,2170,34704,3,8.40704,-1,0,149.923843,9.472,159.395844
427,32,128,32,128,34787,3,3.099648,24.798208,1,24.866816,4.184064,29.050879
428,32,1149,32,1149,34727,3,5.668864,-1,0,84.287491,6.72768,91.015171
429,32,1149,32,1149,34679,3,5.62688,-1,0,85.572609,6.685696,92.258305
430,32,1149,32,1149,34633,3,5.634048,-1,0,85.499901,6.693888,92.193789
431,32,1149,32,1149,34569,3,5.614592,-1,0,85.4272,6.679552,92.106752
432,32,128,32,128,34655,3,3.105792,24.884224,1,24.945663,4.19328,29.138944
433,32,128,32,128,34741,3,3.07712,24.496128,1,24.563711,4.161536,28.725247
434,32,1149,32,1149,34715,3,5.656576,-1,0,83.655678,6.720512,90.37619
435,32,2169,32,2169,34515,3,8.48384,-1,0,151.204865,9.545728,160.750592
436,32,1149,32,1149,34467,3,5.613568,-1,0,85.555199,6.678528,92.233727
437,32,128,32,128,34552,3,3.096576,24.763391,1,24.832001,4.176896,29.008897
438,32,1149,32,1149,34513,3,5.668864,-1,0,84.08474,6.734848,90.819588
439,32,128,32,128,34592,3,3.120128,24.976383,1,25.044992,4.209664,29.254656
440,32,1149,32,1149,34546,3,5.630976,-1,0,84.453377,6.692864,91.146241
441,32,128,32,128,34634,3,3.127296,24.872959,1,24.941568,4.214784,29.156353
442,32,1149,32,1149,34574,3,5.612544,-1,0,84.455421,6.677504,91.132926
443,32,2169,32,2169,34390,3,8.484864,-1,0,149.672958,9.547776,159.220735
444,32,128,32,128,34476,3,3.121152,24.868864,1,24.93952,4.204544,29.144064
445,32,128,32,128,34558,3,3.062784,24.4224,1,24.493055,4.137984,28.631039
446,32,1149,32,1149,34513,3,5.661696,-1,0,83.633148,6.725632,90.35878
447,32,128,32,128,34591,3,3.104768,24.902657,1,24.973312,4.185088,29.158401
448,32,128,32,128,34673,3,3.088384,24.525824,1,24.584192,4.16768,28.751872
449,32,128,32,128,34747,3,3.058688,24.081408,1,24.150017,4.132864,28.282881
450,32,128,32,128,34821,3,3.055616,24.045568,1,24.113152,4.135936,28.249087
451,32,128,32,128,34893,3,3.055616,24.031233,1,24.097792,4.129792,28.227584
452,32,128,32,128,34963,3,3.03616,23.93088,1,23.995392,4.112384,28.107776
453,32,128,32,128,35042,3,3.049472,23.906303,1,23.973888,4.125696,28.099585
454,32,1149,32,1149,34978,3,5.6576,-1,0,83.793922,6.719488,90.513411
455,32,1149,32,1149,34910,3,5.675008,-1,0,85.753853,6.742016,92.495869
456,32,128,32,128,34974,3,3.108864,24.887297,1,24.955904,4.195328,29.151232
457,32,1149,32,1149,34935,3,5.690368,-1,0,84.501503,6.7584,91.259903
458,32,1149,32,1149,34854,3,5.610496,-1,0,85.75795,6.675456,92.433406
459,32,128,32,128,34937,3,3.10784,24.766464,1,24.828928,4.19328,29.022208
460,32,128,32,128,35009,3,3.07712,24.395777,1,24.46336,4.158464,28.621824
461,32,1149,32,1149,34959,3,5.635072,-1,0,83.979263,6.690816,90.670079
462,32,128,32,128,35029,3,3.125248,24.880129,1,24.948736,4.21376,29.162496
463,32,128,32,128,35105,3,3.072,24.390656,1,24.461311,4.158464,28.619775
464,32,128,32,128,35183,3,3.05152,24.047615,1,24.114176,4.13696,28.251136
465,32,128,32,128,35254,3,3.045376,23.857153,1,23.917568,4.120576,28.038144
466,32,128,32,128,35332,3,3.034112,23.830528,1,23.896065,4.112384,28.008449
467,32,128,32,128,35411,3,3.033088,23.840769,1,23.905279,4.115456,28.020735
468,32,128,32,128,35483,3,3.05664,23.964672,1,24.031233,4.12672,28.157953
469,32,1149,32,1149,35441,3,5.711872,-1,0,84.284416,6.781952,91.066368
470,32,128,32,128,35522,3,3.126272,25.190399,1,25.261057,4.20864,29.469697
471,32,1148,32,1148,35472,3,5.610496,-1,0,84.087807,6.672384,90.76019
472,32,3190,32,3190,35169,3,10.9824,-1,0,210.960388,12.04224,223.002628
473,32,128,32,128,35247,3,3.11296,25.020416,1,25.089024,4.195328,29.284352
474,32,1149,32,1149,35196,3,5.705728,-1,0,84.472832,6.76864,91.241472
475,32,128,32,128,35273,3,3.119104,25.063423,1,25.132032,4.205568,29.3376
476,32,1149,32,1149,35209,3,5.618688,-1,0,84.706306,6.677504,91.383811
477,32,1117,32,1117,35147,3,5.654528,-1,0,85.300224,6.721536,92.02176
478,32,128,32,128,35226,3,3.129344,24.963072,1,25.032703,4.21376,29.246463
479,32,1148,32,1148,35168,3,5.659648,-1,0,84.217857,6.724608,90.942465
480,32,2170,32,2170,34997,3,8.409088,-1,0,150.727676,9.475072,160.202748
481,32,1149,32,1149,34924,3,5.614592,-1,0,85.394432,6.680576,92.075008
482,32,128,32,128,35000,3,3.100672,24.823809,1,24.892416,4.18304,29.075456
483,32,1148,32,1148,34935,3,5.627904,-1,0,83.827713,6.69696,90.524673
484,32,128,32,128,35020,3,3.103744,24.903681,1,24.972288,4.18816,29.160448
485,32,1149,32,1149,34963,3,5.625856,-1,0,84.316162,6.687744,91.003906
486,32,128,32,128,35029,3,3.11808,24.863745,1,24.930304,4.20864,29.138944
487,32,1149,32,1149,34963,3,5.69344,-1,0,84.633598,6.762496,91.396094
488,32,1149,32,1149,34921,3,5.619712,-1,0,85.75898,6.683648,92.442628
489,32,2170,32,2170,34722,3,8.471552,-1,0,151.08403,9.530368,160.614398
490,32,1149,32,1149,34658,3,5.619712,-1,0,85.399551,6.690816,92.090367
491,32,128,32,128,34735,3,3.094528,24.781824,1,24.85248,4.18304,29.03552
492,32,128,32,128,34808,3,3.067904,24.403969,1,24.472576,4.139008,28.611584
493,32,128,32,128,34891,3,3.05664,24.120319,1,24.187904,4.132864,28.320768
494,32,2170,32,2170,34699,3,8.48896,-1,0,148.823044,9.547776,158.37082
495,32,128,32,128,34784,3,3.0976,25.004032,1,25.066496,4.17792,29.244416
496,32,128,32,128,34865,3,3.070976,24.380417,1,24.449024,4.1472,28.596224
497,32,1149,32,1149,34808,3,5.663744,-1,0,83.788803,6.728704,90.517507
498,32,1149,32,1149,34745,3,5.634048,-1,0,85.997566,6.693888,92.691454
499,32,1149,32,1149,34701,3,5.620736,-1,0,85.115906,6.683648,91.799554
500,32,128,32,128,34784,3,3.1232,24.886272,1,24.955904,4.206592,29.162496
501,32,128,32,128,34855,3,3.070976,24.482817,1,24.551424,4.15744,28.708864
502,32,1149,32,1149,34774,3,5.615616,-1,0,84.114433,6.67648,90.790913
503,32,1149,32,1149,34742,3,5.634048,-1,0,84.98278,6.699008,91.681788
504,32,128,32,128,34830,3,3.104768,24.876032,1,24.937471,4.195328,29.1328
505,32,1149,32,1149,34768,3,5.666816,-1,0,84.442116,6.72768,91.169796
506,32,128,32,128,34848,3,3.122176,25.022465,1,25.083904,4.210688,29.294592
507,32,1149,32,1149,34802,3,5.649408,-1,0,84.472832,6.715392,91.188224
508,32,1148,32,1148,34749,3,5.61152,-1,0,85.342209,6.673408,92.015617
509,32,128,32,128,34832,3,3.10784,24.804352,1,24.871937,4.196352,29.068289
510,32,128,32,128,34910,3,3.064832,24.36096,1,24.428543,4.145152,28.573695
511,32,128,32,128,34981,3,3.050496,24.048639,1,24.114176,4.129792,28.243968
512,32,128,32,128,35056,3,3.059712,23.996416,1,24.068096,4.134912,28.203008
513,32,128,32,128,35130,3,3.05664,24.014849,1,24.073215,4.14208,28.215295
514,32,1149,32,1149,35059,3,5.670912,-1,0,83.899391,6.736896,90.636287
515,32,128,32,128,35137,3,3.120128,25.023487,1,25.083904,4.205568,29.289472
516,32,128,32,128,35211,3,3.088384,24.521729,1,24.590336,4.171776,28.762112
517,32,128,32,128,35286,3,3.065856,24.224768,1,24.292353,4.143104,28.435457
518,32,128,32,128,35349,3,3.068928,24.098816,1,24.166401,4.149248,28.315649
519,32,1149,32,1149,35289,3,5.618688,-1,0,83.672066,6.6816,90.353666
520,32,1148,32,1148,35217,3,5.63712,-1,0,85.405693,6.697984,92.103677
521,32,2170,32,2170,35034,3,8.411136,-1,0,150.128647,9.475072,159.603719
522,32,128,32,128,35108,3,3.106816,24.890368,1,24.951809,4.192256,29.144065
523,32,1149,32,1149,35079,3,5.623808,-1,0,84.202499,6.683648,90.886147
524,32,128,32,128,35153,3,3.09248,24.754175,1,24.823809,4.170752,28.994561
525,32,128,32,128,35234,3,3.070976,24.309759,1,24.378368,4.164608,28.542976
526,32,128,32,128,35324,3,3.053568,24.097792,1,24.163328,4.133888,28.297216
527,32,2170,32,2170,35146,3,8.502272,-1,0,149.812225,9.563136,159.375361
528,32,128,32,128,35221,3,3.10784,25.05216,1,25.120768,4.18816,29.308928
529,32,128,32,128,35302,3,3.081216,24.483841,1,24.547329,4.159488,28.706817
530,32,1149,32,1149,35256,3,5.700608,-1,0,83.955711,6.761472,90.717184
531,32,2168,32,2168,35058,3,8.389632,-1,0,150.745087,9.454592,160.199678
532,32,2170,32,2170,34881,3,8.413184,-1,0,149.903366,9.472,159.375366
533,32,1149,32,1149,34847,3,5.615616,-1,0,85.390335,6.680576,92.070911
534,32,128,32,128,34938,3,3.095552,24.7808,1,24.851456,4.179968,29.031424
535,32,128,32,128,35019,3,3.068928,24.347649,1,24.414207,4.1472,28.561408
536,32,128,32,128,35114,3,3.058688,24.066048,1,24.132608,4.139008,28.271616
537,32,128,32,128,35182,3,3.049472,24.026112,1,24.091648,4.133888,28.225536
538,32,2170,32,2170,34990,3,8.449024,-1,0,149.256195,9.511936,158.768131
539,32,128,32,128,35077,3,3.105792,24.964096,1,25.025536,4.185088,29.210624
540,32,2170,32,2170,34900,3,8.505344,-1,0,149.87674,9.570304,159.447043
541,32,3191,32,3191,34587,3,10.9824,-1,0,212.280319,12.04736,224.32768
542,32,128,32,128,34672,3,3.117056,24.962048,1,25.032703,4.204544,29.237247
543,32,1149,32,1149,34632,3,5.620736,-1,0,84.19635,6.677504,90.873854
544,32,1149,32,1149,34562,3,5.63712,-1,0,85.088257,6.70208,91.790337
545,32,128,32,128,34646,3,3.121152,24.882175,1,24.943617,4.207616,29.151233
546,32,128,32,128,34731,3,3.083264,24.511488,1,24.571903,4.15744,28.729343
547,32,128,32,128,34816,3,3.06176,24.203264,1,24.267776,4.16256,28.430336
548,32,1149,32,1149,34760,3,5.665792,-1,0,83.908607,6.734848,90.643456
549,32,128,32,128,34837,3,3.105792,25.061377,1,25.122816,4.184064,29.30688
550,32,128,32,128,34930,3,3.086336,24.485888,1,24.555519,4.163584,28.719103
551,32,128,32,128,35000,3,3.053568,24.088575,1,24.159231,4.129792,28.289023
552,32,1149,32,1149,34944,3,5.664768,-1,0,83.683327,6.72768,90.411007
553,32,128,32,128,35026,3,3.113984,24.8832,1,24.952831,4.199424,29.152255
554,32,1149,32,1149,34952,3,5.618688,-1,0,84.197372,6.67648,90.873852
555,32,2170,32,2170,34770,3,8.414208,-1,0,149.972992,9.474048,159.44704
556,32,2170,32,2170,34564,3,8.4992,-1,0,151.095291,9.565184,160.660475
557,32,128,32,128,34645,3,3.125248,24.9088,1,24.979456,4.206592,29.186048
558,32,128,32,128,34717,3,3.068928,24.4224,1,24.491009,4.1472,28.638209
559,32,128,32,128,34798,3,3.057664,24.114176,1,24.180737,4.134912,28.315649
560,32,1149,32,1149,34726,3,5.694464,-1,0,84.524033,6.7584,91.282433
561,32,128,32,128,34810,3,3.119104,24.95488,1,25.025536,4.202496,29.228032
562,32,128,32,128,34896,3,3.067904,24.375296,1,24.442881,4.1472,28.590081
563,32,128,32,128,34969,3,3.054592,24.102913,1,24.170496,4.13184,28.302336
564,32,1149,32,1149,34903,3,5.666816,-1,0,83.629059,6.72768,90.356739
565,32,128,32,128,34984,3,3.120128,25.009151,1,25.070593,4.205568,29.276161
566,32,128,32,128,35051,3,3.086336,24.487936,1,24.555519,4.166656,28.722175
567,32,1101,32,1101,35005,3,5.609472,-1,0,83.359741,6.679552,90.039293
568,32,128,32,128,35092,3,3.11808,24.841215,1,24.900608,4.194304,29.094912
569,32,128,32,128,35169,3,3.070976,24.428543,1,24.495104,4.159488,28.654592
570,32,128,32,128,35259,3,3.06688,24.200191,1,24.266752,4.148224,28.414976
571,32,1149,32,1149,35207,3,5.671936,-1,0,83.859459,6.736896,90.596355
572,32,1149,32,1149,35156,3,5.62176,-1,0,85.529602,6.685696,92.215298
573,32,128,32,128,35250,3,3.132416,24.844288,1,24.912895,4.221952,29.134847
574,32,1149,32,1149,35207,3,5.650432,-1,0,84.637695,6.710272,91.347967
575,32,1149,32,1149,35137,3,5.614592,-1,0,84.981758,6.67648,91.658238
576,32,1149,32,1149,35068,3,5.625856,-1,0,85.357567,6.684672,92.042239
577,32,128,32,128,35159,3,3.11808,24.807425,1,24.873983,4.1984,29.072383
578,32,128,32,128,35245,3,3.079168,24.400896,1,24.460287,4.155392,28.615679
579,32,128,32,128,35324,3,3.05152,24.107008,1,24.173569,4.128768,28.302337
580,32,1149,32,1149,35259,3,5.697536,-1,0,83.950592,6.764544,90.715136
581,32,128,32,128,35336,3,3.136512,25.054209,1,25.124865,4.224,29.348865
582,32,2170,32,2170,35163,3,8.582144,-1,0,149.496826,9.648128,159.144954
583,32,1149,32,1149,35122,3,5.679104,-1,0,86.461441,6.742016,93.203457
584,32,128,32,128,35205,3,3.126272,24.989697,1,25.059328,4.20864,29.267968
585,32,4212,32,4212,34741,3,13.708288,-1,0,277.858307,14.764032,292.622339
586,32,128,32,128,34830,3,3.119104,24.938496,1,25.005056,4.20864,29.213696
587,32,2170,32,2170,34661,3,8.410112,-1,0,149.458939,9.470976,158.929914
588,32,128,32,128,34747,3,3.119104,24.794111,1,24.864767,4.202496,29.067263
589,32,1149,32,1149,34695,3,5.61664,-1,0,84.116478,6.680576,90.797054
590,32,1149,32,1149,34635,3,5.629952,-1,0,85.184509,6.692864,91.877373
591,32,1149,32,1149,34581,3,5.603328,-1,0,85.56237,6.667264,92.229634
592,32,1149,32,1149,34520,3,5.733376,-1,0,85.260284,6.795264,92.055548
593,32,128,32,128,34593,3,3.129344,25.138176,1,25.207808,4.209664,29.417471
594,32,1149,32,1149,34542,3,5.629952,-1,0,84.566017,6.69184,91.257857
595,32,1149,32,1149,34479,3,5.619712,-1,0,85.582848,6.677504,92.260352
596,32,1149,32,1149,34447,3,5.692416,-1,0,85.361664,6.75328,92.114944
597,32,1149,32,1149,34397,3,5.656576,-1,0,86.764542,6.72256,93.487102
598,32,128,32,128,34472,3,3.099648,24.786943,1,24.856577,4.182016,29.038593
599,32,128,32,128,34551,3,3.080192,24.374271,1,24.442881,4.168704,28.611585
600,32,128,32,128,34624,3,3.053568,24.117249,1,24.184832,4.127744,28.312576
601,32,128,32,128,34708,3,3.057664,23.948288,1,24.014849,4.133888,28.148736
602,32,128,32,128,34790,3,3.05664,23.937023,1,24.00256,4.13696,28.13952
603,32,128,32,128,34875,3,3.045376,23.951361,1,24.016895,4.1216,28.138495
604,32,128,32,128,34958,3,3.045376,23.875584,1,23.939072,4.124672,28.063744
605,32,128,32,128,35033,3,3.042304,23.888897,1,23.953407,4.115456,28.068863
606,32,2170,32,2170,34875,3,8.402944,-1,0,149.531647,9.462784,158.994431
607,32,1149,32,1149,34826,3,5.61664,-1,0,85.39341,6.6816,92.07501
608,32,1149,32,1149,34775,3,5.625856,-1,0,85.184509,6.685696,91.870205
609,32,128,32,128,34848,3,3.111936,24.808449,1,24.877056,4.196352,29.073408
610,32,128,32,128,34923,3,3.08224,24.379393,1,24.449024,4.163584,28.612608
611,32,128,32,128,34991,3,3.059712,24.121344,1,24.188929,4.134912,28.323841
612,32,1149,32,1149,34935,3,5.720064,-1,0,84.231171,6.784,91.015171
613,32,128,32,128,35013,3,3.131392,25.201664,1,25.263103,4.215808,29.478911
614,32,128,32,128,35087,3,3.089408,24.599552,1,24.669184,4.169728,28.838912
615,32,1149,32,1149,35018,3,5.608448,-1,0,83.520515,6.67136,90.191875
616,32,2169,32,2169,34836,3,8.485888,-1,0,150.916092,9.551872,160.467964
617,32,1149,32,1149,34780,3,5.66272,-1,0,86.341629,6.729728,93.071357
618,32,128,32,128,34871,3,3.110912,24.915968,1,24.982529,4.192256,29.174785
619,32,1149,32,1149,34816,3,5.613568,-1,0,84.193283,6.674432,90.867715
620,32,128,32,128,34898,3,3.113984,24.911873,1,24.971264,4.199424,29.170688
621,32,128,32,128,34979,3,3.081216,24.508415,1,24.58112,4.161536,28.742656
622,32,128,32,128,35061,3,3.079168,24.214527,1,24.272896,4.159488,28.432384
623,32,128,32,128,35136,3,3.059712,24.039425,1,24.107008,4.134912,28.24192
624,32,128,32,128,35208,3,3.0464,23.967745,1,24.032255,4.123648,28.155903
625,32,1149,32,1149,35152,3,5.69344,-1,0,84.047874,6.761472,90.809347
626,32,2170,32,2170,34978,3,8.415232,-1,0,150.591492,9.481216,160.072708
627,32,128,32,128,35066,3,3.108864,24.788992,1,24.848385,4.187136,29.035521
628,32,128,32,128,35157,3,3.068928,24.334335,1,24.40192,4.143104,28.545024
629,32,128,32,128,35233,3,3.053568,24.093697,1,24.154112,4.127744,28.281856
630,32,128,32,128,35311,3,3.053568,23.975937,1,24.036352,4.130816,28.167168
631,32,128,32,128,35391,3,3.05664,23.985151,1,24.052736,4.134912,28.187648
632,32,128,32,128,35469,3,3.044352,23.917568,1,23.985151,4.122624,28.107775
633,32,1149,32,1149,35426,3,5.686272,-1,0,84.107262,6.74816,90.855422
634,32,1148,32,1148,35362,3,5.609472,-1,0,85.694466,6.673408,92.367874
635,32,128,32,128,35436,3,3.103744,24.865791,1,24.925184,4.18304,29.108224
636,32,3191,32,3191,35122,3,10.986496,-1,0,210.549759,12.049408,222.599167
637,32,1149,32,1149,35059,3,5.675008,-1,0,86.391808,6.744064,93.135871
638,32,4212,32,4212,34631,3,14.06464,-1,0,279.959564,15.13472,295.094284
639,32,128,32,128,34720,3,3.156992,25.317375,1,25.378817,4.243456,29.622272
640,32,128,32,128,34805,3,3.085312,24.614912,1,24.677376,4.15744,28.834816
641,32,1149,32,1149,34747,3,5.639168,-1,0,83.808258,6.704128,90.512386
642,32,128,32,128,34820,3,3.119104,24.961023,1,25.028608,4.207616,29.236224
643,32,1149,32,1149,34773,3,5.61152,-1,0,84.839424,6.672384,91.511808
644,32,128,32,128,34859,3,3.110912,24.919041,1,24.989697,4.196352,29.186049
645,32,128,32,128,34940,3,3.088384,24.48896,1,24.558592,4.16256,28.721152
646,32,128,32,128,35015,3,3.067904,24.14592,1,24.216576,4.144128,28.360703
647,32,2169,32,2169,34819,3,8.402944,-1,0,148.359161,9.462784,157.821945
648,32,1132,32,1132,34749,3,5.60128,-1,0,85.167107,6.67136,91.838467
649,32,128,32,128,34823,3,3.122176,24.832001,1,24.901632,4.202496,29.104128
650,32,128,32,128,34904,3,3.072,24.458241,1,24.526848,4.148224,28.675072
651,32,128,32,128,34975,3,3.062784,24.095743,1,24.162304,4.135936,28.29824
652,32,128,32,128,35050,3,3.037184,23.932928,1,23.999489,4.120576,28.120065
653,32,2170,32,2170,34865,3,8.408064,-1,0,149.212158,9.467904,158.680062
654,32,128,32,128,34956,3,3.101696,24.89344,1,24.962048,4.185088,29.147136
655,32,1149,32,1149,34896,3,5.64736,-1,0,84.501503,6.711296,91.212799
656,32,1148,32,1148,34834,3,5.613568,-1,0,85.354492,6.678528,92.03302
657,32,128,32,128,34917,3,3.126272,24.819712,1,24.888321,4.211712,29.100033
658,32,1149,32,1149,34851,3,5.67296,-1,0,84.357117,6.7328,91.089917
659,32,1149,32,1149,34801,3,5.666816,-1,0,86.386688,6.728704,93.115392
660,32,128,32,128,34887,3,3.100672,24.963072,1,25.023487,4.178944,29.202431
661,32,1149,32,1149,34834,3,5.63712,-1,0,84.704254,6.699008,91.403262
662,32,1148,32,1148,34776,3,5.607424,-1,0,85.208061,6.67648,91.884541
663,32,1149,32,1149,34729,3,5.6576,-1,0,85.579773,6.718464,92.298237
664,32,128,32,128,34805,3,3.121152,24.972288,1,25.04192,4.206592,29.248512
665,32,128,32,128,34882,3,3.078144,24.446976,1,24.516607,4.159488,28.676095
666,32,1149,32,1149,34841,3,5.670912,-1,0,83.570686,6.73792,90.308606
667,32,1149,32,1149,34782,3,5.636096,-1,0,85.929985,6.69696,92.626945
668,32,128,32,128,34876,3,3.113984,24.799232,1,24.858624,4.1984,29.057024
669,32,128,32,128,34956,3,3.08224,24.419329,1,24.482817,4.158464,28.641281
670,32,1149,32,1149,34902,3,5.62176,-1,0,83.845123,6.685696,90.530819
671,32,128,32,128,34980,3,3.10784,24.751104,1,24.819712,4.191232,29.010944
672,32,3191,32,3191,34672,3,10.98752,-1,0,210.258942,12.045312,222.304254
673,32,128,32,128,34746,3,3.10784,24.993792,1,25.056255,4.187136,29.243392
674,32,128,32,128,34837,3,3.079168,24.421375,1,24.480768,4.1728,28.653568
675,32,128,32,128,34912,3,3.06176,24.020992,1,24.087551,4.14208,28.229631
676,32,128,32,128,35000,3,3.05152,23.964672,1,24.030209,4.127744,28.157953
677,32,128,32,128,35073,3,3.047424,23.955456,1,24.024063,4.128768,28.152831
678,32,128,32,128,35151,3,3.027968,23.886848,1,23.952385,4.103168,28.055553
679,32,128,32,128,35220,3,3.0464,23.899136,1,23.957504,4.11648,28.073984
680,32,2170,32,2170,35038,3,8.497152,-1,0,149.240829,9.56416,158.80499
681,32,128,32,128,35119,3,3.117056,24.900608,1,24.962048,4.195328,29.157376
682,32,1149,32,1149,35074,3,5.641216,-1,0,84.476929,6.708224,91.185153
683,32,2170,32,2170,34886,3,8.41216,-1,0,150.12352,9.469952,159.593472
684,32,128,32,128,34960,3,3.1232,24.840193,1,24.900608,4.20864,29.109248
685,32,1149,32,1149,34898,3,5.63712,-1,0,84.283394,6.694912,90.978306
686,32,128,32,128,34980,3,3.12832,24.856577,1,24.92416,4.210688,29.134848
687,32,128,32,128,35060,3,3.083264,24.487936,1,24.555519,4.15744,28.712959
688,32,1148,32,1148,35019,3,5.664768,-1,0,83.650558,6.733824,90.384382
689,32,2170,32,2170,34841,3,8.485888,-1,0,151.18541,9.54368,160.72909
690,32,128,32,128,34913,3,3.109888,24.941568,1,25.012224,4.211712,29.223936
691,32,1149,32,1149,34871,3,5.61152,-1,0,84.189186,6.672384,90.86157
692,32,2169,32,2169,34683,3,8.402944,-1,0,149.640198,9.46688,159.107078
693,32,128,32,128,34757,3,3.11808,24.761345,1,24.82176,4.205568,29.027328
694,32,1149,32,1149,34720,3,5.639168,-1,0,84.297729,6.705152,91.002882
695,32,128,32,128,34807,3,3.127296,24.897535,1,24.966145,4.210688,29.176833
696,32,128,32,128,34890,3,3.085312,24.530945,1,24.59136,4.16768,28.75904
697,32,1149,32,1149,34832,3,5.670912,-1,0,83.88813,6.738944,90.627074
698,32,1149,32,1149,34771,3,5.656576,-1,0,85.659645,6.716416,92.376061
699,32,128,32,128,34852,3,3.1232,24.897535,1,24.967169,4.206592,29.173761
700,32,128,32,128,34931,3,3.067904,24.429567,1,24.497152,4.145152,28.642304
701,32,1148,32,1148,34891,3,5.639168,-1,0,83.573761,6.69696,90.270721
702,32,1149,32,1149,34839,3,5.607424,-1,0,85.364738,6.669312,92.03405
703,32,128,32,128,34936,3,3.110912,24.743937,1,24.807425,4.19328,29.000705
704,32,1149,32,1149,34887,3,5.659648,-1,0,84.408318,6.721536,91.129854
705,32,1149,32,1149,34835,3,5.639168,-1,0,85.626877,6.703104,92.329981
706,32,128,32,128,34924,3,3.101696,24.964096,1,25.031679,4.182016,29.213695
707,32,128,32,128,35008,3,3.085312,24.544256,1,24.604671,4.165632,28.770303
708,32,128,32,128,35096,3,3.059712,24.104959,1,24.17152,4.130816,28.302336
709,32,1149,32,1149,35049,3,5.665792,-1,0,83.849213,6.72768,90.576893
710,32,2170,32,2170,34858,3,8.406016,-1,0,150.049789,9.46688,159.516669
711,32,128,32,128,34941,3,3.108864,24.718336,1,24.786943,4.189184,28.976128
712,32,128,32,128,35025,3,3.069952,24.350719,1,24.409088,4.141056,28.550144
713,32,1149,32,1149,34978,3,5.66784,-1,0,84.105217,6.72768,90.832897
714,32,1149,32,1149,34931,3,5.610496,-1,0,85.420029,6.690816,92.110845
715,32,1149,32,1149,34889,3,5.632,-1,0,85.349373,6.694912,92.044285
716,32,1148,32,1148,34840,3,5.65248,-1,0,85.991425,6.733824,92.725248
717,32,1149,32,1149,34781,3,5.62176,-1,0,85.464066,6.703104,92.16717
718,32,128,32,128,34849,3,3.10784,24.816641,1,24.886272,4.206592,29.092865
719,32,1149,32,1149,34795,3,5.743616,-1,0,85.844994,6.832128,92.677122
720,32,128,32,128,34872,3,3.1232,25.140224,1,25.21088,4.222976,29.433856
721,32,1149,32,1149,34816,3,5.63712,-1,0,84.059135,6.694912,90.754047
722,32,128,32,128,34918,3,3.113984,24.857599,1,24.921087,4.199424,29.120511
723,32,128,32,128,34992,3,3.085312,24.465408,1,24.534016,4.165632,28.699647
724,32,128,32,128,35079,3,3.062784,24.223743,1,24.292353,4.154368,28.446721
725,32,128,32,128,35150,3,3.05664,23.996416,1,24.066048,4.137984,28.204031
726,32,128,32,128,35219,3,3.04128,23.881727,1,23.950336,4.114432,28.064768
727,32,128,32,128,35303,3,3.040256,23.856129,1,23.918592,4.137984,28.056576
728,32,1149,32,1149,35244,3,5.673984,-1,0,83.846146,6.739968,90.586113
729,32,1149,32,1149,35185,3,5.62176,-1,0,85.666817,6.700032,92.366849
730,32,1148,32,1148,35139,3,5.630976,-1,0,84.960258,6.692864,91.653122
731,32,1149,32,1149,35080,3,5.640192,-1,0,85.841919,6.701056,92.542975
732,32,1149,32,1149,35025,3,5.622784,-1,0,85.312515,6.67648,91.988995
733,32,1148,32,1148,34980,3,5.613568,-1,0,85.120003,6.680576,91.800579
734,32,1149,32,1149,34915,3,5.695488,-1,0,85.899261,6.771712,92.670973
735,32,128,32,128,34996,3,3.125248,24.990721,1,25.064447,4.224,29.288447
736,32,128,32,128,35084,3,3.084288,24.561665,1,24.633345,4.160512,28.793857
737,32,128,32,128,35163,3,3.054592,24.229889,1,24.300545,4.153344,28.453889
738,32,1149,32,1149,35105,3,5.720064,-1,0,84.19635,6.787072,90.983422
739,32,1149,32,1149,35043,3,5.663744,-1,0,86.987778,6.729728,93.717506
740,32,1149,32,1149,34992,3,5.627904,-1,0,85.807106,6.690816,92.497922
741,32,128,32,128,35072,3,3.124224,24.931328,1,24.994816,4.232192,29.227008
742,32,128,32,128,35154,3,3.075072,24.403969,1,24.472576,4.161536,28.634112
743,32,128,32,128,35237,3,3.055616,24.177664,1,24.246271,4.153344,28.399615
744,32,1149,32,1149,35175,3,5.67808,-1,0,83.570686,6.745088,90.315774
745,32,128,32,128,35251,3,3.104768,25.071615,1,25.137152,4.184064,29.321216
746,32,3191,32,3191,34910,3,10.990592,-1,0,211.169281,12.076032,223.245313
747,32,2170,32,2170,34720,3,8.443904,-1,0,150.280197,9.501696,159.781893
748,32,128,32,128,34800,3,3.124224,24.855553,1,24.926208,4.207616,29.133824
749,32,1149,32,1149,34761,3,5.619712,-1,0,84.116478,6.699008,90.815486
750,32,128,32,128,34840,3,3.127296,24.824833,1,24.894464,4.210688,29.105153
751,32,128,32,128,34927,3,3.081216,24.500223,1,24.561665,4.163584,28.725249
752,32,128,32,128,35000,3,3.06176,24.180737,1,24.249344,4.130816,28.38016
753,32,2170,32,2170,34810,3,8.542208,-1,0,148.301819,9.604096,157.905915
754,32,1148,32,1148,34754,3,5.607424,-1,0,85.569534,6.665216,92.23475
755,32,128,32,128,34842,3,3.115008,24.82176,1,24.885248,4.197376,29.082624
756,32,128,32,128,34913,3,3.084288,24.379393,1,24.446976,4.185088,28.632064
757,32,128,32,128,34991,3,3.06176,24.150017,1,24.220673,4.150272,28.370944
758,32,2169,32,2169,34790,3,8.47872,-1,0,149.722107,9.54368,159.265787
759,32,128,32,128,34862,3,3.111936,24.801279,1,24.86272,4.195328,29.058049
760,32,128,32,128,34938,3,3.074048,24.372225,1,24.439808,4.158464,28.598272
761,32,128,32,128,35010,3,3.052544,24.113152,1,24.179712,4.123648,28.30336
762,32,128,32,128,35100,3,3.050496,23.901184,1,23.968767,4.125696,28.094463
763,32,1149,32,1149,35037,3,5.608448,-1,0,83.444733,6.670336,90.115068
764,32,1149,32,1149,34988,3,5.639168,-1,0,85.538818,6.704128,92.242946
765,32,3190,32,3190,34686,3,10.994688,-1,0,212.467712,12.053504,224.521216
766,32,128,32,128,34763,3,3.108864,24.9088,1,24.977407,4.19328,29.170688
767,32,128,32,128,34852,3,3.08224,24.392704,1,24.464384,4.160512,28.624896
768,32,128,32,128,34918,3,3.053568,24.139776,1,24.204288,4.128768,28.333056
769,32,1149,32,1149,34860,3,5.661696,-1,0,83.916801,6.723584,90.640386
770,32,128,32,128,34932,3,3.113984,24.967169,1,25.027584,4.202496,29.23008
771,32,128,32,128,35002,3,3.088384,24.539137,1,24.60672,4.173824,28.780544
772,32,1148,32,1148,34959,3,5.624832,-1,0,84.03968,6.685696,90.725377
773,32,1149,32,1149,34895,3,5.669888,-1,0,85.469185,6.731776,92.200961
774,32,128,32,128,34978,3,3.108864,24.984575,1,25.053185,4.18816,29.241344
775,32,128,32,128,35049,3,3.084288,24.508415,1,24.576,4.164608,28.740608
776,32,1149,32,1149,34971,3,5.661696,-1,0,83.899391,6.726656,90.626047
777,32,1149,32,1149,34911,3,5.641216,-1,0,85.675011,6.705152,92.380163
778,32,128,32,128,34992,3,3.109888,24.844288,1,24.912895,4.194304,29.107199
779,32,128,32,128,35086,3,3.073024,24.446976,1,24.517632,4.153344,28.670976
780,32,2170,32,2170,34908,3,8.446976,-1,0,150.000641,9.513984,159.514625
781,32,1149,32,1149,34867,3,5.61152,-1,0,85.354492,6.670336,92.024828
782,32,128,32,128,34950,3,3.105792,24.87808,1,24.938496,4.184064,29.12256
783,32,128,32,128,35040,3,3.083264,24.446976,1,24.507393,4.159488,28.666881
784,32,128,32,128,35126,3,3.063808,24.228865,1,24.287231,4.137984,28.425215
785,32,128,32,128,35204,3,3.06176,24.088575,1,24.157185,4.143104,28.300289
786,32,1149,32,1149,35147,3,5.663744,-1,0,84.183037,6.723584,90.906621
787,32,128,32,128,35243,3,3.11296,24.974337,1,25.035776,4.194304,29.23008
788,32,1149,32,1149,35192,3,5.664768,-1,0,84.343811,6.726656,91.070467
789,32,1149,32,1149,35132,3,5.643264,-1,0,85.762047,6.70208,92.464127
790,32,1149,32,1149,35060,3,5.619712,-1,0,85.267456,6.674432,91.941888
791,32,128,32,128,35140,3,3.098624,24.800257,1,24.869888,4.182016,29.051904
792,32,1149,32,1149,35091,3,5.665792,-1,0,84.358147,6.726656,91.084803
793,32,1149,32,1149,35032,3,5.635072,-1,0,85.793793,6.699008,92.492801
794,32,1149,32,1149,34982,3,5.63712,-1,0,85.455872,6.69696,92.152832
795,32,128,32,128,35065,3,3.121152,24.881151,1,24.945663,4.212736,29.1584
796,32,1149,32,1149,35011,3,5.673984,-1,0,84.21888,6.738944,90.957824
797,32,128,32,128,35087,3,3.131392,24.974337,1,25.044992,4.21888,29.263873
798,32,128,32,128,35177,3,3.076096,24.4736,1,24.532991,4.156416,28.689407
799,32,2170,32,2170,34971,3,8.492032,-1,0,149.072891,9.552896,158.625787
800,32,1149,32,1149,34917,3,5.62688,-1,0,85.614594,6.694912,92.309505
801,32,2170,32,2170,34724,3,8.48896,-1,0,149.925888,9.554944,159.480832
802,32,956,32,956,34691,3,5.351424,-1,0,78.388222,6.408192,84.796414
803,32,128,32,128,34759,3,3.094528,24.611839,1,24.680449,4.175872,28.85632
804,32,128,32,128,34835,3,3.073024,24.257536,1,24.324097,4.1472,28.471297
805,32,128,32,128,34913,3,3.054592,24.051712,1,24.117249,4.12672,28.243968
806,32,1149,32,1149,34865,3,5.68832,-1,0,84.248573,6.751232,90.999805
807,32,128,32,128,34949,3,3.126272,25.013248,1,25.081856,4.212736,29.294592
808,32,1149,32,1149,34900,3,5.620736,-1,0,84.061188,6.6816,90.742788
809,32,1149,32,1149,34817,3,5.68832,-1,0,85.984253,6.754304,92.738557
810,32,128,32,128,34902,3,3.117056,25.100288,1,25.170944,4.200448,29.371392
811,32,128,32,128,34983,3,3.086336,24.500223,1,24.56576,4.161536,28.727296
812,32,128,32,128,35050,3,3.060736,24.144896,1,24.212481,4.140032,28.352512
813,32,1149,32,1149,34982,3,5.62176,-1,0,83.641342,6.684672,90.326014
814,32,1149,32,1149,34931,3,5.617664,-1,0,85.190659,6.67648,91.867138
815,32,1148,32,1148,34891,3,5.617664,-1,0,85.093376,6.679552,91.772928
816,32,2169,32,2169,34702,3,8.403968,-1,0,149.791748,9.467904,159.259652
817,32,1149,32,1149,34642,3,5.658624,-1,0,86.015999,6.72256,92.738559
818,32,128,32,128,34734,3,3.104768,24.848385,1,24.919041,4.185088,29.104129
819,32,1149,32,1149,34690,3,5.692416,-1,0,84.696068,6.757376,91.453444
820,32,128,32,128,34766,3,3.130368,25.04192,1,25.110529,4.215808,29.326337
821,32,128,32,128,34848,3,3.084288,24.438784,1,24.509439,4.165632,28.675071
822,32,128,32,128,34918,3,3.063808,24.14592,1,24.212481,4.145152,28.357633
823,32,128,32,128,35002,3,3.05664,23.959553,1,24.020992,4.154368,28.17536
824,32,128,32,128,35079,3,3.065856,24.020992,1,24.098816,4.161536,28.260352
825,32,1149,32,1149,35021,3,5.671936,-1,0,83.957764,6.733824,90.691587
826,32,128,32,128,35115,3,3.101696,24.944639,1,25.015297,4.204544,29.219841
827,32,2170,32,2170,34928,3,8.413184,-1,0,148.715515,9.495552,158.211067
828,32,128,32,128,35023,3,3.110912,24.853504,1,24.912895,4.187136,29.100031
829,32,1149,32,1149,34962,3,5.63712,-1,0,84.581375,6.699008,91.280383
830,32,1149,32,1149,34914,3,5.641216,-1,0,85.79789,6.709248,92.507138
831,32,128,32,128,34996,3,3.127296,24.907776,1,24.975361,4.21376,29.189121
832,32,2169,32,2169,34806,3,8.443904,-1,0,148.629501,9.50784,158.137341
833,32,1149,32,1149,34757,3,5.619712,-1,0,85.730301,6.680576,92.410877
834,32,1149,32,1149,34716,3,5.709824,-1,0,86.122498,6.77376,92.896257
835,32,128,32,128,34801,3,3.120128,25.152512,1,25.212929,4.224,29.436929
836,32,128,32,128,34872,3,3.084288,24.489985,1,24.551424,4.168704,28.720128
837,32,1149,32,1149,34808,3,5.66272,-1,0,83.530754,6.724608,90.255362
838,32,128,32,128,34885,3,3.121152,24.922112,1,24.984575,4.214784,29.199359
839,32,1149,32,1149,34830,3,5.639168,-1,0,84.423683,6.70208,91.125763
840,32,1149,32,1149,34767,3,5.614592,-1,0,85.437439,6.675456,92.112895
841,32,128,32,128,34847,3,3.115008,24.840193,1,24.907776,4.21376,29.121536
842,32,128,32,128,34924,3,3.083264,24.505344,1,24.566784,4.159488,28.726272
843,32,1149,32,1149,34882,3,5.613568,-1,0,83.945473,6.697984,90.643457
844,32,1149,32,1149,34830,3,5.613568,-1,0,85.356544,6.674432,92.030976
845,32,1149,32,1149,34781,3,5.619712,-1,0,85.352448,6.70208,92.054527
846,32,1149,32,1149,34739,3,5.61152,-1,0,85.354492,6.687744,92.042236
847,32,128,32,128,34817,3,3.105792,24.843264,1,24.903681,4.20864,29.112321
848,32,1149,32,1149,34769,3,5.69856,-1,0,84.391937,6.762496,91.154433
849,32,128,32,128,34850,3,3.146752,25.300991,1,25.370625,4.23936,29.609984
850,32,128,32,128,34932,3,3.101696,24.76544,1,24.82688,4.202496,29.029376
851,32,1149,32,1149,34883,3,5.661696,-1,0,83.718147,6.723584,90.441731
852,32,1149,32,1149,34835,3,5.612544,-1,0,85.515266,6.674432,92.189698
853,32,128,32,128,34922,3,3.113984,24.911873,1,24.98048,4.190208,29.170688
854,32,128,32,128,35004,3,3.085312,24.480768,1,24.548351,4.159488,28.707839
855,32,1149,32,1149,34934,3,5.69344,-1,0,84.142082,6.755328,90.89741
856,32,128,32,128,35018,3,3.105792,24.915968,1,24.9856,4.202496,29.188096
857,32,128,32,128,35115,3,3.078144,24.433664,1,24.501247,4.164608,28.665855
858,32,128,32,128,35184,3,3.06176,24.131584,1,24.199167,4.139008,28.338175
859,32,1149,32,1149,35125,3,5.69344,-1,0,84.110336,6.759424,90.869761
860,32,128,32,128,35213,3,3.11296,25.111551,1,25.174017,4.189184,29.363201
861,32,128,32,128,35286,3,3.081216,24.493055,1,24.554497,4.163584,28.718081
862,32,1149,32,1149,35219,3,5.624832,-1,0,83.718147,6.684672,90.402819
863,32,1149,32,1149,35159,3,5.613568,-1,0,85.329918,6.670336,92.000254
864,32,128,32,128,35241,3,3.124224,24.941568,1,25.012224,4.207616,29.21984
865,32,1149,32,1149,35169,3,5.635072,-1,0,84.384766,6.70208,91.086845
866,32,1149,32,1149,35135,3,5.610496,-1,0,85.553154,6.673408,92.226562
867,32,128,32,128,35216,3,3.110912,24.860672,1,24.930304,4.199424,29.129727
868,32,128,32,128,35294,3,3.078144,24.398848,1,24.468479,4.15232,28.620799
869,32,2170,32,2170,35126,3,8.411136,-1,0,148.982788,9.469952,158.45274
870,32,1149,32,1149,35078,3,5.663744,-1,0,85.467133,6.746112,92.213244
871,32,4211,32,4211,34614,3,13.776896,-1,0,281.125885,14.839808,295.965693
872,32,128,32,128,34701,3,3.125248,25.003008,1,25.064447,4.219904,29.284351
873,32,1149,32,1149,34651,3,5.632,-1,0,84.192253,6.709248,90.901501
874,32,128,32,128,34724,3,3.111936,24.85248,1,24.913919,4.21888,29.1328
875,32,128,32,128,34806,3,3.085312,24.425472,1,24.493055,4.161536,28.654592
876,32,128,32,128,34890,3,3.062784,24.190975,1,24.259584,4.139008,28.398592
877,32,128,32,128,34964,3,3.049472,24.055807,1,24.120319,4.117504,28.237823
878,32,128,32,128,35050,3,3.059712,24.057856,1,24.125441,4.139008,28.264449
879,32,1149,32,1149,34997,3,5.615616,-1,0,83.846146,6.695936,90.542082
880,32,128,32,128,35078,3,3.0976,24.755199,1,24.825855,4.174848,29.000703
881,32,128,32,128,35151,3,3.07712,24.418304,1,24.486912,4.155392,28.642304
882,32,2170,32,2170,34945,3,8.444928,-1,0,149.185532,9.5232,158.708732
883,32,128,32,128,35035,3,3.125248,24.85248,1,24.921087,4.20864,29.129727
884,32,128,32,128,35117,3,3.067904,24.467457,1,24.53504,4.145152,28.680192
885,32,1149,32,1149,35064,3,5.624832,-1,0,83.847168,6.694912,90.54208
886,32,1149,32,1149,35013,3,5.644288,-1,0,85.064705,6.706176,91.770881
887,32,128,32,128,35095,3,3.111936,24.913919,1,24.981504,4.191232,29.172737
888,32,128,32,128,35167,3,3.079168,24.455168,1,24.514561,4.15744,28.672001
889,32,1149,32,1149,35093,3,5.618688,-1,0,83.972099,6.679552,90.651651
890,32,128,32,128,35174,3,3.14368,24.868864,1,24.936447,4.226048,29.162495
891,32,128,32,128,35245,3,3.089408,24.479744,1,24.546305,4.176896,28.723201
892,32,1149,32,1149,35191,3,5.67808,-1,0,84.081665,6.740992,90.822657
893,32,1149,32,1149,35140,3,5.623808,-1,0,86.369278,6.687744,93.057022
894,32,128,32,128,35213,3,3.131392,24.86272,1,24.933376,4.210688,29.144064
895,32,2170,32,2170,34993,3,8.409088,-1,0,148.564987,9.472,158.036987
896,32,1149,32,1149,34934,3,5.665792,-1,0,84.990974,6.7328,91.723774
897,32,128,32,128,35022,3,3.125248,24.982529,1,25.05216,4.210688,29.262848
898,32,2169,32,2169,34839,3,8.493056,-1,0,148.79335,9.562112,158.355462
899,32,3191,32,3191,34524,3,11.0848,-1,0,213.176315,12.146688,225.323004
900,32,128,32,128,34602,3,3.108864,25.176064,1,25.245695,4.186112,29.431807
901,32,1149,32,1149,34524,3,5.62176,-1,0,84.825089,6.679552,91.504641
902,32,128,32,128,34604,3,3.113984,24.744961,1,24.805376,4.19328,28.998656
903,32,128,32,128,34676,3,3.068928,24.305664,1,24.372225,4.140032,28.512257
904,32,1149,32,1149,34616,3,5.660672,-1,0,83.637245,6.726656,90.363901
905,32,128,32,128,34694,3,3.105792,24.959999,1,25.028608,4.19328,29.221889
906,32,128,32,128,34769,3,3.089408,24.406015,1,24.471552,4.165632,28.637184
907,32,1149,32,1149,34722,3,5.639168,-1,0,83.993599,6.705152,90.698751
908,32,128,32,128,34801,3,3.10784,24.715263,1,24.783873,4.194304,28.978177
909,32,128,32,128,34886,3,3.067904,24.325121,1,24.39168,4.151296,28.542976
910,32,128,32,128,34965,3,3.050496,24.116224,1,24.182783,4.155392,28.338175
911,32,128,32,128,35057,3,3.044352,23.888897,1,23.952385,4.119552,28.071937
912,32,2169,32,2169,34880,3,8.491008,-1,0,148.516861,9.550848,158.067709
913,32,1149,32,1149,34812,3,5.63712,-1,0,85.320702,6.697984,92.018686
914,32,128,32,128,34893,3,3.113984,24.833023,1,24.881151,4.196352,29.077503
915,32,128,32,128,34977,3,3.075072,24.364033,1,24.433664,4.158464,28.592128
916,32,1149,32,1149,34932,3,5.612544,-1,0,83.649536,6.673408,90.322944
917,32,128,32,128,35019,3,3.125248,24.838144,1,24.906752,4.225024,29.131776
918,32,128,32,128,35102,3,3.08736,24.457216,1,24.526848,4.18816,28.715008
919,32,1149,32,1149,35062,3,5.664768,-1,0,84.163582,6.739968,90.90355
920,32,128,32,128,35148,3,3.109888,25.072639,1,25.141249,4.210688,29.351937
921,32,1149,32,1149,35083,3,5.622784,-1,0,84.369408,6.688768,91.058176
922,32,1149,32,1149,35034,3,5.619712,-1,0,85.424126,6.67648,92.100605
923,32,1148,32,1148,34963,3,5.66784,-1,0,85.548035,6.733824,92.281858
924,32,128,32,128,35031,3,3.111936,25.010176,1,25.073664,4.199424,29.273088
925,32,128,32,128,35104,3,3.090432,24.435713,1,24.502272,4.173824,28.676095
926,32,128,32,128,35172,3,3.054592,24.198145,1,24.256512,4.149248,28.40576
927,32,128,32,128,35253,3,3.063808,24.044544,1,24.110081,4.143104,28.253185
928,32,1149,32,1149,35178,3,5.63712,-1,0,83.787773,6.71744,90.505213
929,32,1149,32,1149,35114,3,5.645312,-1,0,85.837822,6.724608,92.56243
930,32,1149,32,1149,35032,3,5.617664,-1,0,85.619713,6.678528,92.298241
931,32,128,32,128,35119,3,3.130368,24.882175,1,24.943617,4.215808,29.159425
932,32,1149,32,1149,35057,3,5.618688,-1,0,84.099075,6.67648,90.775555
933,32,1148,32,1148,35010,3,5.687296,-1,0,85.44973,6.752256,92.201986
934,32,1148,32,1148,34954,3,5.603328,-1,0,86.065155,6.663168,92.728323
935,32,1149,32,1149,34909,3,5.620736,-1,0,84.964355,6.697984,91.66234
936,32,128,32,128,34983,3,3.108864,24.851456,1,24.921087,4.190208,29.111295
937,32,128,32,128,35077,3,3.074048,24.418304,1,24.487936,4.154368,28.642304
938,32,128,32,128,35156,3,3.054592,24.168447,1,24.228865,4.132864,28.361729
939,32,1149,32,1149,35083,3,5.737472,-1,0,84.373505,6.802432,91.175937
940,32,128,32,128,35161,3,3.1232,25.203712,1,25.271296,4.232192,29.503488
941,32,1149,32,1149,35098,3,5.634048,-1,0,84.885506,6.71232,91.597826
942,32,1149,32,1149,35053,3,5.629952,-1,0,85.712898,6.694912,92.40781
943,32,128,32,128,35134,3,3.10272,24.738815,1,24.809471,4.20864,29.018111
944,32,128,32,128,35221,3,3.080192,24.357887,1,24.426497,4.158464,28.58496
945,32,4212,32,4212,34791,3,13.68576,-1,0,276.738037,14.758912,291.496949
946,32,128,32,128,34878,3,3.120128,24.937471,1,25.000959,4.211712,29.212671
947,32,128,32,128,34970,3,3.086336,24.59136,1,24.662016,4.184064,28.84608
948,32,2170,32,2170,34783,3,8.400896,-1,0,148.674561,9.457664,158.132224
949,32,1149,32,1149,34744,3,5.615616,-1,0,85.352448,6.693888,92.046336
950,32,128,32,128,34831,3,3.103744,24.813568,1,24.884224,4.184064,29.068288
951,32,128,32,128,34908,3,3.080192,24.437759,1,24.507393,4.15744,28.664833
952,32,128,32,128,34981,3,3.05664,24.085505,1,24.14592,4.135936,28.281856
953,32,128,32,128,35060,3,3.062784,24.020992,1,24.090624,4.161536,28.25216
954,32,2169,32,2169,34867,3,8.480768,-1,0,149.340164,9.56928,158.909444
955,32,128,32,128,34946,3,3.106816,24.830976,1,24.901632,4.190208,29.09184
956,32,128,32,128,35040,3,3.072,24.307713,1,24.375296,4.166656,28.541952
957,32,3191,32,3191,34724,3,10.978304,-1,0,210.407425,12.038144,222.445569
958,32,128,32,128,34812,3,3.122176,24.9856,1,25.056255,4.205568,29.261823
959,32,1149,32,1149,34771,3,5.62176,-1,0,84.024323,6.683648,90.707971
960,32,1133,32,1133,34718,3,5.59616,-1,0,85.138435,6.665216,91.803651
961,32,128,32,128,34799,3,3.090432,24.762367,1,24.830976,4.169728,29.000704
962,32,128,32,128,34892,3,3.072,24.365055,1,24.431616,4.153344,28.58496
963,32,1149,32,1149,34841,3,5.620736,-1,0,83.692543,6.682624,90.375167
964,32,1149,32,1149,34789,3,5.686272,-1,0,86.779907,6.74816,93.528067
965,32,1149,32,1149,34745,3,5.640192,-1,0,85.869568,6.701056,92.570624
966,32,128,32,128,34839,3,3.111936,24.851456,1,24.920065,4.197376,29.117441
967,32,128,32,128,34927,3,3.070976,24.381439,1,24.452097,4.159488,28.611585
968,32,1149,32,1149,34877,3,5.61152,-1,0,83.594238,6.673408,90.267646
969,32,128,32,128,34952,3,3.122176,24.810495,1,24.880129,4.205568,29.085697
970,32,128,32,128,35047,3,3.08224,24.458241,1,24.527872,4.163584,28.691456
971,32,1149,32,1149,34998,3,5.624832,-1,0,83.860481,6.689792,90.550273
972,32,1149,32,1149,34926,3,5.644288,-1,0,85.571587,6.725632,92.297219
973,32,1149,32,1149,34876,3,5.620736,-1,0,85.630974,6.682624,92.313598
974,32,128,32,128,34949,3,3.106816,24.863745,1,24.959999,4.191232,29.151231
975,32,128,32,128,35032,3,3.086336,24.461311,1,24.530945,4.164608,28.695553
976,32,128,32,128,35107,3,3.068928,24.265728,1,24.333311,4.145152,28.478463
977,32,128,32,128,35191,3,3.054592,24.141825,1,24.208384,4.12672,28.335104
978,32,2170,32,2170,34986,3,8.413184,-1,0,148.055038,9.474048,157.529086
979,32,128,32,128,35061,3,3.127296,24.848385,1,24.916992,4.211712,29.128704
980,32,2169,32,2169,34870,3,8.487936,-1,0,149.306366,9.554944,158.86131
981,32,1149,32,1149,34787,3,5.635072,-1,0,86.063103,6.70208,92.765182
982,32,1149,32,1149,34743,3,5.67296,-1,0,85.784576,6.735872,92.520448
983,32,128,32,128,34823,3,3.109888,24.928255,1,24.990721,4.19328,29.184001
984,32,128,32,128,34895,3,3.079168,24.368128,1,24.437759,4.165632,28.603391
985,32,128,32,128,34963,3,3.054592,24.142847,1,24.210432,4.132864,28.343296
986,32,1148,32,1148,34924,3,5.61152,-1,0,83.155968,6.672384,89.828351
987,32,1149,32,1149,34882,3,5.641216,-1,0,84.958206,6.70208,91.660286
988,32,128,32,128,34965,3,3.110912,24.915968,1,24.978432,4.192256,29.170688
989,32,128,32,128,35045,3,3.075072,24.393728,1,24.46336,4.153344,28.616704
990,32,1149,32,1149,34994,3,5.645312,-1,0,84.031487,6.7072,90.738687
991,32,1149,32,1149,34934,3,5.62176,-1,0,84.999168,6.688768,91.687936
992,32,1149,32,1149,34883,3,5.636096,-1,0,85.664764,6.699008,92.363772
993,32,128,32,128,34953,3,3.094528,24.855553,1,24.926208,4.175872,29.10208
994,32,128,32,128,35040,3,3.069952,24.340481,1,24.409088,4.15232,28.561408
995,32,1149,32,1149,34979,3,5.630976,-1,0,83.774467,6.69184,90.466308
996,32,128,32,128,35049,3,3.117056,24.953856,1,25.023487,4.205568,29.229055
997,32,128,32,128,35136,3,3.08736,24.475649,1,24.53504,4.165632,28.700672
998,32,128,32,128,35214,3,3.06176,24.250368,1,24.310783,4.141056,28.451839
999,32,128,32,128,35302,3,3.064832,24.034304,1,24.100864,4.133888,28.234752
1000,32,1149,32,1149,35257,3,5.665792,-1,0,84.081665,6.734848,90.816513
1001,32,1148,32,1148,35188,3,5.62176,-1,0,85.367805,6.68672,92.054525
1002,32,128,32,128,35278,3,3.11808,24.8832,1,24.951809,4.217856,29.169665
1003,32,1149,32,1149,35223,3,5.617664,-1,0,84.520958,6.69696,91.217918
1004,32,1149,32,1149,35183,3,5.64736,-1,0,85.269501,6.7328,92.002301
1005,32,1149,32,1149,35121,3,5.617664,-1,0,85.749763,6.700032,92.449796
1006,32,3175,32,3175,34808,3,10.976256,-1,0,211.609604,12.058624,223.668228
1007,32,2170,32,2170,34651,3,8.492032,-1,0,150.923264,9.571328,160.494592
1008,32,128,32,128,34744,3,3.116032,25.073664,1,25.143295,4.194304,29.337599
1009,32,1149,32,1149,34704,3,5.636096,-1,0,84.333565,6.69696,91.030525
1010,32,1149,32,1149,34635,3,5.663744,-1,0,85.81427,6.750208,92.564478
1011,32,1149,32,1149,34585,3,5.612544,-1,0,85.553154,6.672384,92.225538
1012,32,128,32,128,34660,3,3.104768,24.880129,1,24.948736,4.209664,29.1584
1013,32,1149,32,1149,34592,3,5.687296,-1,0,84.527107,6.754304,91.281411
1014,32,128,32,128,34672,3,3.109888,25.151487,1,25.221121,4.21376,29.434881
1015,32,128,32,128,34753,3,3.085312,24.520704,1,24.587263,4.166656,28.753919
1016,32,128,32,128,34820,3,3.053568,24.286207,1,24.352768,4.132864,28.485632
1017,32,1149,32,1149,34754,3,5.614592,-1,0,83.468285,6.677504,90.145789
1018,32,128,32,128,34833,3,3.115008,24.848385,1,24.909824,4.219904,29.129728
1019,32,128,32,128,34923,3,3.073024,24.470528,1,24.537088,4.15232,28.689408
1020,32,128,32,128,35014,3,3.05664,24.118273,1,24.188929,4.13696,28.325889
1021,32,128,32,128,35079,3,3.063808,24.086529,1,24.154112,4.154368,28.30848
1022,32,2170,32,2170,34874,3,8.409088,-1,0,148.263931,9.493504,157.757435
1023,32,128,32,128,34949,3,3.103744,24.854528,1,24.922112,4.200448,29.12256
1024,32,1149,32,1149,34922,3,5.641216,-1,0,84.648956,6.726656,91.375612
1025,32,1149,32,1149,34861,3,5.613568,-1,0,85.459969,6.69184,92.151809
1026,32,128,32,128,34936,3,3.121152,24.798208,1,24.868864,4.228096,29.09696
1027,32,128,32,128,35017,3,3.07712,24.454144,1,24.522753,4.1472,28.669953
1028,32,1149,32,1149,34952,3,5.64224,-1,0,84.124672,6.694912,90.819584
1029,32,1149,32,1149,34913,3,5.61152,-1,0,85.786621,6.678528,92.465149
1030,32,128,32,128,34982,3,3.124224,24.822784,1,24.892416,4.221952,29.114368
1031,32,128,32,128,35059,3,3.073024,24.49408,1,24.561665,4.150272,28.711936
1032,32,3189,32,3189,34744,3,11.18208,-1,0,210.783234,12.246016,223.029249
1033,32,128,32,128,34824,3,3.135488,25.197569,1,25.269247,4.220928,29.490175
1034,32,128,32,128,34916,3,3.064832,24.511488,1,24.571903,4.139008,28.710911
1035,32,1149,32,1149,34874,3,5.613568,-1,0,83.360771,6.675456,90.036227
1036,32,128,32,128,34955,3,3.109888,24.83712,1,24.906752,4.197376,29.104127
1037,32,1148,32,1148,34888,3,5.630976,-1,0,83.917824,6.692864,90.610688
1038,32,128,32,128,34962,3,3.132416,24.882175,1,24.951809,4.219904,29.171713
1039,32,1149,32,1149,34886,3,5.636096,-1,0,84.604927,6.700032,91.304959
1040,32,128,32,128,34962,3,3.130368,24.872959,1,24.942593,4.210688,29.153281
1041,32,128,32,128,35042,3,3.063808,24.433664,1,24.503296,4.141056,28.644352
1042,32,1149,32,1149,34984,3,5.61664,-1,0,83.504128,6.6816,90.185728
1043,32,1149,32,1149,34935,3,5.664768,-1,0,85.396477,6.731776,92.128253
1044,32,1149,32,1149,34873,3,5.666816,-1,0,86.320129,6.728704,93.048833
1045,32,128,32,128,34959,3,3.106816,24.967169,1,25.0368,4.195328,29.232129
1046,32,128,32,128,35033,3,3.088384,24.393728,1,24.46336,4.173824,28.637184
1047,32,128,32,128,35110,3,3.052544,24.114176,1,24.182783,4.125696,28.308479
1048,32,128,32,128,35180,3,3.063808,23.991297,1,24.057856,4.146176,28.204031
1049,32,128,32,128,35258,3,3.063808,24.079359,1,24.146944,4.154368,28.301312
1050,32,128,32,128,35326,3,3.069952,24.066048,1,24.132608,4.143104,28.275712
1051,32,128,32,128,35392,3,3.06688,24.075264,1,24.143871,4.1472,28.291071
1052,32,2169,32,2169,35213,3,8.409088,-1,0,147.927032,9.473024,157.400057
1053,32,1148,32,1148,35163,3,5.673984,-1,0,84.858879,6.734848,91.593727
1054,32,128,32,128,35250,3,3.115008,24.997889,1,25.066496,4.195328,29.261824
1055,32,3191,32,3191,34918,3,11.152384,-1,0,212.349945,12.214272,224.564217
1056,32,2170,32,2170,34748,3,8.413184,-1,0,149.994492,9.476096,159.470588
1057,32,1149,32,1149,34705,3,5.66784,-1,0,85.389313,6.731776,92.121089
1058,32,128,32,128,34790,3,3.130368,24.941568,1,25.003008,4.212736,29.215744
1059,32,128,32,128,34864,3,3.07712,24.531967,1,24.601601,4.155392,28.756993
1060,32,1149,32,1149,34801,3,5.690368,-1,0,84.647934,6.752256,91.40019
1061,32,1149,32,1149,34735,3,5.624832,-1,0,85.538818,6.689792,92.228611
1062,32,128,32,128,34803,3,3.106816,24.866816,1,24.935425,4.186112,29.121537
1063,32,1149,32,1149,34751,3,5.665792,-1,0,84.303871,6.731776,91.035647
1064,32,128,32,128,34827,3,3.119104,24.990721,1,25.060352,4.209664,29.270016
1065,32,128,32,128,34906,3,3.086336,24.468479,1,24.529921,4.168704,28.698625
1066,32,1149,32,1149,34856,3,5.610496,-1,0,83.935234,6.689792,90.625026
1067,32,128,32,128,34935,3,3.124224,24.834047,1,24.900608,4.222976,29.123584
1068,32,2170,32,2170,34736,3,8.414208,-1,0,148.570114,9.493504,158.063618
1069,32,1149,32,1149,34689,3,5.643264,-1,0,85.085182,6.718464,91.803646
1070,32,1149,32,1149,34637,3,5.61664,-1,0,85.710846,6.69184,92.402686
1071,32,128,32,128,34707,3,3.109888,24.846336,1,24.907776,4.199424,29.1072
1072,32,128,32,128,34780,3,3.080192,24.402945,1,24.46336,4.168704,28.632064
1073,32,128,32,128,34852,3,3.05664,24.018944,1,24.079359,4.127744,28.207103
1074,32,1149,32,1149,34801,3,5.695488,-1,0,84.441086,6.749184,91.19027
1075,32,128,32,128,34867,3,3.119104,24.958977,1,25.020416,4.204544,29.22496
1076,32,128,32,128,34934,3,3.083264,24.46336,1,24.526848,4.161536,28.688384
1077,32,1149,32,1149,34891,3,5.628928,-1,0,83.879936,6.693888,90.573824
1078,32,128,32,128,34973,3,3.109888,24.853504,1,24.921087,4.18816,29.109247
1079,32,1149,32,1149,34929,3,5.67296,-1,0,84.677635,6.733824,91.411459
1080,32,1149,32,1149,34872,3,5.640192,-1,0,85.823486,6.701056,92.524542
1081,32,2170,32,2170,34686,3,8.410112,-1,0,149.794815,9.468928,159.263743
1082,32,1149,32,1149,34652,3,5.617664,-1,0,85.371902,6.678528,92.05043
1083,32,128,32,128,34740,3,3.100672,24.833023,1,24.901632,4.186112,29.087744
1084,32,1149,32,1149,34680,3,5.617664,-1,0,84.230141,6.678528,90.908669
1085,32,128,32,128,34756,3,3.105792,24.832001,1,24.899584,4.189184,29.088768
1086,32,128,32,128,34833,3,3.081216,24.464384,1,24.534016,4.173824,28.707839
1087,32,2169,32,2169,34653,3,8.523776,-1,0,149.150726,9.58464,158.735366
1088,32,128,32,128,34737,3,3.134464,24.996864,1,25.05728,4.215808,29.273088
1089,32,128,32,128,34824,3,3.089408,24.541183,1,24.600576,4.158464,28.75904
1090,32,128,32,128,34901,3,3.064832,24.124416,1,24.190975,4.137984,28.328959
1091,32,128,32,128,34983,3,3.0464,24.01792,1,24.088575,4.135936,28.224511
1092,32,128,32,128,35050,3,3.063808,24.031233,1,24.088575,4.150272,28.238847
1093,32,1148,32,1148,34990,3,5.645312,-1,0,83.56147,6.706176,90.267646
1094,32,128,32,128,35078,3,3.105792,24.89344,1,24.962048,4.196352,29.1584
1095,32,128,32,128,35160,3,3.091456,24.357887,1,24.425472,4.171776,28.597248
1096,32,128,32,128,35244,3,3.048448,24.1408,1,24.199167,4.128768,28.327935
1097,32,128,32,128,35318,3,3.062784,24.022017,1,24.088575,4.141056,28.229631
1098,32,2169,32,2169,35134,3,8.411136,-1,0,147.798019,9.474048,157.272067
1099,32,128,32,128,35219,3,3.117056,24.817663,1,24.888321,4.200448,29.088769
1100,32,1149,32,1149,35159,3,5.689344,-1,0,84.44416,6.756352,91.200512
1101,32,128,32,128,35242,3,3.145728,25.013248,1,25.083904,4.237312,29.321216
1102,32,128,32,128,35328,3,3.09248,24.613888,1,24.673281,4.1728,28.846081
1103,32,1149,32,1149,35270,3,5.63712,-1,0,84.323326,6.69696,91.020286
1104,32,1149,32,1149,35225,3,5.617664,-1,0,85.38726,6.683648,92.070909
1105,32,128,32,128,35300,3,3.137536,24.881151,1,24.941568,4.222976,29.164545
1106,32,128,32,128,35394,3,3.07712,24.485888,1,24.553473,4.160512,28.713984
1107,32,1149,32,1149,35334,3,5.695488,-1,0,84.23629,6.76352,90.99981
1108,32,2170,32,2170,35141,3,8.503296,-1,0,150.585342,9.56416,160.149503
1109,32,128,32,128,35231,3,3.110912,24.977407,1,25.047041,4.187136,29.234177
1110,32,2170,32,2170,35060,3,8.455168,-1,0,149.360641,9.510912,158.871553
1111,32,2170,32,2170,34881,3,8.423424,-1,0,150.017029,9.481216,159.498245
1112,32,2170,32,2170,34702,3,8.498176,-1,0,151.627777,9.561088,161.188865
1113,32,128,32,128,34780,3,3.11296,24.841215,1,24.910849,4.197376,29.108224
1114,32,1149,32,1149,34710,3,5.675008,-1,0,84.500481,6.735872,91.236352
1115,32,128,32,128,34785,3,3.122176,25.06752,1,25.12896,4.20352,29.332479
1116,32,128,32,128,34867,3,3.079168,24.444927,1,24.507393,4.156416,28.663809
1117,32,128,32,128,34934,3,3.063808,24.218624,1,24.287231,4.130816,28.418047
1118,32,1149,32,1149,34882,3,5.635072,-1,0,83.741699,6.706176,90.447875
1119,32,128,32,128,34959,3,3.10784,24.86784,1,24.930304,4.189184,29.119488
1120,32,128,32,128,35051,3,3.068928,24.424448,1,24.492031,4.148224,28.640255
1121,32,1149,32,1149,34986,3,5.628928,-1,0,83.665916,6.687744,90.353661
1122,32,2169,32,2169,34814,3,8.40704,-1,0,149.689346,9.467904,159.15725
1123,32,1149,32,1149,34753,3,5.623808,-1,0,85.375999,6.689792,92.065792
1124,32,128,32,128,34831,3,3.127296,24.844288,1,24.907776,4.214784,29.12256
1125,32,1149,32,1149,34767,3,5.654528,-1,0,84.077568,6.716416,90.793984
1126,32,128,32,128,34835,3,3.124224,24.942593,1,25.0112,4.205568,29.216768
1127,32,2170,32,2170,34657,3,8.536064,-1,0,150.303741,9.6,159.903742
1128,32,128,32,128,34721,3,3.091456,24.869888,1,24.931328,4.1728,29.104128
1129,32,128,32,128,34806,3,3.070976,24.373247,1,24.433664,4.156416,28.59008
1130,32,1149,32,1149,34767,3,5.656576,-1,0,84.116478,6.723584,90.840062
1131,32,128,32,128,34839,3,3.120128,24.979456,1,25.048063,4.205568,29.253631
1132,32,128,32,128,34926,3,3.080192,24.449024,1,24.510464,4.161536,28.672
1133,32,128,32,128,34996,3,3.05664,24.193024,1,24.260609,4.134912,28.395521
1134,32,1149,32,1149,34947,3,5.680128,-1,0,84.193283,6.74304,90.936323
1135,32,1149,32,1149,34895,3,5.615616,-1,0,85.808128,6.67648,92.484608
1136,32,128,32,128,34969,3,3.108864,24.818687,1,24.879105,4.196352,29.075457
1137,32,128,32,128,35050,3,3.069952,24.383488,1,24.451073,4.154368,28.605441
1138,32,3191,32,3191,34700,3,10.979328,-1,0,210.452484,12.041216,222.4937
1139,32,128,32,128,34794,3,3.126272,24.979456,1,25.050112,4.215808,29.26592
1140,32,128,32,128,34884,3,3.060736,24.402945,1,24.464384,4.130816,28.5952
1141,32,1149,32,1149,34834,3,5.638144,-1,0,83.757057,6.700032,90.457089
1142,32,1149,32,1149,34788,3,5.615616,-1,0,85.445633,6.6816,92.127233
1143,32,128,32,128,34881,3,3.106816,24.810495,1,24.882175,4.192256,29.074431
1144,32,128,32,128,34964,3,3.07712,24.359936,1,24.429567,4.159488,28.589056
1145,32,1149,32,1149,34917,3,5.635072,-1,0,84.079613,6.692864,90.772477
1146,32,128,32,128,35002,3,3.132416,24.868864,1,24.938496,4.214784,29.15328
1147,32,128,32,128,35081,3,3.075072,24.46336,1,24.530945,4.158464,28.689409
1148,32,128,32,128,35150,3,3.059712,24.148993,1,24.216576,4.133888,28.350463
1149,32,128,32,128,35227,3,3.050496,23.948288,1,24.016895,4.125696,28.142591
1150,32,1149,32,1149,35142,3,5.671936,-1,0,83.977219,6.735872,90.71309
1151,32,128,32,128,35216,3,3.111936,24.82176,1,24.886272,4.1984,29.084672
1152,32,128,32,128,35285,3,3.076096,24.442881,1,24.509439,4.1472,28.65664
1153,32,1148,32,1148,35209,3,5.615616,-1,0,83.702782,6.677504,90.380286
1154,32,2170,32,2170,35034,3,8.41216,-1,0,149.882874,9.474048,159.356921
1155,32,128,32,128,35113,3,3.104768,24.87808,1,24.938496,4.207616,29.146111
1156,32,1149,32,1149,35053,3,5.623808,-1,0,84.255745,6.705152,90.960897
1157,32,128,32,128,35134,3,3.109888,24.906752,1,24.976383,4.194304,29.170687
1158,32,1149,32,1149,35080,3,5.624832,-1,0,84.254723,6.700032,90.954755
1159,32,128,32,128,35161,3,3.110912,24.900608,1,24.971264,4.206592,29.177856
1160,32,128,32,128,35243,3,3.085312,24.506369,1,24.573952,4.182016,28.755968
1161,32,2169,32,2169,35058,3,8.47872,-1,0,149.414917,9.556992,158.971909
1162,32,128,32,128,35140,3,3.124224,24.921087,1,24.993792,4.227072,29.220863
1163,32,1149,32,1149,35073,3,5.613568,-1,0,84.075523,6.688768,90.764291
1164,32,128,32,128,35148,3,3.1232,24.889343,1,24.961023,4.226048,29.187071
1165,32,1149,32,1149,35096,3,5.638144,-1,0,84.628479,6.710272,91.338751
1166,32,128,32,128,35190,3,3.119104,24.860672,1,24.932352,4.230144,29.162496
1167,32,128,32,128,35266,3,3.085312,24.420353,1,24.481792,4.189184,28.670977
1168,32,128,32,128,35344,3,3.06688,24.2432,1,24.303616,4.144128,28.447743
1169,32,1149,32,1149,35281,3,5.624832,-1,0,83.456001,6.709248,90.165249
1170,32,1149,32,1149,35240,3,5.617664,-1,0,85.422081,6.682624,92.104705
1171,32,2170,32,2170,35032,3,8.446976,-1,0,149.920761,9.524224,159.444985
1172,32,1149,32,1149,34973,3,5.669888,-1,0,85.457916,6.755328,92.213244
1173,32,2154,32,2154,34780,3,8.486912,-1,0,150.733826,9.563136,160.296962
1174,32,128,32,128,34864,3,3.113984,24.958977,1,25.019392,4.217856,29.237248
1175,32,1149,32,1149,34831,3,5.671936,-1,0,84.081665,6.739968,90.821633
1176,32,1149,32,1149,34771,3,5.676032,-1,0,85.688316,6.755328,92.443645
1177,32,3191,32,3191,34442,3,10.98752,-1,0,214.247421,12.06272,226.310142
1178,32,128,32,128,34519,3,3.15392,25.100288,1,25.170944,4.258816,29.42976
1179,32,128,32,128,34598,3,3.08736,24.537088,1,24.60672,4.180992,28.787712
1180,32,128,32,128,34680,3,3.057664,24.107008,1,24.173569,4.15744,28.331009
1181,32,1149,32,1149,34625,3,5.624832,-1,0,83.665916,6.705152,90.371068
1182,32,128,32,128,34709,3,3.116032,24.810495,1,24.879105,4.194304,29.073409
1183,32,1149,32,1149,34640,3,5.615616,-1,0,84.011009,6.693888,90.704897
1184,32,128,32,128,34715,3,3.11808,24.772608,1,24.817663,4.199424,29.017087
1185,32,128,32,128,34799,3,3.079168,24.5504,1,24.610815,4.159488,28.770303
1186,32,128,32,128,34861,3,3.072,24.279039,1,24.347649,4.149248,28.496897
1187,32,1149,32,1149,34803,3,5.636096,-1,0,84.064255,6.713344,90.777599
1188,32,1149,32,1149,34760,3,5.615616,-1,0,85.610497,6.694912,92.305408
1189,32,1149,32,1149,34701,3,5.614592,-1,0,85.340157,6.680576,92.020732
1190,32,128,32,128,34792,3,3.109888,24.728577,1,24.800257,4.197376,28.997633
1191,32,128,32,128,34869,3,3.067904,24.272896,1,24.343552,4.159488,28.50304
1192,32,128,32,128,34955,3,3.05664,24.167423,1,24.237057,4.132864,28.369921
1193,32,3191,32,3191,34661,3,10.983424,-1,0,209.910782,12.04224,221.953022
1194,32,128,32,128,34742,3,3.1232,24.966145,1,25.034752,4.232192,29.266944
1195,32,1149,32,1149,34697,3,5.629952,-1,0,84.270081,6.695936,90.966017
1196,32,128,32,128,34773,3,3.103744,24.79104,1,24.859648,4.202496,29.062144
1197,32,128,32,128,34847,3,3.08736,24.392704,1,24.461311,4.185088,28.646399
1198,32,128,32,128,34924,3,3.068928,24.127487,1,24.196096,4.146176,28.342272
1199,32,1149,32,1149,34869,3,5.675008,-1,0,83.935234,6.74304,90.678274
1200,32,128,32,128,34948,3,3.11808,24.891392,1,24.962048,4.21888,29.180928
1201,32,128,32,128,35017,3,3.068928,24.346624,1,24.415232,4.170752,28.585984
1202,32,128,32,128,35102,3,3.059712,24.16128,1,24.22784,4.140032,28.367872
1203,32,1149,32,1149,35056,3,5.636096,-1,0,83.999741,6.711296,90.711037
1204,32,128,32,128,35143,3,3.110912,24.818687,1,24.881151,4.205568,29.086719
1205,32,128,32,128,35220,3,3.093504,24.395777,1,24.465408,4.19328,28.658689
1206,32,1149,32,1149,35171,3,5.634048,-1,0,83.631104,6.693888,90.324992
1207,32,1149,32,1149,35109,3,5.61152,-1,0,85.577728,6.68672,92.264448
1208,32,1149,32,1149,35067,3,5.612544,-1,0,85.33094,6.699008,92.029948
1209,32,128,32,128,35136,3,3.125248,24.840193,1,24.911873,4.226048,29.137921
1210,32,128,32,128,35214,3,3.084288,24.481792,1,24.549376,4.179968,28.729343
1211,32,128,32,128,35286,3,3.078144,24.325121,1,24.387585,4.174848,28.562433
1212,32,1149,32,1149,35240,3,5.634048,-1,0,84.070396,6.697984,90.768381
1213,32,2170,32,2170,35067,3,8.469504,-1,0,150.537216,9.551872,160.089088
1214,32,128,32,128,35157,3,3.108864,24.81152,1,24.881151,4.209664,29.090815
1215,32,1148,32,1148,35086,3,5.641216,-1,0,84.492287,6.719488,91.211775
1216,32,2169,32,2169,34899,3,8.479744,-1,0,150.199295,9.544704,159.743999
1217,32,128,32,128,34978,3,3.111936,24.978432,1,25.047041,4.194304,29.241345
1218,32,128,32,128,35061,3,3.08224,24.389631,1,24.458241,4.159488,28.617729
1219,32,128,32,128,35131,3,3.063808,24.223743,1,24.283136,4.15744,28.440577
1220,32,128,32,128,35213,3,3.060736,24.052736,1,24.114176,4.151296,28.265472
1221,32,128,32,128,35286,3,3.05152,24.041471,1,24.108032,4.133888,28.24192
1222,32,1149,32,1149,35235,3,5.627904,-1,0,83.68026,6.714368,90.394628
1223,32,1149,32,1149,35184,3,5.620736,-1,0,85.232643,6.69696,91.929603
1224,32,128,32,128,35271,3,3.113984,24.85248,1,24.923136,4.196352,29.119488
1225,32,1149,32,1149,35218,3,5.619712,-1,0,84.418556,6.701056,91.119612
1226,32,1149,32,1149,35162,3,5.633024,-1,0,85.634048,6.728704,92.362752
1227,32,2170,32,2170,34986,3,8.544256,-1,0,151.169022,9.60512,160.774141
1228,32,2170,32,2170,34812,3,8.416256,-1,0,150.358017,9.472,159.830017
1229,32,128,32,128,34896,3,3.124224,24.843264,1,24.915968,4.20864,29.124608
1230,32,1149,32,1149,34834,3,5.687296,-1,0,84.52301,6.745088,91.268098
1231,32,1149,32,1149,34771,3,5.687296,-1,0,86.89357,6.759424,93.652994
1232,32,128,32,128,34848,3,3.106816,25.075712,1,25.147392,4.186112,29.333504
1233,32,1149,32,1149,34795,3,5.632,-1,0,84.296707,6.693888,90.990595
1234,32,2170,32,2170,34630,3,8.408064,-1,0,150.35495,9.470976,159.825926
1235,32,2170,32,2170,34427,3,8.406016,-1,0,149.897217,9.467904,159.365121
1236,32,128,32,128,34504,3,3.095552,24.793089,1,24.86272,4.17792,29.04064
1237,32,1149,32,1149,34453,3,5.663744,-1,0,84.169731,6.724608,90.894339
1238,32,128,32,128,34526,3,3.109888,24.962048,1,25.033728,4.200448,29.234176
1239,32,128,32,128,34600,3,3.078144,24.623104,1,24.692736,4.160512,28.853248
1240,32,2170,32,2170,34416,3,8.4992,-1,0,148.889603,9.572352,158.461955
1241,32,128,32,128,34504,3,3.10784,24.788992,1,24.858624,4.190208,29.048831
1242,32,128,32,128,34593,3,3.06688,24.416256,1,24.477695,4.145152,28.622848
1243,32,1149,32,1149,34534,3,5.689344,-1,0,84.045822,6.751232,90.797054
1244,32,128,32,128,34598,3,3.121152,25.010176,1,25.080832,4.210688,29.29152
1245,32,1149,32,1149,34548,3,5.612544,-1,0,84.452354,6.672384,91.124738
1246,32,128,32,128,34625,3,3.109888,24.766464,1,24.836096,4.187136,29.023232
1247,32,128,32,128,34713,3,3.069952,24.326143,1,24.38656,4.154368,28.540928
1248,32,128,32,128,34791,3,3.05664,24.110081,1,24.175615,4.130816,28.306431
1249,32,1149,32,1149,34737,3,5.618688,-1,0,83.485695,6.678528,90.164223
1250,32,1149,32,1149,34682,3,5.617664,-1,0,85.323776,6.680576,92.004352
1251,32,128,32,128,34763,3,3.0976,24.860672,1,24.921087,4.180992,29.102079
1252,32,128,32,128,34847,3,3.079168,24.469503,1,24.531967,4.164608,28.696575
1253,32,128,32,128,34907,3,3.055616,24.031233,1,24.097792,4.13184,28.229632
1254,32,1149,32,1149,34863,3,5.66784,-1,0,83.419136,6.738944,90.15808
1255,32,128,32,128,34936,3,3.122176,24.860672,1,24.933376,4.210688,29.144064
1256,32,128,32,128,35026,3,3.069952,24.536064,1,24.597504,4.145152,28.742656
1257,32,128,32,128,35100,3,3.055616,24.124416,1,24.191999,4.132864,28.324863
1258,32,1149,32,1149,35065,3,5.668864,-1,0,83.651581,6.734848,90.386429
1259,32,128,32,128,35131,3,3.131392,24.953856,1,25.023487,4.21888,29.242367
1260,32,128,32,128,35213,3,3.090432,24.442881,1,24.510464,4.168704,28.679168
1261,32,128,32,128,35293,3,3.057664,24.142847,1,24.210432,4.13696,28.347392
1262,32,1149,32,1149,35234,3,5.618688,-1,0,83.492867,6.684672,90.177538
1263,32,2170,32,2170,35044,3,8.492032,-1,0,150.461441,9.556992,160.018433
1264,32,1149,32,1149,35005,3,5.640192,-1,0,86.405121,6.70208,93.107201
1265,32,1149,32,1149,34962,3,5.645312,-1,0,85.748734,6.703104,92.451838
1266,32,128,32,128,35032,3,3.111936,24.915968,1,24.982529,4.194304,29.176833
1267,32,128,32,128,35104,3,3.08736,24.56576,1,24.634369,4.16256,28.796929
1268,32,1149,32,1149,35041,3,5.628928,-1,0,83.737602,6.688768,90.42637
1269,32,1149,32,1149,34991,3,5.632,-1,0,85.754883,6.69184,92.446723
1270,32,1148,32,1148,34940,3,5.627904,-1,0,86.499329,6.688768,93.188097
1271,32,1149,32,1149,34881,3,5.630976,-1,0,85.455872,6.68672,92.142591
1272,32,1149,32,1149,34840,3,5.618688,-1,0,85.77536,6.67648,92.45184
1273,32,128,32,128,34912,3,3.115008,24.776705,1,24.846336,4.1984,29.044736
1274,32,128,32,128,34987,3,3.062784,24.398848,1,24.458241,4.137984,28.596224
1275,32,128,32,128,35071,3,3.055616,24.048639,1,24.117249,4.129792,28.247041
1276,32,128,32,128,35162,3,3.052544,23.993343,1,24.05888,4.130816,28.189696
1277,32,1149,32,1149,35112,3,5.66784,-1,0,83.470337,6.72768,90.198017
1278,32,128,32,128,35189,3,3.142656,24.935425,1,25.004032,4.224,29.228032
1279,32,2170,32,2170,35020,3,8.446976,-1,0,149.024765,9.505792,158.530557
1280,32,128,32,128,35099,3,3.113984,24.886272,1,24.946688,4.195328,29.142016
1281,32,128,32,128,35180,3,3.08736,24.531967,1,24.600576,4.16768,28.768256
1282,32,128,32,128,35256,3,3.059712,24.184832,1,24.251392,4.14208,28.393472
1283,32,2169,32,2169,35075,3,8.484864,-1,0,149.051392,9.546752,158.598144
1284,32,2170,32,2170,34894,3,8.413184,-1,0,150.504456,9.472,159.976456
1285,32,1149,32,1149,34846,3,5.617664,-1,0,85.405693,6.674432,92.080125
1286,32,1148,32,1148,34802,3,5.747712,-1,0,86.168579,6.813696,92.982275
1287,32,2170,32,2170,34615,3,8.416256,-1,0,151.390213,9.476096,160.866309
1288,32,1149,32,1149,34550,3,5.643264,-1,0,85.763069,6.706176,92.469245
1289,32,128,32,128,34631,3,3.099648,24.836096,1,24.906752,4.182016,29.088768
1290,32,1149,32,1149,34555,3,5.654528,-1,0,84.214783,6.721536,90.936319
1291,32,1149,32,1149,34512,3,5.630976,-1,0,85.33709,6.695936,92.033026
1292,32,128,32,128,34590,3,3.111936,24.830976,1,24.902657,4.190208,29.092865
1293,32,1149,32,1149,34547,3,5.666816,-1,0,84.29261,6.733824,91.026434
1294,32,128,32,128,34621,3,3.109888,24.943617,1,25.005056,4.19328,29.198337
1295,32,128,32,128,34705,3,3.076096,24.37632,1,24.436735,4.158464,28.595199
1296,32,1148,32,1148,34656,3,5.625856,-1,0,83.668991,6.687744,90.356735
1297,32,128,32,128,34733,3,3.109888,24.842239,1,24.912895,4.189184,29.102079
1298,32,2170,32,2170,34560,3,8.497152,-1,0,148.722687,9.556992,158.279678
1299,32,128,32,128,34640,3,3.116032,24.836096,1,24.905727,4.206592,29.112319
1300,32,1148,32,1148,34592,3,5.63712,-1,0,84.274178,6.69696,90.971138
1301,32,128,32,128,34680,3,3.127296,24.848385,1,24.918016,4.206592,29.124609
1302,32,128,32,128,34761,3,3.078144,24.53504,1,24.597504,4.156416,28.75392
1303,32,128,32,128,34828,3,3.068928,24.237057,1,24.305664,4.146176,28.45184
1304,32,1149,32,1149,34783,3,5.622784,-1,0,83.782654,6.6816,90.464254
1305,32,128,32,128,34868,3,3.106816,24.788992,1,24.850431,4.201472,29.051903
1306,32,128,32,128,34952,3,3.084288,24.379393,1,24.424448,4.171776,28.596224
1307,32,128,32,128,35031,3,3.062784,24.183807,1,24.253441,4.15232,28.405761
1308,32,128,32,128,35108,3,3.049472,23.968767,1,24.036352,4.125696,28.162048
1309,32,128,32,128,35177,3,3.052544,23.907328,1,23.975937,4.127744,28.103681
1310,32,128,32,128,35257,3,3.0464,23.926785,1,23.994368,4.122624,28.116992
1311,32,128,32,128,35349,3,3.054592,23.920641,1,23.988224,4.125696,28.11392
1312,32,128,32,128,35408,3,3.063808,24.061953,1,24.127487,4.145152,28.272639
1313,32,128,32,128,35482,3,3.063808,24.077312,1,24.146944,4.13696,28.283904
1314,32,128,32,128,35568,3,3.047424,24.029184,1,24.092672,4.118528,28.2112
1315,32,2170,32,2170,35367,3,8.416256,-1,0,149.181442,9.479168,158.66061
1316,32,1149,32,1149,35317,3,5.629952,-1,0,85.406723,6.69184,92.098563
1317,32,2170,32,2170,35123,3,8.400896,-1,0,150.023163,9.463808,159.486971
1318,32,2170,32,2170,34935,3,8.493056,-1,0,150.797318,9.560064,160.357382
1319,32,1148,32,1148,34875,3,5.67808,-1,0,86.070274,6.745088,92.815362
1320,32,1149,32,1149,34824,3,5.687296,-1,0,86.905853,6.75328,93.659133
1321,32,128,32,128,34894,3,3.142656,25.018368,1,25.089024,4.226048,29.315072
1322,32,128,32,128,34971,3,3.083264,24.579073,1,24.649729,4.179968,28.829697
1323,32,128,32,128,35048,3,3.05664,24.155136,1,24.224768,4.129792,28.35456
1324,32,1149,32,1149,34967,3,5.686272,-1,0,84.126717,6.751232,90.877949
1325,32,1148,32,1148,34909,3,5.61664,-1,0,85.470207,6.678528,92.148735
1326,32,128,32,128,34998,3,3.10272,24.851456,1,24.922112,4.185088,29.1072
1327,32,2169,32,2169,34794,3,8.399872,-1,0,149.062653,9.462784,158.525436
1328,32,128,32,128,34880,3,3.124224,24.854528,1,24.92416,4.210688,29.134848
1329,32,1149,32,1149,34830,3,5.670912,-1,0,84.037636,6.736896,90.774532
1330,32,128,32,128,34914,3,3.106816,24.897535,1,24.968191,4.184064,29.152255
1331,32,128,32,128,34998,3,3.084288,24.367104,1,24.429567,4.160512,28.590079
1332,32,1149,32,1149,34948,3,5.668864,-1,0,83.563522,6.735872,90.299394
1333,32,128,32,128,35023,3,3.125248,24.929279,1,24.999935,4.211712,29.211647
1334,32,128,32,128,35107,3,3.062784,24.424448,1,24.493055,4.139008,28.632063
1335,32,1149,32,1149,35066,3,5.628928,-1,0,83.600388,6.692864,90.293252
1336,32,128,32,128,35150,3,3.11808,24.948736,1,25.018368,4.1984,29.216768
1337,32,1148,32,1148,35087,3,5.691392,-1,0,84.889603,6.7584,91.648003
1338,32,2169,32,2169,34899,3,8.404992,-1,0,149.944321,9.463808,159.408129
1339,32,128,32,128,34969,3,3.104768,24.856577,1,24.930304,4.196352,29.126656
1340,32,1149,32,1149,34930,3,5.636096,-1,0,84.17997,6.694912,90.874882
1341,32,3191,32,3191,34599,3,11.094016,-1,0,212.329468,12.153856,224.483324
1342,32,1149,32,1149,34550,3,5.62176,-1,0,86.407166,6.688768,93.095933
1343,32,2170,32,2170,34371,3,8.466432,-1,0,150.958084,9.531392,160.489476
1344,32,128,32,128,34445,3,3.104768,24.751104,1,24.812544,4.194304,29.006848
1345,32,128,32,128,34533,3,3.070976,24.325121,1,24.393728,4.148224,28.541952
1346,32,128,32,128,34617,3,3.048448,24.08448,1,24.151039,4.12672,28.277759
1347,32,128,32,128,34688,3,3.05664,23.972864,1,24.040447,4.129792,28.170239
1348,32,1149,32,1149,34640,3,5.612544,-1,0,83.587074,6.680576,90.26765
1349,32,128,32,128,34717,3,3.127296,24.896511,1,24.966145,4.210688,29.176833
1350,32,3191,32,3191,34392,3,10.978304,-1,0,210.983932,12.03712,223.021052
1351,32,128,32,128,34475,3,3.106816,25.005056,1,25.065472,4.18816,29.253632
1352,32,128,32,128,34554,3,3.084288,24.472576,1,24.541183,4.16256,28.703743
1353,32,128,32,128,34621,3,3.05152,24.067072,1,24.133633,4.133888,28.26752
1354,32,1149,32,1149,34554,3,5.66272,-1,0,83.338242,6.728704,90.066946
1355,32,128,32,128,34636,3,3.130368,24.849407,1,24.918016,4.220928,29.138945
1356,32,128,32,128,34711,3,3.08224,24.402945,1,24.464384,4.161536,28.62592
1357,32,128,32,128,34788,3,3.070976,24.183807,1,24.251392,4.143104,28.394496
1358,32,128,32,128,34854,3,3.058688,23.996416,1,24.063999,4.137984,28.201983
1359,32,1132,32,1132,34803,3,5.625856,-1,0,83.397629,6.690816,90.088445
1360,32,128,32,128,34894,3,3.124224,24.841215,1,24.909824,4.207616,29.11744
1361,32,128,32,128,34966,3,3.079168,24.39168,1,24.458241,4.159488,28.617729
1362,32,128,32,128,35043,3,3.053568,24.070145,1,24.136703,4.135936,28.272639
1363,32,128,32,128,35126,3,3.060736,23.961599,1,24.020992,4.134912,28.155904
1364,32,128,32,128,35210,3,3.054592,23.975937,1,24.040447,4.13184,28.172287
1365,32,128,32,128,35288,3,3.048448,23.8848,1,23.949312,4.123648,28.07296
1366,32,1149,32,1149,35246,3,5.670912,-1,0,83.755005,6.731776,90.486781
1367,32,128,32,128,35320,3,3.132416,24.923136,1,24.992767,4.21376,29.206527
1368,32,128,32,128,35404,3,3.078144,24.444927,1,24.513536,4.155392,28.668929
1369,32,128,32,128,35482,3,3.070976,24.13056,1,24.196096,4.140032,28.336128
1370,32,128,32,128,35553,3,3.043328,23.962624,1,24.027136,4.108288,28.135424
1371,32,1149,32,1149,35484,3,5.67808,-1,0,83.995651,6.742016,90.737667
1372,32,128,32,128,35549,3,3.108864,24.921087,1,24.992767,4.196352,29.189119
1373,32,1149,32,1149,35496,3,5.709824,-1,0,84.105217,6.774784,90.880001
1374,32,2170,32,2170,35313,3,8.416256,-1,0,150.443008,9.476096,159.919105
1375,32,128,32,128,35384,3,3.129344,24.871937,1,24.942593,4.214784,29.157377
1376,32,128,32,128,35473,3,3.07712,24.525824,1,24.594433,4.160512,28.754945
1377,32,1149,32,1149,35397,3,5.670912,-1,0,83.930115,6.740992,90.671107
1378,32,128,32,128,35475,3,3.117056,25.118719,1,25.189377,4.199424,29.388801
1379,32,128,32,128,35548,3,3.08736,24.557568,1,24.628223,4.164608,28.792831
1380,32,4212,32,4212,35051,3,13.705216,-1,0,278.442993,14.765056,293.208049
1381,32,1148,32,1148,35008,3,5.638144,-1,0,85.510147,6.705152,92.215299
1382,32,2169,32,2169,34813,3,8.400896,-1,0,149.841919,9.46688,159.308799
1383,32,128,32,128,34902,3,3.130368,24.860672,1,24.930304,4.215808,29.146111
1384,32,1149,32,1149,34854,3,5.640192,-1,0,84.529152,6.703104,91.232256
1385,32,128,32,128,34936,3,3.098624,24.853504,1,24.914944,4.187136,29.10208
1386,32,1149,32,1149,34880,3,5.617664,-1,0,84.198402,6.683648,90.882051
1387,32,128,32,128,34964,3,3.105792,24.836096,1,24.906752,4.192256,29.099008
1388,32,1149,32,1149,34906,3,5.66272,-1,0,84.473854,6.72256,91.196414
1389,32,128,32,128,34992,3,3.136512,25.009151,1,25.079807,4.219904,29.299711
1390,32,128,32,128,35071,3,3.073024,24.438784,1,24.506369,4.150272,28.656641
1391,32,1149,32,1149,35009,3,5.679104,-1,0,84.414467,6.742016,91.156483
1392,32,1149,32,1149,34941,3,5.624832,-1,0,85.639168,6.68672,92.325888
1393,32,1149,32,1149,34892,3,5.665792,-1,0,85.207039,6.728704,91.935743
1394,32,1149,32,1149,34827,3,5.66272,-1,0,85.600258,6.728704,92.328962
1395,32,128,32,128,34911,3,3.101696,24.981504,1,25.051136,4.180992,29.232128
1396,32,3191,32,3191,34580,3,10.985472,-1,0,210.877441,12.04736,222.924802
1397,32,128,32,128,34666,3,3.120128,24.96512,1,25.025536,4.204544,29.23008
1398,32,1149,32,1149,34626,3,5.633024,-1,0,84.781059,6.694912,91.475971
1399,32,1149,32,1149,34556,3,5.61152,-1,0,85.455872,6.677504,92.133376
1400,32,128,32,128,34639,3,3.120128,24.915968,1,24.986624,4.210688,29.197312
1401,32,128,32,128,34725,3,3.08736,24.517632,1,24.586241,4.171776,28.758017
1402,32,128,32,128,34801,3,3.06176,24.151039,1,24.211456,4.139008,28.350464
1403,32,128,32,128,34866,3,3.058688,24.068096,1,24.134657,4.141056,28.275713
1404,32,3189,32,3189,34541,3,10.944512,-1,0,209.056763,12.009472,221.066235
1405,32,2170,32,2170,34376,3,8.531968,-1,0,150.945786,9.591808,160.537594
1406,32,128,32,128,34457,3,3.126272,24.974337,1,25.0368,4.211712,29.248512
1407,32,128,32,128,34527,3,3.06688,24.486912,1,24.555519,4.154368,28.709887
1408,32,128,32,128,34606,3,3.053568,24.112127,1,24.17664,4.129792,28.306432
1409,32,1149,32,1149,34547,3,5.620736,-1,0,83.190781,6.684672,89.875453
1410,32,128,32,128,34625,3,3.104768,24.830976,1,24.899584,4.186112,29.085696
1411,32,1149,32,1149,34566,3,5.61152,-1,0,84.368385,6.675456,91.043841
1412,32,128,32,128,34649,3,3.109888,24.815617,1,24.884224,4.191232,29.075456
1413,32,128,32,128,34729,3,3.085312,24.380417,1,24.449024,4.164608,28.613632
1414,32,1149,32,1149,34680,3,5.697536,-1,0,84.301826,6.76352,91.065346
1415,32,128,32,128,34758,3,3.117056,24.912895,1,24.981504,4.205568,29.187072
1416,32,128,32,128,34835,3,3.086336,24.458241,1,24.520704,4.164608,28.685312
1417,32,128,32,128,34920,3,3.057664,24.208384,1,24.266752,4.133888,28.40064
1418,32,128,32,128,35011,3,3.055616,24.015871,1,24.083456,4.13696,28.220416
1419,32,128,32,128,35090,3,3.060736,24.042496,1,24.108032,4.133888,28.24192
1420,32,128,32,128,35171,3,3.063808,24.031233,1,24.096767,4.146176,28.242943
1421,32,128,32,128,35251,3,3.049472,23.919617,1,23.9872,4.127744,28.114944
1422,32,128,32,128,35331,3,3.049472,23.875584,1,23.942144,4.125696,28.067841
1423,32,128,32,128,35406,3,3.047424,23.867392,1,23.933952,4.115456,28.049408
1424,32,128,32,128,35466,3,3.0464,23.906303,1,23.962624,4.132864,28.095488
1425,32,128,32,128,35539,3,3.039232,23.920641,1,23.9872,4.112384,28.099584
1426,32,128,32,128,35611,3,3.054592,23.924736,1,23.990273,4.13184,28.122113
1427,32,1149,32,1149,35552,3,5.692416,-1,0,84.193283,6.755328,90.948611
1428,32,128,32,128,35621,3,3.116032,25.119743,1,25.190399,4.19328,29.383679
1429,32,1149,32,1149,35568,3,5.618688,-1,0,84.485123,6.6816,91.166723
1430,32,2170,32,2170,35384,3,8.543232,-1,0,150.838272,9.604096,160.442369
1431,32,128,32,128,35466,3,3.113984,24.943617,1,25.012224,4.19328,29.205504
1432,32,2170,32,2170,35278,3,8.449024,-1,0,148.884476,9.515008,158.399484
1433,32,1148,32,1148,35205,3,5.665792,-1,0,85.667839,6.733824,92.401663
1434,32,128,32,128,35293,3,3.135488,25.017344,1,25.086975,4.224,29.310975
1435,32,1149,32,1149,35241,3,5.677056,-1,0,84.801537,6.740992,91.542529
1436,32,128,32,128,35329,3,3.13856,25.100288,1,25.16992,4.225024,29.394944
1437,32,128,32,128,35408,3,3.085312,24.702976,1,24.772608,4.16256,28.935168
1438,32,2170,32,2170,35210,3,8.414208,-1,0,148.460541,9.47712,157.937661
1439,32,1149,32,1149,35160,3,5.618688,-1,0,85.367805,6.67648,92.044285
1440,32,1149,32,1149,35082,3,5.615616,-1,0,84.975616,6.67648,91.652096
1441,32,1149,32,1149,35047,3,5.70368,-1,0,85.891075,6.76864,92.659715
1442,32,128,32,128,35133,3,3.110912,25.160704,1,25.230335,4.194304,29.424639
1443,32,128,32,128,35207,3,3.09248,24.50432,1,24.571903,4.173824,28.745727
1444,32,1149,32,1149,35144,3,5.632,-1,0,83.69664,6.695936,90.392576
1445,32,128,32,128,35217,3,3.117056,24.910849,1,24.973312,4.20352,29.176832
1446,32,3191,32,3191,34909,3,10.968064,-1,0,210.26918,12.02688,222.296061
1447,32,3191,32,3191,34611,3,11.004928,-1,0,213.255173,12.063744,225.318916
1448,32,128,32,128,34695,3,3.10784,25.150463,1,25.196545,4.194304,29.390849
1449,32,2170,32,2170,34491,3,8.418304,-1,0,149.368835,9.479168,158.848003
1450,32,1149,32,1149,34434,3,5.612544,-1,0,85.341187,6.669312,92.010499
1451,32,1149,32,1149,34392,3,5.666816,-1,0,86.036484,6.730752,92.767236
1452,32,1148,32,1148,34319,3,5.670912,-1,0,85.898239,6.73792,92.636159
1453,32,128,32,128,34398,3,3.109888,25.028608,1,25.091072,4.190208,29.28128
1454,32,128,32,128,34475,3,3.07712,24.423424,1,24.482817,4.158464,28.641281
1455,32,1149,32,1149,34431,3,5.627904,-1,0,83.363838,6.692864,90.056702
1456,32,128,32,128,34506,3,3.130368,24.909824,1,24.977407,4.217856,29.195263
1457,32,128,32,128,34587,3,3.074048,24.46336,1,24.531967,4.154368,28.686335
1458,32,1149,32,1149,34543,3,5.619712,-1,0,83.864578,6.6816,90.546178
1459,32,1149,32,1149,34480,3,5.620736,-1,0,84.951042,6.685696,91.636738
1460,32,128,32,128,34567,3,3.116032,24.809471,1,24.869888,4.197376,29.067264
1461,32,3191,32,3191,34256,3,10.983424,-1,0,210.636795,12.041216,222.678011
1462,32,128,32,128,34334,3,3.137536,24.929279,1,24.998913,4.226048,29.224961
1463,32,128,32,128,34415,3,3.06688,24.453119,1,24.521729,4.145152,28.666881
1464,32,128,32,128,34495,3,3.049472,24.035328,1,24.096767,4.125696,28.222464
1465,32,128,32,128,34571,3,3.06176,23.954432,1,24.020992,4.134912,28.155904
1466,32,128,32,128,34640,3,3.058688,24.031233,1,24.097792,4.130816,28.228608
1467,32,128,32,128,34702,3,3.037184,23.919617,1,23.986176,4.120576,28.106751
1468,32,128,32,128,34773,3,3.050496,23.904257,1,23.970816,4.118528,28.089344
1469,32,128,32,128,34852,3,3.0464,23.836672,1,23.905279,4.124672,28.029951
1470,32,128,32,128,34923,3,3.040256,23.822336,1,23.887873,4.115456,28.003329
1471,32,128,32,128,34998,3,3.032064,23.856129,1,23.919617,4.108288,28.027905
1472,32,1149,32,1149,34939,3,5.66784,-1,0,83.765251,6.734848,90.500099
1473,32,128,32,128,35024,3,3.109888,24.919041,1,24.988672,4.194304,29.182976
1474,32,128,32,128,35103,3,3.08224,24.369152,1,24.429567,4.159488,28.589056
1475,32,128,32,128,35179,3,3.060736,24.118273,1,24.184832,4.132864,28.317696
1476,32,128,32,128,35248,3,3.060736,24.023041,1,24.090624,4.135936,28.22656
1477,32,2170,32,2170,35064,3,8.409088,-1,0,149.11795,9.467904,158.585855
1478,32,128,32,128,35137,3,3.113984,24.7808,1,24.843264,4.205568,29.048831
1479,32,128,32,128,35216,3,3.072,24.326143,1,24.385536,4.151296,28.536832
1480,32,1149,32,1149,35187,3,5.697536,-1,0,84.464638,6.761472,91.22611
1481,32,128,32,128,35272,3,3.105792,25.071615,1,25.133057,4.185088,29.318145
1482,32,1148,32,1148,35227,3,5.630976,-1,0,83.986435,6.697984,90.684419
1483,32,1149,32,1149,35195,3,5.64224,-1,0,85.79174,6.708224,92.499964
1484,32,128,32,128,35281,3,3.132416,24.851456,1,24.921087,4.214784,29.135871
1485,32,1148,32,1148,35226,3,5.670912,-1,0,83.785728,6.731776,90.517505
1486,32,128,32,128,35302,3,3.129344,24.918016,1,24.986624,4.222976,29.2096
1487,32,128,32,128,35376,3,3.072,24.480768,1,24.540159,4.148224,28.688383
1488,32,1149,32,1149,35319,3,5.624832,-1,0,83.761154,6.680576,90.44173
1489,32,128,32,128,35392,3,3.10272,24.769535,1,24.838144,4.186112,29.024256
1490,32,128,32,128,35469,3,3.075072,24.33024,1,24.398848,4.149248,28.548096
1491,32,1149,32,1149,35428,3,5.699584,-1,0,83.89325,6.76352,90.656769
1492,32,2170,32,2170,35252,3,8.419328,-1,0,151.137283,9.475072,160.612355
1493,32,128,32,128,35322,3,3.109888,24.897535,1,24.968191,4.20864,29.176831
1494,32,2170,32,2170,35134,3,8.421376,-1,0,149.417984,9.479168,158.897152
1495,32,128,32,128,35217,3,3.11296,24.79616,1,24.864767,4.194304,29.059071
1496,32,2170,32,2170,35031,3,8.487936,-1,0,149.573639,9.549824,159.123463
1497,32,1149,32,1149,34982,3,5.694464,-1,0,85.166077,6.755328,91.921405
1498,32,128,32,128,35067,3,3.142656,25.103359,1,25.174017,4.225024,29.399041
1499,32,128,32,128,35142,3,3.081216,24.50432,1,24.573952,4.161536,28.735488
1500,32,3191,32,3191,34842,3,10.98752,-1,0,210.187271,12.043264,222.230536
1501,32,1149,32,1149,34807,3,5.620736,-1,0,85.641212,6.680576,92.321788
1502,32,128,32,128,34883,3,3.096576,24.93952,1,25.006081,4.180992,29.187073
1503,32,2168,32,2168,34671,3,8.508416,-1,0,149.768188,9.572352,159.340541
1504,32,2170,32,2170,34452,3,8.413184,-1,0,149.924866,9.474048,159.398913
1505,32,1149,32,1149,34416,3,5.618688,-1,0,85.375999,6.679552,92.055552
1506,32,1149,32,1149,34370,3,5.696512,-1,0,85.457916,6.760448,92.218364
1507,32,1149,32,1149,34318,3,5.69856,-1,0,86.85363,6.761472,93.615102
1508,32,1149,32,1149,34277,3,5.615616,-1,0,85.800957,6.674432,92.475389
1509,32,128,32,128,34356,3,3.104768,24.732672,1,24.801279,4.186112,28.987391
1510,32,1149,32,1149,34286,3,5.623808,-1,0,84.069374,6.683648,90.753022
1511,32,128,32,128,34357,3,3.11296,24.802303,1,24.869888,4.196352,29.06624
1512,32,128,32,128,34431,3,3.065856,24.378368,1,24.446976,4.154368,28.601344
1513,32,128,32,128,34510,3,3.057664,24.100864,1,24.165377,4.141056,28.306433
1514,32,128,32,128,34594,3,3.042304,23.888897,1,23.95648,4.11648,28.07296
1515,32,128,32,128,34675,3,3.037184,23.847937,1,23.914495,4.11136,28.025856
1516,32,128,32,128,34747,3,3.044352,23.894016,1,23.960575,4.11648,28.077055
1517,32,1149,32,1149,34687,3,5.665792,-1,0,83.367935,6.72768,90.095615
1518,32,128,32,128,34769,3,3.109888,24.951809,1,25.013248,4.192256,29.205504
1519,32,128,32,128,34839,3,3.07712,24.399872,1,24.465408,4.160512,28.62592
1520,32,1149,32,1149,34777,3,5.63712,-1,0,83.648514,6.701056,90.34957
1521,32,128,32,128,34858,3,3.11808,24.783873,1,24.85248,4.204544,29.057024
1522,32,1149,32,1149,34811,3,5.614592,-1,0,84.249603,6.67648,90.926083
1523,32,128,32,128,34889,3,3.125248,24.840193,1,24.907776,4.214784,29.12256
1524,32,128,32,128,34969,3,3.074048,24.445951,1,24.511488,4.146176,28.657664
1525,32,1149,32,1149,34904,3,5.67808,-1,0,83.744766,6.738944,90.48371
1526,32,128,32,128,34988,3,3.116032,24.969215,1,25.039871,4.1984,29.238271
1527,32,128,32,128,35057,3,3.093504,24.486912,1,24.554497,4.178944,28.733441
1528,32,128,32,128,35133,3,3.062784,24.125441,1,24.210432,4.143104,28.353536
1529,32,128,32,128,35210,3,3.060736,24.065023,1,24.13056,4.13184,28.2624
1530,32,1149,32,1149,35148,3,5.675008,-1,0,84.361214,6.735872,91.097085
1531,32,128,32,128,35229,3,3.116032,24.873983,1,24.935425,4.21376,29.149185
1532,32,128,32,128,35308,3,3.085312,24.471552,1,24.531967,4.164608,28.696575
1533,32,1149,32,1149,35267,3,5.64736,-1,0,84.023293,6.710272,90.733564
1534,32,128,32,128,35333,3,3.122176,24.853504,1,24.922112,4.197376,29.119487
1535,32,128,32,128,35412,3,3.07712,24.406015,1,24.474625,4.155392,28.630017
1536,32,128,32,128,35490,3,3.067904,24.133633,1,24.200191,4.141056,28.341248
1537,32,1149,32,1149,35438,3,5.623808,-1,0,83.192833,6.689792,89.882625
1538,32,1149,32,1149,35390,3,5.622784,-1,0,85.343231,6.683648,92.026879
1539,32,1148,32,1148,35337,3,5.614592,-1,0,84.619263,6.672384,91.291646
1540,32,1149,32,1149,35290,3,5.62176,-1,0,85.361664,6.684672,92.046336
1541,32,128,32,128,35369,3,3.094528,24.829952,1,24.891392,4.17792,29.069312
1542,32,1149,32,1149,35325,3,5.692416,-1,0,84.156418,6.75328,90.909698
1543,32,128,32,128,35404,3,3.121152,25.054209,1,25.115648,4.204544,29.320192
1544,32,1149,32,1149,35351,3,5.624832,-1,0,84.801537,6.682624,91.48416
1545,32,1149,32,1149,35308,3,5.702656,-1,0,85.582848,6.762496,92.345344
1546,32,3190,32,3190,34990,3,11.0848,-1,0,214.961151,12.151808,227.112959
1547,32,128,32,128,35067,3,3.14368,25.033728,1,25.104383,4.22912,29.333503
1548,32,128,32,128,35149,3,3.083264,24.596479,1,24.664064,4.16256,28.826624
1549,32,128,32,128,35220,3,3.080192,24.27392,1,24.340481,4.16256,28.503041
1550,32,1149,32,1149,35192,3,5.633024,-1,0,83.399681,6.69696,90.096641
1551,32,128,32,128,35259,3,3.111936,24.938496,1,24.999935,4.19328,29.193215
1552,32,128,32,128,35344,3,3.091456,24.510464,1,24.573952,4.169728,28.74368
1553,32,1149,32,1149,35278,3,5.632,-1,0,84.02739,6.69696,90.724349
1554,32,1149,32,1149,35213,3,5.64224,-1,0,85.766144,6.703104,92.469248
1555,32,1149,32,1149,35159,3,5.624832,-1,0,85.582848,6.687744,92.270592
1556,32,4211,32,4211,34672,3,13.681664,-1,0,278.547455,14.739456,293.286911
1557,32,4211,32,4211,34235,3,13.68576,-1,0,280.731659,14.751744,295.483403
1558,32,128,32,128,34323,3,3.10272,25.021441,1,25.092096,4.185088,29.277184
1559,32,128,32,128,34408,3,3.081216,24.441856,1,24.499201,4.159488,28.658689
1560,32,2170,32,2170,34210,3,8.435712,-1,0,148.272125,9.501696,157.773821
1561,32,128,32,128,34296,3,3.120128,24.859648,1,24.921087,4.207616,29.128703
1562,32,1149,32,1149,34243,3,5.619712,-1,0,84.156418,6.683648,90.840066
1563,32,128,32,128,34318,3,3.125248,24.785919,1,24.854528,4.206592,29.061121
1564,32,128,32,128,34377,3,3.075072,24.398848,1,24.467457,4.153344,28.620801
1565,32,1149,32,1149,34318,3,5.669888,-1,0,84.264961,6.734848,90.999809
1566,32,1149,32,1149,34282,3,5.612544,-1,0,85.557251,6.683648,92.240899
1567,32,128,32,128,34365,3,3.115008,24.707071,1,24.76544,4.201472,28.966912
1568,32,1149,32,1149,34325,3,5.632,-1,0,83.971069,6.693888,90.664958
1569,32,128,32,128,34407,3,3.111936,24.793089,1,24.861696,4.19328,29.054976
1570,32,128,32,128,34491,3,3.072,24.370176,1,24.430592,4.150272,28.580863
1571,32,128,32,128,34568,3,3.055616,24.101889,1,24.160255,4.133888,28.294143
1572,32,128,32,128,34635,3,3.047424,23.885824,1,23.951361,4.124672,28.076033
1573,32,128,32,128,34710,3,3.049472,23.83872,1,23.904257,4.127744,28.032001
1574,32,1148,32,1148,34650,3,5.661696,-1,0,83.340286,6.725632,90.065918
1575,32,1149,32,1149,34606,3,5.640192,-1,0,86.590462,6.704128,93.29459
1576,32,128,32,128,34690,3,3.121152,24.850431,1,24.918016,4.205568,29.123584
1577,32,128,32,128,34778,3,3.075072,24.424448,1,24.493055,4.149248,28.642303
1578,32,128,32,128,34861,3,3.059712,24.077312,1,24.144896,4.139008,28.283904
1579,32,128,32,128,34949,3,3.050496,23.881727,1,23.949312,4.125696,28.075008
1580,32,128,32,128,35026,3,3.050496,23.851007,1,23.9104,4.130816,28.041216
1581,32,128,32,128,35097,3,3.048448,23.857153,1,23.914495,4.127744,28.04224
1582,32,128,32,128,35173,3,3.054592,23.965696,1,24.022017,4.130816,28.152833
1583,32,128,32,128,35261,3,3.058688,23.950336,1,24.015871,4.137984,28.153855
