step,sched_reqs,sched_tokens,batch,num_query_tokens,sum_seq_len,num_spec_tokens,draft_ms,step_ms
0,32,64,-1,-1,-1,-1,-1,4958.000977
1,32,32,-1,-1,-1,-1,-1,17.7152
2,0,-1,-1,-1,-1,-1,-1,0.004096
3,1,513,-1,-1,-1,-1,-1,66.795517
4,18,8192,-1,-1,-1,-1,-1,519.034851
5,32,7229,-1,-1,-1,-1,-1,431.982605
6,32,32,-1,-1,-1,-1,-1,15.598592
7,32,32,-1,-1,-1,-1,-1,15.489024
8,32,32,-1,-1,-1,-1,-1,15.430656
9,32,32,-1,-1,-1,-1,-1,15.40608
10,32,32,-1,-1,-1,-1,-1,15.387648
11,32,32,-1,-1,-1,-1,-1,15.386624
12,32,32,-1,-1,-1,-1,-1,15.387648
13,32,32,-1,-1,-1,-1,-1,15.386624
14,32,32,-1,-1,-1,-1,-1,15.341568
15,32,32,-1,-1,-1,-1,-1,15.336448
16,32,32,-1,-1,-1,-1,-1,15.335424
17,32,32,-1,-1,-1,-1,-1,15.3344
18,32,32,-1,-1,-1,-1,-1,15.350784
19,32,32,-1,-1,-1,-1,-1,15.367168
20,32,32,-1,-1,-1,-1,-1,15.379456
21,32,32,-1,-1,-1,-1,-1,15.373312
22,32,32,-1,-1,-1,-1,-1,15.36512
23,32,32,-1,-1,-1,-1,-1,15.33952
24,32,32,-1,-1,-1,-1,-1,15.345664
25,32,32,-1,-1,-1,-1,-1,15.333376
26,32,32,-1,-1,-1,-1,-1,15.343616
27,32,32,-1,-1,-1,-1,-1,15.358976
28,32,32,-1,-1,-1,-1,-1,15.346688
29,32,32,-1,-1,-1,-1,-1,15.34976
30,32,32,-1,-1,-1,-1,-1,15.342592
31,32,32,-1,-1,-1,-1,-1,15.346688
32,32,32,-1,-1,-1,-1,-1,15.330304
33,32,32,-1,-1,-1,-1,-1,15.35488
34,32,32,-1,-1,-1,-1,-1,15.342592
35,32,32,-1,-1,-1,-1,-1,15.376384
36,32,32,-1,-1,-1,-1,-1,15.372288
37,32,32,-1,-1,-1,-1,-1,15.377408
38,32,32,-1,-1,-1,-1,-1,15.37024
39,32,32,-1,-1,-1,-1,-1,15.36512
40,32,32,-1,-1,-1,-1,-1,15.358976
41,32,32,-1,-1,-1,-1,-1,15.362048
42,32,32,-1,-1,-1,-1,-1,15.368192
43,32,32,-1,-1,-1,-1,-1,15.368192
44,32,32,-1,-1,-1,-1,-1,15.371264
45,32,32,-1,-1,-1,-1,-1,15.37536
46,32,32,-1,-1,-1,-1,-1,15.37536
47,32,32,-1,-1,-1,-1,-1,15.374336
48,32,32,-1,-1,-1,-1,-1,15.374336
49,32,32,-1,-1,-1,-1,-1,15.373312
50,32,32,-1,-1,-1,-1,-1,15.387648
51,32,32,-1,-1,-1,-1,-1,15.397888
52,32,32,-1,-1,-1,-1,-1,15.392768
53,32,32,-1,-1,-1,-1,-1,15.39584
54,32,32,-1,-1,-1,-1,-1,15.393792
55,32,32,-1,-1,-1,-1,-1,15.3856
56,32,32,-1,-1,-1,-1,-1,15.39584
57,32,32,-1,-1,-1,-1,-1,15.397888
58,32,32,-1,-1,-1,-1,-1,15.401984
59,32,32,-1,-1,-1,-1,-1,15.387648
60,32,32,-1,-1,-1,-1,-1,15.396864
61,32,32,-1,-1,-1,-1,-1,15.415296
62,32,32,-1,-1,-1,-1,-1,15.397888
63,32,32,-1,-1,-1,-1,-1,15.407104
64,32,32,-1,-1,-1,-1,-1,15.407104
65,32,32,-1,-1,-1,-1,-1,15.412224
66,32,32,-1,-1,-1,-1,-1,15.414272
67,32,32,-1,-1,-1,-1,-1,15.442944
68,32,32,-1,-1,-1,-1,-1,15.4368
69,32,32,-1,-1,-1,-1,-1,15.44704
70,32,32,-1,-1,-1,-1,-1,15.454208
71,32,32,-1,-1,-1,-1,-1,15.420416
72,32,32,-1,-1,-1,-1,-1,15.43168
73,32,32,-1,-1,-1,-1,-1,15.439872
74,32,32,-1,-1,-1,-1,-1,15.44704
75,32,32,-1,-1,-1,-1,-1,15.448064
76,32,32,-1,-1,-1,-1,-1,15.440896
77,32,32,-1,-1,-1,-1,-1,15.4368
78,32,32,-1,-1,-1,-1,-1,15.448064
79,32,32,-1,-1,-1,-1,-1,15.446016
80,32,32,-1,-1,-1,-1,-1,15.453184
81,32,32,-1,-1,-1,-1,-1,15.45728
82,32,32,-1,-1,-1,-1,-1,15.464448
83,32,32,-1,-1,-1,-1,-1,15.474688
84,32,32,-1,-1,-1,-1,-1,15.475712
85,32,32,-1,-1,-1,-1,-1,15.484928
86,32,32,-1,-1,-1,-1,-1,15.483904
87,32,32,-1,-1,-1,-1,-1,15.465472
88,32,32,-1,-1,-1,-1,-1,15.47264
89,32,32,-1,-1,-1,-1,-1,15.463424
90,32,32,-1,-1,-1,-1,-1,15.464448
91,32,32,-1,-1,-1,-1,-1,15.485952
92,32,32,-1,-1,-1,-1,-1,15.480832
93,32,32,-1,-1,-1,-1,-1,15.481856
94,32,32,-1,-1,-1,-1,-1,15.481856
95,32,32,-1,-1,-1,-1,-1,15.491072
96,32,32,-1,-1,-1,-1,-1,15.486976
97,32,32,-1,-1,-1,-1,-1,15.488
98,32,32,-1,-1,-1,-1,-1,15.497216
99,32,32,-1,-1,-1,-1,-1,15.509504
100,32,32,-1,-1,-1,-1,-1,15.512576
101,32,32,-1,-1,-1,-1,-1,15.525888
102,32,32,-1,-1,-1,-1,-1,15.5136
103,32,32,-1,-1,-1,-1,-1,15.511552
104,32,32,-1,-1,-1,-1,-1,15.50336
105,32,32,-1,-1,-1,-1,-1,15.494144
106,32,32,-1,-1,-1,-1,-1,15.5136
107,32,32,-1,-1,-1,-1,-1,15.525888
108,32,32,-1,-1,-1,-1,-1,15.5136
109,32,32,-1,-1,-1,-1,-1,15.521792
110,32,528,-1,-1,-1,-1,-1,48.029697
111,32,32,-1,-1,-1,-1,-1,15.533056
112,32,32,-1,-1,-1,-1,-1,15.5136
113,32,32,-1,-1,-1,-1,-1,15.50848
114,32,32,-1,-1,-1,-1,-1,15.516672
115,32,32,-1,-1,-1,-1,-1,15.5392
116,32,32,-1,-1,-1,-1,-1,15.540224
117,32,32,-1,-1,-1,-1,-1,15.548416
118,32,32,-1,-1,-1,-1,-1,15.55968
119,32,528,-1,-1,-1,-1,-1,48.037888
120,32,528,-1,-1,-1,-1,-1,48.017406
121,32,32,-1,-1,-1,-1,-1,15.54432
122,32,32,-1,-1,-1,-1,-1,15.522816
123,32,1520,-1,-1,-1,-1,-1,95.797249
124,32,528,-1,-1,-1,-1,-1,49.241089
125,32,1024,-1,-1,-1,-1,-1,68.968445
126,32,528,-1,-1,-1,-1,-1,48.915455
127,32,1520,-1,-1,-1,-1,-1,96.931839
128,32,1520,-1,-1,-1,-1,-1,97.808388
129,32,1024,-1,-1,-1,-1,-1,70.835197
130,32,528,-1,-1,-1,-1,-1,49.197056
131,32,32,-1,-1,-1,-1,-1,15.471616
132,32,32,-1,-1,-1,-1,-1,15.489024
133,32,528,-1,-1,-1,-1,-1,48.731136
134,32,32,-1,-1,-1,-1,-1,15.485952
135,32,32,-1,-1,-1,-1,-1,15.474688
136,32,1024,-1,-1,-1,-1,-1,68.984833
137,32,1519,-1,-1,-1,-1,-1,97.515518
138,32,32,-1,-1,-1,-1,-1,15.670272
139,32,32,-1,-1,-1,-1,-1,15.60064
140,32,32,-1,-1,-1,-1,-1,15.54944
141,32,32,-1,-1,-1,-1,-1,15.478784
142,32,32,-1,-1,-1,-1,-1,15.49824
143,32,528,-1,-1,-1,-1,-1,48.582657
144,32,1024,-1,-1,-1,-1,-1,69.52243
145,32,527,-1,-1,-1,-1,-1,49.207294
146,32,528,-1,-1,-1,-1,-1,48.503807
147,32,32,-1,-1,-1,-1,-1,15.448064
148,32,1024,-1,-1,-1,-1,-1,69.088257
149,32,32,-1,-1,-1,-1,-1,15.532032
150,32,32,-1,-1,-1,-1,-1,15.466496
151,32,32,-1,-1,-1,-1,-1,15.451136
152,32,32,-1,-1,-1,-1,-1,15.42144
153,32,32,-1,-1,-1,-1,-1,15.423488
154,32,32,-1,-1,-1,-1,-1,15.418368
155,32,32,-1,-1,-1,-1,-1,15.433728
156,32,32,-1,-1,-1,-1,-1,15.417344
157,32,32,-1,-1,-1,-1,-1,15.373312
158,32,32,-1,-1,-1,-1,-1,15.37536
159,32,32,-1,-1,-1,-1,-1,15.376384
160,32,32,-1,-1,-1,-1,-1,15.376384
161,32,32,-1,-1,-1,-1,-1,15.381504
162,32,32,-1,-1,-1,-1,-1,15.387648
163,32,32,-1,-1,-1,-1,-1,15.34464
164,32,32,-1,-1,-1,-1,-1,15.386624
165,32,32,-1,-1,-1,-1,-1,15.376384
166,32,32,-1,-1,-1,-1,-1,15.38048
167,32,32,-1,-1,-1,-1,-1,15.391744
168,32,32,-1,-1,-1,-1,-1,15.396864
169,32,32,-1,-1,-1,-1,-1,15.391744
170,32,32,-1,-1,-1,-1,-1,15.388672
171,32,32,-1,-1,-1,-1,-1,15.369216
172,32,32,-1,-1,-1,-1,-1,15.407104
173,32,32,-1,-1,-1,-1,-1,15.399936
174,32,32,-1,-1,-1,-1,-1,15.396864
175,32,32,-1,-1,-1,-1,-1,15.393792
176,32,32,-1,-1,-1,-1,-1,15.396864
177,32,32,-1,-1,-1,-1,-1,15.384576
178,32,32,-1,-1,-1,-1,-1,15.409152
179,32,32,-1,-1,-1,-1,-1,15.38048
180,32,32,-1,-1,-1,-1,-1,15.41632
181,32,32,-1,-1,-1,-1,-1,15.40608
182,32,32,-1,-1,-1,-1,-1,15.397888
183,32,32,-1,-1,-1,-1,-1,15.414272
184,32,32,-1,-1,-1,-1,-1,15.418368
185,32,32,-1,-1,-1,-1,-1,15.433728
186,32,32,-1,-1,-1,-1,-1,15.407104
187,32,32,-1,-1,-1,-1,-1,15.432704
188,32,32,-1,-1,-1,-1,-1,15.424512
189,32,32,-1,-1,-1,-1,-1,15.43168
190,32,32,-1,-1,-1,-1,-1,15.432704
191,32,32,-1,-1,-1,-1,-1,15.44192
192,32,32,-1,-1,-1,-1,-1,15.446016
193,32,32,-1,-1,-1,-1,-1,15.463424
194,32,32,-1,-1,-1,-1,-1,15.456256
195,32,32,-1,-1,-1,-1,-1,15.422464
196,32,32,-1,-1,-1,-1,-1,15.442944
197,32,32,-1,-1,-1,-1,-1,15.458304
198,32,32,-1,-1,-1,-1,-1,15.446016
199,32,32,-1,-1,-1,-1,-1,15.459328
200,32,32,-1,-1,-1,-1,-1,17.336321
201,32,32,-1,-1,-1,-1,-1,15.470592
202,32,32,-1,-1,-1,-1,-1,15.453184
203,32,32,-1,-1,-1,-1,-1,15.454208
204,32,32,-1,-1,-1,-1,-1,15.476736
205,32,32,-1,-1,-1,-1,-1,15.471616
206,32,32,-1,-1,-1,-1,-1,15.471616
207,32,32,-1,-1,-1,-1,-1,15.48288
208,32,32,-1,-1,-1,-1,-1,15.471616
209,32,32,-1,-1,-1,-1,-1,15.483904
210,32,32,-1,-1,-1,-1,-1,15.485952
211,32,32,-1,-1,-1,-1,-1,15.458304
212,32,32,-1,-1,-1,-1,-1,15.484928
213,32,32,-1,-1,-1,-1,-1,15.490048
214,32,32,-1,-1,-1,-1,-1,15.475712
215,32,32,-1,-1,-1,-1,-1,15.501312
216,32,32,-1,-1,-1,-1,-1,15.495168
217,32,32,-1,-1,-1,-1,-1,15.50848
218,32,32,-1,-1,-1,-1,-1,15.500288
219,32,32,-1,-1,-1,-1,-1,15.497216
220,32,32,-1,-1,-1,-1,-1,15.49824
221,32,32,-1,-1,-1,-1,-1,15.510528
222,32,32,-1,-1,-1,-1,-1,15.516672
223,32,32,-1,-1,-1,-1,-1,15.512576
224,32,32,-1,-1,-1,-1,-1,15.525888
225,32,32,-1,-1,-1,-1,-1,15.514624
226,32,32,-1,-1,-1,-1,-1,15.512576
227,32,32,-1,-1,-1,-1,-1,15.49824
228,32,32,-1,-1,-1,-1,-1,15.533056
229,32,32,-1,-1,-1,-1,-1,15.520768
230,32,32,-1,-1,-1,-1,-1,15.515648
231,32,32,-1,-1,-1,-1,-1,15.52896
232,32,32,-1,-1,-1,-1,-1,15.540224
233,32,32,-1,-1,-1,-1,-1,15.54432
234,32,32,-1,-1,-1,-1,-1,15.540224
235,32,32,-1,-1,-1,-1,-1,15.54432
236,32,32,-1,-1,-1,-1,-1,15.537152
237,32,32,-1,-1,-1,-1,-1,15.553536
238,32,32,-1,-1,-1,-1,-1,15.561728
239,32,32,-1,-1,-1,-1,-1,15.571968
240,32,32,-1,-1,-1,-1,-1,15.555584
241,32,32,-1,-1,-1,-1,-1,15.548416
242,32,528,-1,-1,-1,-1,-1,48.024574
243,32,1024,-1,-1,-1,-1,-1,72.644608
244,32,32,-1,-1,-1,-1,-1,15.63136
245,32,32,-1,-1,-1,-1,-1,15.579136
246,32,32,-1,-1,-1,-1,-1,15.563776
247,32,528,-1,-1,-1,-1,-1,48.500736
248,32,32,-1,-1,-1,-1,-1,15.563776
249,32,528,-1,-1,-1,-1,-1,48.017406
250,32,527,-1,-1,-1,-1,-1,48.005119
251,32,528,-1,-1,-1,-1,-1,48.503807
252,32,32,-1,-1,-1,-1,-1,15.597568
253,32,528,-1,-1,-1,-1,-1,48.318462
254,32,1024,-1,-1,-1,-1,-1,68.374527
255,32,528,-1,-1,-1,-1,-1,48.911362
256,32,1520,-1,-1,-1,-1,-1,97.083389
257,32,32,-1,-1,-1,-1,-1,15.695872
258,32,1024,-1,-1,-1,-1,-1,69.311485
259,32,528,-1,-1,-1,-1,-1,49.321983
260,32,528,-1,-1,-1,-1,-1,48.975872
261,32,528,-1,-1,-1,-1,-1,48.590847
262,32,527,-1,-1,-1,-1,-1,48.482304
263,32,32,-1,-1,-1,-1,-1,15.492096
264,32,528,-1,-1,-1,-1,-1,48.510975
265,32,528,-1,-1,-1,-1,-1,48.488449
266,32,527,-1,-1,-1,-1,-1,48.498688
267,32,528,-1,-1,-1,-1,-1,48.493568
268,32,528,-1,-1,-1,-1,-1,48.467968
269,32,32,-1,-1,-1,-1,-1,15.461376
270,32,528,-1,-1,-1,-1,-1,48.459778
271,32,528,-1,-1,-1,-1,-1,48.444416
272,32,32,-1,-1,-1,-1,-1,15.4624
273,32,32,-1,-1,-1,-1,-1,15.449088
274,32,32,-1,-1,-1,-1,-1,15.469568
275,32,32,-1,-1,-1,-1,-1,15.47776
276,32,32,-1,-1,-1,-1,-1,15.45216
277,32,32,-1,-1,-1,-1,-1,15.42144
278,32,32,-1,-1,-1,-1,-1,15.41632
279,32,1520,-1,-1,-1,-1,-1,96.446465
280,32,32,-1,-1,-1,-1,-1,15.6416
281,32,32,-1,-1,-1,-1,-1,15.579136
282,32,32,-1,-1,-1,-1,-1,15.484928
283,32,528,-1,-1,-1,-1,-1,48.42701
284,32,32,-1,-1,-1,-1,-1,15.455232
285,32,32,-1,-1,-1,-1,-1,15.439872
286,32,527,-1,-1,-1,-1,-1,48.059391
287,32,32,-1,-1,-1,-1,-1,15.392768
288,32,32,-1,-1,-1,-1,-1,15.368192
289,32,32,-1,-1,-1,-1,-1,15.347712
290,32,32,-1,-1,-1,-1,-1,15.368192
291,32,32,-1,-1,-1,-1,-1,15.378432
292,32,32,-1,-1,-1,-1,-1,15.37536
293,32,32,-1,-1,-1,-1,-1,15.38048
294,32,32,-1,-1,-1,-1,-1,15.355904
295,32,32,-1,-1,-1,-1,-1,15.374336
296,32,32,-1,-1,-1,-1,-1,15.381504
297,32,32,-1,-1,-1,-1,-1,15.388672
298,32,32,-1,-1,-1,-1,-1,15.377408
299,32,32,-1,-1,-1,-1,-1,15.386624
300,32,32,-1,-1,-1,-1,-1,15.389696
301,32,32,-1,-1,-1,-1,-1,15.379456
302,32,32,-1,-1,-1,-1,-1,15.398912
303,32,32,-1,-1,-1,-1,-1,15.403008
304,32,32,-1,-1,-1,-1,-1,15.3856
305,32,32,-1,-1,-1,-1,-1,15.372288
306,32,32,-1,-1,-1,-1,-1,15.408128
307,32,32,-1,-1,-1,-1,-1,15.394816
308,32,32,-1,-1,-1,-1,-1,15.407104
309,32,32,-1,-1,-1,-1,-1,15.410176
310,32,32,-1,-1,-1,-1,-1,15.387648
311,32,32,-1,-1,-1,-1,-1,15.408128
312,32,32,-1,-1,-1,-1,-1,15.408128
313,32,32,-1,-1,-1,-1,-1,15.42656
314,32,32,-1,-1,-1,-1,-1,15.409152
315,32,32,-1,-1,-1,-1,-1,15.412224
316,32,32,-1,-1,-1,-1,-1,15.420416
317,32,32,-1,-1,-1,-1,-1,15.427584
318,32,32,-1,-1,-1,-1,-1,15.4368
319,32,32,-1,-1,-1,-1,-1,15.44704
320,32,32,-1,-1,-1,-1,-1,15.43168
321,32,32,-1,-1,-1,-1,-1,15.428608
322,32,32,-1,-1,-1,-1,-1,15.454208
323,32,32,-1,-1,-1,-1,-1,15.437824
324,32,32,-1,-1,-1,-1,-1,15.440896
325,32,32,-1,-1,-1,-1,-1,15.448064
326,32,32,-1,-1,-1,-1,-1,15.448064
327,32,32,-1,-1,-1,-1,-1,15.45216
328,32,32,-1,-1,-1,-1,-1,15.480832
329,32,32,-1,-1,-1,-1,-1,15.461376
330,32,32,-1,-1,-1,-1,-1,15.448064
331,32,32,-1,-1,-1,-1,-1,15.454208
332,32,32,-1,-1,-1,-1,-1,15.451136
333,32,32,-1,-1,-1,-1,-1,15.4624
334,32,32,-1,-1,-1,-1,-1,15.46752
335,32,32,-1,-1,-1,-1,-1,15.4624
336,32,32,-1,-1,-1,-1,-1,15.470592
337,32,32,-1,-1,-1,-1,-1,15.456256
338,32,32,-1,-1,-1,-1,-1,15.46752
339,32,32,-1,-1,-1,-1,-1,15.480832
340,32,32,-1,-1,-1,-1,-1,15.486976
341,32,32,-1,-1,-1,-1,-1,15.481856
342,32,32,-1,-1,-1,-1,-1,15.46752
343,32,32,-1,-1,-1,-1,-1,15.495168
344,32,32,-1,-1,-1,-1,-1,15.49312
345,32,32,-1,-1,-1,-1,-1,15.504384
346,32,32,-1,-1,-1,-1,-1,15.480832
347,32,32,-1,-1,-1,-1,-1,15.492096
348,32,32,-1,-1,-1,-1,-1,15.50336
349,32,32,-1,-1,-1,-1,-1,15.489024
350,32,32,-1,-1,-1,-1,-1,15.5136
351,32,32,-1,-1,-1,-1,-1,15.496192
352,32,32,-1,-1,-1,-1,-1,15.531008
353,32,32,-1,-1,-1,-1,-1,15.488
354,32,32,-1,-1,-1,-1,-1,15.514624
355,32,32,-1,-1,-1,-1,-1,15.517696
356,32,32,-1,-1,-1,-1,-1,15.516672
357,32,32,-1,-1,-1,-1,-1,15.512576
358,32,32,-1,-1,-1,-1,-1,15.507456
359,32,32,-1,-1,-1,-1,-1,15.533056
360,32,32,-1,-1,-1,-1,-1,15.517696
361,32,527,-1,-1,-1,-1,-1,48.004097
362,32,528,-1,-1,-1,-1,-1,48.086018
363,32,32,-1,-1,-1,-1,-1,15.588352
364,32,32,-1,-1,-1,-1,-1,15.567872
365,32,32,-1,-1,-1,-1,-1,15.562752
366,32,32,-1,-1,-1,-1,-1,15.577088
367,32,32,-1,-1,-1,-1,-1,15.548416
368,32,32,-1,-1,-1,-1,-1,15.53408
369,32,528,-1,-1,-1,-1,-1,47.995903
370,32,32,-1,-1,-1,-1,-1,15.577088
371,32,32,-1,-1,-1,-1,-1,15.565824
372,32,528,-1,-1,-1,-1,-1,48.486401
373,32,32,-1,-1,-1,-1,-1,15.587328
374,32,1023,-1,-1,-1,-1,-1,69.076988
375,32,32,-1,-1,-1,-1,-1,15.668224
376,32,32,-1,-1,-1,-1,-1,15.607808
377,32,32,-1,-1,-1,-1,-1,15.587328
378,32,1023,-1,-1,-1,-1,-1,69.224449
379,32,528,-1,-1,-1,-1,-1,49.319935
380,32,528,-1,-1,-1,-1,-1,48.575489
381,32,32,-1,-1,-1,-1,-1,15.571968
382,32,1024,-1,-1,-1,-1,-1,69.161987
383,32,32,-1,-1,-1,-1,-1,15.643648
384,32,1519,-1,-1,-1,-1,-1,97.191933
385,32,32,-1,-1,-1,-1,-1,15.7184
386,32,32,-1,-1,-1,-1,-1,15.654912
387,32,32,-1,-1,-1,-1,-1,15.592448
388,32,528,-1,-1,-1,-1,-1,48.667648
389,32,528,-1,-1,-1,-1,-1,48.656384
390,32,32,-1,-1,-1,-1,-1,15.543296
391,32,528,-1,-1,-1,-1,-1,48.650242
392,32,528,-1,-1,-1,-1,-1,48.550911
393,32,528,-1,-1,-1,-1,-1,48.519169
394,32,528,-1,-1,-1,-1,-1,48.519169
395,32,32,-1,-1,-1,-1,-1,15.515648
396,32,528,-1,-1,-1,-1,-1,48.546818
397,32,32,-1,-1,-1,-1,-1,15.490048
398,32,528,-1,-1,-1,-1,-1,48.550911
399,32,32,-1,-1,-1,-1,-1,15.514624
400,32,32,-1,-1,-1,-1,-1,15.442944
401,32,1024,-1,-1,-1,-1,-1,68.633598
402,32,32,-1,-1,-1,-1,-1,15.56992
403,32,528,-1,-1,-1,-1,-1,48.616447
404,32,1520,-1,-1,-1,-1,-1,97.509377
405,32,528,-1,-1,-1,-1,-1,49.800194
406,32,528,-1,-1,-1,-1,-1,48.623615
407,32,32,-1,-1,-1,-1,-1,15.453184
408,32,32,-1,-1,-1,-1,-1,15.423488
409,32,32,-1,-1,-1,-1,-1,15.42656
410,32,32,-1,-1,-1,-1,-1,15.43168
411,32,32,-1,-1,-1,-1,-1,15.39072
412,32,32,-1,-1,-1,-1,-1,15.387648
413,32,32,-1,-1,-1,-1,-1,15.353856
414,32,32,-1,-1,-1,-1,-1,15.38048
415,32,32,-1,-1,-1,-1,-1,15.415296
416,32,32,-1,-1,-1,-1,-1,15.422464
417,32,32,-1,-1,-1,-1,-1,15.4112
418,32,32,-1,-1,-1,-1,-1,15.394816
419,32,32,-1,-1,-1,-1,-1,15.4112
420,32,32,-1,-1,-1,-1,-1,15.418368
421,32,32,-1,-1,-1,-1,-1,15.422464
422,32,32,-1,-1,-1,-1,-1,15.424512
423,32,32,-1,-1,-1,-1,-1,15.413248
424,32,32,-1,-1,-1,-1,-1,15.42144
425,32,32,-1,-1,-1,-1,-1,15.433728
426,32,32,-1,-1,-1,-1,-1,15.43168
427,32,32,-1,-1,-1,-1,-1,15.418368
428,32,32,-1,-1,-1,-1,-1,15.412224
429,32,528,-1,-1,-1,-1,-1,47.996929
430,32,32,-1,-1,-1,-1,-1,15.454208
431,32,32,-1,-1,-1,-1,-1,15.434752
432,32,32,-1,-1,-1,-1,-1,15.45216
433,32,32,-1,-1,-1,-1,-1,15.458304
434,32,32,-1,-1,-1,-1,-1,15.440896
435,32,32,-1,-1,-1,-1,-1,15.430656
436,32,32,-1,-1,-1,-1,-1,15.418368
437,32,32,-1,-1,-1,-1,-1,15.434752
438,32,32,-1,-1,-1,-1,-1,15.42144
439,32,32,-1,-1,-1,-1,-1,15.423488
440,32,32,-1,-1,-1,-1,-1,15.415296
441,32,32,-1,-1,-1,-1,-1,15.419392
442,32,32,-1,-1,-1,-1,-1,15.412224
443,32,32,-1,-1,-1,-1,-1,15.429632
444,32,32,-1,-1,-1,-1,-1,15.430656
445,32,32,-1,-1,-1,-1,-1,15.437824
446,32,32,-1,-1,-1,-1,-1,15.43168
447,32,32,-1,-1,-1,-1,-1,15.433728
448,32,32,-1,-1,-1,-1,-1,15.450112
449,32,32,-1,-1,-1,-1,-1,15.446016
450,32,32,-1,-1,-1,-1,-1,15.427584
451,32,32,-1,-1,-1,-1,-1,15.451136
452,32,32,-1,-1,-1,-1,-1,15.444992
453,32,32,-1,-1,-1,-1,-1,15.468544
454,32,32,-1,-1,-1,-1,-1,15.473664
455,32,32,-1,-1,-1,-1,-1,15.459328
456,32,32,-1,-1,-1,-1,-1,15.465472
457,32,32,-1,-1,-1,-1,-1,15.456256
458,32,32,-1,-1,-1,-1,-1,15.46752
459,32,32,-1,-1,-1,-1,-1,15.48288
460,32,32,-1,-1,-1,-1,-1,15.474688
461,32,32,-1,-1,-1,-1,-1,15.475712
462,32,32,-1,-1,-1,-1,-1,15.473664
463,32,32,-1,-1,-1,-1,-1,15.470592
464,32,32,-1,-1,-1,-1,-1,15.474688
465,32,32,-1,-1,-1,-1,-1,15.48288
466,32,32,-1,-1,-1,-1,-1,15.459328
467,32,32,-1,-1,-1,-1,-1,15.480832
468,32,32,-1,-1,-1,-1,-1,15.480832
469,32,32,-1,-1,-1,-1,-1,15.505408
470,32,32,-1,-1,-1,-1,-1,15.500288
471,32,32,-1,-1,-1,-1,-1,15.504384
472,32,32,-1,-1,-1,-1,-1,15.501312
473,32,32,-1,-1,-1,-1,-1,15.494144
474,32,32,-1,-1,-1,-1,-1,15.505408
475,32,32,-1,-1,-1,-1,-1,15.529984
476,32,32,-1,-1,-1,-1,-1,15.497216
477,32,32,-1,-1,-1,-1,-1,15.515648
478,32,32,-1,-1,-1,-1,-1,15.51872
479,32,32,-1,-1,-1,-1,-1,15.514624
480,32,32,-1,-1,-1,-1,-1,15.522816
481,32,32,-1,-1,-1,-1,-1,15.536128
482,32,32,-1,-1,-1,-1,-1,15.495168
483,32,32,-1,-1,-1,-1,-1,15.522816
484,32,528,-1,-1,-1,-1,-1,48.03072
485,32,32,-1,-1,-1,-1,-1,15.574016
486,32,32,-1,-1,-1,-1,-1,15.562752
487,32,32,-1,-1,-1,-1,-1,15.5648
488,32,32,-1,-1,-1,-1,-1,15.56992
489,32,32,-1,-1,-1,-1,-1,15.570944
490,32,32,-1,-1,-1,-1,-1,15.53408
491,32,1024,-1,-1,-1,-1,-1,68.653053
492,32,32,-1,-1,-1,-1,-1,15.674368
493,32,32,-1,-1,-1,-1,-1,15.608832
494,32,32,-1,-1,-1,-1,-1,15.557632
495,32,32,-1,-1,-1,-1,-1,15.555584
496,32,32,-1,-1,-1,-1,-1,15.57504
497,32,32,-1,-1,-1,-1,-1,15.591424
498,32,527,-1,-1,-1,-1,-1,48.138241
499,32,32,-1,-1,-1,-1,-1,15.541248
500,32,528,-1,-1,-1,-1,-1,48.034817
501,32,32,-1,-1,-1,-1,-1,15.558656
502,32,32,-1,-1,-1,-1,-1,15.553536
503,32,528,-1,-1,-1,-1,-1,48.574463
504,32,527,-1,-1,-1,-1,-1,48.577538
505,32,32,-1,-1,-1,-1,-1,15.578112
506,32,528,-1,-1,-1,-1,-1,48.498688
507,32,1023,-1,-1,-1,-1,-1,69.531647
508,32,528,-1,-1,-1,-1,-1,49.196033
509,32,32,-1,-1,-1,-1,-1,15.576064
510,32,528,-1,-1,-1,-1,-1,48.523266
511,32,32,-1,-1,-1,-1,-1,15.53408
512,32,528,-1,-1,-1,-1,-1,48.535553
513,32,32,-1,-1,-1,-1,-1,15.527936
514,32,1024,-1,-1,-1,-1,-1,69.250046
515,32,32,-1,-1,-1,-1,-1,15.619072
516,32,528,-1,-1,-1,-1,-1,48.731136
517,32,528,-1,-1,-1,-1,-1,48.571392
518,32,527,-1,-1,-1,-1,-1,48.420864
519,32,32,-1,-1,-1,-1,-1,15.494144
520,32,528,-1,-1,-1,-1,-1,48.472065
521,32,32,-1,-1,-1,-1,-1,15.5136
522,32,1023,-1,-1,-1,-1,-1,69.141502
523,32,32,-1,-1,-1,-1,-1,15.593472
524,32,32,-1,-1,-1,-1,-1,15.515648
525,32,528,-1,-1,-1,-1,-1,48.626686
526,32,528,-1,-1,-1,-1,-1,48.534527
527,32,32,-1,-1,-1,-1,-1,15.48288
528,32,32,-1,-1,-1,-1,-1,15.470592
529,32,32,-1,-1,-1,-1,-1,15.496192
530,32,528,-1,-1,-1,-1,-1,48.214016
531,32,527,-1,-1,-1,-1,-1,48.428032
532,32,32,-1,-1,-1,-1,-1,15.515648
533,32,528,-1,-1,-1,-1,-1,48.623615
534,32,528,-1,-1,-1,-1,-1,48.610306
535,32,527,-1,-1,-1,-1,-1,48.490498
536,32,32,-1,-1,-1,-1,-1,15.488
537,32,32,-1,-1,-1,-1,-1,15.481856
538,32,32,-1,-1,-1,-1,-1,15.473664
539,32,528,-1,-1,-1,-1,-1,48.271358
540,32,32,-1,-1,-1,-1,-1,15.484928
541,32,528,-1,-1,-1,-1,-1,48.452606
542,32,32,-1,-1,-1,-1,-1,15.48288
543,32,32,-1,-1,-1,-1,-1,15.424512
544,32,32,-1,-1,-1,-1,-1,15.440896
545,32,528,-1,-1,-1,-1,-1,48.236546
546,32,32,-1,-1,-1,-1,-1,15.398912
547,32,32,-1,-1,-1,-1,-1,15.39072
548,32,32,-1,-1,-1,-1,-1,15.391744
549,32,32,-1,-1,-1,-1,-1,15.399936
550,32,32,-1,-1,-1,-1,-1,15.401984
551,32,32,-1,-1,-1,-1,-1,15.393792
552,32,32,-1,-1,-1,-1,-1,15.40096
553,32,32,-1,-1,-1,-1,-1,15.382528
554,32,32,-1,-1,-1,-1,-1,15.393792
555,32,32,-1,-1,-1,-1,-1,15.391744
556,32,32,-1,-1,-1,-1,-1,15.405056
557,32,528,-1,-1,-1,-1,-1,47.994881
558,32,32,-1,-1,-1,-1,-1,15.397888
559,32,32,-1,-1,-1,-1,-1,15.378432
560,32,32,-1,-1,-1,-1,-1,15.383552
561,32,32,-1,-1,-1,-1,-1,15.39072
562,32,32,-1,-1,-1,-1,-1,15.40096
563,32,32,-1,-1,-1,-1,-1,15.39584
564,32,32,-1,-1,-1,-1,-1,15.418368
565,32,32,-1,-1,-1,-1,-1,15.394816
566,32,32,-1,-1,-1,-1,-1,15.404032
567,32,32,-1,-1,-1,-1,-1,15.403008
568,32,32,-1,-1,-1,-1,-1,15.423488
569,32,32,-1,-1,-1,-1,-1,15.42144
570,32,32,-1,-1,-1,-1,-1,15.413248
571,32,32,-1,-1,-1,-1,-1,15.413248
572,32,32,-1,-1,-1,-1,-1,15.423488
573,32,32,-1,-1,-1,-1,-1,15.433728
574,32,32,-1,-1,-1,-1,-1,15.440896
575,32,32,-1,-1,-1,-1,-1,15.414272
576,32,32,-1,-1,-1,-1,-1,15.433728
577,32,32,-1,-1,-1,-1,-1,15.43168
578,32,32,-1,-1,-1,-1,-1,15.446016
579,32,32,-1,-1,-1,-1,-1,15.428608
580,32,32,-1,-1,-1,-1,-1,15.446016
581,32,32,-1,-1,-1,-1,-1,15.455232
582,32,32,-1,-1,-1,-1,-1,15.442944
583,32,32,-1,-1,-1,-1,-1,15.443968
584,32,32,-1,-1,-1,-1,-1,15.448064
585,32,32,-1,-1,-1,-1,-1,15.459328
586,32,32,-1,-1,-1,-1,-1,15.475712
587,32,32,-1,-1,-1,-1,-1,15.442944
588,32,32,-1,-1,-1,-1,-1,15.459328
589,32,32,-1,-1,-1,-1,-1,15.464448
590,32,32,-1,-1,-1,-1,-1,15.473664
591,32,32,-1,-1,-1,-1,-1,15.448064
592,32,32,-1,-1,-1,-1,-1,15.46752
593,32,32,-1,-1,-1,-1,-1,15.470592
594,32,32,-1,-1,-1,-1,-1,15.476736
595,32,32,-1,-1,-1,-1,-1,15.473664
596,32,32,-1,-1,-1,-1,-1,15.4624
597,32,32,-1,-1,-1,-1,-1,15.473664
598,32,32,-1,-1,-1,-1,-1,15.499264
599,32,32,-1,-1,-1,-1,-1,15.49824
600,32,32,-1,-1,-1,-1,-1,15.485952
601,32,32,-1,-1,-1,-1,-1,15.499264
602,32,32,-1,-1,-1,-1,-1,15.495168
603,32,32,-1,-1,-1,-1,-1,15.506432
604,32,32,-1,-1,-1,-1,-1,15.50848
605,32,32,-1,-1,-1,-1,-1,15.494144
606,32,32,-1,-1,-1,-1,-1,15.512576
607,32,528,-1,-1,-1,-1,-1,48.005119
608,32,32,-1,-1,-1,-1,-1,15.561728
609,32,32,-1,-1,-1,-1,-1,15.55456
610,32,32,-1,-1,-1,-1,-1,15.54944
611,32,32,-1,-1,-1,-1,-1,15.557632
612,32,32,-1,-1,-1,-1,-1,15.558656
613,32,32,-1,-1,-1,-1,-1,15.53408
614,32,32,-1,-1,-1,-1,-1,15.517696
615,32,528,-1,-1,-1,-1,-1,48.019455
616,32,32,-1,-1,-1,-1,-1,15.5904
617,32,528,-1,-1,-1,-1,-1,48.434177
618,32,32,-1,-1,-1,-1,-1,15.59552
619,32,32,-1,-1,-1,-1,-1,15.551488
620,32,32,-1,-1,-1,-1,-1,15.565824
621,32,32,-1,-1,-1,-1,-1,15.551488
622,32,32,-1,-1,-1,-1,-1,15.54944
623,32,32,-1,-1,-1,-1,-1,15.511552
624,32,32,-1,-1,-1,-1,-1,15.512576
625,32,528,-1,-1,-1,-1,-1,48.02253
626,32,528,-1,-1,-1,-1,-1,48.493568
627,32,528,-1,-1,-1,-1,-1,48.461823
628,32,528,-1,-1,-1,-1,-1,48.512001
629,32,527,-1,-1,-1,-1,-1,48.416767
630,32,32,-1,-1,-1,-1,-1,15.542272
631,32,32,-1,-1,-1,-1,-1,15.548416
632,32,528,-1,-1,-1,-1,-1,48.458752
633,32,32,-1,-1,-1,-1,-1,15.545344
634,32,32,-1,-1,-1,-1,-1,15.526912
635,32,528,-1,-1,-1,-1,-1,48.466946
636,32,1023,-1,-1,-1,-1,-1,69.542915
637,32,32,-1,-1,-1,-1,-1,15.63136
638,32,528,-1,-1,-1,-1,-1,48.908287
639,32,32,-1,-1,-1,-1,-1,15.54432
640,32,528,-1,-1,-1,-1,-1,48.527359
641,32,32,-1,-1,-1,-1,-1,15.548416
642,32,528,-1,-1,-1,-1,-1,48.489471
643,32,1023,-1,-1,-1,-1,-1,69.38726
644,32,32,-1,-1,-1,-1,-1,15.609856
645,32,32,-1,-1,-1,-1,-1,15.565824
646,32,528,-1,-1,-1,-1,-1,48.680962
647,32,32,-1,-1,-1,-1,-1,15.49824
648,32,1024,-1,-1,-1,-1,-1,69.20192
649,32,528,-1,-1,-1,-1,-1,49.223679
650,32,528,-1,-1,-1,-1,-1,48.909313
651,32,528,-1,-1,-1,-1,-1,48.592896
652,32,32,-1,-1,-1,-1,-1,15.444992
653,32,32,-1,-1,-1,-1,-1,15.438848
654,32,32,-1,-1,-1,-1,-1,15.475712
655,32,1024,-1,-1,-1,-1,-1,69.025795
656,32,32,-1,-1,-1,-1,-1,15.558656
657,32,32,-1,-1,-1,-1,-1,15.463424
658,32,32,-1,-1,-1,-1,-1,15.458304
659,32,32,-1,-1,-1,-1,-1,15.468544
660,32,528,-1,-1,-1,-1,-1,48.481281
661,32,32,-1,-1,-1,-1,-1,15.450112
662,32,32,-1,-1,-1,-1,-1,15.470592
663,32,528,-1,-1,-1,-1,-1,48.538624
664,32,32,-1,-1,-1,-1,-1,15.479808
665,32,32,-1,-1,-1,-1,-1,15.455232
666,32,32,-1,-1,-1,-1,-1,15.461376
667,32,528,-1,-1,-1,-1,-1,48.297985
668,32,32,-1,-1,-1,-1,-1,15.479808
669,32,32,-1,-1,-1,-1,-1,15.468544
670,32,32,-1,-1,-1,-1,-1,15.47264
671,32,32,-1,-1,-1,-1,-1,15.480832
672,32,32,-1,-1,-1,-1,-1,15.46752
673,32,32,-1,-1,-1,-1,-1,15.440896
674,32,32,-1,-1,-1,-1,-1,15.451136
675,32,527,-1,-1,-1,-1,-1,48.090111
676,32,1024,-1,-1,-1,-1,-1,69.550079
677,32,32,-1,-1,-1,-1,-1,15.522816
678,32,32,-1,-1,-1,-1,-1,15.51872
679,32,32,-1,-1,-1,-1,-1,15.476736
680,32,32,-1,-1,-1,-1,-1,15.4368
681,32,32,-1,-1,-1,-1,-1,15.466496
682,32,32,-1,-1,-1,-1,-1,15.437824
683,32,32,-1,-1,-1,-1,-1,15.461376
684,32,32,-1,-1,-1,-1,-1,15.443968
685,32,32,-1,-1,-1,-1,-1,15.43168
686,32,32,-1,-1,-1,-1,-1,15.415296
687,32,528,-1,-1,-1,-1,-1,48.036865
688,32,32,-1,-1,-1,-1,-1,15.47776
689,32,32,-1,-1,-1,-1,-1,15.451136
690,32,32,-1,-1,-1,-1,-1,15.44192
691,32,32,-1,-1,-1,-1,-1,15.454208
692,32,32,-1,-1,-1,-1,-1,15.461376
693,32,32,-1,-1,-1,-1,-1,15.40096
694,32,32,-1,-1,-1,-1,-1,15.412224
695,32,32,-1,-1,-1,-1,-1,15.415296
696,32,32,-1,-1,-1,-1,-1,15.422464
697,32,32,-1,-1,-1,-1,-1,15.41632
698,32,32,-1,-1,-1,-1,-1,15.420416
699,32,32,-1,-1,-1,-1,-1,15.424512
700,32,32,-1,-1,-1,-1,-1,15.403008
701,32,32,-1,-1,-1,-1,-1,15.428608
702,32,32,-1,-1,-1,-1,-1,15.425536
703,32,32,-1,-1,-1,-1,-1,15.433728
704,32,32,-1,-1,-1,-1,-1,15.454208
705,32,32,-1,-1,-1,-1,-1,15.448064
706,32,32,-1,-1,-1,-1,-1,15.448064
707,32,32,-1,-1,-1,-1,-1,15.427584
708,32,32,-1,-1,-1,-1,-1,15.451136
709,32,32,-1,-1,-1,-1,-1,15.433728
710,32,32,-1,-1,-1,-1,-1,15.45216
711,32,32,-1,-1,-1,-1,-1,15.46752
712,32,32,-1,-1,-1,-1,-1,15.465472
713,32,32,-1,-1,-1,-1,-1,15.443968
714,32,32,-1,-1,-1,-1,-1,15.456256
715,32,32,-1,-1,-1,-1,-1,15.455232
716,32,32,-1,-1,-1,-1,-1,15.473664
717,32,32,-1,-1,-1,-1,-1,15.470592
718,32,32,-1,-1,-1,-1,-1,15.464448
719,32,32,-1,-1,-1,-1,-1,15.470592
720,32,32,-1,-1,-1,-1,-1,15.476736
721,32,32,-1,-1,-1,-1,-1,15.476736
722,32,32,-1,-1,-1,-1,-1,15.464448
723,32,32,-1,-1,-1,-1,-1,15.470592
724,32,32,-1,-1,-1,-1,-1,15.485952
725,32,32,-1,-1,-1,-1,-1,15.479808
726,32,32,-1,-1,-1,-1,-1,15.499264
727,32,32,-1,-1,-1,-1,-1,15.484928
728,32,32,-1,-1,-1,-1,-1,15.496192
729,32,32,-1,-1,-1,-1,-1,15.50848
730,32,32,-1,-1,-1,-1,-1,15.486976
731,32,32,-1,-1,-1,-1,-1,15.512576
732,32,32,-1,-1,-1,-1,-1,15.492096
733,32,32,-1,-1,-1,-1,-1,15.511552
734,32,32,-1,-1,-1,-1,-1,15.504384
735,32,32,-1,-1,-1,-1,-1,15.525888
736,32,528,-1,-1,-1,-1,-1,48.021503
737,32,528,-1,-1,-1,-1,-1,48.189442
738,32,32,-1,-1,-1,-1,-1,15.582208
739,32,528,-1,-1,-1,-1,-1,48.544769
740,32,32,-1,-1,-1,-1,-1,15.561728
741,32,32,-1,-1,-1,-1,-1,15.517696
742,32,32,-1,-1,-1,-1,-1,15.547392
743,32,528,-1,-1,-1,-1,-1,48.293888
744,32,32,-1,-1,-1,-1,-1,15.55968
745,32,32,-1,-1,-1,-1,-1,15.545344
746,32,32,-1,-1,-1,-1,-1,15.556608
747,32,1024,-1,-1,-1,-1,-1,69.220352
748,32,32,-1,-1,-1,-1,-1,15.632384
749,32,528,-1,-1,-1,-1,-1,48.756737
750,32,32,-1,-1,-1,-1,-1,15.5392
751,32,32,-1,-1,-1,-1,-1,15.52896
752,32,32,-1,-1,-1,-1,-1,15.52384
753,32,32,-1,-1,-1,-1,-1,15.5392
754,32,528,-1,-1,-1,-1,-1,48.212994
755,32,32,-1,-1,-1,-1,-1,15.558656
756,32,32,-1,-1,-1,-1,-1,15.532032
757,32,32,-1,-1,-1,-1,-1,15.52384
758,32,32,-1,-1,-1,-1,-1,15.546368
759,32,32,-1,-1,-1,-1,-1,15.5392
760,32,528,-1,-1,-1,-1,-1,48.107521
761,32,528,-1,-1,-1,-1,-1,48.484352
762,32,32,-1,-1,-1,-1,-1,15.551488
763,32,32,-1,-1,-1,-1,-1,15.535104
764,32,528,-1,-1,-1,-1,-1,48.486401
765,32,32,-1,-1,-1,-1,-1,15.538176
766,32,32,-1,-1,-1,-1,-1,15.526912
767,32,32,-1,-1,-1,-1,-1,15.548416
768,32,528,-1,-1,-1,-1,-1,48.38195
769,32,528,-1,-1,-1,-1,-1,48.530434
770,32,528,-1,-1,-1,-1,-1,48.971775
771,32,32,-1,-1,-1,-1,-1,15.561728
772,32,32,-1,-1,-1,-1,-1,15.52384
773,32,528,-1,-1,-1,-1,-1,48.605183
774,32,32,-1,-1,-1,-1,-1,15.540224
775,32,32,-1,-1,-1,-1,-1,15.53408
776,32,1519,-1,-1,-1,-1,-1,96.838654
777,32,32,-1,-1,-1,-1,-1,15.7184
778,32,528,-1,-1,-1,-1,-1,49.196033
779,32,527,-1,-1,-1,-1,-1,48.75264
780,32,32,-1,-1,-1,-1,-1,15.510528
781,32,32,-1,-1,-1,-1,-1,15.520768
782,32,32,-1,-1,-1,-1,-1,15.481856
783,32,1023,-1,-1,-1,-1,-1,69.228546
784,32,32,-1,-1,-1,-1,-1,15.62112
785,32,528,-1,-1,-1,-1,-1,48.885761
786,32,528,-1,-1,-1,-1,-1,48.565247
787,32,528,-1,-1,-1,-1,-1,48.582657
788,32,32,-1,-1,-1,-1,-1,15.49312
789,32,528,-1,-1,-1,-1,-1,48.575489
790,32,32,-1,-1,-1,-1,-1,15.461376
791,32,32,-1,-1,-1,-1,-1,15.465472
792,32,528,-1,-1,-1,-1,-1,48.42701
793,32,32,-1,-1,-1,-1,-1,15.456256
794,32,32,-1,-1,-1,-1,-1,15.44192
795,32,32,-1,-1,-1,-1,-1,15.456256
796,32,32,-1,-1,-1,-1,-1,15.463424
797,32,528,-1,-1,-1,-1,-1,48.052223
798,32,32,-1,-1,-1,-1,-1,15.43168
799,32,32,-1,-1,-1,-1,-1,15.437824
800,32,32,-1,-1,-1,-1,-1,15.453184
801,32,32,-1,-1,-1,-1,-1,15.442944
802,32,32,-1,-1,-1,-1,-1,15.45216
803,32,528,-1,-1,-1,-1,-1,48.019455
804,32,32,-1,-1,-1,-1,-1,15.475712
805,32,32,-1,-1,-1,-1,-1,15.473664
806,32,32,-1,-1,-1,-1,-1,15.444992
807,32,32,-1,-1,-1,-1,-1,15.479808
808,32,32,-1,-1,-1,-1,-1,15.4368
809,32,528,-1,-1,-1,-1,-1,48.079872
810,32,32,-1,-1,-1,-1,-1,15.497216
811,32,528,-1,-1,-1,-1,-1,48.55603
812,32,32,-1,-1,-1,-1,-1,15.476736
813,32,32,-1,-1,-1,-1,-1,15.47264
814,32,32,-1,-1,-1,-1,-1,15.44192
815,32,32,-1,-1,-1,-1,-1,15.443968
816,32,32,-1,-1,-1,-1,-1,15.47264
817,32,32,-1,-1,-1,-1,-1,15.41632
818,32,528,-1,-1,-1,-1,-1,48.172031
819,32,32,-1,-1,-1,-1,-1,15.473664
820,32,32,-1,-1,-1,-1,-1,15.438848
821,32,32,-1,-1,-1,-1,-1,15.45216
822,32,32,-1,-1,-1,-1,-1,15.45216
823,32,32,-1,-1,-1,-1,-1,15.433728
824,32,32,-1,-1,-1,-1,-1,15.420416
825,32,32,-1,-1,-1,-1,-1,15.425536
826,32,32,-1,-1,-1,-1,-1,15.408128
827,32,32,-1,-1,-1,-1,-1,15.432704
828,32,32,-1,-1,-1,-1,-1,15.429632
829,32,32,-1,-1,-1,-1,-1,15.42656
830,32,32,-1,-1,-1,-1,-1,15.405056
831,32,32,-1,-1,-1,-1,-1,15.435776
832,32,32,-1,-1,-1,-1,-1,15.4368
833,32,32,-1,-1,-1,-1,-1,15.45216
834,32,32,-1,-1,-1,-1,-1,15.448064
835,32,32,-1,-1,-1,-1,-1,15.442944
836,32,32,-1,-1,-1,-1,-1,15.428608
837,32,32,-1,-1,-1,-1,-1,15.45728
838,32,32,-1,-1,-1,-1,-1,15.42656
839,32,32,-1,-1,-1,-1,-1,15.45216
840,32,32,-1,-1,-1,-1,-1,15.458304
841,32,32,-1,-1,-1,-1,-1,15.448064
842,32,32,-1,-1,-1,-1,-1,15.460352
843,32,32,-1,-1,-1,-1,-1,15.455232
844,32,32,-1,-1,-1,-1,-1,15.471616
845,32,32,-1,-1,-1,-1,-1,15.476736
846,32,32,-1,-1,-1,-1,-1,15.44192
847,32,32,-1,-1,-1,-1,-1,15.474688
848,32,32,-1,-1,-1,-1,-1,15.484928
849,32,32,-1,-1,-1,-1,-1,15.481856
850,32,528,-1,-1,-1,-1,-1,48.014336
851,32,32,-1,-1,-1,-1,-1,15.532032
852,32,32,-1,-1,-1,-1,-1,15.505408
853,32,32,-1,-1,-1,-1,-1,15.5392
854,32,32,-1,-1,-1,-1,-1,15.515648
855,32,32,-1,-1,-1,-1,-1,15.540224
856,32,32,-1,-1,-1,-1,-1,15.483904
857,32,32,-1,-1,-1,-1,-1,15.486976
858,32,32,-1,-1,-1,-1,-1,15.491072
859,32,32,-1,-1,-1,-1,-1,15.496192
860,32,32,-1,-1,-1,-1,-1,15.502336
861,32,32,-1,-1,-1,-1,-1,15.48288
862,32,32,-1,-1,-1,-1,-1,15.479808
863,32,32,-1,-1,-1,-1,-1,15.505408
864,32,32,-1,-1,-1,-1,-1,15.526912
865,32,32,-1,-1,-1,-1,-1,15.514624
866,32,32,-1,-1,-1,-1,-1,15.517696
867,32,528,-1,-1,-1,-1,-1,48.070656
868,32,527,-1,-1,-1,-1,-1,48.584705
869,32,528,-1,-1,-1,-1,-1,48.945152
870,32,528,-1,-1,-1,-1,-1,48.593922
871,32,32,-1,-1,-1,-1,-1,15.522816
872,32,528,-1,-1,-1,-1,-1,48.4608
873,32,32,-1,-1,-1,-1,-1,15.541248
874,32,528,-1,-1,-1,-1,-1,48.439297
875,32,32,-1,-1,-1,-1,-1,15.515648
876,32,32,-1,-1,-1,-1,-1,15.512576
877,32,32,-1,-1,-1,-1,-1,15.520768
878,32,32,-1,-1,-1,-1,-1,15.522816
879,32,32,-1,-1,-1,-1,-1,15.514624
880,32,32,-1,-1,-1,-1,-1,15.484928
881,32,32,-1,-1,-1,-1,-1,15.500288
882,32,32,-1,-1,-1,-1,-1,15.505408
883,32,528,-1,-1,-1,-1,-1,48.129025
884,32,527,-1,-1,-1,-1,-1,48.527359
885,32,528,-1,-1,-1,-1,-1,48.46899
886,32,528,-1,-1,-1,-1,-1,48.440319
887,32,32,-1,-1,-1,-1,-1,15.500288
888,32,32,-1,-1,-1,-1,-1,15.505408
889,32,528,-1,-1,-1,-1,-1,48.493568
890,32,32,-1,-1,-1,-1,-1,15.515648
891,32,32,-1,-1,-1,-1,-1,15.490048
892,32,32,-1,-1,-1,-1,-1,15.502336
893,32,32,-1,-1,-1,-1,-1,15.514624
894,32,32,-1,-1,-1,-1,-1,15.45216
895,32,32,-1,-1,-1,-1,-1,15.454208
896,32,32,-1,-1,-1,-1,-1,15.500288
897,32,32,-1,-1,-1,-1,-1,15.50336
898,32,32,-1,-1,-1,-1,-1,15.485952
899,32,32,-1,-1,-1,-1,-1,15.501312
900,32,32,-1,-1,-1,-1,-1,15.464448
901,32,1520,-1,-1,-1,-1,-1,96.527359
902,32,528,-1,-1,-1,-1,-1,49.978367
903,32,32,-1,-1,-1,-1,-1,15.57504
904,32,1024,-1,-1,-1,-1,-1,69.361664
905,32,32,-1,-1,-1,-1,-1,15.613952
906,32,528,-1,-1,-1,-1,-1,48.847874
907,32,528,-1,-1,-1,-1,-1,48.541695
908,32,1023,-1,-1,-1,-1,-1,69.542915
909,32,32,-1,-1,-1,-1,-1,15.639552
910,32,528,-1,-1,-1,-1,-1,48.776192
911,32,32,-1,-1,-1,-1,-1,15.47776
912,32,32,-1,-1,-1,-1,-1,15.4624
913,32,528,-1,-1,-1,-1,-1,48.561153
914,32,32,-1,-1,-1,-1,-1,15.509504
915,32,528,-1,-1,-1,-1,-1,48.595966
916,32,528,-1,-1,-1,-1,-1,48.530434
917,32,32,-1,-1,-1,-1,-1,15.538176
918,32,528,-1,-1,-1,-1,-1,48.454655
919,32,32,-1,-1,-1,-1,-1,15.44704
920,32,528,-1,-1,-1,-1,-1,48.428032
921,32,32,-1,-1,-1,-1,-1,15.444992
922,32,32,-1,-1,-1,-1,-1,15.44192
923,32,32,-1,-1,-1,-1,-1,15.442944
924,32,512,-1,-1,-1,-1,-1,38.914047
925,32,32,-1,-1,-1,-1,-1,15.492096
926,32,32,-1,-1,-1,-1,-1,15.440896
927,32,32,-1,-1,-1,-1,-1,15.419392
928,32,32,-1,-1,-1,-1,-1,15.420416
929,32,32,-1,-1,-1,-1,-1,15.44192
930,32,32,-1,-1,-1,-1,-1,15.44704
931,32,32,-1,-1,-1,-1,-1,15.398912
932,32,32,-1,-1,-1,-1,-1,15.414272
933,32,32,-1,-1,-1,-1,-1,15.42656
934,32,32,-1,-1,-1,-1,-1,15.399936
935,32,32,-1,-1,-1,-1,-1,15.391744
936,32,32,-1,-1,-1,-1,-1,15.429632
937,32,32,-1,-1,-1,-1,-1,15.425536
938,32,32,-1,-1,-1,-1,-1,15.435776
939,32,32,-1,-1,-1,-1,-1,15.454208
940,32,528,-1,-1,-1,-1,-1,48.119808
941,32,32,-1,-1,-1,-1,-1,15.489024
942,32,32,-1,-1,-1,-1,-1,15.499264
943,32,32,-1,-1,-1,-1,-1,15.479808
944,32,32,-1,-1,-1,-1,-1,15.46752
945,32,528,-1,-1,-1,-1,-1,48.212994
946,32,32,-1,-1,-1,-1,-1,15.454208
947,32,32,-1,-1,-1,-1,-1,15.442944
948,32,32,-1,-1,-1,-1,-1,15.443968
949,32,32,-1,-1,-1,-1,-1,15.432704
950,32,32,-1,-1,-1,-1,-1,15.444992
951,32,32,-1,-1,-1,-1,-1,15.42656
952,32,32,-1,-1,-1,-1,-1,15.44704
953,32,32,-1,-1,-1,-1,-1,15.442944
954,32,32,-1,-1,-1,-1,-1,15.453184
955,32,32,-1,-1,-1,-1,-1,15.444992
956,32,32,-1,-1,-1,-1,-1,15.4624
957,32,32,-1,-1,-1,-1,-1,15.456256
958,32,32,-1,-1,-1,-1,-1,15.461376
959,32,32,-1,-1,-1,-1,-1,15.47264
960,32,32,-1,-1,-1,-1,-1,15.44192
961,32,528,-1,-1,-1,-1,-1,47.988735
962,32,32,-1,-1,-1,-1,-1,15.50848
963,32,32,-1,-1,-1,-1,-1,15.483904
964,32,32,-1,-1,-1,-1,-1,15.504384
965,32,32,-1,-1,-1,-1,-1,15.504384
966,32,32,-1,-1,-1,-1,-1,15.520768
967,32,32,-1,-1,-1,-1,-1,15.44704
968,32,32,-1,-1,-1,-1,-1,15.460352
969,32,32,-1,-1,-1,-1,-1,15.473664
970,32,32,-1,-1,-1,-1,-1,15.458304
971,32,32,-1,-1,-1,-1,-1,15.474688
972,32,32,-1,-1,-1,-1,-1,15.470592
973,32,32,-1,-1,-1,-1,-1,15.4624
974,32,32,-1,-1,-1,-1,-1,15.47776
975,32,32,-1,-1,-1,-1,-1,15.435776
976,32,32,-1,-1,-1,-1,-1,15.45216
977,32,32,-1,-1,-1,-1,-1,15.488
978,32,32,-1,-1,-1,-1,-1,15.48288
979,32,32,-1,-1,-1,-1,-1,15.479808
980,32,32,-1,-1,-1,-1,-1,15.495168
981,32,32,-1,-1,-1,-1,-1,15.504384
982,32,32,-1,-1,-1,-1,-1,15.49824
983,32,32,-1,-1,-1,-1,-1,15.489024
984,32,32,-1,-1,-1,-1,-1,15.506432
985,32,528,-1,-1,-1,-1,-1,47.998978
986,32,32,-1,-1,-1,-1,-1,15.553536
987,32,1024,-1,-1,-1,-1,-1,69.172226
988,32,32,-1,-1,-1,-1,-1,15.6416
989,32,32,-1,-1,-1,-1,-1,15.581184
990,32,528,-1,-1,-1,-1,-1,48.496639
991,32,32,-1,-1,-1,-1,-1,15.522816
992,32,32,-1,-1,-1,-1,-1,15.495168
993,32,528,-1,-1,-1,-1,-1,48.465919
994,32,528,-1,-1,-1,-1,-1,48.466946
995,32,32,-1,-1,-1,-1,-1,15.533056
996,32,32,-1,-1,-1,-1,-1,15.490048
997,32,32,-1,-1,-1,-1,-1,15.495168
998,32,528,-1,-1,-1,-1,-1,48.338943
999,32,32,-1,-1,-1,-1,-1,15.500288
1000,32,32,-1,-1,-1,-1,-1,15.52896
1001,32,32,-1,-1,-1,-1,-1,15.536128
1002,32,32,-1,-1,-1,-1,-1,15.526912
1003,32,528,-1,-1,-1,-1,-1,48.372738
1004,32,32,-1,-1,-1,-1,-1,15.551488
1005,32,528,-1,-1,-1,-1,-1,48.551937
1006,32,32,-1,-1,-1,-1,-1,15.547392
1007,32,528,-1,-1,-1,-1,-1,48.526337
1008,32,32,-1,-1,-1,-1,-1,15.506432
1009,32,32,-1,-1,-1,-1,-1,15.517696
1010,32,32,-1,-1,-1,-1,-1,15.529984
1011,32,32,-1,-1,-1,-1,-1,15.525888
1012,32,32,-1,-1,-1,-1,-1,15.525888
1013,32,528,-1,-1,-1,-1,-1,48.101376
1014,32,32,-1,-1,-1,-1,-1,15.529984
1015,32,32,-1,-1,-1,-1,-1,15.486976
1016,32,32,-1,-1,-1,-1,-1,15.488
1017,32,1023,-1,-1,-1,-1,-1,68.762627
1018,32,528,-1,-1,-1,-1,-1,49.389568
1019,32,32,-1,-1,-1,-1,-1,15.562752
1020,32,32,-1,-1,-1,-1,-1,15.501312
1021,32,32,-1,-1,-1,-1,-1,15.497216
1022,32,32,-1,-1,-1,-1,-1,15.49824
1023,32,32,-1,-1,-1,-1,-1,15.566848
1024,32,528,-1,-1,-1,-1,-1,48.344063
1025,32,528,-1,-1,-1,-1,-1,48.666622
1026,32,32,-1,-1,-1,-1,-1,15.517696
1027,32,32,-1,-1,-1,-1,-1,15.463424
1028,32,32,-1,-1,-1,-1,-1,15.475712
1029,32,528,-1,-1,-1,-1,-1,48.445438
1030,32,32,-1,-1,-1,-1,-1,15.519744
1031,32,528,-1,-1,-1,-1,-1,48.567295
1032,32,32,-1,-1,-1,-1,-1,15.524864
1033,32,32,-1,-1,-1,-1,-1,15.49312
1034,32,32,-1,-1,-1,-1,-1,15.499264
1035,32,1024,-1,-1,-1,-1,-1,69.193726
1036,32,32,-1,-1,-1,-1,-1,15.618048
1037,32,528,-1,-1,-1,-1,-1,48.87347
1038,32,527,-1,-1,-1,-1,-1,48.590847
1039,32,528,-1,-1,-1,-1,-1,48.954369
1040,32,528,-1,-1,-1,-1,-1,48.927746
1041,32,32,-1,-1,-1,-1,-1,15.52896
1042,32,32,-1,-1,-1,-1,-1,15.485952
1043,32,1023,-1,-1,-1,-1,-1,68.639748
1044,32,32,-1,-1,-1,-1,-1,15.536128
1045,32,32,-1,-1,-1,-1,-1,15.47776
1046,32,32,-1,-1,-1,-1,-1,15.449088
1047,32,32,-1,-1,-1,-1,-1,15.459328
1048,32,1024,-1,-1,-1,-1,-1,69.181442
1049,32,32,-1,-1,-1,-1,-1,15.558656
1050,32,32,-1,-1,-1,-1,-1,15.50336
1051,32,32,-1,-1,-1,-1,-1,15.45216
1052,32,32,-1,-1,-1,-1,-1,15.450112
1053,32,32,-1,-1,-1,-1,-1,15.44704
1054,32,32,-1,-1,-1,-1,-1,15.443968
1055,32,32,-1,-1,-1,-1,-1,15.460352
1056,32,32,-1,-1,-1,-1,-1,15.410176
1057,32,32,-1,-1,-1,-1,-1,15.401984
1058,32,32,-1,-1,-1,-1,-1,15.40096
1059,32,32,-1,-1,-1,-1,-1,15.409152
1060,32,32,-1,-1,-1,-1,-1,15.403008
1061,32,32,-1,-1,-1,-1,-1,15.41632
1062,32,32,-1,-1,-1,-1,-1,15.418368
1063,32,32,-1,-1,-1,-1,-1,15.427584
1064,32,32,-1,-1,-1,-1,-1,15.422464
1065,32,32,-1,-1,-1,-1,-1,15.414272
1066,32,32,-1,-1,-1,-1,-1,15.412224
1067,32,32,-1,-1,-1,-1,-1,15.425536
1068,32,32,-1,-1,-1,-1,-1,15.442944
1069,32,32,-1,-1,-1,-1,-1,15.45216
1070,32,528,-1,-1,-1,-1,-1,48.140289
1071,32,32,-1,-1,-1,-1,-1,15.501312
1072,32,32,-1,-1,-1,-1,-1,15.483904
1073,32,32,-1,-1,-1,-1,-1,15.491072
1074,32,32,-1,-1,-1,-1,-1,15.478784
1075,32,32,-1,-1,-1,-1,-1,15.463424
1076,32,32,-1,-1,-1,-1,-1,15.459328
1077,32,32,-1,-1,-1,-1,-1,15.446016
1078,32,1024,-1,-1,-1,-1,-1,68.71962
1079,32,32,-1,-1,-1,-1,-1,15.598592
1080,32,32,-1,-1,-1,-1,-1,15.567872
1081,32,32,-1,-1,-1,-1,-1,15.525888
1082,32,32,-1,-1,-1,-1,-1,15.479808
1083,32,32,-1,-1,-1,-1,-1,15.494144
1084,32,32,-1,-1,-1,-1,-1,15.469568
1085,32,32,-1,-1,-1,-1,-1,15.505408
1086,32,32,-1,-1,-1,-1,-1,15.488
1087,32,32,-1,-1,-1,-1,-1,15.463424
1088,32,32,-1,-1,-1,-1,-1,15.47264
1089,32,32,-1,-1,-1,-1,-1,15.473664
1090,32,32,-1,-1,-1,-1,-1,15.456256
1091,32,32,-1,-1,-1,-1,-1,15.47264
1092,32,32,-1,-1,-1,-1,-1,15.466496
1093,32,32,-1,-1,-1,-1,-1,15.46752
1094,32,32,-1,-1,-1,-1,-1,15.47264
1095,32,32,-1,-1,-1,-1,-1,15.473664
1096,32,32,-1,-1,-1,-1,-1,15.474688
1097,32,32,-1,-1,-1,-1,-1,15.46752
1098,32,32,-1,-1,-1,-1,-1,15.468544
1099,32,32,-1,-1,-1,-1,-1,15.473664
1100,32,32,-1,-1,-1,-1,-1,15.469568
1101,32,32,-1,-1,-1,-1,-1,15.475712
1102,32,32,-1,-1,-1,-1,-1,15.478784
1103,32,528,-1,-1,-1,-1,-1,48.081921
1104,32,32,-1,-1,-1,-1,-1,15.557632
1105,32,32,-1,-1,-1,-1,-1,15.533056
1106,32,32,-1,-1,-1,-1,-1,15.531008
1107,32,32,-1,-1,-1,-1,-1,15.515648
1108,32,32,-1,-1,-1,-1,-1,15.512576
1109,32,528,-1,-1,-1,-1,-1,48.079872
1110,32,528,-1,-1,-1,-1,-1,48.574463
1111,32,528,-1,-1,-1,-1,-1,48.906239
1112,32,32,-1,-1,-1,-1,-1,15.589376
1113,32,32,-1,-1,-1,-1,-1,15.538176
1114,32,32,-1,-1,-1,-1,-1,15.543296
1115,32,528,-1,-1,-1,-1,-1,48.449535
1116,32,32,-1,-1,-1,-1,-1,15.521792
1117,32,32,-1,-1,-1,-1,-1,15.517696
1118,32,32,-1,-1,-1,-1,-1,15.504384
1119,32,528,-1,-1,-1,-1,-1,48.476158
1120,32,32,-1,-1,-1,-1,-1,15.542272
1121,32,528,-1,-1,-1,-1,-1,48.465919
1122,32,32,-1,-1,-1,-1,-1,15.505408
1123,32,32,-1,-1,-1,-1,-1,15.511552
1124,32,32,-1,-1,-1,-1,-1,15.516672
1125,32,32,-1,-1,-1,-1,-1,15.519744
1126,32,528,-1,-1,-1,-1,-1,48.14336
1127,32,32,-1,-1,-1,-1,-1,15.505408
1128,32,32,-1,-1,-1,-1,-1,15.485952
1129,32,495,-1,-1,-1,-1,-1,38.470657
1130,32,32,-1,-1,-1,-1,-1,15.602688
1131,32,32,-1,-1,-1,-1,-1,15.55456
1132,32,528,-1,-1,-1,-1,-1,48.560127
1133,32,528,-1,-1,-1,-1,-1,48.599041
1134,32,32,-1,-1,-1,-1,-1,15.579136
1135,32,32,-1,-1,-1,-1,-1,15.546368
1136,32,32,-1,-1,-1,-1,-1,15.502336
1137,32,32,-1,-1,-1,-1,-1,15.535104
1138,32,528,-1,-1,-1,-1,-1,48.481281
1139,32,32,-1,-1,-1,-1,-1,15.515648
1140,32,32,-1,-1,-1,-1,-1,15.502336
1141,32,32,-1,-1,-1,-1,-1,15.517696
1142,32,32,-1,-1,-1,-1,-1,15.509504
1143,32,32,-1,-1,-1,-1,-1,15.494144
1144,32,32,-1,-1,-1,-1,-1,15.44704
1145,32,32,-1,-1,-1,-1,-1,15.45728
1146,32,527,-1,-1,-1,-1,-1,48.164864
1147,32,32,-1,-1,-1,-1,-1,15.541248
1148,32,32,-1,-1,-1,-1,-1,15.545344
1149,32,527,-1,-1,-1,-1,-1,48.542721
1150,32,528,-1,-1,-1,-1,-1,48.739326
1151,32,32,-1,-1,-1,-1,-1,15.601664
1152,32,32,-1,-1,-1,-1,-1,15.519744
1153,32,528,-1,-1,-1,-1,-1,48.572414
1154,32,32,-1,-1,-1,-1,-1,15.541248
1155,32,32,-1,-1,-1,-1,-1,15.542272
1156,32,528,-1,-1,-1,-1,-1,48.536575
1157,32,528,-1,-1,-1,-1,-1,48.503807
1158,32,32,-1,-1,-1,-1,-1,15.546368
1159,32,32,-1,-1,-1,-1,-1,15.51872
1160,32,528,-1,-1,-1,-1,-1,48.49152
1161,32,32,-1,-1,-1,-1,-1,15.504384
1162,32,528,-1,-1,-1,-1,-1,48.51405
1163,32,32,-1,-1,-1,-1,-1,15.531008
1164,32,32,-1,-1,-1,-1,-1,15.527936
1165,32,528,-1,-1,-1,-1,-1,48.481281
1166,32,32,-1,-1,-1,-1,-1,15.538176
1167,32,32,-1,-1,-1,-1,-1,15.52384
1168,32,1519,-1,-1,-1,-1,-1,96.811005
1169,32,528,-1,-1,-1,-1,-1,50.390015
1170,32,528,-1,-1,-1,-1,-1,49.734657
1171,32,32,-1,-1,-1,-1,-1,15.512576
1172,32,32,-1,-1,-1,-1,-1,15.479808
1173,32,528,-1,-1,-1,-1,-1,48.557056
1174,32,32,-1,-1,-1,-1,-1,15.49312
1175,32,32,-1,-1,-1,-1,-1,15.509504
1176,32,32,-1,-1,-1,-1,-1,15.496192
1177,32,528,-1,-1,-1,-1,-1,48.372738
1178,32,32,-1,-1,-1,-1,-1,15.5136
1179,32,32,-1,-1,-1,-1,-1,15.478784
1180,32,32,-1,-1,-1,-1,-1,15.474688
1181,32,32,-1,-1,-1,-1,-1,15.484928
1182,32,32,-1,-1,-1,-1,-1,15.463424
1183,32,32,-1,-1,-1,-1,-1,15.444992
1184,32,32,-1,-1,-1,-1,-1,15.455232
1185,32,32,-1,-1,-1,-1,-1,15.434752
1186,32,32,-1,-1,-1,-1,-1,15.434752
1187,32,32,-1,-1,-1,-1,-1,15.458304
1188,32,32,-1,-1,-1,-1,-1,15.46752
1189,32,32,-1,-1,-1,-1,-1,15.451136
1190,32,32,-1,-1,-1,-1,-1,15.456256
1191,32,528,-1,-1,-1,-1,-1,48.074753
1192,32,32,-1,-1,-1,-1,-1,15.500288
1193,32,32,-1,-1,-1,-1,-1,15.481856
1194,32,32,-1,-1,-1,-1,-1,15.497216
1195,32,32,-1,-1,-1,-1,-1,15.499264
1196,32,32,-1,-1,-1,-1,-1,15.470592
1197,32,32,-1,-1,-1,-1,-1,15.45216
1198,32,32,-1,-1,-1,-1,-1,15.46752
1199,32,528,-1,-1,-1,-1,-1,48.188416
1200,32,32,-1,-1,-1,-1,-1,15.532032
1201,32,32,-1,-1,-1,-1,-1,15.512576
1202,32,528,-1,-1,-1,-1,-1,48.550911
1203,32,32,-1,-1,-1,-1,-1,15.494144
1204,32,32,-1,-1,-1,-1,-1,15.526912
1205,32,32,-1,-1,-1,-1,-1,15.495168
1206,32,32,-1,-1,-1,-1,-1,15.522816
1207,32,32,-1,-1,-1,-1,-1,15.507456
1208,32,32,-1,-1,-1,-1,-1,15.489024
1209,32,528,-1,-1,-1,-1,-1,48.075775
1210,32,32,-1,-1,-1,-1,-1,15.514624
1211,32,32,-1,-1,-1,-1,-1,15.511552
1212,32,32,-1,-1,-1,-1,-1,15.516672
1213,32,32,-1,-1,-1,-1,-1,15.506432
1214,32,32,-1,-1,-1,-1,-1,15.5136
1215,32,32,-1,-1,-1,-1,-1,15.475712
1216,32,32,-1,-1,-1,-1,-1,15.474688
1217,32,32,-1,-1,-1,-1,-1,15.4624
1218,32,32,-1,-1,-1,-1,-1,15.480832
1219,32,32,-1,-1,-1,-1,-1,15.451136
1220,32,32,-1,-1,-1,-1,-1,15.476736
1221,32,32,-1,-1,-1,-1,-1,15.475712
1222,32,32,-1,-1,-1,-1,-1,15.495168
1223,32,32,-1,-1,-1,-1,-1,15.49312
1224,32,32,-1,-1,-1,-1,-1,15.48288
1225,32,32,-1,-1,-1,-1,-1,15.496192
1226,32,32,-1,-1,-1,-1,-1,15.501312
1227,32,32,-1,-1,-1,-1,-1,15.495168
1228,32,32,-1,-1,-1,-1,-1,15.497216
1229,32,32,-1,-1,-1,-1,-1,15.516672
1230,32,32,-1,-1,-1,-1,-1,15.49824
1231,32,32,-1,-1,-1,-1,-1,15.500288
1232,32,32,-1,-1,-1,-1,-1,15.5136
1233,32,32,-1,-1,-1,-1,-1,15.510528
1234,32,32,-1,-1,-1,-1,-1,15.535104
1235,32,1024,-1,-1,-1,-1,-1,68.819969
1236,32,32,-1,-1,-1,-1,-1,15.671296
1237,32,1024,-1,-1,-1,-1,-1,69.739517
1238,32,32,-1,-1,-1,-1,-1,15.642624
1239,32,32,-1,-1,-1,-1,-1,15.587328
1240,32,32,-1,-1,-1,-1,-1,15.551488
1241,32,32,-1,-1,-1,-1,-1,15.547392
1242,32,32,-1,-1,-1,-1,-1,15.550464
1243,32,528,-1,-1,-1,-1,-1,48.541695
1244,32,32,-1,-1,-1,-1,-1,15.55968
1245,32,32,-1,-1,-1,-1,-1,15.550464
1246,32,32,-1,-1,-1,-1,-1,15.55968
1247,32,32,-1,-1,-1,-1,-1,15.557632
1248,32,32,-1,-1,-1,-1,-1,15.515648
1249,32,528,-1,-1,-1,-1,-1,48.036865
1250,32,527,-1,-1,-1,-1,-1,48.523266
1251,32,32,-1,-1,-1,-1,-1,15.59552
1252,32,32,-1,-1,-1,-1,-1,15.519744
1253,32,32,-1,-1,-1,-1,-1,15.537152
1254,32,1023,-1,-1,-1,-1,-1,69.29203
1255,32,32,-1,-1,-1,-1,-1,15.654912
1256,32,32,-1,-1,-1,-1,-1,15.556608
1257,32,528,-1,-1,-1,-1,-1,48.448513
1258,32,528,-1,-1,-1,-1,-1,48.617474
1259,32,32,-1,-1,-1,-1,-1,15.558656
1260,32,528,-1,-1,-1,-1,-1,48.580608
1261,32,32,-1,-1,-1,-1,-1,15.550464
1262,32,32,-1,-1,-1,-1,-1,15.49824
1263,32,32,-1,-1,-1,-1,-1,15.501312
1264,32,32,-1,-1,-1,-1,-1,15.507456
1265,32,32,-1,-1,-1,-1,-1,15.496192
1266,32,32,-1,-1,-1,-1,-1,15.512576
1267,32,32,-1,-1,-1,-1,-1,15.45728
1268,32,32,-1,-1,-1,-1,-1,15.463424
1269,32,32,-1,-1,-1,-1,-1,15.468544
1270,32,32,-1,-1,-1,-1,-1,15.4624
1271,32,32,-1,-1,-1,-1,-1,15.466496
1272,32,32,-1,-1,-1,-1,-1,15.471616
1273,32,528,-1,-1,-1,-1,-1,48.069633
1274,32,32,-1,-1,-1,-1,-1,15.521792
1275,32,32,-1,-1,-1,-1,-1,15.53408
1276,32,528,-1,-1,-1,-1,-1,48.477184
1277,32,32,-1,-1,-1,-1,-1,15.54432
1278,32,32,-1,-1,-1,-1,-1,15.522816
1279,32,32,-1,-1,-1,-1,-1,15.540224
1280,32,32,-1,-1,-1,-1,-1,15.543296
1281,32,32,-1,-1,-1,-1,-1,15.516672
1282,32,32,-1,-1,-1,-1,-1,15.502336
1283,32,528,-1,-1,-1,-1,-1,48.206848
1284,32,528,-1,-1,-1,-1,-1,48.824322
1285,32,32,-1,-1,-1,-1,-1,15.608832
1286,32,32,-1,-1,-1,-1,-1,15.52896
1287,32,528,-1,-1,-1,-1,-1,48.531456
1288,32,528,-1,-1,-1,-1,-1,48.624641
1289,32,32,-1,-1,-1,-1,-1,15.58528
1290,32,32,-1,-1,-1,-1,-1,15.563776
1291,32,528,-1,-1,-1,-1,-1,48.589825
1292,32,32,-1,-1,-1,-1,-1,15.568896
1293,32,528,-1,-1,-1,-1,-1,48.658432
1294,32,527,-1,-1,-1,-1,-1,48.544769
1295,32,32,-1,-1,-1,-1,-1,15.521792
1296,32,32,-1,-1,-1,-1,-1,15.512576
1297,32,1520,-1,-1,-1,-1,-1,96.894974
1298,32,32,-1,-1,-1,-1,-1,15.706112
1299,32,32,-1,-1,-1,-1,-1,15.603712
1300,32,32,-1,-1,-1,-1,-1,15.584256
1301,32,32,-1,-1,-1,-1,-1,15.551488
1302,32,1024,-1,-1,-1,-1,-1,69.284866
1303,32,32,-1,-1,-1,-1,-1,15.598592
1304,32,32,-1,-1,-1,-1,-1,15.594496
1305,32,32,-1,-1,-1,-1,-1,15.603712
1306,32,32,-1,-1,-1,-1,-1,15.552512
1307,32,32,-1,-1,-1,-1,-1,15.495168
1308,32,32,-1,-1,-1,-1,-1,15.499264
1309,32,32,-1,-1,-1,-1,-1,15.490048
1310,32,32,-1,-1,-1,-1,-1,15.422464
1311,32,528,-1,-1,-1,-1,-1,48.208897
1312,32,32,-1,-1,-1,-1,-1,15.499264
1313,32,528,-1,-1,-1,-1,-1,48.506882
1314,32,32,-1,-1,-1,-1,-1,15.525888
1315,32,32,-1,-1,-1,-1,-1,15.50336
1316,32,32,-1,-1,-1,-1,-1,15.480832
1317,32,32,-1,-1,-1,-1,-1,15.4624
1318,32,32,-1,-1,-1,-1,-1,15.481856
1319,32,32,-1,-1,-1,-1,-1,15.497216
1320,32,528,-1,-1,-1,-1,-1,48.127998
1321,32,32,-1,-1,-1,-1,-1,15.494144
1322,32,32,-1,-1,-1,-1,-1,15.468544
1323,32,32,-1,-1,-1,-1,-1,15.483904
1324,32,528,-1,-1,-1,-1,-1,48.299007
1325,32,32,-1,-1,-1,-1,-1,15.465472
1326,32,32,-1,-1,-1,-1,-1,15.44704
1327,32,32,-1,-1,-1,-1,-1,15.480832
1328,32,32,-1,-1,-1,-1,-1,15.479808
1329,32,480,-1,-1,-1,-1,-1,38.50547
1330,32,32,-1,-1,-1,-1,-1,15.465472
1331,32,32,-1,-1,-1,-1,-1,15.495168
1332,32,528,-1,-1,-1,-1,-1,48.464897
1333,32,32,-1,-1,-1,-1,-1,15.490048
1334,32,32,-1,-1,-1,-1,-1,15.489024
1335,32,32,-1,-1,-1,-1,-1,15.485952
1336,32,32,-1,-1,-1,-1,-1,15.471616
1337,32,32,-1,-1,-1,-1,-1,15.469568
1338,32,32,-1,-1,-1,-1,-1,15.444992
1339,32,32,-1,-1,-1,-1,-1,15.443968
1340,32,32,-1,-1,-1,-1,-1,15.443968
1341,32,32,-1,-1,-1,-1,-1,15.442944
1342,32,32,-1,-1,-1,-1,-1,15.412224
1343,32,32,-1,-1,-1,-1,-1,15.440896
1344,32,32,-1,-1,-1,-1,-1,15.425536
1345,32,32,-1,-1,-1,-1,-1,15.461376
1346,32,32,-1,-1,-1,-1,-1,15.433728
1347,32,32,-1,-1,-1,-1,-1,15.45216
1348,32,32,-1,-1,-1,-1,-1,15.442944
1349,32,32,-1,-1,-1,-1,-1,15.45728
1350,32,32,-1,-1,-1,-1,-1,15.458304
1351,32,32,-1,-1,-1,-1,-1,15.469568
1352,32,32,-1,-1,-1,-1,-1,15.468544
1353,32,32,-1,-1,-1,-1,-1,15.46752
1354,32,32,-1,-1,-1,-1,-1,15.474688
1355,32,32,-1,-1,-1,-1,-1,15.478784
1356,32,32,-1,-1,-1,-1,-1,15.474688
1357,32,32,-1,-1,-1,-1,-1,15.479808
1358,32,32,-1,-1,-1,-1,-1,15.460352
1359,32,32,-1,-1,-1,-1,-1,15.485952
1360,32,32,-1,-1,-1,-1,-1,15.475712
1361,32,528,-1,-1,-1,-1,-1,48.06144
1362,32,32,-1,-1,-1,-1,-1,15.522816
1363,32,32,-1,-1,-1,-1,-1,15.552512
1364,32,32,-1,-1,-1,-1,-1,15.561728
1365,32,32,-1,-1,-1,-1,-1,15.5648
1366,32,528,-1,-1,-1,-1,-1,48.107521
1367,32,32,-1,-1,-1,-1,-1,15.560704
1368,32,32,-1,-1,-1,-1,-1,15.555584
1369,32,32,-1,-1,-1,-1,-1,15.57504
1370,32,32,-1,-1,-1,-1,-1,15.563776
1371,32,528,-1,-1,-1,-1,-1,48.28672
1372,32,528,-1,-1,-1,-1,-1,48.506882
1373,32,527,-1,-1,-1,-1,-1,48.998402
1374,32,32,-1,-1,-1,-1,-1,15.57504
1375,32,32,-1,-1,-1,-1,-1,15.525888
1376,32,528,-1,-1,-1,-1,-1,48.529408
1377,32,32,-1,-1,-1,-1,-1,15.553536
1378,32,32,-1,-1,-1,-1,-1,15.512576
1379,32,528,-1,-1,-1,-1,-1,48.471039
1380,32,528,-1,-1,-1,-1,-1,48.531456
1381,32,528,-1,-1,-1,-1,-1,48.919552
1382,32,32,-1,-1,-1,-1,-1,15.548416
1383,32,32,-1,-1,-1,-1,-1,15.526912
1384,32,32,-1,-1,-1,-1,-1,15.52384
1385,32,528,-1,-1,-1,-1,-1,48.495617
1386,32,32,-1,-1,-1,-1,-1,15.532032
1387,32,32,-1,-1,-1,-1,-1,15.50848
1388,32,32,-1,-1,-1,-1,-1,15.533056
1389,32,32,-1,-1,-1,-1,-1,15.551488
1390,32,32,-1,-1,-1,-1,-1,15.500288
1391,32,528,-1,-1,-1,-1,-1,48.006145
1392,32,32,-1,-1,-1,-1,-1,15.537152
1393,32,32,-1,-1,-1,-1,-1,15.527936
1394,32,32,-1,-1,-1,-1,-1,15.504384
1395,32,528,-1,-1,-1,-1,-1,48.462849
1396,32,528,-1,-1,-1,-1,-1,48.687103
1397,32,32,-1,-1,-1,-1,-1,15.546368
1398,32,32,-1,-1,-1,-1,-1,15.49824
1399,32,32,-1,-1,-1,-1,-1,15.504384
1400,32,528,-1,-1,-1,-1,-1,48.557056
1401,32,32,-1,-1,-1,-1,-1,15.50848
1402,32,32,-1,-1,-1,-1,-1,15.478784
1403,32,32,-1,-1,-1,-1,-1,15.500288
1404,32,32,-1,-1,-1,-1,-1,15.50336
1405,32,32,-1,-1,-1,-1,-1,15.490048
1406,32,528,-1,-1,-1,-1,-1,48.118786
1407,32,32,-1,-1,-1,-1,-1,15.515648
1408,32,32,-1,-1,-1,-1,-1,15.50336
1409,32,32,-1,-1,-1,-1,-1,15.509504
1410,32,32,-1,-1,-1,-1,-1,15.480832
1411,32,1024,-1,-1,-1,-1,-1,69.293053
1412,32,528,-1,-1,-1,-1,-1,49.401855
1413,32,32,-1,-1,-1,-1,-1,15.57504
1414,32,528,-1,-1,-1,-1,-1,48.51712
1415,32,32,-1,-1,-1,-1,-1,15.517696
1416,32,32,-1,-1,-1,-1,-1,15.514624
1417,32,528,-1,-1,-1,-1,-1,48.545792
1418,32,528,-1,-1,-1,-1,-1,48.947201
1419,32,32,-1,-1,-1,-1,-1,15.570944
1420,32,32,-1,-1,-1,-1,-1,15.532032
1421,32,32,-1,-1,-1,-1,-1,15.490048
1422,32,32,-1,-1,-1,-1,-1,15.501312
1423,32,528,-1,-1,-1,-1,-1,48.594944
1424,32,32,-1,-1,-1,-1,-1,15.526912
1425,32,528,-1,-1,-1,-1,-1,48.456703
1426,32,528,-1,-1,-1,-1,-1,48.463871
1427,32,32,-1,-1,-1,-1,-1,15.476736
1428,32,32,-1,-1,-1,-1,-1,15.470592
1429,32,32,-1,-1,-1,-1,-1,15.476736
1430,32,32,-1,-1,-1,-1,-1,15.499264
1431,32,528,-1,-1,-1,-1,-1,48.338943
1432,32,528,-1,-1,-1,-1,-1,48.964607
1433,32,32,-1,-1,-1,-1,-1,15.558656
1434,32,528,-1,-1,-1,-1,-1,48.498688
1435,32,32,-1,-1,-1,-1,-1,15.484928
1436,32,32,-1,-1,-1,-1,-1,15.486976
1437,32,528,-1,-1,-1,-1,-1,48.456703
1438,32,32,-1,-1,-1,-1,-1,15.473664
1439,32,32,-1,-1,-1,-1,-1,15.44192
1440,32,32,-1,-1,-1,-1,-1,15.463424
1441,32,32,-1,-1,-1,-1,-1,15.4624
1442,32,32,-1,-1,-1,-1,-1,15.429632
1443,32,32,-1,-1,-1,-1,-1,15.434752
1444,32,528,-1,-1,-1,-1,-1,48.169983
1445,32,32,-1,-1,-1,-1,-1,15.473664
1446,32,32,-1,-1,-1,-1,-1,15.470592
1447,32,527,-1,-1,-1,-1,-1,48.528385
1448,32,32,-1,-1,-1,-1,-1,15.507456
1449,32,528,-1,-1,-1,-1,-1,48.524288
1450,32,32,-1,-1,-1,-1,-1,15.476736
1451,32,32,-1,-1,-1,-1,-1,15.464448
1452,32,32,-1,-1,-1,-1,-1,15.468544
1453,32,528,-1,-1,-1,-1,-1,48.278526
1454,32,32,-1,-1,-1,-1,-1,15.474688
1455,32,32,-1,-1,-1,-1,-1,15.46752
1456,32,32,-1,-1,-1,-1,-1,15.47264
1457,32,32,-1,-1,-1,-1,-1,15.473664
1458,32,32,-1,-1,-1,-1,-1,15.473664
1459,32,32,-1,-1,-1,-1,-1,15.419392
1460,32,32,-1,-1,-1,-1,-1,15.419392
1461,32,32,-1,-1,-1,-1,-1,15.432704
1462,32,32,-1,-1,-1,-1,-1,15.435776
1463,32,32,-1,-1,-1,-1,-1,15.434752
1464,32,32,-1,-1,-1,-1,-1,15.448064
1465,32,32,-1,-1,-1,-1,-1,15.444992
1466,32,32,-1,-1,-1,-1,-1,15.449088
1467,32,32,-1,-1,-1,-1,-1,15.456256
1468,32,32,-1,-1,-1,-1,-1,15.444992
1469,32,32,-1,-1,-1,-1,-1,15.446016
1470,32,32,-1,-1,-1,-1,-1,15.463424
1471,32,32,-1,-1,-1,-1,-1,15.455232
1472,32,32,-1,-1,-1,-1,-1,15.450112
1473,32,32,-1,-1,-1,-1,-1,15.450112
1474,32,32,-1,-1,-1,-1,-1,15.456256
1475,32,32,-1,-1,-1,-1,-1,15.471616
1476,32,32,-1,-1,-1,-1,-1,15.454208
1477,32,32,-1,-1,-1,-1,-1,15.463424
1478,32,32,-1,-1,-1,-1,-1,15.470592
1479,32,32,-1,-1,-1,-1,-1,15.485952
1480,32,32,-1,-1,-1,-1,-1,15.476736
1481,32,32,-1,-1,-1,-1,-1,15.473664
1482,32,528,-1,-1,-1,-1,-1,48.034817
1483,32,32,-1,-1,-1,-1,-1,15.527936
1484,32,32,-1,-1,-1,-1,-1,15.532032
1485,32,32,-1,-1,-1,-1,-1,15.527936
1486,32,32,-1,-1,-1,-1,-1,15.535104
1487,32,32,-1,-1,-1,-1,-1,15.500288
1488,32,32,-1,-1,-1,-1,-1,15.489024
1489,32,32,-1,-1,-1,-1,-1,15.502336
1490,32,32,-1,-1,-1,-1,-1,15.488
1491,32,528,-1,-1,-1,-1,-1,48.034817
1492,32,32,-1,-1,-1,-1,-1,15.552512
1493,32,32,-1,-1,-1,-1,-1,15.545344
1494,32,32,-1,-1,-1,-1,-1,15.54944
1495,32,32,-1,-1,-1,-1,-1,15.536128
1496,32,32,-1,-1,-1,-1,-1,15.541248
1497,32,32,-1,-1,-1,-1,-1,15.49312
1498,32,528,-1,-1,-1,-1,-1,48.119808
1499,32,32,-1,-1,-1,-1,-1,15.533056
1500,32,32,-1,-1,-1,-1,-1,15.538176
1501,32,528,-1,-1,-1,-1,-1,48.448513
1502,32,32,-1,-1,-1,-1,-1,15.566848
1503,32,32,-1,-1,-1,-1,-1,15.561728
1504,32,528,-1,-1,-1,-1,-1,48.46899
1505,32,32,-1,-1,-1,-1,-1,15.5392
1506,32,32,-1,-1,-1,-1,-1,15.552512
1507,32,32,-1,-1,-1,-1,-1,15.538176
1508,32,32,-1,-1,-1,-1,-1,15.557632
1509,32,528,-1,-1,-1,-1,-1,48.121857
1510,32,528,-1,-1,-1,-1,-1,48.692223
1511,32,1024,-1,-1,-1,-1,-1,69.891075
1512,32,32,-1,-1,-1,-1,-1,15.653888
1513,32,32,-1,-1,-1,-1,-1,15.571968
1514,32,32,-1,-1,-1,-1,-1,15.538176
1515,32,528,-1,-1,-1,-1,-1,48.474113
1516,32,32,-1,-1,-1,-1,-1,15.50848
1517,32,32,-1,-1,-1,-1,-1,15.527936
1518,32,32,-1,-1,-1,-1,-1,15.517696
1519,32,32,-1,-1,-1,-1,-1,15.53408
1520,32,32,-1,-1,-1,-1,-1,15.5136
1521,32,32,-1,-1,-1,-1,-1,15.495168
1522,32,32,-1,-1,-1,-1,-1,15.504384
1523,32,32,-1,-1,-1,-1,-1,15.502336
1524,32,32,-1,-1,-1,-1,-1,15.507456
1525,32,32,-1,-1,-1,-1,-1,15.512576
1526,32,528,-1,-1,-1,-1,-1,48.249855
1527,32,32,-1,-1,-1,-1,-1,15.616
1528,32,528,-1,-1,-1,-1,-1,48.620544
1529,32,528,-1,-1,-1,-1,-1,48.542721
1530,32,32,-1,-1,-1,-1,-1,15.568896
1531,32,528,-1,-1,-1,-1,-1,48.523266
1532,32,32,-1,-1,-1,-1,-1,15.532032
1533,32,32,-1,-1,-1,-1,-1,15.547392
1534,32,32,-1,-1,-1,-1,-1,15.546368
1535,32,528,-1,-1,-1,-1,-1,48.539646
1536,32,528,-1,-1,-1,-1,-1,48.71373
1537,32,528,-1,-1,-1,-1,-1,48.949249
1538,32,32,-1,-1,-1,-1,-1,15.566848
1539,32,32,-1,-1,-1,-1,-1,15.536128
1540,32,32,-1,-1,-1,-1,-1,15.512576
1541,32,511,-1,-1,-1,-1,-1,38.887424
1542,32,32,-1,-1,-1,-1,-1,15.62624
1543,32,32,-1,-1,-1,-1,-1,15.578112
1544,32,528,-1,-1,-1,-1,-1,48.542721
1545,32,32,-1,-1,-1,-1,-1,15.56992
1546,32,32,-1,-1,-1,-1,-1,15.537152
1547,32,32,-1,-1,-1,-1,-1,15.515648
1548,32,32,-1,-1,-1,-1,-1,15.507456
1549,32,528,-1,-1,-1,-1,-1,48.60928
1550,32,32,-1,-1,-1,-1,-1,15.547392
1551,32,1520,-1,-1,-1,-1,-1,97.083389
1552,32,32,-1,-1,-1,-1,-1,15.68256
1553,32,1023,-1,-1,-1,-1,-1,69.786621
1554,32,32,-1,-1,-1,-1,-1,15.577088
1555,32,32,-1,-1,-1,-1,-1,15.542272
1556,32,32,-1,-1,-1,-1,-1,15.50848
1557,32,32,-1,-1,-1,-1,-1,15.470592
1558,32,32,-1,-1,-1,-1,-1,15.48288
1559,32,32,-1,-1,-1,-1,-1,15.483904
1560,32,32,-1,-1,-1,-1,-1,15.512576
1561,32,32,-1,-1,-1,-1,-1,15.497216
1562,32,32,-1,-1,-1,-1,-1,15.453184
1563,32,528,-1,-1,-1,-1,-1,48.138241
1564,32,1023,-1,-1,-1,-1,-1,69.798912
1565,32,32,-1,-1,-1,-1,-1,15.648768
1566,32,32,-1,-1,-1,-1,-1,15.538176
1567,32,1023,-1,-1,-1,-1,-1,69.470207
1568,32,32,-1,-1,-1,-1,-1,15.633408
1569,32,528,-1,-1,-1,-1,-1,48.91853
1570,32,32,-1,-1,-1,-1,-1,15.485952
1571,32,32,-1,-1,-1,-1,-1,15.437824
1572,32,32,-1,-1,-1,-1,-1,15.422464
1573,32,32,-1,-1,-1,-1,-1,15.454208
1574,32,32,-1,-1,-1,-1,-1,15.449088
1575,32,32,-1,-1,-1,-1,-1,15.45728
1576,32,32,-1,-1,-1,-1,-1,15.422464
1577,32,32,-1,-1,-1,-1,-1,15.42144
1578,32,32,-1,-1,-1,-1,-1,15.42656
1579,32,32,-1,-1,-1,-1,-1,15.427584
1580,32,528,-1,-1,-1,-1,-1,48.243713
1581,32,32,-1,-1,-1,-1,-1,15.469568
1582,32,32,-1,-1,-1,-1,-1,15.43168
1583,32,32,-1,-1,-1,-1,-1,15.461376
1584,32,32,-1,-1,-1,-1,-1,15.4624
1585,32,32,-1,-1,-1,-1,-1,15.466496
1586,32,32,-1,-1,-1,-1,-1,15.422464
1587,32,32,-1,-1,-1,-1,-1,15.42656
1588,32,32,-1,-1,-1,-1,-1,15.405056
1589,32,32,-1,-1,-1,-1,-1,15.427584
1590,32,32,-1,-1,-1,-1,-1,15.444992
1591,32,32,-1,-1,-1,-1,-1,15.440896
1592,32,32,-1,-1,-1,-1,-1,15.443968
1593,32,32,-1,-1,-1,-1,-1,15.449088
1594,32,32,-1,-1,-1,-1,-1,15.438848
1595,32,32,-1,-1,-1,-1,-1,15.45216
1596,32,32,-1,-1,-1,-1,-1,15.451136
1597,32,32,-1,-1,-1,-1,-1,15.463424
1598,32,32,-1,-1,-1,-1,-1,15.423488
1599,32,32,-1,-1,-1,-1,-1,15.45216
1600,32,32,-1,-1,-1,-1,-1,15.449088
1601,32,32,-1,-1,-1,-1,-1,15.45216
1602,32,32,-1,-1,-1,-1,-1,15.449088
1603,32,32,-1,-1,-1,-1,-1,15.45216
1604,32,32,-1,-1,-1,-1,-1,15.442944
1605,32,32,-1,-1,-1,-1,-1,15.469568
1606,32,32,-1,-1,-1,-1,-1,15.48288
1607,32,32,-1,-1,-1,-1,-1,15.471616
1608,32,32,-1,-1,-1,-1,-1,15.471616
1609,32,32,-1,-1,-1,-1,-1,15.471616
1610,32,32,-1,-1,-1,-1,-1,15.475712
1611,32,32,-1,-1,-1,-1,-1,15.481856
1612,32,32,-1,-1,-1,-1,-1,15.495168
1613,32,528,-1,-1,-1,-1,-1,48.024574
1614,32,32,-1,-1,-1,-1,-1,15.517696
1615,32,32,-1,-1,-1,-1,-1,15.525888
1616,32,32,-1,-1,-1,-1,-1,15.532032
1617,32,32,-1,-1,-1,-1,-1,15.52896
1618,32,32,-1,-1,-1,-1,-1,15.527936
1619,32,32,-1,-1,-1,-1,-1,15.495168
1620,32,32,-1,-1,-1,-1,-1,15.497216
1621,32,32,-1,-1,-1,-1,-1,15.504384
1622,32,32,-1,-1,-1,-1,-1,15.517696
1623,32,32,-1,-1,-1,-1,-1,15.512576
1624,32,1024,-1,-1,-1,-1,-1,68.996094
1625,32,32,-1,-1,-1,-1,-1,15.693824
1626,32,1024,-1,-1,-1,-1,-1,69.70163
1627,32,528,-1,-1,-1,-1,-1,49.284096
1628,32,1024,-1,-1,-1,-1,-1,70.041603
1629,32,32,-1,-1,-1,-1,-1,15.673344
1630,32,32,-1,-1,-1,-1,-1,15.561728
1631,32,32,-1,-1,-1,-1,-1,15.533056
1632,32,32,-1,-1,-1,-1,-1,15.522816
1633,32,32,-1,-1,-1,-1,-1,15.51872
1634,32,32,-1,-1,-1,-1,-1,15.521792
1635,32,528,-1,-1,-1,-1,-1,48.268288
1636,32,32,-1,-1,-1,-1,-1,15.505408
1637,32,32,-1,-1,-1,-1,-1,15.497216
1638,32,32,-1,-1,-1,-1,-1,15.514624
1639,32,32,-1,-1,-1,-1,-1,15.500288
1640,32,32,-1,-1,-1,-1,-1,15.502336
1641,32,32,-1,-1,-1,-1,-1,15.465472
1642,32,32,-1,-1,-1,-1,-1,15.468544
1643,32,32,-1,-1,-1,-1,-1,15.473664
1644,32,32,-1,-1,-1,-1,-1,15.504384
1645,32,32,-1,-1,-1,-1,-1,15.510528
1646,32,511,-1,-1,-1,-1,-1,38.718464
1647,32,32,-1,-1,-1,-1,-1,15.578112
1648,32,32,-1,-1,-1,-1,-1,15.541248
1649,32,32,-1,-1,-1,-1,-1,15.537152
1650,32,32,-1,-1,-1,-1,-1,15.54432
1651,32,32,-1,-1,-1,-1,-1,15.556608
1652,32,32,-1,-1,-1,-1,-1,15.511552
1653,32,32,-1,-1,-1,-1,-1,15.47776
1654,32,32,-1,-1,-1,-1,-1,15.5136
1655,32,1519,-1,-1,-1,-1,-1,96.991234
1656,32,528,-1,-1,-1,-1,-1,50.23027
1657,32,32,-1,-1,-1,-1,-1,15.623168
1658,32,32,-1,-1,-1,-1,-1,15.574016
1659,32,32,-1,-1,-1,-1,-1,15.516672
1660,32,528,-1,-1,-1,-1,-1,48.566273
1661,32,32,-1,-1,-1,-1,-1,15.54432
1662,32,32,-1,-1,-1,-1,-1,15.524864
1663,32,32,-1,-1,-1,-1,-1,15.542272
1664,32,32,-1,-1,-1,-1,-1,15.52896
1665,32,32,-1,-1,-1,-1,-1,15.52896
1666,32,528,-1,-1,-1,-1,-1,48.17408
1667,32,1520,-1,-1,-1,-1,-1,97.669121
1668,32,32,-1,-1,-1,-1,-1,15.665152
1669,32,528,-1,-1,-1,-1,-1,49.161217
1670,32,32,-1,-1,-1,-1,-1,15.520768
1671,32,32,-1,-1,-1,-1,-1,15.49824
1672,32,32,-1,-1,-1,-1,-1,15.499264
1673,32,32,-1,-1,-1,-1,-1,15.486976
1674,32,1024,-1,-1,-1,-1,-1,69.549057
1675,32,32,-1,-1,-1,-1,-1,15.60576
1676,32,32,-1,-1,-1,-1,-1,15.551488
1677,32,32,-1,-1,-1,-1,-1,15.53408
1678,32,32,-1,-1,-1,-1,-1,15.464448
1679,32,528,-1,-1,-1,-1,-1,48.490498
1680,32,32,-1,-1,-1,-1,-1,15.510528
1681,32,32,-1,-1,-1,-1,-1,15.497216
1682,32,32,-1,-1,-1,-1,-1,15.507456
1683,32,32,-1,-1,-1,-1,-1,15.50336
1684,32,1023,-1,-1,-1,-1,-1,69.161987
1685,32,32,-1,-1,-1,-1,-1,15.663104
1686,32,32,-1,-1,-1,-1,-1,15.531008
1687,32,32,-1,-1,-1,-1,-1,15.49824
1688,32,32,-1,-1,-1,-1,-1,15.49312
1689,32,32,-1,-1,-1,-1,-1,15.480832
1690,32,32,-1,-1,-1,-1,-1,15.481856
1691,32,32,-1,-1,-1,-1,-1,15.520768
1692,32,527,-1,-1,-1,-1,-1,48.102402
1693,32,1024,-1,-1,-1,-1,-1,70.004738
1694,32,528,-1,-1,-1,-1,-1,49.495041
1695,32,32,-1,-1,-1,-1,-1,15.576064
1696,32,32,-1,-1,-1,-1,-1,15.55968
1697,32,32,-1,-1,-1,-1,-1,15.589376
1698,32,32,-1,-1,-1,-1,-1,15.56992
1699,32,32,-1,-1,-1,-1,-1,15.504384
1700,32,32,-1,-1,-1,-1,-1,15.49824
1701,32,32,-1,-1,-1,-1,-1,15.50848
1702,32,528,-1,-1,-1,-1,-1,48.169983
1703,32,528,-1,-1,-1,-1,-1,48.471039
1704,32,32,-1,-1,-1,-1,-1,15.479808
1705,32,32,-1,-1,-1,-1,-1,15.438848
1706,32,32,-1,-1,-1,-1,-1,15.45216
1707,32,32,-1,-1,-1,-1,-1,15.465472
1708,32,32,-1,-1,-1,-1,-1,15.440896
1709,32,32,-1,-1,-1,-1,-1,15.422464
1710,32,32,-1,-1,-1,-1,-1,15.451136
1711,32,32,-1,-1,-1,-1,-1,15.435776
1712,32,32,-1,-1,-1,-1,-1,15.407104
1713,32,32,-1,-1,-1,-1,-1,15.444992
1714,32,32,-1,-1,-1,-1,-1,15.454208
1715,32,527,-1,-1,-1,-1,-1,48.035839
1716,32,32,-1,-1,-1,-1,-1,15.532032
1717,32,32,-1,-1,-1,-1,-1,15.49312
1718,32,32,-1,-1,-1,-1,-1,15.479808
1719,32,32,-1,-1,-1,-1,-1,15.48288
1720,32,32,-1,-1,-1,-1,-1,15.483904
1721,32,32,-1,-1,-1,-1,-1,15.47264
1722,32,32,-1,-1,-1,-1,-1,15.458304
1723,32,32,-1,-1,-1,-1,-1,15.425536
1724,32,32,-1,-1,-1,-1,-1,15.424512
1725,32,32,-1,-1,-1,-1,-1,15.456256
1726,32,32,-1,-1,-1,-1,-1,15.45728
1727,32,32,-1,-1,-1,-1,-1,15.468544
1728,32,32,-1,-1,-1,-1,-1,15.442944
1729,32,32,-1,-1,-1,-1,-1,15.432704
1730,32,32,-1,-1,-1,-1,-1,15.449088
1731,32,32,-1,-1,-1,-1,-1,15.480832
1732,32,32,-1,-1,-1,-1,-1,15.46752
1733,32,32,-1,-1,-1,-1,-1,15.46752
1734,32,32,-1,-1,-1,-1,-1,15.471616
1735,32,32,-1,-1,-1,-1,-1,15.489024
1736,32,32,-1,-1,-1,-1,-1,15.475712
1737,32,32,-1,-1,-1,-1,-1,15.458304
1738,32,32,-1,-1,-1,-1,-1,15.476736
1739,32,32,-1,-1,-1,-1,-1,15.484928
1740,32,32,-1,-1,-1,-1,-1,15.485952
1741,32,32,-1,-1,-1,-1,-1,15.5136
1742,32,32,-1,-1,-1,-1,-1,15.502336
1743,32,32,-1,-1,-1,-1,-1,15.5136
1744,32,528,-1,-1,-1,-1,-1,47.985664
1745,32,528,-1,-1,-1,-1,-1,48.72192
1746,32,1024,-1,-1,-1,-1,-1,69.713921
1747,32,32,-1,-1,-1,-1,-1,15.673344
1748,32,528,-1,-1,-1,-1,-1,48.754688
1749,32,32,-1,-1,-1,-1,-1,15.54432
1750,32,528,-1,-1,-1,-1,-1,48.503807
1751,32,32,-1,-1,-1,-1,-1,15.524864
1752,32,32,-1,-1,-1,-1,-1,15.517696
1753,32,32,-1,-1,-1,-1,-1,15.489024
1754,32,32,-1,-1,-1,-1,-1,15.520768
1755,32,32,-1,-1,-1,-1,-1,15.475712
1756,32,32,-1,-1,-1,-1,-1,15.481856
1757,32,528,-1,-1,-1,-1,-1,48.237568
1758,32,528,-1,-1,-1,-1,-1,48.912384
1759,32,32,-1,-1,-1,-1,-1,15.577088
1760,32,32,-1,-1,-1,-1,-1,15.50336
1761,32,32,-1,-1,-1,-1,-1,15.511552
1762,32,32,-1,-1,-1,-1,-1,15.506432
1763,32,32,-1,-1,-1,-1,-1,15.515648
1764,32,32,-1,-1,-1,-1,-1,15.524864
1765,32,32,-1,-1,-1,-1,-1,15.485952
1766,32,32,-1,-1,-1,-1,-1,15.484928
1767,32,32,-1,-1,-1,-1,-1,15.474688
1768,32,32,-1,-1,-1,-1,-1,15.47776
1769,32,32,-1,-1,-1,-1,-1,15.466496
1770,32,32,-1,-1,-1,-1,-1,15.494144
1771,32,32,-1,-1,-1,-1,-1,15.481856
1772,32,32,-1,-1,-1,-1,-1,15.490048
1773,32,528,-1,-1,-1,-1,-1,48.033791
1774,32,32,-1,-1,-1,-1,-1,15.546368
1775,32,32,-1,-1,-1,-1,-1,15.55968
1776,32,32,-1,-1,-1,-1,-1,15.540224
1777,32,528,-1,-1,-1,-1,-1,48.486401
1778,32,32,-1,-1,-1,-1,-1,15.596544
1779,32,32,-1,-1,-1,-1,-1,15.566848
1780,32,32,-1,-1,-1,-1,-1,15.533056
1781,32,32,-1,-1,-1,-1,-1,15.557632
1782,32,528,-1,-1,-1,-1,-1,48.48333
1783,32,32,-1,-1,-1,-1,-1,15.591424
1784,32,528,-1,-1,-1,-1,-1,48.584705
1785,32,32,-1,-1,-1,-1,-1,15.597568
1786,32,528,-1,-1,-1,-1,-1,48.557056
1787,32,32,-1,-1,-1,-1,-1,15.596544
1788,32,32,-1,-1,-1,-1,-1,15.548416
1789,32,32,-1,-1,-1,-1,-1,15.562752
1790,32,528,-1,-1,-1,-1,-1,48.52224
1791,32,528,-1,-1,-1,-1,-1,48.616447
1792,32,528,-1,-1,-1,-1,-1,48.993279
1793,32,1023,-1,-1,-1,-1,-1,69.535744
1794,32,528,-1,-1,-1,-1,-1,49.722366
1795,32,32,-1,-1,-1,-1,-1,15.633408
1796,32,32,-1,-1,-1,-1,-1,15.538176
1797,32,32,-1,-1,-1,-1,-1,15.526912
1798,32,32,-1,-1,-1,-1,-1,15.516672
1799,32,32,-1,-1,-1,-1,-1,15.535104
1800,32,32,-1,-1,-1,-1,-1,15.5392
1801,32,527,-1,-1,-1,-1,-1,48.082943
1802,32,528,-1,-1,-1,-1,-1,48.806911
1803,32,32,-1,-1,-1,-1,-1,15.552512
1804,32,528,-1,-1,-1,-1,-1,48.618496
1805,32,528,-1,-1,-1,-1,-1,48.574463
1806,32,528,-1,-1,-1,-1,-1,48.933887
1807,32,32,-1,-1,-1,-1,-1,15.532032
1808,32,32,-1,-1,-1,-1,-1,15.483904
1809,32,32,-1,-1,-1,-1,-1,15.46752
1810,32,32,-1,-1,-1,-1,-1,15.481856
1811,32,32,-1,-1,-1,-1,-1,15.4624
1812,32,528,-1,-1,-1,-1,-1,48.280575
1813,32,528,-1,-1,-1,-1,-1,48.692223
1814,32,32,-1,-1,-1,-1,-1,15.536128
1815,32,32,-1,-1,-1,-1,-1,15.506432
1816,32,32,-1,-1,-1,-1,-1,15.469568
1817,32,32,-1,-1,-1,-1,-1,15.449088
1818,32,528,-1,-1,-1,-1,-1,48.527359
1819,32,32,-1,-1,-1,-1,-1,15.465472
1820,32,528,-1,-1,-1,-1,-1,48.433151
1821,32,1024,-1,-1,-1,-1,-1,70.052864
1822,32,32,-1,-1,-1,-1,-1,15.629312
1823,32,32,-1,-1,-1,-1,-1,15.526912
1824,32,32,-1,-1,-1,-1,-1,15.474688
1825,32,32,-1,-1,-1,-1,-1,15.483904
1826,32,32,-1,-1,-1,-1,-1,15.475712
1827,32,32,-1,-1,-1,-1,-1,15.473664
1828,32,32,-1,-1,-1,-1,-1,15.499264
1829,32,32,-1,-1,-1,-1,-1,15.427584
1830,32,32,-1,-1,-1,-1,-1,15.42656
1831,32,32,-1,-1,-1,-1,-1,15.423488
1832,32,32,-1,-1,-1,-1,-1,15.44192
1833,32,32,-1,-1,-1,-1,-1,15.428608
1834,32,528,-1,-1,-1,-1,-1,48.05632
1835,32,32,-1,-1,-1,-1,-1,15.473664
1836,32,32,-1,-1,-1,-1,-1,15.463424
1837,32,32,-1,-1,-1,-1,-1,15.470592
1838,32,32,-1,-1,-1,-1,-1,15.474688
1839,32,32,-1,-1,-1,-1,-1,15.461376
1840,32,32,-1,-1,-1,-1,-1,15.4368
1841,32,528,-1,-1,-1,-1,-1,48.163841
1842,32,32,-1,-1,-1,-1,-1,15.500288
1843,32,32,-1,-1,-1,-1,-1,15.45728
1844,32,32,-1,-1,-1,-1,-1,15.479808
1845,32,32,-1,-1,-1,-1,-1,15.49312
1846,32,32,-1,-1,-1,-1,-1,15.48288
1847,32,32,-1,-1,-1,-1,-1,15.440896
1848,32,32,-1,-1,-1,-1,-1,15.429632
1849,32,32,-1,-1,-1,-1,-1,15.420416
1850,32,32,-1,-1,-1,-1,-1,15.44704
1851,32,32,-1,-1,-1,-1,-1,15.4368
1852,32,32,-1,-1,-1,-1,-1,15.465472
1853,32,32,-1,-1,-1,-1,-1,15.449088
1854,32,32,-1,-1,-1,-1,-1,15.45728
1855,32,32,-1,-1,-1,-1,-1,15.449088
1856,32,32,-1,-1,-1,-1,-1,15.465472
1857,32,32,-1,-1,-1,-1,-1,15.46752
1858,32,32,-1,-1,-1,-1,-1,15.469568
1859,32,32,-1,-1,-1,-1,-1,15.449088
1860,32,32,-1,-1,-1,-1,-1,15.465472
1861,32,527,-1,-1,-1,-1,-1,47.953918
1862,32,32,-1,-1,-1,-1,-1,15.486976
1863,32,32,-1,-1,-1,-1,-1,15.512576
1864,32,32,-1,-1,-1,-1,-1,15.526912
1865,32,32,-1,-1,-1,-1,-1,15.507456
1866,32,32,-1,-1,-1,-1,-1,15.490048
1867,32,527,-1,-1,-1,-1,-1,48.14336
1868,32,32,-1,-1,-1,-1,-1,15.54432
1869,32,32,-1,-1,-1,-1,-1,15.531008
1870,32,32,-1,-1,-1,-1,-1,15.524864
1871,32,32,-1,-1,-1,-1,-1,15.52384
1872,32,32,-1,-1,-1,-1,-1,15.533056
1873,32,32,-1,-1,-1,-1,-1,15.510528
1874,32,32,-1,-1,-1,-1,-1,15.499264
1875,32,32,-1,-1,-1,-1,-1,15.475712
1876,32,32,-1,-1,-1,-1,-1,15.515648
1877,32,528,-1,-1,-1,-1,-1,48.209919
1878,32,32,-1,-1,-1,-1,-1,15.56992
1879,32,528,-1,-1,-1,-1,-1,48.586754
1880,32,32,-1,-1,-1,-1,-1,15.563776
1881,32,32,-1,-1,-1,-1,-1,15.52896
1882,32,32,-1,-1,-1,-1,-1,15.545344
1883,32,528,-1,-1,-1,-1,-1,48.455681
1884,32,1024,-1,-1,-1,-1,-1,70.057983
1885,32,32,-1,-1,-1,-1,-1,15.684608
1886,32,32,-1,-1,-1,-1,-1,15.67744
1887,32,32,-1,-1,-1,-1,-1,15.688704
1888,32,32,-1,-1,-1,-1,-1,15.619072
1889,32,32,-1,-1,-1,-1,-1,15.54432
1890,32,32,-1,-1,-1,-1,-1,15.543296
1891,32,32,-1,-1,-1,-1,-1,15.537152
1892,32,32,-1,-1,-1,-1,-1,15.481856
1893,32,32,-1,-1,-1,-1,-1,15.489024
1894,32,528,-1,-1,-1,-1,-1,48.062466
1895,32,32,-1,-1,-1,-1,-1,15.536128
1896,32,32,-1,-1,-1,-1,-1,15.535104
1897,32,32,-1,-1,-1,-1,-1,15.507456
1898,32,32,-1,-1,-1,-1,-1,15.52384
1899,32,32,-1,-1,-1,-1,-1,15.53408
1900,32,32,-1,-1,-1,-1,-1,15.479808
1901,32,528,-1,-1,-1,-1,-1,48.11776
1902,32,32,-1,-1,-1,-1,-1,15.550464
1903,32,32,-1,-1,-1,-1,-1,15.543296
1904,32,512,-1,-1,-1,-1,-1,38.915073
1905,32,32,-1,-1,-1,-1,-1,15.649792
1906,32,32,-1,-1,-1,-1,-1,15.598592
1907,32,32,-1,-1,-1,-1,-1,15.548416
1908,32,32,-1,-1,-1,-1,-1,15.529984
1909,32,32,-1,-1,-1,-1,-1,15.560704
1910,32,32,-1,-1,-1,-1,-1,15.550464
1911,32,32,-1,-1,-1,-1,-1,15.537152
1912,32,1024,-1,-1,-1,-1,-1,69.278717
1913,32,528,-1,-1,-1,-1,-1,49.591297
1914,32,32,-1,-1,-1,-1,-1,15.632384
1915,32,832,-1,-1,-1,-1,-1,64.78643
1916,32,32,-1,-1,-1,-1,-1,15.578112
1917,32,528,-1,-1,-1,-1,-1,48.629761
1918,32,528,-1,-1,-1,-1,-1,48.91853
1919,32,32,-1,-1,-1,-1,-1,15.552512
1920,32,1024,-1,-1,-1,-1,-1,69.451775
1921,32,32,-1,-1,-1,-1,-1,15.613952
1922,32,32,-1,-1,-1,-1,-1,15.526912
1923,32,32,-1,-1,-1,-1,-1,15.517696
1924,32,32,-1,-1,-1,-1,-1,15.496192
1925,32,32,-1,-1,-1,-1,-1,15.506432
1926,32,32,-1,-1,-1,-1,-1,15.497216
1927,32,32,-1,-1,-1,-1,-1,15.494144
1928,32,527,-1,-1,-1,-1,-1,48.37376
1929,32,528,-1,-1,-1,-1,-1,48.946175
1930,32,32,-1,-1,-1,-1,-1,15.558656
1931,32,528,-1,-1,-1,-1,-1,48.583679
1932,32,32,-1,-1,-1,-1,-1,15.507456
1933,32,32,-1,-1,-1,-1,-1,15.501312
1934,32,32,-1,-1,-1,-1,-1,15.49824
1935,32,32,-1,-1,-1,-1,-1,15.50848
1936,32,32,-1,-1,-1,-1,-1,15.46752
1937,32,528,-1,-1,-1,-1,-1,48.044033
1938,32,32,-1,-1,-1,-1,-1,15.490048
1939,32,528,-1,-1,-1,-1,-1,48.528385
1940,32,528,-1,-1,-1,-1,-1,48.913406
1941,32,32,-1,-1,-1,-1,-1,15.542272
1942,32,32,-1,-1,-1,-1,-1,15.507456
1943,32,528,-1,-1,-1,-1,-1,48.454655
1944,32,1024,-1,-1,-1,-1,-1,70.026237
1945,32,32,-1,-1,-1,-1,-1,15.598592
1946,32,32,-1,-1,-1,-1,-1,15.490048
1947,32,32,-1,-1,-1,-1,-1,15.454208
1948,32,528,-1,-1,-1,-1,-1,48.549889
1949,32,32,-1,-1,-1,-1,-1,15.550464
1950,32,32,-1,-1,-1,-1,-1,15.491072
1951,32,1023,-1,-1,-1,-1,-1,69.332993
1952,32,32,-1,-1,-1,-1,-1,15.599616
1953,32,32,-1,-1,-1,-1,-1,15.505408
1954,32,32,-1,-1,-1,-1,-1,15.430656
1955,32,32,-1,-1,-1,-1,-1,15.455232
1956,32,32,-1,-1,-1,-1,-1,15.46752
1957,32,528,-1,-1,-1,-1,-1,48.458752
1958,32,32,-1,-1,-1,-1,-1,15.512576
1959,32,32,-1,-1,-1,-1,-1,15.47264
1960,32,32,-1,-1,-1,-1,-1,15.461376
1961,32,32,-1,-1,-1,-1,-1,15.456256
1962,32,32,-1,-1,-1,-1,-1,15.44192
1963,32,32,-1,-1,-1,-1,-1,15.449088
1964,32,32,-1,-1,-1,-1,-1,15.433728
1965,32,32,-1,-1,-1,-1,-1,15.4112
1966,32,32,-1,-1,-1,-1,-1,15.42656
1967,32,32,-1,-1,-1,-1,-1,15.435776
1968,32,32,-1,-1,-1,-1,-1,15.423488
1969,32,32,-1,-1,-1,-1,-1,15.425536
1970,32,32,-1,-1,-1,-1,-1,15.412224
1971,32,32,-1,-1,-1,-1,-1,15.435776
1972,32,32,-1,-1,-1,-1,-1,15.427584
1973,32,32,-1,-1,-1,-1,-1,15.440896
1974,32,32,-1,-1,-1,-1,-1,15.440896
1975,32,32,-1,-1,-1,-1,-1,15.432704
1976,32,32,-1,-1,-1,-1,-1,15.446016
1977,32,32,-1,-1,-1,-1,-1,15.443968
1978,32,32,-1,-1,-1,-1,-1,15.44192
1979,32,32,-1,-1,-1,-1,-1,15.450112
1980,32,32,-1,-1,-1,-1,-1,15.451136
1981,32,32,-1,-1,-1,-1,-1,15.476736
1982,32,32,-1,-1,-1,-1,-1,15.468544
1983,32,32,-1,-1,-1,-1,-1,15.468544
1984,32,32,-1,-1,-1,-1,-1,15.455232
1985,32,32,-1,-1,-1,-1,-1,15.470592
1986,32,32,-1,-1,-1,-1,-1,15.448064
1987,32,32,-1,-1,-1,-1,-1,15.47776
1988,32,527,-1,-1,-1,-1,-1,48.063488
1989,32,32,-1,-1,-1,-1,-1,15.54432
1990,32,32,-1,-1,-1,-1,-1,15.52384
1991,32,32,-1,-1,-1,-1,-1,15.550464
1992,32,528,-1,-1,-1,-1,-1,48.360447
1993,32,32,-1,-1,-1,-1,-1,15.533056
1994,32,32,-1,-1,-1,-1,-1,15.488
1995,32,32,-1,-1,-1,-1,-1,15.516672
1996,32,32,-1,-1,-1,-1,-1,15.509504
1997,32,32,-1,-1,-1,-1,-1,15.527936
1998,32,32,-1,-1,-1,-1,-1,15.484928
1999,32,32,-1,-1,-1,-1,-1,15.48288
2000,32,32,-1,-1,-1,-1,-1,15.488
2001,32,528,-1,-1,-1,-1,-1,48.021503
2002,32,32,-1,-1,-1,-1,-1,15.519744
2003,32,32,-1,-1,-1,-1,-1,15.519744
2004,32,528,-1,-1,-1,-1,-1,48.592896
2005,32,32,-1,-1,-1,-1,-1,15.604736
2006,32,528,-1,-1,-1,-1,-1,48.592896
2007,32,32,-1,-1,-1,-1,-1,15.5648
2008,32,528,-1,-1,-1,-1,-1,48.505856
2009,32,32,-1,-1,-1,-1,-1,15.582208
2010,32,528,-1,-1,-1,-1,-1,48.503807
2011,32,32,-1,-1,-1,-1,-1,15.571968
2012,32,32,-1,-1,-1,-1,-1,15.509504
2013,32,32,-1,-1,-1,-1,-1,15.497216
2014,32,32,-1,-1,-1,-1,-1,15.512576
2015,32,528,-1,-1,-1,-1,-1,48.444416
2016,32,32,-1,-1,-1,-1,-1,15.515648
2017,32,32,-1,-1,-1,-1,-1,15.515648
2018,32,32,-1,-1,-1,-1,-1,15.485952
2019,32,32,-1,-1,-1,-1,-1,15.531008
2020,32,32,-1,-1,-1,-1,-1,15.50336
2021,32,32,-1,-1,-1,-1,-1,15.488
2022,32,32,-1,-1,-1,-1,-1,15.491072
2023,32,32,-1,-1,-1,-1,-1,15.497216
2024,32,528,-1,-1,-1,-1,-1,48.224255
2025,32,32,-1,-1,-1,-1,-1,15.572992
2026,32,528,-1,-1,-1,-1,-1,48.585728
2027,32,528,-1,-1,-1,-1,-1,48.915455
2028,32,32,-1,-1,-1,-1,-1,15.566848
2029,32,32,-1,-1,-1,-1,-1,15.54432
2030,32,528,-1,-1,-1,-1,-1,48.52224
2031,32,32,-1,-1,-1,-1,-1,15.537152
2032,32,32,-1,-1,-1,-1,-1,15.519744
2033,32,32,-1,-1,-1,-1,-1,15.525888
2034,32,32,-1,-1,-1,-1,-1,15.5136
2035,32,32,-1,-1,-1,-1,-1,15.495168
2036,32,32,-1,-1,-1,-1,-1,15.499264
2037,32,527,-1,-1,-1,-1,-1,48.134144
2038,32,32,-1,-1,-1,-1,-1,15.583232
2039,32,32,-1,-1,-1,-1,-1,15.562752
2040,32,32,-1,-1,-1,-1,-1,15.5392
2041,32,32,-1,-1,-1,-1,-1,15.52896
2042,32,528,-1,-1,-1,-1,-1,48.480255
2043,32,32,-1,-1,-1,-1,-1,15.555584
2044,32,1024,-1,-1,-1,-1,-1,69.626877
2045,32,528,-1,-1,-1,-1,-1,49.670143
2046,32,528,-1,-1,-1,-1,-1,49.067009
2047,32,32,-1,-1,-1,-1,-1,15.570944
2048,32,1024,-1,-1,-1,-1,-1,68.690941
2049,32,32,-1,-1,-1,-1,-1,15.54432
2050,32,528,-1,-1,-1,-1,-1,49.025024
2051,32,32,-1,-1,-1,-1,-1,15.532032
2052,32,32,-1,-1,-1,-1,-1,15.479808
2053,32,32,-1,-1,-1,-1,-1,15.466496
2054,32,32,-1,-1,-1,-1,-1,15.483904
2055,32,32,-1,-1,-1,-1,-1,15.484928
2056,32,32,-1,-1,-1,-1,-1,15.49312
2057,32,32,-1,-1,-1,-1,-1,15.460352
2058,32,32,-1,-1,-1,-1,-1,15.464448
2059,32,32,-1,-1,-1,-1,-1,15.456256
2060,32,528,-1,-1,-1,-1,-1,48.029697
2061,32,528,-1,-1,-1,-1,-1,48.700417
2062,32,32,-1,-1,-1,-1,-1,15.52896
2063,32,32,-1,-1,-1,-1,-1,15.499264
2064,32,528,-1,-1,-1,-1,-1,48.518143
2065,32,32,-1,-1,-1,-1,-1,15.505408
2066,32,32,-1,-1,-1,-1,-1,15.500288
2067,32,32,-1,-1,-1,-1,-1,15.485952
2068,32,32,-1,-1,-1,-1,-1,15.538176
2069,32,528,-1,-1,-1,-1,-1,48.186367
2070,32,32,-1,-1,-1,-1,-1,15.521792
2071,32,32,-1,-1,-1,-1,-1,15.483904
2072,32,528,-1,-1,-1,-1,-1,48.586754
2073,32,528,-1,-1,-1,-1,-1,48.874496
2074,32,528,-1,-1,-1,-1,-1,48.915455
2075,32,32,-1,-1,-1,-1,-1,15.556608
2076,32,32,-1,-1,-1,-1,-1,15.492096
2077,32,32,-1,-1,-1,-1,-1,15.489024
2078,32,32,-1,-1,-1,-1,-1,15.514624
2079,32,528,-1,-1,-1,-1,-1,48.540672
2080,32,32,-1,-1,-1,-1,-1,15.524864
2081,32,527,-1,-1,-1,-1,-1,48.451584
2082,32,528,-1,-1,-1,-1,-1,48.560127
2083,32,32,-1,-1,-1,-1,-1,15.514624
2084,32,32,-1,-1,-1,-1,-1,15.502336
2085,32,32,-1,-1,-1,-1,-1,15.481856
2086,32,32,-1,-1,-1,-1,-1,15.490048
2087,32,32,-1,-1,-1,-1,-1,15.459328
2088,32,32,-1,-1,-1,-1,-1,15.489024
2089,32,32,-1,-1,-1,-1,-1,15.469568
2090,32,32,-1,-1,-1,-1,-1,15.439872
2091,32,32,-1,-1,-1,-1,-1,15.451136
2092,32,32,-1,-1,-1,-1,-1,15.437824
2093,32,32,-1,-1,-1,-1,-1,15.432704
2094,32,528,-1,-1,-1,-1,-1,48.217087
2095,32,32,-1,-1,-1,-1,-1,15.536128
2096,32,32,-1,-1,-1,-1,-1,15.500288
2097,32,32,-1,-1,-1,-1,-1,15.473664
2098,32,32,-1,-1,-1,-1,-1,15.486976
2099,32,32,-1,-1,-1,-1,-1,15.476736
2100,32,32,-1,-1,-1,-1,-1,15.496192
2101,32,32,-1,-1,-1,-1,-1,15.454208
2102,32,32,-1,-1,-1,-1,-1,15.425536
2103,32,32,-1,-1,-1,-1,-1,15.434752
2104,32,32,-1,-1,-1,-1,-1,15.451136
2105,32,32,-1,-1,-1,-1,-1,15.468544
2106,32,32,-1,-1,-1,-1,-1,15.44704
2107,32,32,-1,-1,-1,-1,-1,15.460352
2108,32,32,-1,-1,-1,-1,-1,15.470592
2109,32,32,-1,-1,-1,-1,-1,15.460352
2110,32,32,-1,-1,-1,-1,-1,15.469568
2111,32,32,-1,-1,-1,-1,-1,15.474688
2112,32,32,-1,-1,-1,-1,-1,15.484928
2113,32,32,-1,-1,-1,-1,-1,15.479808
2114,32,32,-1,-1,-1,-1,-1,15.476736
2115,32,32,-1,-1,-1,-1,-1,15.476736
2116,32,32,-1,-1,-1,-1,-1,15.497216
2117,32,32,-1,-1,-1,-1,-1,15.492096
2118,32,32,-1,-1,-1,-1,-1,15.511552
2119,32,527,-1,-1,-1,-1,-1,48.284672
2120,32,32,-1,-1,-1,-1,-1,15.566848
2121,32,32,-1,-1,-1,-1,-1,15.540224
2122,32,32,-1,-1,-1,-1,-1,15.552512
2123,32,32,-1,-1,-1,-1,-1,15.555584
2124,32,32,-1,-1,-1,-1,-1,15.538176
2125,32,32,-1,-1,-1,-1,-1,15.504384
2126,32,32,-1,-1,-1,-1,-1,15.502336
2127,32,528,-1,-1,-1,-1,-1,48.071678
2128,32,32,-1,-1,-1,-1,-1,15.567872
2129,32,32,-1,-1,-1,-1,-1,15.532032
2130,32,32,-1,-1,-1,-1,-1,15.55456
2131,32,32,-1,-1,-1,-1,-1,15.54432
2132,32,32,-1,-1,-1,-1,-1,15.547392
2133,32,1008,-1,-1,-1,-1,-1,68.847618
2134,32,527,-1,-1,-1,-1,-1,49.667072
2135,32,32,-1,-1,-1,-1,-1,15.63648
2136,32,528,-1,-1,-1,-1,-1,48.579582
2137,32,32,-1,-1,-1,-1,-1,15.593472
2138,32,32,-1,-1,-1,-1,-1,15.532032
2139,32,32,-1,-1,-1,-1,-1,15.526912
2140,32,528,-1,-1,-1,-1,-1,48.573441
2141,32,32,-1,-1,-1,-1,-1,15.566848
2142,32,32,-1,-1,-1,-1,-1,15.543296
2143,32,32,-1,-1,-1,-1,-1,15.537152
2144,32,32,-1,-1,-1,-1,-1,15.537152
2145,32,32,-1,-1,-1,-1,-1,15.501312
2146,32,528,-1,-1,-1,-1,-1,48.217087
2147,32,32,-1,-1,-1,-1,-1,15.526912
2148,32,32,-1,-1,-1,-1,-1,15.497216
2149,32,32,-1,-1,-1,-1,-1,15.540224
2150,32,1520,-1,-1,-1,-1,-1,97.162239
2151,32,32,-1,-1,-1,-1,-1,15.731712
2152,32,32,-1,-1,-1,-1,-1,15.628288
2153,32,32,-1,-1,-1,-1,-1,15.574016
2154,32,32,-1,-1,-1,-1,-1,15.543296
2155,32,32,-1,-1,-1,-1,-1,15.51872
2156,32,32,-1,-1,-1,-1,-1,15.533056
2157,32,527,-1,-1,-1,-1,-1,48.520191
2158,32,32,-1,-1,-1,-1,-1,15.541248
2159,32,32,-1,-1,-1,-1,-1,15.536128
2160,32,1024,-1,-1,-1,-1,-1,69.291008
2161,32,32,-1,-1,-1,-1,-1,15.620096
2162,32,32,-1,-1,-1,-1,-1,15.586304
2163,32,1024,-1,-1,-1,-1,-1,69.35347
2164,32,32,-1,-1,-1,-1,-1,15.62624
2165,32,32,-1,-1,-1,-1,-1,15.589376
2166,32,32,-1,-1,-1,-1,-1,15.52384
2167,32,32,-1,-1,-1,-1,-1,15.509504
2168,32,528,-1,-1,-1,-1,-1,48.516094
2169,32,32,-1,-1,-1,-1,-1,15.51872
2170,32,32,-1,-1,-1,-1,-1,15.502336
2171,32,32,-1,-1,-1,-1,-1,15.490048
2172,32,32,-1,-1,-1,-1,-1,15.514624
2173,32,32,-1,-1,-1,-1,-1,15.496192
2174,32,527,-1,-1,-1,-1,-1,48.16589
2175,32,32,-1,-1,-1,-1,-1,15.507456
2176,32,32,-1,-1,-1,-1,-1,15.521792
2177,32,32,-1,-1,-1,-1,-1,15.509504
2178,32,32,-1,-1,-1,-1,-1,15.53408
2179,32,32,-1,-1,-1,-1,-1,15.51872
2180,32,528,-1,-1,-1,-1,-1,48.113663
2181,32,32,-1,-1,-1,-1,-1,15.550464
2182,32,32,-1,-1,-1,-1,-1,15.52384
2183,32,32,-1,-1,-1,-1,-1,15.53408
2184,32,528,-1,-1,-1,-1,-1,48.360447
2185,32,32,-1,-1,-1,-1,-1,15.535104
2186,32,32,-1,-1,-1,-1,-1,15.520768
2187,32,32,-1,-1,-1,-1,-1,15.526912
2188,32,32,-1,-1,-1,-1,-1,15.542272
2189,32,32,-1,-1,-1,-1,-1,15.529984
2190,32,32,-1,-1,-1,-1,-1,15.483904
2191,32,32,-1,-1,-1,-1,-1,15.49312
2192,32,528,-1,-1,-1,-1,-1,48.098305
2193,32,528,-1,-1,-1,-1,-1,69.655556
2194,32,32,-1,-1,-1,-1,-1,15.540224
2195,32,32,-1,-1,-1,-1,-1,15.525888
2196,32,528,-1,-1,-1,-1,-1,48.503807
2197,32,1008,-1,-1,-1,-1,-1,69.957634
2198,32,32,-1,-1,-1,-1,-1,15.666176
2199,32,32,-1,-1,-1,-1,-1,15.547392
2200,32,32,-1,-1,-1,-1,-1,15.531008
2201,32,528,-1,-1,-1,-1,-1,48.566273
2202,32,32,-1,-1,-1,-1,-1,16.769024
2203,32,32,-1,-1,-1,-1,-1,15.500288
2204,32,528,-1,-1,-1,-1,-1,48.576511
2205,32,32,-1,-1,-1,-1,-1,15.563776
2206,32,32,-1,-1,-1,-1,-1,15.509504
2207,32,32,-1,-1,-1,-1,-1,15.517696
2208,32,528,-1,-1,-1,-1,-1,48.489471
2209,32,32,-1,-1,-1,-1,-1,15.824896
2210,32,32,-1,-1,-1,-1,-1,15.504384
2211,32,32,-1,-1,-1,-1,-1,15.521792
2212,32,32,-1,-1,-1,-1,-1,15.514624
2213,32,32,-1,-1,-1,-1,-1,15.5136
2214,32,528,-1,-1,-1,-1,-1,48.19968
2215,32,528,-1,-1,-1,-1,-1,59.953152
2216,32,32,-1,-1,-1,-1,-1,17.988607
2217,32,32,-1,-1,-1,-1,-1,15.521792
2218,32,528,-1,-1,-1,-1,-1,48.11776
2219,32,528,-1,-1,-1,-1,-1,50.583553
2220,32,32,-1,-1,-1,-1,-1,15.500288
2221,32,32,-1,-1,-1,-1,-1,15.461376
2222,32,32,-1,-1,-1,-1,-1,15.497216
2223,32,32,-1,-1,-1,-1,-1,15.489024
2224,32,32,-1,-1,-1,-1,-1,15.478784
2225,32,32,-1,-1,-1,-1,-1,15.468544
2226,32,32,-1,-1,-1,-1,-1,15.439872
2227,32,32,-1,-1,-1,-1,-1,15.442944
2228,32,32,-1,-1,-1,-1,-1,15.459328
2229,32,32,-1,-1,-1,-1,-1,15.450112
2230,32,32,-1,-1,-1,-1,-1,15.464448
2231,32,32,-1,-1,-1,-1,-1,15.444992
2232,32,32,-1,-1,-1,-1,-1,15.466496
2233,32,32,-1,-1,-1,-1,-1,15.47264
2234,32,32,-1,-1,-1,-1,-1,15.47264
2235,32,32,-1,-1,-1,-1,-1,15.4624
2236,32,32,-1,-1,-1,-1,-1,15.47776
2237,32,32,-1,-1,-1,-1,-1,15.44704
2238,32,32,-1,-1,-1,-1,-1,15.473664
2239,32,32,-1,-1,-1,-1,-1,15.478784
2240,32,32,-1,-1,-1,-1,-1,15.47264
2241,32,32,-1,-1,-1,-1,-1,15.47776
2242,32,32,-1,-1,-1,-1,-1,15.486976
2243,32,32,-1,-1,-1,-1,-1,15.492096
2244,32,32,-1,-1,-1,-1,-1,15.483904
2245,32,528,-1,-1,-1,-1,-1,48.088062
2246,32,32,-1,-1,-1,-1,-1,15.545344
2247,32,32,-1,-1,-1,-1,-1,15.542272
2248,32,32,-1,-1,-1,-1,-1,15.538176
2249,32,32,-1,-1,-1,-1,-1,15.527936
2250,32,32,-1,-1,-1,-1,-1,15.511552
2251,32,32,-1,-1,-1,-1,-1,15.491072
2252,32,528,-1,-1,-1,-1,-1,48.124928
2253,32,528,-1,-1,-1,-1,-1,48.669697
2254,32,32,-1,-1,-1,-1,-1,15.599616
2255,32,32,-1,-1,-1,-1,-1,15.551488
2256,32,32,-1,-1,-1,-1,-1,15.531008
2257,32,32,-1,-1,-1,-1,-1,15.553536
2258,32,528,-1,-1,-1,-1,-1,48.535553
2259,32,32,-1,-1,-1,-1,-1,15.551488
2260,32,32,-1,-1,-1,-1,-1,15.537152
2261,32,32,-1,-1,-1,-1,-1,15.546368
2262,32,32,-1,-1,-1,-1,-1,15.54944
2263,32,528,-1,-1,-1,-1,-1,48.352257
2264,32,32,-1,-1,-1,-1,-1,15.581184
2265,32,32,-1,-1,-1,-1,-1,15.538176
2266,32,528,-1,-1,-1,-1,-1,48.501759
2267,32,32,-1,-1,-1,-1,-1,15.537152
2268,32,527,-1,-1,-1,-1,-1,48.436226
2269,32,32,-1,-1,-1,-1,-1,15.582208
2270,32,32,-1,-1,-1,-1,-1,15.556608
2271,32,32,-1,-1,-1,-1,-1,15.540224
2272,32,527,-1,-1,-1,-1,-1,48.419842
2273,32,32,-1,-1,-1,-1,-1,15.574016
2274,32,528,-1,-1,-1,-1,-1,48.581631
2275,32,32,-1,-1,-1,-1,-1,15.52384
2276,32,528,-1,-1,-1,-1,-1,48.484352
2277,32,32,-1,-1,-1,-1,-1,15.514624
2278,32,32,-1,-1,-1,-1,-1,15.541248
2279,32,32,-1,-1,-1,-1,-1,15.52384
2280,32,527,-1,-1,-1,-1,-1,48.293888
2281,32,528,-1,-1,-1,-1,-1,48.683006
2282,32,512,-1,-1,-1,-1,-1,39.327744
2283,32,527,-1,-1,-1,-1,-1,48.891903
2284,32,32,-1,-1,-1,-1,-1,15.571968
2285,32,32,-1,-1,-1,-1,-1,15.524864
2286,32,32,-1,-1,-1,-1,-1,15.509504
2287,32,32,-1,-1,-1,-1,-1,15.515648
2288,32,528,-1,-1,-1,-1,-1,48.569344
2289,32,32,-1,-1,-1,-1,-1,15.529984
2290,32,32,-1,-1,-1,-1,-1,15.520768
2291,32,32,-1,-1,-1,-1,-1,15.504384
2292,32,32,-1,-1,-1,-1,-1,15.515648
2293,32,527,-1,-1,-1,-1,-1,48.203777
2294,32,32,-1,-1,-1,-1,-1,15.50848
2295,32,528,-1,-1,-1,-1,-1,48.416767
2296,32,32,-1,-1,-1,-1,-1,15.545344
2297,32,32,-1,-1,-1,-1,-1,15.529984
2298,32,32,-1,-1,-1,-1,-1,15.519744
2299,32,32,-1,-1,-1,-1,-1,15.52384
2300,32,32,-1,-1,-1,-1,-1,15.535104
2301,32,1024,-1,-1,-1,-1,-1,100.450302
2302,32,32,-1,-1,-1,-1,-1,18.162687
2303,32,32,-1,-1,-1,-1,-1,15.417344
2304,32,32,-1,-1,-1,-1,-1,15.453184
2305,32,32,-1,-1,-1,-1,-1,15.440896
2306,32,32,-1,-1,-1,-1,-1,15.461376
2307,32,32,-1,-1,-1,-1,-1,15.433728
2308,32,32,-1,-1,-1,-1,-1,15.460352
2309,32,32,-1,-1,-1,-1,-1,15.4624
2310,32,32,-1,-1,-1,-1,-1,15.466496
2311,32,32,-1,-1,-1,-1,-1,15.458304
2312,32,32,-1,-1,-1,-1,-1,15.480832
2313,32,32,-1,-1,-1,-1,-1,15.483904
2314,32,528,-1,-1,-1,-1,-1,48.060417
2315,32,528,-1,-1,-1,-1,-1,48.629761
2316,32,32,-1,-1,-1,-1,-1,15.596544
2317,32,32,-1,-1,-1,-1,-1,15.545344
2318,32,32,-1,-1,-1,-1,-1,15.497216
2319,32,32,-1,-1,-1,-1,-1,15.505408
2320,32,32,-1,-1,-1,-1,-1,15.545344
2321,32,528,-1,-1,-1,-1,-1,48.389118
2322,32,528,-1,-1,-1,-1,-1,48.6656
2323,32,32,-1,-1,-1,-1,-1,15.566848
2324,32,528,-1,-1,-1,-1,-1,48.567295
2325,32,32,-1,-1,-1,-1,-1,15.515648
2326,32,32,-1,-1,-1,-1,-1,15.51872
2327,32,32,-1,-1,-1,-1,-1,15.511552
2328,32,32,-1,-1,-1,-1,-1,15.499264
2329,32,32,-1,-1,-1,-1,-1,15.541248
2330,32,1023,-1,-1,-1,-1,-1,69.026817
2331,32,32,-1,-1,-1,-1,-1,15.623168
2332,32,528,-1,-1,-1,-1,-1,49.108994
2333,32,527,-1,-1,-1,-1,-1,48.710655
2334,32,32,-1,-1,-1,-1,-1,15.5392
2335,32,32,-1,-1,-1,-1,-1,15.459328
2336,32,32,-1,-1,-1,-1,-1,15.490048
2337,32,32,-1,-1,-1,-1,-1,15.496192
2338,32,32,-1,-1,-1,-1,-1,15.48288
2339,32,528,-1,-1,-1,-1,-1,48.320511
2340,32,32,-1,-1,-1,-1,-1,15.50848
2341,32,32,-1,-1,-1,-1,-1,15.495168
2342,32,32,-1,-1,-1,-1,-1,15.491072
2343,32,32,-1,-1,-1,-1,-1,15.520768
2344,32,32,-1,-1,-1,-1,-1,15.479808
2345,32,528,-1,-1,-1,-1,-1,48.069633
2346,32,32,-1,-1,-1,-1,-1,15.519744
2347,32,32,-1,-1,-1,-1,-1,15.514624
2348,32,32,-1,-1,-1,-1,-1,15.5136
2349,32,32,-1,-1,-1,-1,-1,15.516672
2350,32,528,-1,-1,-1,-1,-1,48.319489
2351,32,32,-1,-1,-1,-1,-1,15.502336
2352,32,528,-1,-1,-1,-1,-1,48.48333
2353,32,32,-1,-1,-1,-1,-1,15.55968
2354,32,32,-1,-1,-1,-1,-1,15.510528
2355,32,32,-1,-1,-1,-1,-1,15.50848
2356,32,32,-1,-1,-1,-1,-1,15.509504
2357,32,32,-1,-1,-1,-1,-1,15.49312
2358,32,32,-1,-1,-1,-1,-1,15.49824
2359,32,32,-1,-1,-1,-1,-1,15.454208
2360,32,32,-1,-1,-1,-1,-1,15.429632
2361,32,32,-1,-1,-1,-1,-1,15.446016
2362,32,528,-1,-1,-1,-1,-1,48.147457
2363,32,32,-1,-1,-1,-1,-1,15.572992
2364,32,32,-1,-1,-1,-1,-1,15.521792
2365,32,32,-1,-1,-1,-1,-1,15.512576
2366,32,32,-1,-1,-1,-1,-1,15.502336
2367,32,32,-1,-1,-1,-1,-1,15.485952
2368,32,32,-1,-1,-1,-1,-1,15.5136
2369,32,32,-1,-1,-1,-1,-1,15.496192
2370,32,32,-1,-1,-1,-1,-1,15.47264
2371,32,32,-1,-1,-1,-1,-1,15.474688
2372,32,32,-1,-1,-1,-1,-1,15.478784
2373,32,32,-1,-1,-1,-1,-1,15.45216
2374,32,32,-1,-1,-1,-1,-1,15.469568
2375,32,32,-1,-1,-1,-1,-1,15.481856
2376,32,32,-1,-1,-1,-1,-1,15.45728
2377,32,32,-1,-1,-1,-1,-1,15.486976
2378,32,32,-1,-1,-1,-1,-1,15.490048
2379,32,32,-1,-1,-1,-1,-1,15.511552
2380,32,32,-1,-1,-1,-1,-1,15.501312
2381,32,32,-1,-1,-1,-1,-1,15.524864
2382,32,528,-1,-1,-1,-1,-1,48.254974
2383,32,528,-1,-1,-1,-1,-1,48.758785
2384,32,32,-1,-1,-1,-1,-1,15.613952
2385,32,32,-1,-1,-1,-1,-1,15.546368
2386,32,32,-1,-1,-1,-1,-1,15.537152
2387,32,32,-1,-1,-1,-1,-1,15.567872
2388,32,528,-1,-1,-1,-1,-1,48.421886
2389,32,32,-1,-1,-1,-1,-1,15.571968
2390,32,32,-1,-1,-1,-1,-1,15.551488
2391,32,1007,-1,-1,-1,-1,-1,69.153793
2392,32,32,-1,-1,-1,-1,-1,15.694848
2393,32,32,-1,-1,-1,-1,-1,15.616
2394,32,32,-1,-1,-1,-1,-1,15.5392
2395,32,32,-1,-1,-1,-1,-1,15.531008
2396,32,528,-1,-1,-1,-1,-1,48.450562
2397,32,32,-1,-1,-1,-1,-1,15.54432
2398,32,528,-1,-1,-1,-1,-1,48.539646
2399,32,528,-1,-1,-1,-1,-1,48.901119
2400,32,528,-1,-1,-1,-1,-1,48.900097
2401,32,32,-1,-1,-1,-1,-1,15.576064
2402,32,32,-1,-1,-1,-1,-1,15.524864
2403,32,32,-1,-1,-1,-1,-1,15.516672
2404,32,1024,-1,-1,-1,-1,-1,69.668861
2405,32,32,-1,-1,-1,-1,-1,15.66208
2406,32,32,-1,-1,-1,-1,-1,15.612928
2407,32,32,-1,-1,-1,-1,-1,15.556608
2408,32,32,-1,-1,-1,-1,-1,15.51872
2409,32,32,-1,-1,-1,-1,-1,15.51872
2410,32,1024,-1,-1,-1,-1,-1,69.336067
2411,32,32,-1,-1,-1,-1,-1,15.625216
2412,32,32,-1,-1,-1,-1,-1,15.547392
2413,32,32,-1,-1,-1,-1,-1,15.495168
2414,32,528,-1,-1,-1,-1,-1,48.439297
2415,32,32,-1,-1,-1,-1,-1,15.505408
2416,32,32,-1,-1,-1,-1,-1,15.490048
2417,32,32,-1,-1,-1,-1,-1,15.500288
2418,32,32,-1,-1,-1,-1,-1,15.502336
2419,32,528,-1,-1,-1,-1,-1,48.318462
2420,32,32,-1,-1,-1,-1,-1,15.543296
2421,32,32,-1,-1,-1,-1,-1,15.492096
2422,32,32,-1,-1,-1,-1,-1,15.506432
2423,32,1024,-1,-1,-1,-1,-1,69.700607
2424,32,32,-1,-1,-1,-1,-1,15.6672
2425,32,32,-1,-1,-1,-1,-1,15.578112
2426,32,32,-1,-1,-1,-1,-1,15.522816
2427,32,32,-1,-1,-1,-1,-1,15.50336
2428,32,32,-1,-1,-1,-1,-1,15.507456
2429,32,32,-1,-1,-1,-1,-1,15.505408
2430,32,32,-1,-1,-1,-1,-1,15.505408
2431,32,32,-1,-1,-1,-1,-1,15.486976
2432,32,528,-1,-1,-1,-1,-1,48.129025
2433,32,528,-1,-1,-1,-1,-1,48.860161
2434,32,32,-1,-1,-1,-1,-1,15.545344
2435,32,32,-1,-1,-1,-1,-1,15.490048
2436,32,32,-1,-1,-1,-1,-1,15.49312
2437,32,32,-1,-1,-1,-1,-1,15.479808
2438,32,32,-1,-1,-1,-1,-1,15.479808
2439,32,528,-1,-1,-1,-1,-1,48.274433
2440,32,32,-1,-1,-1,-1,-1,15.49824
2441,32,32,-1,-1,-1,-1,-1,15.501312
2442,32,32,-1,-1,-1,-1,-1,15.48288
2443,32,1024,-1,-1,-1,-1,-1,69.519363
2444,32,32,-1,-1,-1,-1,-1,15.637504
2445,32,32,-1,-1,-1,-1,-1,15.582208
2446,32,32,-1,-1,-1,-1,-1,15.527936
2447,32,32,-1,-1,-1,-1,-1,15.501312
2448,32,32,-1,-1,-1,-1,-1,15.492096
2449,32,527,-1,-1,-1,-1,-1,48.425983
2450,32,32,-1,-1,-1,-1,-1,15.517696
2451,32,32,-1,-1,-1,-1,-1,15.511552
2452,32,32,-1,-1,-1,-1,-1,15.506432
2453,32,32,-1,-1,-1,-1,-1,15.502336
2454,32,32,-1,-1,-1,-1,-1,15.471616
2455,32,32,-1,-1,-1,-1,-1,15.468544
2456,32,528,-1,-1,-1,-1,-1,48.141312
2457,32,32,-1,-1,-1,-1,-1,15.526912
2458,32,1024,-1,-1,-1,-1,-1,69.647362
2459,32,32,-1,-1,-1,-1,-1,15.643648
2460,32,32,-1,-1,-1,-1,-1,15.58528
2461,32,32,-1,-1,-1,-1,-1,15.5136
2462,32,32,-1,-1,-1,-1,-1,15.488
2463,32,32,-1,-1,-1,-1,-1,15.490048
2464,32,528,-1,-1,-1,-1,-1,48.447487
2465,32,32,-1,-1,-1,-1,-1,15.510528
2466,32,32,-1,-1,-1,-1,-1,15.48288
2467,32,32,-1,-1,-1,-1,-1,15.501312
2468,32,528,-1,-1,-1,-1,-1,48.23859
2469,32,32,-1,-1,-1,-1,-1,15.48288
2470,32,32,-1,-1,-1,-1,-1,15.468544
2471,32,528,-1,-1,-1,-1,-1,48.455681
2472,32,32,-1,-1,-1,-1,-1,15.509504
2473,32,32,-1,-1,-1,-1,-1,15.505408
2474,32,527,-1,-1,-1,-1,-1,48.500736
2475,32,32,-1,-1,-1,-1,-1,15.496192
2476,32,32,-1,-1,-1,-1,-1,15.497216
2477,32,32,-1,-1,-1,-1,-1,15.486976
2478,32,528,-1,-1,-1,-1,-1,48.25293
2479,32,32,-1,-1,-1,-1,-1,15.481856
2480,32,32,-1,-1,-1,-1,-1,15.479808
2481,32,32,-1,-1,-1,-1,-1,15.491072
2482,32,32,-1,-1,-1,-1,-1,15.483904
2483,32,32,-1,-1,-1,-1,-1,15.480832
2484,32,32,-1,-1,-1,-1,-1,15.42144
2485,32,32,-1,-1,-1,-1,-1,15.430656
2486,32,32,-1,-1,-1,-1,-1,15.432704
2487,32,32,-1,-1,-1,-1,-1,15.465472
2488,32,32,-1,-1,-1,-1,-1,15.458304
2489,32,32,-1,-1,-1,-1,-1,15.437824
2490,32,32,-1,-1,-1,-1,-1,15.478784
2491,32,32,-1,-1,-1,-1,-1,15.4624
2492,32,32,-1,-1,-1,-1,-1,15.473664
2493,32,32,-1,-1,-1,-1,-1,15.46752
2494,32,32,-1,-1,-1,-1,-1,15.486976
2495,32,32,-1,-1,-1,-1,-1,15.476736
2496,32,32,-1,-1,-1,-1,-1,15.486976
2497,32,32,-1,-1,-1,-1,-1,15.475712
2498,32,528,-1,-1,-1,-1,-1,48.285694
2499,32,32,-1,-1,-1,-1,-1,15.571968
2500,32,32,-1,-1,-1,-1,-1,15.5392
2501,32,32,-1,-1,-1,-1,-1,15.511552
2502,32,32,-1,-1,-1,-1,-1,15.502336
2503,32,32,-1,-1,-1,-1,-1,15.526912
2504,32,32,-1,-1,-1,-1,-1,15.526912
2505,32,32,-1,-1,-1,-1,-1,15.47264
2506,32,32,-1,-1,-1,-1,-1,15.479808
2507,32,527,-1,-1,-1,-1,-1,48.200703
2508,32,32,-1,-1,-1,-1,-1,15.599616
2509,32,32,-1,-1,-1,-1,-1,15.5392
2510,32,528,-1,-1,-1,-1,-1,48.502785
2511,32,528,-1,-1,-1,-1,-1,48.732159
2512,32,32,-1,-1,-1,-1,-1,15.566848
2513,32,32,-1,-1,-1,-1,-1,15.524864
2514,32,32,-1,-1,-1,-1,-1,15.533056
2515,32,528,-1,-1,-1,-1,-1,48.557056
2516,32,32,-1,-1,-1,-1,-1,15.54944
2517,32,32,-1,-1,-1,-1,-1,15.505408
2518,32,32,-1,-1,-1,-1,-1,15.538176
2519,32,528,-1,-1,-1,-1,-1,48.345089
2520,32,32,-1,-1,-1,-1,-1,15.54944
2521,32,32,-1,-1,-1,-1,-1,15.532032
2522,32,1024,-1,-1,-1,-1,-1,69.517311
2523,32,528,-1,-1,-1,-1,-1,49.774593
2524,32,32,-1,-1,-1,-1,-1,15.650816
2525,32,32,-1,-1,-1,-1,-1,15.58528
2526,32,32,-1,-1,-1,-1,-1,15.55968
2527,32,1023,-1,-1,-1,-1,-1,69.669891
2528,32,528,-1,-1,-1,-1,-1,49.705982
2529,32,32,-1,-1,-1,-1,-1,15.588352
2530,32,32,-1,-1,-1,-1,-1,15.540224
2531,32,528,-1,-1,-1,-1,-1,48.452606
2532,32,528,-1,-1,-1,-1,-1,48.827393
2533,32,32,-1,-1,-1,-1,-1,15.507456
2534,32,32,-1,-1,-1,-1,-1,15.483904
2535,32,32,-1,-1,-1,-1,-1,15.47776
2536,32,32,-1,-1,-1,-1,-1,15.499264
2537,32,32,-1,-1,-1,-1,-1,15.495168
2538,32,527,-1,-1,-1,-1,-1,48.297985
2539,32,32,-1,-1,-1,-1,-1,15.50336
2540,32,32,-1,-1,-1,-1,-1,15.49824
2541,32,32,-1,-1,-1,-1,-1,15.48288
2542,32,32,-1,-1,-1,-1,-1,15.494144
2543,32,32,-1,-1,-1,-1,-1,15.478784
2544,32,528,-1,-1,-1,-1,-1,48.141312
2545,32,528,-1,-1,-1,-1,-1,48.903168
2546,32,528,-1,-1,-1,-1,-1,48.903168
2547,32,32,-1,-1,-1,-1,-1,15.546368
2548,32,32,-1,-1,-1,-1,-1,15.502336
2549,32,32,-1,-1,-1,-1,-1,15.478784
2550,32,32,-1,-1,-1,-1,-1,15.476736
2551,32,32,-1,-1,-1,-1,-1,15.50336
2552,32,32,-1,-1,-1,-1,-1,15.481856
2553,32,32,-1,-1,-1,-1,-1,15.450112
2554,32,32,-1,-1,-1,-1,-1,15.454208
2555,32,32,-1,-1,-1,-1,-1,15.446016
2556,32,528,-1,-1,-1,-1,-1,48.066559
2557,32,32,-1,-1,-1,-1,-1,15.500288
2558,32,527,-1,-1,-1,-1,-1,48.488449
2559,32,32,-1,-1,-1,-1,-1,15.54944
2560,32,32,-1,-1,-1,-1,-1,15.521792
2561,32,32,-1,-1,-1,-1,-1,15.495168
2562,32,32,-1,-1,-1,-1,-1,15.512576
2563,32,1024,-1,-1,-1,-1,-1,69.310463
2564,32,32,-1,-1,-1,-1,-1,15.60576
2565,32,32,-1,-1,-1,-1,-1,15.50848
2566,32,32,-1,-1,-1,-1,-1,15.468544
2567,32,32,-1,-1,-1,-1,-1,15.489024
2568,32,32,-1,-1,-1,-1,-1,15.481856
2569,32,32,-1,-1,-1,-1,-1,15.473664
2570,32,32,-1,-1,-1,-1,-1,15.49312
2571,32,32,-1,-1,-1,-1,-1,15.463424
2572,32,32,-1,-1,-1,-1,-1,15.47776
2573,32,32,-1,-1,-1,-1,-1,15.460352
2574,32,527,-1,-1,-1,-1,-1,48.2304
2575,32,528,-1,-1,-1,-1,-1,48.944126
2576,32,32,-1,-1,-1,-1,-1,15.5392
2577,32,32,-1,-1,-1,-1,-1,15.495168
2578,32,32,-1,-1,-1,-1,-1,15.497216
2579,32,32,-1,-1,-1,-1,-1,15.500288
2580,32,32,-1,-1,-1,-1,-1,15.511552
2581,32,1024,-1,-1,-1,-1,-1,69.365761
2582,32,32,-1,-1,-1,-1,-1,15.635456
2583,32,32,-1,-1,-1,-1,-1,15.567872
2584,32,32,-1,-1,-1,-1,-1,15.5136
2585,32,32,-1,-1,-1,-1,-1,15.492096
2586,32,527,-1,-1,-1,-1,-1,48.518143
2587,32,32,-1,-1,-1,-1,-1,15.5136
2588,32,32,-1,-1,-1,-1,-1,15.49824
2589,32,32,-1,-1,-1,-1,-1,15.486976
2590,32,32,-1,-1,-1,-1,-1,15.520768
2591,32,32,-1,-1,-1,-1,-1,15.520768
2592,32,32,-1,-1,-1,-1,-1,15.469568
2593,32,528,-1,-1,-1,-1,-1,48.07885
2594,32,32,-1,-1,-1,-1,-1,15.56992
2595,32,32,-1,-1,-1,-1,-1,15.519744
2596,32,528,-1,-1,-1,-1,-1,48.512001
2597,32,32,-1,-1,-1,-1,-1,15.52896
2598,32,32,-1,-1,-1,-1,-1,15.485952
2599,32,32,-1,-1,-1,-1,-1,15.497216
2600,32,32,-1,-1,-1,-1,-1,15.49312
2601,32,32,-1,-1,-1,-1,-1,15.473664
2602,32,528,-1,-1,-1,-1,-1,48.189442
2603,32,32,-1,-1,-1,-1,-1,15.537152
2604,32,32,-1,-1,-1,-1,-1,15.520768
2605,32,528,-1,-1,-1,-1,-1,48.504833
2606,32,32,-1,-1,-1,-1,-1,15.52384
2607,32,32,-1,-1,-1,-1,-1,15.506432
2608,32,32,-1,-1,-1,-1,-1,15.507456
2609,32,32,-1,-1,-1,-1,-1,15.515648
2610,32,32,-1,-1,-1,-1,-1,15.5136
2611,32,32,-1,-1,-1,-1,-1,15.480832
2612,32,32,-1,-1,-1,-1,-1,15.47776
2613,32,32,-1,-1,-1,-1,-1,15.484928
2614,32,32,-1,-1,-1,-1,-1,15.465472
2615,32,32,-1,-1,-1,-1,-1,15.499264
2616,32,32,-1,-1,-1,-1,-1,15.475712
2617,32,32,-1,-1,-1,-1,-1,15.464448
2618,32,32,-1,-1,-1,-1,-1,15.50336
2619,32,32,-1,-1,-1,-1,-1,15.484928
2620,32,32,-1,-1,-1,-1,-1,15.488
2621,32,528,-1,-1,-1,-1,-1,48.053249
2622,32,32,-1,-1,-1,-1,-1,15.536128
2623,32,32,-1,-1,-1,-1,-1,15.52384
2624,32,32,-1,-1,-1,-1,-1,15.536128
2625,32,32,-1,-1,-1,-1,-1,15.535104
2626,32,32,-1,-1,-1,-1,-1,15.536128
2627,32,32,-1,-1,-1,-1,-1,15.49824
2628,32,528,-1,-1,-1,-1,-1,48.226303
2629,32,32,-1,-1,-1,-1,-1,15.5648
2630,32,32,-1,-1,-1,-1,-1,15.54432
2631,32,528,-1,-1,-1,-1,-1,48.503807
2632,32,528,-1,-1,-1,-1,-1,48.66048
2633,32,528,-1,-1,-1,-1,-1,48.958466
2634,32,32,-1,-1,-1,-1,-1,15.560704
2635,32,32,-1,-1,-1,-1,-1,15.52384
2636,32,32,-1,-1,-1,-1,-1,15.538176
2637,32,32,-1,-1,-1,-1,-1,15.527936
2638,32,32,-1,-1,-1,-1,-1,15.526912
2639,32,32,-1,-1,-1,-1,-1,15.522816
2640,32,32,-1,-1,-1,-1,-1,15.496192
2641,32,32,-1,-1,-1,-1,-1,15.500288
2642,32,32,-1,-1,-1,-1,-1,15.476736
2643,32,1024,-1,-1,-1,-1,-1,68.998146
2644,32,528,-1,-1,-1,-1,-1,49.687553
2645,32,528,-1,-1,-1,-1,-1,49.308674
2646,32,32,-1,-1,-1,-1,-1,15.5392
2647,32,32,-1,-1,-1,-1,-1,15.510528
2648,32,32,-1,-1,-1,-1,-1,15.51872
2649,32,32,-1,-1,-1,-1,-1,15.514624
2650,32,32,-1,-1,-1,-1,-1,15.550464
2651,32,528,-1,-1,-1,-1,-1,48.368641
2652,32,528,-1,-1,-1,-1,-1,48.912384
2653,32,528,-1,-1,-1,-1,-1,48.914433
2654,32,32,-1,-1,-1,-1,-1,15.566848
2655,32,528,-1,-1,-1,-1,-1,48.583679
2656,32,32,-1,-1,-1,-1,-1,15.58016
2657,32,32,-1,-1,-1,-1,-1,15.52384
2658,32,32,-1,-1,-1,-1,-1,15.532032
2659,32,32,-1,-1,-1,-1,-1,15.529984
2660,32,32,-1,-1,-1,-1,-1,15.536128
2661,32,32,-1,-1,-1,-1,-1,15.521792
2662,32,527,-1,-1,-1,-1,-1,48.142338
2663,32,1023,-1,-1,-1,-1,-1,70.253571
2664,32,32,-1,-1,-1,-1,-1,15.699968
2665,32,32,-1,-1,-1,-1,-1,15.62112
2666,32,32,-1,-1,-1,-1,-1,15.578112
2667,32,32,-1,-1,-1,-1,-1,15.54432
2668,32,512,-1,-1,-1,-1,-1,38.919167
2669,32,32,-1,-1,-1,-1,-1,15.625216
2670,32,32,-1,-1,-1,-1,-1,15.547392
2671,32,32,-1,-1,-1,-1,-1,15.541248
2672,32,528,-1,-1,-1,-1,-1,48.529408
2673,32,528,-1,-1,-1,-1,-1,48.966656
2674,32,32,-1,-1,-1,-1,-1,15.52384
2675,32,32,-1,-1,-1,-1,-1,15.49824
2676,32,528,-1,-1,-1,-1,-1,48.544769
2677,32,32,-1,-1,-1,-1,-1,15.50336
2678,32,32,-1,-1,-1,-1,-1,15.468544
2679,32,32,-1,-1,-1,-1,-1,15.497216
2680,32,32,-1,-1,-1,-1,-1,15.49824
2681,32,32,-1,-1,-1,-1,-1,15.446016
2682,32,528,-1,-1,-1,-1,-1,48.137215
2683,32,32,-1,-1,-1,-1,-1,15.50848
2684,32,32,-1,-1,-1,-1,-1,15.475712
2685,32,32,-1,-1,-1,-1,-1,15.488
2686,32,32,-1,-1,-1,-1,-1,15.488
2687,32,32,-1,-1,-1,-1,-1,15.480832
2688,32,32,-1,-1,-1,-1,-1,15.448064
2689,32,32,-1,-1,-1,-1,-1,15.443968
2690,32,32,-1,-1,-1,-1,-1,15.4368
2691,32,32,-1,-1,-1,-1,-1,15.490048
2692,32,528,-1,-1,-1,-1,-1,48.15155
2693,32,32,-1,-1,-1,-1,-1,15.533056
2694,32,32,-1,-1,-1,-1,-1,15.49824
2695,32,528,-1,-1,-1,-1,-1,48.501759
2696,32,32,-1,-1,-1,-1,-1,15.5648
2697,32,528,-1,-1,-1,-1,-1,48.617474
2698,32,32,-1,-1,-1,-1,-1,15.565824
2699,32,32,-1,-1,-1,-1,-1,15.511552
2700,32,32,-1,-1,-1,-1,-1,15.504384
2701,32,1024,-1,-1,-1,-1,-1,69.181442
2702,32,32,-1,-1,-1,-1,-1,15.62624
2703,32,32,-1,-1,-1,-1,-1,15.591424
2704,32,32,-1,-1,-1,-1,-1,15.542272
2705,32,32,-1,-1,-1,-1,-1,15.519744
2706,32,32,-1,-1,-1,-1,-1,15.507456
2707,32,32,-1,-1,-1,-1,-1,15.525888
2708,32,32,-1,-1,-1,-1,-1,15.547392
2709,32,32,-1,-1,-1,-1,-1,15.519744
2710,32,32,-1,-1,-1,-1,-1,15.480832
2711,32,32,-1,-1,-1,-1,-1,15.488
2712,32,32,-1,-1,-1,-1,-1,15.489024
2713,32,32,-1,-1,-1,-1,-1,15.506432
2714,32,528,-1,-1,-1,-1,-1,48.079872
2715,32,32,-1,-1,-1,-1,-1,15.588352
2716,32,528,-1,-1,-1,-1,-1,48.60416
2717,32,528,-1,-1,-1,-1,-1,48.930817
2718,32,32,-1,-1,-1,-1,-1,15.541248
2719,32,32,-1,-1,-1,-1,-1,15.521792
2720,32,32,-1,-1,-1,-1,-1,15.496192
2721,32,32,-1,-1,-1,-1,-1,15.536128
2722,32,32,-1,-1,-1,-1,-1,15.51872
2723,32,527,-1,-1,-1,-1,-1,48.249855
2724,32,32,-1,-1,-1,-1,-1,15.505408
2725,32,32,-1,-1,-1,-1,-1,15.506432
2726,32,32,-1,-1,-1,-1,-1,15.501312
2727,32,32,-1,-1,-1,-1,-1,15.50336
2728,32,32,-1,-1,-1,-1,-1,15.496192
2729,32,32,-1,-1,-1,-1,-1,15.461376
2730,32,32,-1,-1,-1,-1,-1,15.481856
2731,32,527,-1,-1,-1,-1,-1,48.070656
2732,32,32,-1,-1,-1,-1,-1,15.525888
2733,32,32,-1,-1,-1,-1,-1,15.51872
2734,32,528,-1,-1,-1,-1,-1,48.506882
2735,32,32,-1,-1,-1,-1,-1,15.54432
2736,32,32,-1,-1,-1,-1,-1,15.517696
2737,32,32,-1,-1,-1,-1,-1,15.537152
2738,32,32,-1,-1,-1,-1,-1,15.53408
2739,32,32,-1,-1,-1,-1,-1,15.50336
2740,32,32,-1,-1,-1,-1,-1,15.470592
2741,32,528,-1,-1,-1,-1,-1,48.219135
2742,32,32,-1,-1,-1,-1,-1,15.510528
2743,32,32,-1,-1,-1,-1,-1,15.524864
2744,32,32,-1,-1,-1,-1,-1,15.536128
2745,32,32,-1,-1,-1,-1,-1,15.538176
2746,32,32,-1,-1,-1,-1,-1,15.541248
2747,32,32,-1,-1,-1,-1,-1,15.490048
2748,32,32,-1,-1,-1,-1,-1,15.480832
2749,32,528,-1,-1,-1,-1,-1,48.167934
2750,32,32,-1,-1,-1,-1,-1,15.571968
2751,32,32,-1,-1,-1,-1,-1,15.543296
2752,32,32,-1,-1,-1,-1,-1,15.515648
2753,32,32,-1,-1,-1,-1,-1,15.538176
2754,32,32,-1,-1,-1,-1,-1,15.525888
2755,32,32,-1,-1,-1,-1,-1,15.536128
2756,32,528,-1,-1,-1,-1,-1,48.149506
2757,32,32,-1,-1,-1,-1,-1,15.556608
2758,32,32,-1,-1,-1,-1,-1,15.52384
2759,32,32,-1,-1,-1,-1,-1,15.536128
2760,32,528,-1,-1,-1,-1,-1,48.316418
2761,32,32,-1,-1,-1,-1,-1,15.566848
2762,32,32,-1,-1,-1,-1,-1,15.552512
2763,32,32,-1,-1,-1,-1,-1,15.54432
2764,32,32,-1,-1,-1,-1,-1,15.545344
2765,32,528,-1,-1,-1,-1,-1,48.26112
2766,32,32,-1,-1,-1,-1,-1,15.591424
2767,32,1024,-1,-1,-1,-1,-1,69.431297
2768,32,32,-1,-1,-1,-1,-1,15.68768
2769,32,32,-1,-1,-1,-1,-1,15.572992
2770,32,528,-1,-1,-1,-1,-1,48.530434
2771,32,32,-1,-1,-1,-1,-1,15.563776
2772,32,528,-1,-1,-1,-1,-1,48.561153
2773,32,32,-1,-1,-1,-1,-1,15.58016
2774,32,528,-1,-1,-1,-1,-1,48.645119
2775,32,32,-1,-1,-1,-1,-1,15.56992
2776,32,32,-1,-1,-1,-1,-1,15.532032
2777,32,512,-1,-1,-1,-1,-1,39.038975
2778,32,32,-1,-1,-1,-1,-1,15.630336
2779,32,32,-1,-1,-1,-1,-1,15.579136
2780,32,528,-1,-1,-1,-1,-1,48.560127
2781,32,32,-1,-1,-1,-1,-1,15.581184
2782,32,528,-1,-1,-1,-1,-1,48.451584
2783,32,32,-1,-1,-1,-1,-1,15.526912
2784,32,32,-1,-1,-1,-1,-1,15.517696
2785,32,32,-1,-1,-1,-1,-1,15.50848
2786,32,32,-1,-1,-1,-1,-1,15.52896
2787,32,32,-1,-1,-1,-1,-1,15.465472
2788,32,32,-1,-1,-1,-1,-1,15.459328
2789,32,32,-1,-1,-1,-1,-1,15.475712
2790,32,32,-1,-1,-1,-1,-1,15.469568
2791,32,528,-1,-1,-1,-1,-1,48.142338
2792,32,32,-1,-1,-1,-1,-1,15.546368
2793,32,528,-1,-1,-1,-1,-1,48.69939
2794,32,528,-1,-1,-1,-1,-1,48.988159
2795,32,32,-1,-1,-1,-1,-1,15.587328
2796,32,528,-1,-1,-1,-1,-1,48.528385
2797,32,32,-1,-1,-1,-1,-1,15.557632
2798,32,32,-1,-1,-1,-1,-1,15.51872
2799,32,32,-1,-1,-1,-1,-1,15.531008
2800,32,32,-1,-1,-1,-1,-1,15.511552
2801,32,32,-1,-1,-1,-1,-1,15.54432
2802,32,32,-1,-1,-1,-1,-1,15.516672
2803,32,32,-1,-1,-1,-1,-1,15.463424
2804,32,32,-1,-1,-1,-1,-1,15.495168
2805,32,32,-1,-1,-1,-1,-1,15.502336
2806,32,1519,-1,-1,-1,-1,-1,97.130493
2807,32,32,-1,-1,-1,-1,-1,15.745024
2808,32,32,-1,-1,-1,-1,-1,15.635456
2809,32,32,-1,-1,-1,-1,-1,15.56992
2810,32,528,-1,-1,-1,-1,-1,48.520191
2811,32,32,-1,-1,-1,-1,-1,15.512576
2812,32,32,-1,-1,-1,-1,-1,15.531008
2813,32,32,-1,-1,-1,-1,-1,15.519744
2814,32,528,-1,-1,-1,-1,-1,48.318462
2815,32,32,-1,-1,-1,-1,-1,15.522816
2816,32,32,-1,-1,-1,-1,-1,15.483904
2817,32,32,-1,-1,-1,-1,-1,15.476736
2818,32,32,-1,-1,-1,-1,-1,15.50848
2819,32,528,-1,-1,-1,-1,-1,48.290817
2820,32,32,-1,-1,-1,-1,-1,15.553536
2821,32,528,-1,-1,-1,-1,-1,48.579582
2822,32,32,-1,-1,-1,-1,-1,15.562752
2823,32,528,-1,-1,-1,-1,-1,48.51405
2824,32,32,-1,-1,-1,-1,-1,15.511552
2825,32,32,-1,-1,-1,-1,-1,15.470592
2826,32,32,-1,-1,-1,-1,-1,15.483904
2827,32,32,-1,-1,-1,-1,-1,15.484928
2828,32,32,-1,-1,-1,-1,-1,15.460352
2829,32,32,-1,-1,-1,-1,-1,15.449088
2830,32,528,-1,-1,-1,-1,-1,48.183296
2831,32,32,-1,-1,-1,-1,-1,15.552512
2832,32,528,-1,-1,-1,-1,-1,48.500736
2833,32,32,-1,-1,-1,-1,-1,15.5392
2834,32,32,-1,-1,-1,-1,-1,15.488
2835,32,32,-1,-1,-1,-1,-1,15.486976
2836,32,32,-1,-1,-1,-1,-1,15.504384
2837,32,32,-1,-1,-1,-1,-1,15.496192
2838,32,32,-1,-1,-1,-1,-1,15.522816
2839,32,32,-1,-1,-1,-1,-1,15.47264
2840,32,32,-1,-1,-1,-1,-1,15.468544
2841,32,528,-1,-1,-1,-1,-1,48.007168
2842,32,528,-1,-1,-1,-1,-1,48.859135
2843,32,32,-1,-1,-1,-1,-1,15.524864
2844,32,32,-1,-1,-1,-1,-1,15.49824
2845,32,32,-1,-1,-1,-1,-1,15.510528
2846,32,32,-1,-1,-1,-1,-1,15.517696
2847,32,32,-1,-1,-1,-1,-1,15.509504
2848,32,528,-1,-1,-1,-1,-1,48.321537
2849,32,32,-1,-1,-1,-1,-1,15.54432
2850,32,32,-1,-1,-1,-1,-1,15.520768
2851,32,32,-1,-1,-1,-1,-1,15.496192
2852,32,32,-1,-1,-1,-1,-1,15.516672
2853,32,32,-1,-1,-1,-1,-1,15.506432
2854,32,528,-1,-1,-1,-1,-1,48.2304
2855,32,528,-1,-1,-1,-1,-1,48.814079
2856,32,32,-1,-1,-1,-1,-1,15.555584
2857,32,32,-1,-1,-1,-1,-1,15.50848
2858,32,32,-1,-1,-1,-1,-1,15.49824
2859,32,32,-1,-1,-1,-1,-1,15.48288
2860,32,32,-1,-1,-1,-1,-1,15.505408
2861,32,32,-1,-1,-1,-1,-1,15.506432
2862,32,32,-1,-1,-1,-1,-1,15.476736
2863,32,32,-1,-1,-1,-1,-1,15.48288
2864,32,528,-1,-1,-1,-1,-1,48.190464
2865,32,32,-1,-1,-1,-1,-1,15.535104
2866,32,32,-1,-1,-1,-1,-1,15.53408
2867,32,32,-1,-1,-1,-1,-1,15.520768
2868,32,32,-1,-1,-1,-1,-1,15.50848
2869,32,32,-1,-1,-1,-1,-1,15.516672
2870,32,32,-1,-1,-1,-1,-1,15.525888
2871,32,32,-1,-1,-1,-1,-1,15.514624
2872,32,32,-1,-1,-1,-1,-1,15.465472
2873,32,32,-1,-1,-1,-1,-1,15.492096
2874,32,32,-1,-1,-1,-1,-1,15.490048
2875,32,528,-1,-1,-1,-1,-1,48.102402
2876,32,32,-1,-1,-1,-1,-1,15.581184
2877,32,32,-1,-1,-1,-1,-1,15.54432
2878,32,528,-1,-1,-1,-1,-1,48.529408
2879,32,32,-1,-1,-1,-1,-1,15.546368
2880,32,32,-1,-1,-1,-1,-1,15.521792
2881,32,32,-1,-1,-1,-1,-1,15.500288
2882,32,1024,-1,-1,-1,-1,-1,69.313538
2883,32,32,-1,-1,-1,-1,-1,15.655936
2884,32,32,-1,-1,-1,-1,-1,15.556608
2885,32,32,-1,-1,-1,-1,-1,15.520768
2886,32,32,-1,-1,-1,-1,-1,15.517696
2887,32,32,-1,-1,-1,-1,-1,15.52384
2888,32,32,-1,-1,-1,-1,-1,15.512576
2889,32,527,-1,-1,-1,-1,-1,48.264191
2890,32,32,-1,-1,-1,-1,-1,15.5392
2891,32,32,-1,-1,-1,-1,-1,15.529984
2892,32,528,-1,-1,-1,-1,-1,48.497665
2893,32,32,-1,-1,-1,-1,-1,15.511552
2894,32,528,-1,-1,-1,-1,-1,48.482304
2895,32,32,-1,-1,-1,-1,-1,15.556608
2896,32,32,-1,-1,-1,-1,-1,15.527936
2897,32,32,-1,-1,-1,-1,-1,15.501312
2898,32,32,-1,-1,-1,-1,-1,15.547392
2899,32,32,-1,-1,-1,-1,-1,15.542272
2900,32,32,-1,-1,-1,-1,-1,15.546368
2901,32,528,-1,-1,-1,-1,-1,48.105473
2902,32,528,-1,-1,-1,-1,-1,48.766975
2903,32,528,-1,-1,-1,-1,-1,48.905216
2904,32,32,-1,-1,-1,-1,-1,15.553536
2905,32,32,-1,-1,-1,-1,-1,15.525888
2906,32,32,-1,-1,-1,-1,-1,15.533056
2907,32,32,-1,-1,-1,-1,-1,15.5392
2908,32,32,-1,-1,-1,-1,-1,15.511552
2909,32,528,-1,-1,-1,-1,-1,48.250881
2910,32,32,-1,-1,-1,-1,-1,15.537152
2911,32,32,-1,-1,-1,-1,-1,15.500288
2912,32,528,-1,-1,-1,-1,-1,48.502785
2913,32,32,-1,-1,-1,-1,-1,15.520768
2914,32,32,-1,-1,-1,-1,-1,15.524864
2915,32,32,-1,-1,-1,-1,-1,15.509504
2916,32,32,-1,-1,-1,-1,-1,15.50848
2917,32,528,-1,-1,-1,-1,-1,48.308224
2918,32,32,-1,-1,-1,-1,-1,15.52896
2919,32,32,-1,-1,-1,-1,-1,15.541248
2920,32,528,-1,-1,-1,-1,-1,48.489471
2921,32,32,-1,-1,-1,-1,-1,15.546368
2922,32,527,-1,-1,-1,-1,-1,48.473087
2923,32,32,-1,-1,-1,-1,-1,15.545344
2924,32,32,-1,-1,-1,-1,-1,15.532032
2925,32,527,-1,-1,-1,-1,-1,48.446465
2926,32,32,-1,-1,-1,-1,-1,15.572992
2927,32,32,-1,-1,-1,-1,-1,15.540224
2928,32,32,-1,-1,-1,-1,-1,15.50848
2929,32,528,-1,-1,-1,-1,-1,48.519169
2930,32,32,-1,-1,-1,-1,-1,15.5136
2931,32,528,-1,-1,-1,-1,-1,48.51712
2932,32,528,-1,-1,-1,-1,-1,48.913406
2933,32,32,-1,-1,-1,-1,-1,15.545344
2934,32,32,-1,-1,-1,-1,-1,15.488
2935,32,32,-1,-1,-1,-1,-1,15.509504
2936,32,32,-1,-1,-1,-1,-1,15.49824
2937,32,528,-1,-1,-1,-1,-1,48.458752
2938,32,32,-1,-1,-1,-1,-1,15.570944
2939,32,528,-1,-1,-1,-1,-1,48.583679
2940,32,32,-1,-1,-1,-1,-1,15.536128
2941,32,32,-1,-1,-1,-1,-1,15.488
2942,32,32,-1,-1,-1,-1,-1,15.514624
2943,32,32,-1,-1,-1,-1,-1,15.485952
2944,32,528,-1,-1,-1,-1,-1,48.536575
2945,32,32,-1,-1,-1,-1,-1,15.50848
2946,32,32,-1,-1,-1,-1,-1,15.516672
2947,32,32,-1,-1,-1,-1,-1,15.50848
2948,32,32,-1,-1,-1,-1,-1,15.497216
2949,32,528,-1,-1,-1,-1,-1,48.370689
2950,32,32,-1,-1,-1,-1,-1,15.527936
2951,32,32,-1,-1,-1,-1,-1,15.517696
2952,32,32,-1,-1,-1,-1,-1,15.525888
2953,32,32,-1,-1,-1,-1,-1,15.537152
2954,32,32,-1,-1,-1,-1,-1,15.529984
2955,32,1024,-1,-1,-1,-1,-1,68.912125
2956,32,528,-1,-1,-1,-1,-1,49.714176
2957,32,32,-1,-1,-1,-1,-1,15.563776
2958,32,32,-1,-1,-1,-1,-1,15.527936
2959,32,32,-1,-1,-1,-1,-1,15.476736
2960,32,32,-1,-1,-1,-1,-1,15.500288
2961,32,32,-1,-1,-1,-1,-1,15.492096
2962,32,32,-1,-1,-1,-1,-1,15.510528
2963,32,528,-1,-1,-1,-1,-1,48.265217
2964,32,32,-1,-1,-1,-1,-1,15.5392
2965,32,32,-1,-1,-1,-1,-1,15.50336
2966,32,32,-1,-1,-1,-1,-1,15.49312
2967,32,32,-1,-1,-1,-1,-1,15.499264
2968,32,32,-1,-1,-1,-1,-1,15.511552
2969,32,32,-1,-1,-1,-1,-1,15.522816
2970,32,32,-1,-1,-1,-1,-1,15.486976
2971,32,528,-1,-1,-1,-1,-1,48.10957
2972,32,32,-1,-1,-1,-1,-1,15.581184
2973,32,32,-1,-1,-1,-1,-1,15.531008
2974,32,32,-1,-1,-1,-1,-1,15.524864
2975,32,32,-1,-1,-1,-1,-1,15.507456
2976,32,32,-1,-1,-1,-1,-1,15.5392
2977,32,32,-1,-1,-1,-1,-1,15.524864
2978,32,32,-1,-1,-1,-1,-1,15.480832
2979,32,32,-1,-1,-1,-1,-1,15.492096
2980,32,1024,-1,-1,-1,-1,-1,69.318657
2981,32,32,-1,-1,-1,-1,-1,15.68768
2982,32,32,-1,-1,-1,-1,-1,15.608832
2983,32,528,-1,-1,-1,-1,-1,48.502785
2984,32,32,-1,-1,-1,-1,-1,15.521792
2985,32,32,-1,-1,-1,-1,-1,15.509504
2986,32,32,-1,-1,-1,-1,-1,15.522816
2987,32,32,-1,-1,-1,-1,-1,15.5136
2988,32,32,-1,-1,-1,-1,-1,15.510528
2989,32,32,-1,-1,-1,-1,-1,15.46752
2990,32,32,-1,-1,-1,-1,-1,15.474688
2991,32,32,-1,-1,-1,-1,-1,15.458304
2992,32,32,-1,-1,-1,-1,-1,15.496192
2993,32,32,-1,-1,-1,-1,-1,15.484928
2994,32,32,-1,-1,-1,-1,-1,15.491072
2995,32,528,-1,-1,-1,-1,-1,48.166912
2996,32,32,-1,-1,-1,-1,-1,15.547392
2997,32,32,-1,-1,-1,-1,-1,15.519744
2998,32,528,-1,-1,-1,-1,-1,48.440319
2999,32,32,-1,-1,-1,-1,-1,15.532032
3000,32,32,-1,-1,-1,-1,-1,15.515648
3001,32,32,-1,-1,-1,-1,-1,15.526912
3002,32,32,-1,-1,-1,-1,-1,15.524864
3003,32,528,-1,-1,-1,-1,-1,48.068607
3004,32,528,-1,-1,-1,-1,-1,48.845825
3005,32,32,-1,-1,-1,-1,-1,15.574016
3006,32,32,-1,-1,-1,-1,-1,15.546368
3007,32,32,-1,-1,-1,-1,-1,15.5136
3008,32,32,-1,-1,-1,-1,-1,15.525888
3009,32,32,-1,-1,-1,-1,-1,15.524864
3010,32,32,-1,-1,-1,-1,-1,15.520768
3011,32,528,-1,-1,-1,-1,-1,48.070656
3012,32,32,-1,-1,-1,-1,-1,15.536128
3013,32,528,-1,-1,-1,-1,-1,48.535553
3014,32,32,-1,-1,-1,-1,-1,15.52384
3015,32,528,-1,-1,-1,-1,-1,48.521217
3016,32,32,-1,-1,-1,-1,-1,15.526912
3017,32,32,-1,-1,-1,-1,-1,15.491072
3018,32,32,-1,-1,-1,-1,-1,15.526912
3019,32,528,-1,-1,-1,-1,-1,48.365566
3020,32,32,-1,-1,-1,-1,-1,15.524864
3021,32,32,-1,-1,-1,-1,-1,15.506432
3022,32,32,-1,-1,-1,-1,-1,15.516672
3023,32,32,-1,-1,-1,-1,-1,15.484928
3024,32,32,-1,-1,-1,-1,-1,15.490048
3025,32,32,-1,-1,-1,-1,-1,15.456256
3026,32,528,-1,-1,-1,-1,-1,48.136192
3027,32,32,-1,-1,-1,-1,-1,15.533056
3028,32,527,-1,-1,-1,-1,-1,48.432129
3029,32,32,-1,-1,-1,-1,-1,15.574016
3030,32,32,-1,-1,-1,-1,-1,15.540224
3031,32,32,-1,-1,-1,-1,-1,15.532032
3032,32,528,-1,-1,-1,-1,-1,48.51712
3033,32,32,-1,-1,-1,-1,-1,15.535104
3034,32,528,-1,-1,-1,-1,-1,48.507904
3035,32,32,-1,-1,-1,-1,-1,15.552512
3036,32,32,-1,-1,-1,-1,-1,15.536128
3037,32,32,-1,-1,-1,-1,-1,15.515648
3038,32,32,-1,-1,-1,-1,-1,15.533056
3039,32,32,-1,-1,-1,-1,-1,15.521792
3040,32,32,-1,-1,-1,-1,-1,15.481856
3041,32,32,-1,-1,-1,-1,-1,15.504384
3042,32,528,-1,-1,-1,-1,-1,48.029697
3043,32,32,-1,-1,-1,-1,-1,15.547392
3044,32,32,-1,-1,-1,-1,-1,15.525888
3045,32,528,-1,-1,-1,-1,-1,48.461823
3046,32,527,-1,-1,-1,-1,-1,48.87347
3047,32,32,-1,-1,-1,-1,-1,15.558656
3048,32,32,-1,-1,-1,-1,-1,15.538176
3049,32,1023,-1,-1,-1,-1,-1,69.552132
3050,32,32,-1,-1,-1,-1,-1,15.66208
3051,32,32,-1,-1,-1,-1,-1,15.591424
3052,32,32,-1,-1,-1,-1,-1,15.551488
3053,32,32,-1,-1,-1,-1,-1,15.495168
3054,32,32,-1,-1,-1,-1,-1,15.491072
3055,32,32,-1,-1,-1,-1,-1,15.492096
3056,32,32,-1,-1,-1,-1,-1,15.500288
3057,32,32,-1,-1,-1,-1,-1,15.506432
3058,32,527,-1,-1,-1,-1,-1,48.206848
3059,32,32,-1,-1,-1,-1,-1,15.568896
3060,32,32,-1,-1,-1,-1,-1,15.54944
3061,32,528,-1,-1,-1,-1,-1,48.442368
3062,32,1024,-1,-1,-1,-1,-1,70.093826
3063,32,32,-1,-1,-1,-1,-1,15.668224
3064,32,32,-1,-1,-1,-1,-1,15.55456
3065,32,32,-1,-1,-1,-1,-1,15.491072
3066,32,32,-1,-1,-1,-1,-1,15.496192
3067,32,528,-1,-1,-1,-1,-1,48.509953
3068,32,528,-1,-1,-1,-1,-1,48.954369
3069,32,32,-1,-1,-1,-1,-1,15.515648
3070,32,32,-1,-1,-1,-1,-1,15.460352
3071,32,527,-1,-1,-1,-1,-1,48.432129
3072,32,32,-1,-1,-1,-1,-1,15.492096
3073,32,32,-1,-1,-1,-1,-1,15.456256
3074,32,32,-1,-1,-1,-1,-1,15.479808
3075,32,32,-1,-1,-1,-1,-1,15.48288
3076,32,32,-1,-1,-1,-1,-1,15.46752
3077,32,32,-1,-1,-1,-1,-1,15.449088
3078,32,528,-1,-1,-1,-1,-1,48.160767
3079,32,32,-1,-1,-1,-1,-1,15.550464
3080,32,32,-1,-1,-1,-1,-1,15.507456
3081,32,32,-1,-1,-1,-1,-1,15.491072
3082,32,527,-1,-1,-1,-1,-1,48.440319
3083,32,32,-1,-1,-1,-1,-1,15.49312
3084,32,528,-1,-1,-1,-1,-1,48.519169
3085,32,32,-1,-1,-1,-1,-1,15.542272
3086,32,32,-1,-1,-1,-1,-1,15.476736
3087,32,32,-1,-1,-1,-1,-1,15.48288
3088,32,32,-1,-1,-1,-1,-1,15.491072
3089,32,32,-1,-1,-1,-1,-1,15.471616
3090,32,32,-1,-1,-1,-1,-1,15.507456
3091,32,528,-1,-1,-1,-1,-1,48.076801
3092,32,32,-1,-1,-1,-1,-1,15.521792
3093,32,32,-1,-1,-1,-1,-1,15.499264
3094,32,32,-1,-1,-1,-1,-1,15.49824
3095,32,32,-1,-1,-1,-1,-1,15.509504
3096,32,32,-1,-1,-1,-1,-1,15.486976
3097,32,32,-1,-1,-1,-1,-1,15.437824
3098,32,528,-1,-1,-1,-1,-1,48.077824
3099,32,32,-1,-1,-1,-1,-1,15.527936
3100,32,32,-1,-1,-1,-1,-1,15.516672
3101,32,32,-1,-1,-1,-1,-1,15.509504
3102,32,32,-1,-1,-1,-1,-1,15.502336
3103,32,32,-1,-1,-1,-1,-1,15.475712
3104,32,32,-1,-1,-1,-1,-1,15.480832
3105,32,32,-1,-1,-1,-1,-1,15.460352
3106,32,32,-1,-1,-1,-1,-1,15.470592
3107,32,32,-1,-1,-1,-1,-1,15.478784
3108,32,32,-1,-1,-1,-1,-1,15.483904
3109,32,1519,-1,-1,-1,-1,-1,97.223679
3110,32,32,-1,-1,-1,-1,-1,15.734784
3111,32,32,-1,-1,-1,-1,-1,15.634432
3112,32,32,-1,-1,-1,-1,-1,15.538176
3113,32,32,-1,-1,-1,-1,-1,15.51872
3114,32,32,-1,-1,-1,-1,-1,15.49312
3115,32,528,-1,-1,-1,-1,-1,48.515072
3116,32,32,-1,-1,-1,-1,-1,15.52384
3117,32,528,-1,-1,-1,-1,-1,48.492542
3118,32,32,-1,-1,-1,-1,-1,15.507456
3119,32,32,-1,-1,-1,-1,-1,15.489024
3120,32,528,-1,-1,-1,-1,-1,48.510975
3121,32,528,-1,-1,-1,-1,-1,48.66048
3122,32,32,-1,-1,-1,-1,-1,15.552512
3123,32,32,-1,-1,-1,-1,-1,15.524864
3124,32,32,-1,-1,-1,-1,-1,15.483904
3125,32,32,-1,-1,-1,-1,-1,15.497216
3126,32,32,-1,-1,-1,-1,-1,15.501312
3127,32,32,-1,-1,-1,-1,-1,15.491072
3128,32,32,-1,-1,-1,-1,-1,15.471616
3129,32,32,-1,-1,-1,-1,-1,15.45728
3130,32,32,-1,-1,-1,-1,-1,15.464448
3131,32,32,-1,-1,-1,-1,-1,15.475712
3132,32,32,-1,-1,-1,-1,-1,15.454208
3133,32,32,-1,-1,-1,-1,-1,15.47776
3134,32,32,-1,-1,-1,-1,-1,15.45216
3135,32,32,-1,-1,-1,-1,-1,15.456256
3136,32,32,-1,-1,-1,-1,-1,15.48288
3137,32,32,-1,-1,-1,-1,-1,15.48288
3138,32,32,-1,-1,-1,-1,-1,15.476736
3139,32,528,-1,-1,-1,-1,-1,48.29184
3140,32,528,-1,-1,-1,-1,-1,48.949249
3141,32,32,-1,-1,-1,-1,-1,15.565824
3142,32,32,-1,-1,-1,-1,-1,15.521792
3143,32,32,-1,-1,-1,-1,-1,15.514624
3144,32,32,-1,-1,-1,-1,-1,15.525888
3145,32,528,-1,-1,-1,-1,-1,48.311295
3146,32,32,-1,-1,-1,-1,-1,15.541248
3147,32,32,-1,-1,-1,-1,-1,15.543296
3148,32,32,-1,-1,-1,-1,-1,15.522816
3149,32,32,-1,-1,-1,-1,-1,15.52384
3150,32,528,-1,-1,-1,-1,-1,48.25293
3151,32,32,-1,-1,-1,-1,-1,15.584256
3152,32,32,-1,-1,-1,-1,-1,15.550464
3153,32,528,-1,-1,-1,-1,-1,48.479233
3154,32,32,-1,-1,-1,-1,-1,15.538176
3155,32,32,-1,-1,-1,-1,-1,15.51872
3156,32,32,-1,-1,-1,-1,-1,15.53408
3157,32,32,-1,-1,-1,-1,-1,15.54432
3158,32,528,-1,-1,-1,-1,-1,48.297985
3159,32,528,-1,-1,-1,-1,-1,48.907265
3160,32,528,-1,-1,-1,-1,-1,48.892929
3161,32,32,-1,-1,-1,-1,-1,15.546368
3162,32,32,-1,-1,-1,-1,-1,15.529984
3163,32,32,-1,-1,-1,-1,-1,15.519744
3164,32,528,-1,-1,-1,-1,-1,48.420864
3165,32,32,-1,-1,-1,-1,-1,15.525888
3166,32,32,-1,-1,-1,-1,-1,15.5136
3167,32,32,-1,-1,-1,-1,-1,15.494144
3168,32,528,-1,-1,-1,-1,-1,48.28672
3169,32,32,-1,-1,-1,-1,-1,15.54944
3170,32,32,-1,-1,-1,-1,-1,15.486976
3171,32,32,-1,-1,-1,-1,-1,15.527936
3172,32,32,-1,-1,-1,-1,-1,15.52384
3173,32,32,-1,-1,-1,-1,-1,15.527936
3174,32,528,-1,-1,-1,-1,-1,48.176128
3175,32,528,-1,-1,-1,-1,-1,48.902145
3176,32,32,-1,-1,-1,-1,-1,15.579136
3177,32,32,-1,-1,-1,-1,-1,15.509504
3178,32,32,-1,-1,-1,-1,-1,15.527936
3179,32,528,-1,-1,-1,-1,-1,48.516094
3180,32,32,-1,-1,-1,-1,-1,15.597568
3181,32,32,-1,-1,-1,-1,-1,15.546368
3182,32,32,-1,-1,-1,-1,-1,15.525888
3183,32,32,-1,-1,-1,-1,-1,15.505408
3184,32,528,-1,-1,-1,-1,-1,48.530434
3185,32,32,-1,-1,-1,-1,-1,15.552512
3186,32,528,-1,-1,-1,-1,-1,48.581631
3187,32,528,-1,-1,-1,-1,-1,48.986111
3188,32,527,-1,-1,-1,-1,-1,48.935936
3189,32,32,-1,-1,-1,-1,-1,15.552512
3190,32,32,-1,-1,-1,-1,-1,15.524864
3191,32,32,-1,-1,-1,-1,-1,15.525888
3192,32,32,-1,-1,-1,-1,-1,15.519744
3193,32,32,-1,-1,-1,-1,-1,15.516672
3194,32,528,-1,-1,-1,-1,-1,48.293888
3195,32,32,-1,-1,-1,-1,-1,15.536128
3196,32,32,-1,-1,-1,-1,-1,15.538176
3197,32,32,-1,-1,-1,-1,-1,15.516672
3198,32,32,-1,-1,-1,-1,-1,15.53408
3199,32,32,-1,-1,-1,-1,-1,15.470592
3200,32,528,-1,-1,-1,-1,-1,48.083969
3201,32,32,-1,-1,-1,-1,-1,15.572992
3202,32,32,-1,-1,-1,-1,-1,15.531008
3203,32,32,-1,-1,-1,-1,-1,15.527936
3204,32,528,-1,-1,-1,-1,-1,48.451584
3205,32,528,-1,-1,-1,-1,-1,48.885761
3206,32,32,-1,-1,-1,-1,-1,15.58016
3207,32,528,-1,-1,-1,-1,-1,48.529408
3208,32,32,-1,-1,-1,-1,-1,15.505408
3209,32,32,-1,-1,-1,-1,-1,15.497216
3210,32,32,-1,-1,-1,-1,-1,15.495168
3211,32,32,-1,-1,-1,-1,-1,15.524864
3212,32,32,-1,-1,-1,-1,-1,15.47264
3213,32,32,-1,-1,-1,-1,-1,15.458304
3214,32,32,-1,-1,-1,-1,-1,15.479808
3215,32,512,-1,-1,-1,-1,-1,38.565887
3216,32,528,-1,-1,-1,-1,-1,48.894978
3217,32,32,-1,-1,-1,-1,-1,15.560704
3218,32,32,-1,-1,-1,-1,-1,15.538176
3219,32,32,-1,-1,-1,-1,-1,15.510528
3220,32,32,-1,-1,-1,-1,-1,15.49824
3221,32,32,-1,-1,-1,-1,-1,15.50336
3222,32,32,-1,-1,-1,-1,-1,15.51872
3223,32,528,-1,-1,-1,-1,-1,48.106495
3224,32,32,-1,-1,-1,-1,-1,15.577088
3225,32,32,-1,-1,-1,-1,-1,15.527936
3226,32,32,-1,-1,-1,-1,-1,15.497216
3227,32,32,-1,-1,-1,-1,-1,15.511552
3228,32,32,-1,-1,-1,-1,-1,15.5136
3229,32,32,-1,-1,-1,-1,-1,15.501312
3230,32,32,-1,-1,-1,-1,-1,15.475712
3231,32,32,-1,-1,-1,-1,-1,15.48288
3232,32,32,-1,-1,-1,-1,-1,15.484928
3233,32,32,-1,-1,-1,-1,-1,15.485952
3234,32,32,-1,-1,-1,-1,-1,15.478784
3235,32,32,-1,-1,-1,-1,-1,15.480832
3236,32,32,-1,-1,-1,-1,-1,15.470592
3237,32,32,-1,-1,-1,-1,-1,15.506432
3238,32,528,-1,-1,-1,-1,-1,48.258049
3239,32,528,-1,-1,-1,-1,-1,48.707584
3240,32,32,-1,-1,-1,-1,-1,15.609856
3241,32,528,-1,-1,-1,-1,-1,48.577538
3242,32,32,-1,-1,-1,-1,-1,15.588352
3243,32,32,-1,-1,-1,-1,-1,15.525888
3244,32,32,-1,-1,-1,-1,-1,15.551488
3245,32,32,-1,-1,-1,-1,-1,15.551488
3246,32,32,-1,-1,-1,-1,-1,15.542272
3247,32,528,-1,-1,-1,-1,-1,48.17408
3248,32,32,-1,-1,-1,-1,-1,15.603712
3249,32,32,-1,-1,-1,-1,-1,15.563776
3250,32,32,-1,-1,-1,-1,-1,15.557632
3251,32,32,-1,-1,-1,-1,-1,15.543296
3252,32,32,-1,-1,-1,-1,-1,15.55456
3253,32,528,-1,-1,-1,-1,-1,48.38195
3254,32,32,-1,-1,-1,-1,-1,15.551488
3255,32,528,-1,-1,-1,-1,-1,48.466946
3256,32,32,-1,-1,-1,-1,-1,15.542272
3257,32,32,-1,-1,-1,-1,-1,15.525888
3258,32,528,-1,-1,-1,-1,-1,48.488449
3259,32,32,-1,-1,-1,-1,-1,15.563776
3260,32,32,-1,-1,-1,-1,-1,15.54432
3261,32,528,-1,-1,-1,-1,-1,48.496639
3262,32,32,-1,-1,-1,-1,-1,15.565824
3263,32,32,-1,-1,-1,-1,-1,15.537152
3264,32,32,-1,-1,-1,-1,-1,15.512576
3265,32,32,-1,-1,-1,-1,-1,15.517696
3266,32,32,-1,-1,-1,-1,-1,15.510528
3267,32,32,-1,-1,-1,-1,-1,15.53408
3268,32,32,-1,-1,-1,-1,-1,15.500288
3269,32,32,-1,-1,-1,-1,-1,15.486976
3270,32,1024,-1,-1,-1,-1,-1,69.222397
3271,32,32,-1,-1,-1,-1,-1,15.669248
3272,32,32,-1,-1,-1,-1,-1,15.619072
3273,32,528,-1,-1,-1,-1,-1,48.623615
3274,32,32,-1,-1,-1,-1,-1,15.579136
3275,32,528,-1,-1,-1,-1,-1,48.550911
3276,32,32,-1,-1,-1,-1,-1,15.555584
3277,32,32,-1,-1,-1,-1,-1,15.514624
3278,32,32,-1,-1,-1,-1,-1,15.486976
3279,32,32,-1,-1,-1,-1,-1,15.511552
3280,32,528,-1,-1,-1,-1,-1,48.4352
3281,32,32,-1,-1,-1,-1,-1,15.546368
3282,32,32,-1,-1,-1,-1,-1,15.53408
3283,32,32,-1,-1,-1,-1,-1,15.52384
3284,32,32,-1,-1,-1,-1,-1,15.514624
3285,32,32,-1,-1,-1,-1,-1,15.521792
3286,32,32,-1,-1,-1,-1,-1,15.524864
3287,32,32,-1,-1,-1,-1,-1,15.499264
3288,32,527,-1,-1,-1,-1,-1,48.233471
3289,32,32,-1,-1,-1,-1,-1,15.59552
3290,32,32,-1,-1,-1,-1,-1,15.55456
3291,32,32,-1,-1,-1,-1,-1,15.522816
3292,32,528,-1,-1,-1,-1,-1,48.536575
3293,32,32,-1,-1,-1,-1,-1,15.58528
3294,32,32,-1,-1,-1,-1,-1,15.545344
3295,32,1024,-1,-1,-1,-1,-1,69.71904
3296,32,32,-1,-1,-1,-1,-1,15.689728
3297,32,32,-1,-1,-1,-1,-1,15.592448
3298,32,32,-1,-1,-1,-1,-1,15.533056
3299,32,32,-1,-1,-1,-1,-1,15.551488
3300,32,32,-1,-1,-1,-1,-1,15.54432
3301,32,32,-1,-1,-1,-1,-1,15.5392
3302,32,32,-1,-1,-1,-1,-1,15.55456
3303,32,528,-1,-1,-1,-1,-1,48.09523
3304,32,528,-1,-1,-1,-1,-1,48.607231
3305,32,32,-1,-1,-1,-1,-1,15.557632
3306,32,32,-1,-1,-1,-1,-1,15.517696
3307,32,528,-1,-1,-1,-1,-1,48.596992
3308,32,528,-1,-1,-1,-1,-1,48.970753
3309,32,528,-1,-1,-1,-1,-1,48.933887
3310,32,32,-1,-1,-1,-1,-1,15.510528
3311,32,528,-1,-1,-1,-1,-1,48.510975
3312,32,32,-1,-1,-1,-1,-1,15.496192
3313,32,32,-1,-1,-1,-1,-1,15.479808
3314,32,32,-1,-1,-1,-1,-1,15.515648
3315,32,32,-1,-1,-1,-1,-1,15.484928
3316,32,32,-1,-1,-1,-1,-1,15.49824
3317,32,32,-1,-1,-1,-1,-1,15.481856
3318,32,528,-1,-1,-1,-1,-1,48.28672
3319,32,32,-1,-1,-1,-1,-1,15.578112
3320,32,32,-1,-1,-1,-1,-1,15.5392
3321,32,32,-1,-1,-1,-1,-1,15.514624
3322,32,32,-1,-1,-1,-1,-1,15.517696
3323,32,32,-1,-1,-1,-1,-1,15.540224
3324,32,32,-1,-1,-1,-1,-1,15.524864
3325,32,528,-1,-1,-1,-1,-1,48.115711
3326,32,32,-1,-1,-1,-1,-1,15.519744
3327,32,528,-1,-1,-1,-1,-1,48.482304
3328,32,32,-1,-1,-1,-1,-1,15.536128
3329,32,528,-1,-1,-1,-1,-1,48.524288
3330,32,32,-1,-1,-1,-1,-1,15.551488
3331,32,32,-1,-1,-1,-1,-1,15.512576
3332,32,528,-1,-1,-1,-1,-1,48.508926
3333,32,32,-1,-1,-1,-1,-1,15.589376
3334,32,32,-1,-1,-1,-1,-1,15.536128
3335,32,32,-1,-1,-1,-1,-1,15.52384
3336,32,528,-1,-1,-1,-1,-1,48.512001
3337,32,32,-1,-1,-1,-1,-1,15.572992
3338,32,32,-1,-1,-1,-1,-1,15.54432
3339,32,528,-1,-1,-1,-1,-1,48.445438
3340,32,32,-1,-1,-1,-1,-1,15.502336
3341,32,32,-1,-1,-1,-1,-1,15.494144
3342,32,32,-1,-1,-1,-1,-1,15.478784
3343,32,32,-1,-1,-1,-1,-1,15.494144
3344,32,32,-1,-1,-1,-1,-1,15.51872
3345,32,32,-1,-1,-1,-1,-1,15.46752
3346,32,32,-1,-1,-1,-1,-1,15.464448
3347,32,528,-1,-1,-1,-1,-1,48.017406
3348,32,32,-1,-1,-1,-1,-1,15.51872
3349,32,511,-1,-1,-1,-1,-1,39.059456
3350,32,32,-1,-1,-1,-1,-1,15.601664
3351,32,32,-1,-1,-1,-1,-1,15.586304
3352,32,32,-1,-1,-1,-1,-1,15.52896
3353,32,32,-1,-1,-1,-1,-1,15.515648
3354,32,32,-1,-1,-1,-1,-1,15.512576
3355,32,32,-1,-1,-1,-1,-1,15.49312
3356,32,32,-1,-1,-1,-1,-1,15.521792
3357,32,32,-1,-1,-1,-1,-1,15.517696
3358,32,32,-1,-1,-1,-1,-1,15.448064
3359,32,32,-1,-1,-1,-1,-1,15.46752
3360,32,32,-1,-1,-1,-1,-1,15.480832
3361,32,528,-1,-1,-1,-1,-1,48.054272
3362,32,32,-1,-1,-1,-1,-1,15.57504
3363,32,32,-1,-1,-1,-1,-1,15.520768
3364,32,528,-1,-1,-1,-1,-1,48.465919
3365,32,32,-1,-1,-1,-1,-1,15.56992
3366,32,32,-1,-1,-1,-1,-1,15.538176
3367,32,32,-1,-1,-1,-1,-1,15.532032
3368,32,528,-1,-1,-1,-1,-1,48.541695
3369,32,32,-1,-1,-1,-1,-1,15.553536
3370,32,32,-1,-1,-1,-1,-1,15.537152
3371,32,528,-1,-1,-1,-1,-1,48.443394
3372,32,32,-1,-1,-1,-1,-1,15.594496
3373,32,32,-1,-1,-1,-1,-1,15.510528
3374,32,32,-1,-1,-1,-1,-1,15.49312
3375,32,32,-1,-1,-1,-1,-1,15.526912
3376,32,32,-1,-1,-1,-1,-1,15.520768
3377,32,32,-1,-1,-1,-1,-1,15.543296
3378,32,32,-1,-1,-1,-1,-1,15.46752
3379,32,32,-1,-1,-1,-1,-1,15.481856
3380,32,32,-1,-1,-1,-1,-1,15.481856
3381,32,32,-1,-1,-1,-1,-1,15.489024
3382,32,32,-1,-1,-1,-1,-1,15.519744
3383,32,528,-1,-1,-1,-1,-1,48.168961
3384,32,32,-1,-1,-1,-1,-1,15.550464
3385,32,32,-1,-1,-1,-1,-1,15.548416
3386,32,32,-1,-1,-1,-1,-1,15.557632
3387,32,32,-1,-1,-1,-1,-1,15.566848
3388,32,32,-1,-1,-1,-1,-1,15.51872
3389,32,32,-1,-1,-1,-1,-1,15.512576
3390,32,32,-1,-1,-1,-1,-1,15.504384
3391,32,528,-1,-1,-1,-1,-1,48.210945
3392,32,528,-1,-1,-1,-1,-1,48.733185
3393,32,32,-1,-1,-1,-1,-1,15.62112
3394,32,32,-1,-1,-1,-1,-1,15.524864
3395,32,32,-1,-1,-1,-1,-1,15.570944
3396,32,32,-1,-1,-1,-1,-1,15.537152
3397,32,528,-1,-1,-1,-1,-1,48.501759
3398,32,528,-1,-1,-1,-1,-1,48.606209
3399,32,1520,-1,-1,-1,-1,-1,97.750015
3400,32,32,-1,-1,-1,-1,-1,15.719424
3401,32,32,-1,-1,-1,-1,-1,15.612928
3402,32,32,-1,-1,-1,-1,-1,15.570944
3403,32,32,-1,-1,-1,-1,-1,15.524864
3404,32,32,-1,-1,-1,-1,-1,15.504384
3405,32,32,-1,-1,-1,-1,-1,15.50848
3406,32,32,-1,-1,-1,-1,-1,15.496192
3407,32,528,-1,-1,-1,-1,-1,48.368641
3408,32,32,-1,-1,-1,-1,-1,15.537152
3409,32,32,-1,-1,-1,-1,-1,15.51872
3410,32,32,-1,-1,-1,-1,-1,15.48288
3411,32,528,-1,-1,-1,-1,-1,48.370689
3412,32,32,-1,-1,-1,-1,-1,15.51872
3413,32,32,-1,-1,-1,-1,-1,15.519744
3414,32,32,-1,-1,-1,-1,-1,15.520768
3415,32,528,-1,-1,-1,-1,-1,48.479233
3416,32,32,-1,-1,-1,-1,-1,15.53408
3417,32,32,-1,-1,-1,-1,-1,15.499264
3418,32,528,-1,-1,-1,-1,-1,48.496639
3419,32,32,-1,-1,-1,-1,-1,15.567872
3420,32,32,-1,-1,-1,-1,-1,15.515648
3421,32,32,-1,-1,-1,-1,-1,15.50336
3422,32,528,-1,-1,-1,-1,-1,48.516094
3423,32,32,-1,-1,-1,-1,-1,15.565824
3424,32,32,-1,-1,-1,-1,-1,15.5136
3425,32,32,-1,-1,-1,-1,-1,15.515648
3426,32,528,-1,-1,-1,-1,-1,48.433151
3427,32,32,-1,-1,-1,-1,-1,15.529984
3428,32,32,-1,-1,-1,-1,-1,15.520768
3429,32,527,-1,-1,-1,-1,-1,48.484352
3430,32,32,-1,-1,-1,-1,-1,15.52384
3431,32,528,-1,-1,-1,-1,-1,48.481281
3432,32,32,-1,-1,-1,-1,-1,15.510528
3433,32,1024,-1,-1,-1,-1,-1,69.496834
3434,32,32,-1,-1,-1,-1,-1,15.609856
3435,32,32,-1,-1,-1,-1,-1,15.545344
3436,32,32,-1,-1,-1,-1,-1,15.501312
3437,32,32,-1,-1,-1,-1,-1,15.506432
3438,32,32,-1,-1,-1,-1,-1,15.512576
3439,32,528,-1,-1,-1,-1,-1,48.501759
3440,32,32,-1,-1,-1,-1,-1,15.548416
3441,32,32,-1,-1,-1,-1,-1,15.504384
3442,32,32,-1,-1,-1,-1,-1,15.497216
3443,32,32,-1,-1,-1,-1,-1,15.50336
3444,32,32,-1,-1,-1,-1,-1,15.506432
3445,32,528,-1,-1,-1,-1,-1,48.318462
3446,32,32,-1,-1,-1,-1,-1,15.522816
3447,32,32,-1,-1,-1,-1,-1,15.50336
3448,32,32,-1,-1,-1,-1,-1,15.511552
3449,32,32,-1,-1,-1,-1,-1,15.506432
3450,32,32,-1,-1,-1,-1,-1,15.484928
3451,32,32,-1,-1,-1,-1,-1,15.489024
3452,32,32,-1,-1,-1,-1,-1,15.465472
3453,32,32,-1,-1,-1,-1,-1,15.451136
3454,32,32,-1,-1,-1,-1,-1,15.479808
3455,32,32,-1,-1,-1,-1,-1,15.515648
3456,32,528,-1,-1,-1,-1,-1,48.277504
3457,32,32,-1,-1,-1,-1,-1,15.58016
3458,32,32,-1,-1,-1,-1,-1,15.547392
3459,32,32,-1,-1,-1,-1,-1,15.527936
3460,32,32,-1,-1,-1,-1,-1,15.547392
3461,32,1487,-1,-1,-1,-1,-1,96.571388
3462,32,32,-1,-1,-1,-1,-1,15.742976
3463,32,32,-1,-1,-1,-1,-1,15.642624
3464,32,32,-1,-1,-1,-1,-1,15.629312
3465,32,32,-1,-1,-1,-1,-1,15.563776
3466,32,1023,-1,-1,-1,-1,-1,69.421059
3467,32,32,-1,-1,-1,-1,-1,15.632384
3468,32,32,-1,-1,-1,-1,-1,15.571968
3469,32,32,-1,-1,-1,-1,-1,15.509504
3470,32,528,-1,-1,-1,-1,-1,48.422913
3471,32,32,-1,-1,-1,-1,-1,15.510528
3472,32,32,-1,-1,-1,-1,-1,15.492096
3473,32,32,-1,-1,-1,-1,-1,15.490048
3474,32,32,-1,-1,-1,-1,-1,15.490048
3475,32,32,-1,-1,-1,-1,-1,15.469568
3476,32,32,-1,-1,-1,-1,-1,15.454208
3477,32,527,-1,-1,-1,-1,-1,48.175102
3478,32,32,-1,-1,-1,-1,-1,15.55456
3479,32,32,-1,-1,-1,-1,-1,15.525888
3480,32,32,-1,-1,-1,-1,-1,15.492096
3481,32,32,-1,-1,-1,-1,-1,15.49312
3482,32,32,-1,-1,-1,-1,-1,15.511552
3483,32,32,-1,-1,-1,-1,-1,15.514624
3484,32,32,-1,-1,-1,-1,-1,15.460352
3485,32,32,-1,-1,-1,-1,-1,15.460352
3486,32,32,-1,-1,-1,-1,-1,15.460352
3487,32,32,-1,-1,-1,-1,-1,15.468544
3488,32,32,-1,-1,-1,-1,-1,15.468544
3489,32,528,-1,-1,-1,-1,-1,48.073727
3490,32,32,-1,-1,-1,-1,-1,15.567872
3491,32,32,-1,-1,-1,-1,-1,15.519744
3492,32,32,-1,-1,-1,-1,-1,15.536128
3493,32,32,-1,-1,-1,-1,-1,15.550464
3494,32,32,-1,-1,-1,-1,-1,15.563776
3495,32,1024,-1,-1,-1,-1,-1,69.287933
3496,32,32,-1,-1,-1,-1,-1,15.683584
3497,32,32,-1,-1,-1,-1,-1,15.624192
3498,32,32,-1,-1,-1,-1,-1,15.5648
3499,32,528,-1,-1,-1,-1,-1,48.509953
3500,32,32,-1,-1,-1,-1,-1,15.502336
3501,32,32,-1,-1,-1,-1,-1,15.49824
3502,32,32,-1,-1,-1,-1,-1,15.531008
3503,32,32,-1,-1,-1,-1,-1,15.52384
3504,32,32,-1,-1,-1,-1,-1,15.481856
3505,32,32,-1,-1,-1,-1,-1,15.464448
3506,32,528,-1,-1,-1,-1,-1,48.221184
3507,32,32,-1,-1,-1,-1,-1,15.579136
3508,32,32,-1,-1,-1,-1,-1,15.535104
3509,32,32,-1,-1,-1,-1,-1,15.520768
3510,32,32,-1,-1,-1,-1,-1,15.512576
3511,32,32,-1,-1,-1,-1,-1,15.533056
3512,32,32,-1,-1,-1,-1,-1,15.511552
3513,32,32,-1,-1,-1,-1,-1,15.497216
3514,32,32,-1,-1,-1,-1,-1,15.483904
3515,32,528,-1,-1,-1,-1,-1,48.209919
3516,32,32,-1,-1,-1,-1,-1,15.5648
3517,32,1024,-1,-1,-1,-1,-1,69.489662
3518,32,32,-1,-1,-1,-1,-1,15.685632
3519,32,32,-1,-1,-1,-1,-1,15.592448
3520,32,32,-1,-1,-1,-1,-1,15.55968
3521,32,32,-1,-1,-1,-1,-1,15.517696
3522,32,32,-1,-1,-1,-1,-1,15.531008
3523,32,32,-1,-1,-1,-1,-1,15.536128
3524,32,527,-1,-1,-1,-1,-1,48.241665
3525,32,32,-1,-1,-1,-1,-1,15.552512
3526,32,528,-1,-1,-1,-1,-1,48.576511
3527,32,528,-1,-1,-1,-1,-1,48.95232
3528,32,528,-1,-1,-1,-1,-1,48.936958
3529,32,32,-1,-1,-1,-1,-1,15.570944
3530,32,32,-1,-1,-1,-1,-1,15.509504
3531,32,32,-1,-1,-1,-1,-1,15.519744
3532,32,32,-1,-1,-1,-1,-1,15.50848
3533,32,32,-1,-1,-1,-1,-1,15.532032
3534,32,32,-1,-1,-1,-1,-1,15.517696
3535,32,32,-1,-1,-1,-1,-1,15.483904
3536,32,32,-1,-1,-1,-1,-1,15.502336
3537,32,32,-1,-1,-1,-1,-1,15.497216
3538,32,32,-1,-1,-1,-1,-1,15.502336
3539,32,528,-1,-1,-1,-1,-1,48.203777
3540,32,32,-1,-1,-1,-1,-1,15.570944
3541,32,32,-1,-1,-1,-1,-1,15.537152
3542,32,32,-1,-1,-1,-1,-1,15.548416
3543,32,32,-1,-1,-1,-1,-1,15.548416
3544,32,528,-1,-1,-1,-1,-1,48.576511
3545,32,32,-1,-1,-1,-1,-1,15.59552
3546,32,480,-1,-1,-1,-1,-1,38.921215
3547,32,528,-1,-1,-1,-1,-1,48.936958
3548,32,528,-1,-1,-1,-1,-1,48.940033
3549,32,32,-1,-1,-1,-1,-1,15.578112
3550,32,32,-1,-1,-1,-1,-1,15.515648
3551,32,32,-1,-1,-1,-1,-1,15.533056
3552,32,32,-1,-1,-1,-1,-1,15.52896
3553,32,32,-1,-1,-1,-1,-1,15.521792
3554,32,32,-1,-1,-1,-1,-1,15.541248
3555,32,32,-1,-1,-1,-1,-1,15.49824
3556,32,32,-1,-1,-1,-1,-1,15.459328
3557,32,528,-1,-1,-1,-1,-1,48.17408
3558,32,32,-1,-1,-1,-1,-1,15.557632
3559,32,32,-1,-1,-1,-1,-1,15.545344
3560,32,32,-1,-1,-1,-1,-1,15.546368
3561,32,32,-1,-1,-1,-1,-1,15.540224
3562,32,527,-1,-1,-1,-1,-1,48.331776
3563,32,528,-1,-1,-1,-1,-1,48.945152
3564,32,32,-1,-1,-1,-1,-1,15.560704
3565,32,528,-1,-1,-1,-1,-1,48.552959
3566,32,32,-1,-1,-1,-1,-1,15.533056
3567,32,528,-1,-1,-1,-1,-1,48.526337
3568,32,32,-1,-1,-1,-1,-1,15.538176
3569,32,32,-1,-1,-1,-1,-1,15.536128
3570,32,32,-1,-1,-1,-1,-1,15.52896
3571,32,32,-1,-1,-1,-1,-1,15.53408
3572,32,32,-1,-1,-1,-1,-1,15.51872
3573,32,528,-1,-1,-1,-1,-1,48.11264
3574,32,528,-1,-1,-1,-1,-1,48.726017
3575,32,528,-1,-1,-1,-1,-1,48.943104
3576,32,32,-1,-1,-1,-1,-1,15.56992
3577,32,32,-1,-1,-1,-1,-1,15.476736
3578,32,32,-1,-1,-1,-1,-1,15.502336
3579,32,32,-1,-1,-1,-1,-1,15.50336
3580,32,32,-1,-1,-1,-1,-1,15.511552
3581,32,32,-1,-1,-1,-1,-1,15.50336
3582,32,32,-1,-1,-1,-1,-1,15.459328
3583,32,32,-1,-1,-1,-1,-1,15.475712
3584,32,32,-1,-1,-1,-1,-1,15.463424
3585,32,32,-1,-1,-1,-1,-1,15.459328
3586,32,528,-1,-1,-1,-1,-1,48.068607
3587,32,528,-1,-1,-1,-1,-1,48.904194
3588,32,32,-1,-1,-1,-1,-1,15.561728
3589,32,32,-1,-1,-1,-1,-1,15.52384
3590,32,32,-1,-1,-1,-1,-1,15.5392
3591,32,527,-1,-1,-1,-1,-1,48.441345
3592,32,528,-1,-1,-1,-1,-1,48.722942
3593,32,32,-1,-1,-1,-1,-1,15.517696
3594,32,32,-1,-1,-1,-1,-1,15.511552
3595,32,32,-1,-1,-1,-1,-1,15.520768
3596,32,528,-1,-1,-1,-1,-1,48.505856
3597,32,32,-1,-1,-1,-1,-1,15.563776
3598,32,32,-1,-1,-1,-1,-1,15.504384
3599,32,32,-1,-1,-1,-1,-1,15.512576
3600,32,32,-1,-1,-1,-1,-1,15.504384
3601,32,32,-1,-1,-1,-1,-1,15.525888
3602,32,528,-1,-1,-1,-1,-1,48.290817
3603,32,32,-1,-1,-1,-1,-1,15.570944
3604,32,527,-1,-1,-1,-1,-1,48.446465
3605,32,32,-1,-1,-1,-1,-1,15.558656
3606,32,32,-1,-1,-1,-1,-1,15.499264
3607,32,32,-1,-1,-1,-1,-1,15.50336
3608,32,32,-1,-1,-1,-1,-1,15.510528
3609,32,528,-1,-1,-1,-1,-1,48.538624
3610,32,32,-1,-1,-1,-1,-1,15.540224
3611,32,32,-1,-1,-1,-1,-1,15.5136
3612,32,32,-1,-1,-1,-1,-1,15.50336
3613,32,32,-1,-1,-1,-1,-1,15.5136
3614,32,32,-1,-1,-1,-1,-1,15.486976
3615,32,528,-1,-1,-1,-1,-1,48.245762
3616,32,32,-1,-1,-1,-1,-1,15.492096
3617,32,32,-1,-1,-1,-1,-1,15.480832
3618,32,32,-1,-1,-1,-1,-1,15.49824
3619,32,32,-1,-1,-1,-1,-1,15.5136
3620,32,32,-1,-1,-1,-1,-1,15.471616
3621,32,528,-1,-1,-1,-1,-1,48.186367
3622,32,32,-1,-1,-1,-1,-1,15.557632
3623,32,32,-1,-1,-1,-1,-1,15.556608
3624,32,32,-1,-1,-1,-1,-1,15.50848
3625,32,32,-1,-1,-1,-1,-1,15.514624
3626,32,527,-1,-1,-1,-1,-1,48.450562
3627,32,32,-1,-1,-1,-1,-1,15.54432
3628,32,32,-1,-1,-1,-1,-1,15.526912
3629,32,32,-1,-1,-1,-1,-1,15.51872
3630,32,32,-1,-1,-1,-1,-1,15.505408
3631,32,32,-1,-1,-1,-1,-1,15.490048
3632,32,32,-1,-1,-1,-1,-1,15.47264
3633,32,32,-1,-1,-1,-1,-1,15.459328
3634,32,32,-1,-1,-1,-1,-1,15.49312
3635,32,528,-1,-1,-1,-1,-1,48.104446
3636,32,32,-1,-1,-1,-1,-1,15.516672
3637,32,32,-1,-1,-1,-1,-1,15.522816
3638,32,528,-1,-1,-1,-1,-1,48.524288
3639,32,32,-1,-1,-1,-1,-1,15.52384
3640,32,32,-1,-1,-1,-1,-1,15.521792
3641,32,32,-1,-1,-1,-1,-1,15.51872
3642,32,32,-1,-1,-1,-1,-1,15.524864
3643,32,528,-1,-1,-1,-1,-1,48.132095
3644,32,32,-1,-1,-1,-1,-1,15.578112
3645,32,32,-1,-1,-1,-1,-1,15.543296
3646,32,32,-1,-1,-1,-1,-1,15.512576
3647,32,32,-1,-1,-1,-1,-1,15.533056
3648,32,32,-1,-1,-1,-1,-1,15.519744
3649,32,32,-1,-1,-1,-1,-1,15.538176
3650,32,32,-1,-1,-1,-1,-1,15.490048
3651,32,528,-1,-1,-1,-1,-1,48.077824
3652,32,32,-1,-1,-1,-1,-1,15.56992
3653,32,1024,-1,-1,-1,-1,-1,69.372925
3654,32,32,-1,-1,-1,-1,-1,15.668224
3655,32,528,-1,-1,-1,-1,-1,48.553986
3656,32,32,-1,-1,-1,-1,-1,15.538176
3657,32,32,-1,-1,-1,-1,-1,15.524864
3658,32,528,-1,-1,-1,-1,-1,48.510975
3659,32,528,-1,-1,-1,-1,-1,48.886784
3660,32,32,-1,-1,-1,-1,-1,15.5648
3661,32,32,-1,-1,-1,-1,-1,15.500288
3662,32,32,-1,-1,-1,-1,-1,15.481856
3663,32,32,-1,-1,-1,-1,-1,15.514624
3664,32,32,-1,-1,-1,-1,-1,15.48288
3665,32,32,-1,-1,-1,-1,-1,15.488
3666,32,32,-1,-1,-1,-1,-1,15.473664
3667,32,32,-1,-1,-1,-1,-1,15.476736
3668,32,32,-1,-1,-1,-1,-1,15.468544
3669,32,32,-1,-1,-1,-1,-1,15.491072
3670,32,32,-1,-1,-1,-1,-1,15.478784
3671,32,32,-1,-1,-1,-1,-1,15.476736
3672,32,1024,-1,-1,-1,-1,-1,69.176323
3673,32,32,-1,-1,-1,-1,-1,15.68256
3674,32,32,-1,-1,-1,-1,-1,15.620096
3675,32,32,-1,-1,-1,-1,-1,15.583232
3676,32,528,-1,-1,-1,-1,-1,48.540672
3677,32,32,-1,-1,-1,-1,-1,15.545344
3678,32,32,-1,-1,-1,-1,-1,15.505408
3679,32,32,-1,-1,-1,-1,-1,15.5392
3680,32,32,-1,-1,-1,-1,-1,15.50336
3681,32,32,-1,-1,-1,-1,-1,15.499264
3682,32,32,-1,-1,-1,-1,-1,15.489024
3683,32,528,-1,-1,-1,-1,-1,48.09523
3684,32,32,-1,-1,-1,-1,-1,15.50848
3685,32,32,-1,-1,-1,-1,-1,15.545344
3686,32,32,-1,-1,-1,-1,-1,15.545344
3687,32,32,-1,-1,-1,-1,-1,15.541248
3688,32,32,-1,-1,-1,-1,-1,15.500288
3689,32,32,-1,-1,-1,-1,-1,15.500288
3690,32,32,-1,-1,-1,-1,-1,15.504384
3691,32,528,-1,-1,-1,-1,-1,48.265217
3692,32,528,-1,-1,-1,-1,-1,48.599041
3693,32,32,-1,-1,-1,-1,-1,15.592448
3694,32,528,-1,-1,-1,-1,-1,48.533504
3695,32,32,-1,-1,-1,-1,-1,15.562752
3696,32,32,-1,-1,-1,-1,-1,15.525888
3697,32,32,-1,-1,-1,-1,-1,15.53408
3698,32,32,-1,-1,-1,-1,-1,15.555584
3699,32,1024,-1,-1,-1,-1,-1,69.259262
3700,32,32,-1,-1,-1,-1,-1,15.673344
3701,32,528,-1,-1,-1,-1,-1,48.796673
3702,32,32,-1,-1,-1,-1,-1,15.5392
3703,32,528,-1,-1,-1,-1,-1,48.565247
3704,32,32,-1,-1,-1,-1,-1,15.555584
3705,32,32,-1,-1,-1,-1,-1,15.510528
3706,32,528,-1,-1,-1,-1,-1,48.477184
3707,32,32,-1,-1,-1,-1,-1,15.515648
3708,32,32,-1,-1,-1,-1,-1,15.511552
3709,32,528,-1,-1,-1,-1,-1,48.494591
3710,32,32,-1,-1,-1,-1,-1,15.51872
3711,32,32,-1,-1,-1,-1,-1,15.495168
3712,32,32,-1,-1,-1,-1,-1,15.483904
3713,32,32,-1,-1,-1,-1,-1,15.480832
3714,32,32,-1,-1,-1,-1,-1,15.520768
3715,32,528,-1,-1,-1,-1,-1,48.161793
3716,32,528,-1,-1,-1,-1,-1,48.943104
3717,32,32,-1,-1,-1,-1,-1,15.553536
3718,32,528,-1,-1,-1,-1,-1,48.423935
3719,32,32,-1,-1,-1,-1,-1,15.491072
3720,32,32,-1,-1,-1,-1,-1,15.499264
3721,32,32,-1,-1,-1,-1,-1,15.494144
3722,32,528,-1,-1,-1,-1,-1,48.48333
3723,32,32,-1,-1,-1,-1,-1,15.504384
3724,32,528,-1,-1,-1,-1,-1,48.529408
3725,32,32,-1,-1,-1,-1,-1,15.540224
3726,32,32,-1,-1,-1,-1,-1,15.497216
3727,32,32,-1,-1,-1,-1,-1,15.488
3728,32,528,-1,-1,-1,-1,-1,48.455681
3729,32,32,-1,-1,-1,-1,-1,15.520768
3730,32,528,-1,-1,-1,-1,-1,48.477184
3731,32,32,-1,-1,-1,-1,-1,15.495168
3732,32,32,-1,-1,-1,-1,-1,15.495168
3733,32,32,-1,-1,-1,-1,-1,15.483904
3734,32,32,-1,-1,-1,-1,-1,15.489024
3735,32,32,-1,-1,-1,-1,-1,15.47264
3736,32,32,-1,-1,-1,-1,-1,15.451136
3737,32,32,-1,-1,-1,-1,-1,15.453184
3738,32,32,-1,-1,-1,-1,-1,15.463424
3739,32,32,-1,-1,-1,-1,-1,15.46752
3740,32,32,-1,-1,-1,-1,-1,15.460352
3741,32,32,-1,-1,-1,-1,-1,15.463424
3742,32,528,-1,-1,-1,-1,-1,48.15155
3743,32,32,-1,-1,-1,-1,-1,15.490048
3744,32,32,-1,-1,-1,-1,-1,15.478784
3745,32,32,-1,-1,-1,-1,-1,15.478784
3746,32,32,-1,-1,-1,-1,-1,15.490048
3747,32,32,-1,-1,-1,-1,-1,15.470592
3748,32,528,-1,-1,-1,-1,-1,48.244736
3749,32,32,-1,-1,-1,-1,-1,15.514624
3750,32,32,-1,-1,-1,-1,-1,15.502336
3751,32,32,-1,-1,-1,-1,-1,15.509504
3752,32,32,-1,-1,-1,-1,-1,15.522816
3753,32,32,-1,-1,-1,-1,-1,15.490048
3754,32,32,-1,-1,-1,-1,-1,15.451136
3755,32,528,-1,-1,-1,-1,-1,48.116737
3756,32,32,-1,-1,-1,-1,-1,15.57504
3757,32,528,-1,-1,-1,-1,-1,48.489471
3758,32,528,-1,-1,-1,-1,-1,48.688129
3759,32,32,-1,-1,-1,-1,-1,15.536128
3760,32,32,-1,-1,-1,-1,-1,15.50336
3761,32,32,-1,-1,-1,-1,-1,15.480832
3762,32,32,-1,-1,-1,-1,-1,15.502336
3763,32,32,-1,-1,-1,-1,-1,15.507456
3764,32,32,-1,-1,-1,-1,-1,15.511552
3765,32,32,-1,-1,-1,-1,-1,15.480832
3766,32,32,-1,-1,-1,-1,-1,15.454208
3767,32,32,-1,-1,-1,-1,-1,15.47264
3768,32,32,-1,-1,-1,-1,-1,15.48288
3769,32,32,-1,-1,-1,-1,-1,15.458304
3770,32,528,-1,-1,-1,-1,-1,48.079872
3771,32,32,-1,-1,-1,-1,-1,15.5392
3772,32,32,-1,-1,-1,-1,-1,15.522816
3773,32,32,-1,-1,-1,-1,-1,15.526912
3774,32,528,-1,-1,-1,-1,-1,48.265217
3775,32,528,-1,-1,-1,-1,-1,48.60928
3776,32,528,-1,-1,-1,-1,-1,48.900097
3777,32,527,-1,-1,-1,-1,-1,48.883713
3778,32,32,-1,-1,-1,-1,-1,15.57504
3779,32,32,-1,-1,-1,-1,-1,15.537152
3780,32,1023,-1,-1,-1,-1,-1,69.560318
3781,32,32,-1,-1,-1,-1,-1,15.668224
3782,32,32,-1,-1,-1,-1,-1,15.609856
3783,32,32,-1,-1,-1,-1,-1,15.532032
3784,32,32,-1,-1,-1,-1,-1,15.506432
3785,32,32,-1,-1,-1,-1,-1,15.490048
3786,32,32,-1,-1,-1,-1,-1,15.494144
3787,32,32,-1,-1,-1,-1,-1,15.52384
3788,32,32,-1,-1,-1,-1,-1,15.509504
3789,32,32,-1,-1,-1,-1,-1,15.475712
3790,32,32,-1,-1,-1,-1,-1,15.466496
3791,32,32,-1,-1,-1,-1,-1,15.474688
3792,32,32,-1,-1,-1,-1,-1,15.484928
3793,32,32,-1,-1,-1,-1,-1,15.4624
3794,32,32,-1,-1,-1,-1,-1,15.484928
3795,32,32,-1,-1,-1,-1,-1,15.475712
3796,32,32,-1,-1,-1,-1,-1,15.492096
3797,32,528,-1,-1,-1,-1,-1,48.066559
3798,32,32,-1,-1,-1,-1,-1,15.587328
3799,32,32,-1,-1,-1,-1,-1,15.529984
3800,32,528,-1,-1,-1,-1,-1,48.523266
3801,32,32,-1,-1,-1,-1,-1,15.560704
3802,32,528,-1,-1,-1,-1,-1,48.459778
3803,32,32,-1,-1,-1,-1,-1,15.543296
3804,32,32,-1,-1,-1,-1,-1,15.526912
3805,32,32,-1,-1,-1,-1,-1,15.535104
3806,32,528,-1,-1,-1,-1,-1,48.335873
3807,32,32,-1,-1,-1,-1,-1,15.542272
3808,32,32,-1,-1,-1,-1,-1,15.520768
3809,32,32,-1,-1,-1,-1,-1,15.505408
3810,32,528,-1,-1,-1,-1,-1,48.283649
3811,32,32,-1,-1,-1,-1,-1,15.540224
3812,32,32,-1,-1,-1,-1,-1,15.548416
3813,32,528,-1,-1,-1,-1,-1,48.466946
3814,32,32,-1,-1,-1,-1,-1,15.555584
3815,32,32,-1,-1,-1,-1,-1,15.51872
3816,32,32,-1,-1,-1,-1,-1,15.541248
3817,32,528,-1,-1,-1,-1,-1,48.304127
3818,32,32,-1,-1,-1,-1,-1,15.556608
3819,32,32,-1,-1,-1,-1,-1,15.529984
3820,32,528,-1,-1,-1,-1,-1,48.456703
3821,32,528,-1,-1,-1,-1,-1,48.923649
3822,32,32,-1,-1,-1,-1,-1,15.589376
3823,32,32,-1,-1,-1,-1,-1,15.557632
3824,32,528,-1,-1,-1,-1,-1,48.489471
3825,32,32,-1,-1,-1,-1,-1,15.563776
3826,32,32,-1,-1,-1,-1,-1,15.538176
3827,32,32,-1,-1,-1,-1,-1,15.533056
3828,32,32,-1,-1,-1,-1,-1,15.54944
3829,32,32,-1,-1,-1,-1,-1,15.5392
3830,32,32,-1,-1,-1,-1,-1,15.54944
3831,32,32,-1,-1,-1,-1,-1,15.510528
3832,32,528,-1,-1,-1,-1,-1,48.246784
3833,32,528,-1,-1,-1,-1,-1,48.948223
3834,32,528,-1,-1,-1,-1,-1,48.956417
3835,32,528,-1,-1,-1,-1,-1,48.953342
3836,32,32,-1,-1,-1,-1,-1,15.5648
3837,32,32,-1,-1,-1,-1,-1,15.521792
3838,32,32,-1,-1,-1,-1,-1,15.533056
3839,32,32,-1,-1,-1,-1,-1,15.53408
3840,32,32,-1,-1,-1,-1,-1,15.531008
3841,32,32,-1,-1,-1,-1,-1,15.496192
3842,32,1024,-1,-1,-1,-1,-1,69.225471
3843,32,32,-1,-1,-1,-1,-1,15.598592
3844,32,32,-1,-1,-1,-1,-1,15.593472
3845,32,32,-1,-1,-1,-1,-1,15.561728
3846,32,32,-1,-1,-1,-1,-1,15.519744
3847,32,32,-1,-1,-1,-1,-1,15.500288
3848,32,32,-1,-1,-1,-1,-1,15.51872
3849,32,32,-1,-1,-1,-1,-1,15.52896
3850,32,32,-1,-1,-1,-1,-1,15.510528
3851,32,32,-1,-1,-1,-1,-1,15.492096
3852,32,1024,-1,-1,-1,-1,-1,69.021698
3853,32,32,-1,-1,-1,-1,-1,15.663104
3854,32,32,-1,-1,-1,-1,-1,15.597568
3855,32,528,-1,-1,-1,-1,-1,48.66048
3856,32,32,-1,-1,-1,-1,-1,15.516672
3857,32,528,-1,-1,-1,-1,-1,48.422913
3858,32,32,-1,-1,-1,-1,-1,15.538176
3859,32,32,-1,-1,-1,-1,-1,15.507456
3860,32,32,-1,-1,-1,-1,-1,15.504384
3861,32,32,-1,-1,-1,-1,-1,15.516672
3862,32,32,-1,-1,-1,-1,-1,15.50848
3863,32,32,-1,-1,-1,-1,-1,15.495168
3864,32,32,-1,-1,-1,-1,-1,15.49824
3865,32,32,-1,-1,-1,-1,-1,15.45216
3866,32,32,-1,-1,-1,-1,-1,15.491072
3867,32,32,-1,-1,-1,-1,-1,15.47264
3868,32,32,-1,-1,-1,-1,-1,15.455232
3869,32,527,-1,-1,-1,-1,-1,48.052223
3870,32,32,-1,-1,-1,-1,-1,15.51872
3871,32,32,-1,-1,-1,-1,-1,15.514624
3872,32,32,-1,-1,-1,-1,-1,15.520768
3873,32,527,-1,-1,-1,-1,-1,48.42701
3874,32,32,-1,-1,-1,-1,-1,15.58016
3875,32,32,-1,-1,-1,-1,-1,15.491072
3876,32,32,-1,-1,-1,-1,-1,15.504384
3877,32,32,-1,-1,-1,-1,-1,15.5136
3878,32,32,-1,-1,-1,-1,-1,15.50336
3879,32,32,-1,-1,-1,-1,-1,15.511552
3880,32,32,-1,-1,-1,-1,-1,15.471616
3881,32,528,-1,-1,-1,-1,-1,48.057343
3882,32,32,-1,-1,-1,-1,-1,15.53408
3883,32,32,-1,-1,-1,-1,-1,15.537152
3884,32,32,-1,-1,-1,-1,-1,15.548416
3885,32,32,-1,-1,-1,-1,-1,15.527936
3886,32,32,-1,-1,-1,-1,-1,15.532032
3887,32,32,-1,-1,-1,-1,-1,15.511552
3888,32,32,-1,-1,-1,-1,-1,15.507456
3889,32,32,-1,-1,-1,-1,-1,15.500288
3890,32,32,-1,-1,-1,-1,-1,15.505408
3891,32,32,-1,-1,-1,-1,-1,15.496192
3892,32,32,-1,-1,-1,-1,-1,15.510528
3893,32,32,-1,-1,-1,-1,-1,15.506432
3894,32,1520,-1,-1,-1,-1,-1,97.274879
3895,32,32,-1,-1,-1,-1,-1,15.77984
3896,32,32,-1,-1,-1,-1,-1,15.706112
3897,32,32,-1,-1,-1,-1,-1,15.616
3898,32,32,-1,-1,-1,-1,-1,15.571968
3899,32,528,-1,-1,-1,-1,-1,48.437248
3900,32,32,-1,-1,-1,-1,-1,15.54432
3901,32,528,-1,-1,-1,-1,-1,48.465919
3902,32,528,-1,-1,-1,-1,-1,48.866302
3903,32,32,-1,-1,-1,-1,-1,15.592448
3904,32,32,-1,-1,-1,-1,-1,15.522816
3905,32,32,-1,-1,-1,-1,-1,15.52384
3906,32,32,-1,-1,-1,-1,-1,15.540224
3907,32,32,-1,-1,-1,-1,-1,15.52384
3908,32,32,-1,-1,-1,-1,-1,15.533056
3909,32,528,-1,-1,-1,-1,-1,48.15155
3910,32,528,-1,-1,-1,-1,-1,48.903168
3911,32,32,-1,-1,-1,-1,-1,15.555584
3912,32,32,-1,-1,-1,-1,-1,15.531008
3913,32,32,-1,-1,-1,-1,-1,15.52896
3914,32,32,-1,-1,-1,-1,-1,15.543296
3915,32,32,-1,-1,-1,-1,-1,15.53408
3916,32,32,-1,-1,-1,-1,-1,15.540224
3917,32,527,-1,-1,-1,-1,-1,48.148479
3918,32,32,-1,-1,-1,-1,-1,15.597568
3919,32,32,-1,-1,-1,-1,-1,15.545344
3920,32,528,-1,-1,-1,-1,-1,48.510975
3921,32,32,-1,-1,-1,-1,-1,15.545344
3922,32,32,-1,-1,-1,-1,-1,15.52384
3923,32,32,-1,-1,-1,-1,-1,15.517696
3924,32,32,-1,-1,-1,-1,-1,15.535104
3925,32,528,-1,-1,-1,-1,-1,48.141312
3926,32,512,-1,-1,-1,-1,-1,39.556095
3927,32,32,-1,-1,-1,-1,-1,15.661056
3928,32,528,-1,-1,-1,-1,-1,48.941055
3929,32,32,-1,-1,-1,-1,-1,15.567872
3930,32,32,-1,-1,-1,-1,-1,15.50336
3931,32,32,-1,-1,-1,-1,-1,15.509504
3932,32,32,-1,-1,-1,-1,-1,15.505408
3933,32,32,-1,-1,-1,-1,-1,15.511552
3934,32,528,-1,-1,-1,-1,-1,48.284672
3935,32,32,-1,-1,-1,-1,-1,15.557632
3936,32,528,-1,-1,-1,-1,-1,48.582657
3937,32,32,-1,-1,-1,-1,-1,15.577088
3938,32,32,-1,-1,-1,-1,-1,15.525888
3939,32,528,-1,-1,-1,-1,-1,48.505856
3940,32,32,-1,-1,-1,-1,-1,15.505408
3941,32,32,-1,-1,-1,-1,-1,15.506432
3942,32,32,-1,-1,-1,-1,-1,15.515648
3943,32,32,-1,-1,-1,-1,-1,15.50336
3944,32,32,-1,-1,-1,-1,-1,15.500288
3945,32,528,-1,-1,-1,-1,-1,48.129025
3946,32,32,-1,-1,-1,-1,-1,15.536128
3947,32,32,-1,-1,-1,-1,-1,15.509504
3948,32,32,-1,-1,-1,-1,-1,15.537152
3949,32,32,-1,-1,-1,-1,-1,15.519744
3950,32,32,-1,-1,-1,-1,-1,15.552512
3951,32,32,-1,-1,-1,-1,-1,15.50848
3952,32,528,-1,-1,-1,-1,-1,48.285694
3953,32,32,-1,-1,-1,-1,-1,15.608832
3954,32,1024,-1,-1,-1,-1,-1,69.652481
3955,32,32,-1,-1,-1,-1,-1,15.64672
3956,32,32,-1,-1,-1,-1,-1,15.536128
3957,32,32,-1,-1,-1,-1,-1,15.510528
3958,32,527,-1,-1,-1,-1,-1,48.49152
3959,32,32,-1,-1,-1,-1,-1,15.532032
3960,32,32,-1,-1,-1,-1,-1,15.507456
3961,32,528,-1,-1,-1,-1,-1,48.508926
3962,32,32,-1,-1,-1,-1,-1,15.512576
