step,sched_reqs,sched_tokens,batch,num_query_tokens,sum_seq_len,num_spec_tokens,draft_ms,target_fwd_ms,n_target_fwd,step_ms
0,32,64,-1,-1,-1,-1,-1,24.690687,1,4408.458008
1,32,32,-1,-1,-1,-1,-1,15.404032,1,17.000448
2,0,-1,-1,-1,-1,-1,-1,-1,0,0.004096
3,1,1025,-1,-1,-1,-1,-1,-1,0,114.343933
4,10,8192,-1,-1,-1,-1,-1,-1,0,502.863861
5,18,8192,-1,-1,-1,-1,-1,-1,0,490.728455
6,26,8192,-1,-1,-1,-1,-1,-1,0,493.191162
7,32,6749,-1,-1,-1,-1,-1,-1,0,412.255219
8,32,32,-1,-1,-1,-1,-1,17.526785,1,17.596416
9,32,32,-1,-1,-1,-1,-1,17.306623,1,17.350657
10,32,32,-1,-1,-1,-1,-1,17.2544,1,17.299456
11,32,32,-1,-1,-1,-1,-1,17.207296,1,17.252352
12,32,32,-1,-1,-1,-1,-1,17.191936,1,17.236992
13,32,32,-1,-1,-1,-1,-1,17.189888,1,17.232897
14,32,32,-1,-1,-1,-1,-1,17.190912,1,17.234943
15,32,32,-1,-1,-1,-1,-1,17.189888,1,17.233919
16,32,32,-1,-1,-1,-1,-1,17.139711,1,17.185793
17,32,32,-1,-1,-1,-1,-1,17.130495,1,17.175552
18,32,32,-1,-1,-1,-1,-1,17.132544,1,17.176577
19,32,32,-1,-1,-1,-1,-1,17.131519,1,17.197056
20,32,32,-1,-1,-1,-1,-1,17.147903,1,17.214464
21,32,32,-1,-1,-1,-1,-1,17.130495,1,17.19808
22,32,32,-1,-1,-1,-1,-1,17.143808,1,17.202175
23,32,32,-1,-1,-1,-1,-1,17.143808,1,17.212416
24,32,32,-1,-1,-1,-1,-1,17.148928,1,17.215488
25,32,32,-1,-1,-1,-1,-1,17.156096,1,17.200129
26,32,32,-1,-1,-1,-1,-1,17.144833,1,17.18784
27,32,32,-1,-1,-1,-1,-1,17.156096,1,17.199104
28,32,32,-1,-1,-1,-1,-1,17.14176,1,17.185793
29,32,32,-1,-1,-1,-1,-1,17.14176,1,17.184769
30,32,32,-1,-1,-1,-1,-1,17.144833,1,17.189888
31,32,32,-1,-1,-1,-1,-1,17.137665,1,17.180672
32,32,32,-1,-1,-1,-1,-1,17.15712,1,17.202175
33,32,32,-1,-1,-1,-1,-1,17.156096,1,17.200129
34,32,32,-1,-1,-1,-1,-1,17.150976,1,17.193983
35,32,32,-1,-1,-1,-1,-1,17.153025,1,17.217537
36,32,32,-1,-1,-1,-1,-1,17.156096,1,17.224705
37,32,32,-1,-1,-1,-1,-1,17.16736,1,17.226751
38,32,32,-1,-1,-1,-1,-1,17.161217,1,17.2288
39,32,32,-1,-1,-1,-1,-1,17.150976,1,17.218559
40,32,32,-1,-1,-1,-1,-1,17.161217,1,17.227776
41,32,32,-1,-1,-1,-1,-1,17.163263,1,17.207296
42,32,32,-1,-1,-1,-1,-1,17.175552,1,17.220608
43,32,32,-1,-1,-1,-1,-1,17.175552,1,17.219584
44,32,32,-1,-1,-1,-1,-1,17.163263,1,17.208321
45,32,32,-1,-1,-1,-1,-1,17.163263,1,17.207296
46,32,32,-1,-1,-1,-1,-1,17.166336,1,17.211391
47,32,32,-1,-1,-1,-1,-1,17.16736,1,17.212416
48,32,32,-1,-1,-1,-1,-1,17.179647,1,17.22368
49,32,32,-1,-1,-1,-1,-1,17.17248,1,17.221632
50,32,32,-1,-1,-1,-1,-1,17.185793,1,17.2288
51,32,32,-1,-1,-1,-1,-1,17.193983,1,17.258495
52,32,32,-1,-1,-1,-1,-1,17.178623,1,17.24416
53,32,32,-1,-1,-1,-1,-1,17.191936,1,17.258495
54,32,32,-1,-1,-1,-1,-1,17.178623,1,17.246208
55,32,32,-1,-1,-1,-1,-1,17.189888,1,17.257471
56,32,32,-1,-1,-1,-1,-1,17.184769,1,17.243135
57,32,32,-1,-1,-1,-1,-1,17.191936,1,17.234943
58,32,32,-1,-1,-1,-1,-1,17.196032,1,17.241089
59,32,32,-1,-1,-1,-1,-1,17.18784,1,17.230848
60,32,32,-1,-1,-1,-1,-1,17.207296,1,17.249281
61,32,32,-1,-1,-1,-1,-1,17.21344,1,17.257471
62,32,32,-1,-1,-1,-1,-1,17.214464,1,17.258495
63,32,32,-1,-1,-1,-1,-1,17.199104,1,17.242111
64,32,32,-1,-1,-1,-1,-1,17.207296,1,17.252352
65,32,32,-1,-1,-1,-1,-1,17.206272,1,17.250303
66,32,32,-1,-1,-1,-1,-1,17.204224,1,17.248257
67,32,32,-1,-1,-1,-1,-1,17.211391,1,17.274879
68,32,32,-1,-1,-1,-1,-1,17.207296,1,17.274879
69,32,32,-1,-1,-1,-1,-1,17.215488,1,17.284096
70,32,32,-1,-1,-1,-1,-1,17.225727,1,17.292288
71,32,32,-1,-1,-1,-1,-1,17.2288,1,17.295361
72,32,32,-1,-1,-1,-1,-1,17.222656,1,17.290239
73,32,32,-1,-1,-1,-1,-1,17.24416,1,17.287169
74,32,32,-1,-1,-1,-1,-1,17.22368,1,17.26976
75,32,32,-1,-1,-1,-1,-1,17.243135,1,17.287169
76,32,32,-1,-1,-1,-1,-1,17.241089,1,17.284096
77,32,32,-1,-1,-1,-1,-1,17.249281,1,17.293312
78,32,32,-1,-1,-1,-1,-1,17.247232,1,17.291264
79,32,32,-1,-1,-1,-1,-1,17.248257,1,17.291264
80,32,32,-1,-1,-1,-1,-1,17.264641,1,17.309696
81,32,32,-1,-1,-1,-1,-1,17.251328,1,17.294336
82,32,32,-1,-1,-1,-1,-1,17.240065,1,17.284096
83,32,32,-1,-1,-1,-1,-1,17.265663,1,17.323008
84,32,32,-1,-1,-1,-1,-1,17.273855,1,17.3312
85,32,32,-1,-1,-1,-1,-1,17.261568,1,17.329151
86,32,32,-1,-1,-1,-1,-1,17.267712,1,17.334272
87,32,32,-1,-1,-1,-1,-1,17.276928,1,17.344513
88,32,32,-1,-1,-1,-1,-1,17.273855,1,17.339392
89,32,32,-1,-1,-1,-1,-1,17.275904,1,17.318913
90,32,32,-1,-1,-1,-1,-1,17.283072,1,17.32608
91,32,32,-1,-1,-1,-1,-1,17.292288,1,17.335297
92,32,32,-1,-1,-1,-1,-1,17.288193,1,17.333248
93,32,32,-1,-1,-1,-1,-1,17.283072,1,17.328129
94,32,32,-1,-1,-1,-1,-1,17.299456,1,17.342464
95,32,32,-1,-1,-1,-1,-1,17.289215,1,17.333248
96,32,32,-1,-1,-1,-1,-1,17.287169,1,17.3312
97,32,32,-1,-1,-1,-1,-1,17.293312,1,17.337343
98,32,32,-1,-1,-1,-1,-1,17.30048,1,17.343489
99,32,32,-1,-1,-1,-1,-1,17.301504,1,17.359873
100,32,32,-1,-1,-1,-1,-1,17.286144,1,17.352703
101,32,32,-1,-1,-1,-1,-1,17.306623,1,17.374208
102,32,32,-1,-1,-1,-1,-1,17.304577,1,17.371136
103,32,32,-1,-1,-1,-1,-1,17.318913,1,17.383425
104,32,32,-1,-1,-1,-1,-1,17.320959,1,17.38752
105,32,32,-1,-1,-1,-1,-1,17.319937,1,17.362944
106,32,32,-1,-1,-1,-1,-1,17.299456,1,17.342464
107,32,32,-1,-1,-1,-1,-1,17.311745,1,17.355776
108,32,32,-1,-1,-1,-1,-1,17.317888,1,17.361919
109,32,32,-1,-1,-1,-1,-1,17.327105,1,17.371136
110,32,32,-1,-1,-1,-1,-1,17.334272,1,17.379328
111,32,32,-1,-1,-1,-1,-1,17.321983,1,17.367041
112,32,32,-1,-1,-1,-1,-1,17.321983,1,17.364992
113,32,32,-1,-1,-1,-1,-1,17.329151,1,17.373184
114,32,32,-1,-1,-1,-1,-1,17.342464,1,17.38752
115,32,32,-1,-1,-1,-1,-1,17.339392,1,17.403904
116,32,32,-1,-1,-1,-1,-1,17.344513,1,17.41312
117,32,1040,-1,-1,-1,-1,-1,-1,0,78.724098
118,32,1039,-1,-1,-1,-1,-1,-1,0,80.312317
119,32,1040,-1,-1,-1,-1,-1,-1,0,80.661507
120,32,1039,-1,-1,-1,-1,-1,-1,0,81.00045
121,32,32,-1,-1,-1,-1,-1,17.529856,1,17.596416
122,32,1040,-1,-1,-1,-1,-1,-1,0,79.419395
123,32,1040,-1,-1,-1,-1,-1,-1,0,80.56218
124,32,1039,-1,-1,-1,-1,-1,-1,0,80.56218
125,32,1040,-1,-1,-1,-1,-1,-1,0,81.093636
126,32,1040,-1,-1,-1,-1,-1,-1,0,80.347137
127,32,1040,-1,-1,-1,-1,-1,-1,0,80.296959
128,32,32,-1,-1,-1,-1,-1,17.499136,1,17.543167
129,32,2048,-1,-1,-1,-1,-1,-1,0,133.29715
130,32,1040,-1,-1,-1,-1,-1,-1,0,80.998398
131,32,3056,-1,-1,-1,-1,-1,-1,0,195.831802
132,32,32,-1,-1,-1,-1,-1,17.695744,1,17.758207
133,32,1039,-1,-1,-1,-1,-1,-1,0,80.540672
134,32,1040,-1,-1,-1,-1,-1,-1,0,80.563202
135,32,3056,-1,-1,-1,-1,-1,-1,0,194.854919
136,32,3056,-1,-1,-1,-1,-1,-1,0,196.011002
137,32,32,-1,-1,-1,-1,-1,17.503231,1,17.569792
138,32,2048,-1,-1,-1,-1,-1,-1,0,133.980164
139,32,32,-1,-1,-1,-1,-1,17.53088,1,17.597441
140,32,1040,-1,-1,-1,-1,-1,-1,0,79.466499
141,32,32,-1,-1,-1,-1,-1,17.478657,1,17.538048
142,32,32,-1,-1,-1,-1,-1,17.362944,1,17.422337
143,32,1040,-1,-1,-1,-1,-1,-1,0,79.40403
144,32,32,-1,-1,-1,-1,-1,17.453056,1,17.498112
145,32,32,-1,-1,-1,-1,-1,17.375233,1,17.44384
146,32,1040,-1,-1,-1,-1,-1,-1,0,79.576065
147,32,32,-1,-1,-1,-1,-1,17.463297,1,17.529856
148,32,32,-1,-1,-1,-1,-1,17.34144,1,17.405952
149,32,32,-1,-1,-1,-1,-1,17.292288,1,17.357824
150,32,1040,-1,-1,-1,-1,-1,-1,0,79.262718
151,32,32,-1,-1,-1,-1,-1,17.507328,1,17.574911
152,32,2048,-1,-1,-1,-1,-1,-1,0,133.362686
153,32,32,-1,-1,-1,-1,-1,17.477633,1,17.544191
154,32,32,-1,-1,-1,-1,-1,17.375233,1,17.44384
155,32,32,-1,-1,-1,-1,-1,17.306623,1,17.364992
156,32,32,-1,-1,-1,-1,-1,17.255424,1,17.321983
157,32,32,-1,-1,-1,-1,-1,17.236992,1,17.304577
158,32,32,-1,-1,-1,-1,-1,17.242111,1,17.307648
159,32,32,-1,-1,-1,-1,-1,17.255424,1,17.321983
160,32,32,-1,-1,-1,-1,-1,17.241089,1,17.286144
161,32,32,-1,-1,-1,-1,-1,17.217537,1,17.284096
162,32,32,-1,-1,-1,-1,-1,17.193983,1,17.251328
163,32,32,-1,-1,-1,-1,-1,17.176577,1,17.242111
164,32,32,-1,-1,-1,-1,-1,17.174528,1,17.219584
165,32,32,-1,-1,-1,-1,-1,17.185793,1,17.243135
166,32,32,-1,-1,-1,-1,-1,17.165312,1,17.232897
167,32,32,-1,-1,-1,-1,-1,17.181696,1,17.249281
168,32,32,-1,-1,-1,-1,-1,17.193983,1,17.261568
169,32,32,-1,-1,-1,-1,-1,17.181696,1,17.23904
170,32,32,-1,-1,-1,-1,-1,17.186815,1,17.252352
171,32,32,-1,-1,-1,-1,-1,17.180672,1,17.248257
172,32,32,-1,-1,-1,-1,-1,17.190912,1,17.258495
173,32,32,-1,-1,-1,-1,-1,17.197056,1,17.263617
174,32,32,-1,-1,-1,-1,-1,17.188864,1,17.2544
175,32,32,-1,-1,-1,-1,-1,17.196032,1,17.263617
176,32,32,-1,-1,-1,-1,-1,17.190912,1,17.235968
177,32,32,-1,-1,-1,-1,-1,17.188864,1,17.2544
178,32,32,-1,-1,-1,-1,-1,17.193983,1,17.260544
179,32,32,-1,-1,-1,-1,-1,17.207296,1,17.265663
180,32,32,-1,-1,-1,-1,-1,17.202175,1,17.247232
181,32,32,-1,-1,-1,-1,-1,17.196032,1,17.2544
182,32,32,-1,-1,-1,-1,-1,17.193983,1,17.260544
183,32,32,-1,-1,-1,-1,-1,17.205248,1,17.263617
184,32,32,-1,-1,-1,-1,-1,17.208321,1,17.275904
185,32,32,-1,-1,-1,-1,-1,17.211391,1,17.276928
186,32,32,-1,-1,-1,-1,-1,17.215488,1,17.283072
187,32,32,-1,-1,-1,-1,-1,17.217537,1,17.284096
188,32,32,-1,-1,-1,-1,-1,17.227776,1,17.293312
189,32,32,-1,-1,-1,-1,-1,17.235968,1,17.302528
190,32,32,-1,-1,-1,-1,-1,17.215488,1,17.272833
191,32,32,-1,-1,-1,-1,-1,17.225727,1,17.292288
192,32,32,-1,-1,-1,-1,-1,17.234943,1,17.278976
193,32,32,-1,-1,-1,-1,-1,17.230848,1,17.295361
194,32,32,-1,-1,-1,-1,-1,17.2288,1,17.296385
195,32,32,-1,-1,-1,-1,-1,17.238016,1,17.305599
196,32,32,-1,-1,-1,-1,-1,17.247232,1,17.290239
197,32,32,-1,-1,-1,-1,-1,17.241089,1,17.298431
198,32,32,-1,-1,-1,-1,-1,17.250303,1,17.316864
199,32,32,-1,-1,-1,-1,-1,17.236992,1,17.302528
200,32,32,-1,-1,-1,-1,-1,17.250303,1,17.316864
201,32,32,-1,-1,-1,-1,-1,17.258495,1,17.323008
202,32,32,-1,-1,-1,-1,-1,17.26976,1,17.337343
203,32,32,-1,-1,-1,-1,-1,17.257471,1,17.31584
204,32,32,-1,-1,-1,-1,-1,17.251328,1,17.316864
205,32,32,-1,-1,-1,-1,-1,17.257471,1,17.323008
206,32,32,-1,-1,-1,-1,-1,17.255424,1,17.320959
207,32,32,-1,-1,-1,-1,-1,17.263617,1,17.319937
208,32,32,-1,-1,-1,-1,-1,17.267712,1,17.311745
209,32,32,-1,-1,-1,-1,-1,17.290239,1,17.355776
210,32,32,-1,-1,-1,-1,-1,17.276928,1,17.34144
211,32,32,-1,-1,-1,-1,-1,17.295361,1,17.360895
212,32,32,-1,-1,-1,-1,-1,17.270784,1,17.31584
213,32,32,-1,-1,-1,-1,-1,17.287169,1,17.351681
214,32,32,-1,-1,-1,-1,-1,17.282047,1,17.347584
215,32,32,-1,-1,-1,-1,-1,17.291264,1,17.357824
216,32,32,-1,-1,-1,-1,-1,17.295361,1,17.360895
217,32,32,-1,-1,-1,-1,-1,17.287169,1,17.351681
218,32,32,-1,-1,-1,-1,-1,17.297407,1,17.364992
219,32,32,-1,-1,-1,-1,-1,17.291264,1,17.355776
220,32,32,-1,-1,-1,-1,-1,17.296385,1,17.362944
221,32,32,-1,-1,-1,-1,-1,17.292288,1,17.349632
222,32,32,-1,-1,-1,-1,-1,17.328129,1,17.394688
223,32,32,-1,-1,-1,-1,-1,17.307648,1,17.373184
224,32,32,-1,-1,-1,-1,-1,17.301504,1,17.34656
225,32,32,-1,-1,-1,-1,-1,17.325056,1,17.391617
226,32,32,-1,-1,-1,-1,-1,17.309696,1,17.376257
227,32,32,-1,-1,-1,-1,-1,17.308672,1,17.376257
228,32,32,-1,-1,-1,-1,-1,17.312769,1,17.357824
229,32,32,-1,-1,-1,-1,-1,17.312769,1,17.375233
230,32,32,-1,-1,-1,-1,-1,17.313791,1,17.382401
231,32,32,-1,-1,-1,-1,-1,17.321983,1,17.38752
232,32,32,-1,-1,-1,-1,-1,17.328129,1,17.394688
233,32,32,-1,-1,-1,-1,-1,17.323008,1,17.388544
234,32,32,-1,-1,-1,-1,-1,17.339392,1,17.403904
235,32,1040,-1,-1,-1,-1,-1,-1,0,78.819328
236,32,32,-1,-1,-1,-1,-1,17.568768,1,17.635328
237,32,32,-1,-1,-1,-1,-1,17.490944,1,17.558529
238,32,32,-1,-1,-1,-1,-1,17.40288,1,17.470465
239,32,32,-1,-1,-1,-1,-1,17.383425,1,17.449984
240,32,32,-1,-1,-1,-1,-1,17.38752,1,17.432575
241,32,32,-1,-1,-1,-1,-1,17.401855,1,17.46944
242,32,1040,-1,-1,-1,-1,-1,-1,0,79.312897
243,32,1040,-1,-1,-1,-1,-1,-1,0,81.154045
244,32,1040,-1,-1,-1,-1,-1,-1,0,80.236542
245,32,32,-1,-1,-1,-1,-1,17.527807,1,17.593344
246,32,32,-1,-1,-1,-1,-1,17.446913,1,17.513472
247,32,1040,-1,-1,-1,-1,-1,-1,0,79.054848
248,32,1040,-1,-1,-1,-1,-1,-1,0,80.368637
249,32,1040,-1,-1,-1,-1,-1,-1,0,80.546814
250,32,1040,-1,-1,-1,-1,-1,-1,0,81.179649
251,32,32,-1,-1,-1,-1,-1,17.549313,1,17.614847
252,32,2047,-1,-1,-1,-1,-1,-1,0,133.765121
253,32,1039,-1,-1,-1,-1,-1,-1,0,81.149956
254,32,32,-1,-1,-1,-1,-1,17.548288,1,17.615871
255,32,1040,-1,-1,-1,-1,-1,-1,0,79.771645
256,32,3056,-1,-1,-1,-1,-1,-1,0,194.907135
257,32,32,-1,-1,-1,-1,-1,17.558529,1,17.603584
258,32,1040,-1,-1,-1,-1,-1,-1,0,79.738876
259,32,1040,-1,-1,-1,-1,-1,-1,0,81.033218
260,32,32,-1,-1,-1,-1,-1,17.502209,1,17.566719
261,32,1040,-1,-1,-1,-1,-1,-1,0,79.485954
262,32,32,-1,-1,-1,-1,-1,17.482752,1,17.542145
263,32,4062,-1,-1,-1,-1,-1,-1,0,254.149628
264,32,1040,-1,-1,-1,-1,-1,-1,0,81.155075
265,32,32,-1,-1,-1,-1,-1,17.535999,1,17.60256
266,32,32,-1,-1,-1,-1,-1,17.446913,1,17.514496
267,32,32,-1,-1,-1,-1,-1,17.376257,1,17.442816
268,32,1040,-1,-1,-1,-1,-1,-1,0,79.878143
269,32,2047,-1,-1,-1,-1,-1,-1,0,134.536194
270,32,1040,-1,-1,-1,-1,-1,-1,0,81.152
271,32,32,-1,-1,-1,-1,-1,17.481728,1,17.547264
272,32,32,-1,-1,-1,-1,-1,17.370111,1,17.42848
273,32,32,-1,-1,-1,-1,-1,17.31072,1,17.355776
274,32,32,-1,-1,-1,-1,-1,17.267712,1,17.336321
275,32,1040,-1,-1,-1,-1,-1,-1,0,79.17466
276,32,32,-1,-1,-1,-1,-1,17.485825,1,17.551359
277,32,1040,-1,-1,-1,-1,-1,-1,0,80.235519
278,32,1040,-1,-1,-1,-1,-1,-1,0,80.494591
279,32,32,-1,-1,-1,-1,-1,17.419264,1,17.486849
280,32,32,-1,-1,-1,-1,-1,17.34144,1,17.410048
281,32,32,-1,-1,-1,-1,-1,17.264641,1,17.3312
282,32,32,-1,-1,-1,-1,-1,17.2544,1,17.311745
283,32,32,-1,-1,-1,-1,-1,17.276928,1,17.342464
284,32,32,-1,-1,-1,-1,-1,17.252352,1,17.318913
285,32,32,-1,-1,-1,-1,-1,17.246208,1,17.305599
286,32,32,-1,-1,-1,-1,-1,17.21344,1,17.270784
287,32,32,-1,-1,-1,-1,-1,17.197056,1,17.253376
288,32,32,-1,-1,-1,-1,-1,17.202175,1,17.266687
289,32,32,-1,-1,-1,-1,-1,17.214464,1,17.25952
290,32,2048,-1,-1,-1,-1,-1,-1,0,132.945923
291,32,32,-1,-1,-1,-1,-1,17.541121,1,17.608704
292,32,32,-1,-1,-1,-1,-1,17.339392,1,17.406977
293,32,32,-1,-1,-1,-1,-1,17.284096,1,17.349632
294,32,32,-1,-1,-1,-1,-1,17.252352,1,17.320959
295,32,32,-1,-1,-1,-1,-1,17.227776,1,17.292288
296,32,32,-1,-1,-1,-1,-1,17.242111,1,17.309696
297,32,32,-1,-1,-1,-1,-1,17.236992,1,17.302528
298,32,32,-1,-1,-1,-1,-1,17.209345,1,17.272833
299,32,32,-1,-1,-1,-1,-1,17.173504,1,17.231873
300,32,32,-1,-1,-1,-1,-1,17.179647,1,17.246208
301,32,32,-1,-1,-1,-1,-1,17.18272,1,17.249281
302,32,32,-1,-1,-1,-1,-1,17.190912,1,17.258495
303,32,32,-1,-1,-1,-1,-1,17.192961,1,17.258495
304,32,32,-1,-1,-1,-1,-1,17.21344,1,17.280001
305,32,32,-1,-1,-1,-1,-1,17.207296,1,17.250303
306,32,32,-1,-1,-1,-1,-1,17.202175,1,17.25952
307,32,32,-1,-1,-1,-1,-1,17.207296,1,17.273855
308,32,32,-1,-1,-1,-1,-1,17.196032,1,17.262592
309,32,32,-1,-1,-1,-1,-1,17.186815,1,17.252352
310,32,32,-1,-1,-1,-1,-1,17.191936,1,17.257471
311,32,32,-1,-1,-1,-1,-1,17.209345,1,17.277952
312,32,32,-1,-1,-1,-1,-1,17.214464,1,17.280001
313,32,32,-1,-1,-1,-1,-1,17.212416,1,17.26976
314,32,32,-1,-1,-1,-1,-1,17.212416,1,17.280001
315,32,32,-1,-1,-1,-1,-1,17.222656,1,17.288193
316,32,32,-1,-1,-1,-1,-1,17.207296,1,17.273855
317,32,32,-1,-1,-1,-1,-1,17.210367,1,17.277952
318,32,32,-1,-1,-1,-1,-1,17.226751,1,17.284096
319,32,32,-1,-1,-1,-1,-1,17.231873,1,17.297407
320,32,32,-1,-1,-1,-1,-1,17.2288,1,17.296385
321,32,32,-1,-1,-1,-1,-1,17.232897,1,17.276928
322,32,32,-1,-1,-1,-1,-1,17.246208,1,17.313791
323,32,32,-1,-1,-1,-1,-1,17.231873,1,17.297407
324,32,32,-1,-1,-1,-1,-1,17.226751,1,17.294336
325,32,32,-1,-1,-1,-1,-1,17.233919,1,17.299456
326,32,32,-1,-1,-1,-1,-1,17.248257,1,17.314816
327,32,32,-1,-1,-1,-1,-1,17.238016,1,17.304577
328,32,32,-1,-1,-1,-1,-1,17.230848,1,17.291264
329,32,32,-1,-1,-1,-1,-1,17.245184,1,17.31072
330,32,32,-1,-1,-1,-1,-1,17.251328,1,17.318913
331,32,32,-1,-1,-1,-1,-1,17.257471,1,17.324032
332,32,32,-1,-1,-1,-1,-1,17.263617,1,17.339392
333,32,32,-1,-1,-1,-1,-1,17.266687,1,17.332224
334,32,32,-1,-1,-1,-1,-1,17.26976,1,17.327105
335,32,32,-1,-1,-1,-1,-1,17.271809,1,17.337343
336,32,32,-1,-1,-1,-1,-1,17.262592,1,17.329151
337,32,32,-1,-1,-1,-1,-1,17.262592,1,17.306623
338,32,32,-1,-1,-1,-1,-1,17.272833,1,17.339392
339,32,32,-1,-1,-1,-1,-1,17.286144,1,17.351681
340,32,32,-1,-1,-1,-1,-1,17.278976,1,17.343489
341,32,32,-1,-1,-1,-1,-1,17.278976,1,17.344513
342,32,32,-1,-1,-1,-1,-1,17.289215,1,17.355776
343,32,32,-1,-1,-1,-1,-1,17.290239,1,17.3568
344,32,32,-1,-1,-1,-1,-1,17.293312,1,17.359873
345,32,32,-1,-1,-1,-1,-1,17.296385,1,17.361919
346,32,32,-1,-1,-1,-1,-1,17.302528,1,17.368065
347,32,32,-1,-1,-1,-1,-1,17.289215,1,17.353727
348,32,32,-1,-1,-1,-1,-1,17.309696,1,17.376257
349,32,32,-1,-1,-1,-1,-1,17.312769,1,17.378304
350,32,32,-1,-1,-1,-1,-1,17.302528,1,17.369087
351,32,32,-1,-1,-1,-1,-1,17.314816,1,17.381376
352,32,32,-1,-1,-1,-1,-1,17.308672,1,17.368065
353,32,32,-1,-1,-1,-1,-1,17.298431,1,17.343489
354,32,32,-1,-1,-1,-1,-1,17.317888,1,17.383425
355,32,32,-1,-1,-1,-1,-1,17.320959,1,17.38752
356,32,32,-1,-1,-1,-1,-1,17.308672,1,17.373184
357,32,32,-1,-1,-1,-1,-1,17.329151,1,17.396736
358,32,32,-1,-1,-1,-1,-1,17.318913,1,17.385471
359,32,1040,-1,-1,-1,-1,-1,-1,0,79.026176
360,32,32,-1,-1,-1,-1,-1,17.575935,1,17.64352
361,32,32,-1,-1,-1,-1,-1,17.483776,1,17.551359
362,32,32,-1,-1,-1,-1,-1,17.392639,1,17.449984
363,32,32,-1,-1,-1,-1,-1,17.389568,1,17.433599
364,32,1040,-1,-1,-1,-1,-1,-1,0,79.271935
365,32,32,-1,-1,-1,-1,-1,17.629185,1,17.696768
366,32,2047,-1,-1,-1,-1,-1,-1,0,133.655548
367,32,32,-1,-1,-1,-1,-1,17.594368,1,17.661951
368,32,1040,-1,-1,-1,-1,-1,-1,0,80.092163
369,32,32,-1,-1,-1,-1,-1,17.581057,1,17.624063
370,32,32,-1,-1,-1,-1,-1,17.499136,1,17.567743
371,32,32,-1,-1,-1,-1,-1,17.439745,1,17.506304
372,32,32,-1,-1,-1,-1,-1,17.388544,1,17.433599
373,32,32,-1,-1,-1,-1,-1,17.371136,1,17.429504
374,32,32,-1,-1,-1,-1,-1,17.370111,1,17.433599
375,32,2047,-1,-1,-1,-1,-1,-1,0,133.269501
376,32,32,-1,-1,-1,-1,-1,17.655807,1,17.716225
377,32,1040,-1,-1,-1,-1,-1,-1,0,80.2304
378,32,3056,-1,-1,-1,-1,-1,-1,0,196.578308
379,32,1040,-1,-1,-1,-1,-1,-1,0,81.362946
380,32,32,-1,-1,-1,-1,-1,17.48992,1,17.558529
381,32,2048,-1,-1,-1,-1,-1,-1,0,133.992447
382,32,32,-1,-1,-1,-1,-1,17.597441,1,17.665024
383,32,1040,-1,-1,-1,-1,-1,-1,0,79.720451
384,32,32,-1,-1,-1,-1,-1,17.50528,1,17.573889
385,32,2048,-1,-1,-1,-1,-1,-1,0,133.255173
386,32,32,-1,-1,-1,-1,-1,17.512447,1,17.580032
387,32,32,-1,-1,-1,-1,-1,17.426432,1,17.492992
388,32,3055,-1,-1,-1,-1,-1,-1,0,195.016708
389,32,32,-1,-1,-1,-1,-1,17.534975,1,17.599487
390,32,32,-1,-1,-1,-1,-1,17.427456,1,17.494017
391,32,32,-1,-1,-1,-1,-1,17.349632,1,17.419264
392,32,2047,-1,-1,-1,-1,-1,-1,0,133.609467
393,32,32,-1,-1,-1,-1,-1,17.553408,1,17.622017
394,32,32,-1,-1,-1,-1,-1,17.460224,1,17.53088
395,32,32,-1,-1,-1,-1,-1,17.332224,1,17.390593
396,32,32,-1,-1,-1,-1,-1,17.299456,1,17.366016
397,32,3054,-1,-1,-1,-1,-1,-1,0,193.939453
398,32,1040,-1,-1,-1,-1,-1,-1,0,81.819649
399,32,1040,-1,-1,-1,-1,-1,-1,0,81.384445
400,32,32,-1,-1,-1,-1,-1,17.537024,1,17.597441
401,32,32,-1,-1,-1,-1,-1,17.417215,1,17.4848
402,32,32,-1,-1,-1,-1,-1,17.31072,1,17.378304
403,32,32,-1,-1,-1,-1,-1,17.298431,1,17.342464
404,32,32,-1,-1,-1,-1,-1,17.263617,1,17.3312
405,32,1040,-1,-1,-1,-1,-1,-1,0,79.228928
406,32,32,-1,-1,-1,-1,-1,17.416191,1,17.460224
407,32,1040,-1,-1,-1,-1,-1,-1,0,79.225853
408,32,32,-1,-1,-1,-1,-1,17.417215,1,17.482752
409,32,1040,-1,-1,-1,-1,-1,-1,0,79.588348
410,32,32,-1,-1,-1,-1,-1,17.481728,1,17.539072
411,32,32,-1,-1,-1,-1,-1,17.350657,1,17.417215
412,32,32,-1,-1,-1,-1,-1,17.295361,1,17.362944
413,32,32,-1,-1,-1,-1,-1,17.243135,1,17.31072
414,32,32,-1,-1,-1,-1,-1,17.236992,1,17.303553
415,32,32,-1,-1,-1,-1,-1,17.250303,1,17.316864
416,32,32,-1,-1,-1,-1,-1,17.264641,1,17.3312
417,32,32,-1,-1,-1,-1,-1,17.247232,1,17.306623
418,32,32,-1,-1,-1,-1,-1,17.229824,1,17.296385
419,32,1040,-1,-1,-1,-1,-1,-1,0,79.195137
420,32,32,-1,-1,-1,-1,-1,17.503231,1,17.569792
421,32,32,-1,-1,-1,-1,-1,17.366016,1,17.432575
422,32,32,-1,-1,-1,-1,-1,17.318913,1,17.364992
423,32,1040,-1,-1,-1,-1,-1,-1,0,79.423485
424,32,32,-1,-1,-1,-1,-1,17.50528,1,17.572865
425,32,32,-1,-1,-1,-1,-1,17.373184,1,17.442816
426,32,32,-1,-1,-1,-1,-1,17.309696,1,17.376257
427,32,32,-1,-1,-1,-1,-1,17.25952,1,17.32608
428,32,32,-1,-1,-1,-1,-1,17.224705,1,17.291264
429,32,32,-1,-1,-1,-1,-1,17.240065,1,17.307648
430,32,32,-1,-1,-1,-1,-1,17.248257,1,17.313791
431,32,32,-1,-1,-1,-1,-1,17.2544,1,17.320959
432,32,32,-1,-1,-1,-1,-1,17.209345,1,17.274879
433,32,32,-1,-1,-1,-1,-1,17.19808,1,17.267712
434,32,32,-1,-1,-1,-1,-1,17.19808,1,17.240065
435,32,32,-1,-1,-1,-1,-1,17.209345,1,17.274879
436,32,32,-1,-1,-1,-1,-1,17.205248,1,17.272833
437,32,32,-1,-1,-1,-1,-1,17.216513,1,17.284096
438,32,32,-1,-1,-1,-1,-1,17.205248,1,17.249281
439,32,32,-1,-1,-1,-1,-1,17.204224,1,17.271809
440,32,32,-1,-1,-1,-1,-1,17.21344,1,17.280001
441,32,32,-1,-1,-1,-1,-1,17.212416,1,17.270784
442,32,32,-1,-1,-1,-1,-1,17.227776,1,17.296385
443,32,32,-1,-1,-1,-1,-1,17.219584,1,17.28512
444,32,32,-1,-1,-1,-1,-1,17.225727,1,17.284096
445,32,32,-1,-1,-1,-1,-1,17.225727,1,17.292288
446,32,32,-1,-1,-1,-1,-1,17.225727,1,17.291264
447,32,32,-1,-1,-1,-1,-1,17.230848,1,17.302528
448,32,32,-1,-1,-1,-1,-1,17.225727,1,17.293312
449,32,32,-1,-1,-1,-1,-1,17.225727,1,17.294336
450,32,32,-1,-1,-1,-1,-1,17.238016,1,17.283072
451,32,32,-1,-1,-1,-1,-1,17.245184,1,17.31072
452,32,32,-1,-1,-1,-1,-1,17.238016,1,17.305599
453,32,32,-1,-1,-1,-1,-1,17.252352,1,17.316864
454,32,32,-1,-1,-1,-1,-1,17.256449,1,17.30048
455,32,32,-1,-1,-1,-1,-1,17.253376,1,17.319937
456,32,32,-1,-1,-1,-1,-1,17.257471,1,17.324032
457,32,32,-1,-1,-1,-1,-1,17.25952,1,17.324032
458,32,32,-1,-1,-1,-1,-1,17.274879,1,17.342464
459,32,32,-1,-1,-1,-1,-1,17.25952,1,17.324032
460,32,32,-1,-1,-1,-1,-1,17.264641,1,17.344513
461,32,32,-1,-1,-1,-1,-1,17.277952,1,17.344513
462,32,32,-1,-1,-1,-1,-1,17.264641,1,17.32608
463,32,32,-1,-1,-1,-1,-1,17.256449,1,17.324032
464,32,32,-1,-1,-1,-1,-1,17.28512,1,17.350657
465,32,32,-1,-1,-1,-1,-1,17.260544,1,17.32608
466,32,32,-1,-1,-1,-1,-1,17.273855,1,17.318913
467,32,32,-1,-1,-1,-1,-1,17.280001,1,17.34656
468,32,32,-1,-1,-1,-1,-1,17.292288,1,17.350657
469,32,32,-1,-1,-1,-1,-1,17.281025,1,17.348608
470,32,32,-1,-1,-1,-1,-1,17.291264,1,17.336321
471,32,32,-1,-1,-1,-1,-1,17.276928,1,17.342464
472,32,32,-1,-1,-1,-1,-1,17.283072,1,17.340416
473,32,32,-1,-1,-1,-1,-1,17.275904,1,17.348608
474,32,32,-1,-1,-1,-1,-1,17.287169,1,17.353727
475,32,32,-1,-1,-1,-1,-1,17.287169,1,17.352703
476,32,32,-1,-1,-1,-1,-1,17.305599,1,17.371136
477,32,32,-1,-1,-1,-1,-1,17.311745,1,17.379328
478,32,32,-1,-1,-1,-1,-1,17.319937,1,17.377279
479,32,32,-1,-1,-1,-1,-1,17.309696,1,17.376257
480,32,32,-1,-1,-1,-1,-1,17.321983,1,17.388544
481,32,32,-1,-1,-1,-1,-1,17.31072,1,17.376257
482,32,32,-1,-1,-1,-1,-1,17.313791,1,17.357824
483,32,32,-1,-1,-1,-1,-1,17.31584,1,17.379328
484,32,32,-1,-1,-1,-1,-1,17.347584,1,17.405952
485,32,32,-1,-1,-1,-1,-1,17.323008,1,17.389568
486,32,1040,-1,-1,-1,-1,-1,-1,0,78.697472
487,32,32,-1,-1,-1,-1,-1,17.567743,1,17.63328
488,32,1039,-1,-1,-1,-1,-1,-1,0,79.685631
489,32,32,-1,-1,-1,-1,-1,17.527807,1,17.592319
490,32,1040,-1,-1,-1,-1,-1,-1,0,80.027649
491,32,32,-1,-1,-1,-1,-1,17.539072,1,17.603584
492,32,32,-1,-1,-1,-1,-1,17.48992,1,17.535999
493,32,32,-1,-1,-1,-1,-1,17.41824,1,17.4848
494,32,32,-1,-1,-1,-1,-1,17.380352,1,17.445889
495,32,32,-1,-1,-1,-1,-1,17.395712,1,17.463297
496,32,1040,-1,-1,-1,-1,-1,-1,0,79.218689
497,32,1040,-1,-1,-1,-1,-1,-1,0,80.563202
498,32,1040,-1,-1,-1,-1,-1,-1,0,81.200127
499,32,32,-1,-1,-1,-1,-1,17.604609,1,17.670143
500,32,1040,-1,-1,-1,-1,-1,-1,0,80.340996
501,32,32,-1,-1,-1,-1,-1,17.605633,1,17.666048
502,32,1040,-1,-1,-1,-1,-1,-1,0,80.610306
503,32,32,-1,-1,-1,-1,-1,17.601536,1,17.669121
504,32,1040,-1,-1,-1,-1,-1,-1,0,79.97747
505,32,2048,-1,-1,-1,-1,-1,-1,0,134.022141
506,32,32,-1,-1,-1,-1,-1,17.560575,1,17.62816
507,32,32,-1,-1,-1,-1,-1,17.463297,1,17.509377
508,32,32,-1,-1,-1,-1,-1,17.386496,1,17.431553
509,32,1040,-1,-1,-1,-1,-1,-1,0,79.287292
510,32,1040,-1,-1,-1,-1,-1,-1,0,81.239037
511,32,32,-1,-1,-1,-1,-1,17.533953,1,17.600512
512,32,1040,-1,-1,-1,-1,-1,-1,0,79.28627
513,32,2048,-1,-1,-1,-1,-1,-1,0,135.329788
514,32,32,-1,-1,-1,-1,-1,17.566719,1,17.639423
515,32,2047,-1,-1,-1,-1,-1,-1,0,133.805054
516,32,32,-1,-1,-1,-1,-1,17.599487,1,17.668097
517,32,2048,-1,-1,-1,-1,-1,-1,0,134.424576
518,32,32,-1,-1,-1,-1,-1,17.607679,1,17.675264
519,32,1040,-1,-1,-1,-1,-1,-1,0,79.711235
520,32,32,-1,-1,-1,-1,-1,17.553408,1,17.618944
521,32,1040,-1,-1,-1,-1,-1,-1,0,80.131073
522,32,32,-1,-1,-1,-1,-1,17.553408,1,17.619968
523,32,32,-1,-1,-1,-1,-1,17.438721,1,17.483776
524,32,32,-1,-1,-1,-1,-1,17.374208,1,17.41824
525,32,32,-1,-1,-1,-1,-1,17.342464,1,17.408001
526,32,32,-1,-1,-1,-1,-1,17.31072,1,17.378304
527,32,32,-1,-1,-1,-1,-1,17.319937,1,17.363968
528,32,2047,-1,-1,-1,-1,-1,-1,0,132.784134
529,32,32,-1,-1,-1,-1,-1,17.523712,1,17.591295
530,32,32,-1,-1,-1,-1,-1,17.429504,1,17.498112
531,32,1040,-1,-1,-1,-1,-1,-1,0,79.511551
532,32,32,-1,-1,-1,-1,-1,17.4848,1,17.552383
533,32,32,-1,-1,-1,-1,-1,17.371136,1,17.438721
534,32,32,-1,-1,-1,-1,-1,17.31584,1,17.383425
535,32,1040,-1,-1,-1,-1,-1,-1,0,79.55661
536,32,32,-1,-1,-1,-1,-1,17.507328,1,17.572865
537,32,32,-1,-1,-1,-1,-1,17.391617,1,17.458176
538,32,2048,-1,-1,-1,-1,-1,-1,0,132.799484
539,32,32,-1,-1,-1,-1,-1,17.524736,1,17.568768
540,32,32,-1,-1,-1,-1,-1,17.423361,1,17.467392
541,32,2048,-1,-1,-1,-1,-1,-1,0,133.237762
542,32,32,-1,-1,-1,-1,-1,17.487871,1,17.554432
543,32,32,-1,-1,-1,-1,-1,17.392639,1,17.441792
544,32,2048,-1,-1,-1,-1,-1,-1,0,133.376007
545,32,32,-1,-1,-1,-1,-1,17.471489,1,17.540096
546,32,32,-1,-1,-1,-1,-1,17.384447,1,17.453056
547,32,32,-1,-1,-1,-1,-1,17.305599,1,17.374208
548,32,32,-1,-1,-1,-1,-1,17.284096,1,17.351681
549,32,32,-1,-1,-1,-1,-1,17.248257,1,17.314816
550,32,32,-1,-1,-1,-1,-1,17.245184,1,17.312769
551,32,32,-1,-1,-1,-1,-1,17.255424,1,17.321983
552,32,32,-1,-1,-1,-1,-1,17.242111,1,17.307648
553,32,32,-1,-1,-1,-1,-1,17.191936,1,17.258495
554,32,32,-1,-1,-1,-1,-1,17.19808,1,17.264641
555,32,32,-1,-1,-1,-1,-1,17.207296,1,17.251328
556,32,32,-1,-1,-1,-1,-1,17.202175,1,17.247232
557,32,32,-1,-1,-1,-1,-1,17.207296,1,17.272833
558,32,32,-1,-1,-1,-1,-1,17.220608,1,17.28512
559,32,32,-1,-1,-1,-1,-1,17.225727,1,17.272833
560,32,32,-1,-1,-1,-1,-1,17.222656,1,17.289215
561,32,32,-1,-1,-1,-1,-1,17.230848,1,17.297407
562,32,32,-1,-1,-1,-1,-1,17.217537,1,17.281025
563,32,32,-1,-1,-1,-1,-1,17.219584,1,17.286144
564,32,32,-1,-1,-1,-1,-1,17.209345,1,17.276928
565,32,32,-1,-1,-1,-1,-1,17.202175,1,17.268736
566,32,32,-1,-1,-1,-1,-1,17.22368,1,17.290239
567,32,32,-1,-1,-1,-1,-1,17.201153,1,17.267712
568,32,32,-1,-1,-1,-1,-1,17.226751,1,17.290239
569,32,32,-1,-1,-1,-1,-1,17.227776,1,17.294336
570,32,32,-1,-1,-1,-1,-1,17.22368,1,17.288193
571,32,32,-1,-1,-1,-1,-1,17.220608,1,17.265663
572,32,32,-1,-1,-1,-1,-1,17.241089,1,17.28512
573,32,32,-1,-1,-1,-1,-1,17.245184,1,17.311745
574,32,32,-1,-1,-1,-1,-1,17.236992,1,17.302528
575,32,32,-1,-1,-1,-1,-1,17.22368,1,17.268736
576,32,32,-1,-1,-1,-1,-1,17.241089,1,17.30048
577,32,32,-1,-1,-1,-1,-1,17.242111,1,17.309696
578,32,32,-1,-1,-1,-1,-1,17.233919,1,17.298431
579,32,32,-1,-1,-1,-1,-1,17.264641,1,17.330175
580,32,32,-1,-1,-1,-1,-1,17.252352,1,17.320959
581,32,32,-1,-1,-1,-1,-1,17.260544,1,17.32608
582,32,32,-1,-1,-1,-1,-1,17.260544,1,17.327105
583,32,32,-1,-1,-1,-1,-1,17.263617,1,17.332224
584,32,32,-1,-1,-1,-1,-1,17.266687,1,17.335297
585,32,32,-1,-1,-1,-1,-1,17.266687,1,17.334272
586,32,32,-1,-1,-1,-1,-1,17.265663,1,17.334272
587,32,32,-1,-1,-1,-1,-1,17.265663,1,17.309696
588,32,32,-1,-1,-1,-1,-1,17.278976,1,17.323008
589,32,32,-1,-1,-1,-1,-1,17.26976,1,17.337343
590,32,32,-1,-1,-1,-1,-1,17.282047,1,17.345535
591,32,32,-1,-1,-1,-1,-1,17.280001,1,17.325056
592,32,32,-1,-1,-1,-1,-1,17.271809,1,17.338367
593,32,32,-1,-1,-1,-1,-1,17.278976,1,17.347584
594,32,32,-1,-1,-1,-1,-1,17.297407,1,17.362944
595,32,32,-1,-1,-1,-1,-1,17.28512,1,17.352703
596,32,32,-1,-1,-1,-1,-1,17.307648,1,17.375233
597,32,32,-1,-1,-1,-1,-1,17.302528,1,17.367041
598,32,32,-1,-1,-1,-1,-1,17.302528,1,17.369087
599,32,32,-1,-1,-1,-1,-1,17.290239,1,17.3568
600,32,1039,-1,-1,-1,-1,-1,-1,0,79.075325
601,32,32,-1,-1,-1,-1,-1,17.569792,1,17.636353
602,32,32,-1,-1,-1,-1,-1,17.458176,1,17.532928
603,32,32,-1,-1,-1,-1,-1,17.394688,1,17.439745
604,32,32,-1,-1,-1,-1,-1,17.347584,1,17.391617
605,32,32,-1,-1,-1,-1,-1,17.351681,1,17.41824
606,32,32,-1,-1,-1,-1,-1,17.358849,1,17.427456
607,32,32,-1,-1,-1,-1,-1,17.358849,1,17.403904
608,32,32,-1,-1,-1,-1,-1,17.314816,1,17.383425
609,32,32,-1,-1,-1,-1,-1,17.335297,1,17.401855
610,32,32,-1,-1,-1,-1,-1,17.332224,1,17.398785
611,32,1040,-1,-1,-1,-1,-1,-1,0,79.506432
612,32,32,-1,-1,-1,-1,-1,17.57184,1,17.640448
613,32,32,-1,-1,-1,-1,-1,17.476608,1,17.542145
614,32,32,-1,-1,-1,-1,-1,17.436672,1,17.528831
615,32,32,-1,-1,-1,-1,-1,17.378304,1,17.44384
616,32,32,-1,-1,-1,-1,-1,17.369087,1,17.436672
617,32,32,-1,-1,-1,-1,-1,17.388544,1,17.455105
618,32,32,-1,-1,-1,-1,-1,17.391617,1,17.460224
619,32,2047,-1,-1,-1,-1,-1,-1,0,133.347321
620,32,32,-1,-1,-1,-1,-1,17.646591,1,17.714176
621,32,32,-1,-1,-1,-1,-1,17.645569,1,17.714176
622,32,32,-1,-1,-1,-1,-1,17.64864,1,17.716225
623,32,32,-1,-1,-1,-1,-1,17.655807,1,17.70496
624,32,32,-1,-1,-1,-1,-1,17.50528,1,17.570816
625,32,32,-1,-1,-1,-1,-1,17.379328,1,17.444864
626,32,32,-1,-1,-1,-1,-1,17.417215,1,17.482752
627,32,2048,-1,-1,-1,-1,-1,-1,0,132.893692
628,32,32,-1,-1,-1,-1,-1,17.594368,1,17.660929
629,32,32,-1,-1,-1,-1,-1,17.475584,1,17.534975
630,32,1040,-1,-1,-1,-1,-1,-1,0,79.559677
631,32,2047,-1,-1,-1,-1,-1,-1,0,135.611389
632,32,1040,-1,-1,-1,-1,-1,-1,0,81.5616
633,32,1040,-1,-1,-1,-1,-1,-1,0,81.175552
634,32,2048,-1,-1,-1,-1,-1,-1,0,134.407166
635,32,3056,-1,-1,-1,-1,-1,-1,0,196.318207
636,32,32,-1,-1,-1,-1,-1,17.533953,1,17.601536
637,32,32,-1,-1,-1,-1,-1,17.438721,1,17.506304
638,32,32,-1,-1,-1,-1,-1,17.335297,1,17.383425
639,32,1040,-1,-1,-1,-1,-1,-1,0,79.38765
640,32,1040,-1,-1,-1,-1,-1,-1,0,81.147903
641,32,4064,-1,-1,-1,-1,-1,-1,0,255.510529
642,32,32,-1,-1,-1,-1,-1,17.543167,1,17.588224
643,32,32,-1,-1,-1,-1,-1,17.381376,1,17.449984
644,32,32,-1,-1,-1,-1,-1,17.314816,1,17.369087
645,32,32,-1,-1,-1,-1,-1,17.274879,1,17.320959
646,32,1040,-1,-1,-1,-1,-1,-1,0,79.044609
647,32,32,-1,-1,-1,-1,-1,17.478657,1,17.545216
648,32,32,-1,-1,-1,-1,-1,17.364992,1,17.437696
649,32,32,-1,-1,-1,-1,-1,17.319937,1,17.386496
650,32,32,-1,-1,-1,-1,-1,17.260544,1,17.328129
651,32,32,-1,-1,-1,-1,-1,17.266687,1,17.333248
652,32,32,-1,-1,-1,-1,-1,17.267712,1,17.32608
653,32,32,-1,-1,-1,-1,-1,17.283072,1,17.350657
654,32,32,-1,-1,-1,-1,-1,17.252352,1,17.298431
655,32,1040,-1,-1,-1,-1,-1,-1,0,79.583229
656,32,32,-1,-1,-1,-1,-1,17.554432,1,17.622017
657,32,32,-1,-1,-1,-1,-1,17.479679,1,17.540096
658,32,32,-1,-1,-1,-1,-1,17.389568,1,17.434624
659,32,32,-1,-1,-1,-1,-1,17.320959,1,17.380352
660,32,32,-1,-1,-1,-1,-1,17.307648,1,17.352703
661,32,32,-1,-1,-1,-1,-1,17.302528,1,17.347584
662,32,32,-1,-1,-1,-1,-1,17.282047,1,17.349632
663,32,1040,-1,-1,-1,-1,-1,-1,0,79.037437
664,32,3056,-1,-1,-1,-1,-1,-1,0,195.546112
665,32,32,-1,-1,-1,-1,-1,17.57184,1,17.640448
666,32,2047,-1,-1,-1,-1,-1,-1,0,133.686279
667,32,1040,-1,-1,-1,-1,-1,-1,0,81.099777
668,32,32,-1,-1,-1,-1,-1,17.439745,1,17.507328
669,32,32,-1,-1,-1,-1,-1,17.352703,1,17.420288
670,32,32,-1,-1,-1,-1,-1,17.307648,1,17.353727
671,32,32,-1,-1,-1,-1,-1,17.258495,1,17.325056
672,32,32,-1,-1,-1,-1,-1,17.267712,1,17.332224
673,32,32,-1,-1,-1,-1,-1,17.2544,1,17.320959
674,32,32,-1,-1,-1,-1,-1,17.267712,1,17.312769
675,32,32,-1,-1,-1,-1,-1,17.218559,1,17.283072
676,32,32,-1,-1,-1,-1,-1,17.224705,1,17.268736
677,32,32,-1,-1,-1,-1,-1,17.21344,1,17.255424
678,32,32,-1,-1,-1,-1,-1,17.206272,1,17.273855
679,32,32,-1,-1,-1,-1,-1,17.212416,1,17.276928
680,32,32,-1,-1,-1,-1,-1,17.225727,1,17.292288
681,32,32,-1,-1,-1,-1,-1,17.214464,1,17.290239
682,32,32,-1,-1,-1,-1,-1,17.219584,1,17.287169
683,32,32,-1,-1,-1,-1,-1,17.242111,1,17.309696
684,32,1040,-1,-1,-1,-1,-1,-1,0,78.964737
685,32,32,-1,-1,-1,-1,-1,17.473536,1,17.517569
686,32,32,-1,-1,-1,-1,-1,17.374208,1,17.420288
687,32,32,-1,-1,-1,-1,-1,17.306623,1,17.374208
688,32,32,-1,-1,-1,-1,-1,17.278976,1,17.34656
689,32,32,-1,-1,-1,-1,-1,17.28512,1,17.353727
690,32,32,-1,-1,-1,-1,-1,17.278976,1,17.325056
691,32,32,-1,-1,-1,-1,-1,17.266687,1,17.334272
692,32,32,-1,-1,-1,-1,-1,17.233919,1,17.276928
693,32,32,-1,-1,-1,-1,-1,17.222656,1,17.266687
694,32,32,-1,-1,-1,-1,-1,17.234943,1,17.314816
695,32,32,-1,-1,-1,-1,-1,17.229824,1,17.297407
696,32,32,-1,-1,-1,-1,-1,17.232897,1,17.299456
697,32,32,-1,-1,-1,-1,-1,17.231873,1,17.299456
698,32,32,-1,-1,-1,-1,-1,17.236992,1,17.302528
699,32,32,-1,-1,-1,-1,-1,17.236992,1,17.303553
700,32,32,-1,-1,-1,-1,-1,17.249281,1,17.317888
701,32,32,-1,-1,-1,-1,-1,17.2544,1,17.298431
702,32,32,-1,-1,-1,-1,-1,17.253376,1,17.298431
703,32,32,-1,-1,-1,-1,-1,17.240065,1,17.308672
704,32,32,-1,-1,-1,-1,-1,17.253376,1,17.317888
705,32,32,-1,-1,-1,-1,-1,17.247232,1,17.313791
706,32,32,-1,-1,-1,-1,-1,17.261568,1,17.305599
707,32,32,-1,-1,-1,-1,-1,17.268736,1,17.334272
708,32,32,-1,-1,-1,-1,-1,17.274879,1,17.318913
709,32,32,-1,-1,-1,-1,-1,17.275904,1,17.320959
710,32,32,-1,-1,-1,-1,-1,17.272833,1,17.3312
711,32,32,-1,-1,-1,-1,-1,17.265663,1,17.332224
712,32,32,-1,-1,-1,-1,-1,17.275904,1,17.342464
713,32,32,-1,-1,-1,-1,-1,17.267712,1,17.333248
714,32,32,-1,-1,-1,-1,-1,17.290239,1,17.354752
715,32,32,-1,-1,-1,-1,-1,17.287169,1,17.353727
716,32,32,-1,-1,-1,-1,-1,17.294336,1,17.359873
717,32,32,-1,-1,-1,-1,-1,17.289215,1,17.334272
718,32,32,-1,-1,-1,-1,-1,17.297407,1,17.34144
719,32,32,-1,-1,-1,-1,-1,17.299456,1,17.361919
720,32,32,-1,-1,-1,-1,-1,17.290239,1,17.355776
721,32,32,-1,-1,-1,-1,-1,17.304577,1,17.370111
722,32,32,-1,-1,-1,-1,-1,17.301504,1,17.345535
723,32,32,-1,-1,-1,-1,-1,17.292288,1,17.3568
724,32,32,-1,-1,-1,-1,-1,17.302528,1,17.34656
725,32,32,-1,-1,-1,-1,-1,17.297407,1,17.342464
726,32,32,-1,-1,-1,-1,-1,17.314816,1,17.381376
727,32,32,-1,-1,-1,-1,-1,17.31584,1,17.383425
728,32,32,-1,-1,-1,-1,-1,17.305599,1,17.362944
729,32,32,-1,-1,-1,-1,-1,17.325056,1,17.401855
730,32,32,-1,-1,-1,-1,-1,17.320959,1,17.388544
731,32,32,-1,-1,-1,-1,-1,17.318913,1,17.385471
732,32,32,-1,-1,-1,-1,-1,17.336321,1,17.401855
733,32,32,-1,-1,-1,-1,-1,17.351681,1,17.395712
734,32,32,-1,-1,-1,-1,-1,17.337343,1,17.382401
735,32,1040,-1,-1,-1,-1,-1,-1,0,79.110146
736,32,32,-1,-1,-1,-1,-1,17.632256,1,17.699841
737,32,32,-1,-1,-1,-1,-1,17.524736,1,17.584127
738,32,32,-1,-1,-1,-1,-1,17.465343,1,17.510401
739,32,32,-1,-1,-1,-1,-1,17.410048,1,17.46944
740,32,1039,-1,-1,-1,-1,-1,-1,0,79.34259
741,32,32,-1,-1,-1,-1,-1,17.5872,1,17.651712
742,32,32,-1,-1,-1,-1,-1,17.480703,1,17.549313
743,32,32,-1,-1,-1,-1,-1,17.429504,1,17.488895
744,32,32,-1,-1,-1,-1,-1,17.392639,1,17.462273
745,32,1040,-1,-1,-1,-1,-1,-1,0,79.310844
746,32,32,-1,-1,-1,-1,-1,17.640448,1,17.709057
747,32,1040,-1,-1,-1,-1,-1,-1,0,79.805443
748,32,1040,-1,-1,-1,-1,-1,-1,0,80.530434
749,32,1039,-1,-1,-1,-1,-1,-1,0,80.454659
750,32,32,-1,-1,-1,-1,-1,17.555456,1,17.620993
751,32,1040,-1,-1,-1,-1,-1,-1,0,79.696899
752,32,32,-1,-1,-1,-1,-1,17.599487,1,17.666048
753,32,1039,-1,-1,-1,-1,-1,-1,0,80.089088
754,32,32,-1,-1,-1,-1,-1,17.592319,1,17.65888
755,32,32,-1,-1,-1,-1,-1,17.503231,1,17.549313
756,32,1040,-1,-1,-1,-1,-1,-1,0,79.945724
757,32,32,-1,-1,-1,-1,-1,17.560575,1,17.627136
758,32,32,-1,-1,-1,-1,-1,17.47456,1,17.540096
759,32,32,-1,-1,-1,-1,-1,17.38752,1,17.454081
760,32,1040,-1,-1,-1,-1,-1,-1,0,79.172607
761,32,1040,-1,-1,-1,-1,-1,-1,0,81.004547
762,32,1040,-1,-1,-1,-1,-1,-1,0,80.331779
763,32,1040,-1,-1,-1,-1,-1,-1,0,80.441345
764,32,32,-1,-1,-1,-1,-1,17.548288,1,17.616896
765,32,2048,-1,-1,-1,-1,-1,-1,0,134.328323
766,32,32,-1,-1,-1,-1,-1,17.622017,1,17.679359
767,32,32,-1,-1,-1,-1,-1,17.466368,1,17.534975
768,32,32,-1,-1,-1,-1,-1,17.403904,1,17.472511
769,32,2048,-1,-1,-1,-1,-1,-1,0,134.040573
770,32,32,-1,-1,-1,-1,-1,17.681408,1,17.750015
771,32,1040,-1,-1,-1,-1,-1,-1,0,79.958015
772,32,32,-1,-1,-1,-1,-1,17.554432,1,17.620993
773,32,32,-1,-1,-1,-1,-1,17.427456,1,17.494017
774,32,32,-1,-1,-1,-1,-1,17.382401,1,17.448959
775,32,1040,-1,-1,-1,-1,-1,-1,0,79.561729
776,32,2048,-1,-1,-1,-1,-1,-1,0,134.367233
777,32,2048,-1,-1,-1,-1,-1,-1,0,134.33754
778,32,32,-1,-1,-1,-1,-1,17.479679,1,17.547264
779,32,32,-1,-1,-1,-1,-1,17.373184,1,17.441792
780,32,1039,-1,-1,-1,-1,-1,-1,0,79.407104
781,32,32,-1,-1,-1,-1,-1,17.470465,1,17.545216
782,32,32,-1,-1,-1,-1,-1,17.371136,1,17.437696
783,32,32,-1,-1,-1,-1,-1,17.307648,1,17.375233
784,32,32,-1,-1,-1,-1,-1,17.260544,1,17.307648
785,32,1040,-1,-1,-1,-1,-1,-1,0,79.716354
786,32,32,-1,-1,-1,-1,-1,17.586176,1,17.645569
787,32,32,-1,-1,-1,-1,-1,17.464319,1,17.531904
788,32,1040,-1,-1,-1,-1,-1,-1,0,79.687683
789,32,1040,-1,-1,-1,-1,-1,-1,0,80.608253
790,32,2048,-1,-1,-1,-1,-1,-1,0,135.666687
791,32,32,-1,-1,-1,-1,-1,17.522688,1,17.589249
792,32,1040,-1,-1,-1,-1,-1,-1,0,79.939583
793,32,32,-1,-1,-1,-1,-1,17.517569,1,17.579008
794,32,32,-1,-1,-1,-1,-1,17.400831,1,17.468416
795,32,32,-1,-1,-1,-1,-1,17.3312,1,17.398785
796,32,1039,-1,-1,-1,-1,-1,-1,0,79.396866
797,32,32,-1,-1,-1,-1,-1,17.446913,1,17.512447
798,32,32,-1,-1,-1,-1,-1,17.313791,1,17.382401
799,32,32,-1,-1,-1,-1,-1,17.267712,1,17.334272
800,32,32,-1,-1,-1,-1,-1,17.253376,1,17.298431
801,32,32,-1,-1,-1,-1,-1,17.262592,1,17.329151
802,32,32,-1,-1,-1,-1,-1,17.2544,1,17.319937
803,32,32,-1,-1,-1,-1,-1,17.231873,1,17.297407
804,32,32,-1,-1,-1,-1,-1,17.214464,1,17.281025
805,32,32,-1,-1,-1,-1,-1,17.205248,1,17.270784
806,32,32,-1,-1,-1,-1,-1,17.201153,1,17.267712
807,32,32,-1,-1,-1,-1,-1,17.203199,1,17.268736
808,32,32,-1,-1,-1,-1,-1,17.221632,1,17.288193
809,32,32,-1,-1,-1,-1,-1,17.207296,1,17.272833
810,32,32,-1,-1,-1,-1,-1,17.205248,1,17.270784
811,32,32,-1,-1,-1,-1,-1,17.216513,1,17.283072
812,32,32,-1,-1,-1,-1,-1,17.220608,1,17.286144
813,32,1040,-1,-1,-1,-1,-1,-1,0,79.147011
814,32,32,-1,-1,-1,-1,-1,17.51552,1,17.574911
815,32,32,-1,-1,-1,-1,-1,17.363968,1,17.432575
816,32,32,-1,-1,-1,-1,-1,17.321983,1,17.368065
817,32,32,-1,-1,-1,-1,-1,17.251328,1,17.318913
818,32,32,-1,-1,-1,-1,-1,17.274879,1,17.34144
819,32,32,-1,-1,-1,-1,-1,17.267712,1,17.336321
820,32,32,-1,-1,-1,-1,-1,17.277952,1,17.345535
821,32,32,-1,-1,-1,-1,-1,17.236992,1,17.296385
822,32,32,-1,-1,-1,-1,-1,17.217537,1,17.28512
823,32,32,-1,-1,-1,-1,-1,17.235968,1,17.293312
824,32,32,-1,-1,-1,-1,-1,17.235968,1,17.302528
825,32,32,-1,-1,-1,-1,-1,17.235968,1,17.304577
826,32,32,-1,-1,-1,-1,-1,17.253376,1,17.319937
827,32,32,-1,-1,-1,-1,-1,17.255424,1,17.323008
828,32,32,-1,-1,-1,-1,-1,17.258495,1,17.32608
829,32,32,-1,-1,-1,-1,-1,17.263617,1,17.3312
830,32,32,-1,-1,-1,-1,-1,17.263617,1,17.332224
831,32,32,-1,-1,-1,-1,-1,17.255424,1,17.323008
832,32,32,-1,-1,-1,-1,-1,17.263617,1,17.308672
833,32,32,-1,-1,-1,-1,-1,17.264641,1,17.332224
834,32,32,-1,-1,-1,-1,-1,17.260544,1,17.321983
835,32,32,-1,-1,-1,-1,-1,17.270784,1,17.347584
836,32,32,-1,-1,-1,-1,-1,17.256449,1,17.32608
837,32,32,-1,-1,-1,-1,-1,17.2544,1,17.313791
838,32,32,-1,-1,-1,-1,-1,17.253376,1,17.321983
839,32,32,-1,-1,-1,-1,-1,17.26976,1,17.334272
840,32,32,-1,-1,-1,-1,-1,17.274879,1,17.351681
841,32,32,-1,-1,-1,-1,-1,17.282047,1,17.350657
842,32,32,-1,-1,-1,-1,-1,17.276928,1,17.344513
843,32,32,-1,-1,-1,-1,-1,17.295361,1,17.361919
844,32,32,-1,-1,-1,-1,-1,17.298431,1,17.367041
845,32,32,-1,-1,-1,-1,-1,17.275904,1,17.344513
846,32,32,-1,-1,-1,-1,-1,17.292288,1,17.359873
847,32,32,-1,-1,-1,-1,-1,17.294336,1,17.361919
848,32,32,-1,-1,-1,-1,-1,17.297407,1,17.34144
849,32,32,-1,-1,-1,-1,-1,17.296385,1,17.362944
850,32,32,-1,-1,-1,-1,-1,17.299456,1,17.366016
851,32,32,-1,-1,-1,-1,-1,17.303553,1,17.368065
852,32,32,-1,-1,-1,-1,-1,17.30048,1,17.368065
853,32,32,-1,-1,-1,-1,-1,17.307648,1,17.374208
854,32,32,-1,-1,-1,-1,-1,17.304577,1,17.370111
855,32,32,-1,-1,-1,-1,-1,17.303553,1,17.369087
856,32,32,-1,-1,-1,-1,-1,17.312769,1,17.380352
857,32,32,-1,-1,-1,-1,-1,17.306623,1,17.373184
858,32,1040,-1,-1,-1,-1,-1,-1,0,78.982147
859,32,32,-1,-1,-1,-1,-1,17.611776,1,17.670143
860,32,32,-1,-1,-1,-1,-1,17.495041,1,17.5616
861,32,32,-1,-1,-1,-1,-1,17.435648,1,17.495041
862,32,32,-1,-1,-1,-1,-1,17.382401,1,17.448959
863,32,32,-1,-1,-1,-1,-1,17.370111,1,17.436672
864,32,32,-1,-1,-1,-1,-1,17.386496,1,17.432575
865,32,1040,-1,-1,-1,-1,-1,-1,0,79.346687
866,32,32,-1,-1,-1,-1,-1,17.551359,1,17.618944
867,32,32,-1,-1,-1,-1,-1,17.506304,1,17.566719
868,32,2048,-1,-1,-1,-1,-1,-1,0,133.787643
869,32,32,-1,-1,-1,-1,-1,17.64864,1,17.7152
870,32,2048,-1,-1,-1,-1,-1,-1,0,132.353027
871,32,32,-1,-1,-1,-1,-1,17.636353,1,17.695744
872,32,32,-1,-1,-1,-1,-1,17.50016,1,17.568768
873,32,32,-1,-1,-1,-1,-1,17.398785,1,17.4592
874,32,32,-1,-1,-1,-1,-1,17.344513,1,17.412096
875,32,1040,-1,-1,-1,-1,-1,-1,0,78.992386
876,32,1040,-1,-1,-1,-1,-1,-1,0,80.915459
877,32,32,-1,-1,-1,-1,-1,17.572865,1,17.632256
878,32,1039,-1,-1,-1,-1,-1,-1,0,79.880196
879,32,1040,-1,-1,-1,-1,-1,-1,0,81.422333
880,32,1040,-1,-1,-1,-1,-1,-1,0,82.029572
881,32,32,-1,-1,-1,-1,-1,17.568768,1,17.635328
882,32,32,-1,-1,-1,-1,-1,17.442816,1,17.48992
883,32,32,-1,-1,-1,-1,-1,17.404928,1,17.472511
884,32,32,-1,-1,-1,-1,-1,17.344513,1,17.412096
885,32,32,-1,-1,-1,-1,-1,17.335297,1,17.400831
886,32,32,-1,-1,-1,-1,-1,17.329151,1,17.396736
887,32,1040,-1,-1,-1,-1,-1,-1,0,79.133698
888,32,1039,-1,-1,-1,-1,-1,-1,0,80.638977
889,32,1039,-1,-1,-1,-1,-1,-1,0,81.811455
890,32,32,-1,-1,-1,-1,-1,17.506304,1,17.57696
891,32,2048,-1,-1,-1,-1,-1,-1,0,134.284286
892,32,32,-1,-1,-1,-1,-1,17.570816,1,17.637377
893,32,3056,-1,-1,-1,-1,-1,-1,0,195.418106
894,32,32,-1,-1,-1,-1,-1,17.589249,1,17.634304
895,32,32,-1,-1,-1,-1,-1,17.456127,1,17.524736
896,32,32,-1,-1,-1,-1,-1,17.367041,1,17.434624
897,32,1040,-1,-1,-1,-1,-1,-1,0,79.431679
898,32,1040,-1,-1,-1,-1,-1,-1,0,81.773567
899,32,32,-1,-1,-1,-1,-1,17.53088,1,17.574911
900,32,1039,-1,-1,-1,-1,-1,-1,0,79.682564
901,32,32,-1,-1,-1,-1,-1,17.467392,1,17.534975
902,32,32,-1,-1,-1,-1,-1,17.383425,1,17.452032
903,32,32,-1,-1,-1,-1,-1,17.328129,1,17.394688
904,32,32,-1,-1,-1,-1,-1,17.289215,1,17.354752
905,32,32,-1,-1,-1,-1,-1,17.301504,1,17.374208
906,32,1040,-1,-1,-1,-1,-1,-1,0,79.32621
907,32,32,-1,-1,-1,-1,-1,17.540096,1,17.605633
908,32,1040,-1,-1,-1,-1,-1,-1,0,80.304131
909,32,1039,-1,-1,-1,-1,-1,-1,0,80.833534
910,32,32,-1,-1,-1,-1,-1,17.491968,1,17.550337
911,32,2048,-1,-1,-1,-1,-1,-1,0,134.105087
912,32,32,-1,-1,-1,-1,-1,17.551359,1,17.620993
913,32,32,-1,-1,-1,-1,-1,17.376257,1,17.441792
914,32,32,-1,-1,-1,-1,-1,17.309696,1,17.375233
915,32,32,-1,-1,-1,-1,-1,17.271809,1,17.31584
916,32,32,-1,-1,-1,-1,-1,17.281025,1,17.347584
917,32,32,-1,-1,-1,-1,-1,17.268736,1,17.336321
918,32,32,-1,-1,-1,-1,-1,17.293312,1,17.360895
919,32,32,-1,-1,-1,-1,-1,17.265663,1,17.332224
920,32,32,-1,-1,-1,-1,-1,17.271809,1,17.339392
921,32,2032,-1,-1,-1,-1,-1,-1,0,133.281799
922,32,32,-1,-1,-1,-1,-1,17.568768,1,17.637377
923,32,32,-1,-1,-1,-1,-1,17.454081,1,17.514496
924,32,1040,-1,-1,-1,-1,-1,-1,0,79.986687
925,32,32,-1,-1,-1,-1,-1,17.539072,1,17.614847
926,32,32,-1,-1,-1,-1,-1,17.361919,1,17.42848
927,32,32,-1,-1,-1,-1,-1,17.324032,1,17.390593
928,32,32,-1,-1,-1,-1,-1,17.258495,1,17.316864
929,32,32,-1,-1,-1,-1,-1,17.25952,1,17.32608
930,32,32,-1,-1,-1,-1,-1,17.271809,1,17.339392
931,32,32,-1,-1,-1,-1,-1,17.278976,1,17.324032
932,32,1040,-1,-1,-1,-1,-1,-1,0,79.265793
933,32,32,-1,-1,-1,-1,-1,17.483776,1,17.550337
934,32,32,-1,-1,-1,-1,-1,17.379328,1,17.447935
935,32,32,-1,-1,-1,-1,-1,17.333248,1,17.399809
936,32,32,-1,-1,-1,-1,-1,17.292288,1,17.338367
937,32,1040,-1,-1,-1,-1,-1,-1,0,79.25248
938,32,32,-1,-1,-1,-1,-1,17.525761,1,17.585152
939,32,32,-1,-1,-1,-1,-1,17.398785,1,17.4592
940,32,32,-1,-1,-1,-1,-1,17.377279,1,17.445889
941,32,32,-1,-1,-1,-1,-1,17.314816,1,17.374208
942,32,32,-1,-1,-1,-1,-1,17.291264,1,17.358849
943,32,32,-1,-1,-1,-1,-1,17.283072,1,17.351681
944,32,32,-1,-1,-1,-1,-1,17.303553,1,17.368065
945,32,32,-1,-1,-1,-1,-1,17.293312,1,17.351681
946,32,32,-1,-1,-1,-1,-1,17.25952,1,17.323008
947,32,32,-1,-1,-1,-1,-1,17.241089,1,17.28512
948,32,32,-1,-1,-1,-1,-1,17.233919,1,17.299456
949,32,32,-1,-1,-1,-1,-1,17.24416,1,17.308672
950,32,32,-1,-1,-1,-1,-1,17.250303,1,17.316864
951,32,32,-1,-1,-1,-1,-1,17.255424,1,17.318913
952,32,32,-1,-1,-1,-1,-1,17.243135,1,17.287169
953,32,32,-1,-1,-1,-1,-1,17.250303,1,17.317888
954,32,32,-1,-1,-1,-1,-1,17.243135,1,17.31072
955,32,32,-1,-1,-1,-1,-1,17.256449,1,17.323008
956,32,32,-1,-1,-1,-1,-1,17.252352,1,17.31072
957,32,32,-1,-1,-1,-1,-1,17.256449,1,17.320959
958,32,32,-1,-1,-1,-1,-1,17.255424,1,17.320959
959,32,32,-1,-1,-1,-1,-1,17.249281,1,17.31584
960,32,32,-1,-1,-1,-1,-1,17.266687,1,17.333248
961,32,32,-1,-1,-1,-1,-1,17.255424,1,17.319937
962,32,32,-1,-1,-1,-1,-1,17.268736,1,17.335297
963,32,32,-1,-1,-1,-1,-1,17.273855,1,17.316864
964,32,32,-1,-1,-1,-1,-1,17.261568,1,17.329151
965,32,32,-1,-1,-1,-1,-1,17.275904,1,17.34144
966,32,32,-1,-1,-1,-1,-1,17.275904,1,17.34144
967,32,32,-1,-1,-1,-1,-1,17.284096,1,17.350657
968,32,32,-1,-1,-1,-1,-1,17.270784,1,17.31584
969,32,32,-1,-1,-1,-1,-1,17.283072,1,17.349632
970,32,32,-1,-1,-1,-1,-1,17.280001,1,17.34656
971,32,32,-1,-1,-1,-1,-1,17.294336,1,17.360895
972,32,32,-1,-1,-1,-1,-1,17.282047,1,17.348608
973,32,32,-1,-1,-1,-1,-1,17.292288,1,17.358849
974,32,32,-1,-1,-1,-1,-1,17.295361,1,17.358849
975,32,32,-1,-1,-1,-1,-1,17.301504,1,17.366016
976,32,32,-1,-1,-1,-1,-1,17.298431,1,17.363968
977,32,32,-1,-1,-1,-1,-1,17.303553,1,17.381376
978,32,32,-1,-1,-1,-1,-1,17.297407,1,17.361919
979,32,32,-1,-1,-1,-1,-1,17.303553,1,17.348608
980,32,32,-1,-1,-1,-1,-1,17.319937,1,17.386496
981,32,1040,-1,-1,-1,-1,-1,-1,0,78.94323
982,32,2048,-1,-1,-1,-1,-1,-1,0,134.364166
983,32,32,-1,-1,-1,-1,-1,17.5616,1,17.630207
984,32,1040,-1,-1,-1,-1,-1,-1,0,80.363518
985,32,32,-1,-1,-1,-1,-1,17.584127,1,17.651712
986,32,32,-1,-1,-1,-1,-1,17.470465,1,17.539072
987,32,32,-1,-1,-1,-1,-1,17.426432,1,17.494017
988,32,32,-1,-1,-1,-1,-1,17.404928,1,17.471489
989,32,32,-1,-1,-1,-1,-1,17.350657,1,17.416191
990,32,32,-1,-1,-1,-1,-1,17.361919,1,17.42848
991,32,2048,-1,-1,-1,-1,-1,-1,0,133.534714
992,32,32,-1,-1,-1,-1,-1,17.650688,1,17.716225
993,32,32,-1,-1,-1,-1,-1,17.464319,1,17.532928
994,32,1040,-1,-1,-1,-1,-1,-1,0,79.400963
995,32,32,-1,-1,-1,-1,-1,17.615871,1,17.659904
996,32,32,-1,-1,-1,-1,-1,17.44384,1,17.508352
997,32,32,-1,-1,-1,-1,-1,17.406977,1,17.47456
998,32,1040,-1,-1,-1,-1,-1,-1,0,79.265793
999,32,32,-1,-1,-1,-1,-1,17.582081,1,17.646591
1000,32,32,-1,-1,-1,-1,-1,17.486849,1,17.547264
1001,32,32,-1,-1,-1,-1,-1,17.42848,1,17.496063
1002,32,2048,-1,-1,-1,-1,-1,-1,0,133.769211
1003,32,1040,-1,-1,-1,-1,-1,-1,0,81.717247
1004,32,32,-1,-1,-1,-1,-1,17.559551,1,17.627136
1005,32,1040,-1,-1,-1,-1,-1,-1,0,79.946754
1006,32,1040,-1,-1,-1,-1,-1,-1,0,81.026047
1007,32,1040,-1,-1,-1,-1,-1,-1,0,80.883713
1008,32,32,-1,-1,-1,-1,-1,17.542145,1,17.5872
1009,32,1040,-1,-1,-1,-1,-1,-1,0,80.470016
1010,32,32,-1,-1,-1,-1,-1,17.548288,1,17.615871
1011,32,32,-1,-1,-1,-1,-1,17.425407,1,17.470465
1012,32,32,-1,-1,-1,-1,-1,17.383425,1,17.454081
1013,32,1040,-1,-1,-1,-1,-1,-1,0,79.389694
1014,32,1040,-1,-1,-1,-1,-1,-1,0,81.203201
1015,32,32,-1,-1,-1,-1,-1,17.531904,1,17.579008
1016,32,32,-1,-1,-1,-1,-1,17.48992,1,17.558529
1017,32,32,-1,-1,-1,-1,-1,17.404928,1,17.476608
1018,32,32,-1,-1,-1,-1,-1,17.335297,1,17.404928
1019,32,32,-1,-1,-1,-1,-1,17.308672,1,17.375233
1020,32,32,-1,-1,-1,-1,-1,17.317888,1,17.384447
1021,32,1040,-1,-1,-1,-1,-1,-1,0,79.429634
1022,32,32,-1,-1,-1,-1,-1,17.545216,1,17.612801
1023,32,32,-1,-1,-1,-1,-1,17.416191,1,17.485825
1024,32,32,-1,-1,-1,-1,-1,17.389568,1,17.434624
1025,32,1040,-1,-1,-1,-1,-1,-1,0,79.703041
1026,32,1039,-1,-1,-1,-1,-1,-1,0,81.981438
1027,32,3056,-1,-1,-1,-1,-1,-1,0,196.798462
1028,32,32,-1,-1,-1,-1,-1,17.609728,1,17.677313
1029,32,32,-1,-1,-1,-1,-1,17.523712,1,17.592319
1030,32,32,-1,-1,-1,-1,-1,17.384447,1,17.453056
1031,32,1040,-1,-1,-1,-1,-1,-1,0,79.673347
1032,32,32,-1,-1,-1,-1,-1,17.543167,1,17.611776
1033,32,32,-1,-1,-1,-1,-1,17.422337,1,17.48992
1034,32,1040,-1,-1,-1,-1,-1,-1,0,79.22995
1035,32,1039,-1,-1,-1,-1,-1,-1,0,81.026047
1036,32,32,-1,-1,-1,-1,-1,17.486849,1,17.554432
1037,32,32,-1,-1,-1,-1,-1,17.353727,1,17.422337
1038,32,32,-1,-1,-1,-1,-1,17.319937,1,17.386496
1039,32,32,-1,-1,-1,-1,-1,17.274879,1,17.34144
1040,32,32,-1,-1,-1,-1,-1,17.268736,1,17.313791
1041,32,32,-1,-1,-1,-1,-1,17.28512,1,17.352703
1042,32,32,-1,-1,-1,-1,-1,17.266687,1,17.334272
1043,32,32,-1,-1,-1,-1,-1,17.2544,1,17.320959
1044,32,1040,-1,-1,-1,-1,-1,-1,0,79.096832
1045,32,1040,-1,-1,-1,-1,-1,-1,0,81.854462
1046,32,32,-1,-1,-1,-1,-1,17.501184,1,17.560575
1047,32,32,-1,-1,-1,-1,-1,17.399809,1,17.468416
1048,32,32,-1,-1,-1,-1,-1,17.306623,1,17.374208
1049,32,32,-1,-1,-1,-1,-1,17.301504,1,17.359873
1050,32,32,-1,-1,-1,-1,-1,17.291264,1,17.358849
1051,32,32,-1,-1,-1,-1,-1,17.276928,1,17.342464
1052,32,32,-1,-1,-1,-1,-1,17.303553,1,17.363968
1053,32,1040,-1,-1,-1,-1,-1,-1,0,79.298561
1054,32,32,-1,-1,-1,-1,-1,17.534975,1,17.603584
1055,32,32,-1,-1,-1,-1,-1,17.433599,1,17.502209
1056,32,1040,-1,-1,-1,-1,-1,-1,0,79.562752
1057,32,32,-1,-1,-1,-1,-1,17.458176,1,17.524736
1058,32,32,-1,-1,-1,-1,-1,17.393663,1,17.461248
1059,32,1040,-1,-1,-1,-1,-1,-1,0,79.492096
1060,32,32,-1,-1,-1,-1,-1,17.487871,1,17.555456
1061,32,32,-1,-1,-1,-1,-1,17.386496,1,17.454081
1062,32,32,-1,-1,-1,-1,-1,17.330175,1,17.388544
1063,32,32,-1,-1,-1,-1,-1,17.289215,1,17.345535
1064,32,32,-1,-1,-1,-1,-1,17.273855,1,17.339392
1065,32,32,-1,-1,-1,-1,-1,17.287169,1,17.332224
1066,32,32,-1,-1,-1,-1,-1,17.295361,1,17.361919
1067,32,32,-1,-1,-1,-1,-1,17.270784,1,17.327105
1068,32,32,-1,-1,-1,-1,-1,17.270784,1,17.337343
1069,32,32,-1,-1,-1,-1,-1,17.267712,1,17.333248
1070,32,32,-1,-1,-1,-1,-1,17.26976,1,17.335297
1071,32,32,-1,-1,-1,-1,-1,17.283072,1,17.350657
1072,32,32,-1,-1,-1,-1,-1,17.289215,1,17.355776
1073,32,32,-1,-1,-1,-1,-1,17.26976,1,17.335297
1074,32,32,-1,-1,-1,-1,-1,17.25952,1,17.324032
1075,32,32,-1,-1,-1,-1,-1,17.253376,1,17.319937
1076,32,32,-1,-1,-1,-1,-1,17.272833,1,17.333248
1077,32,32,-1,-1,-1,-1,-1,17.268736,1,17.329151
1078,32,1040,-1,-1,-1,-1,-1,-1,0,79.343613
1079,32,32,-1,-1,-1,-1,-1,17.570816,1,17.638399
1080,32,32,-1,-1,-1,-1,-1,17.471489,1,17.539072
1081,32,32,-1,-1,-1,-1,-1,17.410048,1,17.455105
1082,32,32,-1,-1,-1,-1,-1,17.343489,1,17.411072
1083,32,32,-1,-1,-1,-1,-1,17.304577,1,17.370111
1084,32,32,-1,-1,-1,-1,-1,17.298431,1,17.364992
1085,32,32,-1,-1,-1,-1,-1,17.320959,1,17.388544
1086,32,32,-1,-1,-1,-1,-1,17.325056,1,17.383425
1087,32,32,-1,-1,-1,-1,-1,17.297407,1,17.363968
1088,32,32,-1,-1,-1,-1,-1,17.276928,1,17.342464
1089,32,32,-1,-1,-1,-1,-1,17.28512,1,17.352703
1090,32,32,-1,-1,-1,-1,-1,17.276928,1,17.343489
1091,32,32,-1,-1,-1,-1,-1,17.284096,1,17.351681
1092,32,32,-1,-1,-1,-1,-1,17.276928,1,17.342464
1093,32,32,-1,-1,-1,-1,-1,17.28512,1,17.349632
1094,32,1040,-1,-1,-1,-1,-1,-1,0,79.239166
1095,32,32,-1,-1,-1,-1,-1,17.624063,1,17.691648
1096,32,32,-1,-1,-1,-1,-1,17.449984,1,17.517569
1097,32,32,-1,-1,-1,-1,-1,17.392639,1,17.437696
1098,32,32,-1,-1,-1,-1,-1,17.349632,1,17.416191
1099,32,32,-1,-1,-1,-1,-1,17.339392,1,17.414145
1100,32,32,-1,-1,-1,-1,-1,17.360895,1,17.427456
1101,32,32,-1,-1,-1,-1,-1,17.364992,1,17.431553
1102,32,32,-1,-1,-1,-1,-1,17.342464,1,17.408001
1103,32,32,-1,-1,-1,-1,-1,17.3312,1,17.389568
1104,32,32,-1,-1,-1,-1,-1,17.324032,1,17.390593
1105,32,32,-1,-1,-1,-1,-1,17.323008,1,17.389568
1106,32,32,-1,-1,-1,-1,-1,17.298431,1,17.363968
1107,32,32,-1,-1,-1,-1,-1,17.296385,1,17.361919
1108,32,1040,-1,-1,-1,-1,-1,-1,0,78.946304
1109,32,2047,-1,-1,-1,-1,-1,-1,0,134.311935
1110,32,32,-1,-1,-1,-1,-1,17.552383,1,17.620993
1111,32,32,-1,-1,-1,-1,-1,17.477633,1,17.544191
1112,32,2047,-1,-1,-1,-1,-1,-1,0,133.770233
1113,32,32,-1,-1,-1,-1,-1,17.618944,1,17.676289
1114,32,32,-1,-1,-1,-1,-1,17.445889,1,17.507328
1115,32,1040,-1,-1,-1,-1,-1,-1,0,80.018433
1116,32,32,-1,-1,-1,-1,-1,17.656832,1,17.725439
1117,32,1040,-1,-1,-1,-1,-1,-1,0,80.32563
1118,32,32,-1,-1,-1,-1,-1,17.566719,1,17.63328
1119,32,32,-1,-1,-1,-1,-1,17.461248,1,17.528831
1120,32,1008,-1,-1,-1,-1,-1,-1,0,74.710014
1121,32,1039,-1,-1,-1,-1,-1,-1,0,80.740349
1122,32,32,-1,-1,-1,-1,-1,17.595392,1,17.662975
1123,32,32,-1,-1,-1,-1,-1,17.442816,1,17.509377
1124,32,32,-1,-1,-1,-1,-1,17.405952,1,17.472511
1125,32,32,-1,-1,-1,-1,-1,17.336321,1,17.40288
1126,32,32,-1,-1,-1,-1,-1,17.330175,1,17.394688
1127,32,32,-1,-1,-1,-1,-1,17.3312,1,17.396736
1128,32,1040,-1,-1,-1,-1,-1,-1,0,79.491074
1129,32,32,-1,-1,-1,-1,-1,17.63328,1,17.698816
1130,32,1040,-1,-1,-1,-1,-1,-1,0,80.255997
1131,32,32,-1,-1,-1,-1,-1,17.584127,1,17.64352
1132,32,32,-1,-1,-1,-1,-1,17.479679,1,17.547264
1133,32,1040,-1,-1,-1,-1,-1,-1,0,79.761406
1134,32,1039,-1,-1,-1,-1,-1,-1,0,81.102844
1135,32,1040,-1,-1,-1,-1,-1,-1,0,81.406975
1136,32,32,-1,-1,-1,-1,-1,17.582081,1,17.650688
1137,32,32,-1,-1,-1,-1,-1,17.427456,1,17.492992
1138,32,32,-1,-1,-1,-1,-1,17.349632,1,17.416191
1139,32,32,-1,-1,-1,-1,-1,17.314816,1,17.380352
1140,32,32,-1,-1,-1,-1,-1,17.320959,1,17.386496
1141,32,32,-1,-1,-1,-1,-1,17.344513,1,17.412096
1142,32,32,-1,-1,-1,-1,-1,17.335297,1,17.400831
1143,32,32,-1,-1,-1,-1,-1,17.291264,1,17.357824
1144,32,32,-1,-1,-1,-1,-1,17.274879,1,17.333248
1145,32,1040,-1,-1,-1,-1,-1,-1,0,79.151108
1146,32,32,-1,-1,-1,-1,-1,17.575935,1,17.64352
1147,32,32,-1,-1,-1,-1,-1,17.478657,1,17.54624
1148,32,32,-1,-1,-1,-1,-1,17.42848,1,17.496063
1149,32,32,-1,-1,-1,-1,-1,17.403904,1,17.471489
1150,32,32,-1,-1,-1,-1,-1,17.363968,1,17.409023
1151,32,1040,-1,-1,-1,-1,-1,-1,0,79.776772
1152,32,1040,-1,-1,-1,-1,-1,-1,0,81.091583
1153,32,32,-1,-1,-1,-1,-1,17.534975,1,17.600512
1154,32,32,-1,-1,-1,-1,-1,17.424383,1,17.491968
1155,32,32,-1,-1,-1,-1,-1,17.383425,1,17.451008
1156,32,32,-1,-1,-1,-1,-1,17.342464,1,17.410048
1157,32,32,-1,-1,-1,-1,-1,17.345535,1,17.409023
1158,32,1040,-1,-1,-1,-1,-1,-1,0,79.38253
1159,32,3056,-1,-1,-1,-1,-1,-1,0,196.395004
1160,32,2048,-1,-1,-1,-1,-1,-1,0,135.767044
1161,32,32,-1,-1,-1,-1,-1,17.564672,1,17.63328
1162,32,32,-1,-1,-1,-1,-1,17.433599,1,17.50016
1163,32,32,-1,-1,-1,-1,-1,17.343489,1,17.411072
1164,32,32,-1,-1,-1,-1,-1,17.301504,1,17.345535
1165,32,2048,-1,-1,-1,-1,-1,-1,0,134.521851
1166,32,32,-1,-1,-1,-1,-1,17.631231,1,17.677313
1167,32,32,-1,-1,-1,-1,-1,17.454081,1,17.523712
1168,32,32,-1,-1,-1,-1,-1,17.352703,1,17.421312
1169,32,32,-1,-1,-1,-1,-1,17.297407,1,17.342464
1170,32,32,-1,-1,-1,-1,-1,17.280001,1,17.343489
1171,32,1040,-1,-1,-1,-1,-1,-1,0,79.892479
1172,32,32,-1,-1,-1,-1,-1,17.506304,1,17.573889
1173,32,32,-1,-1,-1,-1,-1,17.412096,1,17.471489
1174,32,32,-1,-1,-1,-1,-1,17.352703,1,17.419264
1175,32,32,-1,-1,-1,-1,-1,17.282047,1,17.34656
1176,32,32,-1,-1,-1,-1,-1,17.304577,1,17.370111
1177,32,32,-1,-1,-1,-1,-1,17.313791,1,17.379328
1178,32,32,-1,-1,-1,-1,-1,17.294336,1,17.360895
1179,32,32,-1,-1,-1,-1,-1,17.256449,1,17.323008
1180,32,32,-1,-1,-1,-1,-1,17.245184,1,17.290239
1181,32,1040,-1,-1,-1,-1,-1,-1,0,79.106049
1182,32,32,-1,-1,-1,-1,-1,17.557505,1,17.603584
1183,32,32,-1,-1,-1,-1,-1,17.431553,1,17.499136
1184,32,32,-1,-1,-1,-1,-1,17.353727,1,17.421312
1185,32,32,-1,-1,-1,-1,-1,17.325056,1,17.370111
1186,32,32,-1,-1,-1,-1,-1,17.313791,1,17.380352
1187,32,1040,-1,-1,-1,-1,-1,-1,0,79.962112
1188,32,32,-1,-1,-1,-1,-1,17.574911,1,17.640448
1189,32,32,-1,-1,-1,-1,-1,17.451008,1,17.518593
1190,32,32,-1,-1,-1,-1,-1,17.393663,1,17.458176
1191,32,32,-1,-1,-1,-1,-1,17.344513,1,17.410048
1192,32,32,-1,-1,-1,-1,-1,17.314816,1,17.381376
1193,32,32,-1,-1,-1,-1,-1,17.317888,1,17.384447
1194,32,32,-1,-1,-1,-1,-1,17.32608,1,17.393663
1195,32,1039,-1,-1,-1,-1,-1,-1,0,79.184898
1196,32,32,-1,-1,-1,-1,-1,17.553408,1,17.618944
1197,32,1040,-1,-1,-1,-1,-1,-1,0,80.036865
1198,32,32,-1,-1,-1,-1,-1,17.622017,1,17.667072
1199,32,1040,-1,-1,-1,-1,-1,-1,0,80.843773
1200,32,32,-1,-1,-1,-1,-1,17.635328,1,17.702911
1201,32,32,-1,-1,-1,-1,-1,17.40288,1,17.448959
1202,32,32,-1,-1,-1,-1,-1,17.376257,1,17.441792
1203,32,32,-1,-1,-1,-1,-1,17.319937,1,17.379328
1204,32,32,-1,-1,-1,-1,-1,17.308672,1,17.367041
1205,32,32,-1,-1,-1,-1,-1,17.31584,1,17.383425
1206,32,32,-1,-1,-1,-1,-1,17.312769,1,17.379328
1207,32,32,-1,-1,-1,-1,-1,17.293312,1,17.360895
1208,32,32,-1,-1,-1,-1,-1,17.266687,1,17.3312
1209,32,32,-1,-1,-1,-1,-1,17.262592,1,17.330175
1210,32,32,-1,-1,-1,-1,-1,17.266687,1,17.333248
1211,32,32,-1,-1,-1,-1,-1,17.276928,1,17.343489
1212,32,32,-1,-1,-1,-1,-1,17.277952,1,17.34144
1213,32,32,-1,-1,-1,-1,-1,17.292288,1,17.354752
1214,32,32,-1,-1,-1,-1,-1,17.302528,1,17.347584
1215,32,32,-1,-1,-1,-1,-1,17.299456,1,17.366016
1216,32,32,-1,-1,-1,-1,-1,17.296385,1,17.363968
1217,32,32,-1,-1,-1,-1,-1,17.28512,1,17.329151
1218,32,32,-1,-1,-1,-1,-1,17.296385,1,17.353727
1219,32,32,-1,-1,-1,-1,-1,17.288193,1,17.353727
1220,32,32,-1,-1,-1,-1,-1,17.292288,1,17.350657
1221,32,32,-1,-1,-1,-1,-1,17.299456,1,17.362944
1222,32,32,-1,-1,-1,-1,-1,17.295361,1,17.362944
1223,32,32,-1,-1,-1,-1,-1,17.309696,1,17.375233
1224,32,32,-1,-1,-1,-1,-1,17.303553,1,17.370111
1225,32,32,-1,-1,-1,-1,-1,17.30048,1,17.367041
1226,32,32,-1,-1,-1,-1,-1,17.314816,1,17.381376
1227,32,32,-1,-1,-1,-1,-1,17.334272,1,17.400831
1228,32,32,-1,-1,-1,-1,-1,17.335297,1,17.40288
1229,32,32,-1,-1,-1,-1,-1,17.333248,1,17.400831
1230,32,32,-1,-1,-1,-1,-1,17.342464,1,17.386496
1231,32,32,-1,-1,-1,-1,-1,17.344513,1,17.412096
1232,32,1039,-1,-1,-1,-1,-1,-1,0,79.338493
1233,32,32,-1,-1,-1,-1,-1,17.698816,1,17.757183
1234,32,1040,-1,-1,-1,-1,-1,-1,0,80.139267
1235,32,2048,-1,-1,-1,-1,-1,-1,0,134.788101
1236,32,32,-1,-1,-1,-1,-1,17.646591,1,17.712128
1237,32,32,-1,-1,-1,-1,-1,17.54624,1,17.592319
1238,32,32,-1,-1,-1,-1,-1,17.457151,1,17.525761
1239,32,1040,-1,-1,-1,-1,-1,-1,0,79.84845
1240,32,32,-1,-1,-1,-1,-1,17.566719,1,17.630207
1241,32,1040,-1,-1,-1,-1,-1,-1,0,80.071678
1242,32,1040,-1,-1,-1,-1,-1,-1,0,81.111038
1243,32,1039,-1,-1,-1,-1,-1,-1,0,81.069054
1244,32,32,-1,-1,-1,-1,-1,17.560575,1,17.627136
1245,32,32,-1,-1,-1,-1,-1,17.461248,1,17.529856
1246,32,32,-1,-1,-1,-1,-1,17.363968,1,17.408001
1247,32,32,-1,-1,-1,-1,-1,17.351681,1,17.41824
1248,32,32,-1,-1,-1,-1,-1,17.375233,1,17.441792
1249,32,1039,-1,-1,-1,-1,-1,-1,0,79.598595
1250,32,32,-1,-1,-1,-1,-1,17.646591,1,17.7152
1251,32,1040,-1,-1,-1,-1,-1,-1,0,80.340996
1252,32,32,-1,-1,-1,-1,-1,17.631231,1,17.676289
1253,32,32,-1,-1,-1,-1,-1,17.444864,1,17.490944
1254,32,32,-1,-1,-1,-1,-1,17.412096,1,17.478657
1255,32,32,-1,-1,-1,-1,-1,17.358849,1,17.424383
1256,32,32,-1,-1,-1,-1,-1,17.350657,1,17.41824
1257,32,32,-1,-1,-1,-1,-1,17.344513,1,17.412096
1258,32,1040,-1,-1,-1,-1,-1,-1,0,79.538177
1259,32,1040,-1,-1,-1,-1,-1,-1,0,81.067009
1260,32,1040,-1,-1,-1,-1,-1,-1,0,80.684029
1261,32,1040,-1,-1,-1,-1,-1,-1,0,81.653763
1262,32,32,-1,-1,-1,-1,-1,17.591295,1,17.636353
1263,32,1040,-1,-1,-1,-1,-1,-1,0,80.536575
1264,32,32,-1,-1,-1,-1,-1,17.534975,1,17.594368
1265,32,32,-1,-1,-1,-1,-1,17.426432,1,17.491968
1266,32,1040,-1,-1,-1,-1,-1,-1,0,79.580162
1267,32,32,-1,-1,-1,-1,-1,17.495041,1,17.563648
1268,32,32,-1,-1,-1,-1,-1,17.401855,1,17.447935
1269,32,32,-1,-1,-1,-1,-1,17.359873,1,17.405952
1270,32,32,-1,-1,-1,-1,-1,17.303553,1,17.370111
1271,32,1040,-1,-1,-1,-1,-1,-1,0,79.343613
1272,32,1040,-1,-1,-1,-1,-1,-1,0,81.101822
1273,32,32,-1,-1,-1,-1,-1,17.605633,1,17.672192
1274,32,32,-1,-1,-1,-1,-1,17.414145,1,17.482752
1275,32,32,-1,-1,-1,-1,-1,17.370111,1,17.437696
1276,32,32,-1,-1,-1,-1,-1,17.311745,1,17.379328
1277,32,32,-1,-1,-1,-1,-1,17.339392,1,17.403904
1278,32,1040,-1,-1,-1,-1,-1,-1,0,79.759361
1279,32,32,-1,-1,-1,-1,-1,17.457151,1,17.523712
1280,32,1040,-1,-1,-1,-1,-1,-1,0,79.981567
1281,32,32,-1,-1,-1,-1,-1,17.510401,1,17.57696
1282,32,32,-1,-1,-1,-1,-1,17.436672,1,17.506304
1283,32,32,-1,-1,-1,-1,-1,17.344513,1,17.412096
1284,32,32,-1,-1,-1,-1,-1,17.316864,1,17.360895
1285,32,1040,-1,-1,-1,-1,-1,-1,0,79.427582
1286,32,32,-1,-1,-1,-1,-1,17.560575,1,17.62816
1287,32,1040,-1,-1,-1,-1,-1,-1,0,80.318466
1288,32,32,-1,-1,-1,-1,-1,17.634304,1,17.700865
1289,32,1040,-1,-1,-1,-1,-1,-1,0,80.342018
1290,32,32,-1,-1,-1,-1,-1,17.618944,1,17.687551
1291,32,32,-1,-1,-1,-1,-1,17.439745,1,17.50528
1292,32,32,-1,-1,-1,-1,-1,17.371136,1,17.438721
1293,32,32,-1,-1,-1,-1,-1,17.3312,1,17.398785
1294,32,32,-1,-1,-1,-1,-1,17.319937,1,17.38752
1295,32,2048,-1,-1,-1,-1,-1,-1,0,133.840897
1296,32,32,-1,-1,-1,-1,-1,17.598463,1,17.666048
1297,32,32,-1,-1,-1,-1,-1,17.426432,1,17.492992
1298,32,32,-1,-1,-1,-1,-1,17.353727,1,17.422337
1299,32,32,-1,-1,-1,-1,-1,17.316864,1,17.382401
1300,32,32,-1,-1,-1,-1,-1,17.317888,1,17.361919
1301,32,32,-1,-1,-1,-1,-1,17.307648,1,17.373184
1302,32,32,-1,-1,-1,-1,-1,17.311745,1,17.355776
1303,32,32,-1,-1,-1,-1,-1,17.289215,1,17.353727
1304,32,1040,-1,-1,-1,-1,-1,-1,0,79.292419
1305,32,32,-1,-1,-1,-1,-1,17.504255,1,17.57184
1306,32,32,-1,-1,-1,-1,-1,17.421312,1,17.487871
1307,32,32,-1,-1,-1,-1,-1,17.34144,1,17.399809
1308,32,32,-1,-1,-1,-1,-1,17.316864,1,17.385471
1309,32,32,-1,-1,-1,-1,-1,17.334272,1,17.400831
1310,32,1040,-1,-1,-1,-1,-1,-1,0,79.367165
1311,32,32,-1,-1,-1,-1,-1,17.563648,1,17.62816
1312,32,1040,-1,-1,-1,-1,-1,-1,0,80.303101
1313,32,32,-1,-1,-1,-1,-1,17.605633,1,17.671167
1314,32,32,-1,-1,-1,-1,-1,17.445889,1,17.51552
1315,32,32,-1,-1,-1,-1,-1,17.41312,1,17.479679
1316,32,32,-1,-1,-1,-1,-1,17.333248,1,17.379328
1317,32,32,-1,-1,-1,-1,-1,17.302528,1,17.369087
1318,32,1040,-1,-1,-1,-1,-1,-1,0,79.722496
1319,32,32,-1,-1,-1,-1,-1,17.50528,1,17.572865
1320,32,32,-1,-1,-1,-1,-1,17.384447,1,17.44384
1321,32,32,-1,-1,-1,-1,-1,17.347584,1,17.405952
1322,32,1040,-1,-1,-1,-1,-1,-1,0,79.689728
1323,32,992,-1,-1,-1,-1,-1,-1,0,76.495872
1324,32,32,-1,-1,-1,-1,-1,17.555456,1,17.622017
1325,32,32,-1,-1,-1,-1,-1,17.408001,1,17.467392
1326,32,32,-1,-1,-1,-1,-1,17.3312,1,17.396736
1327,32,32,-1,-1,-1,-1,-1,17.3312,1,17.39776
1328,32,1040,-1,-1,-1,-1,-1,-1,0,79.876099
1329,32,32,-1,-1,-1,-1,-1,17.50016,1,17.565697
1330,32,32,-1,-1,-1,-1,-1,17.398785,1,17.468416
1331,32,32,-1,-1,-1,-1,-1,17.330175,1,17.395712
1332,32,32,-1,-1,-1,-1,-1,17.316864,1,17.360895
1333,32,32,-1,-1,-1,-1,-1,17.324032,1,17.382401
1334,32,32,-1,-1,-1,-1,-1,17.290239,1,17.357824
1335,32,32,-1,-1,-1,-1,-1,17.298431,1,17.364992
1336,32,32,-1,-1,-1,-1,-1,17.273855,1,17.332224
1337,32,32,-1,-1,-1,-1,-1,17.267712,1,17.327105
1338,32,32,-1,-1,-1,-1,-1,17.276928,1,17.343489
1339,32,32,-1,-1,-1,-1,-1,17.274879,1,17.340416
1340,32,32,-1,-1,-1,-1,-1,17.278976,1,17.344513
1341,32,32,-1,-1,-1,-1,-1,17.296385,1,17.361919
1342,32,32,-1,-1,-1,-1,-1,17.297407,1,17.364992
1343,32,32,-1,-1,-1,-1,-1,17.295361,1,17.360895
1344,32,32,-1,-1,-1,-1,-1,17.295361,1,17.361919
1345,32,32,-1,-1,-1,-1,-1,17.298431,1,17.363968
1346,32,32,-1,-1,-1,-1,-1,17.286144,1,17.354752
1347,32,32,-1,-1,-1,-1,-1,17.293312,1,17.357824
1348,32,32,-1,-1,-1,-1,-1,17.293312,1,17.336321
1349,32,32,-1,-1,-1,-1,-1,17.308672,1,17.37216
1350,32,32,-1,-1,-1,-1,-1,17.292288,1,17.355776
1351,32,32,-1,-1,-1,-1,-1,17.297407,1,17.355776
1352,32,32,-1,-1,-1,-1,-1,17.301504,1,17.369087
1353,32,32,-1,-1,-1,-1,-1,17.301504,1,17.369087
1354,32,1040,-1,-1,-1,-1,-1,-1,0,79.224831
1355,32,32,-1,-1,-1,-1,-1,17.582081,1,17.649664
1356,32,32,-1,-1,-1,-1,-1,17.468416,1,17.534975
1357,32,32,-1,-1,-1,-1,-1,17.422337,1,17.487871
1358,32,32,-1,-1,-1,-1,-1,17.373184,1,17.438721
1359,32,1040,-1,-1,-1,-1,-1,-1,0,79.660034
1360,32,32,-1,-1,-1,-1,-1,17.662975,1,17.732609
1361,32,32,-1,-1,-1,-1,-1,17.545216,1,17.613825
1362,32,32,-1,-1,-1,-1,-1,17.465343,1,17.525761
1363,32,32,-1,-1,-1,-1,-1,17.41824,1,17.4848
1364,32,1040,-1,-1,-1,-1,-1,-1,0,79.779839
1365,32,32,-1,-1,-1,-1,-1,17.601536,1,17.668097
1366,32,32,-1,-1,-1,-1,-1,17.497087,1,17.55648
1367,32,32,-1,-1,-1,-1,-1,17.425407,1,17.492992
1368,32,1040,-1,-1,-1,-1,-1,-1,0,79.375359
1369,32,32,-1,-1,-1,-1,-1,17.61792,1,17.685505
1370,32,1040,-1,-1,-1,-1,-1,-1,0,80.217087
1371,32,1040,-1,-1,-1,-1,-1,-1,0,81.19706
1372,32,32,-1,-1,-1,-1,-1,17.637377,1,17.703936
1373,32,3056,-1,-1,-1,-1,-1,-1,0,195.727356
1374,32,1040,-1,-1,-1,-1,-1,-1,0,82.136063
1375,32,32,-1,-1,-1,-1,-1,17.572865,1,17.641472
1376,32,32,-1,-1,-1,-1,-1,17.437696,1,17.507328
1377,32,32,-1,-1,-1,-1,-1,17.391617,1,17.437696
1378,32,32,-1,-1,-1,-1,-1,17.340416,1,17.404928
1379,32,32,-1,-1,-1,-1,-1,17.338367,1,17.403904
1380,32,1040,-1,-1,-1,-1,-1,-1,0,79.655937
1381,32,1040,-1,-1,-1,-1,-1,-1,0,82.33165
1382,32,1040,-1,-1,-1,-1,-1,-1,0,81.164291
1383,32,32,-1,-1,-1,-1,-1,17.566719,1,17.635328
1384,32,1040,-1,-1,-1,-1,-1,-1,0,80.581635
1385,32,32,-1,-1,-1,-1,-1,17.537024,1,17.603584
1386,32,1040,-1,-1,-1,-1,-1,-1,0,80.721916
1387,32,32,-1,-1,-1,-1,-1,17.5616,1,17.629185
1388,32,32,-1,-1,-1,-1,-1,17.426432,1,17.472511
1389,32,32,-1,-1,-1,-1,-1,17.343489,1,17.411072
1390,32,32,-1,-1,-1,-1,-1,17.296385,1,17.364992
1391,32,32,-1,-1,-1,-1,-1,17.324032,1,17.382401
1392,32,32,-1,-1,-1,-1,-1,17.328129,1,17.38752
1393,32,1040,-1,-1,-1,-1,-1,-1,0,79.717377
1394,32,32,-1,-1,-1,-1,-1,17.597441,1,17.665024
1395,32,32,-1,-1,-1,-1,-1,17.462273,1,17.507328
1396,32,32,-1,-1,-1,-1,-1,17.38752,1,17.454081
1397,32,1040,-1,-1,-1,-1,-1,-1,0,79.834114
1398,32,32,-1,-1,-1,-1,-1,17.577984,1,17.647615
1399,32,1040,-1,-1,-1,-1,-1,-1,0,80.267265
1400,32,32,-1,-1,-1,-1,-1,17.492992,1,17.5616
1401,32,1040,-1,-1,-1,-1,-1,-1,0,80.103424
1402,32,32,-1,-1,-1,-1,-1,17.557505,1,17.616896
1403,32,32,-1,-1,-1,-1,-1,17.454081,1,17.522688
1404,32,1040,-1,-1,-1,-1,-1,-1,0,80.02253
1405,32,32,-1,-1,-1,-1,-1,17.507328,1,17.565697
1406,32,1040,-1,-1,-1,-1,-1,-1,0,79.997955
1407,32,32,-1,-1,-1,-1,-1,17.501184,1,17.568768
1408,32,1040,-1,-1,-1,-1,-1,-1,0,80.223228
1409,32,32,-1,-1,-1,-1,-1,17.580032,1,17.646591
1410,32,32,-1,-1,-1,-1,-1,17.401855,1,17.446913
1411,32,32,-1,-1,-1,-1,-1,17.338367,1,17.383425
1412,32,32,-1,-1,-1,-1,-1,17.295361,1,17.354752
1413,32,32,-1,-1,-1,-1,-1,17.297407,1,17.3568
1414,32,32,-1,-1,-1,-1,-1,17.333248,1,17.400831
1415,32,32,-1,-1,-1,-1,-1,17.32608,1,17.391617
1416,32,32,-1,-1,-1,-1,-1,17.294336,1,17.360895
1417,32,32,-1,-1,-1,-1,-1,17.284096,1,17.349632
1418,32,32,-1,-1,-1,-1,-1,17.308672,1,17.373184
1419,32,32,-1,-1,-1,-1,-1,17.293312,1,17.358849
1420,32,1040,-1,-1,-1,-1,-1,-1,0,79.339523
1421,32,32,-1,-1,-1,-1,-1,17.604609,1,17.672192
1422,32,32,-1,-1,-1,-1,-1,17.411072,1,17.478657
1423,32,1040,-1,-1,-1,-1,-1,-1,0,79.745026
1424,32,1040,-1,-1,-1,-1,-1,-1,0,81.722366
1425,32,1040,-1,-1,-1,-1,-1,-1,0,81.106941
1426,32,32,-1,-1,-1,-1,-1,17.545216,1,17.590273
1427,32,1040,-1,-1,-1,-1,-1,-1,0,80.118782
1428,32,1040,-1,-1,-1,-1,-1,-1,0,81.503235
1429,32,32,-1,-1,-1,-1,-1,17.590273,1,17.657856
1430,32,32,-1,-1,-1,-1,-1,17.386496,1,17.455105
1431,32,32,-1,-1,-1,-1,-1,17.336321,1,17.394688
1432,32,32,-1,-1,-1,-1,-1,17.296385,1,17.366016
1433,32,32,-1,-1,-1,-1,-1,17.276928,1,17.340416
1434,32,32,-1,-1,-1,-1,-1,17.295361,1,17.361919
1435,32,32,-1,-1,-1,-1,-1,17.290239,1,17.355776
1436,32,32,-1,-1,-1,-1,-1,17.263617,1,17.329151
1437,32,32,-1,-1,-1,-1,-1,17.243135,1,17.309696
1438,32,32,-1,-1,-1,-1,-1,17.250303,1,17.316864
1439,32,32,-1,-1,-1,-1,-1,17.241089,1,17.306623
1440,32,32,-1,-1,-1,-1,-1,17.245184,1,17.312769
1441,32,32,-1,-1,-1,-1,-1,17.25952,1,17.32608
1442,32,32,-1,-1,-1,-1,-1,17.257471,1,17.302528
1443,32,32,-1,-1,-1,-1,-1,17.261568,1,17.329151
1444,32,32,-1,-1,-1,-1,-1,17.271809,1,17.339392
1445,32,1039,-1,-1,-1,-1,-1,-1,0,79.297539
1446,32,1040,-1,-1,-1,-1,-1,-1,0,81.02298
1447,32,32,-1,-1,-1,-1,-1,17.502209,1,17.569792
1448,32,32,-1,-1,-1,-1,-1,17.404928,1,17.464319
1449,32,32,-1,-1,-1,-1,-1,17.330175,1,17.395712
1450,32,32,-1,-1,-1,-1,-1,17.323008,1,17.390593
1451,32,32,-1,-1,-1,-1,-1,17.307648,1,17.374208
1452,32,1040,-1,-1,-1,-1,-1,-1,0,79.627266
1453,32,1040,-1,-1,-1,-1,-1,-1,0,80.866302
1454,32,32,-1,-1,-1,-1,-1,17.528831,1,17.596416
1455,32,32,-1,-1,-1,-1,-1,17.412096,1,17.478657
1456,32,32,-1,-1,-1,-1,-1,17.364992,1,17.424383
1457,32,32,-1,-1,-1,-1,-1,17.299456,1,17.366016
1458,32,32,-1,-1,-1,-1,-1,17.305599,1,17.348608
1459,32,32,-1,-1,-1,-1,-1,17.325056,1,17.390593
1460,32,32,-1,-1,-1,-1,-1,17.314816,1,17.382401
1461,32,32,-1,-1,-1,-1,-1,17.28512,1,17.351681
1462,32,32,-1,-1,-1,-1,-1,17.266687,1,17.335297
1463,32,32,-1,-1,-1,-1,-1,17.263617,1,17.328129
1464,32,32,-1,-1,-1,-1,-1,17.272833,1,17.332224
1465,32,32,-1,-1,-1,-1,-1,17.290239,1,17.355776
1466,32,32,-1,-1,-1,-1,-1,17.278976,1,17.351681
1467,32,32,-1,-1,-1,-1,-1,17.25952,1,17.324032
1468,32,32,-1,-1,-1,-1,-1,17.276928,1,17.344513
1469,32,32,-1,-1,-1,-1,-1,17.290239,1,17.348608
1470,32,32,-1,-1,-1,-1,-1,17.278976,1,17.34656
1471,32,32,-1,-1,-1,-1,-1,17.284096,1,17.350657
1472,32,32,-1,-1,-1,-1,-1,17.276928,1,17.336321
1473,32,32,-1,-1,-1,-1,-1,17.295361,1,17.361919
1474,32,32,-1,-1,-1,-1,-1,17.296385,1,17.342464
1475,32,32,-1,-1,-1,-1,-1,17.281025,1,17.345535
1476,32,32,-1,-1,-1,-1,-1,17.30048,1,17.367041
1477,32,32,-1,-1,-1,-1,-1,17.290239,1,17.354752
1478,32,32,-1,-1,-1,-1,-1,17.288193,1,17.3568
1479,32,32,-1,-1,-1,-1,-1,17.307648,1,17.373184
1480,32,1040,-1,-1,-1,-1,-1,-1,0,79.209473
1481,32,1040,-1,-1,-1,-1,-1,-1,0,81.782784
1482,32,32,-1,-1,-1,-1,-1,17.603584,1,17.671167
1483,32,1040,-1,-1,-1,-1,-1,-1,0,80.089088
1484,32,32,-1,-1,-1,-1,-1,17.584127,1,17.649664
1485,32,32,-1,-1,-1,-1,-1,17.494017,1,17.562624
1486,32,32,-1,-1,-1,-1,-1,17.416191,1,17.482752
1487,32,32,-1,-1,-1,-1,-1,17.378304,1,17.442816
1488,32,32,-1,-1,-1,-1,-1,17.351681,1,17.419264
1489,32,32,-1,-1,-1,-1,-1,17.343489,1,17.411072
1490,32,32,-1,-1,-1,-1,-1,17.343489,1,17.38752
1491,32,32,-1,-1,-1,-1,-1,17.348608,1,17.415169
1492,32,1040,-1,-1,-1,-1,-1,-1,0,79.346687
1493,32,1039,-1,-1,-1,-1,-1,-1,0,81.654785
1494,32,1040,-1,-1,-1,-1,-1,-1,0,81.437698
1495,32,1040,-1,-1,-1,-1,-1,-1,0,81.212418
1496,32,32,-1,-1,-1,-1,-1,17.560575,1,17.62816
1497,32,32,-1,-1,-1,-1,-1,17.437696,1,17.50528
1498,32,1040,-1,-1,-1,-1,-1,-1,0,79.630333
1499,32,1040,-1,-1,-1,-1,-1,-1,0,82.174973
1500,32,2048,-1,-1,-1,-1,-1,-1,0,135.791611
1501,32,1040,-1,-1,-1,-1,-1,-1,0,81.905663
1502,32,32,-1,-1,-1,-1,-1,17.596416,1,17.660929
1503,32,32,-1,-1,-1,-1,-1,17.411072,1,17.477633
1504,32,32,-1,-1,-1,-1,-1,17.386496,1,17.454081
1505,32,32,-1,-1,-1,-1,-1,17.333248,1,17.39776
1506,32,32,-1,-1,-1,-1,-1,17.3312,1,17.376257
1507,32,32,-1,-1,-1,-1,-1,17.32608,1,17.393663
1508,32,32,-1,-1,-1,-1,-1,17.334272,1,17.401855
1509,32,32,-1,-1,-1,-1,-1,17.299456,1,17.367041
1510,32,32,-1,-1,-1,-1,-1,17.266687,1,17.333248
1511,32,32,-1,-1,-1,-1,-1,17.256449,1,17.323008
1512,32,32,-1,-1,-1,-1,-1,17.276928,1,17.342464
1513,32,32,-1,-1,-1,-1,-1,17.287169,1,17.353727
1514,32,32,-1,-1,-1,-1,-1,17.291264,1,17.3568
1515,32,32,-1,-1,-1,-1,-1,17.291264,1,17.358849
1516,32,1040,-1,-1,-1,-1,-1,-1,0,79.143936
1517,32,32,-1,-1,-1,-1,-1,17.600512,1,17.668097
1518,32,2048,-1,-1,-1,-1,-1,-1,0,134.650879
1519,32,32,-1,-1,-1,-1,-1,17.584127,1,17.644545
1520,32,32,-1,-1,-1,-1,-1,17.416191,1,17.4848
1521,32,32,-1,-1,-1,-1,-1,17.370111,1,17.435648
1522,32,1039,-1,-1,-1,-1,-1,-1,0,79.352829
1523,32,32,-1,-1,-1,-1,-1,17.55648,1,17.625088
1524,32,1040,-1,-1,-1,-1,-1,-1,0,80.113663
1525,32,32,-1,-1,-1,-1,-1,17.5872,1,17.632256
1526,32,32,-1,-1,-1,-1,-1,17.441792,1,17.511423
1527,32,32,-1,-1,-1,-1,-1,17.414145,1,17.480703
1528,32,1023,-1,-1,-1,-1,-1,-1,0,74.681343
1529,32,32,-1,-1,-1,-1,-1,17.448959,1,17.51552
1530,32,1040,-1,-1,-1,-1,-1,-1,0,79.472641
1531,32,32,-1,-1,-1,-1,-1,17.516544,1,17.584127
1532,32,1040,-1,-1,-1,-1,-1,-1,0,79.777794
1533,32,32,-1,-1,-1,-1,-1,17.542145,1,17.609728
1534,32,32,-1,-1,-1,-1,-1,17.435648,1,17.503231
1535,32,1040,-1,-1,-1,-1,-1,-1,0,79.796227
1536,32,32,-1,-1,-1,-1,-1,17.544191,1,17.609728
1537,32,1039,-1,-1,-1,-1,-1,-1,0,80.254974
1538,32,32,-1,-1,-1,-1,-1,17.547264,1,17.613825
1539,32,32,-1,-1,-1,-1,-1,17.422337,1,17.48992
1540,32,32,-1,-1,-1,-1,-1,17.371136,1,17.430529
1541,32,32,-1,-1,-1,-1,-1,17.324032,1,17.369087
1542,32,32,-1,-1,-1,-1,-1,17.31584,1,17.382401
1543,32,32,-1,-1,-1,-1,-1,17.306623,1,17.37216
1544,32,1040,-1,-1,-1,-1,-1,-1,0,79.719421
1545,32,32,-1,-1,-1,-1,-1,17.510401,1,17.570816
1546,32,32,-1,-1,-1,-1,-1,17.40288,1,17.471489
1547,32,1040,-1,-1,-1,-1,-1,-1,0,79.350784
1548,32,1040,-1,-1,-1,-1,-1,-1,0,80.927742
1549,32,1039,-1,-1,-1,-1,-1,-1,0,81.074173
1550,32,32,-1,-1,-1,-1,-1,17.558529,1,17.626112
1551,32,32,-1,-1,-1,-1,-1,17.374208,1,17.439745
1552,32,1040,-1,-1,-1,-1,-1,-1,0,79.80954
1553,32,32,-1,-1,-1,-1,-1,17.607679,1,17.666048
1554,32,32,-1,-1,-1,-1,-1,17.424383,1,17.490944
1555,32,1040,-1,-1,-1,-1,-1,-1,0,79.936516
1556,32,32,-1,-1,-1,-1,-1,17.588224,1,17.657856
1557,32,32,-1,-1,-1,-1,-1,17.421312,1,17.468416
1558,32,32,-1,-1,-1,-1,-1,17.3568,1,17.422337
1559,32,32,-1,-1,-1,-1,-1,17.299456,1,17.362944
1560,32,32,-1,-1,-1,-1,-1,17.288193,1,17.352703
1561,32,32,-1,-1,-1,-1,-1,17.289215,1,17.3568
1562,32,32,-1,-1,-1,-1,-1,17.284096,1,17.353727
1563,32,32,-1,-1,-1,-1,-1,17.278976,1,17.34656
1564,32,32,-1,-1,-1,-1,-1,17.23904,1,17.305599
1565,32,32,-1,-1,-1,-1,-1,17.258495,1,17.325056
1566,32,32,-1,-1,-1,-1,-1,17.25952,1,17.32608
1567,32,32,-1,-1,-1,-1,-1,17.264641,1,17.330175
1568,32,32,-1,-1,-1,-1,-1,17.278976,1,17.34144
1569,32,32,-1,-1,-1,-1,-1,17.278976,1,17.321983
1570,32,32,-1,-1,-1,-1,-1,17.260544,1,17.327105
1571,32,32,-1,-1,-1,-1,-1,17.264641,1,17.3312
1572,32,32,-1,-1,-1,-1,-1,17.263617,1,17.323008
1573,32,32,-1,-1,-1,-1,-1,17.263617,1,17.308672
1574,32,32,-1,-1,-1,-1,-1,17.290239,1,17.3568
1575,32,1040,-1,-1,-1,-1,-1,-1,0,79.241219
1576,32,1040,-1,-1,-1,-1,-1,-1,0,81.085442
1577,32,1040,-1,-1,-1,-1,-1,-1,0,81.214462
1578,32,1040,-1,-1,-1,-1,-1,-1,0,81.076225
1579,32,32,-1,-1,-1,-1,-1,17.516544,1,17.575935
1580,32,32,-1,-1,-1,-1,-1,17.408001,1,17.475584
1581,32,32,-1,-1,-1,-1,-1,17.343489,1,17.410048
1582,32,32,-1,-1,-1,-1,-1,17.295361,1,17.361919
1583,32,32,-1,-1,-1,-1,-1,17.299456,1,17.3568
1584,32,32,-1,-1,-1,-1,-1,17.293312,1,17.360895
1585,32,32,-1,-1,-1,-1,-1,17.333248,1,17.377279
1586,32,32,-1,-1,-1,-1,-1,17.304577,1,17.368065
1587,32,32,-1,-1,-1,-1,-1,17.270784,1,17.338367
1588,32,32,-1,-1,-1,-1,-1,17.275904,1,17.34144
1589,32,32,-1,-1,-1,-1,-1,17.291264,1,17.334272
1590,32,32,-1,-1,-1,-1,-1,17.273855,1,17.340416
1591,32,32,-1,-1,-1,-1,-1,17.267712,1,17.332224
1592,32,32,-1,-1,-1,-1,-1,17.264641,1,17.332224
1593,32,32,-1,-1,-1,-1,-1,17.26976,1,17.335297
1594,32,32,-1,-1,-1,-1,-1,17.281025,1,17.347584
1595,32,32,-1,-1,-1,-1,-1,17.278976,1,17.345535
1596,32,32,-1,-1,-1,-1,-1,17.288193,1,17.355776
1597,32,32,-1,-1,-1,-1,-1,17.286144,1,17.351681
1598,32,32,-1,-1,-1,-1,-1,17.277952,1,17.336321
1599,32,32,-1,-1,-1,-1,-1,17.287169,1,17.351681
1600,32,32,-1,-1,-1,-1,-1,17.283072,1,17.34144
1601,32,32,-1,-1,-1,-1,-1,17.278976,1,17.323008
1602,32,32,-1,-1,-1,-1,-1,17.293312,1,17.359873
1603,32,32,-1,-1,-1,-1,-1,17.290239,1,17.355776
1604,32,32,-1,-1,-1,-1,-1,17.292288,1,17.357824
1605,32,32,-1,-1,-1,-1,-1,17.290239,1,17.335297
1606,32,1040,-1,-1,-1,-1,-1,-1,0,79.045631
1607,32,1040,-1,-1,-1,-1,-1,-1,0,81.060867
1608,32,32,-1,-1,-1,-1,-1,17.595392,1,17.661951
1609,32,32,-1,-1,-1,-1,-1,17.510401,1,17.57184
1610,32,32,-1,-1,-1,-1,-1,17.426432,1,17.496063
1611,32,1040,-1,-1,-1,-1,-1,-1,0,79.420418
1612,32,1040,-1,-1,-1,-1,-1,-1,0,81.058815
1613,32,32,-1,-1,-1,-1,-1,17.529856,1,17.588224
1614,32,1040,-1,-1,-1,-1,-1,-1,0,79.945724
1615,32,32,-1,-1,-1,-1,-1,17.586176,1,17.652737
1616,32,1040,-1,-1,-1,-1,-1,-1,0,79.78598
1617,32,32,-1,-1,-1,-1,-1,17.507328,1,17.551359
1618,32,1040,-1,-1,-1,-1,-1,-1,0,80.123901
1619,32,32,-1,-1,-1,-1,-1,17.558529,1,17.625088
1620,32,2047,-1,-1,-1,-1,-1,-1,0,134.8311
1621,32,32,-1,-1,-1,-1,-1,17.64864,1,17.705984
1622,32,32,-1,-1,-1,-1,-1,17.502209,1,17.570816
1623,32,1040,-1,-1,-1,-1,-1,-1,0,79.88736
1624,32,32,-1,-1,-1,-1,-1,17.520639,1,17.594368
1625,32,32,-1,-1,-1,-1,-1,17.414145,1,17.482752
1626,32,32,-1,-1,-1,-1,-1,17.342464,1,17.411072
1627,32,1040,-1,-1,-1,-1,-1,-1,0,79.417343
1628,32,32,-1,-1,-1,-1,-1,17.507328,1,17.575935
1629,32,32,-1,-1,-1,-1,-1,17.420288,1,17.4848
1630,32,32,-1,-1,-1,-1,-1,17.375233,1,17.441792
1631,32,32,-1,-1,-1,-1,-1,17.340416,1,17.398785
1632,32,1039,-1,-1,-1,-1,-1,-1,0,79.797249
1633,32,32,-1,-1,-1,-1,-1,17.616896,1,17.676289
1634,32,32,-1,-1,-1,-1,-1,17.440767,1,17.509377
1635,32,32,-1,-1,-1,-1,-1,17.380352,1,17.448959
1636,32,32,-1,-1,-1,-1,-1,17.348608,1,17.415169
1637,32,32,-1,-1,-1,-1,-1,17.324032,1,17.389568
1638,32,32,-1,-1,-1,-1,-1,17.34144,1,17.408001
1639,32,32,-1,-1,-1,-1,-1,17.337343,1,17.404928
1640,32,1040,-1,-1,-1,-1,-1,-1,0,79.557632
1641,32,32,-1,-1,-1,-1,-1,17.590273,1,17.655807
1642,32,2048,-1,-1,-1,-1,-1,-1,0,134.233093
1643,32,32,-1,-1,-1,-1,-1,17.603584,1,17.670143
1644,32,1040,-1,-1,-1,-1,-1,-1,0,80.856064
1645,32,32,-1,-1,-1,-1,-1,17.620993,1,17.666048
1646,32,32,-1,-1,-1,-1,-1,17.460224,1,17.529856
1647,32,32,-1,-1,-1,-1,-1,17.398785,1,17.465343
1648,32,1039,-1,-1,-1,-1,-1,-1,0,79.587326
1649,32,32,-1,-1,-1,-1,-1,17.596416,1,17.666048
1650,32,32,-1,-1,-1,-1,-1,17.483776,1,17.553408
1651,32,32,-1,-1,-1,-1,-1,17.425407,1,17.492992
1652,32,1040,-1,-1,-1,-1,-1,-1,0,79.765503
1653,32,1040,-1,-1,-1,-1,-1,-1,0,81.903618
1654,32,32,-1,-1,-1,-1,-1,17.55648,1,17.623039
1655,32,32,-1,-1,-1,-1,-1,17.41824,1,17.478657
1656,32,32,-1,-1,-1,-1,-1,17.342464,1,17.410048
1657,32,32,-1,-1,-1,-1,-1,17.292288,1,17.357824
1658,32,1040,-1,-1,-1,-1,-1,-1,0,79.625214
1659,32,32,-1,-1,-1,-1,-1,17.607679,1,17.675264
1660,32,1040,-1,-1,-1,-1,-1,-1,0,79.915009
1661,32,32,-1,-1,-1,-1,-1,17.485825,1,17.53088
1662,32,32,-1,-1,-1,-1,-1,17.357824,1,17.426432
1663,32,32,-1,-1,-1,-1,-1,17.316864,1,17.382401
1664,32,2048,-1,-1,-1,-1,-1,-1,0,133.724167
1665,32,32,-1,-1,-1,-1,-1,17.531904,1,17.597441
1666,32,32,-1,-1,-1,-1,-1,17.383425,1,17.452032
1667,32,1040,-1,-1,-1,-1,-1,-1,0,79.837181
1668,32,32,-1,-1,-1,-1,-1,17.591295,1,17.650688
1669,32,1040,-1,-1,-1,-1,-1,-1,0,79.931389
1670,32,1040,-1,-1,-1,-1,-1,-1,0,80.836609
1671,32,32,-1,-1,-1,-1,-1,17.53088,1,17.597441
1672,32,1039,-1,-1,-1,-1,-1,-1,0,80.258049
1673,32,32,-1,-1,-1,-1,-1,17.590273,1,17.655807
1674,32,32,-1,-1,-1,-1,-1,17.391617,1,17.460224
1675,32,32,-1,-1,-1,-1,-1,17.325056,1,17.392639
1676,32,1040,-1,-1,-1,-1,-1,-1,0,79.351807
1677,32,32,-1,-1,-1,-1,-1,17.519615,1,17.564672
1678,32,32,-1,-1,-1,-1,-1,17.427456,1,17.494017
1679,32,32,-1,-1,-1,-1,-1,17.34656,1,17.391617
1680,32,32,-1,-1,-1,-1,-1,17.302528,1,17.362944
1681,32,32,-1,-1,-1,-1,-1,17.275904,1,17.34144
1682,32,32,-1,-1,-1,-1,-1,17.289215,1,17.347584
1683,32,32,-1,-1,-1,-1,-1,17.289215,1,17.3568
1684,32,32,-1,-1,-1,-1,-1,17.317888,1,17.383425
1685,32,32,-1,-1,-1,-1,-1,17.250303,1,17.308672
1686,32,32,-1,-1,-1,-1,-1,17.257471,1,17.324032
1687,32,32,-1,-1,-1,-1,-1,17.258495,1,17.324032
1688,32,32,-1,-1,-1,-1,-1,17.271809,1,17.339392
1689,32,32,-1,-1,-1,-1,-1,17.243135,1,17.309696
1690,32,32,-1,-1,-1,-1,-1,17.248257,1,17.31584
1691,32,32,-1,-1,-1,-1,-1,17.249281,1,17.314816
1692,32,32,-1,-1,-1,-1,-1,17.261568,1,17.328129
1693,32,32,-1,-1,-1,-1,-1,17.258495,1,17.302528
1694,32,32,-1,-1,-1,-1,-1,17.263617,1,17.3312
1695,32,32,-1,-1,-1,-1,-1,17.251328,1,17.296385
1696,32,32,-1,-1,-1,-1,-1,17.264641,1,17.329151
1697,32,32,-1,-1,-1,-1,-1,17.274879,1,17.342464
1698,32,1040,-1,-1,-1,-1,-1,-1,0,79.683586
1699,32,32,-1,-1,-1,-1,-1,17.631231,1,17.694719
1700,32,1040,-1,-1,-1,-1,-1,-1,0,80.353279
1701,32,32,-1,-1,-1,-1,-1,17.551359,1,17.618944
1702,32,32,-1,-1,-1,-1,-1,17.464319,1,17.531904
1703,32,32,-1,-1,-1,-1,-1,17.398785,1,17.466368
1704,32,1040,-1,-1,-1,-1,-1,-1,0,80.075775
1705,32,32,-1,-1,-1,-1,-1,17.605633,1,17.673216
1706,32,32,-1,-1,-1,-1,-1,17.431553,1,17.50016
1707,32,32,-1,-1,-1,-1,-1,17.369087,1,17.435648
1708,32,32,-1,-1,-1,-1,-1,17.321983,1,17.388544
1709,32,32,-1,-1,-1,-1,-1,17.325056,1,17.370111
1710,32,32,-1,-1,-1,-1,-1,17.328129,1,17.393663
1711,32,32,-1,-1,-1,-1,-1,17.332224,1,17.379328
1712,32,32,-1,-1,-1,-1,-1,17.302528,1,17.369087
1713,32,1040,-1,-1,-1,-1,-1,-1,0,79.097855
1714,32,32,-1,-1,-1,-1,-1,17.581057,1,17.649664
1715,32,32,-1,-1,-1,-1,-1,17.497087,1,17.565697
1716,32,32,-1,-1,-1,-1,-1,17.421312,1,17.488895
1717,32,32,-1,-1,-1,-1,-1,17.363968,1,17.429504
1718,32,32,-1,-1,-1,-1,-1,17.335297,1,17.394688
1719,32,32,-1,-1,-1,-1,-1,17.339392,1,17.404928
1720,32,32,-1,-1,-1,-1,-1,17.344513,1,17.412096
1721,32,32,-1,-1,-1,-1,-1,17.360895,1,17.427456
1722,32,32,-1,-1,-1,-1,-1,17.309696,1,17.377279
1723,32,32,-1,-1,-1,-1,-1,17.317888,1,17.383425
1724,32,32,-1,-1,-1,-1,-1,17.303553,1,17.370111
1725,32,1039,-1,-1,-1,-1,-1,-1,0,79.093758
1726,32,32,-1,-1,-1,-1,-1,17.542145,1,17.610752
1727,32,32,-1,-1,-1,-1,-1,17.460224,1,17.50528
1728,32,32,-1,-1,-1,-1,-1,17.395712,1,17.464319
1729,32,32,-1,-1,-1,-1,-1,17.362944,1,17.430529
1730,32,32,-1,-1,-1,-1,-1,17.355776,1,17.414145
1731,32,32,-1,-1,-1,-1,-1,17.355776,1,17.422337
1732,32,32,-1,-1,-1,-1,-1,17.359873,1,17.42848
1733,32,32,-1,-1,-1,-1,-1,17.304577,1,17.363968
1734,32,32,-1,-1,-1,-1,-1,17.320959,1,17.388544
1735,32,2048,-1,-1,-1,-1,-1,-1,0,133.512192
1736,32,32,-1,-1,-1,-1,-1,17.601536,1,17.670143
1737,32,1039,-1,-1,-1,-1,-1,-1,0,80.181252
1738,32,32,-1,-1,-1,-1,-1,17.528831,1,17.595392
1739,32,32,-1,-1,-1,-1,-1,17.416191,1,17.480703
1740,32,32,-1,-1,-1,-1,-1,17.361919,1,17.430529
1741,32,1040,-1,-1,-1,-1,-1,-1,0,79.90477
1742,32,32,-1,-1,-1,-1,-1,17.652737,1,17.719296
1743,32,32,-1,-1,-1,-1,-1,17.477633,1,17.522688
1744,32,32,-1,-1,-1,-1,-1,17.427456,1,17.485825
1745,32,32,-1,-1,-1,-1,-1,17.361919,1,17.422337
1746,32,1040,-1,-1,-1,-1,-1,-1,0,79.936516
1747,32,32,-1,-1,-1,-1,-1,17.639423,1,17.707008
1748,32,2048,-1,-1,-1,-1,-1,-1,0,134.75943
1749,32,32,-1,-1,-1,-1,-1,17.596416,1,17.664
1750,32,32,-1,-1,-1,-1,-1,17.451008,1,17.519615
1751,32,32,-1,-1,-1,-1,-1,17.401855,1,17.470465
1752,32,32,-1,-1,-1,-1,-1,17.364992,1,17.432575
1753,32,32,-1,-1,-1,-1,-1,17.374208,1,17.440767
1754,32,32,-1,-1,-1,-1,-1,17.383425,1,17.452032
1755,32,1040,-1,-1,-1,-1,-1,-1,0,79.764481
1756,32,32,-1,-1,-1,-1,-1,17.614847,1,17.675264
1757,32,32,-1,-1,-1,-1,-1,17.520639,1,17.586176
1758,32,32,-1,-1,-1,-1,-1,17.451008,1,17.510401
1759,32,32,-1,-1,-1,-1,-1,17.406977,1,17.451008
1760,32,1040,-1,-1,-1,-1,-1,-1,0,79.686653
1761,32,1040,-1,-1,-1,-1,-1,-1,0,81.915901
1762,32,32,-1,-1,-1,-1,-1,17.590273,1,17.659904
1763,32,32,-1,-1,-1,-1,-1,17.46944,1,17.534975
1764,32,32,-1,-1,-1,-1,-1,17.393663,1,17.452032
1765,32,2048,-1,-1,-1,-1,-1,-1,0,133.691391
1766,32,32,-1,-1,-1,-1,-1,17.651712,1,17.719296
1767,32,32,-1,-1,-1,-1,-1,17.46944,1,17.53088
1768,32,32,-1,-1,-1,-1,-1,17.435648,1,17.503231
1769,32,32,-1,-1,-1,-1,-1,17.375233,1,17.441792
1770,32,32,-1,-1,-1,-1,-1,17.349632,1,17.417215
1771,32,32,-1,-1,-1,-1,-1,17.34656,1,17.404928
1772,32,32,-1,-1,-1,-1,-1,17.353727,1,17.419264
1773,32,1040,-1,-1,-1,-1,-1,-1,0,79.215614
1774,32,1040,-1,-1,-1,-1,-1,-1,0,81.09568
1775,32,32,-1,-1,-1,-1,-1,17.567743,1,17.612801
1776,32,32,-1,-1,-1,-1,-1,17.466368,1,17.535999
1777,32,32,-1,-1,-1,-1,-1,17.403904,1,17.462273
1778,32,3055,-1,-1,-1,-1,-1,-1,0,195.241989
1779,32,1040,-1,-1,-1,-1,-1,-1,0,81.87085
1780,32,32,-1,-1,-1,-1,-1,17.63328,1,17.701887
1781,32,32,-1,-1,-1,-1,-1,17.492992,1,17.5616
1782,32,32,-1,-1,-1,-1,-1,17.401855,1,17.46944
1783,32,32,-1,-1,-1,-1,-1,17.371136,1,17.438721
1784,32,32,-1,-1,-1,-1,-1,17.343489,1,17.410048
1785,32,32,-1,-1,-1,-1,-1,17.351681,1,17.417215
1786,32,1039,-1,-1,-1,-1,-1,-1,0,79.816704
1787,32,32,-1,-1,-1,-1,-1,17.577984,1,17.636353
1788,32,1040,-1,-1,-1,-1,-1,-1,0,79.968254
1789,32,2048,-1,-1,-1,-1,-1,-1,0,135.670792
1790,32,1039,-1,-1,-1,-1,-1,-1,0,81.975296
1791,32,32,-1,-1,-1,-1,-1,17.547264,1,17.613825
1792,32,32,-1,-1,-1,-1,-1,17.412096,1,17.479679
1793,32,32,-1,-1,-1,-1,-1,17.352703,1,17.421312
1794,32,32,-1,-1,-1,-1,-1,17.305599,1,17.374208
1795,32,32,-1,-1,-1,-1,-1,17.311745,1,17.378304
1796,32,1040,-1,-1,-1,-1,-1,-1,0,79.541245
1797,32,32,-1,-1,-1,-1,-1,17.532928,1,17.594368
1798,32,32,-1,-1,-1,-1,-1,17.439745,1,17.4848
1799,32,32,-1,-1,-1,-1,-1,17.369087,1,17.436672
1800,32,32,-1,-1,-1,-1,-1,17.333248,1,17.399809
1801,32,1040,-1,-1,-1,-1,-1,-1,0,79.374336
1802,32,32,-1,-1,-1,-1,-1,17.526785,1,17.591295
1803,32,32,-1,-1,-1,-1,-1,17.445889,1,17.513472
1804,32,32,-1,-1,-1,-1,-1,17.379328,1,17.44384
1805,32,32,-1,-1,-1,-1,-1,17.339392,1,17.408001
1806,32,1039,-1,-1,-1,-1,-1,-1,0,79.749123
1807,32,32,-1,-1,-1,-1,-1,17.619968,1,17.687551
1808,32,32,-1,-1,-1,-1,-1,17.46944,1,17.538048
1809,32,32,-1,-1,-1,-1,-1,17.389568,1,17.456127
1810,32,32,-1,-1,-1,-1,-1,17.338367,1,17.404928
1811,32,32,-1,-1,-1,-1,-1,17.327105,1,17.393663
1812,32,32,-1,-1,-1,-1,-1,17.324032,1,17.391617
1813,32,32,-1,-1,-1,-1,-1,17.335297,1,17.40288
1814,32,32,-1,-1,-1,-1,-1,17.330175,1,17.375233
1815,32,32,-1,-1,-1,-1,-1,17.303553,1,17.370111
1816,32,32,-1,-1,-1,-1,-1,17.287169,1,17.351681
1817,32,32,-1,-1,-1,-1,-1,17.278976,1,17.343489
1818,32,32,-1,-1,-1,-1,-1,17.280001,1,17.34656
1819,32,32,-1,-1,-1,-1,-1,17.291264,1,17.349632
1820,32,32,-1,-1,-1,-1,-1,17.272833,1,17.340416
1821,32,32,-1,-1,-1,-1,-1,17.284096,1,17.342464
1822,32,1040,-1,-1,-1,-1,-1,-1,0,79.210495
1823,32,1040,-1,-1,-1,-1,-1,-1,0,81.063934
1824,32,32,-1,-1,-1,-1,-1,17.534975,1,17.60256
1825,32,32,-1,-1,-1,-1,-1,17.442816,1,17.510401
1826,32,32,-1,-1,-1,-1,-1,17.384447,1,17.452032
1827,32,1040,-1,-1,-1,-1,-1,-1,0,79.63443
1828,32,1040,-1,-1,-1,-1,-1,-1,0,80.346115
1829,32,32,-1,-1,-1,-1,-1,17.540096,1,17.599487
1830,32,32,-1,-1,-1,-1,-1,17.415169,1,17.460224
1831,32,32,-1,-1,-1,-1,-1,17.380352,1,17.446913
1832,32,32,-1,-1,-1,-1,-1,17.321983,1,17.368065
1833,32,32,-1,-1,-1,-1,-1,17.320959,1,17.384447
1834,32,32,-1,-1,-1,-1,-1,17.3312,1,17.396736
1835,32,32,-1,-1,-1,-1,-1,17.334272,1,17.400831
1836,32,32,-1,-1,-1,-1,-1,17.307648,1,17.373184
1837,32,32,-1,-1,-1,-1,-1,17.292288,1,17.3568
1838,32,32,-1,-1,-1,-1,-1,17.282047,1,17.349632
1839,32,32,-1,-1,-1,-1,-1,17.282047,1,17.348608
1840,32,32,-1,-1,-1,-1,-1,17.292288,1,17.362944
1841,32,32,-1,-1,-1,-1,-1,17.301504,1,17.368065
1842,32,32,-1,-1,-1,-1,-1,17.317888,1,17.382401
1843,32,32,-1,-1,-1,-1,-1,17.332224,1,17.39776
1844,32,1040,-1,-1,-1,-1,-1,-1,0,79.449089
1845,32,32,-1,-1,-1,-1,-1,17.594368,1,17.661951
1846,32,32,-1,-1,-1,-1,-1,17.488895,1,17.534975
1847,32,32,-1,-1,-1,-1,-1,17.432575,1,17.498112
1848,32,32,-1,-1,-1,-1,-1,17.359873,1,17.404928
1849,32,32,-1,-1,-1,-1,-1,17.366016,1,17.425407
1850,32,32,-1,-1,-1,-1,-1,17.352703,1,17.410048
1851,32,1040,-1,-1,-1,-1,-1,-1,0,79.844353
1852,32,32,-1,-1,-1,-1,-1,17.574911,1,17.642496
1853,32,1040,-1,-1,-1,-1,-1,-1,0,79.845375
1854,32,1040,-1,-1,-1,-1,-1,-1,0,81.204224
1855,32,32,-1,-1,-1,-1,-1,17.5616,1,17.622017
1856,32,32,-1,-1,-1,-1,-1,17.44384,1,17.511423
1857,32,32,-1,-1,-1,-1,-1,17.396736,1,17.462273
1858,32,32,-1,-1,-1,-1,-1,17.34656,1,17.41312
1859,32,32,-1,-1,-1,-1,-1,17.353727,1,17.421312
1860,32,32,-1,-1,-1,-1,-1,17.350657,1,17.425407
1861,32,32,-1,-1,-1,-1,-1,17.369087,1,17.427456
1862,32,1040,-1,-1,-1,-1,-1,-1,0,79.434753
1863,32,32,-1,-1,-1,-1,-1,17.550337,1,17.595392
1864,32,32,-1,-1,-1,-1,-1,17.454081,1,17.50016
1865,32,32,-1,-1,-1,-1,-1,17.375233,1,17.442816
1866,32,32,-1,-1,-1,-1,-1,17.362944,1,17.408001
1867,32,32,-1,-1,-1,-1,-1,17.357824,1,17.424383
1868,32,32,-1,-1,-1,-1,-1,17.371136,1,17.436672
1869,32,2048,-1,-1,-1,-1,-1,-1,0,133.915649
1870,32,32,-1,-1,-1,-1,-1,17.666048,1,17.73568
1871,32,32,-1,-1,-1,-1,-1,17.529856,1,17.588224
1872,32,32,-1,-1,-1,-1,-1,17.432575,1,17.499136
1873,32,32,-1,-1,-1,-1,-1,17.404928,1,17.471489
1874,32,32,-1,-1,-1,-1,-1,17.373184,1,17.440767
1875,32,32,-1,-1,-1,-1,-1,17.377279,1,17.444864
1876,32,2048,-1,-1,-1,-1,-1,-1,0,133.591034
1877,32,32,-1,-1,-1,-1,-1,17.657856,1,17.731585
1878,32,32,-1,-1,-1,-1,-1,17.511423,1,17.580032
1879,32,32,-1,-1,-1,-1,-1,17.424383,1,17.46944
1880,32,32,-1,-1,-1,-1,-1,17.370111,1,17.416191
1881,32,32,-1,-1,-1,-1,-1,17.3568,1,17.424383
1882,32,32,-1,-1,-1,-1,-1,17.364992,1,17.410048
1883,32,32,-1,-1,-1,-1,-1,17.354752,1,17.426432
1884,32,32,-1,-1,-1,-1,-1,17.350657,1,17.417215
1885,32,1040,-1,-1,-1,-1,-1,-1,0,79.155197
1886,32,32,-1,-1,-1,-1,-1,17.672192,1,17.733631
1887,32,1040,-1,-1,-1,-1,-1,-1,0,80.146431
1888,32,32,-1,-1,-1,-1,-1,17.609728,1,17.668097
1889,32,1040,-1,-1,-1,-1,-1,-1,0,80.324608
1890,32,1040,-1,-1,-1,-1,-1,-1,0,81.919998
1891,32,1040,-1,-1,-1,-1,-1,-1,0,81.472511
1892,32,32,-1,-1,-1,-1,-1,17.562624,1,17.635328
1893,32,32,-1,-1,-1,-1,-1,17.462273,1,17.528831
1894,32,32,-1,-1,-1,-1,-1,17.390593,1,17.457151
1895,32,32,-1,-1,-1,-1,-1,17.351681,1,17.395712
1896,32,32,-1,-1,-1,-1,-1,17.355776,1,17.400831
1897,32,1040,-1,-1,-1,-1,-1,-1,0,79.936516
1898,32,847,-1,-1,-1,-1,-1,-1,0,71.459839
1899,32,32,-1,-1,-1,-1,-1,17.504255,1,17.570816
1900,32,1040,-1,-1,-1,-1,-1,-1,0,80.13517
1901,32,1040,-1,-1,-1,-1,-1,-1,0,82.461693
1902,32,32,-1,-1,-1,-1,-1,17.592319,1,17.659904
1903,32,32,-1,-1,-1,-1,-1,17.435648,1,17.534975
1904,32,32,-1,-1,-1,-1,-1,17.399809,1,17.445889
1905,32,32,-1,-1,-1,-1,-1,17.335297,1,17.42848
1906,32,32,-1,-1,-1,-1,-1,17.34144,1,17.41312
1907,32,32,-1,-1,-1,-1,-1,17.351681,1,17.419264
1908,32,32,-1,-1,-1,-1,-1,17.332224,1,17.415169
1909,32,1040,-1,-1,-1,-1,-1,-1,0,79.345665
1910,32,32,-1,-1,-1,-1,-1,17.589249,1,17.647615
1911,32,32,-1,-1,-1,-1,-1,17.496063,1,17.541121
1912,32,32,-1,-1,-1,-1,-1,17.427456,1,17.473536
1913,32,3055,-1,-1,-1,-1,-1,-1,0,195.884033
1914,32,1040,-1,-1,-1,-1,-1,-1,0,81.903618
1915,32,32,-1,-1,-1,-1,-1,17.575935,1,17.645569
1916,32,1039,-1,-1,-1,-1,-1,-1,0,80.145409
1917,32,32,-1,-1,-1,-1,-1,17.529856,1,17.596416
1918,32,32,-1,-1,-1,-1,-1,17.424383,1,17.490944
1919,32,32,-1,-1,-1,-1,-1,17.357824,1,17.425407
1920,32,1040,-1,-1,-1,-1,-1,-1,0,79.810562
1921,32,32,-1,-1,-1,-1,-1,17.597441,1,17.664
1922,32,32,-1,-1,-1,-1,-1,17.4592,1,17.527807
1923,32,32,-1,-1,-1,-1,-1,17.362944,1,17.431553
1924,32,1040,-1,-1,-1,-1,-1,-1,0,79.677437
1925,32,32,-1,-1,-1,-1,-1,17.509377,1,17.566719
1926,32,32,-1,-1,-1,-1,-1,17.412096,1,17.480703
1927,32,32,-1,-1,-1,-1,-1,17.340416,1,17.385471
1928,32,1040,-1,-1,-1,-1,-1,-1,0,79.527939
1929,32,32,-1,-1,-1,-1,-1,17.509377,1,17.613825
1930,32,32,-1,-1,-1,-1,-1,17.400831,1,17.46944
1931,32,32,-1,-1,-1,-1,-1,17.351681,1,17.41824
1932,32,1040,-1,-1,-1,-1,-1,-1,0,79.905792
1933,32,32,-1,-1,-1,-1,-1,17.614847,1,17.683456
1934,32,32,-1,-1,-1,-1,-1,17.414145,1,17.482752
1935,32,32,-1,-1,-1,-1,-1,17.347584,1,17.406977
1936,32,32,-1,-1,-1,-1,-1,17.288193,1,17.354752
1937,32,32,-1,-1,-1,-1,-1,17.284096,1,17.349632
1938,32,32,-1,-1,-1,-1,-1,17.278976,1,17.338367
1939,32,32,-1,-1,-1,-1,-1,17.297407,1,17.363968
1940,32,32,-1,-1,-1,-1,-1,17.303553,1,17.373184
1941,32,32,-1,-1,-1,-1,-1,17.261568,1,17.319937
1942,32,32,-1,-1,-1,-1,-1,17.266687,1,17.3312
1943,32,32,-1,-1,-1,-1,-1,17.264641,1,17.307648
1944,32,32,-1,-1,-1,-1,-1,17.2544,1,17.319937
1945,32,32,-1,-1,-1,-1,-1,17.266687,1,17.334272
1946,32,1040,-1,-1,-1,-1,-1,-1,0,79.278084
1947,32,1040,-1,-1,-1,-1,-1,-1,0,81.929214
1948,32,32,-1,-1,-1,-1,-1,17.603584,1,17.671167
1949,32,32,-1,-1,-1,-1,-1,17.448959,1,17.508352
1950,32,32,-1,-1,-1,-1,-1,17.391617,1,17.458176
1951,32,32,-1,-1,-1,-1,-1,17.344513,1,17.401855
1952,32,32,-1,-1,-1,-1,-1,17.327105,1,17.394688
1953,32,32,-1,-1,-1,-1,-1,17.313791,1,17.370111
1954,32,32,-1,-1,-1,-1,-1,17.3312,1,17.398785
1955,32,2048,-1,-1,-1,-1,-1,-1,0,133.827591
1956,32,32,-1,-1,-1,-1,-1,17.612801,1,17.678335
1957,32,32,-1,-1,-1,-1,-1,17.441792,1,17.509377
1958,32,32,-1,-1,-1,-1,-1,17.370111,1,17.437696
1959,32,32,-1,-1,-1,-1,-1,17.336321,1,17.381376
1960,32,32,-1,-1,-1,-1,-1,17.313791,1,17.37216
1961,32,32,-1,-1,-1,-1,-1,17.311745,1,17.379328
1962,32,32,-1,-1,-1,-1,-1,17.301504,1,17.369087
1963,32,32,-1,-1,-1,-1,-1,17.312769,1,17.379328
1964,32,32,-1,-1,-1,-1,-1,17.274879,1,17.340416
1965,32,1039,-1,-1,-1,-1,-1,-1,0,79.723518
1966,32,32,-1,-1,-1,-1,-1,17.635328,1,17.702911
1967,32,32,-1,-1,-1,-1,-1,17.441792,1,17.509377
1968,32,32,-1,-1,-1,-1,-1,17.390593,1,17.458176
1969,32,32,-1,-1,-1,-1,-1,17.333248,1,17.398785
1970,32,32,-1,-1,-1,-1,-1,17.333248,1,17.391617
1971,32,32,-1,-1,-1,-1,-1,17.332224,1,17.389568
1972,32,32,-1,-1,-1,-1,-1,17.338367,1,17.403904
1973,32,32,-1,-1,-1,-1,-1,17.323008,1,17.390593
1974,32,32,-1,-1,-1,-1,-1,17.308672,1,17.367041
1975,32,1040,-1,-1,-1,-1,-1,-1,0,79.224831
1976,32,32,-1,-1,-1,-1,-1,17.516544,1,17.582081
1977,32,32,-1,-1,-1,-1,-1,17.382401,1,17.446913
1978,32,1040,-1,-1,-1,-1,-1,-1,0,79.659004
1979,32,32,-1,-1,-1,-1,-1,17.634304,1,17.693695
1980,32,32,-1,-1,-1,-1,-1,17.461248,1,17.531904
1981,32,32,-1,-1,-1,-1,-1,17.403904,1,17.471489
1982,32,32,-1,-1,-1,-1,-1,17.361919,1,17.421312
1983,32,32,-1,-1,-1,-1,-1,17.370111,1,17.436672
1984,32,32,-1,-1,-1,-1,-1,17.3568,1,17.423361
1985,32,32,-1,-1,-1,-1,-1,17.382401,1,17.446913
1986,32,32,-1,-1,-1,-1,-1,17.350657,1,17.412096
1987,32,1040,-1,-1,-1,-1,-1,-1,0,79.32621
1988,32,1040,-1,-1,-1,-1,-1,-1,0,81.474564
1989,32,32,-1,-1,-1,-1,-1,17.604609,1,17.671167
1990,32,32,-1,-1,-1,-1,-1,17.444864,1,17.490944
1991,32,32,-1,-1,-1,-1,-1,17.400831,1,17.467392
1992,32,32,-1,-1,-1,-1,-1,17.3568,1,17.420288
1993,32,1040,-1,-1,-1,-1,-1,-1,0,80.088066
1994,32,32,-1,-1,-1,-1,-1,17.667072,1,17.732609
1995,32,1040,-1,-1,-1,-1,-1,-1,0,80.33075
1996,32,1040,-1,-1,-1,-1,-1,-1,0,82.06131
1997,32,32,-1,-1,-1,-1,-1,17.591295,1,17.659904
1998,32,32,-1,-1,-1,-1,-1,17.472511,1,17.540096
1999,32,32,-1,-1,-1,-1,-1,17.392639,1,17.457151
2000,32,1040,-1,-1,-1,-1,-1,-1,0,79.695869
2001,32,32,-1,-1,-1,-1,-1,17.646591,1,17.713152
2002,32,32,-1,-1,-1,-1,-1,17.512447,1,17.581057
2003,32,32,-1,-1,-1,-1,-1,17.422337,1,17.488895
2004,32,32,-1,-1,-1,-1,-1,17.373184,1,17.432575
2005,32,32,-1,-1,-1,-1,-1,17.344513,1,17.409023
2006,32,32,-1,-1,-1,-1,-1,17.342464,1,17.386496
2007,32,32,-1,-1,-1,-1,-1,17.337343,1,17.40288
2008,32,32,-1,-1,-1,-1,-1,17.355776,1,17.422337
2009,32,32,-1,-1,-1,-1,-1,17.293312,1,17.359873
2010,32,32,-1,-1,-1,-1,-1,17.302528,1,17.37216
2011,32,32,-1,-1,-1,-1,-1,17.309696,1,17.377279
2012,32,32,-1,-1,-1,-1,-1,17.314816,1,17.378304
2013,32,1040,-1,-1,-1,-1,-1,-1,0,79.25248
2014,32,1040,-1,-1,-1,-1,-1,-1,0,81.905663
2015,32,32,-1,-1,-1,-1,-1,17.640448,1,17.70496
2016,32,32,-1,-1,-1,-1,-1,17.513472,1,17.583103
2017,32,32,-1,-1,-1,-1,-1,17.435648,1,17.494017
2018,32,1040,-1,-1,-1,-1,-1,-1,0,79.253502
2019,32,1040,-1,-1,-1,-1,-1,-1,0,81.105919
2020,32,32,-1,-1,-1,-1,-1,17.55648,1,17.624063
2021,32,32,-1,-1,-1,-1,-1,17.445889,1,17.512447
2022,32,32,-1,-1,-1,-1,-1,17.408001,1,17.453056
2023,32,2048,-1,-1,-1,-1,-1,-1,0,133.588989
2024,32,1040,-1,-1,-1,-1,-1,-1,0,81.938431
2025,32,1040,-1,-1,-1,-1,-1,-1,0,81.911804
2026,32,32,-1,-1,-1,-1,-1,17.627136,1,17.696768
2027,32,32,-1,-1,-1,-1,-1,17.441792,1,17.510401
2028,32,1040,-1,-1,-1,-1,-1,-1,0,79.653885
2029,32,32,-1,-1,-1,-1,-1,17.562624,1,17.622017
2030,32,32,-1,-1,-1,-1,-1,17.465343,1,17.535999
2031,32,32,-1,-1,-1,-1,-1,17.419264,1,17.464319
2032,32,32,-1,-1,-1,-1,-1,17.367041,1,17.434624
2033,32,1040,-1,-1,-1,-1,-1,-1,0,79.48288
2034,32,32,-1,-1,-1,-1,-1,17.584127,1,17.64352
2035,32,32,-1,-1,-1,-1,-1,17.463297,1,17.53088
2036,32,32,-1,-1,-1,-1,-1,17.362944,1,17.429504
2037,32,1040,-1,-1,-1,-1,-1,-1,0,79.765503
2038,32,32,-1,-1,-1,-1,-1,17.622017,1,17.667072
2039,32,1040,-1,-1,-1,-1,-1,-1,0,80.145409
2040,32,1040,-1,-1,-1,-1,-1,-1,0,81.306625
2041,32,32,-1,-1,-1,-1,-1,17.579008,1,17.644545
2042,32,32,-1,-1,-1,-1,-1,17.435648,1,17.543167
2043,32,32,-1,-1,-1,-1,-1,17.385471,1,17.483776
2044,32,32,-1,-1,-1,-1,-1,17.338367,1,17.403904
2045,32,1039,-1,-1,-1,-1,-1,-1,0,79.98259
2046,32,32,-1,-1,-1,-1,-1,17.650688,1,17.711103
2047,32,32,-1,-1,-1,-1,-1,17.497087,1,17.543167
2048,32,32,-1,-1,-1,-1,-1,17.434624,1,17.501184
2049,32,1040,-1,-1,-1,-1,-1,-1,0,79.98259
2050,32,32,-1,-1,-1,-1,-1,17.520639,1,17.5872
2051,32,1040,-1,-1,-1,-1,-1,-1,0,80.091133
2052,32,32,-1,-1,-1,-1,-1,17.568768,1,17.637377
2053,32,1040,-1,-1,-1,-1,-1,-1,0,80.299011
2054,32,1040,-1,-1,-1,-1,-1,-1,0,81.965057
2055,32,32,-1,-1,-1,-1,-1,17.568768,1,17.636353
2056,32,32,-1,-1,-1,-1,-1,17.455105,1,17.524736
2057,32,32,-1,-1,-1,-1,-1,17.349632,1,17.415169
2058,32,32,-1,-1,-1,-1,-1,17.32608,1,17.386496
2059,32,32,-1,-1,-1,-1,-1,17.311745,1,17.392639
2060,32,1040,-1,-1,-1,-1,-1,-1,0,79.376381
2061,32,32,-1,-1,-1,-1,-1,17.53088,1,17.596416
2062,32,1040,-1,-1,-1,-1,-1,-1,0,80.251907
2063,32,32,-1,-1,-1,-1,-1,17.588224,1,17.63328
2064,32,32,-1,-1,-1,-1,-1,17.420288,1,17.488895
2065,32,32,-1,-1,-1,-1,-1,17.349632,1,17.417215
2066,32,32,-1,-1,-1,-1,-1,17.313791,1,17.381376
2067,32,32,-1,-1,-1,-1,-1,17.286144,1,17.350657
2068,32,32,-1,-1,-1,-1,-1,17.302528,1,17.367041
2069,32,32,-1,-1,-1,-1,-1,17.303553,1,17.369087
2070,32,32,-1,-1,-1,-1,-1,17.316864,1,17.373184
2071,32,32,-1,-1,-1,-1,-1,17.271809,1,17.337343
2072,32,32,-1,-1,-1,-1,-1,17.288193,1,17.3568
2073,32,32,-1,-1,-1,-1,-1,17.292288,1,17.358849
2074,32,32,-1,-1,-1,-1,-1,17.278976,1,17.343489
2075,32,32,-1,-1,-1,-1,-1,17.276928,1,17.342464
2076,32,32,-1,-1,-1,-1,-1,17.278976,1,17.34656
2077,32,1040,-1,-1,-1,-1,-1,-1,0,79.475716
2078,32,32,-1,-1,-1,-1,-1,17.586176,1,17.650688
2079,32,32,-1,-1,-1,-1,-1,17.4848,1,17.528831
2080,32,32,-1,-1,-1,-1,-1,17.408001,1,17.47456
2081,32,32,-1,-1,-1,-1,-1,17.380352,1,17.446913
2082,32,32,-1,-1,-1,-1,-1,17.31584,1,17.373184
2083,32,32,-1,-1,-1,-1,-1,17.348608,1,17.415169
2084,32,32,-1,-1,-1,-1,-1,17.348608,1,17.414145
2085,32,2048,-1,-1,-1,-1,-1,-1,0,134.12352
2086,32,32,-1,-1,-1,-1,-1,17.581057,1,17.64864
2087,32,32,-1,-1,-1,-1,-1,17.480703,1,17.549313
2088,32,32,-1,-1,-1,-1,-1,17.408001,1,17.475584
2089,32,32,-1,-1,-1,-1,-1,17.348608,1,17.415169
2090,32,32,-1,-1,-1,-1,-1,17.34656,1,17.404928
2091,32,32,-1,-1,-1,-1,-1,17.321983,1,17.385471
2092,32,32,-1,-1,-1,-1,-1,17.338367,1,17.405952
2093,32,32,-1,-1,-1,-1,-1,17.333248,1,17.39776
2094,32,32,-1,-1,-1,-1,-1,17.309696,1,17.370111
2095,32,32,-1,-1,-1,-1,-1,17.299456,1,17.343489
2096,32,32,-1,-1,-1,-1,-1,17.312769,1,17.379328
2097,32,32,-1,-1,-1,-1,-1,17.312769,1,17.379328
2098,32,1040,-1,-1,-1,-1,-1,-1,0,79.283203
2099,32,32,-1,-1,-1,-1,-1,17.586176,1,17.652737
2100,32,32,-1,-1,-1,-1,-1,17.458176,1,17.525761
2101,32,32,-1,-1,-1,-1,-1,17.357824,1,17.424383
2102,32,32,-1,-1,-1,-1,-1,17.349632,1,17.406977
2103,32,1040,-1,-1,-1,-1,-1,-1,0,79.436798
2104,32,32,-1,-1,-1,-1,-1,17.574911,1,17.644545
2105,32,32,-1,-1,-1,-1,-1,17.458176,1,17.518593
2106,32,32,-1,-1,-1,-1,-1,17.420288,1,17.465343
2107,32,32,-1,-1,-1,-1,-1,17.355776,1,17.422337
2108,32,32,-1,-1,-1,-1,-1,17.355776,1,17.423361
2109,32,32,-1,-1,-1,-1,-1,17.357824,1,17.425407
2110,32,32,-1,-1,-1,-1,-1,17.373184,1,17.440767
2111,32,1040,-1,-1,-1,-1,-1,-1,0,79.610878
2112,32,32,-1,-1,-1,-1,-1,17.614847,1,17.682432
2113,32,32,-1,-1,-1,-1,-1,17.4848,1,17.553408
2114,32,1040,-1,-1,-1,-1,-1,-1,0,79.705086
2115,32,32,-1,-1,-1,-1,-1,17.582081,1,17.649664
2116,32,32,-1,-1,-1,-1,-1,17.491968,1,17.539072
2117,32,32,-1,-1,-1,-1,-1,17.39776,1,17.466368
2118,32,32,-1,-1,-1,-1,-1,17.351681,1,17.410048
2119,32,32,-1,-1,-1,-1,-1,17.375233,1,17.432575
2120,32,32,-1,-1,-1,-1,-1,17.366016,1,17.434624
2121,32,32,-1,-1,-1,-1,-1,17.380352,1,17.445889
2122,32,2048,-1,-1,-1,-1,-1,-1,0,133.529602
2123,32,32,-1,-1,-1,-1,-1,17.636353,1,17.703936
2124,32,1040,-1,-1,-1,-1,-1,-1,0,79.990784
2125,32,32,-1,-1,-1,-1,-1,17.662975,1,17.731585
2126,32,32,-1,-1,-1,-1,-1,17.470465,1,17.53088
2127,32,32,-1,-1,-1,-1,-1,17.442816,1,17.508352
2128,32,32,-1,-1,-1,-1,-1,17.393663,1,17.439745
2129,32,1039,-1,-1,-1,-1,-1,-1,0,79.322113
2130,32,32,-1,-1,-1,-1,-1,17.588224,1,17.654783
2131,32,1040,-1,-1,-1,-1,-1,-1,0,80.374786
2132,32,32,-1,-1,-1,-1,-1,17.641472,1,17.685505
2133,32,32,-1,-1,-1,-1,-1,17.528831,1,17.596416
2134,32,32,-1,-1,-1,-1,-1,17.44384,1,17.511423
2135,32,32,-1,-1,-1,-1,-1,17.394688,1,17.460224
2136,32,1040,-1,-1,-1,-1,-1,-1,0,79.368195
2137,32,32,-1,-1,-1,-1,-1,17.599487,1,17.65888
2138,32,32,-1,-1,-1,-1,-1,17.483776,1,17.542145
2139,32,1040,-1,-1,-1,-1,-1,-1,0,79.950851
2140,32,32,-1,-1,-1,-1,-1,17.590273,1,17.65888
2141,32,32,-1,-1,-1,-1,-1,17.487871,1,17.554432
2142,32,1040,-1,-1,-1,-1,-1,-1,0,79.867905
2143,32,1040,-1,-1,-1,-1,-1,-1,0,81.386497
2144,32,32,-1,-1,-1,-1,-1,17.569792,1,17.613825
2145,32,2048,-1,-1,-1,-1,-1,-1,0,134.117371
2146,32,32,-1,-1,-1,-1,-1,17.636353,1,17.70496
2147,32,32,-1,-1,-1,-1,-1,17.51552,1,17.584127
2148,32,1039,-1,-1,-1,-1,-1,-1,0,80.162819
2149,32,32,-1,-1,-1,-1,-1,17.567743,1,17.634304
2150,32,32,-1,-1,-1,-1,-1,17.440767,1,17.508352
2151,32,32,-1,-1,-1,-1,-1,17.370111,1,17.436672
2152,32,2048,-1,-1,-1,-1,-1,-1,0,133.554169
2153,32,32,-1,-1,-1,-1,-1,17.613825,1,17.681408
2154,32,32,-1,-1,-1,-1,-1,17.452032,1,17.519615
2155,32,32,-1,-1,-1,-1,-1,17.400831,1,17.468416
2156,32,1040,-1,-1,-1,-1,-1,-1,0,79.472641
2157,32,32,-1,-1,-1,-1,-1,17.522688,1,17.590273
2158,32,32,-1,-1,-1,-1,-1,17.426432,1,17.495041
2159,32,32,-1,-1,-1,-1,-1,17.330175,1,17.39776
2160,32,32,-1,-1,-1,-1,-1,17.321983,1,17.368065
2161,32,32,-1,-1,-1,-1,-1,17.314816,1,17.381376
2162,32,32,-1,-1,-1,-1,-1,17.319937,1,17.38752
2163,32,32,-1,-1,-1,-1,-1,17.325056,1,17.391617
2164,32,1040,-1,-1,-1,-1,-1,-1,0,79.668221
2165,32,32,-1,-1,-1,-1,-1,17.623039,1,17.690624
2166,32,32,-1,-1,-1,-1,-1,17.44384,1,17.504255
2167,32,32,-1,-1,-1,-1,-1,17.40288,1,17.46944
2168,32,32,-1,-1,-1,-1,-1,17.375233,1,17.442816
2169,32,32,-1,-1,-1,-1,-1,17.335297,1,17.379328
2170,32,32,-1,-1,-1,-1,-1,17.339392,1,17.404928
2171,32,32,-1,-1,-1,-1,-1,17.351681,1,17.410048
2172,32,32,-1,-1,-1,-1,-1,17.353727,1,17.419264
2173,32,32,-1,-1,-1,-1,-1,17.31584,1,17.379328
2174,32,1040,-1,-1,-1,-1,-1,-1,0,79.426559
2175,32,32,-1,-1,-1,-1,-1,17.656832,1,17.724417
2176,32,32,-1,-1,-1,-1,-1,17.456127,1,17.502209
2177,32,2047,-1,-1,-1,-1,-1,-1,0,134.190079
2178,32,32,-1,-1,-1,-1,-1,17.597441,1,17.667072
2179,32,32,-1,-1,-1,-1,-1,17.521664,1,17.588224
2180,32,32,-1,-1,-1,-1,-1,17.452032,1,17.519615
2181,32,1040,-1,-1,-1,-1,-1,-1,0,79.577087
2182,32,32,-1,-1,-1,-1,-1,17.619968,1,17.686527
2183,32,32,-1,-1,-1,-1,-1,17.440767,1,17.50528
2184,32,1040,-1,-1,-1,-1,-1,-1,0,80.020477
2185,32,32,-1,-1,-1,-1,-1,17.619968,1,17.665024
2186,32,2047,-1,-1,-1,-1,-1,-1,0,134.868988
2187,32,32,-1,-1,-1,-1,-1,17.604609,1,17.665024
2188,32,32,-1,-1,-1,-1,-1,17.47456,1,17.544191
2189,32,1039,-1,-1,-1,-1,-1,-1,0,80.113663
2190,32,32,-1,-1,-1,-1,-1,17.606655,1,17.67424
2191,32,32,-1,-1,-1,-1,-1,17.482752,1,17.550337
2192,32,32,-1,-1,-1,-1,-1,17.422337,1,17.468416
2193,32,32,-1,-1,-1,-1,-1,17.360895,1,17.430529
2194,32,1040,-1,-1,-1,-1,-1,-1,0,79.380478
2195,32,32,-1,-1,-1,-1,-1,17.590273,1,17.657856
2196,32,32,-1,-1,-1,-1,-1,17.429504,1,17.496063
2197,32,32,-1,-1,-1,-1,-1,17.3568,1,17.424383
2198,32,32,-1,-1,-1,-1,-1,17.298431,1,17.342464
2199,32,32,-1,-1,-1,-1,-1,17.332224,1,17.395712
2200,32,32,-1,-1,-1,-1,-1,17.309696,1,17.375233
2201,32,32,-1,-1,-1,-1,-1,17.335297,1,17.379328
2202,32,32,-1,-1,-1,-1,-1,17.287169,1,17.353727
2203,32,32,-1,-1,-1,-1,-1,17.294336,1,17.359873
2204,32,1040,-1,-1,-1,-1,-1,-1,0,79.327232
2205,32,32,-1,-1,-1,-1,-1,17.51552,1,17.560575
2206,32,32,-1,-1,-1,-1,-1,17.412096,1,17.472511
2207,32,32,-1,-1,-1,-1,-1,17.355776,1,17.423361
2208,32,32,-1,-1,-1,-1,-1,17.304577,1,17.349632
2209,32,32,-1,-1,-1,-1,-1,17.323008,1,17.382401
2210,32,32,-1,-1,-1,-1,-1,17.32608,1,17.391617
2211,32,32,-1,-1,-1,-1,-1,17.318913,1,17.383425
2212,32,32,-1,-1,-1,-1,-1,17.293312,1,17.358849
2213,32,32,-1,-1,-1,-1,-1,17.283072,1,17.34144
2214,32,1040,-1,-1,-1,-1,-1,-1,0,79.738876
2215,32,32,-1,-1,-1,-1,-1,17.601536,1,17.667072
2216,32,32,-1,-1,-1,-1,-1,17.444864,1,17.513472
2217,32,32,-1,-1,-1,-1,-1,17.381376,1,17.426432
2218,32,32,-1,-1,-1,-1,-1,17.343489,1,17.412096
2219,32,1040,-1,-1,-1,-1,-1,-1,0,79.370239
2220,32,32,-1,-1,-1,-1,-1,17.595392,1,17.661951
2221,32,32,-1,-1,-1,-1,-1,17.456127,1,17.501184
2222,32,32,-1,-1,-1,-1,-1,17.405952,1,17.473536
2223,32,1040,-1,-1,-1,-1,-1,-1,0,79.542274
2224,32,32,-1,-1,-1,-1,-1,17.636353,1,17.682432
2225,32,32,-1,-1,-1,-1,-1,17.491968,1,17.5616
2226,32,1040,-1,-1,-1,-1,-1,-1,0,80.001022
2227,32,32,-1,-1,-1,-1,-1,17.527807,1,17.595392
2228,32,32,-1,-1,-1,-1,-1,17.444864,1,17.510401
2229,32,32,-1,-1,-1,-1,-1,17.352703,1,17.420288
2230,32,32,-1,-1,-1,-1,-1,17.32608,1,17.395712
2231,32,32,-1,-1,-1,-1,-1,17.337343,1,17.381376
2232,32,32,-1,-1,-1,-1,-1,17.336321,1,17.401855
2233,32,32,-1,-1,-1,-1,-1,17.351681,1,17.39776
2234,32,32,-1,-1,-1,-1,-1,17.313791,1,17.381376
2235,32,32,-1,-1,-1,-1,-1,17.295361,1,17.359873
2236,32,32,-1,-1,-1,-1,-1,17.296385,1,17.363968
2237,32,32,-1,-1,-1,-1,-1,17.312769,1,17.3568
2238,32,1040,-1,-1,-1,-1,-1,-1,0,79.335426
2239,32,1040,-1,-1,-1,-1,-1,-1,0,81.596413
2240,32,32,-1,-1,-1,-1,-1,17.588224,1,17.632256
2241,32,32,-1,-1,-1,-1,-1,17.478657,1,17.547264
2242,32,32,-1,-1,-1,-1,-1,17.381376,1,17.449984
2243,32,1040,-1,-1,-1,-1,-1,-1,0,79.777794
2244,32,32,-1,-1,-1,-1,-1,17.563648,1,17.627136
2245,32,1040,-1,-1,-1,-1,-1,-1,0,80.074753
2246,32,32,-1,-1,-1,-1,-1,17.606655,1,17.67424
2247,32,32,-1,-1,-1,-1,-1,17.463297,1,17.509377
2248,32,32,-1,-1,-1,-1,-1,17.401855,1,17.46944
2249,32,32,-1,-1,-1,-1,-1,17.3568,1,17.401855
2250,32,1040,-1,-1,-1,-1,-1,-1,0,79.795197
2251,32,32,-1,-1,-1,-1,-1,17.647615,1,17.705984
2252,32,32,-1,-1,-1,-1,-1,17.487871,1,17.554432
2253,32,32,-1,-1,-1,-1,-1,17.419264,1,17.465343
2254,32,32,-1,-1,-1,-1,-1,17.360895,1,17.42848
2255,32,32,-1,-1,-1,-1,-1,17.358849,1,17.425407
2256,32,32,-1,-1,-1,-1,-1,17.355776,1,17.400831
2257,32,1039,-1,-1,-1,-1,-1,-1,0,79.872002
2258,32,32,-1,-1,-1,-1,-1,17.61792,1,17.685505
2259,32,32,-1,-1,-1,-1,-1,17.464319,1,17.532928
2260,32,32,-1,-1,-1,-1,-1,17.396736,1,17.460224
2261,32,1040,-1,-1,-1,-1,-1,-1,0,79.563774
2262,32,32,-1,-1,-1,-1,-1,17.644545,1,17.712128
2263,32,32,-1,-1,-1,-1,-1,17.479679,1,17.525761
2264,32,32,-1,-1,-1,-1,-1,17.435648,1,17.501184
2265,32,32,-1,-1,-1,-1,-1,17.379328,1,17.423361
2266,32,2048,-1,-1,-1,-1,-1,-1,0,134.154236
2267,32,1040,-1,-1,-1,-1,-1,-1,0,81.905663
2268,32,32,-1,-1,-1,-1,-1,17.588224,1,17.656832
2269,32,1040,-1,-1,-1,-1,-1,-1,0,80.235519
2270,32,32,-1,-1,-1,-1,-1,17.597441,1,17.662975
2271,32,1024,-1,-1,-1,-1,-1,-1,0,74.928131
2272,32,2048,-1,-1,-1,-1,-1,-1,0,136.322052
2273,32,32,-1,-1,-1,-1,-1,17.600512,1,17.670143
2274,32,32,-1,-1,-1,-1,-1,17.457151,1,17.526785
2275,32,32,-1,-1,-1,-1,-1,17.379328,1,17.445889
2276,32,32,-1,-1,-1,-1,-1,17.329151,1,17.393663
2277,32,32,-1,-1,-1,-1,-1,17.34144,1,17.405952
2278,32,32,-1,-1,-1,-1,-1,17.32608,1,17.394688
2279,32,1040,-1,-1,-1,-1,-1,-1,0,79.872002
2280,32,1040,-1,-1,-1,-1,-1,-1,0,81.26976
2281,32,32,-1,-1,-1,-1,-1,17.510401,1,17.555456
2282,32,32,-1,-1,-1,-1,-1,17.391617,1,17.460224
2283,32,32,-1,-1,-1,-1,-1,17.329151,1,17.398785
2284,32,32,-1,-1,-1,-1,-1,17.340416,1,17.398785
2285,32,32,-1,-1,-1,-1,-1,17.329151,1,17.394688
2286,32,32,-1,-1,-1,-1,-1,17.336321,1,17.403904
2287,32,32,-1,-1,-1,-1,-1,17.306623,1,17.371136
2288,32,32,-1,-1,-1,-1,-1,17.292288,1,17.353727
2289,32,32,-1,-1,-1,-1,-1,17.301504,1,17.366016
2290,32,1040,-1,-1,-1,-1,-1,-1,0,79.456253
2291,32,1040,-1,-1,-1,-1,-1,-1,0,81.11821
2292,32,32,-1,-1,-1,-1,-1,17.533953,1,17.579008
2293,32,32,-1,-1,-1,-1,-1,17.445889,1,17.513472
2294,32,32,-1,-1,-1,-1,-1,17.37216,1,17.430529
2295,32,32,-1,-1,-1,-1,-1,17.3312,1,17.39776
2296,32,1040,-1,-1,-1,-1,-1,-1,0,79.767555
2297,32,32,-1,-1,-1,-1,-1,17.550337,1,17.594368
2298,32,32,-1,-1,-1,-1,-1,17.429504,1,17.498112
2299,32,32,-1,-1,-1,-1,-1,17.373184,1,17.445889
2300,32,32,-1,-1,-1,-1,-1,17.327105,1,17.394688
2301,32,32,-1,-1,-1,-1,-1,17.323008,1,17.388544
2302,32,32,-1,-1,-1,-1,-1,17.316864,1,17.383425
2303,32,32,-1,-1,-1,-1,-1,17.327105,1,17.393663
2304,32,32,-1,-1,-1,-1,-1,17.299456,1,17.367041
2305,32,32,-1,-1,-1,-1,-1,17.282047,1,17.32608
2306,32,32,-1,-1,-1,-1,-1,17.298431,1,17.364992
2307,32,32,-1,-1,-1,-1,-1,17.306623,1,17.370111
2308,32,32,-1,-1,-1,-1,-1,17.319937,1,17.364992
2309,32,1040,-1,-1,-1,-1,-1,-1,0,79.569923
2310,32,1040,-1,-1,-1,-1,-1,-1,0,81.982468
2311,32,32,-1,-1,-1,-1,-1,17.631231,1,17.697792
2312,32,1039,-1,-1,-1,-1,-1,-1,0,79.727615
2313,32,2048,-1,-1,-1,-1,-1,-1,0,135.36972
2314,32,32,-1,-1,-1,-1,-1,17.654783,1,17.722368
2315,32,1040,-1,-1,-1,-1,-1,-1,0,80.322563
2316,32,32,-1,-1,-1,-1,-1,17.629185,1,17.692673
2317,32,1039,-1,-1,-1,-1,-1,-1,0,80.42701
2318,32,32,-1,-1,-1,-1,-1,17.63328,1,17.693695
2319,32,32,-1,-1,-1,-1,-1,17.48992,1,17.557505
2320,32,32,-1,-1,-1,-1,-1,17.419264,1,17.486849
2321,32,1040,-1,-1,-1,-1,-1,-1,0,79.788033
2322,32,1040,-1,-1,-1,-1,-1,-1,0,81.46125
2323,32,32,-1,-1,-1,-1,-1,17.547264,1,17.607679
2324,32,32,-1,-1,-1,-1,-1,17.417215,1,17.463297
2325,32,32,-1,-1,-1,-1,-1,17.323008,1,17.398785
2326,32,32,-1,-1,-1,-1,-1,17.334272,1,17.392639
2327,32,32,-1,-1,-1,-1,-1,17.332224,1,17.399809
2328,32,32,-1,-1,-1,-1,-1,17.321983,1,17.390593
2329,32,32,-1,-1,-1,-1,-1,17.318913,1,17.394688
2330,32,32,-1,-1,-1,-1,-1,17.280001,1,17.34656
2331,32,32,-1,-1,-1,-1,-1,17.272833,1,17.338367
2332,32,32,-1,-1,-1,-1,-1,17.274879,1,17.318913
2333,32,32,-1,-1,-1,-1,-1,17.271809,1,17.336321
2334,32,32,-1,-1,-1,-1,-1,17.281025,1,17.349632
2335,32,32,-1,-1,-1,-1,-1,17.278976,1,17.337343
2336,32,32,-1,-1,-1,-1,-1,17.272833,1,17.336321
2337,32,32,-1,-1,-1,-1,-1,17.290239,1,17.355776
2338,32,32,-1,-1,-1,-1,-1,17.281025,1,17.347584
2339,32,32,-1,-1,-1,-1,-1,17.283072,1,17.342464
2340,32,32,-1,-1,-1,-1,-1,17.289215,1,17.332224
2341,32,1040,-1,-1,-1,-1,-1,-1,0,79.485954
2342,32,32,-1,-1,-1,-1,-1,17.598463,1,17.667072
2343,32,32,-1,-1,-1,-1,-1,17.511423,1,17.579008
2344,32,32,-1,-1,-1,-1,-1,17.420288,1,17.48992
2345,32,32,-1,-1,-1,-1,-1,17.350657,1,17.416191
2346,32,2048,-1,-1,-1,-1,-1,-1,0,133.766144
2347,32,32,-1,-1,-1,-1,-1,17.626112,1,17.694719
2348,32,32,-1,-1,-1,-1,-1,17.457151,1,17.502209
2349,32,1040,-1,-1,-1,-1,-1,-1,0,79.466499
2350,32,32,-1,-1,-1,-1,-1,17.563648,1,17.631231
2351,32,32,-1,-1,-1,-1,-1,17.454081,1,17.522688
2352,32,32,-1,-1,-1,-1,-1,17.388544,1,17.457151
2353,32,32,-1,-1,-1,-1,-1,17.351681,1,17.41824
2354,32,32,-1,-1,-1,-1,-1,17.319937,1,17.385471
2355,32,32,-1,-1,-1,-1,-1,17.34144,1,17.408001
2356,32,32,-1,-1,-1,-1,-1,17.34656,1,17.391617
2357,32,32,-1,-1,-1,-1,-1,17.330175,1,17.39776
2358,32,1039,-1,-1,-1,-1,-1,-1,0,79.363075
2359,32,32,-1,-1,-1,-1,-1,17.55648,1,17.624063
2360,32,32,-1,-1,-1,-1,-1,17.460224,1,17.529856
2361,32,32,-1,-1,-1,-1,-1,17.39776,1,17.463297
2362,32,32,-1,-1,-1,-1,-1,17.345535,1,17.41312
2363,32,32,-1,-1,-1,-1,-1,17.360895,1,17.427456
2364,32,32,-1,-1,-1,-1,-1,17.359873,1,17.404928
2365,32,32,-1,-1,-1,-1,-1,17.352703,1,17.419264
2366,32,32,-1,-1,-1,-1,-1,17.351681,1,17.410048
2367,32,32,-1,-1,-1,-1,-1,17.305599,1,17.37216
2368,32,32,-1,-1,-1,-1,-1,17.320959,1,17.388544
2369,32,32,-1,-1,-1,-1,-1,17.31584,1,17.382401
2370,32,32,-1,-1,-1,-1,-1,17.343489,1,17.410048
2371,32,1040,-1,-1,-1,-1,-1,-1,0,79.779839
2372,32,1040,-1,-1,-1,-1,-1,-1,0,81.92205
2373,32,32,-1,-1,-1,-1,-1,17.600512,1,17.660929
2374,32,32,-1,-1,-1,-1,-1,17.466368,1,17.53088
2375,32,1040,-1,-1,-1,-1,-1,-1,0,79.663101
2376,32,32,-1,-1,-1,-1,-1,17.670143,1,17.736704
2377,32,2032,-1,-1,-1,-1,-1,-1,0,134.904831
2378,32,32,-1,-1,-1,-1,-1,17.607679,1,17.67424
2379,32,32,-1,-1,-1,-1,-1,17.504255,1,17.57184
2380,32,32,-1,-1,-1,-1,-1,17.426432,1,17.472511
2381,32,32,-1,-1,-1,-1,-1,17.384447,1,17.449984
2382,32,32,-1,-1,-1,-1,-1,17.339392,1,17.403904
2383,32,32,-1,-1,-1,-1,-1,17.348608,1,17.414145
2384,32,32,-1,-1,-1,-1,-1,17.355776,1,17.423361
2385,32,1040,-1,-1,-1,-1,-1,-1,0,79.554558
2386,32,32,-1,-1,-1,-1,-1,17.607679,1,17.67424
2387,32,32,-1,-1,-1,-1,-1,17.494017,1,17.562624
2388,32,1040,-1,-1,-1,-1,-1,-1,0,79.493118
2389,32,32,-1,-1,-1,-1,-1,17.570816,1,17.637377
2390,32,32,-1,-1,-1,-1,-1,17.513472,1,17.581057
2391,32,32,-1,-1,-1,-1,-1,17.445889,1,17.513472
2392,32,32,-1,-1,-1,-1,-1,17.404928,1,17.473536
2393,32,32,-1,-1,-1,-1,-1,17.377279,1,17.444864
2394,32,1040,-1,-1,-1,-1,-1,-1,0,80.211967
2395,32,32,-1,-1,-1,-1,-1,17.666048,1,17.734655
2396,32,1040,-1,-1,-1,-1,-1,-1,0,80.024574
2397,32,32,-1,-1,-1,-1,-1,17.598463,1,17.665024
2398,32,32,-1,-1,-1,-1,-1,17.497087,1,17.564672
2399,32,1040,-1,-1,-1,-1,-1,-1,0,79.877121
2400,32,1040,-1,-1,-1,-1,-1,-1,0,81.866753
2401,32,32,-1,-1,-1,-1,-1,17.60256,1,17.670143
2402,32,32,-1,-1,-1,-1,-1,17.463297,1,17.529856
2403,32,1040,-1,-1,-1,-1,-1,-1,0,79.980545
2404,32,32,-1,-1,-1,-1,-1,17.666048,1,17.73568
2405,32,32,-1,-1,-1,-1,-1,17.486849,1,17.548288
2406,32,1040,-1,-1,-1,-1,-1,-1,0,79.884285
2407,32,2048,-1,-1,-1,-1,-1,-1,0,136.426498
2408,32,32,-1,-1,-1,-1,-1,17.610752,1,17.678335
2409,32,32,-1,-1,-1,-1,-1,17.524736,1,17.593344
2410,32,32,-1,-1,-1,-1,-1,17.446913,1,17.507328
2411,32,32,-1,-1,-1,-1,-1,17.383425,1,17.451008
2412,32,32,-1,-1,-1,-1,-1,17.364992,1,17.430529
2413,32,32,-1,-1,-1,-1,-1,17.3312,1,17.395712
2414,32,32,-1,-1,-1,-1,-1,17.357824,1,17.423361
2415,32,1040,-1,-1,-1,-1,-1,-1,0,79.431679
2416,32,32,-1,-1,-1,-1,-1,17.581057,1,17.645569
2417,32,32,-1,-1,-1,-1,-1,17.487871,1,17.554432
2418,32,32,-1,-1,-1,-1,-1,17.430529,1,17.496063
2419,32,32,-1,-1,-1,-1,-1,17.358849,1,17.425407
2420,32,32,-1,-1,-1,-1,-1,17.358849,1,17.426432
2421,32,1040,-1,-1,-1,-1,-1,-1,0,80.055298
2422,32,32,-1,-1,-1,-1,-1,17.607679,1,17.675264
2423,32,32,-1,-1,-1,-1,-1,17.468416,1,17.535999
2424,32,32,-1,-1,-1,-1,-1,17.391617,1,17.4592
2425,32,32,-1,-1,-1,-1,-1,17.345535,1,17.41312
2426,32,32,-1,-1,-1,-1,-1,17.34656,1,17.414145
2427,32,32,-1,-1,-1,-1,-1,17.343489,1,17.409023
2428,32,1040,-1,-1,-1,-1,-1,-1,0,79.385597
2429,32,32,-1,-1,-1,-1,-1,17.641472,1,17.708033
2430,32,32,-1,-1,-1,-1,-1,17.486849,1,17.555456
2431,32,2047,-1,-1,-1,-1,-1,-1,0,133.983231
2432,32,32,-1,-1,-1,-1,-1,17.590273,1,17.659904
2433,32,32,-1,-1,-1,-1,-1,17.436672,1,17.504255
2434,32,1040,-1,-1,-1,-1,-1,-1,0,80.296959
2435,32,32,-1,-1,-1,-1,-1,17.638399,1,17.698816
2436,32,1039,-1,-1,-1,-1,-1,-1,0,80.150528
2437,32,32,-1,-1,-1,-1,-1,17.626112,1,17.693695
2438,32,32,-1,-1,-1,-1,-1,17.438721,1,17.507328
2439,32,32,-1,-1,-1,-1,-1,17.388544,1,17.447935
2440,32,32,-1,-1,-1,-1,-1,17.344513,1,17.389568
2441,32,1040,-1,-1,-1,-1,-1,-1,0,79.256577
2442,32,32,-1,-1,-1,-1,-1,17.577984,1,17.644545
2443,32,32,-1,-1,-1,-1,-1,17.516544,1,17.5616
2444,32,32,-1,-1,-1,-1,-1,17.424383,1,17.490944
2445,32,32,-1,-1,-1,-1,-1,17.374208,1,17.438721
2446,32,32,-1,-1,-1,-1,-1,17.344513,1,17.411072
2447,32,32,-1,-1,-1,-1,-1,17.364992,1,17.432575
2448,32,32,-1,-1,-1,-1,-1,17.350657,1,17.41824
2449,32,32,-1,-1,-1,-1,-1,17.380352,1,17.447935
2450,32,32,-1,-1,-1,-1,-1,17.330175,1,17.396736
2451,32,1039,-1,-1,-1,-1,-1,-1,0,79.167488
2452,32,1040,-1,-1,-1,-1,-1,-1,0,81.060867
2453,32,32,-1,-1,-1,-1,-1,17.588224,1,17.655807
2454,32,32,-1,-1,-1,-1,-1,17.478657,1,17.539072
2455,32,32,-1,-1,-1,-1,-1,17.415169,1,17.48992
2456,32,1040,-1,-1,-1,-1,-1,-1,0,79.564796
2457,32,32,-1,-1,-1,-1,-1,17.537024,1,17.603584
2458,32,32,-1,-1,-1,-1,-1,17.461248,1,17.528831
2459,32,32,-1,-1,-1,-1,-1,17.38752,1,17.432575
2460,32,32,-1,-1,-1,-1,-1,17.34656,1,17.412096
2461,32,32,-1,-1,-1,-1,-1,17.375233,1,17.439745
2462,32,32,-1,-1,-1,-1,-1,17.353727,1,17.398785
2463,32,32,-1,-1,-1,-1,-1,17.357824,1,17.424383
2464,32,32,-1,-1,-1,-1,-1,17.293312,1,17.360895
2465,32,32,-1,-1,-1,-1,-1,17.299456,1,17.3568
2466,32,32,-1,-1,-1,-1,-1,17.307648,1,17.366016
2467,32,32,-1,-1,-1,-1,-1,17.308672,1,17.376257
2468,32,32,-1,-1,-1,-1,-1,17.305599,1,17.370111
2469,32,32,-1,-1,-1,-1,-1,17.308672,1,17.386496
2470,32,2048,-1,-1,-1,-1,-1,-1,0,133.362686
2471,32,1040,-1,-1,-1,-1,-1,-1,0,82.194435
2472,32,32,-1,-1,-1,-1,-1,17.637377,1,17.70496
2473,32,32,-1,-1,-1,-1,-1,17.475584,1,17.544191
2474,32,32,-1,-1,-1,-1,-1,17.396736,1,17.465343
2475,32,32,-1,-1,-1,-1,-1,17.357824,1,17.40288
2476,32,32,-1,-1,-1,-1,-1,17.371136,1,17.439745
2477,32,1039,-1,-1,-1,-1,-1,-1,0,80.062462
2478,32,1039,-1,-1,-1,-1,-1,-1,0,81.242111
2479,32,32,-1,-1,-1,-1,-1,17.640448,1,17.705984
2480,32,1040,-1,-1,-1,-1,-1,-1,0,80.488449
2481,32,32,-1,-1,-1,-1,-1,17.582081,1,17.647615
2482,32,32,-1,-1,-1,-1,-1,17.48992,1,17.55648
2483,32,32,-1,-1,-1,-1,-1,17.41824,1,17.483776
2484,32,32,-1,-1,-1,-1,-1,17.370111,1,17.436672
2485,32,32,-1,-1,-1,-1,-1,17.317888,1,17.383425
2486,32,1040,-1,-1,-1,-1,-1,-1,0,79.650818
2487,32,32,-1,-1,-1,-1,-1,17.569792,1,17.636353
2488,32,32,-1,-1,-1,-1,-1,17.445889,1,17.511423
2489,32,32,-1,-1,-1,-1,-1,17.403904,1,17.46944
2490,32,32,-1,-1,-1,-1,-1,17.340416,1,17.405952
2491,32,32,-1,-1,-1,-1,-1,17.344513,1,17.389568
2492,32,32,-1,-1,-1,-1,-1,17.345535,1,17.404928
2493,32,32,-1,-1,-1,-1,-1,17.344513,1,17.389568
2494,32,32,-1,-1,-1,-1,-1,17.308672,1,17.375233
2495,32,32,-1,-1,-1,-1,-1,17.309696,1,17.377279
2496,32,1040,-1,-1,-1,-1,-1,-1,0,79.614975
2497,32,32,-1,-1,-1,-1,-1,17.61792,1,17.677313
2498,32,1040,-1,-1,-1,-1,-1,-1,0,79.964157
2499,32,32,-1,-1,-1,-1,-1,17.614847,1,17.681408
2500,32,32,-1,-1,-1,-1,-1,17.462273,1,17.522688
2501,32,32,-1,-1,-1,-1,-1,17.416191,1,17.481728
2502,32,32,-1,-1,-1,-1,-1,17.368065,1,17.434624
2503,32,32,-1,-1,-1,-1,-1,17.349632,1,17.408001
2504,32,32,-1,-1,-1,-1,-1,17.347584,1,17.412096
2505,32,32,-1,-1,-1,-1,-1,17.370111,1,17.435648
2506,32,32,-1,-1,-1,-1,-1,17.369087,1,17.436672
2507,32,32,-1,-1,-1,-1,-1,17.345535,1,17.388544
2508,32,32,-1,-1,-1,-1,-1,17.337343,1,17.396736
2509,32,1040,-1,-1,-1,-1,-1,-1,0,79.501312
2510,32,1040,-1,-1,-1,-1,-1,-1,0,81.915901
2511,32,32,-1,-1,-1,-1,-1,17.624063,1,17.691648
2512,32,32,-1,-1,-1,-1,-1,17.444864,1,17.511423
2513,32,32,-1,-1,-1,-1,-1,17.39776,1,17.442816
2514,32,1040,-1,-1,-1,-1,-1,-1,0,79.67437
2515,32,32,-1,-1,-1,-1,-1,17.605633,1,17.673216
2516,32,32,-1,-1,-1,-1,-1,17.494017,1,17.564672
2517,32,32,-1,-1,-1,-1,-1,17.44384,1,17.511423
2518,32,1040,-1,-1,-1,-1,-1,-1,0,79.803391
2519,32,1040,-1,-1,-1,-1,-1,-1,0,81.931267
2520,32,32,-1,-1,-1,-1,-1,17.646591,1,17.713152
2521,32,2048,-1,-1,-1,-1,-1,-1,0,134.194183
2522,32,1040,-1,-1,-1,-1,-1,-1,0,81.867775
2523,32,1040,-1,-1,-1,-1,-1,-1,0,81.154045
2524,32,32,-1,-1,-1,-1,-1,17.503231,1,17.563648
2525,32,1040,-1,-1,-1,-1,-1,-1,0,80.566269
2526,32,32,-1,-1,-1,-1,-1,17.593344,1,17.662975
2527,32,32,-1,-1,-1,-1,-1,17.475584,1,17.537024
2528,32,32,-1,-1,-1,-1,-1,17.409023,1,17.477633
2529,32,1040,-1,-1,-1,-1,-1,-1,0,79.671295
2530,32,32,-1,-1,-1,-1,-1,17.630207,1,17.694719
2531,32,32,-1,-1,-1,-1,-1,17.424383,1,17.46944
2532,32,32,-1,-1,-1,-1,-1,17.377279,1,17.44384
2533,32,1040,-1,-1,-1,-1,-1,-1,0,79.52179
2534,32,32,-1,-1,-1,-1,-1,17.627136,1,17.695744
2535,32,32,-1,-1,-1,-1,-1,17.437696,1,17.508352
2536,32,32,-1,-1,-1,-1,-1,17.378304,1,17.446913
2537,32,1040,-1,-1,-1,-1,-1,-1,0,79.423485
2538,32,32,-1,-1,-1,-1,-1,17.639423,1,17.707008
2539,32,32,-1,-1,-1,-1,-1,17.510401,1,17.579008
2540,32,32,-1,-1,-1,-1,-1,17.425407,1,17.491968
2541,32,32,-1,-1,-1,-1,-1,17.367041,1,17.433599
2542,32,32,-1,-1,-1,-1,-1,17.330175,1,17.398785
2543,32,32,-1,-1,-1,-1,-1,17.335297,1,17.401855
2544,32,32,-1,-1,-1,-1,-1,17.350657,1,17.417215
2545,32,32,-1,-1,-1,-1,-1,17.34656,1,17.41312
2546,32,32,-1,-1,-1,-1,-1,17.299456,1,17.366016
2547,32,32,-1,-1,-1,-1,-1,17.284096,1,17.330175
2548,32,32,-1,-1,-1,-1,-1,17.289215,1,17.355776
2549,32,1040,-1,-1,-1,-1,-1,-1,0,79.125504
2550,32,32,-1,-1,-1,-1,-1,17.538048,1,17.605633
2551,32,32,-1,-1,-1,-1,-1,17.440767,1,17.509377
2552,32,32,-1,-1,-1,-1,-1,17.357824,1,17.424383
2553,32,1040,-1,-1,-1,-1,-1,-1,0,79.659004
2554,32,32,-1,-1,-1,-1,-1,17.606655,1,17.672192
2555,32,32,-1,-1,-1,-1,-1,17.444864,1,17.50528
2556,32,1040,-1,-1,-1,-1,-1,-1,0,79.858688
2557,32,32,-1,-1,-1,-1,-1,17.520639,1,17.5872
2558,32,32,-1,-1,-1,-1,-1,17.39776,1,17.473536
2559,32,1040,-1,-1,-1,-1,-1,-1,0,79.989761
2560,32,32,-1,-1,-1,-1,-1,17.645569,1,17.70496
2561,32,1040,-1,-1,-1,-1,-1,-1,0,80.183296
2562,32,32,-1,-1,-1,-1,-1,17.550337,1,17.61792
2563,32,1039,-1,-1,-1,-1,-1,-1,0,80.335869
2564,32,32,-1,-1,-1,-1,-1,17.627136,1,17.694719
2565,32,1040,-1,-1,-1,-1,-1,-1,0,80.493568
2566,32,32,-1,-1,-1,-1,-1,17.5616,1,17.622017
2567,32,32,-1,-1,-1,-1,-1,17.47456,1,17.543167
2568,32,32,-1,-1,-1,-1,-1,17.401855,1,17.46944
2569,32,32,-1,-1,-1,-1,-1,17.354752,1,17.421312
2570,32,32,-1,-1,-1,-1,-1,17.325056,1,17.388544
2571,32,32,-1,-1,-1,-1,-1,17.325056,1,17.390593
2572,32,32,-1,-1,-1,-1,-1,17.32608,1,17.384447
2573,32,32,-1,-1,-1,-1,-1,17.337343,1,17.404928
2574,32,32,-1,-1,-1,-1,-1,17.282047,1,17.347584
2575,32,32,-1,-1,-1,-1,-1,17.306623,1,17.373184
2576,32,32,-1,-1,-1,-1,-1,17.304577,1,17.368065
2577,32,1039,-1,-1,-1,-1,-1,-1,0,79.681534
2578,32,32,-1,-1,-1,-1,-1,17.540096,1,17.606655
2579,32,32,-1,-1,-1,-1,-1,17.463297,1,17.509377
2580,32,32,-1,-1,-1,-1,-1,17.386496,1,17.454081
2581,32,32,-1,-1,-1,-1,-1,17.350657,1,17.417215
2582,32,1039,-1,-1,-1,-1,-1,-1,0,79.778816
2583,32,32,-1,-1,-1,-1,-1,17.62816,1,17.695744
2584,32,1040,-1,-1,-1,-1,-1,-1,0,80.026627
2585,32,32,-1,-1,-1,-1,-1,17.622017,1,17.690624
2586,32,32,-1,-1,-1,-1,-1,17.448959,1,17.524736
2587,32,32,-1,-1,-1,-1,-1,17.395712,1,17.460224
2588,32,32,-1,-1,-1,-1,-1,17.349632,1,17.417215
2589,32,32,-1,-1,-1,-1,-1,17.34656,1,17.41312
2590,32,32,-1,-1,-1,-1,-1,17.367041,1,17.434624
2591,32,32,-1,-1,-1,-1,-1,17.351681,1,17.419264
2592,32,32,-1,-1,-1,-1,-1,17.332224,1,17.392639
2593,32,32,-1,-1,-1,-1,-1,17.317888,1,17.384447
2594,32,32,-1,-1,-1,-1,-1,17.32608,1,17.390593
2595,32,1040,-1,-1,-1,-1,-1,-1,0,79.430656
2596,32,32,-1,-1,-1,-1,-1,17.600512,1,17.668097
2597,32,32,-1,-1,-1,-1,-1,17.482752,1,17.542145
2598,32,1040,-1,-1,-1,-1,-1,-1,0,79.697922
2599,32,32,-1,-1,-1,-1,-1,17.676289,1,17.743872
2600,32,32,-1,-1,-1,-1,-1,17.494017,1,17.5616
2601,32,32,-1,-1,-1,-1,-1,17.440767,1,17.509377
2602,32,32,-1,-1,-1,-1,-1,17.398785,1,17.465343
2603,32,32,-1,-1,-1,-1,-1,17.389568,1,17.455105
2604,32,32,-1,-1,-1,-1,-1,17.393663,1,17.461248
2605,32,1040,-1,-1,-1,-1,-1,-1,0,79.811584
2606,32,32,-1,-1,-1,-1,-1,17.646591,1,17.713152
2607,32,32,-1,-1,-1,-1,-1,17.502209,1,17.570816
2608,32,1040,-1,-1,-1,-1,-1,-1,0,79.489021
2609,32,1040,-1,-1,-1,-1,-1,-1,0,82.060287
2610,32,32,-1,-1,-1,-1,-1,17.650688,1,17.719296
2611,32,32,-1,-1,-1,-1,-1,17.473536,1,17.541121
2612,32,1040,-1,-1,-1,-1,-1,-1,0,80.011261
2613,32,32,-1,-1,-1,-1,-1,17.651712,1,17.719296
2614,32,32,-1,-1,-1,-1,-1,17.485825,1,17.545216
2615,32,32,-1,-1,-1,-1,-1,17.436672,1,17.503231
2616,32,32,-1,-1,-1,-1,-1,17.382401,1,17.451008
2617,32,32,-1,-1,-1,-1,-1,17.374208,1,17.433599
2618,32,1040,-1,-1,-1,-1,-1,-1,0,79.225853
2619,32,32,-1,-1,-1,-1,-1,17.585152,1,17.651712
2620,32,1040,-1,-1,-1,-1,-1,-1,0,80.393219
2621,32,1040,-1,-1,-1,-1,-1,-1,0,81.889282
2622,32,32,-1,-1,-1,-1,-1,17.598463,1,17.665024
2623,32,32,-1,-1,-1,-1,-1,17.483776,1,17.550337
2624,32,32,-1,-1,-1,-1,-1,17.422337,1,17.48992
2625,32,1040,-1,-1,-1,-1,-1,-1,0,79.582207
2626,32,32,-1,-1,-1,-1,-1,17.63328,1,17.701887
2627,32,32,-1,-1,-1,-1,-1,17.467392,1,17.526785
2628,32,1040,-1,-1,-1,-1,-1,-1,0,79.379456
2629,32,32,-1,-1,-1,-1,-1,17.636353,1,17.702911
2630,32,32,-1,-1,-1,-1,-1,17.447935,1,17.516544
2631,32,32,-1,-1,-1,-1,-1,17.390593,1,17.4592
2632,32,32,-1,-1,-1,-1,-1,17.361919,1,17.427456
2633,32,32,-1,-1,-1,-1,-1,17.353727,1,17.422337
2634,32,32,-1,-1,-1,-1,-1,17.349632,1,17.415169
2635,32,32,-1,-1,-1,-1,-1,17.355776,1,17.419264
2636,32,32,-1,-1,-1,-1,-1,17.324032,1,17.391617
2637,32,32,-1,-1,-1,-1,-1,17.309696,1,17.375233
2638,32,32,-1,-1,-1,-1,-1,17.327105,1,17.390593
2639,32,32,-1,-1,-1,-1,-1,17.327105,1,17.385471
2640,32,32,-1,-1,-1,-1,-1,17.324032,1,17.388544
2641,32,2048,-1,-1,-1,-1,-1,-1,0,133.519363
2642,32,1040,-1,-1,-1,-1,-1,-1,0,81.949699
2643,32,1040,-1,-1,-1,-1,-1,-1,0,81.73568
2644,32,32,-1,-1,-1,-1,-1,17.575935,1,17.641472
2645,32,32,-1,-1,-1,-1,-1,17.464319,1,17.532928
2646,32,1040,-1,-1,-1,-1,-1,-1,0,80.114685
2647,32,32,-1,-1,-1,-1,-1,17.596416,1,17.664
2648,32,32,-1,-1,-1,-1,-1,17.4848,1,17.553408
2649,32,3055,-1,-1,-1,-1,-1,-1,0,195.064835
2650,32,32,-1,-1,-1,-1,-1,17.570816,1,17.638399
2651,32,32,-1,-1,-1,-1,-1,17.424383,1,17.490944
2652,32,32,-1,-1,-1,-1,-1,17.38752,1,17.457151
2653,32,32,-1,-1,-1,-1,-1,17.332224,1,17.399809
2654,32,32,-1,-1,-1,-1,-1,17.312769,1,17.3568
2655,32,1040,-1,-1,-1,-1,-1,-1,0,79.807487
2656,32,32,-1,-1,-1,-1,-1,17.649664,1,17.717249
2657,32,32,-1,-1,-1,-1,-1,17.496063,1,17.564672
2658,32,1040,-1,-1,-1,-1,-1,-1,0,79.879166
2659,32,32,-1,-1,-1,-1,-1,17.586176,1,17.652737
2660,32,32,-1,-1,-1,-1,-1,17.490944,1,17.560575
2661,32,32,-1,-1,-1,-1,-1,17.41824,1,17.486849
2662,32,32,-1,-1,-1,-1,-1,17.363968,1,17.431553
2663,32,32,-1,-1,-1,-1,-1,17.32608,1,17.391617
2664,32,32,-1,-1,-1,-1,-1,17.321983,1,17.391617
2665,32,32,-1,-1,-1,-1,-1,17.338367,1,17.406977
2666,32,32,-1,-1,-1,-1,-1,17.349632,1,17.417215
2667,32,32,-1,-1,-1,-1,-1,17.317888,1,17.362944
2668,32,1040,-1,-1,-1,-1,-1,-1,0,79.205376
2669,32,32,-1,-1,-1,-1,-1,17.583103,1,17.64864
2670,32,32,-1,-1,-1,-1,-1,17.509377,1,17.554432
2671,32,32,-1,-1,-1,-1,-1,17.400831,1,17.468416
2672,32,1040,-1,-1,-1,-1,-1,-1,0,80.058365
2673,32,1040,-1,-1,-1,-1,-1,-1,0,81.603584
2674,32,32,-1,-1,-1,-1,-1,17.50528,1,17.574911
2675,32,32,-1,-1,-1,-1,-1,17.392639,1,17.461248
2676,32,32,-1,-1,-1,-1,-1,17.368065,1,17.435648
2677,32,32,-1,-1,-1,-1,-1,17.335297,1,17.401855
2678,32,32,-1,-1,-1,-1,-1,17.325056,1,17.391617
2679,32,32,-1,-1,-1,-1,-1,17.321983,1,17.388544
2680,32,32,-1,-1,-1,-1,-1,17.327105,1,17.394688
2681,32,32,-1,-1,-1,-1,-1,17.275904,1,17.343489
2682,32,32,-1,-1,-1,-1,-1,17.299456,1,17.357824
2683,32,32,-1,-1,-1,-1,-1,17.297407,1,17.34144
2684,32,1040,-1,-1,-1,-1,-1,-1,0,79.775742
2685,32,32,-1,-1,-1,-1,-1,17.57696,1,17.64352
2686,32,1040,-1,-1,-1,-1,-1,-1,0,80.355331
2687,32,32,-1,-1,-1,-1,-1,17.590273,1,17.657856
2688,32,32,-1,-1,-1,-1,-1,17.486849,1,17.555456
2689,32,1040,-1,-1,-1,-1,-1,-1,0,79.551491
2690,32,32,-1,-1,-1,-1,-1,17.647615,1,17.713152
2691,32,32,-1,-1,-1,-1,-1,17.468416,1,17.537024
2692,32,32,-1,-1,-1,-1,-1,17.415169,1,17.483776
2693,32,32,-1,-1,-1,-1,-1,17.369087,1,17.434624
2694,32,32,-1,-1,-1,-1,-1,17.3568,1,17.425407
2695,32,32,-1,-1,-1,-1,-1,17.369087,1,17.426432
2696,32,32,-1,-1,-1,-1,-1,17.354752,1,17.421312
2697,32,32,-1,-1,-1,-1,-1,17.344513,1,17.411072
2698,32,1040,-1,-1,-1,-1,-1,-1,0,79.068161
2699,32,32,-1,-1,-1,-1,-1,17.618944,1,17.662975
2700,32,1040,-1,-1,-1,-1,-1,-1,0,80.215042
2701,32,32,-1,-1,-1,-1,-1,17.606655,1,17.675264
2702,32,1040,-1,-1,-1,-1,-1,-1,0,80.189438
2703,32,32,-1,-1,-1,-1,-1,17.55648,1,17.63328
2704,32,32,-1,-1,-1,-1,-1,17.461248,1,17.529856
2705,32,1040,-1,-1,-1,-1,-1,-1,0,79.65184
2706,32,32,-1,-1,-1,-1,-1,17.582081,1,17.649664
2707,32,32,-1,-1,-1,-1,-1,17.454081,1,17.520639
2708,32,32,-1,-1,-1,-1,-1,17.401855,1,17.46944
2709,32,32,-1,-1,-1,-1,-1,17.357824,1,17.403904
2710,32,32,-1,-1,-1,-1,-1,17.371136,1,17.438721
2711,32,1039,-1,-1,-1,-1,-1,-1,0,79.901695
2712,32,32,-1,-1,-1,-1,-1,17.620993,1,17.679359
2713,32,32,-1,-1,-1,-1,-1,17.503231,1,17.562624
2714,32,1040,-1,-1,-1,-1,-1,-1,0,79.889404
2715,32,32,-1,-1,-1,-1,-1,17.596416,1,17.642496
2716,32,32,-1,-1,-1,-1,-1,17.458176,1,17.525761
2717,32,32,-1,-1,-1,-1,-1,17.368065,1,17.435648
2718,32,32,-1,-1,-1,-1,-1,17.34144,1,17.400831
2719,32,32,-1,-1,-1,-1,-1,17.355776,1,17.420288
2720,32,32,-1,-1,-1,-1,-1,17.355776,1,17.423361
2721,32,32,-1,-1,-1,-1,-1,17.367041,1,17.435648
2722,32,32,-1,-1,-1,-1,-1,17.328129,1,17.394688
2723,32,32,-1,-1,-1,-1,-1,17.30048,1,17.364992
2724,32,32,-1,-1,-1,-1,-1,17.305599,1,17.371136
2725,32,1040,-1,-1,-1,-1,-1,-1,0,79.537155
2726,32,32,-1,-1,-1,-1,-1,17.601536,1,17.668097
2727,32,1040,-1,-1,-1,-1,-1,-1,0,80.666626
2728,32,32,-1,-1,-1,-1,-1,17.589249,1,17.654783
2729,32,32,-1,-1,-1,-1,-1,17.466368,1,17.532928
2730,32,32,-1,-1,-1,-1,-1,17.373184,1,17.431553
2731,32,1040,-1,-1,-1,-1,-1,-1,0,79.371262
2732,32,32,-1,-1,-1,-1,-1,17.647615,1,17.708033
2733,32,32,-1,-1,-1,-1,-1,17.458176,1,17.525761
2734,32,32,-1,-1,-1,-1,-1,17.399809,1,17.473536
2735,32,1039,-1,-1,-1,-1,-1,-1,0,79.301636
2736,32,32,-1,-1,-1,-1,-1,17.575935,1,17.641472
2737,32,1040,-1,-1,-1,-1,-1,-1,0,80.238594
2738,32,32,-1,-1,-1,-1,-1,17.573889,1,17.632256
2739,32,32,-1,-1,-1,-1,-1,17.496063,1,17.562624
2740,32,32,-1,-1,-1,-1,-1,17.433599,1,17.502209
2741,32,32,-1,-1,-1,-1,-1,17.392639,1,17.451008
2742,32,32,-1,-1,-1,-1,-1,17.349632,1,17.417215
2743,32,32,-1,-1,-1,-1,-1,17.359873,1,17.419264
2744,32,1040,-1,-1,-1,-1,-1,-1,0,79.912956
2745,32,32,-1,-1,-1,-1,-1,17.647615,1,17.716225
2746,32,32,-1,-1,-1,-1,-1,17.479679,1,17.549313
2747,32,32,-1,-1,-1,-1,-1,17.415169,1,17.492992
2748,32,32,-1,-1,-1,-1,-1,17.377279,1,17.444864
2749,32,32,-1,-1,-1,-1,-1,17.360895,1,17.425407
2750,32,32,-1,-1,-1,-1,-1,17.379328,1,17.445889
2751,32,32,-1,-1,-1,-1,-1,17.368065,1,17.433599
2752,32,32,-1,-1,-1,-1,-1,17.348608,1,17.409023
2753,32,32,-1,-1,-1,-1,-1,17.34656,1,17.414145
2754,32,32,-1,-1,-1,-1,-1,17.317888,1,17.377279
2755,32,1040,-1,-1,-1,-1,-1,-1,0,79.495171
2756,32,1040,-1,-1,-1,-1,-1,-1,0,81.599487
2757,32,32,-1,-1,-1,-1,-1,17.646591,1,17.714176
2758,32,32,-1,-1,-1,-1,-1,17.480703,1,17.548288
2759,32,1040,-1,-1,-1,-1,-1,-1,0,79.655937
2760,32,32,-1,-1,-1,-1,-1,17.596416,1,17.680384
2761,32,2048,-1,-1,-1,-1,-1,-1,0,134.656006
2762,32,32,-1,-1,-1,-1,-1,17.64864,1,17.716225
2763,32,1040,-1,-1,-1,-1,-1,-1,0,80.403458
2764,32,1024,-1,-1,-1,-1,-1,-1,0,76.118019
2765,32,32,-1,-1,-1,-1,-1,17.527807,1,17.572865
2766,32,32,-1,-1,-1,-1,-1,17.415169,1,17.483776
2767,32,32,-1,-1,-1,-1,-1,17.393663,1,17.460224
2768,32,1040,-1,-1,-1,-1,-1,-1,0,79.693825
2769,32,1040,-1,-1,-1,-1,-1,-1,0,81.979393
2770,32,32,-1,-1,-1,-1,-1,17.534975,1,17.60256
2771,32,32,-1,-1,-1,-1,-1,17.458176,1,17.524736
2772,32,32,-1,-1,-1,-1,-1,17.38752,1,17.456127
2773,32,32,-1,-1,-1,-1,-1,17.316864,1,17.383425
2774,32,1040,-1,-1,-1,-1,-1,-1,0,79.63443
2775,32,32,-1,-1,-1,-1,-1,17.577984,1,17.645569
2776,32,32,-1,-1,-1,-1,-1,17.468416,1,17.537024
2777,32,1040,-1,-1,-1,-1,-1,-1,0,79.576065
2778,32,2048,-1,-1,-1,-1,-1,-1,0,135.82132
2779,32,32,-1,-1,-1,-1,-1,17.557505,1,17.625088
2780,32,32,-1,-1,-1,-1,-1,17.4592,1,17.527807
2781,32,32,-1,-1,-1,-1,-1,17.367041,1,17.411072
2782,32,32,-1,-1,-1,-1,-1,17.302528,1,17.370111
2783,32,32,-1,-1,-1,-1,-1,17.304577,1,17.348608
2784,32,32,-1,-1,-1,-1,-1,17.299456,1,17.367041
2785,32,32,-1,-1,-1,-1,-1,17.31072,1,17.379328
2786,32,32,-1,-1,-1,-1,-1,17.303553,1,17.370111
2787,32,32,-1,-1,-1,-1,-1,17.277952,1,17.34144
2788,32,32,-1,-1,-1,-1,-1,17.296385,1,17.362944
2789,32,32,-1,-1,-1,-1,-1,17.293312,1,17.359873
2790,32,32,-1,-1,-1,-1,-1,17.307648,1,17.374208
2791,32,32,-1,-1,-1,-1,-1,17.301504,1,17.368065
2792,32,32,-1,-1,-1,-1,-1,17.31072,1,17.377279
2793,32,32,-1,-1,-1,-1,-1,17.306623,1,17.364992
2794,32,1040,-1,-1,-1,-1,-1,-1,0,79.605759
2795,32,32,-1,-1,-1,-1,-1,17.65888,1,17.727488
2796,32,1040,-1,-1,-1,-1,-1,-1,0,80.255997
2797,32,1040,-1,-1,-1,-1,-1,-1,0,80.667648
2798,32,32,-1,-1,-1,-1,-1,17.579008,1,17.645569
2799,32,32,-1,-1,-1,-1,-1,17.430529,1,17.475584
2800,32,1040,-1,-1,-1,-1,-1,-1,0,79.691772
2801,32,32,-1,-1,-1,-1,-1,17.646591,1,17.714176
2802,32,32,-1,-1,-1,-1,-1,17.50528,1,17.552383
2803,32,32,-1,-1,-1,-1,-1,17.405952,1,17.464319
2804,32,1040,-1,-1,-1,-1,-1,-1,0,79.57811
2805,32,32,-1,-1,-1,-1,-1,17.57696,1,17.637377
2806,32,1040,-1,-1,-1,-1,-1,-1,0,80.636925
2807,32,32,-1,-1,-1,-1,-1,17.538048,1,17.605633
2808,32,32,-1,-1,-1,-1,-1,17.455105,1,17.522688
2809,32,32,-1,-1,-1,-1,-1,17.395712,1,17.463297
2810,32,32,-1,-1,-1,-1,-1,17.325056,1,17.385471
2811,32,32,-1,-1,-1,-1,-1,17.31584,1,17.384447
2812,32,32,-1,-1,-1,-1,-1,17.327105,1,17.394688
2813,32,32,-1,-1,-1,-1,-1,17.3312,1,17.395712
2814,32,1040,-1,-1,-1,-1,-1,-1,0,79.340546
2815,32,32,-1,-1,-1,-1,-1,17.596416,1,17.639423
2816,32,32,-1,-1,-1,-1,-1,17.496063,1,17.563648
2817,32,32,-1,-1,-1,-1,-1,17.445889,1,17.513472
2818,32,32,-1,-1,-1,-1,-1,17.382401,1,17.427456
2819,32,32,-1,-1,-1,-1,-1,17.342464,1,17.409023
2820,32,32,-1,-1,-1,-1,-1,17.357824,1,17.425407
2821,32,1040,-1,-1,-1,-1,-1,-1,0,79.403008
2822,32,32,-1,-1,-1,-1,-1,17.636353,1,17.703936
2823,32,32,-1,-1,-1,-1,-1,17.477633,1,17.54624
2824,32,32,-1,-1,-1,-1,-1,17.400831,1,17.46944
2825,32,32,-1,-1,-1,-1,-1,17.357824,1,17.425407
2826,32,1040,-1,-1,-1,-1,-1,-1,0,79.719421
2827,32,1040,-1,-1,-1,-1,-1,-1,0,82.227203
2828,32,32,-1,-1,-1,-1,-1,17.64864,1,17.7152
2829,32,32,-1,-1,-1,-1,-1,17.549313,1,17.615871
2830,32,32,-1,-1,-1,-1,-1,17.410048,1,17.476608
2831,32,32,-1,-1,-1,-1,-1,17.345535,1,17.391617
2832,32,32,-1,-1,-1,-1,-1,17.344513,1,17.410048
2833,32,32,-1,-1,-1,-1,-1,17.34656,1,17.415169
2834,32,32,-1,-1,-1,-1,-1,17.337343,1,17.381376
2835,32,32,-1,-1,-1,-1,-1,17.345535,1,17.411072
2836,32,32,-1,-1,-1,-1,-1,17.296385,1,17.362944
2837,32,32,-1,-1,-1,-1,-1,17.305599,1,17.371136
2838,32,32,-1,-1,-1,-1,-1,17.319937,1,17.385471
2839,32,1040,-1,-1,-1,-1,-1,-1,0,79.767555
2840,32,32,-1,-1,-1,-1,-1,17.651712,1,17.721344
2841,32,32,-1,-1,-1,-1,-1,17.520639,1,17.581057
2842,32,32,-1,-1,-1,-1,-1,17.463297,1,17.537024
2843,32,32,-1,-1,-1,-1,-1,17.400831,1,17.467392
2844,32,32,-1,-1,-1,-1,-1,17.378304,1,17.444864
2845,32,32,-1,-1,-1,-1,-1,17.373184,1,17.439745
2846,32,3056,-1,-1,-1,-1,-1,-1,0,194.37056
2847,32,32,-1,-1,-1,-1,-1,17.644545,1,17.6896
2848,32,32,-1,-1,-1,-1,-1,17.475584,1,17.544191
2849,32,1040,-1,-1,-1,-1,-1,-1,0,79.647743
2850,32,1040,-1,-1,-1,-1,-1,-1,0,81.882111
2851,32,32,-1,-1,-1,-1,-1,17.641472,1,17.699841
2852,32,32,-1,-1,-1,-1,-1,17.476608,1,17.545216
2853,32,32,-1,-1,-1,-1,-1,17.420288,1,17.486849
2854,32,32,-1,-1,-1,-1,-1,17.368065,1,17.436672
2855,32,32,-1,-1,-1,-1,-1,17.338367,1,17.404928
2856,32,32,-1,-1,-1,-1,-1,17.34656,1,17.414145
2857,32,32,-1,-1,-1,-1,-1,17.357824,1,17.423361
2858,32,32,-1,-1,-1,-1,-1,17.342464,1,17.409023
2859,32,32,-1,-1,-1,-1,-1,17.319937,1,17.385471
2860,32,1040,-1,-1,-1,-1,-1,-1,0,79.821823
2861,32,32,-1,-1,-1,-1,-1,17.677313,1,17.743872
2862,32,32,-1,-1,-1,-1,-1,17.479679,1,17.545216
2863,32,32,-1,-1,-1,-1,-1,17.417215,1,17.463297
2864,32,2046,-1,-1,-1,-1,-1,-1,0,133.888
2865,32,32,-1,-1,-1,-1,-1,17.646591,1,17.717249
2866,32,32,-1,-1,-1,-1,-1,17.496063,1,17.564672
2867,32,32,-1,-1,-1,-1,-1,17.40288,1,17.46944
2868,32,32,-1,-1,-1,-1,-1,17.350657,1,17.41824
2869,32,32,-1,-1,-1,-1,-1,17.354752,1,17.420288
2870,32,32,-1,-1,-1,-1,-1,17.349632,1,17.41824
2871,32,32,-1,-1,-1,-1,-1,17.349632,1,17.417215
2872,32,1040,-1,-1,-1,-1,-1,-1,0,79.301636
2873,32,32,-1,-1,-1,-1,-1,17.599487,1,17.656832
2874,32,1040,-1,-1,-1,-1,-1,-1,0,80.136192
2875,32,1040,-1,-1,-1,-1,-1,-1,0,81.881088
2876,32,32,-1,-1,-1,-1,-1,17.642496,1,17.710079
2877,32,32,-1,-1,-1,-1,-1,17.520639,1,17.580032
2878,32,1040,-1,-1,-1,-1,-1,-1,0,79.847427
2879,32,32,-1,-1,-1,-1,-1,17.635328,1,17.681408
2880,32,32,-1,-1,-1,-1,-1,17.519615,1,17.588224
2881,32,32,-1,-1,-1,-1,-1,17.433599,1,17.501184
2882,32,32,-1,-1,-1,-1,-1,17.401855,1,17.460224
2883,32,1040,-1,-1,-1,-1,-1,-1,0,79.427582
2884,32,32,-1,-1,-1,-1,-1,17.61792,1,17.685505
2885,32,32,-1,-1,-1,-1,-1,17.457151,1,17.525761
2886,32,32,-1,-1,-1,-1,-1,17.406977,1,17.47456
2887,32,32,-1,-1,-1,-1,-1,17.380352,1,17.447935
2888,32,1040,-1,-1,-1,-1,-1,-1,0,79.636482
2889,32,32,-1,-1,-1,-1,-1,17.634304,1,17.700865
2890,32,1040,-1,-1,-1,-1,-1,-1,0,80.667648
2891,32,32,-1,-1,-1,-1,-1,17.631231,1,17.698816
2892,32,1040,-1,-1,-1,-1,-1,-1,0,80.204803
2893,32,32,-1,-1,-1,-1,-1,17.573889,1,17.640448
2894,32,32,-1,-1,-1,-1,-1,17.425407,1,17.4848
2895,32,1040,-1,-1,-1,-1,-1,-1,0,79.267838
2896,32,32,-1,-1,-1,-1,-1,17.610752,1,17.678335
2897,32,32,-1,-1,-1,-1,-1,17.433599,1,17.501184
2898,32,32,-1,-1,-1,-1,-1,17.390593,1,17.458176
2899,32,32,-1,-1,-1,-1,-1,17.333248,1,17.39776
2900,32,32,-1,-1,-1,-1,-1,17.339392,1,17.403904
2901,32,1040,-1,-1,-1,-1,-1,-1,0,79.6119
2902,32,32,-1,-1,-1,-1,-1,17.588224,1,17.656832
2903,32,1040,-1,-1,-1,-1,-1,-1,0,80.513023
2904,32,32,-1,-1,-1,-1,-1,17.574911,1,17.635328
2905,32,32,-1,-1,-1,-1,-1,17.574911,1,17.654783
2906,32,1040,-1,-1,-1,-1,-1,-1,0,80.30925
2907,32,32,-1,-1,-1,-1,-1,17.642496,1,17.710079
2908,32,32,-1,-1,-1,-1,-1,17.483776,1,17.551359
2909,32,1040,-1,-1,-1,-1,-1,-1,0,79.567871
2910,32,32,-1,-1,-1,-1,-1,17.57696,1,17.646591
2911,32,32,-1,-1,-1,-1,-1,17.441792,1,17.508352
2912,32,32,-1,-1,-1,-1,-1,17.373184,1,17.431553
2913,32,1040,-1,-1,-1,-1,-1,-1,0,79.321091
2914,32,1040,-1,-1,-1,-1,-1,-1,0,81.98349
2915,32,32,-1,-1,-1,-1,-1,17.600512,1,17.668097
2916,32,32,-1,-1,-1,-1,-1,17.441792,1,17.50016
2917,32,32,-1,-1,-1,-1,-1,17.380352,1,17.447935
2918,32,32,-1,-1,-1,-1,-1,17.339392,1,17.410048
2919,32,32,-1,-1,-1,-1,-1,17.337343,1,17.403904
2920,32,32,-1,-1,-1,-1,-1,17.333248,1,17.400831
2921,32,1040,-1,-1,-1,-1,-1,-1,0,79.922173
2922,32,32,-1,-1,-1,-1,-1,17.595392,1,17.664
2923,32,32,-1,-1,-1,-1,-1,17.492992,1,17.560575
2924,32,32,-1,-1,-1,-1,-1,17.416191,1,17.485825
2925,32,32,-1,-1,-1,-1,-1,17.377279,1,17.434624
2926,32,32,-1,-1,-1,-1,-1,17.328129,1,17.396736
2927,32,32,-1,-1,-1,-1,-1,17.351681,1,17.419264
2928,32,1040,-1,-1,-1,-1,-1,-1,0,79.513603
2929,32,32,-1,-1,-1,-1,-1,17.523712,1,17.589249
2930,32,32,-1,-1,-1,-1,-1,17.404928,1,17.473536
2931,32,32,-1,-1,-1,-1,-1,17.345535,1,17.409023
2932,32,1040,-1,-1,-1,-1,-1,-1,0,79.259651
2933,32,32,-1,-1,-1,-1,-1,17.572865,1,17.632256
2934,32,32,-1,-1,-1,-1,-1,17.491968,1,17.569792
2935,32,32,-1,-1,-1,-1,-1,17.403904,1,17.471489
2936,32,1040,-1,-1,-1,-1,-1,-1,0,79.717377
2937,32,32,-1,-1,-1,-1,-1,17.580032,1,17.646591
2938,32,32,-1,-1,-1,-1,-1,17.496063,1,17.562624
2939,32,32,-1,-1,-1,-1,-1,17.40288,1,17.470465
2940,32,1040,-1,-1,-1,-1,-1,-1,0,79.312897
2941,32,32,-1,-1,-1,-1,-1,17.611776,1,17.678335
2942,32,1040,-1,-1,-1,-1,-1,-1,0,80.296959
2943,32,32,-1,-1,-1,-1,-1,17.619968,1,17.686527
2944,32,32,-1,-1,-1,-1,-1,17.441792,1,17.503231
2945,32,32,-1,-1,-1,-1,-1,17.390593,1,17.465343
2946,32,32,-1,-1,-1,-1,-1,17.364992,1,17.431553
2947,32,32,-1,-1,-1,-1,-1,17.344513,1,17.411072
2948,32,1040,-1,-1,-1,-1,-1,-1,0,79.503357
2949,32,32,-1,-1,-1,-1,-1,17.549313,1,17.615871
2950,32,32,-1,-1,-1,-1,-1,17.50016,1,17.547264
2951,32,32,-1,-1,-1,-1,-1,17.396736,1,17.46944
2952,32,32,-1,-1,-1,-1,-1,17.351681,1,17.411072
2953,32,32,-1,-1,-1,-1,-1,17.354752,1,17.430529
2954,32,32,-1,-1,-1,-1,-1,17.364992,1,17.424383
2955,32,1040,-1,-1,-1,-1,-1,-1,0,79.470589
2956,32,32,-1,-1,-1,-1,-1,17.579008,1,17.638399
2957,32,32,-1,-1,-1,-1,-1,17.463297,1,17.53088
2958,32,32,-1,-1,-1,-1,-1,17.445889,1,17.513472
2959,32,32,-1,-1,-1,-1,-1,17.374208,1,17.439745
2960,32,1040,-1,-1,-1,-1,-1,-1,0,79.780861
2961,32,32,-1,-1,-1,-1,-1,17.589249,1,17.656832
2962,32,1040,-1,-1,-1,-1,-1,-1,0,80.177155
2963,32,1040,-1,-1,-1,-1,-1,-1,0,81.911804
2964,32,32,-1,-1,-1,-1,-1,17.647615,1,17.709057
2965,32,1040,-1,-1,-1,-1,-1,-1,0,80.608253
2966,32,32,-1,-1,-1,-1,-1,17.640448,1,17.686527
2967,32,32,-1,-1,-1,-1,-1,17.461248,1,17.521664
2968,32,32,-1,-1,-1,-1,-1,17.366016,1,17.427456
2969,32,32,-1,-1,-1,-1,-1,17.320959,1,17.38752
2970,32,32,-1,-1,-1,-1,-1,17.339392,1,17.39776
2971,32,32,-1,-1,-1,-1,-1,17.323008,1,17.389568
2972,32,32,-1,-1,-1,-1,-1,17.364992,1,17.432575
2973,32,1040,-1,-1,-1,-1,-1,-1,0,79.639549
2974,32,32,-1,-1,-1,-1,-1,17.666048,1,17.733631
2975,32,32,-1,-1,-1,-1,-1,17.512447,1,17.581057
2976,32,32,-1,-1,-1,-1,-1,17.426432,1,17.495041
2977,32,1040,-1,-1,-1,-1,-1,-1,0,79.415298
2978,32,32,-1,-1,-1,-1,-1,17.605633,1,17.675264
2979,32,32,-1,-1,-1,-1,-1,17.470465,1,17.540096
2980,32,32,-1,-1,-1,-1,-1,17.405952,1,17.465343
2981,32,32,-1,-1,-1,-1,-1,17.355776,1,17.423361
2982,32,1040,-1,-1,-1,-1,-1,-1,0,79.673347
2983,32,32,-1,-1,-1,-1,-1,17.599487,1,17.666048
2984,32,1040,-1,-1,-1,-1,-1,-1,0,80.232445
2985,32,32,-1,-1,-1,-1,-1,17.636353,1,17.700865
2986,32,1040,-1,-1,-1,-1,-1,-1,0,80.504829
2987,32,32,-1,-1,-1,-1,-1,17.63328,1,17.699841
2988,32,32,-1,-1,-1,-1,-1,17.568768,1,17.638399
2989,32,1039,-1,-1,-1,-1,-1,-1,0,80.21299
2990,32,32,-1,-1,-1,-1,-1,17.635328,1,17.70496
2991,32,32,-1,-1,-1,-1,-1,17.498112,1,17.565697
2992,32,32,-1,-1,-1,-1,-1,17.41824,1,17.485825
2993,32,32,-1,-1,-1,-1,-1,17.369087,1,17.434624
2994,32,32,-1,-1,-1,-1,-1,17.333248,1,17.393663
2995,32,1040,-1,-1,-1,-1,-1,-1,0,79.689728
2996,32,1040,-1,-1,-1,-1,-1,-1,0,81.850365
2997,32,32,-1,-1,-1,-1,-1,17.627136,1,17.688576
2998,32,32,-1,-1,-1,-1,-1,17.453056,1,17.521664
2999,32,1040,-1,-1,-1,-1,-1,-1,0,79.969276
3000,32,32,-1,-1,-1,-1,-1,17.636353,1,17.703936
3001,32,32,-1,-1,-1,-1,-1,17.438721,1,17.504255
3002,32,32,-1,-1,-1,-1,-1,17.420288,1,17.488895
3003,32,1040,-1,-1,-1,-1,-1,-1,0,79.655937
3004,32,32,-1,-1,-1,-1,-1,17.632256,1,17.691648
3005,32,32,-1,-1,-1,-1,-1,17.492992,1,17.5616
3006,32,32,-1,-1,-1,-1,-1,17.398785,1,17.467392
3007,32,32,-1,-1,-1,-1,-1,17.343489,1,17.409023
3008,32,32,-1,-1,-1,-1,-1,17.325056,1,17.390593
3009,32,32,-1,-1,-1,-1,-1,17.319937,1,17.386496
3010,32,32,-1,-1,-1,-1,-1,17.3312,1,17.398785
3011,32,32,-1,-1,-1,-1,-1,17.333248,1,17.400831
3012,32,1040,-1,-1,-1,-1,-1,-1,0,79.246338
3013,32,32,-1,-1,-1,-1,-1,17.653761,1,17.721344
3014,32,32,-1,-1,-1,-1,-1,17.476608,1,17.54624
3015,32,1039,-1,-1,-1,-1,-1,-1,0,79.806465
3016,32,32,-1,-1,-1,-1,-1,17.57696,1,17.642496
3017,32,32,-1,-1,-1,-1,-1,17.487871,1,17.555456
3018,32,1040,-1,-1,-1,-1,-1,-1,0,79.61805
3019,32,32,-1,-1,-1,-1,-1,17.553408,1,17.619968
3020,32,32,-1,-1,-1,-1,-1,17.467392,1,17.537024
3021,32,32,-1,-1,-1,-1,-1,17.39776,1,17.465343
3022,32,32,-1,-1,-1,-1,-1,17.370111,1,17.434624
3023,32,32,-1,-1,-1,-1,-1,17.354752,1,17.399809
3024,32,1040,-1,-1,-1,-1,-1,-1,0,79.3815
3025,32,1040,-1,-1,-1,-1,-1,-1,0,81.638397
3026,32,32,-1,-1,-1,-1,-1,17.635328,1,17.703936
3027,32,32,-1,-1,-1,-1,-1,17.431553,1,17.499136
3028,32,32,-1,-1,-1,-1,-1,17.383425,1,17.464319
3029,32,1040,-1,-1,-1,-1,-1,-1,0,79.397888
3030,32,32,-1,-1,-1,-1,-1,17.652737,1,17.719296
3031,32,1039,-1,-1,-1,-1,-1,-1,0,80.277504
3032,32,32,-1,-1,-1,-1,-1,17.642496,1,17.710079
3033,32,1040,-1,-1,-1,-1,-1,-1,0,80.546814
3034,32,32,-1,-1,-1,-1,-1,17.599487,1,17.657856
3035,32,1040,-1,-1,-1,-1,-1,-1,0,80.490494
3036,32,32,-1,-1,-1,-1,-1,17.572865,1,17.639423
3037,32,32,-1,-1,-1,-1,-1,17.445889,1,17.514496
3038,32,32,-1,-1,-1,-1,-1,17.368065,1,17.42848
3039,32,32,-1,-1,-1,-1,-1,17.329151,1,17.37216
3040,32,32,-1,-1,-1,-1,-1,17.339392,1,17.406977
3041,32,1040,-1,-1,-1,-1,-1,-1,0,79.964157
3042,32,32,-1,-1,-1,-1,-1,17.640448,1,17.707008
3043,32,32,-1,-1,-1,-1,-1,17.462273,1,17.521664
3044,32,32,-1,-1,-1,-1,-1,17.394688,1,17.460224
3045,32,32,-1,-1,-1,-1,-1,17.334272,1,17.40288
3046,32,32,-1,-1,-1,-1,-1,17.329151,1,17.395712
3047,32,32,-1,-1,-1,-1,-1,17.345535,1,17.409023
3048,32,1040,-1,-1,-1,-1,-1,-1,0,79.414268
3049,32,32,-1,-1,-1,-1,-1,17.595392,1,17.662975
3050,32,32,-1,-1,-1,-1,-1,17.411072,1,17.491968
3051,32,1040,-1,-1,-1,-1,-1,-1,0,79.698944
3052,32,32,-1,-1,-1,-1,-1,17.577984,1,17.645569
3053,32,32,-1,-1,-1,-1,-1,17.429504,1,17.496063
3054,32,32,-1,-1,-1,-1,-1,17.384447,1,17.451008
3055,32,32,-1,-1,-1,-1,-1,17.32608,1,17.369087
3056,32,1040,-1,-1,-1,-1,-1,-1,0,79.641602
3057,32,1039,-1,-1,-1,-1,-1,-1,0,81.574913
3058,32,32,-1,-1,-1,-1,-1,17.626112,1,17.693695
3059,32,32,-1,-1,-1,-1,-1,17.470465,1,17.531904
3060,32,32,-1,-1,-1,-1,-1,17.403904,1,17.471489
3061,32,32,-1,-1,-1,-1,-1,17.371136,1,17.437696
3062,32,1040,-1,-1,-1,-1,-1,-1,0,79.725571
3063,32,32,-1,-1,-1,-1,-1,17.540096,1,17.606655
3064,32,32,-1,-1,-1,-1,-1,17.409023,1,17.476608
3065,32,32,-1,-1,-1,-1,-1,17.354752,1,17.412096
3066,32,32,-1,-1,-1,-1,-1,17.344513,1,17.401855
3067,32,32,-1,-1,-1,-1,-1,17.329151,1,17.394688
3068,32,32,-1,-1,-1,-1,-1,17.338367,1,17.383425
3069,32,1040,-1,-1,-1,-1,-1,-1,0,79.836159
3070,32,32,-1,-1,-1,-1,-1,17.590273,1,17.656832
3071,32,32,-1,-1,-1,-1,-1,17.482752,1,17.527807
3072,32,1039,-1,-1,-1,-1,-1,-1,0,79.577087
3073,32,32,-1,-1,-1,-1,-1,17.589249,1,17.657856
3074,32,32,-1,-1,-1,-1,-1,17.506304,1,17.567743
3075,32,32,-1,-1,-1,-1,-1,17.419264,1,17.486849
3076,32,32,-1,-1,-1,-1,-1,17.388544,1,17.456127
3077,32,1040,-1,-1,-1,-1,-1,-1,0,79.411201
3078,32,32,-1,-1,-1,-1,-1,17.542145,1,17.607679
3079,32,32,-1,-1,-1,-1,-1,17.441792,1,17.508352
3080,32,32,-1,-1,-1,-1,-1,17.393663,1,17.4592
3081,32,32,-1,-1,-1,-1,-1,17.349632,1,17.415169
3082,32,32,-1,-1,-1,-1,-1,17.362944,1,17.430529
3083,32,32,-1,-1,-1,-1,-1,17.351681,1,17.417215
3084,32,32,-1,-1,-1,-1,-1,17.364992,1,17.409023
3085,32,32,-1,-1,-1,-1,-1,17.343489,1,17.410048
3086,32,32,-1,-1,-1,-1,-1,17.316864,1,17.396736
3087,32,32,-1,-1,-1,-1,-1,17.308672,1,17.352703
3088,32,32,-1,-1,-1,-1,-1,17.296385,1,17.354752
3089,32,1040,-1,-1,-1,-1,-1,-1,0,78.914558
3090,32,32,-1,-1,-1,-1,-1,17.586176,1,17.654783
3091,32,32,-1,-1,-1,-1,-1,17.472511,1,17.538048
3092,32,2048,-1,-1,-1,-1,-1,-1,0,133.763077
3093,32,32,-1,-1,-1,-1,-1,17.619968,1,17.688576
3094,32,32,-1,-1,-1,-1,-1,17.498112,1,17.564672
3095,32,32,-1,-1,-1,-1,-1,17.436672,1,17.502209
3096,32,32,-1,-1,-1,-1,-1,17.394688,1,17.460224
3097,32,32,-1,-1,-1,-1,-1,17.371136,1,17.436672
3098,32,32,-1,-1,-1,-1,-1,17.353727,1,17.421312
3099,32,1040,-1,-1,-1,-1,-1,-1,0,80.068611
3100,32,1040,-1,-1,-1,-1,-1,-1,0,81.682434
3101,32,32,-1,-1,-1,-1,-1,17.581057,1,17.647615
3102,32,32,-1,-1,-1,-1,-1,17.455105,1,17.514496
3103,32,32,-1,-1,-1,-1,-1,17.391617,1,17.436672
3104,32,32,-1,-1,-1,-1,-1,17.350657,1,17.417215
3105,32,1040,-1,-1,-1,-1,-1,-1,0,79.653885
3106,32,2047,-1,-1,-1,-1,-1,-1,0,136.345596
3107,32,1040,-1,-1,-1,-1,-1,-1,0,82.071548
3108,32,32,-1,-1,-1,-1,-1,17.641472,1,17.709057
3109,32,32,-1,-1,-1,-1,-1,17.511423,1,17.579008
3110,32,32,-1,-1,-1,-1,-1,17.411072,1,17.477633
3111,32,32,-1,-1,-1,-1,-1,17.386496,1,17.445889
3112,32,32,-1,-1,-1,-1,-1,17.334272,1,17.401855
3113,32,1040,-1,-1,-1,-1,-1,-1,0,79.336449
3114,32,32,-1,-1,-1,-1,-1,17.550337,1,17.607679
3115,32,32,-1,-1,-1,-1,-1,17.444864,1,17.504255
3116,32,32,-1,-1,-1,-1,-1,17.390593,1,17.448959
3117,32,32,-1,-1,-1,-1,-1,17.347584,1,17.406977
3118,32,32,-1,-1,-1,-1,-1,17.334272,1,17.379328
3119,32,32,-1,-1,-1,-1,-1,17.3568,1,17.400831
3120,32,1039,-1,-1,-1,-1,-1,-1,0,79.487999
3121,32,1040,-1,-1,-1,-1,-1,-1,0,80.378883
3122,32,32,-1,-1,-1,-1,-1,17.566719,1,17.635328
3123,32,32,-1,-1,-1,-1,-1,17.499136,1,17.581057
3124,32,32,-1,-1,-1,-1,-1,17.427456,1,17.496063
3125,32,32,-1,-1,-1,-1,-1,17.367041,1,17.434624
3126,32,32,-1,-1,-1,-1,-1,17.345535,1,17.403904
3127,32,1039,-1,-1,-1,-1,-1,-1,0,79.422462
3128,32,32,-1,-1,-1,-1,-1,17.641472,1,17.709057
3129,32,1040,-1,-1,-1,-1,-1,-1,0,80.573441
3130,32,32,-1,-1,-1,-1,-1,17.655807,1,17.721344
3131,32,32,-1,-1,-1,-1,-1,17.473536,1,17.542145
3132,32,32,-1,-1,-1,-1,-1,17.377279,1,17.442816
3133,32,32,-1,-1,-1,-1,-1,17.338367,1,17.405952
3134,32,32,-1,-1,-1,-1,-1,17.339392,1,17.384447
3135,32,32,-1,-1,-1,-1,-1,17.337343,1,17.381376
3136,32,32,-1,-1,-1,-1,-1,17.337343,1,17.40288
3137,32,32,-1,-1,-1,-1,-1,17.312769,1,17.379328
3138,32,32,-1,-1,-1,-1,-1,17.294336,1,17.358849
3139,32,32,-1,-1,-1,-1,-1,17.294336,1,17.359873
3140,32,1040,-1,-1,-1,-1,-1,-1,0,78.882812
3141,32,32,-1,-1,-1,-1,-1,17.57184,1,17.640448
3142,32,32,-1,-1,-1,-1,-1,17.452032,1,17.518593
3143,32,3054,-1,-1,-1,-1,-1,-1,0,197.179398
3144,32,32,-1,-1,-1,-1,-1,17.622017,1,17.6896
3145,32,32,-1,-1,-1,-1,-1,17.491968,1,17.559551
3146,32,32,-1,-1,-1,-1,-1,17.403904,1,17.449984
3147,32,32,-1,-1,-1,-1,-1,17.401855,1,17.468416
3148,32,1040,-1,-1,-1,-1,-1,-1,0,80.119804
3149,32,1040,-1,-1,-1,-1,-1,-1,0,81.844223
3150,32,1040,-1,-1,-1,-1,-1,-1,0,81.622017
3151,32,32,-1,-1,-1,-1,-1,17.538048,1,17.583103
3152,32,32,-1,-1,-1,-1,-1,17.426432,1,17.494017
3153,32,1040,-1,-1,-1,-1,-1,-1,0,80.003075
3154,32,32,-1,-1,-1,-1,-1,17.589249,1,17.656832
3155,32,1040,-1,-1,-1,-1,-1,-1,0,79.827965
3156,32,32,-1,-1,-1,-1,-1,17.521664,1,17.589249
3157,32,32,-1,-1,-1,-1,-1,17.411072,1,17.477633
3158,32,32,-1,-1,-1,-1,-1,17.363968,1,17.430529
3159,32,32,-1,-1,-1,-1,-1,17.327105,1,17.392639
3160,32,32,-1,-1,-1,-1,-1,17.321983,1,17.390593
3161,32,32,-1,-1,-1,-1,-1,17.332224,1,17.39776
3162,32,32,-1,-1,-1,-1,-1,17.328129,1,17.37216
3163,32,32,-1,-1,-1,-1,-1,17.298431,1,17.366016
3164,32,32,-1,-1,-1,-1,-1,17.289215,1,17.3568
3165,32,32,-1,-1,-1,-1,-1,17.289215,1,17.354752
3166,32,32,-1,-1,-1,-1,-1,17.292288,1,17.357824
3167,32,32,-1,-1,-1,-1,-1,17.304577,1,17.347584
3168,32,32,-1,-1,-1,-1,-1,17.316864,1,17.382401
3169,32,32,-1,-1,-1,-1,-1,17.312769,1,17.378304
3170,32,32,-1,-1,-1,-1,-1,17.323008,1,17.390593
3171,32,1040,-1,-1,-1,-1,-1,-1,0,79.879166
3172,32,32,-1,-1,-1,-1,-1,17.642496,1,17.710079
3173,32,32,-1,-1,-1,-1,-1,17.471489,1,17.540096
3174,32,1040,-1,-1,-1,-1,-1,-1,0,79.710205
3175,32,32,-1,-1,-1,-1,-1,17.645569,1,17.712128
3176,32,1040,-1,-1,-1,-1,-1,-1,0,80.628738
3177,32,1040,-1,-1,-1,-1,-1,-1,0,81.767426
3178,32,32,-1,-1,-1,-1,-1,17.637377,1,17.683456
3179,32,32,-1,-1,-1,-1,-1,17.482752,1,17.550337
3180,32,32,-1,-1,-1,-1,-1,17.39776,1,17.466368
3181,32,32,-1,-1,-1,-1,-1,17.358849,1,17.435648
3182,32,32,-1,-1,-1,-1,-1,17.332224,1,17.398785
3183,32,32,-1,-1,-1,-1,-1,17.34144,1,17.386496
3184,32,1040,-1,-1,-1,-1,-1,-1,0,79.723518
3185,32,32,-1,-1,-1,-1,-1,17.603584,1,17.671167
3186,32,32,-1,-1,-1,-1,-1,17.445889,1,17.504255
3187,32,32,-1,-1,-1,-1,-1,17.40288,1,17.470465
3188,32,32,-1,-1,-1,-1,-1,17.335297,1,17.403904
3189,32,32,-1,-1,-1,-1,-1,17.343489,1,17.408001
3190,32,32,-1,-1,-1,-1,-1,17.357824,1,17.422337
3191,32,1040,-1,-1,-1,-1,-1,-1,0,79.748093
3192,32,32,-1,-1,-1,-1,-1,17.612801,1,17.679359
3193,32,1040,-1,-1,-1,-1,-1,-1,0,80.367615
3194,32,32,-1,-1,-1,-1,-1,17.609728,1,17.655807
3195,32,32,-1,-1,-1,-1,-1,17.506304,1,17.573889
3196,32,1040,-1,-1,-1,-1,-1,-1,0,79.70816
3197,32,32,-1,-1,-1,-1,-1,17.607679,1,17.67424
3198,32,32,-1,-1,-1,-1,-1,17.488895,1,17.55648
3199,32,32,-1,-1,-1,-1,-1,17.382401,1,17.426432
3200,32,32,-1,-1,-1,-1,-1,17.353727,1,17.420288
3201,32,32,-1,-1,-1,-1,-1,17.348608,1,17.414145
3202,32,32,-1,-1,-1,-1,-1,17.364992,1,17.424383
3203,32,1023,-1,-1,-1,-1,-1,-1,0,74.845184
3204,32,32,-1,-1,-1,-1,-1,17.559551,1,17.627136
3205,32,32,-1,-1,-1,-1,-1,17.480703,1,17.525761
3206,32,32,-1,-1,-1,-1,-1,17.386496,1,17.453056
3207,32,32,-1,-1,-1,-1,-1,17.350657,1,17.417215
3208,32,32,-1,-1,-1,-1,-1,17.352703,1,17.420288
3209,32,32,-1,-1,-1,-1,-1,17.349632,1,17.416191
3210,32,32,-1,-1,-1,-1,-1,17.360895,1,17.406977
3211,32,32,-1,-1,-1,-1,-1,17.31584,1,17.373184
3212,32,32,-1,-1,-1,-1,-1,17.323008,1,17.390593
3213,32,32,-1,-1,-1,-1,-1,17.304577,1,17.369087
3214,32,1040,-1,-1,-1,-1,-1,-1,0,79.536125
3215,32,32,-1,-1,-1,-1,-1,17.652737,1,17.696768
3216,32,1040,-1,-1,-1,-1,-1,-1,0,80.290817
3217,32,32,-1,-1,-1,-1,-1,17.641472,1,17.710079
3218,32,1040,-1,-1,-1,-1,-1,-1,0,80.392189
3219,32,32,-1,-1,-1,-1,-1,17.606655,1,17.673216
3220,32,32,-1,-1,-1,-1,-1,17.476608,1,17.54624
3221,32,32,-1,-1,-1,-1,-1,17.404928,1,17.448959
3222,32,32,-1,-1,-1,-1,-1,17.382401,1,17.447935
3223,32,32,-1,-1,-1,-1,-1,17.386496,1,17.455105
3224,32,32,-1,-1,-1,-1,-1,17.384447,1,17.452032
3225,32,1040,-1,-1,-1,-1,-1,-1,0,79.546371
3226,32,1040,-1,-1,-1,-1,-1,-1,0,82.012161
3227,32,32,-1,-1,-1,-1,-1,17.684481,1,17.750015
3228,32,32,-1,-1,-1,-1,-1,17.497087,1,17.564672
3229,32,32,-1,-1,-1,-1,-1,17.444864,1,17.512447
3230,32,32,-1,-1,-1,-1,-1,17.38752,1,17.455105
3231,32,32,-1,-1,-1,-1,-1,17.375233,1,17.419264
3232,32,32,-1,-1,-1,-1,-1,17.368065,1,17.432575
3233,32,32,-1,-1,-1,-1,-1,17.373184,1,17.431553
3234,32,32,-1,-1,-1,-1,-1,17.369087,1,17.427456
3235,32,32,-1,-1,-1,-1,-1,17.348608,1,17.41312
3236,32,32,-1,-1,-1,-1,-1,17.34144,1,17.408001
3237,32,32,-1,-1,-1,-1,-1,17.350657,1,17.394688
3238,32,1040,-1,-1,-1,-1,-1,-1,0,79.776772
3239,32,32,-1,-1,-1,-1,-1,17.687551,1,17.756161
3240,32,1040,-1,-1,-1,-1,-1,-1,0,80.237572
3241,32,32,-1,-1,-1,-1,-1,17.678335,1,17.74592
3242,32,32,-1,-1,-1,-1,-1,17.534975,1,17.60256
3243,32,32,-1,-1,-1,-1,-1,17.467392,1,17.512447
3244,32,1040,-1,-1,-1,-1,-1,-1,0,79.525887
3245,32,1040,-1,-1,-1,-1,-1,-1,0,81.181694
3246,32,1040,-1,-1,-1,-1,-1,-1,0,82.212868
3247,32,32,-1,-1,-1,-1,-1,17.601536,1,17.646591
3248,32,32,-1,-1,-1,-1,-1,17.485825,1,17.555456
3249,32,1039,-1,-1,-1,-1,-1,-1,0,80.107521
3250,32,32,-1,-1,-1,-1,-1,17.681408,1,17.740801
3251,32,1039,-1,-1,-1,-1,-1,-1,0,80.520195
3252,32,32,-1,-1,-1,-1,-1,17.625088,1,17.691648
3253,32,32,-1,-1,-1,-1,-1,17.538048,1,17.585152
3254,32,32,-1,-1,-1,-1,-1,17.467392,1,17.534975
3255,32,32,-1,-1,-1,-1,-1,17.417215,1,17.483776
3256,32,32,-1,-1,-1,-1,-1,17.381376,1,17.448959
3257,32,32,-1,-1,-1,-1,-1,17.38752,1,17.453056
3258,32,32,-1,-1,-1,-1,-1,17.380352,1,17.439745
3259,32,32,-1,-1,-1,-1,-1,17.382401,1,17.427456
3260,32,32,-1,-1,-1,-1,-1,17.34656,1,17.412096
3261,32,32,-1,-1,-1,-1,-1,17.347584,1,17.405952
3262,32,1040,-1,-1,-1,-1,-1,-1,0,79.26989
3263,32,2048,-1,-1,-1,-1,-1,-1,0,135.299072
3264,32,1040,-1,-1,-1,-1,-1,-1,0,82.243584
3265,32,32,-1,-1,-1,-1,-1,17.579008,1,17.644545
3266,32,32,-1,-1,-1,-1,-1,17.470465,1,17.545216
3267,32,32,-1,-1,-1,-1,-1,17.389568,1,17.456127
3268,32,32,-1,-1,-1,-1,-1,17.354752,1,17.423361
3269,32,32,-1,-1,-1,-1,-1,17.34144,1,17.38752
3270,32,2048,-1,-1,-1,-1,-1,-1,0,134.043655
3271,32,32,-1,-1,-1,-1,-1,17.625088,1,17.683456
3272,32,32,-1,-1,-1,-1,-1,17.480703,1,17.548288
3273,32,32,-1,-1,-1,-1,-1,17.404928,1,17.473536
3274,32,32,-1,-1,-1,-1,-1,17.337343,1,17.403904
3275,32,1040,-1,-1,-1,-1,-1,-1,0,79.823875
3276,32,32,-1,-1,-1,-1,-1,17.550337,1,17.61792
3277,32,32,-1,-1,-1,-1,-1,17.435648,1,17.503231
3278,32,32,-1,-1,-1,-1,-1,17.392639,1,17.458176
3279,32,32,-1,-1,-1,-1,-1,17.34144,1,17.408001
3280,32,1040,-1,-1,-1,-1,-1,-1,0,79.606781
3281,32,32,-1,-1,-1,-1,-1,17.64864,1,17.714176
3282,32,1040,-1,-1,-1,-1,-1,-1,0,80.165886
3283,32,32,-1,-1,-1,-1,-1,17.62816,1,17.693695
3284,32,32,-1,-1,-1,-1,-1,17.487871,1,17.55648
3285,32,32,-1,-1,-1,-1,-1,17.436672,1,17.480703
3286,32,32,-1,-1,-1,-1,-1,17.369087,1,17.436672
3287,32,32,-1,-1,-1,-1,-1,17.354752,1,17.422337
3288,32,32,-1,-1,-1,-1,-1,17.359873,1,17.426432
3289,32,1040,-1,-1,-1,-1,-1,-1,0,79.474686
3290,32,32,-1,-1,-1,-1,-1,17.544191,1,17.610752
3291,32,1040,-1,-1,-1,-1,-1,-1,0,80.11776
3292,32,32,-1,-1,-1,-1,-1,17.596416,1,17.664
3293,32,32,-1,-1,-1,-1,-1,17.439745,1,17.498112
3294,32,1040,-1,-1,-1,-1,-1,-1,0,79.835136
3295,32,1040,-1,-1,-1,-1,-1,-1,0,81.956863
3296,32,32,-1,-1,-1,-1,-1,17.600512,1,17.668097
3297,32,32,-1,-1,-1,-1,-1,17.445889,1,17.488895
3298,32,32,-1,-1,-1,-1,-1,17.398785,1,17.475584
3299,32,32,-1,-1,-1,-1,-1,17.329151,1,17.392639
3300,32,32,-1,-1,-1,-1,-1,17.367041,1,17.434624
3301,32,32,-1,-1,-1,-1,-1,17.368065,1,17.411072
3302,32,32,-1,-1,-1,-1,-1,17.362944,1,17.431553
3303,32,32,-1,-1,-1,-1,-1,17.327105,1,17.393663
3304,32,32,-1,-1,-1,-1,-1,17.31584,1,17.373184
3305,32,32,-1,-1,-1,-1,-1,17.309696,1,17.376257
3306,32,32,-1,-1,-1,-1,-1,17.323008,1,17.390593
3307,32,1039,-1,-1,-1,-1,-1,-1,0,79.535103
3308,32,32,-1,-1,-1,-1,-1,17.593344,1,17.65888
3309,32,32,-1,-1,-1,-1,-1,17.444864,1,17.504255
3310,32,32,-1,-1,-1,-1,-1,17.411072,1,17.476608
3311,32,1040,-1,-1,-1,-1,-1,-1,0,79.509506
3312,32,2047,-1,-1,-1,-1,-1,-1,0,136.057861
3313,32,32,-1,-1,-1,-1,-1,17.613825,1,17.679359
3314,32,1040,-1,-1,-1,-1,-1,-1,0,80.735229
3315,32,32,-1,-1,-1,-1,-1,17.590273,1,17.635328
3316,32,32,-1,-1,-1,-1,-1,17.50016,1,17.569792
3317,32,32,-1,-1,-1,-1,-1,17.41312,1,17.458176
3318,32,32,-1,-1,-1,-1,-1,17.360895,1,17.42848
3319,32,32,-1,-1,-1,-1,-1,17.320959,1,17.366016
3320,32,1040,-1,-1,-1,-1,-1,-1,0,79.422462
3321,32,32,-1,-1,-1,-1,-1,17.539072,1,17.597441
3322,32,32,-1,-1,-1,-1,-1,17.430529,1,17.495041
3323,32,32,-1,-1,-1,-1,-1,17.379328,1,17.446913
3324,32,32,-1,-1,-1,-1,-1,17.328129,1,17.395712
3325,32,32,-1,-1,-1,-1,-1,17.342464,1,17.408001
3326,32,32,-1,-1,-1,-1,-1,17.329151,1,17.396736
3327,32,32,-1,-1,-1,-1,-1,17.338367,1,17.396736
3328,32,32,-1,-1,-1,-1,-1,17.293312,1,17.357824
3329,32,32,-1,-1,-1,-1,-1,17.282047,1,17.344513
3330,32,32,-1,-1,-1,-1,-1,17.291264,1,17.3568
3331,32,32,-1,-1,-1,-1,-1,17.311745,1,17.3568
3332,32,32,-1,-1,-1,-1,-1,17.316864,1,17.383425
3333,32,32,-1,-1,-1,-1,-1,17.319937,1,17.363968
3334,32,32,-1,-1,-1,-1,-1,17.312769,1,17.380352
3335,32,1040,-1,-1,-1,-1,-1,-1,0,79.481857
3336,32,1040,-1,-1,-1,-1,-1,-1,0,81.892349
3337,32,32,-1,-1,-1,-1,-1,17.649664,1,17.717249
3338,32,32,-1,-1,-1,-1,-1,17.461248,1,17.53088
3339,32,32,-1,-1,-1,-1,-1,17.411072,1,17.470465
3340,32,32,-1,-1,-1,-1,-1,17.355776,1,17.422337
3341,32,32,-1,-1,-1,-1,-1,17.360895,1,17.417215
3342,32,32,-1,-1,-1,-1,-1,17.344513,1,17.40288
3343,32,32,-1,-1,-1,-1,-1,17.355776,1,17.421312
3344,32,32,-1,-1,-1,-1,-1,17.344513,1,17.419264
3345,32,32,-1,-1,-1,-1,-1,17.301504,1,17.364992
3346,32,32,-1,-1,-1,-1,-1,17.338367,1,17.404928
3347,32,1040,-1,-1,-1,-1,-1,-1,0,79.430656
3348,32,1040,-1,-1,-1,-1,-1,-1,0,81.894402
3349,32,32,-1,-1,-1,-1,-1,17.64352,1,17.688576
3350,32,32,-1,-1,-1,-1,-1,17.471489,1,17.535999
3351,32,32,-1,-1,-1,-1,-1,17.41824,1,17.482752
3352,32,1040,-1,-1,-1,-1,-1,-1,0,79.772675
3353,32,1040,-1,-1,-1,-1,-1,-1,0,81.953789
3354,32,32,-1,-1,-1,-1,-1,17.671167,1,17.716225
3355,32,32,-1,-1,-1,-1,-1,17.50016,1,17.562624
3356,32,32,-1,-1,-1,-1,-1,17.438721,1,17.506304
3357,32,32,-1,-1,-1,-1,-1,17.385471,1,17.449984
3358,32,32,-1,-1,-1,-1,-1,17.375233,1,17.441792
3359,32,32,-1,-1,-1,-1,-1,17.378304,1,17.444864
3360,32,32,-1,-1,-1,-1,-1,17.379328,1,17.445889
3361,32,32,-1,-1,-1,-1,-1,17.379328,1,17.436672
3362,32,32,-1,-1,-1,-1,-1,17.336321,1,17.412096
3363,32,32,-1,-1,-1,-1,-1,17.342464,1,17.406977
3364,32,1040,-1,-1,-1,-1,-1,-1,0,79.465469
3365,32,32,-1,-1,-1,-1,-1,17.672192,1,17.718271
3366,32,32,-1,-1,-1,-1,-1,17.498112,1,17.566719
3367,32,32,-1,-1,-1,-1,-1,17.431553,1,17.497087
3368,32,32,-1,-1,-1,-1,-1,17.388544,1,17.454081
3369,32,32,-1,-1,-1,-1,-1,17.375233,1,17.440767
3370,32,32,-1,-1,-1,-1,-1,17.374208,1,17.419264
3371,32,32,-1,-1,-1,-1,-1,17.376257,1,17.432575
3372,32,32,-1,-1,-1,-1,-1,17.373184,1,17.436672
3373,32,32,-1,-1,-1,-1,-1,17.330175,1,17.395712
3374,32,1040,-1,-1,-1,-1,-1,-1,0,79.439873
3375,32,32,-1,-1,-1,-1,-1,17.667072,1,17.733631
3376,32,1039,-1,-1,-1,-1,-1,-1,0,80.177155
3377,32,1040,-1,-1,-1,-1,-1,-1,0,81.907715
3378,32,32,-1,-1,-1,-1,-1,17.655807,1,17.724417
3379,32,32,-1,-1,-1,-1,-1,17.492992,1,17.552383
3380,32,1040,-1,-1,-1,-1,-1,-1,0,80.097282
3381,32,32,-1,-1,-1,-1,-1,17.605633,1,17.651712
3382,32,1040,-1,-1,-1,-1,-1,-1,0,80.538628
3383,32,32,-1,-1,-1,-1,-1,17.672192,1,17.740801
3384,32,2048,-1,-1,-1,-1,-1,-1,0,134.526978
3385,32,32,-1,-1,-1,-1,-1,17.657856,1,17.725439
3386,32,1040,-1,-1,-1,-1,-1,-1,0,81.746941
3387,32,32,-1,-1,-1,-1,-1,17.54624,1,17.612801
3388,32,32,-1,-1,-1,-1,-1,17.447935,1,17.51552
3389,32,32,-1,-1,-1,-1,-1,17.360895,1,17.405952
3390,32,32,-1,-1,-1,-1,-1,17.34656,1,17.41312
3391,32,32,-1,-1,-1,-1,-1,17.353727,1,17.421312
3392,32,32,-1,-1,-1,-1,-1,17.374208,1,17.441792
3393,32,32,-1,-1,-1,-1,-1,17.363968,1,17.436672
3394,32,1040,-1,-1,-1,-1,-1,-1,0,79.638527
3395,32,1040,-1,-1,-1,-1,-1,-1,0,81.885185
3396,32,32,-1,-1,-1,-1,-1,17.645569,1,17.714176
3397,32,1040,-1,-1,-1,-1,-1,-1,0,80.311295
3398,32,32,-1,-1,-1,-1,-1,17.579008,1,17.647615
3399,32,32,-1,-1,-1,-1,-1,17.470465,1,17.538048
3400,32,32,-1,-1,-1,-1,-1,17.412096,1,17.479679
3401,32,1040,-1,-1,-1,-1,-1,-1,0,79.467522
3402,32,32,-1,-1,-1,-1,-1,17.60256,1,17.669121
3403,32,32,-1,-1,-1,-1,-1,17.494017,1,17.5616
3404,32,1040,-1,-1,-1,-1,-1,-1,0,79.987709
3405,32,1040,-1,-1,-1,-1,-1,-1,0,81.895424
3406,32,32,-1,-1,-1,-1,-1,17.597441,1,17.665024
3407,32,32,-1,-1,-1,-1,-1,17.516544,1,17.583103
3408,32,1040,-1,-1,-1,-1,-1,-1,0,80.104446
3409,32,32,-1,-1,-1,-1,-1,17.603584,1,17.671167
3410,32,1040,-1,-1,-1,-1,-1,-1,0,80.444412
3411,32,32,-1,-1,-1,-1,-1,17.574911,1,17.642496
3412,32,32,-1,-1,-1,-1,-1,17.420288,1,17.488895
3413,32,1040,-1,-1,-1,-1,-1,-1,0,79.663101
3414,32,32,-1,-1,-1,-1,-1,17.619968,1,17.685505
3415,32,32,-1,-1,-1,-1,-1,17.445889,1,17.512447
3416,32,32,-1,-1,-1,-1,-1,17.394688,1,17.453056
3417,32,32,-1,-1,-1,-1,-1,17.371136,1,17.437696
3418,32,32,-1,-1,-1,-1,-1,17.353727,1,17.419264
3419,32,32,-1,-1,-1,-1,-1,17.342464,1,17.411072
3420,32,32,-1,-1,-1,-1,-1,17.34656,1,17.412096
3421,32,32,-1,-1,-1,-1,-1,17.318913,1,17.390593
3422,32,32,-1,-1,-1,-1,-1,17.306623,1,17.370111
3423,32,1040,-1,-1,-1,-1,-1,-1,0,79.391747
3424,32,1040,-1,-1,-1,-1,-1,-1,0,81.836029
3425,32,32,-1,-1,-1,-1,-1,17.569792,1,17.635328
3426,32,32,-1,-1,-1,-1,-1,17.440767,1,17.508352
3427,32,32,-1,-1,-1,-1,-1,17.384447,1,17.449984
3428,32,32,-1,-1,-1,-1,-1,17.344513,1,17.412096
3429,32,32,-1,-1,-1,-1,-1,17.347584,1,17.415169
3430,32,1039,-1,-1,-1,-1,-1,-1,0,79.96109
3431,32,32,-1,-1,-1,-1,-1,17.639423,1,17.707008
3432,32,1040,-1,-1,-1,-1,-1,-1,0,80.282623
3433,32,32,-1,-1,-1,-1,-1,17.629185,1,17.695744
3434,32,1040,-1,-1,-1,-1,-1,-1,0,80.290817
3435,32,32,-1,-1,-1,-1,-1,17.575935,1,17.620993
3436,32,32,-1,-1,-1,-1,-1,17.477633,1,17.538048
3437,32,32,-1,-1,-1,-1,-1,17.435648,1,17.503231
3438,32,32,-1,-1,-1,-1,-1,17.369087,1,17.435648
3439,32,32,-1,-1,-1,-1,-1,17.349632,1,17.415169
3440,32,32,-1,-1,-1,-1,-1,17.354752,1,17.423361
3441,32,32,-1,-1,-1,-1,-1,17.364992,1,17.431553
3442,32,1040,-1,-1,-1,-1,-1,-1,0,79.540222
3443,32,32,-1,-1,-1,-1,-1,17.588224,1,17.654783
3444,32,32,-1,-1,-1,-1,-1,17.46944,1,17.529856
3445,32,32,-1,-1,-1,-1,-1,17.398785,1,17.457151
3446,32,32,-1,-1,-1,-1,-1,17.366016,1,17.431553
3447,32,2048,-1,-1,-1,-1,-1,-1,0,133.818375
3448,32,32,-1,-1,-1,-1,-1,17.57696,1,17.64352
3449,32,32,-1,-1,-1,-1,-1,17.454081,1,17.519615
3450,32,32,-1,-1,-1,-1,-1,17.366016,1,17.432575
3451,32,32,-1,-1,-1,-1,-1,17.324032,1,17.368065
3452,32,32,-1,-1,-1,-1,-1,17.318913,1,17.384447
3453,32,32,-1,-1,-1,-1,-1,17.352703,1,17.411072
3454,32,32,-1,-1,-1,-1,-1,17.353727,1,17.421312
3455,32,32,-1,-1,-1,-1,-1,17.321983,1,17.38752
3456,32,32,-1,-1,-1,-1,-1,17.302528,1,17.369087
3457,32,32,-1,-1,-1,-1,-1,17.304577,1,17.370111
3458,32,1040,-1,-1,-1,-1,-1,-1,0,79.554558
3459,32,32,-1,-1,-1,-1,-1,17.616896,1,17.686527
3460,32,1040,-1,-1,-1,-1,-1,-1,0,80.295937
3461,32,32,-1,-1,-1,-1,-1,17.594368,1,17.661951
3462,32,32,-1,-1,-1,-1,-1,17.429504,1,17.497087
3463,32,32,-1,-1,-1,-1,-1,17.377279,1,17.435648
3464,32,32,-1,-1,-1,-1,-1,17.343489,1,17.410048
3465,32,32,-1,-1,-1,-1,-1,17.345535,1,17.41312
3466,32,1040,-1,-1,-1,-1,-1,-1,0,79.436798
3467,32,32,-1,-1,-1,-1,-1,17.640448,1,17.686527
3468,32,32,-1,-1,-1,-1,-1,17.479679,1,17.547264
3469,32,32,-1,-1,-1,-1,-1,17.408001,1,17.472511
3470,32,32,-1,-1,-1,-1,-1,17.385471,1,17.452032
3471,32,32,-1,-1,-1,-1,-1,17.353727,1,17.432575
3472,32,32,-1,-1,-1,-1,-1,17.359873,1,17.426432
3473,32,32,-1,-1,-1,-1,-1,17.364992,1,17.431553
3474,32,32,-1,-1,-1,-1,-1,17.359873,1,17.427456
3475,32,32,-1,-1,-1,-1,-1,17.321983,1,17.38752
3476,32,32,-1,-1,-1,-1,-1,17.305599,1,17.370111
3477,32,32,-1,-1,-1,-1,-1,17.311745,1,17.377279
3478,32,1040,-1,-1,-1,-1,-1,-1,0,79.372292
3479,32,2047,-1,-1,-1,-1,-1,-1,0,135.986176
3480,32,1040,-1,-1,-1,-1,-1,-1,0,81.876991
3481,32,32,-1,-1,-1,-1,-1,17.534975,1,17.601536
3482,32,32,-1,-1,-1,-1,-1,17.429504,1,17.498112
3483,32,32,-1,-1,-1,-1,-1,17.360895,1,17.405952
3484,32,32,-1,-1,-1,-1,-1,17.330175,1,17.39776
3485,32,32,-1,-1,-1,-1,-1,17.337343,1,17.394688
3486,32,32,-1,-1,-1,-1,-1,17.336321,1,17.39776
3487,32,32,-1,-1,-1,-1,-1,17.352703,1,17.41824
3488,32,32,-1,-1,-1,-1,-1,17.296385,1,17.360895
3489,32,32,-1,-1,-1,-1,-1,17.308672,1,17.375233
3490,32,32,-1,-1,-1,-1,-1,17.309696,1,17.377279
3491,32,32,-1,-1,-1,-1,-1,17.32608,1,17.391617
3492,32,32,-1,-1,-1,-1,-1,17.325056,1,17.393663
3493,32,32,-1,-1,-1,-1,-1,17.306623,1,17.373184
3494,32,32,-1,-1,-1,-1,-1,17.319937,1,17.38752
3495,32,32,-1,-1,-1,-1,-1,17.307648,1,17.366016
3496,32,32,-1,-1,-1,-1,-1,17.320959,1,17.388544
3497,32,1039,-1,-1,-1,-1,-1,-1,0,79.351807
3498,32,32,-1,-1,-1,-1,-1,17.654783,1,17.721344
3499,32,32,-1,-1,-1,-1,-1,17.466368,1,17.512447
3500,32,2048,-1,-1,-1,-1,-1,-1,0,133.896194
3501,32,1040,-1,-1,-1,-1,-1,-1,0,81.888252
3502,32,32,-1,-1,-1,-1,-1,17.657856,1,17.702911
3503,32,3056,-1,-1,-1,-1,-1,-1,0,196.732925
3504,32,32,-1,-1,-1,-1,-1,17.555456,1,17.624063
3505,32,32,-1,-1,-1,-1,-1,17.4592,1,17.503231
3506,32,32,-1,-1,-1,-1,-1,17.384447,1,17.448959
3507,32,32,-1,-1,-1,-1,-1,17.347584,1,17.414145
3508,32,1040,-1,-1,-1,-1,-1,-1,0,79.433731
3509,32,1040,-1,-1,-1,-1,-1,-1,0,81.067009
3510,32,32,-1,-1,-1,-1,-1,17.61792,1,17.684481
3511,32,32,-1,-1,-1,-1,-1,17.431553,1,17.498112
3512,32,32,-1,-1,-1,-1,-1,17.382401,1,17.448959
3513,32,32,-1,-1,-1,-1,-1,17.318913,1,17.385471
3514,32,32,-1,-1,-1,-1,-1,17.311745,1,17.379328
3515,32,32,-1,-1,-1,-1,-1,17.347584,1,17.392639
3516,32,32,-1,-1,-1,-1,-1,17.343489,1,17.419264
3517,32,32,-1,-1,-1,-1,-1,17.311745,1,17.379328
3518,32,32,-1,-1,-1,-1,-1,17.303553,1,17.348608
3519,32,32,-1,-1,-1,-1,-1,17.30048,1,17.367041
3520,32,32,-1,-1,-1,-1,-1,17.296385,1,17.362944
3521,32,32,-1,-1,-1,-1,-1,17.274879,1,17.317888
3522,32,32,-1,-1,-1,-1,-1,17.317888,1,17.384447
3523,32,1040,-1,-1,-1,-1,-1,-1,0,77.310974
3524,32,32,-1,-1,-1,-1,-1,17.646591,1,17.714176
3525,32,32,-1,-1,-1,-1,-1,17.53088,1,17.599487
3526,32,32,-1,-1,-1,-1,-1,17.437696,1,17.504255
3527,32,1040,-1,-1,-1,-1,-1,-1,0,79.705086
3528,32,1040,-1,-1,-1,-1,-1,-1,0,81.92205
3529,32,32,-1,-1,-1,-1,-1,17.584127,1,17.641472
3530,32,1040,-1,-1,-1,-1,-1,-1,0,80.280579
3531,32,32,-1,-1,-1,-1,-1,17.606655,1,17.650688
3532,32,32,-1,-1,-1,-1,-1,17.494017,1,17.5616
3533,32,32,-1,-1,-1,-1,-1,17.398785,1,17.458176
3534,32,1040,-1,-1,-1,-1,-1,-1,0,79.400963
3535,32,32,-1,-1,-1,-1,-1,17.63328,1,17.700865
3536,32,32,-1,-1,-1,-1,-1,17.462273,1,17.528831
3537,32,32,-1,-1,-1,-1,-1,17.406977,1,17.452032
3538,32,32,-1,-1,-1,-1,-1,17.3568,1,17.423361
3539,32,32,-1,-1,-1,-1,-1,17.368065,1,17.425407
3540,32,32,-1,-1,-1,-1,-1,17.353727,1,17.421312
3541,32,32,-1,-1,-1,-1,-1,17.3568,1,17.423361
3542,32,32,-1,-1,-1,-1,-1,17.340416,1,17.406977
3543,32,3054,-1,-1,-1,-1,-1,-1,0,196.342789
3544,32,32,-1,-1,-1,-1,-1,17.717249,1,17.785856
3545,32,32,-1,-1,-1,-1,-1,17.516544,1,17.562624
3546,32,32,-1,-1,-1,-1,-1,17.405952,1,17.471489
3547,32,32,-1,-1,-1,-1,-1,17.348608,1,17.392639
3548,32,32,-1,-1,-1,-1,-1,17.349632,1,17.416191
3549,32,32,-1,-1,-1,-1,-1,17.34656,1,17.412096
3550,32,1040,-1,-1,-1,-1,-1,-1,0,79.195137
3551,32,32,-1,-1,-1,-1,-1,17.584127,1,17.651712
3552,32,32,-1,-1,-1,-1,-1,17.50016,1,17.548288
3553,32,1040,-1,-1,-1,-1,-1,-1,0,79.78701
3554,32,32,-1,-1,-1,-1,-1,17.614847,1,17.683456
3555,32,32,-1,-1,-1,-1,-1,17.486849,1,17.554432
3556,32,32,-1,-1,-1,-1,-1,17.403904,1,17.471489
3557,32,2048,-1,-1,-1,-1,-1,-1,0,134.263809
3558,32,32,-1,-1,-1,-1,-1,17.636353,1,17.697792
3559,32,32,-1,-1,-1,-1,-1,17.503231,1,17.57184
3560,32,32,-1,-1,-1,-1,-1,17.41824,1,17.485825
3561,32,32,-1,-1,-1,-1,-1,17.362944,1,17.408001
3562,32,32,-1,-1,-1,-1,-1,17.343489,1,17.41312
3563,32,32,-1,-1,-1,-1,-1,17.366016,1,17.411072
3564,32,32,-1,-1,-1,-1,-1,17.366016,1,17.433599
3565,32,32,-1,-1,-1,-1,-1,17.359873,1,17.41824
3566,32,32,-1,-1,-1,-1,-1,17.325056,1,17.382401
3567,32,1040,-1,-1,-1,-1,-1,-1,0,79.306755
3568,32,32,-1,-1,-1,-1,-1,17.661951,1,17.708033
3569,32,32,-1,-1,-1,-1,-1,17.471489,1,17.539072
3570,32,32,-1,-1,-1,-1,-1,17.410048,1,17.477633
3571,32,32,-1,-1,-1,-1,-1,17.38752,1,17.453056
3572,32,1040,-1,-1,-1,-1,-1,-1,0,80.153603
3573,32,32,-1,-1,-1,-1,-1,17.620993,1,17.696768
3574,32,32,-1,-1,-1,-1,-1,17.50016,1,17.567743
3575,32,1040,-1,-1,-1,-1,-1,-1,0,79.889404
3576,32,32,-1,-1,-1,-1,-1,17.547264,1,17.615871
3577,32,32,-1,-1,-1,-1,-1,17.47456,1,17.520639
3578,32,32,-1,-1,-1,-1,-1,17.398785,1,17.464319
3579,32,32,-1,-1,-1,-1,-1,17.349632,1,17.393663
3580,32,1040,-1,-1,-1,-1,-1,-1,0,79.659004
3581,32,1040,-1,-1,-1,-1,-1,-1,0,81.900543
3582,32,32,-1,-1,-1,-1,-1,17.622017,1,17.6896
3583,32,32,-1,-1,-1,-1,-1,17.437696,1,17.50528
3584,32,32,-1,-1,-1,-1,-1,17.398785,1,17.44384
3585,32,32,-1,-1,-1,-1,-1,17.343489,1,17.408001
3586,32,32,-1,-1,-1,-1,-1,17.374208,1,17.440767
3587,32,32,-1,-1,-1,-1,-1,17.384447,1,17.449984
3588,32,1040,-1,-1,-1,-1,-1,-1,0,80.081917
3589,32,32,-1,-1,-1,-1,-1,17.620993,1,17.687551
3590,32,32,-1,-1,-1,-1,-1,17.543167,1,17.610752
3591,32,1040,-1,-1,-1,-1,-1,-1,0,80.122879
3592,32,32,-1,-1,-1,-1,-1,17.63328,1,17.699841
3593,32,32,-1,-1,-1,-1,-1,17.534975,1,17.580032
3594,32,32,-1,-1,-1,-1,-1,17.449984,1,17.516544
3595,32,32,-1,-1,-1,-1,-1,17.420288,1,17.468416
3596,32,1040,-1,-1,-1,-1,-1,-1,0,79.476738
3597,32,32,-1,-1,-1,-1,-1,17.584127,1,17.651712
3598,32,32,-1,-1,-1,-1,-1,17.482752,1,17.548288
3599,32,1040,-1,-1,-1,-1,-1,-1,0,80.100349
3600,32,32,-1,-1,-1,-1,-1,17.637377,1,17.682432
3601,32,32,-1,-1,-1,-1,-1,17.452032,1,17.519615
3602,32,32,-1,-1,-1,-1,-1,17.405952,1,17.451008
3603,32,32,-1,-1,-1,-1,-1,17.364992,1,17.430529
3604,32,1040,-1,-1,-1,-1,-1,-1,0,79.597565
3605,32,32,-1,-1,-1,-1,-1,17.566719,1,17.625088
3606,32,32,-1,-1,-1,-1,-1,17.471489,1,17.518593
3607,32,32,-1,-1,-1,-1,-1,17.400831,1,17.467392
3608,32,32,-1,-1,-1,-1,-1,17.370111,1,17.436672
3609,32,32,-1,-1,-1,-1,-1,17.359873,1,17.403904
3610,32,32,-1,-1,-1,-1,-1,17.369087,1,17.436672
3611,32,32,-1,-1,-1,-1,-1,17.381376,1,17.425407
3612,32,32,-1,-1,-1,-1,-1,17.348608,1,17.408001
3613,32,32,-1,-1,-1,-1,-1,17.351681,1,17.416191
3614,32,32,-1,-1,-1,-1,-1,17.342464,1,17.41312
3615,32,32,-1,-1,-1,-1,-1,17.359873,1,17.426432
3616,32,32,-1,-1,-1,-1,-1,17.360895,1,17.405952
3617,32,32,-1,-1,-1,-1,-1,17.354752,1,17.421312
3618,32,1039,-1,-1,-1,-1,-1,-1,0,79.079422
3619,32,32,-1,-1,-1,-1,-1,17.600512,1,17.668097
3620,32,1040,-1,-1,-1,-1,-1,-1,0,79.945724
3621,32,1040,-1,-1,-1,-1,-1,-1,0,81.569794
3622,32,1040,-1,-1,-1,-1,-1,-1,0,81.710083
3623,32,1040,-1,-1,-1,-1,-1,-1,0,82.181122
3624,32,32,-1,-1,-1,-1,-1,17.589249,1,17.649664
3625,32,32,-1,-1,-1,-1,-1,17.438721,1,17.482752
3626,32,32,-1,-1,-1,-1,-1,17.392639,1,17.460224
3627,32,32,-1,-1,-1,-1,-1,17.351681,1,17.395712
3628,32,1040,-1,-1,-1,-1,-1,-1,0,79.696899
3629,32,32,-1,-1,-1,-1,-1,17.588224,1,17.655807
3630,32,32,-1,-1,-1,-1,-1,17.452032,1,17.517569
3631,32,32,-1,-1,-1,-1,-1,17.424383,1,17.4848
3632,32,32,-1,-1,-1,-1,-1,17.374208,1,17.420288
3633,32,1040,-1,-1,-1,-1,-1,-1,0,79.626244
3634,32,32,-1,-1,-1,-1,-1,17.680384,1,17.726463
3635,32,1039,-1,-1,-1,-1,-1,-1,0,80.496643
3636,32,32,-1,-1,-1,-1,-1,17.625088,1,17.692673
3637,32,1040,-1,-1,-1,-1,-1,-1,0,80.573441
3638,32,32,-1,-1,-1,-1,-1,17.613825,1,17.680384
3639,32,1040,-1,-1,-1,-1,-1,-1,0,80.438271
3640,32,32,-1,-1,-1,-1,-1,17.594368,1,17.662975
3641,32,32,-1,-1,-1,-1,-1,17.468416,1,17.514496
3642,32,32,-1,-1,-1,-1,-1,17.394688,1,17.462273
3643,32,32,-1,-1,-1,-1,-1,17.338367,1,17.386496
3644,32,1040,-1,-1,-1,-1,-1,-1,0,79.380478
3645,32,32,-1,-1,-1,-1,-1,17.57696,1,17.635328
3646,32,32,-1,-1,-1,-1,-1,17.449984,1,17.518593
3647,32,32,-1,-1,-1,-1,-1,17.401855,1,17.480703
3648,32,32,-1,-1,-1,-1,-1,17.344513,1,17.389568
3649,32,32,-1,-1,-1,-1,-1,17.345535,1,17.415169
3650,32,32,-1,-1,-1,-1,-1,17.342464,1,17.388544
3651,32,32,-1,-1,-1,-1,-1,17.358849,1,17.425407
3652,32,32,-1,-1,-1,-1,-1,17.355776,1,17.421312
3653,32,1040,-1,-1,-1,-1,-1,-1,0,79.267838
3654,32,32,-1,-1,-1,-1,-1,17.565697,1,17.63328
3655,32,1040,-1,-1,-1,-1,-1,-1,0,80.328705
3656,32,32,-1,-1,-1,-1,-1,17.620993,1,17.690624
3657,32,32,-1,-1,-1,-1,-1,17.470465,1,17.51552
3658,32,32,-1,-1,-1,-1,-1,17.414145,1,17.4592
3659,32,32,-1,-1,-1,-1,-1,17.380352,1,17.425407
3660,32,32,-1,-1,-1,-1,-1,17.379328,1,17.445889
3661,32,32,-1,-1,-1,-1,-1,17.37216,1,17.437696
3662,32,2048,-1,-1,-1,-1,-1,-1,0,134.912003
3663,32,32,-1,-1,-1,-1,-1,17.668097,1,17.734655
3664,32,32,-1,-1,-1,-1,-1,17.480703,1,17.524736
3665,32,32,-1,-1,-1,-1,-1,17.383425,1,17.449984
3666,32,32,-1,-1,-1,-1,-1,17.351681,1,17.394688
3667,32,32,-1,-1,-1,-1,-1,17.364992,1,17.430529
3668,32,32,-1,-1,-1,-1,-1,17.354752,1,17.422337
3669,32,3055,-1,-1,-1,-1,-1,-1,0,196.553726
3670,32,32,-1,-1,-1,-1,-1,17.63328,1,17.701887
3671,32,32,-1,-1,-1,-1,-1,17.508352,1,17.57696
3672,32,32,-1,-1,-1,-1,-1,17.414145,1,17.460224
3673,32,32,-1,-1,-1,-1,-1,17.367041,1,17.410048
3674,32,32,-1,-1,-1,-1,-1,17.3312,1,17.375233
3675,32,32,-1,-1,-1,-1,-1,17.343489,1,17.38752
3676,32,32,-1,-1,-1,-1,-1,17.328129,1,17.396736
3677,32,32,-1,-1,-1,-1,-1,17.332224,1,17.396736
3678,32,1039,-1,-1,-1,-1,-1,-1,0,79.202301
3679,32,32,-1,-1,-1,-1,-1,17.640448,1,17.709057
3680,32,32,-1,-1,-1,-1,-1,17.483776,1,17.529856
3681,32,32,-1,-1,-1,-1,-1,17.415169,1,17.483776
3682,32,32,-1,-1,-1,-1,-1,17.379328,1,17.425407
3683,32,32,-1,-1,-1,-1,-1,17.37216,1,17.436672
3684,32,1040,-1,-1,-1,-1,-1,-1,0,79.845375
3685,32,32,-1,-1,-1,-1,-1,17.611776,1,17.679359
3686,32,32,-1,-1,-1,-1,-1,17.507328,1,17.575935
3687,32,2048,-1,-1,-1,-1,-1,-1,0,133.627899
3688,32,32,-1,-1,-1,-1,-1,17.615871,1,17.660929
3689,32,32,-1,-1,-1,-1,-1,17.446913,1,17.491968
3690,32,32,-1,-1,-1,-1,-1,17.377279,1,17.423361
3691,32,32,-1,-1,-1,-1,-1,17.340416,1,17.385471
3692,32,32,-1,-1,-1,-1,-1,17.344513,1,17.41312
3693,32,1040,-1,-1,-1,-1,-1,-1,0,80.129021
3694,32,32,-1,-1,-1,-1,-1,17.580032,1,17.650688
3695,32,32,-1,-1,-1,-1,-1,17.452032,1,17.520639
3696,32,32,-1,-1,-1,-1,-1,17.375233,1,17.421312
3697,32,1040,-1,-1,-1,-1,-1,-1,0,79.451134
3698,32,1040,-1,-1,-1,-1,-1,-1,0,82.151421
3699,32,32,-1,-1,-1,-1,-1,17.585152,1,17.649664
3700,32,32,-1,-1,-1,-1,-1,17.426432,1,17.486849
3701,32,32,-1,-1,-1,-1,-1,17.369087,1,17.435648
3702,32,1040,-1,-1,-1,-1,-1,-1,0,79.489021
3703,32,1039,-1,-1,-1,-1,-1,-1,0,81.992706
3704,32,32,-1,-1,-1,-1,-1,17.638399,1,17.707008
3705,32,32,-1,-1,-1,-1,-1,17.440767,1,17.486849
3706,32,32,-1,-1,-1,-1,-1,17.392639,1,17.439745
3707,32,32,-1,-1,-1,-1,-1,17.342464,1,17.38752
3708,32,32,-1,-1,-1,-1,-1,17.337343,1,17.403904
3709,32,1040,-1,-1,-1,-1,-1,-1,0,79.722496
3710,32,32,-1,-1,-1,-1,-1,17.607679,1,17.676289
3711,32,1040,-1,-1,-1,-1,-1,-1,0,80.757759
3712,32,32,-1,-1,-1,-1,-1,17.591295,1,17.637377
3713,32,32,-1,-1,-1,-1,-1,17.492992,1,17.560575
3714,32,32,-1,-1,-1,-1,-1,17.414145,1,17.479679
3715,32,32,-1,-1,-1,-1,-1,17.377279,1,17.444864
3716,32,32,-1,-1,-1,-1,-1,17.339392,1,17.39776
3717,32,32,-1,-1,-1,-1,-1,17.342464,1,17.410048
3718,32,32,-1,-1,-1,-1,-1,17.334272,1,17.401855
3719,32,32,-1,-1,-1,-1,-1,17.334272,1,17.401855
3720,32,32,-1,-1,-1,-1,-1,17.294336,1,17.357824
3721,32,32,-1,-1,-1,-1,-1,17.283072,1,17.327105
3722,32,32,-1,-1,-1,-1,-1,17.292288,1,17.335297
3723,32,32,-1,-1,-1,-1,-1,17.31072,1,17.354752
3724,32,32,-1,-1,-1,-1,-1,17.314816,1,17.381376
3725,32,32,-1,-1,-1,-1,-1,17.327105,1,17.393663
3726,32,32,-1,-1,-1,-1,-1,17.325056,1,17.390593
3727,32,32,-1,-1,-1,-1,-1,17.337343,1,17.40288
3728,32,32,-1,-1,-1,-1,-1,17.351681,1,17.396736
3729,32,1040,-1,-1,-1,-1,-1,-1,0,79.315971
3730,32,32,-1,-1,-1,-1,-1,17.683456,1,17.750015
3731,32,32,-1,-1,-1,-1,-1,17.482752,1,17.549313
3732,32,32,-1,-1,-1,-1,-1,17.434624,1,17.503231
3733,32,32,-1,-1,-1,-1,-1,17.392639,1,17.461248
3734,32,32,-1,-1,-1,-1,-1,17.363968,1,17.431553
3735,32,32,-1,-1,-1,-1,-1,17.369087,1,17.438721
3736,32,32,-1,-1,-1,-1,-1,17.392639,1,17.4592
3737,32,1040,-1,-1,-1,-1,-1,-1,0,79.561729
3738,32,1040,-1,-1,-1,-1,-1,-1,0,81.068031
3739,32,32,-1,-1,-1,-1,-1,17.591295,1,17.635328
3740,32,1039,-1,-1,-1,-1,-1,-1,0,80.300034
3741,32,32,-1,-1,-1,-1,-1,17.626112,1,17.694719
3742,32,1040,-1,-1,-1,-1,-1,-1,0,79.979523
3743,32,32,-1,-1,-1,-1,-1,17.638399,1,17.705984
3744,32,1040,-1,-1,-1,-1,-1,-1,0,80.304131
3745,32,32,-1,-1,-1,-1,-1,17.64864,1,17.716225
3746,32,1040,-1,-1,-1,-1,-1,-1,0,80.276482
3747,32,32,-1,-1,-1,-1,-1,17.592319,1,17.636353
3748,32,1040,-1,-1,-1,-1,-1,-1,0,80.283646
3749,32,1040,-1,-1,-1,-1,-1,-1,0,81.836029
3750,32,32,-1,-1,-1,-1,-1,17.637377,1,17.705984
3751,32,32,-1,-1,-1,-1,-1,17.446913,1,17.507328
3752,32,32,-1,-1,-1,-1,-1,17.382401,1,17.455105
3753,32,1040,-1,-1,-1,-1,-1,-1,0,79.816704
3754,32,1040,-1,-1,-1,-1,-1,-1,0,81.905663
3755,32,32,-1,-1,-1,-1,-1,17.62816,1,17.673216
3756,32,32,-1,-1,-1,-1,-1,17.471489,1,17.541121
3757,32,32,-1,-1,-1,-1,-1,17.404928,1,17.473536
3758,32,32,-1,-1,-1,-1,-1,17.348608,1,17.414145
3759,32,32,-1,-1,-1,-1,-1,17.338367,1,17.404928
3760,32,32,-1,-1,-1,-1,-1,17.324032,1,17.396736
3761,32,32,-1,-1,-1,-1,-1,17.336321,1,17.400831
3762,32,32,-1,-1,-1,-1,-1,17.334272,1,17.400831
3763,32,1040,-1,-1,-1,-1,-1,-1,0,79.375359
3764,32,32,-1,-1,-1,-1,-1,17.641472,1,17.700865
3765,32,32,-1,-1,-1,-1,-1,17.449984,1,17.517569
3766,32,32,-1,-1,-1,-1,-1,17.391617,1,17.460224
3767,32,32,-1,-1,-1,-1,-1,17.354752,1,17.422337
3768,32,32,-1,-1,-1,-1,-1,17.34656,1,17.415169
3769,32,32,-1,-1,-1,-1,-1,17.353727,1,17.421312
3770,32,32,-1,-1,-1,-1,-1,17.369087,1,17.434624
3771,32,2047,-1,-1,-1,-1,-1,-1,0,134.568954
3772,32,1040,-1,-1,-1,-1,-1,-1,0,82.206718
3773,32,32,-1,-1,-1,-1,-1,17.612801,1,17.679359
3774,32,32,-1,-1,-1,-1,-1,17.462273,1,17.528831
3775,32,32,-1,-1,-1,-1,-1,17.39776,1,17.465343
3776,32,32,-1,-1,-1,-1,-1,17.330175,1,17.39776
3777,32,32,-1,-1,-1,-1,-1,17.355776,1,17.420288
3778,32,32,-1,-1,-1,-1,-1,17.347584,1,17.414145
3779,32,32,-1,-1,-1,-1,-1,17.352703,1,17.416191
3780,32,32,-1,-1,-1,-1,-1,17.334272,1,17.392639
3781,32,32,-1,-1,-1,-1,-1,17.317888,1,17.384447
3782,32,32,-1,-1,-1,-1,-1,17.298431,1,17.358849
3783,32,32,-1,-1,-1,-1,-1,17.311745,1,17.377279
3784,32,32,-1,-1,-1,-1,-1,17.312769,1,17.378304
3785,32,32,-1,-1,-1,-1,-1,17.305599,1,17.37216
3786,32,1040,-1,-1,-1,-1,-1,-1,0,79.256577
3787,32,32,-1,-1,-1,-1,-1,17.668097,1,17.734655
3788,32,32,-1,-1,-1,-1,-1,17.483776,1,17.551359
3789,32,3056,-1,-1,-1,-1,-1,-1,0,196.667389
3790,32,32,-1,-1,-1,-1,-1,17.670143,1,17.738752
3791,32,32,-1,-1,-1,-1,-1,17.527807,1,17.598463
3792,32,1039,-1,-1,-1,-1,-1,-1,0,79.82592
3793,32,32,-1,-1,-1,-1,-1,17.51552,1,17.583103
3794,32,32,-1,-1,-1,-1,-1,17.446913,1,17.512447
3795,32,32,-1,-1,-1,-1,-1,17.396736,1,17.463297
3796,32,32,-1,-1,-1,-1,-1,17.338367,1,17.404928
3797,32,32,-1,-1,-1,-1,-1,17.337343,1,17.393663
3798,32,32,-1,-1,-1,-1,-1,17.363968,1,17.431553
3799,32,1040,-1,-1,-1,-1,-1,-1,0,79.828995
3800,32,32,-1,-1,-1,-1,-1,17.667072,1,17.734655
3801,32,32,-1,-1,-1,-1,-1,17.47456,1,17.542145
3802,32,32,-1,-1,-1,-1,-1,17.420288,1,17.480703
3803,32,32,-1,-1,-1,-1,-1,17.358849,1,17.424383
3804,32,32,-1,-1,-1,-1,-1,17.347584,1,17.419264
3805,32,32,-1,-1,-1,-1,-1,17.361919,1,17.429504
3806,32,32,-1,-1,-1,-1,-1,17.378304,1,17.44384
3807,32,32,-1,-1,-1,-1,-1,17.348608,1,17.415169
3808,32,1040,-1,-1,-1,-1,-1,-1,0,79.487999
3809,32,1040,-1,-1,-1,-1,-1,-1,0,81.101822
3810,32,32,-1,-1,-1,-1,-1,17.631231,1,17.699841
3811,32,32,-1,-1,-1,-1,-1,17.4592,1,17.525761
3812,32,32,-1,-1,-1,-1,-1,17.424383,1,17.490944
3813,32,1040,-1,-1,-1,-1,-1,-1,0,79.43782
3814,32,1039,-1,-1,-1,-1,-1,-1,0,81.731583
3815,32,32,-1,-1,-1,-1,-1,17.666048,1,17.734655
3816,32,32,-1,-1,-1,-1,-1,17.485825,1,17.553408
3817,32,1040,-1,-1,-1,-1,-1,-1,0,79.84333
3818,32,32,-1,-1,-1,-1,-1,17.654783,1,17.7152
3819,32,32,-1,-1,-1,-1,-1,17.478657,1,17.544191
3820,32,32,-1,-1,-1,-1,-1,17.436672,1,17.504255
3821,32,32,-1,-1,-1,-1,-1,17.349632,1,17.408001
3822,32,32,-1,-1,-1,-1,-1,17.362944,1,17.429504
3823,32,1040,-1,-1,-1,-1,-1,-1,0,79.827965
3824,32,32,-1,-1,-1,-1,-1,17.554432,1,17.622017
3825,32,32,-1,-1,-1,-1,-1,17.444864,1,17.514496
3826,32,1040,-1,-1,-1,-1,-1,-1,0,79.425537
3827,32,32,-1,-1,-1,-1,-1,17.558529,1,17.616896
3828,32,32,-1,-1,-1,-1,-1,17.449984,1,17.51552
3829,32,32,-1,-1,-1,-1,-1,17.39776,1,17.465343
3830,32,32,-1,-1,-1,-1,-1,17.367041,1,17.423361
3831,32,1040,-1,-1,-1,-1,-1,-1,0,79.813629
3832,32,32,-1,-1,-1,-1,-1,17.671167,1,17.737728
3833,32,32,-1,-1,-1,-1,-1,17.496063,1,17.565697
3834,32,1040,-1,-1,-1,-1,-1,-1,0,80.208893
3835,32,32,-1,-1,-1,-1,-1,17.660929,1,17.719296
3836,32,32,-1,-1,-1,-1,-1,17.523712,1,17.592319
3837,32,32,-1,-1,-1,-1,-1,17.454081,1,17.520639
3838,32,2047,-1,-1,-1,-1,-1,-1,0,134.134781
3839,32,32,-1,-1,-1,-1,-1,17.67424,1,17.740801
3840,32,32,-1,-1,-1,-1,-1,17.512447,1,17.577984
3841,32,32,-1,-1,-1,-1,-1,17.394688,1,17.462273
3842,32,32,-1,-1,-1,-1,-1,17.337343,1,17.403904
3843,32,32,-1,-1,-1,-1,-1,17.344513,1,17.410048
3844,32,32,-1,-1,-1,-1,-1,17.342464,1,17.409023
3845,32,32,-1,-1,-1,-1,-1,17.349632,1,17.414145
3846,32,32,-1,-1,-1,-1,-1,17.334272,1,17.379328
3847,32,32,-1,-1,-1,-1,-1,17.290239,1,17.357824
3848,32,32,-1,-1,-1,-1,-1,17.298431,1,17.342464
3849,32,32,-1,-1,-1,-1,-1,17.298431,1,17.357824
3850,32,32,-1,-1,-1,-1,-1,17.298431,1,17.360895
3851,32,32,-1,-1,-1,-1,-1,17.321983,1,17.384447
3852,32,32,-1,-1,-1,-1,-1,17.320959,1,17.38752
3853,32,32,-1,-1,-1,-1,-1,17.324032,1,17.390593
3854,32,32,-1,-1,-1,-1,-1,17.32608,1,17.391617
3855,32,1040,-1,-1,-1,-1,-1,-1,0,79.561729
3856,32,32,-1,-1,-1,-1,-1,17.612801,1,17.678335
3857,32,32,-1,-1,-1,-1,-1,17.526785,1,17.594368
3858,32,32,-1,-1,-1,-1,-1,17.444864,1,17.512447
3859,32,32,-1,-1,-1,-1,-1,17.436672,1,17.503231
3860,32,32,-1,-1,-1,-1,-1,17.399809,1,17.458176
3861,32,1040,-1,-1,-1,-1,-1,-1,0,80.087044
3862,32,32,-1,-1,-1,-1,-1,17.629185,1,17.67424
3863,32,32,-1,-1,-1,-1,-1,17.482752,1,17.550337
3864,32,32,-1,-1,-1,-1,-1,17.430529,1,17.47456
3865,32,32,-1,-1,-1,-1,-1,17.374208,1,17.439745
3866,32,32,-1,-1,-1,-1,-1,17.400831,1,17.467392
3867,32,32,-1,-1,-1,-1,-1,17.408001,1,17.47456
3868,32,32,-1,-1,-1,-1,-1,17.425407,1,17.491968
3869,32,2048,-1,-1,-1,-1,-1,-1,0,134.734848
3870,32,32,-1,-1,-1,-1,-1,17.721344,1,17.792
3871,32,32,-1,-1,-1,-1,-1,17.521664,1,17.590273
3872,32,1039,-1,-1,-1,-1,-1,-1,0,79.687683
3873,32,1040,-1,-1,-1,-1,-1,-1,0,81.92205
3874,32,32,-1,-1,-1,-1,-1,17.653761,1,17.721344
3875,32,1040,-1,-1,-1,-1,-1,-1,0,80.370689
3876,32,1040,-1,-1,-1,-1,-1,-1,0,81.868797
3877,32,1039,-1,-1,-1,-1,-1,-1,0,81.86573
3878,32,32,-1,-1,-1,-1,-1,17.57184,1,17.638399
3879,32,32,-1,-1,-1,-1,-1,17.420288,1,17.488895
3880,32,2048,-1,-1,-1,-1,-1,-1,0,133.547012
3881,32,32,-1,-1,-1,-1,-1,17.599487,1,17.666048
3882,32,32,-1,-1,-1,-1,-1,17.47456,1,17.533953
3883,32,32,-1,-1,-1,-1,-1,17.400831,1,17.466368
3884,32,32,-1,-1,-1,-1,-1,17.347584,1,17.416191
3885,32,32,-1,-1,-1,-1,-1,17.339392,1,17.406977
3886,32,32,-1,-1,-1,-1,-1,17.359873,1,17.426432
3887,32,1040,-1,-1,-1,-1,-1,-1,0,80.232445
3888,32,32,-1,-1,-1,-1,-1,17.5872,1,17.655807
3889,32,32,-1,-1,-1,-1,-1,17.419264,1,17.486849
3890,32,32,-1,-1,-1,-1,-1,17.385471,1,17.452032
3891,32,32,-1,-1,-1,-1,-1,17.334272,1,17.398785
3892,32,32,-1,-1,-1,-1,-1,17.335297,1,17.400831
3893,32,32,-1,-1,-1,-1,-1,17.337343,1,17.401855
3894,32,1040,-1,-1,-1,-1,-1,-1,0,79.758339
3895,32,32,-1,-1,-1,-1,-1,17.57696,1,17.64352
3896,32,32,-1,-1,-1,-1,-1,17.506304,1,17.574911
3897,32,32,-1,-1,-1,-1,-1,17.420288,1,17.485825
3898,32,32,-1,-1,-1,-1,-1,17.379328,1,17.447935
3899,32,32,-1,-1,-1,-1,-1,17.374208,1,17.439745
3900,32,1040,-1,-1,-1,-1,-1,-1,0,79.949821
3901,32,1040,-1,-1,-1,-1,-1,-1,0,81.937408
3902,32,32,-1,-1,-1,-1,-1,17.595392,1,17.662975
3903,32,32,-1,-1,-1,-1,-1,17.467392,1,17.537024
3904,32,2032,-1,-1,-1,-1,-1,-1,0,134.135803
3905,32,32,-1,-1,-1,-1,-1,17.686527,1,17.754112
3906,32,32,-1,-1,-1,-1,-1,17.452032,1,17.521664
3907,32,32,-1,-1,-1,-1,-1,17.416191,1,17.475584
3908,32,32,-1,-1,-1,-1,-1,17.34656,1,17.414145
3909,32,2048,-1,-1,-1,-1,-1,-1,0,135.074814
3910,32,32,-1,-1,-1,-1,-1,17.649664,1,17.717249
3911,32,32,-1,-1,-1,-1,-1,17.467392,1,17.535999
3912,32,32,-1,-1,-1,-1,-1,17.369087,1,17.42848
3913,32,32,-1,-1,-1,-1,-1,17.327105,1,17.393663
3914,32,32,-1,-1,-1,-1,-1,17.333248,1,17.398785
3915,32,32,-1,-1,-1,-1,-1,17.337343,1,17.382401
3916,32,1040,-1,-1,-1,-1,-1,-1,0,80.013313
3917,32,32,-1,-1,-1,-1,-1,17.637377,1,17.703936
3918,32,32,-1,-1,-1,-1,-1,17.499136,1,17.567743
3919,32,32,-1,-1,-1,-1,-1,17.41312,1,17.481728
3920,32,32,-1,-1,-1,-1,-1,17.34144,1,17.408001
3921,32,32,-1,-1,-1,-1,-1,17.338367,1,17.404928
3922,32,32,-1,-1,-1,-1,-1,17.349632,1,17.414145
3923,32,32,-1,-1,-1,-1,-1,17.374208,1,17.432575
3924,32,1040,-1,-1,-1,-1,-1,-1,0,79.98362
3925,32,32,-1,-1,-1,-1,-1,17.627136,1,17.693695
3926,32,32,-1,-1,-1,-1,-1,17.430529,1,17.498112
3927,32,32,-1,-1,-1,-1,-1,17.390593,1,17.4592
3928,32,32,-1,-1,-1,-1,-1,17.349632,1,17.417215
3929,32,32,-1,-1,-1,-1,-1,17.340416,1,17.406977
3930,32,32,-1,-1,-1,-1,-1,17.348608,1,17.41312
3931,32,32,-1,-1,-1,-1,-1,17.354752,1,17.399809
3932,32,1040,-1,-1,-1,-1,-1,-1,0,77.315071
3933,32,1040,-1,-1,-1,-1,-1,-1,0,81.711105
3934,32,32,-1,-1,-1,-1,-1,17.591295,1,17.65888
3935,32,32,-1,-1,-1,-1,-1,17.432575,1,17.498112
3936,32,32,-1,-1,-1,-1,-1,17.40288,1,17.468416
3937,32,1040,-1,-1,-1,-1,-1,-1,0,79.584259
3938,32,1040,-1,-1,-1,-1,-1,-1,0,81.946625
3939,32,1040,-1,-1,-1,-1,-1,-1,0,81.743874
3940,32,32,-1,-1,-1,-1,-1,17.599487,1,17.667072
3941,32,32,-1,-1,-1,-1,-1,17.552383,1,17.620993
3942,32,32,-1,-1,-1,-1,-1,17.404928,1,17.465343
3943,32,32,-1,-1,-1,-1,-1,17.338367,1,17.403904
3944,32,32,-1,-1,-1,-1,-1,17.369087,1,17.437696
3945,32,32,-1,-1,-1,-1,-1,17.350657,1,17.395712
3946,32,1039,-1,-1,-1,-1,-1,-1,0,79.65696
3947,32,32,-1,-1,-1,-1,-1,17.586176,1,17.652737
3948,32,32,-1,-1,-1,-1,-1,17.498112,1,17.566719
3949,32,32,-1,-1,-1,-1,-1,17.421312,1,17.487871
3950,32,1040,-1,-1,-1,-1,-1,-1,0,79.759361
3951,32,32,-1,-1,-1,-1,-1,17.55648,1,17.623039
3952,32,32,-1,-1,-1,-1,-1,17.433599,1,17.502209
3953,32,1040,-1,-1,-1,-1,-1,-1,0,79.807487
3954,32,32,-1,-1,-1,-1,-1,17.580032,1,17.644545
3955,32,32,-1,-1,-1,-1,-1,17.4592,1,17.527807
3956,32,32,-1,-1,-1,-1,-1,17.417215,1,17.485825
3957,32,32,-1,-1,-1,-1,-1,17.355776,1,17.422337
3958,32,32,-1,-1,-1,-1,-1,17.354752,1,17.414145
3959,32,1040,-1,-1,-1,-1,-1,-1,0,79.883263
3960,32,32,-1,-1,-1,-1,-1,17.657856,1,17.725439
3961,32,32,-1,-1,-1,-1,-1,17.519615,1,17.565697
3962,32,32,-1,-1,-1,-1,-1,17.422337,1,17.467392
