step,sched_reqs,sched_tokens,batch,num_query_tokens,sum_seq_len,num_spec_tokens,draft_ms,target_fwd_ms,n_target_fwd,step_ms
0,16,32,-1,-1,-1,-1,-1,22.107136,1,4976.245605
1,16,16,-1,-1,-1,-1,-1,13.773824,1,15.803392
2,0,-1,-1,-1,-1,-1,-1,-1,0,0.004096
3,1,1025,-1,-1,-1,-1,-1,-1,0,106.60659
4,10,8192,-1,-1,-1,-1,-1,-1,0,513.539062
5,16,6950,-1,-1,-1,-1,-1,-1,0,428.735474
6,16,16,-1,-1,-1,-1,-1,13.940736,1,14.00832
7,16,16,-1,-1,-1,-1,-1,13.913088,1,13.959168
8,16,16,-1,-1,-1,-1,-1,13.855744,1,13.9008
9,16,16,-1,-1,-1,-1,-1,13.840384,1,13.884416
10,16,16,-1,-1,-1,-1,-1,13.815808,1,13.85984
11,16,16,-1,-1,-1,-1,-1,13.804544,1,13.847552
12,16,16,-1,-1,-1,-1,-1,13.7984,1,13.843456
13,16,16,-1,-1,-1,-1,-1,13.816832,1,13.85984
14,16,16,-1,-1,-1,-1,-1,13.800448,1,13.84448
15,16,16,-1,-1,-1,-1,-1,13.789184,1,13.83424
16,16,16,-1,-1,-1,-1,-1,13.775872,1,13.819904
17,16,16,-1,-1,-1,-1,-1,13.780992,1,13.824
18,16,16,-1,-1,-1,-1,-1,13.80864,1,13.85472
19,16,16,-1,-1,-1,-1,-1,13.786112,1,13.850624
20,16,16,-1,-1,-1,-1,-1,13.799424,1,13.868032
21,16,16,-1,-1,-1,-1,-1,13.795328,1,13.853696
22,16,16,-1,-1,-1,-1,-1,13.773824,1,13.833216
23,16,16,-1,-1,-1,-1,-1,13.796352,1,13.840384
24,16,16,-1,-1,-1,-1,-1,13.754368,1,13.799424
25,16,16,-1,-1,-1,-1,-1,13.750272,1,13.795328
26,16,16,-1,-1,-1,-1,-1,13.782016,1,13.827072
27,16,16,-1,-1,-1,-1,-1,13.77792,1,13.821952
28,16,16,-1,-1,-1,-1,-1,13.774848,1,13.819904
29,16,16,-1,-1,-1,-1,-1,13.811712,1,13.856768
30,16,16,-1,-1,-1,-1,-1,13.811712,1,13.855744
31,16,16,-1,-1,-1,-1,-1,13.7984,1,13.843456
32,16,16,-1,-1,-1,-1,-1,13.810688,1,13.855744
33,16,16,-1,-1,-1,-1,-1,13.807616,1,13.851648
34,16,16,-1,-1,-1,-1,-1,13.787136,1,13.830144
35,16,16,-1,-1,-1,-1,-1,13.80352,1,13.872128
36,16,16,-1,-1,-1,-1,-1,13.940736,1,17.006592
37,16,16,-1,-1,-1,-1,-1,13.904896,1,16.976896
38,16,16,-1,-1,-1,-1,-1,13.819904,1,13.887488
39,16,16,-1,-1,-1,-1,-1,13.780992,1,13.826048
40,16,16,-1,-1,-1,-1,-1,13.824,1,13.87008
41,16,16,-1,-1,-1,-1,-1,13.84448,1,13.888512
42,16,16,-1,-1,-1,-1,-1,13.843456,1,34.707455
43,16,16,-1,-1,-1,-1,-1,13.806592,1,13.850624
44,16,16,-1,-1,-1,-1,-1,13.835264,1,13.879296
45,16,16,-1,-1,-1,-1,-1,13.830144,1,13.874176
46,16,16,-1,-1,-1,-1,-1,13.826048,1,13.871104
47,16,16,-1,-1,-1,-1,-1,13.833216,1,13.876224
48,16,16,-1,-1,-1,-1,-1,13.836288,1,13.88032
49,16,16,-1,-1,-1,-1,-1,13.852672,1,13.896704
50,16,16,-1,-1,-1,-1,-1,13.83424,1,13.877248
51,16,16,-1,-1,-1,-1,-1,13.835264,1,13.9008
52,16,16,-1,-1,-1,-1,-1,13.817856,1,13.876224
53,16,16,-1,-1,-1,-1,-1,13.851648,1,13.908992
54,16,16,-1,-1,-1,-1,-1,13.850624,1,13.918208
55,16,16,-1,-1,-1,-1,-1,13.884416,1,13.929472
56,16,16,-1,-1,-1,-1,-1,13.838336,1,13.882368
57,16,16,-1,-1,-1,-1,-1,13.83936,1,13.881344
58,16,16,-1,-1,-1,-1,-1,13.810688,1,13.856768
59,16,16,-1,-1,-1,-1,-1,13.858816,1,13.902848
60,16,16,-1,-1,-1,-1,-1,13.882368,1,13.925376
61,16,16,-1,-1,-1,-1,-1,13.86496,1,13.908992
62,16,16,-1,-1,-1,-1,-1,13.858816,1,13.902848
63,16,16,-1,-1,-1,-1,-1,13.856768,1,13.898752
64,16,16,-1,-1,-1,-1,-1,13.831168,1,13.876224
65,16,16,-1,-1,-1,-1,-1,13.876224,1,13.919232
66,16,16,-1,-1,-1,-1,-1,13.886464,1,13.928448
67,16,16,-1,-1,-1,-1,-1,13.872128,1,13.937664
68,16,16,-1,-1,-1,-1,-1,13.837312,1,13.903872
69,16,16,-1,-1,-1,-1,-1,13.846528,1,13.913088
70,16,16,-1,-1,-1,-1,-1,13.843456,1,13.910016
71,16,16,-1,-1,-1,-1,-1,13.892608,1,13.93664
72,16,16,-1,-1,-1,-1,-1,13.843456,1,13.887488
73,16,16,-1,-1,-1,-1,-1,13.869056,1,13.912064
74,16,16,-1,-1,-1,-1,-1,13.883392,1,13.925376
75,16,16,-1,-1,-1,-1,-1,13.853696,1,13.89568
76,16,16,-1,-1,-1,-1,-1,13.83424,1,13.878272
77,16,16,-1,-1,-1,-1,-1,13.914112,1,13.95712
78,16,16,-1,-1,-1,-1,-1,13.83936,1,13.882368
79,16,16,-1,-1,-1,-1,-1,13.888512,1,13.93152
80,16,16,-1,-1,-1,-1,-1,13.865984,1,13.908992
81,16,16,-1,-1,-1,-1,-1,13.908992,1,13.952
82,16,16,-1,-1,-1,-1,-1,13.863936,1,13.907968
83,16,16,-1,-1,-1,-1,-1,13.902848,1,13.96736
84,16,16,-1,-1,-1,-1,-1,13.899776,1,13.966336
85,16,16,-1,-1,-1,-1,-1,13.878272,1,13.943808
86,16,16,-1,-1,-1,-1,-1,13.867008,1,13.93152
87,16,16,-1,-1,-1,-1,-1,13.906944,1,13.949952
88,16,16,-1,-1,-1,-1,-1,13.8752,1,13.917184
89,16,16,-1,-1,-1,-1,-1,13.919232,1,13.961216
90,16,16,-1,-1,-1,-1,-1,13.884416,1,13.927424
91,16,16,-1,-1,-1,-1,-1,13.896704,1,13.940736
92,16,16,-1,-1,-1,-1,-1,13.912064,1,13.955072
93,16,16,-1,-1,-1,-1,-1,13.917184,1,13.960192
94,16,16,-1,-1,-1,-1,-1,13.932544,1,13.976576
95,16,16,-1,-1,-1,-1,-1,13.91616,1,13.960192
96,16,16,-1,-1,-1,-1,-1,13.929472,1,13.974528
97,16,16,-1,-1,-1,-1,-1,13.930496,1,13.974528
98,16,16,-1,-1,-1,-1,-1,13.896704,1,13.947904
99,16,16,-1,-1,-1,-1,-1,13.904896,1,13.969408
100,16,16,-1,-1,-1,-1,-1,13.876224,1,13.94176
101,16,16,-1,-1,-1,-1,-1,13.907968,1,13.976576
102,16,16,-1,-1,-1,-1,-1,13.869056,1,13.935616
103,16,16,-1,-1,-1,-1,-1,13.888512,1,13.933568
104,16,16,-1,-1,-1,-1,-1,13.953024,1,13.996032
105,16,16,-1,-1,-1,-1,-1,13.897728,1,13.969408
106,16,16,-1,-1,-1,-1,-1,13.892608,1,13.934592
107,16,16,-1,-1,-1,-1,-1,13.939712,1,13.983744
108,16,16,-1,-1,-1,-1,-1,13.918208,1,13.984768
109,16,16,-1,-1,-1,-1,-1,13.901824,1,13.97248
110,16,16,-1,-1,-1,-1,-1,13.949952,1,14.016512
111,16,16,-1,-1,-1,-1,-1,13.95712,1,14.000128
112,16,16,-1,-1,-1,-1,-1,13.934592,1,13.991936
113,16,16,-1,-1,-1,-1,-1,13.897728,1,13.96736
114,16,16,-1,-1,-1,-1,-1,13.952,1,13.993984
115,16,16,-1,-1,-1,-1,-1,13.913088,1,13.9776
116,16,16,-1,-1,-1,-1,-1,13.937664,1,14.0032
117,16,1024,-1,-1,-1,-1,-1,-1,0,69.343231
118,16,1024,-1,-1,-1,-1,-1,-1,0,70.829056
119,16,1024,-1,-1,-1,-1,-1,-1,0,70.844414
120,16,16,-1,-1,-1,-1,-1,14.03904,1,14.082048
121,16,16,-1,-1,-1,-1,-1,13.944832,1,13.98784
122,16,1024,-1,-1,-1,-1,-1,-1,0,69.710846
123,16,1024,-1,-1,-1,-1,-1,-1,0,70.85363
124,16,1024,-1,-1,-1,-1,-1,-1,0,70.8311
125,16,1024,-1,-1,-1,-1,-1,-1,0,70.857727
126,16,1024,-1,-1,-1,-1,-1,-1,0,70.977539
127,16,16,-1,-1,-1,-1,-1,13.96736,1,14.009344
128,16,16,-1,-1,-1,-1,-1,13.935616,1,13.979648
129,16,1023,-1,-1,-1,-1,-1,-1,0,69.697533
130,16,16,-1,-1,-1,-1,-1,13.975552,1,14.041088
131,16,2031,-1,-1,-1,-1,-1,-1,0,128.755707
132,16,16,-1,-1,-1,-1,-1,13.906944,1,13.973504
133,16,16,-1,-1,-1,-1,-1,13.852672,1,13.919232
134,16,16,-1,-1,-1,-1,-1,13.804544,1,13.861888
135,16,2032,-1,-1,-1,-1,-1,-1,0,128.371719
136,16,16,-1,-1,-1,-1,-1,13.942784,1,13.98784
137,16,1024,-1,-1,-1,-1,-1,-1,0,70.850563
138,16,16,-1,-1,-1,-1,-1,13.883392,1,13.94688
139,16,16,-1,-1,-1,-1,-1,13.852672,1,13.919232
140,16,16,-1,-1,-1,-1,-1,13.82912,1,13.894656
141,16,16,-1,-1,-1,-1,-1,13.77792,1,13.840384
142,16,16,-1,-1,-1,-1,-1,13.809664,1,13.876224
143,16,1023,-1,-1,-1,-1,-1,-1,0,69.784576
144,16,16,-1,-1,-1,-1,-1,13.888512,1,13.952
145,16,16,-1,-1,-1,-1,-1,13.825024,1,13.869056
146,16,16,-1,-1,-1,-1,-1,13.832192,1,13.897728
147,16,16,-1,-1,-1,-1,-1,13.799424,1,13.863936
148,16,16,-1,-1,-1,-1,-1,13.797376,1,13.862912
149,16,16,-1,-1,-1,-1,-1,13.81376,1,13.877248
150,16,16,-1,-1,-1,-1,-1,13.806592,1,13.871104
151,16,16,-1,-1,-1,-1,-1,13.828096,1,13.89568
152,16,1024,-1,-1,-1,-1,-1,-1,0,69.539841
153,16,16,-1,-1,-1,-1,-1,13.943808,1,14.009344
154,16,16,-1,-1,-1,-1,-1,13.88544,1,13.942784
155,16,16,-1,-1,-1,-1,-1,13.853696,1,13.92128
156,16,16,-1,-1,-1,-1,-1,13.83936,1,13.894656
157,16,16,-1,-1,-1,-1,-1,13.804544,1,13.87008
158,16,16,-1,-1,-1,-1,-1,13.84448,1,13.910016
159,16,16,-1,-1,-1,-1,-1,13.852672,1,13.896704
160,16,16,-1,-1,-1,-1,-1,13.847552,1,13.912064
161,16,16,-1,-1,-1,-1,-1,13.868032,1,13.91104
162,16,16,-1,-1,-1,-1,-1,13.787136,1,13.852672
163,16,16,-1,-1,-1,-1,-1,13.856768,1,13.919232
164,16,16,-1,-1,-1,-1,-1,13.8496,1,13.914112
165,16,16,-1,-1,-1,-1,-1,13.833216,1,13.889536
166,16,16,-1,-1,-1,-1,-1,13.846528,1,13.910016
167,16,16,-1,-1,-1,-1,-1,13.837312,1,13.901824
168,16,16,-1,-1,-1,-1,-1,13.847552,1,13.91104
169,16,16,-1,-1,-1,-1,-1,13.828096,1,13.892608
170,16,16,-1,-1,-1,-1,-1,13.84448,1,13.9008
171,16,16,-1,-1,-1,-1,-1,13.846528,1,13.912064
172,16,16,-1,-1,-1,-1,-1,13.843456,1,13.906944
173,16,16,-1,-1,-1,-1,-1,13.85472,1,13.910016
174,16,16,-1,-1,-1,-1,-1,13.830144,1,13.892608
175,16,16,-1,-1,-1,-1,-1,13.820928,1,13.863936
176,16,16,-1,-1,-1,-1,-1,13.852672,1,13.918208
177,16,16,-1,-1,-1,-1,-1,13.848576,1,13.89056
178,16,16,-1,-1,-1,-1,-1,13.87008,1,13.934592
179,16,16,-1,-1,-1,-1,-1,13.846528,1,13.904896
180,16,16,-1,-1,-1,-1,-1,13.847552,1,13.91104
181,16,16,-1,-1,-1,-1,-1,13.827072,1,13.89056
182,16,16,-1,-1,-1,-1,-1,13.8752,1,13.940736
183,16,16,-1,-1,-1,-1,-1,13.85472,1,13.92128
184,16,16,-1,-1,-1,-1,-1,13.865984,1,13.932544
185,16,16,-1,-1,-1,-1,-1,13.868032,1,13.924352
186,16,16,-1,-1,-1,-1,-1,13.848576,1,13.914112
187,16,16,-1,-1,-1,-1,-1,13.879296,1,13.943808
188,16,16,-1,-1,-1,-1,-1,13.847552,1,13.90592
189,16,16,-1,-1,-1,-1,-1,13.850624,1,13.914112
190,16,16,-1,-1,-1,-1,-1,13.8752,1,13.932544
191,16,16,-1,-1,-1,-1,-1,13.85984,1,13.901824
192,16,16,-1,-1,-1,-1,-1,13.851648,1,13.91616
193,16,16,-1,-1,-1,-1,-1,13.881344,1,13.924352
194,16,16,-1,-1,-1,-1,-1,13.850624,1,13.907968
195,16,16,-1,-1,-1,-1,-1,13.856768,1,13.923328
196,16,16,-1,-1,-1,-1,-1,13.879296,1,13.944832
197,16,16,-1,-1,-1,-1,-1,13.87008,1,13.934592
198,16,16,-1,-1,-1,-1,-1,13.874176,1,13.939712
199,16,16,-1,-1,-1,-1,-1,13.878272,1,13.937664
200,16,16,-1,-1,-1,-1,-1,13.860864,1,13.925376
201,16,16,-1,-1,-1,-1,-1,13.878272,1,13.943808
202,16,16,-1,-1,-1,-1,-1,13.925376,1,13.988864
203,16,16,-1,-1,-1,-1,-1,13.85984,1,13.924352
204,16,16,-1,-1,-1,-1,-1,13.888512,1,13.953024
205,16,16,-1,-1,-1,-1,-1,13.894656,1,13.959168
206,16,16,-1,-1,-1,-1,-1,13.865984,1,13.923328
207,16,16,-1,-1,-1,-1,-1,13.87008,1,13.913088
208,16,16,-1,-1,-1,-1,-1,13.89056,1,13.956096
209,16,16,-1,-1,-1,-1,-1,13.873152,1,13.917184
210,16,16,-1,-1,-1,-1,-1,13.886464,1,13.950976
211,16,16,-1,-1,-1,-1,-1,13.868032,1,13.933568
212,16,16,-1,-1,-1,-1,-1,13.917184,1,13.973504
213,16,16,-1,-1,-1,-1,-1,13.908992,1,13.966336
214,16,16,-1,-1,-1,-1,-1,13.912064,1,13.976576
215,16,16,-1,-1,-1,-1,-1,13.917184,1,13.974528
216,16,16,-1,-1,-1,-1,-1,13.907968,1,13.966336
217,16,16,-1,-1,-1,-1,-1,13.939712,1,14.004224
218,16,16,-1,-1,-1,-1,-1,13.899776,1,13.956096
219,16,16,-1,-1,-1,-1,-1,13.90592,1,13.970432
220,16,16,-1,-1,-1,-1,-1,13.9008,1,13.966336
221,16,16,-1,-1,-1,-1,-1,13.90592,1,13.96224
222,16,16,-1,-1,-1,-1,-1,13.933568,1,13.99808
223,16,16,-1,-1,-1,-1,-1,13.903872,1,13.947904
224,16,16,-1,-1,-1,-1,-1,13.91104,1,13.976576
225,16,16,-1,-1,-1,-1,-1,13.930496,1,13.974528
226,16,16,-1,-1,-1,-1,-1,13.92128,1,13.985792
227,16,16,-1,-1,-1,-1,-1,13.925376,1,13.991936
228,16,16,-1,-1,-1,-1,-1,13.928448,1,13.984768
229,16,16,-1,-1,-1,-1,-1,13.912064,1,13.969408
230,16,16,-1,-1,-1,-1,-1,13.938688,1,14.001152
231,16,16,-1,-1,-1,-1,-1,13.928448,1,14.001152
232,16,16,-1,-1,-1,-1,-1,13.938688,1,14.005248
233,16,16,-1,-1,-1,-1,-1,13.935616,1,14.001152
234,16,16,-1,-1,-1,-1,-1,13.904896,1,13.969408
235,16,16,-1,-1,-1,-1,-1,13.94176,1,14.006272
236,16,16,-1,-1,-1,-1,-1,13.93152,1,13.997056
237,16,16,-1,-1,-1,-1,-1,13.953024,1,14.017536
238,16,16,-1,-1,-1,-1,-1,13.913088,1,13.968384
239,16,16,-1,-1,-1,-1,-1,13.934592,1,13.978624
240,16,16,-1,-1,-1,-1,-1,13.924352,1,13.989888
241,16,1024,-1,-1,-1,-1,-1,-1,0,69.553154
242,16,1023,-1,-1,-1,-1,-1,-1,0,71.092224
243,16,1024,-1,-1,-1,-1,-1,-1,0,71.250946
244,16,1023,-1,-1,-1,-1,-1,-1,0,70.898689
245,16,16,-1,-1,-1,-1,-1,14.022656,1,14.087168
246,16,16,-1,-1,-1,-1,-1,13.947904,1,14.01344
247,16,1024,-1,-1,-1,-1,-1,-1,0,69.808128
248,16,16,-1,-1,-1,-1,-1,13.964288,1,14.030848
249,16,16,-1,-1,-1,-1,-1,13.986816,1,14.051328
250,16,16,-1,-1,-1,-1,-1,13.934592,1,13.98272
251,16,1024,-1,-1,-1,-1,-1,-1,0,69.852158
252,16,16,-1,-1,-1,-1,-1,14.004224,1,14.061568
253,16,1023,-1,-1,-1,-1,-1,-1,0,70.176765
254,16,16,-1,-1,-1,-1,-1,13.976576,1,14.041088
255,16,16,-1,-1,-1,-1,-1,13.918208,1,13.964288
256,16,16,-1,-1,-1,-1,-1,13.899776,1,13.96736
257,16,16,-1,-1,-1,-1,-1,13.891584,1,13.955072
258,16,1024,-1,-1,-1,-1,-1,-1,0,69.91053
259,16,16,-1,-1,-1,-1,-1,14.0032,1,14.075904
260,16,2032,-1,-1,-1,-1,-1,-1,0,129.314819
261,16,16,-1,-1,-1,-1,-1,14.032896,1,14.098432
262,16,1024,-1,-1,-1,-1,-1,-1,0,70.907906
263,16,1024,-1,-1,-1,-1,-1,-1,0,70.977539
264,16,16,-1,-1,-1,-1,-1,13.922304,1,13.986816
265,16,16,-1,-1,-1,-1,-1,13.88544,1,13.930496
266,16,16,-1,-1,-1,-1,-1,13.882368,1,13.9264
267,16,16,-1,-1,-1,-1,-1,13.827072,1,13.892608
268,16,16,-1,-1,-1,-1,-1,13.878272,1,13.922304
269,16,1024,-1,-1,-1,-1,-1,-1,0,69.989372
270,16,1024,-1,-1,-1,-1,-1,-1,0,71.407616
271,16,16,-1,-1,-1,-1,-1,13.969408,1,14.01344
272,16,1024,-1,-1,-1,-1,-1,-1,0,70.725632
273,16,16,-1,-1,-1,-1,-1,13.937664,1,14.002176
274,16,16,-1,-1,-1,-1,-1,13.862912,1,13.92128
275,16,16,-1,-1,-1,-1,-1,13.809664,1,13.8752
276,16,16,-1,-1,-1,-1,-1,13.830144,1,13.89568
277,16,16,-1,-1,-1,-1,-1,13.796352,1,13.85984
278,16,1024,-1,-1,-1,-1,-1,-1,0,69.779457
279,16,16,-1,-1,-1,-1,-1,13.94176,1,14.009344
280,16,16,-1,-1,-1,-1,-1,13.901824,1,13.945856
281,16,16,-1,-1,-1,-1,-1,13.85984,1,13.904896
282,16,16,-1,-1,-1,-1,-1,13.804544,1,13.848576
283,16,16,-1,-1,-1,-1,-1,13.835264,1,13.9008
284,16,16,-1,-1,-1,-1,-1,13.83936,1,13.884416
285,16,16,-1,-1,-1,-1,-1,13.85472,1,13.919232
286,16,16,-1,-1,-1,-1,-1,13.843456,1,13.910016
287,16,16,-1,-1,-1,-1,-1,13.807616,1,13.852672
288,16,16,-1,-1,-1,-1,-1,13.802496,1,13.858816
289,16,16,-1,-1,-1,-1,-1,13.815808,1,13.879296
290,16,16,-1,-1,-1,-1,-1,13.841408,1,13.904896
291,16,16,-1,-1,-1,-1,-1,13.833216,1,13.897728
292,16,16,-1,-1,-1,-1,-1,13.836288,1,13.893632
293,16,16,-1,-1,-1,-1,-1,13.822976,1,13.887488
294,16,16,-1,-1,-1,-1,-1,13.835264,1,13.893632
295,16,16,-1,-1,-1,-1,-1,13.815808,1,13.873152
296,16,16,-1,-1,-1,-1,-1,13.817856,1,13.860864
297,16,16,-1,-1,-1,-1,-1,13.82912,1,13.871104
298,16,16,-1,-1,-1,-1,-1,13.81888,1,13.861888
299,16,16,-1,-1,-1,-1,-1,13.84448,1,13.9008
300,16,16,-1,-1,-1,-1,-1,13.825024,1,13.869056
301,16,16,-1,-1,-1,-1,-1,13.816832,1,13.881344
302,16,16,-1,-1,-1,-1,-1,13.810688,1,13.877248
303,16,16,-1,-1,-1,-1,-1,13.815808,1,13.858816
304,16,16,-1,-1,-1,-1,-1,13.851648,1,13.917184
305,16,16,-1,-1,-1,-1,-1,13.817856,1,13.874176
306,16,16,-1,-1,-1,-1,-1,13.825024,1,13.881344
307,16,16,-1,-1,-1,-1,-1,13.85984,1,13.918208
308,16,16,-1,-1,-1,-1,-1,13.884416,1,13.949952
309,16,16,-1,-1,-1,-1,-1,13.877248,1,13.940736
310,16,16,-1,-1,-1,-1,-1,13.828096,1,13.892608
311,16,16,-1,-1,-1,-1,-1,13.887488,1,13.952
312,16,16,-1,-1,-1,-1,-1,13.867008,1,13.910016
313,16,16,-1,-1,-1,-1,-1,13.852672,1,13.896704
314,16,16,-1,-1,-1,-1,-1,13.851648,1,13.894656
315,16,16,-1,-1,-1,-1,-1,13.841408,1,13.904896
316,16,16,-1,-1,-1,-1,-1,13.896704,1,13.939712
317,16,16,-1,-1,-1,-1,-1,13.876224,1,13.933568
318,16,16,-1,-1,-1,-1,-1,13.848576,1,13.914112
319,16,16,-1,-1,-1,-1,-1,13.850624,1,13.893632
320,16,16,-1,-1,-1,-1,-1,13.878272,1,13.954048
321,16,16,-1,-1,-1,-1,-1,13.886464,1,13.952
322,16,16,-1,-1,-1,-1,-1,13.882368,1,13.947904
323,16,16,-1,-1,-1,-1,-1,13.883392,1,13.949952
324,16,16,-1,-1,-1,-1,-1,13.904896,1,13.969408
325,16,16,-1,-1,-1,-1,-1,13.856768,1,13.92128
326,16,16,-1,-1,-1,-1,-1,13.878272,1,13.944832
327,16,16,-1,-1,-1,-1,-1,13.878272,1,13.935616
328,16,16,-1,-1,-1,-1,-1,13.904896,1,13.949952
329,16,16,-1,-1,-1,-1,-1,13.882368,1,13.925376
330,16,16,-1,-1,-1,-1,-1,13.891584,1,13.933568
331,16,16,-1,-1,-1,-1,-1,13.865984,1,13.922304
332,16,16,-1,-1,-1,-1,-1,13.855744,1,13.898752
333,16,16,-1,-1,-1,-1,-1,13.867008,1,13.93152
334,16,16,-1,-1,-1,-1,-1,13.91616,1,13.974528
335,16,16,-1,-1,-1,-1,-1,13.891584,1,13.934592
336,16,16,-1,-1,-1,-1,-1,13.868032,1,13.933568
337,16,16,-1,-1,-1,-1,-1,13.887488,1,13.950976
338,16,16,-1,-1,-1,-1,-1,13.888512,1,13.953024
339,16,16,-1,-1,-1,-1,-1,13.9008,1,13.964288
340,16,16,-1,-1,-1,-1,-1,13.924352,1,13.988864
341,16,16,-1,-1,-1,-1,-1,13.861888,1,13.919232
342,16,16,-1,-1,-1,-1,-1,13.87008,1,13.934592
343,16,16,-1,-1,-1,-1,-1,13.92128,1,13.986816
344,16,16,-1,-1,-1,-1,-1,13.88032,1,13.924352
345,16,16,-1,-1,-1,-1,-1,13.871104,1,13.914112
346,16,16,-1,-1,-1,-1,-1,13.882368,1,13.924352
347,16,16,-1,-1,-1,-1,-1,13.938688,1,14.0032
348,16,16,-1,-1,-1,-1,-1,13.878272,1,13.92128
349,16,16,-1,-1,-1,-1,-1,13.886464,1,13.949952
350,16,16,-1,-1,-1,-1,-1,13.896704,1,13.964288
351,16,16,-1,-1,-1,-1,-1,13.878272,1,13.92128
352,16,16,-1,-1,-1,-1,-1,13.923328,1,13.98784
353,16,16,-1,-1,-1,-1,-1,13.92128,1,13.985792
354,16,16,-1,-1,-1,-1,-1,13.914112,1,13.9776
355,16,16,-1,-1,-1,-1,-1,13.914112,1,13.979648
356,16,16,-1,-1,-1,-1,-1,13.919232,1,13.985792
357,16,16,-1,-1,-1,-1,-1,13.907968,1,13.971456
358,16,16,-1,-1,-1,-1,-1,13.929472,1,13.996032
359,16,1023,-1,-1,-1,-1,-1,-1,0,69.363708
360,16,16,-1,-1,-1,-1,-1,14.043136,1,14.099456
361,16,16,-1,-1,-1,-1,-1,14.002176,1,14.046208
362,16,16,-1,-1,-1,-1,-1,14.025728,1,14.06976
363,16,16,-1,-1,-1,-1,-1,13.934592,1,13.99808
364,16,16,-1,-1,-1,-1,-1,13.925376,1,13.968384
365,16,16,-1,-1,-1,-1,-1,13.966336,1,14.031872
366,16,16,-1,-1,-1,-1,-1,13.959168,1,14.02368
367,16,16,-1,-1,-1,-1,-1,13.958144,1,14.002176
368,16,1024,-1,-1,-1,-1,-1,-1,0,69.754883
369,16,16,-1,-1,-1,-1,-1,14.057472,1,14.123008
370,16,16,-1,-1,-1,-1,-1,13.983744,1,14.050304
371,16,16,-1,-1,-1,-1,-1,13.903872,1,13.968384
372,16,1024,-1,-1,-1,-1,-1,-1,0,69.855232
373,16,16,-1,-1,-1,-1,-1,13.993984,1,14.03904
374,16,16,-1,-1,-1,-1,-1,13.942784,1,14.009344
375,16,1024,-1,-1,-1,-1,-1,-1,0,70.310913
376,16,2032,-1,-1,-1,-1,-1,-1,0,129.732605
377,16,16,-1,-1,-1,-1,-1,13.986816,1,14.031872
378,16,16,-1,-1,-1,-1,-1,13.97248,1,14.01856
379,16,16,-1,-1,-1,-1,-1,13.904896,1,13.949952
380,16,1024,-1,-1,-1,-1,-1,-1,0,69.960701
381,16,2032,-1,-1,-1,-1,-1,-1,0,129.670151
382,16,16,-1,-1,-1,-1,-1,13.949952,1,14.017536
383,16,1024,-1,-1,-1,-1,-1,-1,0,114.330627
384,16,16,-1,-1,-1,-1,-1,13.933568,1,19.488768
385,16,1024,-1,-1,-1,-1,-1,-1,0,108.813309
386,16,16,-1,-1,-1,-1,-1,13.893632,1,20.6336
387,16,16,-1,-1,-1,-1,-1,13.8752,1,13.920256
388,16,16,-1,-1,-1,-1,-1,13.817856,1,13.882368
389,16,1024,-1,-1,-1,-1,-1,-1,0,87.738365
390,16,1024,-1,-1,-1,-1,-1,-1,0,73.563133
391,16,16,-1,-1,-1,-1,-1,13.924352,1,13.989888
392,16,16,-1,-1,-1,-1,-1,13.912064,1,13.978624
393,16,16,-1,-1,-1,-1,-1,13.874176,1,13.918208
394,16,16,-1,-1,-1,-1,-1,13.860864,1,13.90592
395,16,16,-1,-1,-1,-1,-1,13.865984,1,13.910016
396,16,16,-1,-1,-1,-1,-1,13.88544,1,13.950976
397,16,16,-1,-1,-1,-1,-1,13.855744,1,13.913088
398,16,16,-1,-1,-1,-1,-1,13.826048,1,13.889536
399,16,16,-1,-1,-1,-1,-1,13.773824,1,13.830144
400,16,16,-1,-1,-1,-1,-1,13.79328,1,13.850624
401,16,16,-1,-1,-1,-1,-1,13.863936,1,13.92128
402,16,2032,-1,-1,-1,-1,-1,-1,0,128.484344
403,16,16,-1,-1,-1,-1,-1,13.976576,1,14.021632
404,16,16,-1,-1,-1,-1,-1,13.896704,1,13.964288
405,16,16,-1,-1,-1,-1,-1,13.88544,1,13.952
406,16,16,-1,-1,-1,-1,-1,13.88032,1,13.94688
407,16,16,-1,-1,-1,-1,-1,13.824,1,13.89056
408,16,16,-1,-1,-1,-1,-1,13.86496,1,13.932544
409,16,1024,-1,-1,-1,-1,-1,-1,0,69.945343
410,16,16,-1,-1,-1,-1,-1,13.950976,1,13.995008
411,16,16,-1,-1,-1,-1,-1,13.912064,1,13.95712
412,16,16,-1,-1,-1,-1,-1,13.889536,1,13.95712
413,16,16,-1,-1,-1,-1,-1,13.841408,1,13.907968
414,16,16,-1,-1,-1,-1,-1,13.843456,1,13.88544
415,16,16,-1,-1,-1,-1,-1,13.828096,1,13.892608
416,16,16,-1,-1,-1,-1,-1,13.856768,1,13.92128
417,16,16,-1,-1,-1,-1,-1,13.857792,1,13.915136
418,16,16,-1,-1,-1,-1,-1,13.877248,1,13.943808
419,16,16,-1,-1,-1,-1,-1,13.824,1,13.868032
420,16,16,-1,-1,-1,-1,-1,13.828096,1,13.894656
421,16,16,-1,-1,-1,-1,-1,13.796352,1,13.853696
422,16,16,-1,-1,-1,-1,-1,13.835264,1,13.899776
423,16,16,-1,-1,-1,-1,-1,13.873152,1,13.937664
424,16,16,-1,-1,-1,-1,-1,13.817856,1,13.883392
425,16,16,-1,-1,-1,-1,-1,13.82912,1,13.886464
426,16,16,-1,-1,-1,-1,-1,13.833216,1,13.876224
427,16,16,-1,-1,-1,-1,-1,13.822976,1,13.865984
428,16,16,-1,-1,-1,-1,-1,13.857792,1,13.922304
429,16,16,-1,-1,-1,-1,-1,13.838336,1,13.896704
430,16,16,-1,-1,-1,-1,-1,13.853696,1,13.897728
431,16,16,-1,-1,-1,-1,-1,13.855744,1,13.92128
432,16,16,-1,-1,-1,-1,-1,13.838336,1,13.902848
433,16,16,-1,-1,-1,-1,-1,13.815808,1,13.88032
434,16,16,-1,-1,-1,-1,-1,13.85472,1,13.920256
435,16,16,-1,-1,-1,-1,-1,13.796352,1,13.838336
436,16,16,-1,-1,-1,-1,-1,13.877248,1,13.943808
437,16,16,-1,-1,-1,-1,-1,13.868032,1,13.932544
438,16,16,-1,-1,-1,-1,-1,13.852672,1,13.917184
439,16,16,-1,-1,-1,-1,-1,13.855744,1,13.912064
440,16,16,-1,-1,-1,-1,-1,13.874176,1,13.940736
441,16,16,-1,-1,-1,-1,-1,13.841408,1,13.898752
442,16,16,-1,-1,-1,-1,-1,13.832192,1,13.876224
443,16,16,-1,-1,-1,-1,-1,13.861888,1,13.90592
444,16,16,-1,-1,-1,-1,-1,13.842432,1,13.907968
445,16,16,-1,-1,-1,-1,-1,13.85472,1,13.92128
446,16,16,-1,-1,-1,-1,-1,13.863936,1,13.907968
447,16,16,-1,-1,-1,-1,-1,13.871104,1,13.935616
448,16,16,-1,-1,-1,-1,-1,13.872128,1,13.937664
449,16,16,-1,-1,-1,-1,-1,13.878272,1,13.94176
450,16,16,-1,-1,-1,-1,-1,13.873152,1,13.930496
451,16,16,-1,-1,-1,-1,-1,13.869056,1,13.912064
452,16,16,-1,-1,-1,-1,-1,13.861888,1,13.927424
453,16,16,-1,-1,-1,-1,-1,13.845504,1,13.910016
454,16,16,-1,-1,-1,-1,-1,13.86496,1,13.929472
455,16,16,-1,-1,-1,-1,-1,13.877248,1,13.942784
456,16,16,-1,-1,-1,-1,-1,13.882368,1,13.947904
457,16,16,-1,-1,-1,-1,-1,13.899776,1,13.963264
458,16,16,-1,-1,-1,-1,-1,13.889536,1,13.932544
459,16,16,-1,-1,-1,-1,-1,13.896704,1,13.938688
460,16,16,-1,-1,-1,-1,-1,13.892608,1,13.958144
461,16,16,-1,-1,-1,-1,-1,13.861888,1,13.928448
462,16,16,-1,-1,-1,-1,-1,13.914112,1,13.958144
463,16,16,-1,-1,-1,-1,-1,13.893632,1,13.959168
464,16,16,-1,-1,-1,-1,-1,13.901824,1,13.95712
465,16,16,-1,-1,-1,-1,-1,13.881344,1,13.944832
466,16,16,-1,-1,-1,-1,-1,13.85472,1,13.922304
467,16,16,-1,-1,-1,-1,-1,13.939712,1,13.98272
468,16,16,-1,-1,-1,-1,-1,13.933568,1,13.999104
469,16,16,-1,-1,-1,-1,-1,13.919232,1,13.984768
470,16,16,-1,-1,-1,-1,-1,13.887488,1,13.953024
471,16,16,-1,-1,-1,-1,-1,13.91104,1,13.96736
472,16,16,-1,-1,-1,-1,-1,13.898752,1,13.965312
473,16,16,-1,-1,-1,-1,-1,13.91104,1,13.96736
474,16,16,-1,-1,-1,-1,-1,13.908992,1,13.953024
475,16,16,-1,-1,-1,-1,-1,13.935616,1,13.979648
476,16,16,-1,-1,-1,-1,-1,13.924352,1,13.988864
477,16,16,-1,-1,-1,-1,-1,13.906944,1,13.971456
478,16,16,-1,-1,-1,-1,-1,13.912064,1,13.955072
479,16,16,-1,-1,-1,-1,-1,13.933568,1,13.997056
480,16,16,-1,-1,-1,-1,-1,13.956096,1,14.021632
481,16,16,-1,-1,-1,-1,-1,13.914112,1,13.980672
482,16,16,-1,-1,-1,-1,-1,13.920256,1,13.985792
483,16,16,-1,-1,-1,-1,-1,13.889536,1,13.933568
484,16,1024,-1,-1,-1,-1,-1,-1,0,69.486595
485,16,16,-1,-1,-1,-1,-1,14.04416,1,14.109696
486,16,16,-1,-1,-1,-1,-1,14.016512,1,14.084096
487,16,16,-1,-1,-1,-1,-1,14.020608,1,14.08512
488,16,16,-1,-1,-1,-1,-1,13.983744,1,14.050304
489,16,1024,-1,-1,-1,-1,-1,-1,0,69.721085
490,16,16,-1,-1,-1,-1,-1,14.060544,1,14.104576
491,16,16,-1,-1,-1,-1,-1,14.012416,1,14.056448
492,16,16,-1,-1,-1,-1,-1,13.973504,1,14.03904
493,16,1024,-1,-1,-1,-1,-1,-1,0,70.174721
494,16,1024,-1,-1,-1,-1,-1,-1,0,71.269379
495,16,16,-1,-1,-1,-1,-1,14.026752,1,14.091264
496,16,16,-1,-1,-1,-1,-1,14.03904,1,14.082048
497,16,16,-1,-1,-1,-1,-1,13.995008,1,14.061568
498,16,16,-1,-1,-1,-1,-1,13.944832,1,14.010368
499,16,16,-1,-1,-1,-1,-1,13.956096,1,13.999104
500,16,1024,-1,-1,-1,-1,-1,-1,0,70.008835
501,16,16,-1,-1,-1,-1,-1,14.052352,1,14.116864
502,16,16,-1,-1,-1,-1,-1,13.945856,1,14.012416
503,16,1024,-1,-1,-1,-1,-1,-1,0,70.378494
504,16,1024,-1,-1,-1,-1,-1,-1,0,71.292931
505,16,1024,-1,-1,-1,-1,-1,-1,0,71.383041
506,16,16,-1,-1,-1,-1,-1,13.976576,1,14.019584
507,16,16,-1,-1,-1,-1,-1,13.96224,1,14.007296
508,16,1023,-1,-1,-1,-1,-1,-1,0,70.263809
509,16,1024,-1,-1,-1,-1,-1,-1,0,71.411713
510,16,1023,-1,-1,-1,-1,-1,-1,0,71.218178
511,16,16,-1,-1,-1,-1,-1,13.971456,1,14.0288
512,16,16,-1,-1,-1,-1,-1,13.949952,1,13.993984
513,16,16,-1,-1,-1,-1,-1,13.922304,1,13.986816
514,16,1024,-1,-1,-1,-1,-1,-1,0,69.999619
515,16,16,-1,-1,-1,-1,-1,13.947904,1,13.991936
516,16,16,-1,-1,-1,-1,-1,13.893632,1,13.953024
517,16,16,-1,-1,-1,-1,-1,13.857792,1,13.901824
518,16,1024,-1,-1,-1,-1,-1,-1,0,69.981186
519,16,16,-1,-1,-1,-1,-1,13.973504,1,14.038016
520,16,16,-1,-1,-1,-1,-1,13.886464,1,13.953024
521,16,16,-1,-1,-1,-1,-1,13.855744,1,13.923328
522,16,16,-1,-1,-1,-1,-1,13.86496,1,13.908992
523,16,16,-1,-1,-1,-1,-1,13.874176,1,13.922304
524,16,16,-1,-1,-1,-1,-1,13.85472,1,13.899776
525,16,16,-1,-1,-1,-1,-1,13.877248,1,13.93664
526,16,16,-1,-1,-1,-1,-1,13.902848,1,13.968384
527,16,16,-1,-1,-1,-1,-1,13.820928,1,13.886464
528,16,16,-1,-1,-1,-1,-1,13.843456,1,13.888512
529,16,16,-1,-1,-1,-1,-1,13.848576,1,13.892608
530,16,16,-1,-1,-1,-1,-1,13.815808,1,13.88032
531,16,16,-1,-1,-1,-1,-1,13.845504,1,13.888512
532,16,16,-1,-1,-1,-1,-1,13.827072,1,13.884416
533,16,16,-1,-1,-1,-1,-1,13.80864,1,13.852672
534,16,16,-1,-1,-1,-1,-1,13.825024,1,13.889536
535,16,1024,-1,-1,-1,-1,-1,-1,0,69.530624
536,16,16,-1,-1,-1,-1,-1,13.93152,1,13.99808
537,16,16,-1,-1,-1,-1,-1,13.904896,1,13.971456
538,16,16,-1,-1,-1,-1,-1,13.86496,1,13.908992
539,16,1024,-1,-1,-1,-1,-1,-1,0,69.968895
540,16,16,-1,-1,-1,-1,-1,13.940736,1,13.984768
541,16,16,-1,-1,-1,-1,-1,13.85984,1,13.927424
542,16,1024,-1,-1,-1,-1,-1,-1,0,70.036484
543,16,16,-1,-1,-1,-1,-1,13.981696,1,14.047232
544,16,16,-1,-1,-1,-1,-1,13.898752,1,13.943808
545,16,16,-1,-1,-1,-1,-1,13.889536,1,13.934592
546,16,16,-1,-1,-1,-1,-1,13.822976,1,13.88032
547,16,16,-1,-1,-1,-1,-1,13.891584,1,13.93664
548,16,16,-1,-1,-1,-1,-1,13.85472,1,13.92128
549,16,16,-1,-1,-1,-1,-1,13.867008,1,13.91104
550,16,16,-1,-1,-1,-1,-1,13.843456,1,13.908992
551,16,16,-1,-1,-1,-1,-1,13.841408,1,13.898752
552,16,16,-1,-1,-1,-1,-1,13.83424,1,13.9008
553,16,16,-1,-1,-1,-1,-1,13.81888,1,13.877248
554,16,16,-1,-1,-1,-1,-1,13.83424,1,13.877248
555,16,16,-1,-1,-1,-1,-1,13.847552,1,13.913088
556,16,16,-1,-1,-1,-1,-1,13.842432,1,13.886464
557,16,16,-1,-1,-1,-1,-1,13.89568,1,13.961216
558,16,16,-1,-1,-1,-1,-1,13.846528,1,13.915136
559,16,16,-1,-1,-1,-1,-1,13.873152,1,13.939712
560,16,16,-1,-1,-1,-1,-1,13.8496,1,13.892608
561,16,16,-1,-1,-1,-1,-1,13.838336,1,13.881344
562,16,16,-1,-1,-1,-1,-1,13.872128,1,13.927424
563,16,16,-1,-1,-1,-1,-1,13.843456,1,13.886464
564,16,16,-1,-1,-1,-1,-1,13.826048,1,13.891584
565,16,16,-1,-1,-1,-1,-1,13.883392,1,13.927424
566,16,16,-1,-1,-1,-1,-1,13.858816,1,13.91616
567,16,16,-1,-1,-1,-1,-1,13.869056,1,13.933568
568,16,16,-1,-1,-1,-1,-1,13.877248,1,13.94176
569,16,16,-1,-1,-1,-1,-1,13.869056,1,13.935616
570,16,16,-1,-1,-1,-1,-1,13.855744,1,13.899776
571,16,16,-1,-1,-1,-1,-1,13.856768,1,13.922304
572,16,16,-1,-1,-1,-1,-1,13.89056,1,13.932544
573,16,16,-1,-1,-1,-1,-1,13.84448,1,13.910016
574,16,16,-1,-1,-1,-1,-1,13.902848,1,13.96736
575,16,16,-1,-1,-1,-1,-1,13.826048,1,13.893632
576,16,16,-1,-1,-1,-1,-1,13.89056,1,13.934592
577,16,16,-1,-1,-1,-1,-1,13.869056,1,13.912064
578,16,16,-1,-1,-1,-1,-1,13.893632,1,13.959168
579,16,16,-1,-1,-1,-1,-1,13.8496,1,13.891584
580,16,16,-1,-1,-1,-1,-1,13.882368,1,13.949952
581,16,16,-1,-1,-1,-1,-1,13.886464,1,13.929472
582,16,16,-1,-1,-1,-1,-1,13.89568,1,13.954048
583,16,16,-1,-1,-1,-1,-1,13.896704,1,13.96224
584,16,16,-1,-1,-1,-1,-1,13.88544,1,13.949952
585,16,16,-1,-1,-1,-1,-1,13.87008,1,13.928448
586,16,16,-1,-1,-1,-1,-1,13.877248,1,13.92128
587,16,16,-1,-1,-1,-1,-1,13.87008,1,13.935616
588,16,16,-1,-1,-1,-1,-1,13.88032,1,13.923328
589,16,16,-1,-1,-1,-1,-1,13.88544,1,13.952
590,16,16,-1,-1,-1,-1,-1,13.912064,1,13.979648
591,16,16,-1,-1,-1,-1,-1,13.874176,1,13.937664
592,16,16,-1,-1,-1,-1,-1,13.892608,1,13.93664
593,16,16,-1,-1,-1,-1,-1,13.871104,1,13.914112
594,16,16,-1,-1,-1,-1,-1,13.874176,1,13.939712
595,16,16,-1,-1,-1,-1,-1,13.924352,1,13.96736
596,16,16,-1,-1,-1,-1,-1,13.882368,1,13.947904
597,16,16,-1,-1,-1,-1,-1,13.894656,1,13.937664
598,16,16,-1,-1,-1,-1,-1,13.9264,1,13.98272
599,16,16,-1,-1,-1,-1,-1,13.940736,1,14.006272
600,16,16,-1,-1,-1,-1,-1,13.884416,1,13.948928
601,16,16,-1,-1,-1,-1,-1,13.919232,1,13.985792
602,16,16,-1,-1,-1,-1,-1,13.923328,1,13.965312
603,16,16,-1,-1,-1,-1,-1,13.917184,1,13.98272
604,16,16,-1,-1,-1,-1,-1,13.920256,1,13.963264
605,16,16,-1,-1,-1,-1,-1,13.898752,1,13.964288
606,16,16,-1,-1,-1,-1,-1,13.88032,1,13.938688
607,16,16,-1,-1,-1,-1,-1,13.934592,1,14.000128
608,16,1024,-1,-1,-1,-1,-1,-1,0,69.630974
609,16,1024,-1,-1,-1,-1,-1,-1,0,71.353348
610,16,16,-1,-1,-1,-1,-1,14.01344,1,14.078976
611,16,16,-1,-1,-1,-1,-1,14.002176,1,14.047232
612,16,16,-1,-1,-1,-1,-1,13.9776,1,14.04416
613,16,16,-1,-1,-1,-1,-1,13.917184,1,13.961216
614,16,16,-1,-1,-1,-1,-1,13.959168,1,14.017536
615,16,16,-1,-1,-1,-1,-1,13.939712,1,14.007296
616,16,1024,-1,-1,-1,-1,-1,-1,0,70.453247
617,16,1023,-1,-1,-1,-1,-1,-1,0,71.484413
618,16,1024,-1,-1,-1,-1,-1,-1,0,71.40966
619,16,16,-1,-1,-1,-1,-1,14.020608,1,14.087168
620,16,16,-1,-1,-1,-1,-1,14.040064,1,14.08512
621,16,16,-1,-1,-1,-1,-1,13.964288,1,14.031872
622,16,16,-1,-1,-1,-1,-1,14.02368,1,14.09024
623,16,16,-1,-1,-1,-1,-1,13.923328,1,13.990912
624,16,16,-1,-1,-1,-1,-1,13.86496,1,13.930496
625,16,16,-1,-1,-1,-1,-1,13.960192,1,14.026752
626,16,16,-1,-1,-1,-1,-1,13.89056,1,13.956096
627,16,1023,-1,-1,-1,-1,-1,-1,0,69.774338
628,16,16,-1,-1,-1,-1,-1,14.022656,1,14.088192
629,16,1024,-1,-1,-1,-1,-1,-1,0,70.42765
630,16,16,-1,-1,-1,-1,-1,13.991936,1,14.04928
631,16,1024,-1,-1,-1,-1,-1,-1,0,70.421501
632,16,16,-1,-1,-1,-1,-1,13.989888,1,14.056448
633,16,16,-1,-1,-1,-1,-1,13.953024,1,13.996032
634,16,16,-1,-1,-1,-1,-1,13.927424,1,13.993984
635,16,16,-1,-1,-1,-1,-1,13.871104,1,13.93664
636,16,16,-1,-1,-1,-1,-1,13.9008,1,13.945856
637,16,16,-1,-1,-1,-1,-1,13.876224,1,13.940736
638,16,2031,-1,-1,-1,-1,-1,-1,0,128.378876
639,16,16,-1,-1,-1,-1,-1,13.996032,1,14.062592
640,16,16,-1,-1,-1,-1,-1,13.938688,1,14.007296
641,16,16,-1,-1,-1,-1,-1,13.9264,1,13.984768
642,16,16,-1,-1,-1,-1,-1,13.887488,1,13.954048
643,16,16,-1,-1,-1,-1,-1,13.848576,1,13.891584
644,16,16,-1,-1,-1,-1,-1,13.848576,1,13.915136
645,16,1024,-1,-1,-1,-1,-1,-1,0,69.909508
646,16,16,-1,-1,-1,-1,-1,13.940736,1,13.997056
647,16,1024,-1,-1,-1,-1,-1,-1,0,70.328323
648,16,16,-1,-1,-1,-1,-1,13.98784,1,14.053376
649,16,16,-1,-1,-1,-1,-1,13.919232,1,13.961216
650,16,16,-1,-1,-1,-1,-1,13.851648,1,13.919232
651,16,16,-1,-1,-1,-1,-1,13.84448,1,13.907968
652,16,16,-1,-1,-1,-1,-1,13.861888,1,13.90592
653,16,16,-1,-1,-1,-1,-1,13.868032,1,13.912064
654,16,16,-1,-1,-1,-1,-1,13.869056,1,13.933568
655,16,1024,-1,-1,-1,-1,-1,-1,0,69.93203
656,16,16,-1,-1,-1,-1,-1,14.010368,1,14.075904
657,16,16,-1,-1,-1,-1,-1,13.914112,1,13.996032
658,16,16,-1,-1,-1,-1,-1,13.91104,1,13.954048
659,16,16,-1,-1,-1,-1,-1,13.872128,1,13.91616
660,16,16,-1,-1,-1,-1,-1,13.879296,1,13.943808
661,16,1024,-1,-1,-1,-1,-1,-1,0,69.826561
662,16,1024,-1,-1,-1,-1,-1,-1,0,71.344131
663,16,16,-1,-1,-1,-1,-1,14.000128,1,14.066688
664,16,16,-1,-1,-1,-1,-1,13.935616,1,14.004224
665,16,16,-1,-1,-1,-1,-1,13.913088,1,13.956096
666,16,16,-1,-1,-1,-1,-1,13.88544,1,13.986816
667,16,16,-1,-1,-1,-1,-1,13.848576,1,13.892608
668,16,16,-1,-1,-1,-1,-1,13.865984,1,13.910016
669,16,1024,-1,-1,-1,-1,-1,-1,0,70.108162
670,16,16,-1,-1,-1,-1,-1,13.95712,1,14.02368
671,16,16,-1,-1,-1,-1,-1,13.902848,1,13.968384
672,16,16,-1,-1,-1,-1,-1,13.888512,1,13.955072
673,16,16,-1,-1,-1,-1,-1,13.879296,1,13.943808
674,16,16,-1,-1,-1,-1,-1,13.9008,1,13.942784
675,16,16,-1,-1,-1,-1,-1,13.88544,1,13.929472
676,16,16,-1,-1,-1,-1,-1,13.877248,1,13.942784
677,16,16,-1,-1,-1,-1,-1,13.868032,1,13.934592
678,16,16,-1,-1,-1,-1,-1,13.840384,1,13.898752
679,16,16,-1,-1,-1,-1,-1,13.842432,1,13.915136
680,16,16,-1,-1,-1,-1,-1,13.87008,1,13.934592
681,16,16,-1,-1,-1,-1,-1,13.84448,1,13.887488
682,16,16,-1,-1,-1,-1,-1,13.884416,1,13.950976
683,16,16,-1,-1,-1,-1,-1,13.876224,1,13.918208
684,16,16,-1,-1,-1,-1,-1,13.884416,1,13.929472
685,16,16,-1,-1,-1,-1,-1,13.833216,1,13.888512
686,16,16,-1,-1,-1,-1,-1,13.838336,1,13.904896
687,16,16,-1,-1,-1,-1,-1,13.856768,1,13.92128
688,16,16,-1,-1,-1,-1,-1,13.867008,1,13.93152
689,16,16,-1,-1,-1,-1,-1,13.869056,1,13.933568
690,16,16,-1,-1,-1,-1,-1,13.865984,1,13.91104
691,16,16,-1,-1,-1,-1,-1,13.872128,1,13.915136
692,16,16,-1,-1,-1,-1,-1,13.845504,1,13.908992
693,16,16,-1,-1,-1,-1,-1,13.884416,1,13.943808
694,16,16,-1,-1,-1,-1,-1,13.89568,1,13.952
695,16,16,-1,-1,-1,-1,-1,13.87008,1,13.93664
696,16,16,-1,-1,-1,-1,-1,13.9008,1,13.964288
697,16,16,-1,-1,-1,-1,-1,13.902848,1,13.944832
698,16,16,-1,-1,-1,-1,-1,13.848576,1,13.915136
699,16,16,-1,-1,-1,-1,-1,13.861888,1,13.90592
700,16,16,-1,-1,-1,-1,-1,13.876224,1,13.919232
701,16,16,-1,-1,-1,-1,-1,13.8752,1,13.94176
702,16,16,-1,-1,-1,-1,-1,13.877248,1,13.94176
703,16,16,-1,-1,-1,-1,-1,13.88544,1,13.950976
704,16,16,-1,-1,-1,-1,-1,13.858816,1,13.92128
705,16,16,-1,-1,-1,-1,-1,13.88544,1,13.952
706,16,16,-1,-1,-1,-1,-1,13.879296,1,13.919232
707,16,16,-1,-1,-1,-1,-1,13.876224,1,13.920256
708,16,16,-1,-1,-1,-1,-1,13.904896,1,13.961216
709,16,16,-1,-1,-1,-1,-1,13.891584,1,13.95712
710,16,16,-1,-1,-1,-1,-1,13.87008,1,13.934592
711,16,16,-1,-1,-1,-1,-1,13.910016,1,13.96736
712,16,16,-1,-1,-1,-1,-1,13.877248,1,13.942784
713,16,16,-1,-1,-1,-1,-1,13.903872,1,13.94688
714,16,16,-1,-1,-1,-1,-1,13.912064,1,13.968384
715,16,16,-1,-1,-1,-1,-1,13.908992,1,13.952
716,16,16,-1,-1,-1,-1,-1,13.904896,1,13.948928
717,16,16,-1,-1,-1,-1,-1,13.927424,1,13.991936
718,16,16,-1,-1,-1,-1,-1,13.90592,1,13.970432
719,16,16,-1,-1,-1,-1,-1,13.925376,1,13.989888
720,16,16,-1,-1,-1,-1,-1,13.874176,1,13.937664
721,16,16,-1,-1,-1,-1,-1,13.897728,1,13.955072
722,16,16,-1,-1,-1,-1,-1,13.897728,1,13.940736
723,16,16,-1,-1,-1,-1,-1,13.929472,1,13.97248
724,16,16,-1,-1,-1,-1,-1,13.927424,1,13.990912
725,16,16,-1,-1,-1,-1,-1,13.904896,1,13.969408
726,16,16,-1,-1,-1,-1,-1,13.917184,1,13.974528
727,16,1024,-1,-1,-1,-1,-1,-1,0,69.770241
728,16,16,-1,-1,-1,-1,-1,14.041088,1,14.106624
729,16,16,-1,-1,-1,-1,-1,13.99296,1,14.03904
730,16,16,-1,-1,-1,-1,-1,13.978624,1,14.043136
731,16,16,-1,-1,-1,-1,-1,13.94176,1,13.983744
732,16,16,-1,-1,-1,-1,-1,13.965312,1,14.009344
733,16,16,-1,-1,-1,-1,-1,13.965312,1,14.031872
734,16,16,-1,-1,-1,-1,-1,13.891584,1,13.958144
735,16,16,-1,-1,-1,-1,-1,13.94688,1,14.012416
736,16,16,-1,-1,-1,-1,-1,13.943808,1,13.98784
737,16,16,-1,-1,-1,-1,-1,13.9008,1,13.966336
738,16,16,-1,-1,-1,-1,-1,13.856768,1,13.9008
739,16,16,-1,-1,-1,-1,-1,13.884416,1,13.928448
740,16,16,-1,-1,-1,-1,-1,13.879296,1,13.942784
741,16,1024,-1,-1,-1,-1,-1,-1,0,70.026237
742,16,16,-1,-1,-1,-1,-1,14.058496,1,14.124032
743,16,16,-1,-1,-1,-1,-1,13.985792,1,14.0544
744,16,1023,-1,-1,-1,-1,-1,-1,0,69.806084
745,16,16,-1,-1,-1,-1,-1,14.02368,1,14.088192
746,16,16,-1,-1,-1,-1,-1,13.955072,1,14.022656
747,16,1024,-1,-1,-1,-1,-1,-1,0,69.989372
748,16,1024,-1,-1,-1,-1,-1,-1,0,71.485443
749,16,16,-1,-1,-1,-1,-1,13.940736,1,13.997056
750,16,2031,-1,-1,-1,-1,-1,-1,0,129.50119
751,16,16,-1,-1,-1,-1,-1,14.0288,1,14.097408
752,16,16,-1,-1,-1,-1,-1,14.004224,1,14.048256
753,16,1024,-1,-1,-1,-1,-1,-1,0,70.380547
754,16,16,-1,-1,-1,-1,-1,13.98272,1,14.026752
755,16,16,-1,-1,-1,-1,-1,13.959168,1,14.0032
756,16,16,-1,-1,-1,-1,-1,13.950976,1,13.995008
757,16,16,-1,-1,-1,-1,-1,13.943808,1,14.010368
758,16,1024,-1,-1,-1,-1,-1,-1,0,70.075394
759,16,16,-1,-1,-1,-1,-1,14.01856,1,14.08512
760,16,1024,-1,-1,-1,-1,-1,-1,0,70.450172
761,16,16,-1,-1,-1,-1,-1,13.995008,1,14.060544
762,16,16,-1,-1,-1,-1,-1,13.9264,1,13.969408
763,16,16,-1,-1,-1,-1,-1,13.929472,1,13.995008
764,16,16,-1,-1,-1,-1,-1,13.877248,1,13.940736
765,16,16,-1,-1,-1,-1,-1,13.91104,1,13.96736
766,16,16,-1,-1,-1,-1,-1,13.897728,1,13.954048
767,16,16,-1,-1,-1,-1,-1,13.888512,1,13.953024
768,16,16,-1,-1,-1,-1,-1,13.899776,1,13.943808
769,16,1024,-1,-1,-1,-1,-1,-1,0,69.603325
770,16,16,-1,-1,-1,-1,-1,13.954048,1,13.997056
771,16,16,-1,-1,-1,-1,-1,13.918208,1,13.96224
772,16,16,-1,-1,-1,-1,-1,13.893632,1,13.938688
773,16,16,-1,-1,-1,-1,-1,13.89056,1,13.958144
774,16,16,-1,-1,-1,-1,-1,13.860864,1,13.925376
775,16,1024,-1,-1,-1,-1,-1,-1,0,70.193153
776,16,16,-1,-1,-1,-1,-1,14.00832,1,14.07488
777,16,16,-1,-1,-1,-1,-1,13.943808,1,14.010368
778,16,16,-1,-1,-1,-1,-1,13.910016,1,13.953024
779,16,16,-1,-1,-1,-1,-1,13.889536,1,13.955072
780,16,16,-1,-1,-1,-1,-1,13.879296,1,13.944832
781,16,16,-1,-1,-1,-1,-1,13.87008,1,13.934592
782,16,16,-1,-1,-1,-1,-1,13.908992,1,13.973504
783,16,16,-1,-1,-1,-1,-1,13.893632,1,13.960192
784,16,16,-1,-1,-1,-1,-1,13.87008,1,13.914112
785,16,16,-1,-1,-1,-1,-1,13.833216,1,13.891584
786,16,16,-1,-1,-1,-1,-1,13.836288,1,13.879296
787,16,1024,-1,-1,-1,-1,-1,-1,0,69.599236
788,16,1024,-1,-1,-1,-1,-1,-1,0,71.391235
789,16,16,-1,-1,-1,-1,-1,13.954048,1,14.019584
790,16,16,-1,-1,-1,-1,-1,13.93664,1,14.004224
791,16,16,-1,-1,-1,-1,-1,13.892608,1,13.959168
792,16,16,-1,-1,-1,-1,-1,13.845504,1,13.912064
793,16,1024,-1,-1,-1,-1,-1,-1,0,69.864449
794,16,16,-1,-1,-1,-1,-1,14.005248,1,14.050304
795,16,16,-1,-1,-1,-1,-1,13.901824,1,13.968384
796,16,1024,-1,-1,-1,-1,-1,-1,0,70.253571
797,16,16,-1,-1,-1,-1,-1,13.928448,1,13.973504
798,16,16,-1,-1,-1,-1,-1,13.884416,1,13.95712
799,16,16,-1,-1,-1,-1,-1,13.889536,1,13.950976
800,16,16,-1,-1,-1,-1,-1,13.879296,1,13.922304
801,16,16,-1,-1,-1,-1,-1,13.876224,1,13.94176
802,16,16,-1,-1,-1,-1,-1,13.861888,1,13.90592
803,16,16,-1,-1,-1,-1,-1,13.833216,1,13.9008
804,16,16,-1,-1,-1,-1,-1,13.863936,1,13.93152
805,16,16,-1,-1,-1,-1,-1,13.873152,1,13.940736
806,16,16,-1,-1,-1,-1,-1,13.836288,1,13.899776
807,16,16,-1,-1,-1,-1,-1,13.868032,1,13.933568
808,16,16,-1,-1,-1,-1,-1,13.856768,1,13.923328
809,16,16,-1,-1,-1,-1,-1,13.831168,1,13.897728
810,16,16,-1,-1,-1,-1,-1,13.833216,1,13.876224
811,16,16,-1,-1,-1,-1,-1,13.83936,1,13.903872
812,16,16,-1,-1,-1,-1,-1,13.819904,1,13.886464
813,16,16,-1,-1,-1,-1,-1,13.848576,1,13.892608
814,16,16,-1,-1,-1,-1,-1,13.860864,1,13.927424
815,16,16,-1,-1,-1,-1,-1,13.9008,1,13.964288
816,16,16,-1,-1,-1,-1,-1,13.861888,1,13.904896
817,16,16,-1,-1,-1,-1,-1,13.869056,1,13.935616
818,16,16,-1,-1,-1,-1,-1,13.87008,1,13.915136
819,16,16,-1,-1,-1,-1,-1,13.860864,1,13.927424
820,16,16,-1,-1,-1,-1,-1,13.88032,1,13.945856
821,16,16,-1,-1,-1,-1,-1,13.883392,1,13.947904
822,16,16,-1,-1,-1,-1,-1,13.83424,1,13.901824
823,16,16,-1,-1,-1,-1,-1,13.894656,1,13.953024
824,16,16,-1,-1,-1,-1,-1,13.894656,1,13.959168
825,16,16,-1,-1,-1,-1,-1,13.876224,1,13.94176
826,16,16,-1,-1,-1,-1,-1,13.893632,1,13.937664
827,16,16,-1,-1,-1,-1,-1,13.904896,1,13.971456
828,16,16,-1,-1,-1,-1,-1,13.84448,1,13.912064
829,16,16,-1,-1,-1,-1,-1,13.888512,1,13.932544
830,16,16,-1,-1,-1,-1,-1,13.865984,1,13.92128
831,16,16,-1,-1,-1,-1,-1,13.874176,1,13.93152
832,16,16,-1,-1,-1,-1,-1,13.938688,1,13.981696
833,16,16,-1,-1,-1,-1,-1,13.908992,1,13.973504
834,16,16,-1,-1,-1,-1,-1,13.907968,1,13.952
835,16,16,-1,-1,-1,-1,-1,13.888512,1,13.953024
836,16,16,-1,-1,-1,-1,-1,13.878272,1,13.943808
837,16,16,-1,-1,-1,-1,-1,13.927424,1,13.99296
838,16,16,-1,-1,-1,-1,-1,13.898752,1,13.964288
839,16,16,-1,-1,-1,-1,-1,13.876224,1,13.94176
840,16,16,-1,-1,-1,-1,-1,13.87008,1,13.934592
841,16,16,-1,-1,-1,-1,-1,13.920256,1,13.985792
842,16,16,-1,-1,-1,-1,-1,13.92128,1,13.964288
843,16,16,-1,-1,-1,-1,-1,13.903872,1,13.968384
844,16,16,-1,-1,-1,-1,-1,13.912064,1,13.979648
845,16,16,-1,-1,-1,-1,-1,13.901824,1,13.943808
846,16,16,-1,-1,-1,-1,-1,13.948928,1,14.016512
847,16,16,-1,-1,-1,-1,-1,13.94176,1,14.005248
848,16,16,-1,-1,-1,-1,-1,13.91616,1,13.96736
849,16,16,-1,-1,-1,-1,-1,13.907968,1,13.965312
850,16,16,-1,-1,-1,-1,-1,13.927424,1,13.969408
851,16,16,-1,-1,-1,-1,-1,13.940736,1,14.007296
852,16,16,-1,-1,-1,-1,-1,13.918208,1,13.975552
853,16,16,-1,-1,-1,-1,-1,13.92128,1,13.985792
854,16,16,-1,-1,-1,-1,-1,13.915136,1,13.978624
855,16,16,-1,-1,-1,-1,-1,13.904896,1,13.961216
856,16,16,-1,-1,-1,-1,-1,13.874176,1,13.938688
857,16,16,-1,-1,-1,-1,-1,13.913088,1,13.969408
858,16,16,-1,-1,-1,-1,-1,13.903872,1,13.94688
859,16,16,-1,-1,-1,-1,-1,13.925376,1,13.989888
860,16,16,-1,-1,-1,-1,-1,13.915136,1,13.97248
861,16,16,-1,-1,-1,-1,-1,13.902848,1,13.945856
862,16,16,-1,-1,-1,-1,-1,13.947904,1,14.006272
863,16,16,-1,-1,-1,-1,-1,13.90592,1,13.970432
864,16,1024,-1,-1,-1,-1,-1,-1,0,69.85421
865,16,16,-1,-1,-1,-1,-1,14.048256,1,14.114816
866,16,2032,-1,-1,-1,-1,-1,-1,0,129.282043
867,16,16,-1,-1,-1,-1,-1,14.050304,1,14.11584
868,16,16,-1,-1,-1,-1,-1,14.01856,1,14.084096
869,16,16,-1,-1,-1,-1,-1,13.971456,1,14.015488
870,16,16,-1,-1,-1,-1,-1,13.976576,1,14.042112
871,16,16,-1,-1,-1,-1,-1,13.954048,1,14.01856
872,16,1023,-1,-1,-1,-1,-1,-1,0,70.10714
873,16,16,-1,-1,-1,-1,-1,13.993984,1,14.060544
874,16,16,-1,-1,-1,-1,-1,13.897728,1,13.942784
875,16,1024,-1,-1,-1,-1,-1,-1,0,70.289406
876,16,16,-1,-1,-1,-1,-1,13.97248,1,14.035968
877,16,16,-1,-1,-1,-1,-1,13.94688,1,13.990912
878,16,16,-1,-1,-1,-1,-1,13.910016,1,13.975552
879,16,16,-1,-1,-1,-1,-1,13.920256,1,13.964288
880,16,16,-1,-1,-1,-1,-1,13.929472,1,13.985792
881,16,16,-1,-1,-1,-1,-1,13.887488,1,13.944832
882,16,16,-1,-1,-1,-1,-1,13.902848,1,13.968384
883,16,1023,-1,-1,-1,-1,-1,-1,0,69.953537
884,16,16,-1,-1,-1,-1,-1,14.024704,1,14.091264
885,16,16,-1,-1,-1,-1,-1,13.938688,1,13.983744
886,16,16,-1,-1,-1,-1,-1,13.958144,1,14.022656
887,16,16,-1,-1,-1,-1,-1,13.901824,1,13.96736
888,16,16,-1,-1,-1,-1,-1,13.90592,1,13.971456
889,16,1024,-1,-1,-1,-1,-1,-1,0,70.10099
890,16,16,-1,-1,-1,-1,-1,13.989888,1,14.032896
891,16,1023,-1,-1,-1,-1,-1,-1,0,70.462463
892,16,16,-1,-1,-1,-1,-1,13.98784,1,14.046208
893,16,16,-1,-1,-1,-1,-1,13.939712,1,13.984768
894,16,16,-1,-1,-1,-1,-1,13.914112,1,13.979648
895,16,1023,-1,-1,-1,-1,-1,-1,0,69.997566
896,16,1024,-1,-1,-1,-1,-1,-1,0,71.490562
897,16,2032,-1,-1,-1,-1,-1,-1,0,129.879044
898,16,16,-1,-1,-1,-1,-1,14.027776,1,14.09536
899,16,16,-1,-1,-1,-1,-1,13.988864,1,14.0544
900,16,16,-1,-1,-1,-1,-1,13.947904,1,14.016512
901,16,16,-1,-1,-1,-1,-1,13.915136,1,13.958144
902,16,16,-1,-1,-1,-1,-1,13.89568,1,13.940736
903,16,16,-1,-1,-1,-1,-1,13.892608,1,13.93664
904,16,16,-1,-1,-1,-1,-1,13.871104,1,13.915136
905,16,16,-1,-1,-1,-1,-1,13.877248,1,13.934592
906,16,1024,-1,-1,-1,-1,-1,-1,0,69.983231
907,16,16,-1,-1,-1,-1,-1,13.94176,1,14.007296
908,16,16,-1,-1,-1,-1,-1,13.920256,1,13.986816
909,16,1024,-1,-1,-1,-1,-1,-1,0,70.026237
910,16,16,-1,-1,-1,-1,-1,13.932544,1,13.976576
911,16,16,-1,-1,-1,-1,-1,13.846528,1,13.892608
912,16,16,-1,-1,-1,-1,-1,13.886464,1,13.953024
913,16,16,-1,-1,-1,-1,-1,13.852672,1,13.919232
914,16,16,-1,-1,-1,-1,-1,13.883392,1,13.949952
915,16,1024,-1,-1,-1,-1,-1,-1,0,70.269951
916,16,16,-1,-1,-1,-1,-1,13.975552,1,14.031872
917,16,16,-1,-1,-1,-1,-1,13.894656,1,13.939712
918,16,16,-1,-1,-1,-1,-1,13.898752,1,13.943808
919,16,1024,-1,-1,-1,-1,-1,-1,0,70.095871
920,16,16,-1,-1,-1,-1,-1,13.96736,1,14.010368
921,16,16,-1,-1,-1,-1,-1,13.87008,1,13.935616
922,16,16,-1,-1,-1,-1,-1,13.845504,1,13.91104
923,16,16,-1,-1,-1,-1,-1,13.855744,1,13.912064
924,16,16,-1,-1,-1,-1,-1,13.893632,1,13.949952
925,16,16,-1,-1,-1,-1,-1,13.888512,1,13.954048
926,16,16,-1,-1,-1,-1,-1,13.852672,1,13.89568
927,16,16,-1,-1,-1,-1,-1,13.878272,1,13.923328
928,16,16,-1,-1,-1,-1,-1,13.81376,1,13.879296
929,16,16,-1,-1,-1,-1,-1,13.837312,1,13.902848
930,16,16,-1,-1,-1,-1,-1,13.833216,1,13.898752
931,16,16,-1,-1,-1,-1,-1,13.830144,1,13.886464
932,16,16,-1,-1,-1,-1,-1,13.80352,1,13.86496
933,16,16,-1,-1,-1,-1,-1,13.87008,1,13.912064
934,16,16,-1,-1,-1,-1,-1,13.860864,1,13.904896
935,16,16,-1,-1,-1,-1,-1,13.822976,1,13.887488
936,16,16,-1,-1,-1,-1,-1,13.847552,1,13.89056
937,16,16,-1,-1,-1,-1,-1,13.872128,1,13.93664
938,16,16,-1,-1,-1,-1,-1,13.87008,1,13.935616
939,16,16,-1,-1,-1,-1,-1,13.822976,1,13.878272
940,16,16,-1,-1,-1,-1,-1,13.860864,1,13.925376
941,16,16,-1,-1,-1,-1,-1,13.857792,1,13.923328
942,16,16,-1,-1,-1,-1,-1,13.863936,1,13.907968
943,16,16,-1,-1,-1,-1,-1,13.898752,1,13.94176
944,16,16,-1,-1,-1,-1,-1,13.884416,1,13.949952
945,16,16,-1,-1,-1,-1,-1,13.850624,1,13.914112
946,16,16,-1,-1,-1,-1,-1,13.863936,1,13.928448
947,16,16,-1,-1,-1,-1,-1,13.868032,1,13.934592
948,16,16,-1,-1,-1,-1,-1,13.879296,1,13.937664
949,16,16,-1,-1,-1,-1,-1,13.867008,1,13.910016
950,16,16,-1,-1,-1,-1,-1,13.901824,1,13.944832
951,16,16,-1,-1,-1,-1,-1,13.828096,1,13.891584
952,16,16,-1,-1,-1,-1,-1,13.882368,1,13.9264
953,16,16,-1,-1,-1,-1,-1,13.919232,1,13.979648
954,16,16,-1,-1,-1,-1,-1,13.871104,1,13.935616
955,16,16,-1,-1,-1,-1,-1,13.872128,1,13.935616
956,16,16,-1,-1,-1,-1,-1,13.865984,1,13.930496
957,16,16,-1,-1,-1,-1,-1,13.8752,1,13.94176
958,16,16,-1,-1,-1,-1,-1,13.887488,1,13.93152
959,16,16,-1,-1,-1,-1,-1,13.85984,1,13.902848
960,16,16,-1,-1,-1,-1,-1,13.88032,1,13.937664
961,16,16,-1,-1,-1,-1,-1,13.89056,1,13.955072
962,16,16,-1,-1,-1,-1,-1,13.910016,1,13.976576
963,16,16,-1,-1,-1,-1,-1,13.901824,1,13.965312
964,16,16,-1,-1,-1,-1,-1,13.889536,1,13.954048
965,16,16,-1,-1,-1,-1,-1,13.896704,1,13.940736
966,16,16,-1,-1,-1,-1,-1,13.882368,1,13.9264
967,16,16,-1,-1,-1,-1,-1,13.897728,1,13.963264
968,16,16,-1,-1,-1,-1,-1,13.88544,1,13.929472
969,16,16,-1,-1,-1,-1,-1,13.922304,1,13.981696
970,16,16,-1,-1,-1,-1,-1,13.883392,1,13.947904
971,16,16,-1,-1,-1,-1,-1,13.920256,1,13.984768
972,16,16,-1,-1,-1,-1,-1,13.892608,1,13.95712
973,16,16,-1,-1,-1,-1,-1,13.912064,1,13.976576
974,16,16,-1,-1,-1,-1,-1,13.9008,1,13.943808
975,16,16,-1,-1,-1,-1,-1,13.908992,1,13.952
976,16,16,-1,-1,-1,-1,-1,13.90592,1,13.970432
977,16,16,-1,-1,-1,-1,-1,13.920256,1,13.978624
978,16,16,-1,-1,-1,-1,-1,13.914112,1,13.97248
979,16,16,-1,-1,-1,-1,-1,13.903872,1,13.969408
980,16,16,-1,-1,-1,-1,-1,13.917184,1,13.981696
981,16,16,-1,-1,-1,-1,-1,13.928448,1,13.97248
982,16,16,-1,-1,-1,-1,-1,13.91616,1,13.959168
983,16,16,-1,-1,-1,-1,-1,13.89568,1,13.960192
984,16,16,-1,-1,-1,-1,-1,13.91104,1,13.954048
985,16,16,-1,-1,-1,-1,-1,13.892608,1,13.958144
986,16,16,-1,-1,-1,-1,-1,13.9008,1,13.966336
987,16,16,-1,-1,-1,-1,-1,13.918208,1,13.981696
988,16,16,-1,-1,-1,-1,-1,13.913088,1,13.970432
989,16,16,-1,-1,-1,-1,-1,13.924352,1,13.986816
990,16,16,-1,-1,-1,-1,-1,13.943808,1,13.986816
991,16,1024,-1,-1,-1,-1,-1,-1,0,69.600258
992,16,16,-1,-1,-1,-1,-1,14.032896,1,14.099456
993,16,16,-1,-1,-1,-1,-1,13.960192,1,14.026752
994,16,1023,-1,-1,-1,-1,-1,-1,0,69.991425
995,16,16,-1,-1,-1,-1,-1,13.961216,1,14.027776
996,16,16,-1,-1,-1,-1,-1,13.949952,1,14.015488
997,16,16,-1,-1,-1,-1,-1,13.93664,1,13.980672
998,16,16,-1,-1,-1,-1,-1,13.928448,1,13.97248
999,16,16,-1,-1,-1,-1,-1,13.927424,1,13.99296
1000,16,1024,-1,-1,-1,-1,-1,-1,0,70.138878
1001,16,16,-1,-1,-1,-1,-1,13.988864,1,14.055424
1002,16,16,-1,-1,-1,-1,-1,13.973504,1,14.040064
1003,16,1024,-1,-1,-1,-1,-1,-1,0,70.333443
1004,16,16,-1,-1,-1,-1,-1,13.964288,1,14.021632
1005,16,16,-1,-1,-1,-1,-1,13.952,1,14.01856
1006,16,16,-1,-1,-1,-1,-1,13.955072,1,14.000128
1007,16,16,-1,-1,-1,-1,-1,13.910016,1,13.975552
1008,16,16,-1,-1,-1,-1,-1,13.923328,1,13.988864
1009,16,1024,-1,-1,-1,-1,-1,-1,0,70.452225
1010,16,16,-1,-1,-1,-1,-1,13.985792,1,14.050304
1011,16,16,-1,-1,-1,-1,-1,13.98784,1,14.0544
1012,16,16,-1,-1,-1,-1,-1,13.878272,1,13.923328
1013,16,16,-1,-1,-1,-1,-1,13.889536,1,13.933568
1014,16,16,-1,-1,-1,-1,-1,13.872128,1,13.915136
1015,16,1024,-1,-1,-1,-1,-1,-1,0,69.848061
1016,16,16,-1,-1,-1,-1,-1,13.985792,1,14.043136
1017,16,16,-1,-1,-1,-1,-1,13.963264,1,14.00832
1018,16,16,-1,-1,-1,-1,-1,13.939712,1,14.006272
1019,16,2032,-1,-1,-1,-1,-1,-1,0,128.514053
1020,16,16,-1,-1,-1,-1,-1,14.002176,1,14.046208
1021,16,1024,-1,-1,-1,-1,-1,-1,0,70.677505
1022,16,1024,-1,-1,-1,-1,-1,-1,0,70.927361
1023,16,16,-1,-1,-1,-1,-1,13.96224,1,14.026752
1024,16,16,-1,-1,-1,-1,-1,13.894656,1,13.960192
1025,16,16,-1,-1,-1,-1,-1,13.865984,1,13.932544
1026,16,16,-1,-1,-1,-1,-1,13.833216,1,13.878272
1027,16,16,-1,-1,-1,-1,-1,13.883392,1,13.947904
1028,16,16,-1,-1,-1,-1,-1,13.871104,1,13.915136
1029,16,16,-1,-1,-1,-1,-1,13.865984,1,13.910016
1030,16,16,-1,-1,-1,-1,-1,13.878272,1,13.922304
1031,16,16,-1,-1,-1,-1,-1,13.789184,1,13.855744
1032,16,16,-1,-1,-1,-1,-1,13.826048,1,13.889536
1033,16,1024,-1,-1,-1,-1,-1,-1,0,69.899261
1034,16,16,-1,-1,-1,-1,-1,13.973504,1,14.040064
1035,16,1024,-1,-1,-1,-1,-1,-1,0,70.499329
1036,16,1024,-1,-1,-1,-1,-1,-1,0,71.448578
1037,16,1024,-1,-1,-1,-1,-1,-1,0,71.412735
1038,16,16,-1,-1,-1,-1,-1,13.933568,1,13.990912
1039,16,1024,-1,-1,-1,-1,-1,-1,0,70.644737
1040,16,1024,-1,-1,-1,-1,-1,-1,0,71.369728
1041,16,16,-1,-1,-1,-1,-1,13.915136,1,13.979648
1042,16,16,-1,-1,-1,-1,-1,13.841408,1,13.886464
1043,16,16,-1,-1,-1,-1,-1,13.826048,1,13.88544
1044,16,16,-1,-1,-1,-1,-1,13.876224,1,13.919232
1045,16,16,-1,-1,-1,-1,-1,13.848576,1,13.892608
1046,16,16,-1,-1,-1,-1,-1,13.861888,1,13.90592
1047,16,16,-1,-1,-1,-1,-1,13.845504,1,13.91104
1048,16,16,-1,-1,-1,-1,-1,13.83424,1,13.897728
1049,16,16,-1,-1,-1,-1,-1,13.842432,1,13.9008
1050,16,16,-1,-1,-1,-1,-1,13.851648,1,13.89568
1051,16,16,-1,-1,-1,-1,-1,13.83936,1,13.90592
1052,16,16,-1,-1,-1,-1,-1,13.83424,1,13.899776
1053,16,16,-1,-1,-1,-1,-1,13.86496,1,13.930496
1054,16,16,-1,-1,-1,-1,-1,13.806592,1,13.872128
1055,16,16,-1,-1,-1,-1,-1,13.835264,1,13.9008
1056,16,16,-1,-1,-1,-1,-1,13.822976,1,13.887488
1057,16,16,-1,-1,-1,-1,-1,13.852672,1,13.918208
1058,16,16,-1,-1,-1,-1,-1,13.837312,1,13.88032
1059,16,16,-1,-1,-1,-1,-1,13.846528,1,13.902848
1060,16,16,-1,-1,-1,-1,-1,13.852672,1,13.896704
1061,16,16,-1,-1,-1,-1,-1,13.873152,1,13.91616
1062,16,16,-1,-1,-1,-1,-1,13.869056,1,13.91104
1063,16,16,-1,-1,-1,-1,-1,13.858816,1,13.914112
1064,16,16,-1,-1,-1,-1,-1,13.84448,1,13.908992
1065,16,16,-1,-1,-1,-1,-1,13.833216,1,13.897728
1066,16,16,-1,-1,-1,-1,-1,13.855744,1,13.899776
1067,16,16,-1,-1,-1,-1,-1,13.860864,1,13.927424
1068,16,16,-1,-1,-1,-1,-1,13.837312,1,13.902848
1069,16,16,-1,-1,-1,-1,-1,13.85984,1,13.927424
1070,16,16,-1,-1,-1,-1,-1,13.888512,1,13.945856
1071,16,16,-1,-1,-1,-1,-1,13.860864,1,13.917184
1072,16,16,-1,-1,-1,-1,-1,13.825024,1,13.881344
1073,16,16,-1,-1,-1,-1,-1,13.830144,1,13.89568
1074,16,16,-1,-1,-1,-1,-1,13.843456,1,13.88544
1075,16,16,-1,-1,-1,-1,-1,13.871104,1,13.93664
1076,16,16,-1,-1,-1,-1,-1,13.883392,1,13.927424
1077,16,16,-1,-1,-1,-1,-1,13.847552,1,13.892608
1078,16,16,-1,-1,-1,-1,-1,13.876224,1,13.920256
1079,16,16,-1,-1,-1,-1,-1,13.868032,1,13.933568
1080,16,16,-1,-1,-1,-1,-1,13.863936,1,13.928448
1081,16,16,-1,-1,-1,-1,-1,13.862912,1,13.919232
1082,16,16,-1,-1,-1,-1,-1,13.868032,1,13.912064
1083,16,16,-1,-1,-1,-1,-1,13.865984,1,13.93152
1084,16,16,-1,-1,-1,-1,-1,13.85984,1,13.925376
1085,16,16,-1,-1,-1,-1,-1,13.902848,1,13.96736
1086,16,16,-1,-1,-1,-1,-1,13.894656,1,13.959168
1087,16,16,-1,-1,-1,-1,-1,13.891584,1,13.95712
1088,16,16,-1,-1,-1,-1,-1,13.856768,1,13.923328
1089,16,16,-1,-1,-1,-1,-1,13.876224,1,13.938688
1090,16,16,-1,-1,-1,-1,-1,13.910016,1,13.952
1091,16,16,-1,-1,-1,-1,-1,13.912064,1,13.970432
1092,16,16,-1,-1,-1,-1,-1,13.877248,1,13.92128
1093,16,16,-1,-1,-1,-1,-1,13.893632,1,13.935616
1094,16,16,-1,-1,-1,-1,-1,13.90592,1,13.948928
1095,16,16,-1,-1,-1,-1,-1,13.897728,1,13.963264
1096,16,16,-1,-1,-1,-1,-1,13.907968,1,13.97248
1097,16,16,-1,-1,-1,-1,-1,13.879296,1,13.943808
1098,16,16,-1,-1,-1,-1,-1,13.892608,1,13.934592
1099,16,16,-1,-1,-1,-1,-1,13.889536,1,13.954048
1100,16,16,-1,-1,-1,-1,-1,13.897728,1,13.96224
1101,16,16,-1,-1,-1,-1,-1,13.901824,1,13.968384
1102,16,16,-1,-1,-1,-1,-1,13.934592,1,14.000128
1103,16,16,-1,-1,-1,-1,-1,13.906944,1,13.97248
1104,16,16,-1,-1,-1,-1,-1,13.922304,1,13.986816
1105,16,16,-1,-1,-1,-1,-1,13.897728,1,13.96224
1106,16,1024,-1,-1,-1,-1,-1,-1,0,69.846016
1107,16,16,-1,-1,-1,-1,-1,14.04416,1,14.088192
1108,16,16,-1,-1,-1,-1,-1,13.976576,1,14.021632
1109,16,16,-1,-1,-1,-1,-1,13.959168,1,14.002176
1110,16,16,-1,-1,-1,-1,-1,13.970432,1,14.014464
1111,16,16,-1,-1,-1,-1,-1,13.9264,1,13.989888
1112,16,16,-1,-1,-1,-1,-1,13.945856,1,14.011392
1113,16,16,-1,-1,-1,-1,-1,13.906944,1,13.971456
1114,16,16,-1,-1,-1,-1,-1,13.945856,1,13.989888
1115,16,16,-1,-1,-1,-1,-1,13.893632,1,13.95712
1116,16,1023,-1,-1,-1,-1,-1,-1,0,69.535744
1117,16,16,-1,-1,-1,-1,-1,14.015488,1,14.07488
1118,16,16,-1,-1,-1,-1,-1,13.95712,1,14.022656
1119,16,16,-1,-1,-1,-1,-1,13.897728,1,13.96224
1120,16,16,-1,-1,-1,-1,-1,13.922304,1,13.988864
1121,16,16,-1,-1,-1,-1,-1,13.937664,1,13.996032
1122,16,16,-1,-1,-1,-1,-1,13.910016,1,13.976576
1123,16,16,-1,-1,-1,-1,-1,13.937664,1,13.980672
1124,16,16,-1,-1,-1,-1,-1,13.954048,1,13.999104
1125,16,16,-1,-1,-1,-1,-1,13.938688,1,13.981696
1126,16,16,-1,-1,-1,-1,-1,13.904896,1,13.948928
1127,16,16,-1,-1,-1,-1,-1,13.912064,1,13.976576
1128,16,1024,-1,-1,-1,-1,-1,-1,0,69.847038
1129,16,1024,-1,-1,-1,-1,-1,-1,0,71.347198
1130,16,16,-1,-1,-1,-1,-1,14.041088,1,14.08512
1131,16,16,-1,-1,-1,-1,-1,13.976576,1,14.043136
1132,16,16,-1,-1,-1,-1,-1,13.98784,1,14.0544
1133,16,16,-1,-1,-1,-1,-1,13.929472,1,13.989888
1134,16,16,-1,-1,-1,-1,-1,13.906944,1,13.964288
1135,16,16,-1,-1,-1,-1,-1,13.924352,1,13.989888
1136,16,16,-1,-1,-1,-1,-1,13.94176,1,14.006272
1137,16,16,-1,-1,-1,-1,-1,13.949952,1,14.016512
1138,16,1024,-1,-1,-1,-1,-1,-1,0,70.080513
1139,16,16,-1,-1,-1,-1,-1,14.02368,1,14.066688
1140,16,16,-1,-1,-1,-1,-1,13.990912,1,14.035968
1141,16,16,-1,-1,-1,-1,-1,13.981696,1,14.024704
1142,16,16,-1,-1,-1,-1,-1,13.937664,1,13.98272
1143,16,16,-1,-1,-1,-1,-1,13.924352,1,13.988864
1144,16,16,-1,-1,-1,-1,-1,13.914112,1,13.979648
1145,16,16,-1,-1,-1,-1,-1,13.908992,1,13.974528
1146,16,16,-1,-1,-1,-1,-1,13.939712,1,13.98272
1147,16,1024,-1,-1,-1,-1,-1,-1,0,69.774338
1148,16,1023,-1,-1,-1,-1,-1,-1,0,71.247871
1149,16,1024,-1,-1,-1,-1,-1,-1,0,71.383041
1150,16,16,-1,-1,-1,-1,-1,13.945856,1,14.0032
1151,16,16,-1,-1,-1,-1,-1,13.918208,1,13.98272
1152,16,16,-1,-1,-1,-1,-1,13.887488,1,13.955072
1153,16,16,-1,-1,-1,-1,-1,13.896704,1,13.939712
1154,16,1024,-1,-1,-1,-1,-1,-1,0,70.588417
1155,16,16,-1,-1,-1,-1,-1,13.964288,1,14.009344
1156,16,1024,-1,-1,-1,-1,-1,-1,0,70.487038
1157,16,2032,-1,-1,-1,-1,-1,-1,0,130.019333
1158,16,16,-1,-1,-1,-1,-1,14.002176,1,14.046208
1159,16,1024,-1,-1,-1,-1,-1,-1,0,71.061501
1160,16,16,-1,-1,-1,-1,-1,13.960192,1,14.026752
1161,16,16,-1,-1,-1,-1,-1,13.948928,1,14.014464
1162,16,1024,-1,-1,-1,-1,-1,-1,0,70.277122
1163,16,16,-1,-1,-1,-1,-1,13.943808,1,14.009344
1164,16,16,-1,-1,-1,-1,-1,13.953024,1,13.999104
1165,16,16,-1,-1,-1,-1,-1,13.922304,1,13.988864
1166,16,16,-1,-1,-1,-1,-1,13.832192,1,13.876224
1167,16,1024,-1,-1,-1,-1,-1,-1,0,70.28019
1168,16,1024,-1,-1,-1,-1,-1,-1,0,71.460861
1169,16,16,-1,-1,-1,-1,-1,13.949952,1,13.995008
1170,16,16,-1,-1,-1,-1,-1,13.924352,1,13.99296
1171,16,16,-1,-1,-1,-1,-1,13.912064,1,13.956096
1172,16,16,-1,-1,-1,-1,-1,13.826048,1,13.891584
1173,16,16,-1,-1,-1,-1,-1,13.792256,1,13.857792
1174,16,16,-1,-1,-1,-1,-1,13.865984,1,13.910016
1175,16,16,-1,-1,-1,-1,-1,13.850624,1,13.917184
1176,16,16,-1,-1,-1,-1,-1,13.888512,1,13.94688
1177,16,16,-1,-1,-1,-1,-1,13.824,1,13.89056
1178,16,16,-1,-1,-1,-1,-1,13.817856,1,13.882368
1179,16,16,-1,-1,-1,-1,-1,13.816832,1,13.882368
1180,16,16,-1,-1,-1,-1,-1,13.809664,1,13.85472
1181,16,16,-1,-1,-1,-1,-1,13.836288,1,13.901824
1182,16,16,-1,-1,-1,-1,-1,13.83424,1,13.877248
1183,16,16,-1,-1,-1,-1,-1,13.826048,1,13.881344
1184,16,16,-1,-1,-1,-1,-1,13.863936,1,13.929472
1185,16,16,-1,-1,-1,-1,-1,13.843456,1,13.888512
1186,16,16,-1,-1,-1,-1,-1,13.830144,1,13.89568
1187,16,16,-1,-1,-1,-1,-1,13.857792,1,13.899776
1188,16,16,-1,-1,-1,-1,-1,13.817856,1,13.882368
1189,16,16,-1,-1,-1,-1,-1,13.86496,1,13.92128
1190,16,16,-1,-1,-1,-1,-1,13.802496,1,13.845504
1191,16,16,-1,-1,-1,-1,-1,13.89056,1,15.966208
1192,16,16,-1,-1,-1,-1,-1,13.876224,1,13.932544
1193,16,16,-1,-1,-1,-1,-1,13.843456,1,13.906944
1194,16,16,-1,-1,-1,-1,-1,13.868032,1,13.933568
1195,16,16,-1,-1,-1,-1,-1,13.857792,1,13.913088
1196,16,16,-1,-1,-1,-1,-1,13.85472,1,13.897728
1197,16,16,-1,-1,-1,-1,-1,13.846528,1,13.912064
1198,16,16,-1,-1,-1,-1,-1,13.841408,1,13.88544
1199,16,16,-1,-1,-1,-1,-1,13.857792,1,13.922304
1200,16,16,-1,-1,-1,-1,-1,13.845504,1,13.912064
1201,16,16,-1,-1,-1,-1,-1,13.846528,1,13.89056
1202,16,16,-1,-1,-1,-1,-1,13.852672,1,13.918208
1203,16,16,-1,-1,-1,-1,-1,13.8752,1,13.919232
1204,16,16,-1,-1,-1,-1,-1,13.874176,1,13.938688
1205,16,16,-1,-1,-1,-1,-1,13.847552,1,13.913088
1206,16,16,-1,-1,-1,-1,-1,13.88544,1,13.928448
1207,16,16,-1,-1,-1,-1,-1,13.853696,1,13.917184
1208,16,16,-1,-1,-1,-1,-1,13.848576,1,13.914112
1209,16,16,-1,-1,-1,-1,-1,13.860864,1,13.925376
1210,16,16,-1,-1,-1,-1,-1,13.906944,1,13.971456
1211,16,16,-1,-1,-1,-1,-1,13.860864,1,13.9264
1212,16,16,-1,-1,-1,-1,-1,13.902848,1,13.945856
1213,16,16,-1,-1,-1,-1,-1,13.872128,1,13.93664
1214,16,16,-1,-1,-1,-1,-1,13.901824,1,13.94688
1215,16,16,-1,-1,-1,-1,-1,13.89056,1,13.955072
1216,16,16,-1,-1,-1,-1,-1,13.884416,1,13.940736
1217,16,16,-1,-1,-1,-1,-1,13.845504,1,13.889536
1218,16,16,-1,-1,-1,-1,-1,13.8752,1,13.94176
1219,16,16,-1,-1,-1,-1,-1,13.897728,1,13.940736
1220,16,16,-1,-1,-1,-1,-1,13.886464,1,13.942784
1221,16,16,-1,-1,-1,-1,-1,13.874176,1,13.93152
1222,16,16,-1,-1,-1,-1,-1,13.91616,1,13.961216
1223,16,16,-1,-1,-1,-1,-1,13.91616,1,13.98272
1224,16,16,-1,-1,-1,-1,-1,13.904896,1,13.970432
1225,16,16,-1,-1,-1,-1,-1,13.920256,1,13.98272
1226,16,16,-1,-1,-1,-1,-1,13.914112,1,13.971456
1227,16,16,-1,-1,-1,-1,-1,13.910016,1,13.966336
1228,16,16,-1,-1,-1,-1,-1,13.908992,1,13.952
1229,16,16,-1,-1,-1,-1,-1,13.894656,1,13.958144
1230,16,16,-1,-1,-1,-1,-1,13.932544,1,13.975552
1231,16,1023,-1,-1,-1,-1,-1,-1,0,69.595139
1232,16,16,-1,-1,-1,-1,-1,14.024704,1,14.092288
1233,16,16,-1,-1,-1,-1,-1,14.005248,1,14.04928
1234,16,16,-1,-1,-1,-1,-1,13.93664,1,14.0032
1235,16,16,-1,-1,-1,-1,-1,13.929472,1,13.97248
1236,16,1024,-1,-1,-1,-1,-1,-1,0,69.823486
1237,16,16,-1,-1,-1,-1,-1,14.015488,1,14.083072
1238,16,16,-1,-1,-1,-1,-1,14.015488,1,14.060544
1239,16,16,-1,-1,-1,-1,-1,13.943808,1,14.00832
1240,16,16,-1,-1,-1,-1,-1,13.93664,1,14.002176
1241,16,16,-1,-1,-1,-1,-1,13.940736,1,14.006272
1242,16,16,-1,-1,-1,-1,-1,13.938688,1,14.0032
1243,16,16,-1,-1,-1,-1,-1,13.947904,1,14.014464
1244,16,16,-1,-1,-1,-1,-1,13.915136,1,13.960192
1245,16,16,-1,-1,-1,-1,-1,13.949952,1,14.016512
1246,16,1023,-1,-1,-1,-1,-1,-1,0,69.580803
1247,16,16,-1,-1,-1,-1,-1,13.991936,1,14.05952
1248,16,16,-1,-1,-1,-1,-1,13.997056,1,14.063616
1249,16,16,-1,-1,-1,-1,-1,13.948928,1,13.993984
1250,16,16,-1,-1,-1,-1,-1,13.928448,1,13.995008
1251,16,16,-1,-1,-1,-1,-1,13.88544,1,13.928448
1252,16,16,-1,-1,-1,-1,-1,13.960192,1,14.026752
1253,16,1024,-1,-1,-1,-1,-1,-1,0,70.276093
1254,16,16,-1,-1,-1,-1,-1,14.022656,1,14.067712
1255,16,16,-1,-1,-1,-1,-1,13.942784,1,14.000128
1256,16,16,-1,-1,-1,-1,-1,13.915136,1,13.959168
1257,16,16,-1,-1,-1,-1,-1,13.9264,1,13.968384
1258,16,16,-1,-1,-1,-1,-1,13.925376,1,13.988864
1259,16,16,-1,-1,-1,-1,-1,13.930496,1,13.995008
1260,16,16,-1,-1,-1,-1,-1,13.904896,1,13.949952
1261,16,16,-1,-1,-1,-1,-1,13.940736,1,14.005248
1262,16,16,-1,-1,-1,-1,-1,13.89568,1,13.939712
1263,16,1024,-1,-1,-1,-1,-1,-1,0,69.93203
1264,16,16,-1,-1,-1,-1,-1,14.020608,1,14.087168
1265,16,16,-1,-1,-1,-1,-1,13.974528,1,14.020608
1266,16,16,-1,-1,-1,-1,-1,13.976576,1,14.041088
1267,16,1024,-1,-1,-1,-1,-1,-1,0,70.056961
1268,16,16,-1,-1,-1,-1,-1,14.042112,1,14.108672
1269,16,1024,-1,-1,-1,-1,-1,-1,0,70.789124
1270,16,16,-1,-1,-1,-1,-1,14.03392,1,14.077952
1271,16,16,-1,-1,-1,-1,-1,14.020608,1,14.086144
1272,16,16,-1,-1,-1,-1,-1,13.978624,1,14.021632
1273,16,16,-1,-1,-1,-1,-1,13.928448,1,13.97248
1274,16,16,-1,-1,-1,-1,-1,13.935616,1,14.000128
1275,16,16,-1,-1,-1,-1,-1,13.937664,1,13.981696
1276,16,16,-1,-1,-1,-1,-1,13.899776,1,13.944832
1277,16,16,-1,-1,-1,-1,-1,13.906944,1,13.97248
1278,16,1023,-1,-1,-1,-1,-1,-1,0,70.220802
1279,16,16,-1,-1,-1,-1,-1,13.97248,1,14.031872
1280,16,16,-1,-1,-1,-1,-1,13.949952,1,14.017536
1281,16,16,-1,-1,-1,-1,-1,13.953024,1,13.997056
1282,16,16,-1,-1,-1,-1,-1,13.925376,1,13.971456
1283,16,1024,-1,-1,-1,-1,-1,-1,0,69.895164
1284,16,16,-1,-1,-1,-1,-1,14.001152,1,14.06464
1285,16,16,-1,-1,-1,-1,-1,13.887488,1,13.955072
1286,16,1024,-1,-1,-1,-1,-1,-1,0,70.366211
1287,16,3040,-1,-1,-1,-1,-1,-1,0,190.259201
1288,16,16,-1,-1,-1,-1,-1,14.022656,1,14.067712
1289,16,16,-1,-1,-1,-1,-1,14.007296,1,14.055424
1290,16,1024,-1,-1,-1,-1,-1,-1,0,70.604797
1291,16,1024,-1,-1,-1,-1,-1,-1,0,71.359489
1292,16,16,-1,-1,-1,-1,-1,13.9776,1,14.021632
1293,16,16,-1,-1,-1,-1,-1,13.872128,1,13.91616
1294,16,16,-1,-1,-1,-1,-1,13.872128,1,13.91616
1295,16,16,-1,-1,-1,-1,-1,13.860864,1,13.927424
1296,16,16,-1,-1,-1,-1,-1,13.88544,1,13.942784
1297,16,16,-1,-1,-1,-1,-1,13.85472,1,13.898752
1298,16,16,-1,-1,-1,-1,-1,13.871104,1,13.914112
1299,16,16,-1,-1,-1,-1,-1,13.883392,1,13.949952
1300,16,16,-1,-1,-1,-1,-1,13.845504,1,13.91104
1301,16,16,-1,-1,-1,-1,-1,13.855744,1,13.92128
1302,16,1024,-1,-1,-1,-1,-1,-1,0,69.806084
1303,16,16,-1,-1,-1,-1,-1,13.964288,1,14.030848
1304,16,16,-1,-1,-1,-1,-1,13.930496,1,13.973504
1305,16,16,-1,-1,-1,-1,-1,13.876224,1,13.920256
1306,16,16,-1,-1,-1,-1,-1,13.898752,1,13.964288
1307,16,16,-1,-1,-1,-1,-1,13.9008,1,13.95712
1308,16,16,-1,-1,-1,-1,-1,13.8496,1,13.893632
1309,16,16,-1,-1,-1,-1,-1,13.861888,1,13.904896
1310,16,16,-1,-1,-1,-1,-1,13.847552,1,13.89056
1311,16,16,-1,-1,-1,-1,-1,13.874176,1,13.939712
1312,16,16,-1,-1,-1,-1,-1,13.869056,1,13.935616
1313,16,16,-1,-1,-1,-1,-1,13.87008,1,13.912064
1314,16,16,-1,-1,-1,-1,-1,13.84448,1,13.888512
1315,16,16,-1,-1,-1,-1,-1,13.85472,1,13.920256
1316,16,16,-1,-1,-1,-1,-1,13.835264,1,13.9008
1317,16,16,-1,-1,-1,-1,-1,13.878272,1,13.943808
1318,16,16,-1,-1,-1,-1,-1,13.883392,1,13.942784
1319,16,16,-1,-1,-1,-1,-1,13.852672,1,13.910016
1320,16,16,-1,-1,-1,-1,-1,13.872128,1,13.915136
1321,16,16,-1,-1,-1,-1,-1,13.851648,1,13.894656
1322,16,16,-1,-1,-1,-1,-1,13.869056,1,13.925376
1323,16,16,-1,-1,-1,-1,-1,13.856768,1,13.922304
1324,16,16,-1,-1,-1,-1,-1,13.871104,1,13.915136
1325,16,16,-1,-1,-1,-1,-1,13.899776,1,13.943808
1326,16,16,-1,-1,-1,-1,-1,13.886464,1,13.934592
1327,16,16,-1,-1,-1,-1,-1,13.869056,1,13.927424
1328,16,16,-1,-1,-1,-1,-1,13.912064,1,13.975552
1329,16,16,-1,-1,-1,-1,-1,13.842432,1,13.886464
1330,16,16,-1,-1,-1,-1,-1,13.888512,1,13.93152
1331,16,16,-1,-1,-1,-1,-1,13.861888,1,13.9264
1332,16,16,-1,-1,-1,-1,-1,13.89056,1,13.956096
1333,16,16,-1,-1,-1,-1,-1,13.877248,1,13.943808
1334,16,16,-1,-1,-1,-1,-1,13.897728,1,13.964288
1335,16,16,-1,-1,-1,-1,-1,13.876224,1,13.94176
1336,16,16,-1,-1,-1,-1,-1,13.88544,1,13.929472
1337,16,16,-1,-1,-1,-1,-1,13.848576,1,13.892608
1338,16,16,-1,-1,-1,-1,-1,13.894656,1,13.961216
1339,16,16,-1,-1,-1,-1,-1,13.872128,1,13.928448
1340,16,16,-1,-1,-1,-1,-1,13.923328,1,13.96736
1341,16,16,-1,-1,-1,-1,-1,13.924352,1,13.96736
1342,16,16,-1,-1,-1,-1,-1,13.930496,1,13.97248
1343,16,16,-1,-1,-1,-1,-1,13.897728,1,13.963264
1344,16,16,-1,-1,-1,-1,-1,13.874176,1,13.938688
1345,16,16,-1,-1,-1,-1,-1,13.91104,1,13.954048
1346,16,16,-1,-1,-1,-1,-1,13.878272,1,13.92128
1347,16,16,-1,-1,-1,-1,-1,13.883392,1,13.948928
1348,16,16,-1,-1,-1,-1,-1,13.923328,1,13.988864
1349,16,16,-1,-1,-1,-1,-1,13.938688,1,14.005248
1350,16,16,-1,-1,-1,-1,-1,13.901824,1,13.968384
1351,16,16,-1,-1,-1,-1,-1,13.923328,1,13.980672
1352,16,16,-1,-1,-1,-1,-1,13.940736,1,13.984768
1353,16,16,-1,-1,-1,-1,-1,13.924352,1,13.96736
1354,16,16,-1,-1,-1,-1,-1,13.933568,1,13.999104
1355,16,16,-1,-1,-1,-1,-1,13.917184,1,13.98272
1356,16,16,-1,-1,-1,-1,-1,13.888512,1,13.93152
1357,16,16,-1,-1,-1,-1,-1,13.920256,1,13.963264
1358,16,16,-1,-1,-1,-1,-1,13.915136,1,13.959168
1359,16,16,-1,-1,-1,-1,-1,13.965312,1,14.031872
1360,16,16,-1,-1,-1,-1,-1,13.928448,1,13.993984
1361,16,16,-1,-1,-1,-1,-1,13.915136,1,13.959168
1362,16,16,-1,-1,-1,-1,-1,13.9264,1,13.970432
1363,16,16,-1,-1,-1,-1,-1,13.892608,1,13.958144
1364,16,1024,-1,-1,-1,-1,-1,-1,0,69.572609
1365,16,16,-1,-1,-1,-1,-1,14.015488,1,14.073856
1366,16,16,-1,-1,-1,-1,-1,13.971456,1,14.03904
1367,16,16,-1,-1,-1,-1,-1,13.960192,1,14.01856
1368,16,16,-1,-1,-1,-1,-1,13.934592,1,13.978624
1369,16,16,-1,-1,-1,-1,-1,13.901824,1,13.945856
1370,16,1024,-1,-1,-1,-1,-1,-1,0,69.98835
1371,16,16,-1,-1,-1,-1,-1,14.053376,1,14.118912
1372,16,16,-1,-1,-1,-1,-1,13.961216,1,14.006272
1373,16,16,-1,-1,-1,-1,-1,13.944832,1,13.988864
1374,16,16,-1,-1,-1,-1,-1,13.910016,1,13.952
1375,16,16,-1,-1,-1,-1,-1,13.938688,1,14.002176
1376,16,16,-1,-1,-1,-1,-1,13.947904,1,14.01344
1377,16,1024,-1,-1,-1,-1,-1,-1,0,70.10714
1378,16,16,-1,-1,-1,-1,-1,14.017536,1,14.060544
1379,16,16,-1,-1,-1,-1,-1,13.960192,1,14.01856
1380,16,16,-1,-1,-1,-1,-1,13.95712,1,14.021632
1381,16,16,-1,-1,-1,-1,-1,13.903872,1,13.969408
1382,16,16,-1,-1,-1,-1,-1,13.944832,1,14.010368
1383,16,16,-1,-1,-1,-1,-1,13.930496,1,13.99808
1384,16,16,-1,-1,-1,-1,-1,13.943808,1,13.98784
1385,16,16,-1,-1,-1,-1,-1,13.947904,1,13.990912
1386,16,16,-1,-1,-1,-1,-1,13.876224,1,13.934592
1387,16,16,-1,-1,-1,-1,-1,13.91104,1,13.9776
1388,16,16,-1,-1,-1,-1,-1,13.928448,1,13.971456
1389,16,1024,-1,-1,-1,-1,-1,-1,0,69.681152
1390,16,16,-1,-1,-1,-1,-1,14.050304,1,14.093312
1391,16,16,-1,-1,-1,-1,-1,13.979648,1,14.046208
1392,16,1024,-1,-1,-1,-1,-1,-1,0,70.391808
1393,16,1024,-1,-1,-1,-1,-1,-1,0,71.368706
1394,16,16,-1,-1,-1,-1,-1,14.051328,1,14.094336
1395,16,16,-1,-1,-1,-1,-1,13.988864,1,14.031872
1396,16,16,-1,-1,-1,-1,-1,14.035968,1,14.101504
1397,16,1024,-1,-1,-1,-1,-1,-1,0,70.47168
1398,16,16,-1,-1,-1,-1,-1,14.012416,1,14.078976
1399,16,1024,-1,-1,-1,-1,-1,-1,0,70.448128
1400,16,1024,-1,-1,-1,-1,-1,-1,0,71.429123
1401,16,16,-1,-1,-1,-1,-1,13.988864,1,14.032896
1402,16,16,-1,-1,-1,-1,-1,13.937664,1,13.997056
1403,16,16,-1,-1,-1,-1,-1,13.940736,1,14.006272
1404,16,16,-1,-1,-1,-1,-1,13.863936,1,13.907968
1405,16,1024,-1,-1,-1,-1,-1,-1,0,69.780479
1406,16,16,-1,-1,-1,-1,-1,13.993984,1,14.038016
1407,16,16,-1,-1,-1,-1,-1,13.949952,1,13.995008
1408,16,16,-1,-1,-1,-1,-1,13.935616,1,14.001152
1409,16,1024,-1,-1,-1,-1,-1,-1,0,70.117378
1410,16,16,-1,-1,-1,-1,-1,14.046208,1,14.088192
1411,16,16,-1,-1,-1,-1,-1,13.932544,1,13.978624
1412,16,16,-1,-1,-1,-1,-1,13.9008,1,13.958144
1413,16,16,-1,-1,-1,-1,-1,13.91616,1,13.981696
1414,16,16,-1,-1,-1,-1,-1,13.913088,1,13.978624
1415,16,16,-1,-1,-1,-1,-1,13.88032,1,13.939712
1416,16,16,-1,-1,-1,-1,-1,13.913088,1,13.9776
1417,16,1024,-1,-1,-1,-1,-1,-1,0,69.944321
1418,16,16,-1,-1,-1,-1,-1,13.965312,1,14.031872
1419,16,16,-1,-1,-1,-1,-1,13.90592,1,13.97248
1420,16,16,-1,-1,-1,-1,-1,13.902848,1,13.94688
1421,16,1024,-1,-1,-1,-1,-1,-1,0,70.335487
1422,16,1023,-1,-1,-1,-1,-1,-1,0,71.41581
1423,16,16,-1,-1,-1,-1,-1,13.974528,1,14.03904
1424,16,16,-1,-1,-1,-1,-1,13.89568,1,13.953024
1425,16,1024,-1,-1,-1,-1,-1,-1,0,70.415359
1426,16,16,-1,-1,-1,-1,-1,13.929472,1,13.974528
1427,16,16,-1,-1,-1,-1,-1,13.907968,1,13.954048
1428,16,16,-1,-1,-1,-1,-1,13.869056,1,13.9264
1429,16,16,-1,-1,-1,-1,-1,13.877248,1,13.934592
1430,16,16,-1,-1,-1,-1,-1,13.843456,1,13.908992
1431,16,16,-1,-1,-1,-1,-1,13.88032,1,13.94688
1432,16,16,-1,-1,-1,-1,-1,13.845504,1,13.912064
1433,16,16,-1,-1,-1,-1,-1,13.848576,1,13.914112
1434,16,16,-1,-1,-1,-1,-1,13.832192,1,13.898752
1435,16,16,-1,-1,-1,-1,-1,13.821952,1,13.865984
1436,16,1024,-1,-1,-1,-1,-1,-1,0,69.879807
1437,16,16,-1,-1,-1,-1,-1,13.973504,1,14.041088
1438,16,16,-1,-1,-1,-1,-1,13.920256,1,13.965312
1439,16,16,-1,-1,-1,-1,-1,13.904896,1,13.971456
1440,16,16,-1,-1,-1,-1,-1,13.896704,1,13.961216
1441,16,16,-1,-1,-1,-1,-1,13.88032,1,13.948928
1442,16,16,-1,-1,-1,-1,-1,13.851648,1,13.89568
1443,16,16,-1,-1,-1,-1,-1,13.894656,1,13.939712
1444,16,16,-1,-1,-1,-1,-1,13.892608,1,13.949952
1445,16,16,-1,-1,-1,-1,-1,13.883392,1,13.940736
1446,16,16,-1,-1,-1,-1,-1,13.825024,1,13.869056
1447,16,16,-1,-1,-1,-1,-1,13.867008,1,13.924352
1448,16,16,-1,-1,-1,-1,-1,13.8752,1,13.940736
1449,16,16,-1,-1,-1,-1,-1,13.835264,1,13.892608
1450,16,16,-1,-1,-1,-1,-1,13.877248,1,13.944832
1451,16,16,-1,-1,-1,-1,-1,13.8496,1,13.892608
1452,16,16,-1,-1,-1,-1,-1,13.825024,1,13.888512
1453,16,16,-1,-1,-1,-1,-1,13.846528,1,13.912064
1454,16,16,-1,-1,-1,-1,-1,13.851648,1,13.894656
1455,16,16,-1,-1,-1,-1,-1,13.865984,1,13.93152
1456,16,16,-1,-1,-1,-1,-1,13.856768,1,13.922304
1457,16,16,-1,-1,-1,-1,-1,13.882368,1,13.948928
1458,16,16,-1,-1,-1,-1,-1,13.858816,1,13.9008
1459,16,16,-1,-1,-1,-1,-1,13.879296,1,13.923328
1460,16,16,-1,-1,-1,-1,-1,13.871104,1,13.93664
1461,16,16,-1,-1,-1,-1,-1,13.894656,1,13.958144
1462,16,16,-1,-1,-1,-1,-1,13.861888,1,13.90592
1463,16,16,-1,-1,-1,-1,-1,13.865984,1,13.930496
1464,16,16,-1,-1,-1,-1,-1,13.871104,1,13.93664
1465,16,16,-1,-1,-1,-1,-1,13.879296,1,13.943808
1466,16,16,-1,-1,-1,-1,-1,13.887488,1,13.953024
1467,16,16,-1,-1,-1,-1,-1,13.893632,1,13.93664
1468,16,16,-1,-1,-1,-1,-1,13.879296,1,13.944832
1469,16,16,-1,-1,-1,-1,-1,13.876224,1,13.940736
1470,16,16,-1,-1,-1,-1,-1,13.886464,1,13.929472
1471,16,16,-1,-1,-1,-1,-1,13.860864,1,13.9264
1472,16,16,-1,-1,-1,-1,-1,13.888512,1,13.955072
1473,16,16,-1,-1,-1,-1,-1,13.92128,1,13.979648
1474,16,16,-1,-1,-1,-1,-1,13.9008,1,13.944832
1475,16,16,-1,-1,-1,-1,-1,13.894656,1,13.937664
1476,16,16,-1,-1,-1,-1,-1,13.881344,1,13.940736
1477,16,16,-1,-1,-1,-1,-1,13.89056,1,13.945856
1478,16,16,-1,-1,-1,-1,-1,13.887488,1,13.930496
1479,16,16,-1,-1,-1,-1,-1,13.888512,1,13.952
1480,16,16,-1,-1,-1,-1,-1,13.914112,1,13.979648
1481,16,16,-1,-1,-1,-1,-1,13.887488,1,13.943808
1482,16,16,-1,-1,-1,-1,-1,13.899776,1,13.964288
1483,16,16,-1,-1,-1,-1,-1,13.94176,1,13.986816
1484,16,16,-1,-1,-1,-1,-1,13.903872,1,13.968384
1485,16,1024,-1,-1,-1,-1,-1,-1,0,69.616638
1486,16,16,-1,-1,-1,-1,-1,14.043136,1,14.086144
1487,16,16,-1,-1,-1,-1,-1,13.996032,1,14.061568
1488,16,16,-1,-1,-1,-1,-1,13.944832,1,14.011392
1489,16,16,-1,-1,-1,-1,-1,13.934592,1,14.001152
1490,16,16,-1,-1,-1,-1,-1,13.914112,1,13.958144
1491,16,16,-1,-1,-1,-1,-1,13.907968,1,13.952
1492,16,16,-1,-1,-1,-1,-1,13.9264,1,13.969408
1493,16,16,-1,-1,-1,-1,-1,13.913088,1,13.976576
1494,16,16,-1,-1,-1,-1,-1,13.919232,1,13.964288
1495,16,16,-1,-1,-1,-1,-1,13.906944,1,13.973504
1496,16,16,-1,-1,-1,-1,-1,13.917184,1,13.981696
1497,16,16,-1,-1,-1,-1,-1,13.94688,1,14.010368
1498,16,16,-1,-1,-1,-1,-1,13.867008,1,13.923328
1499,16,16,-1,-1,-1,-1,-1,13.894656,1,13.938688
1500,16,16,-1,-1,-1,-1,-1,13.858816,1,13.9264
1501,16,16,-1,-1,-1,-1,-1,13.87008,1,13.93664
1502,16,16,-1,-1,-1,-1,-1,13.88544,1,13.930496
1503,16,16,-1,-1,-1,-1,-1,13.908992,1,13.966336
1504,16,16,-1,-1,-1,-1,-1,13.919232,1,13.983744
1505,16,1023,-1,-1,-1,-1,-1,-1,0,69.800957
1506,16,16,-1,-1,-1,-1,-1,14.03392,1,14.099456
1507,16,16,-1,-1,-1,-1,-1,13.99296,1,14.040064
1508,16,16,-1,-1,-1,-1,-1,13.968384,1,14.015488
1509,16,16,-1,-1,-1,-1,-1,13.953024,1,14.019584
1510,16,1024,-1,-1,-1,-1,-1,-1,0,70.178818
1511,16,16,-1,-1,-1,-1,-1,14.036992,1,14.101504
1512,16,16,-1,-1,-1,-1,-1,13.974528,1,14.042112
1513,16,16,-1,-1,-1,-1,-1,13.96224,1,14.0288
1514,16,1024,-1,-1,-1,-1,-1,-1,0,70.211586
1515,16,16,-1,-1,-1,-1,-1,14.093312,1,14.138368
1516,16,16,-1,-1,-1,-1,-1,14.002176,1,14.060544
1517,16,1024,-1,-1,-1,-1,-1,-1,0,70.346748
1518,16,16,-1,-1,-1,-1,-1,14.043136,1,14.087168
1519,16,16,-1,-1,-1,-1,-1,14.040064,1,14.106624
1520,16,1023,-1,-1,-1,-1,-1,-1,0,70.318077
1521,16,1024,-1,-1,-1,-1,-1,-1,0,71.425026
1522,16,16,-1,-1,-1,-1,-1,14.024704,1,14.088192
1523,16,1023,-1,-1,-1,-1,-1,-1,0,70.715393
1524,16,16,-1,-1,-1,-1,-1,14.001152,1,14.067712
1525,16,16,-1,-1,-1,-1,-1,13.985792,1,14.029824
1526,16,16,-1,-1,-1,-1,-1,13.93664,1,14.0032
1527,16,16,-1,-1,-1,-1,-1,13.901824,1,13.945856
1528,16,16,-1,-1,-1,-1,-1,13.93152,1,13.975552
1529,16,1024,-1,-1,-1,-1,-1,-1,0,70.182915
1530,16,16,-1,-1,-1,-1,-1,13.99808,1,14.063616
1531,16,16,-1,-1,-1,-1,-1,13.990912,1,14.035968
1532,16,16,-1,-1,-1,-1,-1,13.948928,1,14.015488
1533,16,16,-1,-1,-1,-1,-1,13.903872,1,13.970432
1534,16,16,-1,-1,-1,-1,-1,13.883392,1,13.927424
1535,16,16,-1,-1,-1,-1,-1,13.837312,1,13.903872
1536,16,16,-1,-1,-1,-1,-1,13.9008,1,13.945856
1537,16,1024,-1,-1,-1,-1,-1,-1,0,69.898239
1538,16,1024,-1,-1,-1,-1,-1,-1,0,71.429123
1539,16,16,-1,-1,-1,-1,-1,13.98784,1,14.031872
1540,16,16,-1,-1,-1,-1,-1,13.943808,1,14.009344
1541,16,16,-1,-1,-1,-1,-1,13.903872,1,13.94688
1542,16,16,-1,-1,-1,-1,-1,13.938688,1,14.004224
1543,16,1024,-1,-1,-1,-1,-1,-1,0,69.723137
1544,16,2032,-1,-1,-1,-1,-1,-1,0,130.927612
1545,16,16,-1,-1,-1,-1,-1,14.038016,1,14.104576
1546,16,16,-1,-1,-1,-1,-1,13.958144,1,14.025728
1547,16,16,-1,-1,-1,-1,-1,13.927424,1,13.970432
1548,16,1024,-1,-1,-1,-1,-1,-1,0,70.277122
1549,16,16,-1,-1,-1,-1,-1,13.934592,1,14.000128
1550,16,16,-1,-1,-1,-1,-1,13.912064,1,13.956096
1551,16,16,-1,-1,-1,-1,-1,13.907968,1,13.952
1552,16,16,-1,-1,-1,-1,-1,13.847552,1,13.892608
1553,16,16,-1,-1,-1,-1,-1,13.899776,1,13.965312
1554,16,16,-1,-1,-1,-1,-1,13.871104,1,13.937664
1555,16,16,-1,-1,-1,-1,-1,13.897728,1,13.942784
1556,16,16,-1,-1,-1,-1,-1,13.881344,1,13.945856
1557,16,16,-1,-1,-1,-1,-1,13.884416,1,13.928448
1558,16,16,-1,-1,-1,-1,-1,13.820928,1,13.877248
1559,16,16,-1,-1,-1,-1,-1,13.856768,1,13.92128
1560,16,16,-1,-1,-1,-1,-1,13.831168,1,13.888512
1561,16,16,-1,-1,-1,-1,-1,13.826048,1,13.891584
1562,16,16,-1,-1,-1,-1,-1,13.83936,1,13.903872
1563,16,16,-1,-1,-1,-1,-1,13.8496,1,13.891584
1564,16,16,-1,-1,-1,-1,-1,13.857792,1,13.924352
1565,16,1024,-1,-1,-1,-1,-1,-1,0,70.283264
1566,16,16,-1,-1,-1,-1,-1,13.975552,1,14.020608
1567,16,16,-1,-1,-1,-1,-1,13.96224,1,14.005248
1568,16,16,-1,-1,-1,-1,-1,13.902848,1,13.94688
1569,16,16,-1,-1,-1,-1,-1,13.894656,1,13.959168
1570,16,16,-1,-1,-1,-1,-1,13.88544,1,13.942784
1571,16,16,-1,-1,-1,-1,-1,13.893632,1,13.937664
1572,16,16,-1,-1,-1,-1,-1,13.88544,1,13.94176
1573,16,16,-1,-1,-1,-1,-1,13.920256,1,13.965312
1574,16,16,-1,-1,-1,-1,-1,13.897728,1,13.955072
1575,16,16,-1,-1,-1,-1,-1,13.887488,1,13.954048
1576,16,16,-1,-1,-1,-1,-1,13.828096,1,13.886464
1577,16,16,-1,-1,-1,-1,-1,13.882368,1,13.947904
1578,16,16,-1,-1,-1,-1,-1,13.853696,1,13.92128
1579,16,16,-1,-1,-1,-1,-1,13.860864,1,13.904896
1580,16,16,-1,-1,-1,-1,-1,13.868032,1,13.933568
1581,16,16,-1,-1,-1,-1,-1,13.837312,1,13.903872
1582,16,16,-1,-1,-1,-1,-1,13.901824,1,13.947904
1583,16,16,-1,-1,-1,-1,-1,13.912064,1,13.95712
1584,16,16,-1,-1,-1,-1,-1,13.893632,1,13.939712
1585,16,16,-1,-1,-1,-1,-1,13.871104,1,13.944832
1586,16,16,-1,-1,-1,-1,-1,13.873152,1,13.939712
1587,16,16,-1,-1,-1,-1,-1,13.883392,1,13.927424
1588,16,16,-1,-1,-1,-1,-1,13.898752,1,13.963264
1589,16,16,-1,-1,-1,-1,-1,13.88544,1,13.928448
1590,16,16,-1,-1,-1,-1,-1,13.871104,1,13.928448
1591,16,16,-1,-1,-1,-1,-1,13.91104,1,13.976576
1592,16,16,-1,-1,-1,-1,-1,13.91104,1,13.969408
1593,16,16,-1,-1,-1,-1,-1,13.910016,1,13.975552
1594,16,16,-1,-1,-1,-1,-1,13.882368,1,13.94688
1595,16,16,-1,-1,-1,-1,-1,13.9008,1,13.944832
1596,16,16,-1,-1,-1,-1,-1,13.878272,1,13.943808
1597,16,16,-1,-1,-1,-1,-1,13.904896,1,13.969408
1598,16,16,-1,-1,-1,-1,-1,13.912064,1,13.955072
1599,16,16,-1,-1,-1,-1,-1,13.904896,1,13.947904
1600,16,16,-1,-1,-1,-1,-1,13.934592,1,13.978624
1601,16,16,-1,-1,-1,-1,-1,13.88544,1,13.953024
1602,16,16,-1,-1,-1,-1,-1,13.918208,1,13.976576
1603,16,16,-1,-1,-1,-1,-1,13.956096,1,14.000128
1604,16,16,-1,-1,-1,-1,-1,13.901824,1,13.966336
1605,16,16,-1,-1,-1,-1,-1,13.892608,1,13.93664
1606,16,16,-1,-1,-1,-1,-1,13.894656,1,13.960192
1607,16,16,-1,-1,-1,-1,-1,13.88544,1,13.949952
1608,16,16,-1,-1,-1,-1,-1,13.893632,1,13.958144
1609,16,16,-1,-1,-1,-1,-1,13.919232,1,13.984768
1610,16,16,-1,-1,-1,-1,-1,13.892608,1,13.959168
1611,16,16,-1,-1,-1,-1,-1,13.913088,1,13.956096
1612,16,16,-1,-1,-1,-1,-1,13.91616,1,13.981696
1613,16,16,-1,-1,-1,-1,-1,13.928448,1,13.993984
1614,16,16,-1,-1,-1,-1,-1,13.910016,1,13.954048
1615,16,16,-1,-1,-1,-1,-1,13.867008,1,13.91104
1616,16,16,-1,-1,-1,-1,-1,13.887488,1,13.930496
1617,16,1024,-1,-1,-1,-1,-1,-1,0,69.755905
1618,16,16,-1,-1,-1,-1,-1,14.086144,1,14.152704
1619,16,16,-1,-1,-1,-1,-1,14.046208,1,14.091264
1620,16,16,-1,-1,-1,-1,-1,13.963264,1,14.0288
1621,16,16,-1,-1,-1,-1,-1,13.944832,1,13.988864
1622,16,16,-1,-1,-1,-1,-1,13.956096,1,14.014464
1623,16,1024,-1,-1,-1,-1,-1,-1,0,70.098946
1624,16,16,-1,-1,-1,-1,-1,14.016512,1,14.07488
1625,16,16,-1,-1,-1,-1,-1,13.988864,1,14.048256
1626,16,16,-1,-1,-1,-1,-1,13.948928,1,14.016512
1627,16,16,-1,-1,-1,-1,-1,13.934592,1,13.978624
1628,16,16,-1,-1,-1,-1,-1,13.964288,1,14.022656
1629,16,16,-1,-1,-1,-1,-1,13.950976,1,14.016512
1630,16,16,-1,-1,-1,-1,-1,13.94688,1,13.990912
1631,16,16,-1,-1,-1,-1,-1,13.952,1,13.996032
1632,16,16,-1,-1,-1,-1,-1,13.929472,1,13.973504
1633,16,16,-1,-1,-1,-1,-1,13.945856,1,14.011392
1634,16,16,-1,-1,-1,-1,-1,13.932544,1,13.997056
1635,16,16,-1,-1,-1,-1,-1,13.894656,1,13.938688
1636,16,1024,-1,-1,-1,-1,-1,-1,0,69.888
1637,16,1024,-1,-1,-1,-1,-1,-1,0,71.246849
1638,16,1024,-1,-1,-1,-1,-1,-1,0,71.373825
1639,16,1024,-1,-1,-1,-1,-1,-1,0,71.397377
1640,16,16,-1,-1,-1,-1,-1,14.032896,1,14.099456
1641,16,16,-1,-1,-1,-1,-1,14.010368,1,14.076928
1642,16,16,-1,-1,-1,-1,-1,14.027776,1,14.072832
1643,16,1024,-1,-1,-1,-1,-1,-1,0,70.785027
1644,16,1023,-1,-1,-1,-1,-1,-1,0,71.351295
1645,16,16,-1,-1,-1,-1,-1,13.99296,1,14.060544
1646,16,16,-1,-1,-1,-1,-1,13.969408,1,14.015488
1647,16,16,-1,-1,-1,-1,-1,13.923328,1,13.968384
1648,16,16,-1,-1,-1,-1,-1,13.881344,1,13.925376
1649,16,1024,-1,-1,-1,-1,-1,-1,0,69.658623
1650,16,16,-1,-1,-1,-1,-1,14.014464,1,14.078976
1651,16,16,-1,-1,-1,-1,-1,13.978624,1,14.02368
1652,16,16,-1,-1,-1,-1,-1,13.924352,1,13.991936
1653,16,16,-1,-1,-1,-1,-1,13.93152,1,13.988864
1654,16,16,-1,-1,-1,-1,-1,13.912064,1,13.970432
1655,16,16,-1,-1,-1,-1,-1,13.915136,1,13.981696
1656,16,16,-1,-1,-1,-1,-1,13.889536,1,13.956096
1657,16,16,-1,-1,-1,-1,-1,13.888512,1,13.930496
1658,16,16,-1,-1,-1,-1,-1,13.933568,1,13.975552
1659,16,1024,-1,-1,-1,-1,-1,-1,0,69.663742
1660,16,16,-1,-1,-1,-1,-1,14.036992,1,14.10048
1661,16,16,-1,-1,-1,-1,-1,13.976576,1,14.045184
1662,16,16,-1,-1,-1,-1,-1,13.968384,1,14.01344
1663,16,16,-1,-1,-1,-1,-1,13.917184,1,13.961216
1664,16,1024,-1,-1,-1,-1,-1,-1,0,69.853188
1665,16,16,-1,-1,-1,-1,-1,14.041088,1,14.107648
1666,16,1024,-1,-1,-1,-1,-1,-1,0,71.013374
1667,16,16,-1,-1,-1,-1,-1,14.006272,1,14.04928
1668,16,1024,-1,-1,-1,-1,-1,-1,0,70.25869
1669,16,16,-1,-1,-1,-1,-1,13.959168,1,14.025728
1670,16,16,-1,-1,-1,-1,-1,13.9264,1,13.995008
1671,16,16,-1,-1,-1,-1,-1,13.904896,1,13.971456
1672,16,16,-1,-1,-1,-1,-1,13.899776,1,13.966336
1673,16,16,-1,-1,-1,-1,-1,13.848576,1,13.892608
1674,16,16,-1,-1,-1,-1,-1,13.88032,1,13.923328
1675,16,16,-1,-1,-1,-1,-1,13.873152,1,13.939712
1676,16,16,-1,-1,-1,-1,-1,13.830144,1,13.893632
1677,16,16,-1,-1,-1,-1,-1,13.82912,1,13.886464
1678,16,1024,-1,-1,-1,-1,-1,-1,0,69.48864
1679,16,16,-1,-1,-1,-1,-1,13.954048,1,13.99808
1680,16,16,-1,-1,-1,-1,-1,13.940736,1,13.99808
1681,16,16,-1,-1,-1,-1,-1,13.882368,1,13.949952
1682,16,16,-1,-1,-1,-1,-1,13.85984,1,13.924352
1683,16,16,-1,-1,-1,-1,-1,13.923328,1,13.966336
1684,16,16,-1,-1,-1,-1,-1,13.879296,1,13.937664
1685,16,16,-1,-1,-1,-1,-1,13.88032,1,13.945856
1686,16,16,-1,-1,-1,-1,-1,13.85984,1,13.918208
1687,16,16,-1,-1,-1,-1,-1,13.848576,1,13.913088
1688,16,1023,-1,-1,-1,-1,-1,-1,0,69.523453
1689,16,1024,-1,-1,-1,-1,-1,-1,0,71.402496
1690,16,16,-1,-1,-1,-1,-1,13.989888,1,14.03392
1691,16,16,-1,-1,-1,-1,-1,13.918208,1,13.976576
1692,16,16,-1,-1,-1,-1,-1,13.869056,1,13.915136
1693,16,16,-1,-1,-1,-1,-1,13.87008,1,13.93664
1694,16,16,-1,-1,-1,-1,-1,13.889536,1,13.956096
1695,16,16,-1,-1,-1,-1,-1,13.887488,1,13.93152
1696,16,16,-1,-1,-1,-1,-1,13.88032,1,13.94688
1697,16,16,-1,-1,-1,-1,-1,13.868032,1,13.934592
1698,16,16,-1,-1,-1,-1,-1,13.8752,1,13.93152
1699,16,16,-1,-1,-1,-1,-1,13.856768,1,13.899776
1700,16,16,-1,-1,-1,-1,-1,13.862912,1,13.928448
1701,16,16,-1,-1,-1,-1,-1,13.8752,1,13.939712
1702,16,16,-1,-1,-1,-1,-1,13.84448,1,13.907968
1703,16,16,-1,-1,-1,-1,-1,13.863936,1,13.930496
1704,16,16,-1,-1,-1,-1,-1,13.85472,1,13.898752
1705,16,16,-1,-1,-1,-1,-1,13.86496,1,13.923328
1706,16,16,-1,-1,-1,-1,-1,13.862912,1,13.907968
1707,16,16,-1,-1,-1,-1,-1,13.877248,1,13.943808
1708,16,16,-1,-1,-1,-1,-1,13.908992,1,13.952
1709,16,16,-1,-1,-1,-1,-1,13.867008,1,13.93152
1710,16,16,-1,-1,-1,-1,-1,13.89056,1,13.954048
1711,16,16,-1,-1,-1,-1,-1,13.833216,1,13.876224
1712,16,16,-1,-1,-1,-1,-1,13.872128,1,13.938688
1713,16,16,-1,-1,-1,-1,-1,13.89056,1,13.955072
1714,16,16,-1,-1,-1,-1,-1,13.884416,1,13.949952
1715,16,16,-1,-1,-1,-1,-1,13.865984,1,13.907968
1716,16,16,-1,-1,-1,-1,-1,13.871104,1,13.937664
1717,16,16,-1,-1,-1,-1,-1,13.855744,1,13.922304
1718,16,16,-1,-1,-1,-1,-1,13.876224,1,13.94176
1719,16,16,-1,-1,-1,-1,-1,13.883392,1,13.949952
1720,16,16,-1,-1,-1,-1,-1,13.883392,1,13.9264
1721,16,16,-1,-1,-1,-1,-1,13.867008,1,13.924352
1722,16,16,-1,-1,-1,-1,-1,13.925376,1,13.970432
1723,16,16,-1,-1,-1,-1,-1,13.915136,1,13.980672
1724,16,16,-1,-1,-1,-1,-1,13.937664,1,13.98272
1725,16,16,-1,-1,-1,-1,-1,13.91616,1,13.980672
1726,16,16,-1,-1,-1,-1,-1,13.896704,1,13.964288
1727,16,16,-1,-1,-1,-1,-1,13.888512,1,13.93152
1728,16,16,-1,-1,-1,-1,-1,13.902848,1,13.96736
1729,16,16,-1,-1,-1,-1,-1,13.935616,1,13.99296
1730,16,16,-1,-1,-1,-1,-1,13.879296,1,13.943808
1731,16,16,-1,-1,-1,-1,-1,13.908992,1,13.950976
1732,16,16,-1,-1,-1,-1,-1,13.925376,1,13.990912
1733,16,16,-1,-1,-1,-1,-1,13.912064,1,13.976576
1734,16,16,-1,-1,-1,-1,-1,13.89568,1,13.961216
1735,16,16,-1,-1,-1,-1,-1,13.93664,1,14.0032
1736,16,1024,-1,-1,-1,-1,-1,-1,0,69.837822
1737,16,16,-1,-1,-1,-1,-1,14.05952,1,14.116864
1738,16,16,-1,-1,-1,-1,-1,13.966336,1,14.010368
1739,16,16,-1,-1,-1,-1,-1,13.959168,1,14.025728
1740,16,16,-1,-1,-1,-1,-1,13.945856,1,13.989888
1741,16,16,-1,-1,-1,-1,-1,13.938688,1,14.004224
1742,16,16,-1,-1,-1,-1,-1,13.910016,1,13.976576
1743,16,1024,-1,-1,-1,-1,-1,-1,0,70.116348
1744,16,16,-1,-1,-1,-1,-1,14.040064,1,14.107648
1745,16,16,-1,-1,-1,-1,-1,13.986816,1,14.052352
1746,16,16,-1,-1,-1,-1,-1,13.913088,1,13.970432
1747,16,16,-1,-1,-1,-1,-1,13.939712,1,13.98272
1748,16,16,-1,-1,-1,-1,-1,13.922304,1,13.988864
1749,16,16,-1,-1,-1,-1,-1,13.922304,1,13.98784
1750,16,16,-1,-1,-1,-1,-1,13.947904,1,14.011392
1751,16,16,-1,-1,-1,-1,-1,13.91616,1,13.973504
1752,16,1024,-1,-1,-1,-1,-1,-1,0,69.915649
1753,16,16,-1,-1,-1,-1,-1,14.040064,1,14.1056
1754,16,16,-1,-1,-1,-1,-1,13.965312,1,14.010368
1755,16,16,-1,-1,-1,-1,-1,13.981696,1,14.04928
1756,16,1024,-1,-1,-1,-1,-1,-1,0,70.169601
1757,16,16,-1,-1,-1,-1,-1,14.056448,1,14.10048
1758,16,1024,-1,-1,-1,-1,-1,-1,0,70.402046
1759,16,16,-1,-1,-1,-1,-1,14.04928,1,14.113792
1760,16,1024,-1,-1,-1,-1,-1,-1,0,70.506493
1761,16,16,-1,-1,-1,-1,-1,14.012416,1,14.076928
1762,16,16,-1,-1,-1,-1,-1,13.955072,1,14.020608
1763,16,16,-1,-1,-1,-1,-1,13.950976,1,13.995008
1764,16,16,-1,-1,-1,-1,-1,13.9264,1,13.993984
1765,16,16,-1,-1,-1,-1,-1,13.907968,1,13.952
1766,16,16,-1,-1,-1,-1,-1,13.938688,1,14.004224
1767,16,1024,-1,-1,-1,-1,-1,-1,0,69.795837
1768,16,1024,-1,-1,-1,-1,-1,-1,0,70.967293
1769,16,16,-1,-1,-1,-1,-1,14.014464,1,14.081024
1770,16,16,-1,-1,-1,-1,-1,13.965312,1,14.010368
1771,16,16,-1,-1,-1,-1,-1,13.94176,1,14.007296
1772,16,16,-1,-1,-1,-1,-1,13.906944,1,13.97248
1773,16,16,-1,-1,-1,-1,-1,13.934592,1,13.979648
1774,16,16,-1,-1,-1,-1,-1,13.925376,1,13.99296
1775,16,1023,-1,-1,-1,-1,-1,-1,0,70.128639
1776,16,16,-1,-1,-1,-1,-1,14.029824,1,14.094336
1777,16,16,-1,-1,-1,-1,-1,14.012416,1,14.057472
1778,16,16,-1,-1,-1,-1,-1,13.966336,1,14.031872
1779,16,1024,-1,-1,-1,-1,-1,-1,0,70.490112
1780,16,16,-1,-1,-1,-1,-1,13.948928,1,13.99296
1781,16,16,-1,-1,-1,-1,-1,13.943808,1,13.988864
1782,16,16,-1,-1,-1,-1,-1,13.932544,1,13.9776
1783,16,16,-1,-1,-1,-1,-1,13.892608,1,13.959168
1784,16,16,-1,-1,-1,-1,-1,13.913088,1,13.970432
1785,16,16,-1,-1,-1,-1,-1,13.881344,1,13.947904
1786,16,16,-1,-1,-1,-1,-1,13.90592,1,13.949952
1787,16,1024,-1,-1,-1,-1,-1,-1,0,70.404099
1788,16,16,-1,-1,-1,-1,-1,14.002176,1,14.067712
1789,16,1024,-1,-1,-1,-1,-1,-1,0,70.547455
1790,16,16,-1,-1,-1,-1,-1,13.98272,1,14.048256
1791,16,16,-1,-1,-1,-1,-1,13.955072,1,14.020608
1792,16,16,-1,-1,-1,-1,-1,13.894656,1,13.960192
1793,16,16,-1,-1,-1,-1,-1,13.907968,1,13.952
1794,16,16,-1,-1,-1,-1,-1,13.891584,1,13.956096
1795,16,16,-1,-1,-1,-1,-1,13.88544,1,13.950976
1796,16,16,-1,-1,-1,-1,-1,13.88032,1,13.924352
1797,16,1023,-1,-1,-1,-1,-1,-1,0,70.117378
1798,16,16,-1,-1,-1,-1,-1,14.03904,1,14.1056
1799,16,16,-1,-1,-1,-1,-1,13.966336,1,14.032896
1800,16,16,-1,-1,-1,-1,-1,13.886464,1,13.954048
1801,16,16,-1,-1,-1,-1,-1,13.938688,1,14.004224
1802,16,16,-1,-1,-1,-1,-1,13.88544,1,13.929472
1803,16,16,-1,-1,-1,-1,-1,13.88544,1,13.949952
1804,16,16,-1,-1,-1,-1,-1,13.836288,1,13.893632
1805,16,16,-1,-1,-1,-1,-1,13.886464,1,13.953024
1806,16,16,-1,-1,-1,-1,-1,13.838336,1,13.894656
1807,16,1023,-1,-1,-1,-1,-1,-1,0,70.342659
1808,16,16,-1,-1,-1,-1,-1,13.933568,1,13.999104
1809,16,16,-1,-1,-1,-1,-1,13.919232,1,13.964288
1810,16,16,-1,-1,-1,-1,-1,13.857792,1,13.902848
1811,16,16,-1,-1,-1,-1,-1,13.882368,1,13.940736
1812,16,16,-1,-1,-1,-1,-1,13.86496,1,13.910016
1813,16,16,-1,-1,-1,-1,-1,13.901824,1,13.945856
1814,16,16,-1,-1,-1,-1,-1,13.85984,1,13.925376
1815,16,1024,-1,-1,-1,-1,-1,-1,0,70.363136
1816,16,16,-1,-1,-1,-1,-1,13.999104,1,14.06464
1817,16,16,-1,-1,-1,-1,-1,13.95712,1,14.02368
1818,16,16,-1,-1,-1,-1,-1,13.908992,1,13.953024
1819,16,16,-1,-1,-1,-1,-1,13.857792,1,13.923328
1820,16,16,-1,-1,-1,-1,-1,13.88032,1,13.944832
1821,16,16,-1,-1,-1,-1,-1,13.898752,1,13.965312
1822,16,1024,-1,-1,-1,-1,-1,-1,0,70.039551
1823,16,16,-1,-1,-1,-1,-1,13.970432,1,14.036992
1824,16,16,-1,-1,-1,-1,-1,13.961216,1,14.029824
1825,16,16,-1,-1,-1,-1,-1,13.908992,1,13.953024
1826,16,16,-1,-1,-1,-1,-1,13.893632,1,13.937664
1827,16,16,-1,-1,-1,-1,-1,13.850624,1,13.91616
1828,16,16,-1,-1,-1,-1,-1,13.896704,1,13.940736
1829,16,16,-1,-1,-1,-1,-1,13.892608,1,13.93664
1830,16,16,-1,-1,-1,-1,-1,13.881344,1,13.945856
1831,16,16,-1,-1,-1,-1,-1,13.886464,1,13.953024
1832,16,16,-1,-1,-1,-1,-1,13.88032,1,13.93664
1833,16,16,-1,-1,-1,-1,-1,13.852672,1,13.896704
1834,16,16,-1,-1,-1,-1,-1,13.922304,1,13.965312
1835,16,16,-1,-1,-1,-1,-1,13.824,1,13.886464
1836,16,16,-1,-1,-1,-1,-1,13.837312,1,13.903872
1837,16,16,-1,-1,-1,-1,-1,13.86496,1,13.929472
1838,16,16,-1,-1,-1,-1,-1,13.858816,1,13.91616
1839,16,16,-1,-1,-1,-1,-1,13.893632,1,13.959168
1840,16,16,-1,-1,-1,-1,-1,13.893632,1,13.952
1841,16,16,-1,-1,-1,-1,-1,13.874176,1,13.918208
1842,16,16,-1,-1,-1,-1,-1,13.892608,1,13.934592
1843,16,16,-1,-1,-1,-1,-1,13.891584,1,13.956096
1844,16,16,-1,-1,-1,-1,-1,13.881344,1,13.923328
1845,16,16,-1,-1,-1,-1,-1,13.91104,1,13.954048
1846,16,16,-1,-1,-1,-1,-1,13.9008,1,13.956096
1847,16,16,-1,-1,-1,-1,-1,13.894656,1,13.96224
1848,16,16,-1,-1,-1,-1,-1,13.898752,1,13.963264
1849,16,16,-1,-1,-1,-1,-1,13.918208,1,13.961216
1850,16,16,-1,-1,-1,-1,-1,13.904896,1,13.948928
1851,16,16,-1,-1,-1,-1,-1,13.898752,1,13.954048
1852,16,16,-1,-1,-1,-1,-1,13.922304,1,14.006272
1853,16,16,-1,-1,-1,-1,-1,13.898752,1,13.963264
1854,16,16,-1,-1,-1,-1,-1,13.91616,1,13.98272
1855,16,16,-1,-1,-1,-1,-1,13.894656,1,13.950976
1856,16,16,-1,-1,-1,-1,-1,13.924352,1,13.989888
1857,16,16,-1,-1,-1,-1,-1,13.88544,1,13.9264
1858,16,16,-1,-1,-1,-1,-1,13.89056,1,13.934592
1859,16,16,-1,-1,-1,-1,-1,13.927424,1,13.98272
1860,16,1024,-1,-1,-1,-1,-1,-1,0,69.953537
1861,16,16,-1,-1,-1,-1,-1,14.024704,1,14.067712
1862,16,16,-1,-1,-1,-1,-1,13.990912,1,14.057472
1863,16,16,-1,-1,-1,-1,-1,13.930496,1,13.988864
1864,16,16,-1,-1,-1,-1,-1,13.948928,1,14.015488
1865,16,16,-1,-1,-1,-1,-1,13.942784,1,13.98784
1866,16,16,-1,-1,-1,-1,-1,13.968384,1,14.014464
1867,16,16,-1,-1,-1,-1,-1,13.956096,1,14.019584
1868,16,1024,-1,-1,-1,-1,-1,-1,0,70.142975
1869,16,1024,-1,-1,-1,-1,-1,-1,0,71.270401
1870,16,16,-1,-1,-1,-1,-1,14.050304,1,14.116864
1871,16,1024,-1,-1,-1,-1,-1,-1,0,69.951485
1872,16,16,-1,-1,-1,-1,-1,13.990912,1,14.048256
1873,16,16,-1,-1,-1,-1,-1,13.960192,1,14.006272
1874,16,16,-1,-1,-1,-1,-1,13.958144,1,14.002176
1875,16,16,-1,-1,-1,-1,-1,13.906944,1,13.964288
1876,16,16,-1,-1,-1,-1,-1,13.947904,1,14.01344
1877,16,16,-1,-1,-1,-1,-1,13.920256,1,13.964288
1878,16,16,-1,-1,-1,-1,-1,13.93664,1,14.0032
1879,16,1024,-1,-1,-1,-1,-1,-1,0,70.188034
1880,16,16,-1,-1,-1,-1,-1,14.060544,1,14.127104
1881,16,16,-1,-1,-1,-1,-1,14.016512,1,14.061568
1882,16,16,-1,-1,-1,-1,-1,13.978624,1,14.02368
1883,16,16,-1,-1,-1,-1,-1,13.959168,1,14.02368
1884,16,16,-1,-1,-1,-1,-1,13.925376,1,13.990912
1885,16,16,-1,-1,-1,-1,-1,13.944832,1,14.011392
1886,16,16,-1,-1,-1,-1,-1,13.899776,1,13.95712
1887,16,16,-1,-1,-1,-1,-1,13.908992,1,13.975552
1888,16,16,-1,-1,-1,-1,-1,13.919232,1,13.985792
1889,16,1023,-1,-1,-1,-1,-1,-1,0,70.092796
1890,16,16,-1,-1,-1,-1,-1,14.057472,1,14.124032
1891,16,16,-1,-1,-1,-1,-1,13.990912,1,14.057472
1892,16,1024,-1,-1,-1,-1,-1,-1,0,70.373375
1893,16,16,-1,-1,-1,-1,-1,13.996032,1,14.040064
1894,16,16,-1,-1,-1,-1,-1,13.896704,1,13.963264
1895,16,1024,-1,-1,-1,-1,-1,-1,0,70.141953
1896,16,16,-1,-1,-1,-1,-1,14.056448,1,14.101504
1897,16,16,-1,-1,-1,-1,-1,13.98272,1,14.026752
1898,16,1023,-1,-1,-1,-1,-1,-1,0,70.457344
1899,16,16,-1,-1,-1,-1,-1,14.022656,1,14.089216
1900,16,16,-1,-1,-1,-1,-1,13.965312,1,14.030848
1901,16,1024,-1,-1,-1,-1,-1,-1,0,70.804482
1902,16,16,-1,-1,-1,-1,-1,14.007296,1,14.072832
1903,16,16,-1,-1,-1,-1,-1,13.917184,1,13.975552
1904,16,16,-1,-1,-1,-1,-1,13.865984,1,13.93152
1905,16,16,-1,-1,-1,-1,-1,13.907968,1,13.952
1906,16,16,-1,-1,-1,-1,-1,13.9008,1,13.965312
1907,16,16,-1,-1,-1,-1,-1,13.88544,1,13.928448
1908,16,16,-1,-1,-1,-1,-1,13.879296,1,13.937664
1909,16,1024,-1,-1,-1,-1,-1,-1,0,69.968895
1910,16,16,-1,-1,-1,-1,-1,13.991936,1,14.057472
1911,16,16,-1,-1,-1,-1,-1,13.888512,1,13.956096
1912,16,16,-1,-1,-1,-1,-1,13.923328,1,13.96736
1913,16,1024,-1,-1,-1,-1,-1,-1,0,69.951485
1914,16,16,-1,-1,-1,-1,-1,13.99296,1,14.035968
1915,16,1008,-1,-1,-1,-1,-1,-1,0,70.461441
1916,16,16,-1,-1,-1,-1,-1,13.975552,1,14.042112
1917,16,16,-1,-1,-1,-1,-1,13.950976,1,14.01856
1918,16,16,-1,-1,-1,-1,-1,13.886464,1,13.953024
1919,16,16,-1,-1,-1,-1,-1,13.876224,1,13.942784
1920,16,16,-1,-1,-1,-1,-1,13.88032,1,13.938688
1921,16,16,-1,-1,-1,-1,-1,13.898752,1,13.94176
1922,16,16,-1,-1,-1,-1,-1,13.882368,1,13.947904
1923,16,16,-1,-1,-1,-1,-1,13.869056,1,13.912064
1924,16,1024,-1,-1,-1,-1,-1,-1,0,69.982208
1925,16,16,-1,-1,-1,-1,-1,14.001152,1,14.066688
1926,16,16,-1,-1,-1,-1,-1,13.943808,1,13.989888
1927,16,16,-1,-1,-1,-1,-1,13.920256,1,13.98784
1928,16,16,-1,-1,-1,-1,-1,13.878272,1,13.923328
1929,16,16,-1,-1,-1,-1,-1,13.908992,1,13.974528
1930,16,16,-1,-1,-1,-1,-1,13.901824,1,13.94688
1931,16,16,-1,-1,-1,-1,-1,13.889536,1,13.956096
1932,16,16,-1,-1,-1,-1,-1,13.856768,1,13.915136
1933,16,16,-1,-1,-1,-1,-1,13.861888,1,13.92128
1934,16,16,-1,-1,-1,-1,-1,13.88032,1,13.944832
1935,16,16,-1,-1,-1,-1,-1,13.889536,1,13.94688
1936,16,16,-1,-1,-1,-1,-1,13.858816,1,13.903872
1937,16,16,-1,-1,-1,-1,-1,13.884416,1,13.928448
1938,16,1024,-1,-1,-1,-1,-1,-1,0,69.959679
1939,16,16,-1,-1,-1,-1,-1,13.988864,1,14.032896
1940,16,16,-1,-1,-1,-1,-1,13.93152,1,13.999104
1941,16,16,-1,-1,-1,-1,-1,13.89568,1,13.953024
1942,16,16,-1,-1,-1,-1,-1,13.89568,1,13.939712
1943,16,16,-1,-1,-1,-1,-1,13.889536,1,13.956096
1944,16,16,-1,-1,-1,-1,-1,13.9008,1,13.945856
1945,16,16,-1,-1,-1,-1,-1,13.856768,1,13.923328
1946,16,16,-1,-1,-1,-1,-1,13.915136,1,13.959168
1947,16,16,-1,-1,-1,-1,-1,13.841408,1,13.907968
1948,16,16,-1,-1,-1,-1,-1,13.85472,1,13.918208
1949,16,16,-1,-1,-1,-1,-1,13.884416,1,13.950976
1950,16,16,-1,-1,-1,-1,-1,13.82912,1,13.894656
1951,16,16,-1,-1,-1,-1,-1,13.88032,1,13.943808
1952,16,16,-1,-1,-1,-1,-1,13.841408,1,13.88544
1953,16,16,-1,-1,-1,-1,-1,13.886464,1,13.930496
1954,16,16,-1,-1,-1,-1,-1,13.867008,1,13.923328
1955,16,16,-1,-1,-1,-1,-1,13.861888,1,13.904896
1956,16,1024,-1,-1,-1,-1,-1,-1,0,69.873665
1957,16,16,-1,-1,-1,-1,-1,14.010368,1,14.075904
1958,16,16,-1,-1,-1,-1,-1,13.943808,1,13.988864
1959,16,16,-1,-1,-1,-1,-1,13.928448,1,13.996032
1960,16,16,-1,-1,-1,-1,-1,13.91616,1,13.960192
1961,16,16,-1,-1,-1,-1,-1,13.908992,1,13.966336
1962,16,16,-1,-1,-1,-1,-1,13.9264,1,13.970432
1963,16,16,-1,-1,-1,-1,-1,13.904896,1,13.971456
1964,16,16,-1,-1,-1,-1,-1,13.9264,1,13.99296
1965,16,16,-1,-1,-1,-1,-1,13.887488,1,13.953024
1966,16,16,-1,-1,-1,-1,-1,13.886464,1,13.928448
1967,16,16,-1,-1,-1,-1,-1,13.89568,1,13.960192
1968,16,16,-1,-1,-1,-1,-1,13.848576,1,13.891584
1969,16,16,-1,-1,-1,-1,-1,13.881344,1,13.924352
1970,16,16,-1,-1,-1,-1,-1,13.89056,1,13.95712
1971,16,16,-1,-1,-1,-1,-1,13.898752,1,13.94176
1972,16,16,-1,-1,-1,-1,-1,13.857792,1,13.924352
1973,16,16,-1,-1,-1,-1,-1,13.882368,1,13.938688
1974,16,16,-1,-1,-1,-1,-1,13.894656,1,13.938688
1975,16,16,-1,-1,-1,-1,-1,13.940736,1,14.000128
1976,16,16,-1,-1,-1,-1,-1,13.891584,1,13.935616
1977,16,16,-1,-1,-1,-1,-1,13.927424,1,13.991936
1978,16,16,-1,-1,-1,-1,-1,13.91104,1,13.956096
1979,16,16,-1,-1,-1,-1,-1,13.915136,1,13.979648
1980,16,16,-1,-1,-1,-1,-1,13.932544,1,13.990912
1981,16,1024,-1,-1,-1,-1,-1,-1,0,70.070274
1982,16,16,-1,-1,-1,-1,-1,14.070784,1,14.114816
1983,16,16,-1,-1,-1,-1,-1,13.980672,1,14.046208
1984,16,16,-1,-1,-1,-1,-1,13.96224,1,14.006272
1985,16,16,-1,-1,-1,-1,-1,13.985792,1,14.029824
1986,16,16,-1,-1,-1,-1,-1,13.97248,1,14.030848
1987,16,16,-1,-1,-1,-1,-1,13.953024,1,13.997056
1988,16,16,-1,-1,-1,-1,-1,13.952,1,14.017536
1989,16,1024,-1,-1,-1,-1,-1,-1,0,70.085632
1990,16,16,-1,-1,-1,-1,-1,14.048256,1,14.091264
1991,16,16,-1,-1,-1,-1,-1,13.956096,1,14.022656
1992,16,16,-1,-1,-1,-1,-1,13.945856,1,13.990912
1993,16,16,-1,-1,-1,-1,-1,13.902848,1,13.969408
1994,16,1024,-1,-1,-1,-1,-1,-1,0,70.301697
1995,16,16,-1,-1,-1,-1,-1,13.993984,1,14.060544
1996,16,16,-1,-1,-1,-1,-1,13.96736,1,14.01344
1997,16,16,-1,-1,-1,-1,-1,13.925376,1,13.993984
1998,16,16,-1,-1,-1,-1,-1,13.94176,1,13.985792
1999,16,16,-1,-1,-1,-1,-1,13.871104,1,13.935616
2000,16,16,-1,-1,-1,-1,-1,13.924352,1,13.96736
2001,16,1024,-1,-1,-1,-1,-1,-1,0,70.233086
2002,16,16,-1,-1,-1,-1,-1,14.038016,1,14.104576
2003,16,1024,-1,-1,-1,-1,-1,-1,0,70.407166
2004,16,16,-1,-1,-1,-1,-1,13.99296,1,14.05952
2005,16,16,-1,-1,-1,-1,-1,13.966336,1,14.03392
2006,16,16,-1,-1,-1,-1,-1,13.948928,1,13.99296
2007,16,16,-1,-1,-1,-1,-1,13.9008,1,13.966336
2008,16,16,-1,-1,-1,-1,-1,13.949952,1,13.993984
2009,16,16,-1,-1,-1,-1,-1,13.90592,1,13.971456
2010,16,16,-1,-1,-1,-1,-1,13.94688,1,14.012416
2011,16,2032,-1,-1,-1,-1,-1,-1,0,129.535995
2012,16,16,-1,-1,-1,-1,-1,14.108672,1,14.153728
2013,16,16,-1,-1,-1,-1,-1,13.988864,1,14.056448
2014,16,1024,-1,-1,-1,-1,-1,-1,0,70.351875
2015,16,16,-1,-1,-1,-1,-1,14.012416,1,14.056448
2016,16,16,-1,-1,-1,-1,-1,13.959168,1,14.004224
2017,16,16,-1,-1,-1,-1,-1,13.947904,1,14.01344
2018,16,16,-1,-1,-1,-1,-1,13.897728,1,13.961216
2019,16,16,-1,-1,-1,-1,-1,13.9008,1,13.96736
2020,16,16,-1,-1,-1,-1,-1,13.93152,1,13.999104
2021,16,1024,-1,-1,-1,-1,-1,-1,0,70.447105
2022,16,16,-1,-1,-1,-1,-1,13.991936,1,14.035968
2023,16,16,-1,-1,-1,-1,-1,13.947904,1,13.99296
2024,16,1024,-1,-1,-1,-1,-1,-1,0,70.508545
2025,16,16,-1,-1,-1,-1,-1,13.983744,1,14.042112
2026,16,16,-1,-1,-1,-1,-1,13.899776,1,13.966336
2027,16,16,-1,-1,-1,-1,-1,13.903872,1,13.961216
2028,16,16,-1,-1,-1,-1,-1,13.9008,1,13.943808
2029,16,16,-1,-1,-1,-1,-1,13.893632,1,13.950976
2030,16,16,-1,-1,-1,-1,-1,13.903872,1,13.961216
2031,16,16,-1,-1,-1,-1,-1,13.902848,1,13.945856
2032,16,16,-1,-1,-1,-1,-1,13.896704,1,13.940736
2033,16,16,-1,-1,-1,-1,-1,13.856768,1,13.922304
2034,16,16,-1,-1,-1,-1,-1,13.902848,1,13.96736
2035,16,16,-1,-1,-1,-1,-1,13.850624,1,13.914112
2036,16,1024,-1,-1,-1,-1,-1,-1,0,69.751808
2037,16,16,-1,-1,-1,-1,-1,13.974528,1,14.041088
2038,16,16,-1,-1,-1,-1,-1,13.98272,1,14.027776
2039,16,1024,-1,-1,-1,-1,-1,-1,0,70.465538
2040,16,16,-1,-1,-1,-1,-1,13.964288,1,14.031872
2041,16,16,-1,-1,-1,-1,-1,14.007296,1,14.052352
2042,16,16,-1,-1,-1,-1,-1,13.887488,1,13.953024
2043,16,1024,-1,-1,-1,-1,-1,-1,0,70.309891
2044,16,16,-1,-1,-1,-1,-1,14.031872,1,14.075904
2045,16,16,-1,-1,-1,-1,-1,13.94176,1,14.00832
2046,16,16,-1,-1,-1,-1,-1,13.894656,1,13.960192
2047,16,16,-1,-1,-1,-1,-1,13.8752,1,13.918208
2048,16,16,-1,-1,-1,-1,-1,13.891584,1,13.935616
2049,16,16,-1,-1,-1,-1,-1,13.898752,1,13.964288
2050,16,16,-1,-1,-1,-1,-1,13.848576,1,13.917184
2051,16,16,-1,-1,-1,-1,-1,13.847552,1,13.914112
2052,16,16,-1,-1,-1,-1,-1,13.814784,1,13.882368
2053,16,16,-1,-1,-1,-1,-1,13.831168,1,13.898752
2054,16,16,-1,-1,-1,-1,-1,13.846528,1,13.89056
2055,16,16,-1,-1,-1,-1,-1,13.873152,1,13.939712
2056,16,1024,-1,-1,-1,-1,-1,-1,0,69.718018
2057,16,16,-1,-1,-1,-1,-1,13.934592,1,13.9776
2058,16,16,-1,-1,-1,-1,-1,13.95712,1,14.02368
2059,16,16,-1,-1,-1,-1,-1,13.922304,1,13.980672
2060,16,16,-1,-1,-1,-1,-1,13.898752,1,13.943808
2061,16,16,-1,-1,-1,-1,-1,13.922304,1,13.985792
2062,16,16,-1,-1,-1,-1,-1,13.853696,1,13.918208
2063,16,16,-1,-1,-1,-1,-1,13.882368,1,13.925376
2064,16,16,-1,-1,-1,-1,-1,13.89568,1,13.937664
2065,16,16,-1,-1,-1,-1,-1,13.918208,1,13.983744
2066,16,16,-1,-1,-1,-1,-1,13.841408,1,13.906944
2067,16,16,-1,-1,-1,-1,-1,13.836288,1,13.902848
2068,16,16,-1,-1,-1,-1,-1,13.879296,1,13.945856
2069,16,16,-1,-1,-1,-1,-1,13.851648,1,13.908992
2070,16,16,-1,-1,-1,-1,-1,13.833216,1,13.878272
2071,16,16,-1,-1,-1,-1,-1,13.865984,1,13.923328
2072,16,16,-1,-1,-1,-1,-1,13.877248,1,13.942784
2073,16,16,-1,-1,-1,-1,-1,13.872128,1,13.917184
2074,16,16,-1,-1,-1,-1,-1,13.902848,1,13.958144
2075,16,16,-1,-1,-1,-1,-1,13.8752,1,13.940736
2076,16,16,-1,-1,-1,-1,-1,13.90592,1,13.949952
2077,16,16,-1,-1,-1,-1,-1,13.899776,1,13.963264
2078,16,1024,-1,-1,-1,-1,-1,-1,0,69.707779
2079,16,16,-1,-1,-1,-1,-1,14.032896,1,14.076928
2080,16,16,-1,-1,-1,-1,-1,13.953024,1,13.99808
2081,16,16,-1,-1,-1,-1,-1,13.88544,1,13.949952
2082,16,16,-1,-1,-1,-1,-1,13.906944,1,13.963264
2083,16,16,-1,-1,-1,-1,-1,13.898752,1,13.96224
2084,16,16,-1,-1,-1,-1,-1,13.910016,1,13.975552
2085,16,1024,-1,-1,-1,-1,-1,-1,0,69.956612
2086,16,16,-1,-1,-1,-1,-1,14.000128,1,14.04416
2087,16,16,-1,-1,-1,-1,-1,13.9776,1,14.03392
2088,16,16,-1,-1,-1,-1,-1,13.971456,1,14.038016
2089,16,16,-1,-1,-1,-1,-1,13.937664,1,13.980672
2090,16,16,-1,-1,-1,-1,-1,13.93664,1,14.002176
2091,16,16,-1,-1,-1,-1,-1,13.92128,1,13.978624
2092,16,16,-1,-1,-1,-1,-1,13.965312,1,14.00832
2093,16,16,-1,-1,-1,-1,-1,13.918208,1,13.974528
2094,16,16,-1,-1,-1,-1,-1,13.937664,1,13.993984
2095,16,16,-1,-1,-1,-1,-1,13.868032,1,13.91104
2096,16,16,-1,-1,-1,-1,-1,13.912064,1,13.956096
2097,16,16,-1,-1,-1,-1,-1,13.924352,1,13.988864
2098,16,16,-1,-1,-1,-1,-1,13.934592,1,13.9776
2099,16,16,-1,-1,-1,-1,-1,13.910016,1,13.974528
2100,16,16,-1,-1,-1,-1,-1,13.932544,1,13.995008
2101,16,1024,-1,-1,-1,-1,-1,-1,0,69.780479
2102,16,16,-1,-1,-1,-1,-1,13.997056,1,14.042112
2103,16,16,-1,-1,-1,-1,-1,13.959168,1,14.016512
2104,16,16,-1,-1,-1,-1,-1,13.980672,1,14.040064
2105,16,16,-1,-1,-1,-1,-1,13.958144,1,14.002176
2106,16,16,-1,-1,-1,-1,-1,13.945856,1,14.0032
2107,16,16,-1,-1,-1,-1,-1,13.933568,1,14.001152
2108,16,16,-1,-1,-1,-1,-1,13.944832,1,13.989888
2109,16,1024,-1,-1,-1,-1,-1,-1,0,69.776382
2110,16,16,-1,-1,-1,-1,-1,13.98784,1,14.0544
2111,16,16,-1,-1,-1,-1,-1,14.000128,1,14.043136
2112,16,16,-1,-1,-1,-1,-1,13.947904,1,13.991936
2113,16,16,-1,-1,-1,-1,-1,13.960192,1,14.025728
2114,16,16,-1,-1,-1,-1,-1,13.93664,1,13.978624
2115,16,16,-1,-1,-1,-1,-1,13.886464,1,13.943808
2116,16,16,-1,-1,-1,-1,-1,13.919232,1,13.984768
2117,16,16,-1,-1,-1,-1,-1,13.943808,1,14.009344
2118,16,16,-1,-1,-1,-1,-1,13.886464,1,13.933568
2119,16,16,-1,-1,-1,-1,-1,13.92128,1,13.98784
2120,16,16,-1,-1,-1,-1,-1,13.908992,1,13.973504
2121,16,16,-1,-1,-1,-1,-1,13.949952,1,13.99296
2122,16,16,-1,-1,-1,-1,-1,13.855744,1,13.920256
2123,16,16,-1,-1,-1,-1,-1,13.838336,1,13.902848
2124,16,1024,-1,-1,-1,-1,-1,-1,0,69.727234
2125,16,2031,-1,-1,-1,-1,-1,-1,0,131.564545
2126,16,16,-1,-1,-1,-1,-1,14.121984,1,14.189568
2127,16,16,-1,-1,-1,-1,-1,13.978624,1,14.024704
2128,16,16,-1,-1,-1,-1,-1,13.983744,1,14.0288
2129,16,1024,-1,-1,-1,-1,-1,-1,0,70.42765
2130,16,16,-1,-1,-1,-1,-1,14.016512,1,14.05952
2131,16,16,-1,-1,-1,-1,-1,13.955072,1,13.999104
2132,16,16,-1,-1,-1,-1,-1,13.952,1,14.01856
2133,16,16,-1,-1,-1,-1,-1,13.917184,1,13.975552
2134,16,16,-1,-1,-1,-1,-1,13.92128,1,13.965312
2135,16,16,-1,-1,-1,-1,-1,13.927424,1,13.99296
2136,16,1024,-1,-1,-1,-1,-1,-1,0,69.992447
2137,16,16,-1,-1,-1,-1,-1,13.978624,1,14.022656
2138,16,16,-1,-1,-1,-1,-1,13.961216,1,14.005248
2139,16,16,-1,-1,-1,-1,-1,13.924352,1,13.990912
2140,16,16,-1,-1,-1,-1,-1,13.891584,1,13.948928
2141,16,16,-1,-1,-1,-1,-1,13.897728,1,13.964288
2142,16,16,-1,-1,-1,-1,-1,13.888512,1,13.956096
2143,16,1024,-1,-1,-1,-1,-1,-1,0,70.079491
2144,16,1024,-1,-1,-1,-1,-1,-1,0,72.138756
2145,16,16,-1,-1,-1,-1,-1,13.979648,1,14.035968
2146,16,16,-1,-1,-1,-1,-1,13.91104,1,13.956096
2147,16,16,-1,-1,-1,-1,-1,13.930496,1,13.973504
2148,16,16,-1,-1,-1,-1,-1,13.89568,1,13.961216
2149,16,16,-1,-1,-1,-1,-1,13.872128,1,13.929472
2150,16,16,-1,-1,-1,-1,-1,13.903872,1,13.94688
2151,16,16,-1,-1,-1,-1,-1,13.91616,1,13.981696
2152,16,16,-1,-1,-1,-1,-1,13.868032,1,13.934592
2153,16,1023,-1,-1,-1,-1,-1,-1,0,70.118401
2154,16,16,-1,-1,-1,-1,-1,13.974528,1,14.040064
2155,16,16,-1,-1,-1,-1,-1,13.887488,1,13.954048
2156,16,2032,-1,-1,-1,-1,-1,-1,0,129.32608
2157,16,16,-1,-1,-1,-1,-1,14.029824,1,14.096384
2158,16,16,-1,-1,-1,-1,-1,13.954048,1,14.012416
2159,16,16,-1,-1,-1,-1,-1,13.88544,1,13.952
2160,16,16,-1,-1,-1,-1,-1,13.879296,1,13.937664
2161,16,16,-1,-1,-1,-1,-1,13.91104,1,13.976576
2162,16,16,-1,-1,-1,-1,-1,13.901824,1,13.945856
2163,16,16,-1,-1,-1,-1,-1,13.90592,1,13.949952
2164,16,16,-1,-1,-1,-1,-1,13.878272,1,13.923328
2165,16,16,-1,-1,-1,-1,-1,13.90592,1,13.97248
2166,16,16,-1,-1,-1,-1,-1,13.842432,1,13.88544
2167,16,16,-1,-1,-1,-1,-1,13.85984,1,13.923328
2168,16,16,-1,-1,-1,-1,-1,13.877248,1,13.942784
2169,16,16,-1,-1,-1,-1,-1,13.816832,1,13.858816
2170,16,16,-1,-1,-1,-1,-1,13.857792,1,13.91616
2171,16,16,-1,-1,-1,-1,-1,13.863936,1,13.907968
2172,16,16,-1,-1,-1,-1,-1,13.865984,1,13.932544
2173,16,16,-1,-1,-1,-1,-1,13.865984,1,13.929472
2174,16,16,-1,-1,-1,-1,-1,13.867008,1,13.933568
2175,16,16,-1,-1,-1,-1,-1,13.883392,1,13.948928
2176,16,16,-1,-1,-1,-1,-1,13.860864,1,13.919232
2177,16,16,-1,-1,-1,-1,-1,13.868032,1,13.932544
2178,16,16,-1,-1,-1,-1,-1,13.881344,1,13.923328
2179,16,16,-1,-1,-1,-1,-1,13.87008,1,13.913088
2180,16,16,-1,-1,-1,-1,-1,13.88544,1,13.928448
2181,16,16,-1,-1,-1,-1,-1,13.855744,1,13.92128
2182,16,1024,-1,-1,-1,-1,-1,-1,0,69.844994
2183,16,16,-1,-1,-1,-1,-1,14.0288,1,14.094336
2184,16,16,-1,-1,-1,-1,-1,13.975552,1,14.042112
2185,16,1024,-1,-1,-1,-1,-1,-1,0,70.377472
2186,16,16,-1,-1,-1,-1,-1,14.052352,1,14.117888
2187,16,16,-1,-1,-1,-1,-1,13.9264,1,13.970432
2188,16,16,-1,-1,-1,-1,-1,13.959168,1,14.026752
2189,16,16,-1,-1,-1,-1,-1,13.935616,1,14.0032
2190,16,16,-1,-1,-1,-1,-1,13.891584,1,13.956096
2191,16,16,-1,-1,-1,-1,-1,13.884416,1,13.948928
2192,16,16,-1,-1,-1,-1,-1,13.928448,1,13.985792
2193,16,16,-1,-1,-1,-1,-1,13.920256,1,13.993984
2194,16,16,-1,-1,-1,-1,-1,13.929472,1,13.974528
2195,16,16,-1,-1,-1,-1,-1,13.903872,1,13.947904
2196,16,16,-1,-1,-1,-1,-1,13.865984,1,13.908992
2197,16,1024,-1,-1,-1,-1,-1,-1,0,70.060036
2198,16,16,-1,-1,-1,-1,-1,14.043136,1,14.107648
2199,16,16,-1,-1,-1,-1,-1,14.029824,1,14.073856
2200,16,16,-1,-1,-1,-1,-1,13.96736,1,14.031872
2201,16,16,-1,-1,-1,-1,-1,13.9008,1,13.958144
2202,16,16,-1,-1,-1,-1,-1,13.882368,1,13.947904
2203,16,16,-1,-1,-1,-1,-1,13.918208,1,13.96224
2204,16,16,-1,-1,-1,-1,-1,13.9264,1,13.991936
2205,16,16,-1,-1,-1,-1,-1,13.929472,1,13.98784
2206,16,16,-1,-1,-1,-1,-1,13.897728,1,13.963264
2207,16,16,-1,-1,-1,-1,-1,13.879296,1,13.943808
2208,16,16,-1,-1,-1,-1,-1,13.857792,1,13.922304
2209,16,16,-1,-1,-1,-1,-1,13.898752,1,13.963264
2210,16,16,-1,-1,-1,-1,-1,13.93152,1,13.974528
2211,16,16,-1,-1,-1,-1,-1,13.886464,1,13.929472
2212,16,16,-1,-1,-1,-1,-1,13.915136,1,13.958144
2213,16,16,-1,-1,-1,-1,-1,13.932544,1,13.988864
2214,16,16,-1,-1,-1,-1,-1,13.87008,1,13.935616
2215,16,16,-1,-1,-1,-1,-1,13.893632,1,13.937664
2216,16,16,-1,-1,-1,-1,-1,13.917184,1,13.974528
2217,16,1024,-1,-1,-1,-1,-1,-1,0,69.915649
2218,16,16,-1,-1,-1,-1,-1,14.012416,1,14.08
2219,16,16,-1,-1,-1,-1,-1,13.99296,1,14.038016
2220,16,16,-1,-1,-1,-1,-1,13.930496,1,13.997056
2221,16,16,-1,-1,-1,-1,-1,13.919232,1,13.98784
2222,16,16,-1,-1,-1,-1,-1,13.93152,1,13.989888
2223,16,1024,-1,-1,-1,-1,-1,-1,0,70.295555
2224,16,16,-1,-1,-1,-1,-1,13.997056,1,14.061568
2225,16,16,-1,-1,-1,-1,-1,13.930496,1,13.997056
2226,16,16,-1,-1,-1,-1,-1,13.897728,1,13.942784
2227,16,16,-1,-1,-1,-1,-1,13.92128,1,13.965312
2228,16,16,-1,-1,-1,-1,-1,13.928448,1,13.971456
2229,16,16,-1,-1,-1,-1,-1,13.899776,1,13.966336
2230,16,16,-1,-1,-1,-1,-1,13.947904,1,14.011392
2231,16,16,-1,-1,-1,-1,-1,13.923328,1,13.966336
2232,16,16,-1,-1,-1,-1,-1,13.91104,1,13.975552
2233,16,16,-1,-1,-1,-1,-1,13.91616,1,13.98272
2234,16,16,-1,-1,-1,-1,-1,13.887488,1,13.952
2235,16,16,-1,-1,-1,-1,-1,13.87008,1,13.914112
2236,16,16,-1,-1,-1,-1,-1,13.884416,1,13.948928
2237,16,16,-1,-1,-1,-1,-1,13.9264,1,13.990912
2238,16,16,-1,-1,-1,-1,-1,13.91616,1,14.016512
2239,16,16,-1,-1,-1,-1,-1,13.901824,1,13.96736
2240,16,16,-1,-1,-1,-1,-1,13.913088,1,13.978624
2241,16,16,-1,-1,-1,-1,-1,13.922304,1,13.980672
2242,16,16,-1,-1,-1,-1,-1,13.91616,1,13.960192
2243,16,16,-1,-1,-1,-1,-1,13.93664,1,13.980672
2244,16,16,-1,-1,-1,-1,-1,13.910016,1,13.953024
2245,16,16,-1,-1,-1,-1,-1,13.939712,1,13.996032
2246,16,16,-1,-1,-1,-1,-1,13.933568,1,13.999104
2247,16,16,-1,-1,-1,-1,-1,13.899776,1,13.943808
2248,16,16,-1,-1,-1,-1,-1,13.920256,1,13.985792
2249,16,16,-1,-1,-1,-1,-1,13.902848,1,13.96224
2250,16,16,-1,-1,-1,-1,-1,13.910016,1,13.974528
2251,16,16,-1,-1,-1,-1,-1,13.94176,1,13.986816
2252,16,16,-1,-1,-1,-1,-1,13.883392,1,13.948928
2253,16,1024,-1,-1,-1,-1,-1,-1,0,69.999619
2254,16,1023,-1,-1,-1,-1,-1,-1,0,71.450623
2255,16,16,-1,-1,-1,-1,-1,14.034944,1,14.101504
2256,16,16,-1,-1,-1,-1,-1,13.981696,1,14.04928
2257,16,1024,-1,-1,-1,-1,-1,-1,0,70.283264
2258,16,1023,-1,-1,-1,-1,-1,-1,0,71.233536
2259,16,16,-1,-1,-1,-1,-1,13.99808,1,14.0544
2260,16,16,-1,-1,-1,-1,-1,13.953024,1,13.99808
2261,16,16,-1,-1,-1,-1,-1,13.913088,1,13.979648
2262,16,1024,-1,-1,-1,-1,-1,-1,0,70.112259
2263,16,16,-1,-1,-1,-1,-1,14.021632,1,14.066688
2264,16,1024,-1,-1,-1,-1,-1,-1,0,71.066628
2265,16,16,-1,-1,-1,-1,-1,14.027776,1,14.08512
2266,16,16,-1,-1,-1,-1,-1,13.958144,1,14.030848
2267,16,16,-1,-1,-1,-1,-1,13.88544,1,13.929472
2268,16,16,-1,-1,-1,-1,-1,13.9008,1,13.960192
2269,16,16,-1,-1,-1,-1,-1,13.888512,1,13.955072
2270,16,16,-1,-1,-1,-1,-1,13.876224,1,13.920256
2271,16,16,-1,-1,-1,-1,-1,13.881344,1,13.940736
2272,16,1024,-1,-1,-1,-1,-1,-1,0,70.121475
2273,16,16,-1,-1,-1,-1,-1,14.02368,1,14.09024
2274,16,992,-1,-1,-1,-1,-1,-1,0,70.274048
2275,16,16,-1,-1,-1,-1,-1,13.978624,1,14.04416
2276,16,16,-1,-1,-1,-1,-1,13.95712,1,14.002176
2277,16,16,-1,-1,-1,-1,-1,13.923328,1,13.98784
2278,16,1023,-1,-1,-1,-1,-1,-1,0,70.203392
2279,16,16,-1,-1,-1,-1,-1,13.98784,1,14.050304
2280,16,16,-1,-1,-1,-1,-1,13.918208,1,13.984768
2281,16,16,-1,-1,-1,-1,-1,13.918208,1,13.984768
2282,16,1024,-1,-1,-1,-1,-1,-1,0,70.167549
2283,16,16,-1,-1,-1,-1,-1,14.004224,1,14.04928
2284,16,16,-1,-1,-1,-1,-1,13.961216,1,14.0288
2285,16,1024,-1,-1,-1,-1,-1,-1,0,70.419456
2286,16,16,-1,-1,-1,-1,-1,13.98272,1,14.025728
2287,16,16,-1,-1,-1,-1,-1,13.966336,1,14.032896
2288,16,16,-1,-1,-1,-1,-1,13.938688,1,14.005248
2289,16,16,-1,-1,-1,-1,-1,13.894656,1,13.960192
2290,16,16,-1,-1,-1,-1,-1,13.852672,1,13.91104
2291,16,16,-1,-1,-1,-1,-1,13.92128,1,13.98784
2292,16,16,-1,-1,-1,-1,-1,13.906944,1,13.950976
2293,16,16,-1,-1,-1,-1,-1,13.889536,1,13.945856
2294,16,16,-1,-1,-1,-1,-1,13.89056,1,13.949952
2295,16,16,-1,-1,-1,-1,-1,13.8496,1,13.90592
2296,16,16,-1,-1,-1,-1,-1,13.868032,1,13.932544
2297,16,16,-1,-1,-1,-1,-1,13.83936,1,13.90592
2298,16,16,-1,-1,-1,-1,-1,13.893632,1,13.959168
2299,16,16,-1,-1,-1,-1,-1,13.83936,1,13.882368
2300,16,16,-1,-1,-1,-1,-1,13.837312,1,13.881344
2301,16,16,-1,-1,-1,-1,-1,13.881344,1,13.947904
2302,16,16,-1,-1,-1,-1,-1,13.860864,1,13.903872
2303,16,16,-1,-1,-1,-1,-1,13.860864,1,13.924352
2304,16,16,-1,-1,-1,-1,-1,13.883392,1,13.948928
2305,16,16,-1,-1,-1,-1,-1,13.879296,1,13.943808
2306,16,16,-1,-1,-1,-1,-1,13.853696,1,13.920256
2307,16,16,-1,-1,-1,-1,-1,13.893632,1,13.948928
2308,16,16,-1,-1,-1,-1,-1,13.865984,1,13.908992
2309,16,16,-1,-1,-1,-1,-1,13.924352,1,13.989888
2310,16,1024,-1,-1,-1,-1,-1,-1,0,69.749763
2311,16,16,-1,-1,-1,-1,-1,14.004224,1,14.070784
2312,16,16,-1,-1,-1,-1,-1,13.963264,1,14.0288
2313,16,16,-1,-1,-1,-1,-1,13.933568,1,14.001152
2314,16,16,-1,-1,-1,-1,-1,13.88544,1,13.949952
2315,16,16,-1,-1,-1,-1,-1,13.865984,1,13.908992
2316,16,16,-1,-1,-1,-1,-1,13.893632,1,13.938688
2317,16,16,-1,-1,-1,-1,-1,13.90592,1,13.97248
2318,16,16,-1,-1,-1,-1,-1,13.933568,1,13.975552
2319,16,16,-1,-1,-1,-1,-1,13.891584,1,13.958144
2320,16,16,-1,-1,-1,-1,-1,13.886464,1,13.950976
2321,16,16,-1,-1,-1,-1,-1,13.913088,1,13.979648
2322,16,16,-1,-1,-1,-1,-1,13.888512,1,13.953024
2323,16,16,-1,-1,-1,-1,-1,13.888512,1,13.954048
2324,16,16,-1,-1,-1,-1,-1,13.848576,1,13.892608
2325,16,16,-1,-1,-1,-1,-1,13.8496,1,13.906944
2326,16,16,-1,-1,-1,-1,-1,13.828096,1,13.893632
2327,16,16,-1,-1,-1,-1,-1,13.855744,1,13.92128
2328,16,16,-1,-1,-1,-1,-1,13.891584,1,13.958144
2329,16,1023,-1,-1,-1,-1,-1,-1,0,69.911552
2330,16,1024,-1,-1,-1,-1,-1,-1,0,71.459839
2331,16,16,-1,-1,-1,-1,-1,13.991936,1,14.035968
2332,16,16,-1,-1,-1,-1,-1,13.940736,1,13.985792
2333,16,16,-1,-1,-1,-1,-1,13.933568,1,14.002176
2334,16,1024,-1,-1,-1,-1,-1,-1,0,70.153214
2335,16,16,-1,-1,-1,-1,-1,14.009344,1,14.073856
2336,16,16,-1,-1,-1,-1,-1,13.99808,1,14.06464
2337,16,16,-1,-1,-1,-1,-1,13.95712,1,14.021632
2338,16,16,-1,-1,-1,-1,-1,13.91616,1,13.974528
2339,16,16,-1,-1,-1,-1,-1,13.88544,1,13.94176
2340,16,16,-1,-1,-1,-1,-1,13.893632,1,13.93664
2341,16,16,-1,-1,-1,-1,-1,13.884416,1,13.928448
2342,16,16,-1,-1,-1,-1,-1,13.939712,1,13.99808
2343,16,16,-1,-1,-1,-1,-1,13.914112,1,13.978624
2344,16,16,-1,-1,-1,-1,-1,13.89568,1,13.961216
2345,16,16,-1,-1,-1,-1,-1,13.906944,1,13.949952
2346,16,16,-1,-1,-1,-1,-1,13.915136,1,13.980672
2347,16,16,-1,-1,-1,-1,-1,13.889536,1,13.932544
2348,16,16,-1,-1,-1,-1,-1,13.8752,1,13.919232
2349,16,16,-1,-1,-1,-1,-1,13.923328,1,13.988864
2350,16,16,-1,-1,-1,-1,-1,13.89568,1,13.953024
2351,16,16,-1,-1,-1,-1,-1,13.869056,1,13.928448
2352,16,16,-1,-1,-1,-1,-1,13.897728,1,13.96224
2353,16,16,-1,-1,-1,-1,-1,13.888512,1,13.953024
2354,16,16,-1,-1,-1,-1,-1,13.903872,1,13.961216
2355,16,16,-1,-1,-1,-1,-1,13.845504,1,13.91104
2356,16,16,-1,-1,-1,-1,-1,13.8752,1,13.919232
2357,16,1024,-1,-1,-1,-1,-1,-1,0,69.885956
2358,16,16,-1,-1,-1,-1,-1,14.021632,1,14.078976
2359,16,16,-1,-1,-1,-1,-1,13.945856,1,14.011392
2360,16,16,-1,-1,-1,-1,-1,13.879296,1,13.944832
2361,16,16,-1,-1,-1,-1,-1,13.928448,1,13.97248
2362,16,16,-1,-1,-1,-1,-1,13.929472,1,13.996032
2363,16,16,-1,-1,-1,-1,-1,13.930496,1,13.973504
2364,16,16,-1,-1,-1,-1,-1,13.952,1,13.995008
2365,16,16,-1,-1,-1,-1,-1,13.939712,1,14.007296
2366,16,16,-1,-1,-1,-1,-1,13.91616,1,13.981696
2367,16,16,-1,-1,-1,-1,-1,13.914112,1,13.978624
2368,16,16,-1,-1,-1,-1,-1,13.912064,1,13.976576
2369,16,16,-1,-1,-1,-1,-1,13.93152,1,13.997056
2370,16,16,-1,-1,-1,-1,-1,13.924352,1,13.988864
2371,16,16,-1,-1,-1,-1,-1,13.937664,1,13.995008
2372,16,16,-1,-1,-1,-1,-1,13.906944,1,13.949952
2373,16,16,-1,-1,-1,-1,-1,13.948928,1,14.012416
2374,16,16,-1,-1,-1,-1,-1,13.93664,1,14.002176
2375,16,16,-1,-1,-1,-1,-1,13.88544,1,13.94176
2376,16,16,-1,-1,-1,-1,-1,13.922304,1,13.988864
2377,16,16,-1,-1,-1,-1,-1,13.925376,1,13.969408
2378,16,1024,-1,-1,-1,-1,-1,-1,0,69.721085
2379,16,16,-1,-1,-1,-1,-1,14.048256,1,14.092288
2380,16,16,-1,-1,-1,-1,-1,14.024704,1,14.068736
2381,16,16,-1,-1,-1,-1,-1,13.973504,1,14.03904
2382,16,1024,-1,-1,-1,-1,-1,-1,0,70.383614
2383,16,16,-1,-1,-1,-1,-1,14.026752,1,14.08512
2384,16,16,-1,-1,-1,-1,-1,14.002176,1,14.067712
2385,16,16,-1,-1,-1,-1,-1,13.965312,1,14.010368
2386,16,16,-1,-1,-1,-1,-1,13.920256,1,13.986816
2387,16,16,-1,-1,-1,-1,-1,13.914112,1,13.958144
2388,16,1024,-1,-1,-1,-1,-1,-1,0,70.467583
2389,16,1024,-1,-1,-1,-1,-1,-1,0,71.821312
2390,16,1024,-1,-1,-1,-1,-1,-1,0,71.396355
2391,16,16,-1,-1,-1,-1,-1,14.01344,1,14.077952
2392,16,16,-1,-1,-1,-1,-1,13.947904,1,14.01344
2393,16,16,-1,-1,-1,-1,-1,13.930496,1,13.974528
2394,16,1024,-1,-1,-1,-1,-1,-1,0,70.094849
2395,16,16,-1,-1,-1,-1,-1,14.025728,1,14.070784
2396,16,1024,-1,-1,-1,-1,-1,-1,0,70.649857
2397,16,16,-1,-1,-1,-1,-1,13.974528,1,14.040064
2398,16,16,-1,-1,-1,-1,-1,13.98784,1,14.047232
2399,16,16,-1,-1,-1,-1,-1,13.928448,1,13.97248
2400,16,16,-1,-1,-1,-1,-1,13.898752,1,13.943808
2401,16,16,-1,-1,-1,-1,-1,13.899776,1,13.943808
2402,16,16,-1,-1,-1,-1,-1,13.881344,1,13.925376
2403,16,1024,-1,-1,-1,-1,-1,-1,0,70.201347
2404,16,16,-1,-1,-1,-1,-1,14.002176,1,14.060544
2405,16,1024,-1,-1,-1,-1,-1,-1,0,70.801407
2406,16,16,-1,-1,-1,-1,-1,13.990912,1,14.057472
2407,16,1024,-1,-1,-1,-1,-1,-1,0,70.78093
2408,16,16,-1,-1,-1,-1,-1,14.0032,1,14.047232
2409,16,1024,-1,-1,-1,-1,-1,-1,0,70.594559
2410,16,16,-1,-1,-1,-1,-1,13.955072,1,14.02368
2411,16,16,-1,-1,-1,-1,-1,13.947904,1,13.991936
2412,16,16,-1,-1,-1,-1,-1,13.853696,1,13.920256
2413,16,16,-1,-1,-1,-1,-1,13.862912,1,13.90592
2414,16,16,-1,-1,-1,-1,-1,13.883392,1,13.948928
2415,16,16,-1,-1,-1,-1,-1,13.863936,1,13.907968
2416,16,16,-1,-1,-1,-1,-1,13.858816,1,13.902848
2417,16,16,-1,-1,-1,-1,-1,13.892608,1,13.93664
2418,16,16,-1,-1,-1,-1,-1,13.889536,1,13.932544
2419,16,16,-1,-1,-1,-1,-1,13.868032,1,13.93152
2420,16,16,-1,-1,-1,-1,-1,13.847552,1,13.914112
2421,16,16,-1,-1,-1,-1,-1,13.855744,1,13.919232
2422,16,16,-1,-1,-1,-1,-1,13.862912,1,13.92128
2423,16,16,-1,-1,-1,-1,-1,13.826048,1,13.882368
2424,16,16,-1,-1,-1,-1,-1,13.90592,1,13.947904
2425,16,16,-1,-1,-1,-1,-1,13.858816,1,13.914112
2426,16,16,-1,-1,-1,-1,-1,13.879296,1,13.93664
2427,16,16,-1,-1,-1,-1,-1,13.819904,1,13.861888
2428,16,16,-1,-1,-1,-1,-1,13.835264,1,13.9008
2429,16,16,-1,-1,-1,-1,-1,13.882368,1,13.9264
2430,16,16,-1,-1,-1,-1,-1,13.878272,1,13.942784
2431,16,16,-1,-1,-1,-1,-1,13.881344,1,13.925376
2432,16,16,-1,-1,-1,-1,-1,13.857792,1,13.901824
2433,16,16,-1,-1,-1,-1,-1,13.917184,1,13.961216
2434,16,16,-1,-1,-1,-1,-1,13.887488,1,13.93152
2435,16,16,-1,-1,-1,-1,-1,13.876224,1,13.94176
2436,16,16,-1,-1,-1,-1,-1,13.884416,1,13.948928
2437,16,16,-1,-1,-1,-1,-1,13.892608,1,13.958144
2438,16,16,-1,-1,-1,-1,-1,13.888512,1,13.944832
2439,16,16,-1,-1,-1,-1,-1,13.836288,1,13.891584
2440,16,1024,-1,-1,-1,-1,-1,-1,0,69.73542
2441,16,16,-1,-1,-1,-1,-1,14.029824,1,14.088192
2442,16,16,-1,-1,-1,-1,-1,13.978624,1,14.047232
2443,16,16,-1,-1,-1,-1,-1,13.899776,1,13.943808
2444,16,16,-1,-1,-1,-1,-1,13.932544,1,13.988864
2445,16,16,-1,-1,-1,-1,-1,13.89056,1,13.933568
2446,16,16,-1,-1,-1,-1,-1,13.919232,1,13.983744
2447,16,16,-1,-1,-1,-1,-1,13.915136,1,13.95712
2448,16,16,-1,-1,-1,-1,-1,13.88544,1,13.928448
2449,16,16,-1,-1,-1,-1,-1,13.861888,1,13.904896
2450,16,16,-1,-1,-1,-1,-1,13.914112,1,13.958144
2451,16,16,-1,-1,-1,-1,-1,13.920256,1,13.984768
2452,16,1023,-1,-1,-1,-1,-1,-1,0,69.622787
2453,16,16,-1,-1,-1,-1,-1,13.997056,1,14.06464
2454,16,1024,-1,-1,-1,-1,-1,-1,0,70.498306
2455,16,1024,-1,-1,-1,-1,-1,-1,0,71.366653
2456,16,16,-1,-1,-1,-1,-1,13.980672,1,14.045184
2457,16,16,-1,-1,-1,-1,-1,13.893632,1,13.958144
2458,16,16,-1,-1,-1,-1,-1,13.935616,1,14.002176
2459,16,16,-1,-1,-1,-1,-1,13.902848,1,13.945856
2460,16,16,-1,-1,-1,-1,-1,13.922304,1,13.980672
2461,16,16,-1,-1,-1,-1,-1,13.869056,1,13.913088
2462,16,16,-1,-1,-1,-1,-1,13.903872,1,13.968384
2463,16,16,-1,-1,-1,-1,-1,13.86496,1,13.908992
2464,16,16,-1,-1,-1,-1,-1,13.85472,1,13.897728
2465,16,16,-1,-1,-1,-1,-1,13.882368,1,13.924352
2466,16,16,-1,-1,-1,-1,-1,13.867008,1,13.91104
2467,16,16,-1,-1,-1,-1,-1,13.917184,1,13.981696
2468,16,16,-1,-1,-1,-1,-1,13.855744,1,13.919232
2469,16,16,-1,-1,-1,-1,-1,13.852672,1,13.919232
2470,16,16,-1,-1,-1,-1,-1,13.89056,1,13.956096
2471,16,16,-1,-1,-1,-1,-1,13.899776,1,13.966336
2472,16,16,-1,-1,-1,-1,-1,13.91104,1,13.976576
2473,16,16,-1,-1,-1,-1,-1,13.89568,1,13.959168
2474,16,16,-1,-1,-1,-1,-1,13.892608,1,13.959168
2475,16,16,-1,-1,-1,-1,-1,13.912064,1,13.956096
2476,16,16,-1,-1,-1,-1,-1,13.91104,1,13.976576
2477,16,16,-1,-1,-1,-1,-1,13.872128,1,13.91616
2478,16,16,-1,-1,-1,-1,-1,13.88544,1,13.950976
2479,16,16,-1,-1,-1,-1,-1,13.883392,1,13.9264
2480,16,16,-1,-1,-1,-1,-1,13.89568,1,13.938688
2481,16,16,-1,-1,-1,-1,-1,13.881344,1,13.923328
2482,16,16,-1,-1,-1,-1,-1,13.910016,1,13.954048
2483,16,16,-1,-1,-1,-1,-1,13.923328,1,13.989888
2484,16,16,-1,-1,-1,-1,-1,13.947904,1,14.012416
2485,16,16,-1,-1,-1,-1,-1,13.920256,1,13.976576
2486,16,16,-1,-1,-1,-1,-1,13.886464,1,13.945856
2487,16,16,-1,-1,-1,-1,-1,13.865984,1,13.930496
2488,16,16,-1,-1,-1,-1,-1,13.901824,1,13.968384
2489,16,16,-1,-1,-1,-1,-1,13.917184,1,13.981696
2490,16,16,-1,-1,-1,-1,-1,13.877248,1,13.943808
2491,16,16,-1,-1,-1,-1,-1,13.883392,1,13.927424
2492,16,16,-1,-1,-1,-1,-1,13.917184,1,13.980672
2493,16,16,-1,-1,-1,-1,-1,13.901824,1,13.943808
2494,16,1023,-1,-1,-1,-1,-1,-1,0,69.722115
2495,16,16,-1,-1,-1,-1,-1,14.056448,1,14.12096
2496,16,16,-1,-1,-1,-1,-1,14.020608,1,14.065664
2497,16,1024,-1,-1,-1,-1,-1,-1,0,70.168579
2498,16,16,-1,-1,-1,-1,-1,14.040064,1,14.084096
2499,16,16,-1,-1,-1,-1,-1,14.022656,1,14.089216
2500,16,16,-1,-1,-1,-1,-1,13.947904,1,14.00832
2501,16,1024,-1,-1,-1,-1,-1,-1,0,70.523903
2502,16,16,-1,-1,-1,-1,-1,14.038016,1,14.104576
2503,16,16,-1,-1,-1,-1,-1,13.997056,1,14.063616
2504,16,16,-1,-1,-1,-1,-1,13.989888,1,14.055424
2505,16,16,-1,-1,-1,-1,-1,13.965312,1,14.030848
2506,16,16,-1,-1,-1,-1,-1,13.929472,1,13.995008
2507,16,16,-1,-1,-1,-1,-1,13.942784,1,13.98784
2508,16,16,-1,-1,-1,-1,-1,13.934592,1,13.99296
2509,16,16,-1,-1,-1,-1,-1,13.925376,1,13.969408
2510,16,16,-1,-1,-1,-1,-1,13.94176,1,14.00832
2511,16,1024,-1,-1,-1,-1,-1,-1,0,69.698563
2512,16,16,-1,-1,-1,-1,-1,14.038016,1,14.082048
2513,16,1024,-1,-1,-1,-1,-1,-1,0,70.729729
2514,16,16,-1,-1,-1,-1,-1,14.032896,1,14.076928
2515,16,1024,-1,-1,-1,-1,-1,-1,0,70.755325
2516,16,16,-1,-1,-1,-1,-1,14.01856,1,14.062592
2517,16,16,-1,-1,-1,-1,-1,13.989888,1,14.057472
2518,16,16,-1,-1,-1,-1,-1,13.96736,1,14.030848
2519,16,16,-1,-1,-1,-1,-1,13.93152,1,13.997056
2520,16,16,-1,-1,-1,-1,-1,13.933568,1,14.000128
2521,16,16,-1,-1,-1,-1,-1,13.917184,1,13.98272
2522,16,16,-1,-1,-1,-1,-1,13.891584,1,13.958144
2523,16,16,-1,-1,-1,-1,-1,13.906944,1,13.950976
2524,16,16,-1,-1,-1,-1,-1,13.882368,1,13.94688
2525,16,1024,-1,-1,-1,-1,-1,-1,0,69.815292
2526,16,16,-1,-1,-1,-1,-1,14.04416,1,14.088192
2527,16,16,-1,-1,-1,-1,-1,13.980672,1,14.04928
2528,16,16,-1,-1,-1,-1,-1,13.955072,1,13.999104
2529,16,16,-1,-1,-1,-1,-1,13.923328,1,13.988864
2530,16,16,-1,-1,-1,-1,-1,13.907968,1,13.952
2531,16,1023,-1,-1,-1,-1,-1,-1,0,70.291458
2532,16,16,-1,-1,-1,-1,-1,13.983744,1,14.041088
2533,16,16,-1,-1,-1,-1,-1,13.915136,1,13.980672
2534,16,16,-1,-1,-1,-1,-1,13.889536,1,13.956096
2535,16,1023,-1,-1,-1,-1,-1,-1,0,70.111229
2536,16,16,-1,-1,-1,-1,-1,13.98784,1,14.056448
2537,16,16,-1,-1,-1,-1,-1,13.888512,1,13.95712
2538,16,16,-1,-1,-1,-1,-1,13.910016,1,13.976576
2539,16,16,-1,-1,-1,-1,-1,13.868032,1,13.910016
2540,16,16,-1,-1,-1,-1,-1,13.867008,1,13.910016
2541,16,16,-1,-1,-1,-1,-1,13.861888,1,13.927424
2542,16,16,-1,-1,-1,-1,-1,13.8496,1,13.893632
2543,16,16,-1,-1,-1,-1,-1,13.893632,1,13.961216
2544,16,16,-1,-1,-1,-1,-1,13.841408,1,13.886464
2545,16,16,-1,-1,-1,-1,-1,13.85984,1,13.9264
2546,16,2032,-1,-1,-1,-1,-1,-1,0,129.050629
2547,16,16,-1,-1,-1,-1,-1,14.043136,1,14.11072
2548,16,1024,-1,-1,-1,-1,-1,-1,0,71.033859
2549,16,16,-1,-1,-1,-1,-1,13.979648,1,14.04928
2550,16,16,-1,-1,-1,-1,-1,13.952,1,14.01856
2551,16,16,-1,-1,-1,-1,-1,13.937664,1,14.004224
2552,16,16,-1,-1,-1,-1,-1,13.873152,1,13.930496
2553,16,16,-1,-1,-1,-1,-1,13.924352,1,13.96736
2554,16,16,-1,-1,-1,-1,-1,13.903872,1,13.94688
2555,16,16,-1,-1,-1,-1,-1,13.917184,1,13.961216
2556,16,16,-1,-1,-1,-1,-1,13.902848,1,13.945856
2557,16,1024,-1,-1,-1,-1,-1,-1,0,69.803009
2558,16,16,-1,-1,-1,-1,-1,13.981696,1,14.02368
2559,16,16,-1,-1,-1,-1,-1,13.9776,1,14.043136
2560,16,16,-1,-1,-1,-1,-1,13.915136,1,13.958144
2561,16,16,-1,-1,-1,-1,-1,13.88032,1,13.947904
2562,16,16,-1,-1,-1,-1,-1,13.86496,1,13.952
2563,16,16,-1,-1,-1,-1,-1,13.867008,1,13.932544
2564,16,16,-1,-1,-1,-1,-1,13.91104,1,13.9776
2565,16,16,-1,-1,-1,-1,-1,13.917184,1,13.98272
2566,16,16,-1,-1,-1,-1,-1,13.879296,1,13.944832
2567,16,16,-1,-1,-1,-1,-1,13.862912,1,13.9264
2568,16,16,-1,-1,-1,-1,-1,13.83936,1,13.903872
2569,16,16,-1,-1,-1,-1,-1,13.91104,1,13.955072
2570,16,16,-1,-1,-1,-1,-1,13.87008,1,13.913088
2571,16,16,-1,-1,-1,-1,-1,13.893632,1,13.937664
2572,16,16,-1,-1,-1,-1,-1,13.867008,1,13.91104
2573,16,16,-1,-1,-1,-1,-1,13.91616,1,13.981696
2574,16,16,-1,-1,-1,-1,-1,13.893632,1,13.935616
2575,16,1024,-1,-1,-1,-1,-1,-1,0,69.992447
2576,16,16,-1,-1,-1,-1,-1,14.04416,1,14.088192
2577,16,16,-1,-1,-1,-1,-1,13.949952,1,14.016512
2578,16,1024,-1,-1,-1,-1,-1,-1,0,70.349823
2579,16,16,-1,-1,-1,-1,-1,13.963264,1,14.027776
2580,16,1024,-1,-1,-1,-1,-1,-1,0,70.585342
2581,16,16,-1,-1,-1,-1,-1,14.019584,1,14.08512
2582,16,16,-1,-1,-1,-1,-1,13.9776,1,14.022656
2583,16,16,-1,-1,-1,-1,-1,13.919232,1,13.96224
2584,16,16,-1,-1,-1,-1,-1,13.929472,1,13.996032
2585,16,16,-1,-1,-1,-1,-1,13.928448,1,13.971456
2586,16,16,-1,-1,-1,-1,-1,13.914112,1,13.958144
2587,16,16,-1,-1,-1,-1,-1,13.878272,1,13.922304
2588,16,16,-1,-1,-1,-1,-1,13.89056,1,13.934592
2589,16,16,-1,-1,-1,-1,-1,13.887488,1,13.955072
2590,16,16,-1,-1,-1,-1,-1,13.879296,1,13.923328
2591,16,16,-1,-1,-1,-1,-1,13.8496,1,13.915136
2592,16,16,-1,-1,-1,-1,-1,13.886464,1,13.93152
2593,16,16,-1,-1,-1,-1,-1,13.896704,1,13.961216
2594,16,16,-1,-1,-1,-1,-1,13.85984,1,13.9264
2595,16,16,-1,-1,-1,-1,-1,13.893632,1,13.960192
2596,16,16,-1,-1,-1,-1,-1,13.888512,1,13.945856
2597,16,16,-1,-1,-1,-1,-1,13.873152,1,13.938688
2598,16,16,-1,-1,-1,-1,-1,13.85984,1,13.903872
2599,16,16,-1,-1,-1,-1,-1,13.896704,1,13.938688
2600,16,16,-1,-1,-1,-1,-1,13.879296,1,13.944832
2601,16,16,-1,-1,-1,-1,-1,13.907968,1,13.952
2602,16,16,-1,-1,-1,-1,-1,13.871104,1,13.914112
2603,16,16,-1,-1,-1,-1,-1,13.90592,1,13.950976
2604,16,16,-1,-1,-1,-1,-1,13.869056,1,13.913088
2605,16,16,-1,-1,-1,-1,-1,13.940736,1,14.007296
2606,16,16,-1,-1,-1,-1,-1,13.912064,1,13.956096
2607,16,16,-1,-1,-1,-1,-1,13.903872,1,13.96224
2608,16,16,-1,-1,-1,-1,-1,13.93152,1,13.974528
2609,16,16,-1,-1,-1,-1,-1,13.92128,1,13.98784
2610,16,16,-1,-1,-1,-1,-1,13.894656,1,13.960192
2611,16,16,-1,-1,-1,-1,-1,13.940736,1,14.006272
2612,16,16,-1,-1,-1,-1,-1,13.934592,1,14.000128
2613,16,16,-1,-1,-1,-1,-1,13.930496,1,13.996032
2614,16,16,-1,-1,-1,-1,-1,13.903872,1,13.94688
2615,16,16,-1,-1,-1,-1,-1,13.949952,1,13.99296
2616,16,16,-1,-1,-1,-1,-1,13.910016,1,13.976576
2617,16,16,-1,-1,-1,-1,-1,13.947904,1,13.991936
2618,16,16,-1,-1,-1,-1,-1,13.92128,1,13.966336
2619,16,16,-1,-1,-1,-1,-1,13.943808,1,13.985792
2620,16,16,-1,-1,-1,-1,-1,13.927424,1,13.970432
2621,16,16,-1,-1,-1,-1,-1,13.93664,1,14.0032
2622,16,16,-1,-1,-1,-1,-1,13.892608,1,13.935616
2623,16,16,-1,-1,-1,-1,-1,13.882368,1,13.94688
2624,16,16,-1,-1,-1,-1,-1,13.93152,1,13.976576
2625,16,16,-1,-1,-1,-1,-1,13.873152,1,13.937664
2626,16,16,-1,-1,-1,-1,-1,13.893632,1,13.960192
2627,16,16,-1,-1,-1,-1,-1,13.930496,1,13.995008
2628,16,16,-1,-1,-1,-1,-1,13.910016,1,13.975552
2629,16,16,-1,-1,-1,-1,-1,13.863936,1,13.928448
2630,16,16,-1,-1,-1,-1,-1,13.912064,1,13.956096
2631,16,16,-1,-1,-1,-1,-1,13.933568,1,13.976576
2632,16,16,-1,-1,-1,-1,-1,13.884416,1,13.949952
2633,16,2032,-1,-1,-1,-1,-1,-1,0,129.178619
2634,16,16,-1,-1,-1,-1,-1,14.061568,1,14.104576
2635,16,16,-1,-1,-1,-1,-1,13.963264,1,14.00832
2636,16,1024,-1,-1,-1,-1,-1,-1,0,70.333443
2637,16,1024,-1,-1,-1,-1,-1,-1,0,71.251968
2638,16,16,-1,-1,-1,-1,-1,13.995008,1,14.03904
2639,16,1024,-1,-1,-1,-1,-1,-1,0,70.766594
2640,16,16,-1,-1,-1,-1,-1,14.048256,1,14.091264
2641,16,16,-1,-1,-1,-1,-1,13.933568,1,14.001152
2642,16,1024,-1,-1,-1,-1,-1,-1,0,70.305794
2643,16,16,-1,-1,-1,-1,-1,14.009344,1,14.053376
2644,16,16,-1,-1,-1,-1,-1,14.000128,1,14.068736
2645,16,16,-1,-1,-1,-1,-1,13.965312,1,14.009344
2646,16,16,-1,-1,-1,-1,-1,13.94176,1,13.985792
2647,16,1024,-1,-1,-1,-1,-1,-1,0,70.444031
2648,16,16,-1,-1,-1,-1,-1,13.979648,1,14.04416
2649,16,1024,-1,-1,-1,-1,-1,-1,0,70.648834
2650,16,16,-1,-1,-1,-1,-1,14.051328,1,14.09536
2651,16,16,-1,-1,-1,-1,-1,13.981696,1,14.025728
2652,16,16,-1,-1,-1,-1,-1,13.933568,1,14.000128
2653,16,16,-1,-1,-1,-1,-1,13.979648,1,14.045184
2654,16,16,-1,-1,-1,-1,-1,13.903872,1,13.94688
2655,16,16,-1,-1,-1,-1,-1,13.886464,1,13.953024
2656,16,16,-1,-1,-1,-1,-1,13.910016,1,13.954048
2657,16,16,-1,-1,-1,-1,-1,13.917184,1,13.960192
2658,16,16,-1,-1,-1,-1,-1,13.928448,1,13.993984
2659,16,1024,-1,-1,-1,-1,-1,-1,0,70.476799
2660,16,16,-1,-1,-1,-1,-1,13.99296,1,14.060544
2661,16,16,-1,-1,-1,-1,-1,13.954048,1,13.99808
2662,16,1024,-1,-1,-1,-1,-1,-1,0,70.172668
2663,16,16,-1,-1,-1,-1,-1,13.961216,1,14.026752
2664,16,16,-1,-1,-1,-1,-1,13.96224,1,14.007296
2665,16,16,-1,-1,-1,-1,-1,13.961216,1,14.027776
2666,16,16,-1,-1,-1,-1,-1,13.925376,1,13.969408
2667,16,16,-1,-1,-1,-1,-1,13.91616,1,13.960192
2668,16,16,-1,-1,-1,-1,-1,13.928448,1,13.984768
2669,16,1024,-1,-1,-1,-1,-1,-1,0,70.21875
2670,16,16,-1,-1,-1,-1,-1,14.011392,1,14.056448
2671,16,16,-1,-1,-1,-1,-1,13.988864,1,14.0544
2672,16,1024,-1,-1,-1,-1,-1,-1,0,70.2976
2673,16,16,-1,-1,-1,-1,-1,14.00832,1,14.051328
2674,16,16,-1,-1,-1,-1,-1,13.979648,1,14.046208
2675,16,16,-1,-1,-1,-1,-1,13.904896,1,13.970432
2676,16,16,-1,-1,-1,-1,-1,13.886464,1,13.950976
2677,16,16,-1,-1,-1,-1,-1,13.896704,1,13.939712
2678,16,16,-1,-1,-1,-1,-1,13.91104,1,13.974528
2679,16,16,-1,-1,-1,-1,-1,13.923328,1,13.98784
2680,16,1024,-1,-1,-1,-1,-1,-1,0,69.912575
2681,16,16,-1,-1,-1,-1,-1,13.978624,1,14.035968
2682,16,16,-1,-1,-1,-1,-1,13.947904,1,13.991936
2683,16,16,-1,-1,-1,-1,-1,13.92128,1,13.96736
2684,16,16,-1,-1,-1,-1,-1,13.923328,1,13.98784
2685,16,16,-1,-1,-1,-1,-1,13.929472,1,13.985792
2686,16,16,-1,-1,-1,-1,-1,13.886464,1,13.930496
2687,16,16,-1,-1,-1,-1,-1,13.930496,1,13.997056
2688,16,16,-1,-1,-1,-1,-1,13.9264,1,13.99296
2689,16,16,-1,-1,-1,-1,-1,13.910016,1,13.953024
2690,16,16,-1,-1,-1,-1,-1,13.877248,1,13.943808
2691,16,16,-1,-1,-1,-1,-1,13.906944,1,13.970432
2692,16,16,-1,-1,-1,-1,-1,13.881344,1,13.947904
2693,16,16,-1,-1,-1,-1,-1,13.86496,1,13.907968
2694,16,16,-1,-1,-1,-1,-1,13.889536,1,13.953024
2695,16,16,-1,-1,-1,-1,-1,13.89056,1,13.955072
2696,16,1024,-1,-1,-1,-1,-1,-1,0,69.821442
2697,16,16,-1,-1,-1,-1,-1,14.062592,1,14.128128
2698,16,16,-1,-1,-1,-1,-1,13.997056,1,14.043136
2699,16,16,-1,-1,-1,-1,-1,13.961216,1,14.005248
2700,16,16,-1,-1,-1,-1,-1,13.953024,1,14.011392
2701,16,976,-1,-1,-1,-1,-1,-1,0,69.669891
2702,16,16,-1,-1,-1,-1,-1,13.97248,1,14.014464
2703,16,16,-1,-1,-1,-1,-1,13.948928,1,14.014464
2704,16,16,-1,-1,-1,-1,-1,13.918208,1,13.98272
2705,16,16,-1,-1,-1,-1,-1,13.915136,1,13.958144
2706,16,16,-1,-1,-1,-1,-1,13.918208,1,13.98272
2707,16,16,-1,-1,-1,-1,-1,13.87008,1,13.925376
2708,16,16,-1,-1,-1,-1,-1,13.865984,1,13.929472
2709,16,16,-1,-1,-1,-1,-1,13.897728,1,13.94176
2710,16,16,-1,-1,-1,-1,-1,13.826048,1,13.882368
2711,16,1024,-1,-1,-1,-1,-1,-1,0,69.909508
2712,16,16,-1,-1,-1,-1,-1,13.971456,1,14.0288
2713,16,16,-1,-1,-1,-1,-1,13.929472,1,13.988864
2714,16,16,-1,-1,-1,-1,-1,13.937664,1,13.981696
2715,16,16,-1,-1,-1,-1,-1,13.927424,1,13.970432
2716,16,16,-1,-1,-1,-1,-1,13.903872,1,13.968384
2717,16,16,-1,-1,-1,-1,-1,13.89056,1,13.956096
2718,16,16,-1,-1,-1,-1,-1,13.891584,1,13.935616
2719,16,16,-1,-1,-1,-1,-1,13.9008,1,13.96736
2720,16,16,-1,-1,-1,-1,-1,13.924352,1,13.988864
2721,16,16,-1,-1,-1,-1,-1,13.897728,1,13.94176
2722,16,16,-1,-1,-1,-1,-1,13.893632,1,13.949952
2723,16,16,-1,-1,-1,-1,-1,13.92128,1,13.9776
2724,16,16,-1,-1,-1,-1,-1,13.850624,1,13.894656
2725,16,16,-1,-1,-1,-1,-1,13.878272,1,13.92128
2726,16,16,-1,-1,-1,-1,-1,13.92128,1,13.985792
2727,16,16,-1,-1,-1,-1,-1,13.876224,1,13.942784
2728,16,16,-1,-1,-1,-1,-1,13.882368,1,13.949952
2729,16,16,-1,-1,-1,-1,-1,13.881344,1,13.94688
2730,16,16,-1,-1,-1,-1,-1,13.869056,1,13.912064
2731,16,16,-1,-1,-1,-1,-1,13.920256,1,13.964288
2732,16,16,-1,-1,-1,-1,-1,13.914112,1,13.971456
2733,16,16,-1,-1,-1,-1,-1,13.889536,1,13.94688
2734,16,16,-1,-1,-1,-1,-1,13.925376,1,13.970432
2735,16,16,-1,-1,-1,-1,-1,13.94176,1,14.004224
2736,16,16,-1,-1,-1,-1,-1,13.903872,1,13.969408
2737,16,16,-1,-1,-1,-1,-1,13.906944,1,13.950976
2738,16,16,-1,-1,-1,-1,-1,13.919232,1,13.984768
2739,16,16,-1,-1,-1,-1,-1,13.913088,1,13.978624
2740,16,16,-1,-1,-1,-1,-1,13.902848,1,13.94688
2741,16,16,-1,-1,-1,-1,-1,13.914112,1,13.959168
2742,16,16,-1,-1,-1,-1,-1,13.934592,1,14.000128
2743,16,16,-1,-1,-1,-1,-1,13.93664,1,14.004224
2744,16,16,-1,-1,-1,-1,-1,13.927424,1,13.983744
2745,16,16,-1,-1,-1,-1,-1,13.932544,1,13.997056
2746,16,16,-1,-1,-1,-1,-1,13.918208,1,13.961216
2747,16,16,-1,-1,-1,-1,-1,13.92128,1,13.965312
2748,16,16,-1,-1,-1,-1,-1,13.88544,1,13.949952
2749,16,16,-1,-1,-1,-1,-1,13.956096,1,14.022656
2750,16,16,-1,-1,-1,-1,-1,13.97248,1,14.017536
2751,16,16,-1,-1,-1,-1,-1,13.943808,1,14.00832
2752,16,16,-1,-1,-1,-1,-1,13.929472,1,14.007296
2753,16,16,-1,-1,-1,-1,-1,13.944832,1,13.98784
2754,16,1024,-1,-1,-1,-1,-1,-1,0,69.885956
2755,16,16,-1,-1,-1,-1,-1,14.070784,1,14.128128
2756,16,16,-1,-1,-1,-1,-1,14.03392,1,14.08
2757,16,16,-1,-1,-1,-1,-1,14.005248,1,14.050304
2758,16,1024,-1,-1,-1,-1,-1,-1,0,70.000641
2759,16,3040,-1,-1,-1,-1,-1,-1,0,191.911942
2760,16,16,-1,-1,-1,-1,-1,14.070784,1,14.137344
2761,16,16,-1,-1,-1,-1,-1,13.96224,1,14.029824
2762,16,16,-1,-1,-1,-1,-1,13.999104,1,14.043136
2763,16,16,-1,-1,-1,-1,-1,13.958144,1,14.002176
2764,16,16,-1,-1,-1,-1,-1,13.939712,1,13.98272
2765,16,16,-1,-1,-1,-1,-1,13.922304,1,13.98784
2766,16,16,-1,-1,-1,-1,-1,13.918208,1,13.96224
2767,16,16,-1,-1,-1,-1,-1,13.893632,1,13.937664
2768,16,16,-1,-1,-1,-1,-1,13.942784,1,14.00832
2769,16,16,-1,-1,-1,-1,-1,13.898752,1,13.94176
2770,16,1024,-1,-1,-1,-1,-1,-1,0,70.254593
2771,16,16,-1,-1,-1,-1,-1,14.00832,1,14.073856
2772,16,16,-1,-1,-1,-1,-1,13.93152,1,13.976576
2773,16,16,-1,-1,-1,-1,-1,13.98784,1,14.030848
2774,16,16,-1,-1,-1,-1,-1,13.925376,1,13.99296
2775,16,1024,-1,-1,-1,-1,-1,-1,0,69.918716
2776,16,16,-1,-1,-1,-1,-1,13.996032,1,14.0544
2777,16,1024,-1,-1,-1,-1,-1,-1,0,70.674431
2778,16,16,-1,-1,-1,-1,-1,14.047232,1,14.092288
2779,16,16,-1,-1,-1,-1,-1,13.980672,1,14.024704
2780,16,16,-1,-1,-1,-1,-1,13.965312,1,14.009344
2781,16,16,-1,-1,-1,-1,-1,13.92128,1,13.986816
2782,16,16,-1,-1,-1,-1,-1,13.970432,1,14.014464
2783,16,16,-1,-1,-1,-1,-1,13.938688,1,13.981696
2784,16,2032,-1,-1,-1,-1,-1,-1,0,129.092606
2785,16,16,-1,-1,-1,-1,-1,14.063616,1,14.106624
2786,16,1024,-1,-1,-1,-1,-1,-1,0,71.175171
2787,16,16,-1,-1,-1,-1,-1,13.990912,1,14.056448
2788,16,16,-1,-1,-1,-1,-1,13.955072,1,13.999104
2789,16,16,-1,-1,-1,-1,-1,13.907968,1,13.952
2790,16,16,-1,-1,-1,-1,-1,13.908992,1,13.973504
2791,16,16,-1,-1,-1,-1,-1,13.906944,1,13.973504
2792,16,16,-1,-1,-1,-1,-1,13.889536,1,13.966336
2793,16,16,-1,-1,-1,-1,-1,13.91104,1,13.975552
2794,16,16,-1,-1,-1,-1,-1,13.85472,1,13.898752
2795,16,1024,-1,-1,-1,-1,-1,-1,0,70.377472
2796,16,16,-1,-1,-1,-1,-1,14.002176,1,14.045184
2797,16,16,-1,-1,-1,-1,-1,13.9008,1,13.966336
2798,16,16,-1,-1,-1,-1,-1,13.907968,1,13.952
2799,16,16,-1,-1,-1,-1,-1,13.89568,1,13.938688
2800,16,16,-1,-1,-1,-1,-1,13.872128,1,13.930496
2801,16,16,-1,-1,-1,-1,-1,13.899776,1,13.942784
2802,16,16,-1,-1,-1,-1,-1,13.898752,1,13.965312
2803,16,16,-1,-1,-1,-1,-1,13.904896,1,13.94688
2804,16,16,-1,-1,-1,-1,-1,13.862912,1,13.907968
2805,16,16,-1,-1,-1,-1,-1,13.9008,1,13.944832
2806,16,16,-1,-1,-1,-1,-1,13.846528,1,13.913088
2807,16,16,-1,-1,-1,-1,-1,13.914112,1,13.970432
2808,16,16,-1,-1,-1,-1,-1,13.887488,1,13.956096
2809,16,1024,-1,-1,-1,-1,-1,-1,0,70.364159
2810,16,16,-1,-1,-1,-1,-1,14.010368,1,14.0544
2811,16,16,-1,-1,-1,-1,-1,13.917184,1,13.981696
2812,16,16,-1,-1,-1,-1,-1,13.927424,1,13.970432
2813,16,16,-1,-1,-1,-1,-1,13.862912,1,13.925376
2814,16,16,-1,-1,-1,-1,-1,13.904896,1,13.948928
2815,16,16,-1,-1,-1,-1,-1,13.907968,1,13.949952
2816,16,16,-1,-1,-1,-1,-1,13.925376,1,13.991936
2817,16,16,-1,-1,-1,-1,-1,13.914112,1,13.95712
2818,16,16,-1,-1,-1,-1,-1,13.896704,1,13.96224
2819,16,1024,-1,-1,-1,-1,-1,-1,0,69.626877
2820,16,16,-1,-1,-1,-1,-1,14.014464,1,14.05952
2821,16,16,-1,-1,-1,-1,-1,13.937664,1,13.979648
2822,16,16,-1,-1,-1,-1,-1,13.923328,1,13.98784
2823,16,16,-1,-1,-1,-1,-1,13.891584,1,13.948928
2824,16,16,-1,-1,-1,-1,-1,13.8752,1,13.918208
2825,16,16,-1,-1,-1,-1,-1,13.915136,1,13.981696
2826,16,16,-1,-1,-1,-1,-1,13.938688,1,13.980672
2827,16,16,-1,-1,-1,-1,-1,13.88544,1,13.950976
2828,16,16,-1,-1,-1,-1,-1,13.923328,1,13.966336
2829,16,16,-1,-1,-1,-1,-1,13.871104,1,13.93664
2830,16,16,-1,-1,-1,-1,-1,13.907968,1,13.950976
2831,16,16,-1,-1,-1,-1,-1,13.876224,1,13.919232
2832,16,16,-1,-1,-1,-1,-1,13.902848,1,13.96736
2833,16,16,-1,-1,-1,-1,-1,13.898752,1,13.942784
2834,16,16,-1,-1,-1,-1,-1,13.902848,1,13.970432
2835,16,1024,-1,-1,-1,-1,-1,-1,0,69.732353
2836,16,16,-1,-1,-1,-1,-1,14.04416,1,14.089216
2837,16,16,-1,-1,-1,-1,-1,13.990912,1,14.035968
2838,16,16,-1,-1,-1,-1,-1,13.981696,1,14.038016
2839,16,16,-1,-1,-1,-1,-1,13.932544,1,13.990912
2840,16,16,-1,-1,-1,-1,-1,13.889536,1,13.934592
2841,16,16,-1,-1,-1,-1,-1,13.906944,1,13.974528
2842,16,1024,-1,-1,-1,-1,-1,-1,0,70.152191
2843,16,16,-1,-1,-1,-1,-1,14.048256,1,14.113792
2844,16,16,-1,-1,-1,-1,-1,13.980672,1,14.025728
2845,16,16,-1,-1,-1,-1,-1,13.966336,1,14.009344
2846,16,16,-1,-1,-1,-1,-1,13.922304,1,13.966336
2847,16,16,-1,-1,-1,-1,-1,13.920256,1,13.964288
2848,16,16,-1,-1,-1,-1,-1,13.917184,1,13.983744
2849,16,16,-1,-1,-1,-1,-1,13.910016,1,13.954048
2850,16,16,-1,-1,-1,-1,-1,13.932544,1,13.995008
2851,16,16,-1,-1,-1,-1,-1,13.860864,1,13.927424
2852,16,16,-1,-1,-1,-1,-1,13.910016,1,13.954048
2853,16,16,-1,-1,-1,-1,-1,13.935616,1,13.9776
2854,16,16,-1,-1,-1,-1,-1,13.906944,1,13.964288
2855,16,16,-1,-1,-1,-1,-1,13.89568,1,13.961216
2856,16,16,-1,-1,-1,-1,-1,13.93152,1,13.975552
2857,16,16,-1,-1,-1,-1,-1,13.85472,1,13.92128
2858,16,16,-1,-1,-1,-1,-1,13.915136,1,13.97248
2859,16,16,-1,-1,-1,-1,-1,13.922304,1,13.986816
2860,16,16,-1,-1,-1,-1,-1,13.913088,1,13.956096
2861,16,16,-1,-1,-1,-1,-1,13.903872,1,13.94688
2862,16,16,-1,-1,-1,-1,-1,13.914112,1,13.95712
2863,16,16,-1,-1,-1,-1,-1,13.915136,1,13.959168
2864,16,16,-1,-1,-1,-1,-1,13.922304,1,13.988864
2865,16,16,-1,-1,-1,-1,-1,13.942784,1,13.985792
2866,16,16,-1,-1,-1,-1,-1,13.894656,1,13.961216
2867,16,16,-1,-1,-1,-1,-1,13.910016,1,13.974528
2868,16,16,-1,-1,-1,-1,-1,13.899776,1,13.942784
2869,16,16,-1,-1,-1,-1,-1,13.943808,1,13.991936
2870,16,16,-1,-1,-1,-1,-1,13.923328,1,13.98784
2871,16,16,-1,-1,-1,-1,-1,13.922304,1,13.98784
2872,16,16,-1,-1,-1,-1,-1,13.95712,1,13.999104
2873,16,16,-1,-1,-1,-1,-1,13.929472,1,13.996032
2874,16,16,-1,-1,-1,-1,-1,13.938688,1,14.0032
2875,16,16,-1,-1,-1,-1,-1,13.922304,1,13.988864
2876,16,16,-1,-1,-1,-1,-1,13.935616,1,13.980672
2877,16,16,-1,-1,-1,-1,-1,13.950976,1,13.993984
2878,16,1024,-1,-1,-1,-1,-1,-1,0,69.838844
2879,16,1024,-1,-1,-1,-1,-1,-1,0,72.041473
2880,16,16,-1,-1,-1,-1,-1,14.066688,1,14.1312
2881,16,16,-1,-1,-1,-1,-1,13.98784,1,14.031872
2882,16,16,-1,-1,-1,-1,-1,13.976576,1,14.042112
2883,16,1024,-1,-1,-1,-1,-1,-1,0,70.208511
2884,16,16,-1,-1,-1,-1,-1,14.038016,1,14.082048
2885,16,16,-1,-1,-1,-1,-1,14.01344,1,14.056448
2886,16,16,-1,-1,-1,-1,-1,13.979648,1,14.022656
2887,16,16,-1,-1,-1,-1,-1,13.927424,1,13.99296
2888,16,1024,-1,-1,-1,-1,-1,-1,0,70.184959
2889,16,16,-1,-1,-1,-1,-1,14.055424,1,14.121984
2890,16,16,-1,-1,-1,-1,-1,13.989888,1,14.055424
2891,16,16,-1,-1,-1,-1,-1,13.955072,1,14.01856
2892,16,16,-1,-1,-1,-1,-1,13.945856,1,13.988864
2893,16,16,-1,-1,-1,-1,-1,13.956096,1,14.000128
2894,16,2032,-1,-1,-1,-1,-1,-1,0,129.15097
2895,16,16,-1,-1,-1,-1,-1,14.055424,1,14.12096
2896,16,16,-1,-1,-1,-1,-1,14.0032,1,14.070784
2897,16,16,-1,-1,-1,-1,-1,13.953024,1,13.997056
2898,16,16,-1,-1,-1,-1,-1,13.889536,1,13.945856
2899,16,16,-1,-1,-1,-1,-1,13.914112,1,13.971456
2900,16,1024,-1,-1,-1,-1,-1,-1,0,70.453247
2901,16,16,-1,-1,-1,-1,-1,14.006272,1,14.050304
2902,16,1024,-1,-1,-1,-1,-1,-1,0,70.609917
2903,16,16,-1,-1,-1,-1,-1,14.040064,1,14.084096
2904,16,2032,-1,-1,-1,-1,-1,-1,0,130.216965
2905,16,16,-1,-1,-1,-1,-1,14.08512,1,14.149632
2906,16,16,-1,-1,-1,-1,-1,14.009344,1,14.076928
2907,16,1024,-1,-1,-1,-1,-1,-1,0,70.812675
2908,16,16,-1,-1,-1,-1,-1,14.011392,1,14.06464
2909,16,16,-1,-1,-1,-1,-1,13.94688,1,14.014464
2910,16,16,-1,-1,-1,-1,-1,13.932544,1,13.99808
2911,16,16,-1,-1,-1,-1,-1,13.90592,1,13.978624
2912,16,16,-1,-1,-1,-1,-1,13.91616,1,13.989888
2913,16,16,-1,-1,-1,-1,-1,13.897728,1,13.947904
2914,16,16,-1,-1,-1,-1,-1,13.907968,1,13.976576
2915,16,16,-1,-1,-1,-1,-1,13.915136,1,13.980672
2916,16,16,-1,-1,-1,-1,-1,13.89056,1,13.963264
2917,16,16,-1,-1,-1,-1,-1,13.87008,1,13.918208
2918,16,16,-1,-1,-1,-1,-1,13.860864,1,13.9264
2919,16,16,-1,-1,-1,-1,-1,13.861888,1,13.92128
2920,16,16,-1,-1,-1,-1,-1,13.899776,1,13.965312
2921,16,16,-1,-1,-1,-1,-1,13.893632,1,13.986816
2922,16,16,-1,-1,-1,-1,-1,13.863936,1,13.964288
2923,16,16,-1,-1,-1,-1,-1,13.856768,1,13.92128
2924,16,1024,-1,-1,-1,-1,-1,-1,0,69.978111
2925,16,16,-1,-1,-1,-1,-1,13.95712,1,14.001152
2926,16,16,-1,-1,-1,-1,-1,13.8752,1,13.940736
2927,16,16,-1,-1,-1,-1,-1,13.932544,1,13.99808
2928,16,16,-1,-1,-1,-1,-1,13.882368,1,13.9264
2929,16,16,-1,-1,-1,-1,-1,13.882368,1,13.9264
2930,16,16,-1,-1,-1,-1,-1,13.851648,1,13.89568
2931,16,16,-1,-1,-1,-1,-1,13.871104,1,13.93664
2932,16,16,-1,-1,-1,-1,-1,13.850624,1,13.90592
2933,16,16,-1,-1,-1,-1,-1,13.862912,1,13.90592
2934,16,16,-1,-1,-1,-1,-1,13.882368,1,13.937664
2935,16,16,-1,-1,-1,-1,-1,13.840384,1,13.884416
2936,16,16,-1,-1,-1,-1,-1,13.85984,1,13.918208
2937,16,16,-1,-1,-1,-1,-1,13.8496,1,13.891584
2938,16,1023,-1,-1,-1,-1,-1,-1,0,70.209534
2939,16,16,-1,-1,-1,-1,-1,13.9776,1,14.04416
2940,16,16,-1,-1,-1,-1,-1,13.934592,1,14.002176
2941,16,16,-1,-1,-1,-1,-1,13.897728,1,13.943808
2942,16,16,-1,-1,-1,-1,-1,13.917184,1,13.981696
2943,16,16,-1,-1,-1,-1,-1,13.91104,1,13.975552
2944,16,16,-1,-1,-1,-1,-1,13.918208,1,13.96224
2945,16,16,-1,-1,-1,-1,-1,13.918208,1,13.961216
2946,16,1024,-1,-1,-1,-1,-1,-1,0,69.810173
2947,16,16,-1,-1,-1,-1,-1,13.989888,1,14.056448
2948,16,16,-1,-1,-1,-1,-1,13.97248,1,14.0288
2949,16,16,-1,-1,-1,-1,-1,13.915136,1,13.959168
2950,16,16,-1,-1,-1,-1,-1,13.88544,1,13.943808
2951,16,16,-1,-1,-1,-1,-1,13.908992,1,13.953024
2952,16,16,-1,-1,-1,-1,-1,13.942784,1,14.021632
2953,16,16,-1,-1,-1,-1,-1,13.92128,1,13.964288
2954,16,16,-1,-1,-1,-1,-1,13.887488,1,13.952
2955,16,16,-1,-1,-1,-1,-1,13.85984,1,13.9264
2956,16,16,-1,-1,-1,-1,-1,13.874176,1,13.932544
2957,16,16,-1,-1,-1,-1,-1,13.878272,1,13.922304
2958,16,16,-1,-1,-1,-1,-1,13.892608,1,13.949952
2959,16,16,-1,-1,-1,-1,-1,13.91104,1,13.974528
2960,16,16,-1,-1,-1,-1,-1,13.903872,1,13.94688
2961,16,16,-1,-1,-1,-1,-1,13.863936,1,13.90592
2962,16,16,-1,-1,-1,-1,-1,13.901824,1,13.968384
2963,16,16,-1,-1,-1,-1,-1,13.908992,1,13.976576
2964,16,16,-1,-1,-1,-1,-1,13.920256,1,13.983744
2965,16,16,-1,-1,-1,-1,-1,13.887488,1,13.93152
2966,16,16,-1,-1,-1,-1,-1,13.857792,1,13.913088
2967,16,16,-1,-1,-1,-1,-1,13.886464,1,13.930496
2968,16,16,-1,-1,-1,-1,-1,13.899776,1,13.971456
2969,16,16,-1,-1,-1,-1,-1,13.894656,1,13.937664
2970,16,1024,-1,-1,-1,-1,-1,-1,0,69.985283
2971,16,16,-1,-1,-1,-1,-1,14.02368,1,14.089216
2972,16,16,-1,-1,-1,-1,-1,13.928448,1,13.984768
2973,16,16,-1,-1,-1,-1,-1,13.938688,1,13.98272
2974,16,16,-1,-1,-1,-1,-1,13.937664,1,14.004224
2975,16,16,-1,-1,-1,-1,-1,13.92128,1,13.985792
2976,16,16,-1,-1,-1,-1,-1,13.9008,1,13.945856
2977,16,16,-1,-1,-1,-1,-1,13.932544,1,13.974528
2978,16,1024,-1,-1,-1,-1,-1,-1,0,70.110207
2979,16,16,-1,-1,-1,-1,-1,14.050304,1,14.114816
2980,16,16,-1,-1,-1,-1,-1,13.943808,1,14.00832
2981,16,16,-1,-1,-1,-1,-1,13.974528,1,14.017536
2982,16,16,-1,-1,-1,-1,-1,13.937664,1,14.0032
2983,16,16,-1,-1,-1,-1,-1,13.91104,1,13.955072
2984,16,16,-1,-1,-1,-1,-1,13.952,1,14.01856
2985,16,16,-1,-1,-1,-1,-1,13.929472,1,13.973504
2986,16,16,-1,-1,-1,-1,-1,13.935616,1,13.993984
2987,16,16,-1,-1,-1,-1,-1,13.933568,1,13.999104
2988,16,16,-1,-1,-1,-1,-1,13.862912,1,13.928448
2989,16,16,-1,-1,-1,-1,-1,13.915136,1,13.958144
2990,16,16,-1,-1,-1,-1,-1,13.915136,1,13.980672
2991,16,16,-1,-1,-1,-1,-1,13.893632,1,13.956096
2992,16,16,-1,-1,-1,-1,-1,13.89568,1,13.938688
2993,16,16,-1,-1,-1,-1,-1,13.904896,1,13.948928
2994,16,16,-1,-1,-1,-1,-1,13.934592,1,14.002176
2995,16,16,-1,-1,-1,-1,-1,13.922304,1,13.9776
2996,16,16,-1,-1,-1,-1,-1,13.94688,1,14.011392
2997,16,1024,-1,-1,-1,-1,-1,-1,0,69.904381
2998,16,16,-1,-1,-1,-1,-1,14.082048,1,14.14656
2999,16,16,-1,-1,-1,-1,-1,14.024704,1,14.068736
3000,16,16,-1,-1,-1,-1,-1,14.011392,1,14.076928
3001,16,16,-1,-1,-1,-1,-1,13.979648,1,14.02368
3002,16,16,-1,-1,-1,-1,-1,13.935616,1,14.000128
3003,16,16,-1,-1,-1,-1,-1,13.9776,1,14.042112
3004,16,16,-1,-1,-1,-1,-1,13.9776,1,14.043136
3005,16,16,-1,-1,-1,-1,-1,13.948928,1,13.991936
3006,16,1024,-1,-1,-1,-1,-1,-1,0,69.909508
3007,16,16,-1,-1,-1,-1,-1,14.025728,1,14.09024
3008,16,1024,-1,-1,-1,-1,-1,-1,0,70.733826
3009,16,16,-1,-1,-1,-1,-1,14.030848,1,14.073856
3010,16,16,-1,-1,-1,-1,-1,13.993984,1,14.05952
3011,16,16,-1,-1,-1,-1,-1,13.983744,1,14.027776
3012,16,16,-1,-1,-1,-1,-1,13.95712,1,14.01344
3013,16,16,-1,-1,-1,-1,-1,13.929472,1,13.995008
3014,16,16,-1,-1,-1,-1,-1,13.963264,1,14.020608
3015,16,16,-1,-1,-1,-1,-1,13.932544,1,13.975552
3016,16,16,-1,-1,-1,-1,-1,13.948928,1,14.015488
3017,16,1024,-1,-1,-1,-1,-1,-1,0,70.319107
3018,16,16,-1,-1,-1,-1,-1,14.04928,1,14.114816
3019,16,1023,-1,-1,-1,-1,-1,-1,0,70.83725
3020,16,1024,-1,-1,-1,-1,-1,-1,0,71.306236
3021,16,16,-1,-1,-1,-1,-1,13.989888,1,14.032896
3022,16,16,-1,-1,-1,-1,-1,13.924352,1,13.990912
3023,16,16,-1,-1,-1,-1,-1,13.932544,1,13.9776
3024,16,1024,-1,-1,-1,-1,-1,-1,0,70.293503
3025,16,16,-1,-1,-1,-1,-1,13.984768,1,14.027776
3026,16,1024,-1,-1,-1,-1,-1,-1,0,70.787071
3027,16,16,-1,-1,-1,-1,-1,14.011392,1,14.056448
3028,16,16,-1,-1,-1,-1,-1,13.95712,1,14.002176
3029,16,16,-1,-1,-1,-1,-1,13.934592,1,14.000128
3030,16,16,-1,-1,-1,-1,-1,13.912064,1,13.955072
3031,16,16,-1,-1,-1,-1,-1,13.892608,1,13.93664
3032,16,1024,-1,-1,-1,-1,-1,-1,0,69.981186
3033,16,16,-1,-1,-1,-1,-1,13.983744,1,14.048256
3034,16,1024,-1,-1,-1,-1,-1,-1,0,70.738945
3035,16,1024,-1,-1,-1,-1,-1,-1,0,71.364609
3036,16,16,-1,-1,-1,-1,-1,13.995008,1,14.07488
3037,16,16,-1,-1,-1,-1,-1,13.948928,1,13.99296
3038,16,16,-1,-1,-1,-1,-1,13.927424,1,13.993984
3039,16,16,-1,-1,-1,-1,-1,13.929472,1,13.973504
3040,16,16,-1,-1,-1,-1,-1,13.90592,1,13.97248
3041,16,16,-1,-1,-1,-1,-1,13.908992,1,13.953024
3042,16,16,-1,-1,-1,-1,-1,13.86496,1,13.930496
3043,16,16,-1,-1,-1,-1,-1,13.915136,1,13.959168
3044,16,1024,-1,-1,-1,-1,-1,-1,0,69.87059
3045,16,16,-1,-1,-1,-1,-1,14.010368,1,14.076928
3046,16,16,-1,-1,-1,-1,-1,13.963264,1,14.00832
3047,16,16,-1,-1,-1,-1,-1,13.922304,1,13.965312
3048,16,16,-1,-1,-1,-1,-1,13.889536,1,13.947904
3049,16,16,-1,-1,-1,-1,-1,13.856768,1,13.920256
3050,16,16,-1,-1,-1,-1,-1,13.92128,1,13.984768
3051,16,16,-1,-1,-1,-1,-1,13.903872,1,13.969408
3052,16,16,-1,-1,-1,-1,-1,13.932544,1,13.990912
3053,16,16,-1,-1,-1,-1,-1,13.914112,1,13.95712
3054,16,16,-1,-1,-1,-1,-1,13.881344,1,13.945856
3055,16,16,-1,-1,-1,-1,-1,13.852672,1,13.896704
3056,16,16,-1,-1,-1,-1,-1,13.858816,1,13.918208
3057,16,16,-1,-1,-1,-1,-1,13.889536,1,13.932544
3058,16,16,-1,-1,-1,-1,-1,13.892608,1,13.952
3059,16,16,-1,-1,-1,-1,-1,13.907968,1,13.950976
3060,16,16,-1,-1,-1,-1,-1,13.899776,1,13.95712
3061,16,16,-1,-1,-1,-1,-1,13.940736,1,13.99808
3062,16,16,-1,-1,-1,-1,-1,13.887488,1,13.930496
3063,16,1024,-1,-1,-1,-1,-1,-1,0,69.795837
3064,16,16,-1,-1,-1,-1,-1,14.000128,1,14.066688
3065,16,16,-1,-1,-1,-1,-1,13.943808,1,14.001152
3066,16,16,-1,-1,-1,-1,-1,13.927424,1,13.984768
3067,16,16,-1,-1,-1,-1,-1,13.919232,1,13.983744
3068,16,16,-1,-1,-1,-1,-1,13.897728,1,13.954048
3069,16,16,-1,-1,-1,-1,-1,13.915136,1,13.959168
3070,16,16,-1,-1,-1,-1,-1,13.924352,1,13.981696
3071,16,16,-1,-1,-1,-1,-1,13.899776,1,13.943808
3072,16,1024,-1,-1,-1,-1,-1,-1,0,69.87674
3073,16,16,-1,-1,-1,-1,-1,14.020608,1,14.06464
3074,16,16,-1,-1,-1,-1,-1,14.031872,1,14.099456
3075,16,16,-1,-1,-1,-1,-1,13.958144,1,14.001152
3076,16,16,-1,-1,-1,-1,-1,13.975552,1,14.042112
3077,16,16,-1,-1,-1,-1,-1,13.928448,1,13.993984
3078,16,16,-1,-1,-1,-1,-1,13.965312,1,14.00832
3079,16,16,-1,-1,-1,-1,-1,13.933568,1,14.000128
3080,16,16,-1,-1,-1,-1,-1,13.929472,1,13.995008
3081,16,16,-1,-1,-1,-1,-1,13.9008,1,13.966336
3082,16,16,-1,-1,-1,-1,-1,13.937664,1,13.996032
3083,16,16,-1,-1,-1,-1,-1,13.907968,1,13.978624
3084,16,16,-1,-1,-1,-1,-1,13.913088,1,13.9776
3085,16,16,-1,-1,-1,-1,-1,13.91616,1,13.959168
3086,16,16,-1,-1,-1,-1,-1,13.92128,1,13.988864
3087,16,16,-1,-1,-1,-1,-1,13.89568,1,13.943808
3088,16,16,-1,-1,-1,-1,-1,13.868032,1,13.934592
3089,16,16,-1,-1,-1,-1,-1,13.93664,1,13.981696
3090,16,16,-1,-1,-1,-1,-1,13.907968,1,13.981696
3091,16,16,-1,-1,-1,-1,-1,13.902848,1,13.945856
3092,16,1024,-1,-1,-1,-1,-1,-1,0,70.006783
3093,16,16,-1,-1,-1,-1,-1,14.071808,1,14.149632
3094,16,16,-1,-1,-1,-1,-1,13.94176,1,14.002176
3095,16,16,-1,-1,-1,-1,-1,13.973504,1,14.03904
3096,16,16,-1,-1,-1,-1,-1,13.917184,1,13.98272
3097,16,16,-1,-1,-1,-1,-1,13.944832,1,14.010368
3098,16,16,-1,-1,-1,-1,-1,13.9008,1,13.965312
3099,16,16,-1,-1,-1,-1,-1,13.882368,1,13.94688
3100,16,16,-1,-1,-1,-1,-1,13.917184,1,13.984768
3101,16,16,-1,-1,-1,-1,-1,13.915136,1,13.958144
3102,16,16,-1,-1,-1,-1,-1,13.920256,1,13.986816
3103,16,16,-1,-1,-1,-1,-1,13.933568,1,13.976576
3104,16,16,-1,-1,-1,-1,-1,13.952,1,14.017536
3105,16,16,-1,-1,-1,-1,-1,13.89568,1,13.939712
3106,16,1023,-1,-1,-1,-1,-1,-1,0,70.209534
3107,16,16,-1,-1,-1,-1,-1,14.051328,1,14.114816
3108,16,16,-1,-1,-1,-1,-1,13.984768,1,14.051328
3109,16,16,-1,-1,-1,-1,-1,13.966336,1,14.032896
3110,16,16,-1,-1,-1,-1,-1,13.95712,1,14.001152
3111,16,16,-1,-1,-1,-1,-1,13.929472,1,13.995008
3112,16,16,-1,-1,-1,-1,-1,13.978624,1,14.038016
3113,16,16,-1,-1,-1,-1,-1,13.975552,1,14.041088
3114,16,16,-1,-1,-1,-1,-1,13.952,1,14.017536
3115,16,16,-1,-1,-1,-1,-1,13.889536,1,13.953024
3116,16,16,-1,-1,-1,-1,-1,13.912064,1,13.978624
3117,16,16,-1,-1,-1,-1,-1,13.89568,1,13.938688
3118,16,16,-1,-1,-1,-1,-1,13.924352,1,13.989888
3119,16,16,-1,-1,-1,-1,-1,13.925376,1,13.969408
3120,16,16,-1,-1,-1,-1,-1,13.947904,1,14.015488
3121,16,16,-1,-1,-1,-1,-1,13.933568,1,13.976576
3122,16,16,-1,-1,-1,-1,-1,13.949952,1,14.007296
3123,16,1024,-1,-1,-1,-1,-1,-1,0,69.604355
3124,16,16,-1,-1,-1,-1,-1,13.997056,1,14.061568
3125,16,16,-1,-1,-1,-1,-1,14.02368,1,14.068736
3126,16,16,-1,-1,-1,-1,-1,13.985792,1,14.029824
3127,16,16,-1,-1,-1,-1,-1,13.978624,1,14.043136
3128,16,16,-1,-1,-1,-1,-1,13.949952,1,14.014464
3129,16,16,-1,-1,-1,-1,-1,13.923328,1,13.989888
3130,16,16,-1,-1,-1,-1,-1,13.93664,1,14.002176
3131,16,1007,-1,-1,-1,-1,-1,-1,0,69.964798
3132,16,1024,-1,-1,-1,-1,-1,-1,0,71.418877
3133,16,1024,-1,-1,-1,-1,-1,-1,0,71.431168
3134,16,1024,-1,-1,-1,-1,-1,-1,0,71.413757
3135,16,16,-1,-1,-1,-1,-1,14.032896,1,14.081024
3136,16,16,-1,-1,-1,-1,-1,13.983744,1,14.087168
3137,16,16,-1,-1,-1,-1,-1,13.937664,1,14.002176
3138,16,1023,-1,-1,-1,-1,-1,-1,0,70.400002
3139,16,16,-1,-1,-1,-1,-1,14.029824,1,14.130176
3140,16,16,-1,-1,-1,-1,-1,13.97248,1,14.067712
3141,16,16,-1,-1,-1,-1,-1,13.976576,1,14.025728
3142,16,16,-1,-1,-1,-1,-1,13.922304,1,13.991936
3143,16,16,-1,-1,-1,-1,-1,13.906944,1,14.007296
3144,16,16,-1,-1,-1,-1,-1,13.91104,1,13.976576
3145,16,16,-1,-1,-1,-1,-1,13.913088,1,13.983744
3146,16,16,-1,-1,-1,-1,-1,13.919232,1,14.015488
3147,16,16,-1,-1,-1,-1,-1,13.8752,1,13.940736
3148,16,2032,-1,-1,-1,-1,-1,-1,0,129.640442
3149,16,16,-1,-1,-1,-1,-1,14.056448,1,14.123008
3150,16,16,-1,-1,-1,-1,-1,14.051328,1,14.11072
3151,16,16,-1,-1,-1,-1,-1,13.976576,1,14.022656
3152,16,16,-1,-1,-1,-1,-1,13.958144,1,14.026752
3153,16,1024,-1,-1,-1,-1,-1,-1,0,70.214653
3154,16,16,-1,-1,-1,-1,-1,14.011392,1,14.055424
3155,16,1023,-1,-1,-1,-1,-1,-1,0,70.950912
3156,16,16,-1,-1,-1,-1,-1,13.98272,1,14.046208
3157,16,16,-1,-1,-1,-1,-1,13.96224,1,14.006272
3158,16,16,-1,-1,-1,-1,-1,13.935616,1,13.980672
3159,16,16,-1,-1,-1,-1,-1,13.897728,1,13.964288
3160,16,16,-1,-1,-1,-1,-1,13.887488,1,13.93152
3161,16,1024,-1,-1,-1,-1,-1,-1,0,70.075394
3162,16,16,-1,-1,-1,-1,-1,13.995008,1,14.038016
3163,16,16,-1,-1,-1,-1,-1,13.99296,1,14.038016
3164,16,16,-1,-1,-1,-1,-1,13.915136,1,13.981696
3165,16,16,-1,-1,-1,-1,-1,13.915136,1,13.980672
3166,16,16,-1,-1,-1,-1,-1,13.904896,1,13.971456
3167,16,16,-1,-1,-1,-1,-1,13.90592,1,13.948928
3168,16,16,-1,-1,-1,-1,-1,13.938688,1,14.005248
3169,16,16,-1,-1,-1,-1,-1,13.907968,1,13.973504
3170,16,16,-1,-1,-1,-1,-1,13.85984,1,13.90592
3171,16,16,-1,-1,-1,-1,-1,13.896704,1,13.963264
3172,16,16,-1,-1,-1,-1,-1,13.889536,1,13.955072
3173,16,16,-1,-1,-1,-1,-1,13.956096,1,15.824896
3174,16,16,-1,-1,-1,-1,-1,13.871104,1,13.91616
3175,16,1024,-1,-1,-1,-1,-1,-1,0,69.66272
3176,16,16,-1,-1,-1,-1,-1,14.015488,1,14.05952
3177,16,16,-1,-1,-1,-1,-1,13.986816,1,14.055424
3178,16,16,-1,-1,-1,-1,-1,13.902848,1,13.948928
3179,16,16,-1,-1,-1,-1,-1,13.90592,1,13.949952
3180,16,16,-1,-1,-1,-1,-1,13.942784,1,14.001152
3181,16,16,-1,-1,-1,-1,-1,13.9264,1,13.99296
3182,16,16,-1,-1,-1,-1,-1,13.917184,1,13.983744
3183,16,16,-1,-1,-1,-1,-1,13.944832,1,13.989888
3184,16,16,-1,-1,-1,-1,-1,13.913088,1,13.971456
3185,16,16,-1,-1,-1,-1,-1,13.889536,1,13.95712
3186,16,16,-1,-1,-1,-1,-1,13.896704,1,13.940736
3187,16,16,-1,-1,-1,-1,-1,13.904896,1,13.96224
3188,16,16,-1,-1,-1,-1,-1,13.903872,1,13.969408
3189,16,1024,-1,-1,-1,-1,-1,-1,0,69.880829
3190,16,1024,-1,-1,-1,-1,-1,-1,0,71.383041
3191,16,16,-1,-1,-1,-1,-1,13.996032,1,14.060544
3192,16,16,-1,-1,-1,-1,-1,13.996032,1,14.041088
3193,16,16,-1,-1,-1,-1,-1,13.903872,1,13.968384
3194,16,16,-1,-1,-1,-1,-1,13.888512,1,13.933568
3195,16,16,-1,-1,-1,-1,-1,13.89056,1,13.934592
3196,16,16,-1,-1,-1,-1,-1,13.906944,1,13.974528
3197,16,16,-1,-1,-1,-1,-1,13.902848,1,13.960192
3198,16,16,-1,-1,-1,-1,-1,13.862912,1,13.920256
3199,16,16,-1,-1,-1,-1,-1,13.878272,1,13.923328
3200,16,16,-1,-1,-1,-1,-1,13.882368,1,13.927424
3201,16,16,-1,-1,-1,-1,-1,13.918208,1,13.984768
3202,16,16,-1,-1,-1,-1,-1,13.934592,1,13.978624
3203,16,16,-1,-1,-1,-1,-1,13.925376,1,13.990912
3204,16,16,-1,-1,-1,-1,-1,13.898752,1,13.966336
3205,16,16,-1,-1,-1,-1,-1,13.871104,1,13.937664
3206,16,16,-1,-1,-1,-1,-1,13.887488,1,13.952
3207,16,16,-1,-1,-1,-1,-1,13.8752,1,13.930496
3208,16,16,-1,-1,-1,-1,-1,13.901824,1,13.945856
3209,16,16,-1,-1,-1,-1,-1,13.883392,1,13.948928
3210,16,16,-1,-1,-1,-1,-1,13.882368,1,13.925376
3211,16,16,-1,-1,-1,-1,-1,13.893632,1,13.937664
3212,16,16,-1,-1,-1,-1,-1,13.888512,1,13.952
3213,16,16,-1,-1,-1,-1,-1,13.906944,1,13.969408
3214,16,16,-1,-1,-1,-1,-1,13.929472,1,13.995008
3215,16,16,-1,-1,-1,-1,-1,13.878272,1,13.922304
3216,16,16,-1,-1,-1,-1,-1,13.892608,1,13.93664
3217,16,16,-1,-1,-1,-1,-1,13.906944,1,13.971456
3218,16,1024,-1,-1,-1,-1,-1,-1,0,69.754883
3219,16,16,-1,-1,-1,-1,-1,14.03904,1,14.1056
3220,16,16,-1,-1,-1,-1,-1,13.986816,1,14.0544
3221,16,16,-1,-1,-1,-1,-1,13.96224,1,14.027776
3222,16,16,-1,-1,-1,-1,-1,13.93152,1,13.996032
3223,16,16,-1,-1,-1,-1,-1,13.968384,1,14.03392
3224,16,16,-1,-1,-1,-1,-1,13.913088,1,13.95712
3225,16,16,-1,-1,-1,-1,-1,13.928448,1,13.99296
3226,16,16,-1,-1,-1,-1,-1,13.940736,1,13.98272
3227,16,16,-1,-1,-1,-1,-1,13.950976,1,13.993984
3228,16,16,-1,-1,-1,-1,-1,13.912064,1,13.976576
3229,16,16,-1,-1,-1,-1,-1,13.914112,1,13.969408
3230,16,16,-1,-1,-1,-1,-1,13.920256,1,13.984768
3231,16,16,-1,-1,-1,-1,-1,13.929472,1,13.973504
3232,16,16,-1,-1,-1,-1,-1,13.933568,1,13.976576
3233,16,16,-1,-1,-1,-1,-1,13.910016,1,13.973504
3234,16,16,-1,-1,-1,-1,-1,13.93664,1,14.002176
3235,16,16,-1,-1,-1,-1,-1,13.929472,1,13.986816
3236,16,1024,-1,-1,-1,-1,-1,-1,0,69.620735
3237,16,16,-1,-1,-1,-1,-1,14.041088,1,14.1056
3238,16,16,-1,-1,-1,-1,-1,14.043136,1,14.108672
3239,16,1024,-1,-1,-1,-1,-1,-1,0,70.422531
3240,16,16,-1,-1,-1,-1,-1,14.048256,1,14.09024
3241,16,16,-1,-1,-1,-1,-1,13.99808,1,14.06464
3242,16,16,-1,-1,-1,-1,-1,13.950976,1,13.995008
3243,16,16,-1,-1,-1,-1,-1,13.949952,1,13.993984
3244,16,16,-1,-1,-1,-1,-1,13.961216,1,14.0288
3245,16,16,-1,-1,-1,-1,-1,13.959168,1,14.024704
3246,16,16,-1,-1,-1,-1,-1,13.942784,1,14.010368
3247,16,1024,-1,-1,-1,-1,-1,-1,0,70.116348
3248,16,16,-1,-1,-1,-1,-1,14.0288,1,14.072832
3249,16,16,-1,-1,-1,-1,-1,13.940736,1,14.005248
3250,16,16,-1,-1,-1,-1,-1,13.922304,1,13.98784
3251,16,1024,-1,-1,-1,-1,-1,-1,0,70.194176
3252,16,16,-1,-1,-1,-1,-1,14.000128,1,14.065664
3253,16,16,-1,-1,-1,-1,-1,13.975552,1,14.042112
3254,16,16,-1,-1,-1,-1,-1,13.973504,1,14.040064
3255,16,16,-1,-1,-1,-1,-1,13.948928,1,14.015488
3256,16,1024,-1,-1,-1,-1,-1,-1,0,70.296577
3257,16,16,-1,-1,-1,-1,-1,14.009344,1,14.07488
3258,16,16,-1,-1,-1,-1,-1,13.975552,1,14.019584
3259,16,16,-1,-1,-1,-1,-1,13.901824,1,13.945856
3260,16,16,-1,-1,-1,-1,-1,13.898752,1,13.964288
3261,16,1024,-1,-1,-1,-1,-1,-1,0,70.119423
3262,16,16,-1,-1,-1,-1,-1,13.988864,1,14.053376
3263,16,16,-1,-1,-1,-1,-1,13.958144,1,14.02368
3264,16,1024,-1,-1,-1,-1,-1,-1,0,70.141953
3265,16,16,-1,-1,-1,-1,-1,13.980672,1,14.038016
3266,16,16,-1,-1,-1,-1,-1,13.990912,1,14.057472
3267,16,16,-1,-1,-1,-1,-1,13.955072,1,14.020608
3268,16,16,-1,-1,-1,-1,-1,13.878272,1,13.944832
3269,16,1024,-1,-1,-1,-1,-1,-1,0,70.515709
3270,16,16,-1,-1,-1,-1,-1,14.035968,1,14.101504
3271,16,16,-1,-1,-1,-1,-1,13.974528,1,14.041088
3272,16,16,-1,-1,-1,-1,-1,13.938688,1,14.0032
3273,16,16,-1,-1,-1,-1,-1,13.902848,1,13.968384
3274,16,16,-1,-1,-1,-1,-1,13.906944,1,13.950976
3275,16,16,-1,-1,-1,-1,-1,13.927424,1,13.970432
3276,16,2031,-1,-1,-1,-1,-1,-1,0,129.949692
3277,16,1024,-1,-1,-1,-1,-1,-1,0,72.134659
3278,16,16,-1,-1,-1,-1,-1,14.038016,1,14.082048
3279,16,16,-1,-1,-1,-1,-1,13.969408,1,14.036992
3280,16,16,-1,-1,-1,-1,-1,13.88032,1,13.94688
3281,16,16,-1,-1,-1,-1,-1,13.881344,1,13.925376
3282,16,16,-1,-1,-1,-1,-1,13.868032,1,13.924352
3283,16,16,-1,-1,-1,-1,-1,13.898752,1,13.963264
3284,16,16,-1,-1,-1,-1,-1,13.915136,1,13.980672
3285,16,16,-1,-1,-1,-1,-1,13.932544,1,14.001152
3286,16,16,-1,-1,-1,-1,-1,13.884416,1,13.950976
3287,16,16,-1,-1,-1,-1,-1,13.874176,1,13.940736
3288,16,1024,-1,-1,-1,-1,-1,-1,0,70.035454
3289,16,16,-1,-1,-1,-1,-1,14.009344,1,14.053376
3290,16,16,-1,-1,-1,-1,-1,13.996032,1,14.040064
3291,16,1023,-1,-1,-1,-1,-1,-1,0,70.349823
3292,16,16,-1,-1,-1,-1,-1,14.014464,1,14.082048
3293,16,16,-1,-1,-1,-1,-1,13.96736,1,14.034944
3294,16,16,-1,-1,-1,-1,-1,13.950976,1,13.993984
3295,16,16,-1,-1,-1,-1,-1,13.93664,1,13.99296
3296,16,16,-1,-1,-1,-1,-1,13.903872,1,13.969408
3297,16,16,-1,-1,-1,-1,-1,13.908992,1,13.953024
3298,16,16,-1,-1,-1,-1,-1,13.894656,1,13.959168
3299,16,16,-1,-1,-1,-1,-1,13.893632,1,13.959168
3300,16,16,-1,-1,-1,-1,-1,13.84448,1,13.901824
3301,16,16,-1,-1,-1,-1,-1,13.87008,1,13.9264
3302,16,16,-1,-1,-1,-1,-1,13.91616,1,13.981696
3303,16,16,-1,-1,-1,-1,-1,13.863936,1,13.928448
3304,16,16,-1,-1,-1,-1,-1,13.881344,1,13.94688
3305,16,16,-1,-1,-1,-1,-1,13.867008,1,13.910016
3306,16,16,-1,-1,-1,-1,-1,13.878272,1,13.920256
3307,16,16,-1,-1,-1,-1,-1,13.891584,1,13.935616
3308,16,16,-1,-1,-1,-1,-1,13.896704,1,13.954048
3309,16,16,-1,-1,-1,-1,-1,13.9008,1,13.965312
3310,16,16,-1,-1,-1,-1,-1,13.87008,1,13.912064
3311,16,16,-1,-1,-1,-1,-1,13.828096,1,13.883392
3312,16,1024,-1,-1,-1,-1,-1,-1,0,69.816322
3313,16,16,-1,-1,-1,-1,-1,14.040064,1,14.083072
3314,16,16,-1,-1,-1,-1,-1,14.019584,1,14.077952
3315,16,16,-1,-1,-1,-1,-1,13.961216,1,14.0288
3316,16,16,-1,-1,-1,-1,-1,13.944832,1,14.009344
3317,16,16,-1,-1,-1,-1,-1,13.903872,1,13.96224
3318,16,16,-1,-1,-1,-1,-1,13.899776,1,13.943808
3319,16,16,-1,-1,-1,-1,-1,13.83936,1,13.903872
3320,16,16,-1,-1,-1,-1,-1,13.901824,1,13.96736
3321,16,16,-1,-1,-1,-1,-1,13.935616,1,13.978624
3322,16,16,-1,-1,-1,-1,-1,13.92128,1,13.965312
3323,16,16,-1,-1,-1,-1,-1,13.899776,1,13.942784
3324,16,16,-1,-1,-1,-1,-1,13.876224,1,13.94176
3325,16,16,-1,-1,-1,-1,-1,13.894656,1,13.958144
3326,16,16,-1,-1,-1,-1,-1,13.871104,1,13.915136
3327,16,1024,-1,-1,-1,-1,-1,-1,0,69.850113
3328,16,16,-1,-1,-1,-1,-1,14.02368,1,14.09024
3329,16,16,-1,-1,-1,-1,-1,13.993984,1,14.038016
3330,16,16,-1,-1,-1,-1,-1,13.94688,1,14.01344
3331,16,16,-1,-1,-1,-1,-1,13.915136,1,13.981696
3332,16,16,-1,-1,-1,-1,-1,13.925376,1,13.983744
3333,16,16,-1,-1,-1,-1,-1,13.953024,1,14.016512
3334,16,16,-1,-1,-1,-1,-1,13.93152,1,13.975552
3335,16,16,-1,-1,-1,-1,-1,13.930496,1,13.995008
3336,16,16,-1,-1,-1,-1,-1,13.878272,1,13.93664
3337,16,16,-1,-1,-1,-1,-1,13.884416,1,13.928448
3338,16,16,-1,-1,-1,-1,-1,13.888512,1,13.93152
3339,16,16,-1,-1,-1,-1,-1,13.903872,1,13.94688
3340,16,16,-1,-1,-1,-1,-1,13.91104,1,13.9776
3341,16,1024,-1,-1,-1,-1,-1,-1,0,69.902336
3342,16,16,-1,-1,-1,-1,-1,14.027776,1,14.068736
3343,16,16,-1,-1,-1,-1,-1,14.004224,1,14.070784
3344,16,16,-1,-1,-1,-1,-1,13.96224,1,14.0288
3345,16,16,-1,-1,-1,-1,-1,13.930496,1,13.974528
3346,16,16,-1,-1,-1,-1,-1,13.929472,1,13.973504
3347,16,16,-1,-1,-1,-1,-1,13.897728,1,13.955072
3348,16,16,-1,-1,-1,-1,-1,13.950976,1,14.014464
3349,16,16,-1,-1,-1,-1,-1,13.950976,1,14.015488
3350,16,16,-1,-1,-1,-1,-1,13.942784,1,13.986816
3351,16,16,-1,-1,-1,-1,-1,13.918208,1,13.984768
3352,16,16,-1,-1,-1,-1,-1,13.892608,1,13.959168
3353,16,16,-1,-1,-1,-1,-1,13.915136,1,13.958144
3354,16,16,-1,-1,-1,-1,-1,13.897728,1,13.939712
3355,16,16,-1,-1,-1,-1,-1,13.893632,1,13.93664
3356,16,16,-1,-1,-1,-1,-1,13.9008,1,13.96736
3357,16,16,-1,-1,-1,-1,-1,13.894656,1,13.953024
3358,16,16,-1,-1,-1,-1,-1,13.938688,1,13.98272
3359,16,16,-1,-1,-1,-1,-1,13.919232,1,13.984768
3360,16,1024,-1,-1,-1,-1,-1,-1,0,70.137856
3361,16,16,-1,-1,-1,-1,-1,14.096384,1,14.140416
3362,16,16,-1,-1,-1,-1,-1,14.03392,1,14.077952
3363,16,16,-1,-1,-1,-1,-1,13.996032,1,14.060544
3364,16,16,-1,-1,-1,-1,-1,13.986816,1,14.029824
3365,16,1023,-1,-1,-1,-1,-1,-1,0,70.508545
3366,16,16,-1,-1,-1,-1,-1,14.086144,1,14.15168
3367,16,1024,-1,-1,-1,-1,-1,-1,0,70.769661
3368,16,16,-1,-1,-1,-1,-1,14.035968,1,14.101504
3369,16,16,-1,-1,-1,-1,-1,13.98784,1,14.032896
3370,16,16,-1,-1,-1,-1,-1,13.96736,1,14.012416
3371,16,16,-1,-1,-1,-1,-1,13.89568,1,13.939712
3372,16,16,-1,-1,-1,-1,-1,13.927424,1,13.993984
3373,16,1024,-1,-1,-1,-1,-1,-1,0,70.272003
3374,16,16,-1,-1,-1,-1,-1,14.029824,1,14.073856
3375,16,16,-1,-1,-1,-1,-1,13.986816,1,14.052352
3376,16,16,-1,-1,-1,-1,-1,13.96736,1,14.03392
3377,16,16,-1,-1,-1,-1,-1,13.938688,1,13.98272
3378,16,16,-1,-1,-1,-1,-1,13.904896,1,13.947904
3379,16,16,-1,-1,-1,-1,-1,13.939712,1,13.983744
3380,16,1024,-1,-1,-1,-1,-1,-1,0,70.224899
3381,16,16,-1,-1,-1,-1,-1,14.083072,1,14.139392
3382,16,16,-1,-1,-1,-1,-1,13.991936,1,14.05952
3383,16,16,-1,-1,-1,-1,-1,13.959168,1,14.024704
3384,16,16,-1,-1,-1,-1,-1,13.966336,1,14.03392
3385,16,1024,-1,-1,-1,-1,-1,-1,0,70.060036
3386,16,16,-1,-1,-1,-1,-1,14.027776,1,14.078976
3387,16,16,-1,-1,-1,-1,-1,13.996032,1,14.041088
3388,16,16,-1,-1,-1,-1,-1,13.954048,1,14.019584
3389,16,16,-1,-1,-1,-1,-1,13.898752,1,13.95712
3390,16,16,-1,-1,-1,-1,-1,13.90592,1,13.949952
3391,16,16,-1,-1,-1,-1,-1,13.915136,1,13.979648
3392,16,16,-1,-1,-1,-1,-1,13.952,1,14.011392
3393,16,16,-1,-1,-1,-1,-1,13.943808,1,13.986816
3394,16,1024,-1,-1,-1,-1,-1,-1,0,70.307838
3395,16,16,-1,-1,-1,-1,-1,14.046208,1,14.09024
3396,16,16,-1,-1,-1,-1,-1,13.963264,1,14.0288
3397,16,16,-1,-1,-1,-1,-1,13.927424,1,13.990912
3398,16,16,-1,-1,-1,-1,-1,13.961216,1,14.026752
3399,16,1024,-1,-1,-1,-1,-1,-1,0,69.895164
3400,16,16,-1,-1,-1,-1,-1,14.01344,1,14.077952
3401,16,1024,-1,-1,-1,-1,-1,-1,0,70.786049
3402,16,16,-1,-1,-1,-1,-1,13.963264,1,14.007296
3403,16,16,-1,-1,-1,-1,-1,13.968384,1,14.01344
3404,16,16,-1,-1,-1,-1,-1,13.937664,1,14.0032
3405,16,16,-1,-1,-1,-1,-1,13.887488,1,13.953024
3406,16,16,-1,-1,-1,-1,-1,13.876224,1,13.920256
3407,16,16,-1,-1,-1,-1,-1,13.906944,1,13.97248
3408,16,16,-1,-1,-1,-1,-1,13.9264,1,13.99296
3409,16,16,-1,-1,-1,-1,-1,13.89568,1,13.937664
3410,16,16,-1,-1,-1,-1,-1,13.896704,1,13.960192
3411,16,16,-1,-1,-1,-1,-1,13.907968,1,13.952
3412,16,16,-1,-1,-1,-1,-1,13.886464,1,13.953024
3413,16,1024,-1,-1,-1,-1,-1,-1,0,70.10099
3414,16,16,-1,-1,-1,-1,-1,13.971456,1,14.038016
3415,16,16,-1,-1,-1,-1,-1,13.945856,1,14.012416
3416,16,1024,-1,-1,-1,-1,-1,-1,0,70.301697
3417,16,16,-1,-1,-1,-1,-1,13.984768,1,14.050304
3418,16,16,-1,-1,-1,-1,-1,13.933568,1,13.9776
3419,16,2031,-1,-1,-1,-1,-1,-1,0,129.514496
3420,16,16,-1,-1,-1,-1,-1,14.075904,1,14.134272
3421,16,16,-1,-1,-1,-1,-1,13.90592,1,14.007296
3422,16,16,-1,-1,-1,-1,-1,13.910016,1,13.965312
3423,16,16,-1,-1,-1,-1,-1,13.932544,1,14.01344
3424,16,16,-1,-1,-1,-1,-1,13.877248,1,13.948928
3425,16,16,-1,-1,-1,-1,-1,13.918208,1,13.96736
3426,16,16,-1,-1,-1,-1,-1,13.913088,1,13.978624
3427,16,16,-1,-1,-1,-1,-1,13.90592,1,13.948928
3428,16,16,-1,-1,-1,-1,-1,13.908992,1,13.978624
3429,16,16,-1,-1,-1,-1,-1,13.881344,1,13.969408
3430,16,16,-1,-1,-1,-1,-1,13.851648,1,13.928448
3431,16,16,-1,-1,-1,-1,-1,13.863936,1,13.922304
3432,16,16,-1,-1,-1,-1,-1,13.858816,1,13.922304
3433,16,16,-1,-1,-1,-1,-1,13.86496,1,13.930496
3434,16,16,-1,-1,-1,-1,-1,13.8752,1,13.919232
3435,16,16,-1,-1,-1,-1,-1,13.88544,1,13.949952
3436,16,16,-1,-1,-1,-1,-1,13.9008,1,13.965312
3437,16,16,-1,-1,-1,-1,-1,13.894656,1,13.953024
3438,16,16,-1,-1,-1,-1,-1,13.901824,1,13.944832
3439,16,16,-1,-1,-1,-1,-1,13.917184,1,13.983744
3440,16,16,-1,-1,-1,-1,-1,13.877248,1,13.937664
3441,16,16,-1,-1,-1,-1,-1,13.865984,1,13.908992
3442,16,16,-1,-1,-1,-1,-1,13.904896,1,13.970432
3443,16,16,-1,-1,-1,-1,-1,13.908992,1,13.953024
3444,16,16,-1,-1,-1,-1,-1,13.902848,1,13.96736
3445,16,16,-1,-1,-1,-1,-1,13.896704,1,13.96224
3446,16,16,-1,-1,-1,-1,-1,13.913088,1,13.979648
3447,16,16,-1,-1,-1,-1,-1,13.878272,1,13.94176
3448,16,16,-1,-1,-1,-1,-1,13.877248,1,13.94176
3449,16,16,-1,-1,-1,-1,-1,13.88032,1,13.943808
3450,16,1024,-1,-1,-1,-1,-1,-1,0,69.749763
3451,16,16,-1,-1,-1,-1,-1,14.022656,1,14.086144
3452,16,16,-1,-1,-1,-1,-1,13.958144,1,14.02368
3453,16,16,-1,-1,-1,-1,-1,13.952,1,14.017536
3454,16,16,-1,-1,-1,-1,-1,13.958144,1,14.002176
3455,16,16,-1,-1,-1,-1,-1,13.85984,1,13.924352
3456,16,16,-1,-1,-1,-1,-1,13.884416,1,13.950976
3457,16,16,-1,-1,-1,-1,-1,13.937664,1,13.979648
3458,16,16,-1,-1,-1,-1,-1,13.914112,1,13.978624
3459,16,1024,-1,-1,-1,-1,-1,-1,0,70.360062
3460,16,16,-1,-1,-1,-1,-1,14.058496,1,14.124032
3461,16,16,-1,-1,-1,-1,-1,14.0032,1,14.068736
3462,16,16,-1,-1,-1,-1,-1,13.924352,1,13.989888
3463,16,16,-1,-1,-1,-1,-1,13.9264,1,13.991936
3464,16,16,-1,-1,-1,-1,-1,13.953024,1,14.011392
3465,16,16,-1,-1,-1,-1,-1,13.928448,1,13.993984
3466,16,16,-1,-1,-1,-1,-1,13.919232,1,13.984768
3467,16,16,-1,-1,-1,-1,-1,13.91104,1,13.975552
3468,16,16,-1,-1,-1,-1,-1,13.92128,1,13.985792
3469,16,16,-1,-1,-1,-1,-1,13.908992,1,13.973504
3470,16,16,-1,-1,-1,-1,-1,13.899776,1,13.942784
3471,16,16,-1,-1,-1,-1,-1,13.920256,1,13.96224
3472,16,1024,-1,-1,-1,-1,-1,-1,0,69.903358
3473,16,16,-1,-1,-1,-1,-1,14.012416,1,14.055424
3474,16,16,-1,-1,-1,-1,-1,14.015488,1,14.082048
3475,16,16,-1,-1,-1,-1,-1,13.986816,1,14.051328
3476,16,16,-1,-1,-1,-1,-1,13.925376,1,13.989888
3477,16,16,-1,-1,-1,-1,-1,13.950976,1,14.016512
3478,16,16,-1,-1,-1,-1,-1,13.965312,1,14.0288
3479,16,16,-1,-1,-1,-1,-1,13.95712,1,14.012416
3480,16,16,-1,-1,-1,-1,-1,13.973504,1,14.031872
3481,16,16,-1,-1,-1,-1,-1,13.965312,1,14.031872
3482,16,1024,-1,-1,-1,-1,-1,-1,0,69.651459
3483,16,16,-1,-1,-1,-1,-1,13.995008,1,14.05952
3484,16,16,-1,-1,-1,-1,-1,14.010368,1,14.076928
3485,16,16,-1,-1,-1,-1,-1,13.976576,1,14.055424
3486,16,16,-1,-1,-1,-1,-1,13.944832,1,13.988864
3487,16,16,-1,-1,-1,-1,-1,13.945856,1,13.988864
3488,16,16,-1,-1,-1,-1,-1,13.950976,1,14.017536
3489,16,16,-1,-1,-1,-1,-1,13.949952,1,13.993984
3490,16,16,-1,-1,-1,-1,-1,13.933568,1,13.99808
3491,16,1023,-1,-1,-1,-1,-1,-1,0,69.979134
3492,16,16,-1,-1,-1,-1,-1,14.045184,1,14.102528
3493,16,1024,-1,-1,-1,-1,-1,-1,0,70.755325
3494,16,16,-1,-1,-1,-1,-1,14.045184,1,14.088192
3495,16,16,-1,-1,-1,-1,-1,13.94176,1,14.004224
3496,16,16,-1,-1,-1,-1,-1,13.958144,1,14.02368
3497,16,16,-1,-1,-1,-1,-1,13.95712,1,14.020608
3498,16,1024,-1,-1,-1,-1,-1,-1,0,70.08461
3499,16,16,-1,-1,-1,-1,-1,14.009344,1,14.072832
3500,16,16,-1,-1,-1,-1,-1,14.01856,1,14.07488
3501,16,1023,-1,-1,-1,-1,-1,-1,0,70.230019
3502,16,16,-1,-1,-1,-1,-1,13.981696,1,14.03904
3503,16,16,-1,-1,-1,-1,-1,13.997056,1,14.042112
3504,16,16,-1,-1,-1,-1,-1,13.94688,1,14.010368
3505,16,16,-1,-1,-1,-1,-1,13.932544,1,13.976576
3506,16,16,-1,-1,-1,-1,-1,13.935616,1,14.000128
3507,16,16,-1,-1,-1,-1,-1,13.956096,1,14.020608
3508,16,16,-1,-1,-1,-1,-1,13.944832,1,14.009344
3509,16,16,-1,-1,-1,-1,-1,13.94688,1,14.01344
3510,16,16,-1,-1,-1,-1,-1,13.942784,1,13.985792
3511,16,1024,-1,-1,-1,-1,-1,-1,0,70.124542
3512,16,16,-1,-1,-1,-1,-1,14.00832,1,14.072832
3513,16,16,-1,-1,-1,-1,-1,13.985792,1,14.04416
3514,16,16,-1,-1,-1,-1,-1,13.971456,1,14.038016
3515,16,16,-1,-1,-1,-1,-1,13.90592,1,13.961216
3516,16,16,-1,-1,-1,-1,-1,13.937664,1,14.002176
3517,16,16,-1,-1,-1,-1,-1,13.952,1,13.993984
3518,16,16,-1,-1,-1,-1,-1,13.933568,1,13.99808
3519,16,16,-1,-1,-1,-1,-1,13.970432,1,14.01344
3520,16,16,-1,-1,-1,-1,-1,13.910016,1,13.975552
3521,16,16,-1,-1,-1,-1,-1,13.903872,1,13.947904
3522,16,16,-1,-1,-1,-1,-1,13.902848,1,13.96736
3523,16,1024,-1,-1,-1,-1,-1,-1,0,70.386688
3524,16,1024,-1,-1,-1,-1,-1,-1,0,72.040451
3525,16,16,-1,-1,-1,-1,-1,14.020608,1,14.078976
3526,16,1024,-1,-1,-1,-1,-1,-1,0,70.712318
3527,16,16,-1,-1,-1,-1,-1,14.052352,1,14.109696
3528,16,16,-1,-1,-1,-1,-1,13.997056,1,14.0544
3529,16,16,-1,-1,-1,-1,-1,13.943808,1,14.001152
3530,16,16,-1,-1,-1,-1,-1,13.868032,1,13.933568
3531,16,16,-1,-1,-1,-1,-1,13.912064,1,13.976576
3532,16,16,-1,-1,-1,-1,-1,13.897728,1,13.955072
3533,16,16,-1,-1,-1,-1,-1,13.862912,1,13.904896
3534,16,16,-1,-1,-1,-1,-1,13.919232,1,13.98272
3535,16,16,-1,-1,-1,-1,-1,13.893632,1,13.93664
3536,16,16,-1,-1,-1,-1,-1,13.843456,1,13.898752
3537,16,16,-1,-1,-1,-1,-1,13.855744,1,13.897728
3538,16,1024,-1,-1,-1,-1,-1,-1,0,70.305794
3539,16,16,-1,-1,-1,-1,-1,14.030848,1,14.097408
3540,16,1024,-1,-1,-1,-1,-1,-1,0,71.104515
3541,16,16,-1,-1,-1,-1,-1,14.006272,1,14.070784
3542,16,16,-1,-1,-1,-1,-1,13.923328,1,13.989888
3543,16,16,-1,-1,-1,-1,-1,13.928448,1,13.984768
3544,16,16,-1,-1,-1,-1,-1,13.888512,1,13.93664
3545,16,16,-1,-1,-1,-1,-1,13.897728,1,13.954048
3546,16,16,-1,-1,-1,-1,-1,13.881344,1,13.94688
3547,16,1024,-1,-1,-1,-1,-1,-1,0,70.104065
3548,16,16,-1,-1,-1,-1,-1,14.006272,1,14.071808
3549,16,16,-1,-1,-1,-1,-1,13.973504,1,14.017536
3550,16,16,-1,-1,-1,-1,-1,13.93664,1,14.0032
3551,16,16,-1,-1,-1,-1,-1,13.915136,1,13.958144
3552,16,16,-1,-1,-1,-1,-1,13.85984,1,13.925376
3553,16,1024,-1,-1,-1,-1,-1,-1,0,70.603775
3554,16,16,-1,-1,-1,-1,-1,14.04416,1,14.108672
3555,16,16,-1,-1,-1,-1,-1,13.913088,1,13.971456
3556,16,16,-1,-1,-1,-1,-1,13.929472,1,13.997056
3557,16,16,-1,-1,-1,-1,-1,13.923328,1,13.978624
3558,16,16,-1,-1,-1,-1,-1,13.923328,1,13.988864
3559,16,16,-1,-1,-1,-1,-1,13.90592,1,13.971456
3560,16,16,-1,-1,-1,-1,-1,13.9008,1,13.943808
3561,16,16,-1,-1,-1,-1,-1,13.897728,1,13.939712
3562,16,16,-1,-1,-1,-1,-1,13.874176,1,13.93152
3563,16,16,-1,-1,-1,-1,-1,13.903872,1,13.968384
3564,16,16,-1,-1,-1,-1,-1,13.86496,1,13.906944
3565,16,16,-1,-1,-1,-1,-1,13.851648,1,13.893632
3566,16,16,-1,-1,-1,-1,-1,13.862912,1,13.928448
3567,16,16,-1,-1,-1,-1,-1,13.9264,1,13.969408
3568,16,16,-1,-1,-1,-1,-1,13.879296,1,13.942784
3569,16,16,-1,-1,-1,-1,-1,13.877248,1,13.933568
3570,16,16,-1,-1,-1,-1,-1,13.855744,1,13.920256
3571,16,16,-1,-1,-1,-1,-1,13.857792,1,13.915136
3572,16,16,-1,-1,-1,-1,-1,13.873152,1,13.937664
3573,16,16,-1,-1,-1,-1,-1,13.892608,1,13.956096
3574,16,16,-1,-1,-1,-1,-1,13.869056,1,13.934592
3575,16,16,-1,-1,-1,-1,-1,13.897728,1,13.961216
3576,16,1024,-1,-1,-1,-1,-1,-1,0,69.91053
3577,16,16,-1,-1,-1,-1,-1,14.034944,1,14.077952
3578,16,16,-1,-1,-1,-1,-1,14.020608,1,14.08
3579,16,16,-1,-1,-1,-1,-1,13.990912,1,14.048256
3580,16,16,-1,-1,-1,-1,-1,13.923328,1,13.966336
3581,16,16,-1,-1,-1,-1,-1,13.920256,1,13.964288
3582,16,1024,-1,-1,-1,-1,-1,-1,0,70.126595
3583,16,16,-1,-1,-1,-1,-1,14.04928,1,14.093312
3584,16,16,-1,-1,-1,-1,-1,13.984768,1,14.050304
3585,16,16,-1,-1,-1,-1,-1,13.942784,1,14.00832
3586,16,16,-1,-1,-1,-1,-1,13.910016,1,13.974528
3587,16,16,-1,-1,-1,-1,-1,13.940736,1,14.006272
3588,16,16,-1,-1,-1,-1,-1,13.929472,1,13.996032
3589,16,16,-1,-1,-1,-1,-1,13.979648,1,14.045184
3590,16,16,-1,-1,-1,-1,-1,13.95712,1,14.022656
3591,16,16,-1,-1,-1,-1,-1,13.966336,1,14.036992
3592,16,16,-1,-1,-1,-1,-1,13.917184,1,13.98272
3593,16,16,-1,-1,-1,-1,-1,13.903872,1,13.944832
3594,16,16,-1,-1,-1,-1,-1,13.93152,1,13.996032
3595,16,16,-1,-1,-1,-1,-1,13.902848,1,13.959168
3596,16,1024,-1,-1,-1,-1,-1,-1,0,69.913597
3597,16,16,-1,-1,-1,-1,-1,14.032896,1,14.08
3598,16,16,-1,-1,-1,-1,-1,13.958144,1,14.026752
3599,16,16,-1,-1,-1,-1,-1,13.94688,1,14.007296
3600,16,16,-1,-1,-1,-1,-1,13.939712,1,13.986816
3601,16,16,-1,-1,-1,-1,-1,13.965312,1,14.029824
3602,16,16,-1,-1,-1,-1,-1,13.924352,1,13.981696
3603,16,16,-1,-1,-1,-1,-1,13.92128,1,13.985792
3604,16,16,-1,-1,-1,-1,-1,13.932544,1,14.014464
3605,16,16,-1,-1,-1,-1,-1,13.869056,1,13.94688
3606,16,16,-1,-1,-1,-1,-1,13.938688,1,14.012416
3607,16,16,-1,-1,-1,-1,-1,13.914112,1,13.979648
3608,16,16,-1,-1,-1,-1,-1,13.924352,1,13.988864
3609,16,16,-1,-1,-1,-1,-1,13.910016,1,13.953024
3610,16,16,-1,-1,-1,-1,-1,13.923328,1,13.988864
3611,16,16,-1,-1,-1,-1,-1,13.899776,1,13.956096
3612,16,1024,-1,-1,-1,-1,-1,-1,0,69.673981
3613,16,16,-1,-1,-1,-1,-1,14.032896,1,14.076928
3614,16,16,-1,-1,-1,-1,-1,14.001152,1,14.068736
3615,16,1024,-1,-1,-1,-1,-1,-1,0,70.690819
3616,16,16,-1,-1,-1,-1,-1,14.030848,1,14.073856
3617,16,16,-1,-1,-1,-1,-1,13.990912,1,14.04928
3618,16,16,-1,-1,-1,-1,-1,13.961216,1,14.016512
3619,16,2031,-1,-1,-1,-1,-1,-1,0,129.242111
3620,16,16,-1,-1,-1,-1,-1,14.09536,1,14.16192
3621,16,16,-1,-1,-1,-1,-1,13.99296,1,14.036992
3622,16,16,-1,-1,-1,-1,-1,13.98784,1,14.053376
3623,16,16,-1,-1,-1,-1,-1,13.955072,1,14.017536
3624,16,16,-1,-1,-1,-1,-1,13.919232,1,13.976576
3625,16,16,-1,-1,-1,-1,-1,13.920256,1,13.96224
3626,16,16,-1,-1,-1,-1,-1,13.889536,1,13.953024
3627,16,16,-1,-1,-1,-1,-1,13.897728,1,13.965312
3628,16,16,-1,-1,-1,-1,-1,13.918208,1,13.975552
3629,16,16,-1,-1,-1,-1,-1,13.879296,1,13.923328
3630,16,16,-1,-1,-1,-1,-1,13.876224,1,13.940736
3631,16,16,-1,-1,-1,-1,-1,13.899776,1,13.965312
3632,16,1023,-1,-1,-1,-1,-1,-1,0,69.624832
3633,16,16,-1,-1,-1,-1,-1,14.01856,1,14.08512
3634,16,16,-1,-1,-1,-1,-1,13.9776,1,14.04416
3635,16,16,-1,-1,-1,-1,-1,13.940736,1,14.000128
3636,16,16,-1,-1,-1,-1,-1,13.899776,1,13.965312
3637,16,16,-1,-1,-1,-1,-1,13.925376,1,13.969408
3638,16,16,-1,-1,-1,-1,-1,13.904896,1,13.968384
3639,16,1024,-1,-1,-1,-1,-1,-1,0,69.925888
3640,16,16,-1,-1,-1,-1,-1,14.0288,1,14.128128
3641,16,16,-1,-1,-1,-1,-1,14.001152,1,14.053376
3642,16,16,-1,-1,-1,-1,-1,13.952,1,14.02368
3643,16,16,-1,-1,-1,-1,-1,13.943808,1,14.000128
3644,16,16,-1,-1,-1,-1,-1,13.9264,1,14.026752
3645,16,16,-1,-1,-1,-1,-1,13.940736,1,13.985792
3646,16,16,-1,-1,-1,-1,-1,13.940736,1,14.005248
3647,16,1024,-1,-1,-1,-1,-1,-1,0,70.257668
3648,16,16,-1,-1,-1,-1,-1,14.036992,1,14.084096
3649,16,16,-1,-1,-1,-1,-1,13.974528,1,14.043136
3650,16,16,-1,-1,-1,-1,-1,13.963264,1,14.020608
3651,16,16,-1,-1,-1,-1,-1,13.942784,1,14.007296
3652,16,16,-1,-1,-1,-1,-1,13.919232,1,13.98784
3653,16,16,-1,-1,-1,-1,-1,13.907968,1,13.950976
3654,16,1024,-1,-1,-1,-1,-1,-1,0,70.115326
3655,16,16,-1,-1,-1,-1,-1,14.02368,1,14.088192
3656,16,16,-1,-1,-1,-1,-1,13.988864,1,14.0544
3657,16,16,-1,-1,-1,-1,-1,13.930496,1,13.974528
3658,16,16,-1,-1,-1,-1,-1,13.894656,1,13.93664
3659,16,16,-1,-1,-1,-1,-1,13.932544,1,13.99808
3660,16,16,-1,-1,-1,-1,-1,13.919232,1,13.9776
3661,16,16,-1,-1,-1,-1,-1,13.922304,1,13.965312
3662,16,16,-1,-1,-1,-1,-1,13.924352,1,13.980672
3663,16,1023,-1,-1,-1,-1,-1,-1,0,70.322174
3664,16,16,-1,-1,-1,-1,-1,14.029824,1,14.09536
3665,16,16,-1,-1,-1,-1,-1,13.990912,1,14.057472
3666,16,16,-1,-1,-1,-1,-1,13.9264,1,13.99296
3667,16,1024,-1,-1,-1,-1,-1,-1,0,70.2976
3668,16,1024,-1,-1,-1,-1,-1,-1,0,72.04454
3669,16,16,-1,-1,-1,-1,-1,13.981696,1,14.024704
3670,16,16,-1,-1,-1,-1,-1,13.963264,1,14.0288
3671,16,16,-1,-1,-1,-1,-1,13.915136,1,13.979648
3672,16,1023,-1,-1,-1,-1,-1,-1,0,70.147072
3673,16,16,-1,-1,-1,-1,-1,14.019584,1,14.078976
3674,16,16,-1,-1,-1,-1,-1,13.991936,1,14.034944
3675,16,16,-1,-1,-1,-1,-1,13.903872,1,13.94688
3676,16,16,-1,-1,-1,-1,-1,13.907968,1,13.975552
3677,16,16,-1,-1,-1,-1,-1,13.907968,1,13.950976
3678,16,16,-1,-1,-1,-1,-1,13.920256,1,13.976576
3679,16,16,-1,-1,-1,-1,-1,13.891584,1,13.958144
3680,16,16,-1,-1,-1,-1,-1,13.93664,1,14.002176
3681,16,16,-1,-1,-1,-1,-1,13.918208,1,13.975552
3682,16,16,-1,-1,-1,-1,-1,13.876224,1,13.919232
3683,16,16,-1,-1,-1,-1,-1,13.85472,1,13.920256
3684,16,16,-1,-1,-1,-1,-1,13.874176,1,13.940736
3685,16,16,-1,-1,-1,-1,-1,13.856768,1,13.899776
3686,16,16,-1,-1,-1,-1,-1,13.879296,1,13.94176
3687,16,16,-1,-1,-1,-1,-1,13.922304,1,13.986816
3688,16,1024,-1,-1,-1,-1,-1,-1,0,70.129662
3689,16,16,-1,-1,-1,-1,-1,14.043136,1,14.107648
3690,16,16,-1,-1,-1,-1,-1,13.930496,1,13.974528
3691,16,16,-1,-1,-1,-1,-1,13.96224,1,14.004224
3692,16,16,-1,-1,-1,-1,-1,13.910016,1,13.979648
3693,16,16,-1,-1,-1,-1,-1,13.863936,1,13.908992
3694,16,16,-1,-1,-1,-1,-1,13.923328,1,13.978624
3695,16,16,-1,-1,-1,-1,-1,13.919232,1,13.984768
3696,16,16,-1,-1,-1,-1,-1,13.932544,1,13.997056
3697,16,16,-1,-1,-1,-1,-1,13.89568,1,13.952
3698,16,16,-1,-1,-1,-1,-1,13.878272,1,13.92128
3699,16,16,-1,-1,-1,-1,-1,13.912064,1,13.976576
3700,16,16,-1,-1,-1,-1,-1,13.91616,1,13.980672
3701,16,16,-1,-1,-1,-1,-1,13.930496,1,13.974528
3702,16,16,-1,-1,-1,-1,-1,13.85984,1,13.924352
3703,16,16,-1,-1,-1,-1,-1,13.889536,1,13.953024
3704,16,16,-1,-1,-1,-1,-1,13.942784,1,14.009344
3705,16,1024,-1,-1,-1,-1,-1,-1,0,70.133759
3706,16,16,-1,-1,-1,-1,-1,14.029824,1,14.072832
3707,16,16,-1,-1,-1,-1,-1,13.968384,1,14.011392
3708,16,16,-1,-1,-1,-1,-1,13.903872,1,13.970432
3709,16,16,-1,-1,-1,-1,-1,13.937664,1,13.981696
3710,16,1024,-1,-1,-1,-1,-1,-1,0,70.055939
3711,16,16,-1,-1,-1,-1,-1,14.030848,1,14.097408
3712,16,16,-1,-1,-1,-1,-1,13.995008,1,14.060544
3713,16,16,-1,-1,-1,-1,-1,13.98272,1,14.048256
3714,16,16,-1,-1,-1,-1,-1,13.906944,1,13.949952
3715,16,16,-1,-1,-1,-1,-1,13.928448,1,13.993984
3716,16,16,-1,-1,-1,-1,-1,13.942784,1,14.00832
3717,16,16,-1,-1,-1,-1,-1,13.935616,1,13.979648
3718,16,16,-1,-1,-1,-1,-1,13.954048,1,14.019584
3719,16,16,-1,-1,-1,-1,-1,13.89568,1,13.961216
3720,16,16,-1,-1,-1,-1,-1,13.886464,1,13.950976
3721,16,16,-1,-1,-1,-1,-1,13.922304,1,13.98784
3722,16,16,-1,-1,-1,-1,-1,13.939712,1,13.98272
3723,16,16,-1,-1,-1,-1,-1,13.925376,1,13.96736
3724,16,16,-1,-1,-1,-1,-1,13.932544,1,13.999104
3725,16,16,-1,-1,-1,-1,-1,13.918208,1,13.961216
3726,16,1024,-1,-1,-1,-1,-1,-1,0,70.075394
3727,16,16,-1,-1,-1,-1,-1,14.04928,1,14.113792
3728,16,16,-1,-1,-1,-1,-1,13.968384,1,14.03392
3729,16,16,-1,-1,-1,-1,-1,13.919232,1,13.984768
3730,16,16,-1,-1,-1,-1,-1,13.907968,1,13.950976
3731,16,16,-1,-1,-1,-1,-1,13.915136,1,13.97248
3732,16,16,-1,-1,-1,-1,-1,13.9264,1,13.991936
3733,16,16,-1,-1,-1,-1,-1,13.932544,1,13.976576
3734,16,16,-1,-1,-1,-1,-1,13.954048,1,14.020608
3735,16,16,-1,-1,-1,-1,-1,13.9008,1,13.965312
3736,16,16,-1,-1,-1,-1,-1,13.904896,1,13.970432
3737,16,16,-1,-1,-1,-1,-1,13.928448,1,13.993984
3738,16,1024,-1,-1,-1,-1,-1,-1,0,69.903358
3739,16,16,-1,-1,-1,-1,-1,14.102528,1,14.145536
3740,16,1024,-1,-1,-1,-1,-1,-1,0,71.10144
3741,16,1024,-1,-1,-1,-1,-1,-1,0,71.401474
3742,16,16,-1,-1,-1,-1,-1,14.0032,1,14.070784
3743,16,16,-1,-1,-1,-1,-1,13.973504,1,14.03904
3744,16,16,-1,-1,-1,-1,-1,13.971456,1,14.0288
3745,16,16,-1,-1,-1,-1,-1,13.901824,1,13.96736
3746,16,16,-1,-1,-1,-1,-1,13.923328,1,13.96736
3747,16,16,-1,-1,-1,-1,-1,13.913088,1,13.978624
3748,16,16,-1,-1,-1,-1,-1,13.915136,1,13.979648
3749,16,1024,-1,-1,-1,-1,-1,-1,0,70.298622
3750,16,16,-1,-1,-1,-1,-1,14.048256,1,14.106624
3751,16,16,-1,-1,-1,-1,-1,13.935616,1,14.001152
3752,16,16,-1,-1,-1,-1,-1,13.945856,1,14.011392
3753,16,16,-1,-1,-1,-1,-1,13.965312,1,14.022656
3754,16,16,-1,-1,-1,-1,-1,13.884416,1,13.94176
3755,16,16,-1,-1,-1,-1,-1,13.928448,1,13.971456
3756,16,16,-1,-1,-1,-1,-1,13.913088,1,13.979648
3757,16,16,-1,-1,-1,-1,-1,13.8752,1,13.937664
3758,16,16,-1,-1,-1,-1,-1,13.913088,1,13.978624
3759,16,16,-1,-1,-1,-1,-1,13.910016,1,13.975552
3760,16,1024,-1,-1,-1,-1,-1,-1,0,69.945343
3761,16,16,-1,-1,-1,-1,-1,14.02368,1,14.067712
3762,16,16,-1,-1,-1,-1,-1,13.96224,1,14.005248
3763,16,16,-1,-1,-1,-1,-1,13.93664,1,14.001152
3764,16,1024,-1,-1,-1,-1,-1,-1,0,70.17984
3765,16,16,-1,-1,-1,-1,-1,14.03392,1,14.099456
3766,16,16,-1,-1,-1,-1,-1,13.993984,1,14.060544
3767,16,16,-1,-1,-1,-1,-1,13.94688,1,13.990912
3768,16,16,-1,-1,-1,-1,-1,13.897728,1,13.96224
3769,16,16,-1,-1,-1,-1,-1,13.914112,1,13.979648
3770,16,16,-1,-1,-1,-1,-1,13.935616,1,14.001152
3771,16,16,-1,-1,-1,-1,-1,13.91616,1,13.960192
3772,16,16,-1,-1,-1,-1,-1,13.942784,1,14.007296
3773,16,16,-1,-1,-1,-1,-1,13.906944,1,13.973504
3774,16,1024,-1,-1,-1,-1,-1,-1,0,70.217728
3775,16,16,-1,-1,-1,-1,-1,13.99808,1,14.06464
3776,16,16,-1,-1,-1,-1,-1,13.953024,1,14.021632
3777,16,16,-1,-1,-1,-1,-1,13.974528,1,14.01856
3778,16,16,-1,-1,-1,-1,-1,13.912064,1,13.955072
3779,16,16,-1,-1,-1,-1,-1,13.939712,1,14.006272
3780,16,1024,-1,-1,-1,-1,-1,-1,0,70.299644
3781,16,16,-1,-1,-1,-1,-1,14.065664,1,14.1312
3782,16,1024,-1,-1,-1,-1,-1,-1,0,70.936577
3783,16,16,-1,-1,-1,-1,-1,13.986816,1,14.030848
3784,16,16,-1,-1,-1,-1,-1,13.985792,1,14.050304
3785,16,16,-1,-1,-1,-1,-1,13.968384,1,14.03392
3786,16,1024,-1,-1,-1,-1,-1,-1,0,70.639618
3787,16,16,-1,-1,-1,-1,-1,14.009344,1,14.053376
3788,16,16,-1,-1,-1,-1,-1,13.907968,1,13.973504
3789,16,16,-1,-1,-1,-1,-1,13.920256,1,13.985792
3790,16,16,-1,-1,-1,-1,-1,13.9008,1,13.96736
3791,16,16,-1,-1,-1,-1,-1,13.904896,1,13.947904
3792,16,16,-1,-1,-1,-1,-1,13.848576,1,13.915136
3793,16,1024,-1,-1,-1,-1,-1,-1,0,70.078461
3794,16,16,-1,-1,-1,-1,-1,13.996032,1,14.03904
3795,16,16,-1,-1,-1,-1,-1,13.91104,1,13.9776
3796,16,16,-1,-1,-1,-1,-1,13.920256,1,13.984768
3797,16,16,-1,-1,-1,-1,-1,13.886464,1,13.950976
3798,16,16,-1,-1,-1,-1,-1,13.886464,1,13.959168
3799,16,16,-1,-1,-1,-1,-1,13.889536,1,13.933568
3800,16,16,-1,-1,-1,-1,-1,13.878272,1,13.943808
3801,16,1024,-1,-1,-1,-1,-1,-1,0,69.955582
3802,16,16,-1,-1,-1,-1,-1,14.047232,1,14.112768
3803,16,16,-1,-1,-1,-1,-1,14.026752,1,14.070784
3804,16,16,-1,-1,-1,-1,-1,13.997056,1,14.063616
3805,16,16,-1,-1,-1,-1,-1,13.933568,1,13.990912
3806,16,16,-1,-1,-1,-1,-1,13.912064,1,13.970432
3807,16,16,-1,-1,-1,-1,-1,13.884416,1,13.927424
3808,16,16,-1,-1,-1,-1,-1,13.937664,1,14.002176
3809,16,16,-1,-1,-1,-1,-1,13.923328,1,13.979648
3810,16,16,-1,-1,-1,-1,-1,13.935616,1,13.981696
3811,16,16,-1,-1,-1,-1,-1,13.899776,1,13.94176
3812,16,1024,-1,-1,-1,-1,-1,-1,0,69.956612
3813,16,16,-1,-1,-1,-1,-1,13.99808,1,14.06464
3814,16,16,-1,-1,-1,-1,-1,13.984768,1,14.051328
3815,16,16,-1,-1,-1,-1,-1,13.925376,1,13.980672
3816,16,16,-1,-1,-1,-1,-1,13.88544,1,13.929472
3817,16,16,-1,-1,-1,-1,-1,13.933568,1,14.017536
3818,16,16,-1,-1,-1,-1,-1,13.91616,1,13.980672
3819,16,16,-1,-1,-1,-1,-1,13.919232,1,13.963264
3820,16,16,-1,-1,-1,-1,-1,13.9008,1,13.95712
3821,16,16,-1,-1,-1,-1,-1,13.933568,1,13.99808
3822,16,16,-1,-1,-1,-1,-1,13.894656,1,13.960192
3823,16,16,-1,-1,-1,-1,-1,13.878272,1,13.92128
3824,16,16,-1,-1,-1,-1,-1,13.865984,1,13.923328
3825,16,16,-1,-1,-1,-1,-1,13.892608,1,13.958144
3826,16,16,-1,-1,-1,-1,-1,13.914112,1,13.958144
3827,16,16,-1,-1,-1,-1,-1,13.914112,1,13.95712
3828,16,16,-1,-1,-1,-1,-1,13.920256,1,13.985792
3829,16,2032,-1,-1,-1,-1,-1,-1,0,128.945145
3830,16,16,-1,-1,-1,-1,-1,14.060544,1,14.12608
3831,16,16,-1,-1,-1,-1,-1,14.041088,1,14.087168
3832,16,16,-1,-1,-1,-1,-1,13.961216,1,14.005248
3833,16,16,-1,-1,-1,-1,-1,13.928448,1,13.993984
3834,16,16,-1,-1,-1,-1,-1,13.910016,1,13.9776
3835,16,16,-1,-1,-1,-1,-1,13.930496,1,13.973504
3836,16,16,-1,-1,-1,-1,-1,13.938688,1,14.0032
3837,16,16,-1,-1,-1,-1,-1,13.968384,1,14.03392
3838,16,16,-1,-1,-1,-1,-1,13.958144,1,14.015488
3839,16,16,-1,-1,-1,-1,-1,13.908992,1,13.952
3840,16,16,-1,-1,-1,-1,-1,13.940736,1,14.006272
3841,16,16,-1,-1,-1,-1,-1,13.903872,1,13.968384
3842,16,16,-1,-1,-1,-1,-1,13.906944,1,13.950976
3843,16,16,-1,-1,-1,-1,-1,13.910016,1,13.954048
3844,16,16,-1,-1,-1,-1,-1,13.88544,1,13.950976
3845,16,16,-1,-1,-1,-1,-1,13.908992,1,13.974528
3846,16,831,-1,-1,-1,-1,-1,-1,0,64.888832
3847,16,16,-1,-1,-1,-1,-1,14.038016,1,14.09536
3848,16,16,-1,-1,-1,-1,-1,14.014464,1,14.057472
3849,16,16,-1,-1,-1,-1,-1,13.959168,1,14.02368
3850,16,16,-1,-1,-1,-1,-1,13.93664,1,13.993984
3851,16,16,-1,-1,-1,-1,-1,13.940736,1,13.983744
3852,16,16,-1,-1,-1,-1,-1,13.94688,1,14.011392
3853,16,16,-1,-1,-1,-1,-1,13.94688,1,14.01344
3854,16,16,-1,-1,-1,-1,-1,13.920256,1,13.984768
3855,16,16,-1,-1,-1,-1,-1,13.915136,1,13.958144
3856,16,16,-1,-1,-1,-1,-1,13.933568,1,13.997056
3857,16,16,-1,-1,-1,-1,-1,13.963264,1,14.04416
3858,16,16,-1,-1,-1,-1,-1,13.928448,1,13.97248
3859,16,2032,-1,-1,-1,-1,-1,-1,0,128.936966
3860,16,16,-1,-1,-1,-1,-1,14.1312,1,14.195712
3861,16,16,-1,-1,-1,-1,-1,14.027776,1,14.1312
3862,16,16,-1,-1,-1,-1,-1,13.99296,1,14.050304
3863,16,16,-1,-1,-1,-1,-1,13.971456,1,14.061568
3864,16,16,-1,-1,-1,-1,-1,13.910016,1,13.954048
3865,16,16,-1,-1,-1,-1,-1,13.920256,1,13.976576
3866,16,1024,-1,-1,-1,-1,-1,-1,0,70.532097
3867,16,16,-1,-1,-1,-1,-1,14.04416,1,14.108672
3868,16,16,-1,-1,-1,-1,-1,14.012416,1,14.06464
3869,16,16,-1,-1,-1,-1,-1,13.980672,1,14.047232
3870,16,16,-1,-1,-1,-1,-1,13.991936,1,14.063616
3871,16,16,-1,-1,-1,-1,-1,13.984768,1,14.050304
3872,16,16,-1,-1,-1,-1,-1,13.893632,1,13.989888
3873,16,16,-1,-1,-1,-1,-1,13.965312,1,14.030848
3874,16,16,-1,-1,-1,-1,-1,13.903872,1,13.947904
3875,16,16,-1,-1,-1,-1,-1,13.94176,1,14.00832
3876,16,16,-1,-1,-1,-1,-1,13.958144,1,14.021632
3877,16,16,-1,-1,-1,-1,-1,13.871104,1,13.935616
3878,16,16,-1,-1,-1,-1,-1,13.862912,1,13.927424
3879,16,16,-1,-1,-1,-1,-1,13.925376,1,13.980672
3880,16,16,-1,-1,-1,-1,-1,13.903872,1,13.94688
3881,16,16,-1,-1,-1,-1,-1,13.915136,1,13.979648
3882,16,1024,-1,-1,-1,-1,-1,-1,0,70.373375
3883,16,16,-1,-1,-1,-1,-1,14.038016,1,14.081024
3884,16,16,-1,-1,-1,-1,-1,13.966336,1,14.009344
3885,16,1024,-1,-1,-1,-1,-1,-1,0,70.322174
3886,16,1023,-1,-1,-1,-1,-1,-1,0,71.501823
3887,16,16,-1,-1,-1,-1,-1,14.062592,1,14.12096
3888,16,16,-1,-1,-1,-1,-1,13.995008,1,14.040064
3889,16,16,-1,-1,-1,-1,-1,13.970432,1,14.035968
3890,16,16,-1,-1,-1,-1,-1,13.893632,1,13.938688
3891,16,1024,-1,-1,-1,-1,-1,-1,0,69.855232
3892,16,16,-1,-1,-1,-1,-1,14.041088,1,14.099456
3893,16,16,-1,-1,-1,-1,-1,13.950976,1,14.030848
3894,16,16,-1,-1,-1,-1,-1,13.94176,1,14.00832
3895,16,16,-1,-1,-1,-1,-1,13.954048,1,14.019584
3896,16,16,-1,-1,-1,-1,-1,13.924352,1,13.968384
3897,16,16,-1,-1,-1,-1,-1,13.93664,1,14.002176
3898,16,16,-1,-1,-1,-1,-1,13.930496,1,13.997056
3899,16,16,-1,-1,-1,-1,-1,13.93664,1,13.980672
3900,16,1023,-1,-1,-1,-1,-1,-1,0,69.953537
3901,16,1024,-1,-1,-1,-1,-1,-1,0,72.203262
3902,16,16,-1,-1,-1,-1,-1,14.046208,1,14.09024
3903,16,16,-1,-1,-1,-1,-1,13.94688,1,14.012416
3904,16,16,-1,-1,-1,-1,-1,13.873152,1,13.918208
3905,16,16,-1,-1,-1,-1,-1,13.939712,1,14.006272
3906,16,16,-1,-1,-1,-1,-1,13.955072,1,13.999104
3907,16,16,-1,-1,-1,-1,-1,13.898752,1,13.964288
3908,16,16,-1,-1,-1,-1,-1,13.912064,1,13.969408
3909,16,16,-1,-1,-1,-1,-1,13.914112,1,13.980672
3910,16,16,-1,-1,-1,-1,-1,13.884416,1,13.9264
3911,16,16,-1,-1,-1,-1,-1,13.910016,1,13.97248
3912,16,16,-1,-1,-1,-1,-1,13.90592,1,13.947904
3913,16,16,-1,-1,-1,-1,-1,13.904896,1,13.970432
3914,16,16,-1,-1,-1,-1,-1,13.9008,1,13.96736
3915,16,1024,-1,-1,-1,-1,-1,-1,0,70.388733
3916,16,16,-1,-1,-1,-1,-1,14.027776,1,14.071808
3917,16,16,-1,-1,-1,-1,-1,14.025728,1,14.084096
3918,16,16,-1,-1,-1,-1,-1,14.00832,1,14.053376
3919,16,16,-1,-1,-1,-1,-1,13.94176,1,14.007296
3920,16,16,-1,-1,-1,-1,-1,13.90592,1,13.949952
3921,16,16,-1,-1,-1,-1,-1,13.9008,1,13.96736
3922,16,16,-1,-1,-1,-1,-1,13.94176,1,13.984768
3923,16,1024,-1,-1,-1,-1,-1,-1,0,70.093826
3924,16,16,-1,-1,-1,-1,-1,14.007296,1,14.072832
3925,16,16,-1,-1,-1,-1,-1,13.961216,1,14.027776
3926,16,16,-1,-1,-1,-1,-1,13.960192,1,14.005248
3927,16,16,-1,-1,-1,-1,-1,13.925376,1,13.99296
3928,16,16,-1,-1,-1,-1,-1,13.943808,1,13.98784
3929,16,16,-1,-1,-1,-1,-1,13.902848,1,13.96736
3930,16,16,-1,-1,-1,-1,-1,13.910016,1,13.9776
3931,16,1024,-1,-1,-1,-1,-1,-1,0,69.786621
3932,16,16,-1,-1,-1,-1,-1,14.021632,1,14.065664
3933,16,16,-1,-1,-1,-1,-1,13.98784,1,14.0544
3934,16,16,-1,-1,-1,-1,-1,13.955072,1,13.999104
3935,16,16,-1,-1,-1,-1,-1,13.918208,1,13.983744
3936,16,16,-1,-1,-1,-1,-1,13.937664,1,13.981696
3937,16,16,-1,-1,-1,-1,-1,13.920256,1,13.964288
3938,16,16,-1,-1,-1,-1,-1,13.934592,1,13.978624
3939,16,16,-1,-1,-1,-1,-1,13.917184,1,13.98272
3940,16,1024,-1,-1,-1,-1,-1,-1,0,70.056961
3941,16,16,-1,-1,-1,-1,-1,14.084096,1,14.150656
3942,16,16,-1,-1,-1,-1,-1,14.016512,1,14.062592
3943,16,16,-1,-1,-1,-1,-1,13.981696,1,14.048256
3944,16,16,-1,-1,-1,-1,-1,13.96224,1,14.007296
3945,16,1024,-1,-1,-1,-1,-1,-1,0,70.180862
3946,16,16,-1,-1,-1,-1,-1,14.020608,1,14.087168
3947,16,16,-1,-1,-1,-1,-1,13.956096,1,14.021632
3948,16,16,-1,-1,-1,-1,-1,13.945856,1,13.988864
3949,16,16,-1,-1,-1,-1,-1,13.913088,1,13.980672
3950,16,16,-1,-1,-1,-1,-1,13.897728,1,13.94176
3951,16,1024,-1,-1,-1,-1,-1,-1,0,70.445053
3952,16,16,-1,-1,-1,-1,-1,14.017536,1,14.061568
3953,16,16,-1,-1,-1,-1,-1,14.01344,1,14.058496
3954,16,16,-1,-1,-1,-1,-1,13.937664,1,13.980672
3955,16,16,-1,-1,-1,-1,-1,13.897728,1,13.964288
3956,16,16,-1,-1,-1,-1,-1,13.918208,1,13.983744
3957,16,16,-1,-1,-1,-1,-1,13.925376,1,13.969408
3958,16,16,-1,-1,-1,-1,-1,13.892608,1,13.93664
3959,16,16,-1,-1,-1,-1,-1,13.90592,1,13.97248
3960,16,16,-1,-1,-1,-1,-1,13.925376,1,13.968384
3961,16,16,-1,-1,-1,-1,-1,13.896704,1,13.961216
3962,16,16,-1,-1,-1,-1,-1,13.913088,1,13.980672
3963,16,16,-1,-1,-1,-1,-1,13.903872,1,13.96736
3964,16,16,-1,-1,-1,-1,-1,13.873152,1,13.917184
3965,16,16,-1,-1,-1,-1,-1,13.862912,1,13.920256
3966,16,16,-1,-1,-1,-1,-1,13.920256,1,13.96224
3967,16,16,-1,-1,-1,-1,-1,13.912064,1,13.969408
3968,16,16,-1,-1,-1,-1,-1,13.94688,1,13.990912
3969,16,16,-1,-1,-1,-1,-1,13.94688,1,13.990912
3970,16,16,-1,-1,-1,-1,-1,13.904896,1,13.947904
3971,16,1024,-1,-1,-1,-1,-1,-1,0,70.033409
3972,16,16,-1,-1,-1,-1,-1,14.03904,1,14.104576
3973,16,16,-1,-1,-1,-1,-1,13.986816,1,14.031872
3974,16,16,-1,-1,-1,-1,-1,13.963264,1,14.007296
3975,16,16,-1,-1,-1,-1,-1,13.95712,1,13.999104
3976,16,16,-1,-1,-1,-1,-1,13.923328,1,13.966336
3977,16,16,-1,-1,-1,-1,-1,13.924352,1,13.990912
3978,16,16,-1,-1,-1,-1,-1,13.944832,1,14.0032
3979,16,16,-1,-1,-1,-1,-1,13.950976,1,14.009344
3980,16,16,-1,-1,-1,-1,-1,13.899776,1,13.943808
3981,16,16,-1,-1,-1,-1,-1,13.928448,1,13.993984
3982,16,16,-1,-1,-1,-1,-1,13.902848,1,13.944832
3983,16,1023,-1,-1,-1,-1,-1,-1,0,69.703682
3984,16,16,-1,-1,-1,-1,-1,14.066688,1,14.132224
3985,16,16,-1,-1,-1,-1,-1,14.05952,1,14.1056
3986,16,16,-1,-1,-1,-1,-1,13.990912,1,14.036992
3987,16,16,-1,-1,-1,-1,-1,13.98784,1,14.0544
3988,16,16,-1,-1,-1,-1,-1,13.930496,1,13.995008
3989,16,16,-1,-1,-1,-1,-1,13.929472,1,13.97248
3990,16,16,-1,-1,-1,-1,-1,13.950976,1,13.993984
3991,16,16,-1,-1,-1,-1,-1,13.907968,1,13.953024
3992,16,16,-1,-1,-1,-1,-1,13.974528,1,14.019584
3993,16,16,-1,-1,-1,-1,-1,13.938688,1,13.996032
3994,16,16,-1,-1,-1,-1,-1,13.910016,1,13.98272
3995,16,1024,-1,-1,-1,-1,-1,-1,0,70.111229
3996,16,16,-1,-1,-1,-1,-1,14.031872,1,14.07488
3997,16,16,-1,-1,-1,-1,-1,13.950976,1,14.01856
3998,16,1024,-1,-1,-1,-1,-1,-1,0,70.665215
3999,16,16,-1,-1,-1,-1,-1,14.029824,1,14.087168
4000,16,16,-1,-1,-1,-1,-1,13.92128,1,13.981696
4001,16,16,-1,-1,-1,-1,-1,13.9776,1,14.020608
4002,16,16,-1,-1,-1,-1,-1,13.947904,1,13.991936
4003,16,1024,-1,-1,-1,-1,-1,-1,0,70.075394
4004,16,16,-1,-1,-1,-1,-1,14.005248,1,14.06464
4005,16,16,-1,-1,-1,-1,-1,14.016512,1,14.061568
4006,16,1024,-1,-1,-1,-1,-1,-1,0,70.595581
4007,16,16,-1,-1,-1,-1,-1,14.00832,1,14.0544
4008,16,16,-1,-1,-1,-1,-1,14.002176,1,14.048256
4009,16,16,-1,-1,-1,-1,-1,13.930496,1,13.996032
4010,16,16,-1,-1,-1,-1,-1,13.970432,1,14.014464
4011,16,16,-1,-1,-1,-1,-1,13.970432,1,14.036992
4012,16,16,-1,-1,-1,-1,-1,13.907968,1,13.953024
4013,16,16,-1,-1,-1,-1,-1,13.928448,1,13.996032
4014,16,1024,-1,-1,-1,-1,-1,-1,0,70.150146
4015,16,16,-1,-1,-1,-1,-1,14.093312,1,14.157824
4016,16,16,-1,-1,-1,-1,-1,13.98272,1,14.04928
4017,16,16,-1,-1,-1,-1,-1,13.94176,1,13.984768
4018,16,16,-1,-1,-1,-1,-1,13.98272,1,14.026752
4019,16,16,-1,-1,-1,-1,-1,13.904896,1,13.971456
4020,16,16,-1,-1,-1,-1,-1,13.903872,1,13.961216
4021,16,16,-1,-1,-1,-1,-1,13.953024,1,13.996032
4022,16,16,-1,-1,-1,-1,-1,13.93664,1,13.997056
4023,16,16,-1,-1,-1,-1,-1,13.910016,1,13.954048
4024,16,16,-1,-1,-1,-1,-1,13.89568,1,13.940736
4025,16,16,-1,-1,-1,-1,-1,13.91104,1,13.975552
4026,16,2032,-1,-1,-1,-1,-1,-1,0,129.125381
4027,16,16,-1,-1,-1,-1,-1,14.142464,1,14.209024
4028,16,16,-1,-1,-1,-1,-1,14.021632,1,14.065664
4029,16,16,-1,-1,-1,-1,-1,13.980672,1,14.048256
4030,16,16,-1,-1,-1,-1,-1,13.901824,1,13.960192
4031,16,16,-1,-1,-1,-1,-1,13.898752,1,13.955072
4032,16,16,-1,-1,-1,-1,-1,13.901824,1,13.969408
4033,16,16,-1,-1,-1,-1,-1,13.919232,1,13.964288
4034,16,16,-1,-1,-1,-1,-1,13.933568,1,13.976576
4035,16,16,-1,-1,-1,-1,-1,13.920256,1,13.984768
4036,16,16,-1,-1,-1,-1,-1,13.891584,1,13.956096
4037,16,1024,-1,-1,-1,-1,-1,-1,0,69.763069
4038,16,16,-1,-1,-1,-1,-1,14.048256,1,14.135296
4039,16,16,-1,-1,-1,-1,-1,14.051328,1,14.09536
4040,16,16,-1,-1,-1,-1,-1,13.96736,1,14.011392
4041,16,16,-1,-1,-1,-1,-1,13.954048,1,14.019584
4042,16,16,-1,-1,-1,-1,-1,13.973504,1,14.040064
4043,16,16,-1,-1,-1,-1,-1,13.914112,1,13.980672
4044,16,16,-1,-1,-1,-1,-1,13.944832,1,13.986816
4045,16,16,-1,-1,-1,-1,-1,13.899776,1,13.943808
4046,16,1024,-1,-1,-1,-1,-1,-1,0,70.110207
4047,16,16,-1,-1,-1,-1,-1,14.056448,1,14.121984
4048,16,16,-1,-1,-1,-1,-1,13.973504,1,14.041088
4049,16,16,-1,-1,-1,-1,-1,13.93664,1,13.981696
4050,16,16,-1,-1,-1,-1,-1,13.91104,1,13.955072
4051,16,1024,-1,-1,-1,-1,-1,-1,0,69.921791
4052,16,1024,-1,-1,-1,-1,-1,-1,0,71.386108
4053,16,16,-1,-1,-1,-1,-1,14.025728,1,14.09024
4054,16,16,-1,-1,-1,-1,-1,13.944832,1,14.011392
4055,16,16,-1,-1,-1,-1,-1,13.947904,1,13.990912
4056,16,1024,-1,-1,-1,-1,-1,-1,0,70.120445
4057,16,16,-1,-1,-1,-1,-1,14.061568,1,14.127104
4058,16,16,-1,-1,-1,-1,-1,13.997056,1,14.057472
4059,16,16,-1,-1,-1,-1,-1,13.959168,1,14.02368
4060,16,16,-1,-1,-1,-1,-1,13.898752,1,13.942784
4061,16,16,-1,-1,-1,-1,-1,13.923328,1,13.96736
4062,16,16,-1,-1,-1,-1,-1,13.862912,1,13.928448
4063,16,16,-1,-1,-1,-1,-1,13.913088,1,13.974528
4064,16,16,-1,-1,-1,-1,-1,13.912064,1,13.9776
4065,16,16,-1,-1,-1,-1,-1,13.898752,1,13.942784
4066,16,16,-1,-1,-1,-1,-1,13.92128,1,13.965312
4067,16,16,-1,-1,-1,-1,-1,13.868032,1,13.930496
4068,16,16,-1,-1,-1,-1,-1,13.889536,1,13.954048
4069,16,16,-1,-1,-1,-1,-1,13.886464,1,13.953024
4070,16,16,-1,-1,-1,-1,-1,13.858816,1,13.923328
4071,16,16,-1,-1,-1,-1,-1,13.896704,1,13.939712
4072,16,16,-1,-1,-1,-1,-1,13.863936,1,13.928448
4073,16,16,-1,-1,-1,-1,-1,13.851648,1,13.920256
4074,16,16,-1,-1,-1,-1,-1,13.908992,1,13.974528
4075,16,16,-1,-1,-1,-1,-1,13.878272,1,13.940736
4076,16,16,-1,-1,-1,-1,-1,13.9008,1,13.943808
4077,16,16,-1,-1,-1,-1,-1,13.853696,1,13.896704
4078,16,16,-1,-1,-1,-1,-1,13.850624,1,13.908992
4079,16,16,-1,-1,-1,-1,-1,13.886464,1,13.943808
4080,16,16,-1,-1,-1,-1,-1,13.83936,1,13.896704
4081,16,1024,-1,-1,-1,-1,-1,-1,0,69.87571
4082,16,16,-1,-1,-1,-1,-1,14.048256,1,14.092288
4083,16,1024,-1,-1,-1,-1,-1,-1,0,71.034882
4084,16,16,-1,-1,-1,-1,-1,13.995008,1,14.05952
4085,16,16,-1,-1,-1,-1,-1,13.979648,1,14.040064
4086,16,16,-1,-1,-1,-1,-1,13.973504,1,14.040064
4087,16,16,-1,-1,-1,-1,-1,13.930496,1,13.974528
4088,16,16,-1,-1,-1,-1,-1,13.93152,1,13.98784
4089,16,16,-1,-1,-1,-1,-1,13.91104,1,13.955072
4090,16,16,-1,-1,-1,-1,-1,13.906944,1,13.975552
4091,16,16,-1,-1,-1,-1,-1,13.938688,1,14.0032
4092,16,16,-1,-1,-1,-1,-1,13.892608,1,13.93664
4093,16,1024,-1,-1,-1,-1,-1,-1,0,69.953537
4094,16,16,-1,-1,-1,-1,-1,14.03904,1,14.104576
4095,16,16,-1,-1,-1,-1,-1,13.937664,1,13.983744
4096,16,16,-1,-1,-1,-1,-1,13.889536,1,13.954048
4097,16,16,-1,-1,-1,-1,-1,13.933568,1,13.99808
4098,16,16,-1,-1,-1,-1,-1,13.930496,1,13.973504
4099,16,16,-1,-1,-1,-1,-1,13.908992,1,13.975552
4100,16,16,-1,-1,-1,-1,-1,13.95712,1,14.021632
4101,16,16,-1,-1,-1,-1,-1,13.928448,1,13.99296
4102,16,16,-1,-1,-1,-1,-1,13.93152,1,13.997056
4103,16,16,-1,-1,-1,-1,-1,13.90592,1,13.949952
4104,16,16,-1,-1,-1,-1,-1,13.933568,1,13.989888
4105,16,16,-1,-1,-1,-1,-1,13.9264,1,13.970432
4106,16,16,-1,-1,-1,-1,-1,13.94176,1,14.000128
4107,16,16,-1,-1,-1,-1,-1,13.930496,1,13.993984
4108,16,16,-1,-1,-1,-1,-1,13.899776,1,13.942784
4109,16,16,-1,-1,-1,-1,-1,13.846528,1,13.910016
4110,16,16,-1,-1,-1,-1,-1,13.898752,1,13.965312
4111,16,16,-1,-1,-1,-1,-1,13.943808,1,13.988864
4112,16,16,-1,-1,-1,-1,-1,13.881344,1,13.94688
4113,16,16,-1,-1,-1,-1,-1,13.908992,1,13.975552
4114,16,16,-1,-1,-1,-1,-1,13.912064,1,13.955072
4115,16,16,-1,-1,-1,-1,-1,13.912064,1,13.978624
4116,16,1024,-1,-1,-1,-1,-1,-1,0,69.919746
4117,16,16,-1,-1,-1,-1,-1,14.081024,1,14.14656
4118,16,16,-1,-1,-1,-1,-1,14.019584,1,14.083072
4119,16,16,-1,-1,-1,-1,-1,13.98784,1,14.030848
4120,16,16,-1,-1,-1,-1,-1,13.960192,1,14.024704
4121,16,16,-1,-1,-1,-1,-1,13.953024,1,13.995008
4122,16,16,-1,-1,-1,-1,-1,13.925376,1,13.990912
4123,16,1024,-1,-1,-1,-1,-1,-1,0,70.556671
4124,16,16,-1,-1,-1,-1,-1,14.061568,1,14.1056
4125,16,1024,-1,-1,-1,-1,-1,-1,0,70.96627
4126,16,16,-1,-1,-1,-1,-1,14.03904,1,14.1056
4127,16,16,-1,-1,-1,-1,-1,13.98272,1,14.027776
4128,16,16,-1,-1,-1,-1,-1,13.939712,1,13.98272
4129,16,16,-1,-1,-1,-1,-1,13.959168,1,14.02368
4130,16,1024,-1,-1,-1,-1,-1,-1,0,70.412285
4131,16,16,-1,-1,-1,-1,-1,14.04928,1,14.116864
4132,16,16,-1,-1,-1,-1,-1,14.047232,1,14.112768
4133,16,16,-1,-1,-1,-1,-1,13.976576,1,14.041088
4134,16,16,-1,-1,-1,-1,-1,13.937664,1,13.980672
4135,16,16,-1,-1,-1,-1,-1,13.958144,1,14.001152
4136,16,16,-1,-1,-1,-1,-1,13.928448,1,13.993984
4137,16,16,-1,-1,-1,-1,-1,13.93664,1,13.980672
4138,16,16,-1,-1,-1,-1,-1,13.929472,1,13.993984
4139,16,16,-1,-1,-1,-1,-1,13.927424,1,13.99296
4140,16,16,-1,-1,-1,-1,-1,13.917184,1,13.959168
4141,16,16,-1,-1,-1,-1,-1,13.899776,1,13.965312
4142,16,16,-1,-1,-1,-1,-1,13.85472,1,13.919232
4143,16,16,-1,-1,-1,-1,-1,13.878272,1,13.922304
4144,16,1024,-1,-1,-1,-1,-1,-1,0,70.127617
4145,16,16,-1,-1,-1,-1,-1,14.029824,1,14.096384
4146,16,16,-1,-1,-1,-1,-1,14.016512,1,14.083072
4147,16,1024,-1,-1,-1,-1,-1,-1,0,70.499329
4148,16,16,-1,-1,-1,-1,-1,14.026752,1,14.087168
4149,16,16,-1,-1,-1,-1,-1,14.004224,1,14.076928
4150,16,16,-1,-1,-1,-1,-1,13.94688,1,13.990912
4151,16,16,-1,-1,-1,-1,-1,13.943808,1,13.99296
4152,16,16,-1,-1,-1,-1,-1,13.89056,1,13.95712
4153,16,16,-1,-1,-1,-1,-1,13.906944,1,13.950976
4154,16,16,-1,-1,-1,-1,-1,13.928448,1,14.000128
4155,16,16,-1,-1,-1,-1,-1,13.91104,1,13.97248
4156,16,16,-1,-1,-1,-1,-1,13.927424,1,13.99808
4157,16,16,-1,-1,-1,-1,-1,13.861888,1,13.952
4158,16,16,-1,-1,-1,-1,-1,13.907968,1,14.017536
4159,16,1023,-1,-1,-1,-1,-1,-1,0,70.354942
4160,16,16,-1,-1,-1,-1,-1,14.022656,1,14.089216
4161,16,16,-1,-1,-1,-1,-1,13.938688,1,14.0032
4162,16,1024,-1,-1,-1,-1,-1,-1,0,70.265854
4163,16,1024,-1,-1,-1,-1,-1,-1,0,72.146942
4164,16,16,-1,-1,-1,-1,-1,14.022656,1,14.089216
4165,16,16,-1,-1,-1,-1,-1,13.953024,1,13.996032
4166,16,1024,-1,-1,-1,-1,-1,-1,0,70.204414
4167,16,16,-1,-1,-1,-1,-1,14.005248,1,14.04928
4168,16,16,-1,-1,-1,-1,-1,13.959168,1,14.024704
4169,16,16,-1,-1,-1,-1,-1,13.952,1,13.996032
4170,16,16,-1,-1,-1,-1,-1,13.919232,1,13.984768
4171,16,1024,-1,-1,-1,-1,-1,-1,0,70.526978
4172,16,16,-1,-1,-1,-1,-1,13.990912,1,14.036992
4173,16,16,-1,-1,-1,-1,-1,13.937664,1,13.995008
4174,16,16,-1,-1,-1,-1,-1,13.91616,1,13.960192
4175,16,16,-1,-1,-1,-1,-1,13.954048,1,13.99808
4176,16,16,-1,-1,-1,-1,-1,13.929472,1,13.98784
4177,16,16,-1,-1,-1,-1,-1,13.917184,1,13.980672
4178,16,16,-1,-1,-1,-1,-1,13.892608,1,13.958144
4179,16,2032,-1,-1,-1,-1,-1,-1,0,129.608704
4180,16,16,-1,-1,-1,-1,-1,14.03904,1,14.1056
4181,16,16,-1,-1,-1,-1,-1,14.075904,1,14.121984
4182,16,16,-1,-1,-1,-1,-1,13.945856,1,14.0032
4183,16,16,-1,-1,-1,-1,-1,13.887488,1,13.93152
4184,16,16,-1,-1,-1,-1,-1,13.902848,1,13.94688
4185,16,16,-1,-1,-1,-1,-1,13.888512,1,13.932544
4186,16,16,-1,-1,-1,-1,-1,13.902848,1,13.947904
4187,16,16,-1,-1,-1,-1,-1,13.9008,1,13.95712
4188,16,16,-1,-1,-1,-1,-1,13.93152,1,13.975552
4189,16,16,-1,-1,-1,-1,-1,13.88544,1,13.953024
4190,16,16,-1,-1,-1,-1,-1,13.91104,1,13.954048
4191,16,16,-1,-1,-1,-1,-1,13.887488,1,13.93152
4192,16,16,-1,-1,-1,-1,-1,13.924352,1,13.991936
4193,16,16,-1,-1,-1,-1,-1,13.930496,1,13.996032
4194,16,16,-1,-1,-1,-1,-1,13.906944,1,13.966336
4195,16,16,-1,-1,-1,-1,-1,13.89568,1,13.958144
4196,16,16,-1,-1,-1,-1,-1,13.906944,1,13.97248
4197,16,16,-1,-1,-1,-1,-1,13.872128,1,13.91616
4198,16,16,-1,-1,-1,-1,-1,13.898752,1,13.963264
4199,16,16,-1,-1,-1,-1,-1,13.910016,1,13.956096
4200,16,16,-1,-1,-1,-1,-1,13.879296,1,13.923328
4201,16,1024,-1,-1,-1,-1,-1,-1,0,69.707779
4202,16,16,-1,-1,-1,-1,-1,14.020608,1,14.06464
4203,16,16,-1,-1,-1,-1,-1,13.984768,1,14.045184
4204,16,16,-1,-1,-1,-1,-1,13.92128,1,13.965312
4205,16,16,-1,-1,-1,-1,-1,13.965312,1,14.031872
4206,16,1024,-1,-1,-1,-1,-1,-1,0,70.015999
4207,16,16,-1,-1,-1,-1,-1,14.056448,1,14.10048
4208,16,16,-1,-1,-1,-1,-1,13.976576,1,14.046208
4209,16,16,-1,-1,-1,-1,-1,13.961216,1,14.007296
4210,16,16,-1,-1,-1,-1,-1,13.966336,1,14.03904
4211,16,16,-1,-1,-1,-1,-1,13.933568,1,14.017536
4212,16,1024,-1,-1,-1,-1,-1,-1,0,70.704124
4213,16,16,-1,-1,-1,-1,-1,14.035968,1,14.078976
4214,16,16,-1,-1,-1,-1,-1,13.92128,1,13.986816
4215,16,16,-1,-1,-1,-1,-1,13.9008,1,13.944832
4216,16,16,-1,-1,-1,-1,-1,13.881344,1,13.9264
4217,16,16,-1,-1,-1,-1,-1,13.910016,1,13.975552
4218,16,16,-1,-1,-1,-1,-1,13.94176,1,13.985792
4219,16,16,-1,-1,-1,-1,-1,13.9264,1,13.98272
4220,16,16,-1,-1,-1,-1,-1,13.881344,1,13.925376
4221,16,16,-1,-1,-1,-1,-1,13.930496,1,13.996032
4222,16,16,-1,-1,-1,-1,-1,13.882368,1,13.945856
4223,16,16,-1,-1,-1,-1,-1,13.867008,1,13.910016
4224,16,16,-1,-1,-1,-1,-1,13.89056,1,13.956096
4225,16,16,-1,-1,-1,-1,-1,13.92128,1,13.963264
4226,16,16,-1,-1,-1,-1,-1,13.917184,1,13.98272
4227,16,16,-1,-1,-1,-1,-1,13.922304,1,13.98784
4228,16,16,-1,-1,-1,-1,-1,13.9008,1,13.964288
4229,16,16,-1,-1,-1,-1,-1,13.915136,1,13.958144
4230,16,16,-1,-1,-1,-1,-1,13.904896,1,13.970432
4231,16,16,-1,-1,-1,-1,-1,13.92128,1,13.965312
4232,16,16,-1,-1,-1,-1,-1,13.94176,1,13.999104
4233,16,16,-1,-1,-1,-1,-1,13.940736,1,14.005248
4234,16,16,-1,-1,-1,-1,-1,13.928448,1,13.97248
4235,16,16,-1,-1,-1,-1,-1,13.944832,1,14.00832
4236,16,16,-1,-1,-1,-1,-1,13.9264,1,13.969408
4237,16,16,-1,-1,-1,-1,-1,13.907968,1,13.973504
4238,16,16,-1,-1,-1,-1,-1,13.917184,1,13.981696
4239,16,16,-1,-1,-1,-1,-1,13.917184,1,13.961216
4240,16,16,-1,-1,-1,-1,-1,13.901824,1,13.96736
4241,16,16,-1,-1,-1,-1,-1,13.928448,1,13.971456
4242,16,16,-1,-1,-1,-1,-1,13.948928,1,14.01344
4243,16,16,-1,-1,-1,-1,-1,13.886464,1,13.953024
4244,16,1024,-1,-1,-1,-1,-1,-1,0,69.677055
4245,16,16,-1,-1,-1,-1,-1,14.04416,1,14.088192
4246,16,16,-1,-1,-1,-1,-1,14.026752,1,14.092288
4247,16,2032,-1,-1,-1,-1,-1,-1,0,129.681412
4248,16,16,-1,-1,-1,-1,-1,14.063616,1,14.107648
4249,16,16,-1,-1,-1,-1,-1,14.020608,1,14.077952
4250,16,16,-1,-1,-1,-1,-1,13.9776,1,14.021632
4251,16,1024,-1,-1,-1,-1,-1,-1,0,70.764542
4252,16,16,-1,-1,-1,-1,-1,14.050304,1,14.094336
4253,16,16,-1,-1,-1,-1,-1,13.969408,1,14.01344
4254,16,16,-1,-1,-1,-1,-1,13.906944,1,13.965312
4255,16,16,-1,-1,-1,-1,-1,13.899776,1,13.943808
4256,16,16,-1,-1,-1,-1,-1,13.93152,1,13.997056
4257,16,16,-1,-1,-1,-1,-1,13.902848,1,13.94688
4258,16,16,-1,-1,-1,-1,-1,13.930496,1,13.99296
4259,16,16,-1,-1,-1,-1,-1,13.940736,1,14.006272
4260,16,16,-1,-1,-1,-1,-1,13.896704,1,13.963264
4261,16,16,-1,-1,-1,-1,-1,13.925376,1,13.969408
4262,16,16,-1,-1,-1,-1,-1,13.902848,1,13.959168
4263,16,16,-1,-1,-1,-1,-1,13.928448,1,13.993984
4264,16,16,-1,-1,-1,-1,-1,13.906944,1,13.952
4265,16,16,-1,-1,-1,-1,-1,13.907968,1,13.971456
4266,16,16,-1,-1,-1,-1,-1,13.893632,1,13.937664
4267,16,16,-1,-1,-1,-1,-1,13.898752,1,13.964288
4268,16,16,-1,-1,-1,-1,-1,13.894656,1,13.938688
4269,16,16,-1,-1,-1,-1,-1,13.899776,1,13.943808
4270,16,1024,-1,-1,-1,-1,-1,-1,0,69.733376
4271,16,16,-1,-1,-1,-1,-1,14.061568,1,14.1056
4272,16,16,-1,-1,-1,-1,-1,14.043136,1,14.108672
4273,16,16,-1,-1,-1,-1,-1,14.001152,1,14.046208
4274,16,16,-1,-1,-1,-1,-1,13.974528,1,14.040064
4275,16,16,-1,-1,-1,-1,-1,13.930496,1,13.996032
4276,16,16,-1,-1,-1,-1,-1,13.925376,1,13.989888
4277,16,16,-1,-1,-1,-1,-1,13.940736,1,13.983744
4278,16,16,-1,-1,-1,-1,-1,13.917184,1,13.983744
4279,16,16,-1,-1,-1,-1,-1,13.943808,1,14.000128
4280,16,16,-1,-1,-1,-1,-1,13.89568,1,13.939712
4281,16,1024,-1,-1,-1,-1,-1,-1,0,69.832703
4282,16,16,-1,-1,-1,-1,-1,14.07488,1,14.118912
4283,16,16,-1,-1,-1,-1,-1,14.104576,1,14.17216
4284,16,16,-1,-1,-1,-1,-1,14.035968,1,14.08
4285,16,16,-1,-1,-1,-1,-1,13.965312,1,14.009344
4286,16,16,-1,-1,-1,-1,-1,13.920256,1,13.986816
4287,16,16,-1,-1,-1,-1,-1,13.913088,1,13.956096
4288,16,16,-1,-1,-1,-1,-1,13.939712,1,14.005248
4289,16,1024,-1,-1,-1,-1,-1,-1,0,70.299644
4290,16,16,-1,-1,-1,-1,-1,14.024704,1,14.091264
4291,16,16,-1,-1,-1,-1,-1,13.952,1,14.019584
4292,16,16,-1,-1,-1,-1,-1,13.93664,1,14.0032
4293,16,16,-1,-1,-1,-1,-1,13.906944,1,13.950976
4294,16,16,-1,-1,-1,-1,-1,13.871104,1,13.935616
4295,16,16,-1,-1,-1,-1,-1,13.878272,1,13.945856
4296,16,16,-1,-1,-1,-1,-1,13.898752,1,13.940736
4297,16,16,-1,-1,-1,-1,-1,13.91616,1,13.981696
4298,16,2031,-1,-1,-1,-1,-1,-1,0,129.682434
4299,16,16,-1,-1,-1,-1,-1,14.061568,1,14.121984
4300,16,16,-1,-1,-1,-1,-1,14.04416,1,14.089216
4301,16,16,-1,-1,-1,-1,-1,13.934592,1,13.979648
4302,16,16,-1,-1,-1,-1,-1,13.942784,1,14.001152
4303,16,1024,-1,-1,-1,-1,-1,-1,0,70.235138
4304,16,16,-1,-1,-1,-1,-1,13.9776,1,14.020608
4305,16,1024,-1,-1,-1,-1,-1,-1,0,70.593536
4306,16,16,-1,-1,-1,-1,-1,13.955072,1,14.01344
4307,16,1024,-1,-1,-1,-1,-1,-1,0,70.621185
4308,16,16,-1,-1,-1,-1,-1,13.980672,1,14.052352
4309,16,16,-1,-1,-1,-1,-1,13.97248,1,14.016512
4310,16,16,-1,-1,-1,-1,-1,13.897728,1,13.942784
4311,16,16,-1,-1,-1,-1,-1,13.91104,1,13.979648
4312,16,16,-1,-1,-1,-1,-1,13.893632,1,13.948928
4313,16,1024,-1,-1,-1,-1,-1,-1,0,70.557693
4314,16,16,-1,-1,-1,-1,-1,13.983744,1,14.052352
4315,16,16,-1,-1,-1,-1,-1,14.007296,1,14.091264
4316,16,16,-1,-1,-1,-1,-1,13.943808,1,13.986816
4317,16,1024,-1,-1,-1,-1,-1,-1,0,70.031357
4318,16,16,-1,-1,-1,-1,-1,13.9776,1,14.04416
4319,16,16,-1,-1,-1,-1,-1,13.993984,1,14.061568
4320,16,16,-1,-1,-1,-1,-1,13.956096,1,14.002176
4321,16,16,-1,-1,-1,-1,-1,13.91104,1,13.976576
4322,16,16,-1,-1,-1,-1,-1,13.91104,1,13.955072
4323,16,16,-1,-1,-1,-1,-1,13.917184,1,13.981696
4324,16,16,-1,-1,-1,-1,-1,13.889536,1,13.963264
4325,16,16,-1,-1,-1,-1,-1,13.874176,1,13.919232
4326,16,16,-1,-1,-1,-1,-1,13.881344,1,13.9264
4327,16,16,-1,-1,-1,-1,-1,13.861888,1,13.927424
4328,16,16,-1,-1,-1,-1,-1,13.868032,1,13.912064
4329,16,16,-1,-1,-1,-1,-1,13.891584,1,13.958144
4330,16,16,-1,-1,-1,-1,-1,13.920256,1,13.976576
4331,16,16,-1,-1,-1,-1,-1,13.894656,1,13.961216
4332,16,16,-1,-1,-1,-1,-1,13.89568,1,13.938688
4333,16,16,-1,-1,-1,-1,-1,13.87008,1,13.94176
4334,16,16,-1,-1,-1,-1,-1,13.851648,1,13.918208
4335,16,1024,-1,-1,-1,-1,-1,-1,0,69.697533
4336,16,16,-1,-1,-1,-1,-1,13.966336,1,14.010368
4337,16,16,-1,-1,-1,-1,-1,13.976576,1,14.04416
4338,16,16,-1,-1,-1,-1,-1,13.956096,1,14.001152
4339,16,16,-1,-1,-1,-1,-1,13.922304,1,13.986816
4340,16,16,-1,-1,-1,-1,-1,13.91616,1,13.974528
4341,16,16,-1,-1,-1,-1,-1,13.897728,1,13.94176
4342,16,16,-1,-1,-1,-1,-1,13.881344,1,13.9264
4343,16,16,-1,-1,-1,-1,-1,13.898752,1,13.958144
4344,16,16,-1,-1,-1,-1,-1,13.879296,1,13.923328
4345,16,16,-1,-1,-1,-1,-1,13.86496,1,13.93152
4346,16,16,-1,-1,-1,-1,-1,13.913088,1,13.978624
4347,16,16,-1,-1,-1,-1,-1,13.902848,1,13.968384
4348,16,16,-1,-1,-1,-1,-1,13.89568,1,13.939712
4349,16,16,-1,-1,-1,-1,-1,13.877248,1,13.942784
4350,16,1023,-1,-1,-1,-1,-1,-1,0,70.394882
4351,16,16,-1,-1,-1,-1,-1,14.061568,1,14.128128
4352,16,16,-1,-1,-1,-1,-1,13.96224,1,14.006272
4353,16,16,-1,-1,-1,-1,-1,13.913088,1,13.980672
4354,16,16,-1,-1,-1,-1,-1,13.970432,1,14.014464
4355,16,16,-1,-1,-1,-1,-1,13.90592,1,13.96224
4356,16,16,-1,-1,-1,-1,-1,13.897728,1,13.961216
4357,16,16,-1,-1,-1,-1,-1,13.9264,1,13.969408
4358,16,16,-1,-1,-1,-1,-1,13.927424,1,13.97248
4359,16,16,-1,-1,-1,-1,-1,13.90592,1,13.963264
4360,16,16,-1,-1,-1,-1,-1,13.929472,1,13.973504
4361,16,16,-1,-1,-1,-1,-1,13.899776,1,13.965312
4362,16,16,-1,-1,-1,-1,-1,13.883392,1,13.948928
4363,16,16,-1,-1,-1,-1,-1,13.91616,1,13.981696
4364,16,1024,-1,-1,-1,-1,-1,-1,0,70.233086
4365,16,16,-1,-1,-1,-1,-1,14.03904,1,14.104576
4366,16,16,-1,-1,-1,-1,-1,13.990912,1,14.055424
4367,16,16,-1,-1,-1,-1,-1,13.899776,1,13.96736
4368,16,16,-1,-1,-1,-1,-1,13.948928,1,13.99296
4369,16,16,-1,-1,-1,-1,-1,13.930496,1,13.995008
4370,16,1024,-1,-1,-1,-1,-1,-1,0,69.956612
4371,16,16,-1,-1,-1,-1,-1,14.034944,1,14.099456
4372,16,1024,-1,-1,-1,-1,-1,-1,0,70.575104
4373,16,16,-1,-1,-1,-1,-1,14.038016,1,14.082048
4374,16,16,-1,-1,-1,-1,-1,14.012416,1,14.056448
4375,16,16,-1,-1,-1,-1,-1,14.005248,1,14.04928
4376,16,1024,-1,-1,-1,-1,-1,-1,0,70.588417
4377,16,16,-1,-1,-1,-1,-1,14.004224,1,14.06976
4378,16,16,-1,-1,-1,-1,-1,13.99808,1,14.063616
4379,16,16,-1,-1,-1,-1,-1,13.981696,1,14.047232
4380,16,16,-1,-1,-1,-1,-1,13.927424,1,13.99296
4381,16,16,-1,-1,-1,-1,-1,13.938688,1,13.995008
4382,16,16,-1,-1,-1,-1,-1,13.918208,1,13.98272
4383,16,16,-1,-1,-1,-1,-1,13.93152,1,13.988864
4384,16,16,-1,-1,-1,-1,-1,13.959168,1,14.0032
4385,16,16,-1,-1,-1,-1,-1,13.964288,1,14.027776
4386,16,16,-1,-1,-1,-1,-1,13.90592,1,13.970432
4387,16,16,-1,-1,-1,-1,-1,13.881344,1,13.945856
4388,16,16,-1,-1,-1,-1,-1,13.933568,1,13.993984
4389,16,16,-1,-1,-1,-1,-1,13.93152,1,13.975552
4390,16,16,-1,-1,-1,-1,-1,13.94688,1,13.990912
4391,16,16,-1,-1,-1,-1,-1,13.906944,1,13.949952
4392,16,1024,-1,-1,-1,-1,-1,-1,0,69.93306
4393,16,16,-1,-1,-1,-1,-1,14.073856,1,14.14144
4394,16,16,-1,-1,-1,-1,-1,14.000128,1,14.058496
4395,16,16,-1,-1,-1,-1,-1,13.945856,1,14.00832
4396,16,16,-1,-1,-1,-1,-1,13.98784,1,14.053376
4397,16,16,-1,-1,-1,-1,-1,13.961216,1,14.02368
4398,16,16,-1,-1,-1,-1,-1,13.937664,1,13.980672
4399,16,16,-1,-1,-1,-1,-1,13.954048,1,14.012416
4400,16,16,-1,-1,-1,-1,-1,13.929472,1,13.973504
4401,16,1023,-1,-1,-1,-1,-1,-1,0,70.610947
4402,16,16,-1,-1,-1,-1,-1,14.03904,1,14.104576
4403,16,16,-1,-1,-1,-1,-1,14.040064,1,14.114816
4404,16,16,-1,-1,-1,-1,-1,13.968384,1,14.03392
4405,16,16,-1,-1,-1,-1,-1,13.945856,1,13.988864
4406,16,16,-1,-1,-1,-1,-1,13.937664,1,13.981696
4407,16,16,-1,-1,-1,-1,-1,13.98784,1,14.030848
4408,16,16,-1,-1,-1,-1,-1,13.960192,1,14.01856
4409,16,16,-1,-1,-1,-1,-1,13.9264,1,13.990912
4410,16,16,-1,-1,-1,-1,-1,13.961216,1,14.026752
4411,16,16,-1,-1,-1,-1,-1,13.902848,1,13.958144
4412,16,16,-1,-1,-1,-1,-1,13.89568,1,13.96224
4413,16,16,-1,-1,-1,-1,-1,13.929472,1,13.993984
4414,16,16,-1,-1,-1,-1,-1,13.934592,1,13.978624
4415,16,1024,-1,-1,-1,-1,-1,-1,0,70.198273
4416,16,16,-1,-1,-1,-1,-1,14.073856,1,14.11584
4417,16,16,-1,-1,-1,-1,-1,13.99808,1,14.06464
4418,16,16,-1,-1,-1,-1,-1,13.94176,1,14.000128
4419,16,16,-1,-1,-1,-1,-1,13.93152,1,13.988864
4420,16,16,-1,-1,-1,-1,-1,13.894656,1,13.959168
4421,16,16,-1,-1,-1,-1,-1,13.94176,1,13.984768
4422,16,16,-1,-1,-1,-1,-1,13.937664,1,13.980672
4423,16,16,-1,-1,-1,-1,-1,13.930496,1,13.984768
4424,16,1024,-1,-1,-1,-1,-1,-1,0,70.10611
4425,16,16,-1,-1,-1,-1,-1,14.050304,1,14.107648
4426,16,16,-1,-1,-1,-1,-1,14.024704,1,14.09024
4427,16,16,-1,-1,-1,-1,-1,13.919232,1,13.984768
4428,16,1024,-1,-1,-1,-1,-1,-1,0,70.39283
4429,16,16,-1,-1,-1,-1,-1,13.98272,1,14.048256
4430,16,16,-1,-1,-1,-1,-1,13.999104,1,14.04416
4431,16,16,-1,-1,-1,-1,-1,13.964288,1,14.029824
4432,16,16,-1,-1,-1,-1,-1,13.939712,1,13.984768
4433,16,1024,-1,-1,-1,-1,-1,-1,0,70.112259
4434,16,16,-1,-1,-1,-1,-1,14.029824,1,14.097408
4435,16,1023,-1,-1,-1,-1,-1,-1,0,70.693886
4436,16,1023,-1,-1,-1,-1,-1,-1,0,72.048637
4437,16,16,-1,-1,-1,-1,-1,14.06976,1,14.134272
4438,16,1024,-1,-1,-1,-1,-1,-1,0,71.447556
4439,16,16,-1,-1,-1,-1,-1,14.032896,1,14.078976
4440,16,16,-1,-1,-1,-1,-1,13.95712,1,14.024704
4441,16,16,-1,-1,-1,-1,-1,13.899776,1,13.96224
4442,16,1024,-1,-1,-1,-1,-1,-1,0,70.001663
4443,16,16,-1,-1,-1,-1,-1,14.056448,1,14.10048
4444,16,16,-1,-1,-1,-1,-1,13.99808,1,14.065664
4445,16,16,-1,-1,-1,-1,-1,13.999104,1,14.043136
4446,16,16,-1,-1,-1,-1,-1,13.950976,1,13.993984
4447,16,16,-1,-1,-1,-1,-1,13.88032,1,13.944832
4448,16,16,-1,-1,-1,-1,-1,13.935616,1,13.978624
4449,16,16,-1,-1,-1,-1,-1,13.965312,1,14.020608
4450,16,16,-1,-1,-1,-1,-1,13.94176,1,14.00832
4451,16,16,-1,-1,-1,-1,-1,13.922304,1,13.966336
4452,16,16,-1,-1,-1,-1,-1,13.944832,1,14.012416
4453,16,16,-1,-1,-1,-1,-1,13.894656,1,13.960192
4454,16,16,-1,-1,-1,-1,-1,13.892608,1,13.956096
4455,16,16,-1,-1,-1,-1,-1,13.91104,1,13.954048
4456,16,16,-1,-1,-1,-1,-1,13.907968,1,13.98272
4457,16,16,-1,-1,-1,-1,-1,13.887488,1,13.932544
4458,16,16,-1,-1,-1,-1,-1,13.925376,1,13.988864
4459,16,16,-1,-1,-1,-1,-1,13.902848,1,13.944832
4460,16,1024,-1,-1,-1,-1,-1,-1,0,69.761024
4461,16,16,-1,-1,-1,-1,-1,14.071808,1,14.114816
4462,16,16,-1,-1,-1,-1,-1,13.975552,1,14.02368
4463,16,16,-1,-1,-1,-1,-1,13.956096,1,14.022656
4464,16,16,-1,-1,-1,-1,-1,13.978624,1,14.021632
4465,16,16,-1,-1,-1,-1,-1,13.975552,1,14.047232
4466,16,16,-1,-1,-1,-1,-1,13.898752,1,13.964288
4467,16,16,-1,-1,-1,-1,-1,13.913088,1,13.95712
4468,16,16,-1,-1,-1,-1,-1,13.952,1,14.01856
4469,16,16,-1,-1,-1,-1,-1,13.879296,1,13.944832
4470,16,16,-1,-1,-1,-1,-1,13.906944,1,13.971456
4471,16,16,-1,-1,-1,-1,-1,13.874176,1,13.917184
4472,16,16,-1,-1,-1,-1,-1,13.894656,1,13.961216
4473,16,16,-1,-1,-1,-1,-1,13.899776,1,13.94176
4474,16,16,-1,-1,-1,-1,-1,13.92128,1,13.9776
4475,16,16,-1,-1,-1,-1,-1,13.888512,1,13.932544
4476,16,16,-1,-1,-1,-1,-1,13.93152,1,13.997056
4477,16,16,-1,-1,-1,-1,-1,13.922304,1,13.963264
4478,16,16,-1,-1,-1,-1,-1,13.919232,1,13.96224
4479,16,16,-1,-1,-1,-1,-1,13.89568,1,13.960192
4480,16,16,-1,-1,-1,-1,-1,13.91104,1,13.955072
4481,16,16,-1,-1,-1,-1,-1,13.903872,1,13.968384
4482,16,1024,-1,-1,-1,-1,-1,-1,0,69.693443
4483,16,16,-1,-1,-1,-1,-1,14.041088,1,14.08512
4484,16,16,-1,-1,-1,-1,-1,14.016512,1,14.083072
4485,16,16,-1,-1,-1,-1,-1,13.964288,1,14.0288
4486,16,1024,-1,-1,-1,-1,-1,-1,0,69.984253
4487,16,16,-1,-1,-1,-1,-1,14.015488,1,14.058496
4488,16,16,-1,-1,-1,-1,-1,14.005248,1,14.071808
4489,16,16,-1,-1,-1,-1,-1,13.969408,1,14.01344
4490,16,16,-1,-1,-1,-1,-1,13.950976,1,14.00832
4491,16,16,-1,-1,-1,-1,-1,13.934592,1,13.978624
4492,16,16,-1,-1,-1,-1,-1,13.985792,1,14.053376
4493,16,16,-1,-1,-1,-1,-1,13.939712,1,13.98272
4494,16,16,-1,-1,-1,-1,-1,13.965312,1,14.00832
4495,16,1024,-1,-1,-1,-1,-1,-1,0,70.188034
4496,16,16,-1,-1,-1,-1,-1,14.035968,1,14.078976
4497,16,16,-1,-1,-1,-1,-1,14.0032,1,14.060544
4498,16,16,-1,-1,-1,-1,-1,13.948928,1,14.014464
4499,16,16,-1,-1,-1,-1,-1,13.9264,1,13.969408
4500,16,16,-1,-1,-1,-1,-1,13.91104,1,13.976576
4501,16,16,-1,-1,-1,-1,-1,13.898752,1,13.96224
4502,16,1024,-1,-1,-1,-1,-1,-1,0,70.468605
4503,16,16,-1,-1,-1,-1,-1,14.045184,1,14.087168
4504,16,16,-1,-1,-1,-1,-1,14.022656,1,14.09024
4505,16,16,-1,-1,-1,-1,-1,14.009344,1,14.052352
4506,16,16,-1,-1,-1,-1,-1,13.944832,1,14.012416
4507,16,16,-1,-1,-1,-1,-1,13.897728,1,13.94176
4508,16,16,-1,-1,-1,-1,-1,13.90592,1,13.97248
4509,16,1024,-1,-1,-1,-1,-1,-1,0,69.777405
4510,16,16,-1,-1,-1,-1,-1,14.029824,1,14.073856
4511,16,16,-1,-1,-1,-1,-1,14.004224,1,14.070784
4512,16,16,-1,-1,-1,-1,-1,13.985792,1,14.0288
4513,16,16,-1,-1,-1,-1,-1,13.93152,1,13.988864
4514,16,16,-1,-1,-1,-1,-1,13.9264,1,13.990912
4515,16,16,-1,-1,-1,-1,-1,13.907968,1,13.952
4516,16,16,-1,-1,-1,-1,-1,13.963264,1,14.0288
4517,16,16,-1,-1,-1,-1,-1,13.919232,1,13.983744
4518,16,16,-1,-1,-1,-1,-1,13.896704,1,13.955072
4519,16,16,-1,-1,-1,-1,-1,13.879296,1,13.922304
4520,16,16,-1,-1,-1,-1,-1,13.913088,1,13.979648
4521,16,16,-1,-1,-1,-1,-1,13.92128,1,13.964288
4522,16,16,-1,-1,-1,-1,-1,13.882368,1,13.947904
4523,16,16,-1,-1,-1,-1,-1,13.897728,1,13.939712
4524,16,16,-1,-1,-1,-1,-1,13.914112,1,13.979648
4525,16,16,-1,-1,-1,-1,-1,13.91616,1,13.979648
4526,16,16,-1,-1,-1,-1,-1,13.919232,1,13.961216
4527,16,16,-1,-1,-1,-1,-1,13.935616,1,14.000128
4528,16,16,-1,-1,-1,-1,-1,13.913088,1,13.956096
4529,16,16,-1,-1,-1,-1,-1,13.881344,1,13.940736
4530,16,1024,-1,-1,-1,-1,-1,-1,0,69.790718
4531,16,16,-1,-1,-1,-1,-1,14.025728,1,14.067712
4532,16,1024,-1,-1,-1,-1,-1,-1,0,70.749184
4533,16,16,-1,-1,-1,-1,-1,14.022656,1,14.087168
4534,16,16,-1,-1,-1,-1,-1,14.01856,1,14.076928
4535,16,16,-1,-1,-1,-1,-1,13.922304,1,13.965312
4536,16,16,-1,-1,-1,-1,-1,13.914112,1,13.9776
4537,16,16,-1,-1,-1,-1,-1,13.965312,1,14.016512
4538,16,16,-1,-1,-1,-1,-1,13.94688,1,14.01344
4539,16,16,-1,-1,-1,-1,-1,13.98272,1,14.03904
4540,16,16,-1,-1,-1,-1,-1,13.964288,1,14.020608
4541,16,1024,-1,-1,-1,-1,-1,-1,0,70.026237
4542,16,16,-1,-1,-1,-1,-1,14.022656,1,14.066688
4543,16,16,-1,-1,-1,-1,-1,14.0032,1,14.060544
4544,16,16,-1,-1,-1,-1,-1,14.030848,1,14.076928
4545,16,16,-1,-1,-1,-1,-1,13.96736,1,14.024704
4546,16,16,-1,-1,-1,-1,-1,13.947904,1,14.01344
4547,16,16,-1,-1,-1,-1,-1,13.927424,1,13.969408
4548,16,16,-1,-1,-1,-1,-1,13.979648,1,14.038016
4549,16,16,-1,-1,-1,-1,-1,13.953024,1,14.011392
4550,16,16,-1,-1,-1,-1,-1,13.973504,1,14.041088
4551,16,16,-1,-1,-1,-1,-1,13.938688,1,13.983744
4552,16,16,-1,-1,-1,-1,-1,13.891584,1,13.949952
4553,16,1023,-1,-1,-1,-1,-1,-1,0,69.890045
4554,16,1024,-1,-1,-1,-1,-1,-1,0,72.040451
4555,16,16,-1,-1,-1,-1,-1,14.04416,1,14.087168
4556,16,16,-1,-1,-1,-1,-1,13.976576,1,14.043136
4557,16,16,-1,-1,-1,-1,-1,13.989888,1,14.057472
4558,16,1024,-1,-1,-1,-1,-1,-1,0,70.253571
4559,16,1024,-1,-1,-1,-1,-1,-1,0,71.424004
4560,16,16,-1,-1,-1,-1,-1,14.024704,1,14.068736
4561,16,16,-1,-1,-1,-1,-1,14.032896,1,14.077952
4562,16,1024,-1,-1,-1,-1,-1,-1,0,70.632446
4563,16,16,-1,-1,-1,-1,-1,14.029824,1,14.073856
4564,16,16,-1,-1,-1,-1,-1,13.981696,1,14.040064
4565,16,16,-1,-1,-1,-1,-1,13.96736,1,14.031872
4566,16,1024,-1,-1,-1,-1,-1,-1,0,70.477821
4567,16,16,-1,-1,-1,-1,-1,14.009344,1,14.0544
4568,16,16,-1,-1,-1,-1,-1,13.959168,1,14.010368
4569,16,16,-1,-1,-1,-1,-1,13.908992,1,13.952
4570,16,16,-1,-1,-1,-1,-1,13.904896,1,13.963264
4571,16,16,-1,-1,-1,-1,-1,13.845504,1,13.889536
4572,16,16,-1,-1,-1,-1,-1,13.888512,1,13.954048
4573,16,16,-1,-1,-1,-1,-1,13.918208,1,13.984768
4574,16,1008,-1,-1,-1,-1,-1,-1,0,69.986305
4575,16,16,-1,-1,-1,-1,-1,13.999104,1,14.06464
4576,16,16,-1,-1,-1,-1,-1,13.99296,1,14.038016
4577,16,16,-1,-1,-1,-1,-1,13.964288,1,14.009344
4578,16,16,-1,-1,-1,-1,-1,13.943808,1,14.001152
4579,16,16,-1,-1,-1,-1,-1,13.948928,1,13.99296
4580,16,16,-1,-1,-1,-1,-1,13.938688,1,14.004224
4581,16,16,-1,-1,-1,-1,-1,13.910016,1,13.953024
4582,16,16,-1,-1,-1,-1,-1,13.925376,1,13.990912
4583,16,16,-1,-1,-1,-1,-1,13.912064,1,13.955072
4584,16,16,-1,-1,-1,-1,-1,13.892608,1,13.934592
4585,16,16,-1,-1,-1,-1,-1,13.871104,1,13.914112
4586,16,16,-1,-1,-1,-1,-1,13.938688,1,13.996032
4587,16,16,-1,-1,-1,-1,-1,13.860864,1,13.903872
4588,16,16,-1,-1,-1,-1,-1,13.887488,1,13.952
4589,16,16,-1,-1,-1,-1,-1,13.888512,1,13.953024
4590,16,16,-1,-1,-1,-1,-1,13.865984,1,13.929472
4591,16,16,-1,-1,-1,-1,-1,13.901824,1,13.96736
4592,16,16,-1,-1,-1,-1,-1,13.871104,1,13.915136
4593,16,16,-1,-1,-1,-1,-1,13.891584,1,13.935616
4594,16,16,-1,-1,-1,-1,-1,13.89056,1,13.955072
4595,16,1024,-1,-1,-1,-1,-1,-1,0,69.996544
4596,16,16,-1,-1,-1,-1,-1,14.041088,1,14.098432
4597,16,16,-1,-1,-1,-1,-1,13.983744,1,14.027776
4598,16,16,-1,-1,-1,-1,-1,13.953024,1,14.01856
4599,16,16,-1,-1,-1,-1,-1,13.96736,1,14.011392
4600,16,16,-1,-1,-1,-1,-1,13.947904,1,13.991936
4601,16,16,-1,-1,-1,-1,-1,13.948928,1,13.99296
4602,16,16,-1,-1,-1,-1,-1,13.923328,1,13.980672
4603,16,16,-1,-1,-1,-1,-1,13.93664,1,13.979648
4604,16,1024,-1,-1,-1,-1,-1,-1,0,69.677055
4605,16,16,-1,-1,-1,-1,-1,14.030848,1,14.089216
4606,16,16,-1,-1,-1,-1,-1,13.973504,1,14.041088
4607,16,1024,-1,-1,-1,-1,-1,-1,0,70.412285
4608,16,16,-1,-1,-1,-1,-1,14.026752,1,14.070784
4609,16,16,-1,-1,-1,-1,-1,13.966336,1,14.011392
4610,16,16,-1,-1,-1,-1,-1,13.96224,1,14.035968
4611,16,16,-1,-1,-1,-1,-1,13.939712,1,13.997056
4612,16,16,-1,-1,-1,-1,-1,13.918208,1,13.983744
4613,16,16,-1,-1,-1,-1,-1,13.924352,1,13.968384
4614,16,1024,-1,-1,-1,-1,-1,-1,0,69.946365
4615,16,16,-1,-1,-1,-1,-1,14.000128,1,14.043136
4616,16,16,-1,-1,-1,-1,-1,13.965312,1,14.009344
4617,16,16,-1,-1,-1,-1,-1,13.965312,1,14.009344
4618,16,16,-1,-1,-1,-1,-1,13.96736,1,14.03392
4619,16,16,-1,-1,-1,-1,-1,13.944832,1,13.98784
4620,16,16,-1,-1,-1,-1,-1,13.919232,1,13.983744
4621,16,16,-1,-1,-1,-1,-1,13.94688,1,14.012416
4622,16,16,-1,-1,-1,-1,-1,13.966336,1,14.031872
4623,16,16,-1,-1,-1,-1,-1,13.915136,1,13.98272
4624,16,16,-1,-1,-1,-1,-1,13.88544,1,13.927424
4625,16,16,-1,-1,-1,-1,-1,13.904896,1,13.952
4626,16,16,-1,-1,-1,-1,-1,13.904896,1,13.970432
4627,16,16,-1,-1,-1,-1,-1,13.913088,1,13.9776
4628,16,16,-1,-1,-1,-1,-1,13.908992,1,13.96736
4629,16,16,-1,-1,-1,-1,-1,13.908992,1,13.952
4630,16,16,-1,-1,-1,-1,-1,13.888512,1,13.954048
4631,16,16,-1,-1,-1,-1,-1,13.897728,1,13.940736
4632,16,16,-1,-1,-1,-1,-1,13.901824,1,13.944832
4633,16,16,-1,-1,-1,-1,-1,13.932544,1,13.975552
4634,16,16,-1,-1,-1,-1,-1,13.906944,1,13.971456
4635,16,16,-1,-1,-1,-1,-1,13.935616,1,13.9776
4636,16,16,-1,-1,-1,-1,-1,13.918208,1,13.98272
4637,16,16,-1,-1,-1,-1,-1,13.901824,1,13.96736
4638,16,16,-1,-1,-1,-1,-1,13.91616,1,13.976576
4639,16,16,-1,-1,-1,-1,-1,13.891584,1,13.95712
4640,16,16,-1,-1,-1,-1,-1,13.871104,1,13.922304
4641,16,1024,-1,-1,-1,-1,-1,-1,0,69.858307
4642,16,16,-1,-1,-1,-1,-1,14.065664,1,14.132224
4643,16,16,-1,-1,-1,-1,-1,13.99808,1,14.06464
4644,16,16,-1,-1,-1,-1,-1,13.970432,1,14.035968
4645,16,16,-1,-1,-1,-1,-1,13.952,1,13.996032
4646,16,16,-1,-1,-1,-1,-1,13.956096,1,14.022656
4647,16,1024,-1,-1,-1,-1,-1,-1,0,70.227966
4648,16,16,-1,-1,-1,-1,-1,14.086144,1,14.130176
4649,16,16,-1,-1,-1,-1,-1,13.959168,1,14.00832
4650,16,1024,-1,-1,-1,-1,-1,-1,0,70.154243
4651,16,16,-1,-1,-1,-1,-1,14.066688,1,14.109696
4652,16,16,-1,-1,-1,-1,-1,13.96736,1,14.024704
4653,16,16,-1,-1,-1,-1,-1,13.95712,1,14.02368
4654,16,16,-1,-1,-1,-1,-1,14.007296,1,14.07488
4655,16,16,-1,-1,-1,-1,-1,13.96224,1,14.0288
4656,16,16,-1,-1,-1,-1,-1,13.920256,1,13.963264
4657,16,16,-1,-1,-1,-1,-1,13.970432,1,14.035968
4658,16,1024,-1,-1,-1,-1,-1,-1,0,70.070274
4659,16,16,-1,-1,-1,-1,-1,14.077952,1,14.143488
4660,16,16,-1,-1,-1,-1,-1,14.048256,1,14.093312
4661,16,16,-1,-1,-1,-1,-1,13.919232,1,13.963264
4662,16,16,-1,-1,-1,-1,-1,13.93664,1,14.0032
4663,16,16,-1,-1,-1,-1,-1,13.927424,1,13.99296
4664,16,16,-1,-1,-1,-1,-1,13.947904,1,13.991936
4665,16,16,-1,-1,-1,-1,-1,13.959168,1,14.0032
4666,16,16,-1,-1,-1,-1,-1,13.94176,1,14.006272
4667,16,16,-1,-1,-1,-1,-1,13.94176,1,13.986816
4668,16,16,-1,-1,-1,-1,-1,13.966336,1,14.031872
4669,16,1024,-1,-1,-1,-1,-1,-1,0,69.444611
4670,16,16,-1,-1,-1,-1,-1,14.060544,1,14.12608
4671,16,16,-1,-1,-1,-1,-1,13.98784,1,14.056448
4672,16,16,-1,-1,-1,-1,-1,13.93152,1,13.975552
4673,16,16,-1,-1,-1,-1,-1,13.942784,1,14.000128
4674,16,16,-1,-1,-1,-1,-1,13.958144,1,14.025728
4675,16,1023,-1,-1,-1,-1,-1,-1,0,70.438911
4676,16,16,-1,-1,-1,-1,-1,14.036992,1,14.102528
4677,16,16,-1,-1,-1,-1,-1,14.098432,1,14.143488
4678,16,16,-1,-1,-1,-1,-1,14.011392,1,14.078976
4679,16,16,-1,-1,-1,-1,-1,13.986816,1,14.052352
4680,16,16,-1,-1,-1,-1,-1,13.9776,1,14.022656
4681,16,1024,-1,-1,-1,-1,-1,-1,0,70.478851
4682,16,2032,-1,-1,-1,-1,-1,-1,0,130.840576
4683,16,16,-1,-1,-1,-1,-1,14.066688,1,14.111744
4684,16,16,-1,-1,-1,-1,-1,14.046208,1,14.113792
4685,16,16,-1,-1,-1,-1,-1,13.97248,1,14.03904
4686,16,16,-1,-1,-1,-1,-1,13.953024,1,14.020608
4687,16,16,-1,-1,-1,-1,-1,13.927424,1,13.993984
4688,16,1023,-1,-1,-1,-1,-1,-1,0,69.850113
4689,16,16,-1,-1,-1,-1,-1,13.999104,1,14.07488
4690,16,16,-1,-1,-1,-1,-1,13.985792,1,14.050304
4691,16,1024,-1,-1,-1,-1,-1,-1,0,70.42662
4692,16,16,-1,-1,-1,-1,-1,14.024704,1,14.089216
4693,16,16,-1,-1,-1,-1,-1,14.011392,1,14.056448
4694,16,16,-1,-1,-1,-1,-1,13.918208,1,13.98272
4695,16,16,-1,-1,-1,-1,-1,13.929472,1,13.995008
4696,16,16,-1,-1,-1,-1,-1,13.912064,1,13.95712
4697,16,16,-1,-1,-1,-1,-1,13.96224,1,14.036992
4698,16,16,-1,-1,-1,-1,-1,13.938688,1,14.005248
4699,16,1024,-1,-1,-1,-1,-1,-1,0,70.256638
4700,16,16,-1,-1,-1,-1,-1,14.032896,1,14.098432
4701,16,16,-1,-1,-1,-1,-1,13.932544,1,13.99808
4702,16,16,-1,-1,-1,-1,-1,13.919232,1,13.964288
4703,16,16,-1,-1,-1,-1,-1,13.89056,1,13.955072
4704,16,16,-1,-1,-1,-1,-1,13.881344,1,13.923328
4705,16,16,-1,-1,-1,-1,-1,13.892608,1,13.947904
4706,16,16,-1,-1,-1,-1,-1,13.88544,1,13.949952
4707,16,16,-1,-1,-1,-1,-1,13.893632,1,13.960192
4708,16,16,-1,-1,-1,-1,-1,13.872128,1,13.937664
4709,16,16,-1,-1,-1,-1,-1,13.888512,1,13.93152
4710,16,16,-1,-1,-1,-1,-1,13.903872,1,13.970432
4711,16,16,-1,-1,-1,-1,-1,13.878272,1,13.944832
4712,16,16,-1,-1,-1,-1,-1,13.860864,1,13.904896
4713,16,16,-1,-1,-1,-1,-1,13.907968,1,13.97248
4714,16,16,-1,-1,-1,-1,-1,13.868032,1,13.93152
4715,16,16,-1,-1,-1,-1,-1,13.869056,1,13.925376
4716,16,16,-1,-1,-1,-1,-1,13.914112,1,13.980672
4717,16,16,-1,-1,-1,-1,-1,13.903872,1,13.973504
4718,16,16,-1,-1,-1,-1,-1,13.912064,1,13.954048
4719,16,16,-1,-1,-1,-1,-1,13.898752,1,13.96224
4720,16,16,-1,-1,-1,-1,-1,13.894656,1,13.93664
4721,16,16,-1,-1,-1,-1,-1,13.898752,1,13.965312
4722,16,16,-1,-1,-1,-1,-1,13.878272,1,13.935616
4723,16,16,-1,-1,-1,-1,-1,13.901824,1,13.96736
4724,16,16,-1,-1,-1,-1,-1,13.91616,1,13.980672
4725,16,16,-1,-1,-1,-1,-1,13.93152,1,13.976576
4726,16,16,-1,-1,-1,-1,-1,13.860864,1,13.9264
4727,16,16,-1,-1,-1,-1,-1,13.888512,1,13.945856
4728,16,16,-1,-1,-1,-1,-1,13.929472,1,13.97248
4729,16,16,-1,-1,-1,-1,-1,13.91616,1,13.981696
4730,16,16,-1,-1,-1,-1,-1,13.906944,1,13.96736
4731,16,16,-1,-1,-1,-1,-1,13.90592,1,13.971456
4732,16,1024,-1,-1,-1,-1,-1,-1,0,70.013954
4733,16,16,-1,-1,-1,-1,-1,14.051328,1,14.11584
4734,16,1024,-1,-1,-1,-1,-1,-1,0,70.589439
4735,16,16,-1,-1,-1,-1,-1,14.001152,1,14.065664
4736,16,16,-1,-1,-1,-1,-1,13.97248,1,14.016512
4737,16,16,-1,-1,-1,-1,-1,13.965312,1,14.03392
4738,16,16,-1,-1,-1,-1,-1,13.92128,1,13.978624
4739,16,16,-1,-1,-1,-1,-1,13.883392,1,13.939712
4740,16,16,-1,-1,-1,-1,-1,13.958144,1,14.022656
4741,16,16,-1,-1,-1,-1,-1,13.918208,1,13.96224
4742,16,16,-1,-1,-1,-1,-1,13.914112,1,13.981696
4743,16,16,-1,-1,-1,-1,-1,13.879296,1,13.943808
4744,16,1024,-1,-1,-1,-1,-1,-1,0,69.868546
4745,16,16,-1,-1,-1,-1,-1,14.057472,1,14.123008
4746,16,16,-1,-1,-1,-1,-1,14.000128,1,14.065664
4747,16,16,-1,-1,-1,-1,-1,13.934592,1,14.000128
4748,16,16,-1,-1,-1,-1,-1,13.918208,1,13.983744
4749,16,1024,-1,-1,-1,-1,-1,-1,0,70.201347
4750,16,16,-1,-1,-1,-1,-1,14.01344,1,14.077952
4751,16,16,-1,-1,-1,-1,-1,13.964288,1,14.010368
4752,16,16,-1,-1,-1,-1,-1,13.92128,1,13.965312
4753,16,16,-1,-1,-1,-1,-1,13.96224,1,14.024704
4754,16,16,-1,-1,-1,-1,-1,13.923328,1,13.98784
4755,16,16,-1,-1,-1,-1,-1,13.94688,1,14.01344
4756,16,16,-1,-1,-1,-1,-1,13.960192,1,14.02368
4757,16,16,-1,-1,-1,-1,-1,13.948928,1,13.99296
4758,16,16,-1,-1,-1,-1,-1,13.925376,1,13.969408
4759,16,1023,-1,-1,-1,-1,-1,-1,0,69.916672
4760,16,16,-1,-1,-1,-1,-1,14.041088,1,14.107648
4761,16,16,-1,-1,-1,-1,-1,13.979648,1,14.045184
4762,16,16,-1,-1,-1,-1,-1,13.960192,1,14.027776
4763,16,16,-1,-1,-1,-1,-1,13.964288,1,14.0288
4764,16,16,-1,-1,-1,-1,-1,13.93152,1,13.997056
4765,16,16,-1,-1,-1,-1,-1,13.960192,1,14.026752
4766,16,16,-1,-1,-1,-1,-1,13.953024,1,14.01856
4767,16,16,-1,-1,-1,-1,-1,13.97248,1,14.017536
4768,16,16,-1,-1,-1,-1,-1,13.961216,1,14.005248
4769,16,16,-1,-1,-1,-1,-1,13.9264,1,13.991936
4770,16,16,-1,-1,-1,-1,-1,13.9264,1,13.99808
4771,16,1024,-1,-1,-1,-1,-1,-1,0,70.290436
4772,16,16,-1,-1,-1,-1,-1,14.096384,1,14.166016
4773,16,1024,-1,-1,-1,-1,-1,-1,0,71.212029
4774,16,16,-1,-1,-1,-1,-1,14.0288,1,14.073856
4775,16,16,-1,-1,-1,-1,-1,14.045184,1,14.091264
4776,16,16,-1,-1,-1,-1,-1,13.959168,1,14.0288
4777,16,16,-1,-1,-1,-1,-1,13.932544,1,13.99808
4778,16,16,-1,-1,-1,-1,-1,13.944832,1,14.011392
4779,16,16,-1,-1,-1,-1,-1,13.938688,1,13.996032
4780,16,16,-1,-1,-1,-1,-1,13.961216,1,14.031872
4781,16,16,-1,-1,-1,-1,-1,13.924352,1,13.990912
4782,16,16,-1,-1,-1,-1,-1,13.950976,1,14.022656
4783,16,1024,-1,-1,-1,-1,-1,-1,0,69.91053
4784,16,16,-1,-1,-1,-1,-1,14.07488,1,14.116864
4785,16,16,-1,-1,-1,-1,-1,13.964288,1,14.022656
4786,16,16,-1,-1,-1,-1,-1,13.964288,1,14.012416
4787,16,16,-1,-1,-1,-1,-1,13.945856,1,14.010368
4788,16,16,-1,-1,-1,-1,-1,13.94688,1,14.004224
4789,16,16,-1,-1,-1,-1,-1,13.90592,1,13.971456
4790,16,16,-1,-1,-1,-1,-1,13.964288,1,14.009344
4791,16,16,-1,-1,-1,-1,-1,13.933568,1,13.9776
4792,16,16,-1,-1,-1,-1,-1,13.87008,1,13.935616
4793,16,16,-1,-1,-1,-1,-1,13.913088,1,13.97248
4794,16,16,-1,-1,-1,-1,-1,13.927424,1,13.99296
4795,16,16,-1,-1,-1,-1,-1,13.948928,1,14.012416
4796,16,16,-1,-1,-1,-1,-1,13.929472,1,13.993984
4797,16,16,-1,-1,-1,-1,-1,13.910016,1,13.9776
4798,16,16,-1,-1,-1,-1,-1,13.90592,1,13.968384
4799,16,16,-1,-1,-1,-1,-1,13.912064,1,13.975552
4800,16,16,-1,-1,-1,-1,-1,13.902848,1,13.94688
4801,16,16,-1,-1,-1,-1,-1,13.932544,1,13.999104
4802,16,16,-1,-1,-1,-1,-1,13.947904,1,13.990912
4803,16,1008,-1,-1,-1,-1,-1,-1,0,69.595139
4804,16,1024,-1,-1,-1,-1,-1,-1,0,71.40966
4805,16,16,-1,-1,-1,-1,-1,14.036992,1,14.108672
4806,16,1024,-1,-1,-1,-1,-1,-1,0,70.738945
4807,16,1024,-1,-1,-1,-1,-1,-1,0,72.069122
4808,16,16,-1,-1,-1,-1,-1,14.004224,1,14.06976
4809,16,16,-1,-1,-1,-1,-1,13.9264,1,13.971456
4810,16,16,-1,-1,-1,-1,-1,13.956096,1,13.999104
4811,16,1024,-1,-1,-1,-1,-1,-1,0,69.866493
4812,16,16,-1,-1,-1,-1,-1,14.024704,1,14.09024
4813,16,16,-1,-1,-1,-1,-1,13.979648,1,14.045184
4814,16,16,-1,-1,-1,-1,-1,13.948928,1,14.014464
4815,16,16,-1,-1,-1,-1,-1,13.96224,1,14.027776
4816,16,16,-1,-1,-1,-1,-1,13.94176,1,13.986816
4817,16,16,-1,-1,-1,-1,-1,13.940736,1,14.006272
4818,16,16,-1,-1,-1,-1,-1,13.929472,1,13.97248
4819,16,16,-1,-1,-1,-1,-1,13.920256,1,13.983744
4820,16,16,-1,-1,-1,-1,-1,13.907968,1,13.965312
4821,16,1024,-1,-1,-1,-1,-1,-1,0,69.510147
4822,16,16,-1,-1,-1,-1,-1,13.997056,1,14.062592
4823,16,16,-1,-1,-1,-1,-1,14.022656,1,14.089216
4824,16,16,-1,-1,-1,-1,-1,13.971456,1,14.031872
4825,16,16,-1,-1,-1,-1,-1,13.956096,1,13.999104
4826,16,16,-1,-1,-1,-1,-1,13.964288,1,14.007296
4827,16,1024,-1,-1,-1,-1,-1,-1,0,70.616066
4828,16,16,-1,-1,-1,-1,-1,14.032896,1,14.098432
4829,16,16,-1,-1,-1,-1,-1,13.978624,1,14.045184
4830,16,16,-1,-1,-1,-1,-1,13.932544,1,13.989888
4831,16,16,-1,-1,-1,-1,-1,13.892608,1,13.958144
4832,16,1024,-1,-1,-1,-1,-1,-1,0,70.154243
4833,16,16,-1,-1,-1,-1,-1,14.045184,1,14.089216
4834,16,16,-1,-1,-1,-1,-1,13.961216,1,14.006272
4835,16,16,-1,-1,-1,-1,-1,13.925376,1,13.990912
4836,16,16,-1,-1,-1,-1,-1,13.952,1,14.017536
4837,16,16,-1,-1,-1,-1,-1,13.955072,1,14.01344
4838,16,16,-1,-1,-1,-1,-1,13.94176,1,14.006272
4839,16,16,-1,-1,-1,-1,-1,13.944832,1,14.002176
4840,16,16,-1,-1,-1,-1,-1,13.912064,1,13.97248
4841,16,16,-1,-1,-1,-1,-1,13.915136,1,13.959168
4842,16,16,-1,-1,-1,-1,-1,13.8752,1,13.918208
4843,16,16,-1,-1,-1,-1,-1,13.91616,1,13.981696
4844,16,16,-1,-1,-1,-1,-1,13.876224,1,13.940736
4845,16,16,-1,-1,-1,-1,-1,13.912064,1,13.968384
4846,16,16,-1,-1,-1,-1,-1,13.907968,1,13.971456
4847,16,16,-1,-1,-1,-1,-1,13.924352,1,13.989888
4848,16,16,-1,-1,-1,-1,-1,13.893632,1,13.959168
4849,16,16,-1,-1,-1,-1,-1,13.925376,1,13.979648
4850,16,16,-1,-1,-1,-1,-1,13.87008,1,13.913088
4851,16,16,-1,-1,-1,-1,-1,13.88544,1,13.949952
4852,16,16,-1,-1,-1,-1,-1,13.903872,1,13.968384
4853,16,16,-1,-1,-1,-1,-1,13.927424,1,13.99296
4854,16,16,-1,-1,-1,-1,-1,13.915136,1,13.980672
4855,16,16,-1,-1,-1,-1,-1,13.878272,1,13.933568
4856,16,16,-1,-1,-1,-1,-1,13.930496,1,13.997056
4857,16,16,-1,-1,-1,-1,-1,13.912064,1,13.956096
4858,16,1024,-1,-1,-1,-1,-1,-1,0,69.956612
4859,16,16,-1,-1,-1,-1,-1,14.00832,1,14.067712
4860,16,16,-1,-1,-1,-1,-1,13.960192,1,14.024704
4861,16,16,-1,-1,-1,-1,-1,13.964288,1,14.030848
4862,16,16,-1,-1,-1,-1,-1,13.927424,1,13.970432
4863,16,16,-1,-1,-1,-1,-1,13.93152,1,13.996032
4864,16,16,-1,-1,-1,-1,-1,13.956096,1,14.01344
4865,16,16,-1,-1,-1,-1,-1,13.9264,1,13.971456
4866,16,16,-1,-1,-1,-1,-1,13.973504,1,14.016512
4867,16,16,-1,-1,-1,-1,-1,13.944832,1,14.002176
4868,16,1024,-1,-1,-1,-1,-1,-1,0,69.958656
4869,16,1024,-1,-1,-1,-1,-1,-1,0,71.365631
4870,16,16,-1,-1,-1,-1,-1,14.062592,1,14.127104
4871,16,16,-1,-1,-1,-1,-1,14.025728,1,14.084096
4872,16,16,-1,-1,-1,-1,-1,13.956096,1,14.02368
4873,16,16,-1,-1,-1,-1,-1,13.975552,1,14.019584
4874,16,16,-1,-1,-1,-1,-1,13.963264,1,14.0288
4875,16,16,-1,-1,-1,-1,-1,13.947904,1,14.01344
4876,16,16,-1,-1,-1,-1,-1,13.970432,1,14.017536
4877,16,16,-1,-1,-1,-1,-1,13.938688,1,14.004224
4878,16,16,-1,-1,-1,-1,-1,13.910016,1,13.954048
4879,16,16,-1,-1,-1,-1,-1,13.920256,1,13.978624
4880,16,16,-1,-1,-1,-1,-1,13.95712,1,14.022656
4881,16,1024,-1,-1,-1,-1,-1,-1,0,70.02829
4882,16,16,-1,-1,-1,-1,-1,14.051328,1,14.09536
4883,16,1024,-1,-1,-1,-1,-1,-1,0,70.939651
4884,16,16,-1,-1,-1,-1,-1,14.053376,1,14.12608
4885,16,16,-1,-1,-1,-1,-1,14.0032,1,14.06976
4886,16,16,-1,-1,-1,-1,-1,13.950976,1,14.01856
4887,16,16,-1,-1,-1,-1,-1,13.942784,1,13.99808
4888,16,16,-1,-1,-1,-1,-1,13.93664,1,13.980672
4889,16,16,-1,-1,-1,-1,-1,13.906944,1,13.950976
4890,16,16,-1,-1,-1,-1,-1,13.932544,1,13.999104
4891,16,16,-1,-1,-1,-1,-1,13.954048,1,14.019584
4892,16,16,-1,-1,-1,-1,-1,13.953024,1,13.997056
4893,16,16,-1,-1,-1,-1,-1,13.930496,1,13.973504
4894,16,16,-1,-1,-1,-1,-1,13.925376,1,13.968384
4895,16,16,-1,-1,-1,-1,-1,13.88544,1,13.950976
4896,16,16,-1,-1,-1,-1,-1,13.90592,1,13.963264
4897,16,16,-1,-1,-1,-1,-1,13.928448,1,13.99296
4898,16,16,-1,-1,-1,-1,-1,13.924352,1,13.968384
4899,16,16,-1,-1,-1,-1,-1,13.87008,1,13.935616
4900,16,16,-1,-1,-1,-1,-1,13.932544,1,13.99808
4901,16,16,-1,-1,-1,-1,-1,13.893632,1,13.952
4902,16,16,-1,-1,-1,-1,-1,13.912064,1,13.978624
4903,16,16,-1,-1,-1,-1,-1,13.896704,1,13.959168
4904,16,2032,-1,-1,-1,-1,-1,-1,0,129.537018
4905,16,16,-1,-1,-1,-1,-1,14.09536,1,14.139392
4906,16,16,-1,-1,-1,-1,-1,14.021632,1,14.089216
4907,16,16,-1,-1,-1,-1,-1,13.968384,1,14.035968
4908,16,16,-1,-1,-1,-1,-1,13.9776,1,14.020608
4909,16,16,-1,-1,-1,-1,-1,13.8752,1,13.919232
4910,16,16,-1,-1,-1,-1,-1,13.952,1,13.993984
4911,16,16,-1,-1,-1,-1,-1,13.925376,1,13.970432
4912,16,16,-1,-1,-1,-1,-1,13.898752,1,13.965312
4913,16,1024,-1,-1,-1,-1,-1,-1,0,70.185982
4914,16,16,-1,-1,-1,-1,-1,14.021632,1,14.065664
4915,16,1023,-1,-1,-1,-1,-1,-1,0,70.414337
4916,16,16,-1,-1,-1,-1,-1,14.03392,1,14.10048
4917,16,16,-1,-1,-1,-1,-1,14.011392,1,14.078976
4918,16,16,-1,-1,-1,-1,-1,13.960192,1,14.020608
4919,16,16,-1,-1,-1,-1,-1,13.944832,1,14.010368
4920,16,16,-1,-1,-1,-1,-1,13.898752,1,13.965312
4921,16,16,-1,-1,-1,-1,-1,13.930496,1,13.974528
4922,16,16,-1,-1,-1,-1,-1,13.966336,1,14.030848
4923,16,16,-1,-1,-1,-1,-1,13.93664,1,14.002176
4924,16,16,-1,-1,-1,-1,-1,13.9264,1,13.969408
4925,16,16,-1,-1,-1,-1,-1,13.914112,1,13.95712
4926,16,16,-1,-1,-1,-1,-1,13.939712,1,13.98272
4927,16,16,-1,-1,-1,-1,-1,13.91616,1,13.960192
4928,16,16,-1,-1,-1,-1,-1,13.914112,1,13.9776
4929,16,16,-1,-1,-1,-1,-1,13.924352,1,13.989888
4930,16,16,-1,-1,-1,-1,-1,13.927424,1,13.971456
4931,16,16,-1,-1,-1,-1,-1,13.878272,1,13.94176
4932,16,16,-1,-1,-1,-1,-1,13.833216,1,13.9008
4933,16,1024,-1,-1,-1,-1,-1,-1,0,70.133759
4934,16,16,-1,-1,-1,-1,-1,14.004224,1,14.061568
4935,16,2031,-1,-1,-1,-1,-1,-1,0,130.040833
4936,16,1023,-1,-1,-1,-1,-1,-1,0,72.907776
4937,16,16,-1,-1,-1,-1,-1,14.103552,1,14.170112
4938,16,16,-1,-1,-1,-1,-1,14.020608,1,14.086144
4939,16,16,-1,-1,-1,-1,-1,13.952,1,14.017536
4940,16,16,-1,-1,-1,-1,-1,13.903872,1,13.947904
4941,16,16,-1,-1,-1,-1,-1,13.94688,1,13.991936
4942,16,16,-1,-1,-1,-1,-1,13.974528,1,14.017536
4943,16,16,-1,-1,-1,-1,-1,13.927424,1,13.971456
4944,16,16,-1,-1,-1,-1,-1,13.963264,1,14.026752
4945,16,16,-1,-1,-1,-1,-1,13.927424,1,13.985792
4946,16,16,-1,-1,-1,-1,-1,13.9264,1,13.969408
4947,16,16,-1,-1,-1,-1,-1,13.89568,1,13.960192
4948,16,1024,-1,-1,-1,-1,-1,-1,0,69.960701
4949,16,1024,-1,-1,-1,-1,-1,-1,0,72.053757
4950,16,1024,-1,-1,-1,-1,-1,-1,0,71.456764
4951,16,16,-1,-1,-1,-1,-1,14.004224,1,14.068736
4952,16,16,-1,-1,-1,-1,-1,13.98784,1,14.0544
4953,16,16,-1,-1,-1,-1,-1,13.93152,1,13.997056
4954,16,16,-1,-1,-1,-1,-1,13.878272,1,13.935616
4955,16,16,-1,-1,-1,-1,-1,13.927424,1,13.970432
4956,16,16,-1,-1,-1,-1,-1,13.953024,1,15.541248
4957,16,16,-1,-1,-1,-1,-1,13.877248,1,13.920256
4958,16,16,-1,-1,-1,-1,-1,13.901824,1,13.945856
4959,16,16,-1,-1,-1,-1,-1,13.879296,1,13.923328
4960,16,16,-1,-1,-1,-1,-1,13.886464,1,13.928448
4961,16,16,-1,-1,-1,-1,-1,13.874176,1,13.929472
4962,16,16,-1,-1,-1,-1,-1,13.894656,1,13.937664
4963,16,16,-1,-1,-1,-1,-1,13.882368,1,13.947904
4964,16,16,-1,-1,-1,-1,-1,13.91104,1,13.976576
4965,16,16,-1,-1,-1,-1,-1,13.87008,1,13.928448
4966,16,16,-1,-1,-1,-1,-1,13.89056,1,13.955072
4967,16,16,-1,-1,-1,-1,-1,13.902848,1,13.965312
4968,16,16,-1,-1,-1,-1,-1,13.884416,1,13.950976
4969,16,16,-1,-1,-1,-1,-1,13.873152,1,13.93664
4970,16,16,-1,-1,-1,-1,-1,13.901824,1,13.96736
4971,16,16,-1,-1,-1,-1,-1,13.89056,1,13.932544
4972,16,16,-1,-1,-1,-1,-1,13.892608,1,13.935616
4973,16,16,-1,-1,-1,-1,-1,13.878272,1,13.92128
4974,16,16,-1,-1,-1,-1,-1,13.886464,1,13.928448
4975,16,16,-1,-1,-1,-1,-1,13.904896,1,13.94688
4976,16,16,-1,-1,-1,-1,-1,13.922304,1,13.965312
4977,16,16,-1,-1,-1,-1,-1,13.9008,1,13.966336
4978,16,16,-1,-1,-1,-1,-1,13.912064,1,13.958144
4979,16,16,-1,-1,-1,-1,-1,13.906944,1,13.969408
4980,16,16,-1,-1,-1,-1,-1,13.918208,1,13.983744
4981,16,16,-1,-1,-1,-1,-1,13.934592,1,13.991936
4982,16,1024,-1,-1,-1,-1,-1,-1,0,68.518913
4983,16,16,-1,-1,-1,-1,-1,13.918208,1,13.981696
4984,16,16,-1,-1,-1,-1,-1,13.918208,1,13.983744
4985,16,1024,-1,-1,-1,-1,-1,-1,0,70.318077
4986,16,16,-1,-1,-1,-1,-1,14.081024,1,14.124032
4987,16,16,-1,-1,-1,-1,-1,14.006272,1,14.051328
4988,16,16,-1,-1,-1,-1,-1,14.00832,1,14.053376
4989,16,16,-1,-1,-1,-1,-1,13.961216,1,14.004224
4990,16,16,-1,-1,-1,-1,-1,13.961216,1,14.007296
4991,16,1023,-1,-1,-1,-1,-1,-1,0,70.425598
4992,16,16,-1,-1,-1,-1,-1,14.021632,1,14.086144
4993,16,16,-1,-1,-1,-1,-1,13.94688,1,14.005248
4994,16,16,-1,-1,-1,-1,-1,13.9264,1,13.970432
4995,16,16,-1,-1,-1,-1,-1,13.94688,1,14.004224
4996,16,16,-1,-1,-1,-1,-1,13.935616,1,14.001152
4997,16,16,-1,-1,-1,-1,-1,13.950976,1,14.01856
4998,16,16,-1,-1,-1,-1,-1,13.904896,1,13.971456
4999,16,16,-1,-1,-1,-1,-1,13.968384,1,14.032896
5000,16,16,-1,-1,-1,-1,-1,13.935616,1,14.001152
5001,16,16,-1,-1,-1,-1,-1,13.91104,1,13.975552
5002,16,16,-1,-1,-1,-1,-1,13.907968,1,13.952
5003,16,16,-1,-1,-1,-1,-1,13.914112,1,13.958144
5004,16,16,-1,-1,-1,-1,-1,13.914112,1,13.95712
5005,16,2031,-1,-1,-1,-1,-1,-1,0,129.668091
5006,16,16,-1,-1,-1,-1,-1,14.083072,1,14.148608
5007,16,16,-1,-1,-1,-1,-1,13.955072,1,14.000128
5008,16,16,-1,-1,-1,-1,-1,13.955072,1,14.021632
5009,16,16,-1,-1,-1,-1,-1,13.924352,1,13.983744
5010,16,16,-1,-1,-1,-1,-1,13.933568,1,13.9776
5011,16,16,-1,-1,-1,-1,-1,13.893632,1,13.93664
5012,16,16,-1,-1,-1,-1,-1,13.93152,1,13.996032
5013,16,16,-1,-1,-1,-1,-1,13.943808,1,14.001152
5014,16,16,-1,-1,-1,-1,-1,13.942784,1,14.000128
5015,16,16,-1,-1,-1,-1,-1,13.872128,1,13.93664
5016,16,16,-1,-1,-1,-1,-1,13.918208,1,13.983744
5017,16,16,-1,-1,-1,-1,-1,13.919232,1,13.986816
5018,16,16,-1,-1,-1,-1,-1,13.920256,1,13.96224
5019,16,16,-1,-1,-1,-1,-1,13.923328,1,13.966336
5020,16,16,-1,-1,-1,-1,-1,13.912064,1,13.954048
5021,16,16,-1,-1,-1,-1,-1,13.93664,1,14.000128
5022,16,16,-1,-1,-1,-1,-1,13.925376,1,13.990912
5023,16,16,-1,-1,-1,-1,-1,13.924352,1,13.966336
5024,16,16,-1,-1,-1,-1,-1,13.930496,1,13.986816
5025,16,16,-1,-1,-1,-1,-1,13.9264,1,13.991936
5026,16,16,-1,-1,-1,-1,-1,13.939712,1,13.98272
5027,16,16,-1,-1,-1,-1,-1,13.939712,1,13.98272
5028,16,16,-1,-1,-1,-1,-1,13.963264,1,14.029824
5029,16,1024,-1,-1,-1,-1,-1,-1,0,69.935104
5030,16,16,-1,-1,-1,-1,-1,14.051328,1,14.116864
5031,16,16,-1,-1,-1,-1,-1,14.001152,1,14.066688
5032,16,1024,-1,-1,-1,-1,-1,-1,0,70.288383
5033,16,16,-1,-1,-1,-1,-1,14.04416,1,14.108672
5034,16,16,-1,-1,-1,-1,-1,14.021632,1,14.066688
5035,16,16,-1,-1,-1,-1,-1,13.968384,1,14.011392
5036,16,16,-1,-1,-1,-1,-1,13.963264,1,14.00832
5037,16,16,-1,-1,-1,-1,-1,13.9264,1,13.990912
5038,16,1024,-1,-1,-1,-1,-1,-1,0,70.322174
5039,16,16,-1,-1,-1,-1,-1,14.06976,1,14.113792
5040,16,16,-1,-1,-1,-1,-1,14.011392,1,14.077952
5041,16,16,-1,-1,-1,-1,-1,13.98272,1,14.026752
5042,16,16,-1,-1,-1,-1,-1,13.950976,1,13.995008
5043,16,16,-1,-1,-1,-1,-1,13.958144,1,14.001152
5044,16,16,-1,-1,-1,-1,-1,13.923328,1,13.989888
5045,16,1024,-1,-1,-1,-1,-1,-1,0,70.029312
5046,16,16,-1,-1,-1,-1,-1,14.022656,1,14.088192
5047,16,16,-1,-1,-1,-1,-1,14.014464,1,14.071808
5048,16,16,-1,-1,-1,-1,-1,13.930496,1,13.997056
5049,16,16,-1,-1,-1,-1,-1,13.934592,1,14.001152
5050,16,16,-1,-1,-1,-1,-1,13.948928,1,13.991936
5051,16,16,-1,-1,-1,-1,-1,13.969408,1,14.012416
5052,16,16,-1,-1,-1,-1,-1,13.950976,1,13.995008
5053,16,16,-1,-1,-1,-1,-1,13.942784,1,14.000128
5054,16,16,-1,-1,-1,-1,-1,13.942784,1,14.010368
5055,16,16,-1,-1,-1,-1,-1,13.882368,1,13.9264
5056,16,16,-1,-1,-1,-1,-1,13.881344,1,13.945856
5057,16,16,-1,-1,-1,-1,-1,13.901824,1,13.945856
5058,16,1024,-1,-1,-1,-1,-1,-1,0,70.430717
5059,16,1024,-1,-1,-1,-1,-1,-1,0,72.349693
5060,16,16,-1,-1,-1,-1,-1,14.03904,1,14.1056
5061,16,1024,-1,-1,-1,-1,-1,-1,0,70.660095
5062,16,16,-1,-1,-1,-1,-1,14.045184,1,14.103552
5063,16,16,-1,-1,-1,-1,-1,14.009344,1,14.052352
5064,16,16,-1,-1,-1,-1,-1,13.959168,1,14.02368
5065,16,16,-1,-1,-1,-1,-1,13.871104,1,13.930496
5066,16,16,-1,-1,-1,-1,-1,13.92128,1,13.965312
5067,16,16,-1,-1,-1,-1,-1,13.887488,1,13.932544
5068,16,16,-1,-1,-1,-1,-1,13.89568,1,13.938688
5069,16,16,-1,-1,-1,-1,-1,13.906944,1,13.969408
5070,16,1024,-1,-1,-1,-1,-1,-1,0,69.962753
5071,16,1024,-1,-1,-1,-1,-1,-1,0,71.350273
5072,16,16,-1,-1,-1,-1,-1,14.01344,1,14.078976
5073,16,16,-1,-1,-1,-1,-1,13.954048,1,14.000128
5074,16,16,-1,-1,-1,-1,-1,13.974528,1,14.042112
5075,16,16,-1,-1,-1,-1,-1,13.908992,1,13.965312
5076,16,16,-1,-1,-1,-1,-1,13.92128,1,13.978624
5077,16,16,-1,-1,-1,-1,-1,13.920256,1,13.988864
5078,16,16,-1,-1,-1,-1,-1,13.9008,1,13.966336
5079,16,16,-1,-1,-1,-1,-1,13.89568,1,13.94176
5080,16,1024,-1,-1,-1,-1,-1,-1,0,70.323196
5081,16,16,-1,-1,-1,-1,-1,13.989888,1,14.0544
5082,16,16,-1,-1,-1,-1,-1,13.956096,1,14.000128
5083,16,16,-1,-1,-1,-1,-1,13.942784,1,13.98784
5084,16,1024,-1,-1,-1,-1,-1,-1,0,70.522881
5085,16,16,-1,-1,-1,-1,-1,14.040064,1,14.1056
5086,16,16,-1,-1,-1,-1,-1,13.99808,1,14.068736
5087,16,16,-1,-1,-1,-1,-1,13.948928,1,14.015488
5088,16,16,-1,-1,-1,-1,-1,13.918208,1,13.983744
5089,16,16,-1,-1,-1,-1,-1,13.940736,1,13.984768
5090,16,16,-1,-1,-1,-1,-1,13.910016,1,13.975552
5091,16,16,-1,-1,-1,-1,-1,13.930496,1,13.997056
5092,16,16,-1,-1,-1,-1,-1,13.937664,1,13.98272
5093,16,16,-1,-1,-1,-1,-1,13.907968,1,13.975552
5094,16,16,-1,-1,-1,-1,-1,13.913088,1,13.971456
5095,16,16,-1,-1,-1,-1,-1,13.93152,1,13.974528
5096,16,16,-1,-1,-1,-1,-1,13.939712,1,14.006272
5097,16,16,-1,-1,-1,-1,-1,13.90592,1,13.970432
5098,16,16,-1,-1,-1,-1,-1,13.938688,1,13.98272
5099,16,16,-1,-1,-1,-1,-1,13.90592,1,13.950976
5100,16,16,-1,-1,-1,-1,-1,13.918208,1,13.98272
5101,16,16,-1,-1,-1,-1,-1,13.898752,1,13.963264
5102,16,16,-1,-1,-1,-1,-1,13.914112,1,13.978624
5103,16,16,-1,-1,-1,-1,-1,13.929472,1,13.993984
5104,16,16,-1,-1,-1,-1,-1,13.924352,1,13.989888
5105,16,16,-1,-1,-1,-1,-1,13.923328,1,13.96736
5106,16,16,-1,-1,-1,-1,-1,13.915136,1,13.979648
5107,16,16,-1,-1,-1,-1,-1,13.904896,1,13.969408
5108,16,1024,-1,-1,-1,-1,-1,-1,0,69.948418
5109,16,16,-1,-1,-1,-1,-1,14.042112,1,14.108672
5110,16,16,-1,-1,-1,-1,-1,14.010368,1,14.055424
5111,16,1024,-1,-1,-1,-1,-1,-1,0,70.204414
5112,16,16,-1,-1,-1,-1,-1,14.017536,1,14.087168
5113,16,16,-1,-1,-1,-1,-1,13.949952,1,13.993984
5114,16,16,-1,-1,-1,-1,-1,13.981696,1,14.025728
5115,16,16,-1,-1,-1,-1,-1,13.92128,1,13.964288
5116,16,16,-1,-1,-1,-1,-1,13.929472,1,13.995008
5117,16,16,-1,-1,-1,-1,-1,13.944832,1,14.009344
5118,16,16,-1,-1,-1,-1,-1,13.964288,1,14.029824
5119,16,16,-1,-1,-1,-1,-1,13.939712,1,14.004224
5120,16,16,-1,-1,-1,-1,-1,13.910016,1,13.975552
5121,16,16,-1,-1,-1,-1,-1,13.9008,1,13.942784
5122,16,16,-1,-1,-1,-1,-1,13.943808,1,14.001152
5123,16,16,-1,-1,-1,-1,-1,13.886464,1,13.953024
5124,16,16,-1,-1,-1,-1,-1,13.90592,1,13.970432
5125,16,16,-1,-1,-1,-1,-1,13.913088,1,13.9776
5126,16,16,-1,-1,-1,-1,-1,13.892608,1,13.937664
5127,16,16,-1,-1,-1,-1,-1,13.893632,1,13.960192
5128,16,16,-1,-1,-1,-1,-1,13.91616,1,13.973504
5129,16,16,-1,-1,-1,-1,-1,13.927424,1,13.971456
5130,16,16,-1,-1,-1,-1,-1,13.93152,1,13.975552
5131,16,16,-1,-1,-1,-1,-1,13.902848,1,13.952
5132,16,16,-1,-1,-1,-1,-1,13.927424,1,13.99296
5133,16,16,-1,-1,-1,-1,-1,13.940736,1,14.005248
5134,16,1024,-1,-1,-1,-1,-1,-1,0,69.856255
5135,16,16,-1,-1,-1,-1,-1,14.0544,1,14.12096
5136,16,16,-1,-1,-1,-1,-1,14.024704,1,14.091264
5137,16,16,-1,-1,-1,-1,-1,13.958144,1,14.0032
5138,16,16,-1,-1,-1,-1,-1,13.968384,1,14.03392
5139,16,1024,-1,-1,-1,-1,-1,-1,0,70.655998
5140,16,16,-1,-1,-1,-1,-1,14.060544,1,14.12608
5141,16,16,-1,-1,-1,-1,-1,13.978624,1,14.046208
5142,16,1024,-1,-1,-1,-1,-1,-1,0,70.274048
5143,16,16,-1,-1,-1,-1,-1,14.067712,1,14.132224
5144,16,16,-1,-1,-1,-1,-1,13.939712,1,14.006272
5145,16,16,-1,-1,-1,-1,-1,13.955072,1,13.997056
5146,16,1024,-1,-1,-1,-1,-1,-1,0,70.048767
5147,16,16,-1,-1,-1,-1,-1,14.04416,1,14.087168
5148,16,16,-1,-1,-1,-1,-1,13.968384,1,14.027776
5149,16,16,-1,-1,-1,-1,-1,13.954048,1,13.99808
5150,16,16,-1,-1,-1,-1,-1,13.927424,1,13.99296
5151,16,16,-1,-1,-1,-1,-1,13.96736,1,14.031872
5152,16,16,-1,-1,-1,-1,-1,13.949952,1,13.995008
5153,16,16,-1,-1,-1,-1,-1,13.945856,1,13.98784
5154,16,16,-1,-1,-1,-1,-1,13.968384,1,14.035968
5155,16,1024,-1,-1,-1,-1,-1,-1,0,69.91053
5156,16,16,-1,-1,-1,-1,-1,14.04416,1,14.109696
5157,16,16,-1,-1,-1,-1,-1,14.060544,1,14.118912
5158,16,16,-1,-1,-1,-1,-1,13.9776,1,14.04416
5159,16,16,-1,-1,-1,-1,-1,13.983744,1,14.050304
5160,16,16,-1,-1,-1,-1,-1,13.96224,1,14.0288
5161,16,16,-1,-1,-1,-1,-1,13.969408,1,14.011392
5162,16,1024,-1,-1,-1,-1,-1,-1,0,70.494209
5163,16,16,-1,-1,-1,-1,-1,14.046208,1,14.089216
5164,16,16,-1,-1,-1,-1,-1,14.010368,1,14.076928
5165,16,1024,-1,-1,-1,-1,-1,-1,0,70.530045
5166,16,16,-1,-1,-1,-1,-1,14.052352,1,14.117888
5167,16,16,-1,-1,-1,-1,-1,14.015488,1,14.081024
5168,16,16,-1,-1,-1,-1,-1,13.924352,1,13.968384
5169,16,16,-1,-1,-1,-1,-1,13.947904,1,13.991936
5170,16,16,-1,-1,-1,-1,-1,13.922304,1,13.986816
5171,16,16,-1,-1,-1,-1,-1,13.940736,1,13.99808
5172,16,16,-1,-1,-1,-1,-1,13.96736,1,14.025728
5173,16,1024,-1,-1,-1,-1,-1,-1,0,70.533119
5174,16,16,-1,-1,-1,-1,-1,14.11072,1,14.189568
5175,16,16,-1,-1,-1,-1,-1,14.052352,1,14.119936
5176,16,16,-1,-1,-1,-1,-1,13.986816,1,14.0544
5177,16,16,-1,-1,-1,-1,-1,13.96736,1,14.011392
5178,16,16,-1,-1,-1,-1,-1,13.912064,1,13.980672
5179,16,16,-1,-1,-1,-1,-1,13.93152,1,13.975552
5180,16,16,-1,-1,-1,-1,-1,13.96736,1,14.034944
5181,16,16,-1,-1,-1,-1,-1,13.929472,1,13.99296
5182,16,16,-1,-1,-1,-1,-1,13.949952,1,14.015488
5183,16,16,-1,-1,-1,-1,-1,13.937664,1,14.002176
5184,16,16,-1,-1,-1,-1,-1,13.93152,1,13.974528
5185,16,16,-1,-1,-1,-1,-1,13.949952,1,13.993984
5186,16,1023,-1,-1,-1,-1,-1,-1,0,70.33754
5187,16,16,-1,-1,-1,-1,-1,14.06976,1,14.14656
5188,16,16,-1,-1,-1,-1,-1,13.98784,1,14.053376
5189,16,16,-1,-1,-1,-1,-1,13.986816,1,14.052352
5190,16,16,-1,-1,-1,-1,-1,13.954048,1,14.020608
5191,16,16,-1,-1,-1,-1,-1,13.940736,1,14.006272
5192,16,1024,-1,-1,-1,-1,-1,-1,0,70.10099
5193,16,1023,-1,-1,-1,-1,-1,-1,0,71.35437
5194,16,16,-1,-1,-1,-1,-1,14.051328,1,14.117888
5195,16,16,-1,-1,-1,-1,-1,13.964288,1,14.00832
5196,16,16,-1,-1,-1,-1,-1,13.930496,1,13.98784
5197,16,16,-1,-1,-1,-1,-1,13.955072,1,14.01344
5198,16,16,-1,-1,-1,-1,-1,13.983744,1,14.04928
5199,16,16,-1,-1,-1,-1,-1,13.945856,1,13.990912
5200,16,2031,-1,-1,-1,-1,-1,-1,0,129.256454
5201,16,16,-1,-1,-1,-1,-1,14.091264,1,14.1568
5202,16,16,-1,-1,-1,-1,-1,13.9776,1,14.022656
5203,16,16,-1,-1,-1,-1,-1,13.989888,1,14.057472
5204,16,16,-1,-1,-1,-1,-1,13.952,1,14.01856
5205,16,16,-1,-1,-1,-1,-1,13.940736,1,14.005248
5206,16,16,-1,-1,-1,-1,-1,13.918208,1,13.984768
5207,16,16,-1,-1,-1,-1,-1,13.93152,1,13.989888
5208,16,16,-1,-1,-1,-1,-1,13.912064,1,13.976576
5209,16,16,-1,-1,-1,-1,-1,13.930496,1,13.985792
5210,16,16,-1,-1,-1,-1,-1,13.929472,1,13.986816
5211,16,16,-1,-1,-1,-1,-1,13.91104,1,13.954048
5212,16,16,-1,-1,-1,-1,-1,13.910016,1,13.973504
5213,16,1024,-1,-1,-1,-1,-1,-1,0,70.021118
5214,16,16,-1,-1,-1,-1,-1,14.000128,1,14.06464
5215,16,16,-1,-1,-1,-1,-1,13.90592,1,13.948928
5216,16,16,-1,-1,-1,-1,-1,13.935616,1,13.99296
5217,16,16,-1,-1,-1,-1,-1,13.93152,1,13.989888
5218,16,16,-1,-1,-1,-1,-1,13.917184,1,13.96224
5219,16,16,-1,-1,-1,-1,-1,13.920256,1,13.985792
5220,16,16,-1,-1,-1,-1,-1,13.949952,1,14.014464
5221,16,16,-1,-1,-1,-1,-1,13.950976,1,14.016512
5222,16,16,-1,-1,-1,-1,-1,13.882368,1,13.939712
5223,16,16,-1,-1,-1,-1,-1,13.860864,1,13.9264
5224,16,16,-1,-1,-1,-1,-1,13.913088,1,13.979648
5225,16,16,-1,-1,-1,-1,-1,13.89056,1,13.934592
5226,16,16,-1,-1,-1,-1,-1,13.94176,1,14.009344
5227,16,16,-1,-1,-1,-1,-1,13.918208,1,13.96224
5228,16,16,-1,-1,-1,-1,-1,13.896704,1,13.940736
5229,16,16,-1,-1,-1,-1,-1,13.919232,1,13.984768
5230,16,16,-1,-1,-1,-1,-1,13.917184,1,13.973504
5231,16,16,-1,-1,-1,-1,-1,13.914112,1,13.958144
5232,16,16,-1,-1,-1,-1,-1,13.899776,1,13.965312
5233,16,16,-1,-1,-1,-1,-1,13.924352,1,13.980672
5234,16,16,-1,-1,-1,-1,-1,13.938688,1,13.980672
5235,16,16,-1,-1,-1,-1,-1,13.928448,1,13.995008
5236,16,16,-1,-1,-1,-1,-1,13.93664,1,14.000128
5237,16,16,-1,-1,-1,-1,-1,13.907968,1,13.973504
5238,16,16,-1,-1,-1,-1,-1,13.927424,1,13.983744
5239,16,1024,-1,-1,-1,-1,-1,-1,0,70.296577
5240,16,1024,-1,-1,-1,-1,-1,-1,0,71.708672
5241,16,16,-1,-1,-1,-1,-1,14.010368,1,14.053376
5242,16,16,-1,-1,-1,-1,-1,14.010368,1,14.077952
5243,16,16,-1,-1,-1,-1,-1,13.968384,1,14.012416
5244,16,16,-1,-1,-1,-1,-1,13.932544,1,13.9776
5245,16,16,-1,-1,-1,-1,-1,13.934592,1,14.002176
5246,16,16,-1,-1,-1,-1,-1,13.943808,1,14.001152
5247,16,16,-1,-1,-1,-1,-1,13.948928,1,13.99296
5248,16,16,-1,-1,-1,-1,-1,13.96736,1,14.032896
5249,16,16,-1,-1,-1,-1,-1,13.918208,1,13.975552
5250,16,16,-1,-1,-1,-1,-1,13.91104,1,13.953024
5251,16,16,-1,-1,-1,-1,-1,13.872128,1,13.930496
5252,16,16,-1,-1,-1,-1,-1,13.908992,1,13.952
5253,16,16,-1,-1,-1,-1,-1,13.919232,1,13.98272
5254,16,16,-1,-1,-1,-1,-1,13.947904,1,14.017536
5255,16,16,-1,-1,-1,-1,-1,13.913088,1,13.976576
5256,16,16,-1,-1,-1,-1,-1,13.932544,1,13.999104
5257,16,16,-1,-1,-1,-1,-1,13.914112,1,13.959168
5258,16,16,-1,-1,-1,-1,-1,13.927424,1,13.984768
5259,16,16,-1,-1,-1,-1,-1,13.938688,1,13.981696
5260,16,16,-1,-1,-1,-1,-1,13.919232,1,13.965312
5261,16,16,-1,-1,-1,-1,-1,13.949952,1,14.015488
5262,16,16,-1,-1,-1,-1,-1,13.919232,1,13.986816
5263,16,16,-1,-1,-1,-1,-1,13.925376,1,13.969408
5264,16,1024,-1,-1,-1,-1,-1,-1,0,70.305794
5265,16,16,-1,-1,-1,-1,-1,14.034944,1,14.098432
5266,16,16,-1,-1,-1,-1,-1,14.012416,1,14.057472
5267,16,1024,-1,-1,-1,-1,-1,-1,0,70.245377
5268,16,16,-1,-1,-1,-1,-1,14.031872,1,14.075904
5269,16,16,-1,-1,-1,-1,-1,14.000128,1,14.06464
5270,16,1024,-1,-1,-1,-1,-1,-1,0,70.221825
5271,16,1024,-1,-1,-1,-1,-1,-1,0,71.386108
5272,16,16,-1,-1,-1,-1,-1,14.047232,1,14.104576
5273,16,16,-1,-1,-1,-1,-1,13.953024,1,13.99808
5274,16,16,-1,-1,-1,-1,-1,13.938688,1,14.006272
5275,16,16,-1,-1,-1,-1,-1,13.93664,1,13.98272
5276,16,16,-1,-1,-1,-1,-1,13.90592,1,13.948928
5277,16,16,-1,-1,-1,-1,-1,13.937664,1,14.004224
5278,16,16,-1,-1,-1,-1,-1,13.907968,1,13.952
5279,16,16,-1,-1,-1,-1,-1,13.938688,1,13.98272
5280,16,16,-1,-1,-1,-1,-1,13.923328,1,13.981696
5281,16,16,-1,-1,-1,-1,-1,13.886464,1,13.950976
5282,16,16,-1,-1,-1,-1,-1,13.873152,1,13.91616
5283,16,1024,-1,-1,-1,-1,-1,-1,0,69.923843
5284,16,16,-1,-1,-1,-1,-1,14.08,1,14.124032
5285,16,16,-1,-1,-1,-1,-1,14.012416,1,14.078976
5286,16,16,-1,-1,-1,-1,-1,13.961216,1,14.020608
5287,16,16,-1,-1,-1,-1,-1,13.959168,1,14.016512
5288,16,16,-1,-1,-1,-1,-1,13.953024,1,14.01856
5289,16,16,-1,-1,-1,-1,-1,13.948928,1,13.991936
5290,16,1024,-1,-1,-1,-1,-1,-1,0,70.239235
5291,16,16,-1,-1,-1,-1,-1,14.032896,1,14.083072
5292,16,16,-1,-1,-1,-1,-1,13.960192,1,14.004224
5293,16,16,-1,-1,-1,-1,-1,13.925376,1,13.99296
5294,16,16,-1,-1,-1,-1,-1,13.947904,1,13.991936
5295,16,16,-1,-1,-1,-1,-1,13.943808,1,13.986816
5296,16,16,-1,-1,-1,-1,-1,13.94688,1,14.01344
5297,16,16,-1,-1,-1,-1,-1,13.92128,1,13.986816
5298,16,1024,-1,-1,-1,-1,-1,-1,0,70.026237
5299,16,16,-1,-1,-1,-1,-1,14.036992,1,14.102528
5300,16,16,-1,-1,-1,-1,-1,14.04416,1,14.09024
5301,16,16,-1,-1,-1,-1,-1,13.963264,1,14.021632
5302,16,16,-1,-1,-1,-1,-1,13.968384,1,14.03392
5303,16,16,-1,-1,-1,-1,-1,13.932544,1,13.99808
5304,16,16,-1,-1,-1,-1,-1,13.920256,1,13.986816
5305,16,16,-1,-1,-1,-1,-1,13.93152,1,13.975552
5306,16,16,-1,-1,-1,-1,-1,13.917184,1,13.974528
5307,16,16,-1,-1,-1,-1,-1,13.930496,1,13.97248
5308,16,16,-1,-1,-1,-1,-1,13.918208,1,13.963264
5309,16,16,-1,-1,-1,-1,-1,13.873152,1,13.93664
5310,16,16,-1,-1,-1,-1,-1,13.893632,1,13.935616
5311,16,16,-1,-1,-1,-1,-1,13.920256,1,13.963264
5312,16,16,-1,-1,-1,-1,-1,13.9264,1,13.983744
5313,16,16,-1,-1,-1,-1,-1,13.933568,1,13.999104
5314,16,16,-1,-1,-1,-1,-1,13.954048,1,14.019584
5315,16,16,-1,-1,-1,-1,-1,13.896704,1,13.961216
5316,16,1024,-1,-1,-1,-1,-1,-1,0,69.833725
5317,16,1024,-1,-1,-1,-1,-1,-1,0,72.114174
5318,16,16,-1,-1,-1,-1,-1,13.997056,1,14.063616
5319,16,1024,-1,-1,-1,-1,-1,-1,0,70.467583
5320,16,16,-1,-1,-1,-1,-1,13.989888,1,14.056448
5321,16,16,-1,-1,-1,-1,-1,13.984768,1,14.027776
5322,16,16,-1,-1,-1,-1,-1,13.933568,1,13.989888
5323,16,1024,-1,-1,-1,-1,-1,-1,0,70.164482
5324,16,16,-1,-1,-1,-1,-1,13.976576,1,14.020608
5325,16,16,-1,-1,-1,-1,-1,13.913088,1,13.980672
5326,16,16,-1,-1,-1,-1,-1,13.950976,1,13.996032
5327,16,16,-1,-1,-1,-1,-1,13.925376,1,13.968384
5328,16,16,-1,-1,-1,-1,-1,13.901824,1,13.968384
5329,16,2032,-1,-1,-1,-1,-1,-1,0,129.482758
5330,16,16,-1,-1,-1,-1,-1,14.052352,1,14.119936
5331,16,16,-1,-1,-1,-1,-1,14.035968,1,14.114816
5332,16,1023,-1,-1,-1,-1,-1,-1,0,70.504448
5333,16,16,-1,-1,-1,-1,-1,13.980672,1,14.047232
5334,16,16,-1,-1,-1,-1,-1,13.976576,1,14.03392
5335,16,16,-1,-1,-1,-1,-1,13.948928,1,14.015488
5336,16,16,-1,-1,-1,-1,-1,13.898752,1,13.956096
5337,16,16,-1,-1,-1,-1,-1,13.947904,1,13.99296
5338,16,16,-1,-1,-1,-1,-1,13.91616,1,13.980672
5339,16,16,-1,-1,-1,-1,-1,13.952,1,14.01856
5340,16,16,-1,-1,-1,-1,-1,13.930496,1,13.979648
5341,16,16,-1,-1,-1,-1,-1,13.913088,1,13.95712
5342,16,16,-1,-1,-1,-1,-1,13.883392,1,13.928448
5343,16,16,-1,-1,-1,-1,-1,13.85472,1,13.897728
5344,16,16,-1,-1,-1,-1,-1,13.903872,1,13.96736
5345,16,16,-1,-1,-1,-1,-1,13.847552,1,13.919232
5346,16,16,-1,-1,-1,-1,-1,13.862912,1,13.927424
5347,16,16,-1,-1,-1,-1,-1,13.915136,1,13.974528
5348,16,16,-1,-1,-1,-1,-1,13.886464,1,13.953024
5349,16,16,-1,-1,-1,-1,-1,13.881344,1,13.94688
5350,16,16,-1,-1,-1,-1,-1,13.9008,1,13.95712
5351,16,16,-1,-1,-1,-1,-1,13.897728,1,13.963264
5352,16,16,-1,-1,-1,-1,-1,13.901824,1,13.96736
5353,16,16,-1,-1,-1,-1,-1,13.882368,1,13.924352
5354,16,16,-1,-1,-1,-1,-1,13.893632,1,13.95712
5355,16,16,-1,-1,-1,-1,-1,13.876224,1,13.933568
5356,16,16,-1,-1,-1,-1,-1,13.896704,1,13.939712
5357,16,16,-1,-1,-1,-1,-1,13.8752,1,13.918208
5358,16,16,-1,-1,-1,-1,-1,13.884416,1,13.928448
5359,16,16,-1,-1,-1,-1,-1,13.92128,1,13.964288
5360,16,16,-1,-1,-1,-1,-1,13.9264,1,13.99296
5361,16,16,-1,-1,-1,-1,-1,13.894656,1,13.96224
5362,16,16,-1,-1,-1,-1,-1,13.882368,1,13.940736
5363,16,16,-1,-1,-1,-1,-1,13.910016,1,13.975552
5364,16,16,-1,-1,-1,-1,-1,13.919232,1,13.978624
5365,16,16,-1,-1,-1,-1,-1,13.9008,1,13.96736
5366,16,2032,-1,-1,-1,-1,-1,-1,0,128.919556
5367,16,16,-1,-1,-1,-1,-1,14.108672,1,14.175232
5368,16,16,-1,-1,-1,-1,-1,14.001152,1,14.045184
5369,16,16,-1,-1,-1,-1,-1,13.954048,1,13.99808
5370,16,16,-1,-1,-1,-1,-1,13.935616,1,14.001152
5371,16,16,-1,-1,-1,-1,-1,13.917184,1,13.983744
5372,16,16,-1,-1,-1,-1,-1,13.952,1,13.997056
5373,16,16,-1,-1,-1,-1,-1,13.906944,1,13.950976
5374,16,16,-1,-1,-1,-1,-1,13.939712,1,13.983744
5375,16,16,-1,-1,-1,-1,-1,13.9008,1,13.943808
5376,16,16,-1,-1,-1,-1,-1,13.91616,1,13.973504
5377,16,16,-1,-1,-1,-1,-1,13.932544,1,13.990912
5378,16,16,-1,-1,-1,-1,-1,13.925376,1,13.989888
5379,16,16,-1,-1,-1,-1,-1,13.887488,1,13.953024
5380,16,16,-1,-1,-1,-1,-1,13.910016,1,13.975552
5381,16,16,-1,-1,-1,-1,-1,13.938688,1,14.004224
5382,16,16,-1,-1,-1,-1,-1,13.893632,1,13.950976
5383,16,1024,-1,-1,-1,-1,-1,-1,0,69.97197
5384,16,16,-1,-1,-1,-1,-1,14.032896,1,14.076928
5385,16,16,-1,-1,-1,-1,-1,14.002176,1,14.046208
5386,16,16,-1,-1,-1,-1,-1,14.005248,1,14.063616
5387,16,16,-1,-1,-1,-1,-1,13.947904,1,14.006272
5388,16,16,-1,-1,-1,-1,-1,13.97248,1,14.016512
5389,16,16,-1,-1,-1,-1,-1,13.930496,1,13.974528
5390,16,16,-1,-1,-1,-1,-1,13.960192,1,14.0032
5391,16,16,-1,-1,-1,-1,-1,13.964288,1,14.00832
5392,16,16,-1,-1,-1,-1,-1,13.94688,1,13.991936
5393,16,1024,-1,-1,-1,-1,-1,-1,0,69.838844
5394,16,16,-1,-1,-1,-1,-1,14.072832,1,14.138368
5395,16,16,-1,-1,-1,-1,-1,13.976576,1,14.042112
5396,16,1024,-1,-1,-1,-1,-1,-1,0,70.401024
5397,16,16,-1,-1,-1,-1,-1,14.006272,1,14.07488
5398,16,16,-1,-1,-1,-1,-1,13.997056,1,14.066688
5399,16,16,-1,-1,-1,-1,-1,13.94176,1,14.009344
5400,16,16,-1,-1,-1,-1,-1,13.960192,1,14.005248
5401,16,16,-1,-1,-1,-1,-1,13.94688,1,13.989888
5402,16,16,-1,-1,-1,-1,-1,13.930496,1,13.997056
5403,16,16,-1,-1,-1,-1,-1,13.93664,1,14.002176
5404,16,16,-1,-1,-1,-1,-1,13.94176,1,13.984768
5405,16,16,-1,-1,-1,-1,-1,13.9264,1,13.970432
5406,16,16,-1,-1,-1,-1,-1,13.907968,1,13.952
5407,16,16,-1,-1,-1,-1,-1,13.89568,1,13.943808
5408,16,16,-1,-1,-1,-1,-1,13.894656,1,13.93664
5409,16,16,-1,-1,-1,-1,-1,13.91104,1,13.976576
5410,16,16,-1,-1,-1,-1,-1,13.91616,1,13.991936
5411,16,16,-1,-1,-1,-1,-1,13.927424,1,13.984768
5412,16,16,-1,-1,-1,-1,-1,13.893632,1,13.959168
5413,16,16,-1,-1,-1,-1,-1,13.935616,1,14.001152
5414,16,16,-1,-1,-1,-1,-1,13.897728,1,13.963264
5415,16,16,-1,-1,-1,-1,-1,13.910016,1,13.975552
5416,16,16,-1,-1,-1,-1,-1,13.917184,1,13.961216
5417,16,16,-1,-1,-1,-1,-1,13.89056,1,13.933568
5418,16,16,-1,-1,-1,-1,-1,13.883392,1,13.947904
5419,16,16,-1,-1,-1,-1,-1,13.915136,1,13.979648
5420,16,1024,-1,-1,-1,-1,-1,-1,0,69.79277
5421,16,1024,-1,-1,-1,-1,-1,-1,0,71.498749
5422,16,1024,-1,-1,-1,-1,-1,-1,0,71.740417
5423,16,16,-1,-1,-1,-1,-1,14.03392,1,14.077952
5424,16,16,-1,-1,-1,-1,-1,13.964288,1,14.00832
5425,16,16,-1,-1,-1,-1,-1,13.952,1,14.01856
5426,16,16,-1,-1,-1,-1,-1,13.920256,1,13.963264
5427,16,16,-1,-1,-1,-1,-1,13.949952,1,13.997056
5428,16,1024,-1,-1,-1,-1,-1,-1,0,70.1399
5429,16,16,-1,-1,-1,-1,-1,14.06976,1,14.134272
5430,16,16,-1,-1,-1,-1,-1,14.0032,1,14.071808
5431,16,16,-1,-1,-1,-1,-1,13.96224,1,14.029824
5432,16,16,-1,-1,-1,-1,-1,13.975552,1,14.021632
5433,16,16,-1,-1,-1,-1,-1,13.978624,1,14.022656
5434,16,16,-1,-1,-1,-1,-1,13.922304,1,13.970432
5435,16,1024,-1,-1,-1,-1,-1,-1,0,70.219772
5436,16,16,-1,-1,-1,-1,-1,14.06464,1,14.12096
5437,16,16,-1,-1,-1,-1,-1,13.976576,1,14.042112
5438,16,16,-1,-1,-1,-1,-1,13.960192,1,14.025728
5439,16,16,-1,-1,-1,-1,-1,13.907968,1,13.950976
5440,16,16,-1,-1,-1,-1,-1,13.942784,1,13.98784
5441,16,16,-1,-1,-1,-1,-1,13.961216,1,14.026752
5442,16,16,-1,-1,-1,-1,-1,13.924352,1,13.968384
5443,16,16,-1,-1,-1,-1,-1,13.925376,1,13.969408
5444,16,1024,-1,-1,-1,-1,-1,-1,0,69.911552
5445,16,16,-1,-1,-1,-1,-1,14.086144,1,14.15168
5446,16,16,-1,-1,-1,-1,-1,14.032896,1,14.092288
5447,16,1024,-1,-1,-1,-1,-1,-1,0,70.60685
5448,16,16,-1,-1,-1,-1,-1,14.053376,1,14.10048
5449,16,1024,-1,-1,-1,-1,-1,-1,0,70.779907
5450,16,1024,-1,-1,-1,-1,-1,-1,0,72.129539
5451,16,16,-1,-1,-1,-1,-1,14.026752,1,14.101504
5452,16,16,-1,-1,-1,-1,-1,13.979648,1,14.047232
5453,16,16,-1,-1,-1,-1,-1,13.94176,1,14.007296
5454,16,16,-1,-1,-1,-1,-1,13.89568,1,13.954048
5455,16,1023,-1,-1,-1,-1,-1,-1,0,70.685699
5456,16,16,-1,-1,-1,-1,-1,14.070784,1,14.140416
5457,16,16,-1,-1,-1,-1,-1,14.017536,1,14.093312
5458,16,16,-1,-1,-1,-1,-1,13.963264,1,14.009344
5459,16,16,-1,-1,-1,-1,-1,13.91616,1,13.966336
5460,16,1024,-1,-1,-1,-1,-1,-1,0,70.020096
5461,16,16,-1,-1,-1,-1,-1,13.991936,1,14.040064
5462,16,16,-1,-1,-1,-1,-1,13.9264,1,13.996032
5463,16,16,-1,-1,-1,-1,-1,13.95712,1,14.042112
5464,16,16,-1,-1,-1,-1,-1,13.912064,1,13.97248
5465,16,16,-1,-1,-1,-1,-1,13.939712,1,14.020608
5466,16,16,-1,-1,-1,-1,-1,13.879296,1,13.943808
5467,16,16,-1,-1,-1,-1,-1,13.896704,1,13.954048
5468,16,16,-1,-1,-1,-1,-1,13.928448,1,13.991936
5469,16,16,-1,-1,-1,-1,-1,13.899776,1,13.966336
5470,16,16,-1,-1,-1,-1,-1,13.899776,1,13.965312
5471,16,16,-1,-1,-1,-1,-1,13.899776,1,13.944832
5472,16,16,-1,-1,-1,-1,-1,13.888512,1,13.981696
5473,16,16,-1,-1,-1,-1,-1,13.892608,1,13.960192
5474,16,16,-1,-1,-1,-1,-1,13.863936,1,13.912064
5475,16,16,-1,-1,-1,-1,-1,13.894656,1,13.939712
5476,16,16,-1,-1,-1,-1,-1,13.874176,1,13.97248
5477,16,16,-1,-1,-1,-1,-1,13.894656,1,13.943808
5478,16,16,-1,-1,-1,-1,-1,13.901824,1,13.973504
5479,16,16,-1,-1,-1,-1,-1,13.862912,1,13.938688
5480,16,16,-1,-1,-1,-1,-1,13.917184,1,13.961216
5481,16,1024,-1,-1,-1,-1,-1,-1,0,91.844604
5482,16,16,-1,-1,-1,-1,-1,13.943808,1,16.485376
5483,16,16,-1,-1,-1,-1,-1,13.88032,1,13.974528
5484,16,16,-1,-1,-1,-1,-1,13.892608,1,13.960192
5485,16,16,-1,-1,-1,-1,-1,13.893632,1,13.960192
5486,16,16,-1,-1,-1,-1,-1,13.89568,1,13.963264
5487,16,16,-1,-1,-1,-1,-1,13.896704,1,13.943808
5488,16,16,-1,-1,-1,-1,-1,13.891584,1,13.95712
5489,16,16,-1,-1,-1,-1,-1,13.88544,1,13.943808
5490,16,16,-1,-1,-1,-1,-1,13.892608,1,13.937664
5491,16,1024,-1,-1,-1,-1,-1,-1,0,90.177536
5492,16,16,-1,-1,-1,-1,-1,14.000128,1,18.039808
5493,16,16,-1,-1,-1,-1,-1,13.925376,1,13.970432
5494,16,16,-1,-1,-1,-1,-1,13.934592,1,13.979648
5495,16,16,-1,-1,-1,-1,-1,13.874176,1,13.937664
5496,16,1024,-1,-1,-1,-1,-1,-1,0,69.796867
5497,16,16,-1,-1,-1,-1,-1,14.036992,1,24.655872
5498,16,16,-1,-1,-1,-1,-1,13.938688,1,14.007296
5499,16,16,-1,-1,-1,-1,-1,13.889536,1,13.955072
5500,16,16,-1,-1,-1,-1,-1,13.888512,1,13.94688
5501,16,16,-1,-1,-1,-1,-1,13.925376,1,13.988864
5502,16,16,-1,-1,-1,-1,-1,13.938688,1,14.004224
5503,16,16,-1,-1,-1,-1,-1,13.90592,1,13.952
5504,16,16,-1,-1,-1,-1,-1,13.881344,1,13.937664
5505,16,16,-1,-1,-1,-1,-1,13.887488,1,13.953024
5506,16,16,-1,-1,-1,-1,-1,13.877248,1,13.92128
5507,16,16,-1,-1,-1,-1,-1,13.897728,1,13.961216
5508,16,16,-1,-1,-1,-1,-1,13.899776,1,13.965312
5509,16,16,-1,-1,-1,-1,-1,13.902848,1,13.94688
5510,16,16,-1,-1,-1,-1,-1,14.181376,1,16.782335
5511,16,16,-1,-1,-1,-1,-1,13.9264,1,13.990912
5512,16,16,-1,-1,-1,-1,-1,13.913088,1,13.979648
5513,16,16,-1,-1,-1,-1,-1,13.90592,1,13.97248
5514,16,16,-1,-1,-1,-1,-1,13.927424,1,13.985792
5515,16,16,-1,-1,-1,-1,-1,13.915136,1,13.981696
5516,16,16,-1,-1,-1,-1,-1,13.933568,1,14.000128
5517,16,16,-1,-1,-1,-1,-1,13.910016,1,13.975552
5518,16,16,-1,-1,-1,-1,-1,13.915136,1,13.979648
5519,16,16,-1,-1,-1,-1,-1,13.917184,1,13.960192
5520,16,16,-1,-1,-1,-1,-1,13.904896,1,13.970432
5521,16,16,-1,-1,-1,-1,-1,13.910016,1,13.973504
5522,16,16,-1,-1,-1,-1,-1,13.856768,1,13.898752
5523,16,16,-1,-1,-1,-1,-1,13.934592,1,14.000128
5524,16,16,-1,-1,-1,-1,-1,13.914112,1,13.973504
5525,16,16,-1,-1,-1,-1,-1,13.888512,1,13.932544
5526,16,1023,-1,-1,-1,-1,-1,-1,0,105.736191
5527,16,16,-1,-1,-1,-1,-1,14.000128,1,17.205248
5528,16,16,-1,-1,-1,-1,-1,13.89568,1,13.959168
5529,16,16,-1,-1,-1,-1,-1,13.912064,1,13.979648
5530,16,16,-1,-1,-1,-1,-1,13.892608,1,13.959168
5531,16,1024,-1,-1,-1,-1,-1,-1,0,105.127937
5532,16,16,-1,-1,-1,-1,-1,14.20288,1,19.453953
5533,16,16,-1,-1,-1,-1,-1,13.986816,1,15.256576
5534,16,16,-1,-1,-1,-1,-1,13.942784,1,14.006272
5535,16,16,-1,-1,-1,-1,-1,13.91616,1,13.961216
5536,16,16,-1,-1,-1,-1,-1,13.892608,1,13.959168
5537,16,16,-1,-1,-1,-1,-1,13.937664,1,13.98272
5538,16,1024,-1,-1,-1,-1,-1,-1,0,78.6688
5539,16,16,-1,-1,-1,-1,-1,14.043136,1,17.999872
5540,16,16,-1,-1,-1,-1,-1,13.94176,1,14.001152
5541,16,16,-1,-1,-1,-1,-1,13.96224,1,14.006272
5542,16,16,-1,-1,-1,-1,-1,13.938688,1,13.983744
5543,16,16,-1,-1,-1,-1,-1,13.93664,1,14.005248
5544,16,16,-1,-1,-1,-1,-1,13.978624,1,14.04416
5545,16,1024,-1,-1,-1,-1,-1,-1,0,122.215424
5546,16,16,-1,-1,-1,-1,-1,14.272512,1,19.987455
5547,16,16,-1,-1,-1,-1,-1,13.953024,1,20.783104
5548,16,16,-1,-1,-1,-1,-1,13.933568,1,13.978624
5549,16,1024,-1,-1,-1,-1,-1,-1,0,115.75296
5550,16,1024,-1,-1,-1,-1,-1,-1,0,88.332291
5551,16,16,-1,-1,-1,-1,-1,14.150656,1,25.765888
5552,16,16,-1,-1,-1,-1,-1,14.046208,1,15.582208
5553,16,16,-1,-1,-1,-1,-1,13.893632,1,13.937664
5554,16,16,-1,-1,-1,-1,-1,14.022656,1,17.302528
5555,16,16,-1,-1,-1,-1,-1,14.005248,1,23.897087
5556,16,16,-1,-1,-1,-1,-1,13.935616,1,14.001152
5557,16,16,-1,-1,-1,-1,-1,13.910016,1,13.953024
5558,16,16,-1,-1,-1,-1,-1,13.9008,1,13.944832
5559,16,16,-1,-1,-1,-1,-1,13.929472,1,13.995008
5560,16,1024,-1,-1,-1,-1,-1,-1,0,95.083519
5561,16,16,-1,-1,-1,-1,-1,13.991936,1,19.65056
5562,16,16,-1,-1,-1,-1,-1,13.91104,1,13.975552
5563,16,16,-1,-1,-1,-1,-1,13.932544,1,13.997056
5564,16,16,-1,-1,-1,-1,-1,13.91616,1,13.960192
5565,16,16,-1,-1,-1,-1,-1,13.89056,1,13.958144
5566,16,1024,-1,-1,-1,-1,-1,-1,0,79.834114
5567,16,16,-1,-1,-1,-1,-1,14.058496,1,17.117184
5568,16,1024,-1,-1,-1,-1,-1,-1,0,100.615166
5569,16,16,-1,-1,-1,-1,-1,14.006272,1,16.748545
5570,16,16,-1,-1,-1,-1,-1,13.9008,1,13.96736
5571,16,16,-1,-1,-1,-1,-1,13.877248,1,13.943808
5572,16,16,-1,-1,-1,-1,-1,13.91104,1,13.96736
5573,16,16,-1,-1,-1,-1,-1,13.915136,1,13.959168
5574,16,1008,-1,-1,-1,-1,-1,-1,0,71.302147
5575,16,16,-1,-1,-1,-1,-1,14.030848,1,19.571712
5576,16,16,-1,-1,-1,-1,-1,13.933568,1,13.995008
5577,16,16,-1,-1,-1,-1,-1,13.927424,1,13.996032
5578,16,16,-1,-1,-1,-1,-1,14.292992,1,20.351999
5579,16,16,-1,-1,-1,-1,-1,13.9264,1,13.991936
5580,16,1024,-1,-1,-1,-1,-1,-1,0,102.604797
5581,16,16,-1,-1,-1,-1,-1,14.051328,1,19.851265
5582,16,16,-1,-1,-1,-1,-1,13.907968,1,13.976576
5583,16,16,-1,-1,-1,-1,-1,13.929472,1,13.971456
5584,16,16,-1,-1,-1,-1,-1,13.88544,1,13.955072
5585,16,16,-1,-1,-1,-1,-1,13.869056,1,13.91616
5586,16,1024,-1,-1,-1,-1,-1,-1,0,98.063362
5587,16,16,-1,-1,-1,-1,-1,14.436352,1,19.830784
5588,16,1024,-1,-1,-1,-1,-1,-1,0,113.077248
5589,16,16,-1,-1,-1,-1,-1,13.983744,1,17.009665
5590,16,16,-1,-1,-1,-1,-1,13.877248,1,13.935616
5591,16,16,-1,-1,-1,-1,-1,13.89056,1,13.95712
5592,16,16,-1,-1,-1,-1,-1,13.920256,1,13.988864
5593,16,16,-1,-1,-1,-1,-1,13.874176,1,13.94176
5594,16,16,-1,-1,-1,-1,-1,13.91104,1,13.956096
5595,16,16,-1,-1,-1,-1,-1,13.855744,1,13.912064
5596,16,16,-1,-1,-1,-1,-1,13.874176,1,13.940736
5597,16,16,-1,-1,-1,-1,-1,13.884416,1,13.949952
5598,16,16,-1,-1,-1,-1,-1,13.881344,1,13.947904
5599,16,16,-1,-1,-1,-1,-1,13.910016,1,13.954048
5600,16,16,-1,-1,-1,-1,-1,13.872128,1,13.94176
5601,16,16,-1,-1,-1,-1,-1,13.889536,1,13.934592
5602,16,16,-1,-1,-1,-1,-1,13.91104,1,13.979648
5603,16,16,-1,-1,-1,-1,-1,13.894656,1,13.961216
5604,16,16,-1,-1,-1,-1,-1,13.901824,1,13.969408
5605,16,1024,-1,-1,-1,-1,-1,-1,0,73.250816
5606,16,16,-1,-1,-1,-1,-1,14.087168,1,19.115007
5607,16,16,-1,-1,-1,-1,-1,13.986816,1,14.0544
5608,16,16,-1,-1,-1,-1,-1,13.945856,1,14.01344
5609,16,16,-1,-1,-1,-1,-1,13.925376,1,13.990912
5610,16,1024,-1,-1,-1,-1,-1,-1,0,108.351486
5611,16,1024,-1,-1,-1,-1,-1,-1,0,113.244164
5612,16,16,-1,-1,-1,-1,-1,13.953024,1,18.460672
5613,16,16,-1,-1,-1,-1,-1,13.861888,1,13.922304
5614,16,16,-1,-1,-1,-1,-1,13.8496,1,13.919232
5615,16,16,-1,-1,-1,-1,-1,13.87008,1,13.917184
5616,16,16,-1,-1,-1,-1,-1,13.871104,1,13.937664
5617,16,16,-1,-1,-1,-1,-1,13.876224,1,13.919232
5618,16,16,-1,-1,-1,-1,-1,13.893632,1,13.952
5619,16,16,-1,-1,-1,-1,-1,13.902848,1,13.947904
5620,16,16,-1,-1,-1,-1,-1,13.876224,1,13.943808
5621,16,16,-1,-1,-1,-1,-1,13.897728,1,13.965312
5622,16,16,-1,-1,-1,-1,-1,13.861888,1,13.927424
5623,16,16,-1,-1,-1,-1,-1,13.917184,1,13.974528
5624,16,16,-1,-1,-1,-1,-1,13.858816,1,13.925376
5625,16,16,-1,-1,-1,-1,-1,13.897728,1,13.968384
5626,16,16,-1,-1,-1,-1,-1,13.889536,1,13.956096
5627,16,16,-1,-1,-1,-1,-1,13.868032,1,13.932544
5628,16,16,-1,-1,-1,-1,-1,13.891584,1,13.950976
5629,16,16,-1,-1,-1,-1,-1,13.883392,1,13.953024
5630,16,16,-1,-1,-1,-1,-1,13.910016,1,13.979648
5631,16,16,-1,-1,-1,-1,-1,13.908992,1,13.96224
5632,16,16,-1,-1,-1,-1,-1,13.919232,1,13.9776
5633,16,16,-1,-1,-1,-1,-1,13.898752,1,13.942784
5634,16,16,-1,-1,-1,-1,-1,13.927424,1,13.99296
5635,16,16,-1,-1,-1,-1,-1,13.899776,1,13.943808
5636,16,16,-1,-1,-1,-1,-1,13.851648,1,13.918208
5637,16,16,-1,-1,-1,-1,-1,13.917184,1,13.983744
5638,16,16,-1,-1,-1,-1,-1,13.9264,1,13.98784
5639,16,16,-1,-1,-1,-1,-1,13.898752,1,13.964288
5640,16,16,-1,-1,-1,-1,-1,13.961216,1,17.516544
5641,16,16,-1,-1,-1,-1,-1,13.89568,1,13.96224
5642,16,16,-1,-1,-1,-1,-1,13.935616,1,14.012416
5643,16,16,-1,-1,-1,-1,-1,13.93664,1,14.002176
5644,16,16,-1,-1,-1,-1,-1,13.877248,1,13.943808
5645,16,16,-1,-1,-1,-1,-1,13.899776,1,13.965312
5646,16,16,-1,-1,-1,-1,-1,13.932544,1,14.002176
5647,16,16,-1,-1,-1,-1,-1,13.923328,1,13.969408
5648,16,16,-1,-1,-1,-1,-1,13.950976,1,14.017536
5649,16,16,-1,-1,-1,-1,-1,13.908992,1,13.953024
5650,16,16,-1,-1,-1,-1,-1,13.939712,1,14.011392
5651,16,16,-1,-1,-1,-1,-1,13.94176,1,13.986816
5652,16,16,-1,-1,-1,-1,-1,13.952,1,14.010368
5653,16,16,-1,-1,-1,-1,-1,13.918208,1,13.983744
5654,16,1024,-1,-1,-1,-1,-1,-1,0,102.447105
5655,16,1024,-1,-1,-1,-1,-1,-1,0,143.859711
5656,16,16,-1,-1,-1,-1,-1,14.060544,1,17.136641
5657,16,16,-1,-1,-1,-1,-1,13.948928,1,14.016512
5658,16,1024,-1,-1,-1,-1,-1,-1,0,110.294014
5659,16,16,-1,-1,-1,-1,-1,14.227456,1,18.054144
5660,16,16,-1,-1,-1,-1,-1,14.180352,1,23.17312
5661,16,16,-1,-1,-1,-1,-1,13.96736,1,14.954496
5662,16,16,-1,-1,-1,-1,-1,13.892608,1,13.960192
5663,16,16,-1,-1,-1,-1,-1,13.898752,1,13.942784
5664,16,16,-1,-1,-1,-1,-1,13.964288,1,14.029824
5665,16,16,-1,-1,-1,-1,-1,13.896704,1,13.940736
5666,16,1024,-1,-1,-1,-1,-1,-1,0,76.648445
5667,16,1024,-1,-1,-1,-1,-1,-1,0,98.575363
5668,16,1024,-1,-1,-1,-1,-1,-1,0,123.731972
5669,16,16,-1,-1,-1,-1,-1,14.0032,1,21.587969
5670,16,16,-1,-1,-1,-1,-1,13.91104,1,13.978624
5671,16,16,-1,-1,-1,-1,-1,13.913088,1,13.980672
5672,16,16,-1,-1,-1,-1,-1,13.8752,1,13.932544
5673,16,16,-1,-1,-1,-1,-1,13.919232,1,13.96224
5674,16,16,-1,-1,-1,-1,-1,13.882368,1,13.949952
5675,16,16,-1,-1,-1,-1,-1,13.888512,1,13.94688
5676,16,16,-1,-1,-1,-1,-1,13.92128,1,13.98784
5677,16,16,-1,-1,-1,-1,-1,13.892608,1,13.938688
5678,16,16,-1,-1,-1,-1,-1,13.88544,1,13.952
5679,16,16,-1,-1,-1,-1,-1,13.917184,1,13.96224
5680,16,16,-1,-1,-1,-1,-1,13.910016,1,13.974528
5681,16,16,-1,-1,-1,-1,-1,13.935616,1,13.979648
5682,16,16,-1,-1,-1,-1,-1,13.897728,1,13.966336
5683,16,16,-1,-1,-1,-1,-1,13.930496,1,13.995008
5684,16,16,-1,-1,-1,-1,-1,13.934592,1,14.001152
5685,16,16,-1,-1,-1,-1,-1,13.90592,1,13.973504
5686,16,16,-1,-1,-1,-1,-1,13.9264,1,13.983744
5687,16,1024,-1,-1,-1,-1,-1,-1,0,69.768188
5688,16,1024,-1,-1,-1,-1,-1,-1,0,71.323647
5689,16,16,-1,-1,-1,-1,-1,14.05952,1,14.1056
5690,16,16,-1,-1,-1,-1,-1,14.030848,1,14.098432
5691,16,16,-1,-1,-1,-1,-1,13.969408,1,14.03392
5692,16,16,-1,-1,-1,-1,-1,13.9264,1,13.988864
5693,16,1024,-1,-1,-1,-1,-1,-1,0,70.586365
5694,16,16,-1,-1,-1,-1,-1,14.038016,1,14.082048
5695,16,16,-1,-1,-1,-1,-1,13.964288,1,14.00832
5696,16,16,-1,-1,-1,-1,-1,13.897728,1,13.94176
5697,16,16,-1,-1,-1,-1,-1,13.933568,1,13.975552
5698,16,16,-1,-1,-1,-1,-1,13.948928,1,14.012416
5699,16,16,-1,-1,-1,-1,-1,13.954048,1,14.019584
5700,16,16,-1,-1,-1,-1,-1,13.917184,1,13.98272
5701,16,16,-1,-1,-1,-1,-1,13.935616,1,13.99296
5702,16,1024,-1,-1,-1,-1,-1,-1,0,69.939201
5703,16,16,-1,-1,-1,-1,-1,14.05952,1,14.118912
5704,16,16,-1,-1,-1,-1,-1,13.98784,1,14.053376
5705,16,16,-1,-1,-1,-1,-1,13.961216,1,14.004224
5706,16,16,-1,-1,-1,-1,-1,13.956096,1,14.015488
5707,16,1024,-1,-1,-1,-1,-1,-1,0,70.124542
5708,16,16,-1,-1,-1,-1,-1,14.016512,1,14.07488
5709,16,16,-1,-1,-1,-1,-1,13.979648,1,14.046208
5710,16,16,-1,-1,-1,-1,-1,13.958144,1,14.001152
5711,16,16,-1,-1,-1,-1,-1,13.952,1,13.996032
5712,16,16,-1,-1,-1,-1,-1,13.919232,1,13.964288
5713,16,16,-1,-1,-1,-1,-1,13.93152,1,13.975552
5714,16,1024,-1,-1,-1,-1,-1,-1,0,70.064125
5715,16,16,-1,-1,-1,-1,-1,14.015488,1,14.08
5716,16,16,-1,-1,-1,-1,-1,13.99808,1,14.066688
5717,16,16,-1,-1,-1,-1,-1,13.990912,1,14.057472
5718,16,16,-1,-1,-1,-1,-1,13.94688,1,14.012416
5719,16,16,-1,-1,-1,-1,-1,13.950976,1,14.01856
5720,16,16,-1,-1,-1,-1,-1,13.892608,1,13.95712
5721,16,16,-1,-1,-1,-1,-1,13.904896,1,13.948928
5722,16,16,-1,-1,-1,-1,-1,13.906944,1,13.973504
5723,16,1024,-1,-1,-1,-1,-1,-1,0,70.354942
5724,16,16,-1,-1,-1,-1,-1,14.046208,1,14.09024
5725,16,16,-1,-1,-1,-1,-1,13.958144,1,14.024704
5726,16,16,-1,-1,-1,-1,-1,13.961216,1,14.007296
5727,16,16,-1,-1,-1,-1,-1,13.960192,1,14.004224
5728,16,16,-1,-1,-1,-1,-1,13.927424,1,13.971456
5729,16,16,-1,-1,-1,-1,-1,13.945856,1,13.988864
5730,16,16,-1,-1,-1,-1,-1,13.935616,1,13.991936
5731,16,1024,-1,-1,-1,-1,-1,-1,0,69.909508
5732,16,16,-1,-1,-1,-1,-1,14.084096,1,14.149632
5733,16,16,-1,-1,-1,-1,-1,14.00832,1,14.075904
5734,16,1024,-1,-1,-1,-1,-1,-1,0,70.593536
5735,16,16,-1,-1,-1,-1,-1,14.038016,1,14.097408
5736,16,16,-1,-1,-1,-1,-1,13.983744,1,14.04928
5737,16,1024,-1,-1,-1,-1,-1,-1,0,70.21875
5738,16,16,-1,-1,-1,-1,-1,14.00832,1,14.072832
5739,16,16,-1,-1,-1,-1,-1,13.995008,1,14.063616
5740,16,16,-1,-1,-1,-1,-1,13.906944,1,13.950976
5741,16,16,-1,-1,-1,-1,-1,13.896704,1,13.961216
5742,16,16,-1,-1,-1,-1,-1,13.868032,1,13.912064
5743,16,16,-1,-1,-1,-1,-1,13.881344,1,13.925376
5744,16,16,-1,-1,-1,-1,-1,13.929472,1,13.974528
5745,16,16,-1,-1,-1,-1,-1,13.901824,1,13.945856
5746,16,16,-1,-1,-1,-1,-1,13.901824,1,13.959168
5747,16,16,-1,-1,-1,-1,-1,13.88032,1,13.937664
5748,16,16,-1,-1,-1,-1,-1,13.906944,1,13.970432
5749,16,16,-1,-1,-1,-1,-1,13.88032,1,13.924352
5750,16,16,-1,-1,-1,-1,-1,13.877248,1,13.943808
5751,16,16,-1,-1,-1,-1,-1,13.907968,1,13.96736
5752,16,16,-1,-1,-1,-1,-1,13.88544,1,13.948928
5753,16,16,-1,-1,-1,-1,-1,13.901824,1,13.966336
5754,16,16,-1,-1,-1,-1,-1,13.92128,1,13.986816
5755,16,16,-1,-1,-1,-1,-1,13.898752,1,13.965312
5756,16,16,-1,-1,-1,-1,-1,13.910016,1,13.953024
5757,16,16,-1,-1,-1,-1,-1,13.883392,1,13.949952
5758,16,16,-1,-1,-1,-1,-1,13.928448,1,13.973504
5759,16,16,-1,-1,-1,-1,-1,13.906944,1,13.949952
5760,16,16,-1,-1,-1,-1,-1,13.908992,1,13.953024
5761,16,16,-1,-1,-1,-1,-1,13.925376,1,13.969408
5762,16,16,-1,-1,-1,-1,-1,13.894656,1,13.961216
5763,16,16,-1,-1,-1,-1,-1,13.888512,1,13.955072
5764,16,16,-1,-1,-1,-1,-1,13.935616,1,13.990912
5765,16,16,-1,-1,-1,-1,-1,13.887488,1,13.930496
5766,16,16,-1,-1,-1,-1,-1,13.9008,1,13.95712
5767,16,16,-1,-1,-1,-1,-1,13.891584,1,13.948928
5768,16,16,-1,-1,-1,-1,-1,13.927424,1,13.99296
5769,16,16,-1,-1,-1,-1,-1,13.932544,1,13.99808
5770,16,16,-1,-1,-1,-1,-1,13.918208,1,13.978624
5771,16,16,-1,-1,-1,-1,-1,13.935616,1,14.001152
5772,16,16,-1,-1,-1,-1,-1,13.93664,1,13.980672
5773,16,16,-1,-1,-1,-1,-1,13.934592,1,13.989888
5774,16,1024,-1,-1,-1,-1,-1,-1,0,69.768188
5775,16,16,-1,-1,-1,-1,-1,14.094336,1,14.139392
5776,16,16,-1,-1,-1,-1,-1,13.989888,1,14.03392
5777,16,16,-1,-1,-1,-1,-1,13.985792,1,14.029824
5778,16,16,-1,-1,-1,-1,-1,13.927424,1,13.993984
5779,16,1023,-1,-1,-1,-1,-1,-1,0,70.105087
5780,16,16,-1,-1,-1,-1,-1,14.067712,1,14.133248
5781,16,16,-1,-1,-1,-1,-1,13.963264,1,14.005248
5782,16,16,-1,-1,-1,-1,-1,13.939712,1,14.006272
5783,16,16,-1,-1,-1,-1,-1,13.979648,1,14.038016
5784,16,1023,-1,-1,-1,-1,-1,-1,0,70.011902
5785,16,16,-1,-1,-1,-1,-1,13.99808,1,14.063616
5786,16,16,-1,-1,-1,-1,-1,13.997056,1,14.06464
5787,16,16,-1,-1,-1,-1,-1,13.932544,1,13.99808
5788,16,16,-1,-1,-1,-1,-1,13.945856,1,13.990912
5789,16,1024,-1,-1,-1,-1,-1,-1,0,70.491135
5790,16,16,-1,-1,-1,-1,-1,14.024704,1,14.083072
5791,16,16,-1,-1,-1,-1,-1,13.970432,1,14.015488
5792,16,1024,-1,-1,-1,-1,-1,-1,0,70.165504
5793,16,16,-1,-1,-1,-1,-1,14.053376,1,14.097408
5794,16,16,-1,-1,-1,-1,-1,13.948928,1,14.014464
5795,16,16,-1,-1,-1,-1,-1,13.95712,1,14.022656
5796,16,16,-1,-1,-1,-1,-1,13.937664,1,14.004224
5797,16,16,-1,-1,-1,-1,-1,13.915136,1,13.959168
5798,16,16,-1,-1,-1,-1,-1,13.90592,1,13.97248
5799,16,16,-1,-1,-1,-1,-1,13.883392,1,13.948928
5800,16,16,-1,-1,-1,-1,-1,13.952,1,14.017536
5801,16,1024,-1,-1,-1,-1,-1,-1,0,70.42765
5802,16,16,-1,-1,-1,-1,-1,14.092288,1,14.137344
5803,16,16,-1,-1,-1,-1,-1,14.038016,1,14.103552
5804,16,16,-1,-1,-1,-1,-1,13.965312,1,14.010368
5805,16,16,-1,-1,-1,-1,-1,13.952,1,14.01856
5806,16,16,-1,-1,-1,-1,-1,13.96736,1,14.031872
5807,16,16,-1,-1,-1,-1,-1,13.944832,1,13.98784
5808,16,16,-1,-1,-1,-1,-1,13.971456,1,14.035968
5809,16,16,-1,-1,-1,-1,-1,13.94688,1,13.990912
5810,16,16,-1,-1,-1,-1,-1,13.970432,1,14.03392
5811,16,1024,-1,-1,-1,-1,-1,-1,0,70.011902
5812,16,16,-1,-1,-1,-1,-1,14.058496,1,14.123008
5813,16,16,-1,-1,-1,-1,-1,14.075904,1,14.118912
5814,16,1024,-1,-1,-1,-1,-1,-1,0,70.355965
5815,16,16,-1,-1,-1,-1,-1,13.99808,1,14.043136
5816,16,16,-1,-1,-1,-1,-1,14.011392,1,14.055424
5817,16,16,-1,-1,-1,-1,-1,13.960192,1,14.026752
5818,16,16,-1,-1,-1,-1,-1,13.913088,1,13.958144
5819,16,16,-1,-1,-1,-1,-1,13.924352,1,13.991936
5820,16,16,-1,-1,-1,-1,-1,13.928448,1,13.97248
5821,16,16,-1,-1,-1,-1,-1,13.908992,1,13.976576
5822,16,2032,-1,-1,-1,-1,-1,-1,0,129.357819
5823,16,16,-1,-1,-1,-1,-1,14.094336,1,14.139392
5824,16,16,-1,-1,-1,-1,-1,14.006272,1,14.073856
5825,16,16,-1,-1,-1,-1,-1,13.963264,1,14.007296
5826,16,16,-1,-1,-1,-1,-1,13.953024,1,14.01856
5827,16,16,-1,-1,-1,-1,-1,13.88544,1,13.952
5828,16,16,-1,-1,-1,-1,-1,13.914112,1,13.97248
5829,16,16,-1,-1,-1,-1,-1,13.899776,1,13.942784
5830,16,1024,-1,-1,-1,-1,-1,-1,0,70.522881
5831,16,16,-1,-1,-1,-1,-1,14.024704,1,14.068736
5832,16,16,-1,-1,-1,-1,-1,14.002176,1,14.047232
5833,16,16,-1,-1,-1,-1,-1,13.96224,1,14.029824
5834,16,16,-1,-1,-1,-1,-1,13.901824,1,13.944832
5835,16,16,-1,-1,-1,-1,-1,13.90592,1,13.964288
5836,16,1024,-1,-1,-1,-1,-1,-1,0,70.249474
5837,16,1024,-1,-1,-1,-1,-1,-1,0,72.130562
5838,16,16,-1,-1,-1,-1,-1,14.057472,1,14.123008
5839,16,16,-1,-1,-1,-1,-1,13.96224,1,14.007296
5840,16,16,-1,-1,-1,-1,-1,13.952,1,14.024704
5841,16,16,-1,-1,-1,-1,-1,13.87008,1,13.91616
5842,16,16,-1,-1,-1,-1,-1,13.899776,1,13.950976
5843,16,16,-1,-1,-1,-1,-1,13.906944,1,13.979648
5844,16,16,-1,-1,-1,-1,-1,13.92128,1,14.000128
5845,16,16,-1,-1,-1,-1,-1,13.899776,1,13.947904
5846,16,16,-1,-1,-1,-1,-1,13.923328,1,14.027776
5847,16,16,-1,-1,-1,-1,-1,13.867008,1,13.932544
5848,16,16,-1,-1,-1,-1,-1,13.88032,1,13.925376
5849,16,16,-1,-1,-1,-1,-1,13.894656,1,13.960192
5850,16,16,-1,-1,-1,-1,-1,13.872128,1,13.949952
5851,16,16,-1,-1,-1,-1,-1,13.889536,1,13.955072
5852,16,1024,-1,-1,-1,-1,-1,-1,0,70.513664
5853,16,16,-1,-1,-1,-1,-1,14.019584,1,14.086144
5854,16,16,-1,-1,-1,-1,-1,13.993984,1,14.067712
5855,16,16,-1,-1,-1,-1,-1,13.960192,1,14.005248
5856,16,16,-1,-1,-1,-1,-1,13.927424,1,13.99296
5857,16,16,-1,-1,-1,-1,-1,13.930496,1,13.981696
5858,16,1024,-1,-1,-1,-1,-1,-1,0,70.411263
5859,16,16,-1,-1,-1,-1,-1,14.0032,1,14.078976
5860,16,16,-1,-1,-1,-1,-1,13.96736,1,14.03904
5861,16,16,-1,-1,-1,-1,-1,13.937664,1,13.981696
5862,16,16,-1,-1,-1,-1,-1,13.860864,1,13.963264
5863,16,16,-1,-1,-1,-1,-1,13.925376,1,13.981696
5864,16,1024,-1,-1,-1,-1,-1,-1,0,70.301697
5865,16,16,-1,-1,-1,-1,-1,14.04416,1,14.111744
5866,16,16,-1,-1,-1,-1,-1,13.993984,1,14.040064
5867,16,16,-1,-1,-1,-1,-1,13.950976,1,13.993984
5868,16,16,-1,-1,-1,-1,-1,13.933568,1,14.000128
5869,16,16,-1,-1,-1,-1,-1,13.92128,1,13.985792
5870,16,16,-1,-1,-1,-1,-1,13.904896,1,13.96224
5871,16,16,-1,-1,-1,-1,-1,13.898752,1,13.943808
5872,16,16,-1,-1,-1,-1,-1,13.923328,1,13.988864
5873,16,16,-1,-1,-1,-1,-1,13.873152,1,13.91616
5874,16,16,-1,-1,-1,-1,-1,13.899776,1,13.956096
5875,16,16,-1,-1,-1,-1,-1,13.891584,1,13.956096
5876,16,16,-1,-1,-1,-1,-1,13.869056,1,13.933568
5877,16,16,-1,-1,-1,-1,-1,13.8752,1,13.917184
5878,16,16,-1,-1,-1,-1,-1,13.89568,1,13.953024
5879,16,16,-1,-1,-1,-1,-1,13.857792,1,13.9008
5880,16,16,-1,-1,-1,-1,-1,13.913088,1,13.9776
5881,16,16,-1,-1,-1,-1,-1,13.933568,1,13.991936
5882,16,16,-1,-1,-1,-1,-1,13.853696,1,13.896704
5883,16,16,-1,-1,-1,-1,-1,13.89568,1,13.939712
5884,16,16,-1,-1,-1,-1,-1,13.879296,1,13.945856
5885,16,16,-1,-1,-1,-1,-1,13.91104,1,13.969408
5886,16,16,-1,-1,-1,-1,-1,13.88544,1,13.949952
5887,16,16,-1,-1,-1,-1,-1,13.923328,1,13.966336
5888,16,16,-1,-1,-1,-1,-1,13.9008,1,13.964288
5889,16,16,-1,-1,-1,-1,-1,13.891584,1,13.934592
5890,16,16,-1,-1,-1,-1,-1,13.891584,1,13.956096
5891,16,16,-1,-1,-1,-1,-1,13.908992,1,13.973504
5892,16,16,-1,-1,-1,-1,-1,13.922304,1,13.985792
5893,16,16,-1,-1,-1,-1,-1,13.893632,1,13.93664
5894,16,16,-1,-1,-1,-1,-1,13.942784,1,14.009344
5895,16,16,-1,-1,-1,-1,-1,13.908992,1,13.952
5896,16,1024,-1,-1,-1,-1,-1,-1,0,70.226944
5897,16,16,-1,-1,-1,-1,-1,14.052352,1,14.109696
5898,16,16,-1,-1,-1,-1,-1,13.979648,1,14.022656
5899,16,16,-1,-1,-1,-1,-1,13.938688,1,13.98272
5900,16,16,-1,-1,-1,-1,-1,13.928448,1,13.993984
5901,16,1024,-1,-1,-1,-1,-1,-1,0,70.273026
5902,16,16,-1,-1,-1,-1,-1,14.046208,1,14.111744
5903,16,1024,-1,-1,-1,-1,-1,-1,0,70.636543
5904,16,16,-1,-1,-1,-1,-1,14.060544,1,14.124032
5905,16,16,-1,-1,-1,-1,-1,14.025728,1,14.06976
5906,16,16,-1,-1,-1,-1,-1,13.935616,1,14.001152
5907,16,16,-1,-1,-1,-1,-1,13.953024,1,14.016512
5908,16,16,-1,-1,-1,-1,-1,13.938688,1,13.98272
5909,16,1024,-1,-1,-1,-1,-1,-1,0,70.380547
5910,16,16,-1,-1,-1,-1,-1,14.055424,1,14.12096
5911,16,16,-1,-1,-1,-1,-1,13.969408,1,14.020608
5912,16,16,-1,-1,-1,-1,-1,13.99296,1,14.101504
5913,16,16,-1,-1,-1,-1,-1,13.96224,1,14.06976
5914,16,1024,-1,-1,-1,-1,-1,-1,0,70.380547
5915,16,16,-1,-1,-1,-1,-1,14.03392,1,14.076928
5916,16,16,-1,-1,-1,-1,-1,13.968384,1,14.034944
5917,16,16,-1,-1,-1,-1,-1,13.954048,1,14.019584
5918,16,16,-1,-1,-1,-1,-1,13.910016,1,13.976576
5919,16,16,-1,-1,-1,-1,-1,13.901824,1,13.966336
5920,16,16,-1,-1,-1,-1,-1,13.95712,1,14.001152
5921,16,1024,-1,-1,-1,-1,-1,-1,0,69.898239
5922,16,16,-1,-1,-1,-1,-1,14.061568,1,14.127104
5923,16,16,-1,-1,-1,-1,-1,13.991936,1,14.05952
5924,16,16,-1,-1,-1,-1,-1,13.955072,1,14.000128
5925,16,16,-1,-1,-1,-1,-1,13.932544,1,13.999104
5926,16,16,-1,-1,-1,-1,-1,13.938688,1,14.005248
5927,16,16,-1,-1,-1,-1,-1,13.920256,1,13.963264
5928,16,16,-1,-1,-1,-1,-1,13.917184,1,13.984768
5929,16,1024,-1,-1,-1,-1,-1,-1,0,70.095871
5930,16,16,-1,-1,-1,-1,-1,14.04928,1,14.11584
5931,16,16,-1,-1,-1,-1,-1,13.966336,1,14.011392
5932,16,16,-1,-1,-1,-1,-1,13.954048,1,14.020608
5933,16,16,-1,-1,-1,-1,-1,13.923328,1,13.988864
5934,16,16,-1,-1,-1,-1,-1,13.948928,1,14.01344
5935,16,16,-1,-1,-1,-1,-1,13.942784,1,14.00832
5936,16,16,-1,-1,-1,-1,-1,13.952,1,13.996032
5937,16,16,-1,-1,-1,-1,-1,13.947904,1,14.01344
5938,16,16,-1,-1,-1,-1,-1,13.88032,1,13.943808
5939,16,16,-1,-1,-1,-1,-1,13.932544,1,13.975552
5940,16,1024,-1,-1,-1,-1,-1,-1,0,70.125565
5941,16,16,-1,-1,-1,-1,-1,14.097408,1,14.1568
5942,16,16,-1,-1,-1,-1,-1,14.001152,1,14.067712
5943,16,16,-1,-1,-1,-1,-1,13.993984,1,14.038016
5944,16,16,-1,-1,-1,-1,-1,13.964288,1,14.032896
5945,16,16,-1,-1,-1,-1,-1,13.93152,1,13.996032
5946,16,1024,-1,-1,-1,-1,-1,-1,0,70.135811
5947,16,16,-1,-1,-1,-1,-1,13.98784,1,14.031872
5948,16,16,-1,-1,-1,-1,-1,13.990912,1,14.057472
5949,16,16,-1,-1,-1,-1,-1,13.912064,1,13.976576
5950,16,16,-1,-1,-1,-1,-1,13.927424,1,13.970432
5951,16,16,-1,-1,-1,-1,-1,13.883392,1,13.947904
5952,16,1024,-1,-1,-1,-1,-1,-1,0,70.274048
5953,16,16,-1,-1,-1,-1,-1,14.000128,1,14.058496
5954,16,16,-1,-1,-1,-1,-1,13.979648,1,14.046208
5955,16,16,-1,-1,-1,-1,-1,13.97248,1,14.017536
5956,16,16,-1,-1,-1,-1,-1,13.966336,1,14.02368
5957,16,16,-1,-1,-1,-1,-1,13.969408,1,14.03392
5958,16,1024,-1,-1,-1,-1,-1,-1,0,70.364159
5959,16,1024,-1,-1,-1,-1,-1,-1,0,71.441406
5960,16,16,-1,-1,-1,-1,-1,14.012416,1,14.078976
5961,16,1024,-1,-1,-1,-1,-1,-1,0,70.655998
5962,16,16,-1,-1,-1,-1,-1,13.989888,1,14.056448
5963,16,16,-1,-1,-1,-1,-1,13.999104,1,14.04416
5964,16,16,-1,-1,-1,-1,-1,13.929472,1,13.995008
5965,16,16,-1,-1,-1,-1,-1,13.914112,1,13.979648
5966,16,16,-1,-1,-1,-1,-1,13.891584,1,13.934592
5967,16,16,-1,-1,-1,-1,-1,13.887488,1,13.943808
5968,16,16,-1,-1,-1,-1,-1,13.932544,1,13.997056
5969,16,16,-1,-1,-1,-1,-1,13.93152,1,13.99808
5970,16,16,-1,-1,-1,-1,-1,13.89568,1,13.961216
5971,16,16,-1,-1,-1,-1,-1,13.853696,1,13.89568
5972,16,16,-1,-1,-1,-1,-1,13.925376,1,13.989888
5973,16,16,-1,-1,-1,-1,-1,13.876224,1,13.939712
5974,16,16,-1,-1,-1,-1,-1,13.889536,1,13.954048
5975,16,16,-1,-1,-1,-1,-1,13.922304,1,13.980672
5976,16,16,-1,-1,-1,-1,-1,13.91104,1,13.975552
5977,16,16,-1,-1,-1,-1,-1,13.938688,1,14.005248
5978,16,1024,-1,-1,-1,-1,-1,-1,0,70.132736
5979,16,16,-1,-1,-1,-1,-1,14.083072,1,14.127104
5980,16,16,-1,-1,-1,-1,-1,14.027776,1,14.073856
5981,16,16,-1,-1,-1,-1,-1,13.97248,1,14.040064
5982,16,1024,-1,-1,-1,-1,-1,-1,0,70.115326
5983,16,1024,-1,-1,-1,-1,-1,-1,0,71.31443
5984,16,16,-1,-1,-1,-1,-1,14.009344,1,14.073856
5985,16,16,-1,-1,-1,-1,-1,13.974528,1,14.042112
5986,16,16,-1,-1,-1,-1,-1,13.938688,1,13.98272
5987,16,16,-1,-1,-1,-1,-1,13.914112,1,13.959168
5988,16,16,-1,-1,-1,-1,-1,13.897728,1,13.96224
5989,16,16,-1,-1,-1,-1,-1,13.919232,1,13.984768
5990,16,16,-1,-1,-1,-1,-1,13.904896,1,13.971456
5991,16,16,-1,-1,-1,-1,-1,13.902848,1,13.958144
5992,16,16,-1,-1,-1,-1,-1,13.891584,1,13.960192
5993,16,16,-1,-1,-1,-1,-1,13.896704,1,13.960192
5994,16,16,-1,-1,-1,-1,-1,13.904896,1,13.96224
5995,16,16,-1,-1,-1,-1,-1,13.85984,1,13.902848
5996,16,16,-1,-1,-1,-1,-1,13.892608,1,13.93664
5997,16,16,-1,-1,-1,-1,-1,13.888512,1,13.954048
5998,16,16,-1,-1,-1,-1,-1,13.919232,1,13.98272
5999,16,16,-1,-1,-1,-1,-1,13.914112,1,13.978624
6000,16,16,-1,-1,-1,-1,-1,13.898752,1,13.961216
6001,16,16,-1,-1,-1,-1,-1,13.93152,1,13.988864
6002,16,16,-1,-1,-1,-1,-1,13.878272,1,13.92128
6003,16,16,-1,-1,-1,-1,-1,13.898752,1,13.94176
6004,16,16,-1,-1,-1,-1,-1,13.919232,1,13.983744
6005,16,16,-1,-1,-1,-1,-1,13.934592,1,13.999104
6006,16,16,-1,-1,-1,-1,-1,13.898752,1,13.954048
6007,16,16,-1,-1,-1,-1,-1,13.884416,1,13.948928
6008,16,16,-1,-1,-1,-1,-1,13.930496,1,13.996032
6009,16,16,-1,-1,-1,-1,-1,13.948928,1,14.01344
6010,16,16,-1,-1,-1,-1,-1,13.874176,1,13.938688
6011,16,16,-1,-1,-1,-1,-1,13.9008,1,13.942784
6012,16,16,-1,-1,-1,-1,-1,13.91104,1,13.955072
6013,16,16,-1,-1,-1,-1,-1,13.943808,1,14.007296
6014,16,16,-1,-1,-1,-1,-1,13.914112,1,13.978624
6015,16,16,-1,-1,-1,-1,-1,13.902848,1,13.968384
6016,16,16,-1,-1,-1,-1,-1,13.903872,1,13.969408
6017,16,1024,-1,-1,-1,-1,-1,-1,0,69.767166
6018,16,16,-1,-1,-1,-1,-1,14.082048,1,14.12608
6019,16,16,-1,-1,-1,-1,-1,14.047232,1,14.091264
6020,16,16,-1,-1,-1,-1,-1,13.966336,1,14.031872
6021,16,16,-1,-1,-1,-1,-1,13.966336,1,14.02368
6022,16,16,-1,-1,-1,-1,-1,13.963264,1,14.020608
6023,16,16,-1,-1,-1,-1,-1,13.979648,1,14.036992
6024,16,16,-1,-1,-1,-1,-1,13.950976,1,14.015488
6025,16,16,-1,-1,-1,-1,-1,13.897728,1,13.963264
6026,16,16,-1,-1,-1,-1,-1,13.930496,1,13.996032
6027,16,16,-1,-1,-1,-1,-1,13.96736,1,14.010368
6028,16,1024,-1,-1,-1,-1,-1,-1,0,69.975037
6029,16,1024,-1,-1,-1,-1,-1,-1,0,72.02816
6030,16,16,-1,-1,-1,-1,-1,14.06976,1,14.125056
6031,16,16,-1,-1,-1,-1,-1,13.988864,1,14.045184
6032,16,16,-1,-1,-1,-1,-1,13.963264,1,14.027776
6033,16,1023,-1,-1,-1,-1,-1,-1,0,70.237183
6034,16,16,-1,-1,-1,-1,-1,14.092288,1,14.158848
6035,16,16,-1,-1,-1,-1,-1,14.024704,1,14.070784
6036,16,16,-1,-1,-1,-1,-1,13.99808,1,14.06464
6037,16,16,-1,-1,-1,-1,-1,13.9776,1,14.034944
6038,16,16,-1,-1,-1,-1,-1,13.901824,1,13.968384
6039,16,16,-1,-1,-1,-1,-1,13.910016,1,13.974528
6040,16,16,-1,-1,-1,-1,-1,13.940736,1,13.985792
6041,16,16,-1,-1,-1,-1,-1,13.93152,1,13.99808
6042,16,1024,-1,-1,-1,-1,-1,-1,0,70.414337
6043,16,1024,-1,-1,-1,-1,-1,-1,0,71.569405
6044,16,16,-1,-1,-1,-1,-1,14.03392,1,14.098432
6045,16,1024,-1,-1,-1,-1,-1,-1,0,70.788094
6046,16,16,-1,-1,-1,-1,-1,14.063616,1,14.12096
6047,16,16,-1,-1,-1,-1,-1,14.034944,1,14.10048
6048,16,16,-1,-1,-1,-1,-1,13.969408,1,14.034944
6049,16,16,-1,-1,-1,-1,-1,13.955072,1,14.01856
6050,16,16,-1,-1,-1,-1,-1,13.939712,1,14.004224
6051,16,16,-1,-1,-1,-1,-1,13.947904,1,13.989888
6052,16,16,-1,-1,-1,-1,-1,13.91616,1,13.974528
6053,16,16,-1,-1,-1,-1,-1,13.959168,1,14.002176
6054,16,16,-1,-1,-1,-1,-1,13.93152,1,13.997056
6055,16,16,-1,-1,-1,-1,-1,13.930496,1,13.995008
6056,16,16,-1,-1,-1,-1,-1,13.89568,1,13.938688
6057,16,16,-1,-1,-1,-1,-1,13.904896,1,13.969408
6058,16,16,-1,-1,-1,-1,-1,13.9008,1,13.966336
6059,16,16,-1,-1,-1,-1,-1,13.938688,1,13.995008
6060,16,16,-1,-1,-1,-1,-1,13.93664,1,13.993984
6061,16,16,-1,-1,-1,-1,-1,13.934592,1,14.001152
6062,16,16,-1,-1,-1,-1,-1,13.914112,1,13.971456
6063,16,16,-1,-1,-1,-1,-1,13.927424,1,13.991936
6064,16,16,-1,-1,-1,-1,-1,13.91616,1,13.973504
6065,16,16,-1,-1,-1,-1,-1,13.913088,1,13.978624
6066,16,16,-1,-1,-1,-1,-1,13.928448,1,13.993984
6067,16,1024,-1,-1,-1,-1,-1,-1,0,70.261757
6068,16,16,-1,-1,-1,-1,-1,14.031872,1,14.097408
6069,16,16,-1,-1,-1,-1,-1,13.964288,1,14.00832
6070,16,1024,-1,-1,-1,-1,-1,-1,0,70.17984
6071,16,16,-1,-1,-1,-1,-1,14.036992,1,14.101504
6072,16,16,-1,-1,-1,-1,-1,13.990912,1,14.034944
6073,16,16,-1,-1,-1,-1,-1,13.948928,1,14.01344
6074,16,16,-1,-1,-1,-1,-1,13.919232,1,13.976576
6075,16,1023,-1,-1,-1,-1,-1,-1,0,70.272003
6076,16,16,-1,-1,-1,-1,-1,14.073856,1,14.139392
6077,16,16,-1,-1,-1,-1,-1,14.0288,1,14.096384
6078,16,16,-1,-1,-1,-1,-1,13.939712,1,13.99808
6079,16,16,-1,-1,-1,-1,-1,13.960192,1,14.024704
6080,16,16,-1,-1,-1,-1,-1,13.969408,1,14.027776
6081,16,16,-1,-1,-1,-1,-1,13.934592,1,13.997056
6082,16,16,-1,-1,-1,-1,-1,13.959168,1,14.02368
6083,16,16,-1,-1,-1,-1,-1,13.89056,1,13.94688
6084,16,16,-1,-1,-1,-1,-1,13.95712,1,14.000128
6085,16,16,-1,-1,-1,-1,-1,13.943808,1,13.985792
6086,16,16,-1,-1,-1,-1,-1,13.85472,1,13.919232
6087,16,1024,-1,-1,-1,-1,-1,-1,0,70.050819
6088,16,16,-1,-1,-1,-1,-1,14.053376,1,14.096384
6089,16,16,-1,-1,-1,-1,-1,13.954048,1,13.997056
6090,16,16,-1,-1,-1,-1,-1,13.952,1,14.016512
6091,16,16,-1,-1,-1,-1,-1,13.917184,1,13.981696
6092,16,16,-1,-1,-1,-1,-1,13.9264,1,13.991936
6093,16,16,-1,-1,-1,-1,-1,13.932544,1,13.999104
6094,16,16,-1,-1,-1,-1,-1,13.954048,1,14.017536
6095,16,16,-1,-1,-1,-1,-1,13.934592,1,14.001152
6096,16,16,-1,-1,-1,-1,-1,13.9264,1,13.990912
6097,16,16,-1,-1,-1,-1,-1,13.898752,1,13.963264
6098,16,2032,-1,-1,-1,-1,-1,-1,0,128.953339
6099,16,16,-1,-1,-1,-1,-1,14.138368,1,14.204928
6100,16,16,-1,-1,-1,-1,-1,14.020608,1,14.065664
6101,16,1024,-1,-1,-1,-1,-1,-1,0,70.611969
6102,16,16,-1,-1,-1,-1,-1,13.98784,1,14.053376
6103,16,16,-1,-1,-1,-1,-1,13.93664,1,14.002176
6104,16,16,-1,-1,-1,-1,-1,13.932544,1,13.975552
6105,16,1023,-1,-1,-1,-1,-1,-1,0,70.309891
6106,16,16,-1,-1,-1,-1,-1,14.067712,1,14.133248
6107,16,16,-1,-1,-1,-1,-1,14.058496,1,14.123008
6108,16,16,-1,-1,-1,-1,-1,13.999104,1,14.066688
6109,16,16,-1,-1,-1,-1,-1,13.92128,1,13.98784
6110,16,16,-1,-1,-1,-1,-1,13.91616,1,13.981696
6111,16,16,-1,-1,-1,-1,-1,13.915136,1,13.958144
6112,16,16,-1,-1,-1,-1,-1,13.90592,1,13.948928
6113,16,16,-1,-1,-1,-1,-1,13.940736,1,13.996032
6114,16,16,-1,-1,-1,-1,-1,13.892608,1,13.958144
6115,16,1024,-1,-1,-1,-1,-1,-1,0,69.747711
6116,16,16,-1,-1,-1,-1,-1,14.042112,1,14.08512
6117,16,16,-1,-1,-1,-1,-1,13.993984,1,14.061568
6118,16,16,-1,-1,-1,-1,-1,13.978624,1,14.04416
6119,16,16,-1,-1,-1,-1,-1,13.968384,1,14.03392
6120,16,16,-1,-1,-1,-1,-1,13.939712,1,13.984768
6121,16,16,-1,-1,-1,-1,-1,13.9264,1,13.970432
6122,16,16,-1,-1,-1,-1,-1,13.947904,1,14.014464
6123,16,16,-1,-1,-1,-1,-1,13.950976,1,14.017536
6124,16,16,-1,-1,-1,-1,-1,13.933568,1,13.99808
6125,16,16,-1,-1,-1,-1,-1,13.93664,1,14.001152
6126,16,16,-1,-1,-1,-1,-1,13.851648,1,13.894656
6127,16,16,-1,-1,-1,-1,-1,13.88544,1,13.929472
6128,16,16,-1,-1,-1,-1,-1,13.940736,1,13.984768
6129,16,16,-1,-1,-1,-1,-1,13.897728,1,13.96224
6130,16,16,-1,-1,-1,-1,-1,13.868032,1,13.934592
6131,16,16,-1,-1,-1,-1,-1,13.907968,1,13.97248
6132,16,16,-1,-1,-1,-1,-1,13.913088,1,13.95712
6133,16,16,-1,-1,-1,-1,-1,13.887488,1,13.953024
6134,16,16,-1,-1,-1,-1,-1,13.948928,1,14.006272
6135,16,16,-1,-1,-1,-1,-1,13.929472,1,13.996032
6136,16,16,-1,-1,-1,-1,-1,13.954048,1,13.99808
6137,16,16,-1,-1,-1,-1,-1,13.93152,1,13.973504
6138,16,16,-1,-1,-1,-1,-1,13.914112,1,13.980672
6139,16,16,-1,-1,-1,-1,-1,13.933568,1,13.999104
6140,16,16,-1,-1,-1,-1,-1,13.95712,1,14.015488
6141,16,1024,-1,-1,-1,-1,-1,-1,0,69.924866
6142,16,16,-1,-1,-1,-1,-1,14.094336,1,14.139392
6143,16,1024,-1,-1,-1,-1,-1,-1,0,71.079933
6144,16,16,-1,-1,-1,-1,-1,14.000128,1,14.043136
6145,16,16,-1,-1,-1,-1,-1,14.024704,1,14.070784
6146,16,16,-1,-1,-1,-1,-1,13.993984,1,14.05952
6147,16,16,-1,-1,-1,-1,-1,13.925376,1,13.98272
6148,16,16,-1,-1,-1,-1,-1,13.978624,1,14.022656
6149,16,1024,-1,-1,-1,-1,-1,-1,0,70.438911
6150,16,16,-1,-1,-1,-1,-1,14.01344,1,14.078976
6151,16,16,-1,-1,-1,-1,-1,13.974528,1,14.031872
6152,16,16,-1,-1,-1,-1,-1,13.94176,1,13.984768
6153,16,16,-1,-1,-1,-1,-1,13.947904,1,13.991936
6154,16,16,-1,-1,-1,-1,-1,13.970432,1,14.034944
6155,16,1024,-1,-1,-1,-1,-1,-1,0,69.886978
6156,16,16,-1,-1,-1,-1,-1,14.03904,1,14.104576
6157,16,16,-1,-1,-1,-1,-1,13.960192,1,14.030848
6158,16,16,-1,-1,-1,-1,-1,13.979648,1,14.024704
6159,16,16,-1,-1,-1,-1,-1,13.935616,1,14.000128
6160,16,16,-1,-1,-1,-1,-1,13.910016,1,13.953024
6161,16,16,-1,-1,-1,-1,-1,13.887488,1,13.930496
6162,16,16,-1,-1,-1,-1,-1,13.929472,1,13.996032
6163,16,16,-1,-1,-1,-1,-1,13.969408,1,14.034944
6164,16,16,-1,-1,-1,-1,-1,13.943808,1,13.985792
6165,16,1024,-1,-1,-1,-1,-1,-1,0,69.511169
6166,16,16,-1,-1,-1,-1,-1,14.027776,1,14.094336
6167,16,16,-1,-1,-1,-1,-1,13.98784,1,14.053376
6168,16,16,-1,-1,-1,-1,-1,13.966336,1,14.009344
6169,16,16,-1,-1,-1,-1,-1,13.944832,1,13.989888
6170,16,1023,-1,-1,-1,-1,-1,-1,0,70.21875
6171,16,16,-1,-1,-1,-1,-1,14.1056,1,14.173184
6172,16,16,-1,-1,-1,-1,-1,14.021632,1,14.078976
6173,16,16,-1,-1,-1,-1,-1,13.970432,1,14.038016
6174,16,16,-1,-1,-1,-1,-1,13.94176,1,13.986816
6175,16,1024,-1,-1,-1,-1,-1,-1,0,69.938179
6176,16,16,-1,-1,-1,-1,-1,14.025728,1,14.070784
6177,16,16,-1,-1,-1,-1,-1,14.011392,1,14.055424
6178,16,16,-1,-1,-1,-1,-1,13.947904,1,14.014464
6179,16,16,-1,-1,-1,-1,-1,13.933568,1,14.000128
6180,16,16,-1,-1,-1,-1,-1,13.924352,1,13.966336
6181,16,16,-1,-1,-1,-1,-1,13.94688,1,14.014464
6182,16,16,-1,-1,-1,-1,-1,13.961216,1,14.025728
6183,16,16,-1,-1,-1,-1,-1,13.908992,1,13.97248
6184,16,16,-1,-1,-1,-1,-1,13.919232,1,13.96224
6185,16,16,-1,-1,-1,-1,-1,13.862912,1,13.904896
6186,16,16,-1,-1,-1,-1,-1,13.920256,1,13.985792
6187,16,16,-1,-1,-1,-1,-1,13.908992,1,13.973504
6188,16,16,-1,-1,-1,-1,-1,13.902848,1,13.968384
6189,16,16,-1,-1,-1,-1,-1,13.892608,1,13.950976
6190,16,16,-1,-1,-1,-1,-1,13.945856,1,13.989888
6191,16,16,-1,-1,-1,-1,-1,13.930496,1,13.98784
6192,16,16,-1,-1,-1,-1,-1,13.915136,1,13.958144
6193,16,16,-1,-1,-1,-1,-1,13.924352,1,13.96736
6194,16,16,-1,-1,-1,-1,-1,13.928448,1,13.995008
6195,16,16,-1,-1,-1,-1,-1,13.888512,1,13.955072
6196,16,16,-1,-1,-1,-1,-1,13.914112,1,13.958144
6197,16,16,-1,-1,-1,-1,-1,13.919232,1,13.976576
6198,16,1024,-1,-1,-1,-1,-1,-1,0,69.879807
6199,16,1023,-1,-1,-1,-1,-1,-1,0,71.288834
6200,16,16,-1,-1,-1,-1,-1,14.022656,1,14.087168
6201,16,16,-1,-1,-1,-1,-1,14.007296,1,14.052352
6202,16,16,-1,-1,-1,-1,-1,13.988864,1,14.053376
6203,16,16,-1,-1,-1,-1,-1,13.919232,1,13.984768
6204,16,16,-1,-1,-1,-1,-1,13.901824,1,13.944832
6205,16,16,-1,-1,-1,-1,-1,13.928448,1,13.993984
6206,16,1024,-1,-1,-1,-1,-1,-1,0,70.594559
6207,16,16,-1,-1,-1,-1,-1,14.08,1,14.14656
6208,16,16,-1,-1,-1,-1,-1,14.007296,1,14.051328
6209,16,16,-1,-1,-1,-1,-1,13.974528,1,14.01856
6210,16,16,-1,-1,-1,-1,-1,13.918208,1,13.98272
6211,16,16,-1,-1,-1,-1,-1,13.964288,1,14.027776
6212,16,16,-1,-1,-1,-1,-1,13.94688,1,13.989888
6213,16,16,-1,-1,-1,-1,-1,13.918208,1,13.98272
6214,16,16,-1,-1,-1,-1,-1,13.914112,1,13.9776
6215,16,16,-1,-1,-1,-1,-1,13.903872,1,13.969408
6216,16,1024,-1,-1,-1,-1,-1,-1,0,69.771263
6217,16,16,-1,-1,-1,-1,-1,14.04928,1,14.093312
6218,16,16,-1,-1,-1,-1,-1,14.03392,1,14.10048
6219,16,16,-1,-1,-1,-1,-1,14.01856,1,14.086144
6220,16,16,-1,-1,-1,-1,-1,13.99808,1,14.042112
6221,16,2032,-1,-1,-1,-1,-1,-1,0,128.661499
6222,16,16,-1,-1,-1,-1,-1,14.102528,1,14.169088
6223,16,16,-1,-1,-1,-1,-1,14.01856,1,14.086144
6224,16,16,-1,-1,-1,-1,-1,13.989888,1,14.03392
6225,16,16,-1,-1,-1,-1,-1,13.933568,1,13.978624
6226,16,16,-1,-1,-1,-1,-1,13.923328,1,13.988864
6227,16,1024,-1,-1,-1,-1,-1,-1,0,70.530045
6228,16,1024,-1,-1,-1,-1,-1,-1,0,72.244225
6229,16,16,-1,-1,-1,-1,-1,14.036992,1,14.094336
6230,16,16,-1,-1,-1,-1,-1,13.956096,1,14.022656
6231,16,16,-1,-1,-1,-1,-1,13.978624,1,14.021632
6232,16,16,-1,-1,-1,-1,-1,13.940736,1,14.007296
6233,16,16,-1,-1,-1,-1,-1,13.913088,1,13.95712
6234,16,16,-1,-1,-1,-1,-1,13.902848,1,13.945856
6235,16,16,-1,-1,-1,-1,-1,13.928448,1,13.996032
6236,16,16,-1,-1,-1,-1,-1,13.920256,1,13.963264
6237,16,16,-1,-1,-1,-1,-1,13.908992,1,13.975552
6238,16,16,-1,-1,-1,-1,-1,13.920256,1,13.983744
6239,16,16,-1,-1,-1,-1,-1,13.92128,1,13.979648
6240,16,16,-1,-1,-1,-1,-1,13.913088,1,13.955072
6241,16,16,-1,-1,-1,-1,-1,13.937664,1,13.980672
6242,16,16,-1,-1,-1,-1,-1,13.907968,1,13.952
6243,16,16,-1,-1,-1,-1,-1,13.88544,1,13.949952
6244,16,16,-1,-1,-1,-1,-1,13.88544,1,13.950976
6245,16,16,-1,-1,-1,-1,-1,13.914112,1,13.981696
6246,16,16,-1,-1,-1,-1,-1,13.914112,1,13.979648
6247,16,16,-1,-1,-1,-1,-1,13.899776,1,13.942784
6248,16,16,-1,-1,-1,-1,-1,13.869056,1,13.9264
6249,16,1024,-1,-1,-1,-1,-1,-1,0,70.004738
6250,16,16,-1,-1,-1,-1,-1,14.035968,1,14.08
6251,16,16,-1,-1,-1,-1,-1,13.96224,1,14.030848
6252,16,16,-1,-1,-1,-1,-1,14.006272,1,14.051328
6253,16,1024,-1,-1,-1,-1,-1,-1,0,70.465538
6254,16,16,-1,-1,-1,-1,-1,14.063616,1,14.129152
6255,16,16,-1,-1,-1,-1,-1,14.017536,1,14.083072
6256,16,16,-1,-1,-1,-1,-1,14.015488,1,14.05952
6257,16,1023,-1,-1,-1,-1,-1,-1,0,70.079491
6258,16,16,-1,-1,-1,-1,-1,14.04928,1,14.114816
6259,16,16,-1,-1,-1,-1,-1,14.027776,1,14.087168
6260,16,16,-1,-1,-1,-1,-1,13.96224,1,14.025728
6261,16,16,-1,-1,-1,-1,-1,13.932544,1,14.000128
6262,16,16,-1,-1,-1,-1,-1,13.9008,1,13.966336
6263,16,16,-1,-1,-1,-1,-1,13.937664,1,13.980672
6264,16,16,-1,-1,-1,-1,-1,13.892608,1,13.959168
6265,16,16,-1,-1,-1,-1,-1,13.958144,1,14.014464
6266,16,16,-1,-1,-1,-1,-1,13.954048,1,13.99808
6267,16,16,-1,-1,-1,-1,-1,13.881344,1,13.94688
6268,16,16,-1,-1,-1,-1,-1,13.913088,1,13.95712
6269,16,16,-1,-1,-1,-1,-1,13.908992,1,13.965312
6270,16,16,-1,-1,-1,-1,-1,13.883392,1,13.94688
6271,16,16,-1,-1,-1,-1,-1,13.904896,1,13.968384
6272,16,16,-1,-1,-1,-1,-1,13.92128,1,13.965312
6273,16,16,-1,-1,-1,-1,-1,13.901824,1,13.944832
6274,16,16,-1,-1,-1,-1,-1,13.912064,1,13.978624
6275,16,16,-1,-1,-1,-1,-1,13.90592,1,13.963264
6276,16,16,-1,-1,-1,-1,-1,13.928448,1,13.99296
6277,16,16,-1,-1,-1,-1,-1,13.89056,1,13.95712
6278,16,1024,-1,-1,-1,-1,-1,-1,0,69.777405
6279,16,16,-1,-1,-1,-1,-1,14.101504,1,14.145536
6280,16,1024,-1,-1,-1,-1,-1,-1,0,71.049217
6281,16,16,-1,-1,-1,-1,-1,14.058496,1,14.116864
6282,16,16,-1,-1,-1,-1,-1,14.004224,1,14.048256
6283,16,16,-1,-1,-1,-1,-1,13.97248,1,14.034944
6284,16,16,-1,-1,-1,-1,-1,13.9776,1,14.021632
6285,16,16,-1,-1,-1,-1,-1,13.963264,1,14.029824
6286,16,16,-1,-1,-1,-1,-1,13.945856,1,14.010368
6287,16,16,-1,-1,-1,-1,-1,13.928448,1,13.99296
6288,16,16,-1,-1,-1,-1,-1,13.961216,1,14.005248
6289,16,16,-1,-1,-1,-1,-1,13.94176,1,13.984768
6290,16,16,-1,-1,-1,-1,-1,13.96224,1,14.0288
6291,16,16,-1,-1,-1,-1,-1,13.920256,1,13.976576
6292,16,1023,-1,-1,-1,-1,-1,-1,0,69.879807
6293,16,1024,-1,-1,-1,-1,-1,-1,0,71.344131
6294,16,16,-1,-1,-1,-1,-1,14.047232,1,14.111744
6295,16,16,-1,-1,-1,-1,-1,13.9776,1,14.020608
6296,16,16,-1,-1,-1,-1,-1,13.963264,1,14.022656
6297,16,16,-1,-1,-1,-1,-1,13.93152,1,13.989888
6298,16,16,-1,-1,-1,-1,-1,13.975552,1,14.020608
6299,16,16,-1,-1,-1,-1,-1,13.950976,1,13.99296
6300,16,16,-1,-1,-1,-1,-1,13.94176,1,13.984768
6301,16,16,-1,-1,-1,-1,-1,13.971456,1,14.0288
6302,16,16,-1,-1,-1,-1,-1,13.949952,1,14.014464
6303,16,16,-1,-1,-1,-1,-1,13.893632,1,13.949952
6304,16,16,-1,-1,-1,-1,-1,13.889536,1,13.932544
6305,16,16,-1,-1,-1,-1,-1,13.89568,1,13.938688
6306,16,1023,-1,-1,-1,-1,-1,-1,0,69.676033
6307,16,16,-1,-1,-1,-1,-1,14.057472,1,14.124032
6308,16,16,-1,-1,-1,-1,-1,14.00832,1,14.075904
6309,16,16,-1,-1,-1,-1,-1,13.990912,1,14.056448
6310,16,16,-1,-1,-1,-1,-1,13.971456,1,14.036992
6311,16,16,-1,-1,-1,-1,-1,13.96224,1,14.005248
6312,16,16,-1,-1,-1,-1,-1,13.955072,1,14.021632
6313,16,16,-1,-1,-1,-1,-1,13.953024,1,14.02368
6314,16,16,-1,-1,-1,-1,-1,13.935616,1,13.978624
6315,16,16,-1,-1,-1,-1,-1,13.94176,1,13.984768
6316,16,16,-1,-1,-1,-1,-1,13.939712,1,13.981696
6317,16,16,-1,-1,-1,-1,-1,13.920256,1,13.985792
6318,16,16,-1,-1,-1,-1,-1,13.94688,1,14.011392
6319,16,16,-1,-1,-1,-1,-1,13.934592,1,13.978624
6320,16,16,-1,-1,-1,-1,-1,13.930496,1,13.974528
6321,16,16,-1,-1,-1,-1,-1,13.939712,1,13.98272
6322,16,16,-1,-1,-1,-1,-1,13.897728,1,13.954048
6323,16,16,-1,-1,-1,-1,-1,13.953024,1,14.011392
6324,16,16,-1,-1,-1,-1,-1,13.961216,1,14.026752
6325,16,1024,-1,-1,-1,-1,-1,-1,0,70.011902
6326,16,16,-1,-1,-1,-1,-1,14.03904,1,14.104576
6327,16,16,-1,-1,-1,-1,-1,14.0288,1,14.071808
6328,16,1024,-1,-1,-1,-1,-1,-1,0,70.268929
6329,16,16,-1,-1,-1,-1,-1,14.027776,1,14.09536
6330,16,1024,-1,-1,-1,-1,-1,-1,0,70.684669
6331,16,16,-1,-1,-1,-1,-1,14.016512,1,14.063616
6332,16,16,-1,-1,-1,-1,-1,14.017536,1,14.062592
6333,16,16,-1,-1,-1,-1,-1,13.959168,1,14.017536
6334,16,16,-1,-1,-1,-1,-1,13.947904,1,13.990912
6335,16,16,-1,-1,-1,-1,-1,13.948928,1,13.991936
6336,16,16,-1,-1,-1,-1,-1,13.960192,1,14.0032
6337,16,16,-1,-1,-1,-1,-1,13.958144,1,14.001152
6338,16,16,-1,-1,-1,-1,-1,13.93664,1,13.99296
6339,16,16,-1,-1,-1,-1,-1,13.948928,1,14.006272
6340,16,16,-1,-1,-1,-1,-1,13.933568,1,13.997056
6341,16,16,-1,-1,-1,-1,-1,13.874176,1,13.940736
6342,16,16,-1,-1,-1,-1,-1,13.932544,1,13.989888
6343,16,16,-1,-1,-1,-1,-1,13.85472,1,13.897728
6344,16,16,-1,-1,-1,-1,-1,13.922304,1,13.988864
6345,16,3038,-1,-1,-1,-1,-1,-1,0,190.663681
6346,16,16,-1,-1,-1,-1,-1,14.097408,1,14.163968
6347,16,16,-1,-1,-1,-1,-1,14.030848,1,14.07488
6348,16,16,-1,-1,-1,-1,-1,13.980672,1,14.025728
6349,16,16,-1,-1,-1,-1,-1,13.9776,1,14.041088
6350,16,16,-1,-1,-1,-1,-1,13.945856,1,14.012416
6351,16,16,-1,-1,-1,-1,-1,13.965312,1,14.00832
6352,16,16,-1,-1,-1,-1,-1,13.963264,1,14.007296
6353,16,16,-1,-1,-1,-1,-1,13.950976,1,13.99296
6354,16,16,-1,-1,-1,-1,-1,13.96736,1,14.025728
6355,16,16,-1,-1,-1,-1,-1,13.930496,1,14.0032
6356,16,16,-1,-1,-1,-1,-1,13.9008,1,13.965312
6357,16,16,-1,-1,-1,-1,-1,13.893632,1,13.960192
6358,16,16,-1,-1,-1,-1,-1,13.891584,1,13.955072
6359,16,16,-1,-1,-1,-1,-1,13.901824,1,13.944832
6360,16,16,-1,-1,-1,-1,-1,13.88544,1,13.950976
6361,16,16,-1,-1,-1,-1,-1,13.888512,1,13.944832
6362,16,16,-1,-1,-1,-1,-1,13.891584,1,13.950976
6363,16,16,-1,-1,-1,-1,-1,13.898752,1,13.94176
6364,16,16,-1,-1,-1,-1,-1,13.947904,1,13.990912
6365,16,16,-1,-1,-1,-1,-1,13.887488,1,13.942784
6366,16,1024,-1,-1,-1,-1,-1,-1,0,69.529602
6367,16,16,-1,-1,-1,-1,-1,14.038016,1,14.081024
6368,16,1024,-1,-1,-1,-1,-1,-1,0,70.577148
6369,16,1024,-1,-1,-1,-1,-1,-1,0,72.052734
6370,16,16,-1,-1,-1,-1,-1,14.070784,1,14.137344
6371,16,16,-1,-1,-1,-1,-1,13.974528,1,14.03904
6372,16,16,-1,-1,-1,-1,-1,13.971456,1,14.015488
6373,16,16,-1,-1,-1,-1,-1,13.955072,1,14.020608
6374,16,16,-1,-1,-1,-1,-1,13.948928,1,14.01344
6375,16,16,-1,-1,-1,-1,-1,13.929472,1,13.973504
6376,16,16,-1,-1,-1,-1,-1,13.958144,1,14.024704
6377,16,16,-1,-1,-1,-1,-1,13.96736,1,14.030848
6378,16,16,-1,-1,-1,-1,-1,13.904896,1,13.9776
6379,16,16,-1,-1,-1,-1,-1,13.91104,1,13.954048
6380,16,16,-1,-1,-1,-1,-1,13.884416,1,13.927424
6381,16,1024,-1,-1,-1,-1,-1,-1,0,70.017021
6382,16,16,-1,-1,-1,-1,-1,14.065664,1,14.121984
6383,16,16,-1,-1,-1,-1,-1,13.996032,1,14.041088
6384,16,16,-1,-1,-1,-1,-1,14.006272,1,14.071808
6385,16,16,-1,-1,-1,-1,-1,13.965312,1,14.021632
6386,16,16,-1,-1,-1,-1,-1,13.912064,1,13.955072
6387,16,16,-1,-1,-1,-1,-1,13.907968,1,13.973504
6388,16,16,-1,-1,-1,-1,-1,13.90592,1,13.949952
6389,16,16,-1,-1,-1,-1,-1,13.944832,1,14.011392
6390,16,16,-1,-1,-1,-1,-1,13.935616,1,13.99296
6391,16,16,-1,-1,-1,-1,-1,13.944832,1,13.98784
6392,16,16,-1,-1,-1,-1,-1,13.949952,1,14.015488
6393,16,1024,-1,-1,-1,-1,-1,-1,0,70.126595
6394,16,16,-1,-1,-1,-1,-1,14.084096,1,14.144512
6395,16,16,-1,-1,-1,-1,-1,13.98272,1,14.027776
6396,16,16,-1,-1,-1,-1,-1,13.929472,1,13.973504
6397,16,1024,-1,-1,-1,-1,-1,-1,0,70.276093
6398,16,16,-1,-1,-1,-1,-1,14.01856,1,14.08512
6399,16,16,-1,-1,-1,-1,-1,13.96736,1,14.011392
6400,16,16,-1,-1,-1,-1,-1,13.917184,1,13.983744
6401,16,16,-1,-1,-1,-1,-1,13.913088,1,13.98272
6402,16,16,-1,-1,-1,-1,-1,13.904896,1,13.94688
6403,16,16,-1,-1,-1,-1,-1,13.928448,1,13.993984
6404,16,16,-1,-1,-1,-1,-1,13.929472,1,13.97248
6405,16,16,-1,-1,-1,-1,-1,13.917184,1,13.983744
6406,16,16,-1,-1,-1,-1,-1,13.888512,1,13.93152
6407,16,16,-1,-1,-1,-1,-1,13.878272,1,13.922304
6408,16,16,-1,-1,-1,-1,-1,13.893632,1,13.959168
6409,16,16,-1,-1,-1,-1,-1,13.873152,1,13.939712
6410,16,16,-1,-1,-1,-1,-1,13.912064,1,13.969408
6411,16,1024,-1,-1,-1,-1,-1,-1,0,70.052864
6412,16,16,-1,-1,-1,-1,-1,14.060544,1,14.103552
6413,16,16,-1,-1,-1,-1,-1,13.984768,1,14.043136
6414,16,16,-1,-1,-1,-1,-1,13.961216,1,14.027776
6415,16,16,-1,-1,-1,-1,-1,13.935616,1,13.979648
6416,16,16,-1,-1,-1,-1,-1,13.964288,1,14.0288
6417,16,16,-1,-1,-1,-1,-1,13.94688,1,14.004224
6418,16,16,-1,-1,-1,-1,-1,13.89568,1,13.939712
6419,16,16,-1,-1,-1,-1,-1,13.937664,1,14.012416
6420,16,1024,-1,-1,-1,-1,-1,-1,0,69.935104
6421,16,16,-1,-1,-1,-1,-1,14.087168,1,14.152704
6422,16,16,-1,-1,-1,-1,-1,14.0544,1,14.099456
6423,16,16,-1,-1,-1,-1,-1,13.989888,1,14.03392
6424,16,16,-1,-1,-1,-1,-1,13.979648,1,14.045184
6425,16,16,-1,-1,-1,-1,-1,13.952,1,14.016512
6426,16,16,-1,-1,-1,-1,-1,13.929472,1,13.98784
6427,16,1024,-1,-1,-1,-1,-1,-1,0,70.018051
6428,16,16,-1,-1,-1,-1,-1,14.057472,1,14.101504
6429,16,16,-1,-1,-1,-1,-1,14.016512,1,14.082048
6430,16,16,-1,-1,-1,-1,-1,13.942784,1,14.00832
6431,16,16,-1,-1,-1,-1,-1,13.942784,1,13.986816
6432,16,16,-1,-1,-1,-1,-1,13.950976,1,14.016512
6433,16,16,-1,-1,-1,-1,-1,13.960192,1,14.026752
6434,16,16,-1,-1,-1,-1,-1,13.984768,1,14.0288
6435,16,16,-1,-1,-1,-1,-1,13.942784,1,14.007296
6436,16,16,-1,-1,-1,-1,-1,13.945856,1,14.00832
6437,16,16,-1,-1,-1,-1,-1,13.920256,1,13.983744
6438,16,16,-1,-1,-1,-1,-1,13.917184,1,13.959168
6439,16,16,-1,-1,-1,-1,-1,13.943808,1,13.986816
6440,16,16,-1,-1,-1,-1,-1,13.924352,1,13.989888
6441,16,16,-1,-1,-1,-1,-1,13.930496,1,13.997056
6442,16,1024,-1,-1,-1,-1,-1,-1,0,70.122498
6443,16,1024,-1,-1,-1,-1,-1,-1,0,72.080383
6444,16,1024,-1,-1,-1,-1,-1,-1,0,71.335938
6445,16,16,-1,-1,-1,-1,-1,14.052352,1,14.117888
6446,16,16,-1,-1,-1,-1,-1,14.036992,1,14.094336
6447,16,16,-1,-1,-1,-1,-1,13.958144,1,14.001152
6448,16,16,-1,-1,-1,-1,-1,13.959168,1,14.024704
6449,16,16,-1,-1,-1,-1,-1,13.953024,1,14.017536
6450,16,16,-1,-1,-1,-1,-1,13.9008,1,13.944832
6451,16,16,-1,-1,-1,-1,-1,13.939712,1,13.98272
6452,16,16,-1,-1,-1,-1,-1,13.94688,1,14.004224
6453,16,16,-1,-1,-1,-1,-1,13.930496,1,13.97248
6454,16,16,-1,-1,-1,-1,-1,13.927424,1,13.971456
6455,16,16,-1,-1,-1,-1,-1,13.934592,1,13.9776
6456,16,16,-1,-1,-1,-1,-1,13.93664,1,13.980672
6457,16,1007,-1,-1,-1,-1,-1,-1,0,70.180862
6458,16,16,-1,-1,-1,-1,-1,14.07488,1,14.140416
6459,16,16,-1,-1,-1,-1,-1,14.031872,1,14.091264
6460,16,16,-1,-1,-1,-1,-1,14.000128,1,14.066688
6461,16,16,-1,-1,-1,-1,-1,13.953024,1,14.01856
6462,16,16,-1,-1,-1,-1,-1,13.901824,1,13.965312
6463,16,16,-1,-1,-1,-1,-1,13.924352,1,13.968384
6464,16,16,-1,-1,-1,-1,-1,13.94176,1,14.005248
6465,16,16,-1,-1,-1,-1,-1,13.924352,1,13.990912
6466,16,16,-1,-1,-1,-1,-1,13.968384,1,14.01344
6467,16,16,-1,-1,-1,-1,-1,13.947904,1,13.990912
6468,16,16,-1,-1,-1,-1,-1,13.968384,1,14.034944
6469,16,16,-1,-1,-1,-1,-1,13.933568,1,13.976576
6470,16,16,-1,-1,-1,-1,-1,13.907968,1,13.950976
6471,16,16,-1,-1,-1,-1,-1,13.928448,1,13.970432
6472,16,1024,-1,-1,-1,-1,-1,-1,0,70.077438
6473,16,16,-1,-1,-1,-1,-1,14.091264,1,14.157824
6474,16,16,-1,-1,-1,-1,-1,14.025728,1,14.091264
6475,16,1024,-1,-1,-1,-1,-1,-1,0,70.459389
6476,16,16,-1,-1,-1,-1,-1,14.035968,1,14.10048
6477,16,16,-1,-1,-1,-1,-1,13.986816,1,14.052352
6478,16,16,-1,-1,-1,-1,-1,13.98272,1,14.047232
6479,16,16,-1,-1,-1,-1,-1,13.943808,1,13.986816
6480,16,16,-1,-1,-1,-1,-1,13.927424,1,13.990912
6481,16,16,-1,-1,-1,-1,-1,13.961216,1,14.026752
6482,16,16,-1,-1,-1,-1,-1,13.934592,1,13.978624
6483,16,16,-1,-1,-1,-1,-1,13.984768,1,14.0288
6484,16,16,-1,-1,-1,-1,-1,13.925376,1,13.988864
6485,16,16,-1,-1,-1,-1,-1,13.954048,1,13.99808
6486,16,16,-1,-1,-1,-1,-1,13.897728,1,13.94176
6487,16,16,-1,-1,-1,-1,-1,13.898752,1,13.945856
6488,16,1024,-1,-1,-1,-1,-1,-1,0,69.899261
6489,16,16,-1,-1,-1,-1,-1,14.063616,1,14.128128
6490,16,16,-1,-1,-1,-1,-1,14.043136,1,14.11072
6491,16,1024,-1,-1,-1,-1,-1,-1,0,70.360062
6492,16,16,-1,-1,-1,-1,-1,14.048256,1,14.1056
6493,16,16,-1,-1,-1,-1,-1,13.965312,1,14.032896
6494,16,16,-1,-1,-1,-1,-1,13.959168,1,14.024704
6495,16,16,-1,-1,-1,-1,-1,13.928448,1,13.971456
6496,16,16,-1,-1,-1,-1,-1,13.929472,1,13.979648
6497,16,16,-1,-1,-1,-1,-1,13.94176,1,14.006272
6498,16,16,-1,-1,-1,-1,-1,13.918208,1,13.96224
6499,16,16,-1,-1,-1,-1,-1,13.91616,1,13.959168
6500,16,16,-1,-1,-1,-1,-1,13.907968,1,13.973504
6501,16,16,-1,-1,-1,-1,-1,13.914112,1,13.95712
6502,16,1024,-1,-1,-1,-1,-1,-1,0,69.958656
6503,16,16,-1,-1,-1,-1,-1,14.04416,1,14.088192
6504,16,16,-1,-1,-1,-1,-1,14.016512,1,14.08512
6505,16,16,-1,-1,-1,-1,-1,13.980672,1,14.047232
6506,16,1024,-1,-1,-1,-1,-1,-1,0,70.212608
6507,16,1024,-1,-1,-1,-1,-1,-1,0,71.330818
6508,16,16,-1,-1,-1,-1,-1,14.026752,1,14.092288
6509,16,16,-1,-1,-1,-1,-1,13.910016,1,13.975552
6510,16,16,-1,-1,-1,-1,-1,13.94688,1,13.991936
6511,16,16,-1,-1,-1,-1,-1,13.942784,1,13.985792
6512,16,16,-1,-1,-1,-1,-1,13.930496,1,13.973504
6513,16,16,-1,-1,-1,-1,-1,13.945856,1,13.98784
6514,16,16,-1,-1,-1,-1,-1,13.937664,1,13.980672
6515,16,16,-1,-1,-1,-1,-1,13.902848,1,13.94688
6516,16,16,-1,-1,-1,-1,-1,13.90592,1,13.971456
6517,16,16,-1,-1,-1,-1,-1,13.893632,1,13.93664
6518,16,1024,-1,-1,-1,-1,-1,-1,0,69.856255
6519,16,16,-1,-1,-1,-1,-1,14.043136,1,14.086144
6520,16,16,-1,-1,-1,-1,-1,13.97248,1,14.03904
6521,16,16,-1,-1,-1,-1,-1,13.928448,1,13.995008
6522,16,16,-1,-1,-1,-1,-1,13.883392,1,13.948928
6523,16,16,-1,-1,-1,-1,-1,13.935616,1,14.001152
6524,16,16,-1,-1,-1,-1,-1,13.908992,1,13.97248
6525,16,16,-1,-1,-1,-1,-1,13.919232,1,13.963264
6526,16,16,-1,-1,-1,-1,-1,13.927424,1,13.969408
6527,16,16,-1,-1,-1,-1,-1,13.907968,1,13.949952
6528,16,16,-1,-1,-1,-1,-1,13.896704,1,13.94176
6529,16,1024,-1,-1,-1,-1,-1,-1,0,69.913597
6530,16,16,-1,-1,-1,-1,-1,14.029824,1,14.071808
6531,16,16,-1,-1,-1,-1,-1,13.98784,1,14.031872
6532,16,16,-1,-1,-1,-1,-1,13.991936,1,14.04928
6533,16,16,-1,-1,-1,-1,-1,13.964288,1,14.007296
6534,16,1024,-1,-1,-1,-1,-1,-1,0,70.549507
6535,16,16,-1,-1,-1,-1,-1,14.038016,1,14.08
6536,16,16,-1,-1,-1,-1,-1,13.932544,1,13.990912
6537,16,16,-1,-1,-1,-1,-1,13.96224,1,14.006272
6538,16,16,-1,-1,-1,-1,-1,13.927424,1,13.983744
6539,16,16,-1,-1,-1,-1,-1,13.948928,1,14.006272
6540,16,16,-1,-1,-1,-1,-1,13.949952,1,14.016512
6541,16,16,-1,-1,-1,-1,-1,13.947904,1,13.991936
6542,16,16,-1,-1,-1,-1,-1,13.934592,1,13.978624
6543,16,16,-1,-1,-1,-1,-1,13.930496,1,13.973504
6544,16,16,-1,-1,-1,-1,-1,13.935616,1,13.979648
6545,16,16,-1,-1,-1,-1,-1,13.934592,1,13.999104
6546,16,16,-1,-1,-1,-1,-1,13.9264,1,13.970432
6547,16,16,-1,-1,-1,-1,-1,13.924352,1,13.966336
6548,16,16,-1,-1,-1,-1,-1,13.9008,1,13.95712
6549,16,16,-1,-1,-1,-1,-1,13.927424,1,13.973504
6550,16,16,-1,-1,-1,-1,-1,13.929472,1,13.995008
6551,16,16,-1,-1,-1,-1,-1,13.893632,1,13.937664
6552,16,16,-1,-1,-1,-1,-1,13.906944,1,13.973504
6553,16,1023,-1,-1,-1,-1,-1,-1,0,69.77536
6554,16,16,-1,-1,-1,-1,-1,14.019584,1,14.077952
6555,16,16,-1,-1,-1,-1,-1,13.976576,1,14.043136
6556,16,16,-1,-1,-1,-1,-1,13.99296,1,14.057472
6557,16,16,-1,-1,-1,-1,-1,13.933568,1,13.976576
6558,16,16,-1,-1,-1,-1,-1,13.973504,1,14.017536
6559,16,16,-1,-1,-1,-1,-1,13.917184,1,13.961216
6560,16,1023,-1,-1,-1,-1,-1,-1,0,69.985283
6561,16,2032,-1,-1,-1,-1,-1,-1,0,130.780167
6562,16,16,-1,-1,-1,-1,-1,14.050304,1,14.094336
6563,16,1024,-1,-1,-1,-1,-1,-1,0,70.924286
6564,16,16,-1,-1,-1,-1,-1,14.010368,1,14.052352
6565,16,16,-1,-1,-1,-1,-1,14.002176,1,14.047232
6566,16,16,-1,-1,-1,-1,-1,14.014464,1,14.082048
6567,16,16,-1,-1,-1,-1,-1,13.938688,1,13.983744
6568,16,16,-1,-1,-1,-1,-1,13.930496,1,13.989888
6569,16,16,-1,-1,-1,-1,-1,13.906944,1,13.948928
6570,16,16,-1,-1,-1,-1,-1,13.910016,1,13.976576
6571,16,16,-1,-1,-1,-1,-1,13.903872,1,13.969408
6572,16,16,-1,-1,-1,-1,-1,13.933568,1,13.976576
6573,16,16,-1,-1,-1,-1,-1,13.87008,1,13.914112
6574,16,16,-1,-1,-1,-1,-1,13.929472,1,13.97248
6575,16,16,-1,-1,-1,-1,-1,13.901824,1,13.944832
6576,16,16,-1,-1,-1,-1,-1,13.908992,1,13.952
6577,16,16,-1,-1,-1,-1,-1,13.892608,1,13.958144
6578,16,16,-1,-1,-1,-1,-1,13.850624,1,13.894656
6579,16,16,-1,-1,-1,-1,-1,13.857792,1,13.92128
6580,16,16,-1,-1,-1,-1,-1,13.891584,1,13.933568
6581,16,16,-1,-1,-1,-1,-1,13.898752,1,13.94176
6582,16,16,-1,-1,-1,-1,-1,13.882368,1,13.948928
6583,16,16,-1,-1,-1,-1,-1,13.915136,1,13.95712
6584,16,16,-1,-1,-1,-1,-1,13.922304,1,13.988864
6585,16,16,-1,-1,-1,-1,-1,13.918208,1,13.960192
6586,16,16,-1,-1,-1,-1,-1,13.897728,1,13.961216
6587,16,16,-1,-1,-1,-1,-1,13.889536,1,13.94688
6588,16,16,-1,-1,-1,-1,-1,13.871104,1,13.915136
6589,16,16,-1,-1,-1,-1,-1,13.908992,1,13.950976
6590,16,1024,-1,-1,-1,-1,-1,-1,0,70.171646
6591,16,16,-1,-1,-1,-1,-1,14.01856,1,14.061568
6592,16,16,-1,-1,-1,-1,-1,14.004224,1,14.048256
6593,16,1024,-1,-1,-1,-1,-1,-1,0,70.60173
6594,16,16,-1,-1,-1,-1,-1,14.027776,1,14.070784
6595,16,16,-1,-1,-1,-1,-1,13.971456,1,14.035968
6596,16,16,-1,-1,-1,-1,-1,13.974528,1,14.01856
6597,16,16,-1,-1,-1,-1,-1,13.938688,1,13.98272
6598,16,16,-1,-1,-1,-1,-1,13.938688,1,14.004224
6599,16,16,-1,-1,-1,-1,-1,13.923328,1,13.966336
6600,16,16,-1,-1,-1,-1,-1,13.927424,1,13.99296
6601,16,16,-1,-1,-1,-1,-1,13.93664,1,13.98272
6602,16,16,-1,-1,-1,-1,-1,13.919232,1,13.988864
6603,16,16,-1,-1,-1,-1,-1,13.922304,1,13.986816
6604,16,16,-1,-1,-1,-1,-1,13.904896,1,13.94688
6605,16,16,-1,-1,-1,-1,-1,13.9008,1,13.943808
6606,16,1024,-1,-1,-1,-1,-1,-1,0,69.628929
6607,16,16,-1,-1,-1,-1,-1,14.00832,1,14.051328
6608,16,16,-1,-1,-1,-1,-1,14.007296,1,14.051328
6609,16,16,-1,-1,-1,-1,-1,13.965312,1,14.031872
6610,16,16,-1,-1,-1,-1,-1,13.980672,1,14.024704
6611,16,16,-1,-1,-1,-1,-1,13.9264,1,13.990912
6612,16,16,-1,-1,-1,-1,-1,13.985792,1,14.0288
6613,16,16,-1,-1,-1,-1,-1,13.932544,1,13.976576
6614,16,16,-1,-1,-1,-1,-1,13.935616,1,13.99296
6615,16,16,-1,-1,-1,-1,-1,13.94176,1,13.985792
6616,16,16,-1,-1,-1,-1,-1,13.93664,1,13.99296
6617,16,16,-1,-1,-1,-1,-1,13.91104,1,13.953024
6618,16,1024,-1,-1,-1,-1,-1,-1,0,70.308861
6619,16,16,-1,-1,-1,-1,-1,14.01856,1,14.082048
6620,16,16,-1,-1,-1,-1,-1,13.993984,1,14.038016
6621,16,16,-1,-1,-1,-1,-1,13.94688,1,13.988864
6622,16,16,-1,-1,-1,-1,-1,13.935616,1,13.99296
6623,16,1024,-1,-1,-1,-1,-1,-1,0,69.950462
6624,16,1024,-1,-1,-1,-1,-1,-1,0,72.078339
6625,16,16,-1,-1,-1,-1,-1,14.016512,1,14.082048
6626,16,16,-1,-1,-1,-1,-1,13.979648,1,14.02368
6627,16,16,-1,-1,-1,-1,-1,13.91104,1,13.975552
6628,16,16,-1,-1,-1,-1,-1,13.9264,1,13.970432
6629,16,16,-1,-1,-1,-1,-1,13.9264,1,13.969408
6630,16,16,-1,-1,-1,-1,-1,13.912064,1,13.981696
6631,16,16,-1,-1,-1,-1,-1,13.93664,1,13.980672
6632,16,16,-1,-1,-1,-1,-1,13.903872,1,13.969408
6633,16,16,-1,-1,-1,-1,-1,13.9008,1,13.944832
6634,16,1024,-1,-1,-1,-1,-1,-1,0,69.799934
6635,16,16,-1,-1,-1,-1,-1,14.022656,1,14.087168
6636,16,1024,-1,-1,-1,-1,-1,-1,0,71.058434
6637,16,16,-1,-1,-1,-1,-1,14.029824,1,14.073856
6638,16,16,-1,-1,-1,-1,-1,13.973504,1,14.040064
6639,16,1024,-1,-1,-1,-1,-1,-1,0,70.295555
6640,16,16,-1,-1,-1,-1,-1,14.03392,1,14.096384
6641,16,16,-1,-1,-1,-1,-1,13.969408,1,14.035968
6642,16,16,-1,-1,-1,-1,-1,13.953024,1,13.996032
6643,16,16,-1,-1,-1,-1,-1,13.954048,1,14.01856
6644,16,16,-1,-1,-1,-1,-1,13.91616,1,13.958144
6645,16,16,-1,-1,-1,-1,-1,13.928448,1,13.970432
6646,16,16,-1,-1,-1,-1,-1,13.95712,1,14.022656
6647,16,16,-1,-1,-1,-1,-1,13.949952,1,13.99296
6648,16,16,-1,-1,-1,-1,-1,13.942784,1,13.986816
6649,16,16,-1,-1,-1,-1,-1,13.915136,1,13.958144
6650,16,16,-1,-1,-1,-1,-1,13.897728,1,13.963264
6651,16,16,-1,-1,-1,-1,-1,13.924352,1,13.96736
6652,16,16,-1,-1,-1,-1,-1,13.904896,1,13.968384
6653,16,16,-1,-1,-1,-1,-1,13.914112,1,13.95712
6654,16,16,-1,-1,-1,-1,-1,13.888512,1,13.945856
6655,16,16,-1,-1,-1,-1,-1,13.903872,1,13.969408
6656,16,16,-1,-1,-1,-1,-1,13.923328,1,13.979648
6657,16,16,-1,-1,-1,-1,-1,13.891584,1,13.958144
6658,16,16,-1,-1,-1,-1,-1,13.907968,1,13.950976
6659,16,16,-1,-1,-1,-1,-1,13.935616,1,13.991936
6660,16,1024,-1,-1,-1,-1,-1,-1,0,69.894142
6661,16,16,-1,-1,-1,-1,-1,14.05952,1,14.102528
6662,16,16,-1,-1,-1,-1,-1,14.045184,1,14.112768
6663,16,16,-1,-1,-1,-1,-1,14.016512,1,14.060544
6664,16,16,-1,-1,-1,-1,-1,13.96224,1,14.005248
6665,16,16,-1,-1,-1,-1,-1,13.9264,1,13.970432
6666,16,16,-1,-1,-1,-1,-1,13.929472,1,13.986816
6667,16,16,-1,-1,-1,-1,-1,13.92128,1,13.965312
6668,16,16,-1,-1,-1,-1,-1,13.963264,1,14.029824
6669,16,16,-1,-1,-1,-1,-1,13.915136,1,13.95712
6670,16,16,-1,-1,-1,-1,-1,13.914112,1,13.981696
6671,16,16,-1,-1,-1,-1,-1,13.9008,1,13.96736
6672,16,1023,-1,-1,-1,-1,-1,-1,0,69.633026
6673,16,16,-1,-1,-1,-1,-1,14.038016,1,14.09536
6674,16,16,-1,-1,-1,-1,-1,14.03392,1,14.078976
6675,16,16,-1,-1,-1,-1,-1,14.009344,1,14.07488
6676,16,16,-1,-1,-1,-1,-1,13.914112,1,13.978624
6677,16,16,-1,-1,-1,-1,-1,13.968384,1,14.011392
6678,16,1024,-1,-1,-1,-1,-1,-1,0,69.999619
6679,16,16,-1,-1,-1,-1,-1,14.050304,1,14.093312
6680,16,16,-1,-1,-1,-1,-1,14.020608,1,14.065664
6681,16,16,-1,-1,-1,-1,-1,13.984768,1,14.027776
6682,16,16,-1,-1,-1,-1,-1,13.935616,1,14.001152
6683,16,16,-1,-1,-1,-1,-1,13.938688,1,13.98272
6684,16,16,-1,-1,-1,-1,-1,13.940736,1,14.007296
6685,16,16,-1,-1,-1,-1,-1,13.952,1,13.995008
6686,16,16,-1,-1,-1,-1,-1,13.919232,1,13.984768
6687,16,16,-1,-1,-1,-1,-1,13.93664,1,14.001152
6688,16,16,-1,-1,-1,-1,-1,13.933568,1,13.999104
6689,16,16,-1,-1,-1,-1,-1,13.9008,1,13.96736
6690,16,1023,-1,-1,-1,-1,-1,-1,0,70.10099
6691,16,1024,-1,-1,-1,-1,-1,-1,0,71.265282
6692,16,16,-1,-1,-1,-1,-1,14.052352,1,14.117888
6693,16,1024,-1,-1,-1,-1,-1,-1,0,70.734848
6694,16,16,-1,-1,-1,-1,-1,14.041088,1,14.107648
6695,16,1024,-1,-1,-1,-1,-1,-1,0,71.41581
6696,16,16,-1,-1,-1,-1,-1,14.094336,1,14.139392
6697,16,16,-1,-1,-1,-1,-1,13.978624,1,14.022656
6698,16,16,-1,-1,-1,-1,-1,14.012416,1,14.078976
6699,16,16,-1,-1,-1,-1,-1,13.94688,1,13.990912
6700,16,16,-1,-1,-1,-1,-1,13.948928,1,14.01344
6701,16,16,-1,-1,-1,-1,-1,13.912064,1,13.956096
6702,16,16,-1,-1,-1,-1,-1,13.93664,1,14.002176
6703,16,16,-1,-1,-1,-1,-1,13.961216,1,14.027776
6704,16,16,-1,-1,-1,-1,-1,13.919232,1,13.983744
6705,16,16,-1,-1,-1,-1,-1,13.896704,1,13.963264
6706,16,16,-1,-1,-1,-1,-1,13.914112,1,13.956096
6707,16,16,-1,-1,-1,-1,-1,13.8496,1,13.906944
6708,16,16,-1,-1,-1,-1,-1,13.92128,1,13.9776
6709,16,16,-1,-1,-1,-1,-1,13.9264,1,13.991936
6710,16,16,-1,-1,-1,-1,-1,13.914112,1,13.971456
6711,16,16,-1,-1,-1,-1,-1,13.897728,1,13.96224
6712,16,1024,-1,-1,-1,-1,-1,-1,0,69.81427
6713,16,16,-1,-1,-1,-1,-1,14.06976,1,14.112768
6714,16,16,-1,-1,-1,-1,-1,14.014464,1,14.091264
6715,16,16,-1,-1,-1,-1,-1,13.980672,1,14.025728
6716,16,16,-1,-1,-1,-1,-1,13.960192,1,14.016512
6717,16,16,-1,-1,-1,-1,-1,13.966336,1,14.009344
6718,16,16,-1,-1,-1,-1,-1,13.96224,1,14.027776
6719,16,16,-1,-1,-1,-1,-1,13.943808,1,14.00832
6720,16,16,-1,-1,-1,-1,-1,13.922304,1,13.979648
6721,16,16,-1,-1,-1,-1,-1,13.939712,1,14.005248
6722,16,1024,-1,-1,-1,-1,-1,-1,0,69.886978
6723,16,16,-1,-1,-1,-1,-1,14.072832,1,14.139392
6724,16,16,-1,-1,-1,-1,-1,14.057472,1,14.124032
6725,16,16,-1,-1,-1,-1,-1,13.978624,1,14.04416
6726,16,16,-1,-1,-1,-1,-1,13.947904,1,14.01344
6727,16,16,-1,-1,-1,-1,-1,13.959168,1,14.017536
6728,16,16,-1,-1,-1,-1,-1,13.93152,1,13.988864
6729,16,16,-1,-1,-1,-1,-1,13.928448,1,13.970432
6730,16,16,-1,-1,-1,-1,-1,13.93152,1,13.997056
6731,16,16,-1,-1,-1,-1,-1,13.927424,1,13.970432
6732,16,16,-1,-1,-1,-1,-1,13.959168,1,14.026752
6733,16,16,-1,-1,-1,-1,-1,13.923328,1,13.966336
6734,16,16,-1,-1,-1,-1,-1,13.929472,1,13.995008
6735,16,16,-1,-1,-1,-1,-1,13.902848,1,13.968384
6736,16,16,-1,-1,-1,-1,-1,13.928448,1,13.991936
6737,16,16,-1,-1,-1,-1,-1,13.902848,1,13.959168
6738,16,16,-1,-1,-1,-1,-1,13.90592,1,13.970432
6739,16,2032,-1,-1,-1,-1,-1,-1,0,129.473541
6740,16,16,-1,-1,-1,-1,-1,14.123008,1,14.189568
6741,16,16,-1,-1,-1,-1,-1,14.048256,1,14.114816
6742,16,16,-1,-1,-1,-1,-1,14.007296,1,14.072832
6743,16,16,-1,-1,-1,-1,-1,13.981696,1,14.047232
6744,16,16,-1,-1,-1,-1,-1,13.955072,1,14.019584
6745,16,1024,-1,-1,-1,-1,-1,-1,0,70.114304
6746,16,16,-1,-1,-1,-1,-1,14.014464,1,14.08
6747,16,1024,-1,-1,-1,-1,-1,-1,0,70.499329
6748,16,16,-1,-1,-1,-1,-1,14.031872,1,14.097408
6749,16,16,-1,-1,-1,-1,-1,14.004224,1,14.048256
6750,16,16,-1,-1,-1,-1,-1,13.950976,1,13.993984
6751,16,16,-1,-1,-1,-1,-1,13.95712,1,14.022656
6752,16,16,-1,-1,-1,-1,-1,13.928448,1,13.971456
6753,16,16,-1,-1,-1,-1,-1,13.939712,1,14.004224
6754,16,16,-1,-1,-1,-1,-1,13.934592,1,14.000128
6755,16,16,-1,-1,-1,-1,-1,13.938688,1,14.004224
6756,16,16,-1,-1,-1,-1,-1,13.94176,1,14.006272
6757,16,16,-1,-1,-1,-1,-1,13.8752,1,13.94176
6758,16,1024,-1,-1,-1,-1,-1,-1,0,70.291458
6759,16,16,-1,-1,-1,-1,-1,14.057472,1,14.121984
6760,16,16,-1,-1,-1,-1,-1,13.97248,1,14.041088
6761,16,16,-1,-1,-1,-1,-1,13.934592,1,13.99808
6762,16,16,-1,-1,-1,-1,-1,13.969408,1,14.03392
6763,16,16,-1,-1,-1,-1,-1,13.924352,1,13.989888
6764,16,16,-1,-1,-1,-1,-1,13.9776,1,14.042112
6765,16,16,-1,-1,-1,-1,-1,13.93152,1,13.973504
6766,16,16,-1,-1,-1,-1,-1,13.903872,1,13.94688
6767,16,16,-1,-1,-1,-1,-1,13.894656,1,13.937664
6768,16,1024,-1,-1,-1,-1,-1,-1,0,70.294525
6769,16,16,-1,-1,-1,-1,-1,14.06976,1,14.134272
6770,16,16,-1,-1,-1,-1,-1,13.945856,1,14.011392
6771,16,1023,-1,-1,-1,-1,-1,-1,0,70.464516
6772,16,16,-1,-1,-1,-1,-1,14.004224,1,14.06976
6773,16,16,-1,-1,-1,-1,-1,13.979648,1,14.04416
6774,16,16,-1,-1,-1,-1,-1,13.918208,1,13.985792
6775,16,1024,-1,-1,-1,-1,-1,-1,0,69.960701
6776,16,16,-1,-1,-1,-1,-1,14.062592,1,14.128128
6777,16,16,-1,-1,-1,-1,-1,14.036992,1,14.103552
6778,16,16,-1,-1,-1,-1,-1,13.995008,1,14.040064
6779,16,16,-1,-1,-1,-1,-1,13.944832,1,14.010368
6780,16,16,-1,-1,-1,-1,-1,13.956096,1,13.999104
6781,16,16,-1,-1,-1,-1,-1,13.913088,1,13.955072
6782,16,16,-1,-1,-1,-1,-1,13.924352,1,13.968384
6783,16,16,-1,-1,-1,-1,-1,13.920256,1,13.964288
6784,16,16,-1,-1,-1,-1,-1,13.94688,1,14.011392
6785,16,16,-1,-1,-1,-1,-1,13.937664,1,14.0032
6786,16,16,-1,-1,-1,-1,-1,13.887488,1,13.953024
6787,16,16,-1,-1,-1,-1,-1,13.908992,1,13.974528
6788,16,16,-1,-1,-1,-1,-1,13.884416,1,13.947904
6789,16,16,-1,-1,-1,-1,-1,13.94176,1,14.007296
6790,16,16,-1,-1,-1,-1,-1,13.933568,1,14.000128
6791,16,16,-1,-1,-1,-1,-1,13.903872,1,13.970432
6792,16,16,-1,-1,-1,-1,-1,13.932544,1,13.997056
6793,16,16,-1,-1,-1,-1,-1,13.908992,1,13.97248
6794,16,16,-1,-1,-1,-1,-1,13.912064,1,13.954048
6795,16,16,-1,-1,-1,-1,-1,13.913088,1,13.9776
6796,16,16,-1,-1,-1,-1,-1,13.947904,1,13.990912
6797,16,16,-1,-1,-1,-1,-1,13.920256,1,13.96224
6798,16,16,-1,-1,-1,-1,-1,13.929472,1,13.973504
6799,16,16,-1,-1,-1,-1,-1,13.884416,1,13.927424
6800,16,16,-1,-1,-1,-1,-1,13.95712,1,14.021632
6801,16,1024,-1,-1,-1,-1,-1,-1,0,69.748734
6802,16,16,-1,-1,-1,-1,-1,14.066688,1,14.132224
6803,16,16,-1,-1,-1,-1,-1,13.996032,1,14.0544
6804,16,16,-1,-1,-1,-1,-1,13.98272,1,14.048256
6805,16,16,-1,-1,-1,-1,-1,13.978624,1,14.045184
6806,16,16,-1,-1,-1,-1,-1,13.971456,1,14.035968
6807,16,16,-1,-1,-1,-1,-1,13.937664,1,14.004224
6808,16,16,-1,-1,-1,-1,-1,13.964288,1,14.0288
6809,16,1024,-1,-1,-1,-1,-1,-1,0,70.265854
6810,16,16,-1,-1,-1,-1,-1,14.025728,1,14.068736
6811,16,1024,-1,-1,-1,-1,-1,-1,0,70.6007
6812,16,1024,-1,-1,-1,-1,-1,-1,0,71.337982
6813,16,16,-1,-1,-1,-1,-1,14.0032,1,14.046208
6814,16,16,-1,-1,-1,-1,-1,13.985792,1,14.029824
6815,16,1024,-1,-1,-1,-1,-1,-1,0,70.564865
6816,16,16,-1,-1,-1,-1,-1,13.986816,1,14.052352
6817,16,16,-1,-1,-1,-1,-1,13.940736,1,14.007296
6818,16,16,-1,-1,-1,-1,-1,13.933568,1,13.990912
6819,16,16,-1,-1,-1,-1,-1,13.894656,1,13.958144
6820,16,16,-1,-1,-1,-1,-1,13.937664,1,14.0032
6821,16,16,-1,-1,-1,-1,-1,13.925376,1,13.968384
6822,16,16,-1,-1,-1,-1,-1,13.912064,1,13.969408
6823,16,16,-1,-1,-1,-1,-1,13.888512,1,13.952
6824,16,16,-1,-1,-1,-1,-1,13.886464,1,13.949952
6825,16,16,-1,-1,-1,-1,-1,13.884416,1,13.950976
6826,16,16,-1,-1,-1,-1,-1,13.887488,1,13.93152
6827,16,1024,-1,-1,-1,-1,-1,-1,0,69.894142
6828,16,16,-1,-1,-1,-1,-1,14.088192,1,14.152704
6829,16,16,-1,-1,-1,-1,-1,14.021632,1,14.066688
6830,16,16,-1,-1,-1,-1,-1,13.961216,1,14.005248
6831,16,16,-1,-1,-1,-1,-1,13.948928,1,14.006272
6832,16,16,-1,-1,-1,-1,-1,13.94688,1,14.011392
6833,16,16,-1,-1,-1,-1,-1,13.898752,1,13.955072
6834,16,16,-1,-1,-1,-1,-1,13.956096,1,14.019584
6835,16,16,-1,-1,-1,-1,-1,13.932544,1,13.989888
6836,16,16,-1,-1,-1,-1,-1,13.947904,1,14.002176
6837,16,1024,-1,-1,-1,-1,-1,-1,0,70.445053
6838,16,16,-1,-1,-1,-1,-1,14.06464,1,14.130176
6839,16,16,-1,-1,-1,-1,-1,14.0288,1,14.087168
6840,16,16,-1,-1,-1,-1,-1,13.98784,1,14.031872
6841,16,16,-1,-1,-1,-1,-1,13.98272,1,14.041088
6842,16,16,-1,-1,-1,-1,-1,13.918208,1,13.96224
6843,16,16,-1,-1,-1,-1,-1,13.956096,1,14.019584
6844,16,1024,-1,-1,-1,-1,-1,-1,0,70.580223
6845,16,16,-1,-1,-1,-1,-1,14.047232,1,14.089216
6846,16,16,-1,-1,-1,-1,-1,13.991936,1,14.035968
6847,16,16,-1,-1,-1,-1,-1,13.964288,1,14.029824
6848,16,16,-1,-1,-1,-1,-1,13.949952,1,14.015488
6849,16,16,-1,-1,-1,-1,-1,13.910016,1,13.974528
6850,16,16,-1,-1,-1,-1,-1,13.959168,1,14.002176
6851,16,16,-1,-1,-1,-1,-1,13.91616,1,13.974528
6852,16,16,-1,-1,-1,-1,-1,13.940736,1,14.006272
6853,16,16,-1,-1,-1,-1,-1,13.928448,1,13.993984
6854,16,16,-1,-1,-1,-1,-1,13.930496,1,13.98784
6855,16,16,-1,-1,-1,-1,-1,13.924352,1,13.989888
6856,16,16,-1,-1,-1,-1,-1,13.919232,1,13.963264
6857,16,16,-1,-1,-1,-1,-1,13.935616,1,14.002176
6858,16,16,-1,-1,-1,-1,-1,13.924352,1,13.968384
6859,16,1024,-1,-1,-1,-1,-1,-1,0,69.921791
6860,16,16,-1,-1,-1,-1,-1,14.03904,1,14.104576
6861,16,16,-1,-1,-1,-1,-1,14.036992,1,14.082048
6862,16,16,-1,-1,-1,-1,-1,14.022656,1,14.066688
6863,16,16,-1,-1,-1,-1,-1,14.032896,1,14.098432
6864,16,16,-1,-1,-1,-1,-1,13.958144,1,14.022656
6865,16,16,-1,-1,-1,-1,-1,13.974528,1,14.03904
6866,16,16,-1,-1,-1,-1,-1,13.97248,1,14.015488
6867,16,1024,-1,-1,-1,-1,-1,-1,0,70.19622
6868,16,16,-1,-1,-1,-1,-1,14.061568,1,14.127104
6869,16,16,-1,-1,-1,-1,-1,13.952,1,14.017536
6870,16,16,-1,-1,-1,-1,-1,13.963264,1,14.027776
6871,16,16,-1,-1,-1,-1,-1,13.937664,1,14.0032
6872,16,1024,-1,-1,-1,-1,-1,-1,0,70.306816
6873,16,2032,-1,-1,-1,-1,-1,-1,0,130.723846
6874,16,16,-1,-1,-1,-1,-1,14.050304,1,14.093312
6875,16,16,-1,-1,-1,-1,-1,14.004224,1,14.070784
6876,16,16,-1,-1,-1,-1,-1,13.953024,1,14.019584
6877,16,16,-1,-1,-1,-1,-1,13.901824,1,13.944832
6878,16,16,-1,-1,-1,-1,-1,13.917184,1,13.960192
6879,16,16,-1,-1,-1,-1,-1,13.927424,1,13.99296
6880,16,16,-1,-1,-1,-1,-1,13.896704,1,13.961216
6881,16,16,-1,-1,-1,-1,-1,13.943808,1,14.00832
6882,16,16,-1,-1,-1,-1,-1,13.932544,1,13.975552
6883,16,16,-1,-1,-1,-1,-1,13.924352,1,13.988864
6884,16,16,-1,-1,-1,-1,-1,13.878272,1,13.942784
6885,16,16,-1,-1,-1,-1,-1,13.940736,1,14.004224
6886,16,16,-1,-1,-1,-1,-1,13.84448,1,13.887488
6887,16,16,-1,-1,-1,-1,-1,13.913088,1,13.969408
6888,16,16,-1,-1,-1,-1,-1,13.913088,1,13.978624
6889,16,16,-1,-1,-1,-1,-1,13.837312,1,13.893632
6890,16,16,-1,-1,-1,-1,-1,13.917184,1,13.959168
6891,16,16,-1,-1,-1,-1,-1,13.923328,1,13.98784
6892,16,16,-1,-1,-1,-1,-1,13.927424,1,13.991936
6893,16,16,-1,-1,-1,-1,-1,13.91616,1,13.958144
6894,16,16,-1,-1,-1,-1,-1,13.922304,1,13.96736
6895,16,1024,-1,-1,-1,-1,-1,-1,0,70.075394
6896,16,16,-1,-1,-1,-1,-1,14.036992,1,14.103552
6897,16,1024,-1,-1,-1,-1,-1,-1,0,70.536194
6898,16,16,-1,-1,-1,-1,-1,14.006272,1,14.048256
6899,16,1024,-1,-1,-1,-1,-1,-1,0,70.777855
6900,16,16,-1,-1,-1,-1,-1,14.056448,1,14.099456
6901,16,16,-1,-1,-1,-1,-1,14.021632,1,14.088192
6902,16,16,-1,-1,-1,-1,-1,13.997056,1,14.043136
6903,16,16,-1,-1,-1,-1,-1,13.935616,1,13.979648
6904,16,16,-1,-1,-1,-1,-1,13.930496,1,13.986816
6905,16,16,-1,-1,-1,-1,-1,13.914112,1,13.980672
6906,16,16,-1,-1,-1,-1,-1,13.945856,1,13.989888
6907,16,16,-1,-1,-1,-1,-1,13.944832,1,14.010368
6908,16,16,-1,-1,-1,-1,-1,13.903872,1,13.969408
6909,16,16,-1,-1,-1,-1,-1,13.88032,1,13.925376
6910,16,16,-1,-1,-1,-1,-1,13.920256,1,13.964288
6911,16,16,-1,-1,-1,-1,-1,13.897728,1,13.955072
6912,16,16,-1,-1,-1,-1,-1,13.912064,1,13.956096
6913,16,16,-1,-1,-1,-1,-1,13.939712,1,13.997056
6914,16,16,-1,-1,-1,-1,-1,13.907968,1,13.952
6915,16,16,-1,-1,-1,-1,-1,13.949952,1,14.016512
6916,16,16,-1,-1,-1,-1,-1,13.903872,1,13.945856
6917,16,16,-1,-1,-1,-1,-1,13.902848,1,13.96736
6918,16,16,-1,-1,-1,-1,-1,13.933568,1,13.976576
6919,16,16,-1,-1,-1,-1,-1,13.915136,1,13.959168
6920,16,16,-1,-1,-1,-1,-1,13.896704,1,13.955072
6921,16,16,-1,-1,-1,-1,-1,13.93152,1,13.997056
6922,16,1023,-1,-1,-1,-1,-1,-1,0,69.959679
6923,16,16,-1,-1,-1,-1,-1,14.03904,1,14.104576
6924,16,16,-1,-1,-1,-1,-1,13.989888,1,14.047232
6925,16,1024,-1,-1,-1,-1,-1,-1,0,70.686722
6926,16,16,-1,-1,-1,-1,-1,13.968384,1,14.012416
6927,16,16,-1,-1,-1,-1,-1,13.99808,1,14.063616
6928,16,16,-1,-1,-1,-1,-1,13.98272,1,14.026752
6929,16,16,-1,-1,-1,-1,-1,13.969408,1,14.03392
6930,16,16,-1,-1,-1,-1,-1,13.943808,1,13.98784
6931,16,1024,-1,-1,-1,-1,-1,-1,0,70.134781
6932,16,1024,-1,-1,-1,-1,-1,-1,0,71.362556
6933,16,16,-1,-1,-1,-1,-1,13.986816,1,14.051328
6934,16,16,-1,-1,-1,-1,-1,13.964288,1,14.00832
6935,16,16,-1,-1,-1,-1,-1,13.938688,1,13.98272
6936,16,16,-1,-1,-1,-1,-1,13.93664,1,13.99296
6937,16,16,-1,-1,-1,-1,-1,13.913088,1,13.979648
6938,16,16,-1,-1,-1,-1,-1,13.932544,1,13.974528
6939,16,16,-1,-1,-1,-1,-1,13.935616,1,14.000128
6940,16,16,-1,-1,-1,-1,-1,13.928448,1,13.993984
6941,16,1024,-1,-1,-1,-1,-1,-1,0,70.06208
6942,16,16,-1,-1,-1,-1,-1,14.042112,1,14.087168
6943,16,16,-1,-1,-1,-1,-1,13.990912,1,14.057472
6944,16,16,-1,-1,-1,-1,-1,13.952,1,13.995008
6945,16,16,-1,-1,-1,-1,-1,13.94688,1,14.014464
6946,16,16,-1,-1,-1,-1,-1,13.923328,1,13.96736
6947,16,16,-1,-1,-1,-1,-1,13.93664,1,14.002176
6948,16,16,-1,-1,-1,-1,-1,13.924352,1,13.989888
6949,16,16,-1,-1,-1,-1,-1,13.892608,1,13.958144
6950,16,16,-1,-1,-1,-1,-1,13.908992,1,13.950976
6951,16,1024,-1,-1,-1,-1,-1,-1,0,69.660675
6952,16,16,-1,-1,-1,-1,-1,14.027776,1,14.093312
6953,16,16,-1,-1,-1,-1,-1,13.997056,1,14.063616
6954,16,16,-1,-1,-1,-1,-1,13.94688,1,13.990912
6955,16,16,-1,-1,-1,-1,-1,13.939712,1,14.007296
6956,16,16,-1,-1,-1,-1,-1,13.903872,1,13.969408
6957,16,16,-1,-1,-1,-1,-1,13.884416,1,13.950976
6958,16,16,-1,-1,-1,-1,-1,13.920256,1,13.965312
6959,16,16,-1,-1,-1,-1,-1,13.924352,1,13.98784
6960,16,1024,-1,-1,-1,-1,-1,-1,0,70.194176
6961,16,16,-1,-1,-1,-1,-1,14.047232,1,14.11072
6962,16,16,-1,-1,-1,-1,-1,13.955072,1,13.999104
6963,16,16,-1,-1,-1,-1,-1,13.97248,1,14.029824
6964,16,16,-1,-1,-1,-1,-1,13.933568,1,13.999104
6965,16,16,-1,-1,-1,-1,-1,13.937664,1,13.980672
6966,16,16,-1,-1,-1,-1,-1,13.964288,1,14.007296
6967,16,16,-1,-1,-1,-1,-1,13.934592,1,14.001152
6968,16,16,-1,-1,-1,-1,-1,13.945856,1,14.011392
6969,16,16,-1,-1,-1,-1,-1,13.907968,1,13.97248
6970,16,16,-1,-1,-1,-1,-1,13.930496,1,13.97248
6971,16,16,-1,-1,-1,-1,-1,13.882368,1,13.939712
6972,16,16,-1,-1,-1,-1,-1,13.894656,1,13.959168
6973,16,1024,-1,-1,-1,-1,-1,-1,0,70.056961
6974,16,16,-1,-1,-1,-1,-1,14.09536,1,14.140416
6975,16,16,-1,-1,-1,-1,-1,13.9776,1,14.04416
6976,16,16,-1,-1,-1,-1,-1,14.01344,1,14.078976
6977,16,16,-1,-1,-1,-1,-1,13.988864,1,14.046208
6978,16,16,-1,-1,-1,-1,-1,13.952,1,13.995008
6979,16,16,-1,-1,-1,-1,-1,13.938688,1,14.0032
6980,16,16,-1,-1,-1,-1,-1,13.925376,1,13.980672
6981,16,16,-1,-1,-1,-1,-1,13.959168,1,14.004224
6982,16,16,-1,-1,-1,-1,-1,13.96224,1,14.006272
6983,16,16,-1,-1,-1,-1,-1,13.906944,1,13.963264
6984,16,16,-1,-1,-1,-1,-1,13.952,1,14.014464
6985,16,16,-1,-1,-1,-1,-1,13.922304,1,13.986816
6986,16,1024,-1,-1,-1,-1,-1,-1,0,69.585922
6987,16,16,-1,-1,-1,-1,-1,14.067712,1,14.133248
6988,16,16,-1,-1,-1,-1,-1,14.030848,1,14.07488
6989,16,16,-1,-1,-1,-1,-1,13.984768,1,14.051328
6990,16,16,-1,-1,-1,-1,-1,13.971456,1,14.015488
6991,16,16,-1,-1,-1,-1,-1,13.96224,1,14.025728
6992,16,1024,-1,-1,-1,-1,-1,-1,0,70.329346
6993,16,16,-1,-1,-1,-1,-1,14.062592,1,14.119936
6994,16,16,-1,-1,-1,-1,-1,14.011392,1,14.055424
6995,16,16,-1,-1,-1,-1,-1,13.955072,1,14.020608
6996,16,16,-1,-1,-1,-1,-1,13.913088,1,13.979648
6997,16,16,-1,-1,-1,-1,-1,13.938688,1,13.981696
6998,16,16,-1,-1,-1,-1,-1,13.927424,1,13.971456
6999,16,1024,-1,-1,-1,-1,-1,-1,0,70.499329
7000,16,16,-1,-1,-1,-1,-1,14.052352,1,14.096384
7001,16,1023,-1,-1,-1,-1,-1,-1,0,70.978561
7002,16,16,-1,-1,-1,-1,-1,14.047232,1,14.11584
7003,16,16,-1,-1,-1,-1,-1,13.989888,1,14.056448
7004,16,16,-1,-1,-1,-1,-1,13.975552,1,14.019584
7005,16,16,-1,-1,-1,-1,-1,13.907968,1,13.973504
7006,16,1024,-1,-1,-1,-1,-1,-1,0,69.968895
7007,16,16,-1,-1,-1,-1,-1,13.996032,1,14.061568
7008,16,16,-1,-1,-1,-1,-1,14.010368,1,14.077952
7009,16,16,-1,-1,-1,-1,-1,13.937664,1,14.0032
7010,16,16,-1,-1,-1,-1,-1,13.97248,1,14.015488
7011,16,16,-1,-1,-1,-1,-1,13.96224,1,14.020608
7012,16,16,-1,-1,-1,-1,-1,13.93664,1,14.002176
7013,16,16,-1,-1,-1,-1,-1,13.939712,1,13.98272
7014,16,16,-1,-1,-1,-1,-1,13.956096,1,14.000128
7015,16,16,-1,-1,-1,-1,-1,13.925376,1,13.989888
7016,16,16,-1,-1,-1,-1,-1,13.912064,1,13.955072
7017,16,16,-1,-1,-1,-1,-1,13.938688,1,13.981696
7018,16,1023,-1,-1,-1,-1,-1,-1,0,69.767166
7019,16,16,-1,-1,-1,-1,-1,14.004224,1,14.068736
7020,16,16,-1,-1,-1,-1,-1,13.964288,1,14.00832
7021,16,16,-1,-1,-1,-1,-1,13.929472,1,13.995008
7022,16,16,-1,-1,-1,-1,-1,13.96736,1,14.031872
7023,16,16,-1,-1,-1,-1,-1,13.934592,1,13.99808
7024,16,16,-1,-1,-1,-1,-1,13.904896,1,13.970432
7025,16,1024,-1,-1,-1,-1,-1,-1,0,70.614014
7026,16,16,-1,-1,-1,-1,-1,14.025728,1,14.06976
7027,16,16,-1,-1,-1,-1,-1,14.015488,1,14.081024
7028,16,16,-1,-1,-1,-1,-1,13.947904,1,14.012416
7029,16,16,-1,-1,-1,-1,-1,13.898752,1,13.94176
7030,16,16,-1,-1,-1,-1,-1,13.904896,1,13.949952
7031,16,16,-1,-1,-1,-1,-1,13.907968,1,13.966336
7032,16,16,-1,-1,-1,-1,-1,13.913088,1,13.95712
7033,16,16,-1,-1,-1,-1,-1,13.93152,1,13.988864
7034,16,16,-1,-1,-1,-1,-1,13.88544,1,13.952
7035,16,16,-1,-1,-1,-1,-1,13.896704,1,13.955072
7036,16,16,-1,-1,-1,-1,-1,13.86496,1,13.907968
7037,16,1024,-1,-1,-1,-1,-1,-1,0,69.772285
7038,16,16,-1,-1,-1,-1,-1,14.055424,1,14.119936
7039,16,1024,-1,-1,-1,-1,-1,-1,0,70.87104
7040,16,16,-1,-1,-1,-1,-1,14.047232,1,14.114816
7041,16,16,-1,-1,-1,-1,-1,13.973504,1,14.03904
7042,16,1024,-1,-1,-1,-1,-1,-1,0,70.223869
7043,16,16,-1,-1,-1,-1,-1,14.007296,1,14.071808
7044,16,16,-1,-1,-1,-1,-1,14.04928,1,14.106624
7045,16,16,-1,-1,-1,-1,-1,13.961216,1,14.005248
7046,16,16,-1,-1,-1,-1,-1,13.96224,1,14.007296
7047,16,16,-1,-1,-1,-1,-1,13.928448,1,13.993984
7048,16,16,-1,-1,-1,-1,-1,13.933568,1,13.9776
7049,16,1024,-1,-1,-1,-1,-1,-1,0,69.942268
7050,16,16,-1,-1,-1,-1,-1,14.004224,1,14.062592
7051,16,16,-1,-1,-1,-1,-1,14.031872,1,14.098432
7052,16,16,-1,-1,-1,-1,-1,13.965312,1,14.010368
7053,16,16,-1,-1,-1,-1,-1,13.948928,1,14.014464
7054,16,16,-1,-1,-1,-1,-1,13.917184,1,13.98272
7055,16,16,-1,-1,-1,-1,-1,13.9264,1,13.991936
7056,16,16,-1,-1,-1,-1,-1,13.91616,1,13.98272
7057,16,16,-1,-1,-1,-1,-1,13.934592,1,14.001152
7058,16,16,-1,-1,-1,-1,-1,13.945856,1,14.002176
7059,16,16,-1,-1,-1,-1,-1,13.906944,1,13.949952
7060,16,16,-1,-1,-1,-1,-1,13.894656,1,13.958144
7061,16,16,-1,-1,-1,-1,-1,13.894656,1,13.93664
7062,16,16,-1,-1,-1,-1,-1,13.929472,1,13.97248
7063,16,16,-1,-1,-1,-1,-1,13.891584,1,13.95712
7064,16,16,-1,-1,-1,-1,-1,13.920256,1,13.963264
7065,16,1024,-1,-1,-1,-1,-1,-1,0,69.898239
7066,16,16,-1,-1,-1,-1,-1,14.116864,1,14.184448
7067,16,16,-1,-1,-1,-1,-1,14.024704,1,14.083072
7068,16,16,-1,-1,-1,-1,-1,13.966336,1,14.011392
7069,16,16,-1,-1,-1,-1,-1,13.968384,1,14.035968
7070,16,16,-1,-1,-1,-1,-1,13.914112,1,13.980672
7071,16,16,-1,-1,-1,-1,-1,13.927424,1,13.99296
7072,16,16,-1,-1,-1,-1,-1,13.94176,1,14.007296
7073,16,16,-1,-1,-1,-1,-1,13.919232,1,13.984768
7074,16,1024,-1,-1,-1,-1,-1,-1,0,69.873665
7075,16,16,-1,-1,-1,-1,-1,14.032896,1,14.076928
7076,16,1024,-1,-1,-1,-1,-1,-1,0,70.581245
7077,16,16,-1,-1,-1,-1,-1,14.06976,1,14.113792
7078,16,16,-1,-1,-1,-1,-1,14.036992,1,14.082048
7079,16,16,-1,-1,-1,-1,-1,13.999104,1,14.06464
7080,16,16,-1,-1,-1,-1,-1,13.913088,1,13.95712
7081,16,16,-1,-1,-1,-1,-1,13.9008,1,13.959168
7082,16,16,-1,-1,-1,-1,-1,13.93152,1,13.997056
7083,16,16,-1,-1,-1,-1,-1,13.9264,1,13.990912
7084,16,16,-1,-1,-1,-1,-1,13.889536,1,13.932544
7085,16,16,-1,-1,-1,-1,-1,13.943808,1,14.011392
7086,16,16,-1,-1,-1,-1,-1,13.984768,1,14.050304
7087,16,16,-1,-1,-1,-1,-1,13.915136,1,13.980672
7088,16,16,-1,-1,-1,-1,-1,13.882368,1,13.948928
7089,16,16,-1,-1,-1,-1,-1,13.888512,1,13.953024
7090,16,16,-1,-1,-1,-1,-1,13.898752,1,13.95712
7091,16,16,-1,-1,-1,-1,-1,13.924352,1,13.96736
7092,16,16,-1,-1,-1,-1,-1,13.901824,1,13.966336
7093,16,16,-1,-1,-1,-1,-1,13.934592,1,13.978624
7094,16,1024,-1,-1,-1,-1,-1,-1,0,69.884926
7095,16,16,-1,-1,-1,-1,-1,14.00832,1,14.06464
7096,16,16,-1,-1,-1,-1,-1,13.93664,1,13.980672
7097,16,1024,-1,-1,-1,-1,-1,-1,0,70.219772
7098,16,16,-1,-1,-1,-1,-1,14.014464,1,14.072832
7099,16,16,-1,-1,-1,-1,-1,13.979648,1,14.045184
7100,16,16,-1,-1,-1,-1,-1,13.976576,1,14.020608
7101,16,1024,-1,-1,-1,-1,-1,-1,0,69.869568
7102,16,16,-1,-1,-1,-1,-1,13.997056,1,14.063616
7103,16,16,-1,-1,-1,-1,-1,13.991936,1,14.057472
7104,16,16,-1,-1,-1,-1,-1,13.971456,1,14.029824
7105,16,16,-1,-1,-1,-1,-1,13.950976,1,14.017536
7106,16,16,-1,-1,-1,-1,-1,13.887488,1,13.955072
7107,16,16,-1,-1,-1,-1,-1,13.929472,1,13.97248
7108,16,16,-1,-1,-1,-1,-1,13.920256,1,13.985792
7109,16,16,-1,-1,-1,-1,-1,13.925376,1,13.968384
7110,16,16,-1,-1,-1,-1,-1,13.917184,1,13.981696
7111,16,16,-1,-1,-1,-1,-1,13.9008,1,13.965312
7112,16,16,-1,-1,-1,-1,-1,13.91104,1,13.953024
7113,16,2032,-1,-1,-1,-1,-1,-1,0,129.176575
7114,16,16,-1,-1,-1,-1,-1,14.03904,1,14.084096
7115,16,16,-1,-1,-1,-1,-1,14.02368,1,14.091264
7116,16,16,-1,-1,-1,-1,-1,13.96224,1,14.007296
7117,16,16,-1,-1,-1,-1,-1,13.937664,1,14.004224
7118,16,16,-1,-1,-1,-1,-1,13.955072,1,14.012416
7119,16,16,-1,-1,-1,-1,-1,13.93664,1,14.001152
7120,16,16,-1,-1,-1,-1,-1,13.933568,1,13.9776
7121,16,16,-1,-1,-1,-1,-1,13.923328,1,13.98272
7122,16,16,-1,-1,-1,-1,-1,13.94176,1,14.007296
7123,16,16,-1,-1,-1,-1,-1,13.904896,1,13.947904
7124,16,16,-1,-1,-1,-1,-1,13.904896,1,13.970432
7125,16,16,-1,-1,-1,-1,-1,13.894656,1,13.937664
7126,16,16,-1,-1,-1,-1,-1,13.9008,1,13.95712
7127,16,16,-1,-1,-1,-1,-1,13.863936,1,13.9264
7128,16,16,-1,-1,-1,-1,-1,13.908992,1,13.952
7129,16,16,-1,-1,-1,-1,-1,13.876224,1,13.948928
7130,16,1023,-1,-1,-1,-1,-1,-1,0,69.87571
7131,16,1023,-1,-1,-1,-1,-1,-1,0,72.073219
7132,16,16,-1,-1,-1,-1,-1,14.083072,1,14.148608
7133,16,16,-1,-1,-1,-1,-1,14.017536,1,14.08512
7134,16,16,-1,-1,-1,-1,-1,13.996032,1,14.040064
7135,16,16,-1,-1,-1,-1,-1,13.944832,1,14.009344
7136,16,16,-1,-1,-1,-1,-1,13.920256,1,13.964288
7137,16,16,-1,-1,-1,-1,-1,13.922304,1,13.978624
7138,16,16,-1,-1,-1,-1,-1,13.929472,1,13.993984
7139,16,16,-1,-1,-1,-1,-1,13.973504,1,14.016512
7140,16,16,-1,-1,-1,-1,-1,13.906944,1,13.97248
7141,16,16,-1,-1,-1,-1,-1,13.939712,1,13.98272
7142,16,16,-1,-1,-1,-1,-1,13.933568,1,13.99808
7143,16,1024,-1,-1,-1,-1,-1,-1,0,70.116348
7144,16,16,-1,-1,-1,-1,-1,14.021632,1,14.065664
7145,16,16,-1,-1,-1,-1,-1,13.995008,1,14.065664
7146,16,16,-1,-1,-1,-1,-1,13.98272,1,14.026752
7147,16,16,-1,-1,-1,-1,-1,13.942784,1,14.000128
7148,16,16,-1,-1,-1,-1,-1,13.9776,1,14.034944
7149,16,16,-1,-1,-1,-1,-1,13.928448,1,13.993984
7150,16,16,-1,-1,-1,-1,-1,13.947904,1,13.990912
7151,16,16,-1,-1,-1,-1,-1,13.952,1,14.015488
7152,16,16,-1,-1,-1,-1,-1,13.930496,1,13.975552
7153,16,1024,-1,-1,-1,-1,-1,-1,0,69.834755
7154,16,16,-1,-1,-1,-1,-1,14.021632,1,14.08
7155,16,1024,-1,-1,-1,-1,-1,-1,0,70.897667
7156,16,16,-1,-1,-1,-1,-1,14.047232,1,14.113792
7157,16,16,-1,-1,-1,-1,-1,14.002176,1,14.045184
7158,16,16,-1,-1,-1,-1,-1,13.940736,1,14.007296
7159,16,16,-1,-1,-1,-1,-1,13.947904,1,14.004224
7160,16,16,-1,-1,-1,-1,-1,13.914112,1,13.95712
7161,16,16,-1,-1,-1,-1,-1,13.925376,1,13.989888
7162,16,1024,-1,-1,-1,-1,-1,-1,0,70.052864
7163,16,16,-1,-1,-1,-1,-1,14.038016,1,14.104576
7164,16,16,-1,-1,-1,-1,-1,13.989888,1,14.048256
7165,16,16,-1,-1,-1,-1,-1,13.975552,1,14.032896
7166,16,16,-1,-1,-1,-1,-1,13.92128,1,13.965312
7167,16,16,-1,-1,-1,-1,-1,13.920256,1,13.985792
7168,16,16,-1,-1,-1,-1,-1,13.93152,1,13.975552
7169,16,16,-1,-1,-1,-1,-1,13.940736,1,14.006272
7170,16,16,-1,-1,-1,-1,-1,13.918208,1,13.983744
7171,16,1024,-1,-1,-1,-1,-1,-1,0,69.927933
7172,16,16,-1,-1,-1,-1,-1,14.040064,1,14.097408
7173,16,16,-1,-1,-1,-1,-1,13.981696,1,14.024704
7174,16,16,-1,-1,-1,-1,-1,13.980672,1,14.046208
7175,16,16,-1,-1,-1,-1,-1,13.918208,1,13.983744
7176,16,1024,-1,-1,-1,-1,-1,-1,0,70.248451
7177,16,16,-1,-1,-1,-1,-1,14.066688,1,14.13632
7178,16,16,-1,-1,-1,-1,-1,14.012416,1,14.08
7179,16,16,-1,-1,-1,-1,-1,13.955072,1,14.01856
7180,16,16,-1,-1,-1,-1,-1,13.950976,1,14.015488
7181,16,16,-1,-1,-1,-1,-1,13.949952,1,14.014464
7182,16,16,-1,-1,-1,-1,-1,13.953024,1,13.997056
7183,16,16,-1,-1,-1,-1,-1,13.937664,1,13.981696
7184,16,16,-1,-1,-1,-1,-1,13.943808,1,13.98784
7185,16,16,-1,-1,-1,-1,-1,13.902848,1,13.959168
7186,16,16,-1,-1,-1,-1,-1,13.892608,1,13.959168
7187,16,16,-1,-1,-1,-1,-1,13.9008,1,13.96736
7188,16,1024,-1,-1,-1,-1,-1,-1,0,70.122498
7189,16,16,-1,-1,-1,-1,-1,14.022656,1,14.066688
7190,16,16,-1,-1,-1,-1,-1,14.014464,1,14.081024
7191,16,16,-1,-1,-1,-1,-1,13.979648,1,14.03904
7192,16,16,-1,-1,-1,-1,-1,13.94176,1,14.006272
7193,16,16,-1,-1,-1,-1,-1,13.959168,1,14.024704
7194,16,16,-1,-1,-1,-1,-1,13.979648,1,14.046208
7195,16,16,-1,-1,-1,-1,-1,13.948928,1,14.016512
7196,16,16,-1,-1,-1,-1,-1,13.96224,1,14.021632
7197,16,16,-1,-1,-1,-1,-1,13.923328,1,13.979648
7198,16,16,-1,-1,-1,-1,-1,13.901824,1,13.944832
7199,16,16,-1,-1,-1,-1,-1,13.927424,1,13.969408
7200,16,16,-1,-1,-1,-1,-1,13.918208,1,13.96224
7201,16,16,-1,-1,-1,-1,-1,13.935616,1,14.000128
7202,16,16,-1,-1,-1,-1,-1,13.89056,1,13.945856
7203,16,16,-1,-1,-1,-1,-1,13.897728,1,13.963264
7204,16,16,-1,-1,-1,-1,-1,13.940736,1,14.005248
7205,16,16,-1,-1,-1,-1,-1,13.927424,1,13.969408
7206,16,16,-1,-1,-1,-1,-1,13.915136,1,13.979648
7207,16,16,-1,-1,-1,-1,-1,13.93664,1,13.99296
7208,16,16,-1,-1,-1,-1,-1,13.915136,1,13.979648
7209,16,16,-1,-1,-1,-1,-1,13.92128,1,13.989888
7210,16,2032,-1,-1,-1,-1,-1,-1,0,128.944122
7211,16,1024,-1,-1,-1,-1,-1,-1,0,72.222717
7212,16,16,-1,-1,-1,-1,-1,14.043136,1,14.108672
7213,16,16,-1,-1,-1,-1,-1,14.021632,1,14.088192
7214,16,16,-1,-1,-1,-1,-1,13.965312,1,14.010368
7215,16,16,-1,-1,-1,-1,-1,13.958144,1,14.002176
7216,16,16,-1,-1,-1,-1,-1,13.940736,1,13.983744
7217,16,16,-1,-1,-1,-1,-1,13.93664,1,14.002176
7218,16,16,-1,-1,-1,-1,-1,13.93664,1,13.981696
7219,16,16,-1,-1,-1,-1,-1,13.970432,1,14.031872
7220,16,16,-1,-1,-1,-1,-1,13.942784,1,14.000128
7221,16,16,-1,-1,-1,-1,-1,13.90592,1,13.947904
7222,16,16,-1,-1,-1,-1,-1,13.928448,1,13.973504
7223,16,16,-1,-1,-1,-1,-1,13.912064,1,13.975552
7224,16,16,-1,-1,-1,-1,-1,13.928448,1,13.99296
7225,16,16,-1,-1,-1,-1,-1,13.934592,1,13.993984
7226,16,16,-1,-1,-1,-1,-1,13.893632,1,13.959168
7227,16,16,-1,-1,-1,-1,-1,13.917184,1,13.974528
7228,16,1024,-1,-1,-1,-1,-1,-1,0,69.742592
7229,16,16,-1,-1,-1,-1,-1,14.06464,1,14.107648
7230,16,16,-1,-1,-1,-1,-1,14.066688,1,14.111744
7231,16,1024,-1,-1,-1,-1,-1,-1,0,70.56179
7232,16,16,-1,-1,-1,-1,-1,14.026752,1,14.06976
7233,16,1024,-1,-1,-1,-1,-1,-1,0,70.665215
7234,16,16,-1,-1,-1,-1,-1,14.066688,1,14.11072
7235,16,16,-1,-1,-1,-1,-1,13.978624,1,14.046208
7236,16,16,-1,-1,-1,-1,-1,13.974528,1,14.040064
7237,16,16,-1,-1,-1,-1,-1,13.928448,1,13.971456
7238,16,16,-1,-1,-1,-1,-1,13.904896,1,13.947904
7239,16,16,-1,-1,-1,-1,-1,13.935616,1,14.000128
7240,16,16,-1,-1,-1,-1,-1,13.9264,1,13.983744
7241,16,16,-1,-1,-1,-1,-1,13.925376,1,13.990912
7242,16,16,-1,-1,-1,-1,-1,13.881344,1,13.947904
7243,16,16,-1,-1,-1,-1,-1,13.922304,1,13.988864
7244,16,16,-1,-1,-1,-1,-1,13.902848,1,13.96736
7245,16,16,-1,-1,-1,-1,-1,13.923328,1,13.965312
7246,16,16,-1,-1,-1,-1,-1,13.90592,1,13.949952
7247,16,16,-1,-1,-1,-1,-1,13.915136,1,13.978624
7248,16,1024,-1,-1,-1,-1,-1,-1,0,69.947395
7249,16,1024,-1,-1,-1,-1,-1,-1,0,72.015869
7250,16,16,-1,-1,-1,-1,-1,14.02368,1,14.068736
7251,16,16,-1,-1,-1,-1,-1,13.99808,1,14.06464
7252,16,16,-1,-1,-1,-1,-1,14.015488,1,14.083072
7253,16,16,-1,-1,-1,-1,-1,13.952,1,13.996032
7254,16,1023,-1,-1,-1,-1,-1,-1,0,70.047745
7255,16,16,-1,-1,-1,-1,-1,14.06976,1,14.135296
7256,16,16,-1,-1,-1,-1,-1,13.9776,1,14.04416
7257,16,16,-1,-1,-1,-1,-1,14.0032,1,14.047232
7258,16,16,-1,-1,-1,-1,-1,13.991936,1,14.058496
7259,16,16,-1,-1,-1,-1,-1,13.930496,1,13.993984
7260,16,16,-1,-1,-1,-1,-1,13.968384,1,14.026752
7261,16,16,-1,-1,-1,-1,-1,13.9264,1,13.969408
7262,16,16,-1,-1,-1,-1,-1,13.95712,1,13.999104
7263,16,16,-1,-1,-1,-1,-1,13.970432,1,14.034944
7264,16,16,-1,-1,-1,-1,-1,13.96224,1,14.026752
7265,16,16,-1,-1,-1,-1,-1,13.932544,1,13.997056
7266,16,16,-1,-1,-1,-1,-1,13.923328,1,13.965312
7267,16,16,-1,-1,-1,-1,-1,13.95712,1,14.021632
7268,16,16,-1,-1,-1,-1,-1,13.945856,1,14.011392
7269,16,16,-1,-1,-1,-1,-1,13.918208,1,13.96224
7270,16,16,-1,-1,-1,-1,-1,13.950976,1,13.995008
7271,16,16,-1,-1,-1,-1,-1,13.925376,1,13.98272
7272,16,16,-1,-1,-1,-1,-1,13.915136,1,13.976576
7273,16,16,-1,-1,-1,-1,-1,13.906944,1,13.949952
7274,16,16,-1,-1,-1,-1,-1,13.935616,1,14.001152
7275,16,16,-1,-1,-1,-1,-1,13.940736,1,13.996032
7276,16,16,-1,-1,-1,-1,-1,13.919232,1,13.986816
7277,16,1024,-1,-1,-1,-1,-1,-1,0,69.752831
7278,16,16,-1,-1,-1,-1,-1,14.065664,1,14.108672
7279,16,16,-1,-1,-1,-1,-1,14.030848,1,14.094336
7280,16,16,-1,-1,-1,-1,-1,14.020608,1,14.087168
7281,16,2032,-1,-1,-1,-1,-1,-1,0,128.664581
7282,16,16,-1,-1,-1,-1,-1,14.025728,1,14.06976
7283,16,16,-1,-1,-1,-1,-1,14.038016,1,14.104576
7284,16,16,-1,-1,-1,-1,-1,14.0288,1,14.094336
7285,16,16,-1,-1,-1,-1,-1,14.082048,1,14.12608
7286,16,16,-1,-1,-1,-1,-1,13.979648,1,14.024704
7287,16,16,-1,-1,-1,-1,-1,13.90592,1,13.970432
7288,16,16,-1,-1,-1,-1,-1,13.934592,1,13.999104
7289,16,16,-1,-1,-1,-1,-1,13.954048,1,13.99808
7290,16,1024,-1,-1,-1,-1,-1,-1,0,70.612991
7291,16,16,-1,-1,-1,-1,-1,14.046208,1,14.111744
7292,16,16,-1,-1,-1,-1,-1,13.969408,1,14.034944
7293,16,16,-1,-1,-1,-1,-1,13.934592,1,14.001152
7294,16,16,-1,-1,-1,-1,-1,13.986816,1,14.029824
7295,16,16,-1,-1,-1,-1,-1,13.908992,1,13.973504
7296,16,16,-1,-1,-1,-1,-1,13.9264,1,13.990912
7297,16,16,-1,-1,-1,-1,-1,13.919232,1,13.984768
7298,16,16,-1,-1,-1,-1,-1,13.959168,1,14.002176
7299,16,16,-1,-1,-1,-1,-1,13.908992,1,13.976576
7300,16,16,-1,-1,-1,-1,-1,13.918208,1,13.973504
7301,16,1024,-1,-1,-1,-1,-1,-1,0,70.396927
7302,16,16,-1,-1,-1,-1,-1,14.077952,1,14.121984
7303,16,16,-1,-1,-1,-1,-1,13.990912,1,14.055424
7304,16,16,-1,-1,-1,-1,-1,13.945856,1,14.011392
7305,16,16,-1,-1,-1,-1,-1,13.91616,1,13.961216
7306,16,16,-1,-1,-1,-1,-1,13.95712,1,14.02368
7307,16,1024,-1,-1,-1,-1,-1,-1,0,70.51162
7308,16,16,-1,-1,-1,-1,-1,14.07488,1,14.140416
7309,16,16,-1,-1,-1,-1,-1,14.022656,1,14.081024
7310,16,16,-1,-1,-1,-1,-1,13.944832,1,13.988864
7311,16,16,-1,-1,-1,-1,-1,13.958144,1,14.022656
7312,16,16,-1,-1,-1,-1,-1,13.955072,1,14.020608
7313,16,16,-1,-1,-1,-1,-1,13.963264,1,14.020608
7314,16,1023,-1,-1,-1,-1,-1,-1,0,70.221825
7315,16,16,-1,-1,-1,-1,-1,14.08512,1,14.147584
7316,16,16,-1,-1,-1,-1,-1,14.040064,1,14.08512
7317,16,16,-1,-1,-1,-1,-1,14.017536,1,14.083072
7318,16,16,-1,-1,-1,-1,-1,13.96224,1,14.006272
7319,16,16,-1,-1,-1,-1,-1,13.969408,1,14.034944
7320,16,16,-1,-1,-1,-1,-1,13.9776,1,14.021632
7321,16,16,-1,-1,-1,-1,-1,13.971456,1,14.015488
7322,16,16,-1,-1,-1,-1,-1,13.950976,1,14.015488
7323,16,16,-1,-1,-1,-1,-1,13.956096,1,14.020608
7324,16,16,-1,-1,-1,-1,-1,13.960192,1,14.024704
7325,16,16,-1,-1,-1,-1,-1,13.92128,1,13.985792
7326,16,16,-1,-1,-1,-1,-1,13.947904,1,13.990912
7327,16,16,-1,-1,-1,-1,-1,13.93664,1,14.001152
7328,16,16,-1,-1,-1,-1,-1,13.90592,1,13.970432
7329,16,16,-1,-1,-1,-1,-1,13.923328,1,13.990912
7330,16,16,-1,-1,-1,-1,-1,13.927424,1,13.970432
7331,16,1024,-1,-1,-1,-1,-1,-1,0,70.116348
7332,16,16,-1,-1,-1,-1,-1,14.091264,1,14.134272
7333,16,16,-1,-1,-1,-1,-1,14.073856,1,14.139392
7334,16,16,-1,-1,-1,-1,-1,14.015488,1,14.05952
7335,16,16,-1,-1,-1,-1,-1,13.989888,1,14.056448
7336,16,16,-1,-1,-1,-1,-1,13.986816,1,14.030848
7337,16,16,-1,-1,-1,-1,-1,13.956096,1,14.000128
7338,16,16,-1,-1,-1,-1,-1,13.988864,1,14.055424
7339,16,2032,-1,-1,-1,-1,-1,-1,0,129.618942
7340,16,16,-1,-1,-1,-1,-1,14.10048,1,14.166016
7341,16,16,-1,-1,-1,-1,-1,14.045184,1,14.102528
7342,16,1024,-1,-1,-1,-1,-1,-1,0,70.833153
7343,16,16,-1,-1,-1,-1,-1,14.04928,1,14.092288
7344,16,16,-1,-1,-1,-1,-1,13.988864,1,14.056448
7345,16,16,-1,-1,-1,-1,-1,13.952,1,14.017536
7346,16,16,-1,-1,-1,-1,-1,13.94688,1,13.989888
7347,16,16,-1,-1,-1,-1,-1,13.93152,1,13.988864
7348,16,16,-1,-1,-1,-1,-1,13.969408,1,14.01344
7349,16,16,-1,-1,-1,-1,-1,13.918208,1,13.975552
7350,16,16,-1,-1,-1,-1,-1,13.952,1,13.993984
7351,16,16,-1,-1,-1,-1,-1,13.94176,1,14.005248
7352,16,16,-1,-1,-1,-1,-1,13.89056,1,13.934592
7353,16,16,-1,-1,-1,-1,-1,13.897728,1,13.940736
7354,16,1024,-1,-1,-1,-1,-1,-1,0,69.961731
7355,16,16,-1,-1,-1,-1,-1,14.067712,1,14.135296
7356,16,16,-1,-1,-1,-1,-1,14.052352,1,14.096384
7357,16,16,-1,-1,-1,-1,-1,13.975552,1,14.041088
7358,16,16,-1,-1,-1,-1,-1,14.019584,1,14.087168
7359,16,16,-1,-1,-1,-1,-1,13.959168,1,14.0032
7360,16,16,-1,-1,-1,-1,-1,13.96736,1,14.03392
7361,16,16,-1,-1,-1,-1,-1,13.915136,1,13.97248
7362,16,16,-1,-1,-1,-1,-1,13.968384,1,14.011392
7363,16,16,-1,-1,-1,-1,-1,13.904896,1,13.96224
7364,16,16,-1,-1,-1,-1,-1,13.935616,1,13.9776
7365,16,16,-1,-1,-1,-1,-1,13.918208,1,13.98272
7366,16,1024,-1,-1,-1,-1,-1,-1,0,69.982208
7367,16,16,-1,-1,-1,-1,-1,14.08512,1,14.149632
7368,16,16,-1,-1,-1,-1,-1,14.046208,1,14.09024
7369,16,16,-1,-1,-1,-1,-1,13.993984,1,14.038016
7370,16,16,-1,-1,-1,-1,-1,13.9776,1,14.04416
7371,16,16,-1,-1,-1,-1,-1,13.937664,1,14.0032
7372,16,16,-1,-1,-1,-1,-1,13.954048,1,13.99808
7373,16,16,-1,-1,-1,-1,-1,13.947904,1,14.012416
7374,16,16,-1,-1,-1,-1,-1,13.945856,1,14.011392
7375,16,16,-1,-1,-1,-1,-1,13.989888,1,14.031872
7376,16,16,-1,-1,-1,-1,-1,13.940736,1,14.005248
7377,16,16,-1,-1,-1,-1,-1,13.89056,1,13.947904
7378,16,16,-1,-1,-1,-1,-1,13.915136,1,13.958144
7379,16,16,-1,-1,-1,-1,-1,13.913088,1,13.979648
7380,16,2031,-1,-1,-1,-1,-1,-1,0,127.724541
7381,16,16,-1,-1,-1,-1,-1,14.17216,1,14.240768
7382,16,1024,-1,-1,-1,-1,-1,-1,0,71.114754
7383,16,16,-1,-1,-1,-1,-1,14.071808,1,14.114816
7384,16,16,-1,-1,-1,-1,-1,14.03904,1,14.083072
7385,16,16,-1,-1,-1,-1,-1,13.999104,1,14.047232
7386,16,16,-1,-1,-1,-1,-1,13.945856,1,14.004224
7387,16,16,-1,-1,-1,-1,-1,13.985792,1,14.053376
7388,16,16,-1,-1,-1,-1,-1,13.964288,1,14.00832
7389,16,16,-1,-1,-1,-1,-1,13.96736,1,14.029824
7390,16,16,-1,-1,-1,-1,-1,13.966336,1,14.030848
7391,16,16,-1,-1,-1,-1,-1,13.920256,1,13.963264
7392,16,16,-1,-1,-1,-1,-1,13.908992,1,13.952
7393,16,16,-1,-1,-1,-1,-1,13.932544,1,13.989888
7394,16,16,-1,-1,-1,-1,-1,13.966336,1,14.010368
7395,16,16,-1,-1,-1,-1,-1,13.956096,1,14.021632
7396,16,16,-1,-1,-1,-1,-1,13.925376,1,13.991936
7397,16,16,-1,-1,-1,-1,-1,13.904896,1,13.970432
7398,16,16,-1,-1,-1,-1,-1,13.935616,1,14.001152
7399,16,1024,-1,-1,-1,-1,-1,-1,0,69.899261
7400,16,16,-1,-1,-1,-1,-1,14.062592,1,14.1056
7401,16,16,-1,-1,-1,-1,-1,13.995008,1,14.040064
7402,16,16,-1,-1,-1,-1,-1,13.999104,1,14.065664
7403,16,16,-1,-1,-1,-1,-1,13.980672,1,14.047232
7404,16,16,-1,-1,-1,-1,-1,13.968384,1,14.012416
7405,16,16,-1,-1,-1,-1,-1,13.947904,1,14.011392
7406,16,16,-1,-1,-1,-1,-1,13.935616,1,14.002176
7407,16,2031,-1,-1,-1,-1,-1,-1,0,128.680954
7408,16,16,-1,-1,-1,-1,-1,14.06976,1,14.13632
7409,16,1024,-1,-1,-1,-1,-1,-1,0,71.23661
7410,16,16,-1,-1,-1,-1,-1,14.050304,1,14.093312
7411,16,16,-1,-1,-1,-1,-1,13.9776,1,14.043136
7412,16,16,-1,-1,-1,-1,-1,13.948928,1,14.021632
7413,16,16,-1,-1,-1,-1,-1,13.93664,1,14.002176
7414,16,16,-1,-1,-1,-1,-1,13.914112,1,13.978624
7415,16,16,-1,-1,-1,-1,-1,13.94176,1,14.006272
7416,16,16,-1,-1,-1,-1,-1,13.928448,1,13.97248
7417,16,16,-1,-1,-1,-1,-1,13.937664,1,13.981696
7418,16,16,-1,-1,-1,-1,-1,13.922304,1,13.98784
7419,16,1024,-1,-1,-1,-1,-1,-1,0,69.901314
7420,16,16,-1,-1,-1,-1,-1,14.007296,1,14.052352
7421,16,16,-1,-1,-1,-1,-1,14.00832,1,14.052352
7422,16,16,-1,-1,-1,-1,-1,13.956096,1,14.020608
7423,16,16,-1,-1,-1,-1,-1,13.93152,1,13.997056
7424,16,16,-1,-1,-1,-1,-1,13.922304,1,13.978624
7425,16,16,-1,-1,-1,-1,-1,13.915136,1,13.979648
7426,16,16,-1,-1,-1,-1,-1,13.915136,1,13.959168
7427,16,16,-1,-1,-1,-1,-1,13.945856,1,14.009344
7428,16,1024,-1,-1,-1,-1,-1,-1,0,69.676033
7429,16,16,-1,-1,-1,-1,-1,14.017536,1,14.073856
7430,16,16,-1,-1,-1,-1,-1,13.96736,1,14.026752
7431,16,16,-1,-1,-1,-1,-1,13.954048,1,14.01856
7432,16,16,-1,-1,-1,-1,-1,13.953024,1,13.996032
7433,16,16,-1,-1,-1,-1,-1,13.934592,1,13.978624
7434,16,16,-1,-1,-1,-1,-1,13.960192,1,14.026752
7435,16,16,-1,-1,-1,-1,-1,13.948928,1,14.022656
7436,16,16,-1,-1,-1,-1,-1,13.920256,1,13.963264
7437,16,16,-1,-1,-1,-1,-1,13.867008,1,13.910016
7438,16,16,-1,-1,-1,-1,-1,13.903872,1,13.968384
7439,16,1024,-1,-1,-1,-1,-1,-1,0,70.25869
7440,16,16,-1,-1,-1,-1,-1,14.068736,1,14.134272
7441,16,16,-1,-1,-1,-1,-1,14.03904,1,14.097408
7442,16,16,-1,-1,-1,-1,-1,13.978624,1,14.024704
7443,16,16,-1,-1,-1,-1,-1,13.969408,1,14.026752
7444,16,16,-1,-1,-1,-1,-1,13.939712,1,14.004224
7445,16,16,-1,-1,-1,-1,-1,13.906944,1,13.97248
7446,16,16,-1,-1,-1,-1,-1,13.896704,1,13.955072
7447,16,16,-1,-1,-1,-1,-1,13.966336,1,14.029824
7448,16,16,-1,-1,-1,-1,-1,13.960192,1,14.004224
7449,16,16,-1,-1,-1,-1,-1,13.944832,1,13.98784
7450,16,16,-1,-1,-1,-1,-1,13.937664,1,14.002176
7451,16,16,-1,-1,-1,-1,-1,13.932544,1,13.99808
7452,16,16,-1,-1,-1,-1,-1,13.968384,1,14.012416
7453,16,16,-1,-1,-1,-1,-1,13.938688,1,13.981696
7454,16,16,-1,-1,-1,-1,-1,13.963264,1,14.026752
7455,16,16,-1,-1,-1,-1,-1,13.937664,1,14.0032
7456,16,16,-1,-1,-1,-1,-1,13.922304,1,13.986816
7457,16,16,-1,-1,-1,-1,-1,13.954048,1,14.017536
7458,16,2032,-1,-1,-1,-1,-1,-1,0,129.319931
7459,16,16,-1,-1,-1,-1,-1,14.102528,1,14.14656
7460,16,16,-1,-1,-1,-1,-1,14.032896,1,14.10048
7461,16,16,-1,-1,-1,-1,-1,14.020608,1,14.086144
7462,16,16,-1,-1,-1,-1,-1,13.997056,1,14.061568
7463,16,16,-1,-1,-1,-1,-1,13.979648,1,14.035968
7464,16,16,-1,-1,-1,-1,-1,13.955072,1,13.99808
7465,16,16,-1,-1,-1,-1,-1,13.956096,1,13.999104
7466,16,1023,-1,-1,-1,-1,-1,-1,0,70.095871
7467,16,16,-1,-1,-1,-1,-1,14.056448,1,14.114816
7468,16,16,-1,-1,-1,-1,-1,14.009344,1,14.0544
7469,16,16,-1,-1,-1,-1,-1,14.004224,1,14.048256
7470,16,16,-1,-1,-1,-1,-1,13.968384,1,14.025728
7471,16,16,-1,-1,-1,-1,-1,13.9776,1,14.043136
7472,16,16,-1,-1,-1,-1,-1,13.93152,1,13.997056
7473,16,16,-1,-1,-1,-1,-1,13.950976,1,14.014464
7474,16,1024,-1,-1,-1,-1,-1,-1,0,70.651901
7475,16,16,-1,-1,-1,-1,-1,14.093312,1,14.13632
7476,16,16,-1,-1,-1,-1,-1,14.029824,1,14.088192
7477,16,16,-1,-1,-1,-1,-1,13.983744,1,14.04928
7478,16,16,-1,-1,-1,-1,-1,13.985792,1,14.042112
7479,16,16,-1,-1,-1,-1,-1,13.959168,1,14.02368
7480,16,16,-1,-1,-1,-1,-1,13.950976,1,13.993984
7481,16,16,-1,-1,-1,-1,-1,13.938688,1,13.980672
7482,16,16,-1,-1,-1,-1,-1,13.935616,1,13.99296
7483,16,16,-1,-1,-1,-1,-1,13.96736,1,14.032896
7484,16,16,-1,-1,-1,-1,-1,13.935616,1,13.979648
7485,16,16,-1,-1,-1,-1,-1,13.93152,1,13.973504
7486,16,16,-1,-1,-1,-1,-1,13.9008,1,13.94176
7487,16,16,-1,-1,-1,-1,-1,13.918208,1,13.9776
7488,16,16,-1,-1,-1,-1,-1,13.9264,1,13.98272
7489,16,16,-1,-1,-1,-1,-1,13.943808,1,14.000128
7490,16,1024,-1,-1,-1,-1,-1,-1,0,69.756927
7491,16,16,-1,-1,-1,-1,-1,14.101504,1,14.145536
7492,16,16,-1,-1,-1,-1,-1,14.02368,1,14.083072
7493,16,1024,-1,-1,-1,-1,-1,-1,0,70.54438
7494,16,1024,-1,-1,-1,-1,-1,-1,0,72.094719
7495,16,16,-1,-1,-1,-1,-1,14.088192,1,14.154752
7496,16,16,-1,-1,-1,-1,-1,13.956096,1,13.999104
7497,16,16,-1,-1,-1,-1,-1,13.955072,1,13.99808
7498,16,16,-1,-1,-1,-1,-1,13.925376,1,13.968384
7499,16,16,-1,-1,-1,-1,-1,13.913088,1,13.978624
7500,16,16,-1,-1,-1,-1,-1,13.938688,1,13.981696
7501,16,16,-1,-1,-1,-1,-1,13.959168,1,14.002176
7502,16,1024,-1,-1,-1,-1,-1,-1,0,69.848061
7503,16,16,-1,-1,-1,-1,-1,14.070784,1,14.137344
7504,16,16,-1,-1,-1,-1,-1,14.011392,1,14.07488
7505,16,16,-1,-1,-1,-1,-1,13.969408,1,14.03392
7506,16,16,-1,-1,-1,-1,-1,13.947904,1,14.014464
7507,16,16,-1,-1,-1,-1,-1,13.923328,1,13.96736
7508,16,1023,-1,-1,-1,-1,-1,-1,0,70.56179
7509,16,16,-1,-1,-1,-1,-1,14.035968,1,14.101504
7510,16,1024,-1,-1,-1,-1,-1,-1,0,71.074814
7511,16,16,-1,-1,-1,-1,-1,14.08,1,14.124032
7512,16,16,-1,-1,-1,-1,-1,13.979648,1,14.024704
7513,16,16,-1,-1,-1,-1,-1,13.9776,1,14.021632
7514,16,16,-1,-1,-1,-1,-1,13.9776,1,14.021632
7515,16,16,-1,-1,-1,-1,-1,13.930496,1,13.986816
7516,16,16,-1,-1,-1,-1,-1,13.9776,1,14.021632
7517,16,16,-1,-1,-1,-1,-1,13.952,1,13.995008
7518,16,16,-1,-1,-1,-1,-1,13.970432,1,14.026752
7519,16,16,-1,-1,-1,-1,-1,13.96736,1,14.034944
7520,16,16,-1,-1,-1,-1,-1,13.903872,1,13.961216
7521,16,16,-1,-1,-1,-1,-1,13.906944,1,13.964288
7522,16,16,-1,-1,-1,-1,-1,13.948928,1,14.01344
7523,16,16,-1,-1,-1,-1,-1,13.913088,1,13.956096
7524,16,16,-1,-1,-1,-1,-1,13.947904,1,14.012416
7525,16,16,-1,-1,-1,-1,-1,13.933568,1,13.999104
7526,16,16,-1,-1,-1,-1,-1,13.927424,1,13.983744
7527,16,16,-1,-1,-1,-1,-1,13.947904,1,13.990912
7528,16,16,-1,-1,-1,-1,-1,13.92128,1,13.965312
7529,16,16,-1,-1,-1,-1,-1,13.897728,1,13.940736
7530,16,16,-1,-1,-1,-1,-1,13.954048,1,13.996032
7531,16,1024,-1,-1,-1,-1,-1,-1,0,70.33651
7532,16,16,-1,-1,-1,-1,-1,14.083072,1,14.140416
7533,16,16,-1,-1,-1,-1,-1,14.051328,1,14.096384
7534,16,16,-1,-1,-1,-1,-1,14.012416,1,14.077952
7535,16,16,-1,-1,-1,-1,-1,13.971456,1,14.035968
7536,16,16,-1,-1,-1,-1,-1,13.914112,1,13.97248
7537,16,16,-1,-1,-1,-1,-1,13.932544,1,13.98784
7538,16,16,-1,-1,-1,-1,-1,13.930496,1,13.988864
7539,16,16,-1,-1,-1,-1,-1,13.934592,1,13.976576
7540,16,16,-1,-1,-1,-1,-1,13.910016,1,13.976576
7541,16,16,-1,-1,-1,-1,-1,13.923328,1,13.98784
7542,16,1024,-1,-1,-1,-1,-1,-1,0,69.642242
7543,16,16,-1,-1,-1,-1,-1,14.030848,1,14.073856
7544,16,1024,-1,-1,-1,-1,-1,-1,0,70.946815
7545,16,1024,-1,-1,-1,-1,-1,-1,0,71.678978
7546,16,16,-1,-1,-1,-1,-1,14.077952,1,14.12096
7547,16,16,-1,-1,-1,-1,-1,14.011392,1,14.078976
7548,16,16,-1,-1,-1,-1,-1,14.012416,1,14.056448
7549,16,1024,-1,-1,-1,-1,-1,-1,0,71.524353
7550,16,16,-1,-1,-1,-1,-1,14.016512,1,14.082048
7551,16,16,-1,-1,-1,-1,-1,13.98784,1,14.045184
7552,16,16,-1,-1,-1,-1,-1,14.001152,1,14.04416
7553,16,16,-1,-1,-1,-1,-1,13.93664,1,13.978624
7554,16,16,-1,-1,-1,-1,-1,13.899776,1,13.965312
7555,16,16,-1,-1,-1,-1,-1,13.944832,1,13.988864
7556,16,16,-1,-1,-1,-1,-1,13.938688,1,13.983744
7557,16,16,-1,-1,-1,-1,-1,13.969408,1,14.025728
7558,16,16,-1,-1,-1,-1,-1,13.920256,1,13.9776
7559,16,16,-1,-1,-1,-1,-1,13.883392,1,13.927424
7560,16,16,-1,-1,-1,-1,-1,13.917184,1,13.981696
7561,16,16,-1,-1,-1,-1,-1,13.914112,1,13.978624
7562,16,16,-1,-1,-1,-1,-1,13.924352,1,13.966336
7563,16,16,-1,-1,-1,-1,-1,13.914112,1,13.978624
7564,16,16,-1,-1,-1,-1,-1,13.920256,1,13.963264
7565,16,1024,-1,-1,-1,-1,-1,-1,0,70.047745
7566,16,16,-1,-1,-1,-1,-1,14.111744,1,14.183424
7567,16,16,-1,-1,-1,-1,-1,14.052352,1,14.096384
7568,16,16,-1,-1,-1,-1,-1,14.004224,1,14.04928
7569,16,16,-1,-1,-1,-1,-1,13.969408,1,14.011392
7570,16,16,-1,-1,-1,-1,-1,13.947904,1,14.01344
7571,16,16,-1,-1,-1,-1,-1,13.952,1,13.993984
7572,16,16,-1,-1,-1,-1,-1,13.966336,1,14.009344
7573,16,1024,-1,-1,-1,-1,-1,-1,0,70.405121
7574,16,16,-1,-1,-1,-1,-1,14.070784,1,14.137344
7575,16,16,-1,-1,-1,-1,-1,14.01344,1,14.056448
7576,16,16,-1,-1,-1,-1,-1,14.01344,1,14.088192
7577,16,16,-1,-1,-1,-1,-1,13.973504,1,14.03904
7578,16,16,-1,-1,-1,-1,-1,13.939712,1,13.98272
7579,16,16,-1,-1,-1,-1,-1,13.945856,1,14.011392
7580,16,16,-1,-1,-1,-1,-1,13.930496,1,13.97248
7581,16,16,-1,-1,-1,-1,-1,13.947904,1,14.014464
7582,16,16,-1,-1,-1,-1,-1,13.981696,1,14.055424
7583,16,16,-1,-1,-1,-1,-1,13.924352,1,13.96736
7584,16,16,-1,-1,-1,-1,-1,13.944832,1,13.98784
7585,16,16,-1,-1,-1,-1,-1,13.917184,1,13.961216
7586,16,16,-1,-1,-1,-1,-1,13.935616,1,13.99296
7587,16,16,-1,-1,-1,-1,-1,13.932544,1,13.974528
7588,16,16,-1,-1,-1,-1,-1,13.915136,1,13.958144
7589,16,16,-1,-1,-1,-1,-1,13.94176,1,14.007296
7590,16,16,-1,-1,-1,-1,-1,13.938688,1,14.004224
7591,16,16,-1,-1,-1,-1,-1,13.974528,1,14.017536
7592,16,16,-1,-1,-1,-1,-1,13.90592,1,13.970432
7593,16,16,-1,-1,-1,-1,-1,13.950976,1,14.015488
7594,16,1023,-1,-1,-1,-1,-1,-1,0,69.74157
7595,16,16,-1,-1,-1,-1,-1,14.03392,1,14.099456
7596,16,1024,-1,-1,-1,-1,-1,-1,0,70.532097
7597,16,16,-1,-1,-1,-1,-1,14.025728,1,14.093312
7598,16,1024,-1,-1,-1,-1,-1,-1,0,70.729729
7599,16,16,-1,-1,-1,-1,-1,14.09536,1,14.138368
7600,16,16,-1,-1,-1,-1,-1,14.03904,1,14.082048
7601,16,16,-1,-1,-1,-1,-1,14.015488,1,14.05952
7602,16,16,-1,-1,-1,-1,-1,13.95712,1,14.014464
7603,16,16,-1,-1,-1,-1,-1,13.956096,1,14.009344
7604,16,16,-1,-1,-1,-1,-1,13.969408,1,14.014464
7605,16,16,-1,-1,-1,-1,-1,13.958144,1,14.02368
7606,16,16,-1,-1,-1,-1,-1,13.97248,1,14.030848
7607,16,16,-1,-1,-1,-1,-1,13.955072,1,13.999104
7608,16,16,-1,-1,-1,-1,-1,13.989888,1,14.056448
7609,16,16,-1,-1,-1,-1,-1,13.942784,1,14.005248
7610,16,16,-1,-1,-1,-1,-1,13.920256,1,13.964288
7611,16,16,-1,-1,-1,-1,-1,13.943808,1,14.00832
7612,16,16,-1,-1,-1,-1,-1,13.937664,1,14.0032
7613,16,16,-1,-1,-1,-1,-1,13.939712,1,14.006272
7614,16,16,-1,-1,-1,-1,-1,13.933568,1,13.999104
7615,16,16,-1,-1,-1,-1,-1,13.942784,1,13.985792
7616,16,16,-1,-1,-1,-1,-1,13.93664,1,13.978624
7617,16,1024,-1,-1,-1,-1,-1,-1,0,69.581825
7618,16,16,-1,-1,-1,-1,-1,14.06976,1,14.113792
7619,16,1024,-1,-1,-1,-1,-1,-1,0,70.796288
7620,16,16,-1,-1,-1,-1,-1,14.06464,1,14.116864
7621,16,16,-1,-1,-1,-1,-1,14.026752,1,14.097408
7622,16,16,-1,-1,-1,-1,-1,13.969408,1,14.036992
7623,16,16,-1,-1,-1,-1,-1,13.943808,1,13.98784
7624,16,1024,-1,-1,-1,-1,-1,-1,0,70.047745
7625,16,16,-1,-1,-1,-1,-1,14.053376,1,14.12096
7626,16,16,-1,-1,-1,-1,-1,14.010368,1,14.056448
7627,16,16,-1,-1,-1,-1,-1,14.009344,1,14.076928
7628,16,16,-1,-1,-1,-1,-1,13.96736,1,14.024704
7629,16,16,-1,-1,-1,-1,-1,13.945856,1,14.011392
7630,16,1024,-1,-1,-1,-1,-1,-1,0,70.242302
7631,16,16,-1,-1,-1,-1,-1,14.061568,1,14.103552
7632,16,16,-1,-1,-1,-1,-1,14.0032,1,14.056448
7633,16,16,-1,-1,-1,-1,-1,13.95712,1,14.02368
7634,16,16,-1,-1,-1,-1,-1,13.961216,1,14.004224
7635,16,16,-1,-1,-1,-1,-1,13.940736,1,14.006272
7636,16,16,-1,-1,-1,-1,-1,13.97248,1,14.015488
7637,16,1023,-1,-1,-1,-1,-1,-1,0,70.068222
7638,16,16,-1,-1,-1,-1,-1,14.055424,1,14.121984
7639,16,16,-1,-1,-1,-1,-1,14.020608,1,14.067712
7640,16,1024,-1,-1,-1,-1,-1,-1,0,70.474754
7641,16,16,-1,-1,-1,-1,-1,14.02368,1,14.081024
7642,16,16,-1,-1,-1,-1,-1,13.958144,1,14.0032
7643,16,16,-1,-1,-1,-1,-1,13.932544,1,14.000128
7644,16,16,-1,-1,-1,-1,-1,13.932544,1,13.997056
7645,16,16,-1,-1,-1,-1,-1,13.964288,1,14.020608
7646,16,16,-1,-1,-1,-1,-1,13.975552,1,14.041088
7647,16,16,-1,-1,-1,-1,-1,13.96736,1,14.009344
7648,16,16,-1,-1,-1,-1,-1,13.938688,1,13.98272
7649,16,16,-1,-1,-1,-1,-1,13.933568,1,13.999104
7650,16,16,-1,-1,-1,-1,-1,13.925376,1,13.968384
7651,16,16,-1,-1,-1,-1,-1,13.881344,1,13.938688
7652,16,16,-1,-1,-1,-1,-1,13.918208,1,13.96224
7653,16,16,-1,-1,-1,-1,-1,13.925376,1,13.990912
7654,16,16,-1,-1,-1,-1,-1,13.902848,1,13.96736
7655,16,16,-1,-1,-1,-1,-1,13.955072,1,13.99808
7656,16,16,-1,-1,-1,-1,-1,13.968384,1,14.03392
7657,16,16,-1,-1,-1,-1,-1,13.93664,1,14.002176
7658,16,16,-1,-1,-1,-1,-1,13.952,1,13.995008
7659,16,16,-1,-1,-1,-1,-1,13.943808,1,14.001152
7660,16,16,-1,-1,-1,-1,-1,13.959168,1,14.015488
7661,16,16,-1,-1,-1,-1,-1,13.89568,1,13.96224
7662,16,16,-1,-1,-1,-1,-1,13.917184,1,13.98272
7663,16,1024,-1,-1,-1,-1,-1,-1,0,69.645309
7664,16,16,-1,-1,-1,-1,-1,14.072832,1,14.11584
7665,16,16,-1,-1,-1,-1,-1,14.067712,1,14.13632
7666,16,1024,-1,-1,-1,-1,-1,-1,0,70.497276
7667,16,16,-1,-1,-1,-1,-1,14.066688,1,14.123008
7668,16,1024,-1,-1,-1,-1,-1,-1,0,70.6007
7669,16,1023,-1,-1,-1,-1,-1,-1,0,72.057854
7670,16,16,-1,-1,-1,-1,-1,14.05952,1,14.117888
7671,16,16,-1,-1,-1,-1,-1,14.046208,1,14.091264
7672,16,16,-1,-1,-1,-1,-1,13.978624,1,14.045184
7673,16,16,-1,-1,-1,-1,-1,13.98272,1,14.026752
7674,16,16,-1,-1,-1,-1,-1,13.943808,1,13.986816
7675,16,16,-1,-1,-1,-1,-1,13.955072,1,14.020608
7676,16,1024,-1,-1,-1,-1,-1,-1,0,69.929985
7677,16,16,-1,-1,-1,-1,-1,14.021632,1,14.086144
7678,16,16,-1,-1,-1,-1,-1,13.999104,1,14.065664
7679,16,16,-1,-1,-1,-1,-1,13.981696,1,14.046208
7680,16,16,-1,-1,-1,-1,-1,13.937664,1,13.980672
7681,16,16,-1,-1,-1,-1,-1,13.932544,1,13.996032
7682,16,16,-1,-1,-1,-1,-1,13.89568,1,13.961216
7683,16,16,-1,-1,-1,-1,-1,13.935616,1,13.99296
7684,16,16,-1,-1,-1,-1,-1,13.912064,1,13.9776
7685,16,16,-1,-1,-1,-1,-1,13.953024,1,14.01856
7686,16,16,-1,-1,-1,-1,-1,13.903872,1,13.968384
7687,16,16,-1,-1,-1,-1,-1,13.908992,1,13.952
7688,16,16,-1,-1,-1,-1,-1,13.90592,1,13.970432
7689,16,16,-1,-1,-1,-1,-1,13.881344,1,13.924352
7690,16,1024,-1,-1,-1,-1,-1,-1,0,69.698563
7691,16,16,-1,-1,-1,-1,-1,14.032896,1,14.098432
7692,16,16,-1,-1,-1,-1,-1,14.01856,1,14.08512
7693,16,16,-1,-1,-1,-1,-1,13.981696,1,14.046208
7694,16,16,-1,-1,-1,-1,-1,13.9008,1,13.966336
7695,16,16,-1,-1,-1,-1,-1,13.943808,1,14.00832
7696,16,1024,-1,-1,-1,-1,-1,-1,0,70.33754
7697,16,16,-1,-1,-1,-1,-1,14.04928,1,14.111744
7698,16,16,-1,-1,-1,-1,-1,14.017536,1,14.083072
7699,16,16,-1,-1,-1,-1,-1,13.969408,1,14.034944
7700,16,16,-1,-1,-1,-1,-1,13.955072,1,14.016512
7701,16,16,-1,-1,-1,-1,-1,13.93664,1,13.980672
7702,16,16,-1,-1,-1,-1,-1,13.918208,1,13.983744
7703,16,16,-1,-1,-1,-1,-1,13.93664,1,13.979648
7704,16,16,-1,-1,-1,-1,-1,13.944832,1,14.010368
7705,16,16,-1,-1,-1,-1,-1,13.939712,1,13.983744
7706,16,16,-1,-1,-1,-1,-1,13.920256,1,13.984768
7707,16,16,-1,-1,-1,-1,-1,13.908992,1,13.965312
7708,16,16,-1,-1,-1,-1,-1,13.9264,1,13.990912
7709,16,16,-1,-1,-1,-1,-1,13.932544,1,13.975552
7710,16,16,-1,-1,-1,-1,-1,13.937664,1,14.002176
7711,16,16,-1,-1,-1,-1,-1,13.922304,1,13.986816
7712,16,16,-1,-1,-1,-1,-1,13.9264,1,13.983744
7713,16,16,-1,-1,-1,-1,-1,13.948928,1,14.01344
7714,16,16,-1,-1,-1,-1,-1,13.950976,1,14.015488
7715,16,16,-1,-1,-1,-1,-1,13.924352,1,13.98784
7716,16,16,-1,-1,-1,-1,-1,13.92128,1,13.986816
7717,16,16,-1,-1,-1,-1,-1,13.913088,1,13.956096
7718,16,16,-1,-1,-1,-1,-1,13.933568,1,13.99808
7719,16,16,-1,-1,-1,-1,-1,13.9776,1,14.021632
7720,16,1024,-1,-1,-1,-1,-1,-1,0,70.20237
7721,16,16,-1,-1,-1,-1,-1,14.040064,1,14.082048
7722,16,1024,-1,-1,-1,-1,-1,-1,0,70.607872
7723,16,1023,-1,-1,-1,-1,-1,-1,0,71.278595
7724,16,16,-1,-1,-1,-1,-1,14.05952,1,14.125056
7725,16,16,-1,-1,-1,-1,-1,14.057472,1,14.101504
7726,16,16,-1,-1,-1,-1,-1,14.086144,1,14.143488
7727,16,16,-1,-1,-1,-1,-1,13.980672,1,14.047232
7728,16,16,-1,-1,-1,-1,-1,13.979648,1,14.045184
7729,16,16,-1,-1,-1,-1,-1,13.940736,1,13.997056
7730,16,16,-1,-1,-1,-1,-1,13.945856,1,14.011392
7731,16,1024,-1,-1,-1,-1,-1,-1,0,70.327293
7732,16,16,-1,-1,-1,-1,-1,14.05952,1,14.12608
7733,16,16,-1,-1,-1,-1,-1,14.01856,1,14.061568
7734,16,16,-1,-1,-1,-1,-1,13.988864,1,14.0544
7735,16,16,-1,-1,-1,-1,-1,13.958144,1,14.002176
7736,16,16,-1,-1,-1,-1,-1,13.960192,1,14.01856
7737,16,16,-1,-1,-1,-1,-1,13.930496,1,13.974528
7738,16,16,-1,-1,-1,-1,-1,13.956096,1,14.022656
7739,16,16,-1,-1,-1,-1,-1,13.928448,1,13.970432
7740,16,16,-1,-1,-1,-1,-1,13.934592,1,14.001152
7741,16,16,-1,-1,-1,-1,-1,13.94176,1,13.983744
7742,16,16,-1,-1,-1,-1,-1,13.901824,1,13.96736
7743,16,16,-1,-1,-1,-1,-1,13.933568,1,13.99808
7744,16,1024,-1,-1,-1,-1,-1,-1,0,68.476929
7745,16,1024,-1,-1,-1,-1,-1,-1,0,70.843391
7746,16,16,-1,-1,-1,-1,-1,14.09024,1,14.155776
7747,16,16,-1,-1,-1,-1,-1,13.99296,1,14.057472
7748,16,16,-1,-1,-1,-1,-1,13.975552,1,14.042112
7749,16,1024,-1,-1,-1,-1,-1,-1,0,70.230019
7750,16,16,-1,-1,-1,-1,-1,14.053376,1,14.119936
7751,16,16,-1,-1,-1,-1,-1,13.990912,1,14.035968
7752,16,16,-1,-1,-1,-1,-1,13.99296,1,14.060544
7753,16,16,-1,-1,-1,-1,-1,13.986816,1,14.030848
7754,16,16,-1,-1,-1,-1,-1,13.937664,1,14.004224
7755,16,16,-1,-1,-1,-1,-1,13.950976,1,13.993984
7756,16,16,-1,-1,-1,-1,-1,13.915136,1,13.980672
7757,16,16,-1,-1,-1,-1,-1,13.924352,1,13.968384
7758,16,16,-1,-1,-1,-1,-1,13.960192,1,14.004224
7759,16,16,-1,-1,-1,-1,-1,13.95712,1,14.020608
7760,16,16,-1,-1,-1,-1,-1,13.881344,1,13.945856
7761,16,16,-1,-1,-1,-1,-1,13.93152,1,13.988864
7762,16,16,-1,-1,-1,-1,-1,13.914112,1,13.978624
7763,16,16,-1,-1,-1,-1,-1,13.934592,1,14.002176
7764,16,16,-1,-1,-1,-1,-1,13.914112,1,13.9776
7765,16,16,-1,-1,-1,-1,-1,13.940736,1,14.004224
7766,16,16,-1,-1,-1,-1,-1,13.938688,1,14.005248
7767,16,16,-1,-1,-1,-1,-1,13.924352,1,13.966336
7768,16,16,-1,-1,-1,-1,-1,13.91616,1,13.98272
7769,16,16,-1,-1,-1,-1,-1,13.888512,1,13.93152
7770,16,16,-1,-1,-1,-1,-1,13.912064,1,13.9776
7771,16,16,-1,-1,-1,-1,-1,13.93664,1,13.979648
7772,16,16,-1,-1,-1,-1,-1,13.898752,1,13.966336
7773,16,16,-1,-1,-1,-1,-1,13.933568,1,13.976576
7774,16,1024,-1,-1,-1,-1,-1,-1,0,69.807106
7775,16,1023,-1,-1,-1,-1,-1,-1,0,72.154114
7776,16,16,-1,-1,-1,-1,-1,14.048256,1,14.113792
7777,16,16,-1,-1,-1,-1,-1,14.03904,1,14.106624
7778,16,16,-1,-1,-1,-1,-1,14.006272,1,14.071808
7779,16,1024,-1,-1,-1,-1,-1,-1,0,70.02829
7780,16,16,-1,-1,-1,-1,-1,14.031872,1,14.093312
7781,16,16,-1,-1,-1,-1,-1,13.96736,1,14.03392
7782,16,16,-1,-1,-1,-1,-1,13.991936,1,14.057472
7783,16,16,-1,-1,-1,-1,-1,13.93664,1,13.979648
7784,16,16,-1,-1,-1,-1,-1,13.947904,1,14.004224
7785,16,16,-1,-1,-1,-1,-1,13.945856,1,13.988864
7786,16,16,-1,-1,-1,-1,-1,13.976576,1,14.04416
7787,16,1024,-1,-1,-1,-1,-1,-1,0,70.234116
7788,16,16,-1,-1,-1,-1,-1,14.046208,1,14.111744
7789,16,1024,-1,-1,-1,-1,-1,-1,0,71.024643
7790,16,16,-1,-1,-1,-1,-1,14.067712,1,14.140416
7791,16,1023,-1,-1,-1,-1,-1,-1,0,70.975487
7792,16,16,-1,-1,-1,-1,-1,14.04928,1,14.108672
7793,16,16,-1,-1,-1,-1,-1,13.964288,1,14.021632
7794,16,16,-1,-1,-1,-1,-1,13.974528,1,14.01856
7795,16,16,-1,-1,-1,-1,-1,13.910016,1,13.975552
7796,16,16,-1,-1,-1,-1,-1,13.94688,1,13.989888
7797,16,16,-1,-1,-1,-1,-1,13.920256,1,13.98272
7798,16,1024,-1,-1,-1,-1,-1,-1,0,70.168579
7799,16,16,-1,-1,-1,-1,-1,14.076928,1,14.121984
7800,16,16,-1,-1,-1,-1,-1,13.976576,1,14.047232
7801,16,16,-1,-1,-1,-1,-1,13.954048,1,13.997056
7802,16,16,-1,-1,-1,-1,-1,13.919232,1,13.985792
7803,16,16,-1,-1,-1,-1,-1,13.930496,1,13.995008
7804,16,16,-1,-1,-1,-1,-1,13.918208,1,13.983744
7805,16,16,-1,-1,-1,-1,-1,13.9264,1,13.98272
7806,16,16,-1,-1,-1,-1,-1,13.937664,1,14.001152
7807,16,16,-1,-1,-1,-1,-1,13.93664,1,13.980672
7808,16,16,-1,-1,-1,-1,-1,13.896704,1,13.963264
7809,16,16,-1,-1,-1,-1,-1,13.918208,1,13.98272
7810,16,16,-1,-1,-1,-1,-1,13.908992,1,13.954048
7811,16,16,-1,-1,-1,-1,-1,13.888512,1,13.955072
7812,16,16,-1,-1,-1,-1,-1,13.912064,1,13.953024
7813,16,1024,-1,-1,-1,-1,-1,-1,0,70.243324
7814,16,16,-1,-1,-1,-1,-1,14.020608,1,14.086144
7815,16,16,-1,-1,-1,-1,-1,13.955072,1,13.999104
7816,16,16,-1,-1,-1,-1,-1,13.932544,1,13.997056
7817,16,16,-1,-1,-1,-1,-1,13.933568,1,13.975552
7818,16,16,-1,-1,-1,-1,-1,13.954048,1,14.019584
7819,16,16,-1,-1,-1,-1,-1,13.961216,1,14.025728
7820,16,1024,-1,-1,-1,-1,-1,-1,0,70.420479
7821,16,16,-1,-1,-1,-1,-1,14.051328,1,14.123008
7822,16,16,-1,-1,-1,-1,-1,13.943808,1,14.001152
7823,16,16,-1,-1,-1,-1,-1,13.903872,1,13.94688
7824,16,16,-1,-1,-1,-1,-1,13.923328,1,13.990912
7825,16,16,-1,-1,-1,-1,-1,13.928448,1,13.984768
7826,16,16,-1,-1,-1,-1,-1,13.937664,1,13.981696
7827,16,16,-1,-1,-1,-1,-1,13.952,1,14.017536
7828,16,16,-1,-1,-1,-1,-1,13.903872,1,13.94688
7829,16,16,-1,-1,-1,-1,-1,13.917184,1,13.98272
7830,16,16,-1,-1,-1,-1,-1,13.89056,1,13.955072
7831,16,16,-1,-1,-1,-1,-1,13.943808,1,13.98784
7832,16,16,-1,-1,-1,-1,-1,13.923328,1,13.98784
7833,16,16,-1,-1,-1,-1,-1,13.920256,1,13.96224
7834,16,16,-1,-1,-1,-1,-1,13.923328,1,13.988864
7835,16,16,-1,-1,-1,-1,-1,13.88544,1,13.958144
7836,16,16,-1,-1,-1,-1,-1,13.940736,1,14.006272
7837,16,16,-1,-1,-1,-1,-1,13.937664,1,14.002176
7838,16,16,-1,-1,-1,-1,-1,13.923328,1,13.991936
7839,16,16,-1,-1,-1,-1,-1,13.932544,1,13.980672
7840,16,16,-1,-1,-1,-1,-1,13.94176,1,14.007296
7841,16,16,-1,-1,-1,-1,-1,13.96224,1,14.025728
7842,16,16,-1,-1,-1,-1,-1,13.955072,1,13.999104
7843,16,16,-1,-1,-1,-1,-1,13.897728,1,13.958144
7844,16,16,-1,-1,-1,-1,-1,13.933568,1,13.976576
7845,16,1024,-1,-1,-1,-1,-1,-1,0,70.161407
7846,16,16,-1,-1,-1,-1,-1,14.109696,1,14.175232
7847,16,16,-1,-1,-1,-1,-1,14.02368,1,14.067712
7848,16,16,-1,-1,-1,-1,-1,13.985792,1,14.043136
7849,16,16,-1,-1,-1,-1,-1,14.006272,1,14.050304
7850,16,16,-1,-1,-1,-1,-1,13.95712,1,14.020608
7851,16,16,-1,-1,-1,-1,-1,13.9008,1,13.966336
7852,16,1024,-1,-1,-1,-1,-1,-1,0,70.33754
7853,16,16,-1,-1,-1,-1,-1,14.075904,1,14.140416
7854,16,1024,-1,-1,-1,-1,-1,-1,0,70.756355
7855,16,16,-1,-1,-1,-1,-1,14.032896,1,14.076928
7856,16,1008,-1,-1,-1,-1,-1,-1,0,70.73587
7857,16,16,-1,-1,-1,-1,-1,14.065664,1,14.129152
7858,16,16,-1,-1,-1,-1,-1,14.011392,1,14.056448
7859,16,16,-1,-1,-1,-1,-1,13.95712,1,14.021632
7860,16,16,-1,-1,-1,-1,-1,13.9776,1,14.022656
7861,16,16,-1,-1,-1,-1,-1,13.947904,1,14.01344
7862,16,1024,-1,-1,-1,-1,-1,-1,0,70.189056
7863,16,1024,-1,-1,-1,-1,-1,-1,0,72.12339
7864,16,16,-1,-1,-1,-1,-1,14.055424,1,14.10048
7865,16,16,-1,-1,-1,-1,-1,14.007296,1,14.052352
7866,16,16,-1,-1,-1,-1,-1,13.969408,1,14.01344
7867,16,16,-1,-1,-1,-1,-1,13.975552,1,14.041088
7868,16,16,-1,-1,-1,-1,-1,13.952,1,14.016512
7869,16,16,-1,-1,-1,-1,-1,13.9264,1,13.989888
7870,16,16,-1,-1,-1,-1,-1,13.922304,1,13.988864
7871,16,16,-1,-1,-1,-1,-1,13.9264,1,13.970432
7872,16,16,-1,-1,-1,-1,-1,13.918208,1,13.98272
7873,16,16,-1,-1,-1,-1,-1,13.917184,1,13.960192
7874,16,16,-1,-1,-1,-1,-1,13.91616,1,13.960192
7875,16,16,-1,-1,-1,-1,-1,13.88544,1,13.950976
7876,16,16,-1,-1,-1,-1,-1,13.927424,1,13.971456
7877,16,16,-1,-1,-1,-1,-1,13.861888,1,13.918208
7878,16,16,-1,-1,-1,-1,-1,13.930496,1,13.996032
7879,16,1024,-1,-1,-1,-1,-1,-1,0,70.181885
7880,16,16,-1,-1,-1,-1,-1,14.051328,1,14.09536
7881,16,16,-1,-1,-1,-1,-1,13.969408,1,14.014464
7882,16,16,-1,-1,-1,-1,-1,13.976576,1,14.021632
7883,16,16,-1,-1,-1,-1,-1,13.948928,1,14.01344
7884,16,16,-1,-1,-1,-1,-1,13.935616,1,14.002176
7885,16,16,-1,-1,-1,-1,-1,13.958144,1,14.022656
7886,16,16,-1,-1,-1,-1,-1,13.965312,1,14.030848
7887,16,16,-1,-1,-1,-1,-1,13.958144,1,14.001152
7888,16,16,-1,-1,-1,-1,-1,13.953024,1,14.009344
7889,16,16,-1,-1,-1,-1,-1,13.914112,1,13.95712
7890,16,16,-1,-1,-1,-1,-1,13.96736,1,14.011392
7891,16,16,-1,-1,-1,-1,-1,13.913088,1,13.976576
7892,16,16,-1,-1,-1,-1,-1,13.932544,1,13.976576
7893,16,16,-1,-1,-1,-1,-1,13.903872,1,13.970432
7894,16,1024,-1,-1,-1,-1,-1,-1,0,69.982208
7895,16,16,-1,-1,-1,-1,-1,14.086144,1,14.15168
7896,16,1024,-1,-1,-1,-1,-1,-1,0,71.092224
7897,16,1024,-1,-1,-1,-1,-1,-1,0,72.105988
7898,16,16,-1,-1,-1,-1,-1,14.048256,1,14.092288
7899,16,16,-1,-1,-1,-1,-1,14.004224,1,14.070784
7900,16,1024,-1,-1,-1,-1,-1,-1,0,70.825981
7901,16,16,-1,-1,-1,-1,-1,13.996032,1,14.038016
7902,16,16,-1,-1,-1,-1,-1,13.98784,1,14.053376
7903,16,16,-1,-1,-1,-1,-1,13.986816,1,14.029824
7904,16,16,-1,-1,-1,-1,-1,13.971456,1,14.027776
7905,16,16,-1,-1,-1,-1,-1,13.954048,1,13.996032
7906,16,16,-1,-1,-1,-1,-1,13.956096,1,13.999104
7907,16,1024,-1,-1,-1,-1,-1,-1,0,69.931007
7908,16,16,-1,-1,-1,-1,-1,14.0032,1,14.046208
7909,16,16,-1,-1,-1,-1,-1,14.026752,1,14.094336
7910,16,16,-1,-1,-1,-1,-1,13.95712,1,14.022656
7911,16,1024,-1,-1,-1,-1,-1,-1,0,70.15731
7912,16,16,-1,-1,-1,-1,-1,14.024704,1,14.089216
7913,16,16,-1,-1,-1,-1,-1,13.980672,1,14.038016
7914,16,16,-1,-1,-1,-1,-1,13.97248,1,14.016512
7915,16,16,-1,-1,-1,-1,-1,13.949952,1,13.993984
7916,16,16,-1,-1,-1,-1,-1,13.929472,1,13.995008
7917,16,16,-1,-1,-1,-1,-1,13.96224,1,14.004224
7918,16,16,-1,-1,-1,-1,-1,13.928448,1,13.993984
7919,16,16,-1,-1,-1,-1,-1,13.953024,1,13.997056
7920,16,16,-1,-1,-1,-1,-1,13.922304,1,13.98784
7921,16,16,-1,-1,-1,-1,-1,13.882368,1,13.927424
7922,16,16,-1,-1,-1,-1,-1,13.910016,1,13.954048
7923,16,16,-1,-1,-1,-1,-1,13.893632,1,13.949952
7924,16,16,-1,-1,-1,-1,-1,13.883392,1,13.927424
7925,16,1024,-1,-1,-1,-1,-1,-1,0,70.198273
7926,16,16,-1,-1,-1,-1,-1,14.081024,1,14.14656
7927,16,16,-1,-1,-1,-1,-1,13.99296,1,14.05952
7928,16,16,-1,-1,-1,-1,-1,13.923328,1,13.988864
7929,16,16,-1,-1,-1,-1,-1,13.949952,1,14.00832
7930,16,16,-1,-1,-1,-1,-1,13.927424,1,13.971456
7931,16,16,-1,-1,-1,-1,-1,13.948928,1,13.991936
7932,16,16,-1,-1,-1,-1,-1,13.924352,1,13.989888
7933,16,1023,-1,-1,-1,-1,-1,-1,0,70.486015
7934,16,16,-1,-1,-1,-1,-1,14.0544,1,14.12096
7935,16,16,-1,-1,-1,-1,-1,13.956096,1,13.999104
7936,16,16,-1,-1,-1,-1,-1,13.995008,1,14.060544
7937,16,16,-1,-1,-1,-1,-1,13.949952,1,13.993984
7938,16,16,-1,-1,-1,-1,-1,13.928448,1,13.973504
7939,16,16,-1,-1,-1,-1,-1,13.939712,1,14.005248
7940,16,16,-1,-1,-1,-1,-1,13.917184,1,13.961216
7941,16,16,-1,-1,-1,-1,-1,13.950976,1,14.02368
7942,16,16,-1,-1,-1,-1,-1,13.878272,1,13.942784
7943,16,16,-1,-1,-1,-1,-1,13.915136,1,13.979648
7944,16,16,-1,-1,-1,-1,-1,13.948928,1,14.005248
7945,16,16,-1,-1,-1,-1,-1,13.94688,1,14.0032
7946,16,1024,-1,-1,-1,-1,-1,-1,0,70.305794
7947,16,16,-1,-1,-1,-1,-1,14.029824,1,14.072832
7948,16,16,-1,-1,-1,-1,-1,13.980672,1,14.047232
7949,16,16,-1,-1,-1,-1,-1,13.944832,1,13.98784
7950,16,16,-1,-1,-1,-1,-1,13.95712,1,14.021632
7951,16,16,-1,-1,-1,-1,-1,13.952,1,13.995008
7952,16,16,-1,-1,-1,-1,-1,13.93152,1,13.997056
7953,16,16,-1,-1,-1,-1,-1,13.958144,1,14.002176
7954,16,16,-1,-1,-1,-1,-1,13.906944,1,13.950976
7955,16,16,-1,-1,-1,-1,-1,13.939712,1,13.99808
7956,16,16,-1,-1,-1,-1,-1,13.907968,1,13.949952
7957,16,16,-1,-1,-1,-1,-1,13.929472,1,13.993984
7958,16,16,-1,-1,-1,-1,-1,13.862912,1,13.929472
7959,16,16,-1,-1,-1,-1,-1,13.902848,1,13.959168
7960,16,1024,-1,-1,-1,-1,-1,-1,0,70.288383
7961,16,16,-1,-1,-1,-1,-1,14.072832,1,14.129152
7962,16,16,-1,-1,-1,-1,-1,14.025728,1,14.092288
7963,16,16,-1,-1,-1,-1,-1,13.971456,1,14.015488
7964,16,16,-1,-1,-1,-1,-1,13.955072,1,14.020608
7965,16,16,-1,-1,-1,-1,-1,13.932544,1,13.974528
7966,16,16,-1,-1,-1,-1,-1,13.935616,1,14.001152
7967,16,16,-1,-1,-1,-1,-1,13.976576,1,14.020608
7968,16,16,-1,-1,-1,-1,-1,13.966336,1,14.032896
7969,16,16,-1,-1,-1,-1,-1,13.966336,1,14.009344
7970,16,16,-1,-1,-1,-1,-1,13.938688,1,13.980672
7971,16,16,-1,-1,-1,-1,-1,13.968384,1,14.031872
7972,16,16,-1,-1,-1,-1,-1,13.9008,1,13.942784
7973,16,16,-1,-1,-1,-1,-1,13.93152,1,13.993984
7974,16,16,-1,-1,-1,-1,-1,13.966336,1,14.031872
7975,16,16,-1,-1,-1,-1,-1,13.943808,1,14.00832
7976,16,16,-1,-1,-1,-1,-1,13.940736,1,14.005248
7977,16,16,-1,-1,-1,-1,-1,13.942784,1,14.007296
7978,16,16,-1,-1,-1,-1,-1,13.928448,1,14.002176
7979,16,16,-1,-1,-1,-1,-1,13.924352,1,13.966336
7980,16,16,-1,-1,-1,-1,-1,13.919232,1,13.984768
7981,16,16,-1,-1,-1,-1,-1,13.948928,1,13.989888
7982,16,16,-1,-1,-1,-1,-1,13.874176,1,13.939712
7983,16,16,-1,-1,-1,-1,-1,13.91616,1,13.960192
7984,16,16,-1,-1,-1,-1,-1,13.915136,1,13.979648
7985,16,2031,-1,-1,-1,-1,-1,-1,0,129.396729
7986,16,16,-1,-1,-1,-1,-1,14.068736,1,14.135296
7987,16,1024,-1,-1,-1,-1,-1,-1,0,70.835197
7988,16,1024,-1,-1,-1,-1,-1,-1,0,71.341057
7989,16,16,-1,-1,-1,-1,-1,14.066688,1,14.132224
7990,16,1024,-1,-1,-1,-1,-1,-1,0,71.817215
7991,16,16,-1,-1,-1,-1,-1,14.04416,1,14.11072
7992,16,16,-1,-1,-1,-1,-1,13.989888,1,14.057472
7993,16,16,-1,-1,-1,-1,-1,13.993984,1,14.05952
7994,16,16,-1,-1,-1,-1,-1,13.952,1,14.015488
7995,16,16,-1,-1,-1,-1,-1,13.915136,1,13.959168
7996,16,16,-1,-1,-1,-1,-1,13.933568,1,13.996032
7997,16,16,-1,-1,-1,-1,-1,13.958144,1,14.001152
7998,16,16,-1,-1,-1,-1,-1,13.961216,1,14.017536
7999,16,16,-1,-1,-1,-1,-1,13.990912,1,14.034944
8000,16,16,-1,-1,-1,-1,-1,13.948928,1,13.99296
8001,16,16,-1,-1,-1,-1,-1,13.913088,1,13.978624
8002,16,16,-1,-1,-1,-1,-1,13.944832,1,14.000128
8003,16,16,-1,-1,-1,-1,-1,13.92128,1,13.978624
8004,16,16,-1,-1,-1,-1,-1,13.943808,1,14.007296
8005,16,1024,-1,-1,-1,-1,-1,-1,0,70.459389
8006,16,16,-1,-1,-1,-1,-1,14.071808,1,14.138368
8007,16,16,-1,-1,-1,-1,-1,14.050304,1,14.116864
8008,16,16,-1,-1,-1,-1,-1,13.99808,1,14.06464
8009,16,16,-1,-1,-1,-1,-1,13.995008,1,14.060544
8010,16,16,-1,-1,-1,-1,-1,13.939712,1,14.004224
8011,16,16,-1,-1,-1,-1,-1,13.952,1,13.995008
8012,16,16,-1,-1,-1,-1,-1,13.93152,1,13.996032
8013,16,16,-1,-1,-1,-1,-1,13.960192,1,14.002176
8014,16,16,-1,-1,-1,-1,-1,13.918208,1,13.974528
8015,16,16,-1,-1,-1,-1,-1,13.920256,1,13.964288
8016,16,16,-1,-1,-1,-1,-1,13.947904,1,13.990912
8017,16,16,-1,-1,-1,-1,-1,13.961216,1,14.025728
8018,16,16,-1,-1,-1,-1,-1,13.949952,1,14.01344
8019,16,16,-1,-1,-1,-1,-1,13.937664,1,14.005248
8020,16,1024,-1,-1,-1,-1,-1,-1,0,70.251518
8021,16,16,-1,-1,-1,-1,-1,14.125056,1,14.190592
8022,15,15,-1,-1,-1,-1,-1,13.937664,1,14.004224
8023,15,15,-1,-1,-1,-1,-1,13.877248,1,13.943808
8024,15,15,-1,-1,-1,-1,-1,13.835264,1,13.901824
8025,15,15,-1,-1,-1,-1,-1,13.842432,1,13.884416
8026,15,15,-1,-1,-1,-1,-1,13.830144,1,13.886464
8027,14,14,-1,-1,-1,-1,-1,13.739008,1,13.782016
8028,14,14,-1,-1,-1,-1,-1,13.75232,1,13.817856
8029,13,13,-1,-1,-1,-1,-1,13.672448,1,13.715456
8030,13,13,-1,-1,-1,-1,-1,13.640704,1,13.705216
8031,13,13,-1,-1,-1,-1,-1,13.633536,1,13.676544
8032,13,13,-1,-1,-1,-1,-1,13.6192,1,13.661184
8033,13,13,-1,-1,-1,-1,-1,13.6192,1,13.682688
8034,12,12,-1,-1,-1,-1,-1,13.524992,1,13.587456
8035,12,12,-1,-1,-1,-1,-1,13.497344,1,13.561856
8036,11,11,-1,-1,-1,-1,-1,13.4912,1,13.555712
8037,11,11,-1,-1,-1,-1,-1,13.497344,1,13.561856
8038,11,11,-1,-1,-1,-1,-1,13.454336,1,13.509632
8039,11,11,-1,-1,-1,-1,-1,13.494272,1,13.53728
8040,11,11,-1,-1,-1,-1,-1,13.45536,1,13.518848
8041,11,11,-1,-1,-1,-1,-1,13.476864,1,13.520896
8042,10,10,-1,-1,-1,-1,-1,13.415424,1,13.469696
8043,10,10,-1,-1,-1,-1,-1,13.428736,1,13.47072
8044,10,10,-1,-1,-1,-1,-1,13.40928,1,13.452288
8045,10,10,-1,-1,-1,-1,-1,13.446144,1,13.488128
8046,10,10,-1,-1,-1,-1,-1,13.431808,1,13.49632
8047,10,10,-1,-1,-1,-1,-1,13.41952,1,13.461504
8048,10,10,-1,-1,-1,-1,-1,13.44,1,13.481984
8049,10,10,-1,-1,-1,-1,-1,13.428736,1,13.492224
8050,10,10,-1,-1,-1,-1,-1,13.381632,1,13.446144
8051,10,10,-1,-1,-1,-1,-1,13.425664,1,13.489152
8052,10,10,-1,-1,-1,-1,-1,13.453312,1,13.517824
8053,10,10,-1,-1,-1,-1,-1,13.444096,1,13.507584
8054,10,10,-1,-1,-1,-1,-1,13.408256,1,13.464576
8055,10,10,-1,-1,-1,-1,-1,13.435904,1,13.477888
8056,10,10,-1,-1,-1,-1,-1,13.417472,1,13.489152
8057,10,10,-1,-1,-1,-1,-1,13.405184,1,13.447168
8058,10,10,-1,-1,-1,-1,-1,13.412352,1,13.468672
8059,10,10,-1,-1,-1,-1,-1,13.436928,1,13.478912
8060,10,10,-1,-1,-1,-1,-1,13.398016,1,13.44
8061,10,10,-1,-1,-1,-1,-1,13.436928,1,13.478912
8062,10,10,-1,-1,-1,-1,-1,13.3632,1,13.427712
8063,9,9,-1,-1,-1,-1,-1,13.092864,1,13.134848
8064,9,9,-1,-1,-1,-1,-1,13.124608,1,13.165568
8065,9,9,-1,-1,-1,-1,-1,13.115392,1,13.179904
8066,9,9,-1,-1,-1,-1,-1,13.11744,1,13.17376
8067,9,9,-1,-1,-1,-1,-1,13.113344,1,13.169664
8068,9,9,-1,-1,-1,-1,-1,13.130752,1,13.195264
8069,8,8,-1,-1,-1,-1,-1,12.889088,1,12.950528
8070,8,8,-1,-1,-1,-1,-1,12.8512,1,12.915712
8071,8,8,-1,-1,-1,-1,-1,12.843008,1,12.886016
8072,8,8,-1,-1,-1,-1,-1,12.836864,1,12.901376
8073,8,8,-1,-1,-1,-1,-1,12.874752,1,12.916736
8074,8,8,-1,-1,-1,-1,-1,12.832768,1,12.875776
8075,8,8,-1,-1,-1,-1,-1,12.823552,1,12.86656
8076,8,8,-1,-1,-1,-1,-1,12.862464,1,12.905472
8077,8,8,-1,-1,-1,-1,-1,12.853248,1,12.895232
8078,8,8,-1,-1,-1,-1,-1,12.8768,1,12.919808
8079,7,7,-1,-1,-1,-1,-1,12.81024,1,12.852224
8080,7,7,-1,-1,-1,-1,-1,12.778496,1,12.819456
8081,7,7,-1,-1,-1,-1,-1,12.801024,1,12.863488
8082,7,7,-1,-1,-1,-1,-1,12.797952,1,12.862464
8083,7,7,-1,-1,-1,-1,-1,12.793856,1,12.85632
8084,7,7,-1,-1,-1,-1,-1,12.80512,1,12.870656
8085,7,7,-1,-1,-1,-1,-1,12.78464,1,12.847104
8086,7,7,-1,-1,-1,-1,-1,12.780544,1,12.844032
8087,7,7,-1,-1,-1,-1,-1,12.824576,1,12.867584
8088,7,7,-1,-1,-1,-1,-1,12.795904,1,12.837888
8089,7,7,-1,-1,-1,-1,-1,12.792832,1,12.833792
8090,7,7,-1,-1,-1,-1,-1,12.752896,1,12.79488
8091,7,7,-1,-1,-1,-1,-1,12.785664,1,12.826624
8092,7,7,-1,-1,-1,-1,-1,12.8,1,12.843008
8093,7,7,-1,-1,-1,-1,-1,12.780544,1,12.822528
8094,7,7,-1,-1,-1,-1,-1,12.787712,1,12.829696
8095,7,7,-1,-1,-1,-1,-1,12.742656,1,12.78464
8096,7,7,-1,-1,-1,-1,-1,12.78976,1,12.832768
8097,7,7,-1,-1,-1,-1,-1,12.765184,1,12.828672
8098,7,7,-1,-1,-1,-1,-1,12.796928,1,12.8512
8099,7,7,-1,-1,-1,-1,-1,12.763136,1,12.826624
8100,7,7,-1,-1,-1,-1,-1,12.788736,1,12.852224
8101,7,7,-1,-1,-1,-1,-1,12.803072,1,12.86656
8102,7,7,-1,-1,-1,-1,-1,12.751872,1,12.819456
8103,7,7,-1,-1,-1,-1,-1,12.817408,1,12.858368
8104,7,7,-1,-1,-1,-1,-1,12.827648,1,12.870656
8105,7,7,-1,-1,-1,-1,-1,12.818432,1,12.860416
8106,7,7,-1,-1,-1,-1,-1,12.847104,1,12.889088
8107,7,7,-1,-1,-1,-1,-1,12.813312,1,12.854272
8108,5,5,-1,-1,-1,-1,-1,12.683264,1,12.725248
8109,5,5,-1,-1,-1,-1,-1,12.655616,1,12.6976
8110,4,4,-1,-1,-1,-1,-1,12.60544,1,12.644352
8111,3,3,-1,-1,-1,-1,-1,12.397568,1,12.440576
8112,3,3,-1,-1,-1,-1,-1,12.420096,1,12.463104
8113,3,3,-1,-1,-1,-1,-1,12.378112,1,12.42112
8114,3,3,-1,-1,-1,-1,-1,12.398592,1,12.461056
8115,3,3,-1,-1,-1,-1,-1,12.403712,1,12.445696
8116,3,3,-1,-1,-1,-1,-1,12.389376,1,12.445696
8117,3,3,-1,-1,-1,-1,-1,12.379136,1,12.433408
8118,2,2,-1,-1,-1,-1,-1,12.234752,1,12.275712
8119,2,2,-1,-1,-1,-1,-1,12.204032,1,12.24704
8120,2,2,-1,-1,-1,-1,-1,12.230656,1,12.27264
8121,2,2,-1,-1,-1,-1,-1,12.258304,1,12.300288
8122,2,2,-1,-1,-1,-1,-1,12.181504,1,12.223488
8123,2,2,-1,-1,-1,-1,-1,12.209152,1,12.25216
8124,2,2,-1,-1,-1,-1,-1,12.212224,1,12.255232
