step,sched_reqs,sched_tokens,batch,num_query_tokens,sum_seq_len,num_spec_tokens,draft_ms,target_fwd_ms,n_target_fwd,step_ms
0,16,80,-1,-1,-1,-1,-1,19.300352,1,3469.275146
1,16,64,-1,-1,-1,-1,-1,17.527807,1,442.961914
2,0,-1,-1,-1,-1,-1,-1,-1,0,0.004096
3,1,1025,-1,-1,-1,-1,-1,-1,0,111.988739
4,9,8192,-1,-1,-1,-1,-1,-1,0,515.897339
5,16,7216,-1,-1,-1,-1,-1,-1,0,440.658936
6,16,64,-1,-1,-1,-1,-1,18.908159,1,18.953217
7,16,64,-1,-1,-1,-1,-1,18.716673,1,18.760704
8,16,64,-1,-1,-1,-1,-1,18.61632,1,18.681856
9,16,64,-1,-1,-1,-1,-1,18.514944,1,18.581505
10,16,64,-1,-1,-1,-1,-1,18.550783,1,18.615295
11,16,64,-1,-1,-1,-1,-1,18.536448,1,18.601984
12,16,64,-1,-1,-1,-1,-1,18.4576,1,18.521088
13,16,64,-1,-1,-1,-1,-1,18.43712,1,18.501633
14,16,64,-1,-1,-1,-1,-1,18.487295,1,18.552832
15,16,64,-1,-1,-1,-1,-1,18.439169,1,18.504704
16,16,64,-1,-1,-1,-1,-1,18.491392,1,18.556929
17,16,64,-1,-1,-1,-1,-1,18.489344,1,18.555904
18,16,64,-1,-1,-1,-1,-1,18.440191,1,18.506752
19,16,64,-1,-1,-1,-1,-1,18.41152,1,18.478081
20,16,64,-1,-1,-1,-1,-1,18.44224,1,18.485249
21,16,64,-1,-1,-1,-1,-1,18.4576,1,18.515968
22,16,64,-1,-1,-1,-1,-1,18.458624,1,18.525185
23,16,64,-1,-1,-1,-1,-1,18.410496,1,18.46784
24,16,64,-1,-1,-1,-1,-1,18.439169,1,18.503679
25,16,64,-1,-1,-1,-1,-1,18.453505,1,18.519039
26,16,64,-1,-1,-1,-1,-1,18.436096,1,18.479103
27,16,64,-1,-1,-1,-1,-1,18.44224,1,18.499584
28,16,64,-1,-1,-1,-1,-1,18.433023,1,18.495487
29,16,64,-1,-1,-1,-1,-1,18.435072,1,18.479103
30,16,64,-1,-1,-1,-1,-1,18.454529,1,18.497536
31,16,64,-1,-1,-1,-1,-1,18.438145,1,18.495487
32,16,64,-1,-1,-1,-1,-1,18.45248,1,18.51392
33,16,64,-1,-1,-1,-1,-1,18.461697,1,18.526209
34,16,64,-1,-1,-1,-1,-1,18.429953,1,18.486273
35,16,64,-1,-1,-1,-1,-1,18.462721,1,18.52928
36,16,64,-1,-1,-1,-1,-1,18.454529,1,18.496511
37,16,64,-1,-1,-1,-1,-1,18.450432,1,18.519039
38,16,64,-1,-1,-1,-1,-1,18.451456,1,18.510847
39,16,64,-1,-1,-1,-1,-1,18.463743,1,18.531328
40,16,64,-1,-1,-1,-1,-1,18.450432,1,18.523136
41,16,64,-1,-1,-1,-1,-1,18.471935,1,18.538496
42,16,64,-1,-1,-1,-1,-1,18.456575,1,18.520063
43,16,64,-1,-1,-1,-1,-1,18.443264,1,18.510847
44,16,64,-1,-1,-1,-1,-1,18.473984,1,18.515968
45,16,64,-1,-1,-1,-1,-1,18.463743,1,18.522112
46,16,64,-1,-1,-1,-1,-1,18.475008,1,18.540545
47,16,64,-1,-1,-1,-1,-1,18.528255,1,18.584576
48,16,64,-1,-1,-1,-1,-1,18.484224,1,18.549761
49,16,64,-1,-1,-1,-1,-1,18.479103,1,18.543615
50,16,64,-1,-1,-1,-1,-1,18.725887,1,18.791424
51,16,1085,-1,-1,-1,-1,-1,-1,0,75.164673
52,16,64,-1,-1,-1,-1,-1,19.227648,1,19.286016
53,16,1085,-1,-1,-1,-1,-1,-1,0,75.777023
54,16,64,-1,-1,-1,-1,-1,19.123199,1,19.188736
55,16,2106,-1,-1,-1,-1,-1,-1,0,138.151932
56,16,1085,-1,-1,-1,-1,-1,-1,0,77.324287
57,16,1085,-1,-1,-1,-1,-1,-1,0,76.766205
58,16,64,-1,-1,-1,-1,-1,19.380224,1,19.444736
59,16,3126,-1,-1,-1,-1,-1,-1,0,195.279877
60,16,4147,-1,-1,-1,-1,-1,-1,0,260.417542
61,16,2105,-1,-1,-1,-1,-1,-1,0,139.02951
62,16,1085,-1,-1,-1,-1,-1,-1,0,77.239296
63,16,64,-1,-1,-1,-1,-1,18.892799,1,18.936832
64,16,64,-1,-1,-1,-1,-1,18.683905,1,18.751488
65,16,64,-1,-1,-1,-1,-1,18.575359,1,18.642944
66,16,64,-1,-1,-1,-1,-1,18.527231,1,18.589697
67,16,64,-1,-1,-1,-1,-1,18.527231,1,18.591743
68,16,64,-1,-1,-1,-1,-1,18.526209,1,18.591743
69,16,64,-1,-1,-1,-1,-1,18.446337,1,18.512896
70,16,64,-1,-1,-1,-1,-1,18.461697,1,18.520063
71,16,64,-1,-1,-1,-1,-1,18.455551,1,18.521088
72,16,64,-1,-1,-1,-1,-1,18.425856,1,18.491392
73,16,64,-1,-1,-1,-1,-1,18.446337,1,18.512896
74,16,64,-1,-1,-1,-1,-1,18.434048,1,18.477057
75,16,64,-1,-1,-1,-1,-1,18.441216,1,18.506752
76,16,64,-1,-1,-1,-1,-1,18.477057,1,18.534401
77,16,64,-1,-1,-1,-1,-1,18.446337,1,18.512896
78,16,64,-1,-1,-1,-1,-1,18.448383,1,18.51392
79,16,64,-1,-1,-1,-1,-1,18.422785,1,18.488319
80,16,64,-1,-1,-1,-1,-1,18.455551,1,18.521088
81,16,64,-1,-1,-1,-1,-1,18.420736,1,18.480127
82,16,64,-1,-1,-1,-1,-1,18.490368,1,18.548737
83,16,64,-1,-1,-1,-1,-1,18.449408,1,18.51392
84,16,64,-1,-1,-1,-1,-1,18.477057,1,18.542591
85,16,64,-1,-1,-1,-1,-1,18.448383,1,18.515968
86,16,64,-1,-1,-1,-1,-1,18.464767,1,18.530304
87,16,64,-1,-1,-1,-1,-1,18.455551,1,18.52416
88,16,64,-1,-1,-1,-1,-1,18.476032,1,18.541569
89,16,64,-1,-1,-1,-1,-1,18.438145,1,18.49856
90,16,64,-1,-1,-1,-1,-1,18.454529,1,18.516993
91,16,64,-1,-1,-1,-1,-1,18.487295,1,18.545664
92,16,64,-1,-1,-1,-1,-1,18.51392,1,18.579456
93,16,64,-1,-1,-1,-1,-1,18.468864,1,18.535423
94,16,64,-1,-1,-1,-1,-1,18.485249,1,18.549761
95,16,64,-1,-1,-1,-1,-1,18.475008,1,18.542591
96,16,64,-1,-1,-1,-1,-1,18.510847,1,18.577408
97,16,64,-1,-1,-1,-1,-1,18.470913,1,18.535423
98,16,64,-1,-1,-1,-1,-1,18.519039,1,18.584576
99,16,64,-1,-1,-1,-1,-1,18.477057,1,18.543615
100,16,64,-1,-1,-1,-1,-1,18.476032,1,18.541569
101,16,1085,-1,-1,-1,-1,-1,-1,0,75.390976
102,16,64,-1,-1,-1,-1,-1,18.916351,1,18.980864
103,16,64,-1,-1,-1,-1,-1,18.768896,1,18.836479
104,16,64,-1,-1,-1,-1,-1,18.656256,1,18.722816
105,16,3125,-1,-1,-1,-1,-1,-1,0,195.225601
106,16,64,-1,-1,-1,-1,-1,18.894848,1,18.953217
107,16,64,-1,-1,-1,-1,-1,18.762753,1,18.83136
108,16,1085,-1,-1,-1,-1,-1,-1,0,75.657219
109,16,64,-1,-1,-1,-1,-1,18.861055,1,18.927616
110,16,64,-1,-1,-1,-1,-1,19.07712,1,19.136513
111,16,2105,-1,-1,-1,-1,-1,-1,0,137.903107
112,16,64,-1,-1,-1,-1,-1,19.424255,1,19.468288
113,16,1085,-1,-1,-1,-1,-1,-1,0,76.51738
114,16,1085,-1,-1,-1,-1,-1,-1,0,77.307907
115,16,1085,-1,-1,-1,-1,-1,-1,0,76.681213
116,16,2106,-1,-1,-1,-1,-1,-1,0,138.462204
117,16,1085,-1,-1,-1,-1,-1,-1,0,76.686333
118,16,1085,-1,-1,-1,-1,-1,-1,0,76.627968
119,16,1085,-1,-1,-1,-1,-1,-1,0,76.599297
120,16,1085,-1,-1,-1,-1,-1,-1,0,77.331459
121,16,64,-1,-1,-1,-1,-1,19.096577,1,19.163136
122,16,64,-1,-1,-1,-1,-1,18.798592,1,18.857985
123,16,64,-1,-1,-1,-1,-1,18.604033,1,18.670591
124,16,64,-1,-1,-1,-1,-1,18.540545,1,18.607103
125,16,64,-1,-1,-1,-1,-1,18.492416,1,18.558975
126,16,64,-1,-1,-1,-1,-1,18.519039,1,18.5856
127,16,64,-1,-1,-1,-1,-1,18.476032,1,18.540545
128,16,64,-1,-1,-1,-1,-1,18.438145,1,18.510847
129,16,64,-1,-1,-1,-1,-1,18.431999,1,18.49856
130,16,64,-1,-1,-1,-1,-1,18.47296,1,18.537472
131,16,64,-1,-1,-1,-1,-1,18.469889,1,18.534401
132,16,64,-1,-1,-1,-1,-1,18.460672,1,18.526209
133,16,64,-1,-1,-1,-1,-1,18.440191,1,18.505728
134,16,64,-1,-1,-1,-1,-1,18.446337,1,18.510847
135,16,64,-1,-1,-1,-1,-1,18.470913,1,18.52928
136,16,64,-1,-1,-1,-1,-1,18.475008,1,18.540545
137,16,64,-1,-1,-1,-1,-1,18.464767,1,18.531328
138,16,64,-1,-1,-1,-1,-1,18.458624,1,18.52416
139,16,64,-1,-1,-1,-1,-1,18.451456,1,18.495487
140,16,64,-1,-1,-1,-1,-1,18.451456,1,18.518017
141,16,64,-1,-1,-1,-1,-1,18.482176,1,18.548737
142,16,64,-1,-1,-1,-1,-1,18.445312,1,18.511871
143,16,64,-1,-1,-1,-1,-1,18.470913,1,18.537472
144,16,64,-1,-1,-1,-1,-1,18.441216,1,18.506752
145,16,64,-1,-1,-1,-1,-1,18.470913,1,18.534401
146,16,64,-1,-1,-1,-1,-1,18.480127,1,18.546688
147,16,64,-1,-1,-1,-1,-1,18.468864,1,18.52928
148,16,64,-1,-1,-1,-1,-1,18.479103,1,18.521088
149,16,64,-1,-1,-1,-1,-1,18.669567,1,18.735104
150,16,64,-1,-1,-1,-1,-1,18.697216,1,18.761728
151,16,1084,-1,-1,-1,-1,-1,-1,0,75.217918
152,16,64,-1,-1,-1,-1,-1,18.956287,1,19.01568
153,16,64,-1,-1,-1,-1,-1,18.770945,1,18.838528
154,16,64,-1,-1,-1,-1,-1,18.643969,1,18.710527
155,16,64,-1,-1,-1,-1,-1,18.53952,1,18.604033
156,16,64,-1,-1,-1,-1,-1,18.548737,1,18.615295
157,16,64,-1,-1,-1,-1,-1,18.531328,1,18.598911
158,16,1085,-1,-1,-1,-1,-1,-1,0,75.543549
159,16,64,-1,-1,-1,-1,-1,19.219456,1,19.286016
160,16,3127,-1,-1,-1,-1,-1,-1,0,196.461563
161,16,64,-1,-1,-1,-1,-1,19.241983,1,19.308544
162,16,1085,-1,-1,-1,-1,-1,-1,0,76.652542
163,16,64,-1,-1,-1,-1,-1,19.049473,1,19.113983
164,16,64,-1,-1,-1,-1,-1,18.86208,1,18.929665
165,16,3127,-1,-1,-1,-1,-1,-1,0,196.453369
166,16,1085,-1,-1,-1,-1,-1,-1,0,77.202431
167,16,64,-1,-1,-1,-1,-1,18.817024,1,18.883583
168,16,1085,-1,-1,-1,-1,-1,-1,0,75.854851
169,16,64,-1,-1,-1,-1,-1,18.940928,1,19.00032
170,16,64,-1,-1,-1,-1,-1,18.940928,1,19.009537
171,16,1085,-1,-1,-1,-1,-1,-1,0,75.83744
172,16,64,-1,-1,-1,-1,-1,18.940928,1,18.997248
173,16,1085,-1,-1,-1,-1,-1,-1,0,76.488701
174,16,64,-1,-1,-1,-1,-1,19.042303,1,19.085312
175,16,1085,-1,-1,-1,-1,-1,-1,0,76.132355
176,16,64,-1,-1,-1,-1,-1,18.902016,1,18.967552
177,16,64,-1,-1,-1,-1,-1,18.738176,1,18.797567
178,16,64,-1,-1,-1,-1,-1,18.615295,1,18.680832
179,16,1085,-1,-1,-1,-1,-1,-1,0,75.625473
180,16,64,-1,-1,-1,-1,-1,19.185663,1,19.2512
181,16,1085,-1,-1,-1,-1,-1,-1,0,76.371971
182,16,64,-1,-1,-1,-1,-1,18.907137,1,18.965504
183,16,64,-1,-1,-1,-1,-1,18.735104,1,18.803713
184,16,64,-1,-1,-1,-1,-1,18.621441,1,18.681856
185,16,64,-1,-1,-1,-1,-1,18.523136,1,18.591743
186,16,64,-1,-1,-1,-1,-1,18.528255,1,18.590719
187,16,64,-1,-1,-1,-1,-1,18.54464,1,18.6112
188,16,64,-1,-1,-1,-1,-1,18.497536,1,18.565121
189,16,64,-1,-1,-1,-1,-1,18.447359,1,18.514944
190,16,64,-1,-1,-1,-1,-1,18.445312,1,18.510847
191,16,64,-1,-1,-1,-1,-1,18.456575,1,18.522112
192,16,64,-1,-1,-1,-1,-1,18.4576,1,18.523136
193,16,64,-1,-1,-1,-1,-1,18.462721,1,18.505728
194,16,64,-1,-1,-1,-1,-1,18.465792,1,18.531328
195,16,64,-1,-1,-1,-1,-1,18.439169,1,18.506752
196,16,64,-1,-1,-1,-1,-1,18.480127,1,18.54464
197,16,1085,-1,-1,-1,-1,-1,-1,0,75.462654
198,16,64,-1,-1,-1,-1,-1,18.84672,1,18.890753
199,16,64,-1,-1,-1,-1,-1,18.7136,1,18.779137
200,16,64,-1,-1,-1,-1,-1,18.57024,1,18.636801
201,16,64,-1,-1,-1,-1,-1,18.541569,1,18.607103
202,16,64,-1,-1,-1,-1,-1,18.548737,1,18.61632
203,16,64,-1,-1,-1,-1,-1,18.557953,1,18.623487
204,16,64,-1,-1,-1,-1,-1,18.462721,1,18.52928
205,16,64,-1,-1,-1,-1,-1,18.494465,1,18.551807
206,16,64,-1,-1,-1,-1,-1,18.494465,1,18.562048
207,16,64,-1,-1,-1,-1,-1,18.490368,1,18.550783
208,16,64,-1,-1,-1,-1,-1,18.508801,1,18.574335
209,16,64,-1,-1,-1,-1,-1,18.555904,1,18.621441
210,16,64,-1,-1,-1,-1,-1,18.572289,1,18.638847
211,16,64,-1,-1,-1,-1,-1,18.723841,1,18.788351
212,16,4148,-1,-1,-1,-1,-1,-1,0,258.1586
213,16,64,-1,-1,-1,-1,-1,19.139584,1,19.198977
214,16,2106,-1,-1,-1,-1,-1,-1,0,138.031097
215,16,64,-1,-1,-1,-1,-1,19.034113,1,19.099648
216,16,64,-1,-1,-1,-1,-1,18.843649,1,18.91328
217,16,64,-1,-1,-1,-1,-1,18.818048,1,18.885632
218,16,2105,-1,-1,-1,-1,-1,-1,0,137.477127
219,16,1085,-1,-1,-1,-1,-1,-1,0,77.383682
220,16,64,-1,-1,-1,-1,-1,18.840576,1,18.905088
221,16,64,-1,-1,-1,-1,-1,18.715649,1,18.782207
222,16,64,-1,-1,-1,-1,-1,18.569216,1,18.635777
223,16,64,-1,-1,-1,-1,-1,18.597889,1,18.664448
224,16,64,-1,-1,-1,-1,-1,18.7904,1,18.857985
225,16,1084,-1,-1,-1,-1,-1,-1,0,75.614204
226,16,64,-1,-1,-1,-1,-1,19.252224,1,19.31776
227,16,64,-1,-1,-1,-1,-1,19.211264,1,19.278849
228,16,64,-1,-1,-1,-1,-1,19.057665,1,19.123199
229,16,3127,-1,-1,-1,-1,-1,-1,0,195.710983
230,16,64,-1,-1,-1,-1,-1,18.842625,1,18.910208
231,16,64,-1,-1,-1,-1,-1,18.763777,1,18.832384
232,16,1085,-1,-1,-1,-1,-1,-1,0,75.973633
233,16,64,-1,-1,-1,-1,-1,18.860031,1,18.926592
234,16,64,-1,-1,-1,-1,-1,18.618368,1,18.683905
235,16,64,-1,-1,-1,-1,-1,18.501633,1,18.57024
236,16,64,-1,-1,-1,-1,-1,18.715649,1,18.781183
237,16,64,-1,-1,-1,-1,-1,18.675713,1,18.734079
238,16,64,-1,-1,-1,-1,-1,18.670591,1,18.736128
239,16,64,-1,-1,-1,-1,-1,18.579456,1,18.643969
240,16,64,-1,-1,-1,-1,-1,18.668545,1,18.735104
241,16,1085,-1,-1,-1,-1,-1,-1,0,75.736061
242,16,64,-1,-1,-1,-1,-1,18.892799,1,18.960384
243,16,64,-1,-1,-1,-1,-1,18.694143,1,18.762753
244,16,64,-1,-1,-1,-1,-1,18.549761,1,18.61632
245,16,64,-1,-1,-1,-1,-1,18.565121,1,18.63168
246,16,64,-1,-1,-1,-1,-1,18.516993,1,18.582527
247,16,64,-1,-1,-1,-1,-1,18.550783,1,18.61632
248,16,64,-1,-1,-1,-1,-1,18.459648,1,18.525185
249,16,64,-1,-1,-1,-1,-1,18.494465,1,18.561024
250,16,64,-1,-1,-1,-1,-1,18.46784,1,18.523136
251,16,64,-1,-1,-1,-1,-1,18.462721,1,18.52928
252,16,64,-1,-1,-1,-1,-1,18.438145,1,18.505728
253,16,64,-1,-1,-1,-1,-1,18.518017,1,18.582527
254,16,1085,-1,-1,-1,-1,-1,-1,0,75.522049
255,16,64,-1,-1,-1,-1,-1,18.938881,1,18.982912
256,16,64,-1,-1,-1,-1,-1,18.743296,1,18.809856
257,16,64,-1,-1,-1,-1,-1,18.643969,1,18.712576
258,16,1085,-1,-1,-1,-1,-1,-1,0,75.929604
259,16,64,-1,-1,-1,-1,-1,18.993153,1,19.060736
260,16,64,-1,-1,-1,-1,-1,18.726912,1,18.791424
261,16,64,-1,-1,-1,-1,-1,18.679808,1,18.747393
262,16,64,-1,-1,-1,-1,-1,18.556929,1,18.615295
263,16,64,-1,-1,-1,-1,-1,18.583551,1,18.650112
264,16,64,-1,-1,-1,-1,-1,18.796543,1,18.840576
265,16,64,-1,-1,-1,-1,-1,18.8416,1,18.907137
266,16,1085,-1,-1,-1,-1,-1,-1,0,76.057602
267,16,2105,-1,-1,-1,-1,-1,-1,0,139.115524
268,16,64,-1,-1,-1,-1,-1,19.334145,1,19.400703
269,16,2105,-1,-1,-1,-1,-1,-1,0,138.064896
270,16,64,-1,-1,-1,-1,-1,19.271681,1,19.33824
271,16,2105,-1,-1,-1,-1,-1,-1,0,138.381317
272,16,1085,-1,-1,-1,-1,-1,-1,0,77.189117
273,16,64,-1,-1,-1,-1,-1,18.914305,1,18.970625
274,16,64,-1,-1,-1,-1,-1,18.942976,1,19.011583
275,16,64,-1,-1,-1,-1,-1,18.88768,1,18.956287
276,16,64,-1,-1,-1,-1,-1,18.562048,1,18.628609
277,16,64,-1,-1,-1,-1,-1,18.543615,1,18.608128
278,16,64,-1,-1,-1,-1,-1,18.572289,1,18.64192
279,16,64,-1,-1,-1,-1,-1,18.77504,1,18.842625
280,16,3127,-1,-1,-1,-1,-1,-1,0,196.777985
281,16,64,-1,-1,-1,-1,-1,19.032064,1,19.101696
282,16,64,-1,-1,-1,-1,-1,18.789375,1,18.855936
283,16,1085,-1,-1,-1,-1,-1,-1,0,75.967491
284,16,64,-1,-1,-1,-1,-1,18.983936,1,19.043327
285,16,64,-1,-1,-1,-1,-1,18.848768,1,18.917376
286,16,64,-1,-1,-1,-1,-1,18.760704,1,18.827265
287,16,64,-1,-1,-1,-1,-1,18.706432,1,18.77504
288,16,64,-1,-1,-1,-1,-1,18.731009,1,18.798592
289,16,64,-1,-1,-1,-1,-1,18.84672,1,18.907137
290,16,64,-1,-1,-1,-1,-1,18.749439,1,18.792448
291,16,64,-1,-1,-1,-1,-1,18.791424,1,18.85696
292,16,1085,-1,-1,-1,-1,-1,-1,0,75.900925
293,16,64,-1,-1,-1,-1,-1,19.127296,1,19.171328
294,16,64,-1,-1,-1,-1,-1,18.88768,1,18.956287
295,16,64,-1,-1,-1,-1,-1,18.782207,1,18.847744
296,16,64,-1,-1,-1,-1,-1,18.737152,1,18.802689
297,16,64,-1,-1,-1,-1,-1,18.75968,1,18.826241
298,16,64,-1,-1,-1,-1,-1,18.807808,1,18.876415
299,16,1085,-1,-1,-1,-1,-1,-1,0,75.662338
300,16,64,-1,-1,-1,-1,-1,18.937857,1,19.004416
301,16,64,-1,-1,-1,-1,-1,18.747393,1,18.814976
302,16,64,-1,-1,-1,-1,-1,18.678783,1,18.74432
303,16,64,-1,-1,-1,-1,-1,18.542591,1,18.610176
304,16,1085,-1,-1,-1,-1,-1,-1,0,75.617279
305,16,64,-1,-1,-1,-1,-1,18.870272,1,18.936832
306,16,64,-1,-1,-1,-1,-1,18.724863,1,18.791424
307,16,64,-1,-1,-1,-1,-1,18.809856,1,18.875393
308,16,64,-1,-1,-1,-1,-1,18.726912,1,18.787329
309,16,64,-1,-1,-1,-1,-1,18.692097,1,18.758656
310,16,64,-1,-1,-1,-1,-1,18.774015,1,18.839552
311,16,64,-1,-1,-1,-1,-1,18.617344,1,18.681856
312,16,64,-1,-1,-1,-1,-1,18.658304,1,18.723841
313,16,64,-1,-1,-1,-1,-1,18.727936,1,18.789375
314,16,64,-1,-1,-1,-1,-1,18.765823,1,18.832384
315,16,2105,-1,-1,-1,-1,-1,-1,0,137.294846
316,16,1085,-1,-1,-1,-1,-1,-1,0,76.604416
317,16,64,-1,-1,-1,-1,-1,18.762753,1,18.828287
318,16,1085,-1,-1,-1,-1,-1,-1,0,76.009476
319,16,1084,-1,-1,-1,-1,-1,-1,0,77.175812
320,16,1085,-1,-1,-1,-1,-1,-1,0,77.427711
321,16,1085,-1,-1,-1,-1,-1,-1,0,77.39904
322,16,64,-1,-1,-1,-1,-1,18.898945,1,18.977793
323,16,64,-1,-1,-1,-1,-1,18.696192,1,18.740225
324,16,64,-1,-1,-1,-1,-1,18.675713,1,18.740225
325,16,64,-1,-1,-1,-1,-1,18.618368,1,18.683905
326,16,64,-1,-1,-1,-1,-1,18.633728,1,18.701311
327,16,1085,-1,-1,-1,-1,-1,-1,0,75.717628
328,16,64,-1,-1,-1,-1,-1,19.094528,1,19.138559
329,16,1085,-1,-1,-1,-1,-1,-1,0,76.381187
330,16,64,-1,-1,-1,-1,-1,19.345407,1,19.410944
331,16,1085,-1,-1,-1,-1,-1,-1,0,76.431358
332,16,64,-1,-1,-1,-1,-1,19.072001,1,19.129345
333,16,64,-1,-1,-1,-1,-1,18.891775,1,18.957312
334,16,64,-1,-1,-1,-1,-1,18.818048,1,18.875393
335,16,1085,-1,-1,-1,-1,-1,-1,0,75.715584
336,16,1085,-1,-1,-1,-1,-1,-1,0,77.43795
337,16,1085,-1,-1,-1,-1,-1,-1,0,76.951553
338,16,64,-1,-1,-1,-1,-1,19.014656,1,19.057665
339,16,64,-1,-1,-1,-1,-1,18.777088,1,18.845695
340,16,64,-1,-1,-1,-1,-1,18.729984,1,18.794497
341,16,1085,-1,-1,-1,-1,-1,-1,0,75.93779
342,16,64,-1,-1,-1,-1,-1,18.961409,1,19.025921
343,16,64,-1,-1,-1,-1,-1,18.778112,1,18.845695
344,16,64,-1,-1,-1,-1,-1,18.622463,1,18.688
345,16,64,-1,-1,-1,-1,-1,18.543615,1,18.609152
346,16,64,-1,-1,-1,-1,-1,18.55488,1,18.597889
347,16,64,-1,-1,-1,-1,-1,18.532352,1,18.596865
348,16,64,-1,-1,-1,-1,-1,18.542591,1,18.608128
349,16,64,-1,-1,-1,-1,-1,18.489344,1,18.559999
350,16,64,-1,-1,-1,-1,-1,18.478081,1,18.545664
351,16,64,-1,-1,-1,-1,-1,18.522112,1,18.586624
352,16,64,-1,-1,-1,-1,-1,18.4832,1,18.540545
353,16,64,-1,-1,-1,-1,-1,18.669567,1,18.733055
354,16,64,-1,-1,-1,-1,-1,18.669567,1,18.736128
355,16,1085,-1,-1,-1,-1,-1,-1,0,75.332611
356,16,64,-1,-1,-1,-1,-1,18.849792,1,18.914305
357,16,64,-1,-1,-1,-1,-1,18.704384,1,18.771969
358,16,64,-1,-1,-1,-1,-1,18.571264,1,18.614271
359,16,64,-1,-1,-1,-1,-1,18.527231,1,18.593792
360,16,64,-1,-1,-1,-1,-1,18.549761,1,18.593792
361,16,64,-1,-1,-1,-1,-1,18.732033,1,18.798592
362,16,64,-1,-1,-1,-1,-1,18.675713,1,18.729984
363,16,64,-1,-1,-1,-1,-1,18.690048,1,18.746368
364,16,64,-1,-1,-1,-1,-1,18.666496,1,18.734079
365,16,64,-1,-1,-1,-1,-1,18.634752,1,18.678783
366,16,64,-1,-1,-1,-1,-1,18.731009,1,18.787329
367,16,1085,-1,-1,-1,-1,-1,-1,0,75.4944
368,16,1085,-1,-1,-1,-1,-1,-1,0,77.417473
369,16,64,-1,-1,-1,-1,-1,19.072001,1,19.132416
370,16,1085,-1,-1,-1,-1,-1,-1,0,76.120064
371,16,1084,-1,-1,-1,-1,-1,-1,0,77.181953
372,16,1085,-1,-1,-1,-1,-1,-1,0,77.422592
373,16,64,-1,-1,-1,-1,-1,19.271681,1,19.332096
374,16,64,-1,-1,-1,-1,-1,19.111937,1,19.17952
375,16,1084,-1,-1,-1,-1,-1,-1,0,75.727875
376,16,64,-1,-1,-1,-1,-1,19.028992,1,19.094528
377,16,2105,-1,-1,-1,-1,-1,-1,0,138.179581
378,16,64,-1,-1,-1,-1,-1,19.243008,1,19.30752
379,16,64,-1,-1,-1,-1,-1,18.955263,1,19.022848
380,16,64,-1,-1,-1,-1,-1,18.802689,1,18.871296
381,16,1084,-1,-1,-1,-1,-1,-1,0,75.186172
382,16,64,-1,-1,-1,-1,-1,19.120129,1,19.185663
383,16,64,-1,-1,-1,-1,-1,18.859009,1,18.925568
384,16,2106,-1,-1,-1,-1,-1,-1,0,138.152954
385,16,64,-1,-1,-1,-1,-1,19.044352,1,19.108864
386,16,64,-1,-1,-1,-1,-1,18.80064,1,18.869247
387,16,1085,-1,-1,-1,-1,-1,-1,0,75.701248
388,16,64,-1,-1,-1,-1,-1,18.94912,1,19.01568
389,16,1085,-1,-1,-1,-1,-1,-1,0,76.374016
390,16,64,-1,-1,-1,-1,-1,18.909184,1,18.977793
391,16,64,-1,-1,-1,-1,-1,18.729984,1,18.774015
392,16,64,-1,-1,-1,-1,-1,18.655231,1,18.722816
393,16,64,-1,-1,-1,-1,-1,18.543615,1,18.608128
394,16,64,-1,-1,-1,-1,-1,18.542591,1,18.606079
395,16,64,-1,-1,-1,-1,-1,18.505728,1,18.572289
396,16,1085,-1,-1,-1,-1,-1,-1,0,75.486206
397,16,64,-1,-1,-1,-1,-1,18.799616,1,18.865152
398,16,64,-1,-1,-1,-1,-1,18.685951,1,18.752512
399,16,1085,-1,-1,-1,-1,-1,-1,0,76.007423
400,16,64,-1,-1,-1,-1,-1,18.896896,1,18.954241
401,16,64,-1,-1,-1,-1,-1,18.718719,1,18.778112
402,16,64,-1,-1,-1,-1,-1,18.612225,1,18.679808
403,16,64,-1,-1,-1,-1,-1,18.579456,1,18.644993
404,16,1085,-1,-1,-1,-1,-1,-1,0,75.788284
405,16,64,-1,-1,-1,-1,-1,18.911232,1,18.971647
406,16,64,-1,-1,-1,-1,-1,18.706432,1,18.774015
407,16,64,-1,-1,-1,-1,-1,18.622463,1,18.691072
408,16,64,-1,-1,-1,-1,-1,18.545664,1,18.590719
409,16,64,-1,-1,-1,-1,-1,18.550783,1,18.618368
410,16,64,-1,-1,-1,-1,-1,18.575359,1,18.64192
411,16,64,-1,-1,-1,-1,-1,18.605057,1,18.664448
412,16,64,-1,-1,-1,-1,-1,18.525185,1,18.589697
413,16,64,-1,-1,-1,-1,-1,18.49856,1,18.567167
414,16,64,-1,-1,-1,-1,-1,18.504704,1,18.578432
415,16,64,-1,-1,-1,-1,-1,18.51392,1,18.581505
416,16,64,-1,-1,-1,-1,-1,18.489344,1,18.55488
417,16,64,-1,-1,-1,-1,-1,18.482176,1,18.54464
418,16,64,-1,-1,-1,-1,-1,18.771969,1,18.836479
419,16,1085,-1,-1,-1,-1,-1,-1,0,75.545601
420,16,64,-1,-1,-1,-1,-1,19.245056,1,19.312639
421,16,1084,-1,-1,-1,-1,-1,-1,0,75.731972
422,16,64,-1,-1,-1,-1,-1,19.16416,1,19.223553
423,16,64,-1,-1,-1,-1,-1,18.995199,1,19.063808
424,16,64,-1,-1,-1,-1,-1,18.895872,1,18.953217
425,16,1085,-1,-1,-1,-1,-1,-1,0,75.801598
426,16,1085,-1,-1,-1,-1,-1,-1,0,77.393921
427,16,1085,-1,-1,-1,-1,-1,-1,0,77.411331
428,16,1085,-1,-1,-1,-1,-1,-1,0,77.390846
429,16,64,-1,-1,-1,-1,-1,18.8416,1,18.899967
430,16,64,-1,-1,-1,-1,-1,18.659328,1,18.719744
431,16,1085,-1,-1,-1,-1,-1,-1,0,76.05555
432,16,1085,-1,-1,-1,-1,-1,-1,0,77.103104
433,16,64,-1,-1,-1,-1,-1,18.929665,1,18.996223
434,16,64,-1,-1,-1,-1,-1,19.024897,1,19.083263
435,16,64,-1,-1,-1,-1,-1,18.968576,1,19.03616
436,16,1085,-1,-1,-1,-1,-1,-1,0,76.130302
437,16,1085,-1,-1,-1,-1,-1,-1,0,77.386749
438,16,1085,-1,-1,-1,-1,-1,-1,0,77.387779
439,16,64,-1,-1,-1,-1,-1,18.929665,1,18.989056
440,16,64,-1,-1,-1,-1,-1,18.76992,1,18.835457
441,16,64,-1,-1,-1,-1,-1,18.78528,1,18.853888
442,16,64,-1,-1,-1,-1,-1,18.822144,1,18.879488
443,16,1085,-1,-1,-1,-1,-1,-1,0,75.561981
444,16,64,-1,-1,-1,-1,-1,19.127296,1,19.192833
445,16,64,-1,-1,-1,-1,-1,18.857985,1,18.905088
446,16,64,-1,-1,-1,-1,-1,18.837503,1,18.902016
447,16,64,-1,-1,-1,-1,-1,18.806784,1,18.874369
448,16,1085,-1,-1,-1,-1,-1,-1,0,76.138496
449,16,64,-1,-1,-1,-1,-1,19.013632,1,19.081217
450,16,1085,-1,-1,-1,-1,-1,-1,0,76.358658
451,16,64,-1,-1,-1,-1,-1,18.842625,1,18.909184
452,16,64,-1,-1,-1,-1,-1,18.658304,1,18.717695
453,16,1085,-1,-1,-1,-1,-1,-1,0,75.773949
454,16,64,-1,-1,-1,-1,-1,18.909184,1,18.976768
455,16,1085,-1,-1,-1,-1,-1,-1,0,76.282883
456,16,64,-1,-1,-1,-1,-1,18.923519,1,18.982912
457,16,64,-1,-1,-1,-1,-1,18.692097,1,18.774015
458,16,64,-1,-1,-1,-1,-1,18.63168,1,18.691072
459,16,64,-1,-1,-1,-1,-1,18.617344,1,18.679808
460,16,64,-1,-1,-1,-1,-1,18.605057,1,18.670591
461,16,64,-1,-1,-1,-1,-1,18.622463,1,18.686975
462,16,64,-1,-1,-1,-1,-1,18.563072,1,18.619392
463,16,64,-1,-1,-1,-1,-1,18.482176,1,18.547712
464,16,64,-1,-1,-1,-1,-1,18.493441,1,18.558975
465,16,64,-1,-1,-1,-1,-1,18.433023,1,18.49856
466,16,64,-1,-1,-1,-1,-1,18.508801,1,18.569216
467,16,1085,-1,-1,-1,-1,-1,-1,0,75.352066
468,16,64,-1,-1,-1,-1,-1,18.948095,1,19.012608
469,16,64,-1,-1,-1,-1,-1,18.75968,1,18.804735
470,16,64,-1,-1,-1,-1,-1,18.829311,1,18.897921
471,16,1084,-1,-1,-1,-1,-1,-1,0,75.525124
472,16,64,-1,-1,-1,-1,-1,18.894848,1,18.962433
473,16,64,-1,-1,-1,-1,-1,18.685951,1,18.752512
474,16,64,-1,-1,-1,-1,-1,18.722816,1,18.7904
475,16,64,-1,-1,-1,-1,-1,18.706432,1,18.771969
476,16,64,-1,-1,-1,-1,-1,18.739201,1,18.799616
477,16,64,-1,-1,-1,-1,-1,18.697216,1,18.762753
478,16,1085,-1,-1,-1,-1,-1,-1,0,75.464706
479,16,64,-1,-1,-1,-1,-1,19.130367,1,19.196928
480,16,64,-1,-1,-1,-1,-1,18.99008,1,19.058687
481,16,1085,-1,-1,-1,-1,-1,-1,0,75.634689
482,16,64,-1,-1,-1,-1,-1,19.094528,1,19.162111
483,16,64,-1,-1,-1,-1,-1,19.075071,1,19.140608
484,16,2106,-1,-1,-1,-1,-1,-1,0,138.857468
485,16,64,-1,-1,-1,-1,-1,19.313663,1,19.3792
486,16,1084,-1,-1,-1,-1,-1,-1,0,76.192764
487,16,1085,-1,-1,-1,-1,-1,-1,0,77.424637
488,16,1085,-1,-1,-1,-1,-1,-1,0,77.416451
489,16,64,-1,-1,-1,-1,-1,18.99008,1,19.056641
490,16,64,-1,-1,-1,-1,-1,18.771969,1,18.832384
491,16,1085,-1,-1,-1,-1,-1,-1,0,75.675652
492,16,1085,-1,-1,-1,-1,-1,-1,0,77.415421
493,16,64,-1,-1,-1,-1,-1,18.870272,1,18.935808
494,16,64,-1,-1,-1,-1,-1,18.718719,1,18.784256
495,16,64,-1,-1,-1,-1,-1,18.62656,1,18.683905
496,16,64,-1,-1,-1,-1,-1,18.561024,1,18.628609
497,16,64,-1,-1,-1,-1,-1,18.532352,1,18.599936
498,16,64,-1,-1,-1,-1,-1,18.546688,1,18.613249
499,16,2106,-1,-1,-1,-1,-1,-1,0,137.252869
500,16,64,-1,-1,-1,-1,-1,18.983936,1,19.050495
501,16,64,-1,-1,-1,-1,-1,18.725887,1,18.794497
502,16,64,-1,-1,-1,-1,-1,18.594816,1,18.636801
503,16,64,-1,-1,-1,-1,-1,18.518017,1,18.583551
504,16,64,-1,-1,-1,-1,-1,18.532352,1,18.597889
505,16,64,-1,-1,-1,-1,-1,18.57024,1,18.635777
506,16,64,-1,-1,-1,-1,-1,18.52928,1,18.592768
507,16,1085,-1,-1,-1,-1,-1,-1,0,75.435005
508,16,64,-1,-1,-1,-1,-1,19.10272,1,19.15904
509,16,64,-1,-1,-1,-1,-1,18.895872,1,18.962433
510,16,1085,-1,-1,-1,-1,-1,-1,0,76.010498
511,16,1085,-1,-1,-1,-1,-1,-1,0,77.38163
512,16,64,-1,-1,-1,-1,-1,18.853888,1,18.919424
513,16,64,-1,-1,-1,-1,-1,18.685951,1,18.732033
514,16,64,-1,-1,-1,-1,-1,18.590719,1,18.651136
515,16,64,-1,-1,-1,-1,-1,18.719744,1,18.78528
516,16,1084,-1,-1,-1,-1,-1,-1,0,75.475967
517,16,64,-1,-1,-1,-1,-1,18.875393,1,18.936832
518,16,64,-1,-1,-1,-1,-1,18.667521,1,18.727936
519,16,64,-1,-1,-1,-1,-1,18.541569,1,18.610176
520,16,64,-1,-1,-1,-1,-1,18.548737,1,18.617344
521,16,64,-1,-1,-1,-1,-1,18.549761,1,18.615295
522,16,1085,-1,-1,-1,-1,-1,-1,0,75.564034
523,16,64,-1,-1,-1,-1,-1,18.940928,1,19.00544
524,16,64,-1,-1,-1,-1,-1,18.716673,1,18.760704
525,16,64,-1,-1,-1,-1,-1,18.571264,1,18.615295
526,16,64,-1,-1,-1,-1,-1,18.574335,1,18.640896
527,16,64,-1,-1,-1,-1,-1,18.593792,1,18.661377
528,16,64,-1,-1,-1,-1,-1,18.613249,1,18.677759
529,16,64,-1,-1,-1,-1,-1,18.502657,1,18.57024
530,16,64,-1,-1,-1,-1,-1,18.466816,1,18.509825
531,16,1084,-1,-1,-1,-1,-1,-1,0,75.465729
532,16,64,-1,-1,-1,-1,-1,18.978815,1,19.043327
533,16,1085,-1,-1,-1,-1,-1,-1,0,76.32589
534,16,2106,-1,-1,-1,-1,-1,-1,0,139.18515
535,16,64,-1,-1,-1,-1,-1,19.115007,1,19.181568
536,16,1085,-1,-1,-1,-1,-1,-1,0,76.293121
537,16,64,-1,-1,-1,-1,-1,19.115007,1,19.181568
538,16,1084,-1,-1,-1,-1,-1,-1,0,75.877373
539,16,1085,-1,-1,-1,-1,-1,-1,0,77.874176
540,16,64,-1,-1,-1,-1,-1,19.03616,1,19.101696
541,16,1085,-1,-1,-1,-1,-1,-1,0,76.234749
542,16,64,-1,-1,-1,-1,-1,19.074047,1,19.116032
543,16,64,-1,-1,-1,-1,-1,19.054592,1,19.120129
544,16,64,-1,-1,-1,-1,-1,18.978815,1,19.045376
545,16,64,-1,-1,-1,-1,-1,18.946049,1,19.012608
546,16,64,-1,-1,-1,-1,-1,18.938881,1,18.997248
547,16,1085,-1,-1,-1,-1,-1,-1,0,75.82515
548,16,64,-1,-1,-1,-1,-1,19.03104,1,19.088385
549,16,64,-1,-1,-1,-1,-1,18.895872,1,18.956287
550,16,64,-1,-1,-1,-1,-1,18.722816,1,18.779137
551,16,64,-1,-1,-1,-1,-1,18.83136,1,18.890753
552,16,1085,-1,-1,-1,-1,-1,-1,0,75.670525
553,16,1085,-1,-1,-1,-1,-1,-1,0,77.361153
554,16,64,-1,-1,-1,-1,-1,18.877439,1,18.935808
555,16,64,-1,-1,-1,-1,-1,18.877439,1,18.942976
556,16,64,-1,-1,-1,-1,-1,18.765823,1,18.83136
557,16,1085,-1,-1,-1,-1,-1,-1,0,75.968513
558,16,1085,-1,-1,-1,-1,-1,-1,0,76.939262
559,16,64,-1,-1,-1,-1,-1,18.922497,1,18.966528
560,16,64,-1,-1,-1,-1,-1,18.936832,1,19.008512
561,16,64,-1,-1,-1,-1,-1,18.770945,1,18.838528
562,16,1085,-1,-1,-1,-1,-1,-1,0,75.524094
563,16,64,-1,-1,-1,-1,-1,18.946049,1,19.00544
564,16,64,-1,-1,-1,-1,-1,18.756607,1,18.824192
565,16,64,-1,-1,-1,-1,-1,18.637823,1,18.704384
566,16,64,-1,-1,-1,-1,-1,18.608128,1,18.651136
567,16,64,-1,-1,-1,-1,-1,18.558975,1,18.624512
568,16,64,-1,-1,-1,-1,-1,18.564096,1,18.63168
569,16,64,-1,-1,-1,-1,-1,18.495487,1,18.561024
570,16,64,-1,-1,-1,-1,-1,18.4576,1,18.522112
571,16,64,-1,-1,-1,-1,-1,18.454529,1,18.521088
572,16,64,-1,-1,-1,-1,-1,18.542591,1,18.609152
573,16,64,-1,-1,-1,-1,-1,18.564096,1,18.630655
574,16,64,-1,-1,-1,-1,-1,18.528255,1,18.593792
575,16,64,-1,-1,-1,-1,-1,18.731009,1,18.795521
576,16,64,-1,-1,-1,-1,-1,18.714624,1,18.771969
577,16,64,-1,-1,-1,-1,-1,18.753536,1,18.820095
578,16,1085,-1,-1,-1,-1,-1,-1,0,75.695107
579,16,64,-1,-1,-1,-1,-1,19.075071,1,19.13344
580,16,64,-1,-1,-1,-1,-1,18.882561,1,18.94912
581,16,64,-1,-1,-1,-1,-1,18.768896,1,18.837503
582,16,64,-1,-1,-1,-1,-1,18.781183,1,18.847744
583,16,1085,-1,-1,-1,-1,-1,-1,0,75.709442
584,16,1085,-1,-1,-1,-1,-1,-1,0,77.454338
585,16,1085,-1,-1,-1,-1,-1,-1,0,77.438972
586,16,2106,-1,-1,-1,-1,-1,-1,0,139.318268
587,16,1085,-1,-1,-1,-1,-1,-1,0,76.949501
588,16,64,-1,-1,-1,-1,-1,18.914305,1,18.981888
589,16,64,-1,-1,-1,-1,-1,18.877439,1,18.946049
590,16,1085,-1,-1,-1,-1,-1,-1,0,76.042236
591,16,64,-1,-1,-1,-1,-1,19.06176,1,19.117056
592,16,64,-1,-1,-1,-1,-1,18.865152,1,18.931711
593,16,64,-1,-1,-1,-1,-1,18.816,1,18.880512
594,16,64,-1,-1,-1,-1,-1,18.721792,1,18.789375
595,16,64,-1,-1,-1,-1,-1,18.80064,1,18.867201
596,16,64,-1,-1,-1,-1,-1,18.792448,1,18.861055
597,16,1085,-1,-1,-1,-1,-1,-1,0,76.176384
598,16,64,-1,-1,-1,-1,-1,19.116032,1,19.183617
599,16,2106,-1,-1,-1,-1,-1,-1,0,138.504196
600,16,1085,-1,-1,-1,-1,-1,-1,0,77.380608
601,16,64,-1,-1,-1,-1,-1,18.843649,1,18.910208
602,16,64,-1,-1,-1,-1,-1,18.711552,1,18.779137
603,16,64,-1,-1,-1,-1,-1,18.606079,1,18.668545
604,16,64,-1,-1,-1,-1,-1,18.575359,1,18.64192
605,16,64,-1,-1,-1,-1,-1,18.763777,1,18.829311
606,16,64,-1,-1,-1,-1,-1,18.772991,1,18.840576
607,16,64,-1,-1,-1,-1,-1,18.620417,1,18.685951
608,16,64,-1,-1,-1,-1,-1,18.721792,1,18.78528
609,16,1085,-1,-1,-1,-1,-1,-1,0,75.608063
610,16,1084,-1,-1,-1,-1,-1,-1,0,77.170685
611,16,64,-1,-1,-1,-1,-1,19.034113,1,19.099648
612,16,64,-1,-1,-1,-1,-1,18.93376,1,19.001345
613,16,64,-1,-1,-1,-1,-1,18.86208,1,18.92864
614,16,1085,-1,-1,-1,-1,-1,-1,0,75.890686
615,16,64,-1,-1,-1,-1,-1,19.060736,1,19.128321
616,16,1085,-1,-1,-1,-1,-1,-1,0,76.349442
617,16,64,-1,-1,-1,-1,-1,18.936832,1,18.995199
618,16,64,-1,-1,-1,-1,-1,18.718719,1,18.787329
619,16,64,-1,-1,-1,-1,-1,18.646015,1,18.711552
620,16,64,-1,-1,-1,-1,-1,18.559999,1,18.624512
621,16,64,-1,-1,-1,-1,-1,18.541569,1,18.583551
622,16,64,-1,-1,-1,-1,-1,18.579456,1,18.647039
623,16,64,-1,-1,-1,-1,-1,18.49856,1,18.542591
624,16,64,-1,-1,-1,-1,-1,18.443264,1,18.499584
625,16,64,-1,-1,-1,-1,-1,18.475008,1,18.542591
626,16,64,-1,-1,-1,-1,-1,18.43712,1,18.505728
627,16,64,-1,-1,-1,-1,-1,18.455551,1,18.522112
628,16,64,-1,-1,-1,-1,-1,18.648064,1,18.704384
629,16,1085,-1,-1,-1,-1,-1,-1,0,75.428864
630,16,64,-1,-1,-1,-1,-1,18.981888,1,19.048449
631,16,64,-1,-1,-1,-1,-1,18.808832,1,18.875393
632,16,64,-1,-1,-1,-1,-1,18.75456,1,18.820095
633,16,64,-1,-1,-1,-1,-1,18.926592,1,18.992128
634,16,64,-1,-1,-1,-1,-1,18.914305,1,18.979839
635,16,64,-1,-1,-1,-1,-1,18.939903,1,19.006464
636,16,2105,-1,-1,-1,-1,-1,-1,0,137.880569
637,16,64,-1,-1,-1,-1,-1,19.250175,1,19.308544
638,16,1085,-1,-1,-1,-1,-1,-1,0,76.481537
639,16,64,-1,-1,-1,-1,-1,19.278849,1,19.339264
640,16,3126,-1,-1,-1,-1,-1,-1,0,197.527557
641,16,64,-1,-1,-1,-1,-1,19.162111,1,19.228672
642,16,1084,-1,-1,-1,-1,-1,-1,0,76.086273
643,16,64,-1,-1,-1,-1,-1,18.953217,1,19.019775
644,16,64,-1,-1,-1,-1,-1,18.741247,1,18.807808
645,16,64,-1,-1,-1,-1,-1,18.636801,1,18.705408
646,16,64,-1,-1,-1,-1,-1,18.781183,1,18.847744
647,16,64,-1,-1,-1,-1,-1,18.729984,1,18.788351
648,16,1085,-1,-1,-1,-1,-1,-1,0,75.827202
649,16,64,-1,-1,-1,-1,-1,18.857985,1,18.926592
650,16,64,-1,-1,-1,-1,-1,18.70336,1,18.762753
651,16,64,-1,-1,-1,-1,-1,18.764799,1,18.83136
652,16,1085,-1,-1,-1,-1,-1,-1,0,76.234749
653,16,64,-1,-1,-1,-1,-1,18.976768,1,19.03616
654,16,64,-1,-1,-1,-1,-1,18.767872,1,18.835457
655,16,1085,-1,-1,-1,-1,-1,-1,0,75.758591
656,16,64,-1,-1,-1,-1,-1,18.922497,1,18.988031
657,16,64,-1,-1,-1,-1,-1,18.756607,1,18.824192
658,16,64,-1,-1,-1,-1,-1,18.67264,1,18.729984
659,16,1085,-1,-1,-1,-1,-1,-1,0,76.080132
660,16,1085,-1,-1,-1,-1,-1,-1,0,77.228035
661,16,64,-1,-1,-1,-1,-1,18.802689,1,18.871296
662,16,64,-1,-1,-1,-1,-1,18.695168,1,18.762753
663,16,64,-1,-1,-1,-1,-1,18.565121,1,18.609152
664,16,64,-1,-1,-1,-1,-1,18.915327,1,18.980864
665,16,1085,-1,-1,-1,-1,-1,-1,0,75.74118
666,16,64,-1,-1,-1,-1,-1,19.030016,1,19.095552
667,16,1085,-1,-1,-1,-1,-1,-1,0,76.82048
668,16,64,-1,-1,-1,-1,-1,18.938881,1,18.996223
669,16,64,-1,-1,-1,-1,-1,18.7136,1,18.772991
670,16,64,-1,-1,-1,-1,-1,18.606079,1,18.671616
671,16,64,-1,-1,-1,-1,-1,18.551807,1,18.61632
672,16,64,-1,-1,-1,-1,-1,18.543615,1,18.609152
673,16,64,-1,-1,-1,-1,-1,18.532352,1,18.590719
674,16,64,-1,-1,-1,-1,-1,18.711552,1,18.777088
675,16,64,-1,-1,-1,-1,-1,18.681856,1,18.747393
676,16,64,-1,-1,-1,-1,-1,18.64192,1,18.707457
677,16,1085,-1,-1,-1,-1,-1,-1,0,75.274239
678,16,64,-1,-1,-1,-1,-1,18.906113,1,18.971647
679,16,64,-1,-1,-1,-1,-1,18.746368,1,18.813951
680,16,64,-1,-1,-1,-1,-1,18.809856,1,18.876415
681,16,64,-1,-1,-1,-1,-1,18.774015,1,18.838528
682,16,64,-1,-1,-1,-1,-1,18.80064,1,18.866177
683,16,64,-1,-1,-1,-1,-1,18.711552,1,18.778112
684,16,1085,-1,-1,-1,-1,-1,-1,0,75.762688
685,16,64,-1,-1,-1,-1,-1,18.937857,1,18.996223
686,16,64,-1,-1,-1,-1,-1,18.75968,1,18.819073
687,16,64,-1,-1,-1,-1,-1,18.718719,1,18.764799
688,16,64,-1,-1,-1,-1,-1,18.675713,1,18.74432
689,16,64,-1,-1,-1,-1,-1,18.633728,1,18.699265
690,16,1085,-1,-1,-1,-1,-1,-1,0,75.824127
691,16,1085,-1,-1,-1,-1,-1,-1,0,77.358078
692,16,1085,-1,-1,-1,-1,-1,-1,0,77.157379
693,16,2106,-1,-1,-1,-1,-1,-1,0,140.351486
694,16,64,-1,-1,-1,-1,-1,18.940928,1,19.007488
695,16,64,-1,-1,-1,-1,-1,18.745344,1,18.816
696,16,64,-1,-1,-1,-1,-1,18.613249,1,18.678783
697,16,64,-1,-1,-1,-1,-1,18.639872,1,18.706432
698,16,1085,-1,-1,-1,-1,-1,-1,0,75.889664
699,16,1084,-1,-1,-1,-1,-1,-1,0,77.09594
700,16,64,-1,-1,-1,-1,-1,18.88768,1,18.945024
701,16,64,-1,-1,-1,-1,-1,18.692097,1,18.758656
702,16,64,-1,-1,-1,-1,-1,18.580481,1,18.637823
703,16,64,-1,-1,-1,-1,-1,18.540545,1,18.584576
704,16,64,-1,-1,-1,-1,-1,18.784256,1,18.851839
705,16,1085,-1,-1,-1,-1,-1,-1,0,75.657219
706,16,2106,-1,-1,-1,-1,-1,-1,0,139.244537
707,16,1085,-1,-1,-1,-1,-1,-1,0,77.391869
708,16,64,-1,-1,-1,-1,-1,18.855936,1,18.897921
709,16,64,-1,-1,-1,-1,-1,18.67264,1,18.739201
710,16,64,-1,-1,-1,-1,-1,18.823168,1,18.868223
711,16,64,-1,-1,-1,-1,-1,18.783232,1,18.845695
712,16,1085,-1,-1,-1,-1,-1,-1,0,75.831299
713,16,64,-1,-1,-1,-1,-1,19.104769,1,19.171328
714,16,64,-1,-1,-1,-1,-1,18.936832,1,19.002369
715,16,64,-1,-1,-1,-1,-1,18.798592,1,18.864128
716,16,64,-1,-1,-1,-1,-1,18.765823,1,18.83136
717,16,64,-1,-1,-1,-1,-1,18.706432,1,18.772991
718,16,1085,-1,-1,-1,-1,-1,-1,0,75.925507
719,16,64,-1,-1,-1,-1,-1,19.037184,1,19.095552
720,16,1084,-1,-1,-1,-1,-1,-1,0,76.040192
721,16,64,-1,-1,-1,-1,-1,18.929665,1,18.989056
722,16,64,-1,-1,-1,-1,-1,18.724863,1,18.7904
723,16,64,-1,-1,-1,-1,-1,18.664448,1,18.729984
724,16,64,-1,-1,-1,-1,-1,18.549761,1,18.615295
725,16,64,-1,-1,-1,-1,-1,18.545664,1,18.589697
726,16,64,-1,-1,-1,-1,-1,18.54464,1,18.610176
727,16,64,-1,-1,-1,-1,-1,18.515968,1,18.583551
728,16,64,-1,-1,-1,-1,-1,18.456575,1,18.521088
729,16,64,-1,-1,-1,-1,-1,18.4832,1,18.548737
730,16,64,-1,-1,-1,-1,-1,18.501633,1,18.571264
731,16,1085,-1,-1,-1,-1,-1,-1,0,75.88147
732,16,64,-1,-1,-1,-1,-1,18.936832,1,18.995199
733,16,64,-1,-1,-1,-1,-1,18.735104,1,18.802689
734,16,64,-1,-1,-1,-1,-1,18.639872,1,18.705408
735,16,64,-1,-1,-1,-1,-1,18.583551,1,18.650112
736,16,64,-1,-1,-1,-1,-1,18.574335,1,18.64192
737,16,64,-1,-1,-1,-1,-1,18.748417,1,18.813951
738,16,1085,-1,-1,-1,-1,-1,-1,0,75.725822
739,16,64,-1,-1,-1,-1,-1,19.018751,1,19.090431
740,16,64,-1,-1,-1,-1,-1,18.90304,1,18.969601
741,16,2106,-1,-1,-1,-1,-1,-1,0,138.947586
742,16,64,-1,-1,-1,-1,-1,18.927616,1,18.993153
743,16,64,-1,-1,-1,-1,-1,18.742271,1,18.808832
744,16,2106,-1,-1,-1,-1,-1,-1,0,138.161148
745,16,64,-1,-1,-1,-1,-1,19.141632,1,19.198977
746,16,1085,-1,-1,-1,-1,-1,-1,0,76.316673
747,16,64,-1,-1,-1,-1,-1,19.116032,1,19.183617
748,16,64,-1,-1,-1,-1,-1,18.929665,1,18.999296
749,16,1085,-1,-1,-1,-1,-1,-1,0,75.952126
750,16,1085,-1,-1,-1,-1,-1,-1,0,77.411331
751,16,64,-1,-1,-1,-1,-1,18.926592,1,18.994177
752,16,64,-1,-1,-1,-1,-1,18.706432,1,18.774015
753,16,64,-1,-1,-1,-1,-1,18.636801,1,18.696192
754,16,64,-1,-1,-1,-1,-1,18.553856,1,18.622463
755,16,1084,-1,-1,-1,-1,-1,-1,0,75.600899
756,16,64,-1,-1,-1,-1,-1,19.024897,1,19.091455
757,16,64,-1,-1,-1,-1,-1,18.839552,1,18.907137
758,16,64,-1,-1,-1,-1,-1,18.797567,1,18.866177
759,16,1085,-1,-1,-1,-1,-1,-1,0,76.14566
760,16,64,-1,-1,-1,-1,-1,19.028992,1,19.088385
761,16,1085,-1,-1,-1,-1,-1,-1,0,76.445694
762,16,1085,-1,-1,-1,-1,-1,-1,0,77.384705
763,16,64,-1,-1,-1,-1,-1,18.836479,1,18.904064
764,16,64,-1,-1,-1,-1,-1,18.694143,1,18.760704
765,16,64,-1,-1,-1,-1,-1,18.579456,1,18.646015
766,16,64,-1,-1,-1,-1,-1,18.591743,1,18.660353
767,16,1084,-1,-1,-1,-1,-1,-1,0,76.133377
768,16,64,-1,-1,-1,-1,-1,19.017729,1,19.06176
769,16,64,-1,-1,-1,-1,-1,18.850817,1,18.919424
770,16,64,-1,-1,-1,-1,-1,18.705408,1,18.771969
771,16,64,-1,-1,-1,-1,-1,18.603008,1,18.669567
772,16,64,-1,-1,-1,-1,-1,18.619392,1,18.685951
773,16,64,-1,-1,-1,-1,-1,18.656256,1,18.721792
774,16,1084,-1,-1,-1,-1,-1,-1,0,75.419647
775,16,64,-1,-1,-1,-1,-1,18.88768,1,18.953217
776,16,64,-1,-1,-1,-1,-1,18.670591,1,18.737152
777,16,64,-1,-1,-1,-1,-1,18.69824,1,18.755585
778,16,1085,-1,-1,-1,-1,-1,-1,0,75.99411
779,16,1085,-1,-1,-1,-1,-1,-1,0,77.654015
780,16,64,-1,-1,-1,-1,-1,18.978815,1,19.022848
781,16,64,-1,-1,-1,-1,-1,18.832384,1,18.900991
782,16,64,-1,-1,-1,-1,-1,18.666496,1,18.729984
783,16,64,-1,-1,-1,-1,-1,18.516993,1,18.5856
784,16,64,-1,-1,-1,-1,-1,18.567167,1,18.633728
785,16,64,-1,-1,-1,-1,-1,18.579456,1,18.647039
786,16,1085,-1,-1,-1,-1,-1,-1,0,75.64595
787,16,64,-1,-1,-1,-1,-1,18.883583,1,18.952192
788,16,64,-1,-1,-1,-1,-1,18.722816,1,18.788351
789,16,64,-1,-1,-1,-1,-1,18.574335,1,18.642944
790,16,1085,-1,-1,-1,-1,-1,-1,0,75.888641
791,16,64,-1,-1,-1,-1,-1,18.991104,1,19.049473
792,16,1085,-1,-1,-1,-1,-1,-1,0,76.801025
793,16,1085,-1,-1,-1,-1,-1,-1,0,77.396996
794,16,1085,-1,-1,-1,-1,-1,-1,0,77.382652
795,16,1084,-1,-1,-1,-1,-1,-1,0,77.106178
796,16,64,-1,-1,-1,-1,-1,18.982912,1,19.040257
797,16,64,-1,-1,-1,-1,-1,18.932735,1,19.001345
798,16,64,-1,-1,-1,-1,-1,18.788351,1,18.84672
799,16,64,-1,-1,-1,-1,-1,18.809856,1,18.876415
800,16,1085,-1,-1,-1,-1,-1,-1,0,76.088318
801,16,64,-1,-1,-1,-1,-1,19.146751,1,19.207169
802,16,1085,-1,-1,-1,-1,-1,-1,0,76.681213
803,16,1084,-1,-1,-1,-1,-1,-1,0,77.069313
804,16,64,-1,-1,-1,-1,-1,18.878464,1,18.934784
805,16,1085,-1,-1,-1,-1,-1,-1,0,76.310532
806,16,64,-1,-1,-1,-1,-1,18.87232,1,18.938881
807,16,64,-1,-1,-1,-1,-1,18.662399,1,18.729984
808,16,64,-1,-1,-1,-1,-1,18.550783,1,18.618368
809,16,64,-1,-1,-1,-1,-1,18.514944,1,18.573313
810,16,64,-1,-1,-1,-1,-1,18.542591,1,18.609152
811,16,64,-1,-1,-1,-1,-1,18.575359,1,18.642944
812,16,1085,-1,-1,-1,-1,-1,-1,0,75.503616
813,16,64,-1,-1,-1,-1,-1,18.906113,1,18.973696
814,16,64,-1,-1,-1,-1,-1,18.716673,1,18.783232
815,16,1085,-1,-1,-1,-1,-1,-1,0,75.920387
816,16,64,-1,-1,-1,-1,-1,18.864128,1,18.930689
817,16,64,-1,-1,-1,-1,-1,18.660353,1,18.726912
818,16,64,-1,-1,-1,-1,-1,18.607103,1,18.651136
819,16,64,-1,-1,-1,-1,-1,18.594816,1,18.652161
820,16,1069,-1,-1,-1,-1,-1,-1,0,76.116989
821,16,64,-1,-1,-1,-1,-1,18.895872,1,18.957312
822,16,64,-1,-1,-1,-1,-1,18.717695,1,18.77504
823,16,64,-1,-1,-1,-1,-1,18.59584,1,18.663424
824,16,64,-1,-1,-1,-1,-1,18.573313,1,18.637823
825,16,64,-1,-1,-1,-1,-1,18.575359,1,18.642944
826,16,1085,-1,-1,-1,-1,-1,-1,0,76.216316
827,16,64,-1,-1,-1,-1,-1,18.851839,1,18.912256
828,16,64,-1,-1,-1,-1,-1,18.706432,1,18.774015
829,16,64,-1,-1,-1,-1,-1,18.577408,1,18.646015
830,16,64,-1,-1,-1,-1,-1,18.578432,1,18.643969
831,16,64,-1,-1,-1,-1,-1,18.737152,1,18.797567
832,16,64,-1,-1,-1,-1,-1,18.783232,1,18.848768
833,16,64,-1,-1,-1,-1,-1,18.793472,1,18.860031
834,16,1085,-1,-1,-1,-1,-1,-1,0,75.556862
835,16,1085,-1,-1,-1,-1,-1,-1,0,77.378563
836,16,64,-1,-1,-1,-1,-1,18.877439,1,18.944
837,16,64,-1,-1,-1,-1,-1,18.709503,1,18.777088
838,16,64,-1,-1,-1,-1,-1,18.606079,1,18.663424
839,16,1085,-1,-1,-1,-1,-1,-1,0,75.866112
840,16,64,-1,-1,-1,-1,-1,19.028992,1,19.094528
841,16,1085,-1,-1,-1,-1,-1,-1,0,76.380157
842,16,64,-1,-1,-1,-1,-1,19.120129,1,19.185663
843,16,64,-1,-1,-1,-1,-1,18.957312,1,19.026943
844,16,1085,-1,-1,-1,-1,-1,-1,0,76.024834
845,16,2106,-1,-1,-1,-1,-1,-1,0,139.210754
846,16,64,-1,-1,-1,-1,-1,18.849792,1,18.914305
847,16,64,-1,-1,-1,-1,-1,18.688,1,18.745344
848,16,64,-1,-1,-1,-1,-1,18.590719,1,18.658304
849,16,64,-1,-1,-1,-1,-1,18.57024,1,18.636801
850,16,64,-1,-1,-1,-1,-1,18.533377,1,18.597889
851,16,64,-1,-1,-1,-1,-1,18.584576,1,18.650112
852,16,64,-1,-1,-1,-1,-1,18.464767,1,18.532352
853,16,1085,-1,-1,-1,-1,-1,-1,0,75.563011
854,16,64,-1,-1,-1,-1,-1,18.966528,1,19.033089
855,16,1085,-1,-1,-1,-1,-1,-1,0,76.318718
856,16,64,-1,-1,-1,-1,-1,19.132416,1,19.190784
857,16,2106,-1,-1,-1,-1,-1,-1,0,138.156036
858,16,64,-1,-1,-1,-1,-1,18.90304,1,18.970625
859,16,64,-1,-1,-1,-1,-1,18.768896,1,18.814976
860,16,64,-1,-1,-1,-1,-1,18.70336,1,18.76992
861,16,64,-1,-1,-1,-1,-1,18.598911,1,18.666496
862,16,1085,-1,-1,-1,-1,-1,-1,0,75.985924
863,16,64,-1,-1,-1,-1,-1,18.884607,1,18.952192
864,16,64,-1,-1,-1,-1,-1,18.726912,1,18.793472
865,16,64,-1,-1,-1,-1,-1,18.580481,1,18.644993
866,16,1085,-1,-1,-1,-1,-1,-1,0,75.82003
867,16,64,-1,-1,-1,-1,-1,18.85696,1,18.924543
868,16,64,-1,-1,-1,-1,-1,18.729984,1,18.788351
869,16,64,-1,-1,-1,-1,-1,18.712576,1,18.770945
870,16,64,-1,-1,-1,-1,-1,18.751488,1,18.809856
871,16,64,-1,-1,-1,-1,-1,18.694143,1,18.75968
872,16,1085,-1,-1,-1,-1,-1,-1,0,75.697151
873,16,64,-1,-1,-1,-1,-1,19.075071,1,19.140608
874,16,1085,-1,-1,-1,-1,-1,-1,0,76.252159
875,16,64,-1,-1,-1,-1,-1,18.834433,1,18.892799
876,16,64,-1,-1,-1,-1,-1,18.678783,1,18.723841
877,16,64,-1,-1,-1,-1,-1,18.608128,1,18.676737
878,16,64,-1,-1,-1,-1,-1,18.757631,1,18.801664
879,16,64,-1,-1,-1,-1,-1,18.792448,1,18.857985
880,16,64,-1,-1,-1,-1,-1,18.731009,1,18.797567
881,16,64,-1,-1,-1,-1,-1,18.722816,1,18.781183
882,16,1085,-1,-1,-1,-1,-1,-1,0,75.959297
883,16,64,-1,-1,-1,-1,-1,19.186687,1,19.244032
884,16,64,-1,-1,-1,-1,-1,18.939903,1,19.008512
885,16,64,-1,-1,-1,-1,-1,18.836479,1,18.904064
886,16,64,-1,-1,-1,-1,-1,18.761728,1,18.819073
887,16,64,-1,-1,-1,-1,-1,18.939903,1,19.007488
888,16,64,-1,-1,-1,-1,-1,18.909184,1,18.97472
889,16,64,-1,-1,-1,-1,-1,18.888704,1,18.955263
890,16,4148,-1,-1,-1,-1,-1,-1,0,261.523468
891,16,64,-1,-1,-1,-1,-1,18.927616,1,18.984961
892,16,64,-1,-1,-1,-1,-1,18.707457,1,18.776064
893,16,64,-1,-1,-1,-1,-1,18.578432,1,18.623487
894,16,64,-1,-1,-1,-1,-1,18.53952,1,18.605057
895,16,64,-1,-1,-1,-1,-1,18.538496,1,18.606079
896,16,64,-1,-1,-1,-1,-1,18.52928,1,18.59584
897,16,64,-1,-1,-1,-1,-1,18.610176,1,18.673664
898,16,64,-1,-1,-1,-1,-1,18.673664,1,18.739201
899,16,1085,-1,-1,-1,-1,-1,-1,0,75.93779
900,16,1084,-1,-1,-1,-1,-1,-1,0,77.135872
901,16,64,-1,-1,-1,-1,-1,19.067904,1,19.135489
902,16,2106,-1,-1,-1,-1,-1,-1,0,138.080261
903,16,64,-1,-1,-1,-1,-1,18.919424,1,18.984961
904,16,64,-1,-1,-1,-1,-1,18.905088,1,18.971647
905,16,64,-1,-1,-1,-1,-1,18.83136,1,18.875393
906,16,64,-1,-1,-1,-1,-1,18.830336,1,18.896896
907,16,64,-1,-1,-1,-1,-1,18.827265,1,18.895872
908,16,2106,-1,-1,-1,-1,-1,-1,0,137.673721
909,16,64,-1,-1,-1,-1,-1,18.850817,1,18.894848
910,16,64,-1,-1,-1,-1,-1,18.653185,1,18.69824
911,16,64,-1,-1,-1,-1,-1,18.549761,1,18.618368
912,16,1085,-1,-1,-1,-1,-1,-1,0,75.974655
913,16,64,-1,-1,-1,-1,-1,18.936832,1,19.007488
914,16,1084,-1,-1,-1,-1,-1,-1,0,76.427261
915,16,64,-1,-1,-1,-1,-1,18.935808,1,18.996223
916,16,64,-1,-1,-1,-1,-1,18.786304,1,18.83136
917,16,64,-1,-1,-1,-1,-1,18.587648,1,18.654207
918,16,64,-1,-1,-1,-1,-1,18.546688,1,18.6112
919,16,64,-1,-1,-1,-1,-1,18.592768,1,18.650112
920,16,64,-1,-1,-1,-1,-1,18.618368,1,18.684929
921,16,64,-1,-1,-1,-1,-1,18.546688,1,18.6112
922,16,64,-1,-1,-1,-1,-1,18.683905,1,18.750463
923,16,64,-1,-1,-1,-1,-1,18.701311,1,18.763777
924,16,64,-1,-1,-1,-1,-1,18.686975,1,18.742271
925,16,64,-1,-1,-1,-1,-1,18.748417,1,18.814976
926,16,1085,-1,-1,-1,-1,-1,-1,0,75.619331
927,16,64,-1,-1,-1,-1,-1,19.122175,1,19.188736
928,16,1085,-1,-1,-1,-1,-1,-1,0,76.356606
929,16,64,-1,-1,-1,-1,-1,18.878464,1,18.944
930,16,64,-1,-1,-1,-1,-1,18.685951,1,18.751488
931,16,64,-1,-1,-1,-1,-1,18.571264,1,18.637823
932,16,64,-1,-1,-1,-1,-1,18.527231,1,18.571264
933,16,64,-1,-1,-1,-1,-1,18.569216,1,18.635777
934,16,64,-1,-1,-1,-1,-1,18.569216,1,18.634752
935,16,64,-1,-1,-1,-1,-1,18.494465,1,18.559999
936,16,64,-1,-1,-1,-1,-1,18.46784,1,18.534401
937,16,64,-1,-1,-1,-1,-1,18.4576,1,18.523136
938,16,1085,-1,-1,-1,-1,-1,-1,0,75.905022
939,16,1085,-1,-1,-1,-1,-1,-1,0,77.624321
940,16,64,-1,-1,-1,-1,-1,19.247105,1,19.313663
941,16,2106,-1,-1,-1,-1,-1,-1,0,139.115524
942,16,64,-1,-1,-1,-1,-1,19.171328,1,19.215361
943,16,64,-1,-1,-1,-1,-1,18.955263,1,19.022848
944,16,1085,-1,-1,-1,-1,-1,-1,0,76.19072
945,16,64,-1,-1,-1,-1,-1,18.879488,1,18.946049
946,16,64,-1,-1,-1,-1,-1,18.714624,1,18.798592
947,16,64,-1,-1,-1,-1,-1,18.572289,1,18.638847
948,16,64,-1,-1,-1,-1,-1,18.707457,1,18.774015
949,16,64,-1,-1,-1,-1,-1,18.732033,1,18.795521
950,16,64,-1,-1,-1,-1,-1,18.798592,1,18.875393
951,16,64,-1,-1,-1,-1,-1,18.741247,1,18.80064
952,16,64,-1,-1,-1,-1,-1,18.900991,1,18.965504
953,16,64,-1,-1,-1,-1,-1,18.911232,1,18.968576
954,16,1085,-1,-1,-1,-1,-1,-1,0,75.528191
955,16,64,-1,-1,-1,-1,-1,19.431423,1,19.489792
956,16,1084,-1,-1,-1,-1,-1,-1,0,76.230659
957,16,64,-1,-1,-1,-1,-1,19.169279,1,19.234816
958,16,1085,-1,-1,-1,-1,-1,-1,0,76.49382
959,16,64,-1,-1,-1,-1,-1,19.054592,1,19.121153
960,16,64,-1,-1,-1,-1,-1,18.906113,1,18.967552
961,16,1084,-1,-1,-1,-1,-1,-1,0,75.659264
962,16,1085,-1,-1,-1,-1,-1,-1,0,77.55571
963,16,64,-1,-1,-1,-1,-1,19.161089,1,19.226624
964,16,64,-1,-1,-1,-1,-1,19.069952,1,19.137535
965,16,64,-1,-1,-1,-1,-1,18.9184,1,18.985985
966,16,64,-1,-1,-1,-1,-1,18.970625,1,19.030016
967,16,1085,-1,-1,-1,-1,-1,-1,0,75.910141
968,16,1085,-1,-1,-1,-1,-1,-1,0,77.010941
969,16,1053,-1,-1,-1,-1,-1,-1,0,77.127678
970,16,64,-1,-1,-1,-1,-1,19.10784,1,19.175425
971,16,1084,-1,-1,-1,-1,-1,-1,0,76.504066
972,16,64,-1,-1,-1,-1,-1,18.952192,1,19.010559
973,16,64,-1,-1,-1,-1,-1,18.731009,1,18.798592
974,16,64,-1,-1,-1,-1,-1,18.655231,1,18.721792
975,16,64,-1,-1,-1,-1,-1,18.54464,1,18.6112
976,16,64,-1,-1,-1,-1,-1,18.54464,1,18.603008
977,16,64,-1,-1,-1,-1,-1,18.550783,1,18.61632
978,16,64,-1,-1,-1,-1,-1,18.484224,1,18.549761
979,16,1085,-1,-1,-1,-1,-1,-1,0,75.817986
980,16,64,-1,-1,-1,-1,-1,18.923519,1,18.979839
981,16,64,-1,-1,-1,-1,-1,18.912256,1,18.975744
982,16,64,-1,-1,-1,-1,-1,18.867201,1,18.93376
983,16,64,-1,-1,-1,-1,-1,18.776064,1,18.832384
984,16,64,-1,-1,-1,-1,-1,18.764799,1,18.83136
985,16,64,-1,-1,-1,-1,-1,18.760704,1,18.827265
986,16,64,-1,-1,-1,-1,-1,18.710527,1,18.75456
987,16,1085,-1,-1,-1,-1,-1,-1,0,75.572227
988,16,64,-1,-1,-1,-1,-1,19.050495,1,19.111937
989,16,2105,-1,-1,-1,-1,-1,-1,0,138.906631
990,16,64,-1,-1,-1,-1,-1,19.137535,1,19.203072
991,16,64,-1,-1,-1,-1,-1,18.970625,1,19.032064
992,16,64,-1,-1,-1,-1,-1,19.032064,1,19.076096
993,16,64,-1,-1,-1,-1,-1,19.011583,1,19.078144
994,16,64,-1,-1,-1,-1,-1,18.942976,1,19.011583
995,16,64,-1,-1,-1,-1,-1,18.978815,1,19.044352
996,16,1085,-1,-1,-1,-1,-1,-1,0,75.785217
997,16,64,-1,-1,-1,-1,-1,19.245056,1,19.303425
998,16,64,-1,-1,-1,-1,-1,19.050495,1,19.120129
999,16,1085,-1,-1,-1,-1,-1,-1,0,76.434433
1000,16,64,-1,-1,-1,-1,-1,19.127296,1,19.192833
1001,16,64,-1,-1,-1,-1,-1,19.003391,1,19.070976
1002,16,64,-1,-1,-1,-1,-1,18.817024,1,18.878464
1003,16,1085,-1,-1,-1,-1,-1,-1,0,75.941887
1004,16,64,-1,-1,-1,-1,-1,19.059711,1,19.13344
1005,16,64,-1,-1,-1,-1,-1,19.07712,1,19.143681
1006,16,1085,-1,-1,-1,-1,-1,-1,0,76.027901
1007,16,64,-1,-1,-1,-1,-1,19.135489,1,19.200001
1008,16,1085,-1,-1,-1,-1,-1,-1,0,76.38221
1009,16,64,-1,-1,-1,-1,-1,18.994177,1,19.060736
1010,16,64,-1,-1,-1,-1,-1,18.75968,1,18.827265
1011,16,64,-1,-1,-1,-1,-1,18.801664,1,18.867201
1012,16,64,-1,-1,-1,-1,-1,18.717695,1,18.78528
1013,16,1085,-1,-1,-1,-1,-1,-1,0,75.896835
1014,16,64,-1,-1,-1,-1,-1,19.039232,1,19.082239
1015,16,64,-1,-1,-1,-1,-1,18.888704,1,18.954241
1016,16,1085,-1,-1,-1,-1,-1,-1,0,75.938812
1017,16,1085,-1,-1,-1,-1,-1,-1,0,77.43795
1018,16,64,-1,-1,-1,-1,-1,18.936832,1,18.994177
1019,16,64,-1,-1,-1,-1,-1,18.767872,1,18.834433
1020,16,64,-1,-1,-1,-1,-1,18.633728,1,18.70336
1021,16,64,-1,-1,-1,-1,-1,18.607103,1,18.665472
1022,16,1085,-1,-1,-1,-1,-1,-1,0,76.22451
1023,16,1085,-1,-1,-1,-1,-1,-1,0,77.523972
1024,16,1085,-1,-1,-1,-1,-1,-1,0,77.36013
1025,16,64,-1,-1,-1,-1,-1,18.855936,1,18.915327
1026,16,64,-1,-1,-1,-1,-1,18.706432,1,18.772991
1027,16,64,-1,-1,-1,-1,-1,18.552832,1,18.620417
1028,16,64,-1,-1,-1,-1,-1,18.514944,1,18.581505
1029,16,64,-1,-1,-1,-1,-1,18.556929,1,18.623487
1030,16,64,-1,-1,-1,-1,-1,18.504704,1,18.547712
1031,16,64,-1,-1,-1,-1,-1,18.614271,1,18.681856
1032,16,1085,-1,-1,-1,-1,-1,-1,0,75.850754
1033,16,64,-1,-1,-1,-1,-1,19.105791,1,19.172352
1034,16,64,-1,-1,-1,-1,-1,18.910208,1,18.975744
1035,16,1085,-1,-1,-1,-1,-1,-1,0,75.903999
1036,16,64,-1,-1,-1,-1,-1,19.093504,1,19.154943
1037,16,64,-1,-1,-1,-1,-1,18.929665,1,18.998272
1038,16,64,-1,-1,-1,-1,-1,18.802689,1,18.869247
1039,16,64,-1,-1,-1,-1,-1,18.818048,1,18.876415
1040,16,1085,-1,-1,-1,-1,-1,-1,0,76.367874
1041,16,64,-1,-1,-1,-1,-1,19.003391,1,19.070976
1042,16,64,-1,-1,-1,-1,-1,18.753536,1,18.821119
1043,16,64,-1,-1,-1,-1,-1,18.702335,1,18.746368
1044,16,2105,-1,-1,-1,-1,-1,-1,0,138.903549
1045,16,64,-1,-1,-1,-1,-1,18.826241,1,18.892799
1046,16,64,-1,-1,-1,-1,-1,18.678783,1,18.745344
1047,16,64,-1,-1,-1,-1,-1,18.745344,1,18.789375
1048,16,64,-1,-1,-1,-1,-1,18.699265,1,18.764799
1049,16,1085,-1,-1,-1,-1,-1,-1,0,75.734016
1050,16,64,-1,-1,-1,-1,-1,19.100672,1,19.156992
1051,16,1085,-1,-1,-1,-1,-1,-1,0,76.589058
1052,16,64,-1,-1,-1,-1,-1,18.945024,1,18.989056
1053,16,64,-1,-1,-1,-1,-1,18.736128,1,18.794497
1054,16,64,-1,-1,-1,-1,-1,18.825216,1,18.891775
1055,16,64,-1,-1,-1,-1,-1,18.78528,1,18.851839
1056,16,1084,-1,-1,-1,-1,-1,-1,0,75.804672
1057,16,64,-1,-1,-1,-1,-1,19.241983,1,19.30752
1058,16,1085,-1,-1,-1,-1,-1,-1,0,76.364799
1059,16,1085,-1,-1,-1,-1,-1,-1,0,77.351936
1060,16,64,-1,-1,-1,-1,-1,18.886656,1,18.947071
1061,16,64,-1,-1,-1,-1,-1,18.735104,1,18.802689
1062,16,64,-1,-1,-1,-1,-1,18.586624,1,18.655231
1063,16,64,-1,-1,-1,-1,-1,18.55488,1,18.621441
1064,16,1085,-1,-1,-1,-1,-1,-1,0,76.301315
1065,16,1085,-1,-1,-1,-1,-1,-1,0,77.309952
1066,16,64,-1,-1,-1,-1,-1,18.908159,1,18.975744
1067,16,64,-1,-1,-1,-1,-1,18.951168,1,19.018751
1068,16,1085,-1,-1,-1,-1,-1,-1,0,77.069313
1069,16,64,-1,-1,-1,-1,-1,19.026943,1,19.094528
1070,16,64,-1,-1,-1,-1,-1,18.765823,1,18.833408
1071,16,64,-1,-1,-1,-1,-1,18.832384,1,18.898945
1072,16,64,-1,-1,-1,-1,-1,18.976768,1,19.044352
1073,16,64,-1,-1,-1,-1,-1,19.014656,1,19.079168
1074,16,64,-1,-1,-1,-1,-1,18.989056,1,19.056641
1075,16,64,-1,-1,-1,-1,-1,18.979839,1,19.0464
1076,16,64,-1,-1,-1,-1,-1,18.90304,1,18.960384
1077,16,1085,-1,-1,-1,-1,-1,-1,0,76.131325
1078,16,64,-1,-1,-1,-1,-1,19.343361,1,19.410944
1079,16,64,-1,-1,-1,-1,-1,19.025921,1,19.09248
1080,16,1084,-1,-1,-1,-1,-1,-1,0,75.938812
1081,16,64,-1,-1,-1,-1,-1,19.153919,1,19.213312
1082,16,1084,-1,-1,-1,-1,-1,-1,0,76.174339
1083,16,64,-1,-1,-1,-1,-1,19.10272,1,19.169279
1084,16,64,-1,-1,-1,-1,-1,18.895872,1,18.955263
1085,16,1085,-1,-1,-1,-1,-1,-1,0,76.11187
1086,16,64,-1,-1,-1,-1,-1,19.050495,1,19.119104
1087,16,64,-1,-1,-1,-1,-1,18.758656,1,18.827265
1088,16,1085,-1,-1,-1,-1,-1,-1,0,76.193794
1089,16,1085,-1,-1,-1,-1,-1,-1,0,78.065666
1090,16,64,-1,-1,-1,-1,-1,18.888704,1,18.957312
1091,16,64,-1,-1,-1,-1,-1,18.699265,1,18.743296
1092,16,64,-1,-1,-1,-1,-1,18.59584,1,18.663424
1093,16,64,-1,-1,-1,-1,-1,18.52416,1,18.590719
1094,16,64,-1,-1,-1,-1,-1,18.527231,1,18.592768
1095,16,1085,-1,-1,-1,-1,-1,-1,0,76.163071
1096,16,1085,-1,-1,-1,-1,-1,-1,0,78.376961
1097,16,64,-1,-1,-1,-1,-1,18.955263,1,19.021824
1098,16,64,-1,-1,-1,-1,-1,18.739201,1,18.804735
1099,16,1085,-1,-1,-1,-1,-1,-1,0,76.346367
1100,16,64,-1,-1,-1,-1,-1,18.944,1,19.010559
1101,16,64,-1,-1,-1,-1,-1,18.774015,1,18.840576
1102,16,64,-1,-1,-1,-1,-1,18.599936,1,18.665472
1103,16,64,-1,-1,-1,-1,-1,18.528255,1,18.592768
1104,16,64,-1,-1,-1,-1,-1,18.655231,1,18.712576
1105,16,64,-1,-1,-1,-1,-1,18.854912,1,18.922497
1106,16,1085,-1,-1,-1,-1,-1,-1,0,76.094467
1107,16,64,-1,-1,-1,-1,-1,19.214336,1,19.280895
1108,16,64,-1,-1,-1,-1,-1,19.024897,1,19.093504
1109,16,64,-1,-1,-1,-1,-1,18.916351,1,18.982912
1110,16,64,-1,-1,-1,-1,-1,18.861055,1,18.917376
1111,16,1085,-1,-1,-1,-1,-1,-1,0,76.266495
1112,16,64,-1,-1,-1,-1,-1,19.150848,1,19.206144
1113,16,1085,-1,-1,-1,-1,-1,-1,0,76.686333
1114,16,64,-1,-1,-1,-1,-1,18.851839,1,18.917376
1115,16,64,-1,-1,-1,-1,-1,18.675713,1,18.743296
1116,16,1085,-1,-1,-1,-1,-1,-1,0,76.108803
1117,16,64,-1,-1,-1,-1,-1,19.4048,1,19.471359
1118,16,1085,-1,-1,-1,-1,-1,-1,0,76.664833
1119,16,1085,-1,-1,-1,-1,-1,-1,0,77.992958
1120,16,64,-1,-1,-1,-1,-1,19.1744,1,19.239937
1121,16,1085,-1,-1,-1,-1,-1,-1,0,76.686333
1122,16,64,-1,-1,-1,-1,-1,19.086336,1,19.152897
1123,16,64,-1,-1,-1,-1,-1,18.874369,1,18.940928
1124,16,1085,-1,-1,-1,-1,-1,-1,0,76.087296
1125,16,64,-1,-1,-1,-1,-1,19.003391,1,19.068928
1126,16,64,-1,-1,-1,-1,-1,18.722816,1,18.783232
1127,16,64,-1,-1,-1,-1,-1,18.644993,1,18.712576
1128,16,64,-1,-1,-1,-1,-1,18.592768,1,18.650112
1129,16,64,-1,-1,-1,-1,-1,18.598911,1,18.665472
1130,16,64,-1,-1,-1,-1,-1,18.57024,1,18.635777
1131,16,64,-1,-1,-1,-1,-1,18.557953,1,18.623487
1132,16,1085,-1,-1,-1,-1,-1,-1,0,75.806717
1133,16,64,-1,-1,-1,-1,-1,18.962433,1,19.028992
1134,16,64,-1,-1,-1,-1,-1,18.780161,1,18.84672
1135,16,64,-1,-1,-1,-1,-1,18.625536,1,18.691072
1136,16,1085,-1,-1,-1,-1,-1,-1,0,76.293121
1137,16,64,-1,-1,-1,-1,-1,19.280895,1,19.339264
1138,16,1085,-1,-1,-1,-1,-1,-1,0,76.673027
1139,16,1085,-1,-1,-1,-1,-1,-1,0,77.798401
1140,16,1085,-1,-1,-1,-1,-1,-1,0,77.889534
1141,16,64,-1,-1,-1,-1,-1,18.912256,1,18.978815
1142,16,64,-1,-1,-1,-1,-1,18.670591,1,18.714624
1143,16,1085,-1,-1,-1,-1,-1,-1,0,75.93779
1144,16,64,-1,-1,-1,-1,-1,18.960384,1,19.018751
1145,16,64,-1,-1,-1,-1,-1,18.777088,1,18.84672
1146,16,1085,-1,-1,-1,-1,-1,-1,0,76.514305
1147,16,64,-1,-1,-1,-1,-1,18.998272,1,19.065857
1148,16,64,-1,-1,-1,-1,-1,18.7136,1,18.771969
1149,16,64,-1,-1,-1,-1,-1,18.625536,1,18.685951
1150,16,64,-1,-1,-1,-1,-1,18.563072,1,18.629633
1151,16,64,-1,-1,-1,-1,-1,18.590719,1,18.658304
1152,16,64,-1,-1,-1,-1,-1,18.577408,1,18.64192
1153,16,1037,-1,-1,-1,-1,-1,-1,0,75.212799
1154,16,64,-1,-1,-1,-1,-1,18.951168,1,19.016705
1155,16,64,-1,-1,-1,-1,-1,18.733055,1,18.80064
1156,16,64,-1,-1,-1,-1,-1,18.816,1,18.883583
1157,16,64,-1,-1,-1,-1,-1,18.756607,1,18.823168
1158,16,1085,-1,-1,-1,-1,-1,-1,0,76.19072
1159,16,64,-1,-1,-1,-1,-1,19.007488,1,19.052544
1160,16,64,-1,-1,-1,-1,-1,18.719744,1,18.78528
1161,16,2106,-1,-1,-1,-1,-1,-1,0,138.68544
1162,16,64,-1,-1,-1,-1,-1,18.93376,1,19.001345
1163,16,64,-1,-1,-1,-1,-1,18.979839,1,19.048449
1164,16,2106,-1,-1,-1,-1,-1,-1,0,139.143173
1165,16,64,-1,-1,-1,-1,-1,18.972672,1,19.037184
1166,16,64,-1,-1,-1,-1,-1,18.719744,1,18.778112
1167,16,64,-1,-1,-1,-1,-1,18.5856,1,18.643969
1168,16,64,-1,-1,-1,-1,-1,18.537472,1,18.605057
1169,16,64,-1,-1,-1,-1,-1,18.766848,1,18.811905
1170,16,64,-1,-1,-1,-1,-1,18.838528,1,18.905088
1171,16,64,-1,-1,-1,-1,-1,18.697216,1,18.761728
1172,16,1085,-1,-1,-1,-1,-1,-1,0,76.000259
1173,16,64,-1,-1,-1,-1,-1,19.238913,1,19.304447
1174,16,1085,-1,-1,-1,-1,-1,-1,0,76.385277
1175,16,64,-1,-1,-1,-1,-1,18.971647,1,19.037184
1176,16,64,-1,-1,-1,-1,-1,18.736128,1,18.794497
1177,16,64,-1,-1,-1,-1,-1,18.61632,1,18.68288
1178,16,1085,-1,-1,-1,-1,-1,-1,0,76.231682
1179,16,64,-1,-1,-1,-1,-1,18.937857,1,19.00544
1180,16,64,-1,-1,-1,-1,-1,18.720768,1,18.787329
1181,16,64,-1,-1,-1,-1,-1,18.531328,1,18.598911
1182,16,64,-1,-1,-1,-1,-1,18.543615,1,18.609152
1183,16,64,-1,-1,-1,-1,-1,18.568192,1,18.634752
1184,16,64,-1,-1,-1,-1,-1,18.534401,1,18.591743
1185,16,64,-1,-1,-1,-1,-1,18.597889,1,18.664448
1186,16,1085,-1,-1,-1,-1,-1,-1,0,76.01664
1187,16,64,-1,-1,-1,-1,-1,19.00032,1,19.059711
1188,16,1085,-1,-1,-1,-1,-1,-1,0,76.929024
1189,16,64,-1,-1,-1,-1,-1,19.182592,1,19.226624
1190,16,64,-1,-1,-1,-1,-1,18.912256,1,18.980864
1191,16,1085,-1,-1,-1,-1,-1,-1,0,76.149757
1192,16,2106,-1,-1,-1,-1,-1,-1,0,140.596222
1193,16,64,-1,-1,-1,-1,-1,18.970625,1,19.028992
1194,16,64,-1,-1,-1,-1,-1,18.724863,1,18.7904
1195,16,64,-1,-1,-1,-1,-1,18.784256,1,18.848768
1196,16,64,-1,-1,-1,-1,-1,18.734079,1,18.80064
1197,16,64,-1,-1,-1,-1,-1,18.971647,1,19.037184
1198,16,1085,-1,-1,-1,-1,-1,-1,0,76.547073
1199,16,1085,-1,-1,-1,-1,-1,-1,0,77.984772
1200,16,64,-1,-1,-1,-1,-1,19.109888,1,19.176449
1201,16,1085,-1,-1,-1,-1,-1,-1,0,77.036545
1202,16,64,-1,-1,-1,-1,-1,18.983936,1,19.050495
1203,16,64,-1,-1,-1,-1,-1,18.715649,1,18.781183
1204,16,64,-1,-1,-1,-1,-1,18.609152,1,18.676737
1205,16,64,-1,-1,-1,-1,-1,18.587648,1,18.655231
1206,16,64,-1,-1,-1,-1,-1,18.555904,1,18.621441
1207,16,1085,-1,-1,-1,-1,-1,-1,0,76.066818
1208,16,64,-1,-1,-1,-1,-1,19.039232,1,19.105791
1209,16,64,-1,-1,-1,-1,-1,18.783232,1,18.842625
1210,16,64,-1,-1,-1,-1,-1,18.704384,1,18.771969
1211,16,64,-1,-1,-1,-1,-1,18.57024,1,18.630655
1212,16,64,-1,-1,-1,-1,-1,18.552832,1,18.6112
1213,16,1085,-1,-1,-1,-1,-1,-1,0,76.061699
1214,16,64,-1,-1,-1,-1,-1,18.921473,1,18.977793
1215,16,64,-1,-1,-1,-1,-1,18.919424,1,18.979839
1216,16,64,-1,-1,-1,-1,-1,18.731009,1,18.797567
1217,16,1085,-1,-1,-1,-1,-1,-1,0,75.996162
1218,16,64,-1,-1,-1,-1,-1,18.945024,1,19.001345
1219,16,64,-1,-1,-1,-1,-1,18.767872,1,18.812927
1220,16,64,-1,-1,-1,-1,-1,18.637823,1,18.705408
1221,16,1085,-1,-1,-1,-1,-1,-1,0,76.186623
1222,16,64,-1,-1,-1,-1,-1,19.178495,1,19.245056
1223,16,64,-1,-1,-1,-1,-1,18.90304,1,18.970625
1224,16,64,-1,-1,-1,-1,-1,18.799616,1,18.861055
1225,16,1085,-1,-1,-1,-1,-1,-1,0,76.274689
1226,16,64,-1,-1,-1,-1,-1,19.090431,1,19.158016
1227,16,64,-1,-1,-1,-1,-1,18.93376,1,19.003391
1228,16,64,-1,-1,-1,-1,-1,18.797567,1,18.864128
1229,16,1085,-1,-1,-1,-1,-1,-1,0,76.10675
1230,16,1085,-1,-1,-1,-1,-1,-1,0,77.321213
1231,16,64,-1,-1,-1,-1,-1,18.926592,1,18.993153
1232,16,1085,-1,-1,-1,-1,-1,-1,0,76.611588
1233,16,64,-1,-1,-1,-1,-1,18.968576,1,19.027967
1234,16,64,-1,-1,-1,-1,-1,18.771969,1,18.838528
1235,16,64,-1,-1,-1,-1,-1,18.633728,1,18.697216
1236,16,64,-1,-1,-1,-1,-1,18.579456,1,18.644993
1237,16,64,-1,-1,-1,-1,-1,18.580481,1,18.625536
1238,16,1085,-1,-1,-1,-1,-1,-1,0,76.165123
1239,16,64,-1,-1,-1,-1,-1,18.924543,1,18.982912
1240,16,1085,-1,-1,-1,-1,-1,-1,0,76.602371
1241,16,64,-1,-1,-1,-1,-1,19.027967,1,19.086336
1242,16,64,-1,-1,-1,-1,-1,18.844671,1,18.888704
1243,16,1085,-1,-1,-1,-1,-1,-1,0,76.778496
1244,16,64,-1,-1,-1,-1,-1,19.047424,1,19.117056
1245,16,1085,-1,-1,-1,-1,-1,-1,0,76.525566
1246,16,64,-1,-1,-1,-1,-1,19.108864,1,19.177471
1247,16,64,-1,-1,-1,-1,-1,18.907137,1,18.973696
1248,16,1085,-1,-1,-1,-1,-1,-1,0,76.169212
1249,16,64,-1,-1,-1,-1,-1,19.068928,1,19.135489
1250,16,1084,-1,-1,-1,-1,-1,-1,0,76.253181
1251,16,64,-1,-1,-1,-1,-1,19.008512,1,19.067904
1252,16,64,-1,-1,-1,-1,-1,18.826241,1,18.893824
1253,16,64,-1,-1,-1,-1,-1,18.695168,1,18.760704
1254,16,64,-1,-1,-1,-1,-1,18.652161,1,18.718719
1255,16,1085,-1,-1,-1,-1,-1,-1,0,76.637184
1256,16,64,-1,-1,-1,-1,-1,19.236864,1,19.304447
1257,16,64,-1,-1,-1,-1,-1,18.988031,1,19.048449
1258,16,64,-1,-1,-1,-1,-1,18.857985,1,18.925568
1259,16,1085,-1,-1,-1,-1,-1,-1,0,76.025856
1260,16,64,-1,-1,-1,-1,-1,19.244032,1,19.302401
1261,16,64,-1,-1,-1,-1,-1,18.998272,1,19.043327
1262,16,1085,-1,-1,-1,-1,-1,-1,0,76.12928
1263,16,64,-1,-1,-1,-1,-1,19.172352,1,19.229696
1264,16,1085,-1,-1,-1,-1,-1,-1,0,76.526588
1265,16,64,-1,-1,-1,-1,-1,18.954241,1,19.0208
1266,16,64,-1,-1,-1,-1,-1,18.805759,1,18.873344
1267,16,64,-1,-1,-1,-1,-1,18.635777,1,18.700289
1268,16,64,-1,-1,-1,-1,-1,18.598911,1,18.665472
1269,16,64,-1,-1,-1,-1,-1,18.5856,1,18.651136
1270,16,64,-1,-1,-1,-1,-1,18.609152,1,18.67264
1271,16,64,-1,-1,-1,-1,-1,18.667521,1,18.732033
1272,16,1085,-1,-1,-1,-1,-1,-1,0,75.694077
1273,16,64,-1,-1,-1,-1,-1,18.975744,1,19.041281
1274,16,64,-1,-1,-1,-1,-1,18.756607,1,18.822144
1275,16,64,-1,-1,-1,-1,-1,18.636801,1,18.702335
1276,16,64,-1,-1,-1,-1,-1,18.571264,1,18.628609
1277,16,64,-1,-1,-1,-1,-1,18.60096,1,18.666496
1278,16,64,-1,-1,-1,-1,-1,18.545664,1,18.605057
1279,16,64,-1,-1,-1,-1,-1,18.496511,1,18.563072
1280,16,64,-1,-1,-1,-1,-1,18.511871,1,18.578432
1281,16,1085,-1,-1,-1,-1,-1,-1,0,76.279808
1282,16,64,-1,-1,-1,-1,-1,19.223553,1,19.290112
1283,16,64,-1,-1,-1,-1,-1,18.958336,1,19.023872
1284,16,1085,-1,-1,-1,-1,-1,-1,0,76.147713
1285,16,64,-1,-1,-1,-1,-1,19.410944,1,19.468288
1286,16,1084,-1,-1,-1,-1,-1,-1,0,76.296188
1287,16,64,-1,-1,-1,-1,-1,19.20512,1,19.271681
1288,16,2106,-1,-1,-1,-1,-1,-1,0,138.194946
1289,16,2106,-1,-1,-1,-1,-1,-1,0,140.619781
1290,16,64,-1,-1,-1,-1,-1,18.967552,1,19.033089
1291,16,64,-1,-1,-1,-1,-1,18.750463,1,18.819073
1292,16,64,-1,-1,-1,-1,-1,18.588673,1,18.655231
1293,16,64,-1,-1,-1,-1,-1,18.543615,1,18.609152
1294,16,1085,-1,-1,-1,-1,-1,-1,0,75.906052
1295,16,64,-1,-1,-1,-1,-1,18.843649,1,18.886656
1296,16,64,-1,-1,-1,-1,-1,18.636801,1,18.70336
1297,16,1085,-1,-1,-1,-1,-1,-1,0,76.048386
1298,16,64,-1,-1,-1,-1,-1,19.017729,1,19.084288
1299,16,1085,-1,-1,-1,-1,-1,-1,0,76.45491
1300,16,64,-1,-1,-1,-1,-1,19.088385,1,19.154943
1301,16,1085,-1,-1,-1,-1,-1,-1,0,76.901375
1302,16,64,-1,-1,-1,-1,-1,18.942976,1,19.009537
1303,16,1085,-1,-1,-1,-1,-1,-1,0,76.487679
1304,16,64,-1,-1,-1,-1,-1,18.915327,1,18.97472
1305,16,64,-1,-1,-1,-1,-1,18.67264,1,18.743296
1306,16,64,-1,-1,-1,-1,-1,18.584576,1,18.652161
1307,16,64,-1,-1,-1,-1,-1,18.503679,1,18.561024
1308,16,64,-1,-1,-1,-1,-1,18.565121,1,18.623487
1309,16,64,-1,-1,-1,-1,-1,18.607103,1,18.650112
1310,16,64,-1,-1,-1,-1,-1,18.473984,1,18.53952
1311,16,64,-1,-1,-1,-1,-1,18.502657,1,18.569216
1312,16,1085,-1,-1,-1,-1,-1,-1,0,75.797501
1313,16,64,-1,-1,-1,-1,-1,19.012608,1,19.080193
1314,16,1084,-1,-1,-1,-1,-1,-1,0,76.250114
1315,16,64,-1,-1,-1,-1,-1,18.915327,1,18.980864
1316,16,64,-1,-1,-1,-1,-1,18.711552,1,18.770945
1317,16,64,-1,-1,-1,-1,-1,18.731009,1,18.798592
1318,16,64,-1,-1,-1,-1,-1,18.809856,1,18.875393
1319,16,1085,-1,-1,-1,-1,-1,-1,0,76.162048
1320,16,1068,-1,-1,-1,-1,-1,-1,0,77.860863
1321,16,64,-1,-1,-1,-1,-1,18.976768,1,19.043327
1322,16,64,-1,-1,-1,-1,-1,18.725887,1,18.793472
1323,16,64,-1,-1,-1,-1,-1,18.606079,1,18.663424
1324,16,64,-1,-1,-1,-1,-1,18.575359,1,18.642944
1325,16,64,-1,-1,-1,-1,-1,18.577408,1,18.642944
1326,16,64,-1,-1,-1,-1,-1,18.556929,1,18.623487
1327,16,64,-1,-1,-1,-1,-1,18.495487,1,18.561024
1328,16,64,-1,-1,-1,-1,-1,18.500608,1,18.543615
1329,16,64,-1,-1,-1,-1,-1,18.427904,1,18.494465
1330,16,64,-1,-1,-1,-1,-1,18.451456,1,18.508801
1331,16,64,-1,-1,-1,-1,-1,18.461697,1,18.519039
1332,16,1085,-1,-1,-1,-1,-1,-1,0,76.035072
1333,16,1085,-1,-1,-1,-1,-1,-1,0,77.768707
1334,16,64,-1,-1,-1,-1,-1,19.119104,1,19.177471
1335,16,3126,-1,-1,-1,-1,-1,-1,0,198.24231
1336,16,64,-1,-1,-1,-1,-1,19.146751,1,19.212288
1337,16,64,-1,-1,-1,-1,-1,18.859009,1,18.926592
1338,16,64,-1,-1,-1,-1,-1,18.64192,1,18.708481
1339,16,64,-1,-1,-1,-1,-1,18.55488,1,18.621441
1340,16,64,-1,-1,-1,-1,-1,18.563072,1,18.625536
1341,16,1085,-1,-1,-1,-1,-1,-1,0,76.183556
1342,16,64,-1,-1,-1,-1,-1,18.919424,1,18.977793
1343,16,64,-1,-1,-1,-1,-1,18.720768,1,18.765823
1344,16,64,-1,-1,-1,-1,-1,18.571264,1,18.636801
1345,16,1085,-1,-1,-1,-1,-1,-1,0,76.213249
1346,16,64,-1,-1,-1,-1,-1,19.227648,1,19.296255
1347,16,64,-1,-1,-1,-1,-1,18.900991,1,18.967552
1348,16,1084,-1,-1,-1,-1,-1,-1,0,75.982849
1349,16,1085,-1,-1,-1,-1,-1,-1,0,77.426689
1350,16,64,-1,-1,-1,-1,-1,18.88768,1,18.931711
1351,16,64,-1,-1,-1,-1,-1,18.737152,1,18.802689
1352,16,64,-1,-1,-1,-1,-1,18.633728,1,18.701311
1353,16,64,-1,-1,-1,-1,-1,18.59584,1,18.662399
1354,16,64,-1,-1,-1,-1,-1,18.549761,1,18.608128
1355,16,64,-1,-1,-1,-1,-1,18.573313,1,18.638847
1356,16,64,-1,-1,-1,-1,-1,18.860031,1,18.916351
1357,16,1085,-1,-1,-1,-1,-1,-1,0,76.193794
1358,16,1085,-1,-1,-1,-1,-1,-1,0,78.558205
1359,16,1085,-1,-1,-1,-1,-1,-1,0,78.127106
1360,16,1085,-1,-1,-1,-1,-1,-1,0,77.488129
1361,16,1085,-1,-1,-1,-1,-1,-1,0,77.39904
1362,16,64,-1,-1,-1,-1,-1,18.926592,1,18.984961
1363,16,64,-1,-1,-1,-1,-1,18.734079,1,18.801664
1364,16,64,-1,-1,-1,-1,-1,18.660353,1,18.726912
1365,16,64,-1,-1,-1,-1,-1,18.541569,1,18.6112
1366,16,64,-1,-1,-1,-1,-1,18.542591,1,18.607103
1367,16,64,-1,-1,-1,-1,-1,18.54464,1,18.6112
1368,16,64,-1,-1,-1,-1,-1,18.549761,1,18.610176
1369,16,64,-1,-1,-1,-1,-1,18.486273,1,18.547712
1370,16,64,-1,-1,-1,-1,-1,18.482176,1,18.546688
1371,16,1085,-1,-1,-1,-1,-1,-1,0,75.974655
1372,16,64,-1,-1,-1,-1,-1,18.937857,1,18.997248
1373,16,64,-1,-1,-1,-1,-1,18.795521,1,18.855936
1374,16,64,-1,-1,-1,-1,-1,18.67264,1,18.717695
1375,16,64,-1,-1,-1,-1,-1,18.578432,1,18.646015
1376,16,1085,-1,-1,-1,-1,-1,-1,0,76.519424
1377,16,64,-1,-1,-1,-1,-1,19.021824,1,19.081217
1378,16,64,-1,-1,-1,-1,-1,18.733055,1,18.777088
1379,16,64,-1,-1,-1,-1,-1,18.829311,1,18.896896
1380,16,64,-1,-1,-1,-1,-1,18.751488,1,18.822144
1381,16,1085,-1,-1,-1,-1,-1,-1,0,75.887619
1382,16,64,-1,-1,-1,-1,-1,18.985985,1,19.049473
1383,16,64,-1,-1,-1,-1,-1,18.786304,1,18.853888
1384,16,1085,-1,-1,-1,-1,-1,-1,0,76.288002
1385,16,64,-1,-1,-1,-1,-1,18.927616,1,18.993153
1386,16,1085,-1,-1,-1,-1,-1,-1,0,76.380157
1387,16,64,-1,-1,-1,-1,-1,18.987007,1,19.053568
1388,16,64,-1,-1,-1,-1,-1,18.770945,1,18.837503
1389,16,64,-1,-1,-1,-1,-1,18.68288,1,18.725887
1390,16,1085,-1,-1,-1,-1,-1,-1,0,76.093437
1391,16,64,-1,-1,-1,-1,-1,19.00032,1,19.058687
1392,16,64,-1,-1,-1,-1,-1,18.731009,1,18.798592
1393,16,64,-1,-1,-1,-1,-1,18.582527,1,18.648064
1394,16,64,-1,-1,-1,-1,-1,18.541569,1,18.604033
1395,16,64,-1,-1,-1,-1,-1,18.53952,1,18.606079
1396,16,64,-1,-1,-1,-1,-1,18.563072,1,18.606079
1397,16,2105,-1,-1,-1,-1,-1,-1,0,138.256378
1398,16,1085,-1,-1,-1,-1,-1,-1,0,77.717506
1399,16,64,-1,-1,-1,-1,-1,18.937857,1,19.003391
1400,16,64,-1,-1,-1,-1,-1,18.711552,1,18.772991
1401,16,1085,-1,-1,-1,-1,-1,-1,0,76.530685
1402,16,64,-1,-1,-1,-1,-1,19.231745,1,19.301376
1403,16,1085,-1,-1,-1,-1,-1,-1,0,76.666878
1404,16,64,-1,-1,-1,-1,-1,19.043327,1,19.088385
1405,16,64,-1,-1,-1,-1,-1,18.695168,1,18.75456
1406,16,1084,-1,-1,-1,-1,-1,-1,0,75.938812
1407,16,64,-1,-1,-1,-1,-1,18.989056,1,19.054592
1408,16,1085,-1,-1,-1,-1,-1,-1,0,76.401665
1409,16,64,-1,-1,-1,-1,-1,18.942976,1,19.002369
1410,16,64,-1,-1,-1,-1,-1,18.727936,1,18.794497
1411,16,64,-1,-1,-1,-1,-1,18.592768,1,18.65728
1412,16,64,-1,-1,-1,-1,-1,18.547712,1,18.592768
1413,16,64,-1,-1,-1,-1,-1,18.552832,1,18.622463
1414,16,64,-1,-1,-1,-1,-1,18.663424,1,18.72896
1415,16,64,-1,-1,-1,-1,-1,18.54464,1,18.612225
1416,16,64,-1,-1,-1,-1,-1,18.507776,1,18.575359
1417,16,2106,-1,-1,-1,-1,-1,-1,0,138.86055
1418,16,1085,-1,-1,-1,-1,-1,-1,0,77.478912
1419,16,64,-1,-1,-1,-1,-1,18.958336,1,19.003391
1420,16,64,-1,-1,-1,-1,-1,18.826241,1,18.894848
1421,16,64,-1,-1,-1,-1,-1,18.70336,1,18.764799
1422,16,64,-1,-1,-1,-1,-1,18.59584,1,18.663424
1423,16,64,-1,-1,-1,-1,-1,18.572289,1,18.640896
1424,16,64,-1,-1,-1,-1,-1,18.607103,1,18.650112
1425,16,64,-1,-1,-1,-1,-1,18.580481,1,18.648064
1426,16,64,-1,-1,-1,-1,-1,18.494465,1,18.559999
1427,16,64,-1,-1,-1,-1,-1,18.505728,1,18.572289
1428,16,1084,-1,-1,-1,-1,-1,-1,0,75.558914
1429,16,1085,-1,-1,-1,-1,-1,-1,0,77.697021
1430,16,64,-1,-1,-1,-1,-1,18.922497,1,18.989056
1431,16,64,-1,-1,-1,-1,-1,18.776064,1,18.84672
1432,16,64,-1,-1,-1,-1,-1,18.705408,1,18.774015
1433,16,64,-1,-1,-1,-1,-1,18.70336,1,18.748417
1434,16,2106,-1,-1,-1,-1,-1,-1,0,139.188217
1435,16,64,-1,-1,-1,-1,-1,18.998272,1,19.057665
1436,16,64,-1,-1,-1,-1,-1,18.707457,1,18.774015
1437,16,64,-1,-1,-1,-1,-1,18.564096,1,18.62656
1438,16,64,-1,-1,-1,-1,-1,18.678783,1,18.722816
1439,16,64,-1,-1,-1,-1,-1,18.794497,1,18.86208
1440,16,1085,-1,-1,-1,-1,-1,-1,0,76.465149
1441,16,1085,-1,-1,-1,-1,-1,-1,0,87.828484
1442,16,64,-1,-1,-1,-1,-1,19.283968,1,23.95648
1443,16,64,-1,-1,-1,-1,-1,18.556929,1,18.635777
1444,16,64,-1,-1,-1,-1,-1,18.540545,1,18.608128
1445,16,64,-1,-1,-1,-1,-1,18.532352,1,18.599936
1446,16,64,-1,-1,-1,-1,-1,18.486273,1,18.555904
1447,16,64,-1,-1,-1,-1,-1,18.548737,1,18.618368
1448,16,64,-1,-1,-1,-1,-1,18.559999,1,18.629633
1449,16,64,-1,-1,-1,-1,-1,18.781183,1,18.849792
1450,16,1085,-1,-1,-1,-1,-1,-1,0,86.030334
1451,16,1085,-1,-1,-1,-1,-1,-1,0,89.012222
1452,16,64,-1,-1,-1,-1,-1,19.017729,1,19.086336
1453,16,64,-1,-1,-1,-1,-1,18.863104,1,18.931711
1454,16,64,-1,-1,-1,-1,-1,18.706432,1,18.776064
1455,16,64,-1,-1,-1,-1,-1,18.636801,1,18.704384
1456,16,64,-1,-1,-1,-1,-1,18.80064,1,18.871296
1457,16,64,-1,-1,-1,-1,-1,18.818048,1,18.880512
1458,16,2106,-1,-1,-1,-1,-1,-1,0,138.290176
1459,16,64,-1,-1,-1,-1,-1,19.406849,1,19.451904
1460,16,1084,-1,-1,-1,-1,-1,-1,0,76.425217
1461,16,64,-1,-1,-1,-1,-1,19.232767,1,19.291136
1462,16,64,-1,-1,-1,-1,-1,19.067904,1,19.138559
1463,16,64,-1,-1,-1,-1,-1,18.952192,1,19.0208
1464,16,1085,-1,-1,-1,-1,-1,-1,0,75.956223
1465,16,64,-1,-1,-1,-1,-1,19.269632,1,19.316736
1466,16,64,-1,-1,-1,-1,-1,18.992128,1,19.055616
1467,16,1085,-1,-1,-1,-1,-1,-1,0,76.232704
1468,16,64,-1,-1,-1,-1,-1,19.33312,1,19.396608
1469,16,1085,-1,-1,-1,-1,-1,-1,0,77.274109
1470,16,1085,-1,-1,-1,-1,-1,-1,0,78.128128
1471,16,64,-1,-1,-1,-1,-1,19.201023,1,19.260416
1472,16,64,-1,-1,-1,-1,-1,18.873344,1,18.932735
1473,16,64,-1,-1,-1,-1,-1,18.801664,1,18.868223
1474,16,64,-1,-1,-1,-1,-1,18.705408,1,18.770945
1475,16,64,-1,-1,-1,-1,-1,18.691072,1,18.757631
1476,16,1085,-1,-1,-1,-1,-1,-1,0,76.294144
1477,16,64,-1,-1,-1,-1,-1,19.156992,1,19.200001
1478,16,1084,-1,-1,-1,-1,-1,-1,0,76.574722
1479,16,1085,-1,-1,-1,-1,-1,-1,0,78.117889
1480,16,64,-1,-1,-1,-1,-1,19.013632,1,19.080193
1481,16,64,-1,-1,-1,-1,-1,18.724863,1,18.793472
1482,16,64,-1,-1,-1,-1,-1,18.69824,1,18.756607
1483,16,1085,-1,-1,-1,-1,-1,-1,0,75.965439
1484,16,64,-1,-1,-1,-1,-1,18.980864,1,19.0464
1485,16,64,-1,-1,-1,-1,-1,18.734079,1,18.795521
1486,16,64,-1,-1,-1,-1,-1,18.597889,1,18.664448
1487,16,64,-1,-1,-1,-1,-1,18.581505,1,18.650112
1488,16,64,-1,-1,-1,-1,-1,18.531328,1,18.599936
1489,16,64,-1,-1,-1,-1,-1,18.748417,1,18.817024
1490,16,64,-1,-1,-1,-1,-1,18.633728,1,18.701311
1491,16,1084,-1,-1,-1,-1,-1,-1,0,75.721725
1492,16,64,-1,-1,-1,-1,-1,18.996223,1,19.066879
1493,16,64,-1,-1,-1,-1,-1,18.813951,1,18.881536
1494,16,1085,-1,-1,-1,-1,-1,-1,0,76.38221
1495,16,64,-1,-1,-1,-1,-1,18.955263,1,19.01568
1496,16,64,-1,-1,-1,-1,-1,18.726912,1,18.795521
1497,16,64,-1,-1,-1,-1,-1,18.693119,1,18.761728
1498,16,1085,-1,-1,-1,-1,-1,-1,0,76.000259
1499,16,64,-1,-1,-1,-1,-1,18.977793,1,19.03616
1500,16,64,-1,-1,-1,-1,-1,18.72896,1,18.797567
1501,16,64,-1,-1,-1,-1,-1,18.811905,1,18.881536
1502,16,1085,-1,-1,-1,-1,-1,-1,0,76.192764
1503,16,64,-1,-1,-1,-1,-1,19.075071,1,19.136513
1504,16,64,-1,-1,-1,-1,-1,18.767872,1,18.834433
1505,16,64,-1,-1,-1,-1,-1,18.642944,1,18.710527
1506,16,64,-1,-1,-1,-1,-1,18.612225,1,18.679808
1507,16,1085,-1,-1,-1,-1,-1,-1,0,76.379135
1508,16,1085,-1,-1,-1,-1,-1,-1,0,77.49427
1509,16,64,-1,-1,-1,-1,-1,19.149824,1,19.217407
1510,16,64,-1,-1,-1,-1,-1,19.007488,1,19.074047
1511,16,64,-1,-1,-1,-1,-1,18.92864,1,18.992128
1512,16,64,-1,-1,-1,-1,-1,18.750463,1,18.806784
1513,16,64,-1,-1,-1,-1,-1,18.739201,1,18.806784
1514,16,64,-1,-1,-1,-1,-1,18.712576,1,18.780161
1515,16,64,-1,-1,-1,-1,-1,18.761728,1,18.805759
1516,16,64,-1,-1,-1,-1,-1,18.789375,1,18.855936
1517,16,2106,-1,-1,-1,-1,-1,-1,0,138.585083
1518,16,64,-1,-1,-1,-1,-1,19.371008,1,19.438593
1519,16,2106,-1,-1,-1,-1,-1,-1,0,139.126785
1520,16,64,-1,-1,-1,-1,-1,19.119104,1,19.185663
1521,16,64,-1,-1,-1,-1,-1,18.988031,1,19.055616
1522,16,2106,-1,-1,-1,-1,-1,-1,0,138.91481
1523,16,64,-1,-1,-1,-1,-1,19.021824,1,19.088385
1524,16,64,-1,-1,-1,-1,-1,18.743296,1,18.804735
1525,16,64,-1,-1,-1,-1,-1,18.617344,1,18.662399
1526,16,64,-1,-1,-1,-1,-1,18.566145,1,18.635777
1527,16,64,-1,-1,-1,-1,-1,18.57024,1,18.635777
1528,16,64,-1,-1,-1,-1,-1,18.711552,1,18.779137
1529,16,1085,-1,-1,-1,-1,-1,-1,0,75.990013
1530,16,64,-1,-1,-1,-1,-1,19.161089,1,19.226624
1531,16,1085,-1,-1,-1,-1,-1,-1,0,76.78669
1532,16,64,-1,-1,-1,-1,-1,19.049473,1,19.111937
1533,16,64,-1,-1,-1,-1,-1,18.839552,1,18.908159
1534,16,64,-1,-1,-1,-1,-1,18.779137,1,18.845695
1535,16,64,-1,-1,-1,-1,-1,18.667521,1,18.733055
1536,16,64,-1,-1,-1,-1,-1,18.835457,1,18.900991
1537,16,64,-1,-1,-1,-1,-1,18.826241,1,18.893824
1538,16,1084,-1,-1,-1,-1,-1,-1,0,75.894783
1539,16,64,-1,-1,-1,-1,-1,19.128321,1,19.195904
1540,16,1085,-1,-1,-1,-1,-1,-1,0,76.649475
1541,16,1084,-1,-1,-1,-1,-1,-1,0,77.319168
1542,16,64,-1,-1,-1,-1,-1,18.886656,1,18.952192
1543,16,64,-1,-1,-1,-1,-1,18.75456,1,18.822144
1544,16,64,-1,-1,-1,-1,-1,18.651136,1,18.717695
1545,16,64,-1,-1,-1,-1,-1,18.551807,1,18.612225
1546,16,64,-1,-1,-1,-1,-1,18.541569,1,18.586624
1547,16,64,-1,-1,-1,-1,-1,18.566145,1,18.62656
1548,16,64,-1,-1,-1,-1,-1,18.503679,1,18.57024
1549,16,1085,-1,-1,-1,-1,-1,-1,0,75.968513
1550,16,64,-1,-1,-1,-1,-1,18.989056,1,19.055616
1551,16,64,-1,-1,-1,-1,-1,19.037184,1,19.103745
1552,16,64,-1,-1,-1,-1,-1,18.946049,1,19.013632
1553,16,1085,-1,-1,-1,-1,-1,-1,0,76.549118
1554,16,64,-1,-1,-1,-1,-1,19.051519,1,19.11808
1555,16,64,-1,-1,-1,-1,-1,18.72896,1,18.774015
1556,16,64,-1,-1,-1,-1,-1,18.621441,1,18.688
1557,16,64,-1,-1,-1,-1,-1,18.565121,1,18.63168
1558,16,64,-1,-1,-1,-1,-1,18.716673,1,18.781183
1559,16,64,-1,-1,-1,-1,-1,18.954241,1,19.011583
1560,16,64,-1,-1,-1,-1,-1,18.867201,1,18.931711
1561,16,64,-1,-1,-1,-1,-1,18.859009,1,18.924543
1562,16,1085,-1,-1,-1,-1,-1,-1,0,76.523521
1563,16,2105,-1,-1,-1,-1,-1,-1,0,140.425217
1564,16,64,-1,-1,-1,-1,-1,18.992128,1,19.03616
1565,16,64,-1,-1,-1,-1,-1,18.916351,1,18.985985
1566,16,64,-1,-1,-1,-1,-1,18.802689,1,18.869247
1567,16,1085,-1,-1,-1,-1,-1,-1,0,76.698624
1568,16,1084,-1,-1,-1,-1,-1,-1,0,77.372414
1569,16,64,-1,-1,-1,-1,-1,19.300352,1,19.365889
1570,16,1085,-1,-1,-1,-1,-1,-1,0,76.645378
1571,16,64,-1,-1,-1,-1,-1,19.195904,1,19.262465
1572,16,1085,-1,-1,-1,-1,-1,-1,0,76.632065
1573,16,1085,-1,-1,-1,-1,-1,-1,0,78.352386
1574,16,64,-1,-1,-1,-1,-1,19.137535,1,19.204096
1575,16,64,-1,-1,-1,-1,-1,18.981888,1,19.050495
1576,16,64,-1,-1,-1,-1,-1,18.802689,1,18.870272
1577,16,64,-1,-1,-1,-1,-1,18.798592,1,18.864128
1578,16,64,-1,-1,-1,-1,-1,18.799616,1,18.864128
1579,16,1085,-1,-1,-1,-1,-1,-1,0,76.309502
1580,16,64,-1,-1,-1,-1,-1,19.244032,1,19.299328
1581,16,1085,-1,-1,-1,-1,-1,-1,0,76.633087
1582,16,64,-1,-1,-1,-1,-1,19.204096,1,19.262465
1583,16,64,-1,-1,-1,-1,-1,18.953217,1,19.021824
1584,16,64,-1,-1,-1,-1,-1,18.7904,1,18.85696
1585,16,64,-1,-1,-1,-1,-1,18.704384,1,18.76992
1586,16,64,-1,-1,-1,-1,-1,18.793472,1,18.859009
1587,16,1085,-1,-1,-1,-1,-1,-1,0,76.138496
1588,16,64,-1,-1,-1,-1,-1,19.043327,1,19.08736
1589,16,64,-1,-1,-1,-1,-1,18.747393,1,18.813951
1590,16,2106,-1,-1,-1,-1,-1,-1,0,138.868729
1591,16,64,-1,-1,-1,-1,-1,18.967552,1,19.026943
1592,16,64,-1,-1,-1,-1,-1,18.742271,1,18.807808
1593,16,64,-1,-1,-1,-1,-1,18.574335,1,18.64192
1594,16,64,-1,-1,-1,-1,-1,18.55488,1,18.619392
1595,16,64,-1,-1,-1,-1,-1,18.561024,1,18.62656
1596,16,64,-1,-1,-1,-1,-1,18.787329,1,18.851839
1597,16,1085,-1,-1,-1,-1,-1,-1,0,76.11187
1598,16,64,-1,-1,-1,-1,-1,19.033089,1,19.099648
1599,16,64,-1,-1,-1,-1,-1,18.72896,1,18.795521
1600,16,64,-1,-1,-1,-1,-1,18.620417,1,18.685951
1601,16,64,-1,-1,-1,-1,-1,18.625536,1,18.692097
1602,16,64,-1,-1,-1,-1,-1,18.586624,1,18.650112
1603,16,64,-1,-1,-1,-1,-1,18.656256,1,18.721792
1604,16,1085,-1,-1,-1,-1,-1,-1,0,75.965439
1605,16,64,-1,-1,-1,-1,-1,18.997248,1,19.056641
1606,16,64,-1,-1,-1,-1,-1,18.753536,1,18.813951
1607,16,64,-1,-1,-1,-1,-1,18.662399,1,18.720768
1608,16,64,-1,-1,-1,-1,-1,18.622463,1,18.686975
1609,16,64,-1,-1,-1,-1,-1,18.594816,1,18.660353
1610,16,64,-1,-1,-1,-1,-1,18.843649,1,18.910208
1611,16,1085,-1,-1,-1,-1,-1,-1,0,75.87635
1612,16,1085,-1,-1,-1,-1,-1,-1,0,78.132225
1613,16,1085,-1,-1,-1,-1,-1,-1,0,77.560829
1614,16,1085,-1,-1,-1,-1,-1,-1,0,77.790207
1615,16,1085,-1,-1,-1,-1,-1,-1,0,77.456383
1616,16,64,-1,-1,-1,-1,-1,19.021824,1,19.078144
1617,16,64,-1,-1,-1,-1,-1,18.729984,1,18.797567
1618,16,64,-1,-1,-1,-1,-1,18.609152,1,18.675713
1619,16,64,-1,-1,-1,-1,-1,18.579456,1,18.646015
1620,16,64,-1,-1,-1,-1,-1,18.568192,1,18.63168
1621,16,64,-1,-1,-1,-1,-1,18.568192,1,18.634752
1622,16,64,-1,-1,-1,-1,-1,18.665472,1,18.729984
1623,16,2106,-1,-1,-1,-1,-1,-1,0,138.327042
1624,16,64,-1,-1,-1,-1,-1,19.033089,1,19.099648
1625,16,64,-1,-1,-1,-1,-1,18.743296,1,18.811905
1626,16,64,-1,-1,-1,-1,-1,18.644993,1,18.712576
1627,16,64,-1,-1,-1,-1,-1,18.726912,1,18.795521
1628,16,1085,-1,-1,-1,-1,-1,-1,0,76.01152
1629,16,64,-1,-1,-1,-1,-1,19.16416,1,19.231745
1630,16,64,-1,-1,-1,-1,-1,18.931711,1,19.00032
1631,16,1085,-1,-1,-1,-1,-1,-1,0,75.936768
1632,16,1913,-1,-1,-1,-1,-1,-1,0,127.129601
1633,16,64,-1,-1,-1,-1,-1,19.009537,1,19.076096
1634,16,64,-1,-1,-1,-1,-1,18.768896,1,18.837503
1635,16,64,-1,-1,-1,-1,-1,18.660353,1,18.725887
1636,16,64,-1,-1,-1,-1,-1,18.555904,1,18.622463
1637,16,64,-1,-1,-1,-1,-1,18.538496,1,18.604033
1638,16,64,-1,-1,-1,-1,-1,18.699265,1,18.765823
1639,16,64,-1,-1,-1,-1,-1,18.653185,1,18.697216
1640,16,64,-1,-1,-1,-1,-1,18.649088,1,18.692097
1641,16,2106,-1,-1,-1,-1,-1,-1,0,138.999802
1642,16,64,-1,-1,-1,-1,-1,19.161089,1,19.228672
1643,16,64,-1,-1,-1,-1,-1,18.889729,1,18.956287
1644,16,1085,-1,-1,-1,-1,-1,-1,0,76.317696
1645,16,64,-1,-1,-1,-1,-1,19.014656,1,19.073025
1646,16,64,-1,-1,-1,-1,-1,18.752512,1,18.820095
1647,16,64,-1,-1,-1,-1,-1,18.650112,1,18.693119
1648,16,64,-1,-1,-1,-1,-1,18.587648,1,18.644993
1649,16,64,-1,-1,-1,-1,-1,18.535423,1,18.601984
1650,16,1085,-1,-1,-1,-1,-1,-1,0,76.170242
1651,16,64,-1,-1,-1,-1,-1,18.995199,1,19.063808
1652,16,64,-1,-1,-1,-1,-1,19.018751,1,19.07712
1653,16,1084,-1,-1,-1,-1,-1,-1,0,75.981827
1654,16,64,-1,-1,-1,-1,-1,18.966528,1,19.033089
1655,16,64,-1,-1,-1,-1,-1,18.700289,1,18.764799
1656,16,64,-1,-1,-1,-1,-1,18.603008,1,18.646015
1657,16,64,-1,-1,-1,-1,-1,18.603008,1,18.668545
1658,16,1085,-1,-1,-1,-1,-1,-1,0,76.166145
1659,16,64,-1,-1,-1,-1,-1,18.992128,1,19.058687
1660,16,64,-1,-1,-1,-1,-1,18.896896,1,18.955263
1661,16,64,-1,-1,-1,-1,-1,18.813951,1,18.878464
1662,16,2105,-1,-1,-1,-1,-1,-1,0,138.933243
1663,16,64,-1,-1,-1,-1,-1,18.951168,1,18.995199
1664,16,64,-1,-1,-1,-1,-1,18.816,1,18.883583
1665,16,64,-1,-1,-1,-1,-1,18.70336,1,18.762753
1666,16,1085,-1,-1,-1,-1,-1,-1,0,76.647423
1667,16,64,-1,-1,-1,-1,-1,19.034113,1,19.091455
1668,16,64,-1,-1,-1,-1,-1,18.707457,1,18.751488
1669,16,64,-1,-1,-1,-1,-1,18.651136,1,18.717695
1670,16,64,-1,-1,-1,-1,-1,18.551807,1,18.610176
1671,16,64,-1,-1,-1,-1,-1,18.545664,1,18.610176
1672,16,64,-1,-1,-1,-1,-1,18.536448,1,18.604033
1673,16,64,-1,-1,-1,-1,-1,18.525185,1,18.591743
1674,16,64,-1,-1,-1,-1,-1,18.62656,1,18.669567
1675,16,1085,-1,-1,-1,-1,-1,-1,0,76.38221
1676,16,64,-1,-1,-1,-1,-1,19.083263,1,19.149824
1677,16,64,-1,-1,-1,-1,-1,18.902016,1,18.968576
1678,16,1085,-1,-1,-1,-1,-1,-1,0,76.263428
1679,16,1085,-1,-1,-1,-1,-1,-1,0,77.496323
1680,16,1085,-1,-1,-1,-1,-1,-1,0,77.664253
1681,16,64,-1,-1,-1,-1,-1,19.132416,1,19.197952
1682,16,64,-1,-1,-1,-1,-1,18.930689,1,18.996223
1683,16,1085,-1,-1,-1,-1,-1,-1,0,76.580864
1684,16,64,-1,-1,-1,-1,-1,18.965504,1,19.03104
1685,16,64,-1,-1,-1,-1,-1,18.75456,1,18.822144
1686,16,1085,-1,-1,-1,-1,-1,-1,0,76.347389
1687,16,64,-1,-1,-1,-1,-1,19.057665,1,19.116032
1688,16,64,-1,-1,-1,-1,-1,18.768896,1,18.834433
1689,16,1084,-1,-1,-1,-1,-1,-1,0,76.008446
1690,16,64,-1,-1,-1,-1,-1,18.972672,1,19.032064
1691,16,64,-1,-1,-1,-1,-1,18.753536,1,18.821119
1692,16,64,-1,-1,-1,-1,-1,18.658304,1,18.715649
1693,16,64,-1,-1,-1,-1,-1,18.65728,1,18.723841
1694,16,64,-1,-1,-1,-1,-1,18.621441,1,18.686975
1695,16,1085,-1,-1,-1,-1,-1,-1,0,76.080132
1696,16,64,-1,-1,-1,-1,-1,19.013632,1,19.081217
1697,16,64,-1,-1,-1,-1,-1,18.715649,1,18.783232
1698,16,64,-1,-1,-1,-1,-1,18.779137,1,18.823168
1699,16,1085,-1,-1,-1,-1,-1,-1,0,76.227585
1700,16,64,-1,-1,-1,-1,-1,19.16416,1,19.222528
1701,16,64,-1,-1,-1,-1,-1,18.905088,1,18.972672
1702,16,64,-1,-1,-1,-1,-1,18.88768,1,18.953217
1703,16,64,-1,-1,-1,-1,-1,18.891775,1,18.951168
1704,16,1085,-1,-1,-1,-1,-1,-1,0,76.37606
1705,16,64,-1,-1,-1,-1,-1,19.269632,1,19.337215
1706,16,1085,-1,-1,-1,-1,-1,-1,0,76.818436
1707,16,1085,-1,-1,-1,-1,-1,-1,0,77.537277
1708,16,64,-1,-1,-1,-1,-1,18.984961,1,19.048449
1709,16,64,-1,-1,-1,-1,-1,18.690048,1,18.757631
1710,16,64,-1,-1,-1,-1,-1,18.627584,1,18.693119
1711,16,64,-1,-1,-1,-1,-1,18.549761,1,18.617344
1712,16,64,-1,-1,-1,-1,-1,18.55488,1,18.621441
1713,16,64,-1,-1,-1,-1,-1,18.545664,1,18.614271
1714,16,64,-1,-1,-1,-1,-1,18.619392,1,18.686975
1715,16,1085,-1,-1,-1,-1,-1,-1,0,76.239876
1716,16,64,-1,-1,-1,-1,-1,19.458048,1,19.516417
1717,16,1085,-1,-1,-1,-1,-1,-1,0,76.366852
1718,16,2106,-1,-1,-1,-1,-1,-1,0,148.891647
1719,16,64,-1,-1,-1,-1,-1,19.001345,1,19.060736
1720,16,64,-1,-1,-1,-1,-1,18.746368,1,18.816
1721,16,64,-1,-1,-1,-1,-1,18.637823,1,18.708481
1722,16,64,-1,-1,-1,-1,-1,18.552832,1,18.621441
1723,16,1085,-1,-1,-1,-1,-1,-1,0,91.833344
1724,16,64,-1,-1,-1,-1,-1,18.690048,1,24.337408
1725,16,64,-1,-1,-1,-1,-1,18.670591,1,18.738176
1726,16,64,-1,-1,-1,-1,-1,18.673664,1,18.742271
1727,16,1085,-1,-1,-1,-1,-1,-1,0,91.317245
1728,16,64,-1,-1,-1,-1,-1,18.693119,1,28.422144
1729,16,1085,-1,-1,-1,-1,-1,-1,0,91.473923
1730,16,64,-1,-1,-1,-1,-1,18.876415,1,22.255615
1731,16,1085,-1,-1,-1,-1,-1,-1,0,84.795395
1732,16,64,-1,-1,-1,-1,-1,18.839552,1,23.184383
1733,16,64,-1,-1,-1,-1,-1,18.530304,1,18.596865
1734,16,64,-1,-1,-1,-1,-1,18.542591,1,18.609152
1735,16,64,-1,-1,-1,-1,-1,18.510847,1,18.580481
1736,16,64,-1,-1,-1,-1,-1,18.500608,1,18.557953
1737,16,64,-1,-1,-1,-1,-1,18.450432,1,18.516993
1738,16,1085,-1,-1,-1,-1,-1,-1,0,93.278206
1739,16,64,-1,-1,-1,-1,-1,18.668545,1,22.415359
1740,16,64,-1,-1,-1,-1,-1,18.622463,1,18.666496
1741,16,1085,-1,-1,-1,-1,-1,-1,0,75.926529
1742,16,64,-1,-1,-1,-1,-1,18.997248,1,19.056641
1743,16,64,-1,-1,-1,-1,-1,18.732033,1,18.803713
1744,16,64,-1,-1,-1,-1,-1,18.592768,1,18.658304
1745,16,64,-1,-1,-1,-1,-1,18.571264,1,18.639872
1746,16,64,-1,-1,-1,-1,-1,18.59584,1,18.653185
1747,16,64,-1,-1,-1,-1,-1,18.692097,1,18.75968
1748,16,64,-1,-1,-1,-1,-1,18.596865,1,18.664448
1749,16,64,-1,-1,-1,-1,-1,18.891775,1,18.952192
1750,16,1085,-1,-1,-1,-1,-1,-1,0,77.931519
1751,16,64,-1,-1,-1,-1,-1,19.224577,1,24.700928
1752,16,1085,-1,-1,-1,-1,-1,-1,0,93.7472
1753,16,64,-1,-1,-1,-1,-1,18.989056,1,21.92384
1754,16,64,-1,-1,-1,-1,-1,18.781183,1,18.847744
1755,16,64,-1,-1,-1,-1,-1,18.666496,1,18.733055
1756,16,64,-1,-1,-1,-1,-1,18.61632,1,18.674688
1757,16,1085,-1,-1,-1,-1,-1,-1,0,77.971458
1758,16,64,-1,-1,-1,-1,-1,18.907137,1,22.347776
1759,16,64,-1,-1,-1,-1,-1,18.886656,1,18.953217
1760,16,1085,-1,-1,-1,-1,-1,-1,0,75.980797
1761,16,64,-1,-1,-1,-1,-1,19.057665,1,21.231615
1762,16,64,-1,-1,-1,-1,-1,18.810881,1,18.882561
1763,16,64,-1,-1,-1,-1,-1,18.957312,1,19.025921
1764,16,1085,-1,-1,-1,-1,-1,-1,0,85.607422
1765,16,1085,-1,-1,-1,-1,-1,-1,0,103.828484
1766,16,1084,-1,-1,-1,-1,-1,-1,0,100.413437
1767,16,1085,-1,-1,-1,-1,-1,-1,0,95.249405
1768,16,64,-1,-1,-1,-1,-1,19.183617,1,19.723265
1769,16,64,-1,-1,-1,-1,-1,18.962433,1,19.030016
1770,16,64,-1,-1,-1,-1,-1,18.816,1,18.880512
1771,16,2106,-1,-1,-1,-1,-1,-1,0,139.218948
1772,16,1085,-1,-1,-1,-1,-1,-1,0,77.406204
1773,16,64,-1,-1,-1,-1,-1,18.877439,1,18.940928
1774,16,64,-1,-1,-1,-1,-1,18.677759,1,18.743296
1775,16,64,-1,-1,-1,-1,-1,18.587648,1,18.65728
1776,16,64,-1,-1,-1,-1,-1,18.734079,1,18.798592
1777,16,64,-1,-1,-1,-1,-1,18.732033,1,18.792448
1778,16,64,-1,-1,-1,-1,-1,18.729984,1,18.795521
1779,16,1085,-1,-1,-1,-1,-1,-1,0,75.938812
1780,16,1085,-1,-1,-1,-1,-1,-1,0,77.726723
1781,16,64,-1,-1,-1,-1,-1,18.864128,1,18.931711
1782,16,1085,-1,-1,-1,-1,-1,-1,0,76.411903
1783,16,64,-1,-1,-1,-1,-1,18.924543,1,18.983936
1784,16,64,-1,-1,-1,-1,-1,18.701311,1,18.761728
1785,16,64,-1,-1,-1,-1,-1,18.589697,1,18.656256
1786,16,64,-1,-1,-1,-1,-1,18.561024,1,18.628609
1787,16,64,-1,-1,-1,-1,-1,18.598911,1,18.664448
1788,16,64,-1,-1,-1,-1,-1,18.579456,1,18.646015
1789,16,64,-1,-1,-1,-1,-1,18.505728,1,18.572289
1790,16,1085,-1,-1,-1,-1,-1,-1,0,75.852798
1791,16,64,-1,-1,-1,-1,-1,18.982912,1,19.050495
1792,16,64,-1,-1,-1,-1,-1,18.700289,1,18.767872
1793,16,64,-1,-1,-1,-1,-1,18.638847,1,18.705408
1794,16,64,-1,-1,-1,-1,-1,18.599936,1,18.659328
1795,16,64,-1,-1,-1,-1,-1,18.579456,1,18.637823
1796,16,64,-1,-1,-1,-1,-1,18.59584,1,18.661377
1797,16,64,-1,-1,-1,-1,-1,18.671616,1,18.714624
1798,16,1085,-1,-1,-1,-1,-1,-1,0,75.895805
1799,16,64,-1,-1,-1,-1,-1,19.264511,1,19.332096
1800,16,1085,-1,-1,-1,-1,-1,-1,0,76.795906
1801,16,64,-1,-1,-1,-1,-1,18.973696,1,19.041281
1802,16,64,-1,-1,-1,-1,-1,18.70336,1,18.768896
1803,16,1085,-1,-1,-1,-1,-1,-1,0,76.263428
1804,16,64,-1,-1,-1,-1,-1,19.007488,1,19.074047
1805,16,64,-1,-1,-1,-1,-1,18.739201,1,18.805759
1806,16,64,-1,-1,-1,-1,-1,18.567167,1,18.624512
1807,16,64,-1,-1,-1,-1,-1,18.568192,1,18.633728
1808,16,1085,-1,-1,-1,-1,-1,-1,0,76.135422
1809,16,64,-1,-1,-1,-1,-1,19.057665,1,19.125248
1810,16,64,-1,-1,-1,-1,-1,18.746368,1,18.811905
1811,16,64,-1,-1,-1,-1,-1,18.656256,1,18.714624
1812,16,1085,-1,-1,-1,-1,-1,-1,0,76.127235
1813,16,64,-1,-1,-1,-1,-1,19.03104,1,19.090431
1814,16,64,-1,-1,-1,-1,-1,18.859009,1,18.924543
1815,16,64,-1,-1,-1,-1,-1,18.836479,1,18.90304
1816,16,1085,-1,-1,-1,-1,-1,-1,0,75.886589
1817,16,64,-1,-1,-1,-1,-1,19.278849,1,19.345407
1818,16,64,-1,-1,-1,-1,-1,19.112961,1,19.172352
1819,16,64,-1,-1,-1,-1,-1,18.964479,1,19.03104
1820,16,64,-1,-1,-1,-1,-1,18.888704,1,18.955263
1821,16,64,-1,-1,-1,-1,-1,18.963455,1,19.007488
1822,16,64,-1,-1,-1,-1,-1,18.927616,1,18.994177
1823,16,1085,-1,-1,-1,-1,-1,-1,0,75.923454
1824,16,1085,-1,-1,-1,-1,-1,-1,0,77.565948
1825,16,64,-1,-1,-1,-1,-1,19.225599,1,19.268608
1826,16,64,-1,-1,-1,-1,-1,19.183617,1,19.249151
1827,16,64,-1,-1,-1,-1,-1,19.026943,1,19.09248
1828,16,1084,-1,-1,-1,-1,-1,-1,0,76.211197
1829,16,2106,-1,-1,-1,-1,-1,-1,0,140.615677
1830,16,64,-1,-1,-1,-1,-1,19.138559,1,19.204096
1831,16,2106,-1,-1,-1,-1,-1,-1,0,139.24762
1832,16,64,-1,-1,-1,-1,-1,19.032064,1,19.090431
1833,16,64,-1,-1,-1,-1,-1,18.753536,1,18.814976
1834,16,64,-1,-1,-1,-1,-1,18.836479,1,18.904064
1835,16,64,-1,-1,-1,-1,-1,18.753536,1,18.816
1836,16,64,-1,-1,-1,-1,-1,18.706432,1,18.772991
1837,16,64,-1,-1,-1,-1,-1,18.752512,1,18.819073
1838,16,1085,-1,-1,-1,-1,-1,-1,0,76.223488
1839,16,64,-1,-1,-1,-1,-1,18.954241,1,18.997248
1840,16,64,-1,-1,-1,-1,-1,18.716673,1,18.776064
1841,16,1085,-1,-1,-1,-1,-1,-1,0,75.995132
1842,16,64,-1,-1,-1,-1,-1,18.971647,1,19.039232
1843,16,64,-1,-1,-1,-1,-1,18.75968,1,18.828287
1844,16,64,-1,-1,-1,-1,-1,18.629633,1,18.697216
1845,16,64,-1,-1,-1,-1,-1,18.520063,1,18.5856
1846,16,64,-1,-1,-1,-1,-1,18.522112,1,18.589697
1847,16,64,-1,-1,-1,-1,-1,18.733055,1,18.797567
1848,16,1085,-1,-1,-1,-1,-1,-1,0,75.819008
1849,16,64,-1,-1,-1,-1,-1,18.951168,1,19.009537
1850,16,64,-1,-1,-1,-1,-1,18.922497,1,18.983936
1851,16,64,-1,-1,-1,-1,-1,18.78528,1,18.828287
1852,16,64,-1,-1,-1,-1,-1,18.70336,1,18.747393
1853,16,64,-1,-1,-1,-1,-1,18.707457,1,18.772991
1854,16,1084,-1,-1,-1,-1,-1,-1,0,75.880447
1855,16,1085,-1,-1,-1,-1,-1,-1,0,78.053375
1856,16,64,-1,-1,-1,-1,-1,18.983936,1,19.049473
1857,16,1085,-1,-1,-1,-1,-1,-1,0,76.369919
1858,16,64,-1,-1,-1,-1,-1,19.00032,1,19.044352
1859,16,64,-1,-1,-1,-1,-1,18.739201,1,18.807808
1860,16,64,-1,-1,-1,-1,-1,18.60096,1,18.668545
1861,16,64,-1,-1,-1,-1,-1,18.561024,1,18.627584
1862,16,64,-1,-1,-1,-1,-1,18.51392,1,18.580481
1863,16,64,-1,-1,-1,-1,-1,18.547712,1,18.613249
1864,16,64,-1,-1,-1,-1,-1,18.548737,1,18.613249
1865,16,1085,-1,-1,-1,-1,-1,-1,0,75.890686
1866,16,64,-1,-1,-1,-1,-1,19.254272,1,19.312639
1867,16,3126,-1,-1,-1,-1,-1,-1,0,197.991425
1868,16,1085,-1,-1,-1,-1,-1,-1,0,78.203903
1869,16,64,-1,-1,-1,-1,-1,18.968576,1,19.027967
1870,16,64,-1,-1,-1,-1,-1,18.755585,1,18.822144
1871,16,64,-1,-1,-1,-1,-1,18.623487,1,18.689024
1872,16,64,-1,-1,-1,-1,-1,18.596865,1,18.662399
1873,16,64,-1,-1,-1,-1,-1,18.577408,1,18.642944
1874,16,64,-1,-1,-1,-1,-1,18.566145,1,18.63168
1875,16,64,-1,-1,-1,-1,-1,18.737152,1,18.804735
1876,16,64,-1,-1,-1,-1,-1,18.708481,1,18.774015
1877,16,64,-1,-1,-1,-1,-1,18.693119,1,18.75968
1878,16,64,-1,-1,-1,-1,-1,18.661377,1,18.725887
1879,16,64,-1,-1,-1,-1,-1,18.661377,1,18.725887
1880,16,1085,-1,-1,-1,-1,-1,-1,0,75.770882
1881,16,64,-1,-1,-1,-1,-1,19.18976,1,19.257343
1882,16,64,-1,-1,-1,-1,-1,18.87232,1,18.938881
1883,16,64,-1,-1,-1,-1,-1,18.825216,1,18.892799
1884,16,1085,-1,-1,-1,-1,-1,-1,0,76.019714
1885,16,64,-1,-1,-1,-1,-1,19.030016,1,19.088385
1886,16,64,-1,-1,-1,-1,-1,18.776064,1,18.842625
1887,16,64,-1,-1,-1,-1,-1,18.866177,1,18.926592
1888,16,64,-1,-1,-1,-1,-1,18.813951,1,18.880512
1889,16,1085,-1,-1,-1,-1,-1,-1,0,75.976707
1890,16,64,-1,-1,-1,-1,-1,19.014656,1,19.072001
1891,16,64,-1,-1,-1,-1,-1,18.863104,1,18.931711
1892,16,1084,-1,-1,-1,-1,-1,-1,0,76.140541
1893,16,64,-1,-1,-1,-1,-1,19.035135,1,19.094528
1894,16,2105,-1,-1,-1,-1,-1,-1,0,139.279358
1895,16,64,-1,-1,-1,-1,-1,19.132416,1,19.198977
1896,16,1085,-1,-1,-1,-1,-1,-1,0,76.499969
1897,16,64,-1,-1,-1,-1,-1,18.979839,1,19.045376
1898,16,64,-1,-1,-1,-1,-1,18.794497,1,18.855936
1899,16,1085,-1,-1,-1,-1,-1,-1,0,76.345345
1900,16,64,-1,-1,-1,-1,-1,19.028992,1,19.089409
1901,16,64,-1,-1,-1,-1,-1,18.756607,1,18.825216
1902,16,64,-1,-1,-1,-1,-1,18.632704,1,18.700289
1903,16,64,-1,-1,-1,-1,-1,18.536448,1,18.593792
1904,16,64,-1,-1,-1,-1,-1,18.599936,1,18.666496
1905,16,64,-1,-1,-1,-1,-1,18.794497,1,18.861055
1906,16,64,-1,-1,-1,-1,-1,18.931711,1,18.999296
1907,16,1085,-1,-1,-1,-1,-1,-1,0,76.048386
1908,16,64,-1,-1,-1,-1,-1,19.062784,1,19.130367
1909,16,64,-1,-1,-1,-1,-1,18.874369,1,18.941952
1910,16,64,-1,-1,-1,-1,-1,18.72896,1,18.797567
1911,16,64,-1,-1,-1,-1,-1,18.61632,1,18.68288
1912,16,1085,-1,-1,-1,-1,-1,-1,0,75.88147
1913,16,64,-1,-1,-1,-1,-1,18.998272,1,19.042303
1914,16,64,-1,-1,-1,-1,-1,18.941952,1,19.001345
1915,16,1085,-1,-1,-1,-1,-1,-1,0,76.301315
1916,16,64,-1,-1,-1,-1,-1,19.047424,1,19.112961
1917,16,1085,-1,-1,-1,-1,-1,-1,0,76.952576
1918,16,64,-1,-1,-1,-1,-1,19.132416,1,19.191809
1919,16,1085,-1,-1,-1,-1,-1,-1,0,76.569603
1920,16,64,-1,-1,-1,-1,-1,19.210239,1,19.275776
1921,16,1085,-1,-1,-1,-1,-1,-1,0,76.863487
1922,16,64,-1,-1,-1,-1,-1,19.439615,1,19.506176
1923,16,1085,-1,-1,-1,-1,-1,-1,0,76.976128
1924,16,64,-1,-1,-1,-1,-1,19.167233,1,19.232767
1925,16,64,-1,-1,-1,-1,-1,18.861055,1,18.927616
1926,16,1085,-1,-1,-1,-1,-1,-1,0,76.211197
1927,16,64,-1,-1,-1,-1,-1,18.914305,1,18.973696
1928,16,64,-1,-1,-1,-1,-1,18.814976,1,18.883583
1929,16,64,-1,-1,-1,-1,-1,18.853888,1,18.920448
1930,16,1084,-1,-1,-1,-1,-1,-1,0,76.215294
1931,16,64,-1,-1,-1,-1,-1,19.267584,1,19.334145
1932,16,64,-1,-1,-1,-1,-1,19.056641,1,19.116032
1933,16,64,-1,-1,-1,-1,-1,18.956287,1,19.021824
1934,16,2106,-1,-1,-1,-1,-1,-1,0,138.433533
1935,16,64,-1,-1,-1,-1,-1,18.972672,1,19.037184
1936,16,64,-1,-1,-1,-1,-1,18.729984,1,18.797567
1937,16,64,-1,-1,-1,-1,-1,18.608128,1,18.675713
1938,16,64,-1,-1,-1,-1,-1,18.545664,1,18.614271
1939,16,64,-1,-1,-1,-1,-1,18.507776,1,18.565121
1940,16,64,-1,-1,-1,-1,-1,18.770945,1,18.830336
1941,16,1085,-1,-1,-1,-1,-1,-1,0,75.537407
1942,16,64,-1,-1,-1,-1,-1,18.996223,1,19.055616
1943,16,64,-1,-1,-1,-1,-1,18.936832,1,19.002369
1944,16,1085,-1,-1,-1,-1,-1,-1,0,76.134399
1945,16,1085,-1,-1,-1,-1,-1,-1,0,77.402115
1946,16,64,-1,-1,-1,-1,-1,18.922497,1,18.991104
1947,16,64,-1,-1,-1,-1,-1,18.70336,1,18.747393
1948,16,64,-1,-1,-1,-1,-1,18.594816,1,18.661377
1949,16,64,-1,-1,-1,-1,-1,18.546688,1,18.614271
1950,16,64,-1,-1,-1,-1,-1,18.792448,1,18.849792
1951,16,64,-1,-1,-1,-1,-1,18.729984,1,18.794497
1952,16,64,-1,-1,-1,-1,-1,18.650112,1,18.707457
1953,16,64,-1,-1,-1,-1,-1,18.797567,1,18.863104
1954,16,1069,-1,-1,-1,-1,-1,-1,0,75.914238
1955,16,1085,-1,-1,-1,-1,-1,-1,0,77.438972
1956,16,64,-1,-1,-1,-1,-1,19.122175,1,19.181568
1957,16,64,-1,-1,-1,-1,-1,18.883583,1,18.950144
1958,16,64,-1,-1,-1,-1,-1,18.799616,1,18.866177
1959,16,64,-1,-1,-1,-1,-1,18.786304,1,18.852863
1960,16,64,-1,-1,-1,-1,-1,18.695168,1,18.75968
1961,16,64,-1,-1,-1,-1,-1,18.724863,1,18.783232
1962,16,1085,-1,-1,-1,-1,-1,-1,0,75.64595
1963,16,64,-1,-1,-1,-1,-1,18.964479,1,19.021824
1964,16,64,-1,-1,-1,-1,-1,18.753536,1,18.820095
1965,16,2106,-1,-1,-1,-1,-1,-1,0,139.320312
1966,16,64,-1,-1,-1,-1,-1,18.984961,1,19.051519
1967,16,64,-1,-1,-1,-1,-1,18.835457,1,18.90304
1968,16,1085,-1,-1,-1,-1,-1,-1,0,76.292099
1969,16,64,-1,-1,-1,-1,-1,19.224577,1,19.281919
1970,16,64,-1,-1,-1,-1,-1,18.920448,1,18.988031
1971,16,64,-1,-1,-1,-1,-1,18.837503,1,18.896896
1972,16,64,-1,-1,-1,-1,-1,18.810881,1,18.875393
1973,16,64,-1,-1,-1,-1,-1,18.767872,1,18.834433
1974,16,1085,-1,-1,-1,-1,-1,-1,0,76.614655
1975,16,64,-1,-1,-1,-1,-1,18.961409,1,19.025921
1976,16,64,-1,-1,-1,-1,-1,18.77504,1,18.842625
1977,16,64,-1,-1,-1,-1,-1,18.636801,1,18.705408
1978,16,64,-1,-1,-1,-1,-1,18.755585,1,18.804735
1979,16,1085,-1,-1,-1,-1,-1,-1,0,76.098557
1980,16,64,-1,-1,-1,-1,-1,19.047424,1,19.116032
1981,16,1085,-1,-1,-1,-1,-1,-1,0,76.774399
1982,16,1085,-1,-1,-1,-1,-1,-1,0,77.62944
1983,16,1084,-1,-1,-1,-1,-1,-1,0,77.396996
1984,16,64,-1,-1,-1,-1,-1,18.970625,1,19.037184
1985,16,64,-1,-1,-1,-1,-1,18.875393,1,18.934784
1986,16,64,-1,-1,-1,-1,-1,18.804735,1,18.873344
1987,16,1085,-1,-1,-1,-1,-1,-1,0,76.624893
1988,16,64,-1,-1,-1,-1,-1,19.239937,1,19.30752
1989,16,64,-1,-1,-1,-1,-1,18.937857,1,19.003391
1990,16,64,-1,-1,-1,-1,-1,18.801664,1,18.861055
1991,16,64,-1,-1,-1,-1,-1,18.731009,1,18.797567
1992,16,2106,-1,-1,-1,-1,-1,-1,0,139.199493
1993,16,1084,-1,-1,-1,-1,-1,-1,0,77.162498
1994,16,64,-1,-1,-1,-1,-1,19.069952,1,19.137535
1995,16,64,-1,-1,-1,-1,-1,18.774015,1,18.840576
1996,16,64,-1,-1,-1,-1,-1,18.652161,1,18.718719
1997,16,1085,-1,-1,-1,-1,-1,-1,0,76.249084
1998,16,64,-1,-1,-1,-1,-1,19.00032,1,19.058687
1999,16,64,-1,-1,-1,-1,-1,18.802689,1,18.871296
2000,16,64,-1,-1,-1,-1,-1,18.629633,1,18.696192
2001,16,1085,-1,-1,-1,-1,-1,-1,0,75.8825
2002,16,64,-1,-1,-1,-1,-1,18.976768,1,19.034113
2003,16,64,-1,-1,-1,-1,-1,18.972672,1,19.040257
2004,16,64,-1,-1,-1,-1,-1,18.836479,1,18.906113
2005,16,64,-1,-1,-1,-1,-1,18.716673,1,18.782207
2006,16,64,-1,-1,-1,-1,-1,18.737152,1,18.802689
2007,16,1085,-1,-1,-1,-1,-1,-1,0,75.897858
2008,16,1085,-1,-1,-1,-1,-1,-1,0,78.450691
2009,16,64,-1,-1,-1,-1,-1,19.050495,1,19.117056
2010,16,64,-1,-1,-1,-1,-1,18.710527,1,18.768896
2011,16,64,-1,-1,-1,-1,-1,18.636801,1,18.705408
2012,16,1085,-1,-1,-1,-1,-1,-1,0,75.922432
2013,16,64,-1,-1,-1,-1,-1,18.945024,1,19.012608
2014,16,64,-1,-1,-1,-1,-1,18.854912,1,18.920448
2015,16,64,-1,-1,-1,-1,-1,18.893824,1,18.961409
2016,16,64,-1,-1,-1,-1,-1,18.817024,1,18.882561
2017,16,1085,-1,-1,-1,-1,-1,-1,0,75.856895
2018,16,64,-1,-1,-1,-1,-1,19.181568,1,19.247105
2019,16,64,-1,-1,-1,-1,-1,18.925568,1,18.991104
2020,16,64,-1,-1,-1,-1,-1,18.852863,1,18.9184
2021,16,64,-1,-1,-1,-1,-1,18.78528,1,18.850817
2022,16,1084,-1,-1,-1,-1,-1,-1,0,76.044289
2023,16,64,-1,-1,-1,-1,-1,18.972672,1,19.041281
2024,16,64,-1,-1,-1,-1,-1,18.80064,1,18.869247
2025,16,64,-1,-1,-1,-1,-1,18.660353,1,18.705408
2026,16,64,-1,-1,-1,-1,-1,18.555904,1,18.623487
2027,16,64,-1,-1,-1,-1,-1,18.543615,1,18.609152
2028,16,64,-1,-1,-1,-1,-1,18.55488,1,18.597889
2029,16,64,-1,-1,-1,-1,-1,18.556929,1,18.622463
2030,16,64,-1,-1,-1,-1,-1,18.478081,1,18.546688
2031,16,3127,-1,-1,-1,-1,-1,-1,0,198.018051
2032,16,64,-1,-1,-1,-1,-1,19.16416,1,19.222528
2033,16,64,-1,-1,-1,-1,-1,18.971647,1,19.039232
2034,16,64,-1,-1,-1,-1,-1,18.884607,1,18.942976
2035,16,1069,-1,-1,-1,-1,-1,-1,0,75.728897
2036,16,64,-1,-1,-1,-1,-1,19.138559,1,19.206144
2037,16,64,-1,-1,-1,-1,-1,18.876415,1,18.942976
2038,16,64,-1,-1,-1,-1,-1,19.025921,1,19.070976
2039,16,64,-1,-1,-1,-1,-1,18.917376,1,18.983936
2040,16,64,-1,-1,-1,-1,-1,19.00544,1,19.062784
2041,16,2106,-1,-1,-1,-1,-1,-1,0,139.06636
2042,16,2106,-1,-1,-1,-1,-1,-1,0,140.568573
2043,16,1085,-1,-1,-1,-1,-1,-1,0,77.683708
2044,16,64,-1,-1,-1,-1,-1,19.16416,1,19.233791
2045,16,64,-1,-1,-1,-1,-1,18.951168,1,19.018751
2046,16,1085,-1,-1,-1,-1,-1,-1,0,76.1856
2047,16,64,-1,-1,-1,-1,-1,19.053568,1,19.111937
2048,16,64,-1,-1,-1,-1,-1,18.741247,1,18.807808
2049,16,64,-1,-1,-1,-1,-1,18.652161,1,18.719744
2050,16,64,-1,-1,-1,-1,-1,18.555904,1,18.621441
2051,16,64,-1,-1,-1,-1,-1,18.556929,1,18.620417
2052,16,64,-1,-1,-1,-1,-1,18.567167,1,18.633728
2053,16,64,-1,-1,-1,-1,-1,18.512896,1,18.578432
2054,16,64,-1,-1,-1,-1,-1,18.495487,1,18.561024
2055,16,64,-1,-1,-1,-1,-1,18.460672,1,18.526209
2056,16,64,-1,-1,-1,-1,-1,18.543615,1,18.599936
2057,16,64,-1,-1,-1,-1,-1,18.680832,1,18.745344
2058,16,64,-1,-1,-1,-1,-1,18.691072,1,18.756607
2059,16,64,-1,-1,-1,-1,-1,18.745344,1,18.812927
2060,16,64,-1,-1,-1,-1,-1,18.729984,1,18.794497
2061,16,64,-1,-1,-1,-1,-1,18.76992,1,18.83136
2062,16,64,-1,-1,-1,-1,-1,18.722816,1,18.789375
2063,16,64,-1,-1,-1,-1,-1,18.791424,1,18.848768
2064,16,64,-1,-1,-1,-1,-1,18.750463,1,18.794497
2065,16,1085,-1,-1,-1,-1,-1,-1,0,76.021759
2066,16,1085,-1,-1,-1,-1,-1,-1,0,78.083069
2067,16,64,-1,-1,-1,-1,-1,19.195904,1,19.265535
2068,16,64,-1,-1,-1,-1,-1,18.97472,1,19.041281
2069,16,1085,-1,-1,-1,-1,-1,-1,0,76.297218
2070,16,64,-1,-1,-1,-1,-1,19.027967,1,19.094528
2071,16,64,-1,-1,-1,-1,-1,18.996223,1,19.062784
2072,16,1085,-1,-1,-1,-1,-1,-1,0,76.178429
2073,16,1085,-1,-1,-1,-1,-1,-1,0,77.715454
2074,16,1085,-1,-1,-1,-1,-1,-1,0,77.485054
2075,16,64,-1,-1,-1,-1,-1,19.051519,1,19.119104
2076,16,64,-1,-1,-1,-1,-1,18.783232,1,18.843649
2077,16,64,-1,-1,-1,-1,-1,18.700289,1,18.766848
2078,16,64,-1,-1,-1,-1,-1,18.583551,1,18.649088
2079,16,64,-1,-1,-1,-1,-1,18.593792,1,18.660353
2080,16,64,-1,-1,-1,-1,-1,18.576384,1,18.642944
2081,16,1085,-1,-1,-1,-1,-1,-1,0,76.274689
2082,16,64,-1,-1,-1,-1,-1,19.155968,1,19.215361
2083,16,64,-1,-1,-1,-1,-1,18.930689,1,19.00032
2084,16,64,-1,-1,-1,-1,-1,18.799616,1,18.865152
2085,16,64,-1,-1,-1,-1,-1,18.676737,1,18.74432
2086,16,64,-1,-1,-1,-1,-1,18.798592,1,18.85696
2087,16,64,-1,-1,-1,-1,-1,18.799616,1,18.868223
2088,16,3126,-1,-1,-1,-1,-1,-1,0,198.444031
2089,16,64,-1,-1,-1,-1,-1,19.309568,1,19.376127
2090,16,64,-1,-1,-1,-1,-1,19.094528,1,19.153919
2091,16,64,-1,-1,-1,-1,-1,18.976768,1,19.044352
2092,16,64,-1,-1,-1,-1,-1,18.879488,1,18.948095
2093,16,2105,-1,-1,-1,-1,-1,-1,0,138.68544
2094,16,1085,-1,-1,-1,-1,-1,-1,0,77.457405
2095,16,64,-1,-1,-1,-1,-1,18.936832,1,19.003391
2096,16,64,-1,-1,-1,-1,-1,18.961409,1,19.027967
2097,16,1084,-1,-1,-1,-1,-1,-1,0,75.695107
2098,16,64,-1,-1,-1,-1,-1,19.018751,1,19.082239
2099,16,64,-1,-1,-1,-1,-1,18.837503,1,18.896896
2100,16,64,-1,-1,-1,-1,-1,18.684929,1,18.729984
2101,16,1085,-1,-1,-1,-1,-1,-1,0,76.004349
2102,16,64,-1,-1,-1,-1,-1,19.022848,1,19.081217
2103,16,64,-1,-1,-1,-1,-1,18.767872,1,18.834433
2104,16,64,-1,-1,-1,-1,-1,18.623487,1,18.691072
2105,16,64,-1,-1,-1,-1,-1,18.53952,1,18.597889
2106,16,1085,-1,-1,-1,-1,-1,-1,0,75.957245
2107,16,64,-1,-1,-1,-1,-1,18.957312,1,19.014656
2108,16,64,-1,-1,-1,-1,-1,18.734079,1,18.801664
2109,16,64,-1,-1,-1,-1,-1,18.584576,1,18.650112
2110,16,1085,-1,-1,-1,-1,-1,-1,0,75.979774
2111,16,64,-1,-1,-1,-1,-1,18.981888,1,19.045376
2112,16,64,-1,-1,-1,-1,-1,18.812927,1,18.881536
2113,16,64,-1,-1,-1,-1,-1,18.667521,1,18.723841
2114,16,64,-1,-1,-1,-1,-1,18.553856,1,18.621441
2115,16,64,-1,-1,-1,-1,-1,18.559999,1,18.625536
2116,16,64,-1,-1,-1,-1,-1,18.565121,1,18.632704
2117,16,64,-1,-1,-1,-1,-1,18.571264,1,18.636801
2118,16,64,-1,-1,-1,-1,-1,18.493441,1,18.559999
2119,16,64,-1,-1,-1,-1,-1,18.433023,1,18.496511
2120,16,64,-1,-1,-1,-1,-1,18.563072,1,18.629633
2121,16,1085,-1,-1,-1,-1,-1,-1,0,75.393021
2122,16,1085,-1,-1,-1,-1,-1,-1,0,77.440002
2123,16,64,-1,-1,-1,-1,-1,18.999296,1,19.065857
2124,16,1084,-1,-1,-1,-1,-1,-1,0,76.100609
2125,16,1084,-1,-1,-1,-1,-1,-1,0,77.387779
2126,16,64,-1,-1,-1,-1,-1,19.021824,1,19.089409
2127,16,64,-1,-1,-1,-1,-1,18.740225,1,18.810881
2128,16,64,-1,-1,-1,-1,-1,18.635777,1,18.702335
2129,16,64,-1,-1,-1,-1,-1,18.571264,1,18.636801
2130,16,64,-1,-1,-1,-1,-1,18.784256,1,18.828287
2131,16,64,-1,-1,-1,-1,-1,18.822144,1,18.888704
2132,16,1085,-1,-1,-1,-1,-1,-1,0,75.998207
2133,16,64,-1,-1,-1,-1,-1,18.945024,1,19.011583
2134,16,64,-1,-1,-1,-1,-1,18.8416,1,18.902016
2135,16,64,-1,-1,-1,-1,-1,18.642944,1,18.710527
2136,16,1085,-1,-1,-1,-1,-1,-1,0,76.806145
2137,16,64,-1,-1,-1,-1,-1,19.203072,1,19.269632
2138,16,1085,-1,-1,-1,-1,-1,-1,0,76.888062
2139,16,1085,-1,-1,-1,-1,-1,-1,0,77.383682
2140,16,64,-1,-1,-1,-1,-1,18.944,1,19.010559
2141,16,64,-1,-1,-1,-1,-1,18.795521,1,18.865152
2142,16,64,-1,-1,-1,-1,-1,18.638847,1,18.696192
2143,16,1085,-1,-1,-1,-1,-1,-1,0,76.233727
2144,16,64,-1,-1,-1,-1,-1,18.968576,1,19.010559
2145,16,64,-1,-1,-1,-1,-1,18.802689,1,18.870272
2146,16,64,-1,-1,-1,-1,-1,18.664448,1,18.722816
2147,16,1085,-1,-1,-1,-1,-1,-1,0,75.983871
2148,16,1085,-1,-1,-1,-1,-1,-1,0,78.043137
2149,16,64,-1,-1,-1,-1,-1,18.995199,1,19.054592
2150,16,64,-1,-1,-1,-1,-1,18.679808,1,18.737152
2151,16,1085,-1,-1,-1,-1,-1,-1,0,76.378113
2152,16,64,-1,-1,-1,-1,-1,18.953217,1,19.017729
2153,16,64,-1,-1,-1,-1,-1,18.830336,1,18.897921
2154,16,64,-1,-1,-1,-1,-1,18.581505,1,18.647039
2155,16,1085,-1,-1,-1,-1,-1,-1,0,76.05658
2156,16,64,-1,-1,-1,-1,-1,19.093504,1,19.152897
2157,16,64,-1,-1,-1,-1,-1,18.768896,1,18.837503
2158,16,64,-1,-1,-1,-1,-1,18.668545,1,18.734079
2159,16,64,-1,-1,-1,-1,-1,18.78528,1,18.853888
2160,16,64,-1,-1,-1,-1,-1,18.715649,1,18.780161
2161,16,64,-1,-1,-1,-1,-1,18.727936,1,18.788351
2162,16,64,-1,-1,-1,-1,-1,18.77504,1,18.840576
2163,16,1085,-1,-1,-1,-1,-1,-1,0,75.704323
2164,16,64,-1,-1,-1,-1,-1,19.20512,1,19.270657
2165,16,64,-1,-1,-1,-1,-1,19.023872,1,19.09248
2166,16,1085,-1,-1,-1,-1,-1,-1,0,76.452866
2167,16,64,-1,-1,-1,-1,-1,19.193855,1,19.26144
2168,16,1085,-1,-1,-1,-1,-1,-1,0,76.850174
2169,16,64,-1,-1,-1,-1,-1,19.033089,1,19.101696
2170,16,64,-1,-1,-1,-1,-1,18.75456,1,18.821119
2171,16,64,-1,-1,-1,-1,-1,18.642944,1,18.686975
2172,16,64,-1,-1,-1,-1,-1,18.557953,1,18.61632
2173,16,64,-1,-1,-1,-1,-1,18.639872,1,18.707457
2174,16,64,-1,-1,-1,-1,-1,18.777088,1,18.840576
2175,16,64,-1,-1,-1,-1,-1,18.755585,1,18.823168
2176,16,64,-1,-1,-1,-1,-1,18.699265,1,18.757631
2177,16,64,-1,-1,-1,-1,-1,18.755585,1,18.821119
2178,16,1085,-1,-1,-1,-1,-1,-1,0,76.443649
2179,16,64,-1,-1,-1,-1,-1,19.274752,1,19.342337
2180,16,2106,-1,-1,-1,-1,-1,-1,0,139.177979
2181,16,64,-1,-1,-1,-1,-1,18.91328,1,18.979839
2182,16,64,-1,-1,-1,-1,-1,18.774015,1,18.8416
2183,16,1085,-1,-1,-1,-1,-1,-1,0,76.201981
2184,16,64,-1,-1,-1,-1,-1,19.136513,1,19.192833
2185,16,1085,-1,-1,-1,-1,-1,-1,0,76.624893
2186,16,64,-1,-1,-1,-1,-1,19.054592,1,19.121153
2187,16,64,-1,-1,-1,-1,-1,18.745344,1,18.813951
2188,16,64,-1,-1,-1,-1,-1,18.679808,1,18.747393
2189,16,64,-1,-1,-1,-1,-1,18.610176,1,18.670591
2190,16,1085,-1,-1,-1,-1,-1,-1,0,76.14669
2191,16,64,-1,-1,-1,-1,-1,18.955263,1,19.01568
2192,16,1085,-1,-1,-1,-1,-1,-1,0,76.589058
2193,16,1085,-1,-1,-1,-1,-1,-1,0,77.654015
2194,16,64,-1,-1,-1,-1,-1,19.117056,1,19.182592
2195,16,64,-1,-1,-1,-1,-1,18.961409,1,19.03104
2196,16,1085,-1,-1,-1,-1,-1,-1,0,76.108803
2197,16,1085,-1,-1,-1,-1,-1,-1,0,78.061569
2198,16,64,-1,-1,-1,-1,-1,19.012608,1,19.081217
2199,16,64,-1,-1,-1,-1,-1,18.709503,1,18.776064
2200,16,64,-1,-1,-1,-1,-1,18.599936,1,18.666496
2201,16,1084,-1,-1,-1,-1,-1,-1,0,75.854851
2202,16,1085,-1,-1,-1,-1,-1,-1,0,77.885437
2203,16,64,-1,-1,-1,-1,-1,18.973696,1,19.03616
2204,16,64,-1,-1,-1,-1,-1,18.792448,1,18.852863
2205,16,64,-1,-1,-1,-1,-1,18.637823,1,18.704384
2206,16,64,-1,-1,-1,-1,-1,18.523136,1,18.5856
2207,16,64,-1,-1,-1,-1,-1,18.715649,1,18.783232
2208,16,64,-1,-1,-1,-1,-1,18.685951,1,18.752512
2209,16,64,-1,-1,-1,-1,-1,18.770945,1,18.838528
2210,16,64,-1,-1,-1,-1,-1,18.684929,1,18.750463
2211,16,64,-1,-1,-1,-1,-1,18.718719,1,18.782207
2212,16,64,-1,-1,-1,-1,-1,18.737152,1,18.793472
2213,16,64,-1,-1,-1,-1,-1,18.686975,1,18.752512
2214,16,1084,-1,-1,-1,-1,-1,-1,0,75.753471
2215,16,64,-1,-1,-1,-1,-1,19.024897,1,19.093504
2216,16,64,-1,-1,-1,-1,-1,18.868223,1,18.936832
2217,16,64,-1,-1,-1,-1,-1,18.876415,1,18.942976
2218,16,1084,-1,-1,-1,-1,-1,-1,0,75.748352
2219,16,64,-1,-1,-1,-1,-1,18.987007,1,19.054592
2220,16,1085,-1,-1,-1,-1,-1,-1,0,76.358658
2221,16,1085,-1,-1,-1,-1,-1,-1,0,78.082047
2222,16,64,-1,-1,-1,-1,-1,18.9184,1,18.983936
2223,16,64,-1,-1,-1,-1,-1,18.700289,1,18.766848
2224,16,64,-1,-1,-1,-1,-1,18.601984,1,18.660353
2225,16,64,-1,-1,-1,-1,-1,18.5856,1,18.653185
2226,16,64,-1,-1,-1,-1,-1,18.650112,1,18.715649
2227,16,64,-1,-1,-1,-1,-1,18.607103,1,18.674688
2228,16,64,-1,-1,-1,-1,-1,18.707457,1,18.763777
2229,16,64,-1,-1,-1,-1,-1,18.753536,1,18.820095
2230,16,64,-1,-1,-1,-1,-1,18.707457,1,18.770945
2231,16,64,-1,-1,-1,-1,-1,18.659328,1,18.727936
2232,16,1085,-1,-1,-1,-1,-1,-1,0,75.838463
2233,16,64,-1,-1,-1,-1,-1,19.226624,1,19.293184
2234,16,64,-1,-1,-1,-1,-1,19.190784,1,19.258368
2235,16,1085,-1,-1,-1,-1,-1,-1,0,76.317696
2236,16,64,-1,-1,-1,-1,-1,19.334145,1,19.400703
2237,16,2106,-1,-1,-1,-1,-1,-1,0,139.30394
2238,16,64,-1,-1,-1,-1,-1,19.212288,1,19.278849
2239,16,64,-1,-1,-1,-1,-1,18.971647,1,19.034113
2240,16,64,-1,-1,-1,-1,-1,18.742271,1,18.787329
2241,16,64,-1,-1,-1,-1,-1,18.760704,1,18.827265
2242,16,1085,-1,-1,-1,-1,-1,-1,0,75.969536
2243,16,64,-1,-1,-1,-1,-1,18.940928,1,19.002369
2244,16,1085,-1,-1,-1,-1,-1,-1,0,76.737534
2245,16,64,-1,-1,-1,-1,-1,19.17952,1,19.248129
2246,16,1085,-1,-1,-1,-1,-1,-1,0,77.156349
2247,16,64,-1,-1,-1,-1,-1,19.192833,1,19.262465
2248,16,64,-1,-1,-1,-1,-1,18.881536,1,18.940928
2249,16,1085,-1,-1,-1,-1,-1,-1,0,76.199936
2250,16,1085,-1,-1,-1,-1,-1,-1,0,77.485054
2251,16,64,-1,-1,-1,-1,-1,19.147776,1,19.215361
2252,16,1085,-1,-1,-1,-1,-1,-1,0,76.378113
2253,16,64,-1,-1,-1,-1,-1,19.331072,1,19.398657
2254,16,64,-1,-1,-1,-1,-1,19.108864,1,19.153919
2255,16,64,-1,-1,-1,-1,-1,18.940928,1,19.007488
2256,16,1085,-1,-1,-1,-1,-1,-1,0,76.253181
2257,16,64,-1,-1,-1,-1,-1,19.177471,1,19.236864
2258,16,64,-1,-1,-1,-1,-1,18.906113,1,18.972672
2259,16,64,-1,-1,-1,-1,-1,18.850817,1,18.9184
2260,16,64,-1,-1,-1,-1,-1,18.748417,1,18.813951
2261,16,64,-1,-1,-1,-1,-1,18.723841,1,18.7904
2262,16,64,-1,-1,-1,-1,-1,18.690048,1,18.75968
2263,16,1085,-1,-1,-1,-1,-1,-1,0,76.244995
2264,16,1085,-1,-1,-1,-1,-1,-1,0,78.262276
2265,16,64,-1,-1,-1,-1,-1,19.025921,1,19.085312
2266,16,64,-1,-1,-1,-1,-1,18.715649,1,18.780161
2267,16,1085,-1,-1,-1,-1,-1,-1,0,76.601341
2268,16,64,-1,-1,-1,-1,-1,18.988031,1,19.054592
2269,16,64,-1,-1,-1,-1,-1,18.817024,1,18.884607
2270,16,64,-1,-1,-1,-1,-1,18.61632,1,18.674688
2271,16,64,-1,-1,-1,-1,-1,18.6112,1,18.677759
2272,16,1085,-1,-1,-1,-1,-1,-1,0,76.369919
2273,16,64,-1,-1,-1,-1,-1,19.064833,1,19.125248
2274,16,64,-1,-1,-1,-1,-1,18.813951,1,18.880512
2275,16,1084,-1,-1,-1,-1,-1,-1,0,75.940865
2276,16,64,-1,-1,-1,-1,-1,19.007488,1,19.063808
2277,16,64,-1,-1,-1,-1,-1,18.743296,1,18.808832
2278,16,64,-1,-1,-1,-1,-1,18.597889,1,18.664448
2279,16,64,-1,-1,-1,-1,-1,18.54464,1,18.6112
2280,16,64,-1,-1,-1,-1,-1,18.535423,1,18.599936
2281,16,64,-1,-1,-1,-1,-1,18.563072,1,18.628609
2282,16,64,-1,-1,-1,-1,-1,18.516993,1,18.582527
2283,16,1085,-1,-1,-1,-1,-1,-1,0,76.383232
2284,16,64,-1,-1,-1,-1,-1,19.082239,1,19.147776
2285,16,64,-1,-1,-1,-1,-1,18.907137,1,18.973696
2286,16,64,-1,-1,-1,-1,-1,18.964479,1,19.030016
2287,16,2106,-1,-1,-1,-1,-1,-1,0,138.765305
2288,16,64,-1,-1,-1,-1,-1,19.004416,1,19.068928
2289,16,1085,-1,-1,-1,-1,-1,-1,0,77.021187
2290,16,64,-1,-1,-1,-1,-1,18.984961,1,19.040257
2291,16,64,-1,-1,-1,-1,-1,18.768896,1,18.836479
2292,16,64,-1,-1,-1,-1,-1,18.824192,1,18.889729
2293,16,64,-1,-1,-1,-1,-1,18.747393,1,18.812927
2294,16,64,-1,-1,-1,-1,-1,18.726912,1,18.793472
2295,16,64,-1,-1,-1,-1,-1,18.763777,1,18.83136
2296,16,64,-1,-1,-1,-1,-1,18.807808,1,18.855936
2297,16,64,-1,-1,-1,-1,-1,18.701311,1,18.766848
2298,16,1085,-1,-1,-1,-1,-1,-1,0,75.973633
2299,16,1085,-1,-1,-1,-1,-1,-1,0,77.396996
2300,16,64,-1,-1,-1,-1,-1,19.113983,1,19.173376
2301,16,64,-1,-1,-1,-1,-1,18.984961,1,19.044352
2302,16,64,-1,-1,-1,-1,-1,18.920448,1,18.964479
2303,16,64,-1,-1,-1,-1,-1,18.847744,1,18.91328
2304,16,64,-1,-1,-1,-1,-1,18.905088,1,18.971647
2305,16,2106,-1,-1,-1,-1,-1,-1,0,138.940414
2306,16,64,-1,-1,-1,-1,-1,19.165184,1,19.230721
2307,16,1085,-1,-1,-1,-1,-1,-1,0,76.675072
2308,16,64,-1,-1,-1,-1,-1,19.190784,1,19.232767
2309,16,1085,-1,-1,-1,-1,-1,-1,0,76.585983
2310,16,64,-1,-1,-1,-1,-1,19.126272,1,19.193855
2311,16,1085,-1,-1,-1,-1,-1,-1,0,77.003777
2312,16,64,-1,-1,-1,-1,-1,18.962433,1,19.030016
2313,16,64,-1,-1,-1,-1,-1,18.743296,1,18.809856
2314,16,64,-1,-1,-1,-1,-1,18.779137,1,18.845695
2315,16,64,-1,-1,-1,-1,-1,18.824192,1,18.890753
2316,16,64,-1,-1,-1,-1,-1,18.755585,1,18.798592
2317,16,64,-1,-1,-1,-1,-1,18.751488,1,18.813951
2318,16,1085,-1,-1,-1,-1,-1,-1,0,76.291069
2319,16,1085,-1,-1,-1,-1,-1,-1,0,78.212097
2320,16,64,-1,-1,-1,-1,-1,19.067904,1,19.132416
2321,16,64,-1,-1,-1,-1,-1,18.751488,1,18.809856
2322,16,1085,-1,-1,-1,-1,-1,-1,0,76.180481
2323,16,1084,-1,-1,-1,-1,-1,-1,0,77.374466
2324,16,64,-1,-1,-1,-1,-1,18.962433,1,19.019775
2325,16,64,-1,-1,-1,-1,-1,18.69824,1,18.757631
2326,16,64,-1,-1,-1,-1,-1,18.705408,1,18.770945
2327,16,64,-1,-1,-1,-1,-1,18.709503,1,18.774015
2328,16,1085,-1,-1,-1,-1,-1,-1,0,76.1856
2329,16,64,-1,-1,-1,-1,-1,19.03616,1,19.10272
2330,16,64,-1,-1,-1,-1,-1,18.791424,1,18.859009
2331,16,64,-1,-1,-1,-1,-1,18.625536,1,18.691072
2332,16,1085,-1,-1,-1,-1,-1,-1,0,75.92141
2333,16,64,-1,-1,-1,-1,-1,18.984961,1,19.050495
2334,16,64,-1,-1,-1,-1,-1,18.740225,1,18.806784
2335,16,1085,-1,-1,-1,-1,-1,-1,0,75.931648
2336,16,64,-1,-1,-1,-1,-1,18.957312,1,19.022848
2337,16,64,-1,-1,-1,-1,-1,18.806784,1,18.873344
2338,16,64,-1,-1,-1,-1,-1,18.742271,1,18.807808
2339,16,1085,-1,-1,-1,-1,-1,-1,0,76.22963
2340,16,64,-1,-1,-1,-1,-1,19.298304,1,19.36384
2341,16,1084,-1,-1,-1,-1,-1,-1,0,76.397568
2342,16,64,-1,-1,-1,-1,-1,19.0208,1,19.08736
2343,16,64,-1,-1,-1,-1,-1,18.746368,1,18.812927
2344,16,64,-1,-1,-1,-1,-1,18.650112,1,18.715649
2345,16,64,-1,-1,-1,-1,-1,18.60096,1,18.667521
2346,16,64,-1,-1,-1,-1,-1,18.557953,1,18.60096
2347,16,64,-1,-1,-1,-1,-1,18.578432,1,18.646015
2348,16,64,-1,-1,-1,-1,-1,18.481152,1,18.547712
2349,16,64,-1,-1,-1,-1,-1,18.476032,1,18.543615
2350,16,64,-1,-1,-1,-1,-1,18.504704,1,18.562048
2351,16,1085,-1,-1,-1,-1,-1,-1,0,75.997185
2352,16,1085,-1,-1,-1,-1,-1,-1,0,78.071808
2353,16,64,-1,-1,-1,-1,-1,19.149824,1,19.217407
2354,16,1085,-1,-1,-1,-1,-1,-1,0,76.51738
2355,16,1085,-1,-1,-1,-1,-1,-1,0,77.693954
2356,16,1085,-1,-1,-1,-1,-1,-1,0,77.467651
2357,16,64,-1,-1,-1,-1,-1,18.927616,1,18.994177
2358,16,64,-1,-1,-1,-1,-1,18.765823,1,18.825216
2359,16,64,-1,-1,-1,-1,-1,18.671616,1,18.740225
2360,16,64,-1,-1,-1,-1,-1,18.571264,1,18.635777
2361,16,64,-1,-1,-1,-1,-1,18.535423,1,18.603008
2362,16,64,-1,-1,-1,-1,-1,18.614271,1,18.679808
2363,16,64,-1,-1,-1,-1,-1,18.617344,1,18.684929
2364,16,1085,-1,-1,-1,-1,-1,-1,0,76.238846
2365,16,1085,-1,-1,-1,-1,-1,-1,0,77.706238
2366,16,64,-1,-1,-1,-1,-1,18.93376,1,18.999296
2367,16,64,-1,-1,-1,-1,-1,18.802689,1,18.847744
2368,16,64,-1,-1,-1,-1,-1,18.692097,1,18.758656
2369,16,1085,-1,-1,-1,-1,-1,-1,0,76.161026
2370,16,64,-1,-1,-1,-1,-1,19.065857,1,19.131392
2371,16,64,-1,-1,-1,-1,-1,18.786304,1,18.832384
2372,16,64,-1,-1,-1,-1,-1,18.87232,1,18.940928
2373,16,1069,-1,-1,-1,-1,-1,-1,0,75.650047
2374,16,64,-1,-1,-1,-1,-1,18.947071,1,18.989056
2375,16,64,-1,-1,-1,-1,-1,18.766848,1,18.837503
2376,16,64,-1,-1,-1,-1,-1,18.590719,1,18.634752
2377,16,64,-1,-1,-1,-1,-1,18.573313,1,18.638847
2378,16,64,-1,-1,-1,-1,-1,18.609152,1,18.666496
2379,16,1085,-1,-1,-1,-1,-1,-1,0,76.22963
2380,16,64,-1,-1,-1,-1,-1,19.358721,1,19.417088
2381,16,2106,-1,-1,-1,-1,-1,-1,0,139.430908
2382,16,64,-1,-1,-1,-1,-1,19.141632,1,19.208193
2383,16,64,-1,-1,-1,-1,-1,18.885632,1,18.952192
2384,16,64,-1,-1,-1,-1,-1,18.75456,1,18.822144
2385,16,1085,-1,-1,-1,-1,-1,-1,0,76.475395
2386,16,1085,-1,-1,-1,-1,-1,-1,0,78.146561
2387,16,64,-1,-1,-1,-1,-1,19.00544,1,19.073025
2388,16,64,-1,-1,-1,-1,-1,18.717695,1,18.777088
2389,16,64,-1,-1,-1,-1,-1,18.612225,1,18.669567
2390,16,1085,-1,-1,-1,-1,-1,-1,0,76.116989
2391,16,64,-1,-1,-1,-1,-1,18.970625,1,19.037184
2392,16,64,-1,-1,-1,-1,-1,18.763777,1,18.833408
2393,16,64,-1,-1,-1,-1,-1,18.610176,1,18.680832
2394,16,64,-1,-1,-1,-1,-1,18.601984,1,18.671616
2395,16,64,-1,-1,-1,-1,-1,18.574335,1,18.639872
2396,16,64,-1,-1,-1,-1,-1,18.592768,1,18.659328
2397,16,1085,-1,-1,-1,-1,-1,-1,0,75.934723
2398,16,64,-1,-1,-1,-1,-1,18.984961,1,19.045376
2399,16,1085,-1,-1,-1,-1,-1,-1,0,76.73037
2400,16,64,-1,-1,-1,-1,-1,19.003391,1,19.072001
2401,16,64,-1,-1,-1,-1,-1,18.781183,1,18.848768
2402,16,64,-1,-1,-1,-1,-1,18.675713,1,18.74432
2403,16,64,-1,-1,-1,-1,-1,18.563072,1,18.628609
2404,16,64,-1,-1,-1,-1,-1,18.895872,1,18.939903
2405,16,1085,-1,-1,-1,-1,-1,-1,0,76.092415
2406,16,1085,-1,-1,-1,-1,-1,-1,0,78.099457
2407,16,2106,-1,-1,-1,-1,-1,-1,0,140.527618
2408,16,64,-1,-1,-1,-1,-1,18.931711,1,19.00032
2409,16,64,-1,-1,-1,-1,-1,18.727936,1,18.795521
2410,16,64,-1,-1,-1,-1,-1,18.609152,1,18.675713
2411,16,64,-1,-1,-1,-1,-1,18.52928,1,18.59584
2412,16,64,-1,-1,-1,-1,-1,18.555904,1,18.615295
2413,16,1085,-1,-1,-1,-1,-1,-1,0,76.226562
2414,16,64,-1,-1,-1,-1,-1,19.041281,1,19.108864
2415,16,64,-1,-1,-1,-1,-1,18.747393,1,18.814976
2416,16,64,-1,-1,-1,-1,-1,18.798592,1,18.866177
2417,16,64,-1,-1,-1,-1,-1,18.740225,1,18.806784
2418,16,64,-1,-1,-1,-1,-1,18.691072,1,18.758656
2419,16,1085,-1,-1,-1,-1,-1,-1,0,76.225533
2420,16,1085,-1,-1,-1,-1,-1,-1,0,77.684738
2421,16,64,-1,-1,-1,-1,-1,19.017729,1,19.084288
2422,16,64,-1,-1,-1,-1,-1,18.767872,1,18.826241
2423,16,64,-1,-1,-1,-1,-1,18.635777,1,18.702335
2424,16,64,-1,-1,-1,-1,-1,18.52416,1,18.590719
2425,16,64,-1,-1,-1,-1,-1,18.552832,1,18.618368
2426,16,64,-1,-1,-1,-1,-1,18.531328,1,18.599936
2427,16,64,-1,-1,-1,-1,-1,18.528255,1,18.591743
2428,16,64,-1,-1,-1,-1,-1,18.664448,1,18.732033
2429,16,64,-1,-1,-1,-1,-1,18.646015,1,18.711552
2430,16,1085,-1,-1,-1,-1,-1,-1,0,75.945984
2431,16,64,-1,-1,-1,-1,-1,19.1488,1,19.192833
2432,16,64,-1,-1,-1,-1,-1,18.967552,1,19.035135
2433,16,1085,-1,-1,-1,-1,-1,-1,0,76.305405
2434,16,64,-1,-1,-1,-1,-1,19.100672,1,19.168257
2435,16,64,-1,-1,-1,-1,-1,18.982912,1,19.047424
2436,16,2106,-1,-1,-1,-1,-1,-1,0,139.323395
2437,16,64,-1,-1,-1,-1,-1,19.017729,1,19.084288
2438,16,64,-1,-1,-1,-1,-1,19.003391,1,19.072001
2439,16,64,-1,-1,-1,-1,-1,18.879488,1,18.947071
2440,16,64,-1,-1,-1,-1,-1,18.852863,1,18.920448
2441,16,1085,-1,-1,-1,-1,-1,-1,0,76.566528
2442,16,1085,-1,-1,-1,-1,-1,-1,0,78.105598
2443,16,64,-1,-1,-1,-1,-1,18.977793,1,19.03616
2444,16,1085,-1,-1,-1,-1,-1,-1,0,77.030403
2445,16,64,-1,-1,-1,-1,-1,19.072001,1,19.138559
2446,16,64,-1,-1,-1,-1,-1,18.864128,1,18.932735
2447,16,64,-1,-1,-1,-1,-1,18.763777,1,18.829311
2448,16,64,-1,-1,-1,-1,-1,18.610176,1,18.655231
2449,16,64,-1,-1,-1,-1,-1,18.588673,1,18.646015
2450,16,1085,-1,-1,-1,-1,-1,-1,0,76.147713
2451,16,64,-1,-1,-1,-1,-1,19.006464,1,19.050495
2452,16,2104,-1,-1,-1,-1,-1,-1,0,138.951675
2453,16,64,-1,-1,-1,-1,-1,19.116032,1,19.182592
2454,16,64,-1,-1,-1,-1,-1,18.968576,1,19.035135
2455,16,64,-1,-1,-1,-1,-1,18.832384,1,18.899967
2456,16,64,-1,-1,-1,-1,-1,18.915327,1,18.980864
2457,16,1085,-1,-1,-1,-1,-1,-1,0,76.422142
2458,16,1085,-1,-1,-1,-1,-1,-1,0,77.489151
2459,16,64,-1,-1,-1,-1,-1,19.169279,1,19.234816
2460,16,64,-1,-1,-1,-1,-1,18.925568,1,18.982912
2461,16,1085,-1,-1,-1,-1,-1,-1,0,76.362755
2462,16,64,-1,-1,-1,-1,-1,18.972672,1,19.03104
2463,16,64,-1,-1,-1,-1,-1,18.7904,1,18.848768
2464,16,64,-1,-1,-1,-1,-1,18.622463,1,18.690048
2465,16,64,-1,-1,-1,-1,-1,18.63168,1,18.697216
2466,16,1085,-1,-1,-1,-1,-1,-1,0,76.24192
2467,16,64,-1,-1,-1,-1,-1,19.022848,1,19.088385
2468,16,64,-1,-1,-1,-1,-1,18.923519,1,18.981888
2469,16,1085,-1,-1,-1,-1,-1,-1,0,76.28698
2470,16,64,-1,-1,-1,-1,-1,18.963455,1,19.03104
2471,16,64,-1,-1,-1,-1,-1,18.732033,1,18.798592
2472,16,64,-1,-1,-1,-1,-1,18.741247,1,18.806784
2473,16,1085,-1,-1,-1,-1,-1,-1,0,76.374016
2474,16,64,-1,-1,-1,-1,-1,18.994177,1,19.059711
2475,16,64,-1,-1,-1,-1,-1,18.829311,1,18.894848
2476,16,64,-1,-1,-1,-1,-1,18.629633,1,18.695168
2477,16,64,-1,-1,-1,-1,-1,18.523136,1,18.586624
2478,16,64,-1,-1,-1,-1,-1,18.547712,1,18.614271
2479,16,64,-1,-1,-1,-1,-1,18.546688,1,18.612225
2480,16,64,-1,-1,-1,-1,-1,18.546688,1,18.603008
2481,16,64,-1,-1,-1,-1,-1,18.501633,1,18.567167
2482,16,64,-1,-1,-1,-1,-1,18.528255,1,18.586624
2483,16,64,-1,-1,-1,-1,-1,18.504704,1,18.562048
2484,16,64,-1,-1,-1,-1,-1,18.482176,1,18.538496
2485,16,1085,-1,-1,-1,-1,-1,-1,0,76.03405
2486,16,64,-1,-1,-1,-1,-1,19.245056,1,19.310593
2487,16,1085,-1,-1,-1,-1,-1,-1,0,76.57267
2488,16,64,-1,-1,-1,-1,-1,19.204096,1,19.270657
2489,16,64,-1,-1,-1,-1,-1,19.014656,1,19.081217
2490,16,1085,-1,-1,-1,-1,-1,-1,0,76.408829
2491,16,1085,-1,-1,-1,-1,-1,-1,0,77.448189
2492,16,64,-1,-1,-1,-1,-1,19.134464,1,19.201023
2493,16,64,-1,-1,-1,-1,-1,18.940928,1,18.985985
2494,16,64,-1,-1,-1,-1,-1,18.789375,1,18.854912
2495,16,2106,-1,-1,-1,-1,-1,-1,0,138.811386
2496,16,64,-1,-1,-1,-1,-1,19.034113,1,19.09248
2497,16,1085,-1,-1,-1,-1,-1,-1,0,76.800003
2498,16,64,-1,-1,-1,-1,-1,18.845695,1,18.90304
2499,16,1085,-1,-1,-1,-1,-1,-1,0,76.585983
2500,16,64,-1,-1,-1,-1,-1,18.93376,1,19.00032
2501,16,1085,-1,-1,-1,-1,-1,-1,0,76.546051
2502,16,64,-1,-1,-1,-1,-1,18.952192,1,19.019775
2503,16,64,-1,-1,-1,-1,-1,18.817024,1,18.876415
2504,16,1085,-1,-1,-1,-1,-1,-1,0,76.425217
2505,16,64,-1,-1,-1,-1,-1,19.01568,1,19.080193
2506,16,64,-1,-1,-1,-1,-1,18.762753,1,18.827265
2507,16,64,-1,-1,-1,-1,-1,18.647039,1,18.712576
2508,16,1085,-1,-1,-1,-1,-1,-1,0,76.344322
2509,16,64,-1,-1,-1,-1,-1,18.994177,1,19.060736
2510,16,1085,-1,-1,-1,-1,-1,-1,0,76.696579
2511,16,64,-1,-1,-1,-1,-1,18.982912,1,19.026943
2512,16,64,-1,-1,-1,-1,-1,18.779137,1,18.845695
2513,16,64,-1,-1,-1,-1,-1,18.663424,1,18.731009
2514,16,64,-1,-1,-1,-1,-1,18.561024,1,18.605057
2515,16,2106,-1,-1,-1,-1,-1,-1,0,138.895355
2516,16,64,-1,-1,-1,-1,-1,18.960384,1,19.027967
2517,16,64,-1,-1,-1,-1,-1,18.736128,1,18.805759
2518,16,64,-1,-1,-1,-1,-1,18.561024,1,18.627584
2519,16,64,-1,-1,-1,-1,-1,18.545664,1,18.589697
2520,16,64,-1,-1,-1,-1,-1,18.579456,1,18.644993
2521,16,64,-1,-1,-1,-1,-1,18.583551,1,18.64192
2522,16,64,-1,-1,-1,-1,-1,18.506752,1,18.572289
2523,16,64,-1,-1,-1,-1,-1,18.494465,1,18.561024
2524,16,64,-1,-1,-1,-1,-1,18.446337,1,18.510847
2525,16,64,-1,-1,-1,-1,-1,18.635777,1,18.699265
2526,16,64,-1,-1,-1,-1,-1,18.658304,1,18.724863
2527,16,64,-1,-1,-1,-1,-1,18.655231,1,18.720768
2528,16,64,-1,-1,-1,-1,-1,18.666496,1,18.732033
2529,16,64,-1,-1,-1,-1,-1,18.711552,1,18.778112
2530,16,1085,-1,-1,-1,-1,-1,-1,0,75.899902
2531,16,64,-1,-1,-1,-1,-1,19.163136,1,19.229696
2532,16,64,-1,-1,-1,-1,-1,19.017729,1,19.084288
2533,16,3127,-1,-1,-1,-1,-1,-1,0,198.841339
2534,16,64,-1,-1,-1,-1,-1,18.991104,1,19.057665
2535,16,64,-1,-1,-1,-1,-1,18.705408,1,18.768896
2536,16,64,-1,-1,-1,-1,-1,18.587648,1,18.654207
2537,16,64,-1,-1,-1,-1,-1,18.577408,1,18.642944
2538,16,64,-1,-1,-1,-1,-1,18.549761,1,18.615295
2539,16,64,-1,-1,-1,-1,-1,18.545664,1,18.613249
2540,16,64,-1,-1,-1,-1,-1,18.453505,1,18.518017
2541,16,64,-1,-1,-1,-1,-1,18.45248,1,18.51392
2542,16,64,-1,-1,-1,-1,-1,18.456575,1,18.523136
2543,16,64,-1,-1,-1,-1,-1,18.45248,1,18.518017
2544,16,64,-1,-1,-1,-1,-1,18.493441,1,18.559999
2545,16,1085,-1,-1,-1,-1,-1,-1,0,75.790337
2546,16,64,-1,-1,-1,-1,-1,18.951168,1,19.017729
2547,16,2106,-1,-1,-1,-1,-1,-1,0,139.225082
2548,16,64,-1,-1,-1,-1,-1,19.026943,1,19.094528
2549,16,64,-1,-1,-1,-1,-1,18.875393,1,18.944
2550,16,2106,-1,-1,-1,-1,-1,-1,0,139.133957
2551,16,64,-1,-1,-1,-1,-1,19.169279,1,19.228672
2552,16,1085,-1,-1,-1,-1,-1,-1,0,76.55117
2553,16,1085,-1,-1,-1,-1,-1,-1,0,77.858818
2554,16,64,-1,-1,-1,-1,-1,19.178495,1,19.221504
2555,16,1085,-1,-1,-1,-1,-1,-1,0,76.873726
2556,16,64,-1,-1,-1,-1,-1,19.076096,1,19.144705
2557,16,64,-1,-1,-1,-1,-1,18.740225,1,18.807808
2558,16,64,-1,-1,-1,-1,-1,18.774015,1,18.835457
2559,16,64,-1,-1,-1,-1,-1,18.683905,1,18.750463
2560,16,64,-1,-1,-1,-1,-1,18.731009,1,18.789375
2561,16,64,-1,-1,-1,-1,-1,18.688,1,18.755585
2562,16,64,-1,-1,-1,-1,-1,18.65728,1,18.722816
2563,16,64,-1,-1,-1,-1,-1,18.642944,1,18.701311
2564,16,2105,-1,-1,-1,-1,-1,-1,0,138.654724
2565,16,64,-1,-1,-1,-1,-1,18.967552,1,19.033089
2566,16,64,-1,-1,-1,-1,-1,18.690048,1,18.756607
2567,16,64,-1,-1,-1,-1,-1,18.610176,1,18.653185
2568,16,1085,-1,-1,-1,-1,-1,-1,0,76.272636
2569,16,64,-1,-1,-1,-1,-1,18.973696,1,19.041281
2570,16,64,-1,-1,-1,-1,-1,18.812927,1,18.881536
2571,16,64,-1,-1,-1,-1,-1,18.665472,1,18.733055
2572,16,64,-1,-1,-1,-1,-1,18.564096,1,18.63168
2573,16,1085,-1,-1,-1,-1,-1,-1,0,76.067841
2574,16,64,-1,-1,-1,-1,-1,19.004416,1,19.070976
2575,16,64,-1,-1,-1,-1,-1,18.709503,1,18.776064
2576,16,64,-1,-1,-1,-1,-1,18.618368,1,18.680832
2577,16,64,-1,-1,-1,-1,-1,18.556929,1,18.615295
2578,16,64,-1,-1,-1,-1,-1,18.549761,1,18.618368
2579,16,64,-1,-1,-1,-1,-1,18.540545,1,18.596865
2580,16,64,-1,-1,-1,-1,-1,18.47296,1,18.531328
2581,16,64,-1,-1,-1,-1,-1,18.649088,1,18.7136
2582,16,1085,-1,-1,-1,-1,-1,-1,0,76.308479
2583,16,1085,-1,-1,-1,-1,-1,-1,0,78.327805
2584,16,64,-1,-1,-1,-1,-1,19.024897,1,19.093504
2585,16,1084,-1,-1,-1,-1,-1,-1,0,76.536835
2586,16,64,-1,-1,-1,-1,-1,18.977793,1,19.038208
2587,16,64,-1,-1,-1,-1,-1,18.771969,1,18.838528
2588,16,64,-1,-1,-1,-1,-1,18.710527,1,18.77504
2589,16,64,-1,-1,-1,-1,-1,18.705408,1,18.771969
2590,16,64,-1,-1,-1,-1,-1,18.808832,1,18.873344
2591,16,64,-1,-1,-1,-1,-1,18.824192,1,18.888704
2592,16,64,-1,-1,-1,-1,-1,18.681856,1,18.748417
2593,16,64,-1,-1,-1,-1,-1,18.708481,1,18.77504
2594,16,64,-1,-1,-1,-1,-1,18.674688,1,18.741247
2595,16,64,-1,-1,-1,-1,-1,18.637823,1,18.702335
2596,16,64,-1,-1,-1,-1,-1,18.65728,1,18.725887
2597,16,64,-1,-1,-1,-1,-1,18.61632,1,18.680832
2598,16,1085,-1,-1,-1,-1,-1,-1,0,75.776001
2599,16,64,-1,-1,-1,-1,-1,18.94912,1,19.01568
2600,16,64,-1,-1,-1,-1,-1,18.808832,1,18.874369
2601,16,1085,-1,-1,-1,-1,-1,-1,0,76.407806
2602,16,1085,-1,-1,-1,-1,-1,-1,0,78.138367
2603,16,1085,-1,-1,-1,-1,-1,-1,0,77.731842
2604,16,1084,-1,-1,-1,-1,-1,-1,0,77.832191
2605,16,64,-1,-1,-1,-1,-1,19.244032,1,19.310593
2606,16,1085,-1,-1,-1,-1,-1,-1,0,76.676094
2607,16,1085,-1,-1,-1,-1,-1,-1,0,77.666306
2608,16,64,-1,-1,-1,-1,-1,19.227648,1,19.296255
2609,16,64,-1,-1,-1,-1,-1,19.066879,1,19.134464
2610,16,64,-1,-1,-1,-1,-1,18.911232,1,18.978815
2611,16,64,-1,-1,-1,-1,-1,18.907137,1,18.973696
2612,16,2106,-1,-1,-1,-1,-1,-1,0,138.736633
2613,16,1085,-1,-1,-1,-1,-1,-1,0,77.697021
2614,16,1085,-1,-1,-1,-1,-1,-1,0,77.468674
2615,16,64,-1,-1,-1,-1,-1,18.997248,1,19.055616
2616,16,64,-1,-1,-1,-1,-1,18.752512,1,18.811905
2617,16,64,-1,-1,-1,-1,-1,18.655231,1,18.722816
2618,16,64,-1,-1,-1,-1,-1,18.550783,1,18.61632
2619,16,64,-1,-1,-1,-1,-1,18.592768,1,18.65728
2620,16,64,-1,-1,-1,-1,-1,18.582527,1,18.649088
2621,16,64,-1,-1,-1,-1,-1,18.548737,1,18.591743
2622,16,64,-1,-1,-1,-1,-1,18.52416,1,18.591743
2623,16,64,-1,-1,-1,-1,-1,18.647039,1,18.712576
2624,16,64,-1,-1,-1,-1,-1,18.618368,1,18.680832
2625,16,1084,-1,-1,-1,-1,-1,-1,0,76.107773
2626,16,64,-1,-1,-1,-1,-1,19.273727,1,19.334145
2627,16,64,-1,-1,-1,-1,-1,18.987007,1,19.055616
2628,16,64,-1,-1,-1,-1,-1,18.836479,1,18.904064
2629,16,64,-1,-1,-1,-1,-1,18.738176,1,18.805759
2630,16,2106,-1,-1,-1,-1,-1,-1,0,138.656769
2631,16,64,-1,-1,-1,-1,-1,18.957312,1,19.024897
2632,16,64,-1,-1,-1,-1,-1,18.810881,1,18.876415
2633,16,64,-1,-1,-1,-1,-1,18.677759,1,18.743296
2634,16,64,-1,-1,-1,-1,-1,18.579456,1,18.646015
2635,16,64,-1,-1,-1,-1,-1,18.582527,1,18.648064
2636,16,64,-1,-1,-1,-1,-1,18.569216,1,18.635777
2637,16,64,-1,-1,-1,-1,-1,18.525185,1,18.582527
2638,16,64,-1,-1,-1,-1,-1,18.586624,1,18.644993
2639,16,64,-1,-1,-1,-1,-1,18.643969,1,18.710527
2640,16,64,-1,-1,-1,-1,-1,18.684929,1,18.751488
2641,16,64,-1,-1,-1,-1,-1,18.683905,1,18.751488
2642,16,1084,-1,-1,-1,-1,-1,-1,0,76.184578
2643,16,64,-1,-1,-1,-1,-1,18.957312,1,19.014656
2644,16,64,-1,-1,-1,-1,-1,18.762753,1,18.821119
2645,16,64,-1,-1,-1,-1,-1,18.633728,1,18.702335
2646,16,64,-1,-1,-1,-1,-1,18.531328,1,18.596865
2647,16,64,-1,-1,-1,-1,-1,18.5856,1,18.653185
2648,16,64,-1,-1,-1,-1,-1,18.60096,1,18.658304
2649,16,64,-1,-1,-1,-1,-1,18.592768,1,18.652161
2650,16,64,-1,-1,-1,-1,-1,18.677759,1,18.745344
2651,16,1085,-1,-1,-1,-1,-1,-1,0,76.199936
2652,16,64,-1,-1,-1,-1,-1,18.969601,1,19.026943
2653,16,64,-1,-1,-1,-1,-1,18.927616,1,18.988031
2654,16,2106,-1,-1,-1,-1,-1,-1,0,138.622971
2655,16,2106,-1,-1,-1,-1,-1,-1,0,140.594177
2656,16,64,-1,-1,-1,-1,-1,19.198977,1,19.264511
2657,16,1085,-1,-1,-1,-1,-1,-1,0,76.774399
2658,16,1085,-1,-1,-1,-1,-1,-1,0,77.698051
2659,16,64,-1,-1,-1,-1,-1,19.109888,1,19.176449
2660,16,1085,-1,-1,-1,-1,-1,-1,0,76.701698
2661,16,1084,-1,-1,-1,-1,-1,-1,0,77.761536
2662,16,1085,-1,-1,-1,-1,-1,-1,0,78.239746
2663,16,1085,-1,-1,-1,-1,-1,-1,0,77.637634
2664,16,64,-1,-1,-1,-1,-1,19.01568,1,19.075071
2665,16,64,-1,-1,-1,-1,-1,18.826241,1,18.895872
2666,16,64,-1,-1,-1,-1,-1,18.669567,1,18.736128
2667,16,64,-1,-1,-1,-1,-1,18.55488,1,18.622463
2668,16,64,-1,-1,-1,-1,-1,18.532352,1,18.598911
2669,16,64,-1,-1,-1,-1,-1,18.504704,1,18.563072
2670,16,64,-1,-1,-1,-1,-1,18.69824,1,18.741247
2671,16,1084,-1,-1,-1,-1,-1,-1,0,75.538429
2672,16,64,-1,-1,-1,-1,-1,18.950144,1,19.016705
2673,16,64,-1,-1,-1,-1,-1,18.777088,1,18.84672
2674,16,64,-1,-1,-1,-1,-1,18.618368,1,18.68288
2675,16,64,-1,-1,-1,-1,-1,18.590719,1,18.658304
2676,16,64,-1,-1,-1,-1,-1,18.592768,1,18.659328
2677,16,1085,-1,-1,-1,-1,-1,-1,0,76.136452
2678,16,64,-1,-1,-1,-1,-1,19.043327,1,19.109888
2679,16,64,-1,-1,-1,-1,-1,18.799616,1,18.842625
2680,16,1084,-1,-1,-1,-1,-1,-1,0,75.892738
2681,16,64,-1,-1,-1,-1,-1,19.006464,1,19.064833
2682,16,64,-1,-1,-1,-1,-1,18.708481,1,18.77504
2683,16,64,-1,-1,-1,-1,-1,18.628609,1,18.694143
2684,16,64,-1,-1,-1,-1,-1,18.732033,1,18.797567
2685,16,64,-1,-1,-1,-1,-1,18.660353,1,18.725887
2686,16,1085,-1,-1,-1,-1,-1,-1,0,76.545021
2687,16,64,-1,-1,-1,-1,-1,19.011583,1,19.069952
2688,16,64,-1,-1,-1,-1,-1,18.833408,1,18.899967
2689,16,64,-1,-1,-1,-1,-1,18.72896,1,18.795521
2690,16,64,-1,-1,-1,-1,-1,18.736128,1,18.802689
2691,16,64,-1,-1,-1,-1,-1,18.770945,1,18.836479
2692,16,1085,-1,-1,-1,-1,-1,-1,0,75.990013
2693,16,64,-1,-1,-1,-1,-1,18.995199,1,19.038208
2694,16,64,-1,-1,-1,-1,-1,18.764799,1,18.833408
2695,16,64,-1,-1,-1,-1,-1,18.584576,1,18.650112
2696,16,64,-1,-1,-1,-1,-1,18.533377,1,18.60096
2697,16,64,-1,-1,-1,-1,-1,18.583551,1,18.649088
2698,16,64,-1,-1,-1,-1,-1,18.543615,1,18.601984
2699,16,64,-1,-1,-1,-1,-1,18.4832,1,18.548737
2700,16,64,-1,-1,-1,-1,-1,18.461697,1,18.528255
2701,16,64,-1,-1,-1,-1,-1,18.49856,1,18.564096
2702,16,64,-1,-1,-1,-1,-1,18.438145,1,18.504704
2703,16,64,-1,-1,-1,-1,-1,18.485249,1,18.551807
2704,16,64,-1,-1,-1,-1,-1,18.590719,1,18.649088
2705,16,3125,-1,-1,-1,-1,-1,-1,0,197.470215
2706,16,64,-1,-1,-1,-1,-1,19.105791,1,19.1488
2707,16,64,-1,-1,-1,-1,-1,18.87232,1,18.932735
2708,16,64,-1,-1,-1,-1,-1,18.673664,1,18.718719
2709,16,64,-1,-1,-1,-1,-1,18.57024,1,18.634752
2710,16,64,-1,-1,-1,-1,-1,18.763777,1,18.834433
2711,16,2106,-1,-1,-1,-1,-1,-1,0,138.554367
2712,16,64,-1,-1,-1,-1,-1,19.291136,1,19.355648
2713,16,1085,-1,-1,-1,-1,-1,-1,0,76.984322
2714,16,64,-1,-1,-1,-1,-1,19.231745,1,19.297279
2715,16,64,-1,-1,-1,-1,-1,19.041281,1,19.106815
2716,16,1085,-1,-1,-1,-1,-1,-1,0,76.298241
2717,16,64,-1,-1,-1,-1,-1,19.314688,1,19.380224
2718,16,1085,-1,-1,-1,-1,-1,-1,0,76.546051
2719,16,1085,-1,-1,-1,-1,-1,-1,0,77.678589
2720,16,64,-1,-1,-1,-1,-1,19.257343,1,19.323904
2721,16,64,-1,-1,-1,-1,-1,19.009537,1,19.053568
2722,16,1085,-1,-1,-1,-1,-1,-1,0,76.184578
2723,16,1085,-1,-1,-1,-1,-1,-1,0,78.16806
2724,16,64,-1,-1,-1,-1,-1,19.050495,1,19.110912
2725,16,64,-1,-1,-1,-1,-1,18.968576,1,19.035135
2726,16,64,-1,-1,-1,-1,-1,18.827265,1,18.894848
2727,16,64,-1,-1,-1,-1,-1,18.791424,1,18.85696
2728,16,1085,-1,-1,-1,-1,-1,-1,0,76.209152
2729,16,64,-1,-1,-1,-1,-1,18.968576,1,19.034113
2730,16,64,-1,-1,-1,-1,-1,18.799616,1,18.869247
2731,16,64,-1,-1,-1,-1,-1,18.654207,1,18.720768
2732,16,64,-1,-1,-1,-1,-1,18.53952,1,18.607103
2733,16,64,-1,-1,-1,-1,-1,18.574335,1,18.639872
2734,16,64,-1,-1,-1,-1,-1,18.638847,1,18.705408
2735,16,64,-1,-1,-1,-1,-1,18.843649,1,18.908159
2736,16,64,-1,-1,-1,-1,-1,18.756607,1,18.824192
2737,16,2106,-1,-1,-1,-1,-1,-1,0,138.506241
2738,16,64,-1,-1,-1,-1,-1,18.948095,1,19.01568
2739,16,64,-1,-1,-1,-1,-1,18.753536,1,18.820095
2740,16,1085,-1,-1,-1,-1,-1,-1,0,76.652542
2741,16,1085,-1,-1,-1,-1,-1,-1,0,78.306305
2742,16,64,-1,-1,-1,-1,-1,18.970625,1,19.026943
2743,16,64,-1,-1,-1,-1,-1,18.718719,1,18.777088
2744,16,64,-1,-1,-1,-1,-1,18.605057,1,18.662399
2745,16,64,-1,-1,-1,-1,-1,18.541569,1,18.608128
2746,16,64,-1,-1,-1,-1,-1,18.573313,1,18.636801
2747,16,64,-1,-1,-1,-1,-1,18.582527,1,18.649088
2748,16,64,-1,-1,-1,-1,-1,18.464767,1,18.530304
2749,16,64,-1,-1,-1,-1,-1,18.464767,1,18.52928
2750,16,64,-1,-1,-1,-1,-1,18.477057,1,18.53952
2751,16,64,-1,-1,-1,-1,-1,18.453505,1,18.520063
2752,16,64,-1,-1,-1,-1,-1,18.4576,1,18.523136
2753,16,64,-1,-1,-1,-1,-1,18.4576,1,18.502657
2754,16,64,-1,-1,-1,-1,-1,18.5856,1,18.648064
2755,16,1068,-1,-1,-1,-1,-1,-1,0,75.906052
2756,16,64,-1,-1,-1,-1,-1,18.993153,1,19.058687
2757,16,64,-1,-1,-1,-1,-1,18.764799,1,18.830336
2758,16,64,-1,-1,-1,-1,-1,18.647039,1,18.714624
2759,16,64,-1,-1,-1,-1,-1,18.5856,1,18.651136
2760,16,64,-1,-1,-1,-1,-1,18.982912,1,19.048449
2761,16,1085,-1,-1,-1,-1,-1,-1,0,76.452866
2762,16,1085,-1,-1,-1,-1,-1,-1,0,78.484482
2763,16,64,-1,-1,-1,-1,-1,19.252224,1,19.318785
2764,16,64,-1,-1,-1,-1,-1,18.962433,1,19.007488
2765,16,64,-1,-1,-1,-1,-1,18.852863,1,18.920448
2766,16,1085,-1,-1,-1,-1,-1,-1,0,76.405762
2767,16,1085,-1,-1,-1,-1,-1,-1,0,78.046211
2768,16,64,-1,-1,-1,-1,-1,19.255297,1,19.323904
2769,16,1085,-1,-1,-1,-1,-1,-1,0,76.671997
2770,16,64,-1,-1,-1,-1,-1,19.423231,1,19.49184
2771,16,1085,-1,-1,-1,-1,-1,-1,0,76.917763
2772,16,64,-1,-1,-1,-1,-1,19.086336,1,19.146751
2773,16,64,-1,-1,-1,-1,-1,18.797567,1,18.865152
2774,16,64,-1,-1,-1,-1,-1,18.704384,1,18.778112
2775,16,64,-1,-1,-1,-1,-1,18.715649,1,18.783232
2776,16,1085,-1,-1,-1,-1,-1,-1,0,76.598274
2777,16,1085,-1,-1,-1,-1,-1,-1,0,78.059517
2778,16,64,-1,-1,-1,-1,-1,19.062784,1,19.130367
2779,16,64,-1,-1,-1,-1,-1,18.770945,1,18.836479
2780,16,64,-1,-1,-1,-1,-1,18.667521,1,18.736128
2781,16,64,-1,-1,-1,-1,-1,18.609152,1,18.676737
2782,16,64,-1,-1,-1,-1,-1,18.587648,1,18.655231
2783,16,64,-1,-1,-1,-1,-1,18.589697,1,18.654207
2784,16,1085,-1,-1,-1,-1,-1,-1,0,75.928574
2785,16,1085,-1,-1,-1,-1,-1,-1,0,77.642754
2786,16,64,-1,-1,-1,-1,-1,19.043327,1,19.104769
2787,16,1084,-1,-1,-1,-1,-1,-1,0,76.404739
2788,16,64,-1,-1,-1,-1,-1,19.228672,1,19.295233
2789,16,64,-1,-1,-1,-1,-1,19.050495,1,19.11808
2790,16,1084,-1,-1,-1,-1,-1,-1,0,76.412926
2791,16,1085,-1,-1,-1,-1,-1,-1,0,77.670403
2792,16,1085,-1,-1,-1,-1,-1,-1,0,77.649918
2793,16,64,-1,-1,-1,-1,-1,18.938881,1,19.006464
2794,16,64,-1,-1,-1,-1,-1,18.777088,1,18.84672
2795,16,64,-1,-1,-1,-1,-1,18.680832,1,18.748417
2796,16,64,-1,-1,-1,-1,-1,18.630655,1,18.690048
2797,16,64,-1,-1,-1,-1,-1,18.57024,1,18.628609
2798,16,64,-1,-1,-1,-1,-1,18.5856,1,18.653185
2799,16,1085,-1,-1,-1,-1,-1,-1,0,75.935745
2800,16,64,-1,-1,-1,-1,-1,18.967552,1,19.025921
2801,16,64,-1,-1,-1,-1,-1,18.740225,1,18.801664
2802,16,64,-1,-1,-1,-1,-1,18.603008,1,18.67264
2803,16,64,-1,-1,-1,-1,-1,18.550783,1,18.61632
2804,16,64,-1,-1,-1,-1,-1,18.741247,1,18.804735
2805,16,64,-1,-1,-1,-1,-1,18.722816,1,18.782207
2806,16,1085,-1,-1,-1,-1,-1,-1,0,76.216316
2807,16,64,-1,-1,-1,-1,-1,19.016705,1,19.074047
2808,16,64,-1,-1,-1,-1,-1,18.760704,1,18.830336
2809,16,1085,-1,-1,-1,-1,-1,-1,0,76.193794
2810,16,64,-1,-1,-1,-1,-1,19.011583,1,19.078144
2811,16,64,-1,-1,-1,-1,-1,18.712576,1,18.779137
2812,16,64,-1,-1,-1,-1,-1,18.609152,1,18.675713
2813,16,64,-1,-1,-1,-1,-1,18.594816,1,18.653185
2814,16,64,-1,-1,-1,-1,-1,18.5856,1,18.652161
2815,16,64,-1,-1,-1,-1,-1,18.588673,1,18.654207
2816,16,64,-1,-1,-1,-1,-1,18.683905,1,18.750463
2817,16,64,-1,-1,-1,-1,-1,18.719744,1,18.784256
2818,16,64,-1,-1,-1,-1,-1,18.731009,1,18.797567
2819,16,1085,-1,-1,-1,-1,-1,-1,0,76.379135
2820,16,64,-1,-1,-1,-1,-1,19.022848,1,19.088385
2821,16,64,-1,-1,-1,-1,-1,18.963455,1,19.028992
2822,16,64,-1,-1,-1,-1,-1,18.869247,1,18.936832
2823,16,64,-1,-1,-1,-1,-1,18.967552,1,19.033089
2824,16,64,-1,-1,-1,-1,-1,18.916351,1,18.984961
2825,16,1085,-1,-1,-1,-1,-1,-1,0,76.165123
2826,16,2106,-1,-1,-1,-1,-1,-1,0,141.13588
2827,16,1085,-1,-1,-1,-1,-1,-1,0,78.137344
2828,16,64,-1,-1,-1,-1,-1,19.234816,1,19.29216
2829,16,1085,-1,-1,-1,-1,-1,-1,0,76.529663
2830,16,64,-1,-1,-1,-1,-1,19.178495,1,19.245056
2831,16,64,-1,-1,-1,-1,-1,19.014656,1,19.082239
2832,16,64,-1,-1,-1,-1,-1,19.081217,1,19.140608
2833,16,64,-1,-1,-1,-1,-1,18.992128,1,19.059711
2834,16,64,-1,-1,-1,-1,-1,19.001345,1,19.044352
2835,16,1085,-1,-1,-1,-1,-1,-1,0,75.985924
2836,16,64,-1,-1,-1,-1,-1,19.244032,1,19.302401
2837,16,1085,-1,-1,-1,-1,-1,-1,0,76.665855
2838,16,1084,-1,-1,-1,-1,-1,-1,0,77.116417
2839,16,64,-1,-1,-1,-1,-1,18.964479,1,19.023872
2840,16,64,-1,-1,-1,-1,-1,18.787329,1,18.848768
2841,16,64,-1,-1,-1,-1,-1,18.888704,1,18.954241
2842,16,64,-1,-1,-1,-1,-1,18.801664,1,18.869247
2843,16,1085,-1,-1,-1,-1,-1,-1,0,75.767807
2844,16,64,-1,-1,-1,-1,-1,19.03104,1,19.097601
2845,16,64,-1,-1,-1,-1,-1,18.811905,1,18.878464
2846,16,64,-1,-1,-1,-1,-1,18.752512,1,18.821119
2847,16,1084,-1,-1,-1,-1,-1,-1,0,75.879425
2848,16,1085,-1,-1,-1,-1,-1,-1,0,77.468674
2849,16,64,-1,-1,-1,-1,-1,19.224577,1,19.290112
2850,16,64,-1,-1,-1,-1,-1,19.101696,1,19.171328
2851,16,1085,-1,-1,-1,-1,-1,-1,0,76.834816
2852,16,1085,-1,-1,-1,-1,-1,-1,0,78.401535
2853,16,64,-1,-1,-1,-1,-1,18.980864,1,19.048449
2854,16,64,-1,-1,-1,-1,-1,18.723841,1,18.792448
2855,16,64,-1,-1,-1,-1,-1,18.651136,1,18.709503
2856,16,64,-1,-1,-1,-1,-1,18.604033,1,18.670591
2857,16,64,-1,-1,-1,-1,-1,18.558975,1,18.62656
2858,16,64,-1,-1,-1,-1,-1,18.532352,1,18.597889
2859,16,64,-1,-1,-1,-1,-1,18.448383,1,18.514944
2860,16,64,-1,-1,-1,-1,-1,18.491392,1,18.556929
2861,16,64,-1,-1,-1,-1,-1,18.46784,1,18.534401
2862,16,64,-1,-1,-1,-1,-1,18.491392,1,18.561024
2863,16,64,-1,-1,-1,-1,-1,18.566145,1,18.63168
2864,16,1085,-1,-1,-1,-1,-1,-1,0,75.934723
2865,16,64,-1,-1,-1,-1,-1,18.989056,1,19.055616
2866,16,64,-1,-1,-1,-1,-1,18.784256,1,18.850817
2867,16,1085,-1,-1,-1,-1,-1,-1,0,76.526588
2868,16,64,-1,-1,-1,-1,-1,19.219456,1,19.288063
2869,16,64,-1,-1,-1,-1,-1,19.010559,1,19.079168
2870,16,64,-1,-1,-1,-1,-1,18.835457,1,18.902016
2871,16,64,-1,-1,-1,-1,-1,18.717695,1,18.784256
2872,16,1085,-1,-1,-1,-1,-1,-1,0,76.441597
2873,16,64,-1,-1,-1,-1,-1,19.014656,1,19.081217
2874,16,64,-1,-1,-1,-1,-1,18.755585,1,18.823168
2875,16,64,-1,-1,-1,-1,-1,18.823168,1,18.889729
2876,16,1085,-1,-1,-1,-1,-1,-1,0,76.156929
2877,16,64,-1,-1,-1,-1,-1,19.01568,1,19.074047
2878,16,64,-1,-1,-1,-1,-1,18.799616,1,18.867201
2879,16,2106,-1,-1,-1,-1,-1,-1,0,138.86055
2880,16,64,-1,-1,-1,-1,-1,19.390465,1,19.458048
2881,16,1085,-1,-1,-1,-1,-1,-1,0,76.835838
2882,16,1085,-1,-1,-1,-1,-1,-1,0,78.110718
2883,16,1084,-1,-1,-1,-1,-1,-1,0,77.390846
2884,16,64,-1,-1,-1,-1,-1,19.014656,1,19.081217
2885,16,64,-1,-1,-1,-1,-1,18.843649,1,18.911232
2886,16,1085,-1,-1,-1,-1,-1,-1,0,76.170242
2887,16,64,-1,-1,-1,-1,-1,19.233791,1,19.300352
2888,16,64,-1,-1,-1,-1,-1,18.952192,1,19.018751
2889,16,64,-1,-1,-1,-1,-1,18.832384,1,18.896896
2890,16,2106,-1,-1,-1,-1,-1,-1,0,138.51033
2891,16,64,-1,-1,-1,-1,-1,18.926592,1,18.985985
2892,16,64,-1,-1,-1,-1,-1,18.722816,1,18.7904
2893,16,64,-1,-1,-1,-1,-1,18.629633,1,18.69824
2894,16,64,-1,-1,-1,-1,-1,18.55488,1,18.620417
2895,16,64,-1,-1,-1,-1,-1,18.632704,1,18.699265
2896,16,64,-1,-1,-1,-1,-1,18.613249,1,18.678783
2897,16,64,-1,-1,-1,-1,-1,18.488319,1,18.551807
2898,16,64,-1,-1,-1,-1,-1,18.496511,1,18.561024
2899,16,64,-1,-1,-1,-1,-1,18.476032,1,18.542591
2900,16,1085,-1,-1,-1,-1,-1,-1,0,75.838463
2901,16,1085,-1,-1,-1,-1,-1,-1,0,77.662209
2902,16,1085,-1,-1,-1,-1,-1,-1,0,77.558784
2903,16,1085,-1,-1,-1,-1,-1,-1,0,78.047234
2904,16,64,-1,-1,-1,-1,-1,19.017729,1,19.083263
2905,16,64,-1,-1,-1,-1,-1,18.763777,1,18.833408
2906,16,64,-1,-1,-1,-1,-1,18.63168,1,18.697216
2907,16,64,-1,-1,-1,-1,-1,18.568192,1,18.64192
2908,16,64,-1,-1,-1,-1,-1,18.591743,1,18.658304
2909,16,64,-1,-1,-1,-1,-1,18.658304,1,18.723841
2910,16,64,-1,-1,-1,-1,-1,18.563072,1,18.629633
2911,16,64,-1,-1,-1,-1,-1,18.4832,1,18.550783
2912,16,64,-1,-1,-1,-1,-1,18.507776,1,18.572289
2913,16,64,-1,-1,-1,-1,-1,18.469889,1,18.52928
2914,16,64,-1,-1,-1,-1,-1,18.466816,1,18.523136
2915,16,64,-1,-1,-1,-1,-1,18.503679,1,18.559999
2916,16,64,-1,-1,-1,-1,-1,18.454529,1,18.520063
2917,16,64,-1,-1,-1,-1,-1,18.495487,1,18.562048
2918,16,1085,-1,-1,-1,-1,-1,-1,0,76.12928
2919,16,64,-1,-1,-1,-1,-1,19.001345,1,19.060736
2920,16,1085,-1,-1,-1,-1,-1,-1,0,76.846077
2921,16,64,-1,-1,-1,-1,-1,18.94912,1,19.01568
2922,16,1085,-1,-1,-1,-1,-1,-1,0,76.741631
2923,16,64,-1,-1,-1,-1,-1,19.172352,1,19.238913
2924,16,64,-1,-1,-1,-1,-1,19.004416,1,19.06176
2925,16,64,-1,-1,-1,-1,-1,19.051519,1,19.120129
2926,16,1085,-1,-1,-1,-1,-1,-1,0,76.393471
2927,16,1085,-1,-1,-1,-1,-1,-1,0,78.287872
2928,16,64,-1,-1,-1,-1,-1,18.965504,1,19.022848
2929,16,64,-1,-1,-1,-1,-1,18.684929,1,18.752512
2930,16,1085,-1,-1,-1,-1,-1,-1,0,76.549118
2931,16,1085,-1,-1,-1,-1,-1,-1,0,78.011391
2932,16,64,-1,-1,-1,-1,-1,19.034113,1,19.101696
2933,16,1085,-1,-1,-1,-1,-1,-1,0,76.625923
2934,16,64,-1,-1,-1,-1,-1,19.083263,1,19.141632
2935,16,1085,-1,-1,-1,-1,-1,-1,0,76.66893
2936,16,64,-1,-1,-1,-1,-1,18.969601,1,19.037184
2937,16,64,-1,-1,-1,-1,-1,18.712576,1,18.782207
2938,16,64,-1,-1,-1,-1,-1,18.630655,1,18.673664
2939,16,64,-1,-1,-1,-1,-1,18.639872,1,18.705408
2940,16,64,-1,-1,-1,-1,-1,18.573313,1,18.638847
2941,16,64,-1,-1,-1,-1,-1,18.576384,1,18.634752
2942,16,64,-1,-1,-1,-1,-1,18.495487,1,18.559999
2943,16,64,-1,-1,-1,-1,-1,18.502657,1,18.561024
2944,16,1085,-1,-1,-1,-1,-1,-1,0,76.237823
2945,16,1084,-1,-1,-1,-1,-1,-1,0,77.848579
2946,16,64,-1,-1,-1,-1,-1,18.987007,1,19.03104
2947,16,64,-1,-1,-1,-1,-1,18.803713,1,18.869247
2948,16,64,-1,-1,-1,-1,-1,18.697216,1,18.756607
2949,16,2106,-1,-1,-1,-1,-1,-1,0,138.626053
2950,16,64,-1,-1,-1,-1,-1,18.985985,1,19.050495
2951,16,64,-1,-1,-1,-1,-1,18.811905,1,18.879488
2952,16,1085,-1,-1,-1,-1,-1,-1,0,76.519424
2953,16,1085,-1,-1,-1,-1,-1,-1,0,77.717506
2954,16,64,-1,-1,-1,-1,-1,19.117056,1,19.182592
2955,16,1085,-1,-1,-1,-1,-1,-1,0,76.344322
2956,16,64,-1,-1,-1,-1,-1,18.967552,1,19.033089
2957,16,64,-1,-1,-1,-1,-1,18.774015,1,18.8416
2958,16,64,-1,-1,-1,-1,-1,18.623487,1,18.686975
2959,16,64,-1,-1,-1,-1,-1,18.589697,1,18.65728
2960,16,64,-1,-1,-1,-1,-1,18.584576,1,18.627584
2961,16,64,-1,-1,-1,-1,-1,18.591743,1,18.65728
2962,16,64,-1,-1,-1,-1,-1,18.503679,1,18.547712
2963,16,64,-1,-1,-1,-1,-1,18.508801,1,18.574335
2964,16,64,-1,-1,-1,-1,-1,18.482176,1,18.549761
2965,16,64,-1,-1,-1,-1,-1,18.47296,1,18.530304
2966,16,64,-1,-1,-1,-1,-1,18.451456,1,18.515968
2967,16,64,-1,-1,-1,-1,-1,18.459648,1,18.502657
2968,16,1085,-1,-1,-1,-1,-1,-1,0,76.000259
2969,16,64,-1,-1,-1,-1,-1,18.953217,1,18.998272
2970,16,64,-1,-1,-1,-1,-1,18.786304,1,18.852863
2971,16,64,-1,-1,-1,-1,-1,18.653185,1,18.719744
2972,16,64,-1,-1,-1,-1,-1,18.571264,1,18.636801
2973,16,64,-1,-1,-1,-1,-1,18.670591,1,18.742271
2974,16,64,-1,-1,-1,-1,-1,18.873344,1,18.929665
2975,16,64,-1,-1,-1,-1,-1,18.768896,1,18.812927
2976,16,64,-1,-1,-1,-1,-1,18.810881,1,18.878464
2977,16,64,-1,-1,-1,-1,-1,18.828287,1,18.897921
2978,16,1085,-1,-1,-1,-1,-1,-1,0,76.141571
2979,16,2106,-1,-1,-1,-1,-1,-1,0,140.628998
2980,16,64,-1,-1,-1,-1,-1,19.341312,1,19.385344
2981,16,64,-1,-1,-1,-1,-1,19.085312,1,19.151873
2982,16,1085,-1,-1,-1,-1,-1,-1,0,76.243965
2983,16,1084,-1,-1,-1,-1,-1,-1,0,77.762558
2984,16,64,-1,-1,-1,-1,-1,19.117056,1,19.185663
2985,16,1085,-1,-1,-1,-1,-1,-1,0,76.775421
2986,16,64,-1,-1,-1,-1,-1,19.275776,1,19.337215
2987,16,64,-1,-1,-1,-1,-1,18.977793,1,19.024897
2988,16,64,-1,-1,-1,-1,-1,18.896896,1,18.941952
2989,16,64,-1,-1,-1,-1,-1,18.826241,1,18.886656
2990,16,1084,-1,-1,-1,-1,-1,-1,0,76.028931
2991,16,64,-1,-1,-1,-1,-1,19.136513,1,19.204096
2992,16,64,-1,-1,-1,-1,-1,18.967552,1,19.033089
2993,16,64,-1,-1,-1,-1,-1,18.823168,1,18.882561
2994,16,64,-1,-1,-1,-1,-1,18.764799,1,18.833408
2995,16,1085,-1,-1,-1,-1,-1,-1,0,76.605438
2996,16,64,-1,-1,-1,-1,-1,19.070976,1,19.138559
2997,16,1085,-1,-1,-1,-1,-1,-1,0,76.597244
2998,16,64,-1,-1,-1,-1,-1,19.027967,1,19.094528
2999,16,64,-1,-1,-1,-1,-1,18.704384,1,18.772991
3000,16,64,-1,-1,-1,-1,-1,18.63168,1,18.697216
3001,16,2106,-1,-1,-1,-1,-1,-1,0,138.513412
3002,16,2106,-1,-1,-1,-1,-1,-1,0,140.157959
3003,16,64,-1,-1,-1,-1,-1,19.040257,1,19.106815
3004,16,64,-1,-1,-1,-1,-1,18.768896,1,18.83136
3005,16,64,-1,-1,-1,-1,-1,18.724863,1,18.792448
3006,16,64,-1,-1,-1,-1,-1,18.643969,1,18.712576
3007,16,64,-1,-1,-1,-1,-1,18.63168,1,18.69824
3008,16,64,-1,-1,-1,-1,-1,18.651136,1,18.717695
3009,16,1085,-1,-1,-1,-1,-1,-1,0,76.205055
3010,16,64,-1,-1,-1,-1,-1,19.130367,1,19.197952
3011,16,64,-1,-1,-1,-1,-1,18.964479,1,19.033089
3012,16,64,-1,-1,-1,-1,-1,18.816,1,18.881536
3013,16,64,-1,-1,-1,-1,-1,18.717695,1,18.781183
3014,16,1085,-1,-1,-1,-1,-1,-1,0,75.740158
3015,16,64,-1,-1,-1,-1,-1,18.954241,1,18.998272
3016,16,64,-1,-1,-1,-1,-1,18.751488,1,18.818048
3017,16,64,-1,-1,-1,-1,-1,18.654207,1,18.724863
3018,16,64,-1,-1,-1,-1,-1,18.597889,1,18.665472
3019,16,64,-1,-1,-1,-1,-1,18.59584,1,18.661377
3020,16,64,-1,-1,-1,-1,-1,18.579456,1,18.623487
3021,16,64,-1,-1,-1,-1,-1,18.491392,1,18.558975
3022,16,64,-1,-1,-1,-1,-1,18.511871,1,18.575359
3023,16,64,-1,-1,-1,-1,-1,18.494465,1,18.538496
3024,16,64,-1,-1,-1,-1,-1,18.49856,1,18.565121
3025,16,1085,-1,-1,-1,-1,-1,-1,0,76.098557
3026,16,64,-1,-1,-1,-1,-1,19.193855,1,19.253248
3027,16,64,-1,-1,-1,-1,-1,18.962433,1,19.0208
3028,16,64,-1,-1,-1,-1,-1,18.935808,1,19.001345
3029,16,64,-1,-1,-1,-1,-1,18.766848,1,18.83136
3030,16,64,-1,-1,-1,-1,-1,18.74432,1,18.809856
3031,16,64,-1,-1,-1,-1,-1,18.816,1,18.883583
3032,16,1085,-1,-1,-1,-1,-1,-1,0,76.509186
3033,16,1085,-1,-1,-1,-1,-1,-1,0,78.015488
3034,16,64,-1,-1,-1,-1,-1,19.376127,1,19.441664
3035,16,64,-1,-1,-1,-1,-1,19.126272,1,19.171328
3036,16,1085,-1,-1,-1,-1,-1,-1,0,76.294144
3037,16,64,-1,-1,-1,-1,-1,19.08736,1,19.153919
3038,16,2105,-1,-1,-1,-1,-1,-1,0,139.856903
3039,16,64,-1,-1,-1,-1,-1,19.055616,1,19.123199
3040,16,64,-1,-1,-1,-1,-1,18.740225,1,18.804735
3041,16,64,-1,-1,-1,-1,-1,18.691072,1,18.757631
3042,16,2105,-1,-1,-1,-1,-1,-1,0,138.175491
3043,16,64,-1,-1,-1,-1,-1,18.921473,1,18.979839
3044,16,64,-1,-1,-1,-1,-1,18.731009,1,18.792448
3045,16,64,-1,-1,-1,-1,-1,18.593792,1,18.661377
3046,16,64,-1,-1,-1,-1,-1,18.563072,1,18.628609
3047,16,64,-1,-1,-1,-1,-1,18.583551,1,18.650112
3048,16,64,-1,-1,-1,-1,-1,18.583551,1,18.649088
3049,16,64,-1,-1,-1,-1,-1,18.481152,1,18.546688
3050,16,64,-1,-1,-1,-1,-1,18.695168,1,18.75968
3051,16,1085,-1,-1,-1,-1,-1,-1,0,75.815933
3052,16,4148,-1,-1,-1,-1,-1,-1,0,264.133636
3053,16,64,-1,-1,-1,-1,-1,19.191809,1,19.257343
3054,16,64,-1,-1,-1,-1,-1,18.945024,1,19.010559
3055,16,1085,-1,-1,-1,-1,-1,-1,0,76.456963
3056,16,64,-1,-1,-1,-1,-1,18.978815,1,19.045376
3057,16,64,-1,-1,-1,-1,-1,18.771969,1,18.840576
3058,16,64,-1,-1,-1,-1,-1,18.603008,1,18.668545
3059,16,64,-1,-1,-1,-1,-1,18.588673,1,18.654207
3060,16,64,-1,-1,-1,-1,-1,18.586624,1,18.658304
3061,16,64,-1,-1,-1,-1,-1,18.556929,1,18.623487
3062,16,64,-1,-1,-1,-1,-1,18.648064,1,18.7136
3063,16,64,-1,-1,-1,-1,-1,18.609152,1,18.675713
3064,16,64,-1,-1,-1,-1,-1,18.653185,1,18.719744
3065,16,64,-1,-1,-1,-1,-1,18.661377,1,18.717695
3066,16,64,-1,-1,-1,-1,-1,18.647039,1,18.7136
3067,16,1085,-1,-1,-1,-1,-1,-1,0,76.220413
3068,16,64,-1,-1,-1,-1,-1,18.962433,1,19.021824
3069,16,64,-1,-1,-1,-1,-1,18.796543,1,18.870272
3070,16,64,-1,-1,-1,-1,-1,18.834433,1,18.900991
3071,16,64,-1,-1,-1,-1,-1,18.798592,1,18.857985
3072,16,64,-1,-1,-1,-1,-1,18.782207,1,18.843649
3073,16,64,-1,-1,-1,-1,-1,18.803713,1,18.861055
3074,16,1085,-1,-1,-1,-1,-1,-1,0,76.365822
3075,16,64,-1,-1,-1,-1,-1,18.981888,1,19.048449
3076,16,64,-1,-1,-1,-1,-1,18.80064,1,18.869247
3077,16,64,-1,-1,-1,-1,-1,18.612225,1,18.677759
3078,16,1085,-1,-1,-1,-1,-1,-1,0,76.313599
3079,16,64,-1,-1,-1,-1,-1,18.982912,1,19.048449
3080,16,64,-1,-1,-1,-1,-1,18.962433,1,19.032064
3081,16,64,-1,-1,-1,-1,-1,18.826241,1,18.892799
3082,16,64,-1,-1,-1,-1,-1,18.808832,1,18.873344
3083,16,64,-1,-1,-1,-1,-1,18.752512,1,18.795521
3084,16,64,-1,-1,-1,-1,-1,18.75456,1,18.813951
3085,16,64,-1,-1,-1,-1,-1,18.7136,1,18.779137
3086,16,64,-1,-1,-1,-1,-1,18.63168,1,18.674688
3087,16,64,-1,-1,-1,-1,-1,18.835457,1,18.900991
3088,16,2106,-1,-1,-1,-1,-1,-1,0,138.648575
3089,16,64,-1,-1,-1,-1,-1,19.072001,1,19.130367
3090,16,64,-1,-1,-1,-1,-1,19.03616,1,19.101696
3091,16,64,-1,-1,-1,-1,-1,18.909184,1,18.976768
3092,16,1085,-1,-1,-1,-1,-1,-1,0,76.498947
3093,16,2106,-1,-1,-1,-1,-1,-1,0,140.809219
3094,16,1084,-1,-1,-1,-1,-1,-1,0,77.823997
3095,16,64,-1,-1,-1,-1,-1,19.042303,1,19.086336
3096,16,64,-1,-1,-1,-1,-1,18.771969,1,18.833408
3097,16,64,-1,-1,-1,-1,-1,18.705408,1,18.762753
3098,16,1085,-1,-1,-1,-1,-1,-1,0,76.30336
3099,16,64,-1,-1,-1,-1,-1,19.132416,1,19.190784
3100,16,64,-1,-1,-1,-1,-1,18.95936,1,19.026943
3101,16,1085,-1,-1,-1,-1,-1,-1,0,75.9552
3102,16,64,-1,-1,-1,-1,-1,19.30752,1,19.350529
3103,16,64,-1,-1,-1,-1,-1,19.165184,1,19.231745
3104,16,3127,-1,-1,-1,-1,-1,-1,0,198.638596
3105,16,64,-1,-1,-1,-1,-1,19.060736,1,19.125248
3106,16,64,-1,-1,-1,-1,-1,18.771969,1,18.830336
3107,16,64,-1,-1,-1,-1,-1,18.608128,1,18.653185
3108,16,64,-1,-1,-1,-1,-1,18.54464,1,18.612225
3109,16,1085,-1,-1,-1,-1,-1,-1,0,76.262398
3110,16,64,-1,-1,-1,-1,-1,19.147776,1,19.214336
3111,16,1084,-1,-1,-1,-1,-1,-1,0,76.413956
3112,16,64,-1,-1,-1,-1,-1,19.044352,1,19.088385
3113,16,64,-1,-1,-1,-1,-1,18.748417,1,18.806784
3114,16,64,-1,-1,-1,-1,-1,18.655231,1,18.699265
3115,16,64,-1,-1,-1,-1,-1,18.572289,1,18.639872
3116,16,64,-1,-1,-1,-1,-1,18.604033,1,18.67264
3117,16,1085,-1,-1,-1,-1,-1,-1,0,76.180481
3118,16,64,-1,-1,-1,-1,-1,18.893824,1,18.94912
3119,16,64,-1,-1,-1,-1,-1,18.704384,1,18.772991
3120,16,64,-1,-1,-1,-1,-1,18.606079,1,18.669567
3121,16,64,-1,-1,-1,-1,-1,18.594816,1,18.661377
3122,16,64,-1,-1,-1,-1,-1,18.745344,1,18.811905
3123,16,64,-1,-1,-1,-1,-1,18.746368,1,18.825216
3124,16,1085,-1,-1,-1,-1,-1,-1,0,75.68589
3125,16,64,-1,-1,-1,-1,-1,18.955263,1,19.023872
3126,16,64,-1,-1,-1,-1,-1,18.690048,1,18.748417
3127,16,64,-1,-1,-1,-1,-1,18.607103,1,18.668545
3128,16,64,-1,-1,-1,-1,-1,18.564096,1,18.629633
3129,16,64,-1,-1,-1,-1,-1,18.540545,1,18.608128
3130,16,64,-1,-1,-1,-1,-1,18.537472,1,18.603008
3131,16,64,-1,-1,-1,-1,-1,18.658304,1,18.724863
3132,16,2106,-1,-1,-1,-1,-1,-1,0,138.670074
3133,16,64,-1,-1,-1,-1,-1,18.973696,1,19.039232
3134,16,64,-1,-1,-1,-1,-1,18.743296,1,18.810881
3135,16,64,-1,-1,-1,-1,-1,18.64192,1,18.709503
3136,16,64,-1,-1,-1,-1,-1,18.592768,1,18.658304
3137,16,64,-1,-1,-1,-1,-1,18.601984,1,18.670591
3138,16,64,-1,-1,-1,-1,-1,18.583551,1,18.651136
3139,16,64,-1,-1,-1,-1,-1,18.506752,1,18.566145
3140,16,64,-1,-1,-1,-1,-1,18.456575,1,18.522112
3141,16,64,-1,-1,-1,-1,-1,18.478081,1,18.535423
3142,16,64,-1,-1,-1,-1,-1,18.509825,1,18.573313
3143,16,64,-1,-1,-1,-1,-1,18.558975,1,18.624512
3144,16,1085,-1,-1,-1,-1,-1,-1,0,76.250114
3145,16,1085,-1,-1,-1,-1,-1,-1,0,78.064636
3146,16,64,-1,-1,-1,-1,-1,19.200001,1,19.268608
3147,16,64,-1,-1,-1,-1,-1,19.011583,1,19.078144
3148,16,2105,-1,-1,-1,-1,-1,-1,0,138.687485
3149,16,64,-1,-1,-1,-1,-1,19.0464,1,19.112961
3150,16,64,-1,-1,-1,-1,-1,18.741247,1,18.807808
3151,16,64,-1,-1,-1,-1,-1,18.688,1,18.75456
3152,16,64,-1,-1,-1,-1,-1,18.783232,1,18.850817
3153,16,64,-1,-1,-1,-1,-1,18.76992,1,18.837503
3154,16,64,-1,-1,-1,-1,-1,18.802689,1,18.870272
3155,16,1085,-1,-1,-1,-1,-1,-1,0,75.768829
3156,16,2105,-1,-1,-1,-1,-1,-1,0,140.268539
3157,16,64,-1,-1,-1,-1,-1,19.191809,1,19.250175
3158,16,1085,-1,-1,-1,-1,-1,-1,0,77.045761
3159,16,2106,-1,-1,-1,-1,-1,-1,0,140.900345
3160,16,1085,-1,-1,-1,-1,-1,-1,0,77.700096
3161,16,1085,-1,-1,-1,-1,-1,-1,0,78.05645
3162,16,64,-1,-1,-1,-1,-1,19.025921,1,19.093504
3163,16,64,-1,-1,-1,-1,-1,18.751488,1,18.821119
3164,16,64,-1,-1,-1,-1,-1,18.650112,1,18.714624
3165,16,64,-1,-1,-1,-1,-1,18.582527,1,18.650112
3166,16,64,-1,-1,-1,-1,-1,18.642944,1,18.709503
3167,16,64,-1,-1,-1,-1,-1,18.589697,1,18.65728
3168,16,64,-1,-1,-1,-1,-1,18.503679,1,18.569216
3169,16,64,-1,-1,-1,-1,-1,18.451456,1,18.518017
3170,16,64,-1,-1,-1,-1,-1,18.487295,1,18.54464
3171,16,64,-1,-1,-1,-1,-1,18.451456,1,18.519039
3172,16,64,-1,-1,-1,-1,-1,18.458624,1,18.514944
3173,16,64,-1,-1,-1,-1,-1,18.495487,1,18.538496
3174,16,1085,-1,-1,-1,-1,-1,-1,0,76.068863
3175,16,64,-1,-1,-1,-1,-1,18.969601,1,19.037184
3176,16,64,-1,-1,-1,-1,-1,18.715649,1,18.774015
3177,16,64,-1,-1,-1,-1,-1,18.658304,1,18.725887
3178,16,64,-1,-1,-1,-1,-1,18.581505,1,18.647039
3179,16,64,-1,-1,-1,-1,-1,18.789375,1,18.855936
3180,16,1085,-1,-1,-1,-1,-1,-1,0,76.061699
3181,16,64,-1,-1,-1,-1,-1,19.093504,1,19.160065
3182,16,64,-1,-1,-1,-1,-1,18.793472,1,18.86208
3183,16,64,-1,-1,-1,-1,-1,18.630655,1,18.69824
3184,16,64,-1,-1,-1,-1,-1,18.59584,1,18.661377
3185,16,64,-1,-1,-1,-1,-1,18.542591,1,18.60096
3186,16,64,-1,-1,-1,-1,-1,18.543615,1,18.609152
3187,16,64,-1,-1,-1,-1,-1,18.678783,1,18.74432
3188,16,1084,-1,-1,-1,-1,-1,-1,0,75.631615
3189,16,64,-1,-1,-1,-1,-1,19.079168,1,19.144705
3190,16,64,-1,-1,-1,-1,-1,19.00032,1,19.064833
3191,16,64,-1,-1,-1,-1,-1,18.881536,1,18.948095
3192,16,64,-1,-1,-1,-1,-1,18.877439,1,18.942976
3193,16,1085,-1,-1,-1,-1,-1,-1,0,76.499969
3194,16,64,-1,-1,-1,-1,-1,19.280895,1,19.347456
3195,16,64,-1,-1,-1,-1,-1,18.935808,1,19.002369
3196,16,1085,-1,-1,-1,-1,-1,-1,0,76.211197
3197,16,64,-1,-1,-1,-1,-1,19.2512,1,19.316736
3198,16,1085,-1,-1,-1,-1,-1,-1,0,76.974083
3199,16,64,-1,-1,-1,-1,-1,18.994177,1,19.053568
3200,16,64,-1,-1,-1,-1,-1,18.851839,1,18.912256
3201,16,1085,-1,-1,-1,-1,-1,-1,0,76.671997
3202,16,1085,-1,-1,-1,-1,-1,-1,0,78.417923
3203,16,64,-1,-1,-1,-1,-1,19.216385,1,19.273727
3204,16,64,-1,-1,-1,-1,-1,18.944,1,19.011583
3205,16,1084,-1,-1,-1,-1,-1,-1,0,76.01152
3206,16,1085,-1,-1,-1,-1,-1,-1,0,77.667328
3207,16,1085,-1,-1,-1,-1,-1,-1,0,77.487106
3208,16,1085,-1,-1,-1,-1,-1,-1,0,77.643776
3209,16,1085,-1,-1,-1,-1,-1,-1,0,78.453758
3210,16,64,-1,-1,-1,-1,-1,19.346432,1,19.412992
3211,16,64,-1,-1,-1,-1,-1,18.980864,1,19.048449
3212,16,2106,-1,-1,-1,-1,-1,-1,0,138.642426
3213,16,1085,-1,-1,-1,-1,-1,-1,0,77.601791
3214,16,64,-1,-1,-1,-1,-1,18.963455,1,19.0208
3215,16,64,-1,-1,-1,-1,-1,18.825216,1,18.885632
3216,16,64,-1,-1,-1,-1,-1,18.681856,1,18.742271
3217,16,64,-1,-1,-1,-1,-1,18.572289,1,18.638847
3218,16,64,-1,-1,-1,-1,-1,18.5856,1,18.652161
3219,16,64,-1,-1,-1,-1,-1,18.605057,1,18.668545
3220,16,64,-1,-1,-1,-1,-1,18.538496,1,18.610176
3221,16,1085,-1,-1,-1,-1,-1,-1,0,75.713539
3222,16,64,-1,-1,-1,-1,-1,18.938881,1,18.996223
3223,16,64,-1,-1,-1,-1,-1,18.732033,1,18.80064
3224,16,64,-1,-1,-1,-1,-1,18.603008,1,18.668545
3225,16,64,-1,-1,-1,-1,-1,18.583551,1,18.651136
3226,16,64,-1,-1,-1,-1,-1,18.549761,1,18.61632
3227,16,64,-1,-1,-1,-1,-1,18.581505,1,18.648064
3228,16,64,-1,-1,-1,-1,-1,18.471935,1,18.536448
3229,16,64,-1,-1,-1,-1,-1,18.485249,1,18.551807
3230,16,64,-1,-1,-1,-1,-1,18.487295,1,18.557953
3231,16,64,-1,-1,-1,-1,-1,18.640896,1,18.706432
3232,16,64,-1,-1,-1,-1,-1,18.649088,1,18.7136
3233,16,64,-1,-1,-1,-1,-1,18.609152,1,18.677759
3234,16,1084,-1,-1,-1,-1,-1,-1,0,75.673599
3235,16,64,-1,-1,-1,-1,-1,18.980864,1,19.024897
3236,16,64,-1,-1,-1,-1,-1,18.843649,1,18.911232
3237,16,64,-1,-1,-1,-1,-1,18.712576,1,18.77504
3238,16,64,-1,-1,-1,-1,-1,18.615295,1,18.67264
3239,16,64,-1,-1,-1,-1,-1,18.719744,1,18.786304
3240,16,64,-1,-1,-1,-1,-1,18.779137,1,18.822144
3241,16,1085,-1,-1,-1,-1,-1,-1,0,76.28698
3242,16,64,-1,-1,-1,-1,-1,18.996223,1,19.060736
3243,16,64,-1,-1,-1,-1,-1,18.793472,1,18.857985
3244,16,64,-1,-1,-1,-1,-1,18.588673,1,18.656256
3245,16,64,-1,-1,-1,-1,-1,18.583551,1,18.648064
3246,16,64,-1,-1,-1,-1,-1,18.6112,1,18.677759
3247,16,64,-1,-1,-1,-1,-1,18.598911,1,18.65728
3248,16,64,-1,-1,-1,-1,-1,18.516993,1,18.5856
3249,16,64,-1,-1,-1,-1,-1,18.6112,1,18.669567
3250,16,1085,-1,-1,-1,-1,-1,-1,0,76.368896
3251,16,1085,-1,-1,-1,-1,-1,-1,0,77.687805
3252,16,1085,-1,-1,-1,-1,-1,-1,0,77.67347
3253,16,2106,-1,-1,-1,-1,-1,-1,0,140.807175
3254,16,64,-1,-1,-1,-1,-1,19.173376,1,19.230721
3255,16,64,-1,-1,-1,-1,-1,18.950144,1,18.994177
3256,16,64,-1,-1,-1,-1,-1,18.880512,1,18.947071
3257,16,1084,-1,-1,-1,-1,-1,-1,0,75.633667
3258,16,2106,-1,-1,-1,-1,-1,-1,0,141.044739
3259,16,1085,-1,-1,-1,-1,-1,-1,0,77.701118
3260,16,64,-1,-1,-1,-1,-1,19.198977,1,19.265535
3261,16,64,-1,-1,-1,-1,-1,18.983936,1,19.048449
3262,16,64,-1,-1,-1,-1,-1,18.805759,1,18.873344
3263,16,1085,-1,-1,-1,-1,-1,-1,0,75.82618
3264,16,64,-1,-1,-1,-1,-1,18.967552,1,19.025921
3265,16,64,-1,-1,-1,-1,-1,18.68288,1,18.748417
3266,16,1084,-1,-1,-1,-1,-1,-1,0,76.298241
3267,16,1085,-1,-1,-1,-1,-1,-1,0,78.023682
3268,16,64,-1,-1,-1,-1,-1,19.200001,1,19.26656
3269,16,1085,-1,-1,-1,-1,-1,-1,0,76.726273
3270,16,64,-1,-1,-1,-1,-1,18.891775,1,18.956287
3271,16,1085,-1,-1,-1,-1,-1,-1,0,77.025284
3272,16,64,-1,-1,-1,-1,-1,19.0208,1,19.079168
3273,16,64,-1,-1,-1,-1,-1,18.680832,1,18.747393
3274,16,64,-1,-1,-1,-1,-1,18.5856,1,18.651136
3275,16,64,-1,-1,-1,-1,-1,18.566145,1,18.632704
3276,16,64,-1,-1,-1,-1,-1,18.555904,1,18.622463
3277,16,64,-1,-1,-1,-1,-1,18.541569,1,18.586624
3278,16,64,-1,-1,-1,-1,-1,18.536448,1,18.609152
3279,16,64,-1,-1,-1,-1,-1,18.49856,1,18.566145
3280,16,64,-1,-1,-1,-1,-1,18.466816,1,18.534401
3281,16,64,-1,-1,-1,-1,-1,18.451456,1,18.519039
3282,16,64,-1,-1,-1,-1,-1,18.464767,1,18.508801
3283,16,64,-1,-1,-1,-1,-1,18.425856,1,18.491392
3284,16,64,-1,-1,-1,-1,-1,18.454529,1,18.518017
3285,16,64,-1,-1,-1,-1,-1,18.468864,1,18.51392
3286,16,64,-1,-1,-1,-1,-1,18.433023,1,18.497536
3287,16,64,-1,-1,-1,-1,-1,18.491392,1,18.549761
3288,16,64,-1,-1,-1,-1,-1,18.478081,1,18.54464
3289,16,64,-1,-1,-1,-1,-1,18.552832,1,18.620417
3290,16,1085,-1,-1,-1,-1,-1,-1,0,76.157951
3291,16,64,-1,-1,-1,-1,-1,19.049473,1,19.117056
3292,16,64,-1,-1,-1,-1,-1,18.755585,1,18.812927
3293,16,64,-1,-1,-1,-1,-1,18.665472,1,18.735104
3294,16,64,-1,-1,-1,-1,-1,18.604033,1,18.670591
3295,16,64,-1,-1,-1,-1,-1,18.584576,1,18.651136
3296,16,1085,-1,-1,-1,-1,-1,-1,0,76.435455
3297,16,64,-1,-1,-1,-1,-1,18.999296,1,19.043327
3298,16,64,-1,-1,-1,-1,-1,18.755585,1,18.816
3299,16,64,-1,-1,-1,-1,-1,18.735104,1,18.801664
3300,16,1084,-1,-1,-1,-1,-1,-1,0,76.147713
3301,16,64,-1,-1,-1,-1,-1,19.202047,1,19.268608
3302,16,1085,-1,-1,-1,-1,-1,-1,0,76.540932
3303,16,1085,-1,-1,-1,-1,-1,-1,0,78.403587
3304,16,64,-1,-1,-1,-1,-1,19.007488,1,19.066879
3305,16,1085,-1,-1,-1,-1,-1,-1,0,76.644356
3306,16,64,-1,-1,-1,-1,-1,19.192833,1,19.23584
3307,16,1085,-1,-1,-1,-1,-1,-1,0,76.363777
3308,16,64,-1,-1,-1,-1,-1,19.079168,1,19.138559
3309,16,1085,-1,-1,-1,-1,-1,-1,0,77.018112
3310,16,1084,-1,-1,-1,-1,-1,-1,0,77.291519
3311,16,64,-1,-1,-1,-1,-1,19.19488,1,19.260416
3312,16,1085,-1,-1,-1,-1,-1,-1,0,76.649475
3313,16,2106,-1,-1,-1,-1,-1,-1,0,140.530685
3314,16,64,-1,-1,-1,-1,-1,19.187712,1,19.253248
3315,16,2105,-1,-1,-1,-1,-1,-1,0,139.557892
3316,16,64,-1,-1,-1,-1,-1,19.058687,1,19.126272
3317,16,64,-1,-1,-1,-1,-1,18.738176,1,18.805759
3318,16,64,-1,-1,-1,-1,-1,18.634752,1,18.700289
3319,16,64,-1,-1,-1,-1,-1,18.588673,1,18.656256
3320,16,64,-1,-1,-1,-1,-1,18.580481,1,18.637823
3321,16,64,-1,-1,-1,-1,-1,18.566145,1,18.633728
3322,16,64,-1,-1,-1,-1,-1,18.505728,1,18.576384
3323,16,64,-1,-1,-1,-1,-1,18.449408,1,18.514944
3324,16,64,-1,-1,-1,-1,-1,18.445312,1,18.486273
3325,16,1085,-1,-1,-1,-1,-1,-1,0,75.82003
3326,16,1085,-1,-1,-1,-1,-1,-1,0,77.939713
3327,16,64,-1,-1,-1,-1,-1,18.898945,1,18.957312
3328,16,64,-1,-1,-1,-1,-1,18.721792,1,18.781183
3329,16,64,-1,-1,-1,-1,-1,18.63168,1,18.689024
3330,16,64,-1,-1,-1,-1,-1,18.579456,1,18.635777
3331,16,64,-1,-1,-1,-1,-1,18.584576,1,18.650112
3332,16,64,-1,-1,-1,-1,-1,18.558975,1,18.615295
3333,16,64,-1,-1,-1,-1,-1,18.510847,1,18.577408
3334,16,64,-1,-1,-1,-1,-1,18.470913,1,18.528255
3335,16,64,-1,-1,-1,-1,-1,18.453505,1,18.520063
3336,16,64,-1,-1,-1,-1,-1,18.596865,1,18.653185
3337,16,64,-1,-1,-1,-1,-1,18.665472,1,18.721792
3338,16,64,-1,-1,-1,-1,-1,18.694143,1,18.753536
3339,16,64,-1,-1,-1,-1,-1,18.669567,1,18.726912
3340,16,1085,-1,-1,-1,-1,-1,-1,0,76.170242
3341,16,64,-1,-1,-1,-1,-1,19.0464,1,19.111937
3342,16,64,-1,-1,-1,-1,-1,18.80064,1,18.859009
3343,16,64,-1,-1,-1,-1,-1,18.623487,1,18.689024
3344,16,64,-1,-1,-1,-1,-1,18.563072,1,18.63168
3345,16,64,-1,-1,-1,-1,-1,18.575359,1,18.640896
3346,16,64,-1,-1,-1,-1,-1,18.572289,1,18.638847
3347,16,64,-1,-1,-1,-1,-1,18.471935,1,18.52928
3348,16,64,-1,-1,-1,-1,-1,18.458624,1,18.525185
3349,16,64,-1,-1,-1,-1,-1,18.514944,1,18.579456
3350,16,64,-1,-1,-1,-1,-1,18.54464,1,18.587648
3351,16,2106,-1,-1,-1,-1,-1,-1,0,138.408966
3352,16,64,-1,-1,-1,-1,-1,18.994177,1,19.06176
3353,16,1069,-1,-1,-1,-1,-1,-1,0,76.680191
3354,16,64,-1,-1,-1,-1,-1,19.126272,1,19.181568
3355,16,1085,-1,-1,-1,-1,-1,-1,0,77.080574
3356,16,64,-1,-1,-1,-1,-1,19.195904,1,19.255297
3357,16,1085,-1,-1,-1,-1,-1,-1,0,76.732414
3358,16,64,-1,-1,-1,-1,-1,19.039232,1,19.104769
3359,16,64,-1,-1,-1,-1,-1,18.802689,1,18.863104
3360,16,1085,-1,-1,-1,-1,-1,-1,0,76.506111
3361,16,64,-1,-1,-1,-1,-1,18.921473,1,18.99008
3362,16,64,-1,-1,-1,-1,-1,18.871296,1,18.931711
3363,16,2106,-1,-1,-1,-1,-1,-1,0,140.197891
3364,16,1085,-1,-1,-1,-1,-1,-1,0,78.030846
3365,16,2106,-1,-1,-1,-1,-1,-1,0,140.455933
3366,16,64,-1,-1,-1,-1,-1,18.988031,1,19.055616
3367,16,64,-1,-1,-1,-1,-1,18.801664,1,18.861055
3368,16,64,-1,-1,-1,-1,-1,18.726912,1,18.797567
3369,16,64,-1,-1,-1,-1,-1,18.612225,1,18.676737
