step,sched_reqs,sched_tokens,batch,num_query_tokens,sum_seq_len,num_spec_tokens,draft_ms,target_fwd_ms,n_target_fwd,exec_ms,sample_ms,step_ms
0,256,512,-1,-1,-1,-1,-1,11.100032,1,3560.88208,11294.40332,14855.2854
1,256,256,-1,-1,-1,-1,-1,8.092928,1,9.624448,5.607936,15.232384
2,1,2048,-1,-1,-1,-1,-1,-1,0,56.291714,1.101184,57.392898
3,10,16384,-1,-1,-1,-1,-1,-1,0,285.395935,1.37216,286.768095
4,18,16384,-1,-1,-1,-1,-1,-1,0,253.868317,2.465728,256.334045
5,26,16384,-1,-1,-1,-1,-1,-1,0,253.425217,0.94064,254.365857
6,34,16384,-1,-1,-1,-1,-1,-1,0,288.511444,0.994816,289.50626
7,42,16384,-1,-1,-1,-1,-1,-1,0,261.203705,1.005952,262.209657
8,50,16384,-1,-1,-1,-1,-1,-1,0,255.840546,0.99568,256.836226
9,58,16384,-1,-1,-1,-1,-1,-1,0,262.379486,0.974784,263.35427
10,66,16384,-1,-1,-1,-1,-1,-1,0,270.482849,0.883744,271.366593
11,74,16384,-1,-1,-1,-1,-1,-1,0,265.20694,0.870496,266.077436
12,82,16384,-1,-1,-1,-1,-1,-1,0,262.09964,0.810848,262.910488
13,90,16384,-1,-1,-1,-1,-1,-1,0,267.548157,1.359968,268.908125
14,98,16384,-1,-1,-1,-1,-1,-1,0,272.806824,1.390144,274.196968
15,106,16384,-1,-1,-1,-1,-1,-1,0,268.978943,0.783968,269.762911
16,114,16384,-1,-1,-1,-1,-1,-1,0,268.015564,0.7648,268.780364
17,122,16384,-1,-1,-1,-1,-1,-1,0,272.081207,1.129408,273.210615
18,130,16384,-1,-1,-1,-1,-1,-1,0,267.703461,1.119872,268.823333
19,138,16384,-1,-1,-1,-1,-1,-1,0,267.692078,1.79312,269.485198
20,146,16384,-1,-1,-1,-1,-1,-1,0,272.258911,1.154048,273.412959
21,154,16384,-1,-1,-1,-1,-1,-1,0,272.19809,0.87328,273.07137
22,162,16384,-1,-1,-1,-1,-1,-1,0,272.495453,0.840288,273.335741
23,170,16384,-1,-1,-1,-1,-1,-1,0,270.141602,0.847136,270.988738
24,178,16384,-1,-1,-1,-1,-1,-1,0,272.384857,2.199968,274.584825
25,186,16384,-1,-1,-1,-1,-1,-1,0,273.671631,0.900704,274.572335
26,194,16384,-1,-1,-1,-1,-1,-1,0,271.758759,1.022592,272.78135
27,202,16384,-1,-1,-1,-1,-1,-1,0,274.162781,0.914112,275.076893
28,210,16384,-1,-1,-1,-1,-1,-1,0,276.527802,0.857792,277.385594
29,218,16384,-1,-1,-1,-1,-1,-1,0,275.456482,0.851904,276.308386
30,226,16384,-1,-1,-1,-1,-1,-1,0,274.273621,0.826816,275.100437
31,234,16384,-1,-1,-1,-1,-1,-1,0,277.011353,1.742432,278.753785
32,242,16384,-1,-1,-1,-1,-1,-1,0,277.334045,0.89664,278.230685
33,249,16384,-1,-1,-1,-1,-1,-1,0,277.215607,0.673888,277.889495
34,256,14465,-1,-1,-1,-1,-1,-1,0,253.311737,0.695552,254.007289
35,256,256,-1,-1,-1,-1,-1,25.05648,1,25.112352,0.689248,25.8016
36,256,256,-1,-1,-1,-1,-1,23.827744,1,23.883841,0.623744,24.507585
37,256,256,-1,-1,-1,-1,-1,23.187263,1,23.237696,0.592224,23.82992
38,256,256,-1,-1,-1,-1,-1,22.961376,1,23.014303,0.624416,23.638719
39,256,256,-1,-1,-1,-1,-1,22.839008,1,22.889824,0.603296,23.49312
40,256,256,-1,-1,-1,-1,-1,22.681889,1,22.733215,0.6016,23.334815
41,256,256,-1,-1,-1,-1,-1,22.546528,1,22.594879,0.598368,23.193247
42,256,256,-1,-1,-1,-1,-1,22.605824,1,22.655552,0.596352,23.251904
43,256,256,-1,-1,-1,-1,-1,22.647808,1,22.697985,0.598304,23.296289
44,256,256,-1,-1,-1,-1,-1,22.7152,1,22.76272,0.610464,23.373184
45,256,256,-1,-1,-1,-1,-1,22.808031,1,22.857471,0.60384,23.461311
46,256,256,-1,-1,-1,-1,-1,22.857599,1,22.906015,0.621472,23.527487
47,256,256,-1,-1,-1,-1,-1,22.868223,1,22.916351,0.598272,23.514623
48,256,256,-1,-1,-1,-1,-1,22.829216,1,22.879583,0.609024,23.488607
49,256,256,-1,-1,-1,-1,-1,22.942911,1,22.99168,0.615168,23.606848
50,256,256,-1,-1,-1,-1,-1,23.26016,1,23.308289,0.626432,23.934721
51,256,256,-1,-1,-1,-1,-1,23.386496,1,23.435776,0.62528,24.061056
52,256,256,-1,-1,-1,-1,-1,23.335264,1,23.390944,0.627392,24.018336
53,256,256,-1,-1,-1,-1,-1,23.052832,1,23.102495,0.59104,23.693535
54,256,256,-1,-1,-1,-1,-1,22.870049,1,22.926176,0.613632,23.539808
55,256,256,-1,-1,-1,-1,-1,22.853985,1,22.909536,0.591424,23.50096
56,256,256,-1,-1,-1,-1,-1,22.892,1,22.941952,0.614112,23.556064
57,256,256,-1,-1,-1,-1,-1,22.874176,1,22.925024,0.595104,23.520128
58,256,256,-1,-1,-1,-1,-1,22.848032,1,22.897856,0.60912,23.506976
59,256,256,-1,-1,-1,-1,-1,22.855743,1,22.905697,0.593088,23.498785
60,256,256,-1,-1,-1,-1,-1,22.764896,1,22.814625,0.606112,23.420737
61,256,256,-1,-1,-1,-1,-1,22.755264,1,22.802849,0.59824,23.401089
62,256,256,-1,-1,-1,-1,-1,22.836384,1,22.897057,0.612512,23.509569
63,256,256,-1,-1,-1,-1,-1,22.84288,1,22.890656,0.612576,23.503232
64,256,256,-1,-1,-1,-1,-1,22.877216,1,22.92832,0.608544,23.536864
65,256,256,-1,-1,-1,-1,-1,22.963488,1,23.012192,0.60928,23.621472
66,256,256,-1,-1,-1,-1,-1,22.871584,1,22.923201,0.601024,23.524225
67,256,256,-1,-1,-1,-1,-1,22.968639,1,23.017344,0.6048,23.622144
68,256,256,-1,-1,-1,-1,-1,23.048128,1,23.098688,0.621312,23.72
69,256,256,-1,-1,-1,-1,-1,23.095072,1,23.147009,0.595552,23.742561
70,256,256,-1,-1,-1,-1,-1,23.001057,1,23.050913,0.622848,23.673761
71,256,256,-1,-1,-1,-1,-1,22.891071,1,22.938751,0.592448,23.531199
72,256,256,-1,-1,-1,-1,-1,22.899776,1,22.952415,0.61056,23.562975
73,256,256,-1,-1,-1,-1,-1,23.250113,1,23.304928,0.608288,23.913216
74,256,256,-1,-1,-1,-1,-1,23.400896,1,23.456064,0.614336,24.0704
75,256,256,-1,-1,-1,-1,-1,23.331137,1,23.386272,0.61632,24.002592
76,256,256,-1,-1,-1,-1,-1,23.33392,1,23.387615,0.6216,24.009215
77,256,256,-1,-1,-1,-1,-1,23.322369,1,23.372831,0.605376,23.978207
78,256,256,-1,-1,-1,-1,-1,23.30064,1,23.354912,0.617696,23.972608
79,256,256,-1,-1,-1,-1,-1,23.261087,1,23.31216,0.598752,23.910913
80,256,256,-1,-1,-1,-1,-1,23.044064,1,23.096479,0.625152,23.721631
81,256,256,-1,-1,-1,-1,-1,23.004288,1,23.052959,0.6,23.652959
82,256,256,-1,-1,-1,-1,-1,22.907776,1,22.961121,0.6024,23.563521
83,256,256,-1,-1,-1,-1,-1,22.904703,1,22.95392,0.605632,23.559552
84,256,256,-1,-1,-1,-1,-1,22.83984,1,22.888256,0.603424,23.49168
85,256,256,-1,-1,-1,-1,-1,22.843519,1,22.893824,0.599104,23.492928
86,256,256,-1,-1,-1,-1,-1,22.886784,1,22.93856,0.60784,23.5464
87,256,256,-1,-1,-1,-1,-1,22.925152,1,22.980896,0.599904,23.5808
88,256,256,-1,-1,-1,-1,-1,22.939648,1,22.989697,0.611296,23.600993
89,256,256,-1,-1,-1,-1,-1,22.941248,1,22.991873,0.60496,23.596833
90,256,256,-1,-1,-1,-1,-1,23.289921,1,23.340096,0.620672,23.960768
91,256,256,-1,-1,-1,-1,-1,23.32128,1,23.375937,0.601984,23.977921
92,256,256,-1,-1,-1,-1,-1,23.254305,1,23.307743,0.614848,23.922591
93,256,256,-1,-1,-1,-1,-1,23.236383,1,23.288416,0.621728,23.910144
94,256,256,-1,-1,-1,-1,-1,22.992865,1,23.04192,0.614496,23.656416
95,256,256,-1,-1,-1,-1,-1,22.962751,1,23.017023,0.613984,23.631007
96,256,256,-1,-1,-1,-1,-1,22.951551,1,23.002304,0.614592,23.616896
97,256,256,-1,-1,-1,-1,-1,23.030815,1,23.084543,0.610592,23.695135
98,256,256,-1,-1,-1,-1,-1,23.068577,1,23.122496,0.609792,23.732288
99,256,256,-1,-1,-1,-1,-1,23.181343,1,23.231457,0.610208,23.841665
100,256,256,-1,-1,-1,-1,-1,23.25696,1,23.307392,0.64544,23.952832
101,256,256,-1,-1,-1,-1,-1,23.172129,1,23.222879,0.619616,23.842495
102,256,256,-1,-1,-1,-1,-1,23.119137,1,23.173632,0.637472,23.811104
103,256,256,-1,-1,-1,-1,-1,23.258495,1,23.309471,0.617664,23.927135
104,256,256,-1,-1,-1,-1,-1,23.145151,1,23.198689,0.624864,23.823552
105,256,256,-1,-1,-1,-1,-1,22.987167,1,23.036352,0.600192,23.636544
106,256,256,-1,-1,-1,-1,-1,22.951263,1,23.002913,0.602304,23.605217
107,256,256,-1,-1,-1,-1,-1,22.962879,1,23.011456,0.612832,23.624288
108,256,256,-1,-1,-1,-1,-1,23.087616,1,23.135233,0.607872,23.743105
109,256,256,-1,-1,-1,-1,-1,23.085217,1,23.133345,0.59376,23.727105
110,256,256,-1,-1,-1,-1,-1,23.016768,1,23.064512,0.611328,23.67584
111,256,256,-1,-1,-1,-1,-1,22.985855,1,23.033279,0.59072,23.623999
112,256,256,-1,-1,-1,-1,-1,23.179136,1,23.233248,0.627552,23.8608
113,256,256,-1,-1,-1,-1,-1,23.282463,1,23.332993,0.607328,23.940321
114,256,256,-1,-1,-1,-1,-1,23.216801,1,23.268736,0.61584,23.884576
115,256,256,-1,-1,-1,-1,-1,23.209728,1,23.266815,0.623424,23.890239
116,256,256,-1,-1,-1,-1,-1,23.193184,1,23.245728,0.637152,23.88288
117,256,256,-1,-1,-1,-1,-1,23.19104,1,23.239264,0.63344,23.872704
118,256,256,-1,-1,-1,-1,-1,23.320801,1,23.374624,0.627488,24.002112
119,256,256,-1,-1,-1,-1,-1,23.461727,1,23.509632,0.642752,24.152384
120,256,256,-1,-1,-1,-1,-1,23.384544,1,23.440512,0.638976,24.079488
121,256,256,-1,-1,-1,-1,-1,23.465504,1,23.517471,0.65472,24.172191
122,256,256,-1,-1,-1,-1,-1,23.480385,1,23.532768,0.635104,24.167872
123,256,256,-1,-1,-1,-1,-1,23.304832,1,23.353952,0.614624,23.968576
124,256,256,-1,-1,-1,-1,-1,23.332479,1,23.382015,0.62112,24.003135
125,256,256,-1,-1,-1,-1,-1,23.255745,1,23.311359,0.615936,23.927295
126,256,256,-1,-1,-1,-1,-1,23.027617,1,23.081888,0.612224,23.694112
127,256,256,-1,-1,-1,-1,-1,22.968864,1,23.021664,0.609696,23.63136
128,256,256,-1,-1,-1,-1,-1,23.001375,1,23.053247,0.611104,23.664351
129,256,256,-1,-1,-1,-1,-1,23.223265,1,23.273184,0.619584,23.892768
130,256,256,-1,-1,-1,-1,-1,23.362177,1,23.414848,0.62224,24.037088
131,256,256,-1,-1,-1,-1,-1,23.248447,1,23.29904,0.613248,23.912288
132,256,256,-1,-1,-1,-1,-1,23.160128,1,23.211231,0.608384,23.819615
133,256,256,-1,-1,-1,-1,-1,23.157568,1,23.209345,0.62912,23.838465
134,256,256,-1,-1,-1,-1,-1,23.145599,1,23.199583,0.626016,23.825599
135,256,256,-1,-1,-1,-1,-1,23.167711,1,23.216703,0.636288,23.852991
136,256,256,-1,-1,-1,-1,-1,23.176031,1,23.229824,0.628256,23.85808
137,256,256,-1,-1,-1,-1,-1,23.222273,1,23.27248,0.607072,23.879552
138,256,256,-1,-1,-1,-1,-1,23.353632,1,23.407137,0.632768,24.039905
139,256,256,-1,-1,-1,-1,-1,23.386112,1,23.436544,0.62304,24.059584
140,256,256,-1,-1,-1,-1,-1,23.400032,1,23.451967,0.63456,24.086527
141,256,256,-1,-1,-1,-1,-1,23.406719,1,23.463648,0.614432,24.07808
142,256,256,-1,-1,-1,-1,-1,23.471104,1,23.528288,0.631296,24.159584
143,256,256,-1,-1,-1,-1,-1,23.566463,1,23.621729,0.61072,24.232449
144,256,256,-1,-1,-1,-1,-1,23.592833,1,23.645184,0.632064,24.277248
145,256,256,-1,-1,-1,-1,-1,23.697311,1,23.74896,0.610784,24.359744
146,256,256,-1,-1,-1,-1,-1,23.556736,1,23.608416,0.61088,24.219296
147,256,256,-1,-1,-1,-1,-1,23.476992,1,23.52832,0.60624,24.13456
148,256,256,-1,-1,-1,-1,-1,23.541727,1,23.591808,0.626912,24.21872
149,256,256,-1,-1,-1,-1,-1,23.666113,1,23.716801,0.617024,24.333825
150,256,256,-1,-1,-1,-1,-1,23.803265,1,23.858912,0.608928,24.46784
151,256,256,-1,-1,-1,-1,-1,23.65872,1,23.70816,0.60272,24.31088
152,256,256,-1,-1,-1,-1,-1,23.626881,1,23.678881,0.606112,24.284993
153,256,256,-1,-1,-1,-1,-1,23.595903,1,23.644224,0.6128,24.257024
154,256,256,-1,-1,-1,-1,-1,23.7064,1,23.755327,0.598944,24.354271
155,256,256,-1,-1,-1,-1,-1,23.917856,1,23.967552,0.616608,24.58416
156,256,256,-1,-1,-1,-1,-1,23.928255,1,23.97888,0.61152,24.5904
157,256,256,-1,-1,-1,-1,-1,23.928801,1,23.980801,0.60976,24.590561
158,256,256,-1,-1,-1,-1,-1,23.923777,1,23.972416,0.617536,24.589952
159,256,256,-1,-1,-1,-1,-1,24.111967,1,24.16576,0.612416,24.778176
160,256,256,-1,-1,-1,-1,-1,24.074911,1,24.125568,0.609344,24.734912
161,256,256,-1,-1,-1,-1,-1,24.093697,1,24.144384,0.608448,24.752832
162,256,256,-1,-1,-1,-1,-1,24.010271,1,24.059904,0.613408,24.673312
163,256,256,-1,-1,-1,-1,-1,23.832512,1,23.887392,0.612896,24.500288
164,256,256,-1,-1,-1,-1,-1,23.809759,1,23.8608,0.616512,24.477312
165,256,256,-1,-1,-1,-1,-1,23.807775,1,23.857952,0.608192,24.466144
166,256,256,-1,-1,-1,-1,-1,23.920609,1,23.971071,0.634944,24.606015
167,256,256,-1,-1,-1,-1,-1,24.138592,1,24.18928,0.616,24.80528
168,256,256,-1,-1,-1,-1,-1,24.118912,1,24.171104,0.62144,24.792544
169,256,256,-1,-1,-1,-1,-1,24.142817,1,24.192513,0.616096,24.808609
170,256,256,-1,-1,-1,-1,-1,23.906879,1,23.960447,0.609792,24.570239
171,256,256,-1,-1,-1,-1,-1,23.780289,1,23.831841,0.594784,24.426625
172,256,256,-1,-1,-1,-1,-1,23.752129,1,23.802879,0.621696,24.424575
173,256,256,-1,-1,-1,-1,-1,23.810495,1,23.868671,0.61088,24.479551
174,256,256,-1,-1,-1,-1,-1,23.805088,1,23.857824,0.612928,24.470752
175,256,256,-1,-1,-1,-1,-1,23.760736,1,23.810816,0.591584,24.4024
176,256,256,-1,-1,-1,-1,-1,23.75872,1,23.811584,0.607392,24.418976
177,256,256,-1,-1,-1,-1,-1,23.769793,1,23.819872,0.607648,24.42752
178,256,256,-1,-1,-1,-1,-1,23.755615,1,23.806721,0.6072,24.413921
179,256,256,-1,-1,-1,-1,-1,23.929056,1,23.980415,0.611264,24.591679
180,256,256,-1,-1,-1,-1,-1,23.825024,1,23.875393,0.606304,24.481697
181,256,256,-1,-1,-1,-1,-1,23.925953,1,23.977377,0.609984,24.587361
182,256,256,-1,-1,-1,-1,-1,23.932735,1,23.982752,0.603072,24.585824
183,256,256,-1,-1,-1,-1,-1,23.888512,1,23.94112,0.594208,24.535328
184,256,256,-1,-1,-1,-1,-1,23.902975,1,23.954304,0.610816,24.56512
185,256,256,-1,-1,-1,-1,-1,23.806368,1,23.85664,0.610144,24.466784
186,256,256,-1,-1,-1,-1,-1,23.941792,1,23.994848,0.596896,24.591744
187,256,256,-1,-1,-1,-1,-1,24.185856,1,24.23744,0.600448,24.837888
188,256,256,-1,-1,-1,-1,-1,24.111872,1,24.163712,0.642176,24.805888
189,256,256,-1,-1,-1,-1,-1,23.900864,1,23.952385,0.599712,24.552097
190,256,256,-1,-1,-1,-1,-1,23.697376,1,23.747681,0.616576,24.364257
191,256,256,-1,-1,-1,-1,-1,23.920353,1,23.972,0.614336,24.586336
192,256,256,-1,-1,-1,-1,-1,23.918049,1,23.970049,0.625984,24.596033
193,256,256,-1,-1,-1,-1,-1,23.905537,1,23.956257,0.609408,24.565665
194,256,256,-1,-1,-1,-1,-1,23.858208,1,23.908768,0.607616,24.516384
195,256,256,-1,-1,-1,-1,-1,23.90176,1,23.956287,0.593024,24.549311
196,256,256,-1,-1,-1,-1,-1,24.119167,1,24.172031,0.623808,24.795839
197,256,256,-1,-1,-1,-1,-1,24.118689,1,24.170431,0.599456,24.769887
198,256,256,-1,-1,-1,-1,-1,24.123072,1,24.17664,0.614528,24.791168
199,256,256,-1,-1,-1,-1,-1,24.029663,1,24.08,0.597376,24.677376
200,256,256,-1,-1,-1,-1,-1,23.864191,1,23.914944,0.625152,24.540096
201,256,256,-1,-1,-1,-1,-1,24.012224,1,24.063681,0.607168,24.670849
202,256,256,-1,-1,-1,-1,-1,23.932352,1,23.983999,0.609344,24.593343
203,256,256,-1,-1,-1,-1,-1,23.861183,1,23.920256,0.615296,24.535552
204,256,256,-1,-1,-1,-1,-1,23.878304,1,23.927263,0.608544,24.535807
205,256,256,-1,-1,-1,-1,-1,23.956352,1,24.009089,0.616416,24.625504
206,256,256,-1,-1,-1,-1,-1,24.069344,1,24.118752,0.613376,24.732128
207,256,256,-1,-1,-1,-1,-1,23.934431,1,23.985088,0.592288,24.577376
208,256,256,-1,-1,-1,-1,-1,23.994911,1,24.0432,0.617888,24.661088
209,256,256,-1,-1,-1,-1,-1,23.940001,1,23.993313,0.592512,24.585825
210,256,256,-1,-1,-1,-1,-1,23.90864,1,23.960447,0.6024,24.562847
211,256,256,-1,-1,-1,-1,-1,23.930529,1,23.983969,0.5944,24.578369
212,256,256,-1,-1,-1,-1,-1,23.868959,1,23.917889,0.609472,24.527361
213,256,256,-1,-1,-1,-1,-1,23.863457,1,23.914272,0.590656,24.504928
214,256,2288,-1,-1,-1,-1,-1,-1,0,54.973663,0.638176,55.611839
215,256,256,-1,-1,-1,-1,-1,25.792543,1,25.845695,0.66624,26.511935
216,256,256,-1,-1,-1,-1,-1,25.141216,1,25.195904,0.62384,25.819744
217,256,256,-1,-1,-1,-1,-1,24.412416,1,24.461216,0.598432,25.059648
218,256,2288,-1,-1,-1,-1,-1,-1,0,52.802238,0.591328,53.393566
219,256,256,-1,-1,-1,-1,-1,24.448223,1,24.498592,0.62832,25.126912
220,256,256,-1,-1,-1,-1,-1,24.69776,1,24.748129,0.64528,25.393409
221,256,256,-1,-1,-1,-1,-1,24.299648,1,24.350241,0.618528,24.968769
222,256,256,-1,-1,-1,-1,-1,24.1952,1,24.245728,0.620672,24.8664
223,256,2288,-1,-1,-1,-1,-1,-1,0,56.77552,0.67744,57.45296
224,256,4320,-1,-1,-1,-1,-1,-1,0,90.619423,0.670304,91.289727
225,256,2287,-1,-1,-1,-1,-1,-1,0,59.320866,0.656864,59.97773
226,256,256,-1,-1,-1,-1,-1,25.469088,1,25.523617,0.625632,26.149249
227,256,6352,-1,-1,-1,-1,-1,-1,0,120.67981,0.673952,121.353762
228,256,256,-1,-1,-1,-1,-1,25.984415,1,26.039328,0.675648,26.714976
229,256,256,-1,-1,-1,-1,-1,25.252064,1,25.306433,0.631488,25.937921
230,256,2288,-1,-1,-1,-1,-1,-1,0,54.435329,0.645952,55.081281
231,256,2288,-1,-1,-1,-1,-1,-1,0,59.070751,0.652576,59.723327
232,256,4320,-1,-1,-1,-1,-1,-1,0,87.787933,0.659744,88.447677
233,256,2288,-1,-1,-1,-1,-1,-1,0,59.00845,0.651168,59.659618
234,256,256,-1,-1,-1,-1,-1,25.485504,1,25.535168,0.6744,26.209568
235,256,7855,-1,-1,-1,-1,-1,-1,0,142.776123,0.658912,143.435035
236,256,6352,-1,-1,-1,-1,-1,-1,0,123.847618,0.681248,124.528866
237,256,2288,-1,-1,-1,-1,-1,-1,0,59.504959,0.6736,60.178559
238,256,12447,-1,-1,-1,-1,-1,-1,0,215.48439,0.691392,216.175782
239,256,2288,-1,-1,-1,-1,-1,-1,0,60.032001,0.676352,60.708354
240,256,4320,-1,-1,-1,-1,-1,-1,0,89.193024,0.678432,89.871456
241,256,10416,-1,-1,-1,-1,-1,-1,0,187.323975,0.705152,188.029127
242,256,4319,-1,-1,-1,-1,-1,-1,0,91.432579,0.660864,92.093443
243,256,4320,-1,-1,-1,-1,-1,-1,0,88.800194,0.696032,89.496226
244,256,10383,-1,-1,-1,-1,-1,-1,0,185.353958,0.693184,186.047142
245,256,8382,-1,-1,-1,-1,-1,-1,0,162.01123,0.71872,162.72995
246,256,10414,-1,-1,-1,-1,-1,-1,0,187.625122,0.706848,188.33197
247,256,256,-1,-1,-1,-1,-1,26.200768,1,26.255487,0.722432,26.977919
248,256,2288,-1,-1,-1,-1,-1,-1,0,58.242496,0.654144,58.89664
249,256,8384,-1,-1,-1,-1,-1,-1,0,153.604263,0.691328,154.295591
250,256,8383,-1,-1,-1,-1,-1,-1,0,157.839355,0.683264,158.522619
251,256,8384,-1,-1,-1,-1,-1,-1,0,153.517532,0.695808,154.21334
252,256,6351,-1,-1,-1,-1,-1,-1,0,121.703171,0.66832,122.371491
253,256,12448,-1,-1,-1,-1,-1,-1,0,220.677124,0.68912,221.366244
254,256,8383,-1,-1,-1,-1,-1,-1,0,161.347488,0.657536,162.005024
255,256,8384,-1,-1,-1,-1,-1,-1,0,157.751526,0.674144,158.42567
256,256,6351,-1,-1,-1,-1,-1,-1,0,121.24202,0.648192,121.890212
257,256,8384,-1,-1,-1,-1,-1,-1,0,153.524353,0.665632,154.189985
258,256,10368,-1,-1,-1,-1,-1,-1,0,185.975815,0.67408,186.649895
259,256,4320,-1,-1,-1,-1,-1,-1,0,90.338974,0.65632,90.995294
260,256,12447,-1,-1,-1,-1,-1,-1,0,220.790726,0.665344,221.45607
261,256,8384,-1,-1,-1,-1,-1,-1,0,157.380417,0.67552,158.055937
262,256,14480,-1,-1,-1,-1,-1,-1,0,255.527802,0.664512,256.192313
263,256,12447,-1,-1,-1,-1,-1,-1,0,220.022018,0.670656,220.692674
264,256,8384,-1,-1,-1,-1,-1,-1,0,160.676605,0.702144,161.378749
265,256,12432,-1,-1,-1,-1,-1,-1,0,218.163513,0.694368,218.857881
266,256,8383,-1,-1,-1,-1,-1,-1,0,157.278458,0.68976,157.968218
267,256,8384,-1,-1,-1,-1,-1,-1,0,154.077667,0.69408,154.771747
268,256,12446,-1,-1,-1,-1,-1,-1,0,219.218109,0.693024,219.911133
269,256,10399,-1,-1,-1,-1,-1,-1,0,185.106812,0.701408,185.80822
270,256,10415,-1,-1,-1,-1,-1,-1,0,186.573639,0.681248,187.254887
271,256,10415,-1,-1,-1,-1,-1,-1,0,188.360733,0.697696,189.058429
272,256,12448,-1,-1,-1,-1,-1,-1,0,219.416473,0.688896,220.105369
273,256,2288,-1,-1,-1,-1,-1,-1,0,59.711552,0.672032,60.383584
274,256,6335,-1,-1,-1,-1,-1,-1,0,120.892067,0.689568,121.581635
275,256,2288,-1,-1,-1,-1,-1,-1,0,58.522911,0.649376,59.172287
276,256,12448,-1,-1,-1,-1,-1,-1,0,217.721313,0.69216,218.413473
277,256,16384,-1,-1,-1,-1,-1,-1,0,277.550262,0.680896,278.231158
278,256,4445,-1,-1,-1,-1,-1,-1,0,93.503426,0.656832,94.160258
279,256,10416,-1,-1,-1,-1,-1,-1,0,186.820831,0.687328,187.508159
280,256,6352,-1,-1,-1,-1,-1,-1,0,121.412895,0.657376,122.070271
281,256,8384,-1,-1,-1,-1,-1,-1,0,151.921692,0.676864,152.598556
282,256,6352,-1,-1,-1,-1,-1,-1,0,120.845345,0.668512,121.513857
283,256,10415,-1,-1,-1,-1,-1,-1,0,185.300415,0.681792,185.982207
284,256,2288,-1,-1,-1,-1,-1,-1,0,58.881695,0.652224,59.533919
285,256,4320,-1,-1,-1,-1,-1,-1,0,89.450722,0.668864,90.119586
286,256,6352,-1,-1,-1,-1,-1,-1,0,120.838051,0.697216,121.535267
287,256,256,-1,-1,-1,-1,-1,25.727585,1,25.780449,0.684352,26.464801
288,256,2288,-1,-1,-1,-1,-1,-1,0,56.995872,0.632576,57.628448
289,256,8384,-1,-1,-1,-1,-1,-1,0,156.530945,0.725248,157.256193
290,256,2288,-1,-1,-1,-1,-1,-1,0,60.584576,0.675072,61.259648
291,256,6351,-1,-1,-1,-1,-1,-1,0,117.354462,0.683968,118.03843
292,256,4319,-1,-1,-1,-1,-1,-1,0,88.97226,0.663232,89.635492
293,256,256,-1,-1,-1,-1,-1,24.628,1,24.682625,0.670496,25.353121
294,256,8383,-1,-1,-1,-1,-1,-1,0,154.846497,0.713984,155.560481
295,256,8383,-1,-1,-1,-1,-1,-1,0,156.080063,0.70064,156.780703
296,256,4304,-1,-1,-1,-1,-1,-1,0,89.789436,0.678592,90.468028
297,256,2288,-1,-1,-1,-1,-1,-1,0,57.882786,0.66496,58.547746
298,256,2288,-1,-1,-1,-1,-1,-1,0,56.647202,0.65632,57.303522
299,256,6160,-1,-1,-1,-1,-1,-1,0,119.465118,0.705088,120.170206
300,256,4320,-1,-1,-1,-1,-1,-1,0,89.760124,0.676288,90.436412
301,256,2288,-1,-1,-1,-1,-1,-1,0,57.47731,0.655104,58.132414
302,256,2288,-1,-1,-1,-1,-1,-1,0,56.838623,0.664416,57.503039
303,256,2288,-1,-1,-1,-1,-1,-1,0,57.514912,0.665504,58.180416
304,256,4320,-1,-1,-1,-1,-1,-1,0,86.413216,0.676736,87.089952
305,256,256,-1,-1,-1,-1,-1,24.2248,1,24.280832,0.657376,24.938208
306,256,2288,-1,-1,-1,-1,-1,-1,0,56.038879,0.68128,56.720159
307,256,4320,-1,-1,-1,-1,-1,-1,0,89.397217,0.68688,90.084097
308,256,2288,-1,-1,-1,-1,-1,-1,0,58.409695,0.68,59.089695
309,256,2288,-1,-1,-1,-1,-1,-1,0,57.95536,0.664608,58.619968
310,256,2288,-1,-1,-1,-1,-1,-1,0,57.697887,0.666848,58.364735
311,256,256,-1,-1,-1,-1,-1,24.458719,1,24.513887,0.676544,25.190431
312,256,2288,-1,-1,-1,-1,-1,-1,0,56.671745,0.636096,57.307841
313,256,2288,-1,-1,-1,-1,-1,-1,0,56.861919,0.653824,57.515743
314,256,256,-1,-1,-1,-1,-1,24.019136,1,24.072639,0.645408,24.718047
315,256,256,-1,-1,-1,-1,-1,23.514656,1,23.564512,0.622304,24.186816
316,256,256,-1,-1,-1,-1,-1,22.969185,1,23.022881,0.62656,23.649441
317,256,256,-1,-1,-1,-1,-1,22.731585,1,22.780161,0.60448,23.384641
318,256,2288,-1,-1,-1,-1,-1,-1,0,54.540768,0.703904,55.244672
319,256,256,-1,-1,-1,-1,-1,25.068735,1,25.120289,0.6832,25.803489
320,256,256,-1,-1,-1,-1,-1,24.565985,1,24.621952,0.664576,25.286528
321,256,256,-1,-1,-1,-1,-1,23.270399,1,23.326303,0.599936,23.926239
322,256,256,-1,-1,-1,-1,-1,22.759584,1,22.810368,0.604928,23.415296
323,256,256,-1,-1,-1,-1,-1,22.676865,1,22.729376,0.604928,23.334304
324,256,256,-1,-1,-1,-1,-1,22.693151,1,22.743233,0.588704,23.331937
325,256,2288,-1,-1,-1,-1,-1,-1,0,53.245953,0.63616,53.882113
326,256,256,-1,-1,-1,-1,-1,23.993984,1,24.048096,0.67072,24.718816
327,256,256,-1,-1,-1,-1,-1,23.79808,1,23.849184,0.608928,24.458112
328,256,256,-1,-1,-1,-1,-1,23.3592,1,23.407841,0.632576,24.040417
329,256,256,-1,-1,-1,-1,-1,23.079359,1,23.129025,0.60528,23.734304
330,256,256,-1,-1,-1,-1,-1,22.897505,1,22.944769,0.627712,23.572481
331,256,256,-1,-1,-1,-1,-1,22.81328,1,22.86128,0.5904,23.45168
332,256,256,-1,-1,-1,-1,-1,22.940512,1,22.987776,0.6064,23.594176
333,256,256,-1,-1,-1,-1,-1,22.972351,1,23.020191,0.59728,23.617471
334,256,256,-1,-1,-1,-1,-1,22.971457,1,23.020161,0.60032,23.620481
335,256,256,-1,-1,-1,-1,-1,22.984385,1,23.031488,0.611872,23.64336
336,256,256,-1,-1,-1,-1,-1,23.078337,1,23.128,0.609632,23.737632
337,256,256,-1,-1,-1,-1,-1,23.373377,1,23.42128,0.61168,24.03296
338,256,256,-1,-1,-1,-1,-1,23.495808,1,23.546623,0.631872,24.178495
339,256,256,-1,-1,-1,-1,-1,23.406591,1,23.456545,0.626432,24.082977
340,256,256,-1,-1,-1,-1,-1,23.431776,1,23.482689,0.625856,24.108545
341,256,256,-1,-1,-1,-1,-1,23.335039,1,23.385664,0.595584,23.981248
342,256,256,-1,-1,-1,-1,-1,23.137535,1,23.184959,0.615744,23.800703
343,256,256,-1,-1,-1,-1,-1,23.177536,1,23.226912,0.622208,23.84912
344,256,256,-1,-1,-1,-1,-1,23.226048,1,23.279039,0.620416,23.899455
345,256,256,-1,-1,-1,-1,-1,23.298784,1,23.354176,0.62336,23.977536
346,256,256,-1,-1,-1,-1,-1,23.379456,1,23.431328,0.644384,24.075712
347,256,256,-1,-1,-1,-1,-1,23.248863,1,23.299393,0.615648,23.915041
348,256,256,-1,-1,-1,-1,-1,23.175327,1,23.225023,0.624928,23.849951
349,256,256,-1,-1,-1,-1,-1,23.231104,1,23.280895,0.61648,23.897375
350,256,256,-1,-1,-1,-1,-1,23.293217,1,23.343807,0.623712,23.967519
351,256,256,-1,-1,-1,-1,-1,23.45904,1,23.508385,0.62624,24.134625
352,256,256,-1,-1,-1,-1,-1,23.400543,1,23.455296,0.615104,24.0704
353,256,256,-1,-1,-1,-1,-1,23.0152,1,23.064705,0.607616,23.672321
354,256,256,-1,-1,-1,-1,-1,22.989281,1,23.040159,0.621056,23.661215
355,256,256,-1,-1,-1,-1,-1,23.021631,1,23.075199,0.619776,23.694975
356,256,256,-1,-1,-1,-1,-1,23.065409,1,23.11776,0.616736,23.734496
357,256,256,-1,-1,-1,-1,-1,23.432129,1,23.481567,0.626688,24.108255
358,256,256,-1,-1,-1,-1,-1,23.408993,1,23.459999,0.6208,24.080799
359,256,256,-1,-1,-1,-1,-1,23.393536,1,23.442368,0.60624,24.048608
360,256,256,-1,-1,-1,-1,-1,23.485727,1,23.537151,0.629344,24.166495
361,256,256,-1,-1,-1,-1,-1,23.389759,1,23.440704,0.599712,24.040416
362,256,256,-1,-1,-1,-1,-1,23.281471,1,23.330656,0.612256,23.942912
363,256,256,-1,-1,-1,-1,-1,23.254911,1,23.305536,0.619328,23.924864
364,256,256,-1,-1,-1,-1,-1,23.250048,1,23.300257,0.612448,23.912705
365,256,256,-1,-1,-1,-1,-1,23.312351,1,23.361856,0.614688,23.976544
366,256,256,-1,-1,-1,-1,-1,23.36352,1,23.420481,0.639296,24.059777
367,256,256,-1,-1,-1,-1,-1,23.315264,1,23.364767,0.595872,23.960639
368,256,256,-1,-1,-1,-1,-1,23.309441,1,23.359808,0.608768,23.968576
369,256,256,-1,-1,-1,-1,-1,23.313152,1,23.361984,0.61312,23.975104
370,256,256,-1,-1,-1,-1,-1,23.360577,1,23.412352,0.623328,24.03568
371,256,256,-1,-1,-1,-1,-1,23.52688,1,23.582336,0.63392,24.216256
372,256,256,-1,-1,-1,-1,-1,23.552,1,23.607328,0.628064,24.235392
373,256,256,-1,-1,-1,-1,-1,23.469248,1,23.52096,0.615392,24.136352
374,256,256,-1,-1,-1,-1,-1,23.376097,1,23.428255,0.62208,24.050335
375,256,256,-1,-1,-1,-1,-1,23.345345,1,23.395489,0.593792,23.989281
376,256,256,-1,-1,-1,-1,-1,23.343616,1,23.395807,0.638176,24.033983
377,256,256,-1,-1,-1,-1,-1,23.43696,1,23.48704,0.641472,24.128512
378,256,256,-1,-1,-1,-1,-1,23.535521,1,23.589888,0.624128,24.214016
379,256,256,-1,-1,-1,-1,-1,23.510977,1,23.565409,0.619808,24.185217
380,256,256,-1,-1,-1,-1,-1,23.487776,1,23.539616,0.636256,24.175872
381,256,256,-1,-1,-1,-1,-1,23.567616,1,23.624352,0.63904,24.263391
382,256,256,-1,-1,-1,-1,-1,23.535616,1,23.588224,0.634656,24.22288
383,256,256,-1,-1,-1,-1,-1,23.565792,1,23.617697,0.615648,24.233345
384,256,256,-1,-1,-1,-1,-1,23.668928,1,23.721632,0.63648,24.358112
385,256,256,-1,-1,-1,-1,-1,23.7136,1,23.767521,0.64208,24.409601
386,256,256,-1,-1,-1,-1,-1,23.75536,1,23.807072,0.640928,24.448
387,256,256,-1,-1,-1,-1,-1,23.971231,1,24.025696,0.634624,24.66032
388,256,256,-1,-1,-1,-1,-1,24.007551,1,24.0576,0.612928,24.670528
389,256,256,-1,-1,-1,-1,-1,23.8536,1,23.906368,0.62368,24.530048
390,256,256,-1,-1,-1,-1,-1,23.8016,1,23.851936,0.60368,24.455616
391,256,256,-1,-1,-1,-1,-1,23.772415,1,23.822016,0.602112,24.424128
392,256,256,-1,-1,-1,-1,-1,23.806208,1,23.856512,0.615456,24.471968
393,256,256,-1,-1,-1,-1,-1,23.639263,1,23.688896,0.603744,24.29264
394,256,256,-1,-1,-1,-1,-1,23.865088,1,23.914944,0.654208,24.569152
395,256,256,-1,-1,-1,-1,-1,24.027807,1,24.078367,0.6312,24.709567
396,256,256,-1,-1,-1,-1,-1,23.942047,1,23.995968,0.623904,24.619872
397,256,256,-1,-1,-1,-1,-1,23.862047,1,23.91296,0.618336,24.531296
398,256,256,-1,-1,-1,-1,-1,23.865248,1,23.917215,0.625472,24.542687
399,256,256,-1,-1,-1,-1,-1,23.912416,1,23.965248,0.628544,24.593792
400,256,256,-1,-1,-1,-1,-1,23.91984,1,23.972544,0.620032,24.592576
401,256,256,-1,-1,-1,-1,-1,23.854176,1,23.906496,0.61696,24.523456
402,256,256,-1,-1,-1,-1,-1,23.865696,1,23.916128,0.623904,24.540032
403,256,256,-1,-1,-1,-1,-1,23.88464,1,23.934752,0.613792,24.548544
404,256,256,-1,-1,-1,-1,-1,23.776129,1,23.826944,0.611552,24.438496
405,256,256,-1,-1,-1,-1,-1,23.651487,1,23.701441,0.614048,24.315489
406,256,256,-1,-1,-1,-1,-1,23.804512,1,23.853151,0.59712,24.450271
407,256,256,-1,-1,-1,-1,-1,23.830463,1,23.880705,0.594144,24.474849
408,256,256,-1,-1,-1,-1,-1,23.7848,1,23.839935,0.630752,24.470687
409,256,256,-1,-1,-1,-1,-1,23.705824,1,23.762112,0.610496,24.372608
410,256,256,-1,-1,-1,-1,-1,23.785025,1,23.838079,0.613856,24.451935
411,256,256,-1,-1,-1,-1,-1,24.032831,1,24.082975,0.598848,24.681823
412,256,256,-1,-1,-1,-1,-1,24.021919,1,24.071775,0.598816,24.670591
413,256,256,-1,-1,-1,-1,-1,24.028416,1,24.08016,0.598976,24.679136
414,256,256,-1,-1,-1,-1,-1,23.959232,1,24.010784,0.609024,24.619808
415,256,256,-1,-1,-1,-1,-1,23.862207,1,23.909088,0.6152,24.524288
416,256,256,-1,-1,-1,-1,-1,23.968704,1,24.022848,0.624224,24.647072
417,256,256,-1,-1,-1,-1,-1,24.181055,1,24.231615,0.614496,24.846111
418,256,256,-1,-1,-1,-1,-1,24.187391,1,24.237568,0.648576,24.886144
419,256,256,-1,-1,-1,-1,-1,24.057728,1,24.113249,0.612768,24.726017
420,256,256,-1,-1,-1,-1,-1,23.859072,1,23.909439,0.60688,24.516319
421,256,256,-1,-1,-1,-1,-1,23.755457,1,23.807552,0.613216,24.420768
422,256,256,-1,-1,-1,-1,-1,23.752031,1,23.802273,0.609408,24.411681
423,256,256,-1,-1,-1,-1,-1,23.903904,1,23.95536,0.599488,24.554848
424,256,256,-1,-1,-1,-1,-1,24.017759,1,24.06736,0.616832,24.684192
425,256,256,-1,-1,-1,-1,-1,24.219936,1,24.268097,0.604704,24.872801
426,256,256,-1,-1,-1,-1,-1,24.205631,1,24.256191,0.629344,24.885535
427,256,256,-1,-1,-1,-1,-1,24.08016,1,24.135424,0.633536,24.76896
428,256,256,-1,-1,-1,-1,-1,24.069216,1,24.118496,0.620256,24.738752
429,256,256,-1,-1,-1,-1,-1,24.128481,1,24.178593,0.61728,24.795873
430,256,256,-1,-1,-1,-1,-1,24.126623,1,24.180992,0.623296,24.804288
431,256,256,-1,-1,-1,-1,-1,24.14032,1,24.196928,0.618816,24.815744
432,256,256,-1,-1,-1,-1,-1,24.099615,1,24.150881,0.594848,24.745729
433,256,256,-1,-1,-1,-1,-1,24.039776,1,24.089439,0.615104,24.704543
434,256,256,-1,-1,-1,-1,-1,24.141727,1,24.193695,0.619584,24.813279
435,256,256,-1,-1,-1,-1,-1,24.117664,1,24.1672,0.618208,24.785408
436,256,256,-1,-1,-1,-1,-1,23.984833,1,24.035233,0.63504,24.670273
437,256,256,-1,-1,-1,-1,-1,23.93952,1,23.989153,0.610816,24.599969
438,256,256,-1,-1,-1,-1,-1,23.875072,1,23.926497,0.63648,24.562976
439,256,256,-1,-1,-1,-1,-1,23.83968,1,23.888704,0.604608,24.493312
440,256,256,-1,-1,-1,-1,-1,24.075008,1,24.125919,0.618656,24.744575
441,256,2288,-1,-1,-1,-1,-1,-1,0,57.766434,0.679328,58.445762
442,256,256,-1,-1,-1,-1,-1,25.674721,1,25.727648,0.645536,26.373184
443,256,256,-1,-1,-1,-1,-1,24.41968,1,24.471136,0.61872,25.089856
444,256,256,-1,-1,-1,-1,-1,23.874559,1,23.923807,0.614016,24.537823
445,256,256,-1,-1,-1,-1,-1,23.715233,1,23.765472,0.605952,24.371424
446,256,256,-1,-1,-1,-1,-1,23.709568,1,23.758593,0.604928,24.363521
447,256,256,-1,-1,-1,-1,-1,23.844481,1,23.896,0.613568,24.509568
448,256,256,-1,-1,-1,-1,-1,23.820608,1,23.872608,0.612448,24.485056
449,256,256,-1,-1,-1,-1,-1,23.773279,1,23.823105,0.59328,24.416385
450,256,2288,-1,-1,-1,-1,-1,-1,0,57.129215,0.692768,57.821983
451,256,256,-1,-1,-1,-1,-1,26.325216,1,26.381248,0.698912,27.08016
452,256,256,-1,-1,-1,-1,-1,24.958176,1,25.009472,0.638656,25.648128
453,256,256,-1,-1,-1,-1,-1,23.903521,1,23.953728,0.592,24.545728
454,256,256,-1,-1,-1,-1,-1,23.69952,1,23.747168,0.603712,24.35088
455,256,2287,-1,-1,-1,-1,-1,-1,0,53.973888,0.66768,54.641568
456,256,256,-1,-1,-1,-1,-1,26.261984,1,26.319584,0.701632,27.021216
457,256,4318,-1,-1,-1,-1,-1,-1,0,90.103745,0.656384,90.760128
458,256,256,-1,-1,-1,-1,-1,25.371489,1,25.426016,0.678848,26.104864
459,256,256,-1,-1,-1,-1,-1,24.695423,1,24.747583,0.642656,25.390239
460,256,2288,-1,-1,-1,-1,-1,-1,0,56.969055,0.677024,57.646079
461,256,2288,-1,-1,-1,-1,-1,-1,0,59.627682,0.674912,60.302594
462,256,2288,-1,-1,-1,-1,-1,-1,0,58.99165,0.646688,59.638338
463,256,2288,-1,-1,-1,-1,-1,-1,0,58.189758,0.669472,58.85923
464,256,2288,-1,-1,-1,-1,-1,-1,0,58.201279,0.660096,58.861375
465,256,6352,-1,-1,-1,-1,-1,-1,0,125.193123,0.680384,125.873507
466,256,4320,-1,-1,-1,-1,-1,-1,0,89.514305,0.674752,90.189057
467,256,256,-1,-1,-1,-1,-1,24.924513,1,24.976383,0.658592,25.634975
468,256,4320,-1,-1,-1,-1,-1,-1,0,88.271294,0.720224,88.991518
469,256,256,-1,-1,-1,-1,-1,26.094879,1,26.1488,0.670496,26.819296
470,256,256,-1,-1,-1,-1,-1,25.134592,1,25.193344,0.642528,25.835872
471,256,2288,-1,-1,-1,-1,-1,-1,0,54.742111,0.646272,55.388383
472,256,4320,-1,-1,-1,-1,-1,-1,0,87.911552,0.687648,88.5992
473,256,6352,-1,-1,-1,-1,-1,-1,0,124.071297,0.68,124.751297
474,256,256,-1,-1,-1,-1,-1,25.411455,1,25.466463,0.691776,26.158239
475,256,256,-1,-1,-1,-1,-1,24.789951,1,24.843391,0.627456,25.470847
476,256,2288,-1,-1,-1,-1,-1,-1,0,56.078751,0.651872,56.730623
477,256,4320,-1,-1,-1,-1,-1,-1,0,90.030685,0.661344,90.692029
478,256,2288,-1,-1,-1,-1,-1,-1,0,58.698753,0.63904,59.337793
479,256,6350,-1,-1,-1,-1,-1,-1,0,118.065887,0.637312,118.703199
480,256,4320,-1,-1,-1,-1,-1,-1,0,89.318657,0.685248,90.003905
481,256,10399,-1,-1,-1,-1,-1,-1,0,187.874725,0.710976,188.585701
482,256,2288,-1,-1,-1,-1,-1,-1,0,59.746273,0.660768,60.407041
483,256,6352,-1,-1,-1,-1,-1,-1,0,120.019966,0.68464,120.704606
484,256,4320,-1,-1,-1,-1,-1,-1,0,91.2136,0.676704,91.890304
485,256,6352,-1,-1,-1,-1,-1,-1,0,120.51712,0.679904,121.197024
486,256,4320,-1,-1,-1,-1,-1,-1,0,90.689888,0.655488,91.345376
487,256,4319,-1,-1,-1,-1,-1,-1,0,89.534561,0.669152,90.203713
488,256,4320,-1,-1,-1,-1,-1,-1,0,89.648544,0.662752,90.311296
489,256,4304,-1,-1,-1,-1,-1,-1,0,90.241219,0.674592,90.915811
490,256,2288,-1,-1,-1,-1,-1,-1,0,59.271969,0.64576,59.917729
491,256,6335,-1,-1,-1,-1,-1,-1,0,121.817436,0.669376,122.486812
492,256,6352,-1,-1,-1,-1,-1,-1,0,119.787491,0.652512,120.440003
493,256,4320,-1,-1,-1,-1,-1,-1,0,90.185951,0.686176,90.872127
494,256,4320,-1,-1,-1,-1,-1,-1,0,90.014847,0.651584,90.666431
495,256,6352,-1,-1,-1,-1,-1,-1,0,121.295517,0.690592,121.986109
496,256,16384,-1,-1,-1,-1,-1,-1,0,281.545502,0.680928,282.22643
497,256,4431,-1,-1,-1,-1,-1,-1,0,93.874748,0.6648,94.539548
498,256,6351,-1,-1,-1,-1,-1,-1,0,119.753632,0.67664,120.430272
499,256,4320,-1,-1,-1,-1,-1,-1,0,89.779327,0.668128,90.447455
500,256,4320,-1,-1,-1,-1,-1,-1,0,87.749794,0.646112,88.395906
501,256,4320,-1,-1,-1,-1,-1,-1,0,88.509949,0.65328,89.163229
502,256,10416,-1,-1,-1,-1,-1,-1,0,187.726715,0.69328,188.419995
503,256,8384,-1,-1,-1,-1,-1,-1,0,155.097473,0.682208,155.779681
504,256,8384,-1,-1,-1,-1,-1,-1,0,158.243683,0.711328,158.955011
505,256,4304,-1,-1,-1,-1,-1,-1,0,90.37645,0.672256,91.048706
506,256,10416,-1,-1,-1,-1,-1,-1,0,187.301285,0.686272,187.987557
507,256,8383,-1,-1,-1,-1,-1,-1,0,156.502045,0.700928,157.202973
508,256,4319,-1,-1,-1,-1,-1,-1,0,89.008385,0.655648,89.664033
509,256,10416,-1,-1,-1,-1,-1,-1,0,184.670944,0.705376,185.37632
510,256,12448,-1,-1,-1,-1,-1,-1,0,219.841415,0.705344,220.546759
511,256,6352,-1,-1,-1,-1,-1,-1,0,122.562492,0.6816,123.244092
512,254,16384,-1,-1,-1,-1,-1,-1,0,280.389557,0.682816,281.072373
513,256,14603,-1,-1,-1,-1,-1,-1,0,252.781342,0.668768,253.45011
514,256,4319,-1,-1,-1,-1,-1,-1,0,89.103905,0.650464,89.754369
515,256,10415,-1,-1,-1,-1,-1,-1,0,188.750015,0.71824,189.468255
516,256,8384,-1,-1,-1,-1,-1,-1,0,159.073318,0.707776,159.781094
517,256,4318,-1,-1,-1,-1,-1,-1,0,90.672737,0.654336,91.327073
518,256,10397,-1,-1,-1,-1,-1,-1,0,185.264099,0.679008,185.943107
519,256,6352,-1,-1,-1,-1,-1,-1,0,121.748611,0.681184,122.429795
520,256,10416,-1,-1,-1,-1,-1,-1,0,185.312775,0.67952,185.992295
521,256,4320,-1,-1,-1,-1,-1,-1,0,89.414879,0.6464,90.061279
522,256,4320,-1,-1,-1,-1,-1,-1,0,88.635231,0.655424,89.290655
523,256,8368,-1,-1,-1,-1,-1,-1,0,157.767548,0.682112,158.44966
524,256,8384,-1,-1,-1,-1,-1,-1,0,154.092957,0.654048,154.747005
525,256,6351,-1,-1,-1,-1,-1,-1,0,120.613091,0.654752,121.267843
526,256,8383,-1,-1,-1,-1,-1,-1,0,157.448257,0.66464,158.112897
527,256,2288,-1,-1,-1,-1,-1,-1,0,57.878975,0.634752,58.513727
528,256,4320,-1,-1,-1,-1,-1,-1,0,86.495453,0.639296,87.134749
529,256,12448,-1,-1,-1,-1,-1,-1,0,217.065567,0.678016,217.743583
530,256,4319,-1,-1,-1,-1,-1,-1,0,90.708221,0.680768,91.388989
531,256,8367,-1,-1,-1,-1,-1,-1,0,155.406784,0.715424,156.122208
532,256,4320,-1,-1,-1,-1,-1,-1,0,91.854591,0.683104,92.537695
533,256,2288,-1,-1,-1,-1,-1,-1,0,57.509407,0.632704,58.142111
534,256,2288,-1,-1,-1,-1,-1,-1,0,56.333248,0.635424,56.968672
535,256,2288,-1,-1,-1,-1,-1,-1,0,57.092735,0.647776,57.740511
536,256,6351,-1,-1,-1,-1,-1,-1,0,123.428543,0.673536,124.102079
537,256,256,-1,-1,-1,-1,-1,24.832705,1,24.886784,0.651328,25.538112
538,256,4319,-1,-1,-1,-1,-1,-1,0,85.968163,0.649344,86.617507
539,256,4320,-1,-1,-1,-1,-1,-1,0,87.642174,0.65248,88.294654
540,256,4319,-1,-1,-1,-1,-1,-1,0,88.488609,0.650464,89.139073
541,256,2288,-1,-1,-1,-1,-1,-1,0,58.411743,0.65296,59.064703
542,256,4319,-1,-1,-1,-1,-1,-1,0,90.602272,0.684512,91.286784
543,256,4320,-1,-1,-1,-1,-1,-1,0,89.680161,0.65296,90.333121
544,256,6352,-1,-1,-1,-1,-1,-1,0,121.890877,0.671104,122.561981
545,256,256,-1,-1,-1,-1,-1,25.405024,1,25.457279,0.676448,26.133727
546,256,2288,-1,-1,-1,-1,-1,-1,0,56.552063,0.633824,57.185887
547,256,4320,-1,-1,-1,-1,-1,-1,0,87.945724,0.653408,88.599132
548,256,4319,-1,-1,-1,-1,-1,-1,0,88.925697,0.653536,89.579233
549,256,2288,-1,-1,-1,-1,-1,-1,0,58.155712,0.64592,58.801632
550,256,4320,-1,-1,-1,-1,-1,-1,0,87.115105,0.6576,87.772705
551,256,6352,-1,-1,-1,-1,-1,-1,0,120.481346,0.651328,121.132674
552,256,256,-1,-1,-1,-1,-1,25.265568,1,25.315359,0.677984,25.993343
553,256,2288,-1,-1,-1,-1,-1,-1,0,56.597439,0.637376,57.234815
554,256,2288,-1,-1,-1,-1,-1,-1,0,57.436161,0.657696,58.093857
555,256,256,-1,-1,-1,-1,-1,24.481728,1,24.531904,0.64304,25.174944
556,256,2288,-1,-1,-1,-1,-1,-1,0,55.314816,0.65024,55.965056
557,256,6352,-1,-1,-1,-1,-1,-1,0,121.25296,0.67072,121.92368
558,256,4320,-1,-1,-1,-1,-1,-1,0,90.107231,0.662624,90.769855
559,256,2288,-1,-1,-1,-1,-1,-1,0,57.919361,0.633824,58.553185
560,256,2288,-1,-1,-1,-1,-1,-1,0,56.964191,0.6496,57.613791
561,256,4319,-1,-1,-1,-1,-1,-1,0,88.331841,0.6592,88.991041
562,256,256,-1,-1,-1,-1,-1,24.447424,1,24.499552,0.655296,25.154848
563,256,2288,-1,-1,-1,-1,-1,-1,0,55.530594,0.634784,56.165378
564,256,2288,-1,-1,-1,-1,-1,-1,0,57.152542,0.659936,57.812478
565,256,256,-1,-1,-1,-1,-1,24.505953,1,24.557632,0.667008,25.22464
566,256,256,-1,-1,-1,-1,-1,23.825184,1,23.874271,0.627424,24.501695
567,256,256,-1,-1,-1,-1,-1,23.304865,1,23.353888,0.60064,23.954528
568,256,2288,-1,-1,-1,-1,-1,-1,0,55.102848,0.648768,55.751616
569,256,2288,-1,-1,-1,-1,-1,-1,0,57.987648,0.649024,58.636672
570,256,256,-1,-1,-1,-1,-1,24.163809,1,24.214336,0.651968,24.866304
571,256,256,-1,-1,-1,-1,-1,23.773056,1,23.821888,0.602912,24.4248
572,256,2288,-1,-1,-1,-1,-1,-1,0,55.451328,0.650496,56.101824
573,256,2288,-1,-1,-1,-1,-1,-1,0,57.373409,0.63952,58.012929
574,256,256,-1,-1,-1,-1,-1,24.033983,1,24.085728,0.64304,24.728768
575,256,2287,-1,-1,-1,-1,-1,-1,0,55.471424,0.626464,56.097888
576,256,256,-1,-1,-1,-1,-1,24.389824,1,24.437441,0.66416,25.101601
577,256,256,-1,-1,-1,-1,-1,23.86768,1,23.918943,0.61008,24.529023
578,256,256,-1,-1,-1,-1,-1,23.37344,1,23.422367,0.597664,24.020031
579,256,256,-1,-1,-1,-1,-1,23.165632,1,23.213696,0.591168,23.804864
580,256,2288,-1,-1,-1,-1,-1,-1,0,53.714497,0.665504,54.380001
581,256,256,-1,-1,-1,-1,-1,24.762943,1,24.813248,0.663136,25.476384
582,256,256,-1,-1,-1,-1,-1,24.46064,1,24.512159,0.606752,25.118911
583,256,256,-1,-1,-1,-1,-1,23.312737,1,23.359615,0.589408,23.949023
584,256,256,-1,-1,-1,-1,-1,22.896095,1,22.943487,0.60192,23.545407
585,256,256,-1,-1,-1,-1,-1,22.732096,1,22.7808,0.595456,23.376256
586,256,256,-1,-1,-1,-1,-1,22.736671,1,22.783327,0.613088,23.396415
587,256,256,-1,-1,-1,-1,-1,23.080065,1,23.129375,0.60944,23.738815
588,256,256,-1,-1,-1,-1,-1,23.091776,1,23.141855,0.612608,23.754463
589,256,256,-1,-1,-1,-1,-1,23.180449,1,23.229631,0.61696,23.846591
590,256,256,-1,-1,-1,-1,-1,23.204639,1,23.254816,0.61632,23.871136
591,256,256,-1,-1,-1,-1,-1,23.048927,1,23.098751,0.596864,23.695615
592,256,256,-1,-1,-1,-1,-1,22.943008,1,22.994017,0.610592,23.604609
593,256,256,-1,-1,-1,-1,-1,23.043327,1,23.094784,0.616352,23.711136
594,256,256,-1,-1,-1,-1,-1,23.097281,1,23.146433,0.605696,23.752129
595,256,256,-1,-1,-1,-1,-1,23.398272,1,23.448481,0.624928,24.073409
596,256,256,-1,-1,-1,-1,-1,23.468096,1,23.519169,0.619872,24.139041
597,256,256,-1,-1,-1,-1,-1,23.283648,1,23.333599,0.611808,23.945407
598,256,256,-1,-1,-1,-1,-1,23.134016,1,23.18272,0.61648,23.7992
599,256,256,-1,-1,-1,-1,-1,23.151552,1,23.200672,0.612032,23.812704
600,256,256,-1,-1,-1,-1,-1,23.389729,1,23.43952,0.603872,24.043392
601,256,256,-1,-1,-1,-1,-1,23.593504,1,23.642431,0.613856,24.256287
602,256,256,-1,-1,-1,-1,-1,23.698624,1,23.750208,0.635968,24.386176
603,256,256,-1,-1,-1,-1,-1,23.580671,1,23.631744,0.612832,24.244576
604,256,256,-1,-1,-1,-1,-1,23.334145,1,23.38512,0.605696,23.990816
605,256,256,-1,-1,-1,-1,-1,23.360832,1,23.409439,0.610112,24.019551
606,256,256,-1,-1,-1,-1,-1,23.308512,1,23.359327,0.600704,23.960031
607,256,256,-1,-1,-1,-1,-1,23.260448,1,23.312351,0.597088,23.909439
608,256,256,-1,-1,-1,-1,-1,23.293377,1,23.343552,0.607648,23.9512
609,256,256,-1,-1,-1,-1,-1,23.323296,1,23.376736,0.603776,23.980512
610,256,256,-1,-1,-1,-1,-1,23.355808,1,23.40704,0.61264,24.01968
611,256,256,-1,-1,-1,-1,-1,23.421503,1,23.47488,0.614528,24.089408
612,256,256,-1,-1,-1,-1,-1,23.600544,1,23.652672,0.629568,24.28224
613,256,2288,-1,-1,-1,-1,-1,-1,0,56.417278,0.682176,57.099454
614,256,256,-1,-1,-1,-1,-1,25.466784,1,25.519712,0.663232,26.182944
615,256,256,-1,-1,-1,-1,-1,24.055424,1,24.106239,0.627392,24.733631
616,256,256,-1,-1,-1,-1,-1,23.74176,1,23.791456,0.635808,24.427264
617,256,256,-1,-1,-1,-1,-1,23.643423,1,23.695393,0.618464,24.313857
618,256,256,-1,-1,-1,-1,-1,23.724257,1,23.774113,0.632832,24.406945
619,256,256,-1,-1,-1,-1,-1,23.657633,1,23.70816,0.607296,24.315456
620,256,256,-1,-1,-1,-1,-1,23.670496,1,23.720545,0.628896,24.349441
621,256,256,-1,-1,-1,-1,-1,23.700607,1,23.751392,0.60224,24.353632
622,256,256,-1,-1,-1,-1,-1,23.639904,1,23.690975,0.615296,24.306271
623,256,256,-1,-1,-1,-1,-1,23.30752,1,23.356544,0.608576,23.96512
624,256,256,-1,-1,-1,-1,-1,23.320831,1,23.370943,0.608608,23.979551
625,256,256,-1,-1,-1,-1,-1,23.590143,1,23.642368,0.618848,24.261216
626,256,256,-1,-1,-1,-1,-1,23.565599,1,23.614689,0.618784,24.233473
627,256,256,-1,-1,-1,-1,-1,23.436352,1,23.48576,0.595136,24.080896
628,256,256,-1,-1,-1,-1,-1,23.31872,1,23.367552,0.612992,23.980544
629,256,256,-1,-1,-1,-1,-1,23.386335,1,23.43792,0.611008,24.048928
630,256,256,-1,-1,-1,-1,-1,23.446112,1,23.496449,0.612672,24.10912
631,256,256,-1,-1,-1,-1,-1,23.507135,1,23.558176,0.6072,24.165376
632,256,256,-1,-1,-1,-1,-1,23.531296,1,23.582048,0.611232,24.19328
633,256,256,-1,-1,-1,-1,-1,23.485952,1,23.534784,0.611296,24.14608
634,256,256,-1,-1,-1,-1,-1,23.377728,1,23.425535,0.603104,24.028639
635,256,256,-1,-1,-1,-1,-1,23.417761,1,23.466881,0.60576,24.072641
636,256,256,-1,-1,-1,-1,-1,23.476929,1,23.52672,0.602496,24.129216
637,256,256,-1,-1,-1,-1,-1,23.772097,1,23.8232,0.615296,24.438496
638,256,256,-1,-1,-1,-1,-1,23.905664,1,23.957567,0.615296,24.572863
639,256,256,-1,-1,-1,-1,-1,23.903744,1,23.955008,0.615424,24.570432
640,256,256,-1,-1,-1,-1,-1,23.801184,1,23.853632,0.603424,24.457056
641,256,256,-1,-1,-1,-1,-1,23.673088,1,23.724001,0.59536,24.319361
642,256,256,-1,-1,-1,-1,-1,23.779104,1,23.827007,0.613792,24.440799
643,256,256,-1,-1,-1,-1,-1,23.843584,1,23.892992,0.617632,24.510624
644,256,256,-1,-1,-1,-1,-1,23.796288,1,23.845856,0.602528,24.448384
645,256,256,-1,-1,-1,-1,-1,23.6896,1,23.738049,0.612576,24.350625
646,256,256,-1,-1,-1,-1,-1,23.663839,1,23.712736,0.609824,24.32256
647,256,256,-1,-1,-1,-1,-1,23.704096,1,23.753311,0.607328,24.360639
648,256,256,-1,-1,-1,-1,-1,23.655552,1,23.706976,0.607136,24.314112
649,256,256,-1,-1,-1,-1,-1,23.625504,1,23.676449,0.6048,24.281249
650,256,256,-1,-1,-1,-1,-1,23.565569,1,23.613792,0.600608,24.2144
651,256,256,-1,-1,-1,-1,-1,23.713057,1,23.763168,0.624416,24.387584
652,256,256,-1,-1,-1,-1,-1,24.363169,1,24.413408,0.624384,25.037792
653,256,256,-1,-1,-1,-1,-1,24.402176,1,24.45488,0.639104,25.093984
654,256,256,-1,-1,-1,-1,-1,24.369057,1,24.421761,0.637664,25.059425
655,256,256,-1,-1,-1,-1,-1,24.362368,1,24.41184,0.61648,25.02832
656,256,256,-1,-1,-1,-1,-1,24.305729,1,24.357121,0.630368,24.987489
657,256,256,-1,-1,-1,-1,-1,24.232737,1,24.283136,0.613056,24.896192
658,256,256,-1,-1,-1,-1,-1,24.094591,1,24.145697,0.615168,24.760865
659,256,256,-1,-1,-1,-1,-1,24.073376,1,24.124832,0.619232,24.744064
660,256,256,-1,-1,-1,-1,-1,23.982208,1,24.031649,0.620256,24.651905
661,256,256,-1,-1,-1,-1,-1,23.941471,1,23.991968,0.6144,24.606368
662,256,256,-1,-1,-1,-1,-1,23.870144,1,23.921761,0.614016,24.535777
663,256,256,-1,-1,-1,-1,-1,23.921247,1,23.9704,0.616992,24.587392
664,256,256,-1,-1,-1,-1,-1,24.005217,1,24.054527,0.609632,24.664159
665,256,256,-1,-1,-1,-1,-1,24.028736,1,24.079201,0.616928,24.696129
666,256,256,-1,-1,-1,-1,-1,24.034592,1,24.084801,0.622848,24.707649
667,256,256,-1,-1,-1,-1,-1,23.99712,1,24.04752,0.599616,24.647136
668,256,256,-1,-1,-1,-1,-1,23.937408,1,23.986528,0.613824,24.600352
669,256,256,-1,-1,-1,-1,-1,23.846657,1,23.89856,0.616,24.51456
670,256,256,-1,-1,-1,-1,-1,23.953983,1,24.00528,0.608832,24.614112
671,256,256,-1,-1,-1,-1,-1,23.891232,1,23.939873,0.605056,24.544929
672,256,256,-1,-1,-1,-1,-1,23.756992,1,23.809504,0.605088,24.414592
673,256,256,-1,-1,-1,-1,-1,23.950497,1,24.001728,0.619584,24.621312
674,256,256,-1,-1,-1,-1,-1,24.049889,1,24.100864,0.620096,24.72096
675,256,256,-1,-1,-1,-1,-1,24.211905,1,24.263519,0.629952,24.893471
676,256,256,-1,-1,-1,-1,-1,24.157503,1,24.208864,0.625824,24.834688
677,256,256,-1,-1,-1,-1,-1,23.966976,1,24.014977,0.598848,24.613824
678,256,256,-1,-1,-1,-1,-1,23.935713,1,23.98736,0.619744,24.607104
679,256,256,-1,-1,-1,-1,-1,23.837152,1,23.887072,0.59696,24.484032
680,256,256,-1,-1,-1,-1,-1,23.798016,1,23.847296,0.615776,24.463072
681,256,256,-1,-1,-1,-1,-1,24.039425,1,24.093216,0.615872,24.709088
682,256,256,-1,-1,-1,-1,-1,24.014816,1,24.063904,0.618848,24.682752
683,256,256,-1,-1,-1,-1,-1,24.075071,1,24.124256,0.598176,24.722432
684,256,256,-1,-1,-1,-1,-1,23.896223,1,23.946527,0.613696,24.560223
685,256,256,-1,-1,-1,-1,-1,23.83152,1,23.883072,0.599264,24.482336
686,256,256,-1,-1,-1,-1,-1,23.892256,1,23.943071,0.609568,24.552639
687,256,256,-1,-1,-1,-1,-1,23.884832,1,23.936319,0.612896,24.549215
688,256,2287,-1,-1,-1,-1,-1,-1,0,56.909985,0.66416,57.574145
689,256,256,-1,-1,-1,-1,-1,25.859167,1,25.915327,0.660608,26.575935
690,256,256,-1,-1,-1,-1,-1,25.515104,1,25.568993,0.647712,26.216705
691,256,256,-1,-1,-1,-1,-1,24.460447,1,24.512447,0.599584,25.112031
692,256,2288,-1,-1,-1,-1,-1,-1,0,55.001503,0.64624,55.647743
693,256,2288,-1,-1,-1,-1,-1,-1,0,59.471134,0.65744,60.128574
694,256,2288,-1,-1,-1,-1,-1,-1,0,59.195713,0.667904,59.863617
695,256,256,-1,-1,-1,-1,-1,25.173599,1,25.225376,0.660288,25.885664
696,256,256,-1,-1,-1,-1,-1,24.659073,1,24.708799,0.6136,25.322399
697,256,256,-1,-1,-1,-1,-1,24.035904,1,24.085024,0.59408,24.679104
698,256,6352,-1,-1,-1,-1,-1,-1,0,119.083069,0.664928,119.747997
699,256,2288,-1,-1,-1,-1,-1,-1,0,59.288834,0.6664,59.955234
700,256,2288,-1,-1,-1,-1,-1,-1,0,57.63216,0.649664,58.281824
701,256,256,-1,-1,-1,-1,-1,25.01248,1,25.065472,0.665632,25.731104
702,256,2288,-1,-1,-1,-1,-1,-1,0,56.331776,0.646144,56.97792
703,256,256,-1,-1,-1,-1,-1,25.311329,1,25.361856,0.655488,26.017344
704,256,4319,-1,-1,-1,-1,-1,-1,0,86.590691,0.6728,87.263491
705,256,6352,-1,-1,-1,-1,-1,-1,0,121.720062,0.67648,122.396542
706,256,256,-1,-1,-1,-1,-1,25.878719,1,25.931328,0.685056,26.616384
707,256,2288,-1,-1,-1,-1,-1,-1,0,57.572865,0.657952,58.230817
708,256,2288,-1,-1,-1,-1,-1,-1,0,59.355137,0.684896,60.040033
709,256,256,-1,-1,-1,-1,-1,25.166689,1,25.216896,0.631104,25.848
710,256,2288,-1,-1,-1,-1,-1,-1,0,56.497311,0.6368,57.134111
711,256,2288,-1,-1,-1,-1,-1,-1,0,58.839008,0.653408,59.492416
712,256,4320,-1,-1,-1,-1,-1,-1,0,90.472702,0.650688,91.12339
713,256,4319,-1,-1,-1,-1,-1,-1,0,88.110847,0.654976,88.765823
714,256,2288,-1,-1,-1,-1,-1,-1,0,59.073792,0.656224,59.730016
715,256,2288,-1,-1,-1,-1,-1,-1,0,58.96925,0.657152,59.626402
716,256,2288,-1,-1,-1,-1,-1,-1,0,58.688961,0.642432,59.331393
717,256,2288,-1,-1,-1,-1,-1,-1,0,58.504993,0.646656,59.151649
718,256,2288,-1,-1,-1,-1,-1,-1,0,57.77523,0.638368,58.413598
719,256,4319,-1,-1,-1,-1,-1,-1,0,87.80867,0.653184,88.461854
720,256,256,-1,-1,-1,-1,-1,25.03952,1,25.090143,0.6448,25.734943
721,256,2288,-1,-1,-1,-1,-1,-1,0,56.917088,0.644256,57.561344
722,256,6352,-1,-1,-1,-1,-1,-1,0,124.602844,0.671168,125.274012
723,256,2287,-1,-1,-1,-1,-1,-1,0,59.693214,0.6512,60.344414
724,256,6352,-1,-1,-1,-1,-1,-1,0,120.56797,0.671712,121.239682
725,256,4320,-1,-1,-1,-1,-1,-1,0,90.215363,0.656128,90.871491
726,256,2288,-1,-1,-1,-1,-1,-1,0,59.001152,0.657696,59.658848
727,256,8384,-1,-1,-1,-1,-1,-1,0,157.669189,0.66864,158.337829
728,256,256,-1,-1,-1,-1,-1,25.701153,1,25.755487,0.669984,26.425471
729,256,8384,-1,-1,-1,-1,-1,-1,0,153.958054,0.657024,154.615078
730,256,2288,-1,-1,-1,-1,-1,-1,0,58.956257,0.657376,59.613633
731,256,6352,-1,-1,-1,-1,-1,-1,0,119.593567,0.664608,120.258175
732,256,6352,-1,-1,-1,-1,-1,-1,0,121.648064,0.658816,122.30688
733,256,2288,-1,-1,-1,-1,-1,-1,0,59.135647,0.64736,59.783007
734,256,4304,-1,-1,-1,-1,-1,-1,0,88.101952,0.658496,88.760448
735,256,2287,-1,-1,-1,-1,-1,-1,0,59.363583,0.653856,60.017439
736,256,2288,-1,-1,-1,-1,-1,-1,0,59.058784,0.655456,59.71424
737,256,4319,-1,-1,-1,-1,-1,-1,0,88.862083,0.656864,89.518947
738,256,8384,-1,-1,-1,-1,-1,-1,0,157.532516,0.719552,158.252068
739,256,4319,-1,-1,-1,-1,-1,-1,0,91.196541,0.650464,91.847005
740,256,6352,-1,-1,-1,-1,-1,-1,0,121.613663,0.664736,122.278399
741,256,4320,-1,-1,-1,-1,-1,-1,0,89.677567,0.655424,90.332991
742,256,4320,-1,-1,-1,-1,-1,-1,0,88.695389,0.65216,89.347549
743,256,6352,-1,-1,-1,-1,-1,-1,0,121.913918,0.65968,122.573598
744,256,8383,-1,-1,-1,-1,-1,-1,0,158.487488,0.690432,159.17792
745,256,6351,-1,-1,-1,-1,-1,-1,0,121.349022,0.653632,122.002654
746,256,4320,-1,-1,-1,-1,-1,-1,0,89.146339,0.653472,89.799811
747,256,4320,-1,-1,-1,-1,-1,-1,0,90.072701,0.66224,90.734941
748,256,12432,-1,-1,-1,-1,-1,-1,0,219.756287,0.673184,220.429471
749,256,8384,-1,-1,-1,-1,-1,-1,0,155.073914,0.673728,155.747642
750,256,14480,-1,-1,-1,-1,-1,-1,0,249.767303,0.67344,250.440743
751,256,12446,-1,-1,-1,-1,-1,-1,0,218.130844,0.666016,218.79686
752,256,8384,-1,-1,-1,-1,-1,-1,0,158.350082,0.669856,159.019938
753,256,4320,-1,-1,-1,-1,-1,-1,0,89.796638,0.65552,90.452159
754,256,2255,-1,-1,-1,-1,-1,-1,0,59.211617,0.650304,59.861921
755,256,8383,-1,-1,-1,-1,-1,-1,0,157.066528,0.67168,157.738208
756,256,6352,-1,-1,-1,-1,-1,-1,0,123.156479,0.661024,123.817503
757,256,2287,-1,-1,-1,-1,-1,-1,0,58.778591,0.648,59.426591
758,256,6352,-1,-1,-1,-1,-1,-1,0,119.53421,0.653056,120.187266
759,256,4320,-1,-1,-1,-1,-1,-1,0,89.500481,0.671808,90.172289
760,256,8384,-1,-1,-1,-1,-1,-1,0,157.254913,0.686368,157.941281
761,256,4272,-1,-1,-1,-1,-1,-1,0,91.682114,0.659936,92.34205
762,256,16384,-1,-1,-1,-1,-1,-1,0,277.893738,0.688096,278.581834
763,256,2414,-1,-1,-1,-1,-1,-1,0,63.711842,0.648608,64.36045
764,256,2288,-1,-1,-1,-1,-1,-1,0,57.776096,0.6352,58.411296
765,256,4319,-1,-1,-1,-1,-1,-1,0,87.222366,0.655936,87.878302
766,256,12445,-1,-1,-1,-1,-1,-1,0,215.511398,0.672352,216.18375
767,256,6352,-1,-1,-1,-1,-1,-1,0,121.583267,0.671488,122.254755
768,256,8384,-1,-1,-1,-1,-1,-1,0,155.373856,0.706784,156.08064
769,256,2288,-1,-1,-1,-1,-1,-1,0,60.565567,0.634368,61.199935
770,256,2288,-1,-1,-1,-1,-1,-1,0,56.976032,0.638112,57.614144
771,256,10415,-1,-1,-1,-1,-1,-1,0,185.895111,0.669344,186.564455
772,256,2288,-1,-1,-1,-1,-1,-1,0,59.099777,0.643328,59.743105
773,256,6352,-1,-1,-1,-1,-1,-1,0,122.363266,0.662496,123.025762
774,256,12447,-1,-1,-1,-1,-1,-1,0,217.873657,0.673984,218.547641
775,256,8384,-1,-1,-1,-1,-1,-1,0,155.024185,0.664736,155.688921
776,256,10416,-1,-1,-1,-1,-1,-1,0,187.398849,0.686272,188.085122
777,256,6352,-1,-1,-1,-1,-1,-1,0,121.169792,0.66016,121.829952
778,256,10416,-1,-1,-1,-1,-1,-1,0,190.039352,0.675392,190.714744
779,256,4320,-1,-1,-1,-1,-1,-1,0,90.475006,0.65056,91.125566
780,256,256,-1,-1,-1,-1,-1,24.419008,1,24.470655,0.6704,25.141055
781,256,4320,-1,-1,-1,-1,-1,-1,0,86.183968,0.6512,86.835168
782,256,2288,-1,-1,-1,-1,-1,-1,0,57.665054,0.651104,58.316158
783,256,4319,-1,-1,-1,-1,-1,-1,0,87.929794,0.666304,88.596098
784,256,4320,-1,-1,-1,-1,-1,-1,0,89.325119,0.654848,89.979967
785,256,2288,-1,-1,-1,-1,-1,-1,0,57.220833,0.648096,57.868929
786,256,4320,-1,-1,-1,-1,-1,-1,0,89.837982,0.659488,90.49747
787,256,2288,-1,-1,-1,-1,-1,-1,0,58.419647,0.647264,59.066911
788,256,4320,-1,-1,-1,-1,-1,-1,0,87.89341,0.664864,88.558274
789,256,256,-1,-1,-1,-1,-1,24.849855,1,24.902592,0.640384,25.542976
790,256,4320,-1,-1,-1,-1,-1,-1,0,87.621567,0.667456,88.289023
791,256,10414,-1,-1,-1,-1,-1,-1,0,186.262207,0.677056,186.939263
792,256,6351,-1,-1,-1,-1,-1,-1,0,121.024925,0.66896,121.693885
793,256,2288,-1,-1,-1,-1,-1,-1,0,59.249249,0.65344,59.902689
794,256,6352,-1,-1,-1,-1,-1,-1,0,119.954529,0.662016,120.616545
795,256,2288,-1,-1,-1,-1,-1,-1,0,58.330688,0.637056,58.967744
796,256,4320,-1,-1,-1,-1,-1,-1,0,88.032387,0.663232,88.695619
797,256,256,-1,-1,-1,-1,-1,24.718241,1,24.769505,0.648864,25.418369
798,256,2287,-1,-1,-1,-1,-1,-1,0,56.712002,0.638368,57.35037
799,256,256,-1,-1,-1,-1,-1,24.223104,1,24.271488,0.642656,24.914144
800,256,4320,-1,-1,-1,-1,-1,-1,0,88.091713,0.669984,88.761697
801,256,6336,-1,-1,-1,-1,-1,-1,0,118.430367,0.676704,119.107071
802,256,2288,-1,-1,-1,-1,-1,-1,0,58.467873,0.640256,59.108129
803,256,2287,-1,-1,-1,-1,-1,-1,0,57.142529,0.655808,57.798337
804,256,4320,-1,-1,-1,-1,-1,-1,0,88.858147,0.664608,89.522755
805,256,4320,-1,-1,-1,-1,-1,-1,0,89.081055,0.659808,89.740863
806,256,256,-1,-1,-1,-1,-1,24.943008,1,24.994976,0.681568,25.676544
807,256,2288,-1,-1,-1,-1,-1,-1,0,55.708,0.64288,56.35088
808,256,256,-1,-1,-1,-1,-1,24.06048,1,24.110815,0.651552,24.762367
809,256,2288,-1,-1,-1,-1,-1,-1,0,56.405247,0.648864,57.054111
810,256,256,-1,-1,-1,-1,-1,24.379168,1,24.42992,0.66448,25.0944
811,256,2288,-1,-1,-1,-1,-1,-1,0,55.987041,0.64208,56.629121
812,256,2288,-1,-1,-1,-1,-1,-1,0,57.671646,0.651776,58.323422
813,256,256,-1,-1,-1,-1,-1,24.139969,1,24.191233,0.652896,24.844129
814,256,256,-1,-1,-1,-1,-1,23.848673,1,23.89888,0.638496,24.537376
815,256,256,-1,-1,-1,-1,-1,23.377312,1,23.424992,0.613856,24.038848
816,256,256,-1,-1,-1,-1,-1,23.062656,1,23.11072,0.600928,23.711648
817,256,2287,-1,-1,-1,-1,-1,-1,0,54.294624,0.661664,54.956288
818,256,256,-1,-1,-1,-1,-1,24.952255,1,25.00544,0.653152,25.658592
819,256,256,-1,-1,-1,-1,-1,23.969215,1,24.020191,0.62,24.640191
820,256,2288,-1,-1,-1,-1,-1,-1,0,55.548801,0.65824,56.207041
821,256,256,-1,-1,-1,-1,-1,24.725281,1,24.776672,0.65312,25.429792
822,256,256,-1,-1,-1,-1,-1,24.19104,1,24.239679,0.651104,24.890783
823,256,256,-1,-1,-1,-1,-1,23.870272,1,23.920511,0.611104,24.531615
824,256,256,-1,-1,-1,-1,-1,23.29488,1,23.344641,0.618848,23.963489
825,256,2288,-1,-1,-1,-1,-1,-1,0,53.436832,0.647072,54.083904
826,256,4320,-1,-1,-1,-1,-1,-1,0,89.186752,0.679392,89.866144
827,256,256,-1,-1,-1,-1,-1,24.79808,1,24.849695,0.647808,25.497503
828,256,256,-1,-1,-1,-1,-1,23.887072,1,23.937599,0.635232,24.572831
829,256,256,-1,-1,-1,-1,-1,23.397728,1,23.444416,0.605376,24.049792
830,256,256,-1,-1,-1,-1,-1,23.153856,1,23.202305,0.60656,23.808865
831,256,256,-1,-1,-1,-1,-1,23.082527,1,23.129248,0.610528,23.739776
832,256,256,-1,-1,-1,-1,-1,23.153343,1,23.202208,0.613152,23.81536
833,256,256,-1,-1,-1,-1,-1,23.337536,1,23.386335,0.599712,23.986047
834,256,256,-1,-1,-1,-1,-1,23.366913,1,23.414976,0.612864,24.02784
835,256,256,-1,-1,-1,-1,-1,23.318111,1,23.363585,0.598112,23.961697
836,256,2288,-1,-1,-1,-1,-1,-1,0,55.7808,0.684288,56.465088
837,256,256,-1,-1,-1,-1,-1,25.019392,1,25.072895,0.666336,25.739231
838,256,256,-1,-1,-1,-1,-1,24.28656,1,24.339169,0.640352,24.979521
839,256,4320,-1,-1,-1,-1,-1,-1,0,84.595741,0.650976,85.246717
840,256,256,-1,-1,-1,-1,-1,25.006399,1,25.057665,0.678496,25.736161
841,256,256,-1,-1,-1,-1,-1,24.383968,1,24.434719,0.64032,25.075039
842,256,2288,-1,-1,-1,-1,-1,-1,0,56.198238,0.67584,56.874078
843,256,256,-1,-1,-1,-1,-1,24.736065,1,24.786304,0.65616,25.442464
844,256,256,-1,-1,-1,-1,-1,23.795361,1,23.846399,0.626848,24.473247
845,256,2288,-1,-1,-1,-1,-1,-1,0,52.136738,0.648512,52.78525
846,256,256,-1,-1,-1,-1,-1,24.869247,1,24.919935,0.66368,25.583615
847,256,256,-1,-1,-1,-1,-1,24.296928,1,24.349312,0.65808,25.007392
848,256,256,-1,-1,-1,-1,-1,23.747265,1,23.797983,0.608704,24.406687
849,256,256,-1,-1,-1,-1,-1,23.467873,1,23.51552,0.609184,24.124704
850,256,256,-1,-1,-1,-1,-1,23.3272,1,23.375008,0.597024,23.972032
851,256,256,-1,-1,-1,-1,-1,23.132065,1,23.179008,0.608512,23.78752
852,256,256,-1,-1,-1,-1,-1,23.055136,1,23.101376,0.606016,23.707392
853,256,256,-1,-1,-1,-1,-1,23.055616,1,23.101408,0.607072,23.70848
854,256,256,-1,-1,-1,-1,-1,23.085217,1,23.132193,0.60064,23.732833
855,256,256,-1,-1,-1,-1,-1,23.164864,1,23.214111,0.613472,23.827583
856,256,256,-1,-1,-1,-1,-1,23.282593,1,23.330112,0.613792,23.943904
857,256,256,-1,-1,-1,-1,-1,23.448896,1,23.499935,0.612832,24.112767
858,256,256,-1,-1,-1,-1,-1,23.522816,1,23.573664,0.632192,24.205856
859,256,256,-1,-1,-1,-1,-1,23.700607,1,23.749121,0.608544,24.357665
860,256,256,-1,-1,-1,-1,-1,23.694719,1,23.74688,0.623072,24.369952
861,256,256,-1,-1,-1,-1,-1,23.648384,1,23.697216,0.604736,24.301952
862,256,256,-1,-1,-1,-1,-1,23.659807,1,23.709951,0.646944,24.356895
863,256,256,-1,-1,-1,-1,-1,23.666113,1,23.717184,0.623488,24.340672
864,256,256,-1,-1,-1,-1,-1,23.482368,1,23.531904,0.610752,24.142656
865,256,256,-1,-1,-1,-1,-1,23.370752,1,23.422943,0.612672,24.035615
866,256,256,-1,-1,-1,-1,-1,23.350977,1,23.40064,0.612704,24.013344
867,256,256,-1,-1,-1,-1,-1,23.269472,1,23.319073,0.596704,23.915777
868,256,256,-1,-1,-1,-1,-1,23.399839,1,23.44976,0.615392,24.065152
869,256,256,-1,-1,-1,-1,-1,23.680193,1,23.73024,0.626592,24.356832
870,256,256,-1,-1,-1,-1,-1,23.855583,1,23.906303,0.618944,24.525247
871,256,256,-1,-1,-1,-1,-1,23.659584,1,23.70912,0.60192,24.31104
872,256,256,-1,-1,-1,-1,-1,23.479551,1,23.528992,0.611808,24.1408
873,256,256,-1,-1,-1,-1,-1,23.474688,1,23.523232,0.617568,24.1408
874,256,256,-1,-1,-1,-1,-1,23.634527,1,23.68256,0.610528,24.293088
875,256,256,-1,-1,-1,-1,-1,23.82,1,23.869184,0.602016,24.4712
876,256,256,-1,-1,-1,-1,-1,23.751713,1,23.802656,0.613792,24.416448
877,256,256,-1,-1,-1,-1,-1,23.542496,1,23.592607,0.597632,24.190239
878,256,256,-1,-1,-1,-1,-1,23.618849,1,23.669855,0.613824,24.283679
879,256,256,-1,-1,-1,-1,-1,23.895905,1,23.944992,0.617088,24.56208
880,256,256,-1,-1,-1,-1,-1,24.066368,1,24.116447,0.651712,24.768159
881,256,256,-1,-1,-1,-1,-1,23.88784,1,23.940191,0.611872,24.552063
882,256,256,-1,-1,-1,-1,-1,23.633728,1,23.681568,0.611584,24.293152
883,256,256,-1,-1,-1,-1,-1,23.651775,1,23.702305,0.607872,24.310177
884,256,256,-1,-1,-1,-1,-1,23.636255,1,23.686239,0.618016,24.304255
885,256,256,-1,-1,-1,-1,-1,23.599968,1,23.648161,0.597696,24.245857
886,256,256,-1,-1,-1,-1,-1,23.810528,1,23.860767,0.630976,24.491743
887,256,256,-1,-1,-1,-1,-1,23.723616,1,23.775648,0.617024,24.392672
888,256,256,-1,-1,-1,-1,-1,23.639008,1,23.688768,0.59504,24.283808
889,256,256,-1,-1,-1,-1,-1,23.750496,1,23.799711,0.618336,24.418047
890,256,256,-1,-1,-1,-1,-1,23.727488,1,23.775969,0.611904,24.387873
891,256,256,-1,-1,-1,-1,-1,23.69264,1,23.741472,0.612,24.353472
892,256,256,-1,-1,-1,-1,-1,23.716801,1,23.766785,0.617216,24.384001
893,256,256,-1,-1,-1,-1,-1,23.708448,1,23.757536,0.61136,24.368896
894,256,256,-1,-1,-1,-1,-1,23.684799,1,23.735872,0.60992,24.345792
895,256,256,-1,-1,-1,-1,-1,23.700544,1,23.751295,0.601056,24.352351
896,256,256,-1,-1,-1,-1,-1,23.907167,1,23.958624,0.616064,24.574688
897,256,256,-1,-1,-1,-1,-1,23.821184,1,23.87072,0.614592,24.485312
898,256,256,-1,-1,-1,-1,-1,23.609921,1,23.659584,0.610464,24.270048
899,256,256,-1,-1,-1,-1,-1,23.63344,1,23.682337,0.62,24.302337
900,256,256,-1,-1,-1,-1,-1,23.977345,1,24.027264,0.598496,24.62576
901,256,256,-1,-1,-1,-1,-1,23.892351,1,23.942305,0.600608,24.542913
902,256,256,-1,-1,-1,-1,-1,23.758623,1,23.806175,0.60912,24.415295
903,256,256,-1,-1,-1,-1,-1,23.633472,1,23.682495,0.610496,24.292991
904,256,256,-1,-1,-1,-1,-1,23.932863,1,23.983583,0.598784,24.582367
905,256,256,-1,-1,-1,-1,-1,24.064096,1,24.115007,0.607456,24.722463
906,256,256,-1,-1,-1,-1,-1,24.101055,1,24.149696,0.617984,24.76768
907,256,256,-1,-1,-1,-1,-1,24.086817,1,24.136383,0.605248,24.741631
908,256,256,-1,-1,-1,-1,-1,24.083584,1,24.134912,0.620384,24.755296
909,256,256,-1,-1,-1,-1,-1,24.014944,1,24.063744,0.61632,24.680064
910,256,256,-1,-1,-1,-1,-1,23.823648,1,23.874081,0.606912,24.480993
911,256,256,-1,-1,-1,-1,-1,23.813728,1,23.862783,0.613472,24.476255
912,256,256,-1,-1,-1,-1,-1,24.001505,1,24.052576,0.597664,24.65024
913,256,256,-1,-1,-1,-1,-1,23.951679,1,24.001345,0.60224,24.603585
914,256,2287,-1,-1,-1,-1,-1,-1,0,55.654976,0.687104,56.34208
915,256,256,-1,-1,-1,-1,-1,26.105473,1,26.159489,0.68528,26.844769
916,256,256,-1,-1,-1,-1,-1,25.383936,1,25.438433,0.663584,26.102017
917,256,256,-1,-1,-1,-1,-1,24.547775,1,24.597183,0.615776,25.212959
918,256,256,-1,-1,-1,-1,-1,24.261057,1,24.310528,0.612608,24.923136
919,256,256,-1,-1,-1,-1,-1,23.982496,1,24.032415,0.598144,24.630559
920,256,256,-1,-1,-1,-1,-1,23.782688,1,23.832352,0.610176,24.442528
921,256,2288,-1,-1,-1,-1,-1,-1,0,53.266945,0.624544,53.891489
922,256,256,-1,-1,-1,-1,-1,24.861824,1,24.913952,0.663168,25.57712
923,256,256,-1,-1,-1,-1,-1,24.694817,1,24.746464,0.623648,25.370112
924,256,256,-1,-1,-1,-1,-1,24.401249,1,24.451904,0.633312,25.085216
925,256,2288,-1,-1,-1,-1,-1,-1,0,57.647102,0.650624,58.297726
926,256,256,-1,-1,-1,-1,-1,25.243551,1,25.297504,0.635008,25.932512
927,256,256,-1,-1,-1,-1,-1,24.574753,1,24.626207,0.624096,25.250303
928,256,256,-1,-1,-1,-1,-1,24.172289,1,24.222689,0.602368,24.825057
929,256,4319,-1,-1,-1,-1,-1,-1,0,88.241089,0.663072,88.904161
930,256,256,-1,-1,-1,-1,-1,25.330976,1,25.384832,0.660288,26.04512
931,256,256,-1,-1,-1,-1,-1,24.551777,1,24.602465,0.63008,25.232545
932,256,256,-1,-1,-1,-1,-1,24.07152,1,24.121281,0.615584,24.736865
933,256,256,-1,-1,-1,-1,-1,23.769567,1,23.820065,0.607744,24.427809
934,256,256,-1,-1,-1,-1,-1,23.673153,1,23.723648,0.60672,24.330368
935,256,256,-1,-1,-1,-1,-1,23.619616,1,23.671265,0.604,24.275265
936,256,256,-1,-1,-1,-1,-1,23.74032,1,23.787935,0.602144,24.390079
937,256,256,-1,-1,-1,-1,-1,23.816256,1,23.868095,0.61168,24.479775
938,256,256,-1,-1,-1,-1,-1,23.878016,1,23.930143,0.609024,24.539167
939,256,2288,-1,-1,-1,-1,-1,-1,0,56.445698,0.662464,57.108162
940,256,256,-1,-1,-1,-1,-1,25.758144,1,25.813503,0.684256,26.497759
941,256,256,-1,-1,-1,-1,-1,24.953056,1,25.005152,0.642208,25.64736
942,256,256,-1,-1,-1,-1,-1,23.990112,1,24.043009,0.608416,24.651425
943,256,256,-1,-1,-1,-1,-1,23.701441,1,23.750015,0.591328,24.341343
944,256,2288,-1,-1,-1,-1,-1,-1,0,52.368225,0.624768,52.992993
945,256,256,-1,-1,-1,-1,-1,24.356735,1,24.405024,0.645664,25.050688
946,256,256,-1,-1,-1,-1,-1,24.657536,1,24.706911,0.638688,25.345599
947,256,6352,-1,-1,-1,-1,-1,-1,0,121.735359,0.679008,122.414367
948,256,256,-1,-1,-1,-1,-1,25.978432,1,26.03344,0.636928,26.670368
949,256,256,-1,-1,-1,-1,-1,24.349249,1,24.400064,0.601888,25.001952
950,256,6351,-1,-1,-1,-1,-1,-1,0,119.318527,0.687008,120.005535
951,256,2288,-1,-1,-1,-1,-1,-1,0,59.345856,0.64144,59.987296
952,256,6352,-1,-1,-1,-1,-1,-1,0,118.860672,0.670368,119.53104
953,256,6333,-1,-1,-1,-1,-1,-1,0,120.957985,0.647776,121.605761
954,256,256,-1,-1,-1,-1,-1,25.79952,1,25.849119,0.6576,26.506719
955,256,4320,-1,-1,-1,-1,-1,-1,0,87.140099,0.654656,87.794755
956,256,2288,-1,-1,-1,-1,-1,-1,0,58.634048,0.648448,59.282496
957,256,6351,-1,-1,-1,-1,-1,-1,0,119.457184,0.661664,120.118848
958,256,2288,-1,-1,-1,-1,-1,-1,0,59.062111,0.655616,59.717727
959,256,256,-1,-1,-1,-1,-1,25.124928,1,25.174368,0.630912,25.80528
960,256,2288,-1,-1,-1,-1,-1,-1,0,57.671551,0.662144,58.333695
961,256,2288,-1,-1,-1,-1,-1,-1,0,59.579166,0.651424,60.23059
962,256,256,-1,-1,-1,-1,-1,25.288033,1,25.340128,0.639136,25.979264
963,256,4320,-1,-1,-1,-1,-1,-1,0,87.996353,0.655296,88.651649
964,256,4320,-1,-1,-1,-1,-1,-1,0,90.388771,0.65808,91.046851
965,256,2288,-1,-1,-1,-1,-1,-1,0,59.093567,0.6472,59.740767
966,256,6352,-1,-1,-1,-1,-1,-1,0,120.188675,0.66496,120.853635
967,256,256,-1,-1,-1,-1,-1,25.760639,1,25.814304,0.663648,26.477952
968,256,8383,-1,-1,-1,-1,-1,-1,0,152.445282,0.674944,153.120226
969,256,256,-1,-1,-1,-1,-1,25.4608,1,25.513216,0.670016,26.183232
970,256,2288,-1,-1,-1,-1,-1,-1,0,57.247425,0.64096,57.888385
971,256,4320,-1,-1,-1,-1,-1,-1,0,87.93782,0.669568,88.607388
972,256,2288,-1,-1,-1,-1,-1,-1,0,59.481888,0.676128,60.158016
973,256,6352,-1,-1,-1,-1,-1,-1,0,121.635773,0.691136,122.326909
974,256,8384,-1,-1,-1,-1,-1,-1,0,157.117828,0.676128,157.793956
975,256,2288,-1,-1,-1,-1,-1,-1,0,59.489727,0.67632,60.166047
976,256,2288,-1,-1,-1,-1,-1,-1,0,59.252224,0.67056,59.922784
977,256,6336,-1,-1,-1,-1,-1,-1,0,121.234627,0.680128,121.914755
978,256,2288,-1,-1,-1,-1,-1,-1,0,59.471775,0.663936,60.135711
979,256,6352,-1,-1,-1,-1,-1,-1,0,120.775711,0.683968,121.459679
980,256,4320,-1,-1,-1,-1,-1,-1,0,89.011581,0.678624,89.690205
981,256,4319,-1,-1,-1,-1,-1,-1,0,89.018494,0.655008,89.673502
982,256,6352,-1,-1,-1,-1,-1,-1,0,121.208382,0.67312,121.881502
983,256,6352,-1,-1,-1,-1,-1,-1,0,119.28038,0.706208,119.986588
984,256,4320,-1,-1,-1,-1,-1,-1,0,90.006752,0.680352,90.687104
985,256,4320,-1,-1,-1,-1,-1,-1,0,90.391869,0.689664,91.081533
986,256,4320,-1,-1,-1,-1,-1,-1,0,88.251358,0.686304,88.937662
987,256,8384,-1,-1,-1,-1,-1,-1,0,160.956421,0.728032,161.684453
988,256,4320,-1,-1,-1,-1,-1,-1,0,92.270462,0.67488,92.945342
989,256,8382,-1,-1,-1,-1,-1,-1,0,153.56311,0.672352,154.235462
990,256,2288,-1,-1,-1,-1,-1,-1,0,59.124447,0.666688,59.791135
991,256,12448,-1,-1,-1,-1,-1,-1,0,218.167999,0.702656,218.870655
992,256,8384,-1,-1,-1,-1,-1,-1,0,156.239746,0.699808,156.939554
993,256,6352,-1,-1,-1,-1,-1,-1,0,121.691391,0.681824,122.373215
994,256,8383,-1,-1,-1,-1,-1,-1,0,160.64093,0.699648,161.340578
995,256,8384,-1,-1,-1,-1,-1,-1,0,158.476059,0.702208,159.178267
996,256,2288,-1,-1,-1,-1,-1,-1,0,60.033314,0.652352,60.685666
997,256,6351,-1,-1,-1,-1,-1,-1,0,116.841827,0.672928,117.514755
998,256,10400,-1,-1,-1,-1,-1,-1,0,186.024475,0.679328,186.703803
999,256,6351,-1,-1,-1,-1,-1,-1,0,120.532387,0.70304,121.235427
1000,256,4320,-1,-1,-1,-1,-1,-1,0,91.972,0.684704,92.656704
1001,256,4319,-1,-1,-1,-1,-1,-1,0,88.435005,0.6672,89.102205
1002,256,256,-1,-1,-1,-1,-1,25.031361,1,25.083904,0.670848,25.754752
1003,256,6352,-1,-1,-1,-1,-1,-1,0,119.24765,0.663232,119.910882
1004,256,2288,-1,-1,-1,-1,-1,-1,0,58.559521,0.6592,59.218721
1005,256,4320,-1,-1,-1,-1,-1,-1,0,88.975586,0.657824,89.63341
1006,254,16384,-1,-1,-1,-1,-1,-1,0,277.518097,0.691168,278.209265
1007,256,6475,-1,-1,-1,-1,-1,-1,0,124.300995,0.655328,124.956323
1008,256,6352,-1,-1,-1,-1,-1,-1,0,122.441154,0.687584,123.128738
1009,256,6352,-1,-1,-1,-1,-1,-1,0,121.833763,0.670016,122.503779
1010,256,2288,-1,-1,-1,-1,-1,-1,0,58.911457,0.664,59.575457
1011,256,10384,-1,-1,-1,-1,-1,-1,0,186.188004,0.673504,186.861508
1012,256,12415,-1,-1,-1,-1,-1,-1,0,218.571075,0.70448,219.275555
1013,256,4320,-1,-1,-1,-1,-1,-1,0,91.003006,0.654368,91.657374
1014,256,4320,-1,-1,-1,-1,-1,-1,0,88.596001,0.665376,89.261377
1015,256,256,-1,-1,-1,-1,-1,24.578079,1,24.628799,0.62912,25.257919
1016,256,8384,-1,-1,-1,-1,-1,-1,0,156.469574,0.69648,157.166054
1017,256,4318,-1,-1,-1,-1,-1,-1,0,90.260765,0.654496,90.915261
1018,256,8384,-1,-1,-1,-1,-1,-1,0,153.354279,0.703296,154.057575
1019,256,256,-1,-1,-1,-1,-1,25.402496,1,25.455105,0.665824,26.120929
1020,256,8383,-1,-1,-1,-1,-1,-1,0,152.897888,0.653216,153.551104
1021,256,2288,-1,-1,-1,-1,-1,-1,0,58.361118,0.64144,59.002558
1022,256,6350,-1,-1,-1,-1,-1,-1,0,120.723709,0.668512,121.392221
1023,256,6352,-1,-1,-1,-1,-1,-1,0,121.826782,0.703264,122.530046
1024,256,10318,-1,-1,-1,-1,-1,-1,0,183.76442,0.691744,184.456164
1025,256,6352,-1,-1,-1,-1,-1,-1,0,122.813599,0.660704,123.474303
1026,256,2288,-1,-1,-1,-1,-1,-1,0,58.672642,0.658208,59.33085
1027,256,256,-1,-1,-1,-1,-1,24.357727,1,24.407904,0.640928,25.048832
1028,256,2288,-1,-1,-1,-1,-1,-1,0,55.999393,0.643424,56.642817
1029,256,4318,-1,-1,-1,-1,-1,-1,0,87.873474,0.663776,88.53725
1030,256,2288,-1,-1,-1,-1,-1,-1,0,58.756897,0.678944,59.435841
1031,256,2287,-1,-1,-1,-1,-1,-1,0,57.527649,0.664352,58.192001
1032,256,4319,-1,-1,-1,-1,-1,-1,0,87.374908,0.680992,88.0559
1033,256,4318,-1,-1,-1,-1,-1,-1,0,88.823586,0.677024,89.50061
1034,256,256,-1,-1,-1,-1,-1,24.729759,1,24.782463,0.653856,25.436319
1035,256,2287,-1,-1,-1,-1,-1,-1,0,57.017311,0.677856,57.695167
1036,256,4320,-1,-1,-1,-1,-1,-1,0,87.720802,0.668032,88.388834
1037,256,6351,-1,-1,-1,-1,-1,-1,0,119.502205,0.683296,120.185501
1038,256,4320,-1,-1,-1,-1,-1,-1,0,89.221313,0.705888,89.927201
1039,256,256,-1,-1,-1,-1,-1,24.823744,1,24.878559,0.66752,25.546079
1040,256,2288,-1,-1,-1,-1,-1,-1,0,56.922722,0.66864,57.591362
1041,256,6352,-1,-1,-1,-1,-1,-1,0,117.67469,0.658464,118.333154
1042,256,2288,-1,-1,-1,-1,-1,-1,0,57.212318,0.68752,57.899838
1043,256,256,-1,-1,-1,-1,-1,24.520224,1,24.577728,0.664192,25.24192
1044,256,2288,-1,-1,-1,-1,-1,-1,0,54.732258,0.633824,55.366082
1045,256,2288,-1,-1,-1,-1,-1,-1,0,57.923138,0.671264,58.594402
1046,256,12431,-1,-1,-1,-1,-1,-1,0,217.503418,0.692768,218.196186
1047,256,256,-1,-1,-1,-1,-1,25.099873,1,25.154976,0.670176,25.825152
1048,256,4320,-1,-1,-1,-1,-1,-1,0,86.414589,0.642656,87.057245
1049,256,4320,-1,-1,-1,-1,-1,-1,0,86.55616,0.653152,87.209312
1050,256,256,-1,-1,-1,-1,-1,24.84992,1,24.905952,0.664672,25.570624
1051,256,2288,-1,-1,-1,-1,-1,-1,0,56.603554,0.657504,57.261058
1052,256,256,-1,-1,-1,-1,-1,24.557856,1,24.612255,0.661248,25.273503
1053,256,8384,-1,-1,-1,-1,-1,-1,0,155.328156,0.680192,156.008348
1054,256,4319,-1,-1,-1,-1,-1,-1,0,88.565247,0.68112,89.246367
1055,256,2287,-1,-1,-1,-1,-1,-1,0,58.028641,0.645312,58.673953
1056,256,256,-1,-1,-1,-1,-1,24.164,1,24.218241,0.635296,24.853537
1057,256,2288,-1,-1,-1,-1,-1,-1,0,54.70224,0.645632,55.347872
1058,256,4320,-1,-1,-1,-1,-1,-1,0,88.537537,0.675008,89.212545
1059,256,2288,-1,-1,-1,-1,-1,-1,0,57.774178,0.651296,58.425474
1060,256,4320,-1,-1,-1,-1,-1,-1,0,88.803459,0.6704,89.473859
1061,256,4320,-1,-1,-1,-1,-1,-1,0,88.816193,0.654752,89.470945
1062,256,2288,-1,-1,-1,-1,-1,-1,0,57.343807,0.642912,57.986719
1063,256,256,-1,-1,-1,-1,-1,24.070528,1,24.120289,0.624992,24.745281
1064,256,256,-1,-1,-1,-1,-1,23.867872,1,23.9168,0.625376,24.542176
1065,256,2288,-1,-1,-1,-1,-1,-1,0,55.992321,0.668864,56.661185
1066,256,256,-1,-1,-1,-1,-1,25.028704,1,25.082657,0.707136,25.789793
1067,256,256,-1,-1,-1,-1,-1,24.487553,1,24.540672,0.654752,25.195424
1068,256,256,-1,-1,-1,-1,-1,23.418655,1,23.469856,0.611488,24.081344
1069,256,256,-1,-1,-1,-1,-1,22.964865,1,23.013248,0.588736,23.601984
1070,256,2288,-1,-1,-1,-1,-1,-1,0,54.403809,0.655712,55.059521
1071,256,256,-1,-1,-1,-1,-1,24.851233,1,24.903328,0.652384,25.555712
1072,256,4320,-1,-1,-1,-1,-1,-1,0,87.142365,0.66544,87.807805
1073,256,256,-1,-1,-1,-1,-1,24.95392,1,25.006432,0.644992,25.651424
1074,256,256,-1,-1,-1,-1,-1,23.964479,1,24.014175,0.626464,24.640639
1075,256,256,-1,-1,-1,-1,-1,23.619295,1,23.670719,0.599616,24.270335
1076,256,2288,-1,-1,-1,-1,-1,-1,0,54.292065,0.65728,54.949345
1077,256,2288,-1,-1,-1,-1,-1,-1,0,58.396545,0.639616,59.036161
1078,256,256,-1,-1,-1,-1,-1,24.16144,1,24.211777,0.628224,24.840001
1079,256,2288,-1,-1,-1,-1,-1,-1,0,55.977119,0.6384,56.615519
1080,256,4320,-1,-1,-1,-1,-1,-1,0,86.911392,0.655264,87.566656
1081,256,256,-1,-1,-1,-1,-1,24.639296,1,24.692257,0.666784,25.359041
1082,256,256,-1,-1,-1,-1,-1,23.842176,1,23.894079,0.606592,24.500671
1083,256,256,-1,-1,-1,-1,-1,23.334911,1,23.384001,0.603552,23.987553
1084,256,256,-1,-1,-1,-1,-1,23.082144,1,23.128128,0.608928,23.737056
1085,256,256,-1,-1,-1,-1,-1,23.084576,1,23.133184,0.620224,23.753408
1086,256,256,-1,-1,-1,-1,-1,23.157568,1,23.204927,0.591808,23.796735
1087,256,2288,-1,-1,-1,-1,-1,-1,0,56.11245,0.68944,56.80189
1088,256,256,-1,-1,-1,-1,-1,25.334848,1,25.388096,0.647424,26.03552
1089,256,256,-1,-1,-1,-1,-1,23.956352,1,24.005247,0.622048,24.627295
1090,256,256,-1,-1,-1,-1,-1,23.478527,1,23.525312,0.617504,24.142816
1091,256,256,-1,-1,-1,-1,-1,23.456991,1,23.505953,0.616704,24.122657
1092,256,256,-1,-1,-1,-1,-1,23.481728,1,23.529535,0.620032,24.149567
1093,256,256,-1,-1,-1,-1,-1,23.475807,1,23.521952,0.617056,24.139008
1094,256,256,-1,-1,-1,-1,-1,23.38032,1,23.427711,0.613024,24.040735
1095,256,256,-1,-1,-1,-1,-1,23.208544,1,23.258017,0.611808,23.869825
1096,256,256,-1,-1,-1,-1,-1,23.174623,1,23.220736,0.610144,23.83088
1097,256,256,-1,-1,-1,-1,-1,23.454464,1,23.501696,0.600416,24.102112
1098,256,256,-1,-1,-1,-1,-1,23.490688,1,23.539455,0.596192,24.135647
1099,256,2288,-1,-1,-1,-1,-1,-1,0,56.327839,0.663296,56.991135
1100,256,256,-1,-1,-1,-1,-1,25.059584,1,25.111904,0.657888,25.769792
1101,256,256,-1,-1,-1,-1,-1,24.279327,1,24.331648,0.648736,24.980384
1102,256,256,-1,-1,-1,-1,-1,23.975649,1,24.025312,0.614944,24.640256
1103,256,256,-1,-1,-1,-1,-1,23.792929,1,23.841761,0.601792,24.443553
1104,256,256,-1,-1,-1,-1,-1,23.455648,1,23.504416,0.608896,24.113312
1105,256,256,-1,-1,-1,-1,-1,23.326368,1,23.3752,0.594272,23.969472
1106,256,256,-1,-1,-1,-1,-1,23.346016,1,23.393248,0.619072,24.01232
1107,256,256,-1,-1,-1,-1,-1,23.339264,1,23.387009,0.60832,23.995329
1108,256,256,-1,-1,-1,-1,-1,23.285248,1,23.333952,0.607136,23.941088
1109,256,256,-1,-1,-1,-1,-1,23.392351,1,23.440128,0.610464,24.050592
1110,256,256,-1,-1,-1,-1,-1,23.613983,1,23.660353,0.617504,24.277857
1111,256,256,-1,-1,-1,-1,-1,23.642752,1,23.691168,0.602176,24.293344
1112,256,256,-1,-1,-1,-1,-1,23.630112,1,23.677824,0.598272,24.276096
1113,256,256,-1,-1,-1,-1,-1,23.374945,1,23.423552,0.611904,24.035456
1114,256,256,-1,-1,-1,-1,-1,23.369761,1,23.41584,0.59408,24.00992
1115,256,256,-1,-1,-1,-1,-1,23.366753,1,23.414656,0.608704,24.02336
1116,256,256,-1,-1,-1,-1,-1,23.516256,1,23.562143,0.616992,24.179135
1117,256,256,-1,-1,-1,-1,-1,23.6008,1,23.647009,0.616032,24.263041
1118,256,256,-1,-1,-1,-1,-1,23.510944,1,23.560513,0.596032,24.156545
1119,256,256,-1,-1,-1,-1,-1,23.530081,1,23.577215,0.591904,24.169119
1120,256,256,-1,-1,-1,-1,-1,23.605057,1,23.652351,0.61168,24.264031
1121,256,256,-1,-1,-1,-1,-1,23.595776,1,23.64352,0.597248,24.240768
1122,256,256,-1,-1,-1,-1,-1,23.526176,1,23.575071,0.60784,24.182911
1123,256,256,-1,-1,-1,-1,-1,23.465408,1,23.516031,0.611232,24.127263
1124,256,256,-1,-1,-1,-1,-1,23.582081,1,23.628704,0.6192,24.247904
1125,256,256,-1,-1,-1,-1,-1,23.777664,1,23.827711,0.599872,24.427583
1126,256,256,-1,-1,-1,-1,-1,23.940161,1,23.991232,0.623968,24.6152
1127,256,256,-1,-1,-1,-1,-1,23.962976,1,24.010529,0.611872,24.622401
1128,256,256,-1,-1,-1,-1,-1,24.00432,1,24.054272,0.603904,24.658176
1129,256,256,-1,-1,-1,-1,-1,23.886881,1,23.937183,0.610272,24.547455
1130,256,256,-1,-1,-1,-1,-1,23.95504,1,24.003008,0.62208,24.625088
1131,256,256,-1,-1,-1,-1,-1,24.023232,1,24.073441,0.62288,24.696321
1132,256,256,-1,-1,-1,-1,-1,23.989857,1,24.037151,0.609184,24.646335
1133,256,256,-1,-1,-1,-1,-1,23.888479,1,23.938848,0.604384,24.543233
1134,256,256,-1,-1,-1,-1,-1,23.865761,1,23.916288,0.621472,24.53776
1135,256,256,-1,-1,-1,-1,-1,23.866304,1,23.916512,0.59952,24.516032
1136,256,256,-1,-1,-1,-1,-1,23.772127,1,23.823872,0.61312,24.436992
1137,256,256,-1,-1,-1,-1,-1,23.626783,1,23.676577,0.597632,24.274209
1138,256,256,-1,-1,-1,-1,-1,23.815456,1,23.863775,0.62112,24.484895
1139,256,2287,-1,-1,-1,-1,-1,-1,0,58.433086,0.674528,59.107614
1140,256,256,-1,-1,-1,-1,-1,25.817345,1,25.870752,0.682944,26.553696
1141,256,256,-1,-1,-1,-1,-1,24.680639,1,24.734465,0.617024,25.351489
1142,256,256,-1,-1,-1,-1,-1,24.220575,1,24.271839,0.631744,24.903583
1143,256,256,-1,-1,-1,-1,-1,23.96192,1,24.013281,0.618912,24.632193
1144,256,256,-1,-1,-1,-1,-1,23.711872,1,23.762304,0.607424,24.369728
1145,256,256,-1,-1,-1,-1,-1,23.6336,1,23.681025,0.609632,24.290657
1146,256,256,-1,-1,-1,-1,-1,23.913343,1,23.96336,0.615424,24.578784
1147,256,256,-1,-1,-1,-1,-1,23.824863,1,23.875551,0.598976,24.474527
1148,256,256,-1,-1,-1,-1,-1,23.698784,1,23.746336,0.627104,24.37344
1149,256,256,-1,-1,-1,-1,-1,23.887392,1,23.938047,0.61648,24.554527
1150,256,256,-1,-1,-1,-1,-1,23.973152,1,24.022783,0.62816,24.650943
1151,256,2288,-1,-1,-1,-1,-1,-1,0,55.079136,0.66528,55.744416
1152,256,256,-1,-1,-1,-1,-1,25.886305,1,25.941759,0.689088,26.630847
1153,256,256,-1,-1,-1,-1,-1,25.51984,1,25.575487,0.63552,26.211007
1154,256,256,-1,-1,-1,-1,-1,24.180033,1,24.22912,0.626528,24.855648
1155,256,256,-1,-1,-1,-1,-1,23.694784,1,23.746464,0.608,24.354464
1156,256,256,-1,-1,-1,-1,-1,23.409088,1,23.455233,0.595808,24.051041
1157,256,256,-1,-1,-1,-1,-1,23.371168,1,23.421057,0.596768,24.017825
1158,256,256,-1,-1,-1,-1,-1,23.53232,1,23.581375,0.61264,24.194015
1159,256,256,-1,-1,-1,-1,-1,23.666912,1,23.716097,0.59088,24.306977
1160,256,256,-1,-1,-1,-1,-1,23.70064,1,23.751167,0.605344,24.356511
1161,256,256,-1,-1,-1,-1,-1,23.717888,1,23.767744,0.61216,24.379904
1162,256,256,-1,-1,-1,-1,-1,23.665953,1,23.714527,0.61088,24.325407
1163,256,256,-1,-1,-1,-1,-1,23.661505,1,23.709312,0.612544,24.321856
1164,256,256,-1,-1,-1,-1,-1,23.865856,1,23.915585,0.615456,24.531041
1165,256,2288,-1,-1,-1,-1,-1,-1,0,55.332161,0.658496,55.990657
1166,256,256,-1,-1,-1,-1,-1,26.048576,1,26.105152,0.704096,26.809248
1167,256,256,-1,-1,-1,-1,-1,25.049889,1,25.103807,0.638592,25.742399
1168,256,256,-1,-1,-1,-1,-1,24.51424,1,24.563776,0.620256,25.184032
1169,256,4319,-1,-1,-1,-1,-1,-1,0,87.446404,0.662848,88.109251
1170,256,2288,-1,-1,-1,-1,-1,-1,0,59.864799,0.697376,60.562176
1171,256,256,-1,-1,-1,-1,-1,25.750463,1,25.806112,0.65184,26.457952
1172,256,2288,-1,-1,-1,-1,-1,-1,0,57.676289,0.660256,58.336545
1173,256,256,-1,-1,-1,-1,-1,25.431904,1,25.483711,0.664512,26.148223
1174,256,256,-1,-1,-1,-1,-1,25.095137,1,25.146528,0.651456,25.797984
1175,256,2288,-1,-1,-1,-1,-1,-1,0,56.779263,0.634144,57.413407
1176,256,256,-1,-1,-1,-1,-1,24.985792,1,25.037439,0.656384,25.693823
1177,256,256,-1,-1,-1,-1,-1,24.699297,1,24.746431,0.628768,25.375199
1178,256,256,-1,-1,-1,-1,-1,24.124672,1,24.17296,0.613664,24.786624
1179,256,6352,-1,-1,-1,-1,-1,-1,0,119.752609,0.689568,120.442177
1180,256,2272,-1,-1,-1,-1,-1,-1,0,59.036255,0.688672,59.724927
1181,256,256,-1,-1,-1,-1,-1,25.1936,1,25.2456,0.665888,25.911488
1182,256,256,-1,-1,-1,-1,-1,24.66448,1,24.715168,0.627232,25.3424
1183,256,256,-1,-1,-1,-1,-1,23.945345,1,23.993183,0.605952,24.599135
1184,256,256,-1,-1,-1,-1,-1,23.623936,1,23.672001,0.598112,24.270113
1185,256,4320,-1,-1,-1,-1,-1,-1,0,85.940804,0.684768,86.625572
1186,256,256,-1,-1,-1,-1,-1,25.599009,1,25.648191,0.627008,26.275199
1187,256,256,-1,-1,-1,-1,-1,24.238111,1,24.285856,0.607968,24.893824
1188,256,256,-1,-1,-1,-1,-1,23.83872,1,23.88448,0.607776,24.492256
1189,256,256,-1,-1,-1,-1,-1,23.830145,1,23.877888,0.612256,24.490144
1190,256,256,-1,-1,-1,-1,-1,23.774944,1,23.823423,0.610656,24.434079
1191,256,4319,-1,-1,-1,-1,-1,-1,0,89.591072,0.669408,90.26048
1192,256,256,-1,-1,-1,-1,-1,25.347649,1,25.400576,0.6768,26.077376
1193,256,256,-1,-1,-1,-1,-1,24.489569,1,24.537792,0.601504,25.139296
1194,256,4304,-1,-1,-1,-1,-1,-1,0,86.661758,0.697664,87.359422
1195,256,256,-1,-1,-1,-1,-1,26.179041,1,26.232161,0.674112,26.906273
1196,256,2288,-1,-1,-1,-1,-1,-1,0,59.153664,0.655072,59.808736
1197,256,6351,-1,-1,-1,-1,-1,-1,0,122.775742,0.654208,123.42995
1198,256,2288,-1,-1,-1,-1,-1,-1,0,59.135071,0.647808,59.782879
1199,256,2287,-1,-1,-1,-1,-1,-1,0,58.956608,0.65072,59.607328
1200,256,256,-1,-1,-1,-1,-1,25.49264,1,25.544865,0.671296,26.216161
1201,256,256,-1,-1,-1,-1,-1,24.595552,1,24.645632,0.604352,25.249984
1202,256,2288,-1,-1,-1,-1,-1,-1,0,55.539776,0.662688,56.202464
1203,256,6352,-1,-1,-1,-1,-1,-1,0,120.834785,0.663968,121.498753
1204,256,2288,-1,-1,-1,-1,-1,-1,0,59.526913,0.653184,60.180097
1205,256,256,-1,-1,-1,-1,-1,25.042656,1,25.094433,0.642816,25.737249
1206,256,2288,-1,-1,-1,-1,-1,-1,0,56.299873,0.624576,56.924449
1207,256,4320,-1,-1,-1,-1,-1,-1,0,88.707901,0.664672,89.372573
1208,256,6352,-1,-1,-1,-1,-1,-1,0,120.794083,0.66128,121.455363
1209,256,2288,-1,-1,-1,-1,-1,-1,0,59.97472,0.656384,60.631104
1210,256,8383,-1,-1,-1,-1,-1,-1,0,157.985626,0.668864,158.65449
1211,256,2288,-1,-1,-1,-1,-1,-1,0,59.729954,0.634592,60.364546
1212,256,256,-1,-1,-1,-1,-1,24.905664,1,24.956448,0.65088,25.607328
1213,256,2288,-1,-1,-1,-1,-1,-1,0,58.07859,0.655584,58.734174
1214,256,6352,-1,-1,-1,-1,-1,-1,0,120.788673,0.656128,121.444801
1215,256,2288,-1,-1,-1,-1,-1,-1,0,59.372002,0.6488,60.020802
1216,256,256,-1,-1,-1,-1,-1,25.051584,1,25.103168,0.65904,25.762208
1217,256,4320,-1,-1,-1,-1,-1,-1,0,88.430237,0.654112,89.084349
1218,256,8383,-1,-1,-1,-1,-1,-1,0,154.194565,0.689472,154.884037
1219,256,6320,-1,-1,-1,-1,-1,-1,0,121.575745,0.675616,122.251361
1220,256,4320,-1,-1,-1,-1,-1,-1,0,89.19693,0.63456,89.83149
1221,256,2288,-1,-1,-1,-1,-1,-1,0,57.599327,0.644736,58.244063
1222,256,4320,-1,-1,-1,-1,-1,-1,0,90.964607,0.670848,91.635455
1223,256,4319,-1,-1,-1,-1,-1,-1,0,90.720093,0.654848,91.374941
1224,256,256,-1,-1,-1,-1,-1,25.353855,1,25.406401,0.6752,26.081601
1225,256,4320,-1,-1,-1,-1,-1,-1,0,87.816444,0.664416,88.48086
1226,256,6352,-1,-1,-1,-1,-1,-1,0,121.935265,0.68208,122.617345
1227,256,8384,-1,-1,-1,-1,-1,-1,0,154.604446,0.671776,155.276222
1228,256,6351,-1,-1,-1,-1,-1,-1,0,121.81498,0.662496,122.477476
1229,256,6351,-1,-1,-1,-1,-1,-1,0,121.037918,0.667808,121.705726
1230,256,6336,-1,-1,-1,-1,-1,-1,0,120.968094,0.653472,121.621566
1231,256,10416,-1,-1,-1,-1,-1,-1,0,186.092987,0.678912,186.771899
1232,256,4319,-1,-1,-1,-1,-1,-1,0,91.206627,0.656576,91.863203
1233,256,2288,-1,-1,-1,-1,-1,-1,0,58.96909,0.650912,59.620001
1234,256,6336,-1,-1,-1,-1,-1,-1,0,120.801788,0.654208,121.455996
1235,256,2288,-1,-1,-1,-1,-1,-1,0,59.150337,0.651712,59.802049
1236,256,6352,-1,-1,-1,-1,-1,-1,0,123.570847,0.67344,124.244287
1237,256,2287,-1,-1,-1,-1,-1,-1,0,58.810497,0.638208,59.448705
1238,256,4287,-1,-1,-1,-1,-1,-1,0,88.069824,0.640768,88.710592
1239,256,12447,-1,-1,-1,-1,-1,-1,0,216.029373,0.664128,216.693501
1240,256,6350,-1,-1,-1,-1,-1,-1,0,121.197441,0.681824,121.879265
1241,256,2288,-1,-1,-1,-1,-1,-1,0,60.521057,0.649568,61.170625
1242,256,10415,-1,-1,-1,-1,-1,-1,0,186.197083,0.671648,186.868731
1243,256,8384,-1,-1,-1,-1,-1,-1,0,153.933823,0.654272,154.588095
1244,256,6288,-1,-1,-1,-1,-1,-1,0,120.514915,0.66288,121.177795
1245,256,10415,-1,-1,-1,-1,-1,-1,0,186.667877,0.68144,187.349317
1246,256,2287,-1,-1,-1,-1,-1,-1,0,60.359329,0.656384,61.015713
1247,256,6351,-1,-1,-1,-1,-1,-1,0,120.060768,0.659648,120.720416
1248,256,4320,-1,-1,-1,-1,-1,-1,0,89.394333,0.66832,90.062653
1249,256,8383,-1,-1,-1,-1,-1,-1,0,155.188293,0.67168,155.859973
1250,256,10413,-1,-1,-1,-1,-1,-1,0,189.392578,0.685024,190.077602
1251,256,4319,-1,-1,-1,-1,-1,-1,0,90.681923,0.65568,91.337603
1252,256,256,-1,-1,-1,-1,-1,24.996223,1,25.049889,0.657632,25.707521
1253,256,4320,-1,-1,-1,-1,-1,-1,0,87.268867,0.662624,87.931491
1254,256,256,-1,-1,-1,-1,-1,25.285984,1,25.341984,0.6496,25.991584
1255,256,2288,-1,-1,-1,-1,-1,-1,0,56.498112,0.641568,57.13968
1256,256,8383,-1,-1,-1,-1,-1,-1,0,153.779846,0.673952,154.453798
1257,256,6352,-1,-1,-1,-1,-1,-1,0,120.556099,0.653408,121.209507
1258,256,2288,-1,-1,-1,-1,-1,-1,0,58.258114,0.644224,58.902338
1259,256,6352,-1,-1,-1,-1,-1,-1,0,121.989372,0.669376,122.658748
1260,256,14463,-1,-1,-1,-1,-1,-1,0,253.102493,0.673216,253.775709
1261,256,2288,-1,-1,-1,-1,-1,-1,0,59.073887,0.652032,59.725919
1262,256,8384,-1,-1,-1,-1,-1,-1,0,153.61702,0.672416,154.289436
1263,256,8384,-1,-1,-1,-1,-1,-1,0,157.946503,0.675552,158.622055
1264,256,2288,-1,-1,-1,-1,-1,-1,0,57.903042,0.658816,58.561858
1265,256,6352,-1,-1,-1,-1,-1,-1,0,118.149986,0.655616,118.805602
1266,256,2288,-1,-1,-1,-1,-1,-1,0,58.181122,0.666464,58.847586
1267,256,2287,-1,-1,-1,-1,-1,-1,0,57.890591,0.648992,58.539583
1268,256,4319,-1,-1,-1,-1,-1,-1,0,88.063171,0.67728,88.740451
1269,256,6352,-1,-1,-1,-1,-1,-1,0,120.412033,0.657344,121.069377
1270,256,4319,-1,-1,-1,-1,-1,-1,0,89.851425,0.67504,90.526465
1271,256,256,-1,-1,-1,-1,-1,24.999168,1,25.0504,0.640768,25.691168
1272,256,2287,-1,-1,-1,-1,-1,-1,0,56.224705,0.65008,56.874785
1273,256,256,-1,-1,-1,-1,-1,24.448704,1,24.499552,0.6568,25.156352
1274,256,4320,-1,-1,-1,-1,-1,-1,0,87.220863,0.632768,87.853631
1275,256,2288,-1,-1,-1,-1,-1,-1,0,57.053886,0.639264,57.69315
1276,256,4320,-1,-1,-1,-1,-1,-1,0,89.546944,0.661888,90.208832
1277,256,4320,-1,-1,-1,-1,-1,-1,0,88.533699,0.654208,89.187907
1278,256,2288,-1,-1,-1,-1,-1,-1,0,57.425537,0.642048,58.067585
1279,256,4320,-1,-1,-1,-1,-1,-1,0,88.937698,0.65424,89.591938
1280,256,6350,-1,-1,-1,-1,-1,-1,0,120.126915,0.668992,120.795907
1281,256,256,-1,-1,-1,-1,-1,25.406624,1,25.45904,0.641472,26.100512
1282,256,2287,-1,-1,-1,-1,-1,-1,0,56.918304,0.627456,57.54576
1283,256,2288,-1,-1,-1,-1,-1,-1,0,57.344193,0.665408,58.009601
1284,256,2287,-1,-1,-1,-1,-1,-1,0,58.295647,0.656896,58.952543
1285,256,6351,-1,-1,-1,-1,-1,-1,0,121.765282,0.654016,122.419298
1286,256,2288,-1,-1,-1,-1,-1,-1,0,57.626495,0.637664,58.264159
1287,256,2288,-1,-1,-1,-1,-1,-1,0,57.485985,0.646496,58.132481
1288,256,10416,-1,-1,-1,-1,-1,-1,0,185.942947,0.670976,186.613923
1289,256,2288,-1,-1,-1,-1,-1,-1,0,59.087681,0.657888,59.745569
1290,256,256,-1,-1,-1,-1,-1,24.487648,1,24.537985,0.64128,25.179265
1291,256,4320,-1,-1,-1,-1,-1,-1,0,87.132355,0.657984,87.790339
1292,256,256,-1,-1,-1,-1,-1,24.591713,1,24.643265,0.637248,25.280513
1293,256,256,-1,-1,-1,-1,-1,23.833055,1,23.880735,0.621408,24.502143
1294,256,2287,-1,-1,-1,-1,-1,-1,0,52.839809,0.595648,53.435457
1295,256,2288,-1,-1,-1,-1,-1,-1,0,52.899265,0.597056,53.496321
1296,256,4320,-1,-1,-1,-1,-1,-1,0,87.818817,0.658464,88.477281
1297,256,2288,-1,-1,-1,-1,-1,-1,0,58.262402,0.65056,58.912962
1298,256,256,-1,-1,-1,-1,-1,24.519808,1,24.568735,0.640384,25.209119
1299,256,2288,-1,-1,-1,-1,-1,-1,0,56.642815,0.646496,57.289311
1300,256,2288,-1,-1,-1,-1,-1,-1,0,57.900738,0.650368,58.551106
1301,256,4320,-1,-1,-1,-1,-1,-1,0,89.315331,0.659232,89.974563
1302,256,256,-1,-1,-1,-1,-1,24.483681,1,24.536287,0.665632,25.201919
1303,256,256,-1,-1,-1,-1,-1,23.928415,1,23.978687,0.634336,24.613023
1304,256,256,-1,-1,-1,-1,-1,23.49152,1,23.539968,0.615424,24.155392
1305,256,2272,-1,-1,-1,-1,-1,-1,0,53.577568,0.637568,54.215136
1306,256,2288,-1,-1,-1,-1,-1,-1,0,59.01136,0.664128,59.675488
1307,256,2288,-1,-1,-1,-1,-1,-1,0,58.293919,0.652896,58.946815
1308,256,256,-1,-1,-1,-1,-1,24.635263,1,24.686592,0.646112,25.332704
1309,256,2288,-1,-1,-1,-1,-1,-1,0,56.640224,0.664416,57.30464
1310,256,2288,-1,-1,-1,-1,-1,-1,0,58.634399,0.651328,59.285727
1311,256,6351,-1,-1,-1,-1,-1,-1,0,122.495583,0.652544,123.148127
1312,256,2288,-1,-1,-1,-1,-1,-1,0,57.779938,0.635008,58.414946
1313,256,2288,-1,-1,-1,-1,-1,-1,0,57.422527,0.640864,58.063391
1314,256,2288,-1,-1,-1,-1,-1,-1,0,57.252575,0.646272,57.898847
1315,256,2288,-1,-1,-1,-1,-1,-1,0,57.527969,0.637472,58.165441
1316,256,8384,-1,-1,-1,-1,-1,-1,0,158.083481,0.686432,158.769913
1317,256,6352,-1,-1,-1,-1,-1,-1,0,120.53965,0.652352,121.192002
1318,256,2288,-1,-1,-1,-1,-1,-1,0,56.682335,0.629536,57.311871
1319,256,4320,-1,-1,-1,-1,-1,-1,0,88.218559,0.662912,88.881471
1320,256,2287,-1,-1,-1,-1,-1,-1,0,58.039585,0.638912,58.678497
1321,256,256,-1,-1,-1,-1,-1,24.229504,1,24.280416,0.64192,24.922336
1322,256,256,-1,-1,-1,-1,-1,23.97472,1,24.02672,0.634944,24.661664
1323,256,2288,-1,-1,-1,-1,-1,-1,0,55.508766,0.662464,56.17123
1324,256,256,-1,-1,-1,-1,-1,24.951296,1,25.003777,0.666432,25.670209
1325,256,2288,-1,-1,-1,-1,-1,-1,0,55.622208,0.648512,56.27072
1326,256,256,-1,-1,-1,-1,-1,24.23296,1,24.284704,0.675488,24.960192
1327,256,256,-1,-1,-1,-1,-1,24.067936,1,24.118431,0.634912,24.753343
1328,256,2288,-1,-1,-1,-1,-1,-1,0,52.831425,0.6264,53.457825
1329,256,256,-1,-1,-1,-1,-1,23.468672,1,23.520191,0.60384,24.124031
1330,256,256,-1,-1,-1,-1,-1,23.302624,1,23.353632,0.612672,23.966304
1331,256,256,-1,-1,-1,-1,-1,22.997248,1,23.047968,0.610624,23.658592
1332,256,256,-1,-1,-1,-1,-1,23.034847,1,23.084448,0.606496,23.690944
1333,256,4320,-1,-1,-1,-1,-1,-1,0,84.460098,0.65312,85.113218
1334,256,4320,-1,-1,-1,-1,-1,-1,0,89.186913,0.666112,89.853025
1335,256,256,-1,-1,-1,-1,-1,25.032961,1,25.085249,0.641664,25.726913
1336,256,2287,-1,-1,-1,-1,-1,-1,0,56.389313,0.664576,57.053889
1337,256,256,-1,-1,-1,-1,-1,24.530592,1,24.581312,0.66832,25.249632
1338,256,256,-1,-1,-1,-1,-1,24.114048,1,24.164513,0.623968,24.788481
1339,256,256,-1,-1,-1,-1,-1,23.659679,1,23.708384,0.626528,24.334912
1340,256,256,-1,-1,-1,-1,-1,23.385408,1,23.432673,0.600672,24.033345
1341,256,2288,-1,-1,-1,-1,-1,-1,0,53.71357,0.656064,54.369634
1342,256,256,-1,-1,-1,-1,-1,25.37792,1,25.43104,0.681344,26.112384
1343,256,256,-1,-1,-1,-1,-1,24.379553,1,24.432064,0.635008,25.067072
1344,256,256,-1,-1,-1,-1,-1,23.694241,1,23.74288,0.617952,24.360832
1345,256,256,-1,-1,-1,-1,-1,23.434208,1,23.482016,0.607072,24.089088
1346,256,256,-1,-1,-1,-1,-1,23.318527,1,23.364063,0.608128,23.972191
1347,256,256,-1,-1,-1,-1,-1,23.453535,1,23.501345,0.597472,24.098817
1348,256,256,-1,-1,-1,-1,-1,23.346081,1,23.3944,0.607552,24.001952
1349,256,256,-1,-1,-1,-1,-1,23.194241,1,23.239361,0.588832,23.828193
1350,256,256,-1,-1,-1,-1,-1,23.573025,1,23.621088,0.619296,24.240384
1351,256,256,-1,-1,-1,-1,-1,23.66576,1,23.712992,0.59312,24.306112
1352,256,256,-1,-1,-1,-1,-1,23.432863,1,23.48208,0.61472,24.0968
1353,256,256,-1,-1,-1,-1,-1,23.311872,1,23.360191,0.591968,23.952159
1354,256,256,-1,-1,-1,-1,-1,23.296608,1,23.343872,0.62704,23.970912
1355,256,256,-1,-1,-1,-1,-1,23.37472,1,23.424704,0.612992,24.037696
1356,256,256,-1,-1,-1,-1,-1,23.524511,1,23.572479,0.621216,24.193695
1357,256,256,-1,-1,-1,-1,-1,23.795744,1,23.84432,0.61392,24.45824
1358,256,256,-1,-1,-1,-1,-1,23.741793,1,23.790752,0.623648,24.4144
1359,256,256,-1,-1,-1,-1,-1,23.742464,1,23.792929,0.618016,24.410945
1360,256,256,-1,-1,-1,-1,-1,23.704191,1,23.752319,0.611296,24.363615
1361,256,256,-1,-1,-1,-1,-1,23.668575,1,23.716448,0.61376,24.330208
1362,256,256,-1,-1,-1,-1,-1,23.6112,1,23.657728,0.605504,24.263232
1363,256,256,-1,-1,-1,-1,-1,23.271521,1,23.319584,0.595008,23.914592
1364,256,256,-1,-1,-1,-1,-1,23.265663,1,23.313631,0.608736,23.922367
1365,256,256,-1,-1,-1,-1,-1,23.25696,1,23.304865,0.588672,23.893537
1366,256,256,-1,-1,-1,-1,-1,23.348576,1,23.396959,0.631168,24.028127
1367,256,256,-1,-1,-1,-1,-1,23.358976,1,23.406784,0.605856,24.01264
1368,256,256,-1,-1,-1,-1,-1,23.443104,1,23.489664,0.604672,24.094336
1369,256,256,-1,-1,-1,-1,-1,23.946049,1,23.994047,0.624352,24.618399
1370,256,256,-1,-1,-1,-1,-1,24.113888,1,24.16256,0.605728,24.768287
1371,256,256,-1,-1,-1,-1,-1,23.909857,1,23.958368,0.606048,24.564416
1372,256,256,-1,-1,-1,-1,-1,23.871937,1,23.918079,0.611648,24.529727
1373,256,256,-1,-1,-1,-1,-1,24.07472,1,24.124832,0.61984,24.744672
1374,256,256,-1,-1,-1,-1,-1,24.066591,1,24.116608,0.611616,24.728224
1375,256,256,-1,-1,-1,-1,-1,23.963808,1,24.014208,0.602176,24.616384
1376,256,256,-1,-1,-1,-1,-1,24.063007,1,24.11264,0.623168,24.735808
1377,256,256,-1,-1,-1,-1,-1,23.819328,1,23.867968,0.61504,24.483008
1378,256,256,-1,-1,-1,-1,-1,23.705055,1,23.754976,0.613056,24.368032
1379,256,256,-1,-1,-1,-1,-1,23.899937,1,23.950657,0.622016,24.572673
1380,256,256,-1,-1,-1,-1,-1,24.020161,1,24.068192,0.613376,24.681568
1381,256,256,-1,-1,-1,-1,-1,24.184065,1,24.234367,0.612512,24.846879
1382,256,2288,-1,-1,-1,-1,-1,-1,0,56.193665,0.67472,56.868385
1383,256,256,-1,-1,-1,-1,-1,25.325665,1,25.378336,0.657344,26.03568
1384,256,256,-1,-1,-1,-1,-1,24.438688,1,24.492479,0.619968,25.112447
1385,256,256,-1,-1,-1,-1,-1,23.930143,1,23.978912,0.613952,24.592864
1386,256,256,-1,-1,-1,-1,-1,23.743456,1,23.794785,0.59744,24.392225
1387,256,256,-1,-1,-1,-1,-1,23.609407,1,23.660543,0.593664,24.254207
1388,256,256,-1,-1,-1,-1,-1,23.493729,1,23.54336,0.601184,24.144544
1389,256,256,-1,-1,-1,-1,-1,23.612513,1,23.663616,0.589024,24.25264
1390,256,256,-1,-1,-1,-1,-1,23.497375,1,23.547009,0.62256,24.169569
1391,256,256,-1,-1,-1,-1,-1,23.685951,1,23.734016,0.593408,24.327424
1392,256,2288,-1,-1,-1,-1,-1,-1,0,56.40477,0.683232,57.088002
1393,256,256,-1,-1,-1,-1,-1,25.75152,1,25.805216,0.659488,26.464704
1394,256,256,-1,-1,-1,-1,-1,24.393312,1,24.443552,0.616512,25.060064
1395,256,256,-1,-1,-1,-1,-1,23.892609,1,23.942656,0.595424,24.53808
1396,256,256,-1,-1,-1,-1,-1,23.7024,1,23.751904,0.6008,24.352704
1397,256,256,-1,-1,-1,-1,-1,23.615072,1,23.666719,0.609376,24.276095
1398,256,256,-1,-1,-1,-1,-1,23.505312,1,23.5536,0.600192,24.153792
1399,256,256,-1,-1,-1,-1,-1,23.543039,1,23.591232,0.594624,24.185856
1400,256,256,-1,-1,-1,-1,-1,23.680096,1,23.730688,0.6112,24.341888
1401,256,256,-1,-1,-1,-1,-1,23.623743,1,23.674145,0.611712,24.285857
1402,256,256,-1,-1,-1,-1,-1,23.708832,1,23.756577,0.592864,24.349441
1403,256,256,-1,-1,-1,-1,-1,23.72464,1,23.775328,0.613664,24.388992
1404,256,256,-1,-1,-1,-1,-1,23.860895,1,23.9112,0.61968,24.53088
1405,256,256,-1,-1,-1,-1,-1,23.808289,1,23.857183,0.605952,24.463135
1406,256,256,-1,-1,-1,-1,-1,24.170912,1,24.221376,0.629152,24.850528
1407,256,256,-1,-1,-1,-1,-1,24.280895,1,24.330624,0.613504,24.944128
1408,256,256,-1,-1,-1,-1,-1,24.212929,1,24.263296,0.627936,24.891232
1409,256,2288,-1,-1,-1,-1,-1,-1,0,57.21328,0.681088,57.894368
1410,256,256,-1,-1,-1,-1,-1,25.994816,1,26.048927,0.68352,26.732447
1411,256,2288,-1,-1,-1,-1,-1,-1,0,58.589249,0.659648,59.248897
1412,256,256,-1,-1,-1,-1,-1,25.428736,1,25.480385,0.6584,26.138785
1413,256,2288,-1,-1,-1,-1,-1,-1,0,57.873409,0.643584,58.516993
1414,256,4319,-1,-1,-1,-1,-1,-1,0,92.112801,0.686272,92.799073
1415,256,256,-1,-1,-1,-1,-1,26.017408,1,26.070721,0.659424,26.730145
1416,256,2288,-1,-1,-1,-1,-1,-1,0,57.739361,0.639488,58.378849
1417,256,256,-1,-1,-1,-1,-1,24.92288,1,24.97168,0.639936,25.611616
1418,256,2287,-1,-1,-1,-1,-1,-1,0,56.814945,0.663648,57.478593
1419,256,256,-1,-1,-1,-1,-1,25.593857,1,25.644352,0.668672,26.313024
1420,256,256,-1,-1,-1,-1,-1,25.062048,1,25.113279,0.625376,25.738655
1421,256,256,-1,-1,-1,-1,-1,24.353121,1,24.399872,0.600352,25.000224
1422,256,256,-1,-1,-1,-1,-1,24.092993,1,24.139551,0.609696,24.749247
1423,256,256,-1,-1,-1,-1,-1,24.020544,1,24.068192,0.610176,24.678368
1424,256,2288,-1,-1,-1,-1,-1,-1,0,52.613918,0.590688,53.204606
1425,256,2288,-1,-1,-1,-1,-1,-1,0,56.21648,0.664192,56.880672
1426,256,256,-1,-1,-1,-1,-1,25.273344,1,25.324415,0.654464,25.978879
1427,256,256,-1,-1,-1,-1,-1,24.64864,1,24.699776,0.599104,25.29888
1428,256,2288,-1,-1,-1,-1,-1,-1,0,57.625217,0.654848,58.280065
1429,256,256,-1,-1,-1,-1,-1,25.342049,1,25.392544,0.623488,26.016032
1430,256,256,-1,-1,-1,-1,-1,24.36096,1,24.408257,0.602176,25.010433
1431,256,2288,-1,-1,-1,-1,-1,-1,0,53.809536,0.65552,54.465056
1432,256,2288,-1,-1,-1,-1,-1,-1,0,59.591743,0.662496,60.254239
1433,256,256,-1,-1,-1,-1,-1,25.478369,1,25.529472,0.62576,26.155232
1434,256,2287,-1,-1,-1,-1,-1,-1,0,56.996319,0.646208,57.642527
1435,256,2288,-1,-1,-1,-1,-1,-1,0,58.95536,0.6568,59.61216
1436,256,6352,-1,-1,-1,-1,-1,-1,0,121.11216,0.660896,121.773056
1437,256,2288,-1,-1,-1,-1,-1,-1,0,59.436993,0.651232,60.088225
1438,256,2288,-1,-1,-1,-1,-1,-1,0,59.045696,0.656,59.701696
1439,256,256,-1,-1,-1,-1,-1,25.151808,1,25.201952,0.640704,25.842656
1440,256,4320,-1,-1,-1,-1,-1,-1,0,87.639618,0.654048,88.293666
1441,256,2288,-1,-1,-1,-1,-1,-1,0,59.251041,0.645632,59.896673
1442,256,4320,-1,-1,-1,-1,-1,-1,0,88.133888,0.656224,88.790112
1443,256,4320,-1,-1,-1,-1,-1,-1,0,89.768478,0.6552,90.423678
1444,256,256,-1,-1,-1,-1,-1,25.298977,1,25.349089,0.670944,26.020033
1445,256,2160,-1,-1,-1,-1,-1,-1,0,57.48851,0.64048,58.12899
1446,256,6352,-1,-1,-1,-1,-1,-1,0,120.722595,0.676032,121.398627
1447,256,4318,-1,-1,-1,-1,-1,-1,0,87.382591,0.66176,88.044351
1448,256,256,-1,-1,-1,-1,-1,25.142336,1,25.193567,0.654496,25.848063
1449,256,4320,-1,-1,-1,-1,-1,-1,0,86.961472,0.664544,87.626016
1450,256,2288,-1,-1,-1,-1,-1,-1,0,59.420319,0.650752,60.071071
1451,256,4320,-1,-1,-1,-1,-1,-1,0,90.242401,0.673408,90.915809
1452,256,6352,-1,-1,-1,-1,-1,-1,0,121.83181,0.658496,122.490306
1453,256,4320,-1,-1,-1,-1,-1,-1,0,90.126915,0.663904,90.790819
1454,256,256,-1,-1,-1,-1,-1,25.898785,1,25.951839,0.634752,26.586591
1455,256,4320,-1,-1,-1,-1,-1,-1,0,87.540733,0.660224,88.200957
1456,256,6352,-1,-1,-1,-1,-1,-1,0,120.551491,0.6544,121.205891
1457,256,6352,-1,-1,-1,-1,-1,-1,0,120.915871,0.655744,121.571615
1458,256,2288,-1,-1,-1,-1,-1,-1,0,59.245026,0.647264,59.89229
1459,256,4320,-1,-1,-1,-1,-1,-1,0,88.923904,0.647552,89.571456
1460,256,4320,-1,-1,-1,-1,-1,-1,0,88.799683,0.653952,89.453635
1461,256,4320,-1,-1,-1,-1,-1,-1,0,89.531105,0.653184,90.184289
1462,256,6351,-1,-1,-1,-1,-1,-1,0,121.534332,0.666208,122.20054
1463,256,2287,-1,-1,-1,-1,-1,-1,0,59.524033,0.6544,60.178433
1464,256,2288,-1,-1,-1,-1,-1,-1,0,58.886944,0.650912,59.537856
1465,256,2288,-1,-1,-1,-1,-1,-1,0,59.360447,0.662144,60.022591
1466,256,8383,-1,-1,-1,-1,-1,-1,0,156.862854,0.668704,157.531558
1467,256,4320,-1,-1,-1,-1,-1,-1,0,89.958557,0.65408,90.612637
1468,256,2288,-1,-1,-1,-1,-1,-1,0,58.532063,0.652992,59.185055
1469,256,256,-1,-1,-1,-1,-1,24.866783,1,24.917248,0.645888,25.563136
1470,256,4320,-1,-1,-1,-1,-1,-1,0,87.704865,0.653088,88.357952
1471,256,6032,-1,-1,-1,-1,-1,-1,0,115.221916,0.655072,115.876988
1472,256,2288,-1,-1,-1,-1,-1,-1,0,58.975742,0.642816,59.618558
1473,256,4320,-1,-1,-1,-1,-1,-1,0,88.918083,0.645216,89.563299
1474,256,2271,-1,-1,-1,-1,-1,-1,0,58.634945,0.651936,59.286881
1475,256,256,-1,-1,-1,-1,-1,25.148289,1,25.199743,0.671584,25.871327
1476,256,6352,-1,-1,-1,-1,-1,-1,0,120.929375,0.67104,121.600415
1477,256,10416,-1,-1,-1,-1,-1,-1,0,188.270981,0.678688,188.949669
1478,256,256,-1,-1,-1,-1,-1,25.789248,1,25.8416,0.679008,26.520608
1479,256,4319,-1,-1,-1,-1,-1,-1,0,88.231934,0.665024,88.896958
1480,256,6352,-1,-1,-1,-1,-1,-1,0,120.760895,0.677536,121.438431
1481,256,4320,-1,-1,-1,-1,-1,-1,0,89.566238,0.65808,90.224318
1482,256,2288,-1,-1,-1,-1,-1,-1,0,58.574432,0.649568,59.224
1483,256,4319,-1,-1,-1,-1,-1,-1,0,88.935135,0.653824,89.588959
1484,256,8383,-1,-1,-1,-1,-1,-1,0,156.409882,0.655968,157.06585
1485,256,4320,-1,-1,-1,-1,-1,-1,0,89.498749,0.6568,90.155549
1486,256,6352,-1,-1,-1,-1,-1,-1,0,119.780449,0.681184,120.461633
1487,256,2288,-1,-1,-1,-1,-1,-1,0,59.287682,0.653888,59.94157
1488,256,2288,-1,-1,-1,-1,-1,-1,0,58.54528,0.643616,59.188896
1489,256,4320,-1,-1,-1,-1,-1,-1,0,89.323357,0.678432,90.001789
1490,256,2288,-1,-1,-1,-1,-1,-1,0,58.378784,0.641888,59.020672
1491,256,4320,-1,-1,-1,-1,-1,-1,0,88.253792,0.66672,88.920512
1492,256,8382,-1,-1,-1,-1,-1,-1,0,157.485214,0.67536,158.160574
1493,256,8383,-1,-1,-1,-1,-1,-1,0,157.073883,0.670048,157.743931
1494,256,8383,-1,-1,-1,-1,-1,-1,0,153.363998,0.663424,154.027422
1495,256,8384,-1,-1,-1,-1,-1,-1,0,160.181122,0.698528,160.87965
1496,256,4319,-1,-1,-1,-1,-1,-1,0,89.732414,0.643776,90.37619
1497,256,4320,-1,-1,-1,-1,-1,-1,0,89.115936,0.657888,89.773824
1498,256,8384,-1,-1,-1,-1,-1,-1,0,153.474365,0.674944,154.149309
1499,256,2288,-1,-1,-1,-1,-1,-1,0,60.855713,0.657504,61.513217
1500,256,256,-1,-1,-1,-1,-1,25.120192,1,25.174623,0.675168,25.849791
1501,256,8384,-1,-1,-1,-1,-1,-1,0,155.592422,0.653952,156.246374
1502,256,6352,-1,-1,-1,-1,-1,-1,0,121.081696,0.687616,121.769312
1503,256,2288,-1,-1,-1,-1,-1,-1,0,58.655998,0.64848,59.304478
1504,256,6336,-1,-1,-1,-1,-1,-1,0,117.766304,0.68864,118.454944
1505,256,6352,-1,-1,-1,-1,-1,-1,0,122.746819,0.661888,123.408707
1506,256,4320,-1,-1,-1,-1,-1,-1,0,89.081345,0.660736,89.742081
1507,256,8384,-1,-1,-1,-1,-1,-1,0,157.041885,0.665152,157.707037
1508,256,4320,-1,-1,-1,-1,-1,-1,0,89.302147,0.665408,89.967555
1509,256,6351,-1,-1,-1,-1,-1,-1,0,121.644897,0.682624,122.327521
1510,256,6320,-1,-1,-1,-1,-1,-1,0,121.073952,0.660672,121.734624
1511,256,8384,-1,-1,-1,-1,-1,-1,0,158.703384,0.711968,159.415352
1512,256,6352,-1,-1,-1,-1,-1,-1,0,122.295776,0.659936,122.955712
1513,256,2288,-1,-1,-1,-1,-1,-1,0,58.739937,0.645536,59.385473
1514,256,2288,-1,-1,-1,-1,-1,-1,0,58.035263,0.64512,58.680383
1515,256,6352,-1,-1,-1,-1,-1,-1,0,117.583267,0.651712,118.234979
1516,256,256,-1,-1,-1,-1,-1,25.16992,1,25.219616,0.670368,25.889984
1517,256,4320,-1,-1,-1,-1,-1,-1,0,87.934845,0.64016,88.575005
1518,256,6352,-1,-1,-1,-1,-1,-1,0,118.767357,0.690208,119.457565
1519,256,2288,-1,-1,-1,-1,-1,-1,0,59.487263,0.654528,60.141791
1520,256,2288,-1,-1,-1,-1,-1,-1,0,57.679359,0.654592,58.333951
1521,256,2288,-1,-1,-1,-1,-1,-1,0,57.174847,0.64192,57.816767
1522,256,10416,-1,-1,-1,-1,-1,-1,0,186.603745,0.69664,187.300385
1523,256,8384,-1,-1,-1,-1,-1,-1,0,157.984985,0.69808,158.683065
1524,256,2288,-1,-1,-1,-1,-1,-1,0,60.162399,0.669632,60.832031
1525,256,2288,-1,-1,-1,-1,-1,-1,0,57.398975,0.63152,58.030495
1526,256,4320,-1,-1,-1,-1,-1,-1,0,87.913567,0.689184,88.602751
1527,256,2288,-1,-1,-1,-1,-1,-1,0,58.924961,0.648608,59.573569
1528,256,6352,-1,-1,-1,-1,-1,-1,0,117.583069,0.68656,118.269629
1529,256,2288,-1,-1,-1,-1,-1,-1,0,59.325119,0.656576,59.981695
1530,256,256,-1,-1,-1,-1,-1,24.612991,1,24.664225,0.640992,25.305217
1531,256,2288,-1,-1,-1,-1,-1,-1,0,56.393375,0.653664,57.047039
1532,256,4320,-1,-1,-1,-1,-1,-1,0,88.505569,0.68464,89.190209
1533,256,4320,-1,-1,-1,-1,-1,-1,0,88.739357,0.649984,89.389341
1534,256,256,-1,-1,-1,-1,-1,24.492895,1,24.546047,0.64928,25.195327
1535,256,2288,-1,-1,-1,-1,-1,-1,0,55.75296,0.654784,56.407744
1536,256,4320,-1,-1,-1,-1,-1,-1,0,88.532928,0.660512,89.19344
1537,256,2288,-1,-1,-1,-1,-1,-1,0,58.091518,0.656064,58.747582
1538,256,256,-1,-1,-1,-1,-1,24.994816,1,25.046144,0.679872,25.726016
1539,256,4320,-1,-1,-1,-1,-1,-1,0,87.810532,0.66448,88.475012
1540,256,256,-1,-1,-1,-1,-1,24.877888,1,24.92944,0.658112,25.587552
1541,256,2288,-1,-1,-1,-1,-1,-1,0,57.033569,0.653952,57.687521
1542,256,2288,-1,-1,-1,-1,-1,-1,0,57.442112,0.645536,58.087648
1543,256,2288,-1,-1,-1,-1,-1,-1,0,56.756897,0.636064,57.392961
1544,256,256,-1,-1,-1,-1,-1,24.236576,1,24.285984,0.643328,24.929312
1545,256,256,-1,-1,-1,-1,-1,23.852863,1,23.903263,0.6088,24.512063
1546,256,256,-1,-1,-1,-1,-1,23.379072,1,23.428288,0.605632,24.03392
1547,256,256,-1,-1,-1,-1,-1,23.141376,1,23.187391,0.610592,23.797983
1548,256,256,-1,-1,-1,-1,-1,23.091167,1,23.136671,0.60048,23.737151
1549,256,8384,-1,-1,-1,-1,-1,-1,0,157.128006,0.702848,157.830854
1550,256,256,-1,-1,-1,-1,-1,25.793377,1,25.846592,0.714784,26.561376
1551,256,2288,-1,-1,-1,-1,-1,-1,0,56.57299,0.677344,57.250334
1552,256,4320,-1,-1,-1,-1,-1,-1,0,88.951012,0.64864,89.599652
1553,256,256,-1,-1,-1,-1,-1,24.691328,1,24.741856,0.650464,25.39232
1554,256,4320,-1,-1,-1,-1,-1,-1,0,86.953918,0.670816,87.624734
1555,256,256,-1,-1,-1,-1,-1,24.798431,1,24.84992,0.668352,25.518272
1556,256,256,-1,-1,-1,-1,-1,24.444193,1,24.495392,0.649152,25.144544
1557,256,4320,-1,-1,-1,-1,-1,-1,0,85.066017,0.660768,85.726785
1558,256,2287,-1,-1,-1,-1,-1,-1,0,58.690239,0.669088,59.359327
1559,256,4320,-1,-1,-1,-1,-1,-1,0,89.046013,0.6536,89.699613
1560,256,256,-1,-1,-1,-1,-1,24.864288,1,24.914305,0.671712,25.586017
1561,256,2288,-1,-1,-1,-1,-1,-1,0,56.070431,0.645056,56.715487
1562,256,256,-1,-1,-1,-1,-1,24.619808,1,24.669632,0.646496,25.316128
1563,256,6335,-1,-1,-1,-1,-1,-1,0,116.347649,0.64688,116.994529
1564,256,2288,-1,-1,-1,-1,-1,-1,0,57.766079,0.687616,58.453695
1565,256,256,-1,-1,-1,-1,-1,24.658049,1,24.70928,0.631744,25.341024
1566,256,2287,-1,-1,-1,-1,-1,-1,0,57.478497,0.684064,58.162561
1567,256,256,-1,-1,-1,-1,-1,24.68704,1,24.739264,0.648384,25.387648
1568,256,256,-1,-1,-1,-1,-1,23.913504,1,23.962273,0.627136,24.589409
1569,256,2288,-1,-1,-1,-1,-1,-1,0,54.431137,0.66272,55.093857
1570,256,256,-1,-1,-1,-1,-1,25.269089,1,25.322784,0.688832,26.011616
1571,256,4320,-1,-1,-1,-1,-1,-1,0,88.687233,0.670304,89.357537
1572,256,2288,-1,-1,-1,-1,-1,-1,0,59.003426,0.68928,59.692706
1573,256,256,-1,-1,-1,-1,-1,24.735168,1,24.786528,0.64592,25.432448
1574,256,2288,-1,-1,-1,-1,-1,-1,0,56.093983,0.66736,56.761343
1575,256,6352,-1,-1,-1,-1,-1,-1,0,121.451012,0.672064,122.123076
1576,256,2288,-1,-1,-1,-1,-1,-1,0,58.845631,0.68736,59.532991
1577,256,256,-1,-1,-1,-1,-1,24.549761,1,24.600161,0.641536,25.241697
1578,256,256,-1,-1,-1,-1,-1,23.997375,1,24.046047,0.61792,24.663967
1579,256,2288,-1,-1,-1,-1,-1,-1,0,55.166752,0.6552,55.821952
1580,256,256,-1,-1,-1,-1,-1,24.685312,1,24.738049,0.657632,25.395681
1581,256,256,-1,-1,-1,-1,-1,24.174849,1,24.225439,0.614912,24.840351
1582,256,256,-1,-1,-1,-1,-1,23.462303,1,23.507393,0.587744,24.095137
1583,256,256,-1,-1,-1,-1,-1,23.147743,1,23.194336,0.588224,23.78256
1584,256,2288,-1,-1,-1,-1,-1,-1,0,54.528866,0.722432,55.251298
1585,256,256,-1,-1,-1,-1,-1,26.067713,1,26.122593,0.683904,26.806497
1586,256,256,-1,-1,-1,-1,-1,24.766785,1,24.819391,0.634688,25.454079
1587,256,256,-1,-1,-1,-1,-1,23.794176,1,23.844801,0.620896,24.465697
1588,256,256,-1,-1,-1,-1,-1,23.61216,1,23.658625,0.597504,24.256129
1589,256,2272,-1,-1,-1,-1,-1,-1,0,57.332642,0.66416,57.996802
1590,256,256,-1,-1,-1,-1,-1,25.315392,1,25.368736,0.681152,26.049888
1591,256,256,-1,-1,-1,-1,-1,24.275072,1,24.327393,0.624672,24.952065
1592,256,256,-1,-1,-1,-1,-1,23.664385,1,23.716608,0.614304,24.330912
1593,256,256,-1,-1,-1,-1,-1,23.315807,1,23.362688,0.612032,23.97472
1594,256,256,-1,-1,-1,-1,-1,23.238464,1,23.287489,0.6144,23.901889
1595,256,2288,-1,-1,-1,-1,-1,-1,0,56.576256,0.715968,57.292224
1596,256,256,-1,-1,-1,-1,-1,26.214369,1,26.267809,0.702336,26.970145
1597,256,2288,-1,-1,-1,-1,-1,-1,0,59.368511,0.640224,60.008735
1598,256,256,-1,-1,-1,-1,-1,24.485151,1,24.535681,0.68064,25.216321
1599,256,256,-1,-1,-1,-1,-1,24.183359,1,24.236288,0.638336,24.874624
1600,256,256,-1,-1,-1,-1,-1,23.807327,1,23.857183,0.615872,24.473055
1601,256,2288,-1,-1,-1,-1,-1,-1,0,56.519775,0.650048,57.169823
1602,256,256,-1,-1,-1,-1,-1,24.976353,1,25.02704,0.67664,25.70368
1603,256,256,-1,-1,-1,-1,-1,24.245377,1,24.298624,0.614432,24.913056
1604,256,256,-1,-1,-1,-1,-1,23.734432,1,23.781631,0.617792,24.399423
1605,256,256,-1,-1,-1,-1,-1,23.63232,1,23.684128,0.59872,24.282848
1606,256,256,-1,-1,-1,-1,-1,23.621023,1,23.671936,0.621664,24.2936
1607,256,256,-1,-1,-1,-1,-1,23.627424,1,23.679136,0.6176,24.296736
1608,256,256,-1,-1,-1,-1,-1,23.59024,1,23.640257,0.618016,24.258273
1609,256,256,-1,-1,-1,-1,-1,23.576736,1,23.62672,0.610016,24.236736
1610,256,2288,-1,-1,-1,-1,-1,-1,0,56.664928,0.740192,57.40512
1611,256,256,-1,-1,-1,-1,-1,26.025824,1,26.083361,0.67232,26.755681
1612,256,256,-1,-1,-1,-1,-1,24.545696,1,24.597536,0.661248,25.258784
1613,256,256,-1,-1,-1,-1,-1,24.580448,1,24.633793,0.664512,25.298305
1614,256,256,-1,-1,-1,-1,-1,23.879393,1,23.930719,0.609536,24.540255
1615,256,256,-1,-1,-1,-1,-1,23.38032,1,23.431168,0.607648,24.038816
1616,256,256,-1,-1,-1,-1,-1,23.392351,1,23.443071,0.61056,24.053631
1617,256,256,-1,-1,-1,-1,-1,23.385632,1,23.434273,0.6096,24.043873
1618,256,256,-1,-1,-1,-1,-1,23.333281,1,23.382401,0.610112,23.992513
1619,256,256,-1,-1,-1,-1,-1,23.435392,1,23.492512,0.595744,24.088256
1620,256,256,-1,-1,-1,-1,-1,23.517183,1,23.569088,0.609632,24.17872
1621,256,256,-1,-1,-1,-1,-1,23.604095,1,23.656,0.611584,24.267584
1622,256,2288,-1,-1,-1,-1,-1,-1,0,53.540543,0.640096,54.180639
1623,256,256,-1,-1,-1,-1,-1,24.142336,1,24.195808,0.62288,24.818688
1624,256,256,-1,-1,-1,-1,-1,24.937664,1,24.987328,0.66416,25.651488
1625,256,256,-1,-1,-1,-1,-1,24.32864,1,24.382175,0.635904,25.018079
1626,256,256,-1,-1,-1,-1,-1,23.769632,1,23.823711,0.610016,24.433727
1627,256,256,-1,-1,-1,-1,-1,23.613825,1,23.665407,0.60736,24.272767
1628,256,256,-1,-1,-1,-1,-1,23.506975,1,23.560575,0.602784,24.163359
1629,256,256,-1,-1,-1,-1,-1,23.551905,1,23.601696,0.61568,24.217376
1630,256,256,-1,-1,-1,-1,-1,23.561152,1,23.610399,0.603872,24.214271
1631,256,256,-1,-1,-1,-1,-1,23.792896,1,23.844225,0.618432,24.462657
1632,256,256,-1,-1,-1,-1,-1,23.849953,1,23.901024,0.601408,24.502432
1633,256,256,-1,-1,-1,-1,-1,24.02672,1,24.076799,0.606624,24.683423
1634,256,256,-1,-1,-1,-1,-1,23.999777,1,24.051905,0.617984,24.669889
1635,256,256,-1,-1,-1,-1,-1,23.843489,1,23.895519,0.620768,24.516287
1636,256,256,-1,-1,-1,-1,-1,23.999424,1,24.050304,0.605184,24.655488
1637,256,256,-1,-1,-1,-1,-1,24.083136,1,24.1408,0.631392,24.772192
1638,256,256,-1,-1,-1,-1,-1,24.268225,1,24.318752,0.627072,24.945824
1639,256,256,-1,-1,-1,-1,-1,24.171295,1,24.228128,0.627712,24.85584
1640,256,256,-1,-1,-1,-1,-1,24.065504,1,24.118113,0.622912,24.741025
1641,256,2288,-1,-1,-1,-1,-1,-1,0,58.762753,0.680128,59.442881
1642,256,2288,-1,-1,-1,-1,-1,-1,0,59.606785,0.674176,60.280961
1643,256,256,-1,-1,-1,-1,-1,24.754368,1,24.811872,0.643424,25.455296
1644,256,256,-1,-1,-1,-1,-1,24.278591,1,24.331009,0.627648,24.958657
1645,256,256,-1,-1,-1,-1,-1,23.987455,1,24.042145,0.62432,24.666465
1646,256,256,-1,-1,-1,-1,-1,23.960863,1,24.012833,0.634688,24.647521
1647,256,256,-1,-1,-1,-1,-1,23.918337,1,23.969313,0.620704,24.590017
1648,256,256,-1,-1,-1,-1,-1,23.942881,1,23.996576,0.616768,24.613344
1649,256,256,-1,-1,-1,-1,-1,23.996256,1,24.050592,0.619904,24.670496
1650,256,256,-1,-1,-1,-1,-1,23.964319,1,24.015297,0.616064,24.631361
1651,256,256,-1,-1,-1,-1,-1,23.800385,1,23.85232,0.61056,24.46288
1652,256,256,-1,-1,-1,-1,-1,23.870432,1,23.920544,0.616,24.536544
1653,256,256,-1,-1,-1,-1,-1,23.812864,1,23.862432,0.596896,24.459328
1654,256,4320,-1,-1,-1,-1,-1,-1,0,85.205475,0.6744,85.879875
1655,256,256,-1,-1,-1,-1,-1,25.662239,1,25.714336,0.661696,26.376032
1656,256,2288,-1,-1,-1,-1,-1,-1,0,58.016544,0.691776,58.70832
1657,256,256,-1,-1,-1,-1,-1,25.137505,1,25.19072,0.658016,25.848736
1658,256,256,-1,-1,-1,-1,-1,24.73296,1,24.789087,0.634752,25.423839
1659,256,2288,-1,-1,-1,-1,-1,-1,0,56.127457,0.646016,56.773473
1660,256,2288,-1,-1,-1,-1,-1,-1,0,58.534657,0.668832,59.203489
1661,256,2288,-1,-1,-1,-1,-1,-1,0,57.717888,0.650432,58.36832
1662,256,2288,-1,-1,-1,-1,-1,-1,0,58.402943,0.67584,59.078783
1663,256,2287,-1,-1,-1,-1,-1,-1,0,57.987904,0.664672,58.652576
1664,256,256,-1,-1,-1,-1,-1,24.928192,1,24.982401,0.662976,25.645377
1665,256,2288,-1,-1,-1,-1,-1,-1,0,57.818592,0.674944,58.493536
1666,256,256,-1,-1,-1,-1,-1,25.447231,1,25.499777,0.670112,26.169889
1667,256,2288,-1,-1,-1,-1,-1,-1,0,58.079426,0.67888,58.758306
1668,256,256,-1,-1,-1,-1,-1,25.557184,1,25.615456,0.67824,26.293696
1669,256,2288,-1,-1,-1,-1,-1,-1,0,57.630337,0.678048,58.308385
1670,256,256,-1,-1,-1,-1,-1,24.945215,1,24.996832,0.658272,25.655104
1671,256,2288,-1,-1,-1,-1,-1,-1,0,57.606464,0.67168,58.278144
1672,256,256,-1,-1,-1,-1,-1,25.135649,1,25.189888,0.641504,25.831392
1673,256,256,-1,-1,-1,-1,-1,24.501633,1,24.556641,0.634528,25.191169
1674,256,256,-1,-1,-1,-1,-1,24.050495,1,24.10224,0.608992,24.711232
1675,256,2288,-1,-1,-1,-1,-1,-1,0,55.360256,0.652576,56.012832
1676,256,6336,-1,-1,-1,-1,-1,-1,0,123.085442,0.704096,123.789538
1677,256,256,-1,-1,-1,-1,-1,25.634815,1,25.691551,0.660288,26.351839
1678,256,2288,-1,-1,-1,-1,-1,-1,0,56.663872,0.659776,57.323648
1679,256,2288,-1,-1,-1,-1,-1,-1,0,57.479904,0.668832,58.148736
1680,256,2287,-1,-1,-1,-1,-1,-1,0,58.755169,0.667072,59.422241
1681,256,6351,-1,-1,-1,-1,-1,-1,0,120.924225,0.68352,121.607745
1682,256,2288,-1,-1,-1,-1,-1,-1,0,59.196129,0.673696,59.869825
1683,256,6351,-1,-1,-1,-1,-1,-1,0,121.768799,0.694816,122.463615
1684,256,256,-1,-1,-1,-1,-1,25.870176,1,25.925665,0.679392,26.605057
1685,256,6350,-1,-1,-1,-1,-1,-1,0,120.942558,0.704544,121.647102
1686,256,2288,-1,-1,-1,-1,-1,-1,0,60.287521,0.676096,60.963617
1687,256,10414,-1,-1,-1,-1,-1,-1,0,185.376068,0.732384,186.108452
1688,256,256,-1,-1,-1,-1,-1,25.926304,1,25.982912,0.676128,26.65904
1689,256,256,-1,-1,-1,-1,-1,24.811232,1,24.865025,0.640224,25.505249
1690,256,2288,-1,-1,-1,-1,-1,-1,0,55.928322,0.634656,56.562978
1691,256,4320,-1,-1,-1,-1,-1,-1,0,90.943871,0.682848,91.626719
1692,256,2288,-1,-1,-1,-1,-1,-1,0,59.471359,0.638944,60.110303
1693,256,6352,-1,-1,-1,-1,-1,-1,0,122.000061,0.66608,122.666141
1694,256,2288,-1,-1,-1,-1,-1,-1,0,58.637344,0.664064,59.301408
1695,256,4320,-1,-1,-1,-1,-1,-1,0,87.912544,0.683488,88.596032
1696,256,256,-1,-1,-1,-1,-1,25.844576,1,25.898657,0.648448,26.547105
1697,256,4320,-1,-1,-1,-1,-1,-1,0,88.277153,0.689056,88.966209
1698,256,256,-1,-1,-1,-1,-1,25.697439,1,25.753408,0.67792,26.431328
1699,256,4320,-1,-1,-1,-1,-1,-1,0,90.012573,0.688704,90.701277
1700,256,2288,-1,-1,-1,-1,-1,-1,0,59.181087,0.658528,59.839615
1701,256,4319,-1,-1,-1,-1,-1,-1,0,89.332832,0.679328,90.01216
1702,256,6351,-1,-1,-1,-1,-1,-1,0,121.425468,0.689696,122.115164
1703,256,256,-1,-1,-1,-1,-1,25.723648,1,25.782656,0.66832,26.450976
1704,256,256,-1,-1,-1,-1,-1,24.79792,1,24.85264,0.63888,25.49152
1705,256,2288,-1,-1,-1,-1,-1,-1,0,55.991711,0.656512,56.648223
1706,256,256,-1,-1,-1,-1,-1,25.074207,1,25.129633,0.636224,25.765857
1707,256,6352,-1,-1,-1,-1,-1,-1,0,118.66832,0.70032,119.36864
1708,256,4320,-1,-1,-1,-1,-1,-1,0,90.274559,0.682176,90.956735
1709,256,2288,-1,-1,-1,-1,-1,-1,0,58.931744,0.66736,59.599104
1710,256,256,-1,-1,-1,-1,-1,24.730623,1,24.785215,0.655808,25.441023
1711,256,256,-1,-1,-1,-1,-1,24.182976,1,24.232544,0.614816,24.84736
1712,256,6352,-1,-1,-1,-1,-1,-1,0,119.467201,0.701792,120.168993
1713,256,2288,-1,-1,-1,-1,-1,-1,0,59.461887,0.675904,60.137791
1714,256,6352,-1,-1,-1,-1,-1,-1,0,120.887039,0.687008,121.574047
1715,256,2288,-1,-1,-1,-1,-1,-1,0,59.424801,0.668192,60.092993
1716,256,4320,-1,-1,-1,-1,-1,-1,0,88.092003,0.669728,88.761731
1717,256,2288,-1,-1,-1,-1,-1,-1,0,59.233761,0.676928,59.910689
1718,256,4320,-1,-1,-1,-1,-1,-1,0,88.884766,0.667072,89.551838
1719,256,8383,-1,-1,-1,-1,-1,-1,0,156.459457,0.694752,157.154209
1720,256,2288,-1,-1,-1,-1,-1,-1,0,59.902496,0.694656,60.597152
1721,256,256,-1,-1,-1,-1,-1,25.029408,1,25.083967,0.665888,25.749855
1722,256,4319,-1,-1,-1,-1,-1,-1,0,88.973412,0.672064,89.645476
1723,256,256,-1,-1,-1,-1,-1,25.017569,1,25.071264,0.656352,25.727616
1724,256,256,-1,-1,-1,-1,-1,24.368065,1,24.420897,0.634592,25.055489
1725,256,256,-1,-1,-1,-1,-1,23.699936,1,23.750528,0.594304,24.344832
1726,256,4320,-1,-1,-1,-1,-1,-1,0,87.989441,0.679072,88.668513
1727,256,4272,-1,-1,-1,-1,-1,-1,0,89.035484,0.689152,89.724636
1728,256,256,-1,-1,-1,-1,-1,25.823936,1,25.8792,0.692096,26.571296
1729,256,4320,-1,-1,-1,-1,-1,-1,0,87.731522,0.681984,88.413506
1730,256,4320,-1,-1,-1,-1,-1,-1,0,89.007713,0.673024,89.680737
1731,256,10415,-1,-1,-1,-1,-1,-1,0,186.586334,0.687648,187.273982
1732,256,4319,-1,-1,-1,-1,-1,-1,0,90.226402,0.657216,90.883618
1733,256,10416,-1,-1,-1,-1,-1,-1,0,188.736679,0.707808,189.444487
1734,256,10400,-1,-1,-1,-1,-1,-1,0,186.985626,0.67264,187.658266
1735,256,4320,-1,-1,-1,-1,-1,-1,0,92.472832,0.677088,93.14992
1736,256,6352,-1,-1,-1,-1,-1,-1,0,121.846397,0.658624,122.505021
1737,256,4320,-1,-1,-1,-1,-1,-1,0,89.048256,0.6632,89.711456
1738,256,8384,-1,-1,-1,-1,-1,-1,0,159.147903,0.71056,159.858463
1739,256,10415,-1,-1,-1,-1,-1,-1,0,184.566757,0.674752,185.241509
1740,256,8383,-1,-1,-1,-1,-1,-1,0,153.930374,0.664448,154.594822
1741,256,8384,-1,-1,-1,-1,-1,-1,0,155.306015,0.695872,156.001887
1742,256,4320,-1,-1,-1,-1,-1,-1,0,89.438499,0.646752,90.085251
1743,256,4319,-1,-1,-1,-1,-1,-1,0,89.059746,0.687328,89.747074
1744,256,2287,-1,-1,-1,-1,-1,-1,0,59.525761,0.658976,60.184737
1745,256,4320,-1,-1,-1,-1,-1,-1,0,86.80275,0.6808,87.48355
1746,256,4320,-1,-1,-1,-1,-1,-1,0,87.59594,0.66848,88.26442
1747,256,4320,-1,-1,-1,-1,-1,-1,0,88.965981,0.677888,89.643869
1748,256,2288,-1,-1,-1,-1,-1,-1,0,58.790722,0.669888,59.46061
1749,256,8384,-1,-1,-1,-1,-1,-1,0,157.678009,0.707936,158.385945
1750,256,6351,-1,-1,-1,-1,-1,-1,0,121.925537,0.680672,122.606209
1751,256,4320,-1,-1,-1,-1,-1,-1,0,89.571777,0.68224,90.254017
1752,256,4320,-1,-1,-1,-1,-1,-1,0,89.929634,0.703872,90.633506
1753,256,256,-1,-1,-1,-1,-1,24.762304,1,24.817568,0.660864,25.478432
1754,256,8384,-1,-1,-1,-1,-1,-1,0,156.558182,0.682304,157.240486
1755,256,2288,-1,-1,-1,-1,-1,-1,0,59.412769,0.667424,60.080193
1756,256,4320,-1,-1,-1,-1,-1,-1,0,87.287811,0.662656,87.950467
1757,256,6352,-1,-1,-1,-1,-1,-1,0,120.037277,0.67136,120.708637
1758,256,4320,-1,-1,-1,-1,-1,-1,0,87.738785,0.657824,88.396609
1759,256,4320,-1,-1,-1,-1,-1,-1,0,88.949249,0.658112,89.607361
1760,256,8383,-1,-1,-1,-1,-1,-1,0,153.866241,0.682368,154.548609
1761,256,4319,-1,-1,-1,-1,-1,-1,0,88.609566,0.670912,89.280478
1762,256,2288,-1,-1,-1,-1,-1,-1,0,59.37936,0.659776,60.039136
1763,256,256,-1,-1,-1,-1,-1,24.5672,1,24.618143,0.637152,25.255295
1764,256,2288,-1,-1,-1,-1,-1,-1,0,55.004578,0.640352,55.64493
1765,256,4320,-1,-1,-1,-1,-1,-1,0,89.429886,0.66768,90.097566
1766,256,6352,-1,-1,-1,-1,-1,-1,0,118.750786,0.65504,119.405826
1767,256,2288,-1,-1,-1,-1,-1,-1,0,59.096512,0.691488,59.788
1768,256,256,-1,-1,-1,-1,-1,24.534336,1,24.583456,0.66784,25.251296
1769,256,2288,-1,-1,-1,-1,-1,-1,0,56.223839,0.68432,56.908159
1770,256,4320,-1,-1,-1,-1,-1,-1,0,89.050049,0.676192,89.726241
1771,256,10399,-1,-1,-1,-1,-1,-1,0,186.707809,0.695712,187.403521
1772,256,256,-1,-1,-1,-1,-1,25.600639,1,25.655647,0.694464,26.350111
1773,256,2288,-1,-1,-1,-1,-1,-1,0,57.981441,0.633856,58.615297
1774,256,10415,-1,-1,-1,-1,-1,-1,0,188.665283,0.693248,189.358531
1775,256,2288,-1,-1,-1,-1,-1,-1,0,58.888321,0.648096,59.536417
1776,256,256,-1,-1,-1,-1,-1,24.576256,1,24.628992,0.66576,25.294752
1777,256,6336,-1,-1,-1,-1,-1,-1,0,118.482239,0.668096,119.150335
1778,256,2288,-1,-1,-1,-1,-1,-1,0,58.485184,0.679584,59.164768
1779,256,256,-1,-1,-1,-1,-1,24.510719,1,24.561504,0.641664,25.203168
1780,256,4320,-1,-1,-1,-1,-1,-1,0,86.459709,0.648288,87.107997
1781,256,6351,-1,-1,-1,-1,-1,-1,0,121.484734,0.653984,122.138718
1782,256,2288,-1,-1,-1,-1,-1,-1,0,57.812897,0.634304,58.447201
1783,256,256,-1,-1,-1,-1,-1,24.20368,1,24.2544,0.626944,24.881344
1784,256,2287,-1,-1,-1,-1,-1,-1,0,55.863777,0.652416,56.516193
1785,256,4320,-1,-1,-1,-1,-1,-1,0,88.882401,0.667072,89.549473
1786,256,2288,-1,-1,-1,-1,-1,-1,0,58.11235,0.669536,58.781886
1787,256,256,-1,-1,-1,-1,-1,24.941729,1,24.994112,0.681888,25.676
1788,256,256,-1,-1,-1,-1,-1,24.047457,1,24.100384,0.604224,24.704608
1789,256,4320,-1,-1,-1,-1,-1,-1,0,86.229057,0.661664,86.890721
1790,256,6352,-1,-1,-1,-1,-1,-1,0,122.941505,0.6728,123.614305
1791,256,4319,-1,-1,-1,-1,-1,-1,0,89.242912,0.654176,89.897088
1792,256,2287,-1,-1,-1,-1,-1,-1,0,58.236832,0.689248,58.92608
1793,256,256,-1,-1,-1,-1,-1,24.734465,1,24.786207,0.665632,25.451839
1794,256,256,-1,-1,-1,-1,-1,24.009121,1,24.062304,0.643936,24.70624
1795,256,2288,-1,-1,-1,-1,-1,-1,0,54.39888,0.68704,55.08592
1796,256,6352,-1,-1,-1,-1,-1,-1,0,121.305214,0.698496,122.00371
1797,256,256,-1,-1,-1,-1,-1,25.03648,1,25.090816,0.680768,25.771585
1798,256,256,-1,-1,-1,-1,-1,24.487648,1,24.543455,0.633952,25.177407
1799,256,2288,-1,-1,-1,-1,-1,-1,0,56.485023,0.65184,57.136863
1800,256,2288,-1,-1,-1,-1,-1,-1,0,57.677505,0.67808,58.355586
1801,256,256,-1,-1,-1,-1,-1,24.328257,1,24.379105,0.646496,25.025601
1802,256,4320,-1,-1,-1,-1,-1,-1,0,87.424286,0.705184,88.12947
1803,256,256,-1,-1,-1,-1,-1,24.866913,1,24.91984,0.655008,25.574848
1804,256,256,-1,-1,-1,-1,-1,23.986496,1,24.041151,0.645792,24.686943
1805,256,256,-1,-1,-1,-1,-1,23.474752,1,23.524927,0.59792,24.122847
1806,256,256,-1,-1,-1,-1,-1,22.975744,1,23.024288,0.602368,23.626656
1807,256,256,-1,-1,-1,-1,-1,22.958912,1,23.00576,0.606592,23.612352
1808,256,2288,-1,-1,-1,-1,-1,-1,0,53.093887,0.65584,53.749727
1809,256,4320,-1,-1,-1,-1,-1,-1,0,90.599548,0.65856,91.258108
1810,256,256,-1,-1,-1,-1,-1,25.019424,1,25.068384,0.632896,25.70128
1811,256,2288,-1,-1,-1,-1,-1,-1,0,55.914719,0.63728,56.551999
1812,256,256,-1,-1,-1,-1,-1,24.6544,1,24.705441,0.656608,25.362049
1813,256,256,-1,-1,-1,-1,-1,24.158464,1,24.209024,0.635552,24.844576
1814,256,256,-1,-1,-1,-1,-1,23.78784,1,23.838144,0.624512,24.462656
1815,256,256,-1,-1,-1,-1,-1,23.34976,1,23.401249,0.607904,24.009153
1816,256,256,-1,-1,-1,-1,-1,23.187519,1,23.237217,0.58864,23.825857
1817,256,2287,-1,-1,-1,-1,-1,-1,0,54.103745,0.681024,54.784769
1818,256,2288,-1,-1,-1,-1,-1,-1,0,59.559425,0.65408,60.213505
1819,256,2288,-1,-1,-1,-1,-1,-1,0,58.638817,0.657472,59.296289
1820,256,2288,-1,-1,-1,-1,-1,-1,0,58.340351,0.648256,58.988607
1821,256,4319,-1,-1,-1,-1,-1,-1,0,88.51078,0.654656,89.165436
1822,256,2288,-1,-1,-1,-1,-1,-1,0,57.207424,0.648192,57.855616
1823,256,256,-1,-1,-1,-1,-1,24.379681,1,24.428801,0.658528,25.087329
1824,256,2272,-1,-1,-1,-1,-1,-1,0,57.603554,0.655616,58.25917
1825,256,6352,-1,-1,-1,-1,-1,-1,0,120.210785,0.6744,120.885185
1826,256,256,-1,-1,-1,-1,-1,24.830145,1,24.879744,0.661632,25.541376
1827,256,256,-1,-1,-1,-1,-1,24.075296,1,24.123552,0.60896,24.732512
1828,256,256,-1,-1,-1,-1,-1,23.618368,1,23.66592,0.612736,24.278656
1829,256,2288,-1,-1,-1,-1,-1,-1,0,54.584927,0.696096,55.281023
1830,256,256,-1,-1,-1,-1,-1,25.9088,1,25.960447,0.676512,26.636959
1831,256,2288,-1,-1,-1,-1,-1,-1,0,57.722527,0.64624,58.368767
1832,256,8383,-1,-1,-1,-1,-1,-1,0,155.237152,0.690976,155.928128
1833,256,256,-1,-1,-1,-1,-1,25.546944,1,25.599009,0.669792,26.268801
1834,256,4320,-1,-1,-1,-1,-1,-1,0,87.705986,0.690944,88.39693
1835,256,256,-1,-1,-1,-1,-1,25.075041,1,25.127104,0.675072,25.802176
1836,256,256,-1,-1,-1,-1,-1,24.330208,1,24.382273,0.62544,25.007713
1837,256,256,-1,-1,-1,-1,-1,23.664448,1,23.711201,0.594208,24.305409
1838,256,256,-1,-1,-1,-1,-1,23.370527,1,23.418272,0.605024,24.023296
1839,256,256,-1,-1,-1,-1,-1,23.232737,1,23.281376,0.589728,23.871104
1840,256,256,-1,-1,-1,-1,-1,23.485472,1,23.531712,0.633248,24.16496
1841,256,256,-1,-1,-1,-1,-1,23.376575,1,23.423008,0.605728,24.028736
1842,256,256,-1,-1,-1,-1,-1,23.357536,1,23.406048,0.623744,24.029792
1843,256,256,-1,-1,-1,-1,-1,23.382336,1,23.429119,0.614272,24.043391
1844,256,256,-1,-1,-1,-1,-1,23.620895,1,23.668287,0.634368,24.302655
1845,256,256,-1,-1,-1,-1,-1,23.684992,1,23.732033,0.611072,24.343105
1846,256,256,-1,-1,-1,-1,-1,23.539137,1,23.587456,0.624704,24.21216
1847,256,256,-1,-1,-1,-1,-1,23.455711,1,23.504831,0.612768,24.117599
1848,256,256,-1,-1,-1,-1,-1,23.402143,1,23.449728,0.616928,24.066656
1849,256,256,-1,-1,-1,-1,-1,23.332319,1,23.37776,0.610304,23.988064
1850,256,256,-1,-1,-1,-1,-1,23.235617,1,23.287968,0.610336,23.898304
1851,256,2288,-1,-1,-1,-1,-1,-1,0,58.533409,0.743072,59.276481
1852,256,256,-1,-1,-1,-1,-1,26.193855,1,26.249023,0.664128,26.913151
1853,256,256,-1,-1,-1,-1,-1,24.216768,1,24.268385,0.609664,24.878049
1854,256,256,-1,-1,-1,-1,-1,23.6504,1,23.698463,0.592832,24.291295
1855,256,256,-1,-1,-1,-1,-1,23.412449,1,23.462112,0.59376,24.055872
1856,256,256,-1,-1,-1,-1,-1,23.493055,1,23.542112,0.61712,24.159232
1857,256,256,-1,-1,-1,-1,-1,23.63072,1,23.678944,0.612256,24.2912
1858,256,256,-1,-1,-1,-1,-1,23.50416,1,23.552065,0.59648,24.148545
1859,256,2288,-1,-1,-1,-1,-1,-1,0,57.597057,0.693568,58.290625
1860,256,256,-1,-1,-1,-1,-1,25.720287,1,25.776129,0.666144,26.442273
1861,256,256,-1,-1,-1,-1,-1,24.920864,1,24.975391,0.610208,25.585599
1862,256,256,-1,-1,-1,-1,-1,23.771393,1,23.82192,0.593248,24.415168
1863,256,256,-1,-1,-1,-1,-1,23.481472,1,23.530399,0.604608,24.135007
1864,256,256,-1,-1,-1,-1,-1,23.632223,1,23.680832,0.614752,24.295584
1865,256,256,-1,-1,-1,-1,-1,23.74304,1,23.791552,0.598816,24.390368
1866,256,2288,-1,-1,-1,-1,-1,-1,0,57.218945,0.68656,57.905505
1867,256,256,-1,-1,-1,-1,-1,25.915552,1,25.971617,0.679968,26.651585
1868,256,256,-1,-1,-1,-1,-1,25.146976,1,25.199009,0.619776,25.818785
1869,256,256,-1,-1,-1,-1,-1,24.142944,1,24.193024,0.607072,24.800096
1870,255,255,-1,-1,-1,-1,-1,23.901537,1,23.950369,0.614176,24.564545
1871,255,255,-1,-1,-1,-1,-1,23.795328,1,23.845568,0.61472,24.460288
1872,255,255,-1,-1,-1,-1,-1,23.671871,1,23.72336,0.595904,24.319264
1873,255,255,-1,-1,-1,-1,-1,23.564384,1,23.615488,0.59088,24.206368
1874,255,255,-1,-1,-1,-1,-1,23.504896,1,23.552896,0.604768,24.157664
1875,255,255,-1,-1,-1,-1,-1,23.505312,1,23.554625,0.591488,24.146113
1876,255,255,-1,-1,-1,-1,-1,23.529057,1,23.579103,0.61248,24.191583
1877,255,255,-1,-1,-1,-1,-1,23.615007,1,23.665504,0.614432,24.279936
1878,254,254,-1,-1,-1,-1,-1,23.555136,1,23.605375,0.607264,24.212639
1879,254,254,-1,-1,-1,-1,-1,23.494177,1,23.544449,0.588768,24.133217
1880,254,254,-1,-1,-1,-1,-1,23.456673,1,23.505535,0.610624,24.116159
1881,254,254,-1,-1,-1,-1,-1,23.647039,1,23.697023,0.612352,24.309375
1882,254,254,-1,-1,-1,-1,-1,23.786528,1,23.83744,0.611296,24.448736
1883,253,253,-1,-1,-1,-1,-1,23.562784,1,23.613024,0.587456,24.20048
1884,253,253,-1,-1,-1,-1,-1,23.42864,1,23.478048,0.603616,24.081664
1885,253,253,-1,-1,-1,-1,-1,23.774496,1,23.826048,0.616992,24.44304
1886,253,253,-1,-1,-1,-1,-1,23.963327,1,24.015232,0.630304,24.645536
1887,253,253,-1,-1,-1,-1,-1,24.249537,1,24.300512,0.622784,24.923296
1888,253,253,-1,-1,-1,-1,-1,24.193825,1,24.244543,0.614272,24.858815
1889,253,253,-1,-1,-1,-1,-1,23.844608,1,23.898369,0.61232,24.510689
1890,253,253,-1,-1,-1,-1,-1,23.810432,1,23.858561,0.610048,24.468609
1891,253,253,-1,-1,-1,-1,-1,23.70896,1,23.759136,0.592992,24.352128
1892,252,252,-1,-1,-1,-1,-1,23.626112,1,23.674623,0.603776,24.278399
1893,252,252,-1,-1,-1,-1,-1,23.492064,1,23.540417,0.603392,24.143809
1894,252,252,-1,-1,-1,-1,-1,23.68928,1,23.738111,0.619008,24.35712
1895,252,252,-1,-1,-1,-1,-1,24.069824,1,24.118912,0.616416,24.735328
1896,252,252,-1,-1,-1,-1,-1,24.327583,1,24.376673,0.639872,25.016545
1897,252,252,-1,-1,-1,-1,-1,24.153248,1,24.202881,0.604352,24.807233
1898,251,251,-1,-1,-1,-1,-1,24.007776,1,24.056,0.62032,24.67632
1899,251,251,-1,-1,-1,-1,-1,23.888767,1,23.938848,0.607296,24.546144
1900,251,251,-1,-1,-1,-1,-1,23.704128,1,23.755009,0.605632,24.360641
1901,250,250,-1,-1,-1,-1,-1,23.440832,1,23.49152,0.59376,24.08528
1902,248,248,-1,-1,-1,-1,-1,23.556288,1,23.606079,0.598624,24.204703
1903,247,247,-1,-1,-1,-1,-1,22.999456,1,23.047104,0.591456,23.63856
1904,247,247,-1,-1,-1,-1,-1,23.469696,1,23.519903,0.613536,24.133439
1905,245,245,-1,-1,-1,-1,-1,23.271681,1,23.320768,0.608416,23.929184
1906,245,245,-1,-1,-1,-1,-1,23.222015,1,23.272385,0.602976,23.875361
1907,244,244,-1,-1,-1,-1,-1,23.151039,1,23.200319,0.599904,23.800223
1908,244,244,-1,-1,-1,-1,-1,23.13776,1,23.185087,0.604928,23.790015
1909,244,244,-1,-1,-1,-1,-1,23.112032,1,23.160671,0.586176,23.746847
1910,243,243,-1,-1,-1,-1,-1,22.961439,1,23.011072,0.5984,23.609472
1911,243,243,-1,-1,-1,-1,-1,22.858624,1,22.909281,0.5952,23.504481
1912,243,243,-1,-1,-1,-1,-1,22.990561,1,23.038816,0.601088,23.639904
1913,243,243,-1,-1,-1,-1,-1,23.012672,1,23.063583,0.602144,23.665727
1914,243,243,-1,-1,-1,-1,-1,22.956575,1,23.007263,0.592832,23.600095
1915,242,242,-1,-1,-1,-1,-1,22.835264,1,22.886656,0.57968,23.466336
1916,242,242,-1,-1,-1,-1,-1,22.886112,1,22.935583,0.602816,23.538399
1917,241,241,-1,-1,-1,-1,-1,22.882113,1,22.932512,0.579072,23.511584
1918,240,240,-1,-1,-1,-1,-1,22.703327,1,22.754175,0.807744,23.561919
1919,240,240,-1,-1,-1,-1,-1,22.632383,1,23.870432,0.558816,24.429248
1920,239,239,-1,-1,-1,-1,-1,22.317057,1,22.366367,0.575488,22.941855
1921,238,238,-1,-1,-1,-1,-1,22.322784,1,22.372576,0.580832,22.953408
1922,235,235,-1,-1,-1,-1,-1,22.671713,1,22.718496,0.58576,23.304256
1923,234,234,-1,-1,-1,-1,-1,22.653536,1,22.703775,0.560416,23.264191
1924,232,232,-1,-1,-1,-1,-1,22.600639,1,22.649055,0.574496,23.223551
1925,230,230,-1,-1,-1,-1,-1,21.976065,1,22.024384,0.574272,22.598656
1926,229,229,-1,-1,-1,-1,-1,21.860319,1,21.91168,0.584928,22.496608
1927,227,227,-1,-1,-1,-1,-1,21.714369,1,21.762497,0.570592,22.333089
1928,226,226,-1,-1,-1,-1,-1,21.775295,1,21.824064,0.57008,22.394144
1929,225,225,-1,-1,-1,-1,-1,21.725281,1,21.773504,0.551104,22.324608
1930,224,224,-1,-1,-1,-1,-1,21.624384,1,21.672705,0.768064,22.440769
1931,224,224,-1,-1,-1,-1,-1,21.538752,1,22.940289,0.5288,23.469089
1932,224,224,-1,-1,-1,-1,-1,21.22912,1,21.275455,0.553248,21.828703
1933,223,223,-1,-1,-1,-1,-1,21.445568,1,21.493471,0.54768,22.041151
1934,223,223,-1,-1,-1,-1,-1,21.658848,1,21.707199,0.55296,22.260159
1935,222,222,-1,-1,-1,-1,-1,21.77216,1,21.822817,0.5536,22.376417
1936,220,220,-1,-1,-1,-1,-1,21.736799,1,21.78528,0.558464,22.343744
1937,218,218,-1,-1,-1,-1,-1,21.558559,1,21.609089,0.535616,22.144705
1938,217,217,-1,-1,-1,-1,-1,21.388224,1,21.435968,0.551936,21.987904
1939,215,215,-1,-1,-1,-1,-1,21.303871,1,21.353409,0.533792,21.887201
1940,215,215,-1,-1,-1,-1,-1,21.248257,1,21.296192,0.543616,21.839808
1941,215,215,-1,-1,-1,-1,-1,21.252256,1,21.300192,0.518496,21.818688
1942,214,214,-1,-1,-1,-1,-1,20.730368,1,20.778528,0.559616,21.338144
1943,212,212,-1,-1,-1,-1,-1,20.611008,1,20.65984,0.525952,21.185792
1944,212,212,-1,-1,-1,-1,-1,20.649281,1,20.6968,0.535168,21.231968
1945,210,210,-1,-1,-1,-1,-1,20.642176,1,20.691168,0.522784,21.213952
1946,210,210,-1,-1,-1,-1,-1,20.757215,1,20.806751,0.533248,21.339999
1947,208,208,-1,-1,-1,-1,-1,20.767616,1,20.815168,0.757792,21.57296
1948,208,208,-1,-1,-1,-1,-1,20.635872,1,21.70368,0.51456,22.21824
1949,206,206,-1,-1,-1,-1,-1,20.15312,1,20.199392,0.522816,20.722208
1950,205,205,-1,-1,-1,-1,-1,20.156927,1,20.204639,0.524192,20.728831
1951,203,203,-1,-1,-1,-1,-1,20.283169,1,20.331297,0.524896,20.856193
1952,200,200,-1,-1,-1,-1,-1,20.373056,1,20.420511,0.509856,20.930367
1953,199,199,-1,-1,-1,-1,-1,20.324833,1,20.371296,0.494784,20.86608
1954,198,198,-1,-1,-1,-1,-1,19.793056,1,19.838177,0.503872,20.342049
1955,194,194,-1,-1,-1,-1,-1,19.310753,1,19.357697,0.504256,19.861953
1956,193,193,-1,-1,-1,-1,-1,19.232992,1,19.279167,0.487648,19.766815
1957,189,189,-1,-1,-1,-1,-1,19.216225,1,19.261951,0.49728,19.759231
1958,188,188,-1,-1,-1,-1,-1,19.189793,1,19.234753,0.49776,19.732513
1959,187,187,-1,-1,-1,-1,-1,19.256033,1,19.305183,0.501504,19.806687
1960,185,185,-1,-1,-1,-1,-1,19.298719,1,19.346975,0.49872,19.845695
1961,183,183,-1,-1,-1,-1,-1,19.245119,1,19.292576,0.484992,19.777568
1962,182,182,-1,-1,-1,-1,-1,19.093985,1,19.141727,0.478368,19.620095
1963,179,179,-1,-1,-1,-1,-1,18.319296,1,18.365631,0.475104,18.840735
1964,178,178,-1,-1,-1,-1,-1,18.254368,1,18.301023,0.476224,18.777247
1965,176,176,-1,-1,-1,-1,-1,18.21936,1,18.267712,0.467456,18.735168
1966,172,172,-1,-1,-1,-1,-1,18.127232,1,18.176001,0.457408,18.633409
1967,168,168,-1,-1,-1,-1,-1,18.123264,1,18.168736,0.453632,18.622368
1968,166,166,-1,-1,-1,-1,-1,18.072544,1,18.11936,0.445664,18.565024
1969,164,164,-1,-1,-1,-1,-1,17.396353,1,17.443552,0.44432,17.887872
1970,163,163,-1,-1,-1,-1,-1,17.301888,1,17.346848,0.4504,17.797248
1971,161,161,-1,-1,-1,-1,-1,17.14336,1,17.190592,0.447296,17.637888
1972,161,161,-1,-1,-1,-1,-1,17.152767,1,17.197697,0.44864,17.646337
1973,161,161,-1,-1,-1,-1,-1,17.231487,1,17.276993,0.446048,17.723041
1974,161,161,-1,-1,-1,-1,-1,17.238943,1,17.287231,0.444224,17.731455
1975,156,156,-1,-1,-1,-1,-1,17.166241,1,17.213728,0.442688,17.656416
1976,156,156,-1,-1,-1,-1,-1,17.091871,1,17.137407,0.44016,17.577567
1977,153,153,-1,-1,-1,-1,-1,16.982176,1,17.02976,0.437728,17.467488
1978,150,150,-1,-1,-1,-1,-1,17.000641,1,17.046432,0.451808,17.498241
1979,148,148,-1,-1,-1,-1,-1,16.426752,1,16.471807,0.429984,16.901791
