step,sched_reqs,sched_tokens,batch,num_query_tokens,sum_seq_len,num_spec_tokens,draft_ms,target_fwd_ms,n_target_fwd,exec_ms,sample_ms,step_ms
0,128,256,-1,-1,-1,-1,-1,9.032,1,3377.351318,10898.911133,14276.262451
1,128,128,-1,-1,-1,-1,-1,5.52096,1,6.683808,3.078176,9.761984
2,1,2048,-1,-1,-1,-1,-1,-1,0,31.938272,1.73616,33.674433
3,8,14232,-1,-1,-1,-1,-1,-1,0,212.316483,0.324416,212.640899
4,13,10173,-1,-1,-1,-1,-1,-1,0,153.610168,1.56464,155.174809
5,22,16384,-1,-1,-1,-1,-1,-1,0,259.146973,1.73312,260.880093
6,30,16384,-1,-1,-1,-1,-1,-1,0,285.378479,0.768,286.146479
7,38,16384,-1,-1,-1,-1,-1,-1,0,264.777771,0.736736,265.514507
8,46,16384,-1,-1,-1,-1,-1,-1,0,256.715698,0.746304,257.462002
9,54,16384,-1,-1,-1,-1,-1,-1,0,256.121399,2.1336,258.254999
10,62,16384,-1,-1,-1,-1,-1,-1,0,284.802246,0.764928,285.567174
11,70,16384,-1,-1,-1,-1,-1,-1,0,263.277466,1.755488,265.032954
12,78,16384,-1,-1,-1,-1,-1,-1,0,259.145844,0.752448,259.898292
13,86,16384,-1,-1,-1,-1,-1,-1,0,262.460388,0.770304,263.230692
14,94,16384,-1,-1,-1,-1,-1,-1,0,276.236603,0.773024,277.009627
15,102,16384,-1,-1,-1,-1,-1,-1,0,266.594696,0.82128,267.415976
16,110,16384,-1,-1,-1,-1,-1,-1,0,261.068146,0.798528,261.866674
17,118,16384,-1,-1,-1,-1,-1,-1,0,269.911469,0.808384,270.719853
18,126,16384,-1,-1,-1,-1,-1,-1,0,269.853363,0.456544,270.309907
19,128,5443,-1,-1,-1,-1,-1,-1,0,97.042336,0.445472,97.487808
20,128,128,-1,-1,-1,-1,-1,13.217632,1,13.267968,0.438528,13.706496
21,128,128,-1,-1,-1,-1,-1,13.059328,1,13.110464,0.415904,13.526368
22,128,128,-1,-1,-1,-1,-1,12.753888,1,12.802528,0.4104,13.212928
23,128,128,-1,-1,-1,-1,-1,12.581856,1,12.631584,0.410784,13.042368
24,128,128,-1,-1,-1,-1,-1,12.527648,1,12.573984,0.41136,12.985344
25,128,128,-1,-1,-1,-1,-1,12.4576,1,12.505152,0.398752,12.903904
26,128,128,-1,-1,-1,-1,-1,12.322624,1,12.369664,0.395264,12.764928
27,128,128,-1,-1,-1,-1,-1,12.303072,1,12.350304,0.393856,12.74416
28,128,128,-1,-1,-1,-1,-1,12.302688,1,12.35024,0.396704,12.746944
29,128,128,-1,-1,-1,-1,-1,12.2992,1,12.344096,0.406336,12.750432
30,128,128,-1,-1,-1,-1,-1,12.29616,1,12.342368,0.407808,12.750176
31,128,128,-1,-1,-1,-1,-1,12.317472,1,12.364384,0.39408,12.758464
32,128,128,-1,-1,-1,-1,-1,12.32416,1,12.368832,0.444064,12.812896
33,128,128,-1,-1,-1,-1,-1,12.322976,1,12.368672,0.394816,12.763488
34,128,128,-1,-1,-1,-1,-1,12.319936,1,12.3656,0.422048,12.787648
35,128,128,-1,-1,-1,-1,-1,12.325024,1,12.37072,0.395744,12.766464
36,128,128,-1,-1,-1,-1,-1,12.315552,1,12.36176,0.407104,12.768864
37,128,128,-1,-1,-1,-1,-1,12.32048,1,12.36592,0.438144,12.804064
38,128,128,-1,-1,-1,-1,-1,12.3368,1,12.384224,0.400576,12.7848
39,128,128,-1,-1,-1,-1,-1,12.434144,1,12.482272,0.423744,12.906016
40,128,128,-1,-1,-1,-1,-1,12.424992,1,12.469792,0.408032,12.877824
41,128,128,-1,-1,-1,-1,-1,12.410016,1,12.456896,0.423136,12.880032
42,128,128,-1,-1,-1,-1,-1,12.39232,1,12.43856,0.396992,12.835552
43,128,128,-1,-1,-1,-1,-1,12.383936,1,12.43136,0.409344,12.840704
44,128,128,-1,-1,-1,-1,-1,12.366752,1,12.413952,0.395168,12.80912
45,128,128,-1,-1,-1,-1,-1,12.370592,1,12.419488,0.411328,12.830816
46,128,128,-1,-1,-1,-1,-1,12.374016,1,12.419904,0.40928,12.829184
47,128,128,-1,-1,-1,-1,-1,12.395488,1,12.443648,0.398112,12.84176
48,128,128,-1,-1,-1,-1,-1,12.38208,1,12.428928,0.408992,12.83792
49,128,128,-1,-1,-1,-1,-1,12.42496,1,12.47248,0.410016,12.882496
50,128,128,-1,-1,-1,-1,-1,12.429952,1,12.47648,0.406656,12.883136
51,128,128,-1,-1,-1,-1,-1,12.438368,1,12.485152,0.396576,12.881728
52,128,128,-1,-1,-1,-1,-1,12.445728,1,12.493504,0.396512,12.890016
53,128,128,-1,-1,-1,-1,-1,12.425408,1,12.477184,0.409408,12.886592
54,128,128,-1,-1,-1,-1,-1,12.459648,1,12.511584,0.399136,12.91072
55,128,128,-1,-1,-1,-1,-1,12.470368,1,12.517504,0.397504,12.915008
56,128,128,-1,-1,-1,-1,-1,12.48752,1,12.534848,0.399552,12.9344
57,128,128,-1,-1,-1,-1,-1,12.477088,1,12.523296,0.412608,12.935904
58,128,128,-1,-1,-1,-1,-1,12.482368,1,12.528608,0.398848,12.927456
59,128,128,-1,-1,-1,-1,-1,12.705632,1,12.752032,0.407168,13.1592
60,128,128,-1,-1,-1,-1,-1,12.671328,1,12.720032,0.451936,13.171968
61,128,128,-1,-1,-1,-1,-1,12.593472,1,12.640384,0.41264,13.053024
62,128,128,-1,-1,-1,-1,-1,12.536864,1,12.585824,0.41984,13.005664
63,128,128,-1,-1,-1,-1,-1,12.532608,1,12.583968,0.411168,12.995136
64,128,128,-1,-1,-1,-1,-1,12.517536,1,12.564096,0.411744,12.97584
65,128,128,-1,-1,-1,-1,-1,12.56896,1,12.616192,0.411936,13.028128
66,128,128,-1,-1,-1,-1,-1,12.582016,1,12.628256,0.40704,13.035296
67,128,128,-1,-1,-1,-1,-1,12.622432,1,12.669664,0.411744,13.081408
68,128,128,-1,-1,-1,-1,-1,12.605312,1,12.651712,0.40176,13.053472
69,128,128,-1,-1,-1,-1,-1,12.58816,1,12.634464,0.415744,13.050208
70,128,128,-1,-1,-1,-1,-1,12.565056,1,12.612224,0.410592,13.022816
71,128,128,-1,-1,-1,-1,-1,12.567008,1,12.614592,0.409504,13.024096
72,128,128,-1,-1,-1,-1,-1,12.52624,1,12.571808,0.415872,12.98768
73,128,128,-1,-1,-1,-1,-1,12.548416,1,12.593792,0.407456,13.001248
74,128,128,-1,-1,-1,-1,-1,12.548256,1,12.595392,0.403712,12.999104
75,128,128,-1,-1,-1,-1,-1,12.567008,1,12.6136,0.4328,13.0464
76,128,128,-1,-1,-1,-1,-1,12.613344,1,12.660864,0.399744,13.060608
77,128,128,-1,-1,-1,-1,-1,12.628192,1,12.67424,0.425056,13.099296
78,128,128,-1,-1,-1,-1,-1,12.6224,1,12.670752,0.40096,13.071712
79,128,128,-1,-1,-1,-1,-1,12.616224,1,12.662304,0.429888,13.092192
80,128,128,-1,-1,-1,-1,-1,12.546912,1,12.593248,0.399104,12.992352
81,128,128,-1,-1,-1,-1,-1,12.528352,1,15.028448,0.411968,15.440416
82,128,128,-1,-1,-1,-1,-1,12.528608,1,12.574944,0.406816,12.98176
83,128,128,-1,-1,-1,-1,-1,12.545248,1,12.591168,0.40784,12.999008
84,128,128,-1,-1,-1,-1,-1,12.485696,1,12.535744,0.411328,12.947072
85,128,128,-1,-1,-1,-1,-1,12.567456,1,12.614816,0.402272,13.017088
86,128,128,-1,-1,-1,-1,-1,12.572576,1,12.622464,0.412416,13.03488
87,128,128,-1,-1,-1,-1,-1,12.526272,1,12.572704,0.411296,12.984
88,128,128,-1,-1,-1,-1,-1,12.527552,1,12.574432,0.411168,12.9856
89,128,128,-1,-1,-1,-1,-1,12.569472,1,12.616672,0.442656,13.059328
90,128,128,-1,-1,-1,-1,-1,12.628352,1,12.67664,0.41296,13.0896
91,128,128,-1,-1,-1,-1,-1,12.693696,1,12.742464,0.42512,13.167584
92,128,128,-1,-1,-1,-1,-1,12.684288,1,12.734336,0.403808,13.138144
93,128,128,-1,-1,-1,-1,-1,12.666176,1,12.71296,0.41696,13.12992
94,128,128,-1,-1,-1,-1,-1,12.676768,1,12.72336,0.40128,13.12464
95,128,128,-1,-1,-1,-1,-1,12.622208,1,12.668544,0.410432,13.078976
96,128,128,-1,-1,-1,-1,-1,12.57936,1,12.625952,0.40752,13.033472
97,128,128,-1,-1,-1,-1,-1,12.5976,1,12.64464,0.417344,13.061984
98,128,128,-1,-1,-1,-1,-1,12.6144,1,12.661408,0.409632,13.07104
99,128,128,-1,-1,-1,-1,-1,12.652448,1,12.6984,0.4152,13.1136
100,128,128,-1,-1,-1,-1,-1,12.62208,1,12.66816,0.399136,13.067296
101,128,128,-1,-1,-1,-1,-1,12.620256,1,12.666144,0.39984,13.065984
102,128,128,-1,-1,-1,-1,-1,12.618144,1,12.6656,0.405152,13.070752
103,128,128,-1,-1,-1,-1,-1,12.57664,1,12.62256,0.397216,13.019776
104,128,128,-1,-1,-1,-1,-1,12.55664,1,12.603232,0.406432,13.009664
105,128,128,-1,-1,-1,-1,-1,12.506912,1,12.552192,0.400864,12.953056
106,128,128,-1,-1,-1,-1,-1,12.503872,1,12.549952,0.39888,12.948832
107,128,128,-1,-1,-1,-1,-1,12.513984,1,12.560992,0.39744,12.958432
108,128,128,-1,-1,-1,-1,-1,12.509664,1,12.556416,0.397088,12.953504
109,128,128,-1,-1,-1,-1,-1,12.526976,1,12.572608,0.412896,12.985504
110,128,128,-1,-1,-1,-1,-1,12.505632,1,12.552064,0.398176,12.95024
111,128,128,-1,-1,-1,-1,-1,12.491552,1,12.537184,0.40784,12.945024
112,128,128,-1,-1,-1,-1,-1,12.496896,1,12.54144,0.404064,12.945504
113,128,128,-1,-1,-1,-1,-1,12.5224,1,12.569024,0.39824,12.967264
114,128,128,-1,-1,-1,-1,-1,12.50384,1,12.549664,0.406048,12.955712
115,128,128,-1,-1,-1,-1,-1,12.518976,1,12.564672,0.401248,12.96592
116,128,128,-1,-1,-1,-1,-1,12.528032,1,12.573984,0.39792,12.971904
117,128,128,-1,-1,-1,-1,-1,12.539872,1,12.585632,0.412544,12.998176
118,128,128,-1,-1,-1,-1,-1,12.545152,1,12.591808,0.410432,13.00224
119,128,128,-1,-1,-1,-1,-1,12.581056,1,12.626528,0.414784,13.041312
120,128,128,-1,-1,-1,-1,-1,12.56224,1,12.612416,0.396992,13.009408
121,128,128,-1,-1,-1,-1,-1,12.547104,1,12.593984,0.408704,13.002688
122,128,128,-1,-1,-1,-1,-1,12.553472,1,12.601888,0.414208,13.016096
123,128,128,-1,-1,-1,-1,-1,12.545312,1,12.591616,0.405024,12.99664
124,128,128,-1,-1,-1,-1,-1,12.556832,1,12.604384,0.394208,12.998592
125,128,128,-1,-1,-1,-1,-1,12.571712,1,12.618656,0.398304,13.01696
126,128,128,-1,-1,-1,-1,-1,12.669632,1,12.715488,0.413056,13.128544
127,128,128,-1,-1,-1,-1,-1,12.690048,1,12.736352,0.409152,13.145504
128,128,128,-1,-1,-1,-1,-1,12.645888,1,12.693344,0.398112,13.091456
129,128,128,-1,-1,-1,-1,-1,12.663872,1,12.710048,0.413312,13.12336
130,128,128,-1,-1,-1,-1,-1,12.697888,1,12.745728,0.410816,13.156544
131,128,128,-1,-1,-1,-1,-1,12.636352,1,12.681888,0.396576,13.078464
132,128,128,-1,-1,-1,-1,-1,12.646848,1,12.693664,0.39584,13.089504
133,128,128,-1,-1,-1,-1,-1,12.651264,1,12.698912,0.399744,13.098656
134,128,128,-1,-1,-1,-1,-1,12.668928,1,12.715936,0.405472,13.121408
135,128,128,-1,-1,-1,-1,-1,12.675616,1,12.723168,0.412704,13.135872
136,128,128,-1,-1,-1,-1,-1,12.66112,1,12.706976,0.39904,13.106016
137,128,128,-1,-1,-1,-1,-1,12.670528,1,12.716032,0.396992,13.113024
138,128,128,-1,-1,-1,-1,-1,12.694208,1,12.740736,0.40672,13.147456
139,128,128,-1,-1,-1,-1,-1,12.68224,1,12.728576,0.3968,13.125376
140,128,128,-1,-1,-1,-1,-1,12.717344,1,12.765536,0.410752,13.176288
141,128,128,-1,-1,-1,-1,-1,12.734592,1,12.781568,0.411424,13.192992
142,128,128,-1,-1,-1,-1,-1,12.747296,1,12.792768,0.409376,13.202144
143,128,128,-1,-1,-1,-1,-1,12.793632,1,12.83952,0.397856,13.237376
144,128,128,-1,-1,-1,-1,-1,12.808512,1,12.854592,0.404384,13.258976
145,128,128,-1,-1,-1,-1,-1,12.83712,1,12.882848,0.399392,13.28224
146,128,128,-1,-1,-1,-1,-1,12.872352,1,12.919744,0.398592,13.318336
147,128,128,-1,-1,-1,-1,-1,12.878304,1,12.925536,0.40416,13.329696
148,128,128,-1,-1,-1,-1,-1,12.86912,1,12.91712,0.39536,13.31248
149,128,128,-1,-1,-1,-1,-1,13.096704,1,13.142912,0.420352,13.563264
150,128,128,-1,-1,-1,-1,-1,13.070976,1,13.117792,0.404864,13.522656
151,128,128,-1,-1,-1,-1,-1,12.973728,1,13.019456,0.411136,13.430592
152,128,128,-1,-1,-1,-1,-1,12.898336,1,12.944064,0.406048,13.350112
153,128,128,-1,-1,-1,-1,-1,12.919712,1,12.965344,0.411264,13.376608
154,128,128,-1,-1,-1,-1,-1,12.965088,1,13.012704,0.400544,13.413248
155,128,128,-1,-1,-1,-1,-1,12.969024,1,13.014624,0.410272,13.424896
156,128,128,-1,-1,-1,-1,-1,12.998336,1,13.044512,0.4032,13.447712
157,128,128,-1,-1,-1,-1,-1,13.140352,1,13.18816,0.401824,13.589984
158,128,128,-1,-1,-1,-1,-1,13.14192,1,13.188704,0.412896,13.6016
159,128,128,-1,-1,-1,-1,-1,13.210432,1,13.257216,0.405856,13.663072
160,128,128,-1,-1,-1,-1,-1,13.275904,1,13.324672,0.405408,13.73008
161,128,128,-1,-1,-1,-1,-1,13.13968,1,13.18688,0.400928,13.587808
162,128,128,-1,-1,-1,-1,-1,13.141824,1,13.1896,0.41104,13.60064
163,128,128,-1,-1,-1,-1,-1,13.184704,1,13.231424,0.405024,13.636448
164,128,128,-1,-1,-1,-1,-1,13.28128,1,13.328096,0.406592,13.734688
165,128,128,-1,-1,-1,-1,-1,13.195488,1,13.24304,0.402272,13.645312
166,128,128,-1,-1,-1,-1,-1,13.144,1,13.192288,0.413024,13.605312
167,128,128,-1,-1,-1,-1,-1,13.146048,1,13.192576,0.404672,13.597248
168,128,128,-1,-1,-1,-1,-1,13.014752,1,13.062528,0.401888,13.464416
169,128,128,-1,-1,-1,-1,-1,12.948768,1,12.9952,0.399072,13.394272
170,128,128,-1,-1,-1,-1,-1,12.91312,1,12.9592,0.39728,13.35648
171,128,128,-1,-1,-1,-1,-1,12.921728,1,12.967456,0.41488,13.382336
172,128,128,-1,-1,-1,-1,-1,12.946656,1,12.992288,0.39936,13.391648
173,128,128,-1,-1,-1,-1,-1,12.9224,1,12.96992,0.400224,13.370144
174,128,128,-1,-1,-1,-1,-1,12.925536,1,12.971424,0.401824,13.373248
175,128,128,-1,-1,-1,-1,-1,12.935744,1,12.981376,0.412128,13.393504
176,128,128,-1,-1,-1,-1,-1,13.005824,1,13.051424,0.41024,13.461664
177,128,128,-1,-1,-1,-1,-1,13.00736,1,13.055136,0.397312,13.452448
178,128,128,-1,-1,-1,-1,-1,12.900832,1,12.95008,0.407872,13.357952
179,128,128,-1,-1,-1,-1,-1,12.8304,1,12.88176,0.395552,13.277312
180,128,128,-1,-1,-1,-1,-1,12.823168,1,12.870176,0.393728,13.263904
181,128,128,-1,-1,-1,-1,-1,12.806464,1,12.855904,0.42416,13.280064
182,128,128,-1,-1,-1,-1,-1,12.845632,1,12.892,0.400864,13.292864
183,128,128,-1,-1,-1,-1,-1,12.833632,1,12.880544,0.407872,13.288416
184,128,128,-1,-1,-1,-1,-1,12.827712,1,12.87216,0.438368,13.310528
185,128,128,-1,-1,-1,-1,-1,12.846912,1,12.895424,0.40624,13.301664
186,128,128,-1,-1,-1,-1,-1,12.904736,1,12.951744,0.42432,13.376064
187,128,128,-1,-1,-1,-1,-1,12.927904,1,12.9776,0.396672,13.374272
188,128,128,-1,-1,-1,-1,-1,12.852768,1,12.899136,0.416896,13.316032
189,128,128,-1,-1,-1,-1,-1,12.87952,1,12.92944,0.408768,13.338208
190,128,128,-1,-1,-1,-1,-1,12.883584,1,12.930976,0.408896,13.339872
191,128,128,-1,-1,-1,-1,-1,12.950656,1,12.998944,0.398944,13.397888
192,128,128,-1,-1,-1,-1,-1,12.940352,1,12.9872,0.408672,13.395872
193,128,128,-1,-1,-1,-1,-1,12.920128,1,12.967104,0.411904,13.379008
194,128,128,-1,-1,-1,-1,-1,12.978912,1,13.025984,0.40784,13.433824
195,128,128,-1,-1,-1,-1,-1,12.928896,1,12.976768,0.398432,13.3752
196,128,128,-1,-1,-1,-1,-1,12.929632,1,12.97632,0.408288,13.384608
197,128,128,-1,-1,-1,-1,-1,13.003968,1,13.050784,0.41392,13.464704
198,128,128,-1,-1,-1,-1,-1,12.91968,1,12.965504,0.401568,13.367072
199,128,128,-1,-1,-1,-1,-1,12.9088,1,12.955392,0.408928,13.36432
200,128,128,-1,-1,-1,-1,-1,13.001248,1,14.221248,0.404096,14.625344
201,128,128,-1,-1,-1,-1,-1,12.925824,1,12.97152,0.40544,13.37696
202,128,128,-1,-1,-1,-1,-1,12.93536,1,12.98192,0.399648,13.381568
203,128,128,-1,-1,-1,-1,-1,12.986016,1,13.031392,0.408576,13.439968
204,128,128,-1,-1,-1,-1,-1,12.929792,1,12.97712,0.403968,13.381088
205,128,128,-1,-1,-1,-1,-1,12.978176,1,13.023904,0.399072,13.422976
206,128,128,-1,-1,-1,-1,-1,13.029792,1,13.075712,0.400256,13.475968
207,128,128,-1,-1,-1,-1,-1,13.022048,1,13.068992,0.397632,13.466624
208,128,128,-1,-1,-1,-1,-1,12.92256,1,12.969152,0.398528,13.36768
209,128,128,-1,-1,-1,-1,-1,12.912096,1,12.957728,0.3944,13.352128
210,128,128,-1,-1,-1,-1,-1,12.931264,1,12.978528,0.407712,13.38624
211,128,128,-1,-1,-1,-1,-1,13.004544,1,13.050112,0.406304,13.456416
212,128,128,-1,-1,-1,-1,-1,13.06976,1,13.116192,0.401696,13.517888
213,128,128,-1,-1,-1,-1,-1,13.087936,1,13.134816,0.407136,13.541952
214,128,2160,-1,-1,-1,-1,-1,-1,0,46.678337,0.414368,47.092705
215,128,128,-1,-1,-1,-1,-1,14.025024,1,14.075488,0.426048,14.501536
216,128,128,-1,-1,-1,-1,-1,13.827808,1,13.878816,0.414304,14.29312
217,128,128,-1,-1,-1,-1,-1,13.640064,1,13.689888,0.41824,14.108128
218,128,2160,-1,-1,-1,-1,-1,-1,0,47.038689,0.416288,47.454977
219,128,128,-1,-1,-1,-1,-1,13.688256,1,13.734976,0.410656,14.145632
220,128,128,-1,-1,-1,-1,-1,13.616288,1,13.662848,0.41072,14.073568
221,128,128,-1,-1,-1,-1,-1,13.43984,1,13.487072,0.421184,13.908256
222,128,128,-1,-1,-1,-1,-1,13.351616,1,13.399136,0.403616,13.802752
223,128,128,-1,-1,-1,-1,-1,13.256416,1,13.302784,0.41392,13.716704
224,128,4192,-1,-1,-1,-1,-1,-1,0,75.231552,0.426176,75.657728
225,128,2160,-1,-1,-1,-1,-1,-1,0,50.476063,0.415136,50.891199
226,128,2159,-1,-1,-1,-1,-1,-1,0,47.230656,0.414624,47.64528
227,128,4192,-1,-1,-1,-1,-1,-1,0,76.911133,0.434752,77.345885
228,128,128,-1,-1,-1,-1,-1,14.032608,1,14.081888,0.416192,14.49808
229,128,128,-1,-1,-1,-1,-1,13.678432,1,13.725344,0.423232,14.148576
230,128,2160,-1,-1,-1,-1,-1,-1,0,46.126369,0.40944,46.535809
231,128,128,-1,-1,-1,-1,-1,13.337696,1,13.38176,0.402816,13.784576
232,128,2159,-1,-1,-1,-1,-1,-1,0,45.692898,0.405632,46.09853
233,128,2160,-1,-1,-1,-1,-1,-1,0,47.156994,0.410912,47.567906
234,128,128,-1,-1,-1,-1,-1,13.49584,1,13.544768,0.416064,13.960832
235,128,4191,-1,-1,-1,-1,-1,-1,0,76.516701,0.41392,76.930621
236,128,6223,-1,-1,-1,-1,-1,-1,0,108.937408,0.434464,109.371872
237,128,4192,-1,-1,-1,-1,-1,-1,0,77.505791,0.433984,77.939775
238,128,10287,-1,-1,-1,-1,-1,-1,0,176.22493,0.430784,176.655714
239,128,2160,-1,-1,-1,-1,-1,-1,0,49.788769,0.415168,50.203937
240,128,4192,-1,-1,-1,-1,-1,-1,0,76.565727,0.421376,76.987103
241,128,4192,-1,-1,-1,-1,-1,-1,0,80.963554,0.435808,81.399362
242,128,8256,-1,-1,-1,-1,-1,-1,0,143.512131,0.427328,143.939459
243,128,2160,-1,-1,-1,-1,-1,-1,0,49.58704,0.412032,49.999072
244,128,10287,-1,-1,-1,-1,-1,-1,0,170.479004,0.428192,170.907196
245,128,4191,-1,-1,-1,-1,-1,-1,0,76.459267,0.44688,76.906147
246,128,8256,-1,-1,-1,-1,-1,-1,0,141.473953,0.434592,141.908545
247,128,2160,-1,-1,-1,-1,-1,-1,0,49.928543,0.4344,50.362943
248,128,128,-1,-1,-1,-1,-1,13.40224,1,13.452256,0.409792,13.862048
249,128,4192,-1,-1,-1,-1,-1,-1,0,78.955681,0.456128,79.411809
250,128,6224,-1,-1,-1,-1,-1,-1,0,111.999069,0.441952,112.441021
251,128,6223,-1,-1,-1,-1,-1,-1,0,111.287521,0.444416,111.731937
252,128,128,-1,-1,-1,-1,-1,13.759296,1,13.8088,0.428768,14.237568
253,128,12319,-1,-1,-1,-1,-1,-1,0,205.029663,0.452256,205.481919
254,128,4191,-1,-1,-1,-1,-1,-1,0,79.273277,0.420864,79.694141
255,128,2160,-1,-1,-1,-1,-1,-1,0,46.613953,0.43024,47.044193
256,128,2160,-1,-1,-1,-1,-1,-1,0,46.545441,0.433056,46.978497
257,128,6223,-1,-1,-1,-1,-1,-1,0,107.006111,0.440864,107.446975
258,128,4191,-1,-1,-1,-1,-1,-1,0,76.242371,0.431328,76.673699
259,128,6224,-1,-1,-1,-1,-1,-1,0,109.679649,0.456192,110.135841
260,128,2160,-1,-1,-1,-1,-1,-1,0,49.531521,0.444352,49.975873
261,128,128,-1,-1,-1,-1,-1,13.399808,1,13.448768,0.43536,13.884128
262,128,6224,-1,-1,-1,-1,-1,-1,0,108.029854,0.44784,108.477694
263,128,2160,-1,-1,-1,-1,-1,-1,0,49.075104,0.43584,49.510944
264,128,6223,-1,-1,-1,-1,-1,-1,0,106.620354,0.453376,107.07373
265,128,6224,-1,-1,-1,-1,-1,-1,0,110.895905,0.438656,111.334561
266,128,2160,-1,-1,-1,-1,-1,-1,0,50.17664,0.432224,50.608864
267,128,2160,-1,-1,-1,-1,-1,-1,0,48.120129,0.425696,48.545825
268,128,4192,-1,-1,-1,-1,-1,-1,0,76.39949,0.42032,76.81981
269,128,6224,-1,-1,-1,-1,-1,-1,0,106.442978,0.454688,106.897666
270,128,2160,-1,-1,-1,-1,-1,-1,0,49.211521,0.418272,49.629793
271,128,4191,-1,-1,-1,-1,-1,-1,0,76.014977,0.4408,76.455777
272,128,6224,-1,-1,-1,-1,-1,-1,0,109.073151,0.436192,109.509343
273,128,4191,-1,-1,-1,-1,-1,-1,0,77.115807,0.427936,77.543743
274,128,4192,-1,-1,-1,-1,-1,-1,0,76.388771,0.412768,76.801539
275,128,128,-1,-1,-1,-1,-1,13.299168,1,13.346688,0.42704,13.773728
276,128,8254,-1,-1,-1,-1,-1,-1,0,139.686172,0.452288,140.13846
277,128,4192,-1,-1,-1,-1,-1,-1,0,77.960258,0.447328,78.407586
278,128,8255,-1,-1,-1,-1,-1,-1,0,145.148376,0.458368,145.606744
279,128,2160,-1,-1,-1,-1,-1,-1,0,49.665825,0.440032,50.105857
280,128,128,-1,-1,-1,-1,-1,13.270016,1,13.321664,0.421888,13.743552
281,128,4192,-1,-1,-1,-1,-1,-1,0,75.757469,0.441824,76.199293
282,128,6224,-1,-1,-1,-1,-1,-1,0,108.48307,0.427488,108.910558
283,128,2160,-1,-1,-1,-1,-1,-1,0,48.767326,0.425472,49.192798
284,128,2160,-1,-1,-1,-1,-1,-1,0,46.37645,0.434336,46.810786
285,128,128,-1,-1,-1,-1,-1,12.9528,1,13.003776,0.407232,13.411008
286,128,2160,-1,-1,-1,-1,-1,-1,0,46.21629,0.427584,46.643874
287,128,2160,-1,-1,-1,-1,-1,-1,0,46.315681,0.409856,46.725537
288,128,128,-1,-1,-1,-1,-1,13.149248,1,13.196864,0.436064,13.632928
289,128,128,-1,-1,-1,-1,-1,13.183648,1,13.231712,0.423968,13.65568
290,128,2160,-1,-1,-1,-1,-1,-1,0,46.277279,0.42512,46.702399
291,128,128,-1,-1,-1,-1,-1,12.98032,1,13.028736,0.407616,13.436352
292,128,2160,-1,-1,-1,-1,-1,-1,0,45.88509,0.426336,46.311426
293,128,2160,-1,-1,-1,-1,-1,-1,0,46.523296,0.439008,46.962304
294,128,2160,-1,-1,-1,-1,-1,-1,0,47.313343,0.429568,47.742911
295,128,4176,-1,-1,-1,-1,-1,-1,0,77.564835,0.44064,78.005475
296,128,2160,-1,-1,-1,-1,-1,-1,0,48.391327,0.410912,48.802239
297,128,128,-1,-1,-1,-1,-1,13.064416,1,13.113536,0.426528,13.540064
298,128,2160,-1,-1,-1,-1,-1,-1,0,46.057858,0.407008,46.464866
299,128,128,-1,-1,-1,-1,-1,12.889248,1,12.935648,0.406336,13.341984
300,128,128,-1,-1,-1,-1,-1,12.951168,1,13.00096,0.43328,13.43424
301,128,128,-1,-1,-1,-1,-1,12.774944,1,12.82128,0.442848,13.264128
302,128,2160,-1,-1,-1,-1,-1,-1,0,45.66016,0.408128,46.068288
303,128,128,-1,-1,-1,-1,-1,13.019104,1,13.065056,0.428736,13.493792
304,128,128,-1,-1,-1,-1,-1,13.021056,1,13.070496,0.425792,13.496288
305,128,128,-1,-1,-1,-1,-1,12.754016,1,12.799488,0.39808,13.197568
306,128,128,-1,-1,-1,-1,-1,12.533984,1,12.578816,0.398368,12.977184
307,128,128,-1,-1,-1,-1,-1,12.478176,1,12.521408,0.405024,12.926432
308,128,128,-1,-1,-1,-1,-1,12.430112,1,12.476288,0.413632,12.88992
309,128,128,-1,-1,-1,-1,-1,12.393984,1,12.438016,0.435936,12.873952
310,128,128,-1,-1,-1,-1,-1,12.390464,1,12.436224,0.40864,12.844864
311,128,128,-1,-1,-1,-1,-1,12.332672,1,12.379296,0.405024,12.78432
312,128,128,-1,-1,-1,-1,-1,12.342272,1,12.385952,0.406624,12.792576
313,128,128,-1,-1,-1,-1,-1,12.347168,1,12.395776,0.395968,12.791744
314,128,128,-1,-1,-1,-1,-1,12.338848,1,12.384576,0.395968,12.780544
315,128,128,-1,-1,-1,-1,-1,12.371392,1,12.4192,0.408224,12.827424
316,128,128,-1,-1,-1,-1,-1,12.403904,1,12.450496,0.405376,12.855872
317,128,128,-1,-1,-1,-1,-1,12.455968,1,12.501184,0.410784,12.911968
318,128,128,-1,-1,-1,-1,-1,12.525568,1,12.572512,0.398464,12.970976
319,128,128,-1,-1,-1,-1,-1,12.532032,1,12.57776,0.415584,12.993344
320,128,128,-1,-1,-1,-1,-1,12.536736,1,12.58272,0.398208,12.980928
321,128,128,-1,-1,-1,-1,-1,12.531712,1,12.576416,0.4144,12.990816
322,128,128,-1,-1,-1,-1,-1,12.523232,1,12.569248,0.409088,12.978336
323,128,128,-1,-1,-1,-1,-1,12.522944,1,12.571872,0.395328,12.9672
324,128,128,-1,-1,-1,-1,-1,12.5336,1,12.579232,0.397504,12.976736
325,128,128,-1,-1,-1,-1,-1,12.530112,1,12.57936,0.410304,12.989664
326,128,128,-1,-1,-1,-1,-1,12.48256,1,12.528128,0.43504,12.963168
327,128,128,-1,-1,-1,-1,-1,12.486912,1,12.5336,0.39744,12.93104
328,128,128,-1,-1,-1,-1,-1,12.491488,1,12.535328,0.395776,12.931104
329,128,128,-1,-1,-1,-1,-1,12.551488,1,12.597568,0.396608,12.994176
330,128,128,-1,-1,-1,-1,-1,12.548736,1,12.595232,0.411104,13.006336
331,128,128,-1,-1,-1,-1,-1,12.512256,1,12.557792,0.40816,12.965952
332,128,128,-1,-1,-1,-1,-1,12.548192,1,12.593696,0.406592,13.000288
333,128,128,-1,-1,-1,-1,-1,12.557856,1,12.603424,0.408096,13.01152
334,128,128,-1,-1,-1,-1,-1,12.578656,1,12.62448,0.412096,13.036576
335,128,128,-1,-1,-1,-1,-1,12.575264,1,12.620896,0.413056,13.033952
336,128,128,-1,-1,-1,-1,-1,12.581824,1,12.632288,0.411744,13.044032
337,128,128,-1,-1,-1,-1,-1,12.586656,1,12.633376,0.400768,13.034144
338,128,128,-1,-1,-1,-1,-1,12.543904,1,12.590816,0.408064,12.99888
339,128,128,-1,-1,-1,-1,-1,12.4912,1,12.536032,0.397664,12.933696
340,128,128,-1,-1,-1,-1,-1,12.509632,1,12.555104,0.39712,12.952224
341,128,128,-1,-1,-1,-1,-1,12.53088,1,12.576096,0.402208,12.978304
342,128,128,-1,-1,-1,-1,-1,12.545408,1,12.591424,0.398048,12.989472
343,128,128,-1,-1,-1,-1,-1,12.532032,1,12.57712,0.408448,12.985568
344,128,128,-1,-1,-1,-1,-1,12.50896,1,12.557024,0.412064,12.969088
345,128,128,-1,-1,-1,-1,-1,12.520224,1,12.567136,0.40784,12.974976
346,128,128,-1,-1,-1,-1,-1,12.521408,1,12.568512,0.39744,12.965952
347,128,128,-1,-1,-1,-1,-1,12.564512,1,12.612896,0.408288,13.021184
348,128,128,-1,-1,-1,-1,-1,12.636128,1,12.68304,0.405248,13.088288
349,128,128,-1,-1,-1,-1,-1,12.60112,1,12.648864,0.409664,13.058528
350,128,128,-1,-1,-1,-1,-1,12.60576,1,12.651744,0.404032,13.055776
351,128,128,-1,-1,-1,-1,-1,12.53408,1,12.584928,0.406656,12.991584
352,128,128,-1,-1,-1,-1,-1,12.503616,1,12.550688,0.406976,12.957664
353,128,128,-1,-1,-1,-1,-1,12.497408,1,12.544896,0.40448,12.949376
354,128,128,-1,-1,-1,-1,-1,12.509376,1,12.554368,0.397696,12.952064
355,128,128,-1,-1,-1,-1,-1,12.581216,1,12.626496,0.397696,13.024192
356,128,128,-1,-1,-1,-1,-1,12.595808,1,12.642272,0.416672,13.058944
357,128,128,-1,-1,-1,-1,-1,12.566496,1,12.612928,0.396096,13.009024
358,128,128,-1,-1,-1,-1,-1,12.57056,1,12.616608,0.400128,13.016736
359,128,128,-1,-1,-1,-1,-1,12.559776,1,12.604576,0.408352,13.012928
360,128,128,-1,-1,-1,-1,-1,12.631936,1,12.678496,0.4432,13.121696
361,128,128,-1,-1,-1,-1,-1,12.657568,1,12.70528,0.410208,13.115488
362,128,128,-1,-1,-1,-1,-1,12.646752,1,12.698816,0.414976,13.113792
363,128,128,-1,-1,-1,-1,-1,12.669376,1,12.714944,0.395328,13.110272
364,128,128,-1,-1,-1,-1,-1,12.671232,1,12.717056,0.39696,13.114016
365,128,128,-1,-1,-1,-1,-1,12.6968,1,12.742368,0.407808,13.150176
366,128,128,-1,-1,-1,-1,-1,12.75408,1,12.800192,0.402816,13.203008
367,128,128,-1,-1,-1,-1,-1,12.80928,1,12.855456,0.399488,13.254944
368,128,128,-1,-1,-1,-1,-1,12.800864,1,12.850976,0.3992,13.250176
369,128,128,-1,-1,-1,-1,-1,12.78304,1,12.82848,0.401408,13.229888
370,128,128,-1,-1,-1,-1,-1,12.765472,1,12.814848,0.412832,13.22768
371,128,128,-1,-1,-1,-1,-1,12.729024,1,12.773792,0.395488,13.16928
372,128,128,-1,-1,-1,-1,-1,12.721632,1,12.770208,0.400736,13.170944
373,128,128,-1,-1,-1,-1,-1,12.72112,1,12.766368,0.404928,13.171296
374,128,128,-1,-1,-1,-1,-1,12.903136,1,12.949632,0.40912,13.358752
375,128,128,-1,-1,-1,-1,-1,13.100672,1,13.14736,0.41856,13.56592
376,128,128,-1,-1,-1,-1,-1,12.98464,1,13.031648,0.408768,13.440416
377,128,128,-1,-1,-1,-1,-1,12.822848,1,12.869216,0.400928,13.270144
378,128,128,-1,-1,-1,-1,-1,12.789696,1,12.835456,0.400608,13.236064
379,128,128,-1,-1,-1,-1,-1,12.776704,1,12.823456,0.410432,13.233888
380,128,128,-1,-1,-1,-1,-1,12.757984,1,12.803392,0.409088,13.21248
381,128,128,-1,-1,-1,-1,-1,12.772928,1,12.818592,0.41184,13.230432
382,128,128,-1,-1,-1,-1,-1,12.746112,1,12.79216,0.398368,13.190528
383,128,128,-1,-1,-1,-1,-1,12.755392,1,12.802208,0.397312,13.19952
384,128,128,-1,-1,-1,-1,-1,12.760352,1,12.806912,0.397184,13.204096
385,128,128,-1,-1,-1,-1,-1,12.77008,1,12.815776,0.399744,13.21552
386,128,128,-1,-1,-1,-1,-1,12.764032,1,12.809728,0.399712,13.20944
387,128,128,-1,-1,-1,-1,-1,12.750144,1,12.796,0.40752,13.20352
388,128,128,-1,-1,-1,-1,-1,12.748576,1,12.794368,0.404672,13.19904
389,128,128,-1,-1,-1,-1,-1,12.767776,1,12.812448,0.407296,13.219744
390,128,128,-1,-1,-1,-1,-1,12.825088,1,12.870624,0.399776,13.2704
391,128,128,-1,-1,-1,-1,-1,12.831936,1,12.877056,0.393824,13.27088
392,128,128,-1,-1,-1,-1,-1,12.805952,1,12.851904,0.408832,13.260736
393,128,128,-1,-1,-1,-1,-1,12.846624,1,12.892064,0.404352,13.296416
394,128,128,-1,-1,-1,-1,-1,12.852832,1,12.899072,0.402784,13.301856
395,128,128,-1,-1,-1,-1,-1,12.894816,1,12.941792,0.416032,13.357824
396,128,128,-1,-1,-1,-1,-1,12.895808,1,12.942432,0.397056,13.339488
397,128,128,-1,-1,-1,-1,-1,12.869024,1,12.91408,0.39536,13.30944
398,128,128,-1,-1,-1,-1,-1,12.838464,1,12.884736,0.417184,13.30192
399,128,128,-1,-1,-1,-1,-1,12.844128,1,12.891552,0.40032,13.291872
400,128,128,-1,-1,-1,-1,-1,12.839744,1,12.885376,0.398528,13.283904
401,128,128,-1,-1,-1,-1,-1,12.833824,1,12.879712,0.397504,13.277216
402,128,128,-1,-1,-1,-1,-1,12.933504,1,12.979904,0.4152,13.395104
403,128,128,-1,-1,-1,-1,-1,12.9512,1,12.998368,0.409152,13.40752
404,128,128,-1,-1,-1,-1,-1,12.961792,1,13.008672,0.404832,13.413504
405,128,128,-1,-1,-1,-1,-1,12.954144,1,13.000512,0.41168,13.412192
406,128,128,-1,-1,-1,-1,-1,12.949568,1,12.998208,0.410112,13.40832
407,128,128,-1,-1,-1,-1,-1,12.905472,1,12.95216,0.411136,13.363296
408,128,128,-1,-1,-1,-1,-1,12.954976,1,13.000512,0.399776,13.400288
409,128,128,-1,-1,-1,-1,-1,12.959872,1,13.008576,0.412032,13.420608
410,128,128,-1,-1,-1,-1,-1,12.944544,1,12.990176,0.414272,13.404448
411,128,128,-1,-1,-1,-1,-1,12.978336,1,13.024256,0.397792,13.422048
412,128,128,-1,-1,-1,-1,-1,12.973408,1,13.019872,0.40896,13.428832
413,128,128,-1,-1,-1,-1,-1,12.8656,1,12.910848,0.412192,13.32304
414,128,128,-1,-1,-1,-1,-1,12.941216,1,12.986688,0.396896,13.383584
415,128,128,-1,-1,-1,-1,-1,12.94304,1,12.988256,0.41152,13.399776
416,128,128,-1,-1,-1,-1,-1,12.921376,1,12.968416,0.410784,13.3792
417,128,128,-1,-1,-1,-1,-1,12.937312,1,12.983104,0.411328,13.394432
418,128,128,-1,-1,-1,-1,-1,12.939904,1,12.98544,0.410592,13.396032
419,128,128,-1,-1,-1,-1,-1,12.939808,1,12.985792,0.406016,13.391808
420,128,128,-1,-1,-1,-1,-1,12.922848,1,12.970848,0.397376,13.368224
421,128,128,-1,-1,-1,-1,-1,12.946016,1,12.99248,0.40304,13.39552
422,128,128,-1,-1,-1,-1,-1,12.949152,1,12.994464,0.398048,13.392512
423,128,128,-1,-1,-1,-1,-1,12.882176,1,12.92784,0.408512,13.336352
424,128,128,-1,-1,-1,-1,-1,12.928544,1,12.974208,0.406464,13.380672
425,128,128,-1,-1,-1,-1,-1,12.982784,1,13.028224,0.39696,13.425184
426,128,128,-1,-1,-1,-1,-1,12.935104,1,12.981568,0.399808,13.381376
427,128,128,-1,-1,-1,-1,-1,12.964064,1,13.009408,0.410208,13.419616
428,128,128,-1,-1,-1,-1,-1,13.04432,1,13.090272,0.397856,13.488128
429,128,128,-1,-1,-1,-1,-1,12.928032,1,12.974496,0.407232,13.381728
430,128,128,-1,-1,-1,-1,-1,12.933568,1,12.981024,0.409856,13.39088
431,128,128,-1,-1,-1,-1,-1,12.941408,1,12.986784,0.411296,13.39808
432,128,128,-1,-1,-1,-1,-1,12.908096,1,12.953344,0.400992,13.354336
433,128,128,-1,-1,-1,-1,-1,12.912224,1,12.957664,0.394336,13.352
434,128,128,-1,-1,-1,-1,-1,12.978784,1,13.02544,0.407456,13.432896
435,128,128,-1,-1,-1,-1,-1,12.886784,1,12.932224,0.411488,13.343712
436,128,128,-1,-1,-1,-1,-1,13.005152,1,13.051072,0.414336,13.465408
437,128,128,-1,-1,-1,-1,-1,13.074944,1,13.121856,0.411232,13.533088
438,128,128,-1,-1,-1,-1,-1,12.95536,1,13.001856,0.400448,13.402304
439,128,128,-1,-1,-1,-1,-1,12.89104,1,12.936576,0.394496,13.331072
440,128,128,-1,-1,-1,-1,-1,12.86896,1,12.914624,0.396384,13.311008
441,128,128,-1,-1,-1,-1,-1,12.90032,1,12.946368,0.41376,13.360128
442,128,128,-1,-1,-1,-1,-1,13.030528,1,13.081184,0.424576,13.50576
443,128,128,-1,-1,-1,-1,-1,13.101344,1,13.147488,0.41056,13.558048
444,128,128,-1,-1,-1,-1,-1,13.080672,1,13.128512,0.425792,13.554304
445,128,2160,-1,-1,-1,-1,-1,-1,0,46.888386,0.41664,47.305026
446,128,128,-1,-1,-1,-1,-1,13.728992,1,13.781536,0.44368,14.225216
447,128,128,-1,-1,-1,-1,-1,13.698048,1,13.747712,0.449952,14.197664
448,128,2160,-1,-1,-1,-1,-1,-1,0,47.632801,0.430656,48.063457
449,128,2160,-1,-1,-1,-1,-1,-1,0,47.975296,0.430016,48.405312
450,128,128,-1,-1,-1,-1,-1,13.572544,1,13.627648,0.421088,14.048736
451,128,128,-1,-1,-1,-1,-1,13.456672,1,13.506336,0.4096,13.915936
452,128,128,-1,-1,-1,-1,-1,13.269696,1,13.31856,0.4144,13.73296
453,128,128,-1,-1,-1,-1,-1,13.154304,1,13.202368,0.39904,13.601408
454,128,128,-1,-1,-1,-1,-1,13.029056,1,13.077024,0.411712,13.488736
455,128,128,-1,-1,-1,-1,-1,13.030976,1,13.076288,0.406304,13.482592
456,128,128,-1,-1,-1,-1,-1,12.925504,1,12.972096,0.398528,13.370624
457,128,128,-1,-1,-1,-1,-1,12.950688,1,12.996256,0.39728,13.393536
458,128,128,-1,-1,-1,-1,-1,12.890464,1,12.936448,0.396544,13.332992
459,128,2160,-1,-1,-1,-1,-1,-1,0,45.810974,0.419456,46.23043
460,128,128,-1,-1,-1,-1,-1,13.402496,1,13.447936,0.420288,13.868224
461,128,4191,-1,-1,-1,-1,-1,-1,0,79.961441,0.428864,80.390305
462,128,128,-1,-1,-1,-1,-1,14.1752,1,14.226048,0.432896,14.658944
463,128,128,-1,-1,-1,-1,-1,13.846208,1,13.896736,0.417344,14.31408
464,128,2160,-1,-1,-1,-1,-1,-1,0,46.340641,0.4112,46.751841
465,128,2160,-1,-1,-1,-1,-1,-1,0,46.843552,0.411712,47.255264
466,128,128,-1,-1,-1,-1,-1,13.609376,1,13.658624,0.414176,14.0728
467,128,2160,-1,-1,-1,-1,-1,-1,0,47.468288,0.408576,47.876864
468,128,128,-1,-1,-1,-1,-1,13.517344,1,13.563968,0.417088,13.981056
469,128,2160,-1,-1,-1,-1,-1,-1,0,47.575455,0.409664,47.985119
470,128,128,-1,-1,-1,-1,-1,13.564224,1,13.613888,0.421408,14.035296
471,128,4192,-1,-1,-1,-1,-1,-1,0,76.240097,0.409568,76.649665
472,128,2160,-1,-1,-1,-1,-1,-1,0,46.778656,0.410624,47.18928
473,128,2160,-1,-1,-1,-1,-1,-1,0,47.25309,0.409312,47.662402
474,128,3664,-1,-1,-1,-1,-1,-1,0,68.815552,0.412896,69.228448
475,128,4191,-1,-1,-1,-1,-1,-1,0,79.163361,0.43008,79.593441
476,128,4192,-1,-1,-1,-1,-1,-1,0,83.87587,0.439136,84.315006
477,128,2160,-1,-1,-1,-1,-1,-1,0,50.566433,0.422176,50.988609
478,128,6224,-1,-1,-1,-1,-1,-1,0,104.855644,0.409344,105.264988
479,128,128,-1,-1,-1,-1,-1,13.496096,1,13.541632,0.421632,13.963264
480,128,4191,-1,-1,-1,-1,-1,-1,0,76.28067,0.422272,76.702942
481,128,128,-1,-1,-1,-1,-1,13.899872,1,13.947616,0.420224,14.36784
482,128,6224,-1,-1,-1,-1,-1,-1,0,110.920547,0.43584,111.356387
483,128,2160,-1,-1,-1,-1,-1,-1,0,49.372929,0.43408,49.807009
484,128,6224,-1,-1,-1,-1,-1,-1,0,111.133759,0.437056,111.570815
485,128,2160,-1,-1,-1,-1,-1,-1,0,49.623104,0.431776,50.05488
486,128,4192,-1,-1,-1,-1,-1,-1,0,77.458275,0.421504,77.879779
487,128,2159,-1,-1,-1,-1,-1,-1,0,47.882111,0.427168,48.309279
488,128,2160,-1,-1,-1,-1,-1,-1,0,47.205856,0.409952,47.615808
489,128,6191,-1,-1,-1,-1,-1,-1,0,108.067871,0.432256,108.500127
490,128,4192,-1,-1,-1,-1,-1,-1,0,78.264099,0.409472,78.673571
491,128,4192,-1,-1,-1,-1,-1,-1,0,79.2192,0.41904,79.63824
492,128,4190,-1,-1,-1,-1,-1,-1,0,81.332352,0.418816,81.751168
493,128,4192,-1,-1,-1,-1,-1,-1,0,76.278816,0.407552,76.686368
494,128,128,-1,-1,-1,-1,-1,13.454688,1,13.50144,0.427136,13.928576
495,128,6222,-1,-1,-1,-1,-1,-1,0,108.328705,0.422432,108.751137
496,128,4192,-1,-1,-1,-1,-1,-1,0,76.729218,0.410976,77.140194
497,128,2160,-1,-1,-1,-1,-1,-1,0,47.061375,0.410304,47.471679
498,128,2160,-1,-1,-1,-1,-1,-1,0,47.560959,0.41456,47.975519
499,128,6224,-1,-1,-1,-1,-1,-1,0,107.738914,0.433248,108.172163
500,128,2160,-1,-1,-1,-1,-1,-1,0,49.827137,0.412416,50.239553
501,128,128,-1,-1,-1,-1,-1,13.45792,1,13.508,0.417088,13.925088
502,128,2160,-1,-1,-1,-1,-1,-1,0,46.766014,0.406976,47.17299
503,128,4191,-1,-1,-1,-1,-1,-1,0,76.20163,0.417984,76.619614
504,128,128,-1,-1,-1,-1,-1,13.573824,1,13.620768,0.420928,14.041696
505,128,2160,-1,-1,-1,-1,-1,-1,0,47.296257,0.407936,47.704193
506,128,2160,-1,-1,-1,-1,-1,-1,0,47.416962,0.410784,47.827746
507,128,4192,-1,-1,-1,-1,-1,-1,0,77.924835,0.419232,78.344067
508,128,4191,-1,-1,-1,-1,-1,-1,0,77.137985,0.416768,77.554753
509,128,4192,-1,-1,-1,-1,-1,-1,0,76.481216,0.418464,76.89968
510,128,6224,-1,-1,-1,-1,-1,-1,0,109.510239,0.431776,109.942015
511,128,4192,-1,-1,-1,-1,-1,-1,0,80.934334,0.433408,81.367742
512,128,128,-1,-1,-1,-1,-1,14.107168,1,14.156576,0.434976,14.591552
513,128,2160,-1,-1,-1,-1,-1,-1,0,47.48621,0.407616,47.893826
514,128,2160,-1,-1,-1,-1,-1,-1,0,46.254879,0.405248,46.660127
515,128,8255,-1,-1,-1,-1,-1,-1,0,140.663391,0.429216,141.092607
516,128,4192,-1,-1,-1,-1,-1,-1,0,77.828354,0.410144,78.238498
517,128,2159,-1,-1,-1,-1,-1,-1,0,47.467968,0.41376,47.881728
518,128,6224,-1,-1,-1,-1,-1,-1,0,110.764061,0.423936,111.187997
519,128,6224,-1,-1,-1,-1,-1,-1,0,109.982529,0.435808,110.418337
520,128,2160,-1,-1,-1,-1,-1,-1,0,50.122398,0.41824,50.540638
521,128,4192,-1,-1,-1,-1,-1,-1,0,76.978722,0.412064,77.390786
522,128,2112,-1,-1,-1,-1,-1,-1,0,46.958305,0.408448,47.366753
523,128,2160,-1,-1,-1,-1,-1,-1,0,46.984798,0.411072,47.39587
524,128,128,-1,-1,-1,-1,-1,13.152704,1,13.199424,0.420064,13.619488
525,128,2160,-1,-1,-1,-1,-1,-1,0,46.120865,0.404192,46.525057
526,128,2160,-1,-1,-1,-1,-1,-1,0,47.087425,0.413568,47.500993
527,128,128,-1,-1,-1,-1,-1,13.340544,1,13.388512,0.411488,13.8
528,128,128,-1,-1,-1,-1,-1,13.349312,1,13.398016,0.415808,13.813824
529,128,4192,-1,-1,-1,-1,-1,-1,0,76.55571,0.430272,76.985982
530,128,4192,-1,-1,-1,-1,-1,-1,0,78.424286,0.413152,78.837438
531,128,2159,-1,-1,-1,-1,-1,-1,0,47.091839,0.412768,47.504607
532,128,2160,-1,-1,-1,-1,-1,-1,0,46.78669,0.408864,47.195554
533,128,2160,-1,-1,-1,-1,-1,-1,0,46.815742,0.406624,47.222366
534,128,4192,-1,-1,-1,-1,-1,-1,0,75.951363,0.412288,76.363651
535,128,128,-1,-1,-1,-1,-1,13.130112,1,13.176704,0.406336,13.58304
536,128,128,-1,-1,-1,-1,-1,13.119008,1,13.166912,0.405792,13.572704
537,128,128,-1,-1,-1,-1,-1,13.037056,1,13.082816,0.40688,13.489696
538,128,128,-1,-1,-1,-1,-1,12.998112,1,13.044768,0.404128,13.448896
539,128,4192,-1,-1,-1,-1,-1,-1,0,74.936928,0.420544,75.357472
540,128,4192,-1,-1,-1,-1,-1,-1,0,76.874908,0.411808,77.286716
541,128,4192,-1,-1,-1,-1,-1,-1,0,77.411652,0.42784,77.839492
542,128,128,-1,-1,-1,-1,-1,13.612416,1,13.66144,0.422112,14.083552
543,128,2160,-1,-1,-1,-1,-1,-1,0,48.064449,0.413344,48.477793
544,128,128,-1,-1,-1,-1,-1,13.086208,1,13.132896,0.41344,13.546336
545,128,2160,-1,-1,-1,-1,-1,-1,0,47.327969,0.414176,47.742145
546,128,6224,-1,-1,-1,-1,-1,-1,0,107.979042,0.435808,108.41485
547,128,4192,-1,-1,-1,-1,-1,-1,0,77.485153,0.408352,77.893505
548,128,128,-1,-1,-1,-1,-1,13.033408,1,13.081088,0.430944,13.512032
549,128,128,-1,-1,-1,-1,-1,12.964832,1,13.011584,0.415712,13.427296
550,128,2159,-1,-1,-1,-1,-1,-1,0,45.142494,0.410112,45.552606
551,128,128,-1,-1,-1,-1,-1,13.022656,1,13.07008,0.416928,13.487008
552,128,128,-1,-1,-1,-1,-1,13.0216,1,13.067328,0.407648,13.474976
553,128,128,-1,-1,-1,-1,-1,13.01008,1,13.054816,0.422592,13.477408
554,128,128,-1,-1,-1,-1,-1,12.953664,1,13.001344,0.419264,13.420608
555,128,2160,-1,-1,-1,-1,-1,-1,0,45.438686,0.40944,45.848126
556,128,2160,-1,-1,-1,-1,-1,-1,0,46.917023,0.411712,47.328735
557,128,128,-1,-1,-1,-1,-1,13.024512,1,13.071008,0.422912,13.49392
558,128,2160,-1,-1,-1,-1,-1,-1,0,45.899456,0.410624,46.31008
559,128,128,-1,-1,-1,-1,-1,12.945696,1,12.990688,0.405248,13.395936
560,128,128,-1,-1,-1,-1,-1,12.921216,1,12.967936,0.405984,13.37392
561,128,4192,-1,-1,-1,-1,-1,-1,0,74.915619,0.413632,75.329251
562,128,2160,-1,-1,-1,-1,-1,-1,0,48.243774,0.415872,48.659646
563,128,128,-1,-1,-1,-1,-1,13.050272,1,13.09792,0.40752,13.50544
564,128,128,-1,-1,-1,-1,-1,12.94704,1,12.994016,0.402272,13.396288
565,128,128,-1,-1,-1,-1,-1,12.81072,1,12.855456,0.41456,13.270016
566,128,128,-1,-1,-1,-1,-1,12.582944,1,12.628544,0.407488,13.036032
567,128,128,-1,-1,-1,-1,-1,12.525088,1,12.57072,0.395232,12.965952
568,128,128,-1,-1,-1,-1,-1,12.445216,1,12.489376,0.403968,12.893344
569,128,128,-1,-1,-1,-1,-1,12.438112,1,12.483104,0.412064,12.895168
570,128,128,-1,-1,-1,-1,-1,12.419008,1,12.464352,0.398848,12.8632
571,128,128,-1,-1,-1,-1,-1,12.461248,1,12.504832,0.39376,12.898592
572,128,128,-1,-1,-1,-1,-1,12.443136,1,12.488896,0.408544,12.89744
573,128,128,-1,-1,-1,-1,-1,12.477664,1,12.521792,0.417216,12.939008
574,128,128,-1,-1,-1,-1,-1,12.616576,1,12.662752,0.409376,13.072128
575,128,128,-1,-1,-1,-1,-1,12.602432,1,12.647616,0.397696,13.045312
576,128,128,-1,-1,-1,-1,-1,12.593088,1,12.640128,0.39856,13.038688
577,128,2160,-1,-1,-1,-1,-1,-1,0,46.018528,0.413664,46.432192
578,128,128,-1,-1,-1,-1,-1,13.167488,1,13.21632,0.408288,13.624608
579,128,128,-1,-1,-1,-1,-1,13.08336,1,13.128768,0.420768,13.549536
580,128,128,-1,-1,-1,-1,-1,12.8656,1,12.913792,0.406112,13.319904
581,128,128,-1,-1,-1,-1,-1,12.78288,1,12.828256,0.39744,13.225696
582,128,128,-1,-1,-1,-1,-1,12.719648,1,12.765728,0.413984,13.179712
583,128,128,-1,-1,-1,-1,-1,12.578592,1,12.624448,0.400896,13.025344
584,128,128,-1,-1,-1,-1,-1,12.552896,1,12.599008,0.3952,12.994208
585,128,128,-1,-1,-1,-1,-1,12.5208,1,12.565984,0.413216,12.9792
586,128,128,-1,-1,-1,-1,-1,12.506016,1,12.552384,0.407616,12.96
587,128,128,-1,-1,-1,-1,-1,12.509248,1,12.555456,0.401152,12.956608
588,128,128,-1,-1,-1,-1,-1,12.570368,1,12.616224,0.403744,13.019968
589,128,128,-1,-1,-1,-1,-1,12.57456,1,12.621312,0.40192,13.023232
590,128,128,-1,-1,-1,-1,-1,12.548448,1,12.596576,0.406464,13.00304
591,128,128,-1,-1,-1,-1,-1,12.601728,1,12.647296,0.417792,13.065088
592,128,128,-1,-1,-1,-1,-1,12.627456,1,12.6744,0.413216,13.087616
593,128,128,-1,-1,-1,-1,-1,12.657408,1,12.704288,0.412064,13.116352
594,128,128,-1,-1,-1,-1,-1,12.643008,1,12.6912,0.406304,13.097504
595,128,128,-1,-1,-1,-1,-1,12.657632,1,12.704288,0.399296,13.103584
596,128,128,-1,-1,-1,-1,-1,12.66048,1,12.709344,0.414816,13.12416
597,128,128,-1,-1,-1,-1,-1,12.651488,1,12.697472,0.412704,13.110176
598,128,128,-1,-1,-1,-1,-1,12.640864,1,12.68912,0.413824,13.102944
599,128,128,-1,-1,-1,-1,-1,12.606528,1,12.653728,0.401408,13.055136
600,128,128,-1,-1,-1,-1,-1,12.584128,1,12.630784,0.397888,13.028672
601,128,128,-1,-1,-1,-1,-1,12.636128,1,12.682496,0.418336,13.100832
602,128,128,-1,-1,-1,-1,-1,12.739168,1,12.785184,0.413664,13.198848
603,128,128,-1,-1,-1,-1,-1,12.72656,1,12.772512,0.413824,13.186336
604,128,128,-1,-1,-1,-1,-1,12.745568,1,12.793504,0.413248,13.206752
605,128,128,-1,-1,-1,-1,-1,12.748096,1,12.79408,0.401088,13.195168
606,128,128,-1,-1,-1,-1,-1,12.743424,1,12.78896,0.404736,13.193696
607,128,128,-1,-1,-1,-1,-1,12.724128,1,12.771776,0.401824,13.1736
608,128,128,-1,-1,-1,-1,-1,12.716224,1,12.762272,0.40384,13.166112
609,128,128,-1,-1,-1,-1,-1,12.700512,1,12.747488,0.41504,13.162528
610,128,128,-1,-1,-1,-1,-1,12.697856,1,12.744352,0.410976,13.155328
611,128,128,-1,-1,-1,-1,-1,12.755136,1,12.80304,0.415296,13.218336
612,128,128,-1,-1,-1,-1,-1,12.778592,1,12.824928,0.414144,13.239072
613,128,128,-1,-1,-1,-1,-1,12.720288,1,12.768448,0.411744,13.180192
614,128,128,-1,-1,-1,-1,-1,12.68752,1,12.734336,0.411008,13.145344
615,128,128,-1,-1,-1,-1,-1,12.693472,1,12.740544,0.412768,13.153312
616,128,128,-1,-1,-1,-1,-1,12.710816,1,12.757088,0.414944,13.172032
617,128,128,-1,-1,-1,-1,-1,12.831936,1,12.878304,0.401952,13.280256
618,128,128,-1,-1,-1,-1,-1,12.819456,1,12.866752,0.402048,13.2688
619,128,128,-1,-1,-1,-1,-1,12.805824,1,12.852608,0.400544,13.253152
620,128,128,-1,-1,-1,-1,-1,12.79776,1,12.84544,0.41568,13.26112
621,128,128,-1,-1,-1,-1,-1,12.742528,1,12.790208,0.413632,13.20384
622,128,128,-1,-1,-1,-1,-1,12.717504,1,12.76416,0.409056,13.173216
623,128,128,-1,-1,-1,-1,-1,12.651616,1,12.696864,0.398848,13.095712
624,128,128,-1,-1,-1,-1,-1,12.688096,1,12.733152,0.410016,13.143168
625,128,128,-1,-1,-1,-1,-1,12.714208,1,12.761472,0.408992,13.170464
626,128,128,-1,-1,-1,-1,-1,12.672768,1,12.718592,0.398016,13.116608
627,128,128,-1,-1,-1,-1,-1,12.691712,1,12.738624,0.409632,13.148256
628,128,128,-1,-1,-1,-1,-1,12.794624,1,12.840896,0.403776,13.244672
629,128,128,-1,-1,-1,-1,-1,12.836704,1,12.882496,0.41536,13.297856
630,128,128,-1,-1,-1,-1,-1,12.90496,1,12.951392,0.416928,13.36832
631,128,128,-1,-1,-1,-1,-1,12.976576,1,13.024064,0.416096,13.44016
632,128,128,-1,-1,-1,-1,-1,13.004896,1,13.051616,0.412576,13.464192
633,128,128,-1,-1,-1,-1,-1,13.063936,1,13.11088,0.406816,13.517696
634,128,128,-1,-1,-1,-1,-1,13.129952,1,13.176352,0.41616,13.592512
635,128,128,-1,-1,-1,-1,-1,13.127072,1,13.174272,0.414976,13.589248
636,128,128,-1,-1,-1,-1,-1,13.119456,1,13.167232,0.41008,13.577312
637,128,128,-1,-1,-1,-1,-1,13.205376,1,13.25296,0.407232,13.660192
638,128,128,-1,-1,-1,-1,-1,13.23248,1,13.2816,0.424192,13.705792
639,128,128,-1,-1,-1,-1,-1,13.085696,1,13.13232,0.414848,13.547168
640,128,128,-1,-1,-1,-1,-1,13.01824,1,13.065344,0.417632,13.482976
641,128,128,-1,-1,-1,-1,-1,13.017664,1,13.064064,0.417024,13.481088
642,128,128,-1,-1,-1,-1,-1,13.018848,1,13.066944,0.40352,13.470464
643,128,128,-1,-1,-1,-1,-1,12.800384,1,12.846368,0.396,13.242368
644,128,128,-1,-1,-1,-1,-1,12.72736,1,12.773984,0.409824,13.183808
645,128,128,-1,-1,-1,-1,-1,12.730272,1,12.776544,0.406176,13.18272
646,128,128,-1,-1,-1,-1,-1,12.754752,1,12.800512,0.409856,13.210368
647,128,128,-1,-1,-1,-1,-1,12.936064,1,12.982272,0.41408,13.396352
648,128,128,-1,-1,-1,-1,-1,13.040576,1,13.088384,0.4176,13.505984
649,128,128,-1,-1,-1,-1,-1,13.0824,1,13.12928,0.40144,13.53072
650,128,128,-1,-1,-1,-1,-1,13.099072,1,13.14656,0.41136,13.55792
651,128,128,-1,-1,-1,-1,-1,13.036352,1,13.083168,0.40192,13.485088
652,128,128,-1,-1,-1,-1,-1,13.031712,1,13.078272,0.4136,13.491872
653,128,128,-1,-1,-1,-1,-1,12.996032,1,13.04384,0.398272,13.442112
654,128,128,-1,-1,-1,-1,-1,12.885088,1,12.931392,0.408896,13.340288
655,128,128,-1,-1,-1,-1,-1,12.875072,1,12.922976,0.409856,13.332832
656,128,128,-1,-1,-1,-1,-1,12.886752,1,12.9336,0.408896,13.342496
657,128,128,-1,-1,-1,-1,-1,12.906688,1,12.955296,0.415488,13.370784
658,128,128,-1,-1,-1,-1,-1,12.851424,1,12.898752,0.400128,13.29888
659,128,128,-1,-1,-1,-1,-1,12.83152,1,12.877824,0.396224,13.274048
660,128,128,-1,-1,-1,-1,-1,12.85328,1,12.899424,0.412672,13.312096
661,128,128,-1,-1,-1,-1,-1,12.872512,1,12.919712,0.39616,13.315872
662,128,128,-1,-1,-1,-1,-1,12.904544,1,12.951584,0.401856,13.35344
663,128,128,-1,-1,-1,-1,-1,12.97408,1,13.02048,0.415072,13.435552
664,128,128,-1,-1,-1,-1,-1,13.01056,1,13.056224,0.404672,13.460896
665,128,128,-1,-1,-1,-1,-1,12.946208,1,12.992224,0.417728,13.409952
666,128,128,-1,-1,-1,-1,-1,12.868256,1,12.91488,0.395872,13.310752
667,128,128,-1,-1,-1,-1,-1,12.849696,1,12.895936,0.410368,13.306304
668,128,128,-1,-1,-1,-1,-1,12.836832,1,12.883392,0.3944,13.277792
669,128,128,-1,-1,-1,-1,-1,12.870112,1,12.9152,0.40112,13.31632
670,128,128,-1,-1,-1,-1,-1,12.908576,1,12.954688,0.411424,13.366112
671,128,128,-1,-1,-1,-1,-1,13.005536,1,13.051296,0.409792,13.461088
672,128,2144,-1,-1,-1,-1,-1,-1,0,46.413982,0.415616,46.829598
673,128,128,-1,-1,-1,-1,-1,13.573984,1,13.623072,0.427328,14.0504
674,128,128,-1,-1,-1,-1,-1,13.604736,1,13.6544,0.42496,14.07936
675,128,128,-1,-1,-1,-1,-1,13.578848,1,13.629632,0.416896,14.046528
676,128,128,-1,-1,-1,-1,-1,13.241728,1,13.288672,0.4168,13.705472
677,128,128,-1,-1,-1,-1,-1,13.173472,1,13.221344,0.401728,13.623072
678,128,128,-1,-1,-1,-1,-1,13.001088,1,13.049312,0.411968,13.46128
679,128,128,-1,-1,-1,-1,-1,12.944096,1,12.989952,0.41168,13.401632
680,128,2160,-1,-1,-1,-1,-1,-1,0,45.759392,0.407264,46.166656
681,128,128,-1,-1,-1,-1,-1,13.312352,1,13.359072,0.419968,13.77904
682,128,128,-1,-1,-1,-1,-1,13.364704,1,13.4104,0.406272,13.816672
683,128,128,-1,-1,-1,-1,-1,13.318848,1,13.364672,0.402912,13.767584
684,128,128,-1,-1,-1,-1,-1,13.236192,1,13.281088,0.414592,13.69568
685,128,128,-1,-1,-1,-1,-1,13.05696,1,13.101536,0.398784,13.50032
686,128,128,-1,-1,-1,-1,-1,13.108384,1,13.152768,0.404224,13.556992
687,128,128,-1,-1,-1,-1,-1,13.1416,1,13.185792,0.400832,13.586624
688,128,128,-1,-1,-1,-1,-1,13.275232,1,13.3216,0.409696,13.731296
689,128,128,-1,-1,-1,-1,-1,13.268096,1,13.314048,0.399264,13.713312
690,128,128,-1,-1,-1,-1,-1,13.098976,1,13.14576,0.41344,13.5592
691,128,2160,-1,-1,-1,-1,-1,-1,0,46.41571,0.412448,46.828158
692,128,4192,-1,-1,-1,-1,-1,-1,0,77.046974,0.41904,77.466014
693,128,128,-1,-1,-1,-1,-1,13.8152,1,13.86224,0.408864,14.271104
694,128,128,-1,-1,-1,-1,-1,13.570656,1,13.619296,0.424288,14.043584
695,128,128,-1,-1,-1,-1,-1,13.329472,1,13.3776,0.404256,13.781856
696,128,2160,-1,-1,-1,-1,-1,-1,0,46.164959,0.409472,46.574431
697,128,128,-1,-1,-1,-1,-1,13.438656,1,13.484352,0.411232,13.895584
698,128,128,-1,-1,-1,-1,-1,13.461184,1,13.507104,0.41392,13.921024
699,128,128,-1,-1,-1,-1,-1,13.3304,1,13.376544,0.417952,13.794496
700,128,128,-1,-1,-1,-1,-1,13.203712,1,13.249088,0.403296,13.652384
701,128,2159,-1,-1,-1,-1,-1,-1,0,45.747681,0.406944,46.154625
702,128,4192,-1,-1,-1,-1,-1,-1,0,77.384064,0.4088,77.792864
703,128,2160,-1,-1,-1,-1,-1,-1,0,47.094784,0.408736,47.50352
704,128,2160,-1,-1,-1,-1,-1,-1,0,47.580318,0.41104,47.991358
705,128,2160,-1,-1,-1,-1,-1,-1,0,47.469151,0.410912,47.880063
706,128,128,-1,-1,-1,-1,-1,13.464256,1,13.51152,0.417024,13.928544
707,128,2159,-1,-1,-1,-1,-1,-1,0,46.45536,0.410048,46.865408
708,128,128,-1,-1,-1,-1,-1,13.435232,1,13.48256,0.407808,13.890368
709,128,128,-1,-1,-1,-1,-1,13.406304,1,13.453184,0.420768,13.873952
710,128,128,-1,-1,-1,-1,-1,13.344,1,13.388256,0.412,13.800256
711,128,2160,-1,-1,-1,-1,-1,-1,0,46.053665,0.401728,46.455393
712,128,2159,-1,-1,-1,-1,-1,-1,0,47.694752,0.418208,48.11296
713,128,128,-1,-1,-1,-1,-1,13.605088,1,13.6528,0.41376,14.06656
714,128,128,-1,-1,-1,-1,-1,13.552416,1,13.598688,0.40864,14.007328
715,128,2160,-1,-1,-1,-1,-1,-1,0,46.674591,0.409504,47.084095
716,128,128,-1,-1,-1,-1,-1,13.443072,1,13.490784,0.4184,13.909184
717,128,6208,-1,-1,-1,-1,-1,-1,0,106.29258,0.419968,106.712548
718,128,4191,-1,-1,-1,-1,-1,-1,0,78.025536,0.421824,78.44736
719,128,2160,-1,-1,-1,-1,-1,-1,0,48.902977,0.414688,49.317665
720,128,4192,-1,-1,-1,-1,-1,-1,0,77.314178,0.426848,77.741026
721,128,2160,-1,-1,-1,-1,-1,-1,0,49.328671,0.411904,49.740575
722,128,128,-1,-1,-1,-1,-1,13.544416,1,13.5912,0.403168,13.994368
723,128,4191,-1,-1,-1,-1,-1,-1,0,77.566498,0.43536,78.001858
724,128,4192,-1,-1,-1,-1,-1,-1,0,79.641281,0.410848,80.052129
725,128,4191,-1,-1,-1,-1,-1,-1,0,77.217697,0.412032,77.629729
726,128,4192,-1,-1,-1,-1,-1,-1,0,77.18531,0.427232,77.612542
727,128,2160,-1,-1,-1,-1,-1,-1,0,51.823009,0.434272,52.257281
728,128,2160,-1,-1,-1,-1,-1,-1,0,49.258785,0.408416,49.667201
729,128,2160,-1,-1,-1,-1,-1,-1,0,46.8008,0.40976,47.21056
730,128,128,-1,-1,-1,-1,-1,13.311968,1,13.359616,0.410304,13.76992
731,128,128,-1,-1,-1,-1,-1,13.326752,1,13.372224,0.404832,13.777056
732,128,128,-1,-1,-1,-1,-1,13.170752,1,13.21536,0.416864,13.632224
733,128,128,-1,-1,-1,-1,-1,13.03152,1,13.07632,0.396832,13.473152
734,128,128,-1,-1,-1,-1,-1,13.005344,1,13.050528,0.39888,13.449408
735,128,2160,-1,-1,-1,-1,-1,-1,0,45.687584,0.407232,46.094816
736,128,4192,-1,-1,-1,-1,-1,-1,0,75.667068,0.419072,76.08614
737,128,4191,-1,-1,-1,-1,-1,-1,0,81.451454,0.434432,81.885886
738,128,2144,-1,-1,-1,-1,-1,-1,0,50.090145,0.418496,50.508641
739,128,128,-1,-1,-1,-1,-1,13.482368,1,13.530848,0.409536,13.940384
740,128,2160,-1,-1,-1,-1,-1,-1,0,46.14064,0.412288,46.552928
741,128,2160,-1,-1,-1,-1,-1,-1,0,47.465919,0.412608,47.878527
742,128,4192,-1,-1,-1,-1,-1,-1,0,78.155647,0.423712,78.579359
743,128,6224,-1,-1,-1,-1,-1,-1,0,110.806236,0.433248,111.239484
744,128,2160,-1,-1,-1,-1,-1,-1,0,49.052834,0.410304,49.463138
745,128,2160,-1,-1,-1,-1,-1,-1,0,47.395615,0.413216,47.808831
746,128,128,-1,-1,-1,-1,-1,13.316448,1,13.361792,0.41456,13.776352
747,128,2160,-1,-1,-1,-1,-1,-1,0,46.357441,0.410016,46.767457
748,128,2159,-1,-1,-1,-1,-1,-1,0,47.034977,0.412928,47.447905
749,128,4192,-1,-1,-1,-1,-1,-1,0,79.532547,0.444352,79.976899
750,128,8255,-1,-1,-1,-1,-1,-1,0,143.9991,0.422528,144.421628
751,128,8256,-1,-1,-1,-1,-1,-1,0,141.752991,0.431744,142.184735
752,128,4192,-1,-1,-1,-1,-1,-1,0,80.195068,0.422752,80.61782
753,128,2160,-1,-1,-1,-1,-1,-1,0,46.483776,0.405888,46.889664
754,128,6224,-1,-1,-1,-1,-1,-1,0,108.79837,0.419136,109.217506
755,128,4192,-1,-1,-1,-1,-1,-1,0,80.470016,0.434688,80.904704
756,128,2160,-1,-1,-1,-1,-1,-1,0,50.160801,0.415424,50.576225
757,128,6224,-1,-1,-1,-1,-1,-1,0,104.315491,0.409568,104.725059
758,128,2160,-1,-1,-1,-1,-1,-1,0,48.887234,0.41696,49.304194
759,128,128,-1,-1,-1,-1,-1,13.386784,1,13.434336,0.428128,13.862464
760,128,6223,-1,-1,-1,-1,-1,-1,0,107.940514,0.433664,108.374178
761,128,128,-1,-1,-1,-1,-1,13.835744,1,13.88688,0.428768,14.315648
762,128,6224,-1,-1,-1,-1,-1,-1,0,107.640381,0.428064,108.068445
763,128,4192,-1,-1,-1,-1,-1,-1,0,77.652931,0.42448,78.077411
764,128,4192,-1,-1,-1,-1,-1,-1,0,78.177086,0.41984,78.596926
765,128,2160,-1,-1,-1,-1,-1,-1,0,47.816864,0.412672,48.229536
766,128,2160,-1,-1,-1,-1,-1,-1,0,47.14016,0.412704,47.552864
767,128,4192,-1,-1,-1,-1,-1,-1,0,76.072098,0.422016,76.494114
768,128,2160,-1,-1,-1,-1,-1,-1,0,47.444351,0.411744,47.856095
769,128,6223,-1,-1,-1,-1,-1,-1,0,109.462685,0.43152,109.894205
770,128,128,-1,-1,-1,-1,-1,13.915008,1,13.965056,0.435936,14.400992
771,128,128,-1,-1,-1,-1,-1,13.6872,1,13.735232,0.426624,14.161856
772,128,2160,-1,-1,-1,-1,-1,-1,0,46.273407,0.409024,46.682431
773,128,128,-1,-1,-1,-1,-1,13.07488,1,13.120832,0.405792,13.526624
774,128,128,-1,-1,-1,-1,-1,12.921696,1,12.967584,0.405184,13.372768
775,128,2159,-1,-1,-1,-1,-1,-1,0,45.335487,0.40576,45.741247
776,128,128,-1,-1,-1,-1,-1,13.139168,1,13.186624,0.408576,13.5952
777,128,128,-1,-1,-1,-1,-1,13.170144,1,13.216544,0.424192,13.640736
778,128,4192,-1,-1,-1,-1,-1,-1,0,76.26931,0.414976,76.684286
779,128,2160,-1,-1,-1,-1,-1,-1,0,48.134815,0.414848,48.549663
780,128,2159,-1,-1,-1,-1,-1,-1,0,46.615616,0.407808,47.023424
781,128,2160,-1,-1,-1,-1,-1,-1,0,46.820927,0.408192,47.229119
782,128,2160,-1,-1,-1,-1,-1,-1,0,47.264225,0.410848,47.675073
783,128,2159,-1,-1,-1,-1,-1,-1,0,47.091072,0.411744,47.502816
784,128,4192,-1,-1,-1,-1,-1,-1,0,77.048195,0.413408,77.461603
785,128,2144,-1,-1,-1,-1,-1,-1,0,48.62093,0.409216,49.030146
786,128,128,-1,-1,-1,-1,-1,13.239808,1,13.28688,0.410976,13.697856
787,128,2160,-1,-1,-1,-1,-1,-1,0,45.877472,0.406048,46.28352
788,128,2160,-1,-1,-1,-1,-1,-1,0,46.524799,0.428032,46.952831
789,128,4192,-1,-1,-1,-1,-1,-1,0,76.700867,0.430336,77.131203
790,128,4000,-1,-1,-1,-1,-1,-1,0,72.654114,0.4248,73.078914
791,128,128,-1,-1,-1,-1,-1,13.649152,1,13.697888,0.42768,14.125568
792,128,4192,-1,-1,-1,-1,-1,-1,0,76.643265,0.420672,77.063937
793,128,2160,-1,-1,-1,-1,-1,-1,0,50.141792,0.41968,50.561472
794,128,2160,-1,-1,-1,-1,-1,-1,0,48.013599,0.41088,48.424479
795,128,2160,-1,-1,-1,-1,-1,-1,0,46.672127,0.410144,47.082271
796,128,128,-1,-1,-1,-1,-1,13.051712,1,13.097216,0.410688,13.507904
797,128,2160,-1,-1,-1,-1,-1,-1,0,46.798016,0.41408,47.212096
798,128,128,-1,-1,-1,-1,-1,13.186368,1,13.232832,0.429376,13.662208
799,128,128,-1,-1,-1,-1,-1,13.0424,1,13.08864,0.414048,13.502688
800,128,128,-1,-1,-1,-1,-1,12.925472,1,12.970688,0.400832,13.37152
801,128,4192,-1,-1,-1,-1,-1,-1,0,73.314621,0.411456,73.726077
802,128,128,-1,-1,-1,-1,-1,13.159552,1,13.205824,0.4096,13.615424
803,128,2160,-1,-1,-1,-1,-1,-1,0,46.319614,0.406048,46.725662
804,128,2160,-1,-1,-1,-1,-1,-1,0,46.284416,0.411872,46.696288
805,128,128,-1,-1,-1,-1,-1,13.044416,1,13.092096,0.42048,13.512576
806,128,6224,-1,-1,-1,-1,-1,-1,0,106.215202,0.435296,106.650498
807,128,128,-1,-1,-1,-1,-1,13.925824,1,13.974368,0.449376,14.423744
808,128,128,-1,-1,-1,-1,-1,13.563168,1,13.61328,0.42784,14.04112
809,128,2160,-1,-1,-1,-1,-1,-1,0,46.408798,0.40976,46.818558
810,128,128,-1,-1,-1,-1,-1,13.008416,1,13.054336,0.421184,13.47552
811,128,128,-1,-1,-1,-1,-1,12.946752,1,12.994112,0.419904,13.414016
812,128,128,-1,-1,-1,-1,-1,12.812,1,12.85648,0.40544,13.26192
813,128,2160,-1,-1,-1,-1,-1,-1,0,45.409664,0.404032,45.813696
814,128,128,-1,-1,-1,-1,-1,12.906112,1,12.951904,0.419392,13.371296
815,128,128,-1,-1,-1,-1,-1,12.960992,1,13.007424,0.422368,13.429792
816,128,128,-1,-1,-1,-1,-1,12.902304,1,12.94704,0.400768,13.347808
817,128,128,-1,-1,-1,-1,-1,12.81344,1,12.859168,0.41248,13.271648
818,128,128,-1,-1,-1,-1,-1,12.683968,1,12.730048,0.402624,13.132672
819,128,128,-1,-1,-1,-1,-1,12.610368,1,12.655168,0.411136,13.066304
820,128,128,-1,-1,-1,-1,-1,12.53712,1,12.581216,0.40336,12.984576
821,128,128,-1,-1,-1,-1,-1,12.547712,1,12.59072,0.4088,12.99952
822,128,128,-1,-1,-1,-1,-1,12.509696,1,12.554592,0.398976,12.953568
823,128,128,-1,-1,-1,-1,-1,12.53008,1,12.57456,0.402656,12.977216
824,128,128,-1,-1,-1,-1,-1,12.517888,1,12.563744,0.404832,12.968576
825,128,128,-1,-1,-1,-1,-1,12.507072,1,12.550496,0.407552,12.958048
826,128,128,-1,-1,-1,-1,-1,12.50336,1,12.547776,0.409376,12.957152
827,128,128,-1,-1,-1,-1,-1,12.529664,1,12.573504,0.414272,12.987776
828,128,128,-1,-1,-1,-1,-1,12.560768,1,12.60448,0.39792,13.0024
829,128,128,-1,-1,-1,-1,-1,12.57472,1,12.618208,0.408992,13.0272
830,128,128,-1,-1,-1,-1,-1,12.602528,1,12.646464,0.39888,13.045344
831,128,2160,-1,-1,-1,-1,-1,-1,0,47.062943,0.419616,47.482559
832,128,128,-1,-1,-1,-1,-1,13.497312,1,13.547328,0.423904,13.971232
833,128,128,-1,-1,-1,-1,-1,13.516448,1,13.565536,0.431104,13.99664
834,128,128,-1,-1,-1,-1,-1,13.328096,1,13.37728,0.414912,13.792192
835,128,128,-1,-1,-1,-1,-1,13.102208,1,13.150496,0.407616,13.558112
836,128,128,-1,-1,-1,-1,-1,13.10784,1,13.154592,0.421024,13.575616
837,128,128,-1,-1,-1,-1,-1,12.984032,1,13.0296,0.39984,13.42944
838,128,128,-1,-1,-1,-1,-1,12.595488,1,12.6424,0.396192,13.038592
839,128,128,-1,-1,-1,-1,-1,12.55376,1,12.597248,0.39184,12.989088
840,128,128,-1,-1,-1,-1,-1,12.5112,1,12.554976,0.403488,12.958464
841,128,128,-1,-1,-1,-1,-1,12.523712,1,12.569472,0.395808,12.96528
842,128,128,-1,-1,-1,-1,-1,12.52144,1,12.565312,0.407328,12.97264
843,128,128,-1,-1,-1,-1,-1,12.55376,1,12.597216,0.40832,13.005536
844,128,128,-1,-1,-1,-1,-1,12.553376,1,12.597376,0.4,12.997376
845,128,128,-1,-1,-1,-1,-1,12.55184,1,12.597984,0.399808,12.997792
846,128,128,-1,-1,-1,-1,-1,12.545696,1,12.589568,0.39584,12.985408
847,128,128,-1,-1,-1,-1,-1,12.56256,1,12.60672,0.40624,13.01296
848,128,128,-1,-1,-1,-1,-1,12.594304,1,12.638432,0.40224,13.040672
849,128,128,-1,-1,-1,-1,-1,12.602528,1,12.648288,0.395008,13.043296
850,128,128,-1,-1,-1,-1,-1,12.598912,1,12.643616,0.3944,13.038016
851,128,128,-1,-1,-1,-1,-1,12.58944,1,12.63344,0.406592,13.040032
852,128,128,-1,-1,-1,-1,-1,12.592928,1,12.637472,0.409728,13.0472
853,128,128,-1,-1,-1,-1,-1,12.601856,1,12.647776,0.409344,13.05712
854,128,128,-1,-1,-1,-1,-1,12.648,1,12.691712,0.39792,13.089632
855,128,128,-1,-1,-1,-1,-1,12.641952,1,12.684672,0.415584,13.100256
856,128,128,-1,-1,-1,-1,-1,12.642272,1,12.686688,0.398272,13.08496
857,128,128,-1,-1,-1,-1,-1,12.644256,1,12.688864,0.406624,13.095488
858,128,128,-1,-1,-1,-1,-1,12.673344,1,12.717152,0.409152,13.126304
859,128,128,-1,-1,-1,-1,-1,12.676416,1,12.723328,0.412224,13.135552
860,128,128,-1,-1,-1,-1,-1,12.671296,1,12.71744,0.410112,13.127552
861,128,128,-1,-1,-1,-1,-1,12.697536,1,12.74416,0.407936,13.152096
862,128,128,-1,-1,-1,-1,-1,12.702048,1,12.746784,0.408608,13.155392
863,128,128,-1,-1,-1,-1,-1,12.675648,1,12.720864,0.4088,13.129664
864,128,128,-1,-1,-1,-1,-1,12.672224,1,12.719296,0.3992,13.118496
865,128,128,-1,-1,-1,-1,-1,12.669504,1,12.716192,0.412192,13.128384
866,128,128,-1,-1,-1,-1,-1,12.690496,1,12.736768,0.408032,13.1448
867,128,128,-1,-1,-1,-1,-1,12.783392,1,12.828416,0.414752,13.243168
868,128,128,-1,-1,-1,-1,-1,12.84672,1,12.892864,0.406528,13.299392
869,128,128,-1,-1,-1,-1,-1,12.951808,1,12.999008,0.421504,13.420512
870,128,128,-1,-1,-1,-1,-1,12.960384,1,13.006432,0.416736,13.423168
871,128,128,-1,-1,-1,-1,-1,12.964128,1,13.009728,0.4152,13.424928
872,128,128,-1,-1,-1,-1,-1,12.999488,1,13.046912,0.415968,13.46288
873,128,128,-1,-1,-1,-1,-1,12.886048,1,12.932608,0.4136,13.346208
874,128,128,-1,-1,-1,-1,-1,12.830816,1,12.87696,0.408576,13.285536
875,128,128,-1,-1,-1,-1,-1,12.82224,1,12.867872,0.414816,13.282688
876,128,128,-1,-1,-1,-1,-1,12.810944,1,12.85696,0.400736,13.257696
877,128,128,-1,-1,-1,-1,-1,12.830624,1,12.875424,0.411712,13.287136
878,128,128,-1,-1,-1,-1,-1,12.83984,1,12.885984,0.413472,13.299456
879,128,128,-1,-1,-1,-1,-1,12.852736,1,12.898688,0.408512,13.3072
880,128,128,-1,-1,-1,-1,-1,12.843744,1,12.889376,0.419296,13.308672
881,128,128,-1,-1,-1,-1,-1,12.864768,1,12.911456,0.411968,13.323424
882,128,128,-1,-1,-1,-1,-1,12.840384,1,12.88656,0.411424,13.297984
883,128,128,-1,-1,-1,-1,-1,12.82976,1,12.87568,0.397728,13.273408
884,128,128,-1,-1,-1,-1,-1,12.798816,1,12.844736,0.409728,13.254464
885,128,128,-1,-1,-1,-1,-1,12.813472,1,12.858848,0.394624,13.253472
886,128,128,-1,-1,-1,-1,-1,12.788992,1,12.834976,0.405408,13.240384
887,128,128,-1,-1,-1,-1,-1,12.77488,1,12.820288,0.409888,13.230176
888,128,128,-1,-1,-1,-1,-1,12.797824,1,12.845344,0.406656,13.252
889,128,128,-1,-1,-1,-1,-1,12.796256,1,12.841216,0.420512,13.261728
890,128,128,-1,-1,-1,-1,-1,12.818304,1,12.863392,0.413056,13.276448
891,128,128,-1,-1,-1,-1,-1,12.828352,1,12.873888,0.41152,13.285408
892,128,128,-1,-1,-1,-1,-1,12.836576,1,12.881984,0.401984,13.283968
893,128,128,-1,-1,-1,-1,-1,12.79952,1,12.844768,0.410688,13.255456
894,128,128,-1,-1,-1,-1,-1,12.80768,1,12.85328,0.406912,13.260192
895,128,128,-1,-1,-1,-1,-1,12.778272,1,12.823616,0.413408,13.237024
896,128,128,-1,-1,-1,-1,-1,12.792832,1,12.837952,0.409312,13.247264
897,128,128,-1,-1,-1,-1,-1,12.82256,1,12.868736,0.400096,13.268832
898,128,128,-1,-1,-1,-1,-1,12.82448,1,12.869632,0.4072,13.276832
899,128,128,-1,-1,-1,-1,-1,12.825184,1,12.871936,0.395552,13.267488
900,128,128,-1,-1,-1,-1,-1,12.883744,1,12.931744,0.399552,13.331296
901,128,128,-1,-1,-1,-1,-1,12.913184,1,12.958464,0.401248,13.359712
902,128,128,-1,-1,-1,-1,-1,12.915488,1,12.962784,0.406848,13.369632
903,128,128,-1,-1,-1,-1,-1,13.121504,1,13.165984,0.424416,13.5904
904,128,128,-1,-1,-1,-1,-1,13.309408,1,13.35696,0.413152,13.770112
905,128,128,-1,-1,-1,-1,-1,13.391008,1,13.438976,0.412384,13.85136
906,128,128,-1,-1,-1,-1,-1,13.40064,1,13.448608,0.427488,13.876096
907,128,128,-1,-1,-1,-1,-1,13.388704,1,13.436416,0.419552,13.855968
908,128,128,-1,-1,-1,-1,-1,13.328192,1,13.375232,0.424608,13.79984
909,128,128,-1,-1,-1,-1,-1,13.333728,1,13.382272,0.423552,13.805824
910,128,2160,-1,-1,-1,-1,-1,-1,0,46.98045,0.417888,47.398338
911,128,128,-1,-1,-1,-1,-1,13.585632,1,13.634816,0.424736,14.059552
912,128,128,-1,-1,-1,-1,-1,13.501824,1,13.552352,0.424352,13.976704
913,128,128,-1,-1,-1,-1,-1,13.401504,1,13.449088,0.426048,13.875136
914,128,128,-1,-1,-1,-1,-1,13.305856,1,13.354272,0.421696,13.775968
915,128,128,-1,-1,-1,-1,-1,13.114272,1,13.160864,0.402528,13.563392
916,128,128,-1,-1,-1,-1,-1,13.049792,1,13.09536,0.407136,13.502496
917,128,2160,-1,-1,-1,-1,-1,-1,0,45.708447,0.408768,46.117215
918,128,128,-1,-1,-1,-1,-1,13.338112,1,13.386496,0.420256,13.806752
919,128,128,-1,-1,-1,-1,-1,13.341568,1,13.388672,0.407168,13.79584
920,128,128,-1,-1,-1,-1,-1,13.246464,1,13.293312,0.405888,13.6992
921,128,128,-1,-1,-1,-1,-1,13.172832,1,13.220064,0.414816,13.63488
922,128,128,-1,-1,-1,-1,-1,12.969568,1,13.01616,0.398208,13.414368
923,128,128,-1,-1,-1,-1,-1,12.861728,1,12.906848,0.39296,13.299808
924,128,128,-1,-1,-1,-1,-1,12.849408,1,12.89616,0.407936,13.304096
925,128,128,-1,-1,-1,-1,-1,12.820832,1,12.866208,0.396384,13.262592
926,128,4190,-1,-1,-1,-1,-1,-1,0,73.609756,0.41504,74.024796
927,128,128,-1,-1,-1,-1,-1,13.682912,1,13.731872,0.431296,14.163168
928,128,128,-1,-1,-1,-1,-1,13.877504,1,13.926368,0.424992,14.35136
929,128,128,-1,-1,-1,-1,-1,13.828736,1,13.878944,0.418048,14.296992
930,128,128,-1,-1,-1,-1,-1,13.23872,1,13.286464,0.416928,13.703392
931,128,128,-1,-1,-1,-1,-1,13.104416,1,13.150496,0.416512,13.567008
932,128,128,-1,-1,-1,-1,-1,12.979328,1,13.025824,0.39968,13.425504
933,128,2159,-1,-1,-1,-1,-1,-1,0,45.101566,0.415328,45.516894
934,128,128,-1,-1,-1,-1,-1,13.33712,1,13.382848,0.41824,13.801088
935,128,128,-1,-1,-1,-1,-1,13.501024,1,13.54896,0.408512,13.957472
936,128,128,-1,-1,-1,-1,-1,13.362432,1,13.409664,0.415968,13.825632
937,128,128,-1,-1,-1,-1,-1,13.162112,1,13.208672,0.400768,13.60944
938,128,2160,-1,-1,-1,-1,-1,-1,0,46.412704,0.41088,46.823584
939,128,6224,-1,-1,-1,-1,-1,-1,0,109.777084,0.424576,110.20166
940,128,128,-1,-1,-1,-1,-1,13.881312,1,13.93088,0.426176,14.357056
941,128,2160,-1,-1,-1,-1,-1,-1,0,47.582687,0.410144,47.992831
942,128,2160,-1,-1,-1,-1,-1,-1,0,47.110912,0.41312,47.524032
943,128,128,-1,-1,-1,-1,-1,13.433696,1,13.48192,0.410592,13.892512
944,128,2160,-1,-1,-1,-1,-1,-1,0,47.272545,0.413888,47.686433
945,128,128,-1,-1,-1,-1,-1,13.568992,1,13.618368,0.411456,14.029824
946,128,128,-1,-1,-1,-1,-1,13.557408,1,13.605216,0.405088,14.010304
947,128,2160,-1,-1,-1,-1,-1,-1,0,46.562656,0.41248,46.975136
948,128,128,-1,-1,-1,-1,-1,13.53328,1,13.581312,0.42432,14.005632
949,128,128,-1,-1,-1,-1,-1,13.45904,1,13.506688,0.417984,13.924672
950,128,2160,-1,-1,-1,-1,-1,-1,0,46.790112,0.414208,47.20432
951,128,128,-1,-1,-1,-1,-1,13.53408,1,13.584992,0.425152,14.010144
952,128,128,-1,-1,-1,-1,-1,13.54064,1,13.588832,0.414432,14.003264
953,128,128,-1,-1,-1,-1,-1,13.304,1,13.350464,0.41152,13.761984
954,128,2160,-1,-1,-1,-1,-1,-1,0,46.397152,0.410176,46.807328
955,128,128,-1,-1,-1,-1,-1,13.44848,1,13.49536,0.421408,13.916768
956,128,4192,-1,-1,-1,-1,-1,-1,0,76.442177,0.415584,76.857761
957,128,2160,-1,-1,-1,-1,-1,-1,0,47.569633,0.404864,47.974497
958,128,2160,-1,-1,-1,-1,-1,-1,0,47.377247,0.418016,47.795263
959,128,128,-1,-1,-1,-1,-1,13.547392,1,13.597664,0.410464,14.008128
960,128,2160,-1,-1,-1,-1,-1,-1,0,47.244736,0.416192,47.660928
961,128,128,-1,-1,-1,-1,-1,13.40384,1,13.451392,0.40608,13.857472
962,128,2160,-1,-1,-1,-1,-1,-1,0,46.47744,0.412064,46.889504
963,128,4192,-1,-1,-1,-1,-1,-1,0,75.559425,0.414816,75.974241
964,128,128,-1,-1,-1,-1,-1,13.586304,1,13.634944,0.42336,14.058304
965,128,2160,-1,-1,-1,-1,-1,-1,0,47.112034,0.409664,47.521698
966,128,2160,-1,-1,-1,-1,-1,-1,0,46.89328,0.415776,47.309056
967,128,2160,-1,-1,-1,-1,-1,-1,0,47.74992,0.409728,48.159648
968,128,128,-1,-1,-1,-1,-1,13.516896,1,13.562144,0.420768,13.982912
969,128,128,-1,-1,-1,-1,-1,13.391744,1,13.43904,0.42208,13.86112
970,128,128,-1,-1,-1,-1,-1,13.33968,1,13.385664,0.40544,13.791104
971,128,2160,-1,-1,-1,-1,-1,-1,0,46.317024,0.408128,46.725152
972,128,4191,-1,-1,-1,-1,-1,-1,0,77.068611,0.41856,77.487171
973,128,128,-1,-1,-1,-1,-1,13.81712,1,13.865312,0.411936,14.277248
974,128,4191,-1,-1,-1,-1,-1,-1,0,82.058563,0.431808,82.490371
975,128,4192,-1,-1,-1,-1,-1,-1,0,79.028351,0.412352,79.440703
976,128,128,-1,-1,-1,-1,-1,13.441408,1,13.488672,0.409792,13.898464
977,128,2160,-1,-1,-1,-1,-1,-1,0,46.244671,0.404864,46.649535
978,128,6207,-1,-1,-1,-1,-1,-1,0,107.435234,0.422336,107.85757
979,128,128,-1,-1,-1,-1,-1,14.09808,1,14.1464,0.430368,14.576768
980,128,2160,-1,-1,-1,-1,-1,-1,0,49.231808,0.41232,49.644128
981,128,6224,-1,-1,-1,-1,-1,-1,0,108.373535,0.423712,108.797247
982,128,128,-1,-1,-1,-1,-1,13.811616,1,13.8616,0.421728,14.283328
983,128,128,-1,-1,-1,-1,-1,13.521312,1,13.569056,0.419616,13.988672
984,128,4192,-1,-1,-1,-1,-1,-1,0,74.393379,0.410944,74.804323
985,128,128,-1,-1,-1,-1,-1,13.343872,1,13.390592,0.4072,13.797792
986,128,12319,-1,-1,-1,-1,-1,-1,0,205.789474,0.421344,206.210818
987,128,4192,-1,-1,-1,-1,-1,-1,0,80.766495,0.43344,81.199935
988,128,4192,-1,-1,-1,-1,-1,-1,0,77.371361,0.416096,77.787457
989,128,4176,-1,-1,-1,-1,-1,-1,0,77.173569,0.41072,77.584289
990,128,4175,-1,-1,-1,-1,-1,-1,0,77.93306,0.441216,78.374276
991,128,4192,-1,-1,-1,-1,-1,-1,0,80.189507,0.410752,80.600259
992,128,8256,-1,-1,-1,-1,-1,-1,0,142.849823,0.435584,143.285407
993,128,4192,-1,-1,-1,-1,-1,-1,0,78.399071,0.415424,78.814495
994,128,128,-1,-1,-1,-1,-1,13.385664,1,13.43392,0.4232,13.85712
995,128,6224,-1,-1,-1,-1,-1,-1,0,107.312256,0.427008,107.739264
996,128,4192,-1,-1,-1,-1,-1,-1,0,79.894333,0.439264,80.333597
997,128,4192,-1,-1,-1,-1,-1,-1,0,81.081665,0.414176,81.495841
998,128,2160,-1,-1,-1,-1,-1,-1,0,47.844002,0.4088,48.252802
999,128,4192,-1,-1,-1,-1,-1,-1,0,76.50592,0.416768,76.922688
1000,128,2160,-1,-1,-1,-1,-1,-1,0,49.672642,0.419744,50.092386
1001,128,2144,-1,-1,-1,-1,-1,-1,0,48.285984,0.412704,48.698688
1002,128,128,-1,-1,-1,-1,-1,13.332384,1,13.380352,0.415616,13.795968
1003,128,128,-1,-1,-1,-1,-1,13.20416,1,13.2512,0.414368,13.665568
1004,128,2160,-1,-1,-1,-1,-1,-1,0,45.739105,0.40576,46.144865
1005,128,2160,-1,-1,-1,-1,-1,-1,0,46.797215,0.41088,47.208095
1006,128,2159,-1,-1,-1,-1,-1,-1,0,47.282974,0.41328,47.696254
1007,128,2160,-1,-1,-1,-1,-1,-1,0,47.461567,0.410816,47.872383
1008,128,128,-1,-1,-1,-1,-1,13.268576,1,13.31568,0.40832,13.724
1009,128,6224,-1,-1,-1,-1,-1,-1,0,108.951263,0.433152,109.384415
1010,128,128,-1,-1,-1,-1,-1,14.03424,1,14.084704,0.445056,14.52976
1011,128,4192,-1,-1,-1,-1,-1,-1,0,77.363106,0.4296,77.792706
1012,128,128,-1,-1,-1,-1,-1,13.79648,1,13.844672,0.426656,14.271328
1013,128,128,-1,-1,-1,-1,-1,13.348064,1,13.395264,0.411296,13.80656
1014,128,4192,-1,-1,-1,-1,-1,-1,0,74.32531,0.413248,74.738558
1015,128,128,-1,-1,-1,-1,-1,13.403232,1,13.45104,0.418688,13.869728
1016,128,2160,-1,-1,-1,-1,-1,-1,0,48.17712,0.410016,48.587136
1017,128,4192,-1,-1,-1,-1,-1,-1,0,77.024643,0.43232,77.456963
1018,128,128,-1,-1,-1,-1,-1,14.00752,1,14.057632,0.44208,14.499712
1019,128,128,-1,-1,-1,-1,-1,14.021568,1,14.071392,0.43488,14.506272
1020,128,128,-1,-1,-1,-1,-1,13.787296,1,13.836032,0.419776,14.255808
1021,128,2160,-1,-1,-1,-1,-1,-1,0,45.777119,0.409344,46.186463
1022,128,4192,-1,-1,-1,-1,-1,-1,0,76.05027,0.414016,76.464286
1023,128,128,-1,-1,-1,-1,-1,13.507808,1,13.554816,0.436704,13.99152
1024,128,128,-1,-1,-1,-1,-1,13.454016,1,13.502592,0.41504,13.917632
1025,128,4192,-1,-1,-1,-1,-1,-1,0,75.960068,0.427968,76.388036
1026,128,128,-1,-1,-1,-1,-1,13.305024,1,13.355296,0.426496,13.781792
1027,128,128,-1,-1,-1,-1,-1,13.164832,1,13.212,0.42096,13.63296
1028,128,128,-1,-1,-1,-1,-1,13.017216,1,13.0616,0.40416,13.46576
1029,128,128,-1,-1,-1,-1,-1,12.869088,1,12.913984,0.410592,13.324576
1030,128,6224,-1,-1,-1,-1,-1,-1,0,108.596611,0.433728,109.030339
1031,128,128,-1,-1,-1,-1,-1,13.807808,1,13.858272,0.425632,14.283904
1032,128,8240,-1,-1,-1,-1,-1,-1,0,141.985275,0.437312,142.422587
1033,128,128,-1,-1,-1,-1,-1,13.950592,1,13.999456,0.44448,14.443936
1034,128,2160,-1,-1,-1,-1,-1,-1,0,48.209919,0.408512,48.618431
1035,128,2160,-1,-1,-1,-1,-1,-1,0,46.877216,0.408032,47.285248
1036,128,4192,-1,-1,-1,-1,-1,-1,0,76.338463,0.413472,76.751935
1037,128,2160,-1,-1,-1,-1,-1,-1,0,47.322208,0.408896,47.731104
1038,128,4192,-1,-1,-1,-1,-1,-1,0,75.79808,0.41168,76.20976
1039,128,128,-1,-1,-1,-1,-1,13.326656,1,13.372928,0.421152,13.79408
1040,128,2159,-1,-1,-1,-1,-1,-1,0,47.925442,0.413984,48.339426
1041,128,128,-1,-1,-1,-1,-1,13.15392,1,13.200992,0.422912,13.623904
1042,128,6223,-1,-1,-1,-1,-1,-1,0,109.1856,0.432256,109.617856
1043,128,2160,-1,-1,-1,-1,-1,-1,0,49.310463,0.416576,49.727039
1044,128,2160,-1,-1,-1,-1,-1,-1,0,47.64576,0.416352,48.062112
1045,128,128,-1,-1,-1,-1,-1,13.183872,1,13.23328,0.42704,13.66032
1046,128,2160,-1,-1,-1,-1,-1,-1,0,46.258015,0.40624,46.664255
1047,128,128,-1,-1,-1,-1,-1,13.020192,1,13.0672,0.435968,13.503168
1048,128,128,-1,-1,-1,-1,-1,13.070528,1,13.116224,0.419584,13.535808
1049,128,2160,-1,-1,-1,-1,-1,-1,0,46.627968,0.443584,47.071552
1050,128,2160,-1,-1,-1,-1,-1,-1,0,47.43856,0.415424,47.853984
1051,128,128,-1,-1,-1,-1,-1,13.05008,1,13.099424,0.428864,13.528288
1052,128,128,-1,-1,-1,-1,-1,12.955392,1,13.0016,0.398464,13.400064
1053,128,128,-1,-1,-1,-1,-1,12.7024,1,12.747968,0.398688,13.146656
1054,128,4192,-1,-1,-1,-1,-1,-1,0,72.577248,0.423552,73.0008
1055,128,2160,-1,-1,-1,-1,-1,-1,0,48.827007,0.41296,49.239967
1056,128,128,-1,-1,-1,-1,-1,13.2448,1,13.291136,0.428288,13.719424
1057,128,128,-1,-1,-1,-1,-1,13.051328,1,13.100864,0.402432,13.503296
1058,128,128,-1,-1,-1,-1,-1,12.866432,1,12.91152,0.417856,13.329376
1059,128,2160,-1,-1,-1,-1,-1,-1,0,45.417473,0.411136,45.828609
1060,128,128,-1,-1,-1,-1,-1,12.963264,1,13.00976,0.418976,13.428736
1061,128,128,-1,-1,-1,-1,-1,12.946368,1,12.994016,0.418528,13.412544
1062,128,128,-1,-1,-1,-1,-1,12.817952,1,12.864032,0.415456,13.279488
1063,128,128,-1,-1,-1,-1,-1,12.795424,1,12.84064,0.413856,13.254496
1064,128,128,-1,-1,-1,-1,-1,12.657152,1,12.70656,0.403872,13.110432
1065,128,2160,-1,-1,-1,-1,-1,-1,0,45.527969,0.413696,45.941665
1066,128,128,-1,-1,-1,-1,-1,13.038336,1,13.091232,0.425184,13.516416
1067,128,4192,-1,-1,-1,-1,-1,-1,0,76.030205,0.436608,76.466813
1068,128,128,-1,-1,-1,-1,-1,14.130528,1,14.18272,0.448544,14.631264
1069,128,128,-1,-1,-1,-1,-1,14.046432,1,14.099872,0.44592,14.545792
1070,128,128,-1,-1,-1,-1,-1,13.32816,1,13.378688,0.426208,13.804896
1071,128,128,-1,-1,-1,-1,-1,13.044096,1,13.09472,0.410976,13.505696
1072,128,128,-1,-1,-1,-1,-1,12.751968,1,12.796448,0.412512,13.20896
1073,128,128,-1,-1,-1,-1,-1,12.606816,1,12.6544,0.40448,13.05888
1074,128,128,-1,-1,-1,-1,-1,12.546752,1,12.59136,0.413792,13.005152
1075,128,128,-1,-1,-1,-1,-1,12.497632,1,12.542592,0.396192,12.938784
1076,128,2160,-1,-1,-1,-1,-1,-1,0,45.10659,0.414976,45.521566
1077,128,128,-1,-1,-1,-1,-1,13.228288,1,13.280288,0.442464,13.722752
1078,128,128,-1,-1,-1,-1,-1,13.23936,1,13.290368,0.41536,13.705728
1079,128,128,-1,-1,-1,-1,-1,13.215808,1,13.265952,0.432416,13.698368
1080,128,128,-1,-1,-1,-1,-1,12.966304,1,13.014208,0.422688,13.436896
1081,128,128,-1,-1,-1,-1,-1,12.984928,1,13.033184,0.422976,13.45616
1082,128,128,-1,-1,-1,-1,-1,12.941056,1,12.989216,0.41232,13.401536
1083,128,128,-1,-1,-1,-1,-1,12.835872,1,12.88336,0.411456,13.294816
1084,128,128,-1,-1,-1,-1,-1,12.809856,1,12.856704,0.41184,13.268544
1085,128,128,-1,-1,-1,-1,-1,12.788992,1,12.83552,0.413856,13.249376
1086,128,128,-1,-1,-1,-1,-1,12.759456,1,12.80592,0.407712,13.213632
1087,128,128,-1,-1,-1,-1,-1,12.76304,1,12.809408,0.401248,13.210656
1088,128,128,-1,-1,-1,-1,-1,12.763712,1,12.810848,0.411328,13.222176
1089,128,128,-1,-1,-1,-1,-1,12.778976,1,12.827008,0.417344,13.244352
1090,128,128,-1,-1,-1,-1,-1,12.763936,1,12.810688,0.40944,13.220128
1091,128,128,-1,-1,-1,-1,-1,12.626496,1,12.672256,0.408928,13.081184
1092,128,128,-1,-1,-1,-1,-1,12.604768,1,12.650432,0.407616,13.058048
1093,128,128,-1,-1,-1,-1,-1,12.59856,1,12.644032,0.398816,13.042848
1094,128,128,-1,-1,-1,-1,-1,12.610208,1,12.656128,0.40832,13.064448
1095,128,128,-1,-1,-1,-1,-1,12.707072,1,12.752992,0.407808,13.1608
1096,128,128,-1,-1,-1,-1,-1,12.713152,1,12.759904,0.401376,13.16128
1097,128,128,-1,-1,-1,-1,-1,12.74352,1,12.791872,0.41808,13.209952
1098,128,128,-1,-1,-1,-1,-1,12.934112,1,12.981152,0.422016,13.403168
1099,128,128,-1,-1,-1,-1,-1,13.000288,1,13.047136,0.419456,13.466592
1100,128,128,-1,-1,-1,-1,-1,13.010144,1,13.05776,0.42016,13.47792
1101,128,128,-1,-1,-1,-1,-1,12.982624,1,13.029152,0.418656,13.447808
1102,128,128,-1,-1,-1,-1,-1,12.850976,1,12.898336,0.40224,13.300576
1103,128,128,-1,-1,-1,-1,-1,12.786624,1,12.832352,0.40032,13.232672
1104,128,128,-1,-1,-1,-1,-1,12.74368,1,12.790368,0.410336,13.200704
1105,128,128,-1,-1,-1,-1,-1,12.672576,1,12.718528,0.397728,13.116256
1106,128,128,-1,-1,-1,-1,-1,12.676288,1,12.722848,0.410944,13.133792
1107,128,128,-1,-1,-1,-1,-1,12.687008,1,12.734944,0.412064,13.147008
1108,128,128,-1,-1,-1,-1,-1,12.709888,1,12.75584,0.417088,13.172928
1109,128,128,-1,-1,-1,-1,-1,12.71344,1,12.76016,0.397152,13.157312
1110,128,128,-1,-1,-1,-1,-1,12.7664,1,12.812384,0.411584,13.223968
1111,128,128,-1,-1,-1,-1,-1,12.761952,1,12.808416,0.41216,13.220576
1112,128,128,-1,-1,-1,-1,-1,12.84416,1,12.891776,0.407808,13.299584
1113,128,128,-1,-1,-1,-1,-1,12.91296,1,12.959584,0.418144,13.377728
1114,128,128,-1,-1,-1,-1,-1,12.894592,1,12.941824,0.409632,13.351456
1115,128,128,-1,-1,-1,-1,-1,12.849824,1,12.895872,0.413632,13.309504
1116,128,128,-1,-1,-1,-1,-1,12.80736,1,12.854528,0.401024,13.255552
1117,128,128,-1,-1,-1,-1,-1,12.796864,1,12.843776,0.409152,13.252928
1118,128,128,-1,-1,-1,-1,-1,12.780352,1,12.826304,0.40912,13.235424
1119,128,2160,-1,-1,-1,-1,-1,-1,0,46.03072,0.40992,46.44064
1120,128,128,-1,-1,-1,-1,-1,13.397504,1,13.44688,0.42304,13.86992
1121,128,128,-1,-1,-1,-1,-1,13.285504,1,13.334656,0.411424,13.74608
1122,128,128,-1,-1,-1,-1,-1,13.202432,1,13.25056,0.417184,13.667744
1123,128,128,-1,-1,-1,-1,-1,13.146752,1,13.193184,0.42128,13.614464
1124,128,128,-1,-1,-1,-1,-1,13.098816,1,13.146304,0.418816,13.56512
1125,128,128,-1,-1,-1,-1,-1,13.02944,1,13.076096,0.416064,13.49216
1126,128,128,-1,-1,-1,-1,-1,13.035392,1,13.082784,0.415072,13.497856
1127,128,128,-1,-1,-1,-1,-1,13.065312,1,13.111616,0.417632,13.529248
1128,128,128,-1,-1,-1,-1,-1,12.995104,1,13.042688,0.400096,13.442784
1129,128,128,-1,-1,-1,-1,-1,12.944992,1,12.9904,0.410016,13.400416
1130,128,128,-1,-1,-1,-1,-1,12.849568,1,12.896928,0.412768,13.309696
1131,128,128,-1,-1,-1,-1,-1,12.817568,1,12.86384,0.412128,13.275968
1132,128,128,-1,-1,-1,-1,-1,12.948512,1,12.996,0.4176,13.4136
1133,128,128,-1,-1,-1,-1,-1,13.056992,1,13.10336,0.40432,13.50768
1134,128,128,-1,-1,-1,-1,-1,13.037472,1,13.083744,0.415296,13.49904
1135,128,128,-1,-1,-1,-1,-1,12.973088,1,13.019424,0.412704,13.432128
1136,128,128,-1,-1,-1,-1,-1,12.826976,1,12.872288,0.413472,13.28576
1137,128,128,-1,-1,-1,-1,-1,12.832032,1,12.87792,0.396992,13.274912
1138,128,128,-1,-1,-1,-1,-1,12.827072,1,12.87296,0.397632,13.270592
1139,128,128,-1,-1,-1,-1,-1,12.832768,1,12.880064,0.411392,13.291456
1140,128,128,-1,-1,-1,-1,-1,12.833184,1,12.879808,0.412736,13.292544
1141,128,128,-1,-1,-1,-1,-1,12.853472,1,12.899072,0.407968,13.30704
1142,128,128,-1,-1,-1,-1,-1,12.878592,1,12.924864,0.401632,13.326496
1143,128,128,-1,-1,-1,-1,-1,12.855296,1,12.900576,0.41296,13.313536
1144,128,128,-1,-1,-1,-1,-1,12.845888,1,12.893728,0.41456,13.308288
1145,128,128,-1,-1,-1,-1,-1,12.844096,1,12.889696,0.408768,13.298464
1146,128,128,-1,-1,-1,-1,-1,12.823264,1,12.870144,0.399616,13.26976
1147,128,128,-1,-1,-1,-1,-1,12.954944,1,13.00192,0.41456,13.41648
1148,128,128,-1,-1,-1,-1,-1,13.012864,1,13.058816,0.41264,13.471456
1149,128,128,-1,-1,-1,-1,-1,12.909792,1,12.9576,0.407968,13.365568
1150,128,128,-1,-1,-1,-1,-1,12.92304,1,12.969984,0.413056,13.38304
1151,128,128,-1,-1,-1,-1,-1,13.025056,1,13.071776,0.414336,13.486112
1152,128,128,-1,-1,-1,-1,-1,12.908128,1,12.955904,0.411712,13.367616
1153,128,128,-1,-1,-1,-1,-1,12.899552,1,12.945856,0.411008,13.356864
1154,128,128,-1,-1,-1,-1,-1,12.955776,1,13.001024,0.415552,13.416576
1155,128,128,-1,-1,-1,-1,-1,12.873728,1,12.920416,0.41104,13.331456
1156,128,128,-1,-1,-1,-1,-1,12.884736,1,12.930912,0.411232,13.342144
1157,128,128,-1,-1,-1,-1,-1,12.93584,1,12.981184,0.411936,13.39312
1158,128,128,-1,-1,-1,-1,-1,12.911712,1,12.958976,0.400704,13.35968
1159,128,128,-1,-1,-1,-1,-1,12.906656,1,12.952384,0.41168,13.364064
1160,128,128,-1,-1,-1,-1,-1,12.865568,1,12.911456,0.400096,13.311552
1161,128,128,-1,-1,-1,-1,-1,12.885728,1,12.9312,0.41152,13.34272
1162,128,2160,-1,-1,-1,-1,-1,-1,0,46.436928,0.415712,46.85264
1163,128,128,-1,-1,-1,-1,-1,13.808352,1,13.856224,0.436576,14.2928
1164,128,128,-1,-1,-1,-1,-1,13.714048,1,13.764,0.411104,14.175104
1165,128,128,-1,-1,-1,-1,-1,13.432416,1,13.481312,0.422816,13.904128
1166,128,128,-1,-1,-1,-1,-1,13.379136,1,13.4264,0.414272,13.840672
1167,128,128,-1,-1,-1,-1,-1,13.165216,1,13.213504,0.40368,13.617184
1168,128,128,-1,-1,-1,-1,-1,13.113216,1,13.159616,0.411456,13.571072
1169,128,2160,-1,-1,-1,-1,-1,-1,0,45.796833,0.408768,46.205601
1170,128,128,-1,-1,-1,-1,-1,13.311168,1,13.357856,0.423808,13.781664
1171,128,128,-1,-1,-1,-1,-1,13.319296,1,13.36624,0.417792,13.784032
1172,128,128,-1,-1,-1,-1,-1,13.239008,1,13.286144,0.430624,13.716768
1173,128,2160,-1,-1,-1,-1,-1,-1,0,46.485729,0.411552,46.897281
1174,128,128,-1,-1,-1,-1,-1,13.524032,1,13.57456,0.413312,13.987872
1175,128,128,-1,-1,-1,-1,-1,13.55648,1,13.603936,0.42144,14.025376
1176,128,4191,-1,-1,-1,-1,-1,-1,0,75.538467,0.417792,75.956259
1177,128,128,-1,-1,-1,-1,-1,13.629088,1,13.678304,0.428576,14.10688
1178,128,2160,-1,-1,-1,-1,-1,-1,0,47.069759,0.40848,47.478239
1179,128,128,-1,-1,-1,-1,-1,13.353408,1,13.400864,0.413376,13.81424
1180,128,128,-1,-1,-1,-1,-1,13.3528,1,13.399968,0.406368,13.806336
1181,128,2160,-1,-1,-1,-1,-1,-1,0,46.334145,0.411872,46.746017
1182,128,4191,-1,-1,-1,-1,-1,-1,0,77.797821,0.428576,78.226397
1183,128,128,-1,-1,-1,-1,-1,14.00832,1,14.05824,0.426304,14.484544
1184,128,2160,-1,-1,-1,-1,-1,-1,0,48.61779,0.411744,49.029534
1185,128,128,-1,-1,-1,-1,-1,13.404864,1,13.454656,0.42176,13.876416
1186,128,4192,-1,-1,-1,-1,-1,-1,0,75.580704,0.414272,75.994976
1187,128,2160,-1,-1,-1,-1,-1,-1,0,48.183487,0.412544,48.596031
1188,128,128,-1,-1,-1,-1,-1,13.51264,1,13.558944,0.423104,13.982048
1189,128,128,-1,-1,-1,-1,-1,13.472928,1,13.521568,0.420384,13.941952
1190,128,2160,-1,-1,-1,-1,-1,-1,0,46.25005,0.406144,46.656194
1191,128,128,-1,-1,-1,-1,-1,13.34448,1,13.39024,0.415392,13.805632
1192,128,4191,-1,-1,-1,-1,-1,-1,0,76.683395,0.4144,77.097795
1193,128,4191,-1,-1,-1,-1,-1,-1,0,79.824448,0.43184,80.256288
1194,128,128,-1,-1,-1,-1,-1,14.332288,1,14.383136,0.438656,14.821792
1195,128,128,-1,-1,-1,-1,-1,13.999328,1,14.048576,0.421184,14.46976
1196,128,128,-1,-1,-1,-1,-1,13.679488,1,13.729216,0.41568,14.144896
1197,128,2160,-1,-1,-1,-1,-1,-1,0,46.625343,0.413024,47.038367
1198,128,2160,-1,-1,-1,-1,-1,-1,0,47.863777,0.408416,48.272193
1199,128,128,-1,-1,-1,-1,-1,13.423584,1,13.47168,0.408512,13.880192
1200,128,2160,-1,-1,-1,-1,-1,-1,0,46.520416,0.415808,46.936224
1201,128,128,-1,-1,-1,-1,-1,13.317824,1,13.36592,0.407744,13.773664
1202,128,128,-1,-1,-1,-1,-1,13.230432,1,13.275872,0.405696,13.681568
1203,128,2160,-1,-1,-1,-1,-1,-1,0,46.052288,0.412992,46.46528
1204,128,128,-1,-1,-1,-1,-1,13.516128,1,13.56352,0.425152,13.988672
1205,128,128,-1,-1,-1,-1,-1,13.50304,1,13.550144,0.421088,13.971232
1206,128,2160,-1,-1,-1,-1,-1,-1,0,46.977631,0.408608,47.386239
1207,128,128,-1,-1,-1,-1,-1,13.417728,1,13.464416,0.410368,13.874784
1208,128,128,-1,-1,-1,-1,-1,13.424704,1,13.471296,0.418688,13.889984
1209,128,2160,-1,-1,-1,-1,-1,-1,0,46.389759,0.407328,46.797087
1210,128,4191,-1,-1,-1,-1,-1,-1,0,77.958206,0.438656,78.396862
1211,128,2159,-1,-1,-1,-1,-1,-1,0,50.253407,0.420224,50.673631
1212,128,2143,-1,-1,-1,-1,-1,-1,0,47.730881,0.413984,48.144865
1213,128,2160,-1,-1,-1,-1,-1,-1,0,47.583454,0.41104,47.994494
1214,128,2159,-1,-1,-1,-1,-1,-1,0,47.450687,0.414368,47.865055
1215,128,128,-1,-1,-1,-1,-1,13.49376,1,13.540128,0.411232,13.95136
1216,128,8255,-1,-1,-1,-1,-1,-1,0,141.627197,0.433568,142.060765
1217,128,128,-1,-1,-1,-1,-1,14.168544,1,14.217664,0.44352,14.661184
1218,128,2160,-1,-1,-1,-1,-1,-1,0,48.482944,0.41264,48.895584
1219,128,128,-1,-1,-1,-1,-1,13.509344,1,13.557216,0.409184,13.9664
1220,128,2160,-1,-1,-1,-1,-1,-1,0,46.941826,0.411008,47.352834
1221,128,2160,-1,-1,-1,-1,-1,-1,0,47.602303,0.413568,48.015871
1222,128,2160,-1,-1,-1,-1,-1,-1,0,48.23296,0.414816,48.647776
1223,128,2160,-1,-1,-1,-1,-1,-1,0,47.695518,0.42832,48.123838
1224,128,2160,-1,-1,-1,-1,-1,-1,0,47.391201,0.408928,47.800129
1225,128,128,-1,-1,-1,-1,-1,13.465312,1,13.512608,0.42688,13.939488
1226,128,128,-1,-1,-1,-1,-1,13.485504,1,13.532128,0.423456,13.955584
1227,128,2160,-1,-1,-1,-1,-1,-1,0,46.174847,0.4216,46.596447
1228,128,2160,-1,-1,-1,-1,-1,-1,0,46.933472,0.408224,47.341696
1229,128,4192,-1,-1,-1,-1,-1,-1,0,76.310493,0.432224,76.742717
1230,128,4192,-1,-1,-1,-1,-1,-1,0,78.118622,0.415584,78.534206
1231,128,128,-1,-1,-1,-1,-1,13.537184,1,13.58448,0.429984,14.014464
1232,128,4176,-1,-1,-1,-1,-1,-1,0,79.291618,0.430048,79.721666
1233,128,128,-1,-1,-1,-1,-1,14.185504,1,14.23616,0.43568,14.67184
1234,128,6224,-1,-1,-1,-1,-1,-1,0,108.857857,0.42832,109.286177
1235,128,128,-1,-1,-1,-1,-1,13.876384,1,13.926144,0.408224,14.334368
1236,128,6224,-1,-1,-1,-1,-1,-1,0,105.557152,0.417312,105.974464
1237,128,128,-1,-1,-1,-1,-1,13.635584,1,13.684672,0.41792,14.102592
1238,128,4190,-1,-1,-1,-1,-1,-1,0,77.65683,0.411456,78.068286
1239,128,2160,-1,-1,-1,-1,-1,-1,0,49.210014,0.409088,49.619102
1240,128,4192,-1,-1,-1,-1,-1,-1,0,76.486877,0.43072,76.917597
1241,128,128,-1,-1,-1,-1,-1,14.136896,1,14.187168,0.430112,14.61728
1242,128,4192,-1,-1,-1,-1,-1,-1,0,77.569664,0.412416,77.98208
1243,128,2160,-1,-1,-1,-1,-1,-1,0,47.33968,0.407712,47.747392
1244,128,6224,-1,-1,-1,-1,-1,-1,0,106.954468,0.415744,107.370212
1245,128,2160,-1,-1,-1,-1,-1,-1,0,48.658176,0.408384,49.06656
1246,128,4192,-1,-1,-1,-1,-1,-1,0,77.601852,0.416128,78.01798
1247,128,2159,-1,-1,-1,-1,-1,-1,0,46.887615,0.413344,47.300959
1248,128,128,-1,-1,-1,-1,-1,13.25808,1,13.304128,0.402816,13.706944
1249,128,2160,-1,-1,-1,-1,-1,-1,0,46.090145,0.410368,46.500513
1250,128,6223,-1,-1,-1,-1,-1,-1,0,110.354721,0.427168,110.781889
1251,128,2144,-1,-1,-1,-1,-1,-1,0,49.769535,0.4112,50.180735
1252,128,2160,-1,-1,-1,-1,-1,-1,0,47.395969,0.409184,47.805153
1253,128,2160,-1,-1,-1,-1,-1,-1,0,47.143009,0.410336,47.553345
1254,128,128,-1,-1,-1,-1,-1,13.32976,1,13.377312,0.414112,13.791424
1255,128,2160,-1,-1,-1,-1,-1,-1,0,47.366112,0.411744,47.777856
1256,128,2160,-1,-1,-1,-1,-1,-1,0,47.645439,0.413696,48.059135
1257,128,128,-1,-1,-1,-1,-1,13.301248,1,13.35008,0.42496,13.77504
1258,128,128,-1,-1,-1,-1,-1,13.24048,1,13.287872,0.411104,13.698976
1259,128,2160,-1,-1,-1,-1,-1,-1,0,45.861057,0.406528,46.267585
1260,128,6223,-1,-1,-1,-1,-1,-1,0,111.376671,0.431488,111.808159
1261,128,4191,-1,-1,-1,-1,-1,-1,0,77.996414,0.41152,78.407934
1262,128,128,-1,-1,-1,-1,-1,13.212064,1,13.259712,0.418496,13.678208
1263,128,128,-1,-1,-1,-1,-1,13.169984,1,13.218912,0.42096,13.639872
1264,128,2160,-1,-1,-1,-1,-1,-1,0,46.237087,0.41008,46.647167
1265,128,2160,-1,-1,-1,-1,-1,-1,0,46.483776,0.41024,46.894016
1266,128,2160,-1,-1,-1,-1,-1,-1,0,47.180927,0.411616,47.592543
1267,128,4191,-1,-1,-1,-1,-1,-1,0,75.867554,0.40992,76.277474
1268,128,2159,-1,-1,-1,-1,-1,-1,0,46.844128,0.412736,47.256864
1269,128,128,-1,-1,-1,-1,-1,13.180576,1,13.226624,0.405184,13.631808
1270,128,128,-1,-1,-1,-1,-1,13.10576,1,13.150944,0.41008,13.561024
1271,128,8256,-1,-1,-1,-1,-1,-1,0,143.51236,0.423232,143.935592
1272,128,4192,-1,-1,-1,-1,-1,-1,0,79.117729,0.417216,79.534945
1273,128,128,-1,-1,-1,-1,-1,13.451296,1,13.49984,0.423296,13.923136
1274,128,128,-1,-1,-1,-1,-1,13.206336,1,13.254976,0.407616,13.662592
1275,128,4192,-1,-1,-1,-1,-1,-1,0,75.844643,0.446048,76.290691
1276,128,4192,-1,-1,-1,-1,-1,-1,0,75.80378,0.413184,76.216964
1277,128,2159,-1,-1,-1,-1,-1,-1,0,48.204033,0.430656,48.634689
1278,128,4192,-1,-1,-1,-1,-1,-1,0,76.117279,0.408992,76.526271
1279,128,128,-1,-1,-1,-1,-1,13.4904,1,13.538752,0.429216,13.967968
1280,128,128,-1,-1,-1,-1,-1,13.177248,1,13.224768,0.413376,13.638144
1281,128,2160,-1,-1,-1,-1,-1,-1,0,45.851009,0.408192,46.259201
1282,128,2160,-1,-1,-1,-1,-1,-1,0,46.793312,0.40752,47.200832
1283,128,2160,-1,-1,-1,-1,-1,-1,0,47.313217,0.412064,47.725281
1284,128,2160,-1,-1,-1,-1,-1,-1,0,47.247646,0.411392,47.659038
1285,128,2160,-1,-1,-1,-1,-1,-1,0,46.940098,0.410368,47.350466
1286,128,2160,-1,-1,-1,-1,-1,-1,0,47.314209,0.41376,47.727969
1287,128,2160,-1,-1,-1,-1,-1,-1,0,47.398785,0.409312,47.808097
1288,128,4192,-1,-1,-1,-1,-1,-1,0,75.278206,0.412544,75.69075
1289,128,128,-1,-1,-1,-1,-1,13.233568,1,13.28016,0.423552,13.703712
1290,128,128,-1,-1,-1,-1,-1,13.031072,1,13.077408,0.406752,13.48416
1291,128,128,-1,-1,-1,-1,-1,12.844928,1,12.8912,0.395968,13.287168
1292,128,4192,-1,-1,-1,-1,-1,-1,0,73.818237,0.41712,74.235357
1293,128,128,-1,-1,-1,-1,-1,13.954432,1,14.00208,0.447552,14.449632
1294,128,128,-1,-1,-1,-1,-1,14.090176,1,14.13968,0.43072,14.5704
1295,128,128,-1,-1,-1,-1,-1,13.764448,1,13.813056,0.444672,14.257728
1296,128,128,-1,-1,-1,-1,-1,13.579136,1,13.62752,0.414048,14.041568
1297,128,128,-1,-1,-1,-1,-1,12.902176,1,12.948608,0.401984,13.350592
1298,128,2160,-1,-1,-1,-1,-1,-1,0,45.529793,0.407936,45.937729
1299,128,128,-1,-1,-1,-1,-1,13.131648,1,13.180256,0.410592,13.590848
1300,128,2160,-1,-1,-1,-1,-1,-1,0,47.797153,0.4112,48.208353
1301,128,128,-1,-1,-1,-1,-1,13.158432,1,13.204864,0.405248,13.610112
1302,128,2160,-1,-1,-1,-1,-1,-1,0,46.439007,0.410496,46.849503
1303,128,2159,-1,-1,-1,-1,-1,-1,0,46.908031,0.411328,47.319359
1304,128,128,-1,-1,-1,-1,-1,13.243232,1,13.291776,0.422816,13.714592
1305,128,128,-1,-1,-1,-1,-1,13.028896,1,13.076736,0.419712,13.496448
1306,128,2160,-1,-1,-1,-1,-1,-1,0,45.853374,0.409152,46.262526
1307,128,4192,-1,-1,-1,-1,-1,-1,0,77.577759,0.410688,77.988447
1308,128,128,-1,-1,-1,-1,-1,13.249984,1,13.296896,0.425184,13.72208
1309,128,128,-1,-1,-1,-1,-1,13.132448,1,13.180768,0.404448,13.585216
1310,128,128,-1,-1,-1,-1,-1,12.94176,1,12.988704,0.404736,13.39344
1311,128,2160,-1,-1,-1,-1,-1,-1,0,45.660191,0.41072,46.070911
1312,128,2160,-1,-1,-1,-1,-1,-1,0,47.825119,0.421056,48.246175
1313,128,128,-1,-1,-1,-1,-1,13.219648,1,13.266048,0.424256,13.690304
1314,128,128,-1,-1,-1,-1,-1,13.061408,1,13.10704,0.417664,13.524704
1315,128,128,-1,-1,-1,-1,-1,12.9256,1,12.970912,0.419232,13.390144
1316,128,128,-1,-1,-1,-1,-1,12.821536,1,12.86912,0.411008,13.280128
1317,128,128,-1,-1,-1,-1,-1,12.65488,1,12.7008,0.414368,13.115168
1318,128,128,-1,-1,-1,-1,-1,12.652992,1,12.700672,0.41328,13.113952
1319,128,128,-1,-1,-1,-1,-1,12.59456,1,12.641184,0.410208,13.051392
1320,128,128,-1,-1,-1,-1,-1,12.562304,1,12.60848,0.406944,13.015424
1321,128,128,-1,-1,-1,-1,-1,12.541312,1,12.588288,0.396352,12.98464
1322,128,2160,-1,-1,-1,-1,-1,-1,0,45.41552,0.40624,45.82176
1323,128,128,-1,-1,-1,-1,-1,12.981472,1,13.029376,0.405344,13.43472
1324,128,128,-1,-1,-1,-1,-1,13.037472,1,13.083424,0.418144,13.501568
1325,128,128,-1,-1,-1,-1,-1,12.77536,1,12.820736,0.417152,13.237888
1326,128,128,-1,-1,-1,-1,-1,12.728768,1,12.77568,0.406688,13.182368
1327,128,2160,-1,-1,-1,-1,-1,-1,0,45.663231,0.409376,46.072607
1328,128,128,-1,-1,-1,-1,-1,13.042144,1,13.091136,0.418336,13.509472
1329,128,128,-1,-1,-1,-1,-1,13.21536,1,13.26288,0.410848,13.673728
1330,128,128,-1,-1,-1,-1,-1,13.145504,1,13.194144,0.418976,13.61312
1331,128,128,-1,-1,-1,-1,-1,13.00768,1,13.055072,0.406112,13.461184
1332,128,128,-1,-1,-1,-1,-1,12.881728,1,12.927872,0.411264,13.339136
1333,128,2159,-1,-1,-1,-1,-1,-1,0,45.64016,0.410848,46.051008
1334,128,128,-1,-1,-1,-1,-1,13.2768,1,13.324512,0.422208,13.74672
1335,128,128,-1,-1,-1,-1,-1,13.31808,1,13.3672,0.413056,13.780256
1336,128,128,-1,-1,-1,-1,-1,13.20432,1,13.253344,0.413408,13.666752
1337,128,128,-1,-1,-1,-1,-1,13.07696,1,13.124224,0.414656,13.53888
1338,128,128,-1,-1,-1,-1,-1,12.768096,1,12.813728,0.410976,13.224704
1339,128,128,-1,-1,-1,-1,-1,12.710432,1,12.756288,0.415008,13.171296
1340,128,128,-1,-1,-1,-1,-1,12.672064,1,12.716928,0.407296,13.124224
1341,128,2160,-1,-1,-1,-1,-1,-1,0,45.705345,0.424544,46.129889
1342,128,128,-1,-1,-1,-1,-1,13.184352,1,13.233472,0.40928,13.642752
1343,128,128,-1,-1,-1,-1,-1,13.093024,1,13.142336,0.418592,13.560928
1344,128,128,-1,-1,-1,-1,-1,12.93296,1,12.97952,0.402784,13.382304
1345,128,128,-1,-1,-1,-1,-1,12.81056,1,12.857088,0.410144,13.267232
1346,128,128,-1,-1,-1,-1,-1,12.765792,1,12.812032,0.412832,13.224864
1347,128,128,-1,-1,-1,-1,-1,12.685728,1,12.73104,0.410208,13.141248
1348,128,128,-1,-1,-1,-1,-1,12.658784,1,12.703808,0.402944,13.106752
1349,128,128,-1,-1,-1,-1,-1,12.626368,1,12.673088,0.404192,13.07728
1350,128,128,-1,-1,-1,-1,-1,12.610976,1,12.65632,0.401728,13.058048
1351,128,128,-1,-1,-1,-1,-1,12.597312,1,12.642176,0.394208,13.036384
1352,128,128,-1,-1,-1,-1,-1,12.609888,1,12.655488,0.407008,13.062496
1353,128,128,-1,-1,-1,-1,-1,12.604704,1,12.649792,0.395424,13.045216
1354,128,128,-1,-1,-1,-1,-1,12.64176,1,12.68688,0.399232,13.086112
1355,128,128,-1,-1,-1,-1,-1,12.67776,1,12.7224,0.39584,13.11824
1356,128,128,-1,-1,-1,-1,-1,12.699296,1,12.745184,0.41024,13.155424
1357,128,128,-1,-1,-1,-1,-1,12.76384,1,12.808736,0.411744,13.22048
1358,128,128,-1,-1,-1,-1,-1,12.782368,1,12.830432,0.413152,13.243584
1359,128,128,-1,-1,-1,-1,-1,12.757824,1,12.803712,0.41136,13.215072
1360,128,128,-1,-1,-1,-1,-1,12.746112,1,12.791744,0.407872,13.199616
1361,128,128,-1,-1,-1,-1,-1,12.76288,1,12.809024,0.398464,13.207488
1362,128,128,-1,-1,-1,-1,-1,12.790464,1,12.838336,0.401792,13.240128
1363,128,128,-1,-1,-1,-1,-1,12.824672,1,12.87088,0.411712,13.282592
1364,128,128,-1,-1,-1,-1,-1,12.86704,1,12.913472,0.414752,13.328224
1365,128,128,-1,-1,-1,-1,-1,12.913152,1,12.959392,0.418656,13.378048
1366,128,128,-1,-1,-1,-1,-1,12.889824,1,12.935904,0.414752,13.350656
1367,128,128,-1,-1,-1,-1,-1,12.796704,1,12.843712,0.400288,13.244
1368,128,128,-1,-1,-1,-1,-1,12.801408,1,12.847616,0.408448,13.256064
1369,128,128,-1,-1,-1,-1,-1,12.797632,1,12.844416,0.398464,13.24288
1370,128,128,-1,-1,-1,-1,-1,12.790112,1,12.835808,0.401536,13.237344
1371,128,128,-1,-1,-1,-1,-1,12.7752,1,12.820448,0.40384,13.224288
1372,128,128,-1,-1,-1,-1,-1,12.773408,1,12.819808,0.399936,13.219744
1373,128,128,-1,-1,-1,-1,-1,12.801696,1,12.846624,0.41008,13.256704
1374,128,128,-1,-1,-1,-1,-1,12.889024,1,12.937184,0.404576,13.34176
1375,128,2160,-1,-1,-1,-1,-1,-1,0,46.352222,0.415392,46.767614
1376,128,128,-1,-1,-1,-1,-1,13.45952,1,13.509696,0.42272,13.932416
1377,128,128,-1,-1,-1,-1,-1,13.431328,1,13.48,0.426912,13.906912
1378,128,128,-1,-1,-1,-1,-1,13.26624,1,13.314912,0.418048,13.73296
1379,128,128,-1,-1,-1,-1,-1,13.185344,1,13.233248,0.420224,13.653472
1380,128,128,-1,-1,-1,-1,-1,13.091136,1,13.137728,0.4144,13.552128
1381,128,128,-1,-1,-1,-1,-1,13.091104,1,13.138048,0.415968,13.554016
1382,128,128,-1,-1,-1,-1,-1,13.013824,1,13.062208,0.411744,13.473952
1383,128,128,-1,-1,-1,-1,-1,12.958208,1,13.004128,0.404896,13.409024
1384,128,128,-1,-1,-1,-1,-1,12.96256,1,13.0112,0.400608,13.411808
1385,128,128,-1,-1,-1,-1,-1,12.899456,1,12.945696,0.412832,13.358528
1386,128,128,-1,-1,-1,-1,-1,12.806624,1,12.8528,0.399328,13.252128
1387,128,128,-1,-1,-1,-1,-1,12.816384,1,12.862848,0.412896,13.275744
1388,128,128,-1,-1,-1,-1,-1,12.83536,1,12.881856,0.409792,13.291648
1389,128,128,-1,-1,-1,-1,-1,12.827552,1,12.873056,0.412512,13.285568
1390,128,128,-1,-1,-1,-1,-1,12.824768,1,12.871776,0.40176,13.273536
1391,128,128,-1,-1,-1,-1,-1,12.840992,1,12.88752,0.397056,13.284576
1392,128,128,-1,-1,-1,-1,-1,12.897088,1,12.944032,0.401728,13.34576
1393,128,128,-1,-1,-1,-1,-1,12.899072,1,12.94576,0.408064,13.353824
1394,128,128,-1,-1,-1,-1,-1,12.884224,1,12.93024,0.409728,13.339968
1395,128,128,-1,-1,-1,-1,-1,12.829472,1,12.875776,0.406592,13.282368
1396,128,128,-1,-1,-1,-1,-1,12.82752,1,12.873088,0.40848,13.281568
1397,128,128,-1,-1,-1,-1,-1,12.928128,1,12.974144,0.419392,13.393536
1398,128,128,-1,-1,-1,-1,-1,13.005664,1,13.052576,0.409984,13.46256
1399,128,128,-1,-1,-1,-1,-1,13.026624,1,13.073088,0.408928,13.482016
1400,128,2159,-1,-1,-1,-1,-1,-1,0,46.954945,0.417792,47.372737
1401,128,128,-1,-1,-1,-1,-1,13.597696,1,13.645664,0.42448,14.070144
1402,128,128,-1,-1,-1,-1,-1,13.503648,1,13.553472,0.419648,13.97312
1403,128,128,-1,-1,-1,-1,-1,13.39088,1,13.436736,0.41456,13.851296
1404,128,128,-1,-1,-1,-1,-1,13.236448,1,13.283072,0.414304,13.697376
1405,128,128,-1,-1,-1,-1,-1,13.126592,1,13.172096,0.404704,13.5768
1406,128,128,-1,-1,-1,-1,-1,13.150176,1,13.195968,0.406112,13.60208
1407,128,4192,-1,-1,-1,-1,-1,-1,0,77.145889,0.435616,77.581505
1408,128,128,-1,-1,-1,-1,-1,14.239776,1,14.292096,0.442656,14.734752
1409,128,2160,-1,-1,-1,-1,-1,-1,0,48.785633,0.411776,49.197409
1410,128,2160,-1,-1,-1,-1,-1,-1,0,47.812702,0.415808,48.22851
1411,128,128,-1,-1,-1,-1,-1,13.469728,1,13.517952,0.420288,13.93824
1412,128,128,-1,-1,-1,-1,-1,13.435488,1,13.48384,0.424128,13.907968
1413,128,2160,-1,-1,-1,-1,-1,-1,0,46.783264,0.410272,47.193536
1414,128,2160,-1,-1,-1,-1,-1,-1,0,47.489662,0.41056,47.900222
1415,128,2160,-1,-1,-1,-1,-1,-1,0,47.653824,0.407968,48.061792
1416,128,2160,-1,-1,-1,-1,-1,-1,0,47.313377,0.407552,47.720929
1417,128,128,-1,-1,-1,-1,-1,13.385568,1,13.431296,0.421248,13.852544
1418,128,128,-1,-1,-1,-1,-1,13.355392,1,13.400256,0.416,13.816256
1419,128,2160,-1,-1,-1,-1,-1,-1,0,46.071262,0.438816,46.510078
1420,128,128,-1,-1,-1,-1,-1,13.397088,1,13.446304,0.407872,13.854176
1421,128,2159,-1,-1,-1,-1,-1,-1,0,46.690113,0.432256,47.122369
1422,128,128,-1,-1,-1,-1,-1,13.52144,1,13.568512,0.41264,13.981152
1423,128,128,-1,-1,-1,-1,-1,13.437888,1,13.486528,0.423136,13.909664
1424,128,2160,-1,-1,-1,-1,-1,-1,0,46.379456,0.409568,46.789024
1425,128,128,-1,-1,-1,-1,-1,13.324512,1,13.371872,0.423392,13.795264
1426,128,128,-1,-1,-1,-1,-1,13.322144,1,13.370208,0.415904,13.786112
1427,128,128,-1,-1,-1,-1,-1,13.25936,1,13.305248,0.40336,13.708608
1428,128,128,-1,-1,-1,-1,-1,13.171648,1,13.219776,0.434208,13.653984
1429,128,2160,-1,-1,-1,-1,-1,-1,0,46.045536,0.40496,46.450496
1430,128,2160,-1,-1,-1,-1,-1,-1,0,47.334656,0.439776,47.774432
1431,128,128,-1,-1,-1,-1,-1,13.407936,1,13.455168,0.409376,13.864544
1432,128,128,-1,-1,-1,-1,-1,13.385472,1,13.436224,0.42256,13.858784
1433,128,2160,-1,-1,-1,-1,-1,-1,0,46.599583,0.41968,47.019263
1434,128,128,-1,-1,-1,-1,-1,13.814336,1,13.86528,0.420064,14.285344
1435,128,2160,-1,-1,-1,-1,-1,-1,0,47.826496,0.410528,48.237024
1436,128,128,-1,-1,-1,-1,-1,13.433088,1,13.482784,0.415424,13.898208
1437,128,128,-1,-1,-1,-1,-1,13.392192,1,13.44176,0.423936,13.865696
1438,128,2160,-1,-1,-1,-1,-1,-1,0,46.247295,0.415232,46.662527
1439,128,128,-1,-1,-1,-1,-1,13.574432,1,13.621088,0.424544,14.045632
1440,128,2160,-1,-1,-1,-1,-1,-1,0,47.698017,0.41328,48.111297
1441,128,128,-1,-1,-1,-1,-1,13.560288,1,13.608576,0.410432,14.019008
1442,128,2160,-1,-1,-1,-1,-1,-1,0,47.362751,0.411872,47.774623
1443,128,128,-1,-1,-1,-1,-1,13.559392,1,13.611072,0.41024,14.021312
1444,128,2160,-1,-1,-1,-1,-1,-1,0,47.5424,0.410176,47.952576
1445,128,128,-1,-1,-1,-1,-1,13.405984,1,13.454592,0.40656,13.861152
1446,128,128,-1,-1,-1,-1,-1,13.332224,1,13.382752,0.411136,13.793888
1447,128,2160,-1,-1,-1,-1,-1,-1,0,46.018242,0.413504,46.431746
1448,128,128,-1,-1,-1,-1,-1,13.530112,1,13.5808,0.421184,14.001984
1449,128,2159,-1,-1,-1,-1,-1,-1,0,47.252769,0.414688,47.667457
1450,128,4192,-1,-1,-1,-1,-1,-1,0,77.790627,0.412448,78.203075
1451,128,2160,-1,-1,-1,-1,-1,-1,0,48.171616,0.415552,48.587168
1452,128,2160,-1,-1,-1,-1,-1,-1,0,47.697056,0.410464,48.10752
1453,128,2160,-1,-1,-1,-1,-1,-1,0,47.370239,0.41056,47.780799
1454,128,2160,-1,-1,-1,-1,-1,-1,0,47.688831,0.416256,48.105087
1455,128,128,-1,-1,-1,-1,-1,13.444384,1,13.492608,0.422944,13.915552
1456,128,2159,-1,-1,-1,-1,-1,-1,0,46.321312,0.410368,46.73168
1457,128,2160,-1,-1,-1,-1,-1,-1,0,47.498913,0.414656,47.913569
1458,128,128,-1,-1,-1,-1,-1,13.506016,1,13.554752,0.451424,14.006176
1459,128,2160,-1,-1,-1,-1,-1,-1,0,46.456928,0.40864,46.865568
1460,128,128,-1,-1,-1,-1,-1,13.39712,1,13.442752,0.427328,13.87008
1461,128,2160,-1,-1,-1,-1,-1,-1,0,46.904289,0.416928,47.321217
1462,128,128,-1,-1,-1,-1,-1,13.538976,1,13.585632,0.427296,14.012928
1463,128,4192,-1,-1,-1,-1,-1,-1,0,76.917564,0.411456,77.32902
1464,128,128,-1,-1,-1,-1,-1,13.476128,1,13.52464,0.425312,13.949952
1465,128,2159,-1,-1,-1,-1,-1,-1,0,46.978432,0.406944,47.385376
1466,128,4192,-1,-1,-1,-1,-1,-1,0,78.281822,0.425696,78.707518
1467,128,128,-1,-1,-1,-1,-1,13.705536,1,13.75632,0.41328,14.1696
1468,128,4192,-1,-1,-1,-1,-1,-1,0,75.977501,0.44528,76.422781
1469,128,2160,-1,-1,-1,-1,-1,-1,0,50.579231,0.42688,51.006111
1470,128,4192,-1,-1,-1,-1,-1,-1,0,76.068642,0.416256,76.484898
1471,128,6224,-1,-1,-1,-1,-1,-1,0,108.563683,0.446976,109.010659
1472,128,128,-1,-1,-1,-1,-1,13.878784,1,13.931584,0.437184,14.368768
1473,128,2160,-1,-1,-1,-1,-1,-1,0,47.875458,0.41216,48.287618
1474,128,128,-1,-1,-1,-1,-1,13.410688,1,13.45856,0.413504,13.872064
1475,128,128,-1,-1,-1,-1,-1,13.324384,1,13.37104,0.420928,13.791968
1476,128,4192,-1,-1,-1,-1,-1,-1,0,75.807549,0.434752,76.242301
1477,128,6224,-1,-1,-1,-1,-1,-1,0,111.619263,0.426944,112.046207
1478,128,2160,-1,-1,-1,-1,-1,-1,0,49.054817,0.415328,49.470145
1479,128,4192,-1,-1,-1,-1,-1,-1,0,75.993538,0.417728,76.411266
1480,128,2160,-1,-1,-1,-1,-1,-1,0,49.804958,0.44432,50.249278
1481,128,2160,-1,-1,-1,-1,-1,-1,0,47.735073,0.414912,48.149985
1482,128,2160,-1,-1,-1,-1,-1,-1,0,46.758625,0.431328,47.189953
1483,128,2144,-1,-1,-1,-1,-1,-1,0,47.832737,0.413728,48.246465
1484,128,2160,-1,-1,-1,-1,-1,-1,0,47.55584,0.439488,47.995328
1485,128,128,-1,-1,-1,-1,-1,13.312288,1,13.360352,0.42416,13.784512
1486,128,2159,-1,-1,-1,-1,-1,-1,0,46.297855,0.430272,46.728127
1487,128,128,-1,-1,-1,-1,-1,13.289152,1,13.340032,0.410144,13.750176
1488,128,2160,-1,-1,-1,-1,-1,-1,0,46.777248,0.428128,47.205376
1489,128,4191,-1,-1,-1,-1,-1,-1,0,78.582787,0.43552,79.018307
1490,128,4192,-1,-1,-1,-1,-1,-1,0,81.008766,0.432896,81.441662
1491,128,128,-1,-1,-1,-1,-1,13.984736,1,14.03568,0.437824,14.473504
1492,128,128,-1,-1,-1,-1,-1,13.829824,1,13.8792,0.440416,14.319616
1493,128,4192,-1,-1,-1,-1,-1,-1,0,74.569244,0.436128,75.005372
1494,128,2160,-1,-1,-1,-1,-1,-1,0,47.560577,0.413856,47.974433
1495,128,128,-1,-1,-1,-1,-1,13.307456,1,13.358112,0.431936,13.790048
1496,128,128,-1,-1,-1,-1,-1,13.210816,1,13.258752,0.421888,13.68064
1497,128,2159,-1,-1,-1,-1,-1,-1,0,45.757088,0.427968,46.185056
1498,128,2160,-1,-1,-1,-1,-1,-1,0,47.394718,0.432544,47.827262
1499,128,8256,-1,-1,-1,-1,-1,-1,0,141.192352,0.455104,141.647456
1500,128,128,-1,-1,-1,-1,-1,14.028256,1,14.077696,0.44816,14.525856
1501,128,128,-1,-1,-1,-1,-1,13.911776,1,13.961088,0.437984,14.399072
1502,128,128,-1,-1,-1,-1,-1,13.337696,1,13.386592,0.415072,13.801664
1503,128,2160,-1,-1,-1,-1,-1,-1,0,46.463169,0.407872,46.871041
1504,128,6224,-1,-1,-1,-1,-1,-1,0,113.955101,0.4408,114.395901
1505,128,2160,-1,-1,-1,-1,-1,-1,0,49.926018,0.410624,50.336642
1506,128,128,-1,-1,-1,-1,-1,13.348512,1,13.395232,0.419264,13.814496
1507,128,2160,-1,-1,-1,-1,-1,-1,0,46.158978,0.409568,46.568546
1508,128,128,-1,-1,-1,-1,-1,13.093248,1,13.139456,0.413248,13.552704
1509,128,128,-1,-1,-1,-1,-1,13.090752,1,13.13568,0.411136,13.546816
1510,128,2159,-1,-1,-1,-1,-1,-1,0,45.92944,0.414368,46.343808
1511,128,6224,-1,-1,-1,-1,-1,-1,0,108.667038,0.46032,109.127358
1512,128,4191,-1,-1,-1,-1,-1,-1,0,80.76461,0.42944,81.19405
1513,128,4192,-1,-1,-1,-1,-1,-1,0,80.279518,0.456576,80.736094
1514,128,2160,-1,-1,-1,-1,-1,-1,0,48.831455,0.411904,49.243359
1515,128,4192,-1,-1,-1,-1,-1,-1,0,75.237633,0.436128,75.673761
1516,128,4176,-1,-1,-1,-1,-1,-1,0,76.865341,0.429824,77.295165
1517,128,8256,-1,-1,-1,-1,-1,-1,0,143.560699,0.428576,143.989275
1518,128,2160,-1,-1,-1,-1,-1,-1,0,49.031647,0.42336,49.455007
1519,128,4192,-1,-1,-1,-1,-1,-1,0,76.856125,0.430816,77.286941
1520,128,4192,-1,-1,-1,-1,-1,-1,0,80.533501,0.423904,80.957405
1521,128,128,-1,-1,-1,-1,-1,13.485664,1,13.533472,0.420256,13.953728
1522,128,2160,-1,-1,-1,-1,-1,-1,0,46.354496,0.408608,46.763104
1523,128,2160,-1,-1,-1,-1,-1,-1,0,46.812481,0.412448,47.224929
1524,128,128,-1,-1,-1,-1,-1,13.196544,1,13.244192,0.405408,13.6496
1525,128,4192,-1,-1,-1,-1,-1,-1,0,75.357857,0.425152,75.783009
1526,128,128,-1,-1,-1,-1,-1,13.698368,1,13.7472,0.441984,14.189184
1527,128,2160,-1,-1,-1,-1,-1,-1,0,47.928513,0.410912,48.339425
1528,128,128,-1,-1,-1,-1,-1,13.249024,1,13.295296,0.410944,13.70624
1529,128,128,-1,-1,-1,-1,-1,13.096416,1,13.1424,0.416288,13.558688
1530,128,2160,-1,-1,-1,-1,-1,-1,0,46.486942,0.412352,46.899294
1531,128,128,-1,-1,-1,-1,-1,13.253408,1,13.300768,0.452256,13.753024
1532,128,2159,-1,-1,-1,-1,-1,-1,0,46.323135,0.41008,46.733215
1533,128,2159,-1,-1,-1,-1,-1,-1,0,46.958466,0.429088,47.387554
1534,128,6224,-1,-1,-1,-1,-1,-1,0,105.585503,0.418656,106.004159
1535,128,128,-1,-1,-1,-1,-1,13.406464,1,13.454592,0.425344,13.879936
1536,128,128,-1,-1,-1,-1,-1,13.324,1,13.37152,0.415712,13.787232
1537,128,128,-1,-1,-1,-1,-1,12.954464,1,13.001888,0.41536,13.417248
1538,128,2160,-1,-1,-1,-1,-1,-1,0,45.61808,0.41264,46.03072
1539,128,128,-1,-1,-1,-1,-1,13.018848,1,13.066816,0.418752,13.485568
1540,128,128,-1,-1,-1,-1,-1,12.9944,1,13.040384,0.40192,13.442304
1541,128,128,-1,-1,-1,-1,-1,12.873824,1,12.91824,0.438112,13.356352
1542,128,4192,-1,-1,-1,-1,-1,-1,0,74.637604,0.435104,75.072708
1543,128,128,-1,-1,-1,-1,-1,13.69648,1,13.74432,0.44112,14.18544
1544,128,2160,-1,-1,-1,-1,-1,-1,0,48.481312,0.4168,48.898112
1545,128,128,-1,-1,-1,-1,-1,13.26,1,13.308832,0.42448,13.733312
1546,128,128,-1,-1,-1,-1,-1,13.2184,1,13.270304,0.412736,13.68304
1547,128,128,-1,-1,-1,-1,-1,13.105568,1,13.151936,0.443232,13.595168
1548,128,2160,-1,-1,-1,-1,-1,-1,0,45.759232,0.409728,46.16896
1549,128,128,-1,-1,-1,-1,-1,13.080576,1,13.127424,0.421952,13.549376
1550,128,128,-1,-1,-1,-1,-1,13.16176,1,13.210112,0.451488,13.6616
1551,128,128,-1,-1,-1,-1,-1,13.124256,1,13.171392,0.414752,13.586144
1552,128,128,-1,-1,-1,-1,-1,12.90544,1,12.953024,0.416384,13.369408
1553,128,128,-1,-1,-1,-1,-1,12.763136,1,12.811168,0.406624,13.217792
1554,128,128,-1,-1,-1,-1,-1,12.68144,1,12.727584,0.40928,13.136864
1555,128,128,-1,-1,-1,-1,-1,12.624064,1,12.66704,0.398208,13.065248
1556,128,2160,-1,-1,-1,-1,-1,-1,0,45.238079,0.41408,45.652159
1557,128,2127,-1,-1,-1,-1,-1,-1,0,47.352322,0.408224,47.760546
1558,128,128,-1,-1,-1,-1,-1,13.139936,1,13.188224,0.405344,13.593568
1559,128,128,-1,-1,-1,-1,-1,13.144128,1,13.190208,0.411872,13.60208
1560,128,128,-1,-1,-1,-1,-1,13.15216,1,13.198432,0.407168,13.6056
1561,128,128,-1,-1,-1,-1,-1,13.117952,1,13.164,0.402368,13.566368
1562,128,128,-1,-1,-1,-1,-1,12.999104,1,13.046496,0.417216,13.463712
1563,128,128,-1,-1,-1,-1,-1,12.8104,1,12.85584,0.416576,13.272416
1564,128,128,-1,-1,-1,-1,-1,12.742208,1,12.786656,0.398496,13.185152
1565,128,4191,-1,-1,-1,-1,-1,-1,0,74.598816,0.42528,75.024096
1566,128,128,-1,-1,-1,-1,-1,13.462176,1,13.514336,0.427104,13.94144
1567,128,2160,-1,-1,-1,-1,-1,-1,0,46.998913,0.406688,47.405601
1568,128,2160,-1,-1,-1,-1,-1,-1,0,47.10957,0.44096,47.55053
1569,128,128,-1,-1,-1,-1,-1,13.127456,1,13.1744,0.410304,13.584704
1570,128,128,-1,-1,-1,-1,-1,13.112864,1,13.163904,0.427936,13.59184
1571,128,128,-1,-1,-1,-1,-1,13.11472,1,13.162752,0.407744,13.570496
1572,128,128,-1,-1,-1,-1,-1,13.066304,1,13.115232,0.408736,13.523968
1573,128,128,-1,-1,-1,-1,-1,13.042944,1,13.089792,0.420576,13.510368
1574,128,128,-1,-1,-1,-1,-1,13.057792,1,13.103648,0.418624,13.522272
1575,128,128,-1,-1,-1,-1,-1,13.082976,1,13.134368,0.418432,13.5528
1576,128,128,-1,-1,-1,-1,-1,13.153632,1,13.20416,0.437216,13.641376
1577,128,128,-1,-1,-1,-1,-1,13.151232,1,13.2008,0.42384,13.62464
1578,128,128,-1,-1,-1,-1,-1,13.163552,1,13.212256,0.457952,13.670208
1579,128,128,-1,-1,-1,-1,-1,12.970016,1,13.021056,0.40032,13.421376
1580,128,128,-1,-1,-1,-1,-1,12.752192,1,12.798368,0.409472,13.20784
1581,128,128,-1,-1,-1,-1,-1,12.706592,1,12.755968,0.40656,13.162528
1582,128,128,-1,-1,-1,-1,-1,12.675968,1,12.724064,0.399488,13.123552
1583,128,128,-1,-1,-1,-1,-1,12.662208,1,12.711104,0.397248,13.108352
1584,128,2160,-1,-1,-1,-1,-1,-1,0,45.136929,0.4056,45.542529
1585,128,128,-1,-1,-1,-1,-1,13.114272,1,13.16368,0.418944,13.582624
1586,128,128,-1,-1,-1,-1,-1,13.185536,1,13.231712,0.417216,13.648928
1587,128,128,-1,-1,-1,-1,-1,13.156032,1,13.203168,0.418816,13.621984
1588,128,128,-1,-1,-1,-1,-1,13.105472,1,13.151936,0.417344,13.56928
1589,128,2160,-1,-1,-1,-1,-1,-1,0,46.036961,0.409344,46.446305
1590,128,128,-1,-1,-1,-1,-1,13.476832,1,13.525568,0.422208,13.947776
1591,128,128,-1,-1,-1,-1,-1,13.551488,1,13.602944,0.415136,14.01808
1592,128,128,-1,-1,-1,-1,-1,13.3192,1,13.367456,0.427648,13.795104
1593,128,128,-1,-1,-1,-1,-1,13.151552,1,13.199744,0.422016,13.62176
1594,128,128,-1,-1,-1,-1,-1,13.026592,1,13.073408,0.400416,13.473824
1595,128,128,-1,-1,-1,-1,-1,12.82976,1,12.881344,0.427648,13.308992
1596,128,128,-1,-1,-1,-1,-1,12.826048,1,12.873536,0.409344,13.28288
1597,128,128,-1,-1,-1,-1,-1,12.726208,1,12.77232,0.41248,13.1848
1598,128,128,-1,-1,-1,-1,-1,12.721856,1,12.76992,0.409472,13.179392
1599,128,128,-1,-1,-1,-1,-1,12.770976,1,12.817312,0.400608,13.21792
1600,128,2160,-1,-1,-1,-1,-1,-1,0,46.311169,0.411296,46.722465
1601,128,128,-1,-1,-1,-1,-1,13.340576,1,13.387168,0.409792,13.79696
1602,128,128,-1,-1,-1,-1,-1,13.305088,1,13.354048,0.420416,13.774464
1603,128,128,-1,-1,-1,-1,-1,13.213536,1,13.258944,0.424352,13.683296
1604,128,128,-1,-1,-1,-1,-1,13.02816,1,13.072896,0.416032,13.488928
1605,128,128,-1,-1,-1,-1,-1,13.037824,1,13.083008,0.418048,13.501056
1606,128,128,-1,-1,-1,-1,-1,13.10208,1,13.148,0.417728,13.565728
1607,128,2159,-1,-1,-1,-1,-1,-1,0,46.510399,0.414848,46.925247
1608,128,128,-1,-1,-1,-1,-1,13.463776,1,13.512384,0.425824,13.938208
1609,128,128,-1,-1,-1,-1,-1,13.384,1,13.433184,0.411776,13.84496
1610,128,128,-1,-1,-1,-1,-1,13.272224,1,13.32576,0.408128,13.733888
1611,128,128,-1,-1,-1,-1,-1,13.152384,1,13.198752,0.412576,13.611328
1612,128,128,-1,-1,-1,-1,-1,12.899104,1,12.945024,0.412768,13.357792
1613,128,128,-1,-1,-1,-1,-1,12.872224,1,12.92112,0.40032,13.32144
1614,128,128,-1,-1,-1,-1,-1,12.754976,1,12.80112,0.393696,13.194816
1615,128,128,-1,-1,-1,-1,-1,12.701728,1,12.75104,0.404,13.15504
1616,128,128,-1,-1,-1,-1,-1,12.744832,1,12.789376,0.397792,13.187168
1617,128,128,-1,-1,-1,-1,-1,12.783104,1,12.829216,0.3984,13.227616
1618,128,128,-1,-1,-1,-1,-1,12.904384,1,12.951392,0.400384,13.351776
1619,128,128,-1,-1,-1,-1,-1,12.90832,1,12.953376,0.402944,13.35632
1620,128,128,-1,-1,-1,-1,-1,12.896256,1,12.942176,0.415776,13.357952
1621,128,128,-1,-1,-1,-1,-1,12.84848,1,12.894208,0.4168,13.311008
1622,128,128,-1,-1,-1,-1,-1,12.785504,1,12.831744,0.408384,13.240128
1623,128,128,-1,-1,-1,-1,-1,12.785696,1,12.83088,0.411072,13.241952
1624,128,128,-1,-1,-1,-1,-1,12.787296,1,12.835392,0.413312,13.248704
1625,128,128,-1,-1,-1,-1,-1,12.798528,1,12.844512,0.406528,13.25104
1626,128,2160,-1,-1,-1,-1,-1,-1,0,45.540321,0.41728,45.957601
1627,128,128,-1,-1,-1,-1,-1,13.337152,1,13.390784,0.423712,13.814496
1628,128,128,-1,-1,-1,-1,-1,13.320512,1,13.366848,0.416864,13.783712
1629,128,128,-1,-1,-1,-1,-1,13.109376,1,13.15792,0.404128,13.562048
1630,128,128,-1,-1,-1,-1,-1,13.092928,1,13.1392,0.41632,13.55552
1631,128,128,-1,-1,-1,-1,-1,13.093856,1,13.14144,0.410176,13.551616
1632,128,128,-1,-1,-1,-1,-1,13.258848,1,13.304832,0.415328,13.72016
1633,128,128,-1,-1,-1,-1,-1,13.259872,1,13.307712,0.415808,13.72352
1634,128,128,-1,-1,-1,-1,-1,13.119552,1,13.166048,0.416864,13.582912
1635,128,128,-1,-1,-1,-1,-1,13.08224,1,13.128512,0.4008,13.529312
1636,128,128,-1,-1,-1,-1,-1,13.196832,1,13.244896,0.417152,13.662048
1637,128,128,-1,-1,-1,-1,-1,13.21456,1,13.261504,0.41216,13.673664
1638,128,128,-1,-1,-1,-1,-1,13.121664,1,13.168768,0.40416,13.572928
1639,128,128,-1,-1,-1,-1,-1,12.98928,1,13.035328,0.41472,13.450048
1640,128,2160,-1,-1,-1,-1,-1,-1,0,45.769154,0.405312,46.174466
1641,128,4192,-1,-1,-1,-1,-1,-1,0,77.798561,0.414816,78.213377
1642,128,128,-1,-1,-1,-1,-1,13.59936,1,13.652864,0.426432,14.079296
1643,128,128,-1,-1,-1,-1,-1,13.48512,1,13.53488,0.420224,13.955104
1644,128,128,-1,-1,-1,-1,-1,13.255712,1,13.304704,0.419456,13.72416
1645,128,128,-1,-1,-1,-1,-1,13.16848,1,13.215552,0.41072,13.626272
1646,128,128,-1,-1,-1,-1,-1,13.1016,1,13.150688,0.4136,13.564288
1647,128,128,-1,-1,-1,-1,-1,12.999296,1,13.044896,0.424992,13.469888
1648,128,128,-1,-1,-1,-1,-1,12.982304,1,13.0336,0.40896,13.44256
1649,128,128,-1,-1,-1,-1,-1,12.851648,1,12.899008,0.418976,13.317984
1650,128,128,-1,-1,-1,-1,-1,12.83104,1,12.876896,0.398848,13.275744
1651,128,128,-1,-1,-1,-1,-1,12.792512,1,12.83968,0.419872,13.259552
1652,128,128,-1,-1,-1,-1,-1,12.780224,1,12.824736,0.395392,13.220128
1653,128,2160,-1,-1,-1,-1,-1,-1,0,45.184769,0.42064,45.605409
1654,128,2160,-1,-1,-1,-1,-1,-1,0,46.70483,0.417408,47.122238
1655,128,128,-1,-1,-1,-1,-1,13.594112,1,13.641856,0.457568,14.099424
1656,128,128,-1,-1,-1,-1,-1,13.524096,1,13.5704,0.416288,13.986688
1657,128,128,-1,-1,-1,-1,-1,13.325696,1,13.372416,0.425632,13.798048
1658,128,128,-1,-1,-1,-1,-1,13.291936,1,13.341248,0.402368,13.743616
1659,128,128,-1,-1,-1,-1,-1,13.068928,1,13.112928,0.400224,13.513152
1660,128,128,-1,-1,-1,-1,-1,13.037312,1,13.081984,0.416576,13.49856
1661,128,128,-1,-1,-1,-1,-1,13.117696,1,13.161952,0.40832,13.570272
1662,128,128,-1,-1,-1,-1,-1,13.279392,1,13.323776,0.422688,13.746464
1663,128,2160,-1,-1,-1,-1,-1,-1,0,47.024834,0.415616,47.44045
1664,128,128,-1,-1,-1,-1,-1,13.66848,1,13.716672,0.41264,14.129312
1665,128,128,-1,-1,-1,-1,-1,13.641728,1,13.69072,0.408672,14.099392
1666,128,128,-1,-1,-1,-1,-1,13.351424,1,13.398016,0.408288,13.806304
1667,128,128,-1,-1,-1,-1,-1,13.163904,1,13.211872,0.41856,13.630432
1668,128,128,-1,-1,-1,-1,-1,13.087168,1,13.13264,0.414528,13.547168
1669,128,4192,-1,-1,-1,-1,-1,-1,0,75.600548,0.434944,76.035492
1670,128,128,-1,-1,-1,-1,-1,14.072256,1,14.126752,0.42608,14.552832
1671,128,4144,-1,-1,-1,-1,-1,-1,0,76.711586,0.411872,77.123458
1672,128,2160,-1,-1,-1,-1,-1,-1,0,49.199265,0.411232,49.610497
1673,128,128,-1,-1,-1,-1,-1,13.593824,1,13.64064,0.41184,14.05248
1674,128,2160,-1,-1,-1,-1,-1,-1,0,46.386658,0.409888,46.796546
1675,128,128,-1,-1,-1,-1,-1,13.308576,1,13.353344,0.40448,13.757824
1676,128,128,-1,-1,-1,-1,-1,13.32176,1,13.369696,0.406464,13.77616
1677,128,128,-1,-1,-1,-1,-1,13.323168,1,13.37376,0.431776,13.805536
1678,128,128,-1,-1,-1,-1,-1,13.24048,1,13.288,0.447712,13.735712
1679,128,2160,-1,-1,-1,-1,-1,-1,0,45.933346,0.41344,46.346786
1680,128,128,-1,-1,-1,-1,-1,13.402624,1,13.450816,0.428672,13.879488
1681,128,2160,-1,-1,-1,-1,-1,-1,0,46.390656,0.444576,46.835232
1682,128,128,-1,-1,-1,-1,-1,13.525632,1,13.575328,0.457984,14.033312
1683,128,2160,-1,-1,-1,-1,-1,-1,0,47.483711,0.415392,47.899103
1684,128,128,-1,-1,-1,-1,-1,13.570784,1,13.623072,0.427744,14.050816
1685,128,2160,-1,-1,-1,-1,-1,-1,0,47.746143,0.419712,48.165855
1686,128,128,-1,-1,-1,-1,-1,13.560288,1,13.61152,0.4112,14.02272
1687,128,128,-1,-1,-1,-1,-1,13.439072,1,13.488256,0.425408,13.913664
1688,128,2160,-1,-1,-1,-1,-1,-1,0,46.234402,0.40656,46.640962
1689,128,2159,-1,-1,-1,-1,-1,-1,0,46.565536,0.41536,46.980897
1690,128,128,-1,-1,-1,-1,-1,13.542304,1,13.596,0.421408,14.017408
1691,128,2160,-1,-1,-1,-1,-1,-1,0,47.541794,0.411552,47.953346
1692,128,128,-1,-1,-1,-1,-1,13.418112,1,13.466784,0.409792,13.876576
1693,128,4191,-1,-1,-1,-1,-1,-1,0,77.218338,0.41984,77.638178
1694,128,4191,-1,-1,-1,-1,-1,-1,0,79.161186,0.413696,79.574882
1695,128,128,-1,-1,-1,-1,-1,13.518848,1,13.565984,0.40976,13.975744
1696,128,2160,-1,-1,-1,-1,-1,-1,0,46.138752,0.405312,46.544064
1697,128,4190,-1,-1,-1,-1,-1,-1,0,76.822304,0.41136,77.233664
1698,128,2160,-1,-1,-1,-1,-1,-1,0,47.423328,0.419552,47.84288
1699,128,128,-1,-1,-1,-1,-1,13.538208,1,13.586624,0.416512,14.003136
1700,128,2160,-1,-1,-1,-1,-1,-1,0,47.588223,0.412352,48.000574
1701,128,128,-1,-1,-1,-1,-1,13.3984,1,13.446976,0.421664,13.86864
1702,128,128,-1,-1,-1,-1,-1,13.397824,1,13.444352,0.414944,13.859296
1703,128,2160,-1,-1,-1,-1,-1,-1,0,46.279808,0.41072,46.690528
1704,128,2160,-1,-1,-1,-1,-1,-1,0,47.490398,0.414784,47.905182
1705,128,2160,-1,-1,-1,-1,-1,-1,0,47.305313,0.408928,47.714241
1706,128,4192,-1,-1,-1,-1,-1,-1,0,76.372894,0.407264,76.780158
1707,128,4192,-1,-1,-1,-1,-1,-1,0,80.37648,0.432512,80.808992
1708,128,128,-1,-1,-1,-1,-1,13.973024,1,14.022112,0.438144,14.460256
1709,128,128,-1,-1,-1,-1,-1,13.916896,1,13.965248,0.433088,14.398336
1710,128,128,-1,-1,-1,-1,-1,13.424064,1,13.474816,0.40048,13.875296
1711,128,2160,-1,-1,-1,-1,-1,-1,0,46.023457,0.408768,46.432225
1712,128,128,-1,-1,-1,-1,-1,13.343424,1,13.38928,0.416416,13.805696
1713,128,128,-1,-1,-1,-1,-1,13.276224,1,13.321536,0.417184,13.73872
1714,128,128,-1,-1,-1,-1,-1,13.29376,1,13.339168,0.420512,13.75968
1715,128,128,-1,-1,-1,-1,-1,13.030528,1,13.074848,0.406368,13.481216
1716,128,2160,-1,-1,-1,-1,-1,-1,0,45.935616,0.413632,46.349248
1717,128,2159,-1,-1,-1,-1,-1,-1,0,47.267742,0.412928,47.68067
1718,128,4192,-1,-1,-1,-1,-1,-1,0,77.248703,0.43344,77.682143
1719,128,128,-1,-1,-1,-1,-1,14.13568,1,14.184416,0.432256,14.616672
1720,128,2160,-1,-1,-1,-1,-1,-1,0,48.597378,0.4104,49.007778
1721,128,128,-1,-1,-1,-1,-1,13.362464,1,13.409088,0.420256,13.829344
1722,128,6224,-1,-1,-1,-1,-1,-1,0,110.113853,0.433664,110.547517
1723,128,2160,-1,-1,-1,-1,-1,-1,0,49.973984,0.4144,50.388384
1724,128,128,-1,-1,-1,-1,-1,13.404864,1,13.453728,0.405184,13.858912
1725,128,2160,-1,-1,-1,-1,-1,-1,0,46.153152,0.408096,46.561248
1726,128,2159,-1,-1,-1,-1,-1,-1,0,46.496864,0.413568,46.910432
1727,128,6224,-1,-1,-1,-1,-1,-1,0,105.742371,0.447296,106.189667
1728,128,2160,-1,-1,-1,-1,-1,-1,0,48.814976,0.414528,49.229504
1729,128,2160,-1,-1,-1,-1,-1,-1,0,47.332607,0.406624,47.739231
1730,128,6224,-1,-1,-1,-1,-1,-1,0,111.187775,0.43232,111.620095
1731,128,6224,-1,-1,-1,-1,-1,-1,0,109.926659,0.44096,110.367619
1732,128,4192,-1,-1,-1,-1,-1,-1,0,77.815872,0.407008,78.22288
1733,128,128,-1,-1,-1,-1,-1,13.227552,1,13.272896,0.42112,13.694016
1734,128,128,-1,-1,-1,-1,-1,13.07392,1,13.1208,0.413408,13.534208
1735,128,2160,-1,-1,-1,-1,-1,-1,0,45.651936,0.40368,46.055616
1736,128,128,-1,-1,-1,-1,-1,13.198752,1,13.24512,0.40704,13.65216
1737,128,4192,-1,-1,-1,-1,-1,-1,0,76.025536,0.41056,76.436096
1738,128,2160,-1,-1,-1,-1,-1,-1,0,47.846622,0.414016,48.260638
1739,128,128,-1,-1,-1,-1,-1,13.357536,1,13.403392,0.429312,13.832704
1740,128,128,-1,-1,-1,-1,-1,13.361952,1,13.407872,0.414784,13.822656
1741,128,2160,-1,-1,-1,-1,-1,-1,0,46.178337,0.407744,46.586081
1742,128,128,-1,-1,-1,-1,-1,13.271168,1,13.318112,0.409888,13.728
1743,128,8256,-1,-1,-1,-1,-1,-1,0,141.306625,0.425856,141.732481
1744,128,2160,-1,-1,-1,-1,-1,-1,0,49.245312,0.416928,49.66224
1745,128,4192,-1,-1,-1,-1,-1,-1,0,76.24752,0.410496,76.658016
1746,128,2160,-1,-1,-1,-1,-1,-1,0,47.778625,0.421312,48.199937
1747,128,2160,-1,-1,-1,-1,-1,-1,0,47.122814,0.407296,47.53011
1748,128,128,-1,-1,-1,-1,-1,13.235584,1,13.283168,0.419488,13.702656
1749,128,6223,-1,-1,-1,-1,-1,-1,0,107.24675,0.428512,107.675262
1750,128,2160,-1,-1,-1,-1,-1,-1,0,49.349121,0.411328,49.760449
1751,128,128,-1,-1,-1,-1,-1,13.374112,1,13.421728,0.420832,13.84256
1752,128,4192,-1,-1,-1,-1,-1,-1,0,76.431618,0.42864,76.860258
1753,128,6224,-1,-1,-1,-1,-1,-1,0,108.74752,0.429696,109.177216
1754,128,4192,-1,-1,-1,-1,-1,-1,0,79.049889,0.4144,79.464289
1755,128,2160,-1,-1,-1,-1,-1,-1,0,46.666046,0.407136,47.073182
1756,128,4191,-1,-1,-1,-1,-1,-1,0,77.514366,0.416864,77.93123
1757,128,2159,-1,-1,-1,-1,-1,-1,0,47.768959,0.411264,48.180223
1758,128,6223,-1,-1,-1,-1,-1,-1,0,111.122368,0.427424,111.549792
1759,128,128,-1,-1,-1,-1,-1,13.710848,1,13.76048,0.430848,14.191328
1760,128,4192,-1,-1,-1,-1,-1,-1,0,76.175011,0.41216,76.587171
1761,128,2160,-1,-1,-1,-1,-1,-1,0,48.665985,0.415104,49.081089
1762,128,128,-1,-1,-1,-1,-1,13.322912,1,13.370944,0.42208,13.793024
1763,128,4192,-1,-1,-1,-1,-1,-1,0,74.607521,0.412,75.019521
1764,128,4192,-1,-1,-1,-1,-1,-1,0,78.798752,0.443104,79.241856
1765,128,128,-1,-1,-1,-1,-1,14.31056,1,14.362368,0.434176,14.796544
1766,128,128,-1,-1,-1,-1,-1,14.068128,1,14.116896,0.439936,14.556832
1767,128,128,-1,-1,-1,-1,-1,13.281984,1,13.331296,0.419584,13.75088
1768,128,128,-1,-1,-1,-1,-1,13.190912,1,13.23728,0.422208,13.659488
1769,128,128,-1,-1,-1,-1,-1,12.892192,1,12.937408,0.396128,13.333536
1770,128,2160,-1,-1,-1,-1,-1,-1,0,45.504097,0.411456,45.915553
1771,128,128,-1,-1,-1,-1,-1,13.15296,1,13.199264,0.406784,13.606048
1772,128,2160,-1,-1,-1,-1,-1,-1,0,45.906944,0.406816,46.31376
1773,128,4191,-1,-1,-1,-1,-1,-1,0,77.360703,0.43376,77.794463
1774,128,128,-1,-1,-1,-1,-1,13.38608,1,13.4344,0.418528,13.852928
1775,128,128,-1,-1,-1,-1,-1,12.982336,1,13.032512,0.415232,13.447744
1776,128,2160,-1,-1,-1,-1,-1,-1,0,45.495647,0.405152,45.900799
1777,128,128,-1,-1,-1,-1,-1,13.114944,1,13.162624,0.422112,13.584736
1778,128,4192,-1,-1,-1,-1,-1,-1,0,75.751076,0.41696,76.168036
1779,128,128,-1,-1,-1,-1,-1,13.3464,1,13.393376,0.413312,13.806688
1780,128,2144,-1,-1,-1,-1,-1,-1,0,48.032993,0.410176,48.443169
1781,128,6223,-1,-1,-1,-1,-1,-1,0,109.525795,0.433088,109.958883
1782,128,2160,-1,-1,-1,-1,-1,-1,0,49.356159,0.41504,49.771199
1783,128,128,-1,-1,-1,-1,-1,13.274752,1,13.321696,0.41312,13.734816
1784,128,128,-1,-1,-1,-1,-1,13.214688,1,13.261472,0.425056,13.686528
1785,128,128,-1,-1,-1,-1,-1,12.906112,1,12.952288,0.414272,13.36656
1786,128,128,-1,-1,-1,-1,-1,12.770912,1,12.816448,0.397728,13.214176
1787,128,2160,-1,-1,-1,-1,-1,-1,0,45.278271,0.40544,45.683711
1788,128,128,-1,-1,-1,-1,-1,13.069184,1,13.115232,0.417344,13.532576
1789,128,128,-1,-1,-1,-1,-1,13.101568,1,13.146688,0.420896,13.567584
1790,128,128,-1,-1,-1,-1,-1,12.98928,1,13.035328,0.414368,13.449696
1791,128,128,-1,-1,-1,-1,-1,12.885184,1,12.930208,0.396896,13.327104
1792,128,128,-1,-1,-1,-1,-1,12.719648,1,12.76368,0.41424,13.17792
1793,128,128,-1,-1,-1,-1,-1,12.65056,1,12.695744,0.41328,13.109024
1794,128,2160,-1,-1,-1,-1,-1,-1,0,45.298687,0.40768,45.706367
1795,128,2160,-1,-1,-1,-1,-1,-1,0,47.388321,0.421728,47.810049
1796,128,128,-1,-1,-1,-1,-1,13.585088,1,13.632384,0.428608,14.060992
1797,128,2160,-1,-1,-1,-1,-1,-1,0,48.015743,0.410368,48.426111
1798,128,2160,-1,-1,-1,-1,-1,-1,0,47.532478,0.413472,47.94595
1799,128,128,-1,-1,-1,-1,-1,13.196512,1,13.242688,0.420992,13.66368
1800,128,2160,-1,-1,-1,-1,-1,-1,0,46.629665,0.409184,47.038849
1801,128,128,-1,-1,-1,-1,-1,13.053536,1,13.09872,0.407808,13.506528
1802,128,2159,-1,-1,-1,-1,-1,-1,0,46.71629,0.416,47.13229
1803,128,128,-1,-1,-1,-1,-1,13.324096,1,13.371456,0.413408,13.784864
1804,128,128,-1,-1,-1,-1,-1,13.474432,1,13.52128,0.407168,13.928448
1805,128,128,-1,-1,-1,-1,-1,13.132064,1,13.177952,0.42096,13.598912
1806,128,128,-1,-1,-1,-1,-1,12.894784,1,12.940928,0.41456,13.355488
1807,128,128,-1,-1,-1,-1,-1,12.762624,1,12.808544,0.410336,13.21888
1808,128,128,-1,-1,-1,-1,-1,12.699392,1,12.743232,0.414304,13.157536
1809,128,128,-1,-1,-1,-1,-1,12.646624,1,12.692544,0.398816,13.09136
1810,128,128,-1,-1,-1,-1,-1,12.627424,1,12.67088,0.41248,13.08336
1811,128,2160,-1,-1,-1,-1,-1,-1,0,45.510754,0.409056,45.91981
1812,128,128,-1,-1,-1,-1,-1,13.143168,1,13.191104,0.408992,13.600096
1813,128,128,-1,-1,-1,-1,-1,13.167584,1,13.2136,0.418848,13.632448
1814,128,2160,-1,-1,-1,-1,-1,-1,0,46.026112,0.418336,46.444448
1815,128,128,-1,-1,-1,-1,-1,13.090752,1,13.137696,0.406048,13.543744
1816,128,2160,-1,-1,-1,-1,-1,-1,0,45.993153,0.414944,46.408097
1817,128,2160,-1,-1,-1,-1,-1,-1,0,47.542881,0.410912,47.953793
1818,128,128,-1,-1,-1,-1,-1,13.240128,1,13.289248,0.421344,13.710592
1819,128,128,-1,-1,-1,-1,-1,13.167968,1,13.217888,0.43264,13.650528
1820,128,2160,-1,-1,-1,-1,-1,-1,0,46.118145,0.40816,46.526305
1821,128,128,-1,-1,-1,-1,-1,13.306176,1,13.35488,0.427232,13.782112
1822,128,128,-1,-1,-1,-1,-1,13.391712,1,13.43952,0.437664,13.877184
1823,128,128,-1,-1,-1,-1,-1,13.248064,1,13.294592,0.405472,13.700064
1824,128,128,-1,-1,-1,-1,-1,13.095904,1,13.140064,0.42992,13.569984
1825,128,128,-1,-1,-1,-1,-1,12.81552,1,12.861728,0.3952,13.256928
1826,128,128,-1,-1,-1,-1,-1,12.7312,1,12.775648,0.396768,13.172416
1827,128,2160,-1,-1,-1,-1,-1,-1,0,45.609154,0.410464,46.019618
1828,128,128,-1,-1,-1,-1,-1,13.217376,1,13.264896,0.408352,13.673248
1829,128,128,-1,-1,-1,-1,-1,13.160288,1,13.206784,0.409408,13.616192
1830,128,128,-1,-1,-1,-1,-1,12.97552,1,13.02304,0.410464,13.433504
1831,128,128,-1,-1,-1,-1,-1,12.840768,1,12.88544,0.39872,13.28416
1832,128,128,-1,-1,-1,-1,-1,12.679136,1,12.722784,0.407648,13.130432
1833,128,128,-1,-1,-1,-1,-1,12.692448,1,12.737024,0.393568,13.130592
1834,128,128,-1,-1,-1,-1,-1,12.617088,1,12.661792,0.408256,13.070048
1835,128,128,-1,-1,-1,-1,-1,12.61616,1,12.660096,0.406528,13.066624
1836,128,4192,-1,-1,-1,-1,-1,-1,0,74.175682,0.428704,74.604386
1837,128,128,-1,-1,-1,-1,-1,13.634976,1,13.684128,0.42528,14.109408
1838,128,128,-1,-1,-1,-1,-1,13.412384,1,13.460608,0.418208,13.878816
1839,128,128,-1,-1,-1,-1,-1,13.190784,1,13.237408,0.41968,13.657088
1840,128,128,-1,-1,-1,-1,-1,13.068896,1,13.116256,0.401408,13.517664
1841,128,128,-1,-1,-1,-1,-1,12.969088,1,13.01472,0.402592,13.417312
1842,128,128,-1,-1,-1,-1,-1,12.91632,1,12.9632,0.41424,13.37744
1843,128,128,-1,-1,-1,-1,-1,12.922496,1,12.967744,0.412928,13.380672
1844,128,128,-1,-1,-1,-1,-1,12.809344,1,12.855712,0.409504,13.265216
1845,128,128,-1,-1,-1,-1,-1,12.7264,1,12.770336,0.398496,13.168832
1846,128,128,-1,-1,-1,-1,-1,12.71008,1,12.755616,0.395904,13.15152
1847,128,128,-1,-1,-1,-1,-1,12.672704,1,12.716576,0.395392,13.111968
1848,128,128,-1,-1,-1,-1,-1,12.697632,1,12.743264,0.40928,13.152544
1849,128,128,-1,-1,-1,-1,-1,12.681632,1,12.724768,0.406304,13.131072
1850,128,128,-1,-1,-1,-1,-1,12.66784,1,12.712864,0.396416,13.10928
1851,128,2160,-1,-1,-1,-1,-1,-1,0,45.914177,0.430976,46.345153
1852,128,128,-1,-1,-1,-1,-1,13.653664,1,13.702048,0.41936,14.121408
1853,128,128,-1,-1,-1,-1,-1,13.426048,1,13.4736,0.411008,13.884608
1854,128,128,-1,-1,-1,-1,-1,13.281536,1,13.327712,0.41216,13.739872
1855,128,128,-1,-1,-1,-1,-1,13.162688,1,13.208224,0.416288,13.624512
1856,128,128,-1,-1,-1,-1,-1,13.124352,1,13.16976,0.42352,13.59328
1857,128,128,-1,-1,-1,-1,-1,13.062016,1,13.10688,0.416896,13.523776
1858,128,128,-1,-1,-1,-1,-1,13.055488,1,13.101216,0.420128,13.521344
1859,128,2159,-1,-1,-1,-1,-1,-1,0,45.961216,0.414368,46.375584
1860,128,128,-1,-1,-1,-1,-1,13.496448,1,13.54608,0.42832,13.9744
1861,128,128,-1,-1,-1,-1,-1,13.431104,1,13.478496,0.409184,13.88768
1862,128,128,-1,-1,-1,-1,-1,13.203808,1,13.25168,0.418784,13.670464
1863,128,128,-1,-1,-1,-1,-1,13.101824,1,13.148608,0.409088,13.557696
1864,128,128,-1,-1,-1,-1,-1,12.86512,1,12.91152,0.397792,13.309312
1865,128,128,-1,-1,-1,-1,-1,12.799744,1,12.845344,0.394048,13.239392
1866,128,128,-1,-1,-1,-1,-1,12.746176,1,12.79088,0.3976,13.18848
1867,128,128,-1,-1,-1,-1,-1,12.754848,1,12.801696,0.399904,13.2016
1868,128,128,-1,-1,-1,-1,-1,12.755296,1,12.800992,0.411072,13.212064
1869,128,128,-1,-1,-1,-1,-1,12.753664,1,12.797664,0.395936,13.1936
1870,128,128,-1,-1,-1,-1,-1,12.753568,1,12.79888,0.399264,13.198144
1871,128,128,-1,-1,-1,-1,-1,12.782976,1,12.827936,0.410816,13.238752
1872,128,128,-1,-1,-1,-1,-1,12.78544,1,12.829952,0.396832,13.226784
1873,128,128,-1,-1,-1,-1,-1,12.748032,1,12.79264,0.394976,13.187616
1874,128,4192,-1,-1,-1,-1,-1,-1,0,76.817566,0.443712,77.261278
1875,128,128,-1,-1,-1,-1,-1,14.366368,1,14.418976,0.447392,14.866368
1876,128,128,-1,-1,-1,-1,-1,14.21264,1,14.264064,0.41056,14.674624
1877,128,128,-1,-1,-1,-1,-1,13.35776,1,13.40736,0.422752,13.830112
1878,128,128,-1,-1,-1,-1,-1,13.3648,1,13.412864,0.426848,13.839712
1879,128,128,-1,-1,-1,-1,-1,13.011648,1,13.06016,0.399584,13.459744
1880,128,128,-1,-1,-1,-1,-1,12.875328,1,12.921728,0.4128,13.334528
1881,128,128,-1,-1,-1,-1,-1,12.844608,1,12.890464,0.402848,13.293312
1882,128,2159,-1,-1,-1,-1,-1,-1,0,45.35965,0.410912,45.770562
1883,128,128,-1,-1,-1,-1,-1,13.340544,1,13.387744,0.405888,13.793632
1884,128,2160,-1,-1,-1,-1,-1,-1,0,47.526081,0.4112,47.937281
1885,128,128,-1,-1,-1,-1,-1,13.401664,1,13.449472,0.411328,13.8608
1886,128,128,-1,-1,-1,-1,-1,13.353824,1,13.402304,0.419808,13.822112
1887,128,128,-1,-1,-1,-1,-1,13.228224,1,13.275392,0.406112,13.681504
1888,128,128,-1,-1,-1,-1,-1,13.202432,1,13.250368,0.40304,13.653408
1889,128,2160,-1,-1,-1,-1,-1,-1,0,46.726463,0.415712,47.142175
1890,128,128,-1,-1,-1,-1,-1,13.5576,1,13.605824,0.422304,14.028128
1891,128,128,-1,-1,-1,-1,-1,13.531392,1,13.577376,0.423328,14.000704
1892,128,128,-1,-1,-1,-1,-1,13.49184,1,13.539424,0.421696,13.96112
1893,128,128,-1,-1,-1,-1,-1,13.430784,1,13.477088,0.416704,13.893792
1894,128,128,-1,-1,-1,-1,-1,13.173152,1,13.219424,0.40384,13.623264
1895,128,128,-1,-1,-1,-1,-1,13.111936,1,13.156864,0.407904,13.564768
1896,128,128,-1,-1,-1,-1,-1,12.871424,1,12.915488,0.411936,13.327424
1897,128,128,-1,-1,-1,-1,-1,12.831808,1,12.876064,0.397408,13.273472
1898,128,128,-1,-1,-1,-1,-1,12.811424,1,12.85712,0.396032,13.253152
1899,128,128,-1,-1,-1,-1,-1,12.72256,1,12.766624,0.403744,13.170368
1900,128,128,-1,-1,-1,-1,-1,12.736352,1,12.778912,0.403744,13.182656
1901,128,2160,-1,-1,-1,-1,-1,-1,0,46.050846,0.411488,46.462334
1902,128,128,-1,-1,-1,-1,-1,13.534432,1,13.583456,0.425152,14.008608
1903,128,128,-1,-1,-1,-1,-1,13.572288,1,13.620416,0.416384,14.0368
1904,128,128,-1,-1,-1,-1,-1,13.339616,1,13.385952,0.409888,13.79584
1905,128,128,-1,-1,-1,-1,-1,13.319776,1,13.367104,0.414432,13.781536
1906,128,2160,-1,-1,-1,-1,-1,-1,0,46.085537,0.409056,46.494593
1907,128,128,-1,-1,-1,-1,-1,13.485728,1,13.53248,0.412704,13.945184
1908,128,128,-1,-1,-1,-1,-1,13.469344,1,13.51568,0.40768,13.92336
1909,128,128,-1,-1,-1,-1,-1,13.361792,1,13.408032,0.420064,13.828096
1910,128,128,-1,-1,-1,-1,-1,13.323584,1,13.36928,0.404672,13.773952
1911,128,128,-1,-1,-1,-1,-1,13.171776,1,13.218208,0.397696,13.615904
1912,128,2160,-1,-1,-1,-1,-1,-1,0,46.534046,0.41264,46.946686
1913,128,128,-1,-1,-1,-1,-1,13.621216,1,13.667328,0.413248,14.080576
1914,128,128,-1,-1,-1,-1,-1,13.680608,1,13.729504,0.42752,14.157024
1915,128,4192,-1,-1,-1,-1,-1,-1,0,76.759102,0.416928,77.17603
1916,128,128,-1,-1,-1,-1,-1,13.441536,1,13.490624,0.409152,13.899776
1917,128,128,-1,-1,-1,-1,-1,13.396608,1,13.442176,0.40816,13.850336
1918,128,128,-1,-1,-1,-1,-1,13.166624,1,13.21232,0.406336,13.618656
1919,128,128,-1,-1,-1,-1,-1,12.919264,1,12.964064,0.393536,13.3576
1920,128,128,-1,-1,-1,-1,-1,12.860384,1,12.90368,0.402208,13.305888
1921,128,2159,-1,-1,-1,-1,-1,-1,0,45.329151,0.409088,45.738239
1922,128,2160,-1,-1,-1,-1,-1,-1,0,48.189281,0.413376,48.602657
1923,128,128,-1,-1,-1,-1,-1,13.567648,1,13.616704,0.430176,14.04688
1924,128,128,-1,-1,-1,-1,-1,13.403936,1,13.451648,0.411168,13.862816
1925,128,4192,-1,-1,-1,-1,-1,-1,0,74.176865,0.419872,74.596737
1926,128,2160,-1,-1,-1,-1,-1,-1,0,49.302914,0.417152,49.720066
1927,128,2160,-1,-1,-1,-1,-1,-1,0,48.214497,0.41536,48.629857
1928,128,128,-1,-1,-1,-1,-1,13.53968,1,13.586144,0.424672,14.010816
1929,128,128,-1,-1,-1,-1,-1,13.384224,1,13.431296,0.413664,13.84496
1930,128,128,-1,-1,-1,-1,-1,13.292896,1,13.33856,0.40416,13.74272
1931,128,128,-1,-1,-1,-1,-1,13.150336,1,13.195328,0.40016,13.595488
1932,128,128,-1,-1,-1,-1,-1,13.136416,1,13.181056,0.400768,13.581824
1933,128,128,-1,-1,-1,-1,-1,12.945056,1,12.99024,0.395744,13.385984
1934,128,4174,-1,-1,-1,-1,-1,-1,0,74.191772,0.413632,74.605404
1935,128,6223,-1,-1,-1,-1,-1,-1,0,108.958817,0.425984,109.384801
1936,128,2160,-1,-1,-1,-1,-1,-1,0,48.963264,0.41568,49.378944
1937,128,128,-1,-1,-1,-1,-1,13.436576,1,13.483904,0.42048,13.904384
1938,128,2159,-1,-1,-1,-1,-1,-1,0,45.828289,0.410752,46.239041
1939,128,6224,-1,-1,-1,-1,-1,-1,0,110.913857,0.460608,111.374465
1940,128,128,-1,-1,-1,-1,-1,14.106304,1,14.156416,0.421728,14.578144
1941,128,128,-1,-1,-1,-1,-1,13.825632,1,13.879264,0.440128,14.319392
1942,128,2160,-1,-1,-1,-1,-1,-1,0,46.342014,0.405376,46.74739
1943,128,128,-1,-1,-1,-1,-1,13.448832,1,13.496416,0.428416,13.924832
1944,128,4192,-1,-1,-1,-1,-1,-1,0,75.654404,0.410272,76.064676
1945,128,2160,-1,-1,-1,-1,-1,-1,0,48.239712,0.431136,48.670848
1946,128,2160,-1,-1,-1,-1,-1,-1,0,48.035263,0.41856,48.453823
1947,128,128,-1,-1,-1,-1,-1,13.494784,1,13.545024,0.421952,13.966976
1948,128,128,-1,-1,-1,-1,-1,13.437344,1,13.483776,0.416896,13.900672
1949,128,128,-1,-1,-1,-1,-1,13.16464,1,13.212544,0.4144,13.626944
1950,128,128,-1,-1,-1,-1,-1,13.098304,1,13.144544,0.409312,13.553856
1951,128,128,-1,-1,-1,-1,-1,13.06896,1,13.116192,0.399808,13.516
1952,128,128,-1,-1,-1,-1,-1,13.022048,1,13.06672,0.412832,13.479552
1953,128,2160,-1,-1,-1,-1,-1,-1,0,46.290878,0.413856,46.704734
1954,128,128,-1,-1,-1,-1,-1,13.54432,1,13.591264,0.421056,14.01232
1955,128,128,-1,-1,-1,-1,-1,13.46336,1,13.51072,0.412064,13.922784
1956,128,4192,-1,-1,-1,-1,-1,-1,0,78.561539,0.433984,78.995523
1957,128,128,-1,-1,-1,-1,-1,14.204384,1,14.25456,0.410848,14.665408
1958,128,4192,-1,-1,-1,-1,-1,-1,0,77.536674,0.407264,77.943938
1959,128,6223,-1,-1,-1,-1,-1,-1,0,109.468094,0.420288,109.888382
1960,128,128,-1,-1,-1,-1,-1,13.80992,1,13.857088,0.423424,14.280512
1961,128,2160,-1,-1,-1,-1,-1,-1,0,48.215714,0.409984,48.625697
1962,128,2160,-1,-1,-1,-1,-1,-1,0,46.962688,0.409632,47.37232
1963,128,4192,-1,-1,-1,-1,-1,-1,0,75.375587,0.415424,75.791011
1964,128,128,-1,-1,-1,-1,-1,14.07152,1,14.12016,0.432672,14.552832
1965,128,2160,-1,-1,-1,-1,-1,-1,0,49.551231,0.412064,49.963295
1966,128,4192,-1,-1,-1,-1,-1,-1,0,79.714851,0.434208,80.149059
1967,128,2160,-1,-1,-1,-1,-1,-1,0,49.779297,0.41376,50.193057
1968,128,4192,-1,-1,-1,-1,-1,-1,0,76.14637,0.412736,76.559106
1969,128,128,-1,-1,-1,-1,-1,13.440352,1,13.487264,0.424992,13.912256
1970,128,128,-1,-1,-1,-1,-1,13.404832,1,13.451456,0.409888,13.861344
1971,128,2160,-1,-1,-1,-1,-1,-1,0,46.161728,0.406688,46.568416
1972,128,4192,-1,-1,-1,-1,-1,-1,0,76.788513,0.422112,77.210625
1973,128,128,-1,-1,-1,-1,-1,13.457248,1,13.505888,0.41664,13.922528
1974,128,4176,-1,-1,-1,-1,-1,-1,0,74.4049,0.420128,74.825028
1975,128,4192,-1,-1,-1,-1,-1,-1,0,80.308418,0.434976,80.743394
1976,128,2160,-1,-1,-1,-1,-1,-1,0,49.338978,0.413824,49.752802
1977,128,2160,-1,-1,-1,-1,-1,-1,0,47.470688,0.413728,47.884416
1978,128,4192,-1,-1,-1,-1,-1,-1,0,76.39325,0.42144,76.81469
1979,128,4192,-1,-1,-1,-1,-1,-1,0,77.665565,0.414784,78.08035
1980,128,128,-1,-1,-1,-1,-1,13.510464,1,13.557344,0.423232,13.980576
1981,128,128,-1,-1,-1,-1,-1,13.300448,1,13.348192,0.404128,13.75232
1982,128,2160,-1,-1,-1,-1,-1,-1,0,45.849632,0.40224,46.251872
1983,128,4191,-1,-1,-1,-1,-1,-1,0,77.051292,0.407808,77.4591
1984,128,128,-1,-1,-1,-1,-1,13.404288,1,13.45088,0.412544,13.863424
1985,128,2160,-1,-1,-1,-1,-1,-1,0,47.698112,0.41552,48.113633
1986,128,128,-1,-1,-1,-1,-1,13.389472,1,13.437152,0.419584,13.856736
1987,128,4192,-1,-1,-1,-1,-1,-1,0,76.794724,0.41888,77.213603
1988,128,2160,-1,-1,-1,-1,-1,-1,0,48.521183,0.411904,48.933087
1989,128,128,-1,-1,-1,-1,-1,13.384544,1,13.431168,0.412576,13.843744
1990,128,4192,-1,-1,-1,-1,-1,-1,0,75.67981,0.408832,76.088642
1991,128,2160,-1,-1,-1,-1,-1,-1,0,49.292576,0.412224,49.7048
1992,128,2160,-1,-1,-1,-1,-1,-1,0,47.414848,0.412256,47.827104
1993,128,128,-1,-1,-1,-1,-1,13.216736,1,13.262752,0.41616,13.678912
1994,128,128,-1,-1,-1,-1,-1,13.159968,1,13.2056,0.4176,13.6232
1995,128,128,-1,-1,-1,-1,-1,13.048288,1,13.093312,0.4144,13.507712
1996,128,128,-1,-1,-1,-1,-1,12.839552,1,12.884192,0.401376,13.285568
1997,128,2160,-1,-1,-1,-1,-1,-1,0,45.2472,0.406464,45.653664
1998,128,2160,-1,-1,-1,-1,-1,-1,0,47.458366,0.414368,47.872734
1999,128,128,-1,-1,-1,-1,-1,13.405088,1,13.452672,0.410496,13.863168
2000,128,4192,-1,-1,-1,-1,-1,-1,0,76.064095,0.417696,76.481791
2001,128,2160,-1,-1,-1,-1,-1,-1,0,48.466145,0.406464,48.872609
2002,128,2160,-1,-1,-1,-1,-1,-1,0,47.510593,0.410688,47.921281
2003,128,6224,-1,-1,-1,-1,-1,-1,0,108.999969,0.42544,109.425409
2004,128,2159,-1,-1,-1,-1,-1,-1,0,48.822239,0.415968,49.238207
2005,128,6223,-1,-1,-1,-1,-1,-1,0,105.565567,0.44128,106.006847
2006,128,4192,-1,-1,-1,-1,-1,-1,0,77.607071,0.412384,78.019455
2007,128,128,-1,-1,-1,-1,-1,13.64592,1,13.696896,0.442272,14.139168
2008,128,128,-1,-1,-1,-1,-1,13.6672,1,13.715456,0.420384,14.13584
2009,128,128,-1,-1,-1,-1,-1,13.2608,1,13.311296,0.419072,13.730368
2010,128,2160,-1,-1,-1,-1,-1,-1,0,45.788994,0.411776,46.20077
2011,128,4192,-1,-1,-1,-1,-1,-1,0,75.27565,0.430016,75.705666
2012,128,2160,-1,-1,-1,-1,-1,-1,0,48.943359,0.413824,49.357183
2013,128,2160,-1,-1,-1,-1,-1,-1,0,47.770592,0.411552,48.182144
2014,128,2160,-1,-1,-1,-1,-1,-1,0,47.095936,0.435616,47.531552
2015,128,128,-1,-1,-1,-1,-1,13.182336,1,13.230144,0.4088,13.638944
2016,128,4192,-1,-1,-1,-1,-1,-1,0,75.321762,0.44176,75.763522
2017,128,128,-1,-1,-1,-1,-1,13.686688,1,13.734592,0.431488,14.16608
2018,128,2160,-1,-1,-1,-1,-1,-1,0,47.742207,0.433504,48.175711
2019,128,4192,-1,-1,-1,-1,-1,-1,0,76.912895,0.41088,77.323775
2020,128,128,-1,-1,-1,-1,-1,13.309088,1,13.360288,0.43168,13.791968
2021,128,128,-1,-1,-1,-1,-1,13.197568,1,13.247744,0.414368,13.662112
2022,128,2160,-1,-1,-1,-1,-1,-1,0,45.768257,0.424288,46.192545
2023,128,4192,-1,-1,-1,-1,-1,-1,0,75.352707,0.425984,75.778691
2024,128,4191,-1,-1,-1,-1,-1,-1,0,81.294304,0.447168,81.741472
2025,128,128,-1,-1,-1,-1,-1,13.873664,1,13.92368,0.427168,14.350848
2026,128,128,-1,-1,-1,-1,-1,13.340704,1,13.388832,0.414304,13.803136
2027,128,128,-1,-1,-1,-1,-1,13.069344,1,13.116928,0.40336,13.520288
2028,128,2160,-1,-1,-1,-1,-1,-1,0,45.577854,0.421312,45.999166
2029,128,128,-1,-1,-1,-1,-1,13.118368,1,13.164128,0.407296,13.571424
2030,128,4192,-1,-1,-1,-1,-1,-1,0,75.881378,0.448704,76.330082
2031,128,128,-1,-1,-1,-1,-1,14.011488,1,14.062944,0.440384,14.503328
2032,128,2160,-1,-1,-1,-1,-1,-1,0,48.146881,0.409216,48.556097
2033,128,128,-1,-1,-1,-1,-1,13.11392,1,13.159872,0.408992,13.568864
2034,128,2160,-1,-1,-1,-1,-1,-1,0,46.163521,0.40864,46.572161
2035,128,128,-1,-1,-1,-1,-1,13.121024,1,13.17008,0.42224,13.59232
2036,128,128,-1,-1,-1,-1,-1,13.132288,1,13.180544,0.421664,13.602208
2037,128,128,-1,-1,-1,-1,-1,13.07248,1,13.118144,0.419328,13.537472
2038,128,6223,-1,-1,-1,-1,-1,-1,0,109.169182,0.431264,109.600446
2039,128,128,-1,-1,-1,-1,-1,13.945472,1,13.996544,0.427808,14.424352
2040,128,128,-1,-1,-1,-1,-1,13.494656,1,13.544672,0.420992,13.965664
2041,128,128,-1,-1,-1,-1,-1,13.183296,1,13.229888,0.412864,13.642752
2042,128,2144,-1,-1,-1,-1,-1,-1,0,45.820225,0.407232,46.227457
2043,128,128,-1,-1,-1,-1,-1,12.985952,1,13.03296,0.403264,13.436224
2044,128,128,-1,-1,-1,-1,-1,12.987904,1,13.033632,0.414912,13.448544
2045,128,4192,-1,-1,-1,-1,-1,-1,0,75.858948,0.437056,76.296004
2046,128,128,-1,-1,-1,-1,-1,14.197664,1,14.248704,0.442176,14.69088
2047,128,2160,-1,-1,-1,-1,-1,-1,0,49.358624,0.420096,49.77872
2048,128,2160,-1,-1,-1,-1,-1,-1,0,47.051968,0.410912,47.46288
2049,128,2160,-1,-1,-1,-1,-1,-1,0,46.632896,0.441632,47.074528
2050,128,128,-1,-1,-1,-1,-1,13.107392,1,13.157088,0.425408,13.582496
2051,128,128,-1,-1,-1,-1,-1,13.097664,1,13.146208,0.43344,13.579648
2052,128,128,-1,-1,-1,-1,-1,12.926624,1,12.97808,0.413952,13.392032
2053,128,2159,-1,-1,-1,-1,-1,-1,0,45.673729,0.434688,46.108417
2054,128,128,-1,-1,-1,-1,-1,13.31104,1,13.363648,0.46032,13.823968
2055,128,2160,-1,-1,-1,-1,-1,-1,0,47.788418,0.440992,48.22941
2056,128,128,-1,-1,-1,-1,-1,13.275584,1,13.327424,0.43216,13.759584
2057,128,128,-1,-1,-1,-1,-1,13.240608,1,13.291232,0.449856,13.741088
2058,128,128,-1,-1,-1,-1,-1,13.180032,1,13.228992,0.418912,13.647904
2059,128,128,-1,-1,-1,-1,-1,12.891328,1,12.943136,0.418496,13.361632
2060,128,128,-1,-1,-1,-1,-1,12.778976,1,12.825152,0.399776,13.224928
2061,128,2160,-1,-1,-1,-1,-1,-1,0,45.092449,0.404224,45.496673
2062,128,128,-1,-1,-1,-1,-1,13.029152,1,13.075744,0.414912,13.490656
2063,128,128,-1,-1,-1,-1,-1,13.052384,1,13.097856,0.41936,13.517216
2064,128,128,-1,-1,-1,-1,-1,12.871328,1,12.916832,0.415104,13.331936
2065,128,2160,-1,-1,-1,-1,-1,-1,0,46.093983,0.415104,46.509087
2066,128,128,-1,-1,-1,-1,-1,13.24176,1,13.294368,0.42832,13.722688
2067,128,2160,-1,-1,-1,-1,-1,-1,0,46.35952,0.411328,46.770848
2068,128,128,-1,-1,-1,-1,-1,13.182048,1,13.230272,0.42784,13.658112
2069,128,128,-1,-1,-1,-1,-1,13.113952,1,13.161664,0.412864,13.574528
2070,128,2159,-1,-1,-1,-1,-1,-1,0,45.959679,0.440672,46.400351
2071,128,128,-1,-1,-1,-1,-1,13.227872,1,13.275776,0.448096,13.723872
2072,128,128,-1,-1,-1,-1,-1,13.295936,1,13.34752,0.430464,13.777984
2073,128,128,-1,-1,-1,-1,-1,13.06368,1,13.111072,0.419616,13.530688
2074,128,128,-1,-1,-1,-1,-1,13.066272,1,13.1144,0.429728,13.544128
2075,128,128,-1,-1,-1,-1,-1,13.070048,1,13.118432,0.422016,13.540448
2076,128,128,-1,-1,-1,-1,-1,13.12112,1,13.168608,0.409856,13.578464
2077,128,2160,-1,-1,-1,-1,-1,-1,0,47.401665,0.414368,47.816033
2078,128,128,-1,-1,-1,-1,-1,13.33632,1,13.386496,0.42432,13.810816
2079,128,128,-1,-1,-1,-1,-1,13.2584,1,13.31104,0.43696,13.748
2080,128,128,-1,-1,-1,-1,-1,13.247936,1,13.296288,0.415712,13.712
2081,128,128,-1,-1,-1,-1,-1,13.09968,1,13.1504,0.420512,13.570912
2082,128,128,-1,-1,-1,-1,-1,12.8016,1,12.851072,0.39824,13.249312
2083,128,128,-1,-1,-1,-1,-1,12.721216,1,12.772768,0.410976,13.183744
2084,128,128,-1,-1,-1,-1,-1,12.668704,1,12.713824,0.433568,13.147392
2085,128,128,-1,-1,-1,-1,-1,12.634336,1,12.681248,0.4048,13.086048
2086,128,2160,-1,-1,-1,-1,-1,-1,0,45.296864,0.436832,45.733696
2087,128,128,-1,-1,-1,-1,-1,13.334016,1,13.384768,0.429088,13.813856
2088,128,128,-1,-1,-1,-1,-1,13.346336,1,13.396832,0.434912,13.831744
2089,128,128,-1,-1,-1,-1,-1,13.252032,1,13.3016,0.407136,13.708736
2090,128,128,-1,-1,-1,-1,-1,13.042048,1,13.092448,0.433504,13.525952
2091,128,128,-1,-1,-1,-1,-1,13.007456,1,13.055456,0.413696,13.469152
2092,128,2160,-1,-1,-1,-1,-1,-1,0,46.624863,0.447904,47.072767
2093,128,2160,-1,-1,-1,-1,-1,-1,0,47.81155,0.417568,48.229118
2094,128,128,-1,-1,-1,-1,-1,13.377088,1,13.428064,0.427072,13.855136
2095,128,128,-1,-1,-1,-1,-1,13.380096,1,13.428192,0.424416,13.852608
2096,128,2160,-1,-1,-1,-1,-1,-1,0,46.127296,0.41888,46.546176
2097,128,128,-1,-1,-1,-1,-1,13.260544,1,13.305408,0.410464,13.715872
2098,128,128,-1,-1,-1,-1,-1,13.327488,1,13.37584,0.41776,13.7936
2099,128,128,-1,-1,-1,-1,-1,13.063456,1,13.10848,0.417312,13.525792
2100,128,128,-1,-1,-1,-1,-1,13.0712,1,13.117984,0.407168,13.525152
2101,128,128,-1,-1,-1,-1,-1,13.086912,1,13.133984,0.420736,13.55472
2102,128,128,-1,-1,-1,-1,-1,13.235584,1,13.285024,0.410912,13.695936
2103,128,128,-1,-1,-1,-1,-1,13.24,1,13.287648,0.419616,13.707264
2104,128,128,-1,-1,-1,-1,-1,13.194016,1,13.243776,0.405792,13.649568
2105,128,128,-1,-1,-1,-1,-1,13.04064,1,13.087872,0.419456,13.507328
2106,128,128,-1,-1,-1,-1,-1,13.0432,1,13.091904,0.406784,13.498688
2107,128,128,-1,-1,-1,-1,-1,13.05632,1,13.102976,0.420704,13.52368
2108,128,128,-1,-1,-1,-1,-1,13.116768,1,13.164064,0.425376,13.58944
2109,128,128,-1,-1,-1,-1,-1,13.140416,1,13.189728,0.402592,13.59232
2110,128,128,-1,-1,-1,-1,-1,13.153664,1,13.202144,0.414944,13.617088
2111,128,128,-1,-1,-1,-1,-1,13.189408,1,13.237408,0.421088,13.658496
2112,128,128,-1,-1,-1,-1,-1,13.208704,1,13.256064,0.417376,13.67344
2113,128,128,-1,-1,-1,-1,-1,13.162368,1,13.208864,0.40896,13.617824
2114,128,128,-1,-1,-1,-1,-1,12.924128,1,12.971072,0.404832,13.375904
2115,128,128,-1,-1,-1,-1,-1,13.001696,1,13.047776,0.421024,13.4688
2116,128,128,-1,-1,-1,-1,-1,13.038304,1,13.084768,0.412064,13.496832
2117,128,128,-1,-1,-1,-1,-1,12.85072,1,12.89664,0.3976,13.29424
2118,128,2160,-1,-1,-1,-1,-1,-1,0,45.832993,0.417024,46.250017
2119,128,128,-1,-1,-1,-1,-1,13.347456,1,13.395744,0.421696,13.81744
2120,128,128,-1,-1,-1,-1,-1,13.32112,1,13.368512,0.416256,13.784768
2121,128,128,-1,-1,-1,-1,-1,13.160032,1,13.207776,0.416096,13.623872
2122,128,128,-1,-1,-1,-1,-1,13.078144,1,13.124864,0.4152,13.540064
2123,128,2160,-1,-1,-1,-1,-1,-1,0,46.298367,0.41424,46.712607
2124,128,128,-1,-1,-1,-1,-1,13.330304,1,13.379872,0.427744,13.807616
2125,128,128,-1,-1,-1,-1,-1,13.342496,1,13.390304,0.42704,13.817344
2126,128,128,-1,-1,-1,-1,-1,13.248416,1,13.295552,0.40912,13.704672
2127,128,128,-1,-1,-1,-1,-1,13.166336,1,13.212544,0.401728,13.614272
2128,128,128,-1,-1,-1,-1,-1,12.9584,1,13.004448,0.41312,13.417568
2129,128,2160,-1,-1,-1,-1,-1,-1,0,45.616768,0.408448,46.025216
2130,128,2159,-1,-1,-1,-1,-1,-1,0,46.050529,0.419808,46.470337
2131,128,2160,-1,-1,-1,-1,-1,-1,0,48.771904,0.415008,49.186912
2132,128,128,-1,-1,-1,-1,-1,13.548416,1,13.596288,0.410272,14.00656
2133,128,128,-1,-1,-1,-1,-1,13.418048,1,13.466336,0.41136,13.877696
2134,128,128,-1,-1,-1,-1,-1,13.258848,1,13.305696,0.40928,13.714976
2135,128,128,-1,-1,-1,-1,-1,13.096288,1,13.14272,0.410784,13.553504
2136,128,128,-1,-1,-1,-1,-1,13.065504,1,13.110848,0.409856,13.520704
2137,128,128,-1,-1,-1,-1,-1,13.065088,1,13.109664,0.41488,13.524544
2138,128,128,-1,-1,-1,-1,-1,13.0584,1,13.102656,0.421024,13.52368
2139,128,128,-1,-1,-1,-1,-1,13.07088,1,13.115616,0.414112,13.529728
2140,128,128,-1,-1,-1,-1,-1,13.212,1,13.256256,0.416448,13.672704
2141,128,128,-1,-1,-1,-1,-1,13.259232,1,13.30528,0.41888,13.72416
2142,128,128,-1,-1,-1,-1,-1,13.149056,1,13.1952,0.403264,13.598464
2143,128,128,-1,-1,-1,-1,-1,13.099584,1,13.144864,0.420608,13.565472
2144,128,128,-1,-1,-1,-1,-1,13.233152,1,13.27952,0.414368,13.693888
2145,128,128,-1,-1,-1,-1,-1,13.233312,1,13.278464,0.405568,13.684032
2146,128,128,-1,-1,-1,-1,-1,13.232928,1,13.278304,0.410112,13.688416
2147,128,128,-1,-1,-1,-1,-1,13.186816,1,13.232768,0.40256,13.635328
2148,128,128,-1,-1,-1,-1,-1,13.102752,1,13.149216,0.416192,13.565408
2149,128,2160,-1,-1,-1,-1,-1,-1,0,45.955967,0.407168,46.363135
2150,128,2160,-1,-1,-1,-1,-1,-1,0,48.069248,0.42128,48.490528
2151,128,128,-1,-1,-1,-1,-1,13.855776,1,13.903744,0.42048,14.324224
2152,128,128,-1,-1,-1,-1,-1,13.474048,1,13.52288,0.408032,13.930912
2153,128,128,-1,-1,-1,-1,-1,13.33136,1,13.376896,0.406848,13.783744
2154,128,128,-1,-1,-1,-1,-1,13.228448,1,13.273184,0.417632,13.690816
2155,128,128,-1,-1,-1,-1,-1,13.15792,1,13.203648,0.402144,13.605792
2156,128,128,-1,-1,-1,-1,-1,13.16,1,13.204448,0.413888,13.618336
2157,128,2160,-1,-1,-1,-1,-1,-1,0,45.547329,0.40784,45.955169
2158,128,128,-1,-1,-1,-1,-1,13.384448,1,13.428992,0.410624,13.839616
2159,128,2160,-1,-1,-1,-1,-1,-1,0,47.706432,0.409952,48.116384
2160,128,2159,-1,-1,-1,-1,-1,-1,0,47.594879,0.41328,48.008159
2161,128,128,-1,-1,-1,-1,-1,13.500896,1,13.54784,0.411744,13.959584
2162,128,128,-1,-1,-1,-1,-1,13.375904,1,13.423648,0.408224,13.831872
2163,128,128,-1,-1,-1,-1,-1,13.333696,1,13.379904,0.421568,13.801472
2164,128,128,-1,-1,-1,-1,-1,13.162464,1,13.208128,0.416576,13.624704
2165,128,128,-1,-1,-1,-1,-1,12.983744,1,13.027616,0.406592,13.434208
2166,128,128,-1,-1,-1,-1,-1,12.978528,1,13.023776,0.398176,13.421952
2167,128,2160,-1,-1,-1,-1,-1,-1,0,46.200928,0.41696,46.617888
2168,128,2160,-1,-1,-1,-1,-1,-1,0,47.838497,0.410272,48.248769
2169,128,128,-1,-1,-1,-1,-1,13.520256,1,13.567808,0.422368,13.990176
2170,128,128,-1,-1,-1,-1,-1,13.3728,1,13.419872,0.403776,13.823648
2171,128,2160,-1,-1,-1,-1,-1,-1,0,46.001953,0.40416,46.406113
2172,128,6224,-1,-1,-1,-1,-1,-1,0,109.106979,0.432128,109.539107
2173,128,128,-1,-1,-1,-1,-1,14.250784,1,14.299456,0.450912,14.750368
2174,128,128,-1,-1,-1,-1,-1,13.623776,1,13.674816,0.426848,14.101664
2175,128,2160,-1,-1,-1,-1,-1,-1,0,46.330399,0.409312,46.739711
2176,128,2160,-1,-1,-1,-1,-1,-1,0,47.255424,0.408192,47.663617
2177,128,2160,-1,-1,-1,-1,-1,-1,0,47.80621,0.41024,48.21645
2178,128,128,-1,-1,-1,-1,-1,13.528352,1,13.575328,0.420544,13.995872
2179,128,128,-1,-1,-1,-1,-1,13.463264,1,13.509504,0.405856,13.91536
2180,128,128,-1,-1,-1,-1,-1,13.280192,1,13.325984,0.407456,13.73344
2181,128,128,-1,-1,-1,-1,-1,13.103168,1,13.148416,0.400768,13.549184
2182,128,128,-1,-1,-1,-1,-1,13.06928,1,13.113888,0.403104,13.516992
2183,128,4192,-1,-1,-1,-1,-1,-1,0,78.03907,0.43616,78.47523
2184,128,128,-1,-1,-1,-1,-1,14.476096,1,14.525952,0.444128,14.97008
2185,128,128,-1,-1,-1,-1,-1,14.092864,1,14.143232,0.43872,14.581952
2186,128,128,-1,-1,-1,-1,-1,13.685472,1,13.7352,0.415552,14.150752
2187,128,6192,-1,-1,-1,-1,-1,-1,0,109.159714,0.43648,109.596194
2188,128,2128,-1,-1,-1,-1,-1,-1,0,49.277794,0.41456,49.692354
2189,128,2160,-1,-1,-1,-1,-1,-1,0,47.965473,0.410528,48.376001
2190,128,2160,-1,-1,-1,-1,-1,-1,0,47.613312,0.410688,48.024
2191,128,128,-1,-1,-1,-1,-1,13.3872,1,13.43296,0.422784,13.855744
2192,128,4191,-1,-1,-1,-1,-1,-1,0,76.594719,0.433632,77.028351
2193,128,128,-1,-1,-1,-1,-1,14.040864,1,14.090112,0.424032,14.514144
2194,128,128,-1,-1,-1,-1,-1,13.837184,1,13.886432,0.41664,14.303072
2195,128,4192,-1,-1,-1,-1,-1,-1,0,74.971581,0.422144,75.393725
2196,128,4192,-1,-1,-1,-1,-1,-1,0,78.516861,0.42352,78.940381
2197,128,4192,-1,-1,-1,-1,-1,-1,0,79.573059,0.434048,80.007107
2198,128,128,-1,-1,-1,-1,-1,14.197728,1,14.247744,0.436704,14.684448
2199,128,2160,-1,-1,-1,-1,-1,-1,0,47.787647,0.407008,48.194655
2200,128,128,-1,-1,-1,-1,-1,13.336672,1,13.38464,0.409184,13.793824
2201,128,4192,-1,-1,-1,-1,-1,-1,0,75.894623,0.438592,76.333215
2202,128,128,-1,-1,-1,-1,-1,13.915968,1,13.964128,0.412896,14.377024
2203,128,128,-1,-1,-1,-1,-1,13.56112,1,13.61024,0.4136,14.02384
2204,128,128,-1,-1,-1,-1,-1,13.259936,1,13.306816,0.401568,13.708384
2205,128,2159,-1,-1,-1,-1,-1,-1,0,45.506046,0.403456,45.909502
2206,128,2159,-1,-1,-1,-1,-1,-1,0,47.992001,0.41568,48.407681
2207,128,128,-1,-1,-1,-1,-1,13.543936,1,13.591008,0.424352,14.01536
2208,128,128,-1,-1,-1,-1,-1,13.49488,1,13.54176,0.410304,13.952064
2209,128,4192,-1,-1,-1,-1,-1,-1,0,74.913795,0.430912,75.344707
2210,128,2160,-1,-1,-1,-1,-1,-1,0,50.181408,0.424128,50.605536
2211,128,2160,-1,-1,-1,-1,-1,-1,0,48.327263,0.41184,48.739103
2212,128,2160,-1,-1,-1,-1,-1,-1,0,47.515202,0.412416,47.927618
2213,128,2159,-1,-1,-1,-1,-1,-1,0,47.199871,0.408672,47.608543
2214,128,2160,-1,-1,-1,-1,-1,-1,0,47.133377,0.41056,47.543937
2215,128,128,-1,-1,-1,-1,-1,13.418912,1,13.464832,0.40864,13.873472
2216,128,2160,-1,-1,-1,-1,-1,-1,0,46.538368,0.410016,46.948384
2217,128,4192,-1,-1,-1,-1,-1,-1,0,76.487076,0.417472,76.904548
2218,128,128,-1,-1,-1,-1,-1,13.718368,1,13.76528,0.417344,14.182624
2219,128,2159,-1,-1,-1,-1,-1,-1,0,47.894463,0.40704,48.301503
2220,128,4191,-1,-1,-1,-1,-1,-1,0,75.901855,0.411616,76.313471
2221,128,128,-1,-1,-1,-1,-1,13.502208,1,13.548192,0.43744,13.985632
2222,128,2160,-1,-1,-1,-1,-1,-1,0,48.17683,0.410368,48.587198
2223,128,128,-1,-1,-1,-1,-1,13.283264,1,13.329056,0.41552,13.744576
2224,128,128,-1,-1,-1,-1,-1,13.240224,1,13.28848,0.407968,13.696448
2225,128,4191,-1,-1,-1,-1,-1,-1,0,75.845695,0.41072,76.256415
2226,128,4095,-1,-1,-1,-1,-1,-1,0,72.621407,0.420768,73.042175
2227,128,4192,-1,-1,-1,-1,-1,-1,0,80.164352,0.417536,80.581888
2228,128,4192,-1,-1,-1,-1,-1,-1,0,76.412766,0.425504,76.83827
2229,128,4192,-1,-1,-1,-1,-1,-1,0,77.476288,0.411776,77.888064
2230,128,128,-1,-1,-1,-1,-1,13.384,1,13.431072,0.42272,13.853792
2231,128,2160,-1,-1,-1,-1,-1,-1,0,46.757343,0.41312,47.170463
2232,128,6222,-1,-1,-1,-1,-1,-1,0,110.177696,0.432672,110.610368
2233,128,4191,-1,-1,-1,-1,-1,-1,0,79.62989,0.411136,80.041026
2234,128,128,-1,-1,-1,-1,-1,13.40272,1,13.450304,0.413824,13.864128
2235,128,2159,-1,-1,-1,-1,-1,-1,0,46.84531,0.40944,47.25475
2236,128,128,-1,-1,-1,-1,-1,13.259456,1,13.307264,0.412192,13.719456
2237,128,128,-1,-1,-1,-1,-1,13.324832,1,13.372384,0.4096,13.781984
2238,128,128,-1,-1,-1,-1,-1,13.141984,1,13.186208,0.421312,13.60752
2239,128,128,-1,-1,-1,-1,-1,12.896416,1,12.94048,0.398848,13.339328
2240,128,128,-1,-1,-1,-1,-1,12.80336,1,12.850208,0.39344,13.243648
2241,128,4190,-1,-1,-1,-1,-1,-1,0,73.253662,0.409152,73.662814
2242,128,2159,-1,-1,-1,-1,-1,-1,0,49.33149,0.41728,49.74877
2243,128,4192,-1,-1,-1,-1,-1,-1,0,76.746498,0.412736,77.159234
2244,128,4191,-1,-1,-1,-1,-1,-1,0,77.343361,0.418496,77.761857
2245,128,128,-1,-1,-1,-1,-1,13.399776,1,13.449056,0.422144,13.8712
2246,128,2160,-1,-1,-1,-1,-1,-1,0,46.303616,0.409152,46.712768
2247,128,6224,-1,-1,-1,-1,-1,-1,0,110.015388,0.42672,110.442108
2248,128,2160,-1,-1,-1,-1,-1,-1,0,49.397793,0.413536,49.811329
2249,128,128,-1,-1,-1,-1,-1,13.420416,1,13.46784,0.412128,13.879968
2250,128,2160,-1,-1,-1,-1,-1,-1,0,46.899841,0.41168,47.311521
2251,128,128,-1,-1,-1,-1,-1,13.198528,1,13.244864,0.407008,13.651872
2252,128,2160,-1,-1,-1,-1,-1,-1,0,46.925568,0.41408,47.339648
2253,128,2160,-1,-1,-1,-1,-1,-1,0,47.849121,0.415232,48.264353
2254,128,128,-1,-1,-1,-1,-1,13.357536,1,13.403968,0.423584,13.827552
2255,128,4192,-1,-1,-1,-1,-1,-1,0,75.618111,0.41152,76.029631
2256,128,128,-1,-1,-1,-1,-1,13.375648,1,13.423456,0.422816,13.846272
2257,128,128,-1,-1,-1,-1,-1,13.35312,1,13.401024,0.423168,13.824192
2258,128,4191,-1,-1,-1,-1,-1,-1,0,77.56778,0.421472,77.989252
2259,128,128,-1,-1,-1,-1,-1,13.62496,1,13.673504,0.412224,14.085728
2260,128,4176,-1,-1,-1,-1,-1,-1,0,76.279457,0.41808,76.697537
2261,128,128,-1,-1,-1,-1,-1,13.363872,1,13.412576,0.42544,13.838016
2262,128,4192,-1,-1,-1,-1,-1,-1,0,75.586174,0.440576,76.02675
2263,128,4192,-1,-1,-1,-1,-1,-1,0,78.183647,0.409504,78.593151
2264,128,128,-1,-1,-1,-1,-1,13.199232,1,13.246208,0.405184,13.651392
2265,128,2160,-1,-1,-1,-1,-1,-1,0,46.719231,0.40736,47.126591
2266,128,128,-1,-1,-1,-1,-1,13.170496,1,13.217952,0.420672,13.638624
2267,128,2160,-1,-1,-1,-1,-1,-1,0,46.109695,0.404992,46.514687
2268,128,4192,-1,-1,-1,-1,-1,-1,0,76.104477,0.411968,76.516445
2269,128,128,-1,-1,-1,-1,-1,13.223136,1,13.27024,0.420512,13.690752
2270,128,128,-1,-1,-1,-1,-1,13.202976,1,13.248128,0.40464,13.652768
2271,128,128,-1,-1,-1,-1,-1,12.990976,1,13.036512,0.398912,13.435424
2272,128,4192,-1,-1,-1,-1,-1,-1,0,76.022049,0.431808,76.453857
2273,128,128,-1,-1,-1,-1,-1,14.055264,1,14.104224,0.447456,14.55168
2274,128,4192,-1,-1,-1,-1,-1,-1,0,77.661247,0.428416,78.089663
2275,128,4190,-1,-1,-1,-1,-1,-1,0,76.363167,0.423872,76.787039
2276,128,128,-1,-1,-1,-1,-1,13.215104,1,13.263168,0.408,13.671168
2277,128,2160,-1,-1,-1,-1,-1,-1,0,46.834846,0.424064,47.258911
2278,128,128,-1,-1,-1,-1,-1,13.165376,1,13.212512,0.420128,13.63264
2279,128,4192,-1,-1,-1,-1,-1,-1,0,75.503487,0.431872,75.935359
2280,128,2160,-1,-1,-1,-1,-1,-1,0,48.691425,0.415968,49.107393
2281,128,128,-1,-1,-1,-1,-1,13.297984,1,13.344896,0.408032,13.752928
2282,128,2160,-1,-1,-1,-1,-1,-1,0,47.115807,0.40848,47.524287
2283,128,2160,-1,-1,-1,-1,-1,-1,0,46.180126,0.404992,46.585118
2284,128,2160,-1,-1,-1,-1,-1,-1,0,47.304222,0.423296,47.727518
2285,128,128,-1,-1,-1,-1,-1,13.53904,1,13.5872,0.411488,13.998688
2286,128,128,-1,-1,-1,-1,-1,13.279392,1,13.32752,0.425152,13.752672
2287,128,128,-1,-1,-1,-1,-1,13.020384,1,13.065664,0.413728,13.479392
2288,128,128,-1,-1,-1,-1,-1,12.85632,1,12.90224,0.407936,13.310176
2289,128,128,-1,-1,-1,-1,-1,12.636096,1,12.679392,0.396896,13.076288
2290,128,128,-1,-1,-1,-1,-1,12.647392,1,12.691072,0.40576,13.096832
2291,128,4192,-1,-1,-1,-1,-1,-1,0,75.964317,0.432064,76.396381
2292,128,2160,-1,-1,-1,-1,-1,-1,0,49.406975,0.413344,49.820319
2293,128,128,-1,-1,-1,-1,-1,13.165248,1,13.21152,0.42032,13.63184
2294,128,128,-1,-1,-1,-1,-1,13.068768,1,13.116768,0.409056,13.525824
2295,128,2160,-1,-1,-1,-1,-1,-1,0,45.184223,0.39904,45.583263
2296,128,128,-1,-1,-1,-1,-1,13.005056,1,13.0496,0.405248,13.454848
2297,128,128,-1,-1,-1,-1,-1,12.911456,1,12.957056,0.4016,13.358656
2298,128,2160,-1,-1,-1,-1,-1,-1,0,45.554367,0.407488,45.961855
2299,128,128,-1,-1,-1,-1,-1,13.144992,1,13.191936,0.425952,13.617888
2300,128,128,-1,-1,-1,-1,-1,13.154688,1,13.201824,0.409088,13.610912
2301,128,128,-1,-1,-1,-1,-1,13.17376,1,13.22016,0.4024,13.62256
2302,128,128,-1,-1,-1,-1,-1,12.994208,1,13.038912,0.415136,13.454048
2303,128,128,-1,-1,-1,-1,-1,12.851424,1,12.896896,0.415296,13.312192
2304,128,128,-1,-1,-1,-1,-1,12.73408,1,12.779904,0.40752,13.187424
2305,128,128,-1,-1,-1,-1,-1,12.641824,1,12.685248,0.400128,13.085376
2306,128,128,-1,-1,-1,-1,-1,12.664736,1,12.70864,0.412448,13.121088
2307,128,128,-1,-1,-1,-1,-1,12.67312,1,12.718272,0.413504,13.131776
2308,128,128,-1,-1,-1,-1,-1,12.666496,1,12.711616,0.397664,13.10928
2309,128,128,-1,-1,-1,-1,-1,12.645376,1,12.689056,0.400576,13.089632
2310,128,128,-1,-1,-1,-1,-1,12.659904,1,12.70336,0.405024,13.108384
2311,128,128,-1,-1,-1,-1,-1,12.665984,1,12.711104,0.40176,13.112864
2312,128,128,-1,-1,-1,-1,-1,12.67376,1,12.717952,0.407296,13.125248
2313,128,2160,-1,-1,-1,-1,-1,-1,0,45.549438,0.412544,45.961982
2314,128,128,-1,-1,-1,-1,-1,13.270752,1,13.318656,0.428128,13.746784
2315,128,128,-1,-1,-1,-1,-1,13.35344,1,13.399584,0.414624,13.814208
2316,128,128,-1,-1,-1,-1,-1,13.121088,1,13.168,0.414944,13.582944
2317,128,128,-1,-1,-1,-1,-1,13.045216,1,13.091008,0.417728,13.508736
2318,128,128,-1,-1,-1,-1,-1,12.971424,1,13.017376,0.410944,13.42832
2319,128,128,-1,-1,-1,-1,-1,12.73792,1,12.781792,0.411392,13.193184
2320,128,128,-1,-1,-1,-1,-1,12.760992,1,12.805984,0.408928,13.214912
2321,128,128,-1,-1,-1,-1,-1,12.698208,1,12.744224,0.407552,13.151776
2322,128,128,-1,-1,-1,-1,-1,12.645696,1,12.689888,0.406592,13.09648
2323,128,2160,-1,-1,-1,-1,-1,-1,0,45.831966,0.412256,46.244222
2324,128,128,-1,-1,-1,-1,-1,13.398112,1,13.44512,0.413952,13.859072
2325,128,2160,-1,-1,-1,-1,-1,-1,0,47.841408,0.414144,48.255552
2326,128,2160,-1,-1,-1,-1,-1,-1,0,47.682751,0.413536,48.096287
2327,128,128,-1,-1,-1,-1,-1,13.329344,1,13.376864,0.421664,13.798528
2328,128,128,-1,-1,-1,-1,-1,13.356704,1,13.403296,0.411776,13.815072
2329,128,128,-1,-1,-1,-1,-1,13.208928,1,13.255104,0.406304,13.661408
2330,128,128,-1,-1,-1,-1,-1,13.077792,1,13.122528,0.403104,13.525632
2331,128,2160,-1,-1,-1,-1,-1,-1,0,46.267776,0.412864,46.68064
2332,128,128,-1,-1,-1,-1,-1,13.336928,1,13.382624,0.411456,13.79408
2333,128,4192,-1,-1,-1,-1,-1,-1,0,76.147011,0.411968,76.558979
2334,128,128,-1,-1,-1,-1,-1,13.385536,1,13.433152,0.408896,13.842048
2335,128,128,-1,-1,-1,-1,-1,13.405024,1,13.452512,0.427456,13.879968
2336,128,128,-1,-1,-1,-1,-1,13.240704,1,13.289888,0.414336,13.704224
2337,128,128,-1,-1,-1,-1,-1,13.116704,1,13.161248,0.402528,13.563776
2338,128,128,-1,-1,-1,-1,-1,12.908064,1,12.95328,0.407456,13.360736
2339,128,128,-1,-1,-1,-1,-1,12.80144,1,12.845504,0.413344,13.258848
2340,128,128,-1,-1,-1,-1,-1,12.768576,1,12.812704,0.399552,13.212256
2341,128,128,-1,-1,-1,-1,-1,12.735296,1,12.779648,0.408608,13.188256
2342,128,128,-1,-1,-1,-1,-1,12.709056,1,12.752832,0.396288,13.14912
2343,128,128,-1,-1,-1,-1,-1,12.698336,1,12.743392,0.403616,13.147008
2344,128,2160,-1,-1,-1,-1,-1,-1,0,45.466946,0.414624,45.88157
2345,128,128,-1,-1,-1,-1,-1,13.38208,1,13.429568,0.410432,13.84
2346,128,128,-1,-1,-1,-1,-1,13.335616,1,13.384288,0.419232,13.80352
2347,128,128,-1,-1,-1,-1,-1,13.28528,1,13.33104,0.409216,13.740256
2348,128,128,-1,-1,-1,-1,-1,13.253952,1,13.300928,0.418048,13.718976
2349,128,128,-1,-1,-1,-1,-1,13.016544,1,13.060768,0.416128,13.476896
2350,128,128,-1,-1,-1,-1,-1,12.9496,1,12.994368,0.413664,13.408032
2351,128,128,-1,-1,-1,-1,-1,12.89616,1,12.942016,0.398432,13.340448
2352,128,128,-1,-1,-1,-1,-1,12.826624,1,12.87152,0.396576,13.268096
2353,128,128,-1,-1,-1,-1,-1,12.805376,1,12.850304,0.405984,13.256288
2354,128,128,-1,-1,-1,-1,-1,12.773888,1,12.817344,0.411264,13.228608
2355,128,128,-1,-1,-1,-1,-1,12.783072,1,12.828352,0.40896,13.237312
2356,128,128,-1,-1,-1,-1,-1,12.783808,1,12.827392,0.396128,13.22352
2357,128,128,-1,-1,-1,-1,-1,12.828992,1,12.874304,0.398272,13.272576
2358,128,2159,-1,-1,-1,-1,-1,-1,0,45.090561,0.410016,45.500577
2359,128,128,-1,-1,-1,-1,-1,13.325856,1,13.372544,0.4112,13.783744
2360,128,128,-1,-1,-1,-1,-1,13.335104,1,13.38192,0.416832,13.798752
2361,128,2160,-1,-1,-1,-1,-1,-1,0,46.661663,0.41376,47.075423
2362,128,2160,-1,-1,-1,-1,-1,-1,0,47.81715,0.41376,48.23091
2363,128,128,-1,-1,-1,-1,-1,13.461344,1,13.508352,0.414144,13.922496
2364,128,128,-1,-1,-1,-1,-1,13.271552,1,13.319168,0.414112,13.73328
2365,128,128,-1,-1,-1,-1,-1,13.121024,1,13.167552,0.40192,13.569472
2366,128,128,-1,-1,-1,-1,-1,12.977184,1,13.020992,0.410784,13.431776
2367,128,128,-1,-1,-1,-1,-1,12.759424,1,12.803552,0.410176,13.213728
2368,128,128,-1,-1,-1,-1,-1,12.730464,1,12.77472,0.406208,13.180928
2369,128,128,-1,-1,-1,-1,-1,12.7072,1,12.752032,0.410976,13.163008
2370,128,128,-1,-1,-1,-1,-1,12.711584,1,12.756096,0.3944,13.150496
2371,128,128,-1,-1,-1,-1,-1,12.751552,1,12.796032,0.400608,13.19664
2372,128,128,-1,-1,-1,-1,-1,12.804672,1,12.847872,0.412032,13.259904
2373,128,2160,-1,-1,-1,-1,-1,-1,0,45.86499,0.415424,46.280414
2374,128,128,-1,-1,-1,-1,-1,13.566016,1,13.614848,0.413888,14.028736
2375,128,2159,-1,-1,-1,-1,-1,-1,0,48.076351,0.414848,48.491199
2376,128,128,-1,-1,-1,-1,-1,13.522336,1,13.570752,0.410272,13.981024
2377,128,2160,-1,-1,-1,-1,-1,-1,0,47.126625,0.413472,47.540097
2378,128,128,-1,-1,-1,-1,-1,13.325536,1,13.373312,0.405792,13.779104
2379,128,128,-1,-1,-1,-1,-1,13.267616,1,13.312832,0.419072,13.731904
2380,128,128,-1,-1,-1,-1,-1,13.22128,1,13.266624,0.413952,13.680576
2381,128,128,-1,-1,-1,-1,-1,13.146656,1,13.191648,0.412192,13.60384
2382,128,128,-1,-1,-1,-1,-1,12.988672,1,13.033216,0.410976,13.444192
2383,128,4192,-1,-1,-1,-1,-1,-1,0,76.026817,0.433792,76.460609
2384,128,128,-1,-1,-1,-1,-1,14.217376,1,14.267936,0.4304,14.698336
2385,128,2160,-1,-1,-1,-1,-1,-1,0,48.877087,0.408768,49.285855
2386,128,128,-1,-1,-1,-1,-1,13.375456,1,13.422208,0.419328,13.841536
2387,128,128,-1,-1,-1,-1,-1,13.311392,1,13.356608,0.409856,13.766464
2388,128,2160,-1,-1,-1,-1,-1,-1,0,46.133408,0.407168,46.540576
2389,128,128,-1,-1,-1,-1,-1,13.285952,1,13.330496,0.404832,13.735328
2390,128,128,-1,-1,-1,-1,-1,13.307328,1,13.353184,0.424064,13.777248
2391,128,128,-1,-1,-1,-1,-1,13.224736,1,13.271456,0.404288,13.675744
2392,128,128,-1,-1,-1,-1,-1,13.170784,1,13.217216,0.411968,13.629184
2393,128,128,-1,-1,-1,-1,-1,13.110848,1,13.155488,0.400192,13.55568
2394,128,128,-1,-1,-1,-1,-1,13.112864,1,13.159392,0.411392,13.570784
2395,128,128,-1,-1,-1,-1,-1,13.131168,1,13.176544,0.400416,13.57696
2396,128,128,-1,-1,-1,-1,-1,13.15456,1,13.199776,0.411744,13.61152
2397,128,128,-1,-1,-1,-1,-1,13.092064,1,13.136064,0.399168,13.535232
2398,128,128,-1,-1,-1,-1,-1,12.893184,1,12.937664,0.409984,13.347648
2399,128,128,-1,-1,-1,-1,-1,12.835008,1,12.879488,0.410368,13.289856
2400,128,128,-1,-1,-1,-1,-1,12.808768,1,12.85584,0.393856,13.249696
2401,128,128,-1,-1,-1,-1,-1,12.787488,1,12.83104,0.409632,13.240672
2402,128,128,-1,-1,-1,-1,-1,12.781696,1,12.82496,0.405024,13.229984
2403,128,128,-1,-1,-1,-1,-1,12.846688,1,12.890944,0.40528,13.296224
2404,128,128,-1,-1,-1,-1,-1,12.825504,1,12.86912,0.392288,13.261408
2405,128,2160,-1,-1,-1,-1,-1,-1,0,46.39027,0.413568,46.803838
2406,128,2144,-1,-1,-1,-1,-1,-1,0,48.810753,0.420512,49.231265
2407,128,128,-1,-1,-1,-1,-1,13.6008,1,13.647968,0.42464,14.072608
2408,128,4192,-1,-1,-1,-1,-1,-1,0,76.377411,0.412192,76.789603
2409,128,128,-1,-1,-1,-1,-1,13.509536,1,13.555232,0.424192,13.979424
2410,128,2159,-1,-1,-1,-1,-1,-1,0,47.381344,0.409536,47.79088
2411,128,2160,-1,-1,-1,-1,-1,-1,0,47.347328,0.4112,47.758528
2412,128,2144,-1,-1,-1,-1,-1,-1,0,47.557983,0.406272,47.964255
2413,128,128,-1,-1,-1,-1,-1,13.457696,1,13.504064,0.421664,13.925728
2414,128,128,-1,-1,-1,-1,-1,13.522016,1,13.568768,0.410144,13.978912
2415,128,2160,-1,-1,-1,-1,-1,-1,0,46.718784,0.4168,47.135584
2416,128,128,-1,-1,-1,-1,-1,13.517664,1,13.565248,0.423584,13.988832
2417,128,2160,-1,-1,-1,-1,-1,-1,0,47.603199,0.411712,48.014911
2418,128,128,-1,-1,-1,-1,-1,13.415296,1,13.462976,0.408864,13.87184
2419,128,128,-1,-1,-1,-1,-1,13.412256,1,13.45856,0.4048,13.86336
2420,128,2159,-1,-1,-1,-1,-1,-1,0,45.993439,0.414112,46.407551
2421,128,128,-1,-1,-1,-1,-1,13.554944,1,13.601184,0.412096,14.01328
2422,128,4192,-1,-1,-1,-1,-1,-1,0,76.738174,0.419936,77.15811
2423,128,2160,-1,-1,-1,-1,-1,-1,0,51.250881,0.432576,51.683457
2424,128,4191,-1,-1,-1,-1,-1,-1,0,76.624191,0.413152,77.037343
2425,128,128,-1,-1,-1,-1,-1,13.571296,1,13.619264,0.426848,14.046112
2426,128,2160,-1,-1,-1,-1,-1,-1,0,47.689087,0.409152,48.098239
2427,128,2160,-1,-1,-1,-1,-1,-1,0,46.89341,0.411264,47.304674
2428,128,128,-1,-1,-1,-1,-1,13.35168,1,13.399168,0.410176,13.809344
2429,128,128,-1,-1,-1,-1,-1,13.328704,1,13.374048,0.40512,13.779168
2430,128,128,-1,-1,-1,-1,-1,13.140768,1,13.185472,0.412992,13.598464
2431,128,2160,-1,-1,-1,-1,-1,-1,0,45.662048,0.404192,46.06624
2432,128,128,-1,-1,-1,-1,-1,13.390816,1,13.438496,0.40928,13.847776
2433,128,4192,-1,-1,-1,-1,-1,-1,0,76.301376,0.426528,76.727904
2434,128,2160,-1,-1,-1,-1,-1,-1,0,49.190464,0.411008,49.601472
2435,128,2160,-1,-1,-1,-1,-1,-1,0,47.171841,0.408992,47.580833
2436,128,2160,-1,-1,-1,-1,-1,-1,0,46.747551,0.4112,47.158751
2437,128,128,-1,-1,-1,-1,-1,13.35888,1,13.40544,0.409312,13.814752
2438,128,128,-1,-1,-1,-1,-1,13.335776,1,13.38192,0.40272,13.78464
2439,128,2160,-1,-1,-1,-1,-1,-1,0,46.190018,0.408352,46.59837
2440,128,2160,-1,-1,-1,-1,-1,-1,0,46.917217,0.418304,47.335521
2441,128,128,-1,-1,-1,-1,-1,13.471328,1,13.517568,0.427232,13.9448
2442,128,8255,-1,-1,-1,-1,-1,-1,0,143.139679,0.432736,143.572415
2443,128,4192,-1,-1,-1,-1,-1,-1,0,80.968544,0.43264,81.401184
2444,128,128,-1,-1,-1,-1,-1,13.935744,1,13.985248,0.420544,14.405792
2445,128,128,-1,-1,-1,-1,-1,13.806784,1,13.85552,0.433824,14.289344
2446,128,128,-1,-1,-1,-1,-1,13.480256,1,13.527296,0.418848,13.946144
2447,128,128,-1,-1,-1,-1,-1,13.182112,1,13.227584,0.41728,13.644864
2448,128,2160,-1,-1,-1,-1,-1,-1,0,45.750656,0.403424,46.15408
2449,128,2160,-1,-1,-1,-1,-1,-1,0,48.014912,0.414048,48.42896
2450,128,2160,-1,-1,-1,-1,-1,-1,0,47.939487,0.414528,48.354015
2451,128,128,-1,-1,-1,-1,-1,13.37968,1,13.426304,0.409664,13.835968
2452,128,2160,-1,-1,-1,-1,-1,-1,0,47.068703,0.411648,47.480351
2453,128,128,-1,-1,-1,-1,-1,13.356384,1,13.403168,0.40832,13.811488
2454,128,128,-1,-1,-1,-1,-1,13.356096,1,13.4024,0.417824,13.820224
2455,128,128,-1,-1,-1,-1,-1,13.201728,1,13.2488,0.401632,13.650432
2456,128,2160,-1,-1,-1,-1,-1,-1,0,45.851585,0.409664,46.261249
2457,128,6224,-1,-1,-1,-1,-1,-1,0,110.487587,0.426272,110.913859
2458,128,128,-1,-1,-1,-1,-1,13.832768,1,13.88144,0.430336,14.311776
2459,128,2160,-1,-1,-1,-1,-1,-1,0,47.222431,0.412864,47.635295
2460,128,128,-1,-1,-1,-1,-1,13.317088,1,13.3712,0.419168,13.790368
2461,128,128,-1,-1,-1,-1,-1,13.303072,1,13.348928,0.420672,13.7696
2462,128,2160,-1,-1,-1,-1,-1,-1,0,46.184063,0.4144,46.598463
2463,128,6223,-1,-1,-1,-1,-1,-1,0,109.405533,0.424128,109.829661
2464,128,128,-1,-1,-1,-1,-1,13.8856,1,13.933408,0.43424,14.367648
2465,128,2128,-1,-1,-1,-1,-1,-1,0,47.111744,0.406368,47.518112
2466,128,2160,-1,-1,-1,-1,-1,-1,0,46.667423,0.412704,47.080127
2467,128,128,-1,-1,-1,-1,-1,13.337632,1,13.38384,0.419648,13.803488
2468,128,4192,-1,-1,-1,-1,-1,-1,0,77.330788,0.415968,77.746756
2469,128,2160,-1,-1,-1,-1,-1,-1,0,48.835968,0.418688,49.254656
2470,128,2160,-1,-1,-1,-1,-1,-1,0,48.390945,0.41504,48.805985
2471,128,128,-1,-1,-1,-1,-1,13.438816,1,13.486688,0.420288,13.906976
2472,128,4191,-1,-1,-1,-1,-1,-1,0,76.692223,0.438208,77.130431
2473,128,2160,-1,-1,-1,-1,-1,-1,0,50.223423,0.411296,50.634719
2474,128,2160,-1,-1,-1,-1,-1,-1,0,47.673023,0.411456,48.084479
2475,128,2160,-1,-1,-1,-1,-1,-1,0,46.897793,0.407584,47.305377
2476,128,2160,-1,-1,-1,-1,-1,-1,0,46.419361,0.410592,46.829953
2477,128,4192,-1,-1,-1,-1,-1,-1,0,76.716866,0.424064,77.14093
2478,128,128,-1,-1,-1,-1,-1,13.75456,1,13.802624,0.429248,14.231872
2479,128,128,-1,-1,-1,-1,-1,13.513376,1,13.561184,0.41056,13.971744
2480,128,128,-1,-1,-1,-1,-1,13.29712,1,13.342176,0.413696,13.755872
2481,128,2160,-1,-1,-1,-1,-1,-1,0,46.006176,0.414272,46.420448
2482,128,2160,-1,-1,-1,-1,-1,-1,0,46.853504,0.409408,47.262912
2483,128,6223,-1,-1,-1,-1,-1,-1,0,107.583038,0.432192,108.01523
2484,128,128,-1,-1,-1,-1,-1,14.056256,1,14.104992,0.434432,14.539424
2485,128,2160,-1,-1,-1,-1,-1,-1,0,48.102112,0.406272,48.508384
2486,128,128,-1,-1,-1,-1,-1,13.220096,1,13.265856,0.412672,13.678528
2487,128,128,-1,-1,-1,-1,-1,13.100768,1,13.146208,0.41056,13.556768
2488,128,128,-1,-1,-1,-1,-1,12.960096,1,13.004576,0.396256,13.400832
2489,128,4192,-1,-1,-1,-1,-1,-1,0,74.126144,0.430592,74.556736
2490,128,6223,-1,-1,-1,-1,-1,-1,0,112.187683,0.433024,112.620707
2491,128,2144,-1,-1,-1,-1,-1,-1,0,50.897282,0.412896,51.310178
2492,128,4192,-1,-1,-1,-1,-1,-1,0,76.333954,0.417408,76.751362
2493,128,128,-1,-1,-1,-1,-1,13.576768,1,13.623136,0.425696,14.048832
2494,128,128,-1,-1,-1,-1,-1,13.445376,1,13.493568,0.410176,13.903744
2495,128,128,-1,-1,-1,-1,-1,13.242752,1,13.289184,0.401536,13.69072
2496,128,128,-1,-1,-1,-1,-1,13.011136,1,13.055264,0.406048,13.461312
2497,128,2160,-1,-1,-1,-1,-1,-1,0,45.829632,0.408896,46.238528
2498,128,2160,-1,-1,-1,-1,-1,-1,0,47.069313,0.413248,47.482561
2499,128,2160,-1,-1,-1,-1,-1,-1,0,47.382561,0.41024,47.792801
2500,128,128,-1,-1,-1,-1,-1,13.28016,1,13.326816,0.421504,13.74832
2501,128,128,-1,-1,-1,-1,-1,13.247392,1,13.2936,0.419264,13.712864
2502,128,128,-1,-1,-1,-1,-1,13.19168,1,13.238272,0.419712,13.657984
2503,128,128,-1,-1,-1,-1,-1,12.878176,1,12.924032,0.411296,13.335328
2504,128,128,-1,-1,-1,-1,-1,12.778912,1,12.823904,0.39712,13.221024
2505,128,2159,-1,-1,-1,-1,-1,-1,0,44.767681,0.40992,45.177601
2506,128,4192,-1,-1,-1,-1,-1,-1,0,79.146851,0.437504,79.584355
2507,128,128,-1,-1,-1,-1,-1,14.166016,1,14.215104,0.444704,14.659808
2508,128,128,-1,-1,-1,-1,-1,13.940064,1,13.990048,0.416288,14.406336
2509,128,128,-1,-1,-1,-1,-1,13.132192,1,13.177472,0.40352,13.580992
2510,128,6208,-1,-1,-1,-1,-1,-1,0,104.395714,0.42816,104.823874
2511,128,4192,-1,-1,-1,-1,-1,-1,0,77.427231,0.410432,77.837663
2512,128,128,-1,-1,-1,-1,-1,13.5632,1,13.610624,0.417408,14.028032
2513,128,128,-1,-1,-1,-1,-1,13.441408,1,13.488832,0.408032,13.896864
2514,128,128,-1,-1,-1,-1,-1,13.152928,1,13.198368,0.417152,13.61552
2515,128,128,-1,-1,-1,-1,-1,12.869984,1,12.91744,0.411616,13.329056
2516,128,2160,-1,-1,-1,-1,-1,-1,0,45.347458,0.404928,45.752386
2517,128,2160,-1,-1,-1,-1,-1,-1,0,47.18259,0.417152,47.599742
2518,128,128,-1,-1,-1,-1,-1,13.411072,1,13.45904,0.42672,13.88576
2519,128,2159,-1,-1,-1,-1,-1,-1,0,47.64352,0.42816,48.07168
2520,128,2128,-1,-1,-1,-1,-1,-1,0,47.329376,0.412256,47.741632
2521,128,128,-1,-1,-1,-1,-1,13.404384,1,13.450528,0.41104,13.861568
2522,128,4191,-1,-1,-1,-1,-1,-1,0,77.849953,0.410592,78.260545
2523,128,128,-1,-1,-1,-1,-1,13.22352,1,13.271072,0.41504,13.686112
2524,128,128,-1,-1,-1,-1,-1,13.008352,1,13.053376,0.403744,13.45712
2525,128,8255,-1,-1,-1,-1,-1,-1,0,140.992416,0.434784,141.4272
2526,128,128,-1,-1,-1,-1,-1,14.043584,1,14.092704,0.43408,14.526784
2527,128,2160,-1,-1,-1,-1,-1,-1,0,47.262623,0.407552,47.670175
2528,128,128,-1,-1,-1,-1,-1,13.101088,1,13.147264,0.405824,13.553088
2529,128,2159,-1,-1,-1,-1,-1,-1,0,45.669407,0.411968,46.081375
2530,128,128,-1,-1,-1,-1,-1,13.159456,1,13.20656,0.41168,13.61824
2531,128,2159,-1,-1,-1,-1,-1,-1,0,46.430882,0.410816,46.841698
2532,128,4192,-1,-1,-1,-1,-1,-1,0,76.890495,0.413504,77.303999
2533,128,6224,-1,-1,-1,-1,-1,-1,0,110.437469,0.437696,110.875165
2534,128,2160,-1,-1,-1,-1,-1,-1,0,49.301632,0.414304,49.715936
2535,128,128,-1,-1,-1,-1,-1,13.277056,1,13.323584,0.425184,13.748768
2536,128,128,-1,-1,-1,-1,-1,13.175456,1,13.222016,0.402048,13.624064
2537,128,2159,-1,-1,-1,-1,-1,-1,0,45.250977,0.407552,45.658529
2538,128,4192,-1,-1,-1,-1,-1,-1,0,77.728989,0.427808,78.156797
2539,128,128,-1,-1,-1,-1,-1,13.917216,1,13.966336,0.432352,14.398688
2540,128,2160,-1,-1,-1,-1,-1,-1,0,48.081154,0.411776,48.49293
2541,128,2160,-1,-1,-1,-1,-1,-1,0,46.919327,0.41088,47.330207
2542,128,128,-1,-1,-1,-1,-1,13.285792,1,13.333536,0.417824,13.75136
2543,128,2096,-1,-1,-1,-1,-1,-1,0,46.495422,0.416448,46.91187
2544,128,128,-1,-1,-1,-1,-1,13.35728,1,13.405312,0.41776,13.823072
2545,128,2160,-1,-1,-1,-1,-1,-1,0,47.385887,0.412,47.797887
2546,128,128,-1,-1,-1,-1,-1,13.176512,1,13.222304,0.423776,13.64608
2547,128,128,-1,-1,-1,-1,-1,13.188704,1,13.235488,0.422176,13.657664
2548,128,128,-1,-1,-1,-1,-1,13.192,1,13.23792,0.4112,13.64912
2549,128,2160,-1,-1,-1,-1,-1,-1,0,45.829502,0.406016,46.235518
2550,128,128,-1,-1,-1,-1,-1,13.15392,1,13.202272,0.411296,13.613568
2551,128,128,-1,-1,-1,-1,-1,13.032096,1,13.077344,0.418688,13.496032
2552,128,128,-1,-1,-1,-1,-1,12.862624,1,12.908416,0.40816,13.316576
2553,128,128,-1,-1,-1,-1,-1,12.768384,1,12.812512,0.406944,13.219456
2554,128,2159,-1,-1,-1,-1,-1,-1,0,45.175327,0.412576,45.587903
2555,128,128,-1,-1,-1,-1,-1,13.299968,1,13.346944,0.426464,13.773408
2556,128,128,-1,-1,-1,-1,-1,13.134304,1,13.180096,0.415168,13.595264
2557,128,128,-1,-1,-1,-1,-1,13.062048,1,13.108032,0.410464,13.518496
2558,128,128,-1,-1,-1,-1,-1,12.981216,1,13.02784,0.417216,13.445056
2559,128,128,-1,-1,-1,-1,-1,12.903072,1,12.94752,0.399008,13.346528
2560,128,128,-1,-1,-1,-1,-1,12.910048,1,12.955616,0.409856,13.365472
2561,128,128,-1,-1,-1,-1,-1,12.748448,1,12.793184,0.397568,13.190752
2562,128,128,-1,-1,-1,-1,-1,12.703872,1,12.747232,0.397568,13.1448
2563,128,128,-1,-1,-1,-1,-1,12.69584,1,12.739424,0.399584,13.139008
2564,128,2160,-1,-1,-1,-1,-1,-1,0,45.616447,0.40752,46.023967
2565,128,128,-1,-1,-1,-1,-1,13.17088,1,13.21888,0.41776,13.63664
2566,128,128,-1,-1,-1,-1,-1,13.24,1,13.285792,0.4144,13.700192
2567,128,4192,-1,-1,-1,-1,-1,-1,0,76.146751,0.447008,76.593759
2568,128,128,-1,-1,-1,-1,-1,14.14576,1,14.19536,0.433984,14.629344
2569,128,128,-1,-1,-1,-1,-1,13.793984,1,13.84288,0.422624,14.265504
2570,128,128,-1,-1,-1,-1,-1,13.398432,1,13.445536,0.424576,13.870112
2571,128,128,-1,-1,-1,-1,-1,13.160416,1,13.20912,0.41904,13.62816
2572,128,128,-1,-1,-1,-1,-1,13.064736,1,13.109984,0.402432,13.512416
2573,128,128,-1,-1,-1,-1,-1,12.9816,1,13.027104,0.411776,13.43888
2574,128,128,-1,-1,-1,-1,-1,12.811072,1,12.856352,0.39904,13.255392
2575,128,128,-1,-1,-1,-1,-1,12.835552,1,12.879424,0.398976,13.2784
2576,128,128,-1,-1,-1,-1,-1,12.73136,1,12.775744,0.408192,13.183936
2577,128,2160,-1,-1,-1,-1,-1,-1,0,45.581409,0.410304,45.991713
2578,128,128,-1,-1,-1,-1,-1,13.190496,1,13.236672,0.407552,13.644224
2579,128,2159,-1,-1,-1,-1,-1,-1,0,45.863998,0.409888,46.273886
2580,128,128,-1,-1,-1,-1,-1,13.255904,1,13.304512,0.41424,13.718752
2581,128,128,-1,-1,-1,-1,-1,13.12768,1,13.173408,0.406528,13.579936
2582,128,128,-1,-1,-1,-1,-1,13.083328,1,13.129376,0.418464,13.54784
2583,128,128,-1,-1,-1,-1,-1,13.056256,1,13.101792,0.418752,13.520544
2584,128,128,-1,-1,-1,-1,-1,13.124832,1,13.173056,0.4192,13.592256
2585,128,128,-1,-1,-1,-1,-1,13.129856,1,13.175968,0.409184,13.585152
2586,128,2160,-1,-1,-1,-1,-1,-1,0,47.373569,0.414176,47.787745
2587,128,2160,-1,-1,-1,-1,-1,-1,0,48.53952,0.416192,48.955712
2588,128,128,-1,-1,-1,-1,-1,13.453568,1,13.500928,0.423072,13.924
2589,128,128,-1,-1,-1,-1,-1,13.26944,1,13.316288,0.421664,13.737952
2590,128,128,-1,-1,-1,-1,-1,13.227488,1,13.273696,0.410176,13.683872
2591,128,128,-1,-1,-1,-1,-1,13.172704,1,13.218176,0.421408,13.639584
2592,128,2159,-1,-1,-1,-1,-1,-1,0,45.135071,0.40384,45.538911
2593,128,128,-1,-1,-1,-1,-1,13.17712,1,13.222752,0.40944,13.632192
2594,128,128,-1,-1,-1,-1,-1,13.388512,1,13.435168,0.421408,13.856576
2595,128,128,-1,-1,-1,-1,-1,13.312192,1,13.357824,0.418816,13.77664
2596,128,128,-1,-1,-1,-1,-1,13.196256,1,13.243136,0.415584,13.65872
2597,128,128,-1,-1,-1,-1,-1,12.941344,1,12.988096,0.400704,13.3888
2598,128,128,-1,-1,-1,-1,-1,12.860704,1,12.905184,0.39696,13.302144
2599,128,128,-1,-1,-1,-1,-1,12.763776,1,12.80864,0.4112,13.21984
2600,128,128,-1,-1,-1,-1,-1,12.761312,1,12.806368,0.406528,13.212896
2601,128,128,-1,-1,-1,-1,-1,12.720352,1,12.764896,0.395264,13.16016
2602,128,128,-1,-1,-1,-1,-1,12.722144,1,12.7656,0.400768,13.166368
2603,128,128,-1,-1,-1,-1,-1,12.771584,1,12.818176,0.406592,13.224768
2604,128,128,-1,-1,-1,-1,-1,12.749568,1,12.793984,0.39552,13.189504
2605,128,128,-1,-1,-1,-1,-1,12.726112,1,12.769472,0.39696,13.166432
2606,128,128,-1,-1,-1,-1,-1,12.726272,1,12.77152,0.407392,13.178912
2607,128,128,-1,-1,-1,-1,-1,12.746304,1,12.791616,0.411168,13.202784
2608,128,128,-1,-1,-1,-1,-1,12.84144,1,12.885728,0.40992,13.295648
2609,128,128,-1,-1,-1,-1,-1,12.937056,1,12.981152,0.411136,13.392288
2610,128,128,-1,-1,-1,-1,-1,12.921056,1,12.9664,0.400416,13.366816
2611,128,4192,-1,-1,-1,-1,-1,-1,0,76.335327,0.44288,76.778207
2612,128,128,-1,-1,-1,-1,-1,14.597536,1,14.647904,0.464736,15.11264
2613,128,128,-1,-1,-1,-1,-1,14.274432,1,14.324896,0.434528,14.759424
2614,128,128,-1,-1,-1,-1,-1,13.719392,1,13.769472,0.414528,14.184
2615,128,128,-1,-1,-1,-1,-1,13.210752,1,13.255296,0.421728,13.677024
2616,128,128,-1,-1,-1,-1,-1,12.927296,1,12.972288,0.400928,13.373216
2617,128,128,-1,-1,-1,-1,-1,12.9448,1,12.990464,0.41568,13.406144
2618,128,128,-1,-1,-1,-1,-1,12.835584,1,12.881888,0.406464,13.288352
2619,128,128,-1,-1,-1,-1,-1,12.83776,1,12.883232,0.397536,13.280768
2620,128,128,-1,-1,-1,-1,-1,12.81888,1,12.862912,0.397888,13.2608
2621,128,128,-1,-1,-1,-1,-1,12.820544,1,12.864736,0.398176,13.262912
2622,128,2159,-1,-1,-1,-1,-1,-1,0,45.581696,0.409088,45.990784
2623,128,128,-1,-1,-1,-1,-1,13.34384,1,13.388992,0.410464,13.799456
2624,128,2160,-1,-1,-1,-1,-1,-1,0,46.910786,0.411712,47.322498
2625,128,128,-1,-1,-1,-1,-1,13.474688,1,13.521152,0.420672,13.941824
2626,128,128,-1,-1,-1,-1,-1,13.277344,1,13.322336,0.408256,13.730592
2627,128,128,-1,-1,-1,-1,-1,13.288512,1,13.332864,0.420544,13.753408
2628,128,128,-1,-1,-1,-1,-1,13.009696,1,13.055648,0.413216,13.468864
2629,128,128,-1,-1,-1,-1,-1,12.957984,1,13.00208,0.400736,13.402816
2630,128,128,-1,-1,-1,-1,-1,12.963072,1,13.007456,0.407488,13.414944
2631,128,2160,-1,-1,-1,-1,-1,-1,0,45.884384,0.40304,46.287424
2632,128,128,-1,-1,-1,-1,-1,13.3008,1,13.346688,0.421632,13.76832
2633,128,128,-1,-1,-1,-1,-1,13.446848,1,13.492992,0.421184,13.914176
2634,128,2160,-1,-1,-1,-1,-1,-1,0,46.631233,0.413376,47.044609
2635,128,2159,-1,-1,-1,-1,-1,-1,0,47.760159,0.412608,48.172767
2636,128,128,-1,-1,-1,-1,-1,13.816256,1,13.862528,0.432544,14.295072
2637,128,128,-1,-1,-1,-1,-1,13.638944,1,13.686848,0.41824,14.105088
2638,128,128,-1,-1,-1,-1,-1,13.28864,1,13.333536,0.410304,13.74384
2639,128,2159,-1,-1,-1,-1,-1,-1,0,46.123905,0.423328,46.547233
2640,128,128,-1,-1,-1,-1,-1,13.474272,1,13.521632,0.422976,13.944608
2641,128,128,-1,-1,-1,-1,-1,13.496512,1,13.542336,0.423808,13.966144
2642,128,2160,-1,-1,-1,-1,-1,-1,0,47.011456,0.412288,47.423744
2643,128,2160,-1,-1,-1,-1,-1,-1,0,48.04467,0.411264,48.455934
2644,128,2159,-1,-1,-1,-1,-1,-1,0,47.545921,0.412832,47.958753
2645,128,128,-1,-1,-1,-1,-1,13.417664,1,13.465312,0.411264,13.876576
2646,128,128,-1,-1,-1,-1,-1,13.399712,1,13.44656,0.422752,13.869312
2647,128,128,-1,-1,-1,-1,-1,13.264,1,13.309152,0.41232,13.721472
2648,128,2159,-1,-1,-1,-1,-1,-1,0,45.412384,0.409408,45.821792
2649,128,128,-1,-1,-1,-1,-1,13.296928,1,13.342336,0.40672,13.749056
2650,128,128,-1,-1,-1,-1,-1,13.233472,1,13.282848,0.408288,13.691136
2651,128,2160,-1,-1,-1,-1,-1,-1,0,46.184097,0.409056,46.593153
2652,128,128,-1,-1,-1,-1,-1,13.393824,1,13.44144,0.40592,13.84736
2653,128,128,-1,-1,-1,-1,-1,13.404096,1,13.449856,0.424288,13.874144
2654,128,128,-1,-1,-1,-1,-1,13.384928,1,13.430496,0.417856,13.848352
2655,128,128,-1,-1,-1,-1,-1,13.21312,1,13.258528,0.402624,13.661152
2656,128,128,-1,-1,-1,-1,-1,13.211648,1,13.25664,0.414048,13.670688
2657,128,128,-1,-1,-1,-1,-1,13.136768,1,13.182208,0.414336,13.596544
2658,128,6224,-1,-1,-1,-1,-1,-1,0,107.219971,0.44528,107.665251
2659,128,2159,-1,-1,-1,-1,-1,-1,0,49.506783,0.419456,49.926239
2660,128,4192,-1,-1,-1,-1,-1,-1,0,78.333405,0.425568,78.758973
2661,128,4192,-1,-1,-1,-1,-1,-1,0,80.759651,0.430624,81.190275
2662,128,128,-1,-1,-1,-1,-1,14.333216,1,14.383232,0.43936,14.822592
2663,128,128,-1,-1,-1,-1,-1,13.962304,1,14.010176,0.416032,14.426208
2664,128,128,-1,-1,-1,-1,-1,13.639104,1,13.68816,0.41632,14.10448
2665,128,128,-1,-1,-1,-1,-1,13.213088,1,13.257792,0.415168,13.67296
2666,128,4192,-1,-1,-1,-1,-1,-1,0,75.676704,0.41456,76.091264
2667,128,128,-1,-1,-1,-1,-1,13.513024,1,13.56096,0.413792,13.974752
2668,128,2160,-1,-1,-1,-1,-1,-1,0,46.792736,0.410976,47.203712
2669,128,2160,-1,-1,-1,-1,-1,-1,0,47.054401,0.414464,47.468865
2670,128,128,-1,-1,-1,-1,-1,13.498496,1,13.544832,0.417824,13.962656
2671,128,4192,-1,-1,-1,-1,-1,-1,0,76.755363,0.41232,77.167683
2672,128,2160,-1,-1,-1,-1,-1,-1,0,49.192638,0.413664,49.606302
2673,128,128,-1,-1,-1,-1,-1,13.489888,1,13.537824,0.408544,13.946368
2674,128,128,-1,-1,-1,-1,-1,13.289632,1,13.336416,0.4008,13.737216
2675,128,4192,-1,-1,-1,-1,-1,-1,0,74.118912,0.429152,74.548064
2676,128,128,-1,-1,-1,-1,-1,14.01312,1,14.065888,0.43856,14.504448
2677,128,128,-1,-1,-1,-1,-1,13.630656,1,13.680448,0.41456,14.095008
2678,128,4192,-1,-1,-1,-1,-1,-1,0,76.35424,0.409056,76.763296
2679,128,128,-1,-1,-1,-1,-1,13.248352,1,13.293856,0.420256,13.714112
2680,128,128,-1,-1,-1,-1,-1,13.240384,1,13.285728,0.413728,13.699456
2681,128,128,-1,-1,-1,-1,-1,13.033408,1,13.078048,0.415392,13.49344
2682,128,2144,-1,-1,-1,-1,-1,-1,0,45.584671,0.407872,45.992543
2683,128,128,-1,-1,-1,-1,-1,13.308384,1,13.355264,0.406304,13.761568
2684,128,4191,-1,-1,-1,-1,-1,-1,0,78.479134,0.436064,78.915198
2685,128,128,-1,-1,-1,-1,-1,14.052096,1,14.101152,0.426656,14.527808
2686,128,128,-1,-1,-1,-1,-1,13.571392,1,13.618752,0.422528,14.04128
2687,128,6224,-1,-1,-1,-1,-1,-1,0,108.721916,0.42656,109.148476
2688,128,128,-1,-1,-1,-1,-1,13.882592,1,13.932064,0.416608,14.348672
2689,128,2160,-1,-1,-1,-1,-1,-1,0,48.108994,0.412096,48.52109
2690,128,128,-1,-1,-1,-1,-1,13.322464,1,13.369184,0.41488,13.784064
2691,128,4192,-1,-1,-1,-1,-1,-1,0,76.43203,0.424608,76.856638
2692,128,4192,-1,-1,-1,-1,-1,-1,0,78.42717,0.413472,78.840642
2693,128,128,-1,-1,-1,-1,-1,14.112736,1,14.162912,0.442976,14.605888
2694,128,2160,-1,-1,-1,-1,-1,-1,0,48.146881,0.408256,48.555137
2695,128,2160,-1,-1,-1,-1,-1,-1,0,47.052448,0.411104,47.463552
2696,128,128,-1,-1,-1,-1,-1,13.437216,1,13.48352,0.418176,13.901696
2697,128,4192,-1,-1,-1,-1,-1,-1,0,77.168861,0.41024,77.579101
2698,128,2160,-1,-1,-1,-1,-1,-1,0,48.201794,0.414944,48.616738
2699,128,128,-1,-1,-1,-1,-1,13.39664,1,13.443424,0.429344,13.872768
2700,128,4191,-1,-1,-1,-1,-1,-1,0,76.865891,0.43536,77.301251
2701,128,128,-1,-1,-1,-1,-1,13.33616,1,13.385056,0.420768,13.805824
2702,128,2159,-1,-1,-1,-1,-1,-1,0,45.654144,0.428672,46.082816
2703,128,2160,-1,-1,-1,-1,-1,-1,0,46.829567,0.411808,47.241375
2704,128,128,-1,-1,-1,-1,-1,13.250464,1,13.297472,0.420448,13.71792
2705,128,2160,-1,-1,-1,-1,-1,-1,0,46.258209,0.408512,46.666721
2706,128,2160,-1,-1,-1,-1,-1,-1,0,47.37392,0.431392,47.805312
2707,128,2160,-1,-1,-1,-1,-1,-1,0,46.763138,0.435584,47.198722
2708,128,128,-1,-1,-1,-1,-1,13.256032,1,13.304192,0.42816,13.732352
2709,128,4190,-1,-1,-1,-1,-1,-1,0,77.420799,0.455456,77.876255
2710,128,128,-1,-1,-1,-1,-1,14.02144,1,14.070176,0.446528,14.516704
2711,128,2160,-1,-1,-1,-1,-1,-1,0,48.227745,0.41232,48.640065
2712,128,128,-1,-1,-1,-1,-1,13.276128,1,13.325664,0.4296,13.755264
2713,128,2160,-1,-1,-1,-1,-1,-1,0,46.403873,0.41072,46.814593
2714,128,2160,-1,-1,-1,-1,-1,-1,0,47.24173,0.440832,47.682562
2715,128,128,-1,-1,-1,-1,-1,13.427968,1,13.476512,0.445856,13.922368
2716,128,4192,-1,-1,-1,-1,-1,-1,0,76.912605,0.454208,77.366813
2717,128,2160,-1,-1,-1,-1,-1,-1,0,49.800545,0.4368,50.237345
2718,128,2160,-1,-1,-1,-1,-1,-1,0,47.634975,0.432512,48.067487
2719,128,128,-1,-1,-1,-1,-1,13.28,1,13.330592,0.425184,13.755776
2720,128,4192,-1,-1,-1,-1,-1,-1,0,76.158012,0.44608,76.604092
2721,128,4191,-1,-1,-1,-1,-1,-1,0,80.602844,0.432384,81.035228
2722,128,2160,-1,-1,-1,-1,-1,-1,0,49.127262,0.441824,49.569086
2723,128,128,-1,-1,-1,-1,-1,13.40944,1,13.465184,0.42496,13.890144
2724,128,2159,-1,-1,-1,-1,-1,-1,0,46.098335,0.4304,46.528735
2725,128,2159,-1,-1,-1,-1,-1,-1,0,46.770657,0.411264,47.181921
2726,128,128,-1,-1,-1,-1,-1,13.384224,1,13.432864,0.429216,13.86208
2727,128,128,-1,-1,-1,-1,-1,13.16064,1,13.208384,0.416224,13.624608
2728,128,4191,-1,-1,-1,-1,-1,-1,0,75.543388,0.417248,75.960636
2729,128,2160,-1,-1,-1,-1,-1,-1,0,47.941185,0.410208,48.351393
2730,128,128,-1,-1,-1,-1,-1,13.233088,1,13.281216,0.412064,13.69328
2731,128,128,-1,-1,-1,-1,-1,13.115936,1,13.163232,0.411584,13.574816
2732,128,128,-1,-1,-1,-1,-1,12.920416,1,12.966816,0.40032,13.367136
2733,128,2159,-1,-1,-1,-1,-1,-1,0,45.00573,0.406464,45.412194
2734,128,128,-1,-1,-1,-1,-1,13.239968,1,13.285472,0.4112,13.696672
2735,128,128,-1,-1,-1,-1,-1,13.36656,1,13.413792,0.4272,13.840992
2736,128,128,-1,-1,-1,-1,-1,13.277344,1,13.322976,0.416736,13.739712
2737,128,4192,-1,-1,-1,-1,-1,-1,0,76.777084,0.439872,77.216956
2738,128,128,-1,-1,-1,-1,-1,14.221824,1,14.272352,0.449376,14.721728
2739,128,128,-1,-1,-1,-1,-1,13.842848,1,13.891328,0.435328,14.326656
2740,128,2160,-1,-1,-1,-1,-1,-1,0,46.735489,0.407648,47.143137
2741,128,128,-1,-1,-1,-1,-1,13.141472,1,13.187072,0.408832,13.595904
2742,128,128,-1,-1,-1,-1,-1,13.143456,1,13.191104,0.416224,13.607328
2743,128,2160,-1,-1,-1,-1,-1,-1,0,45.939102,0.409056,46.348158
2744,128,2160,-1,-1,-1,-1,-1,-1,0,46.723392,0.416224,47.139616
2745,128,4192,-1,-1,-1,-1,-1,-1,0,79.336449,0.430464,79.766913
2746,128,4192,-1,-1,-1,-1,-1,-1,0,77.21917,0.418912,77.638082
2747,128,128,-1,-1,-1,-1,-1,13.587168,1,13.63344,0.424928,14.058368
2748,128,2160,-1,-1,-1,-1,-1,-1,0,48.454113,0.415744,48.869857
2749,128,128,-1,-1,-1,-1,-1,13.361696,1,13.409344,0.416352,13.825696
2750,128,2160,-1,-1,-1,-1,-1,-1,0,46.271519,0.407648,46.679167
2751,128,128,-1,-1,-1,-1,-1,13.134656,1,13.181728,0.411392,13.59312
2752,128,2159,-1,-1,-1,-1,-1,-1,0,45.758335,0.411104,46.169439
2753,128,2160,-1,-1,-1,-1,-1,-1,0,47.366817,0.412704,47.779521
2754,128,128,-1,-1,-1,-1,-1,13.366048,1,13.414592,0.40672,13.821312
2755,128,4192,-1,-1,-1,-1,-1,-1,0,77.317917,0.4344,77.752317
2756,128,2160,-1,-1,-1,-1,-1,-1,0,50.557953,0.424992,50.982945
2757,128,4192,-1,-1,-1,-1,-1,-1,0,76.506241,0.413472,76.919713
2758,128,2160,-1,-1,-1,-1,-1,-1,0,47.485695,0.409632,47.895327
2759,128,128,-1,-1,-1,-1,-1,13.191424,1,13.241056,0.41008,13.651136
2760,128,2160,-1,-1,-1,-1,-1,-1,0,46.622177,0.411872,47.034049
2761,128,2144,-1,-1,-1,-1,-1,-1,0,47.714657,0.414176,48.128833
2762,128,2160,-1,-1,-1,-1,-1,-1,0,47.584,0.417216,48.001216
2763,128,128,-1,-1,-1,-1,-1,13.274432,1,13.324128,0.4216,13.745728
2764,128,128,-1,-1,-1,-1,-1,13.236896,1,13.28496,0.420896,13.705856
2765,128,128,-1,-1,-1,-1,-1,12.93744,1,12.986688,0.400192,13.38688
2766,128,2160,-1,-1,-1,-1,-1,-1,0,45.40477,0.406688,45.811458
2767,128,128,-1,-1,-1,-1,-1,13.156224,1,13.203264,0.452992,13.656256
2768,128,2160,-1,-1,-1,-1,-1,-1,0,46.182144,0.408608,46.590752
2769,128,2160,-1,-1,-1,-1,-1,-1,0,48.136993,0.434752,48.571745
2770,128,128,-1,-1,-1,-1,-1,13.385664,1,13.432128,0.418944,13.851072
2771,128,2159,-1,-1,-1,-1,-1,-1,0,46.563999,0.428032,46.992031
2772,128,4192,-1,-1,-1,-1,-1,-1,0,77.17408,0.463008,77.637088
2773,128,2160,-1,-1,-1,-1,-1,-1,0,50.368256,0.44,50.808256
2774,128,128,-1,-1,-1,-1,-1,13.438848,1,13.490976,0.43376,13.924736
2775,128,2160,-1,-1,-1,-1,-1,-1,0,46.46077,0.426464,46.887234
2776,128,4192,-1,-1,-1,-1,-1,-1,0,76.827042,0.424512,77.251554
2777,128,128,-1,-1,-1,-1,-1,13.425184,1,13.474048,0.418112,13.89216
2778,128,2160,-1,-1,-1,-1,-1,-1,0,46.20224,0.40992,46.61216
2779,128,128,-1,-1,-1,-1,-1,13.158784,1,13.20512,0.422336,13.627456
2780,128,128,-1,-1,-1,-1,-1,13.170016,1,13.216448,0.402752,13.6192
2781,128,128,-1,-1,-1,-1,-1,12.964896,1,13.009856,0.420192,13.430048
2782,128,128,-1,-1,-1,-1,-1,12.809664,1,12.853888,0.411808,13.265696
2783,128,128,-1,-1,-1,-1,-1,12.729952,1,12.775456,0.398496,13.173952
2784,128,2160,-1,-1,-1,-1,-1,-1,0,45.321026,0.413952,45.734978
2785,128,128,-1,-1,-1,-1,-1,13.155872,1,13.201088,0.406368,13.607456
2786,128,2160,-1,-1,-1,-1,-1,-1,0,46.365089,0.412512,46.777601
2787,128,128,-1,-1,-1,-1,-1,13.321024,1,13.367936,0.42496,13.792896
2788,128,128,-1,-1,-1,-1,-1,13.256288,1,13.303168,0.405056,13.708224
2789,128,2160,-1,-1,-1,-1,-1,-1,0,45.695137,0.433504,46.128641
2790,128,128,-1,-1,-1,-1,-1,13.1504,1,13.19904,0.408864,13.607904
2791,128,128,-1,-1,-1,-1,-1,13.195712,1,13.245856,0.420288,13.666144
2792,128,128,-1,-1,-1,-1,-1,13.208032,1,13.256704,0.410016,13.66672
2793,128,2160,-1,-1,-1,-1,-1,-1,0,46.02541,0.40672,46.43213
2794,128,128,-1,-1,-1,-1,-1,13.165248,1,13.211808,0.41648,13.628288
2795,128,128,-1,-1,-1,-1,-1,13.215264,1,13.262144,0.408928,13.671072
2796,128,2160,-1,-1,-1,-1,-1,-1,0,46.027103,0.4112,46.438303
2797,128,128,-1,-1,-1,-1,-1,13.162592,1,13.211424,0.408416,13.61984
2798,128,2160,-1,-1,-1,-1,-1,-1,0,45.951839,0.413824,46.365663
2799,128,2160,-1,-1,-1,-1,-1,-1,0,46.99136,0.412896,47.404256
2800,128,4192,-1,-1,-1,-1,-1,-1,0,78.415298,0.4208,78.836098
2801,128,128,-1,-1,-1,-1,-1,13.625056,1,13.673472,0.41344,14.086912
2802,128,128,-1,-1,-1,-1,-1,13.428352,1,13.4768,0.421472,13.898272
2803,128,128,-1,-1,-1,-1,-1,13.184672,1,13.231936,0.402464,13.6344
2804,128,128,-1,-1,-1,-1,-1,13.020544,1,13.06512,0.408544,13.473664
2805,128,128,-1,-1,-1,-1,-1,12.827616,1,12.871776,0.399744,13.27152
2806,128,128,-1,-1,-1,-1,-1,12.73232,1,12.780224,0.40912,13.189344
2807,128,128,-1,-1,-1,-1,-1,12.720064,1,12.76336,0.409728,13.173088
2808,128,128,-1,-1,-1,-1,-1,12.795296,1,12.840704,0.44496,13.285664
2809,128,2159,-1,-1,-1,-1,-1,-1,0,45.887905,0.413408,46.301313
2810,128,2160,-1,-1,-1,-1,-1,-1,0,48.034912,0.437184,48.472096
2811,128,128,-1,-1,-1,-1,-1,13.353664,1,13.399392,0.424576,13.823968
2812,128,2160,-1,-1,-1,-1,-1,-1,0,47.304127,0.425376,47.729503
2813,128,2160,-1,-1,-1,-1,-1,-1,0,47.300255,0.424544,47.724799
2814,128,128,-1,-1,-1,-1,-1,13.391488,1,13.439552,0.426816,13.866368
2815,128,128,-1,-1,-1,-1,-1,13.317216,1,13.369952,0.421184,13.791136
2816,128,128,-1,-1,-1,-1,-1,13.251936,1,13.300288,0.407296,13.707584
2817,128,2160,-1,-1,-1,-1,-1,-1,0,45.803329,0.401056,46.204385
2818,128,2160,-1,-1,-1,-1,-1,-1,0,47.542721,0.418912,47.961633
2819,128,4192,-1,-1,-1,-1,-1,-1,0,79.526947,0.443968,79.970915
2820,128,128,-1,-1,-1,-1,-1,14.189152,1,14.240736,0.434176,14.674912
2821,128,128,-1,-1,-1,-1,-1,13.860864,1,13.909536,0.412064,14.3216
2822,128,128,-1,-1,-1,-1,-1,13.449184,1,13.496896,0.416576,13.913472
2823,128,128,-1,-1,-1,-1,-1,13.015584,1,13.062048,0.405408,13.467456
2824,128,128,-1,-1,-1,-1,-1,12.996704,1,13.041792,0.410944,13.452736
2825,128,2159,-1,-1,-1,-1,-1,-1,0,45.324383,0.409824,45.734207
2826,128,128,-1,-1,-1,-1,-1,13.234688,1,13.281984,0.432896,13.71488
2827,128,128,-1,-1,-1,-1,-1,13.217792,1,13.263744,0.40352,13.667264
2828,128,128,-1,-1,-1,-1,-1,13.086368,1,13.137312,0.404416,13.541728
2829,128,2160,-1,-1,-1,-1,-1,-1,0,46.549473,0.416032,46.965505
2830,128,128,-1,-1,-1,-1,-1,13.381088,1,13.43184,0.423808,13.855648
2831,128,128,-1,-1,-1,-1,-1,13.280672,1,13.3312,0.41936,13.75056
2832,128,128,-1,-1,-1,-1,-1,13.218336,1,13.26736,0.456992,13.724352
2833,128,128,-1,-1,-1,-1,-1,13.051744,1,13.100384,0.415488,13.515872
2834,128,128,-1,-1,-1,-1,-1,13.05936,1,13.106848,0.42688,13.533728
2835,128,128,-1,-1,-1,-1,-1,12.817536,1,12.864224,0.406336,13.27056
2836,128,128,-1,-1,-1,-1,-1,12.75312,1,12.798976,0.412096,13.211072
2837,128,128,-1,-1,-1,-1,-1,12.717984,1,12.76192,0.438176,13.200096
2838,128,128,-1,-1,-1,-1,-1,12.717792,1,12.762016,0.409824,13.17184
2839,128,128,-1,-1,-1,-1,-1,12.73584,1,12.780224,0.409632,13.189856
2840,128,2160,-1,-1,-1,-1,-1,-1,0,45.449951,0.442496,45.892447
2841,128,128,-1,-1,-1,-1,-1,13.433184,1,13.48256,0.458944,13.941504
2842,128,128,-1,-1,-1,-1,-1,13.377856,1,13.429632,0.43072,13.860352
2843,128,128,-1,-1,-1,-1,-1,13.290816,1,13.338688,0.42048,13.759168
2844,128,128,-1,-1,-1,-1,-1,13.168896,1,13.221056,0.41808,13.639136
2845,128,128,-1,-1,-1,-1,-1,12.931744,1,12.983168,0.425856,13.409024
2846,128,128,-1,-1,-1,-1,-1,12.87888,1,12.927264,0.408416,13.33568
2847,128,128,-1,-1,-1,-1,-1,12.816288,1,12.866944,0.4232,13.290144
2848,128,128,-1,-1,-1,-1,-1,12.714304,1,12.76288,0.401152,13.164032
2849,128,128,-1,-1,-1,-1,-1,12.722848,1,12.771968,0.415392,13.18736
2850,128,128,-1,-1,-1,-1,-1,12.758528,1,12.805696,0.410912,13.216608
2851,128,128,-1,-1,-1,-1,-1,12.778688,1,12.82544,0.400096,13.225536
2852,128,128,-1,-1,-1,-1,-1,12.803296,1,12.849824,0.446016,13.29584
2853,128,128,-1,-1,-1,-1,-1,12.855616,1,12.901216,0.414784,13.316
2854,128,128,-1,-1,-1,-1,-1,12.867872,1,12.913472,0.422656,13.336128
2855,128,128,-1,-1,-1,-1,-1,12.91184,1,12.960768,0.412832,13.3736
2856,128,2160,-1,-1,-1,-1,-1,-1,0,47.032738,0.4456,47.478338
2857,128,2160,-1,-1,-1,-1,-1,-1,0,48.905281,0.4168,49.322081
2858,128,128,-1,-1,-1,-1,-1,13.562912,1,13.613664,0.426208,14.039872
2859,128,128,-1,-1,-1,-1,-1,13.452288,1,13.50112,0.42304,13.92416
2860,128,128,-1,-1,-1,-1,-1,13.298592,1,13.351936,0.436096,13.788032
2861,128,128,-1,-1,-1,-1,-1,13.130912,1,13.177568,0.419616,13.597184
2862,128,128,-1,-1,-1,-1,-1,12.95456,1,13.003424,0.447168,13.450592
2863,128,128,-1,-1,-1,-1,-1,12.871616,1,12.916864,0.407616,13.32448
2864,128,128,-1,-1,-1,-1,-1,12.847456,1,12.900768,0.412352,13.31312
2865,128,128,-1,-1,-1,-1,-1,12.774976,1,12.824928,0.424736,13.249664
2866,128,128,-1,-1,-1,-1,-1,12.754592,1,12.80272,0.404704,13.207424
2867,128,2160,-1,-1,-1,-1,-1,-1,0,45.529247,0.413056,45.942303
2868,128,128,-1,-1,-1,-1,-1,13.340832,1,13.387104,0.411776,13.79888
2869,128,128,-1,-1,-1,-1,-1,13.358016,1,13.405536,0.407232,13.812768
2870,128,128,-1,-1,-1,-1,-1,13.287168,1,13.333888,0.4128,13.746688
2871,128,4192,-1,-1,-1,-1,-1,-1,0,80.45488,0.449344,80.904224
2872,128,128,-1,-1,-1,-1,-1,14.369088,1,14.422656,0.43536,14.858016
2873,128,128,-1,-1,-1,-1,-1,14.14512,1,14.19568,0.431008,14.626688
2874,128,128,-1,-1,-1,-1,-1,13.284256,1,13.334496,0.404416,13.738912
2875,128,128,-1,-1,-1,-1,-1,13.110368,1,13.159104,0.423648,13.582752
2876,128,128,-1,-1,-1,-1,-1,13.017504,1,13.063296,0.412736,13.476032
2877,128,4191,-1,-1,-1,-1,-1,-1,0,75.926109,0.462816,76.388925
2878,128,128,-1,-1,-1,-1,-1,14.260128,1,14.309248,0.447648,14.756896
2879,128,128,-1,-1,-1,-1,-1,13.918944,1,13.969696,0.412672,14.382368
2880,128,2159,-1,-1,-1,-1,-1,-1,0,46.658817,0.408448,47.067265
2881,128,128,-1,-1,-1,-1,-1,13.344672,1,13.394944,0.421024,13.815968
2882,128,128,-1,-1,-1,-1,-1,13.370496,1,13.417888,0.419584,13.837472
2883,128,128,-1,-1,-1,-1,-1,13.14,1,13.188384,0.44288,13.631264
2884,128,128,-1,-1,-1,-1,-1,13.007936,1,13.052864,0.411584,13.464448
2885,128,128,-1,-1,-1,-1,-1,12.909504,1,12.955424,0.413952,13.369376
2886,128,2160,-1,-1,-1,-1,-1,-1,0,46.007839,0.412544,46.420383
2887,128,2160,-1,-1,-1,-1,-1,-1,0,48.306911,0.41504,48.721951
2888,128,128,-1,-1,-1,-1,-1,13.598432,1,13.646496,0.426816,14.073312
2889,128,2160,-1,-1,-1,-1,-1,-1,0,47.182014,0.411232,47.593246
2890,128,128,-1,-1,-1,-1,-1,13.359328,1,13.40752,0.405408,13.812928
2891,128,128,-1,-1,-1,-1,-1,13.29456,1,13.340704,0.41408,13.754784
2892,128,128,-1,-1,-1,-1,-1,13.136416,1,13.181504,0.40336,13.584864
2893,128,128,-1,-1,-1,-1,-1,13.14016,1,13.185792,0.401568,13.58736
2894,128,2160,-1,-1,-1,-1,-1,-1,0,45.855167,0.409216,46.264383
2895,128,128,-1,-1,-1,-1,-1,13.488384,1,13.53456,0.410272,13.944832
2896,128,128,-1,-1,-1,-1,-1,13.445056,1,13.491872,0.413664,13.905536
2897,128,128,-1,-1,-1,-1,-1,13.335072,1,13.38224,0.4072,13.78944
2898,128,2160,-1,-1,-1,-1,-1,-1,0,46.913406,0.413696,47.327102
2899,128,2159,-1,-1,-1,-1,-1,-1,0,48.76992,0.42768,49.1976
2900,128,128,-1,-1,-1,-1,-1,13.830624,1,13.879136,0.424096,14.303232
2901,128,2160,-1,-1,-1,-1,-1,-1,0,47.08147,0.408192,47.489662
2902,128,4192,-1,-1,-1,-1,-1,-1,0,75.984383,0.413632,76.398015
2903,128,128,-1,-1,-1,-1,-1,13.56352,1,13.611424,0.412736,14.02416
2904,128,2160,-1,-1,-1,-1,-1,-1,0,47.645374,0.414304,48.059678
2905,128,128,-1,-1,-1,-1,-1,13.499776,1,13.547392,0.42688,13.974272
2906,128,128,-1,-1,-1,-1,-1,13.470336,1,13.51872,0.410816,13.929536
2907,128,128,-1,-1,-1,-1,-1,13.32496,1,13.362496,0.419552,13.782048
2908,128,128,-1,-1,-1,-1,-1,13.21648,1,13.2624,0.415168,13.677568
2909,128,2160,-1,-1,-1,-1,-1,-1,0,45.908321,0.403968,46.312289
2910,128,2160,-1,-1,-1,-1,-1,-1,0,46.96627,0.414784,47.381054
2911,128,2160,-1,-1,-1,-1,-1,-1,0,48.228127,0.414976,48.643103
2912,128,128,-1,-1,-1,-1,-1,13.544,1,13.5904,0.42448,14.01488
2913,128,2160,-1,-1,-1,-1,-1,-1,0,47.367008,0.412608,47.779616
2914,128,2160,-1,-1,-1,-1,-1,-1,0,47.993217,0.415008,48.408225
2915,128,128,-1,-1,-1,-1,-1,13.492768,1,13.539872,0.411936,13.951808
2916,128,4192,-1,-1,-1,-1,-1,-1,0,75.912384,0.410048,76.322432
2917,128,128,-1,-1,-1,-1,-1,13.401984,1,13.44896,0.423488,13.872448
2918,128,128,-1,-1,-1,-1,-1,13.4336,1,13.479616,0.403296,13.882912
2919,128,4192,-1,-1,-1,-1,-1,-1,0,75.279617,0.408896,75.688513
2920,128,128,-1,-1,-1,-1,-1,13.5064,1,13.552384,0.424832,13.977216
2921,128,128,-1,-1,-1,-1,-1,13.430752,1,13.477248,0.406336,13.883584
2922,128,2032,-1,-1,-1,-1,-1,-1,0,41.197762,0.407616,41.605378
2923,128,2160,-1,-1,-1,-1,-1,-1,0,47.010338,0.410496,47.420834
2924,128,4192,-1,-1,-1,-1,-1,-1,0,76.288605,0.422496,76.711101
2925,128,4190,-1,-1,-1,-1,-1,-1,0,79.280609,0.42304,79.703649
2926,128,4192,-1,-1,-1,-1,-1,-1,0,76.572701,0.420704,76.993405
2927,128,128,-1,-1,-1,-1,-1,13.739808,1,13.7888,0.426624,14.215424
2928,128,128,-1,-1,-1,-1,-1,13.512032,1,13.559424,0.413952,13.973376
2929,128,128,-1,-1,-1,-1,-1,13.22784,1,13.274208,0.399776,13.673984
2930,128,4192,-1,-1,-1,-1,-1,-1,0,75.624161,0.426976,76.051137
2931,128,4192,-1,-1,-1,-1,-1,-1,0,77.49939,0.424704,77.924094
2932,128,2160,-1,-1,-1,-1,-1,-1,0,49.001183,0.415136,49.416319
2933,128,4192,-1,-1,-1,-1,-1,-1,0,78.212288,0.426784,78.639072
2934,128,128,-1,-1,-1,-1,-1,13.78496,1,13.836608,0.43056,14.267168
2935,128,128,-1,-1,-1,-1,-1,13.655744,1,13.70528,0.43808,14.14336
2936,128,128,-1,-1,-1,-1,-1,13.444736,1,13.496544,0.410592,13.907136
2937,128,6224,-1,-1,-1,-1,-1,-1,0,107.539619,0.42864,107.968259
2938,128,4192,-1,-1,-1,-1,-1,-1,0,77.348541,0.412928,77.761469
2939,128,128,-1,-1,-1,-1,-1,13.662912,1,13.711872,0.428736,14.140608
2940,128,128,-1,-1,-1,-1,-1,13.556416,1,13.605824,0.423104,14.028928
2941,128,128,-1,-1,-1,-1,-1,13.281312,1,13.330624,0.417216,13.74784
2942,128,128,-1,-1,-1,-1,-1,13.066304,1,13.112672,0.408032,13.520704
2943,128,2160,-1,-1,-1,-1,-1,-1,0,45.629089,0.408416,46.037505
2944,128,2160,-1,-1,-1,-1,-1,-1,0,46.245121,0.41584,46.660961
2945,128,4192,-1,-1,-1,-1,-1,-1,0,76.177826,0.419744,76.59757
2946,128,6224,-1,-1,-1,-1,-1,-1,0,108.954941,0.428288,109.383229
2947,128,128,-1,-1,-1,-1,-1,14.018368,1,14.066304,0.431264,14.497568
2948,128,128,-1,-1,-1,-1,-1,13.895904,1,13.946208,0.421376,14.367584
2949,128,128,-1,-1,-1,-1,-1,13.43712,1,13.48352,0.410752,13.894272
2950,128,2160,-1,-1,-1,-1,-1,-1,0,46.125057,0.413216,46.538273
2951,128,128,-1,-1,-1,-1,-1,13.420544,1,13.467104,0.428544,13.895648
2952,128,128,-1,-1,-1,-1,-1,13.353152,1,13.40016,0.417792,13.817952
2953,128,2160,-1,-1,-1,-1,-1,-1,0,46.689121,0.412448,47.101569
2954,128,2160,-1,-1,-1,-1,-1,-1,0,47.332607,0.414816,47.747423
2955,128,2160,-1,-1,-1,-1,-1,-1,0,47.458942,0.410944,47.869886
2956,128,4191,-1,-1,-1,-1,-1,-1,0,77.416161,0.43616,77.852321
2957,128,128,-1,-1,-1,-1,-1,13.949984,1,13.997536,0.435424,14.43296
2958,128,2160,-1,-1,-1,-1,-1,-1,0,48.228577,0.408256,48.636833
2959,128,128,-1,-1,-1,-1,-1,13.27104,1,13.317568,0.417248,13.734816
2960,128,2159,-1,-1,-1,-1,-1,-1,0,46.12672,0.406208,46.532928
2961,128,2160,-1,-1,-1,-1,-1,-1,0,47.396736,0.417184,47.81392
2962,128,4191,-1,-1,-1,-1,-1,-1,0,77.963135,0.423456,78.386591
2963,128,2160,-1,-1,-1,-1,-1,-1,0,48.492641,0.408736,48.901377
2964,128,128,-1,-1,-1,-1,-1,13.292096,1,13.338688,0.407936,13.746624
2965,128,128,-1,-1,-1,-1,-1,13.262976,1,13.308576,0.408672,13.717248
2966,128,128,-1,-1,-1,-1,-1,13.20912,1,13.255424,0.414336,13.66976
2967,128,2160,-1,-1,-1,-1,-1,-1,0,45.825024,0.403456,46.22848
2968,128,2160,-1,-1,-1,-1,-1,-1,0,46.633377,0.413024,47.046401
2969,128,128,-1,-1,-1,-1,-1,13.26448,1,13.31072,0.412064,13.722784
2970,128,2160,-1,-1,-1,-1,-1,-1,0,46.107872,0.413632,46.521504
2971,128,128,-1,-1,-1,-1,-1,13.279968,1,13.325728,0.425056,13.750784
2972,128,2160,-1,-1,-1,-1,-1,-1,0,46.629566,0.412768,47.042334
2973,128,6224,-1,-1,-1,-1,-1,-1,0,109.682045,0.430464,110.112509
2974,128,128,-1,-1,-1,-1,-1,14.04352,1,14.094592,0.441888,14.53648
2975,128,128,-1,-1,-1,-1,-1,13.757408,1,13.805952,0.424192,14.230144
2976,128,3872,-1,-1,-1,-1,-1,-1,0,72.132996,0.414368,72.547364
2977,128,128,-1,-1,-1,-1,-1,13.651424,1,13.69952,0.421376,14.120896
2978,128,128,-1,-1,-1,-1,-1,13.466176,1,13.514656,0.409312,13.923968
2979,128,128,-1,-1,-1,-1,-1,13.18944,1,13.235872,0.400736,13.636608
2980,128,2160,-1,-1,-1,-1,-1,-1,0,45.536034,0.407904,45.943938
2981,128,8239,-1,-1,-1,-1,-1,-1,0,143.50621,0.430304,143.936514
2982,128,4192,-1,-1,-1,-1,-1,-1,0,80.239876,0.434016,80.673892
2983,128,2160,-1,-1,-1,-1,-1,-1,0,50.278336,0.420576,50.698912
2984,128,2160,-1,-1,-1,-1,-1,-1,0,47.607231,0.411328,48.018559
2985,128,128,-1,-1,-1,-1,-1,13.232,1,13.278848,0.420992,13.69984
2986,128,128,-1,-1,-1,-1,-1,13.15648,1,13.201344,0.407168,13.608512
2987,128,128,-1,-1,-1,-1,-1,13.093312,1,13.139968,0.420224,13.560192
2988,128,128,-1,-1,-1,-1,-1,13.073728,1,13.120128,0.406304,13.526432
2989,128,2160,-1,-1,-1,-1,-1,-1,0,46.113697,0.40896,46.522657
2990,128,2160,-1,-1,-1,-1,-1,-1,0,47.644382,0.417632,48.062014
2991,128,128,-1,-1,-1,-1,-1,13.413888,1,13.461504,0.41808,13.879584
2992,128,128,-1,-1,-1,-1,-1,13.237536,1,13.283968,0.4056,13.689568
2993,128,128,-1,-1,-1,-1,-1,13.08112,1,13.126336,0.404192,13.530528
2994,128,128,-1,-1,-1,-1,-1,12.863584,1,12.90848,0.4072,13.31568
2995,128,2160,-1,-1,-1,-1,-1,-1,0,45.546658,0.406784,45.953442
2996,128,2160,-1,-1,-1,-1,-1,-1,0,47.029728,0.408,47.437728
2997,128,4191,-1,-1,-1,-1,-1,-1,0,76.746719,0.412736,77.159455
2998,128,128,-1,-1,-1,-1,-1,13.534464,1,13.582272,0.42768,14.009952
2999,128,2160,-1,-1,-1,-1,-1,-1,0,47.013023,0.412896,47.425919
3000,128,128,-1,-1,-1,-1,-1,13.344192,1,13.392608,0.41168,13.804288
3001,128,128,-1,-1,-1,-1,-1,13.307328,1,13.353344,0.404,13.757344
3002,128,2160,-1,-1,-1,-1,-1,-1,0,45.899807,0.416512,46.316319
3003,128,128,-1,-1,-1,-1,-1,13.284864,1,13.329888,0.427456,13.757344
3004,128,128,-1,-1,-1,-1,-1,13.202848,1,13.25024,0.420256,13.670496
3005,128,128,-1,-1,-1,-1,-1,13.051392,1,13.096736,0.414816,13.511552
3006,128,128,-1,-1,-1,-1,-1,12.999328,1,13.045888,0.399744,13.445632
3007,128,4192,-1,-1,-1,-1,-1,-1,0,75.259132,0.439456,75.698588
3008,128,128,-1,-1,-1,-1,-1,14.305568,1,14.357504,0.451552,14.809056
3009,128,128,-1,-1,-1,-1,-1,14.197184,1,14.248448,0.432416,14.680864
3010,128,2160,-1,-1,-1,-1,-1,-1,0,46.593697,0.410176,47.003873
3011,128,4191,-1,-1,-1,-1,-1,-1,0,76.967903,0.414144,77.382047
3012,128,128,-1,-1,-1,-1,-1,13.329152,1,13.375968,0.410432,13.7864
3013,128,6223,-1,-1,-1,-1,-1,-1,0,109.061661,0.434112,109.495773
3014,128,128,-1,-1,-1,-1,-1,14.042112,1,14.09248,0.421088,14.513568
3015,128,128,-1,-1,-1,-1,-1,13.539232,1,13.586528,0.433056,14.019584
3016,128,128,-1,-1,-1,-1,-1,13.544384,1,13.592224,0.411936,14.00416
3017,128,128,-1,-1,-1,-1,-1,13.048832,1,13.096224,0.399552,13.495776
3018,128,2160,-1,-1,-1,-1,-1,-1,0,45.519234,0.40672,45.925954
3019,128,2160,-1,-1,-1,-1,-1,-1,0,47.457474,0.412768,47.870242
3020,128,2160,-1,-1,-1,-1,-1,-1,0,47.742722,0.4112,48.153922
3021,128,128,-1,-1,-1,-1,-1,13.220032,1,13.265728,0.4216,13.687328
3022,128,2160,-1,-1,-1,-1,-1,-1,0,45.992126,0.405984,46.39811
3023,128,2160,-1,-1,-1,-1,-1,-1,0,46.133377,0.40464,46.538017
3024,128,128,-1,-1,-1,-1,-1,13.154656,1,13.200768,0.420064,13.620832
3025,128,128,-1,-1,-1,-1,-1,13.236992,1,13.283072,0.418752,13.701824
3026,128,128,-1,-1,-1,-1,-1,13.207392,1,13.255392,0.417504,13.672896
3027,128,128,-1,-1,-1,-1,-1,12.96512,1,13.011584,0.404672,13.416256
3028,128,128,-1,-1,-1,-1,-1,12.864448,1,12.90912,0.413792,13.322912
3029,128,128,-1,-1,-1,-1,-1,12.728,1,12.77248,0.396576,13.169056
3030,128,128,-1,-1,-1,-1,-1,12.717568,1,12.761248,0.4072,13.168448
3031,128,128,-1,-1,-1,-1,-1,12.699616,1,12.744128,0.409856,13.153984
3032,128,128,-1,-1,-1,-1,-1,12.727296,1,12.771712,0.39792,13.169632
3033,128,4192,-1,-1,-1,-1,-1,-1,0,76.629852,0.433088,77.06294
3034,128,2160,-1,-1,-1,-1,-1,-1,0,50.169086,0.415616,50.584702
3035,128,128,-1,-1,-1,-1,-1,13.22928,1,13.278272,0.4072,13.685472
3036,128,2160,-1,-1,-1,-1,-1,-1,0,45.734818,0.404512,46.139329
3037,128,128,-1,-1,-1,-1,-1,13.1176,1,13.16336,0.42048,13.58384
3038,128,128,-1,-1,-1,-1,-1,13.135808,1,13.181184,0.415424,13.596608
3039,128,2160,-1,-1,-1,-1,-1,-1,0,45.886719,0.407488,46.294207
3040,128,2160,-1,-1,-1,-1,-1,-1,0,46.956478,0.416416,47.372894
3041,128,2160,-1,-1,-1,-1,-1,-1,0,47.797375,0.41248,48.209855
3042,128,128,-1,-1,-1,-1,-1,13.302624,1,13.350688,0.407872,13.75856
3043,128,128,-1,-1,-1,-1,-1,13.154912,1,13.201824,0.40496,13.606784
3044,128,128,-1,-1,-1,-1,-1,13.030944,1,13.076992,0.417216,13.494208
3045,128,4192,-1,-1,-1,-1,-1,-1,0,74.342941,0.431328,74.774269
3046,128,128,-1,-1,-1,-1,-1,14.015808,1,14.066528,0.442624,14.509152
3047,128,2160,-1,-1,-1,-1,-1,-1,0,48.209633,0.410368,48.620001
3048,128,2159,-1,-1,-1,-1,-1,-1,0,46.912865,0.414176,47.327041
3049,128,2160,-1,-1,-1,-1,-1,-1,0,47.641567,0.41216,48.053727
3050,128,128,-1,-1,-1,-1,-1,13.349984,1,13.397216,0.41392,13.811136
3051,128,128,-1,-1,-1,-1,-1,13.147104,1,13.193216,0.401504,13.59472
3052,128,2159,-1,-1,-1,-1,-1,-1,0,45.826206,0.41552,46.241726
3053,128,2160,-1,-1,-1,-1,-1,-1,0,47.372353,0.412768,47.785121
3054,128,128,-1,-1,-1,-1,-1,13.262976,1,13.311968,0.417056,13.729024
3055,128,2159,-1,-1,-1,-1,-1,-1,0,46.346111,0.407104,46.753215
3056,128,128,-1,-1,-1,-1,-1,13.323296,1,13.371424,0.413792,13.785216
3057,128,128,-1,-1,-1,-1,-1,13.159776,1,13.205952,0.416896,13.622848
3058,128,128,-1,-1,-1,-1,-1,13.086176,1,13.131392,0.406688,13.53808
3059,128,128,-1,-1,-1,-1,-1,13.023584,1,13.069856,0.421472,13.491328
3060,128,2160,-1,-1,-1,-1,-1,-1,0,45.901695,0.40672,46.308415
3061,128,128,-1,-1,-1,-1,-1,13.185472,1,13.232832,0.420736,13.653568
3062,128,2160,-1,-1,-1,-1,-1,-1,0,47.414753,0.412896,47.827649
3063,128,128,-1,-1,-1,-1,-1,13.445216,1,13.492544,0.41312,13.905664
3064,128,2160,-1,-1,-1,-1,-1,-1,0,48.244064,0.424384,48.668448
3065,128,128,-1,-1,-1,-1,-1,13.3704,1,13.419872,0.417696,13.837568
3066,128,128,-1,-1,-1,-1,-1,13.226752,1,13.272512,0.409888,13.6824
3067,128,128,-1,-1,-1,-1,-1,13.147584,1,13.192896,0.416096,13.608992
3068,128,128,-1,-1,-1,-1,-1,13.039552,1,13.08464,0.406816,13.491456
3069,128,128,-1,-1,-1,-1,-1,12.7816,1,12.825152,0.413152,13.238304
3070,128,128,-1,-1,-1,-1,-1,12.816512,1,12.86048,0.398016,13.258496
3071,128,128,-1,-1,-1,-1,-1,12.723136,1,12.766944,0.412064,13.179008
3072,128,128,-1,-1,-1,-1,-1,12.701696,1,12.745792,0.397312,13.143104
3073,128,2160,-1,-1,-1,-1,-1,-1,0,45.507874,0.414336,45.92221
3074,128,128,-1,-1,-1,-1,-1,13.428544,1,13.476512,0.413856,13.890368
3075,128,128,-1,-1,-1,-1,-1,13.423264,1,13.471808,0.40704,13.878848
3076,128,128,-1,-1,-1,-1,-1,13.164512,1,13.212608,0.40512,13.617728
3077,128,128,-1,-1,-1,-1,-1,13.055072,1,13.101664,0.401824,13.503488
3078,128,128,-1,-1,-1,-1,-1,12.954304,1,13.001664,0.416064,13.417728
3079,128,128,-1,-1,-1,-1,-1,12.890336,1,12.936,0.410048,13.346048
3080,128,2160,-1,-1,-1,-1,-1,-1,0,45.398495,0.405056,45.803551
3081,128,128,-1,-1,-1,-1,-1,13.17424,1,13.218528,0.406976,13.625504
3082,128,2159,-1,-1,-1,-1,-1,-1,0,46.355392,0.419424,46.774816
3083,128,128,-1,-1,-1,-1,-1,13.439296,1,13.487648,0.428,13.915648
3084,128,2160,-1,-1,-1,-1,-1,-1,0,47.99968,0.415296,48.414976
3085,128,128,-1,-1,-1,-1,-1,13.386912,1,13.435808,0.425376,13.861184
3086,128,128,-1,-1,-1,-1,-1,13.337824,1,13.38464,0.40528,13.78992
3087,128,128,-1,-1,-1,-1,-1,13.094592,1,13.139424,0.402144,13.541568
3088,128,128,-1,-1,-1,-1,-1,13.090624,1,13.135616,0.40528,13.540896
3089,128,128,-1,-1,-1,-1,-1,13.068928,1,13.114304,0.419104,13.533408
3090,128,128,-1,-1,-1,-1,-1,13.121216,1,13.16656,0.424832,13.591392
3091,128,128,-1,-1,-1,-1,-1,13.285312,1,13.330688,0.417088,13.747776
3092,128,128,-1,-1,-1,-1,-1,13.26912,1,13.315008,0.413856,13.728864
3093,128,128,-1,-1,-1,-1,-1,13.040096,1,13.085184,0.400224,13.485408
3094,128,128,-1,-1,-1,-1,-1,13.049952,1,13.095424,0.419968,13.515392
3095,128,128,-1,-1,-1,-1,-1,13.050432,1,13.09568,0.416128,13.511808
3096,128,128,-1,-1,-1,-1,-1,13.066528,1,13.112512,0.41328,13.525792
3097,128,128,-1,-1,-1,-1,-1,13.065792,1,13.11024,0.41616,13.5264
3098,128,128,-1,-1,-1,-1,-1,12.980768,1,13.026176,0.41424,13.440416
3099,128,2160,-1,-1,-1,-1,-1,-1,0,45.92429,0.423232,46.347522
3100,128,128,-1,-1,-1,-1,-1,13.312032,1,13.358176,0.417856,13.776032
3101,128,128,-1,-1,-1,-1,-1,13.268416,1,13.314624,0.415488,13.730112
3102,128,128,-1,-1,-1,-1,-1,13.262848,1,13.307424,0.403008,13.710432
3103,128,2160,-1,-1,-1,-1,-1,-1,0,46.378178,0.40848,46.786658
3104,128,128,-1,-1,-1,-1,-1,13.43872,1,13.485376,0.423584,13.90896
3105,128,2160,-1,-1,-1,-1,-1,-1,0,46.599457,0.404928,47.004385
3106,128,128,-1,-1,-1,-1,-1,13.321152,1,13.366656,0.41216,13.778816
3107,128,128,-1,-1,-1,-1,-1,13.268096,1,13.314816,0.415584,13.7304
3108,128,2160,-1,-1,-1,-1,-1,-1,0,46.182304,0.408672,46.590976
3109,128,128,-1,-1,-1,-1,-1,13.33392,1,13.382912,0.42128,13.804192
3110,128,128,-1,-1,-1,-1,-1,13.440544,1,13.487008,0.42432,13.911328
3111,128,128,-1,-1,-1,-1,-1,13.285216,1,13.331296,0.420832,13.752128
3112,128,128,-1,-1,-1,-1,-1,13.261888,1,13.308352,0.415616,13.723968
3113,128,128,-1,-1,-1,-1,-1,13.181792,1,13.22768,0.415744,13.643424
3114,128,128,-1,-1,-1,-1,-1,12.99632,1,13.04064,0.399968,13.440608
3115,128,4191,-1,-1,-1,-1,-1,-1,0,74.059837,0.409792,74.469629
3116,128,128,-1,-1,-1,-1,-1,13.343456,1,13.39184,0.411424,13.803264
3117,128,128,-1,-1,-1,-1,-1,13.336736,1,13.38272,0.417344,13.800064
3118,128,2160,-1,-1,-1,-1,-1,-1,0,46.510975,0.412896,46.923871
3119,128,2160,-1,-1,-1,-1,-1,-1,0,48.054207,0.413632,48.467839
3120,128,2160,-1,-1,-1,-1,-1,-1,0,47.90144,0.41056,48.312
3121,128,128,-1,-1,-1,-1,-1,13.386112,1,13.432544,0.422976,13.85552
3122,128,128,-1,-1,-1,-1,-1,13.284064,1,13.33024,0.406432,13.736672
3123,128,128,-1,-1,-1,-1,-1,13.14784,1,13.19376,0.407872,13.601632
3124,128,2160,-1,-1,-1,-1,-1,-1,0,45.452961,0.40256,45.855521
3125,128,2160,-1,-1,-1,-1,-1,-1,0,47.851551,0.42816,48.279711
3126,128,128,-1,-1,-1,-1,-1,13.66352,1,13.712192,0.426048,14.13824
3127,128,128,-1,-1,-1,-1,-1,13.527424,1,13.576032,0.42288,13.998912
3128,128,128,-1,-1,-1,-1,-1,13.305472,1,13.352384,0.421344,13.773728
3129,128,128,-1,-1,-1,-1,-1,13.256512,1,13.301728,0.403072,13.7048
3130,128,2160,-1,-1,-1,-1,-1,-1,0,45.815487,0.409792,46.225279
3131,128,128,-1,-1,-1,-1,-1,13.352512,1,13.397312,0.410976,13.808288
3132,128,128,-1,-1,-1,-1,-1,13.329728,1,13.377312,0.403712,13.781024
3133,128,2160,-1,-1,-1,-1,-1,-1,0,46.260574,0.409088,46.669662
3134,128,128,-1,-1,-1,-1,-1,13.30544,1,13.351104,0.40352,13.754624
3135,128,2160,-1,-1,-1,-1,-1,-1,0,46.735615,0.412128,47.147743
3136,128,128,-1,-1,-1,-1,-1,13.36032,1,13.407296,0.405536,13.812832
3137,128,128,-1,-1,-1,-1,-1,13.342464,1,13.388512,0.413536,13.802048
3138,128,128,-1,-1,-1,-1,-1,13.094496,1,13.138656,0.416512,13.555168
3139,128,128,-1,-1,-1,-1,-1,13.044032,1,13.088992,0.398272,13.487264
3140,128,128,-1,-1,-1,-1,-1,12.987744,1,13.031872,0.407264,13.439136
3141,128,128,-1,-1,-1,-1,-1,12.945632,1,12.992,0.396704,13.388704
3142,128,2160,-1,-1,-1,-1,-1,-1,0,45.428223,0.409664,45.837887
3143,128,128,-1,-1,-1,-1,-1,13.361344,1,13.407264,0.409632,13.816896
3144,128,2160,-1,-1,-1,-1,-1,-1,0,46.721474,0.415072,47.136546
3145,128,128,-1,-1,-1,-1,-1,13.402144,1,13.450048,0.410016,13.860064
3146,128,2160,-1,-1,-1,-1,-1,-1,0,47.642559,0.416,48.058559
3147,128,128,-1,-1,-1,-1,-1,13.591008,1,13.6384,0.412096,14.050496
3148,128,128,-1,-1,-1,-1,-1,13.415872,1,13.462848,0.409408,13.872256
3149,128,128,-1,-1,-1,-1,-1,13.262048,1,13.307904,0.400864,13.708768
3150,128,2160,-1,-1,-1,-1,-1,-1,0,46.056831,0.413472,46.470303
3151,128,2160,-1,-1,-1,-1,-1,-1,0,47.96896,0.412672,48.381632
3152,128,2160,-1,-1,-1,-1,-1,-1,0,48.038914,0.408928,48.447842
3153,128,2160,-1,-1,-1,-1,-1,-1,0,47.694942,0.410432,48.105374
3154,128,6208,-1,-1,-1,-1,-1,-1,0,108.566307,0.435328,109.001635
3155,128,128,-1,-1,-1,-1,-1,14.045632,1,14.094656,0.445376,14.540032
3156,128,128,-1,-1,-1,-1,-1,13.89344,1,13.942496,0.420864,14.36336
3157,128,2160,-1,-1,-1,-1,-1,-1,0,46.409569,0.412224,46.821793
3158,128,128,-1,-1,-1,-1,-1,13.480448,1,13.527808,0.42096,13.948768
3159,128,4192,-1,-1,-1,-1,-1,-1,0,75.877373,0.409184,76.286557
3160,128,2160,-1,-1,-1,-1,-1,-1,0,48.900257,0.418848,49.319105
3161,128,2160,-1,-1,-1,-1,-1,-1,0,47.427391,0.409056,47.836447
3162,128,128,-1,-1,-1,-1,-1,13.32832,1,13.375872,0.418432,13.794304
3163,128,4192,-1,-1,-1,-1,-1,-1,0,76.964577,0.431552,77.396129
3164,128,4192,-1,-1,-1,-1,-1,-1,0,80.753792,0.409408,81.1632
3165,128,128,-1,-1,-1,-1,-1,13.341056,1,13.387904,0.424576,13.81248
3166,128,2160,-1,-1,-1,-1,-1,-1,0,45.914913,0.409568,46.324481
3167,128,128,-1,-1,-1,-1,-1,13.265312,1,13.310496,0.413216,13.723712
3168,128,128,-1,-1,-1,-1,-1,13.267904,1,13.314656,0.421024,13.73568
3169,128,128,-1,-1,-1,-1,-1,13.085728,1,13.13136,0.396192,13.527552
3170,128,2159,-1,-1,-1,-1,-1,-1,0,45.744831,0.412992,46.157823
3171,128,8256,-1,-1,-1,-1,-1,-1,0,142.176666,0.426624,142.60329
3172,128,2128,-1,-1,-1,-1,-1,-1,0,49.276577,0.421696,49.698273
3173,128,128,-1,-1,-1,-1,-1,13.468928,1,13.518432,0.426944,13.945376
3174,128,2160,-1,-1,-1,-1,-1,-1,0,46.245186,0.405056,46.650242
3175,128,6224,-1,-1,-1,-1,-1,-1,0,111.755005,0.428608,112.183613
3176,128,2160,-1,-1,-1,-1,-1,-1,0,49.98624,0.413728,50.399968
3177,128,128,-1,-1,-1,-1,-1,13.431168,1,13.478208,0.426112,13.90432
3178,128,2160,-1,-1,-1,-1,-1,-1,0,46.687553,0.412864,47.100417
3179,128,2160,-1,-1,-1,-1,-1,-1,0,47.181057,0.41088,47.591937
3180,128,128,-1,-1,-1,-1,-1,13.341312,1,13.387328,0.408768,13.796096
3181,128,128,-1,-1,-1,-1,-1,13.33392,1,13.380768,0.409664,13.790432
3182,128,128,-1,-1,-1,-1,-1,13.116512,1,13.162144,0.413184,13.575328
3183,128,128,-1,-1,-1,-1,-1,12.99184,1,13.035968,0.399456,13.435424
3184,128,128,-1,-1,-1,-1,-1,12.873696,1,12.917696,0.399808,13.317504
3185,128,2160,-1,-1,-1,-1,-1,-1,0,45.433952,0.403968,45.83792
3186,128,128,-1,-1,-1,-1,-1,13.219296,1,13.2648,0.4168,13.6816
3187,128,6224,-1,-1,-1,-1,-1,-1,0,108.484451,0.434112,108.918563
3188,128,2160,-1,-1,-1,-1,-1,-1,0,49.568832,0.4208,49.989632
3189,128,128,-1,-1,-1,-1,-1,13.465952,1,13.513824,0.410944,13.924768
3190,128,4192,-1,-1,-1,-1,-1,-1,0,76.029854,0.412928,76.442782
3191,128,4192,-1,-1,-1,-1,-1,-1,0,76.103485,0.41952,76.523005
3192,128,128,-1,-1,-1,-1,-1,13.463424,1,13.51152,0.411392,13.922912
3193,128,4192,-1,-1,-1,-1,-1,-1,0,76.301086,0.415168,76.716254
3194,128,2160,-1,-1,-1,-1,-1,-1,0,50.195713,0.422496,50.618209
3195,128,128,-1,-1,-1,-1,-1,13.719296,1,13.767648,0.419776,14.187424
3196,128,128,-1,-1,-1,-1,-1,13.540512,1,13.588448,0.409312,13.99776
3197,128,128,-1,-1,-1,-1,-1,13.086784,1,13.132224,0.407776,13.54
3198,128,128,-1,-1,-1,-1,-1,12.95168,1,12.996576,0.396608,13.393184
3199,128,128,-1,-1,-1,-1,-1,12.764512,1,12.807904,0.403872,13.211776
3200,128,128,-1,-1,-1,-1,-1,12.727616,1,12.770688,0.407104,13.177792
3201,128,2160,-1,-1,-1,-1,-1,-1,0,45.155361,0.405536,45.560897
3202,128,2160,-1,-1,-1,-1,-1,-1,0,47.425983,0.422656,47.848639
3203,128,128,-1,-1,-1,-1,-1,13.751552,1,13.799008,0.43296,14.231968
3204,128,128,-1,-1,-1,-1,-1,13.45168,1,13.499296,0.408448,13.907744
3205,128,128,-1,-1,-1,-1,-1,13.333824,1,13.38048,0.408704,13.789184
3206,128,2160,-1,-1,-1,-1,-1,-1,0,46.638145,0.4128,47.050945
3207,128,2160,-1,-1,-1,-1,-1,-1,0,48.16048,0.420512,48.580992
3208,128,128,-1,-1,-1,-1,-1,13.47888,1,13.526496,0.425088,13.951584
3209,128,128,-1,-1,-1,-1,-1,13.376128,1,13.42592,0.421728,13.847648
3210,128,128,-1,-1,-1,-1,-1,13.23648,1,13.282656,0.421152,13.703808
3211,128,128,-1,-1,-1,-1,-1,13.110976,1,13.158144,0.417696,13.57584
3212,128,128,-1,-1,-1,-1,-1,12.945952,1,12.992768,0.399648,13.392416
3213,128,2160,-1,-1,-1,-1,-1,-1,0,45.258976,0.407296,45.666272
3214,128,2160,-1,-1,-1,-1,-1,-1,0,46.525856,0.4144,46.940256
3215,128,128,-1,-1,-1,-1,-1,13.43952,1,13.486144,0.409952,13.896096
3216,128,2160,-1,-1,-1,-1,-1,-1,0,46.469952,0.413632,46.883584
3217,128,4192,-1,-1,-1,-1,-1,-1,0,77.704323,0.432672,78.136995
3218,128,128,-1,-1,-1,-1,-1,13.912672,1,13.962336,0.432384,14.39472
3219,128,2160,-1,-1,-1,-1,-1,-1,0,47.091743,0.429472,47.521215
3220,128,2160,-1,-1,-1,-1,-1,-1,0,47.347969,0.413856,47.761825
3221,128,4192,-1,-1,-1,-1,-1,-1,0,75.87603,0.413472,76.289502
3222,128,128,-1,-1,-1,-1,-1,13.47952,1,13.527136,0.429312,13.956448
3223,128,128,-1,-1,-1,-1,-1,13.442592,1,13.489664,0.409664,13.899328
3224,128,2160,-1,-1,-1,-1,-1,-1,0,46.097599,0.411648,46.509247
3225,128,2160,-1,-1,-1,-1,-1,-1,0,47.809311,0.414624,48.223935
3226,128,128,-1,-1,-1,-1,-1,13.63184,1,13.679456,0.417632,14.097088
3227,128,2160,-1,-1,-1,-1,-1,-1,0,47.685024,0.410272,48.095296
3228,128,2160,-1,-1,-1,-1,-1,-1,0,46.760258,0.407264,47.167522
3229,128,128,-1,-1,-1,-1,-1,13.23152,1,13.276992,0.409088,13.68608
3230,128,128,-1,-1,-1,-1,-1,13.190688,1,13.237984,0.405152,13.643136
3231,128,2160,-1,-1,-1,-1,-1,-1,0,46.099777,0.408512,46.508289
3232,128,128,-1,-1,-1,-1,-1,13.185568,1,13.232224,0.412672,13.644896
3233,128,128,-1,-1,-1,-1,-1,13.183456,1,13.228896,0.41024,13.639136
3234,128,6224,-1,-1,-1,-1,-1,-1,0,108.445633,0.43616,108.881793
3235,128,128,-1,-1,-1,-1,-1,14.091072,1,14.138592,0.425024,14.563616
3236,128,2160,-1,-1,-1,-1,-1,-1,0,48.41011,0.410592,48.820702
3237,128,128,-1,-1,-1,-1,-1,13.26432,1,13.311104,0.407904,13.719008
3238,128,128,-1,-1,-1,-1,-1,13.200704,1,13.247712,0.407488,13.6552
3239,128,128,-1,-1,-1,-1,-1,13.03936,1,13.08512,0.413728,13.498848
3240,128,6224,-1,-1,-1,-1,-1,-1,0,108.323555,0.42496,108.748515
3241,128,6224,-1,-1,-1,-1,-1,-1,0,110.941505,0.429696,111.371201
3242,128,2160,-1,-1,-1,-1,-1,-1,0,49.608002,0.416288,50.02429
3243,128,4192,-1,-1,-1,-1,-1,-1,0,80.142784,0.43488,80.577664
3244,128,128,-1,-1,-1,-1,-1,14.13504,1,14.183808,0.44048,14.624288
3245,128,128,-1,-1,-1,-1,-1,14.050176,1,14.100288,0.424544,14.524832
3246,128,128,-1,-1,-1,-1,-1,13.236672,1,13.285024,0.413664,13.698688
3247,128,128,-1,-1,-1,-1,-1,12.94704,1,12.991456,0.40928,13.400736
3248,128,128,-1,-1,-1,-1,-1,12.829856,1,12.87584,0.396544,13.272384
3249,128,4192,-1,-1,-1,-1,-1,-1,0,73.897888,0.413472,74.31136
3250,128,4192,-1,-1,-1,-1,-1,-1,0,76.863678,0.4112,77.274878
3251,128,128,-1,-1,-1,-1,-1,13.537792,1,13.58592,0.422176,14.008096
3252,128,4192,-1,-1,-1,-1,-1,-1,0,77.452286,0.433088,77.885374
3253,128,128,-1,-1,-1,-1,-1,14.022528,1,14.070688,0.445536,14.516224
3254,128,128,-1,-1,-1,-1,-1,14.005728,1,14.054176,0.423936,14.478112
3255,128,128,-1,-1,-1,-1,-1,13.408352,1,13.456192,0.411968,13.86816
3256,128,128,-1,-1,-1,-1,-1,13.023456,1,13.07008,0.407872,13.477952
3257,128,128,-1,-1,-1,-1,-1,12.874816,1,12.920064,0.411936,13.332
3258,128,2160,-1,-1,-1,-1,-1,-1,0,45.206879,0.408608,45.615487
3259,128,128,-1,-1,-1,-1,-1,13.168992,1,13.215488,0.418048,13.633536
3260,128,128,-1,-1,-1,-1,-1,13.22432,1,13.269952,0.419104,13.689056
3261,128,2160,-1,-1,-1,-1,-1,-1,0,46.323647,0.411296,46.734943
3262,128,2160,-1,-1,-1,-1,-1,-1,0,48.038849,0.415456,48.454305
3263,128,128,-1,-1,-1,-1,-1,13.329248,1,13.375616,0.40672,13.782336
3264,128,4192,-1,-1,-1,-1,-1,-1,0,79.065216,0.4416,79.506816
3265,128,2160,-1,-1,-1,-1,-1,-1,0,50.771839,0.424032,51.195871
3266,128,128,-1,-1,-1,-1,-1,13.412288,1,13.460352,0.428416,13.888768
3267,128,128,-1,-1,-1,-1,-1,13.378592,1,13.424768,0.413504,13.838272
3268,128,2160,-1,-1,-1,-1,-1,-1,0,46.057087,0.407648,46.464735
3269,128,128,-1,-1,-1,-1,-1,13.086624,1,13.131936,0.419424,13.55136
3270,128,128,-1,-1,-1,-1,-1,13.089568,1,13.134752,0.420736,13.555488
3271,128,128,-1,-1,-1,-1,-1,12.813952,1,12.858912,0.41344,13.272352
3272,128,128,-1,-1,-1,-1,-1,12.797856,1,12.842016,0.4016,13.243616
3273,128,128,-1,-1,-1,-1,-1,12.717344,1,12.762272,0.409152,13.171424
3274,128,128,-1,-1,-1,-1,-1,12.680864,1,12.724416,0.39536,13.119776
3275,128,128,-1,-1,-1,-1,-1,12.675456,1,12.719712,0.40528,13.124992
3276,128,2159,-1,-1,-1,-1,-1,-1,0,45.926975,0.416832,46.343807
3277,128,128,-1,-1,-1,-1,-1,13.37072,1,13.4184,0.41088,13.82928
3278,128,2160,-1,-1,-1,-1,-1,-1,0,48.03648,0.414016,48.450496
3279,128,128,-1,-1,-1,-1,-1,13.365568,1,13.412832,0.419264,13.832096
3280,128,128,-1,-1,-1,-1,-1,13.34032,1,13.388256,0.405408,13.793664
3281,128,8240,-1,-1,-1,-1,-1,-1,0,142.604294,0.42832,143.032614
3282,128,128,-1,-1,-1,-1,-1,13.867264,1,13.917344,0.42368,14.341024
3283,128,128,-1,-1,-1,-1,-1,13.4696,1,13.518816,0.412896,13.931712
3284,128,128,-1,-1,-1,-1,-1,13.235264,1,13.285024,0.4,13.685024
3285,128,2159,-1,-1,-1,-1,-1,-1,0,45.456223,0.41296,45.869183
3286,128,6223,-1,-1,-1,-1,-1,-1,0,110.307838,0.429792,110.73763
3287,128,128,-1,-1,-1,-1,-1,13.925152,1,13.974496,0.438528,14.413024
3288,128,128,-1,-1,-1,-1,-1,13.442112,1,13.491328,0.411712,13.90304
3289,128,128,-1,-1,-1,-1,-1,13.20768,1,13.254208,0.411776,13.665984
3290,128,128,-1,-1,-1,-1,-1,12.937984,1,12.982496,0.400928,13.383424
3291,128,2160,-1,-1,-1,-1,-1,-1,0,45.329472,0.404416,45.733888
3292,128,128,-1,-1,-1,-1,-1,13.090176,1,13.136992,0.404032,13.541024
3293,128,4192,-1,-1,-1,-1,-1,-1,0,78.10157,0.42512,78.52669
3294,128,128,-1,-1,-1,-1,-1,14.036512,1,14.086688,0.444192,14.53088
3295,128,128,-1,-1,-1,-1,-1,13.877984,1,13.927872,0.410816,14.338688
3296,128,2160,-1,-1,-1,-1,-1,-1,0,46.609024,0.41216,47.021184
3297,128,128,-1,-1,-1,-1,-1,13.14384,1,13.189248,0.421824,13.611072
3298,128,2160,-1,-1,-1,-1,-1,-1,0,46.661697,0.414688,47.076385
3299,128,128,-1,-1,-1,-1,-1,13.546656,1,13.594432,0.423136,14.017568
3300,128,128,-1,-1,-1,-1,-1,13.67392,1,13.724256,0.418368,14.142624
3301,128,128,-1,-1,-1,-1,-1,13.195808,1,13.241216,0.408544,13.64976
3302,128,128,-1,-1,-1,-1,-1,13.200288,1,13.24576,0.415872,13.661632
3303,128,128,-1,-1,-1,-1,-1,13.038976,1,13.086496,0.412448,13.498944
3304,128,128,-1,-1,-1,-1,-1,12.839328,1,12.8832,0.409344,13.292544
3305,128,128,-1,-1,-1,-1,-1,12.776352,1,12.820672,0.397888,13.21856
3306,128,128,-1,-1,-1,-1,-1,12.75568,1,12.800128,0.39328,13.193408
3307,128,128,-1,-1,-1,-1,-1,12.700064,1,12.743552,0.411392,13.154944
3308,128,128,-1,-1,-1,-1,-1,12.724864,1,12.767648,0.411456,13.179104
3309,128,128,-1,-1,-1,-1,-1,12.746752,1,12.790592,0.394496,13.185088
3310,128,128,-1,-1,-1,-1,-1,12.7592,1,12.803232,0.408352,13.211584
3311,128,128,-1,-1,-1,-1,-1,12.786496,1,12.832128,0.41248,13.244608
3312,128,2160,-1,-1,-1,-1,-1,-1,0,45.670849,0.408576,46.079425
3313,128,128,-1,-1,-1,-1,-1,13.356896,1,13.404736,0.41248,13.817216
3314,128,2160,-1,-1,-1,-1,-1,-1,0,47.737377,0.412128,48.149505
3315,128,128,-1,-1,-1,-1,-1,13.38256,1,13.430016,0.411552,13.841568
3316,128,128,-1,-1,-1,-1,-1,13.365888,1,13.412864,0.405184,13.818048
3317,128,2160,-1,-1,-1,-1,-1,-1,0,46.119167,0.409408,46.528575
3318,128,128,-1,-1,-1,-1,-1,13.29712,1,13.34336,0.425984,13.769344
3319,128,128,-1,-1,-1,-1,-1,13.343424,1,13.388576,0.421248,13.809824
3320,128,128,-1,-1,-1,-1,-1,13.187776,1,13.233312,0.413888,13.6472
3321,128,128,-1,-1,-1,-1,-1,13.114528,1,13.160928,0.413536,13.574464
3322,128,2160,-1,-1,-1,-1,-1,-1,0,45.770817,0.410048,46.180865
3323,128,128,-1,-1,-1,-1,-1,13.356576,1,13.405216,0.423424,13.82864
3324,128,128,-1,-1,-1,-1,-1,13.433216,1,13.48,0.421184,13.901184
3325,128,128,-1,-1,-1,-1,-1,13.276,1,13.325312,0.420992,13.746304
3326,128,2160,-1,-1,-1,-1,-1,-1,0,46.296898,0.407296,46.704194
3327,128,2144,-1,-1,-1,-1,-1,-1,0,48.860542,0.42352,49.284062
3328,128,128,-1,-1,-1,-1,-1,13.734528,1,13.783264,0.428416,14.21168
3329,128,128,-1,-1,-1,-1,-1,13.492768,1,13.540352,0.411424,13.951776
3330,128,128,-1,-1,-1,-1,-1,13.275008,1,13.321728,0.414848,13.736576
3331,128,128,-1,-1,-1,-1,-1,13.190176,1,13.235616,0.417632,13.653248
3332,128,2160,-1,-1,-1,-1,-1,-1,0,46.245026,0.4072,46.652226
3333,128,128,-1,-1,-1,-1,-1,13.267552,1,13.313344,0.419168,13.732512
3334,128,128,-1,-1,-1,-1,-1,13.327776,1,13.374048,0.409248,13.783296
3335,128,2160,-1,-1,-1,-1,-1,-1,0,46.074913,0.413792,46.488705
3336,128,2160,-1,-1,-1,-1,-1,-1,0,48.742977,0.415232,49.158209
3337,128,128,-1,-1,-1,-1,-1,13.534752,1,13.582688,0.412,13.994688
3338,128,128,-1,-1,-1,-1,-1,13.540384,1,13.588832,0.426336,14.015168
3339,128,4192,-1,-1,-1,-1,-1,-1,0,80.688286,0.430368,81.118654
3340,128,2160,-1,-1,-1,-1,-1,-1,0,49.703712,0.414816,50.118528
3341,128,128,-1,-1,-1,-1,-1,13.395968,1,13.444704,0.417344,13.862048
3342,128,128,-1,-1,-1,-1,-1,13.32,1,13.366976,0.415424,13.7824
3343,128,128,-1,-1,-1,-1,-1,13.072224,1,13.117824,0.40352,13.521344
3344,128,128,-1,-1,-1,-1,-1,12.91952,1,12.96384,0.39776,13.3616
3345,128,128,-1,-1,-1,-1,-1,12.81408,1,12.859328,0.397056,13.256384
3346,128,128,-1,-1,-1,-1,-1,12.817088,1,12.861952,0.408896,13.270848
3347,128,128,-1,-1,-1,-1,-1,12.724448,1,12.7688,0.40512,13.17392
3348,128,128,-1,-1,-1,-1,-1,12.697216,1,12.74064,0.393536,13.134176
3349,128,128,-1,-1,-1,-1,-1,12.672256,1,12.715488,0.405376,13.120864
3350,128,128,-1,-1,-1,-1,-1,12.657728,1,12.70144,0.391296,13.092736
3351,128,4192,-1,-1,-1,-1,-1,-1,0,73.674271,0.43872,74.112991
3352,128,128,-1,-1,-1,-1,-1,14.478304,1,14.530208,0.461792,14.992
3353,128,128,-1,-1,-1,-1,-1,14.145088,1,14.194432,0.430496,14.624928
3354,128,128,-1,-1,-1,-1,-1,13.731936,1,13.779616,0.411872,14.191488
3355,128,128,-1,-1,-1,-1,-1,13.243744,1,13.289728,0.419648,13.709376
3356,128,128,-1,-1,-1,-1,-1,13.207296,1,13.252608,0.412448,13.665056
3357,128,2160,-1,-1,-1,-1,-1,-1,0,45.614334,0.404768,46.019102
3358,128,128,-1,-1,-1,-1,-1,13.1712,1,13.215744,0.405408,13.621152
3359,128,128,-1,-1,-1,-1,-1,13.169728,1,13.217568,0.415712,13.63328
3360,128,2160,-1,-1,-1,-1,-1,-1,0,46.291039,0.410656,46.701695
3361,128,2160,-1,-1,-1,-1,-1,-1,0,47.672863,0.407936,48.080799
3362,128,2160,-1,-1,-1,-1,-1,-1,0,47.302177,0.429632,47.731809
3363,128,128,-1,-1,-1,-1,-1,13.431424,1,13.483104,0.417312,13.900416
3364,128,128,-1,-1,-1,-1,-1,13.27744,1,13.325536,0.4224,13.747936
3365,128,2160,-1,-1,-1,-1,-1,-1,0,45.939838,0.405408,46.345246
3366,128,128,-1,-1,-1,-1,-1,13.235264,1,13.279968,0.404128,13.684096
3367,128,2160,-1,-1,-1,-1,-1,-1,0,47.058239,0.410112,47.468351
3368,128,128,-1,-1,-1,-1,-1,13.506816,1,13.555808,0.41024,13.966048
3369,128,2159,-1,-1,-1,-1,-1,-1,0,46.647137,0.408448,47.055585
3370,128,128,-1,-1,-1,-1,-1,13.379072,1,13.424608,0.412352,13.83696
3371,128,2160,-1,-1,-1,-1,-1,-1,0,46.864479,0.41168,47.276159
3372,128,128,-1,-1,-1,-1,-1,13.456128,1,13.50544,0.413376,13.918816
3373,128,2160,-1,-1,-1,-1,-1,-1,0,47.032478,0.410528,47.443006
3374,128,4192,-1,-1,-1,-1,-1,-1,0,77.549599,0.414976,77.964575
3375,128,128,-1,-1,-1,-1,-1,13.646816,1,13.695392,0.415488,14.11088
3376,128,128,-1,-1,-1,-1,-1,13.3384,1,13.385536,0.418368,13.803904
3377,128,128,-1,-1,-1,-1,-1,13.199456,1,13.245696,0.400384,13.64608
3378,128,128,-1,-1,-1,-1,-1,13.077632,1,13.122368,0.416832,13.5392
3379,128,128,-1,-1,-1,-1,-1,13.122048,1,13.167872,0.402976,13.570848
3380,128,2160,-1,-1,-1,-1,-1,-1,0,46.587936,0.411424,46.99936
3381,128,128,-1,-1,-1,-1,-1,13.5168,1,13.563008,0.408128,13.971136
3382,128,2144,-1,-1,-1,-1,-1,-1,0,46.798145,0.405536,47.203681
3383,128,128,-1,-1,-1,-1,-1,13.249088,1,13.294208,0.419296,13.713504
3384,128,2160,-1,-1,-1,-1,-1,-1,0,46.98877,0.411232,47.400002
3385,128,128,-1,-1,-1,-1,-1,13.448864,1,13.49664,0.414816,13.911456
3386,128,128,-1,-1,-1,-1,-1,13.388864,1,13.436768,0.421376,13.858144
3387,128,128,-1,-1,-1,-1,-1,13.368384,1,13.415008,0.410976,13.825984
3388,128,128,-1,-1,-1,-1,-1,13.214016,1,13.259776,0.399232,13.659008
3389,128,128,-1,-1,-1,-1,-1,12.947584,1,12.993824,0.397472,13.391296
3390,128,128,-1,-1,-1,-1,-1,12.906848,1,12.95296,0.407712,13.360672
3391,128,128,-1,-1,-1,-1,-1,12.913024,1,12.95664,0.404544,13.361184
3392,128,128,-1,-1,-1,-1,-1,12.835136,1,12.879584,0.408448,13.288032
3393,128,2160,-1,-1,-1,-1,-1,-1,0,45.284096,0.40512,45.689216
3394,128,128,-1,-1,-1,-1,-1,13.438304,1,13.486368,0.428352,13.91472
3395,128,128,-1,-1,-1,-1,-1,13.453792,1,13.500384,0.404384,13.904768
3396,128,128,-1,-1,-1,-1,-1,13.317664,1,13.36352,0.4072,13.77072
3397,128,6223,-1,-1,-1,-1,-1,-1,0,108.817314,0.432448,109.249762
3398,128,128,-1,-1,-1,-1,-1,14.131744,1,14.181664,0.418976,14.60064
3399,128,6223,-1,-1,-1,-1,-1,-1,0,110.449661,0.433728,110.883389
3400,128,2160,-1,-1,-1,-1,-1,-1,0,49.600544,0.412512,50.013056
3401,128,2160,-1,-1,-1,-1,-1,-1,0,47.789886,0.41248,48.202366
3402,128,2159,-1,-1,-1,-1,-1,-1,0,46.900223,0.409984,47.310207
3403,128,2160,-1,-1,-1,-1,-1,-1,0,47.58131,0.415072,47.996382
3404,128,4191,-1,-1,-1,-1,-1,-1,0,78.396515,0.423488,78.820003
3405,128,4191,-1,-1,-1,-1,-1,-1,0,77.207298,0.419648,77.626946
3406,128,128,-1,-1,-1,-1,-1,13.735968,1,13.784576,0.432096,14.216672
3407,128,2159,-1,-1,-1,-1,-1,-1,0,46.383648,0.406496,46.790144
3408,128,2159,-1,-1,-1,-1,-1,-1,0,46.764706,0.415744,47.18045
3409,128,128,-1,-1,-1,-1,-1,13.321376,1,13.366976,0.405824,13.7728
3410,128,2160,-1,-1,-1,-1,-1,-1,0,46.475521,0.408288,46.883809
3411,128,128,-1,-1,-1,-1,-1,13.389696,1,13.435776,0.411488,13.847264
3412,128,128,-1,-1,-1,-1,-1,13.488608,1,13.536256,0.42384,13.960096
3413,128,2160,-1,-1,-1,-1,-1,-1,0,46.105087,0.40848,46.513567
3414,128,128,-1,-1,-1,-1,-1,13.229472,1,13.275136,0.418752,13.693888
3415,128,2160,-1,-1,-1,-1,-1,-1,0,45.970081,0.40672,46.376801
3416,128,128,-1,-1,-1,-1,-1,13.275616,1,13.323104,0.4072,13.730304
3417,128,128,-1,-1,-1,-1,-1,13.193824,1,13.241728,0.417568,13.659296
3418,128,6224,-1,-1,-1,-1,-1,-1,0,107.569923,0.435104,108.005027
3419,128,128,-1,-1,-1,-1,-1,14.172448,1,14.222624,0.429952,14.652576
3420,128,128,-1,-1,-1,-1,-1,14.104064,1,14.15216,0.42752,14.57968
3421,128,2160,-1,-1,-1,-1,-1,-1,0,46.388191,0.404064,46.792255
3422,128,128,-1,-1,-1,-1,-1,13.29168,1,13.337856,0.422688,13.760544
3423,128,128,-1,-1,-1,-1,-1,13.29408,1,13.34064,0.406816,13.747456
3424,128,2160,-1,-1,-1,-1,-1,-1,0,46.658817,0.4152,47.074017
3425,128,128,-1,-1,-1,-1,-1,13.414784,1,13.461888,0.409312,13.8712
3426,128,128,-1,-1,-1,-1,-1,13.355968,1,13.404416,0.419904,13.82432
3427,128,2160,-1,-1,-1,-1,-1,-1,0,46.063808,0.409728,46.473536
3428,128,128,-1,-1,-1,-1,-1,13.408992,1,13.457472,0.420768,13.87824
3429,128,4192,-1,-1,-1,-1,-1,-1,0,76.731552,0.423072,77.154624
3430,128,4192,-1,-1,-1,-1,-1,-1,0,80.778946,0.431168,81.210114
3431,128,2160,-1,-1,-1,-1,-1,-1,0,50.028866,0.41376,50.442626
3432,128,128,-1,-1,-1,-1,-1,13.492096,1,13.5408,0.40656,13.94736
3433,128,2160,-1,-1,-1,-1,-1,-1,0,46.60416,0.407456,47.011616
3434,128,2160,-1,-1,-1,-1,-1,-1,0,47.203362,0.414752,47.618114
3435,128,128,-1,-1,-1,-1,-1,13.422912,1,13.469984,0.423616,13.8936
3436,128,2160,-1,-1,-1,-1,-1,-1,0,46.454975,0.41152,46.866495
3437,128,2160,-1,-1,-1,-1,-1,-1,0,47.412991,0.412672,47.825663
3438,128,128,-1,-1,-1,-1,-1,13.413536,1,13.46032,0.41056,13.87088
3439,128,8255,-1,-1,-1,-1,-1,-1,0,140.937088,0.423552,141.36064
3440,128,2159,-1,-1,-1,-1,-1,-1,0,48.656193,0.41568,49.071873
3441,128,128,-1,-1,-1,-1,-1,13.404256,1,13.450464,0.408672,13.859136
3442,128,128,-1,-1,-1,-1,-1,13.281632,1,13.327168,0.41696,13.744128
3443,128,128,-1,-1,-1,-1,-1,13.055648,1,13.100224,0.398816,13.49904
3444,128,4192,-1,-1,-1,-1,-1,-1,0,74.13446,0.416224,74.550684
3445,128,2160,-1,-1,-1,-1,-1,-1,0,47.722816,0.409056,48.131872
3446,128,128,-1,-1,-1,-1,-1,13.368288,1,13.416256,0.40832,13.824576
3447,128,2160,-1,-1,-1,-1,-1,-1,0,46.937153,0.411168,47.348321
3448,128,128,-1,-1,-1,-1,-1,13.363552,1,13.410336,0.411264,13.8216
3449,128,128,-1,-1,-1,-1,-1,13.39568,1,13.442912,0.421888,13.8648
3450,128,128,-1,-1,-1,-1,-1,13.236032,1,13.28224,0.404128,13.686368
3451,128,2160,-1,-1,-1,-1,-1,-1,0,46.048546,0.409504,46.45805
3452,128,128,-1,-1,-1,-1,-1,13.295104,1,13.340992,0.420384,13.761376
3453,128,4192,-1,-1,-1,-1,-1,-1,0,76.862556,0.435392,77.297948
3454,128,2160,-1,-1,-1,-1,-1,-1,0,51.144222,0.435808,51.58003
3455,128,2160,-1,-1,-1,-1,-1,-1,0,48.345791,0.414752,48.760543
3456,128,128,-1,-1,-1,-1,-1,13.37216,1,13.418784,0.421568,13.840352
3457,128,4192,-1,-1,-1,-1,-1,-1,0,75.056862,0.419616,75.476478
3458,128,128,-1,-1,-1,-1,-1,13.678944,1,13.726784,0.419392,14.146176
3459,128,128,-1,-1,-1,-1,-1,13.425344,1,13.474656,0.423584,13.89824
3460,128,2160,-1,-1,-1,-1,-1,-1,0,46.037632,0.402848,46.44048
3461,128,2160,-1,-1,-1,-1,-1,-1,0,46.535618,0.410496,46.946114
3462,128,2160,-1,-1,-1,-1,-1,-1,0,46.560543,0.409952,46.970495
3463,128,128,-1,-1,-1,-1,-1,13.217728,1,13.263552,0.419712,13.683264
3464,128,2160,-1,-1,-1,-1,-1,-1,0,46.548992,0.409152,46.958144
3465,128,2160,-1,-1,-1,-1,-1,-1,0,46.863998,0.414048,47.278046
3466,128,128,-1,-1,-1,-1,-1,13.370912,1,13.417728,0.421984,13.839712
3467,128,128,-1,-1,-1,-1,-1,13.322944,1,13.369824,0.420992,13.790816
3468,128,128,-1,-1,-1,-1,-1,13.275712,1,13.321856,0.418528,13.740384
3469,128,2160,-1,-1,-1,-1,-1,-1,0,46.162018,0.413792,46.57581
3470,128,2160,-1,-1,-1,-1,-1,-1,0,48.711266,0.424256,49.135522
3471,128,128,-1,-1,-1,-1,-1,13.577856,1,13.627328,0.417568,14.044896
3472,128,2160,-1,-1,-1,-1,-1,-1,0,47.185249,0.414112,47.599361
3473,128,128,-1,-1,-1,-1,-1,13.268608,1,13.315328,0.408384,13.723712
3474,128,4191,-1,-1,-1,-1,-1,-1,0,77.077347,0.415488,77.492835
3475,128,128,-1,-1,-1,-1,-1,13.437152,1,13.484768,0.42992,13.914688
3476,128,128,-1,-1,-1,-1,-1,13.469888,1,13.520256,0.429632,13.949888
3477,128,2160,-1,-1,-1,-1,-1,-1,0,46.169441,0.406016,46.575457
3478,128,128,-1,-1,-1,-1,-1,13.114816,1,13.163008,0.414048,13.577056
3479,128,4192,-1,-1,-1,-1,-1,-1,0,74.884895,0.419296,75.304191
3480,128,2160,-1,-1,-1,-1,-1,-1,0,52.34816,0.431904,52.780064
3481,128,128,-1,-1,-1,-1,-1,13.983776,1,14.033536,0.410048,14.443584
3482,128,128,-1,-1,-1,-1,-1,13.382112,1,13.429408,0.427936,13.857344
3483,128,128,-1,-1,-1,-1,-1,13.147584,1,13.196416,0.40416,13.600576
3484,128,2159,-1,-1,-1,-1,-1,-1,0,45.270206,0.407136,45.677342
3485,128,128,-1,-1,-1,-1,-1,13.292064,1,13.337248,0.425408,13.762656
3486,128,128,-1,-1,-1,-1,-1,13.36784,1,13.415712,0.41856,13.834272
3487,128,4192,-1,-1,-1,-1,-1,-1,0,77.506813,0.420512,77.927325
3488,128,2160,-1,-1,-1,-1,-1,-1,0,47.901791,0.411744,48.313535
3489,128,128,-1,-1,-1,-1,-1,13.224832,1,13.27216,0.41472,13.68688
3490,128,128,-1,-1,-1,-1,-1,13.215232,1,13.261408,0.406944,13.668352
3491,128,2112,-1,-1,-1,-1,-1,-1,0,46.015392,0.40576,46.421152
3492,128,128,-1,-1,-1,-1,-1,13.161792,1,13.208544,0.419072,13.627616
3493,128,128,-1,-1,-1,-1,-1,13.079808,1,13.124416,0.415104,13.53952
3494,128,128,-1,-1,-1,-1,-1,13.014112,1,13.060448,0.414144,13.474592
3495,128,128,-1,-1,-1,-1,-1,12.950752,1,12.995936,0.409824,13.40576
3496,128,2160,-1,-1,-1,-1,-1,-1,0,45.550816,0.407328,45.958144
3497,128,4192,-1,-1,-1,-1,-1,-1,0,76.150177,0.426048,76.576225
3498,128,128,-1,-1,-1,-1,-1,13.466016,1,13.513632,0.422464,13.936096
3499,128,2160,-1,-1,-1,-1,-1,-1,0,46.464767,0.40784,46.872607
3500,128,2160,-1,-1,-1,-1,-1,-1,0,47.420258,0.408736,47.828994
3501,128,2159,-1,-1,-1,-1,-1,-1,0,46.985344,0.411296,47.39664
3502,128,128,-1,-1,-1,-1,-1,13.263328,1,13.310912,0.42048,13.731392
3503,128,128,-1,-1,-1,-1,-1,13.271328,1,13.317408,0.419584,13.736992
3504,128,128,-1,-1,-1,-1,-1,13.155936,1,13.201888,0.412512,13.6144
3505,128,2160,-1,-1,-1,-1,-1,-1,0,46.270527,0.410112,46.680639
3506,128,128,-1,-1,-1,-1,-1,13.2784,1,13.325056,0.407424,13.73248
3507,128,2160,-1,-1,-1,-1,-1,-1,0,47.196735,0.410528,47.607263
3508,128,2160,-1,-1,-1,-1,-1,-1,0,46.71104,0.408928,47.119969
3509,128,128,-1,-1,-1,-1,-1,13.285024,1,13.330976,0.427392,13.758368
3510,128,2160,-1,-1,-1,-1,-1,-1,0,47.350433,0.416096,47.766529
3511,128,128,-1,-1,-1,-1,-1,13.558048,1,13.606592,0.436416,14.043008
3512,128,4191,-1,-1,-1,-1,-1,-1,0,80.284737,0.421184,80.705921
3513,128,2160,-1,-1,-1,-1,-1,-1,0,48.582401,0.415136,48.997537
3514,128,128,-1,-1,-1,-1,-1,13.35488,1,13.403808,0.422336,13.826144
3515,128,2160,-1,-1,-1,-1,-1,-1,0,46.805729,0.409408,47.215137
3516,128,2160,-1,-1,-1,-1,-1,-1,0,47.747135,0.411936,48.159071
3517,128,128,-1,-1,-1,-1,-1,13.403168,1,13.450208,0.411104,13.861312
3518,128,128,-1,-1,-1,-1,-1,13.331936,1,13.379296,0.41936,13.798656
3519,128,128,-1,-1,-1,-1,-1,13.02992,1,13.075584,0.415104,13.490688
3520,128,128,-1,-1,-1,-1,-1,12.905216,1,12.950016,0.404352,13.354368
3521,128,2160,-1,-1,-1,-1,-1,-1,0,45.428898,0.409088,45.837986
3522,128,128,-1,-1,-1,-1,-1,13.176576,1,13.221856,0.419808,13.641664
3523,128,128,-1,-1,-1,-1,-1,13.186848,1,13.232416,0.408384,13.6408
3524,128,2160,-1,-1,-1,-1,-1,-1,0,45.894112,0.406144,46.300256
3525,128,2160,-1,-1,-1,-1,-1,-1,0,46.752705,0.412128,47.164833
3526,128,128,-1,-1,-1,-1,-1,13.336384,1,13.386144,0.419456,13.8056
3527,128,128,-1,-1,-1,-1,-1,13.259904,1,13.307808,0.411872,13.71968
3528,128,128,-1,-1,-1,-1,-1,13.17264,1,13.221408,0.415744,13.637152
3529,128,128,-1,-1,-1,-1,-1,13.051168,1,13.09712,0.41408,13.5112
3530,128,128,-1,-1,-1,-1,-1,12.790528,1,12.835616,0.399072,13.234688
3531,128,128,-1,-1,-1,-1,-1,12.756032,1,12.800448,0.408576,13.209024
3532,128,2160,-1,-1,-1,-1,-1,-1,0,45.340096,0.407136,45.747232
3533,128,2144,-1,-1,-1,-1,-1,-1,0,47.729984,0.41312,48.143104
3534,128,128,-1,-1,-1,-1,-1,13.47456,1,13.521504,0.427488,13.948992
3535,128,128,-1,-1,-1,-1,-1,13.473664,1,13.520032,0.422144,13.942176
3536,128,128,-1,-1,-1,-1,-1,13.18624,1,13.232288,0.413504,13.645792
3537,128,128,-1,-1,-1,-1,-1,12.981664,1,13.026848,0.398784,13.425632
3538,128,128,-1,-1,-1,-1,-1,12.823488,1,12.869312,0.412576,13.281888
3539,128,2160,-1,-1,-1,-1,-1,-1,0,45.511135,0.404896,45.916031
3540,128,6224,-1,-1,-1,-1,-1,-1,0,110.40493,0.43424,110.83917
3541,128,4192,-1,-1,-1,-1,-1,-1,0,78.74118,0.42,79.16118
3542,128,128,-1,-1,-1,-1,-1,13.662848,1,13.71056,0.428672,14.139232
3543,128,128,-1,-1,-1,-1,-1,13.585472,1,13.633952,0.423424,14.057376
3544,128,128,-1,-1,-1,-1,-1,13.275456,1,13.322752,0.413952,13.736704
3545,128,128,-1,-1,-1,-1,-1,13.128256,1,13.173312,0.412672,13.585984
3546,128,128,-1,-1,-1,-1,-1,12.942752,1,12.98816,0.416512,13.404672
3547,128,4192,-1,-1,-1,-1,-1,-1,0,75.016769,0.42416,75.440929
3548,128,2160,-1,-1,-1,-1,-1,-1,0,49.060032,0.415232,49.475264
3549,128,2160,-1,-1,-1,-1,-1,-1,0,48.058975,0.412,48.470975
3550,128,2160,-1,-1,-1,-1,-1,-1,0,47.541985,0.41168,47.953665
3551,128,128,-1,-1,-1,-1,-1,13.291584,1,13.337696,0.40688,13.744576
3552,128,128,-1,-1,-1,-1,-1,13.281344,1,13.32848,0.41216,13.74064
3553,128,128,-1,-1,-1,-1,-1,13.13904,1,13.185984,0.416352,13.602336
3554,128,128,-1,-1,-1,-1,-1,12.978624,1,13.024832,0.404192,13.429024
3555,128,128,-1,-1,-1,-1,-1,12.914496,1,12.960992,0.401696,13.362688
3556,128,2160,-1,-1,-1,-1,-1,-1,0,45.551487,0.40752,45.959007
3557,128,128,-1,-1,-1,-1,-1,13.107904,1,13.155552,0.415264,13.570816
3558,128,128,-1,-1,-1,-1,-1,13.126464,1,13.172032,0.420384,13.592416
3559,128,128,-1,-1,-1,-1,-1,12.970368,1,13.019424,0.41536,13.434784
3560,128,128,-1,-1,-1,-1,-1,12.929984,1,12.976608,0.413088,13.389696
3561,128,128,-1,-1,-1,-1,-1,12.86816,1,12.91328,0.414816,13.328096
3562,128,128,-1,-1,-1,-1,-1,12.794112,1,12.841088,0.404608,13.245696
3563,128,128,-1,-1,-1,-1,-1,12.759744,1,12.806336,0.398272,13.204608
3564,128,128,-1,-1,-1,-1,-1,12.681088,1,12.726432,0.408352,13.134784
3565,128,128,-1,-1,-1,-1,-1,12.684352,1,12.729472,0.4048,13.134272
3566,128,128,-1,-1,-1,-1,-1,12.645984,1,12.690624,0.397248,13.087872
3567,128,128,-1,-1,-1,-1,-1,12.653504,1,12.69952,0.396736,13.096256
3568,128,128,-1,-1,-1,-1,-1,12.68736,1,12.7328,0.404736,13.137536
3569,128,2160,-1,-1,-1,-1,-1,-1,0,45.767265,0.409568,46.176833
3570,128,4191,-1,-1,-1,-1,-1,-1,0,79.543808,0.43184,79.975648
3571,128,128,-1,-1,-1,-1,-1,13.795776,1,13.844,0.430496,14.274496
3572,128,128,-1,-1,-1,-1,-1,13.629248,1,13.678048,0.417824,14.095872
3573,128,128,-1,-1,-1,-1,-1,13.281632,1,13.328608,0.401984,13.730592
3574,128,2160,-1,-1,-1,-1,-1,-1,0,45.445122,0.406848,45.85197
3575,128,2160,-1,-1,-1,-1,-1,-1,0,46.734783,0.411904,47.146687
3576,128,2160,-1,-1,-1,-1,-1,-1,0,47.829216,0.417984,48.2472
3577,128,128,-1,-1,-1,-1,-1,13.433344,1,13.481056,0.411904,13.89296
3578,128,128,-1,-1,-1,-1,-1,13.3048,1,13.350944,0.415488,13.766432
3579,128,128,-1,-1,-1,-1,-1,13.170752,1,13.21472,0.409056,13.623776
3580,128,128,-1,-1,-1,-1,-1,13.154784,1,13.2016,0.406528,13.608128
3581,128,128,-1,-1,-1,-1,-1,13.040672,1,13.08576,0.403456,13.489216
3582,128,2159,-1,-1,-1,-1,-1,-1,0,45.276798,0.4112,45.687998
3583,128,2160,-1,-1,-1,-1,-1,-1,0,47.209599,0.415424,47.625023
3584,128,128,-1,-1,-1,-1,-1,13.546144,1,13.592992,0.427808,14.0208
3585,128,128,-1,-1,-1,-1,-1,13.410656,1,13.457984,0.4088,13.866784
3586,128,128,-1,-1,-1,-1,-1,13.280672,1,13.326208,0.4128,13.739008
3587,128,128,-1,-1,-1,-1,-1,13.054912,1,13.099328,0.416512,13.51584
3588,128,2160,-1,-1,-1,-1,-1,-1,0,46.378239,0.41456,46.792799
3589,128,128,-1,-1,-1,-1,-1,13.50512,1,13.552608,0.409664,13.962272
3590,128,128,-1,-1,-1,-1,-1,13.392768,1,13.439872,0.413344,13.853216
3591,128,128,-1,-1,-1,-1,-1,13.307136,1,13.353024,0.421664,13.774688
3592,128,128,-1,-1,-1,-1,-1,13.179168,1,13.226432,0.406208,13.63264
3593,128,128,-1,-1,-1,-1,-1,12.935392,1,12.980704,0.397248,13.377952
3594,128,2160,-1,-1,-1,-1,-1,-1,0,45.675999,0.407552,46.083551
3595,128,128,-1,-1,-1,-1,-1,13.425152,1,13.470432,0.411168,13.8816
3596,128,128,-1,-1,-1,-1,-1,13.36224,1,13.409888,0.418208,13.828096
3597,128,128,-1,-1,-1,-1,-1,13.219584,1,13.265824,0.41808,13.683904
3598,128,128,-1,-1,-1,-1,-1,13.10128,1,13.147296,0.407968,13.555264
3599,128,2160,-1,-1,-1,-1,-1,-1,0,45.680832,0.4048,46.085632
3600,128,128,-1,-1,-1,-1,-1,13.472128,1,13.517792,0.41568,13.933472
3601,128,2160,-1,-1,-1,-1,-1,-1,0,47.320606,0.414272,47.734878
3602,128,128,-1,-1,-1,-1,-1,13.436544,1,13.482656,0.40832,13.890976
3603,128,128,-1,-1,-1,-1,-1,13.244992,1,13.292,0.417344,13.709344
3604,128,2160,-1,-1,-1,-1,-1,-1,0,45.951424,0.405504,46.356928
3605,128,2160,-1,-1,-1,-1,-1,-1,0,46.937119,0.40928,47.346399
3606,128,128,-1,-1,-1,-1,-1,13.350336,1,13.398432,0.421184,13.819616
3607,128,128,-1,-1,-1,-1,-1,13.305088,1,13.351328,0.405248,13.756576
3608,128,128,-1,-1,-1,-1,-1,13.233472,1,13.279616,0.405184,13.6848
3609,128,128,-1,-1,-1,-1,-1,13.119712,1,13.164064,0.403168,13.567232
3610,128,2160,-1,-1,-1,-1,-1,-1,0,46.14893,0.416032,46.564962
3611,128,2160,-1,-1,-1,-1,-1,-1,0,47.577503,0.412768,47.990271
3612,128,2159,-1,-1,-1,-1,-1,-1,0,46.529182,0.407072,46.936254
3613,128,128,-1,-1,-1,-1,-1,13.433376,1,13.479328,0.422432,13.90176
3614,128,128,-1,-1,-1,-1,-1,13.367392,1,13.41376,0.41216,13.82592
3615,128,128,-1,-1,-1,-1,-1,13.299008,1,13.345248,0.420416,13.765664
3616,128,2160,-1,-1,-1,-1,-1,-1,0,46.512321,0.412,46.924321
3617,128,128,-1,-1,-1,-1,-1,13.37152,1,13.41696,0.422656,13.839616
3618,128,128,-1,-1,-1,-1,-1,13.271776,1,13.317504,0.42768,13.745184
3619,128,128,-1,-1,-1,-1,-1,13.109792,1,13.153984,0.396448,13.550432
3620,128,2159,-1,-1,-1,-1,-1,-1,0,45.229759,0.428192,45.657951
3621,128,2160,-1,-1,-1,-1,-1,-1,0,47.652447,0.41472,48.067167
3622,128,128,-1,-1,-1,-1,-1,13.56192,1,13.611488,0.422944,14.034432
3623,128,128,-1,-1,-1,-1,-1,13.433152,1,13.479776,0.407744,13.88752
3624,128,4192,-1,-1,-1,-1,-1,-1,0,77.142174,0.413664,77.555838
3625,128,2160,-1,-1,-1,-1,-1,-1,0,49.468674,0.419872,49.888546
3626,128,2160,-1,-1,-1,-1,-1,-1,0,48.445248,0.413728,48.858976
3627,128,128,-1,-1,-1,-1,-1,13.435808,1,13.481664,0.4144,13.896064
3628,128,128,-1,-1,-1,-1,-1,13.361568,1,13.409728,0.41952,13.829248
3629,128,2160,-1,-1,-1,-1,-1,-1,0,46.058784,0.410176,46.46896
3630,128,128,-1,-1,-1,-1,-1,13.441376,1,13.488224,0.42048,13.908704
3631,128,2160,-1,-1,-1,-1,-1,-1,0,47.304897,0.412128,47.717025
3632,128,2160,-1,-1,-1,-1,-1,-1,0,47.891071,0.41408,48.305151
3633,128,128,-1,-1,-1,-1,-1,13.45024,1,13.496384,0.40512,13.901504
3634,128,128,-1,-1,-1,-1,-1,13.30192,1,13.348896,0.417728,13.766624
3635,128,128,-1,-1,-1,-1,-1,13.07456,1,13.12032,0.413952,13.534272
3636,128,128,-1,-1,-1,-1,-1,12.967232,1,13.013696,0.400192,13.413888
3637,128,2160,-1,-1,-1,-1,-1,-1,0,45.541985,0.410336,45.952321
3638,128,128,-1,-1,-1,-1,-1,13.270464,1,13.316256,0.404192,13.720448
3639,128,4192,-1,-1,-1,-1,-1,-1,0,75.465858,0.424544,75.890402
3640,128,128,-1,-1,-1,-1,-1,13.820672,1,13.869248,0.432928,14.302176
3641,128,128,-1,-1,-1,-1,-1,13.511136,1,13.55984,0.407808,13.967648
3642,128,4191,-1,-1,-1,-1,-1,-1,0,75.239075,0.432992,75.672067
3643,128,128,-1,-1,-1,-1,-1,14.217472,1,14.268256,0.429824,14.69808
3644,128,2160,-1,-1,-1,-1,-1,-1,0,48.379871,0.4104,48.790271
3645,128,2160,-1,-1,-1,-1,-1,-1,0,47.343487,0.407648,47.751135
3646,128,2160,-1,-1,-1,-1,-1,-1,0,47.141342,0.412032,47.553374
3647,128,128,-1,-1,-1,-1,-1,13.343584,1,13.391936,0.42096,13.812896
3648,128,128,-1,-1,-1,-1,-1,13.344992,1,13.390784,0.41344,13.804224
3649,128,4192,-1,-1,-1,-1,-1,-1,0,75.197472,0.421312,75.618784
3650,128,128,-1,-1,-1,-1,-1,13.871488,1,13.919968,0.42144,14.341408
3651,128,128,-1,-1,-1,-1,-1,13.737696,1,13.78528,0.428896,14.214176
3652,128,4192,-1,-1,-1,-1,-1,-1,0,76.530205,0.427552,76.957757
3653,128,128,-1,-1,-1,-1,-1,13.880608,1,13.928736,0.43232,14.361056
3654,128,2160,-1,-1,-1,-1,-1,-1,0,47.588383,0.410592,47.998975
3655,128,2160,-1,-1,-1,-1,-1,-1,0,47.349247,0.4136,47.762847
3656,128,2160,-1,-1,-1,-1,-1,-1,0,47.534657,0.415488,47.950145
3657,128,2160,-1,-1,-1,-1,-1,-1,0,47.70253,0.411808,48.114338
3658,128,2160,-1,-1,-1,-1,-1,-1,0,47.969055,0.41184,48.380895
3659,128,128,-1,-1,-1,-1,-1,13.464832,1,13.512096,0.409952,13.922048
3660,128,2160,-1,-1,-1,-1,-1,-1,0,47.374722,0.41328,47.788002
3661,128,128,-1,-1,-1,-1,-1,13.422528,1,13.470464,0.421856,13.89232
3662,128,128,-1,-1,-1,-1,-1,13.300384,1,13.345248,0.406752,13.752
3663,128,128,-1,-1,-1,-1,-1,13.162016,1,13.209024,0.400256,13.60928
3664,128,2160,-1,-1,-1,-1,-1,-1,0,45.856224,0.407168,46.263392
3665,128,128,-1,-1,-1,-1,-1,13.1624,1,13.209024,0.40704,13.616064
3666,128,128,-1,-1,-1,-1,-1,13.387584,1,13.432704,0.416672,13.849376
3667,128,128,-1,-1,-1,-1,-1,13.088384,1,13.133408,0.404064,13.537472
3668,128,128,-1,-1,-1,-1,-1,12.963808,1,13.009056,0.402592,13.411648
3669,128,128,-1,-1,-1,-1,-1,12.921792,1,12.966592,0.395968,13.36256
3670,128,128,-1,-1,-1,-1,-1,12.875456,1,12.919872,0.4064,13.326272
3671,128,4192,-1,-1,-1,-1,-1,-1,0,73.736931,0.41072,74.147651
3672,128,2160,-1,-1,-1,-1,-1,-1,0,49.765343,0.425792,50.191135
3673,128,2160,-1,-1,-1,-1,-1,-1,0,47.923008,0.410752,48.33376
3674,128,2160,-1,-1,-1,-1,-1,-1,0,46.745377,0.412224,47.157601
3675,128,2160,-1,-1,-1,-1,-1,-1,0,46.827553,0.407872,47.235425
3676,128,128,-1,-1,-1,-1,-1,13.322528,1,13.36976,0.416544,13.786304
3677,128,2160,-1,-1,-1,-1,-1,-1,0,46.720608,0.406848,47.127456
3678,128,128,-1,-1,-1,-1,-1,13.407264,1,13.453632,0.426624,13.880256
3679,128,128,-1,-1,-1,-1,-1,13.256416,1,13.302592,0.417504,13.720096
3680,128,128,-1,-1,-1,-1,-1,13.183008,1,13.228672,0.409696,13.638368
3681,128,2160,-1,-1,-1,-1,-1,-1,0,46.231422,0.40672,46.638142
3682,128,2159,-1,-1,-1,-1,-1,-1,0,47.383617,0.4192,47.802817
3683,128,2160,-1,-1,-1,-1,-1,-1,0,48.303104,0.41376,48.716864
3684,128,2159,-1,-1,-1,-1,-1,-1,0,47.652287,0.418496,48.070783
3685,128,128,-1,-1,-1,-1,-1,13.469376,1,13.516608,0.41312,13.929728
3686,128,2160,-1,-1,-1,-1,-1,-1,0,46.535137,0.411776,46.946913
3687,128,6224,-1,-1,-1,-1,-1,-1,0,107.755775,0.428928,108.184703
3688,128,8256,-1,-1,-1,-1,-1,-1,0,144.693726,0.435168,145.128894
3689,128,2160,-1,-1,-1,-1,-1,-1,0,49.444416,0.413184,49.8576
3690,128,2160,-1,-1,-1,-1,-1,-1,0,47.046207,0.408,47.454207
3691,128,2160,-1,-1,-1,-1,-1,-1,0,47.480129,0.415104,47.895233
3692,128,128,-1,-1,-1,-1,-1,13.396736,1,13.445088,0.422368,13.867456
3693,128,128,-1,-1,-1,-1,-1,13.334304,1,13.382208,0.403264,13.785472
3694,128,128,-1,-1,-1,-1,-1,13.195072,1,13.240576,0.417568,13.658144
3695,128,2160,-1,-1,-1,-1,-1,-1,0,46.477345,0.41328,46.890625
3696,128,128,-1,-1,-1,-1,-1,13.397952,1,13.446304,0.420224,13.866528
3697,128,128,-1,-1,-1,-1,-1,13.417344,1,13.464224,0.422272,13.886496
3698,128,128,-1,-1,-1,-1,-1,13.21488,1,13.261024,0.411584,13.672608
3699,128,128,-1,-1,-1,-1,-1,13.061888,1,13.106592,0.415808,13.5224
3700,128,6223,-1,-1,-1,-1,-1,-1,0,105.8367,0.42848,106.26518
3701,128,6208,-1,-1,-1,-1,-1,-1,0,109.479805,0.430912,109.910717
3702,128,2160,-1,-1,-1,-1,-1,-1,0,49.932449,0.423072,50.355521
3703,128,2160,-1,-1,-1,-1,-1,-1,0,48.00835,0.415264,48.423614
3704,128,128,-1,-1,-1,-1,-1,13.376256,1,13.4224,0.42272,13.84512
3705,128,2160,-1,-1,-1,-1,-1,-1,0,46.504608,0.412512,46.91712
3706,128,128,-1,-1,-1,-1,-1,13.360992,1,13.408,0.422048,13.830048
3707,128,128,-1,-1,-1,-1,-1,13.30176,1,13.349664,0.404128,13.753792
3708,128,2159,-1,-1,-1,-1,-1,-1,0,46.088417,0.412832,46.501249
3709,128,128,-1,-1,-1,-1,-1,13.251264,1,13.296672,0.411296,13.707968
3710,128,128,-1,-1,-1,-1,-1,13.196128,1,13.243744,0.417216,13.66096
3711,128,128,-1,-1,-1,-1,-1,13.053856,1,13.100192,0.416224,13.516416
3712,128,128,-1,-1,-1,-1,-1,13.06208,1,13.107264,0.409632,13.516896
3713,128,128,-1,-1,-1,-1,-1,13.055968,1,13.100352,0.404608,13.50496
3714,128,2160,-1,-1,-1,-1,-1,-1,0,46.612736,0.409408,47.022144
3715,128,128,-1,-1,-1,-1,-1,13.36352,1,13.412096,0.416576,13.828672
3716,128,2144,-1,-1,-1,-1,-1,-1,0,47.407391,0.416352,47.823743
3717,128,128,-1,-1,-1,-1,-1,13.431392,1,13.478528,0.423392,13.90192
3718,128,2160,-1,-1,-1,-1,-1,-1,0,47.25824,0.410208,47.668448
3719,128,2160,-1,-1,-1,-1,-1,-1,0,47.272545,0.40976,47.682305
3720,128,6224,-1,-1,-1,-1,-1,-1,0,111.45462,0.427232,111.881852
3721,128,128,-1,-1,-1,-1,-1,13.911808,1,13.961632,0.436064,14.397696
3722,128,128,-1,-1,-1,-1,-1,13.762272,1,13.811872,0.428032,14.239904
3723,128,2160,-1,-1,-1,-1,-1,-1,0,46.250591,0.407296,46.657887
3724,128,2159,-1,-1,-1,-1,-1,-1,0,46.524609,0.412224,46.936833
3725,128,128,-1,-1,-1,-1,-1,13.320224,1,13.367232,0.407872,13.775104
3726,128,128,-1,-1,-1,-1,-1,13.24448,1,13.289824,0.42464,13.714464
3727,128,2160,-1,-1,-1,-1,-1,-1,0,46.552994,0.410176,46.96317
3728,128,4191,-1,-1,-1,-1,-1,-1,0,75.857086,0.415264,76.27235
3729,128,128,-1,-1,-1,-1,-1,13.371776,1,13.418048,0.414208,13.832256
3730,128,128,-1,-1,-1,-1,-1,13.259904,1,13.306432,0.405344,13.711776
3731,128,128,-1,-1,-1,-1,-1,13.178048,1,13.223296,0.405536,13.628832
3732,128,128,-1,-1,-1,-1,-1,13.064,1,13.1096,0.415776,13.525376
3733,128,2160,-1,-1,-1,-1,-1,-1,0,45.921791,0.41504,46.336831
3734,128,2160,-1,-1,-1,-1,-1,-1,0,47.62067,0.4144,48.03507
3735,128,4192,-1,-1,-1,-1,-1,-1,0,76.246559,0.418976,76.665535
3736,128,2160,-1,-1,-1,-1,-1,-1,0,48.541599,0.41408,48.955679
3737,128,128,-1,-1,-1,-1,-1,13.294336,1,13.341312,0.420736,13.762048
3738,128,4192,-1,-1,-1,-1,-1,-1,0,77.165443,0.412928,77.578371
3739,128,128,-1,-1,-1,-1,-1,13.446336,1,13.494464,0.403456,13.89792
3740,128,2160,-1,-1,-1,-1,-1,-1,0,46.4944,0.422528,46.916928
3741,128,128,-1,-1,-1,-1,-1,13.278112,1,13.324896,0.422048,13.746944
3742,128,128,-1,-1,-1,-1,-1,13.223168,1,13.269888,0.416672,13.68656
3743,128,2160,-1,-1,-1,-1,-1,-1,0,46.581886,0.406176,46.988062
3744,128,128,-1,-1,-1,-1,-1,13.235872,1,13.28336,0.409248,13.692608
3745,128,128,-1,-1,-1,-1,-1,13.191232,1,13.236576,0.423552,13.660128
3746,128,128,-1,-1,-1,-1,-1,13.18112,1,13.226944,0.408384,13.635328
3747,128,2159,-1,-1,-1,-1,-1,-1,0,45.335201,0.404,45.739201
3748,128,128,-1,-1,-1,-1,-1,13.128832,1,13.175008,0.410752,13.58576
3749,128,4191,-1,-1,-1,-1,-1,-1,0,76.980064,0.425568,77.405632
3750,128,2160,-1,-1,-1,-1,-1,-1,0,48.525375,0.414816,48.940191
3751,128,2160,-1,-1,-1,-1,-1,-1,0,47.360672,0.410144,47.770816
3752,128,128,-1,-1,-1,-1,-1,13.231648,1,13.278176,0.416512,13.694688
3753,128,128,-1,-1,-1,-1,-1,13.173856,1,13.218688,0.415552,13.63424
3754,128,128,-1,-1,-1,-1,-1,13.006112,1,13.051776,0.407168,13.458944
3755,128,128,-1,-1,-1,-1,-1,12.995744,1,13.040544,0.420192,13.460736
3756,128,128,-1,-1,-1,-1,-1,13.0,1,13.0456,0.411488,13.457088
3757,128,128,-1,-1,-1,-1,-1,12.886368,1,12.932704,0.412416,13.34512
3758,128,128,-1,-1,-1,-1,-1,12.702688,1,12.746272,0.40768,13.153952
3759,128,128,-1,-1,-1,-1,-1,12.682016,1,12.726752,0.410976,13.137728
3760,128,128,-1,-1,-1,-1,-1,12.687424,1,12.733248,0.406528,13.139776
3761,128,2160,-1,-1,-1,-1,-1,-1,0,45.693535,0.40832,46.101855
3762,128,2160,-1,-1,-1,-1,-1,-1,0,47.728703,0.41504,48.143743
3763,128,128,-1,-1,-1,-1,-1,13.354848,1,13.401696,0.406112,13.807808
3764,128,2160,-1,-1,-1,-1,-1,-1,0,47.521984,0.4112,47.933184
3765,128,128,-1,-1,-1,-1,-1,13.361568,1,13.4096,0.412768,13.822368
3766,128,4192,-1,-1,-1,-1,-1,-1,0,76.197983,0.42368,76.621663
3767,128,128,-1,-1,-1,-1,-1,13.9568,1,14.004992,0.4416,14.446592
3768,128,128,-1,-1,-1,-1,-1,13.537152,1,13.586528,0.42256,14.009088
3769,128,2160,-1,-1,-1,-1,-1,-1,0,46.546143,0.407328,46.953471
3770,128,128,-1,-1,-1,-1,-1,13.366656,1,13.414688,0.42432,13.839008
3771,128,2160,-1,-1,-1,-1,-1,-1,0,46.941727,0.408992,47.350719
3772,128,128,-1,-1,-1,-1,-1,13.281344,1,13.327712,0.410752,13.738464
3773,128,128,-1,-1,-1,-1,-1,13.136992,1,13.183744,0.414528,13.598272
3774,128,2160,-1,-1,-1,-1,-1,-1,0,45.75565,0.407744,46.163394
3775,128,2160,-1,-1,-1,-1,-1,-1,0,46.692863,0.412064,47.104927
3776,128,128,-1,-1,-1,-1,-1,13.406528,1,13.454304,0.42288,13.877184
3777,128,128,-1,-1,-1,-1,-1,13.250688,1,13.297664,0.405024,13.702688
3778,128,2159,-1,-1,-1,-1,-1,-1,0,46.251202,0.412352,46.663554
3779,128,128,-1,-1,-1,-1,-1,13.383424,1,13.429696,0.42336,13.853056
3780,128,128,-1,-1,-1,-1,-1,13.372768,1,13.425536,0.417632,13.843168
3781,128,128,-1,-1,-1,-1,-1,13.178656,1,13.226848,0.420992,13.64784
3782,128,4192,-1,-1,-1,-1,-1,-1,0,76.119331,0.444608,76.563939
3783,128,128,-1,-1,-1,-1,-1,14.366016,1,14.416928,0.443552,14.86048
3784,128,128,-1,-1,-1,-1,-1,14.14992,1,14.202048,0.42496,14.627008
3785,128,2160,-1,-1,-1,-1,-1,-1,0,47.655968,0.409728,48.065696
3786,128,128,-1,-1,-1,-1,-1,13.267872,1,13.319104,0.42896,13.748064
3787,128,128,-1,-1,-1,-1,-1,13.193216,1,13.238208,0.403104,13.641312
3788,128,2159,-1,-1,-1,-1,-1,-1,0,46.296288,0.439904,46.736192
3789,128,4192,-1,-1,-1,-1,-1,-1,0,77.248962,0.417504,77.666466
3790,128,2144,-1,-1,-1,-1,-1,-1,0,48.833057,0.441984,49.275041
3791,128,128,-1,-1,-1,-1,-1,13.339392,1,13.387552,0.417248,13.8048
3792,128,128,-1,-1,-1,-1,-1,13.255552,1,13.301312,0.418976,13.720288
3793,128,128,-1,-1,-1,-1,-1,13.072672,1,13.118592,0.41824,13.536832
3794,128,128,-1,-1,-1,-1,-1,12.963232,1,13.008032,0.409216,13.417248
3795,128,128,-1,-1,-1,-1,-1,12.84368,1,12.887808,0.414112,13.30192
3796,128,128,-1,-1,-1,-1,-1,12.847168,1,12.891456,0.401536,13.292992
3797,128,128,-1,-1,-1,-1,-1,12.81104,1,12.860128,0.39776,13.257888
3798,128,2160,-1,-1,-1,-1,-1,-1,0,45.997505,0.413408,46.410913
3799,128,2160,-1,-1,-1,-1,-1,-1,0,49.112766,0.41488,49.527646
3800,128,128,-1,-1,-1,-1,-1,13.488352,1,13.535936,0.417152,13.953088
3801,128,128,-1,-1,-1,-1,-1,13.279936,1,13.327488,0.452864,13.780352
3802,128,2160,-1,-1,-1,-1,-1,-1,0,46.526943,0.409568,46.936511
3803,128,2160,-1,-1,-1,-1,-1,-1,0,48.140511,0.44032,48.580831
3804,128,2160,-1,-1,-1,-1,-1,-1,0,47.965954,0.430272,48.396226
3805,128,2159,-1,-1,-1,-1,-1,-1,0,47.318722,0.439392,47.758114
3806,128,128,-1,-1,-1,-1,-1,13.37968,1,13.43232,0.432128,13.864448
3807,128,128,-1,-1,-1,-1,-1,13.246912,1,13.297376,0.434464,13.73184
3808,128,128,-1,-1,-1,-1,-1,13.112288,1,13.163488,0.415616,13.579104
3809,128,128,-1,-1,-1,-1,-1,12.873856,1,12.926016,0.41264,13.338656
3810,128,128,-1,-1,-1,-1,-1,12.855424,1,12.903424,0.444608,13.348032
3811,128,128,-1,-1,-1,-1,-1,12.711872,1,12.760096,0.43696,13.197056
3812,128,128,-1,-1,-1,-1,-1,12.69856,1,12.745696,0.398944,13.14464
3813,128,128,-1,-1,-1,-1,-1,12.723072,1,12.769376,0.413568,13.182944
3814,128,128,-1,-1,-1,-1,-1,12.745536,1,12.79184,0.449216,13.241056
3815,128,128,-1,-1,-1,-1,-1,12.797792,1,12.844576,0.410816,13.255392
3816,128,128,-1,-1,-1,-1,-1,12.780864,1,12.82736,0.419296,13.246656
3817,128,128,-1,-1,-1,-1,-1,12.7624,1,12.808448,0.412928,13.221376
3818,128,128,-1,-1,-1,-1,-1,12.77872,1,12.825888,0.41344,13.239328
3819,128,128,-1,-1,-1,-1,-1,12.763328,1,12.809216,0.412448,13.221664
3820,128,128,-1,-1,-1,-1,-1,12.758752,1,12.805408,0.408896,13.214304
3821,128,128,-1,-1,-1,-1,-1,12.759296,1,12.805728,0.397856,13.203584
3822,128,2160,-1,-1,-1,-1,-1,-1,0,46.321121,0.442016,46.763137
3823,128,128,-1,-1,-1,-1,-1,13.593344,1,13.641536,0.4216,14.063136
3824,128,128,-1,-1,-1,-1,-1,13.562464,1,13.613824,0.424736,14.03856
3825,128,128,-1,-1,-1,-1,-1,13.366688,1,13.4184,0.41872,13.83712
3826,128,128,-1,-1,-1,-1,-1,13.111488,1,13.161536,0.433344,13.59488
3827,128,128,-1,-1,-1,-1,-1,13.01904,1,13.069024,0.402496,13.47152
3828,128,2160,-1,-1,-1,-1,-1,-1,0,45.773632,0.435424,46.209056
3829,128,128,-1,-1,-1,-1,-1,13.4328,1,13.483648,0.411296,13.894944
3830,128,2160,-1,-1,-1,-1,-1,-1,0,47.253407,0.434656,47.688063
3831,128,128,-1,-1,-1,-1,-1,13.476256,1,13.526048,0.437312,13.96336
3832,128,2160,-1,-1,-1,-1,-1,-1,0,47.705856,0.416096,48.121952
3833,128,4192,-1,-1,-1,-1,-1,-1,0,76.564384,0.441728,77.006112
3834,128,2160,-1,-1,-1,-1,-1,-1,0,49.476929,0.44032,49.917249
3835,128,2160,-1,-1,-1,-1,-1,-1,0,47.677666,0.438688,48.116354
3836,128,128,-1,-1,-1,-1,-1,13.430912,1,13.483008,0.435712,13.91872
3837,128,128,-1,-1,-1,-1,-1,13.354464,1,13.404992,0.43456,13.839552
3838,127,127,-1,-1,-1,-1,-1,13.082304,1,13.1328,0.417728,13.550528
3839,127,127,-1,-1,-1,-1,-1,13.007808,1,13.058112,0.411392,13.469504
3840,126,126,-1,-1,-1,-1,-1,12.927744,1,12.975968,0.428128,13.404096
3841,126,126,-1,-1,-1,-1,-1,12.910752,1,12.961344,0.41856,13.379904
3842,126,126,-1,-1,-1,-1,-1,12.89008,1,12.938848,0.436992,13.37584
3843,126,126,-1,-1,-1,-1,-1,12.75056,1,12.79792,0.3984,13.19632
3844,126,126,-1,-1,-1,-1,-1,12.752864,1,12.8016,0.440064,13.241664
3845,124,124,-1,-1,-1,-1,-1,12.68032,1,12.731168,0.39504,13.126208
3846,123,123,-1,-1,-1,-1,-1,12.616032,1,12.66448,0.43584,13.10032
3847,123,123,-1,-1,-1,-1,-1,12.583584,1,12.63504,0.407968,13.043008
3848,122,122,-1,-1,-1,-1,-1,12.55872,1,12.605216,0.403488,13.008704
3849,122,122,-1,-1,-1,-1,-1,12.55904,1,12.609952,0.395616,13.005568
3850,122,122,-1,-1,-1,-1,-1,12.572864,1,12.624448,0.393664,13.018112
3851,121,121,-1,-1,-1,-1,-1,12.559072,1,12.607616,0.434176,13.041792
3852,119,119,-1,-1,-1,-1,-1,12.520544,1,12.569536,0.392224,12.96176
3853,119,119,-1,-1,-1,-1,-1,12.634656,1,12.682432,0.443232,13.125664
3854,119,119,-1,-1,-1,-1,-1,12.612,1,12.659808,0.433664,13.093472
3855,119,119,-1,-1,-1,-1,-1,12.594272,1,12.640576,0.404448,13.045024
3856,119,119,-1,-1,-1,-1,-1,12.560288,1,12.605344,0.43504,13.040384
3857,119,119,-1,-1,-1,-1,-1,12.558432,1,12.6048,0.39216,12.99696
3858,118,118,-1,-1,-1,-1,-1,12.574624,1,12.623712,0.401408,13.02512
3859,117,117,-1,-1,-1,-1,-1,12.564,1,12.612128,0.413248,13.025376
3860,117,117,-1,-1,-1,-1,-1,12.568032,1,12.619232,0.402528,13.02176
3861,115,115,-1,-1,-1,-1,-1,11.91504,1,11.966112,0.431808,12.39792
3862,115,115,-1,-1,-1,-1,-1,11.931104,1,11.981664,0.402816,12.38448
3863,115,115,-1,-1,-1,-1,-1,11.958976,1,12.009856,0.404384,12.41424
3864,115,115,-1,-1,-1,-1,-1,11.99664,1,12.046944,0.433952,12.480896
3865,115,115,-1,-1,-1,-1,-1,12.004832,1,12.05248,0.390656,12.443136
3866,115,115,-1,-1,-1,-1,-1,11.962784,1,12.01312,0.414048,12.427168
3867,115,115,-1,-1,-1,-1,-1,11.95392,1,12.001504,0.430528,12.432032
3868,115,115,-1,-1,-1,-1,-1,11.92224,1,11.969184,0.428064,12.397248
3869,114,114,-1,-1,-1,-1,-1,11.8288,1,11.875296,0.401376,12.276672
3870,113,113,-1,-1,-1,-1,-1,11.768512,1,11.817216,0.424096,12.241312
3871,113,113,-1,-1,-1,-1,-1,11.781696,1,11.828192,0.388256,12.216448
3872,113,113,-1,-1,-1,-1,-1,11.804192,1,11.852096,0.400992,12.253088
3873,112,112,-1,-1,-1,-1,-1,11.750912,1,11.797312,0.397952,12.195264
3874,111,111,-1,-1,-1,-1,-1,11.70128,1,11.748544,0.427904,12.176448
3875,110,110,-1,-1,-1,-1,-1,11.661312,1,11.708608,0.396608,12.105216
3876,108,108,-1,-1,-1,-1,-1,11.596352,1,11.642432,0.393632,12.036064
3877,108,108,-1,-1,-1,-1,-1,11.619712,1,11.671616,0.385024,12.05664
3878,107,107,-1,-1,-1,-1,-1,11.59344,1,11.639392,0.428096,12.067488
3879,107,107,-1,-1,-1,-1,-1,11.585312,1,11.632768,0.398144,12.030912
3880,107,107,-1,-1,-1,-1,-1,11.55072,1,11.601472,0.408,12.009472
3881,107,107,-1,-1,-1,-1,-1,11.556864,1,11.60592,0.428704,12.034624
3882,106,106,-1,-1,-1,-1,-1,11.552096,1,11.59904,0.392512,11.991552
3883,106,106,-1,-1,-1,-1,-1,11.553248,1,11.601056,0.380224,11.98128
3884,106,106,-1,-1,-1,-1,-1,11.540928,1,11.587648,0.395328,11.982976
3885,105,105,-1,-1,-1,-1,-1,11.54384,1,11.593536,0.398432,11.991968
3886,104,104,-1,-1,-1,-1,-1,11.508256,1,11.553568,0.425056,11.978624
3887,103,103,-1,-1,-1,-1,-1,11.48352,1,11.53008,0.375904,11.905984
3888,103,103,-1,-1,-1,-1,-1,11.497632,1,11.542496,0.393856,11.936352
3889,103,103,-1,-1,-1,-1,-1,11.486272,1,11.531424,0.390464,11.921888
3890,102,102,-1,-1,-1,-1,-1,11.472448,1,11.518944,0.392832,11.911776
3891,100,100,-1,-1,-1,-1,-1,11.427712,1,11.472928,0.383072,11.856
3892,97,97,-1,-1,-1,-1,-1,10.667328,1,10.715424,0.387808,11.103232
3893,97,97,-1,-1,-1,-1,-1,10.681952,1,10.727584,0.389184,11.116768
3894,96,96,-1,-1,-1,-1,-1,10.686112,1,10.735392,0.385408,11.1208
3895,96,96,-1,-1,-1,-1,-1,10.690784,1,10.74064,0.386624,11.127264
3896,95,95,-1,-1,-1,-1,-1,10.62608,1,10.672832,0.418752,11.091584
3897,95,95,-1,-1,-1,-1,-1,10.647456,1,10.693536,0.373984,11.06752
3898,95,95,-1,-1,-1,-1,-1,10.635808,1,10.683904,0.383136,11.06704
3899,94,94,-1,-1,-1,-1,-1,10.589088,1,10.635808,0.370816,11.006624
3900,94,94,-1,-1,-1,-1,-1,10.610944,1,10.657504,0.379808,11.037312
3901,93,93,-1,-1,-1,-1,-1,10.559776,1,10.606912,0.37136,10.978272
3902,93,93,-1,-1,-1,-1,-1,10.551424,1,10.596864,0.382816,10.97968
3903,92,92,-1,-1,-1,-1,-1,10.49856,1,10.545024,0.38624,10.931264
3904,91,91,-1,-1,-1,-1,-1,10.520736,1,10.568736,0.397632,10.966368
3905,90,90,-1,-1,-1,-1,-1,10.528704,1,10.574528,0.381056,10.955584
3906,90,90,-1,-1,-1,-1,-1,10.485632,1,10.533344,0.380352,10.913696
3907,90,90,-1,-1,-1,-1,-1,10.487648,1,10.533376,0.378656,10.912032
3908,90,90,-1,-1,-1,-1,-1,10.48752,1,10.535136,0.39728,10.932416
3909,90,90,-1,-1,-1,-1,-1,10.48448,1,10.531488,0.3992,10.930688
3910,89,89,-1,-1,-1,-1,-1,10.502016,1,10.547712,0.380384,10.928096
3911,88,88,-1,-1,-1,-1,-1,10.50944,1,10.559456,0.378912,10.938368
3912,85,85,-1,-1,-1,-1,-1,10.422816,1,10.472,0.377248,10.849248
3913,84,84,-1,-1,-1,-1,-1,10.39168,1,10.439264,0.371872,10.811136
3914,84,84,-1,-1,-1,-1,-1,10.391168,1,10.438112,0.4144,10.852512
3915,84,84,-1,-1,-1,-1,-1,10.386048,1,10.432128,0.3608,10.792928
3916,84,84,-1,-1,-1,-1,-1,10.37344,1,10.419392,0.389472,10.808864
3917,84,84,-1,-1,-1,-1,-1,10.394784,1,10.440224,0.404768,10.844992
3918,84,84,-1,-1,-1,-1,-1,10.363936,1,10.408512,0.373568,10.78208
3919,83,83,-1,-1,-1,-1,-1,10.331776,1,10.376512,0.372864,10.749376
3920,83,83,-1,-1,-1,-1,-1,10.332224,1,10.378528,0.376768,10.755296
3921,83,83,-1,-1,-1,-1,-1,10.322464,1,10.367168,0.359808,10.726976
3922,82,82,-1,-1,-1,-1,-1,9.707776,1,9.75344,0.409184,10.162624
3923,81,81,-1,-1,-1,-1,-1,9.609184,1,9.652864,0.360544,10.013408
3924,78,78,-1,-1,-1,-1,-1,9.50784,1,9.552448,0.386592,9.93904
3925,77,77,-1,-1,-1,-1,-1,9.477536,1,9.52288,0.391872,9.914752
3926,77,77,-1,-1,-1,-1,-1,9.468896,1,9.513504,0.374688,9.888192
3927,77,77,-1,-1,-1,-1,-1,9.474144,1,9.52272,0.414848,9.937568
3928,75,75,-1,-1,-1,-1,-1,9.36352,1,9.408064,0.384288,9.792352
3929,73,73,-1,-1,-1,-1,-1,9.338912,1,9.385088,0.394112,9.7792
3930,72,72,-1,-1,-1,-1,-1,9.429984,1,9.473952,0.371648,9.8456
3931,72,72,-1,-1,-1,-1,-1,9.424352,1,9.469088,0.39264,9.861728
3932,72,72,-1,-1,-1,-1,-1,9.41728,1,9.462112,0.3824,9.844512
3933,72,72,-1,-1,-1,-1,-1,9.41472,1,9.461056,0.386784,9.84784
3934,72,72,-1,-1,-1,-1,-1,9.41552,1,9.459936,0.385184,9.84512
3935,72,72,-1,-1,-1,-1,-1,9.405696,1,9.451136,0.382464,9.8336
3936,71,71,-1,-1,-1,-1,-1,9.399168,1,9.4432,0.38224,9.82544
3937,71,71,-1,-1,-1,-1,-1,9.395776,1,9.439904,0.386912,9.826816
3938,70,70,-1,-1,-1,-1,-1,9.369536,1,9.414048,0.370624,9.784672
3939,69,69,-1,-1,-1,-1,-1,9.331712,1,9.37696,0.364736,9.741696
3940,67,67,-1,-1,-1,-1,-1,9.299872,1,9.344832,0.37584,9.720672
3941,66,66,-1,-1,-1,-1,-1,8.704288,1,8.750496,0.393856,9.144352
3942,66,66,-1,-1,-1,-1,-1,8.70496,1,8.752576,0.375328,9.127904
3943,65,65,-1,-1,-1,-1,-1,8.6448,1,8.691808,0.38208,9.073888
3944,65,65,-1,-1,-1,-1,-1,8.650688,1,8.697664,0.374976,9.07264
3945,64,64,-1,-1,-1,-1,-1,7.813024,1,7.857792,0.363936,8.221728
3946,64,64,-1,-1,-1,-1,-1,7.840032,1,7.885248,0.367264,8.252512
3947,62,62,-1,-1,-1,-1,-1,7.689728,1,7.73472,0.37424,8.10896
3948,62,62,-1,-1,-1,-1,-1,7.6856,1,7.730848,0.37296,8.103808
3949,62,62,-1,-1,-1,-1,-1,7.705248,1,7.749056,0.378304,8.12736
3950,62,62,-1,-1,-1,-1,-1,7.708608,1,7.75488,0.364192,8.119072
3951,62,62,-1,-1,-1,-1,-1,7.715488,1,7.761472,0.375776,8.137248
3952,62,62,-1,-1,-1,-1,-1,7.71712,1,7.762784,0.3872,8.149984
3953,60,60,-1,-1,-1,-1,-1,7.604576,1,7.647584,0.364832,8.012416
3954,60,60,-1,-1,-1,-1,-1,7.606272,1,7.650944,0.375168,8.026112
3955,60,60,-1,-1,-1,-1,-1,7.602176,1,7.646656,0.376096,8.022752
3956,58,58,-1,-1,-1,-1,-1,7.525824,1,7.571648,0.399552,7.9712
3957,58,58,-1,-1,-1,-1,-1,7.529056,1,7.574496,0.379232,7.953728
3958,56,56,-1,-1,-1,-1,-1,7.482432,1,7.529792,0.372448,7.90224
3959,55,55,-1,-1,-1,-1,-1,7.478112,1,7.524512,0.372032,7.896544
3960,54,54,-1,-1,-1,-1,-1,7.462976,1,7.507424,0.35792,7.865344
3961,54,54,-1,-1,-1,-1,-1,7.473984,1,7.520064,0.375328,7.895392
3962,54,54,-1,-1,-1,-1,-1,7.470752,1,7.514688,0.368576,7.883264
3963,54,54,-1,-1,-1,-1,-1,7.458752,1,7.503552,0.366464,7.870016
