step,sched_reqs,sched_tokens,batch,num_query_tokens,sum_seq_len,num_spec_tokens,draft_ms,target_fwd_ms,n_target_fwd,exec_ms,sample_ms,step_ms
0,128,896,128,896,896,5,27.227552,-1,0,3059.314453,11356.889648,14416.204102
1,128,768,128,768,1664,5,9.789952,-1,0,354.401184,3415.711182,3770.112366
2,1,2048,1,2048,2048,5,3.042176,-1,0,31.639809,3.362336,35.002145
3,6,10251,6,10251,12299,5,11.818848,-1,0,159.608505,12.167968,171.776473
4,14,16384,14,16384,28683,5,18.478399,-1,0,247.896637,19.51712,267.413757
5,22,16384,22,16384,45063,5,18.712,-1,0,248.976959,19.163424,268.140383
6,30,16384,30,16384,61429,5,19.517281,-1,0,289.433594,21.33024,310.763834
7,38,16384,38,16384,77768,5,19.251713,-1,0,252.914749,19.818527,272.733276
8,46,16384,46,16384,94084,5,19.058817,-1,0,251.909668,19.711872,271.62154
9,54,16384,54,16384,110370,5,21.219296,-1,0,262.875702,22.067616,284.943317
10,62,16384,62,16384,126614,5,19.866848,-1,0,270.967133,20.784672,291.751804
11,70,16384,70,16384,142840,5,19.701376,-1,0,258.142273,20.716225,278.858498
12,77,16384,77,16384,159059,5,20.423649,-1,0,255.286148,21.761761,277.047909
13,85,16384,85,16384,175265,5,20.980543,-1,0,272.260864,22.41968,294.680544
14,93,16384,93,16384,191438,5,19.953089,-1,0,259.974518,21.501217,281.475735
15,101,16384,101,16384,207571,5,20.466656,-1,0,259.628479,21.84848,281.476959
16,108,16384,108,16384,223693,5,20.288992,-1,0,263.281036,21.856928,285.137964
17,116,16384,116,16384,239790,5,20.638847,-1,0,269.98175,23.180449,293.162199
18,124,16384,124,16384,255829,5,20.196672,-1,0,261.692993,21.971169,283.664162
19,128,10393,128,10393,265875,5,13.428992,-1,0,174.766754,15.278304,190.045058
20,128,768,128,768,266281,5,3.933216,-1,0,24.938848,5.588384,30.527233
21,128,768,128,768,266692,5,3.848608,-1,0,21.729919,5.416448,27.146368
22,128,768,128,768,267067,5,3.816128,-1,0,21.341984,5.351808,26.693792
23,128,768,128,768,267406,5,3.854496,-1,0,21.430817,5.41296,26.843777
24,128,768,128,768,267791,5,3.846432,-1,0,21.437599,5.382176,26.819775
25,128,768,128,768,268142,5,3.842048,-1,0,21.385824,5.390368,26.776192
26,128,768,128,768,268557,5,3.86608,-1,0,21.639135,5.432896,27.072031
27,128,768,128,768,268924,5,3.871744,-1,0,21.683264,5.427392,27.110656
28,128,768,128,768,269279,5,3.9264,-1,0,21.752512,5.540448,27.29296
29,128,768,128,768,269663,5,3.87648,-1,0,21.960192,5.4392,27.399392
30,128,768,128,768,270042,5,3.87856,-1,0,21.710016,5.438336,27.148352
31,128,768,128,768,270415,5,3.882304,-1,0,21.666336,5.432064,27.0984
32,128,768,128,768,270761,5,3.890432,-1,0,21.788609,5.474304,27.262913
33,128,768,128,768,271152,5,3.908704,-1,0,21.90464,5.492736,27.397376
34,128,768,128,768,271512,5,3.94096,-1,0,22.093248,5.56208,27.655328
35,128,768,128,768,271897,5,3.877632,-1,0,24.370464,5.50112,29.871584
36,128,768,128,768,272263,5,3.864,-1,0,21.582304,5.401344,26.983648
37,128,768,128,768,272626,5,3.872,-1,0,21.735519,5.446496,27.182015
38,128,768,128,768,273022,5,3.86512,-1,0,21.880159,5.405056,27.285215
39,128,768,128,768,273377,5,3.785984,-1,0,25.333055,5.3008,30.633855
40,128,768,128,768,273737,5,3.758368,-1,0,23.364672,5.244256,28.608928
41,128,768,128,768,274090,5,3.815168,-1,0,21.943905,5.331168,27.275073
42,128,768,128,768,274435,5,3.809312,-1,0,21.912064,5.311648,27.223711
43,128,768,128,768,274778,5,3.842592,-1,0,21.829376,5.354464,27.18384
44,128,768,128,768,275131,5,3.852288,-1,0,21.553535,5.379072,26.932608
45,128,768,128,768,275498,5,3.858784,-1,0,21.490849,5.3736,26.864449
46,128,768,128,768,275841,5,3.880224,-1,0,21.615583,5.4456,27.061183
47,128,768,128,768,276205,5,3.890848,-1,0,22.24976,5.456,27.70576
48,128,768,128,768,276616,5,3.894464,-1,0,21.845984,5.474496,27.320479
49,128,768,128,768,276989,5,3.92464,-1,0,22.027967,5.506752,27.534719
50,128,768,128,768,277350,5,3.91648,-1,0,22.045025,5.521472,27.566497
51,128,768,128,768,277728,5,3.94832,-1,0,22.151648,5.567872,27.71952
52,128,768,128,768,278102,5,3.966144,-1,0,22.412161,5.59024,28.002401
53,128,768,128,768,278484,5,3.964864,-1,0,22.423201,5.610528,28.033729
54,128,768,128,768,278868,5,3.948576,-1,0,22.341375,5.559456,27.900831
55,128,768,128,768,279248,5,3.938464,-1,0,22.131935,5.51936,27.651295
56,128,768,128,768,279607,5,3.89536,-1,0,21.937729,5.444544,27.382273
57,128,768,128,768,279980,5,3.93184,-1,0,22.003231,5.536192,27.539423
58,128,768,128,768,280350,5,3.92864,-1,0,22.074944,5.490784,27.565728
59,128,768,128,768,280746,5,3.922688,-1,0,22.00736,5.49456,27.50192
60,128,768,128,768,281115,5,3.932352,-1,0,22.134336,5.496288,27.630624
61,128,768,128,768,281485,5,3.9296,-1,0,22.094688,5.481568,27.576256
62,128,768,128,768,281880,5,3.92768,-1,0,22.202433,5.495136,27.697568
63,128,768,128,768,282254,5,3.92416,-1,0,22.057856,5.482432,27.540287
64,128,768,128,768,282641,5,3.92464,-1,0,22.024769,5.488608,27.513377
65,128,768,128,768,283022,5,3.936352,-1,0,22.068319,5.495392,27.563711
66,128,768,128,768,283392,5,3.943968,-1,0,22.113377,5.507072,27.620449
67,128,768,128,768,283806,5,3.959616,-1,0,22.25968,5.540544,27.800224
68,128,768,128,768,284164,5,3.973504,-1,0,22.394497,5.574304,27.968801
69,128,768,128,768,284495,5,3.971808,-1,0,22.428928,5.565664,27.994592
70,128,768,128,768,284841,5,3.970336,-1,0,22.378464,5.584384,27.962848
71,128,2811,128,2811,285019,5,10.428096,-1,0,53.203552,12.264512,65.468064
72,128,768,128,768,285389,5,3.893984,-1,0,24.911648,5.411776,30.323424
73,128,768,128,768,285764,5,3.896736,-1,0,21.801855,5.407424,27.209279
74,128,768,128,768,286144,5,3.912064,-1,0,21.863935,5.441024,27.304959
75,128,768,128,768,286498,5,3.928352,-1,0,22.007296,5.488064,27.495359
76,128,768,128,768,286885,5,3.918144,-1,0,22.025696,5.464352,27.490048
77,128,768,128,768,287244,5,3.93648,-1,0,22.10848,5.497792,27.606272
78,128,4854,128,4854,287181,5,13.499488,-1,0,87.492706,15.318656,102.811362
79,128,768,128,768,287530,5,3.909344,-1,0,25.767456,5.449472,31.216928
80,128,4854,128,4854,287408,5,8.156352,-1,0,79.128067,9.77296,88.901027
81,128,4853,128,4853,287294,5,8.463168,-1,0,85.956322,10.231488,96.18781
82,128,768,128,768,287687,5,4.135776,-1,0,23.998367,5.861696,29.860063
83,128,768,128,768,288072,5,4.038112,-1,0,23.026655,5.6928,28.719455
84,128,2811,128,2811,288232,5,6.0896,-1,0,52.02784,7.741664,59.769504
85,128,8939,128,8939,287616,5,12.700032,-1,0,148.237305,14.462528,162.699833
86,128,2810,128,2810,287759,5,6.003552,-1,0,55.266911,7.643456,62.910367
87,128,8939,128,8939,287207,5,12.610976,-1,0,148.592606,14.372224,162.964829
88,128,4854,128,4854,287119,5,8.139232,-1,0,84.420097,9.858464,94.278562
89,128,8939,128,8939,286524,5,12.736096,-1,0,150.860992,14.528352,165.389344
90,128,10983,128,10983,285644,5,15.414592,-1,0,180.917084,17.228161,198.145245
91,128,16384,128,16384,283312,5,20.968704,-1,0,265.830078,22.746656,288.576735
92,128,5575,128,5575,283953,5,9.00608,-1,0,95.670212,10.75744,106.427651
93,128,10982,128,10982,283089,5,14.82576,-1,0,179.490952,16.590944,196.081896
94,128,8940,128,8940,282471,5,12.704064,-1,0,149.677795,14.50432,164.182116
95,128,16384,128,16384,280197,5,20.559711,-1,0,266.486755,22.323521,288.810276
96,128,16384,128,16384,277884,5,21.194784,-1,0,268.350616,23.001696,291.352312
97,128,10379,128,10379,278661,5,14.413152,-1,0,172.856506,16.224895,189.081402
98,128,8940,128,8940,278036,5,12.564096,-1,0,148.141983,14.355392,162.497375
99,128,8940,128,8940,277419,5,12.43008,-1,0,146.919525,14.215968,161.135493
100,128,8939,128,8939,276762,5,12.669344,-1,0,149.169983,14.488192,163.658175
101,128,10983,128,10983,275870,5,14.960416,-1,0,181.014908,16.7272,197.742107
102,128,6897,128,6897,275449,5,10.569824,-1,0,118.755074,12.363328,131.118402
103,128,4854,128,4854,275367,5,7.709472,-1,0,81.737923,9.300064,91.037987
104,128,13025,128,13025,274137,5,17.314976,-1,0,221.846298,19.144192,240.99049
105,128,4853,128,4853,274038,5,8.153408,-1,0,84.688225,9.866816,94.55504
106,128,15067,128,15067,272544,5,19.112576,-1,0,244.375198,20.88736,265.262558
107,128,8939,128,8939,271770,5,12.697408,-1,0,148.88678,14.513536,163.400316
108,128,8940,128,8940,271043,5,12.366272,-1,0,148.210083,14.141792,162.351875
109,128,768,128,768,271452,5,4.043488,-1,0,23.22624,5.774528,29.000768
110,128,10983,128,10983,270474,5,14.935456,-1,0,178.342941,16.718752,195.061693
111,128,4854,128,4854,270376,5,8.365408,-1,0,85.183395,10.151168,95.334563
112,128,2811,128,2811,270493,5,6.116448,-1,0,53.813698,7.846912,61.66061
113,128,768,128,768,270855,5,3.947104,-1,0,22.842016,5.656704,28.49872
114,128,768,128,768,271252,5,3.905632,-1,0,22.349119,5.637984,27.987103
115,128,6897,128,6897,270806,5,10.905568,-1,0,113.093506,12.764544,125.858049
116,128,2811,128,2811,270894,5,6.120576,-1,0,55.139263,7.847552,62.986815
117,128,768,128,768,271292,5,3.960032,-1,0,23.028193,5.671744,28.699936
118,128,768,128,768,271666,5,3.913536,-1,0,22.24688,5.557024,27.803904
119,128,768,128,768,272045,5,3.867392,-1,0,21.965824,5.437312,27.403136
120,128,2795,128,2795,272119,5,6.14368,-1,0,51.302143,7.871776,59.173919
121,128,768,128,768,272495,5,4.036416,-1,0,23.060225,5.737376,28.797601
122,128,2811,128,2811,272591,5,6.2768,-1,0,52.052799,8.048864,60.101664
123,128,2811,128,2811,272674,5,6.2432,-1,0,53.9272,7.97456,61.90176
124,128,768,128,768,273048,5,3.980608,-1,0,23.419071,5.703488,29.122559
125,128,768,128,768,273458,5,3.885728,-1,0,22.357121,5.465952,27.823072
126,128,768,128,768,273781,5,3.852192,-1,0,21.578527,5.411936,26.990463
127,128,2811,128,2811,273856,5,6.117568,-1,0,50.102943,7.812128,57.915071
128,128,768,128,768,274243,5,3.99808,-1,0,23.184256,5.6696,28.853856
129,128,768,128,768,274593,5,3.9376,-1,0,22.562304,5.560096,28.122399
130,128,768,128,768,274938,5,3.916608,-1,0,22.205952,5.518752,27.724704
131,128,768,128,768,275274,5,3.888064,-1,0,21.920416,5.456928,27.377344
132,128,768,128,768,275660,5,3.897408,-1,0,21.891584,5.517888,27.409472
133,128,768,128,768,276008,5,3.91936,-1,0,22.059393,5.516832,27.576225
134,128,768,128,768,276370,5,3.91536,-1,0,22.075232,5.54832,27.623551
135,128,768,128,768,276708,5,3.906688,-1,0,22.03248,5.494048,27.526528
136,128,768,128,768,277051,5,3.938752,-1,0,22.20672,5.583872,27.790592
137,128,768,128,768,277435,5,3.941408,-1,0,22.230368,5.550496,27.780864
138,128,768,128,768,277801,5,3.880288,-1,0,21.965376,5.492064,27.45744
139,128,768,128,768,278182,5,3.882176,-1,0,21.714369,5.454464,27.168833
140,128,768,128,768,278544,5,3.872736,-1,0,21.698175,5.430976,27.129151
141,128,768,128,768,278911,5,3.884608,-1,0,21.673664,5.458848,27.132512
142,128,768,128,768,279258,5,3.89696,-1,0,21.792,5.485504,27.277504
143,128,768,128,768,279650,5,3.921088,-1,0,21.986912,5.509216,27.496128
144,128,768,128,768,280026,5,3.96096,-1,0,22.347456,5.600032,27.947488
145,128,2811,128,2811,280137,5,6.306176,-1,0,53.101055,8.047808,61.148863
146,128,768,128,768,280494,5,4.044192,-1,0,23.469791,5.728672,29.198463
147,128,2811,128,2811,280621,5,6.042592,-1,0,52.360386,7.738464,60.09885
148,128,768,128,768,280994,5,4.05328,-1,0,23.443775,5.760672,29.204447
149,128,2811,128,2811,281116,5,6.049056,-1,0,52.770432,7.728608,60.49904
150,128,768,128,768,281460,5,4.023296,-1,0,23.0368,5.68736,28.72416
151,128,768,128,768,281820,5,3.982464,-1,0,22.582815,5.63136,28.214175
152,128,768,128,768,282199,5,3.967136,-1,0,22.378689,5.575808,27.954497
153,128,2811,128,2811,282324,5,6.184448,-1,0,51.645088,7.923392,59.56848
154,128,768,128,768,282721,5,4.05904,-1,0,23.443359,5.748032,29.191391
155,128,768,128,768,283054,5,3.986432,-1,0,22.723425,5.667584,28.391009
156,128,768,128,768,283403,5,3.953408,-1,0,22.257215,5.539296,27.796512
157,128,2811,128,2811,283556,5,6.45008,-1,0,51.48032,8.24896,59.72928
158,128,768,128,768,283915,5,4.08368,-1,0,24.020321,5.76928,29.789601
159,128,768,128,768,284267,5,3.9912,-1,0,22.975424,5.64144,28.616864
160,128,768,128,768,284629,5,3.950496,-1,0,22.56192,5.545056,28.106976
161,128,768,128,768,284946,5,3.938496,-1,0,22.213375,5.509536,27.722911
162,128,768,128,768,285318,5,3.908192,-1,0,21.942783,5.444256,27.387039
163,128,2810,128,2810,285452,5,6.32784,-1,0,51.372768,8.071936,59.444704
164,128,2811,128,2811,285605,5,6.194048,-1,0,54.732479,7.904864,62.637343
165,128,2811,128,2811,285768,5,6.175648,-1,0,53.631935,7.865472,61.497407
166,128,4854,128,4854,285712,5,8.45152,-1,0,83.622749,10.235008,93.857758
167,128,4854,128,4854,285578,5,8.412096,-1,0,85.479843,10.15424,95.634083
168,128,768,128,768,285949,5,4.120192,-1,0,23.774849,5.879072,29.653921
169,128,2811,128,2811,286072,5,6.194656,-1,0,52.7328,7.8968,60.6296
170,128,8411,128,8411,285450,5,12.108384,-1,0,142.260162,13.900736,156.160898
171,128,6897,128,6897,285060,5,10.869344,-1,0,118.013443,12.658656,130.672099
172,128,8940,128,8940,284379,5,12.745952,-1,0,149.465561,14.546432,164.011992
173,128,4853,128,4853,284275,5,8.416128,-1,0,85.717888,10.164384,95.882272
174,128,4854,128,4854,284105,5,8.35456,-1,0,84.922493,10.101536,95.024029
175,128,2811,128,2811,284223,5,6.153216,-1,0,54.570175,7.853152,62.423327
176,128,4854,128,4854,284112,5,8.404576,-1,0,84.255363,10.160096,94.41546
177,128,13025,128,13025,282946,5,17.510817,-1,0,216.244064,19.320543,235.564608
178,128,768,128,768,283332,5,4.273632,-1,0,24.386881,6.061952,30.448833
179,128,8907,128,8907,282733,5,12.554368,-1,0,145.094086,14.313856,159.407942
180,128,8940,128,8940,282102,5,12.742784,-1,0,149.462585,14.528,163.990585
181,128,8938,128,8938,281454,5,12.70768,-1,0,149.468353,14.52176,163.990113
182,128,6895,128,6895,281170,5,10.509568,-1,0,116.99485,12.256544,129.251394
183,128,4854,128,4854,281031,5,8.117152,-1,0,84.184479,9.837728,94.022206
184,128,6897,128,6897,280694,5,10.498016,-1,0,115.71344,12.245472,127.958912
185,128,8940,128,8940,280079,5,12.7288,-1,0,150.425919,14.54432,164.970239
186,128,13025,128,13025,278944,5,17.653343,-1,0,212.933594,19.482817,232.41641
187,128,8939,128,8939,278328,5,12.578976,-1,0,149.051773,14.3752,163.426973
188,128,4854,128,4854,278184,5,8.286528,-1,0,85.513504,10.037792,95.551296
189,128,8940,128,8940,277450,5,12.494912,-1,0,147.983139,14.301088,162.284227
190,128,10982,128,10982,276503,5,14.787328,-1,0,180.065338,16.549025,196.614363
191,128,4854,128,4854,276368,5,8.411168,-1,0,85.07843,10.201056,95.279486
192,128,8939,128,8939,275711,5,12.572512,-1,0,148.030853,14.376064,162.406918
193,128,4854,128,4854,275561,5,8.392352,-1,0,85.570526,10.17216,95.742686
194,128,10935,128,10935,274661,5,15.080832,-1,0,180.568314,16.87344,197.441753
195,128,2811,128,2811,274722,5,6.182912,-1,0,55.357471,7.940832,63.298304
196,128,2811,128,2811,274867,5,6.119616,-1,0,54.044865,7.852928,61.897793
197,128,6897,128,6897,274453,5,10.449536,-1,0,114.400764,12.234528,126.635292
198,128,10982,128,10982,273529,5,14.931712,-1,0,180.866623,16.710079,197.576702
199,128,4854,128,4854,273464,5,8.343712,-1,0,84.206238,10.122048,94.328286
200,128,4854,128,4854,273294,5,8.360288,-1,0,84.288254,10.138176,94.42643
201,128,2811,128,2811,273431,5,6.18416,-1,0,54.217953,7.934656,62.152609
202,128,2811,128,2811,273530,5,6.079456,-1,0,52.823486,7.803872,60.627358
203,128,2811,128,2811,273606,5,6.11376,-1,0,53.620449,7.820352,61.440801
204,128,4854,128,4854,273429,5,8.500576,-1,0,83.796127,10.308992,94.10512
205,128,15068,128,15068,271866,5,19.224031,-1,0,248.023834,20.982304,269.006138
206,128,768,128,768,272218,5,3.986656,-1,0,24.119904,5.678688,29.798592
207,128,768,128,768,272613,5,3.914272,-1,0,22.476801,5.542592,28.019393
208,128,768,128,768,272949,5,3.859424,-1,0,21.68224,5.416992,27.099232
209,128,2811,128,2811,273000,5,6.08976,-1,0,50.130562,7.78368,57.914242
210,128,768,128,768,273361,5,3.981376,-1,0,23.049503,5.647712,28.697216
211,128,768,128,768,273761,5,3.933056,-1,0,22.400448,5.550848,27.951296
212,128,2811,128,2811,273803,5,6.133568,-1,0,51.272766,7.84656,59.119326
213,128,768,128,768,274156,5,3.971392,-1,0,23.005695,5.70368,28.709375
214,128,768,128,768,274541,5,3.963936,-1,0,22.539936,5.612384,28.15232
215,128,2811,128,2811,274604,5,6.16256,-1,0,51.186783,7.897696,59.084479
216,128,2811,128,2811,274729,5,6.127584,-1,0,54.003326,7.837472,61.840798
217,128,768,128,768,275116,5,4.035776,-1,0,23.211073,5.790272,29.001345
218,128,768,128,768,275503,5,3.914656,-1,0,22.453728,5.540224,27.993952
219,128,768,128,768,275884,5,3.885632,-1,0,22.02928,5.487008,27.516288
220,128,4854,128,4854,275696,5,8.408224,-1,0,82.628799,10.158208,92.787007
221,128,2811,128,2811,275839,5,6.124352,-1,0,54.36816,7.87008,62.23824
222,128,2795,128,2795,275968,5,6.142368,-1,0,53.434208,7.881344,61.315552
223,128,768,128,768,276322,5,4.015104,-1,0,23.077345,5.7448,28.822145
224,128,768,128,768,276715,5,3.936864,-1,0,22.573568,5.581056,28.154624
225,128,768,128,768,277088,5,3.913088,-1,0,22.203873,5.557888,27.761761
226,128,768,128,768,277450,5,3.9104,-1,0,22.037151,5.513472,27.550623
227,128,768,128,768,277861,5,3.902272,-1,0,21.908064,5.501728,27.409792
228,128,768,128,768,278227,5,3.929056,-1,0,22.006016,5.526912,27.532928
229,128,768,128,768,278614,5,3.950688,-1,0,22.16592,5.58672,27.75264
230,128,768,128,768,279009,5,3.955936,-1,0,22.298624,5.56576,27.864384
231,128,768,128,768,279398,5,3.9616,-1,0,22.381439,5.643296,28.024735
232,128,768,128,768,279794,5,3.938432,-1,0,22.366816,5.548352,27.915167
233,128,768,128,768,280218,5,3.921824,-1,0,21.992607,5.50816,27.500767
234,128,768,128,768,280605,5,3.948096,-1,0,22.234016,5.531712,27.765728
235,128,768,128,768,280988,5,3.923776,-1,0,22.191072,5.519968,27.71104
236,128,768,128,768,281351,5,3.930848,-1,0,22.035648,5.506368,27.542017
237,128,2811,128,2811,281464,5,6.385248,-1,0,52.392448,8.150528,60.542976
238,128,4854,128,4854,281401,5,8.360128,-1,0,85.948929,10.100896,96.049825
239,128,768,128,768,281771,5,4.123488,-1,0,23.392897,5.84576,29.238657
240,128,2811,128,2811,281881,5,6.364096,-1,0,52.371712,8.112576,60.484287
241,128,2811,128,2811,282030,5,6.143712,-1,0,54.210785,7.877408,62.088193
242,128,768,128,768,282404,5,4.049728,-1,0,23.277088,5.760512,29.0376
243,128,768,128,768,282799,5,3.936928,-1,0,22.514816,5.553216,28.068032
244,128,768,128,768,283133,5,3.903392,-1,0,22.181376,5.465568,27.646944
245,128,768,128,768,283481,5,3.917664,-1,0,21.905279,5.486528,27.391807
246,128,2810,128,2810,283610,5,6.244704,-1,0,52.605183,7.988384,60.593566
247,128,768,128,768,284003,5,4.045184,-1,0,23.431808,5.713152,29.14496
248,128,2811,128,2811,284098,5,6.50208,-1,0,52.322304,8.295968,60.618272
249,128,4854,128,4854,283938,5,8.402656,-1,0,86.043427,10.198368,96.241795
250,128,768,128,768,284296,5,4.1168,-1,0,23.927328,5.84752,29.774848
251,128,4854,128,4854,284182,5,8.404352,-1,0,84.402908,10.175456,94.578364
252,128,768,128,768,284573,5,4.032736,-1,0,23.619713,5.753024,29.372737
253,128,2810,128,2810,284701,5,6.192896,-1,0,52.588127,7.912224,60.500351
254,128,2811,128,2811,284828,5,6.191616,-1,0,54.367744,7.88096,62.248704
255,128,768,128,768,285234,5,4.030432,-1,0,23.289536,5.718784,29.008319
256,128,6896,128,6896,284897,5,10.632704,-1,0,115.573921,12.396896,127.970818
257,128,2795,128,2795,285006,5,6.117952,-1,0,54.816002,7.800064,62.616066
258,128,2811,128,2811,285132,5,6.290528,-1,0,53.901154,8.02624,61.927394
259,128,4853,128,4853,285059,5,8.46576,-1,0,85.56115,10.233216,95.794366
260,128,10983,128,10983,284154,5,14.951808,-1,0,183.267136,16.696064,199.9632
261,128,10981,128,10981,283285,5,15.226912,-1,0,180.991104,17.000864,197.991968
262,128,4854,128,4854,283216,5,8.396576,-1,0,86.137695,10.144416,96.282111
263,128,4854,128,4854,283062,5,8.154304,-1,0,84.074913,9.853376,93.928289
264,128,8940,128,8940,282392,5,12.7168,-1,0,147.195847,14.498752,161.694598
265,128,4853,128,4853,282290,5,8.28608,-1,0,85.956352,10.009568,95.96592
266,128,2795,128,2795,282410,5,6.142624,-1,0,54.137119,7.875104,62.012223
267,128,13026,128,13026,281232,5,17.369184,-1,0,213.42041,19.159201,232.579611
268,128,6897,128,6897,280931,5,10.548416,-1,0,115.922722,12.322656,128.245378
269,128,4853,128,4853,280763,5,8.287456,-1,0,85.594398,10.01216,95.606559
270,128,15068,128,15068,279307,5,19.232992,-1,0,244.468414,21.013023,265.481438
271,128,10983,128,10983,278336,5,14.832448,-1,0,183.297989,16.577087,199.875076
272,128,10983,128,10983,277475,5,14.936224,-1,0,179.69606,16.696384,196.392445
273,128,4854,128,4854,277381,5,8.295488,-1,0,85.370911,10.026304,95.397215
274,128,2811,128,2811,277495,5,6.166368,-1,0,53.977665,7.8904,61.868065
275,128,768,128,768,277876,5,4.010048,-1,0,23.052608,5.675616,28.728224
276,128,4854,128,4854,277732,5,8.674496,-1,0,82.105759,10.549696,92.655455
277,128,6896,128,6896,277332,5,10.581824,-1,0,117.808189,12.346624,130.154814
278,128,6897,128,6897,277017,5,10.58192,-1,0,116.622719,12.384064,129.006783
279,128,4854,128,4854,276921,5,8.351904,-1,0,85.323776,10.095424,95.4192
280,128,8940,128,8940,276185,5,12.692064,-1,0,149.828735,14.507936,164.336671
281,128,8940,128,8940,275525,5,12.793664,-1,0,149.226334,14.59248,163.818813
282,128,6896,128,6896,275177,5,10.679264,-1,0,117.740067,12.501536,130.241603
283,128,4853,128,4853,275032,5,8.270656,-1,0,85.693825,10.002688,95.696513
284,128,6897,128,6897,274677,5,10.78624,-1,0,115.768349,12.640224,128.408573
285,128,8938,128,8938,274098,5,12.985568,-1,0,148.969849,14.785952,163.7558
286,128,6881,128,6881,273724,5,10.473056,-1,0,118.240639,12.268512,130.509151
287,128,6897,128,6897,273344,5,10.573664,-1,0,117.240318,12.365792,129.606111
288,128,4662,128,4662,273179,5,7.850176,-1,0,83.714622,9.569408,93.284031
289,128,6897,128,6897,272735,5,10.661056,-1,0,117.184708,12.477984,129.662692
290,128,4854,128,4854,272585,5,8.387712,-1,0,85.836098,10.169696,96.005794
291,128,768,128,768,272938,5,4.069568,-1,0,23.521824,5.829088,29.350912
292,128,4854,128,4854,272865,5,8.33664,-1,0,83.438622,10.115744,93.554365
293,128,768,128,768,273237,5,4.020224,-1,0,23.324512,5.766272,29.090785
294,128,4854,128,4854,273073,5,8.138304,-1,0,81.312286,9.854528,91.166815
295,128,768,128,768,273479,5,4.0768,-1,0,23.306368,5.811008,29.117376
296,128,768,128,768,273849,5,3.911584,-1,0,22.669376,5.54448,28.213856
297,128,2811,128,2811,273944,5,6.087296,-1,0,50.773186,7.776416,58.549602
298,128,768,128,768,274319,5,4.015232,-1,0,23.11264,5.7216,28.83424
299,128,2811,128,2811,274458,5,6.187648,-1,0,53.031326,7.91936,60.950686
300,128,2811,128,2811,274550,5,6.15696,-1,0,54.489311,7.904736,62.394047
301,128,768,128,768,274926,5,3.977344,-1,0,23.012608,5.64544,28.658048
302,128,4854,128,4854,274789,5,8.361376,-1,0,81.979263,10.130112,92.109375
303,128,768,128,768,275170,5,4.021024,-1,0,23.439552,5.725696,29.165248
304,128,768,128,768,275526,5,3.952608,-1,0,22.735136,5.605216,28.340352
305,128,2811,128,2811,275661,5,5.991008,-1,0,51.400257,7.638848,59.039105
306,128,768,128,768,276010,5,4.177824,-1,0,23.541985,5.94576,29.487744
307,128,2811,128,2811,276109,5,6.044576,-1,0,52.511906,7.694016,60.205922
308,128,768,128,768,276536,5,4.011136,-1,0,22.879808,5.677152,28.556961
309,128,2811,128,2811,276659,5,6.335808,-1,0,52.693474,8.083648,60.777122
310,128,768,128,768,277012,5,4.043232,-1,0,23.595072,5.729088,29.32416
311,128,768,128,768,277384,5,3.961824,-1,0,22.897087,5.671712,28.568799
312,128,2811,128,2811,277511,5,6.025824,-1,0,51.304352,7.6744,58.978752
313,128,768,128,768,277902,5,4.013248,-1,0,22.87328,5.695648,28.568928
314,128,768,128,768,278273,5,3.92832,-1,0,22.464767,5.508576,27.973343
315,128,768,128,768,278627,5,3.902656,-1,0,21.877377,5.459808,27.337184
316,128,2811,128,2811,278725,5,6.347168,-1,0,50.962849,8.022528,58.985376
317,128,768,128,768,279076,5,4.012096,-1,0,23.446783,5.679488,29.126271
318,128,2810,128,2810,279216,5,6.070784,-1,0,52.205601,7.72032,59.925921
319,128,4852,128,4852,279096,5,8.390304,-1,0,84.672157,10.137888,94.810045
320,128,2811,128,2811,279201,5,6.283072,-1,0,54.913696,8.017216,62.930912
321,128,768,128,768,279605,5,4.067136,-1,0,23.491297,5.751264,29.242561
322,128,2811,128,2811,279734,5,6.283168,-1,0,52.062206,8.009792,60.071999
323,128,768,128,768,280086,5,4.092512,-1,0,23.59392,5.8224,29.41632
324,128,768,128,768,280462,5,4.031456,-1,0,23.008833,5.731776,28.740609
325,128,2811,128,2811,280572,5,6.198784,-1,0,51.266399,7.917856,59.184256
326,128,2811,128,2811,280716,5,6.19328,-1,0,54.59552,7.950752,62.546272
327,128,2811,128,2811,280855,5,6.24704,-1,0,53.86253,7.979136,61.841666
328,128,768,128,768,281216,5,4.059264,-1,0,23.632128,5.847808,29.479936
329,128,768,128,768,281557,5,3.956576,-1,0,22.728512,5.563424,28.291936
330,128,768,128,768,281924,5,3.947776,-1,0,22.285536,5.539648,27.825184
331,128,768,128,768,282319,5,3.940512,-1,0,22.260256,5.553248,27.813504
332,128,768,128,768,282714,5,3.945088,-1,0,22.184193,5.52416,27.708353
333,128,768,128,768,283127,5,3.962816,-1,0,22.378559,5.576384,27.954943
334,128,768,128,768,283476,5,3.975808,-1,0,22.391071,5.59456,27.985631
335,128,6897,128,6897,283069,5,10.845568,-1,0,114.921761,12.610592,127.532352
336,128,2811,128,2811,283223,5,6.2256,-1,0,55.505344,7.986784,63.492128
337,128,2811,128,2811,283343,5,6.145024,-1,0,53.933086,7.833696,61.766782
338,128,768,128,768,283726,5,4.021696,-1,0,23.165344,5.696096,28.86144
339,128,2811,128,2811,283865,5,6.361984,-1,0,51.621983,8.146912,59.768894
340,128,2811,128,2811,283996,5,6.338208,-1,0,54.848415,8.10528,62.953695
341,128,6897,128,6897,283646,5,10.632832,-1,0,116.583359,12.430272,129.013631
342,128,2811,128,2811,283749,5,6.131392,-1,0,54.495232,7.84688,62.342112
343,128,2811,128,2811,283833,5,6.39376,-1,0,53.599136,8.176576,61.775712
344,128,2811,128,2811,283949,5,6.295168,-1,0,55.173344,8.060352,63.233696
345,128,15067,128,15067,282591,5,19.190752,-1,0,246.553955,20.962656,267.516611
346,128,2811,128,2811,282756,5,6.136288,-1,0,54.697472,7.857248,62.554719
347,128,6897,128,6897,282434,5,10.709088,-1,0,115.978493,12.513952,128.492445
348,128,4837,128,4837,282289,5,8.329024,-1,0,85.514046,10.096096,95.610142
349,128,2811,128,2811,282426,5,6.178528,-1,0,54.473183,7.930752,62.403934
350,128,6897,128,6897,282017,5,10.567072,-1,0,116.117729,12.364256,128.481985
351,128,2811,128,2811,282146,5,6.149824,-1,0,54.214046,7.879392,62.093439
352,128,6897,128,6897,281729,5,10.705696,-1,0,115.767876,12.504576,128.272451
353,128,8940,128,8940,281043,5,12.987744,-1,0,149.580383,14.829984,164.410367
354,128,10982,128,10982,280141,5,14.666624,-1,0,181.117477,16.403776,197.521254
355,128,768,128,768,280521,5,4.108704,-1,0,23.762753,5.827232,29.589984
356,128,4838,128,4838,280356,5,8.520128,-1,0,84.524323,10.320736,94.845058
357,128,13009,128,13009,279282,5,17.554367,-1,0,215.579681,19.394079,234.973761
358,128,13026,128,13026,278167,5,17.337055,-1,0,214.823044,19.138111,233.961155
359,128,6897,128,6897,277796,5,10.707008,-1,0,116.315811,12.490336,128.806148
360,128,2811,128,2811,277928,5,6.167296,-1,0,54.942081,7.88736,62.829442
361,128,6897,128,6897,277493,5,10.479392,-1,0,115.66877,12.227424,127.896194
362,128,4854,128,4854,277334,5,8.517024,-1,0,84.860771,10.280128,95.140899
363,128,6881,128,6881,276918,5,10.615168,-1,0,116.769089,12.380224,129.149313
364,128,768,128,768,277300,5,4.09504,-1,0,23.802368,5.84224,29.644608
365,128,4853,128,4853,277196,5,8.48704,-1,0,82.845726,10.251072,93.096798
366,128,8940,128,8940,276495,5,12.736832,-1,0,148.14502,14.528576,162.673595
367,128,4854,128,4854,276353,5,8.353472,-1,0,85.53347,10.089536,95.623006
368,128,4854,128,4854,276274,5,8.495488,-1,0,83.970146,10.29216,94.262306
369,128,768,128,768,276656,5,4.108704,-1,0,23.860319,5.827744,29.688063
370,128,4854,128,4854,276484,5,8.40368,-1,0,83.843681,10.172928,94.016609
371,128,4854,128,4854,276370,5,8.333184,-1,0,84.9048,10.06736,94.97216
372,128,2811,128,2811,276531,5,6.138688,-1,0,54.146847,7.847712,61.994559
373,128,6897,128,6897,276132,5,10.694624,-1,0,116.349281,12.473408,128.822689
374,128,2811,128,2811,276225,5,6.231488,-1,0,55.476734,7.98032,63.457054
375,128,6897,128,6897,275800,5,10.43184,-1,0,116.006592,12.174976,128.181568
376,128,8924,128,8924,275125,5,12.704672,-1,0,147.696609,14.52464,162.22125
377,128,2811,128,2811,275285,5,6.124672,-1,0,54.979458,7.815488,62.794946
378,128,2811,128,2811,275439,5,5.944032,-1,0,52.357761,7.574432,59.932193
379,128,2811,128,2811,275557,5,6.125312,-1,0,53.276066,7.816128,61.092194
380,128,6896,128,6896,275190,5,10.671104,-1,0,116.56707,12.460128,129.027198
381,128,4853,128,4853,275088,5,8.352768,-1,0,86.190399,10.099264,96.289663
382,128,768,128,768,275507,5,3.997184,-1,0,23.700705,5.704192,29.404897
383,128,4854,128,4854,275382,5,8.394208,-1,0,83.639709,10.145184,93.784893
384,128,4854,128,4854,275236,5,8.298496,-1,0,84.529793,10.021056,94.550849
385,128,768,128,768,275637,5,4.066368,-1,0,23.380928,5.788064,29.168992
386,128,2811,128,2811,275718,5,6.139008,-1,0,52.609921,7.832128,60.442049
387,128,2811,128,2811,275850,5,6.111168,-1,0,54.073185,7.805952,61.879137
388,128,768,128,768,276244,5,3.995264,-1,0,23.041248,5.658112,28.69936
389,128,2811,128,2811,276338,5,6.119744,-1,0,51.628834,7.80544,59.434274
390,128,4854,128,4854,276151,5,8.522496,-1,0,84.255997,10.270368,94.526364
391,128,768,128,768,276526,5,4.146048,-1,0,24.078848,5.909184,29.988032
392,128,768,128,768,276885,5,4.018784,-1,0,22.982401,5.702144,28.684545
393,128,768,128,768,277261,5,3.909408,-1,0,22.249088,5.48896,27.738048
394,128,2811,128,2811,277336,5,6.252896,-1,0,51.255329,7.985952,59.241281
395,128,2811,128,2811,277483,5,6.011904,-1,0,53.707008,7.656512,61.36352
396,128,2811,128,2811,277615,5,6.104384,-1,0,52.554337,7.791456,60.345793
397,128,2811,128,2811,277710,5,6.32288,-1,0,54.569759,8.068928,62.638687
398,128,768,128,768,278090,5,4.193632,-1,0,23.82192,5.982912,29.804832
399,128,2811,128,2811,278191,5,6.431552,-1,0,52.301311,8.178592,60.479903
400,128,2811,128,2811,278306,5,6.133312,-1,0,55.086655,7.823712,62.910367
401,128,768,128,768,278699,5,4.064288,-1,0,23.183712,5.748448,28.93216
402,128,768,128,768,279044,5,3.94032,-1,0,22.661247,5.556832,28.218079
403,128,768,128,768,279420,5,3.91792,-1,0,22.184383,5.500096,27.684479
404,128,2811,128,2811,279538,5,6.268736,-1,0,51.627422,7.996416,59.623838
405,128,768,128,768,279946,5,4.129824,-1,0,23.44784,5.851072,29.298912
406,128,2811,128,2811,280069,5,6.188672,-1,0,52.364704,7.835552,60.200256
407,128,2811,128,2811,280169,5,6.24656,-1,0,54.665249,7.969056,62.634305
408,128,2810,128,2810,280308,5,6.188288,-1,0,54.157665,7.924064,62.081729
409,128,4854,128,4854,280207,5,8.513344,-1,0,84.310783,10.305216,94.615999
410,128,768,128,768,280590,5,4.108512,-1,0,24.311424,5.894368,30.205792
411,128,768,128,768,280954,5,3.962976,-1,0,22.977535,5.65264,28.630175
412,128,2811,128,2811,281068,5,6.135712,-1,0,51.88208,7.856384,59.738464
413,128,6896,128,6896,280651,5,10.490112,-1,0,115.523331,12.276512,127.799843
414,128,768,128,768,281035,5,4.126304,-1,0,23.71776,5.878432,29.596192
415,128,2811,128,2811,281192,5,6.193856,-1,0,53.291199,7.924608,61.215807
416,128,4854,128,4854,281085,5,8.391104,-1,0,85.183426,10.1632,95.346626
417,128,768,128,768,281447,5,4.050592,-1,0,23.58016,5.766784,29.346944
418,128,768,128,768,281855,5,4.03184,-1,0,22.890944,5.705664,28.596608
419,128,6896,128,6896,281430,5,10.922912,-1,0,114.86013,12.745472,127.605602
420,128,4853,128,4853,281279,5,8.281568,-1,0,85.952477,10.045088,95.997564
421,128,768,128,768,281633,5,4.052032,-1,0,23.621536,5.769568,29.391104
422,128,4854,128,4854,281455,5,8.604224,-1,0,83.501282,10.423968,93.92525
423,128,6897,128,6897,281067,5,10.592736,-1,0,118.005699,12.404096,130.409795
424,128,768,128,768,281439,5,4.092576,-1,0,23.704384,5.854176,29.55856
425,128,2811,128,2811,281582,5,6.032832,-1,0,52.030434,7.703968,59.734402
426,128,768,128,768,281973,5,4.035232,-1,0,23.322847,5.737824,29.060671
427,128,768,128,768,282344,5,3.962848,-1,0,22.583008,5.571168,28.154176
428,128,4853,128,4853,282183,5,8.51744,-1,0,87.52301,10.321312,97.844322
429,128,8921,128,8921,281593,5,12.968512,-1,0,148.445114,14.813248,163.258362
430,128,4853,128,4853,281496,5,8.313376,-1,0,85.782272,10.069728,95.852
431,128,768,128,768,281852,5,4.031552,-1,0,23.578913,5.778176,29.357089
432,128,768,128,768,282185,5,4.011456,-1,0,22.917376,5.710976,28.628352
433,128,2811,128,2811,282284,5,6.21024,-1,0,51.882175,7.92976,59.811935
434,128,8940,128,8940,281627,5,12.465952,-1,0,148.288666,14.244096,162.532762
435,128,768,128,768,282004,5,4.017056,-1,0,23.588127,5.715296,29.303423
436,128,4854,128,4854,281868,5,8.534176,-1,0,81.187073,10.338176,91.525249
437,128,768,128,768,282251,5,4.054304,-1,0,24.146784,5.7384,29.885184
438,128,6897,128,6897,281893,5,10.622208,-1,0,115.65728,12.444544,128.101824
439,128,6897,128,6897,281480,5,10.544448,-1,0,115.406815,12.310816,127.71763
440,128,2811,128,2811,281662,5,6.15872,-1,0,54.3088,7.889408,62.198208
441,128,6881,128,6881,281295,5,10.918912,-1,0,116.520515,12.739648,129.260163
442,128,6897,128,6897,280890,5,10.690528,-1,0,120.431267,12.511904,132.943171
443,128,4854,128,4854,280755,5,8.153824,-1,0,84.555809,9.85168,94.407489
444,128,2810,128,2810,280907,5,6.242784,-1,0,54.652447,8.012768,62.665215
445,128,16384,128,16384,278530,5,20.934879,-1,0,268.009949,22.688448,290.698397
446,128,9661,128,9661,278631,5,13.691328,-1,0,160.825821,15.46496,176.290781
447,128,2811,128,2811,278790,5,6.14688,-1,0,54.874081,7.847232,62.721313
448,128,4853,128,4853,278585,5,8.422656,-1,0,82.915009,10.204448,93.119456
449,128,2811,128,2811,278730,5,6.226816,-1,0,54.804928,7.951104,62.756032
450,128,4853,128,4853,278551,5,8.481088,-1,0,84.897537,10.267168,95.164705
451,128,15053,128,15053,277130,5,19.461409,-1,0,247.293274,21.256737,268.550011
452,128,8938,128,8938,276470,5,12.73664,-1,0,147.313217,14.548992,161.862209
453,128,2811,128,2811,276598,5,6.126464,-1,0,54.613697,7.842464,62.456161
454,128,6896,128,6896,276136,5,10.769248,-1,0,116.097984,12.588704,128.686688
455,128,6896,128,6896,275728,5,10.686976,-1,0,117.569214,12.483424,130.052638
456,128,2811,128,2811,275848,5,6.149536,-1,0,54.757633,7.8888,62.646433
457,128,4854,128,4854,275772,5,8.271968,-1,0,84.273346,10.005568,94.278913
458,128,768,128,768,276168,5,4.052832,-1,0,23.366943,5.800096,29.167039
459,128,2811,128,2811,276283,5,6.147168,-1,0,52.188511,7.85008,60.038591
460,128,4854,128,4854,276084,5,8.41584,-1,0,85.71357,10.192704,95.906274
461,128,4854,128,4854,275947,5,8.509344,-1,0,84.681122,10.277984,94.959105
462,128,6896,128,6896,275610,5,10.728736,-1,0,115.910591,12.522848,128.433439
463,128,6897,128,6897,275207,5,10.44896,-1,0,116.398849,12.192544,128.591393
464,128,4854,128,4854,275124,5,8.449088,-1,0,85.998367,10.2408,96.239167
465,128,2811,128,2811,275202,5,6.156032,-1,0,54.403233,7.858208,62.261441
466,128,768,128,768,275549,5,4.019744,-1,0,23.087008,5.730592,28.817599
467,128,4854,128,4854,275378,5,7.919648,-1,0,79.596451,9.562496,89.158947
468,128,768,128,768,275761,5,4.046304,-1,0,22.870913,5.755104,28.626017
469,128,4854,128,4854,275601,5,8.505664,-1,0,86.256477,10.271264,96.527741
470,128,2811,128,2811,275741,5,6.125184,-1,0,54.033154,7.83792,61.871074
471,128,768,128,768,276121,5,3.988192,-1,0,22.824224,5.652704,28.476928
472,128,4854,128,4854,275976,5,8.583456,-1,0,79.635742,10.400768,90.03651
473,128,768,128,768,276362,5,4.16608,-1,0,24.200031,5.952128,30.152159
474,128,4854,128,4854,276199,5,8.367264,-1,0,83.094528,10.11728,93.211808
475,128,768,128,768,276598,5,4.014624,-1,0,23.435648,5.717536,29.153184
476,128,768,128,768,276961,5,3.972192,-1,0,22.77408,5.636544,28.410625
477,128,4853,128,4853,276821,5,8.07904,-1,0,79.541924,9.759488,89.301412
478,128,2811,128,2811,276925,5,6.173664,-1,0,55.059296,7.918336,62.977632
479,128,4854,128,4854,276743,5,8.40304,-1,0,84.034431,10.148032,94.182464
480,128,2811,128,2811,276835,5,6.229504,-1,0,55.337025,7.955808,63.292833
481,128,768,128,768,277202,5,4.048064,-1,0,23.419712,5.732832,29.152544
482,128,768,128,768,277580,5,3.993184,-1,0,22.743649,5.633792,28.37744
483,128,768,128,768,277960,5,3.959936,-1,0,22.317087,5.568576,27.885663
484,128,768,128,768,278329,5,3.915616,-1,0,22.035007,5.485792,27.5208
485,128,768,128,768,278718,5,3.885824,-1,0,21.838848,5.441792,27.28064
486,128,2811,128,2811,278830,5,6.1752,-1,0,51.085026,7.887328,58.972354
487,128,768,128,768,279192,5,4.10528,-1,0,23.45488,5.819584,29.274464
488,128,768,128,768,279555,5,3.993088,-1,0,23.000223,5.644832,28.645055
489,128,4853,128,4853,279428,5,8.6168,-1,0,85.698112,10.42064,96.118752
490,128,768,128,768,279780,5,4.132064,-1,0,23.661505,5.85392,29.515425
491,128,2811,128,2811,279919,5,6.140128,-1,0,52.816574,7.826528,60.643102
492,128,6896,128,6896,279496,5,10.7528,-1,0,115.647903,12.544704,128.192608
493,128,2811,128,2811,279630,5,6.1296,-1,0,55.18576,7.82256,63.00832
494,128,2811,128,2811,279781,5,6.157344,-1,0,53.724705,7.858784,61.583489
495,128,2811,128,2811,279880,5,6.167488,-1,0,53.974655,7.86352,61.838175
496,128,768,128,768,280241,5,4.098656,-1,0,23.343552,5.817184,29.160736
497,128,4854,128,4854,280087,5,8.743232,-1,0,83.906883,10.56736,94.474243
498,128,2811,128,2811,280198,5,6.342112,-1,0,56.126785,8.088512,64.215298
499,128,6896,128,6896,279841,5,10.587584,-1,0,117.1343,12.377504,129.511805
500,128,768,128,768,280218,5,4.043616,-1,0,24.028193,5.724576,29.752769
501,128,2811,128,2811,280341,5,6.032064,-1,0,52.542336,7.705504,60.247839
502,128,768,128,768,280670,5,4.005344,-1,0,23.015903,5.67168,28.687583
503,128,4854,128,4854,280488,5,8.632768,-1,0,84.550301,10.45072,95.00102
504,128,2811,128,2811,280626,5,6.148224,-1,0,54.506046,7.869696,62.375742
505,128,768,128,768,280993,5,4.021632,-1,0,22.965792,5.706752,28.672544
506,128,2811,128,2811,281114,5,6.21328,-1,0,52.013695,7.909184,59.922879
507,128,2811,128,2811,281213,5,6.348,-1,0,54.034622,8.116928,62.15155
508,128,4854,128,4854,281069,5,8.494368,-1,0,85.055618,10.273408,95.329026
509,128,6896,128,6896,280672,5,10.460096,-1,0,117.217087,12.2336,129.450686
510,128,4854,128,4854,280542,5,8.432416,-1,0,84.658752,10.19712,94.855872
511,128,2811,128,2811,280686,5,6.178336,-1,0,54.546913,7.890176,62.437089
512,128,768,128,768,281050,5,4.014048,-1,0,23.181889,5.700352,28.882241
513,128,2811,128,2811,281152,5,6.383872,-1,0,52.919807,8.159776,61.079583
514,128,2811,128,2811,281259,5,6.269568,-1,0,55.159649,8.001056,63.160705
515,128,2811,128,2811,281450,5,6.241984,-1,0,54.307999,7.992448,62.300447
516,128,2810,128,2810,281607,5,6.225184,-1,0,53.859234,7.921408,61.780642
517,128,8940,128,8940,280963,5,12.600928,-1,0,150.290405,14.383104,164.67351
518,128,768,128,768,281298,5,4.141088,-1,0,23.908129,5.8616,29.769729
519,128,768,128,768,281690,5,4.032192,-1,0,23.081057,5.73424,28.815297
520,128,6896,128,6896,281316,5,10.60288,-1,0,113.996544,12.372,126.368544
521,128,4854,128,4854,281174,5,8.313824,-1,0,85.164482,10.063968,95.22845
522,128,4854,128,4854,281082,5,8.20656,-1,0,84.200607,9.93296,94.133567
523,128,2811,128,2811,281222,5,6.306432,-1,0,55.00032,8.045472,63.045793
524,128,4854,128,4854,281082,5,8.377152,-1,0,85.311966,10.1192,95.431166
525,128,6897,128,6897,280703,5,10.734336,-1,0,116.942116,12.52176,129.463876
526,128,2811,128,2811,280840,5,6.13632,-1,0,54.795135,7.838496,62.633632
527,128,2811,128,2811,280855,5,6.494816,-1,0,53.843487,8.283936,62.127422
528,128,4854,128,4854,280758,5,8.523968,-1,0,85.558945,10.29536,95.854304
529,128,6897,128,6897,280415,5,10.574368,-1,0,117.854652,12.33584,130.190493
530,128,2811,128,2811,280529,5,6.115296,-1,0,54.047134,7.799808,61.846942
531,128,8924,128,8924,279946,5,12.765728,-1,0,146.795807,14.54688,161.342687
532,128,6896,128,6896,279529,5,10.694752,-1,0,118.034752,12.476768,130.511519
533,128,8939,128,8939,278931,5,12.435936,-1,0,148.010681,14.179744,162.190425
534,128,4854,128,4854,278788,5,8.409504,-1,0,86.46067,10.167328,96.627998
535,128,4853,128,4853,278626,5,8.355904,-1,0,84.54467,10.097504,94.642174
536,128,4854,128,4854,278441,5,8.502272,-1,0,84.968124,10.2728,95.240925
537,128,6897,128,6897,278000,5,10.694432,-1,0,117.962402,12.48016,130.442562
538,128,2811,128,2811,278117,5,6.152192,-1,0,55.04237,7.834368,62.876738
539,128,6897,128,6897,277740,5,10.74768,-1,0,116.59008,12.550144,129.140224
540,128,4854,128,4854,277564,5,8.400544,-1,0,85.569824,10.148672,95.718496
541,128,8939,128,8939,276947,5,12.661216,-1,0,148.900864,14.440384,163.341248
542,128,6896,128,6896,276473,5,10.683264,-1,0,117.197662,12.467552,129.665215
543,128,6897,128,6897,276055,5,10.814272,-1,0,117.093536,12.621568,129.715104
544,128,4838,128,4838,275916,5,8.383616,-1,0,84.034622,10.127296,94.161919
545,128,6897,128,6897,275561,5,10.785472,-1,0,116.70739,12.586368,129.293757
546,128,768,128,768,275927,5,4.24064,-1,0,24.265345,6.042336,30.307681
547,128,8940,128,8940,275353,5,12.7008,-1,0,147.867554,14.497056,162.36461
548,128,2811,128,2811,275492,5,6.12272,-1,0,54.710464,7.815584,62.526049
549,128,8940,128,8940,274866,5,12.7424,-1,0,147.095291,14.52448,161.619771
550,128,2811,128,2811,274983,5,6.163552,-1,0,55.276127,7.872192,63.148319
551,128,4854,128,4854,274825,5,8.293152,-1,0,82.921761,10.0152,92.93696
552,128,2811,128,2811,274975,5,6.233088,-1,0,54.422146,7.931456,62.353602
553,128,4852,128,4852,274855,5,8.362528,-1,0,84.954979,10.101504,95.056483
554,128,4854,128,4854,274774,5,8.387584,-1,0,84.748642,10.136064,94.884706
555,128,2811,128,2811,274950,5,6.156928,-1,0,54.138561,7.86,61.998561
556,128,2811,128,2811,275073,5,6.17776,-1,0,54.374306,7.895936,62.270242
557,128,768,128,768,275423,5,4.100992,-1,0,23.327488,5.818976,29.146464
558,128,768,128,768,275799,5,3.937216,-1,0,22.588415,5.551136,28.139551
559,128,768,128,768,276159,5,3.862048,-1,0,21.801088,5.421152,27.22224
560,128,768,128,768,276529,5,3.858368,-1,0,21.616768,5.404,27.020768
561,128,768,128,768,276857,5,3.88528,-1,0,21.594528,5.442432,27.03696
562,128,2811,128,2811,276975,5,6.287328,-1,0,52.205921,8.032352,60.238274
563,128,768,128,768,277368,5,4.117792,-1,0,23.487648,5.842464,29.330112
564,128,768,128,768,277742,5,3.957568,-1,0,22.697121,5.584064,28.281185
565,128,768,128,768,278124,5,3.918496,-1,0,22.244801,5.535264,27.780065
566,128,768,128,768,278508,5,3.882368,-1,0,21.877695,5.421856,27.299551
567,128,4854,128,4854,278330,5,8.420032,-1,0,81.220222,10.174976,91.395199
568,128,2811,128,2811,278442,5,6.1568,-1,0,54.92432,7.862176,62.786496
569,128,2811,128,2811,278618,5,5.963808,-1,0,52.644928,7.597888,60.242816
570,128,4821,128,4821,278483,5,8.30768,-1,0,83.475105,10.03424,93.509345
571,128,768,128,768,278857,5,4.05488,-1,0,23.542944,5.732256,29.2752
572,128,4853,128,4853,278639,5,8.501984,-1,0,82.890785,10.27008,93.160865
573,128,768,128,768,279029,5,4.048128,-1,0,23.745407,5.76016,29.505567
574,128,4854,128,4854,278887,5,8.39792,-1,0,82.501152,10.143456,92.644608
575,128,768,128,768,279267,5,4.113152,-1,0,23.810177,5.833312,29.643489
576,128,2811,128,2811,279403,5,6.542272,-1,0,54.355137,8.3592,62.714336
577,128,768,128,768,279788,5,4.061408,-1,0,24.212032,5.790368,30.0024
578,128,4853,128,4853,279617,5,8.361664,-1,0,83.196991,10.106208,93.303199
579,128,768,128,768,279991,5,4.0464,-1,0,23.758017,5.731488,29.489505
580,128,2811,128,2811,280098,5,6.161632,-1,0,52.943455,7.87008,60.813535
581,128,768,128,768,280459,5,4.044992,-1,0,23.236864,5.727648,28.964512
582,128,768,128,768,280847,5,3.979584,-1,0,22.668768,5.637408,28.306176
583,128,4854,128,4854,280688,5,8.441824,-1,0,82.373024,10.202048,92.575072
584,128,4854,128,4854,280568,5,8.312224,-1,0,84.866081,10.04176,94.907842
585,128,2811,128,2811,280657,5,6.146496,-1,0,53.990814,7.828,61.818814
586,128,4854,128,4854,280534,5,8.40768,-1,0,85.186012,10.156384,95.342397
587,128,768,128,768,280898,5,4.087104,-1,0,23.678848,5.803232,29.48208
588,128,2811,128,2811,281047,5,6.1776,-1,0,52.41296,7.870336,60.283296
589,128,6849,128,6849,280602,5,10.837184,-1,0,116.567139,12.674656,129.241795
590,128,768,128,768,281001,5,4.17728,-1,0,24.264128,5.973024,30.237152
591,128,768,128,768,281370,5,4.006656,-1,0,23.324575,5.6512,28.975775
592,128,8940,128,8940,280721,5,12.757888,-1,0,147.024155,14.571424,161.595578
593,128,2811,128,2811,280876,5,6.247456,-1,0,56.093407,7.972736,64.066143
594,128,768,128,768,281304,5,4.022528,-1,0,23.526625,5.765344,29.291969
595,128,768,128,768,281677,5,3.962176,-1,0,22.769247,5.60816,28.377407
596,128,2811,128,2811,281766,5,6.041568,-1,0,51.574944,7.716896,59.29184
597,128,6896,128,6896,281345,5,10.732608,-1,0,116.186371,12.52016,128.706531
598,128,768,128,768,281734,5,4.072064,-1,0,24.269665,5.768416,30.038081
599,128,2810,128,2810,281825,5,6.151776,-1,0,52.851616,7.847072,60.698688
600,128,768,128,768,282178,5,4.0768,-1,0,23.469791,5.780256,29.250047
601,128,10980,128,10980,281223,5,15.152352,-1,0,178.745926,16.911455,195.657381
602,128,4854,128,4854,281096,5,8.413952,-1,0,86.401154,10.160032,96.561186
603,128,2811,128,2811,281239,5,6.203872,-1,0,54.394302,7.907424,62.301726
604,128,2811,128,2811,281303,5,6.003616,-1,0,52.829887,7.635776,60.465663
605,128,2811,128,2811,281414,5,6.379744,-1,0,53.839809,8.13072,61.97053
606,128,768,128,768,281809,5,4.064576,-1,0,24.0464,5.751936,29.798336
607,128,4854,128,4854,281657,5,8.56688,-1,0,85.903908,10.384512,96.28842
608,128,8940,128,8940,281087,5,12.546976,-1,0,146.351105,14.307744,160.658849
609,128,2810,128,2810,281149,5,6.20416,-1,0,54.628033,7.924192,62.552225
610,128,4854,128,4854,281096,5,8.39696,-1,0,84.970146,10.149152,95.119298
611,128,2811,128,2811,281243,5,6.142496,-1,0,54.241119,7.865056,62.106175
612,128,8940,128,8940,280622,5,12.703072,-1,0,147.339294,14.48496,161.824254
613,128,6896,128,6896,280253,5,10.80608,-1,0,118.745438,12.628576,131.374014
614,128,4854,128,4854,280086,5,8.418976,-1,0,86.037949,10.203648,96.241596
615,128,4854,128,4854,279923,5,8.425664,-1,0,84.6073,10.224992,94.832292
616,128,6897,128,6897,279557,5,10.748928,-1,0,118.590141,12.605184,131.195325
617,128,2811,128,2811,279678,5,6.15568,-1,0,54.496609,7.883296,62.379905
618,128,6897,128,6897,279307,5,10.463776,-1,0,116.191711,12.253632,128.445343
619,128,4854,128,4854,279180,5,8.275168,-1,0,83.891968,10.031616,93.923584
620,128,4854,128,4854,279072,5,8.272864,-1,0,84.008675,10.041376,94.050051
621,128,8940,128,8940,278466,5,12.704672,-1,0,148.025314,14.526368,162.551682
622,128,6897,128,6897,278047,5,10.79776,-1,0,118.51075,12.635936,131.146686
623,128,10982,128,10982,277122,5,15.177888,-1,0,182.177094,16.947744,199.124838
624,128,2811,128,2811,277229,5,6.274336,-1,0,55.423519,8.039488,63.463007
625,128,768,128,768,277587,5,4.025984,-1,0,23.421984,5.78656,29.208544
626,128,4854,128,4854,277439,5,8.487296,-1,0,84.661217,10.285344,94.946561
627,128,10983,128,10983,276570,5,14.815296,-1,0,180.064575,16.560415,196.62499
628,128,6897,128,6897,276217,5,10.421952,-1,0,115.092514,12.202176,127.29469
629,128,6895,128,6895,275829,5,10.45712,-1,0,116.76963,12.239456,129.009087
630,128,2811,128,2811,275959,5,6.199712,-1,0,54.54509,7.950048,62.495138
631,128,6896,128,6896,275556,5,10.436608,-1,0,117.524704,12.234304,129.759008
632,128,8940,128,8940,274937,5,12.748832,-1,0,150.634201,14.584448,165.218649
633,128,2811,128,2811,275103,5,6.165184,-1,0,55.240993,7.89152,63.132514
634,128,768,128,768,275486,5,4.0248,-1,0,23.034975,5.745856,28.780831
635,128,2811,128,2811,275602,5,6.274944,-1,0,52.027744,8.033792,60.061536
636,128,4854,128,4854,275471,5,8.39472,-1,0,84.806526,10.165536,94.972062
637,128,2810,128,2810,275619,5,6.16528,-1,0,54.014305,7.898432,61.912737
638,128,2811,128,2811,275768,5,6.120032,-1,0,53.400543,7.851648,61.252191
639,128,6897,128,6897,275448,5,10.479104,-1,0,114.345215,12.253888,126.599103
640,128,768,128,768,275832,5,4.095008,-1,0,24.043743,5.898944,29.942687
641,128,768,128,768,276203,5,3.933536,-1,0,22.57056,5.579776,28.150336
642,128,4838,128,4838,276027,5,8.499136,-1,0,82.571968,10.293216,92.865184
643,128,2810,128,2810,276145,5,6.122848,-1,0,54.168831,7.84864,62.017471
644,128,768,128,768,276542,5,4.02064,-1,0,23.222528,5.714912,28.93744
645,128,2811,128,2811,276645,5,6.130688,-1,0,52.023521,7.85008,59.873601
646,128,2811,128,2811,276787,5,6.279872,-1,0,53.624992,8.039168,61.664161
647,128,768,128,768,277161,5,4.096672,-1,0,23.514784,5.839072,29.353856
648,128,6897,128,6897,276762,5,10.803168,-1,0,118.347229,12.646976,130.994205
649,128,4854,128,4854,276594,5,8.317184,-1,0,85.440353,10.07184,95.512194
650,128,2811,128,2811,276729,5,6.22944,-1,0,54.798752,7.98224,62.780992
651,128,768,128,768,277150,5,4.078432,-1,0,23.352928,5.816,29.168928
652,128,6896,128,6896,276796,5,10.432224,-1,0,115.268639,12.201824,127.470463
653,128,2811,128,2811,276883,5,6.149984,-1,0,53.926559,7.853792,61.780352
654,128,768,128,768,277284,5,4.02448,-1,0,23.282944,5.747712,29.030656
655,128,768,128,768,277639,5,3.92528,-1,0,22.436224,5.54784,27.984064
656,128,768,128,768,278009,5,3.89296,-1,0,22.040768,5.477984,27.518752
657,128,768,128,768,278400,5,3.889856,-1,0,21.771936,5.452928,27.224864
658,128,4854,128,4854,278276,5,8.526144,-1,0,81.385216,10.298176,91.683392
659,128,4854,128,4854,278152,5,8.379456,-1,0,86.223297,10.152064,96.375361
660,128,768,128,768,278527,5,4.06464,-1,0,23.853985,5.76208,29.616065
661,128,2811,128,2811,278707,5,5.966752,-1,0,51.531265,7.62384,59.155105
662,128,768,128,768,279057,5,4.003232,-1,0,22.838207,5.676928,28.515135
663,128,768,128,768,279424,5,3.948416,-1,0,22.409472,5.540576,27.950047
664,128,768,128,768,279777,5,3.896064,-1,0,22.042879,5.471584,27.514463
665,128,4853,128,4853,279665,5,8.600192,-1,0,82.845757,10.429152,93.274908
666,128,2811,128,2811,279812,5,6.253472,-1,0,55.690945,8.00576,63.696705
667,128,768,128,768,280179,5,4.034912,-1,0,23.411552,5.763328,29.174881
668,128,6896,128,6896,279769,5,10.94736,-1,0,115.953629,12.778304,128.731933
669,128,768,128,768,280135,5,4.277312,-1,0,24.437664,6.086816,30.52448
670,128,2811,128,2811,280287,5,6.122112,-1,0,52.889759,7.75088,60.640639
671,128,2811,128,2811,280398,5,6.320384,-1,0,54.785824,8.065888,62.851712
672,128,2811,128,2811,280499,5,6.111392,-1,0,54.103554,7.792064,61.895618
673,128,2811,128,2811,280581,5,6.146464,-1,0,53.806751,7.83904,61.645791
674,128,6896,128,6896,280230,5,10.791936,-1,0,116.064896,12.594272,128.659167
675,128,768,128,768,280609,5,4.23568,-1,0,24.558657,6.062176,30.620833
676,128,2811,128,2811,280767,5,6.178144,-1,0,53.394081,7.880576,61.274657
677,128,2811,128,2811,280895,5,6.208032,-1,0,54.139999,7.904448,62.044447
678,128,4854,128,4854,280730,5,8.322272,-1,0,84.243263,10.04624,94.289503
679,128,4837,128,4837,280584,5,8.49216,-1,0,84.436707,10.238752,94.675459
680,128,2810,128,2810,280739,5,6.171296,-1,0,55.283775,7.857408,63.141183
681,128,8939,128,8939,280058,5,12.724896,-1,0,147.6064,14.501472,162.107872
682,128,768,128,768,280454,5,4.209888,-1,0,24.326401,6.016128,30.342529
683,128,2810,128,2810,280619,5,6.429184,-1,0,54.139359,8.205184,62.344543
684,128,768,128,768,281014,5,4.111776,-1,0,24.031168,5.826368,29.857536
685,128,4854,128,4854,280896,5,8.509376,-1,0,82.839485,10.30432,93.143806
686,128,6897,128,6897,280553,5,10.75232,-1,0,117.521629,12.573824,130.095453
687,128,768,128,768,280913,5,4.05328,-1,0,24.402399,5.799392,30.201791
688,128,4854,128,4854,280766,5,8.496704,-1,0,85.33709,10.259488,95.596578
689,128,4854,128,4854,280650,5,8.418848,-1,0,85.083038,10.181472,95.26451
690,128,768,128,768,281017,5,4.035552,-1,0,23.622463,5.744192,29.366655
691,128,4854,128,4854,280925,5,8.431552,-1,0,83.334045,10.175488,93.509534
692,128,4854,128,4854,280734,5,8.417824,-1,0,85.086685,10.159296,95.245981
693,128,4853,128,4853,280632,5,8.420064,-1,0,84.217278,10.162048,94.379326
694,128,4854,128,4854,280506,5,8.415712,-1,0,85.878754,10.165632,96.044386
695,128,6897,128,6897,280101,5,10.705952,-1,0,117.682625,12.48832,130.170945
696,128,4854,128,4854,279980,5,8.401664,-1,0,84.964516,10.137248,95.101764
697,128,4854,128,4854,279883,5,8.45168,-1,0,86.433121,10.220672,96.653792
698,128,2811,128,2811,280007,5,6.168736,-1,0,54.162655,7.861728,62.024383
699,128,4854,128,4854,279903,5,8.592736,-1,0,85.187584,10.37888,95.566463
700,128,4854,128,4854,279786,5,8.07856,-1,0,84.613953,9.754432,94.368384
701,128,768,128,768,280199,5,4.035552,-1,0,23.23984,5.713056,28.952896
702,128,6881,128,6881,279867,5,10.630496,-1,0,115.136642,12.400128,127.536771
703,128,8940,128,8940,279203,5,12.65296,-1,0,148.781052,14.430528,163.211579
704,128,6897,128,6897,278820,5,10.601728,-1,0,117.062241,12.36752,129.429761
705,128,6896,128,6896,278477,5,10.585248,-1,0,116.803139,12.345248,129.148387
706,128,6897,128,6897,278119,5,10.805632,-1,0,119.295036,12.609056,131.904093
707,128,4854,128,4854,277980,5,8.379808,-1,0,85.544449,10.123904,95.668353
708,128,4854,128,4854,277807,5,8.361376,-1,0,85.732285,10.107168,95.839453
709,128,4854,128,4854,277674,5,8.31136,-1,0,84.599617,10.045824,94.645441
710,128,768,128,768,278066,5,4.014304,-1,0,23.580193,5.727872,29.308064
711,128,2811,128,2811,278223,5,6.0776,-1,0,51.643841,7.733824,59.377665
712,128,4854,128,4854,278076,5,8.50528,-1,0,83.041664,10.272,93.313664
713,128,2811,128,2811,278187,5,6.145216,-1,0,54.667168,7.828416,62.495584
714,128,4854,128,4854,278028,5,8.420288,-1,0,84.708961,10.172704,94.881665
715,128,4854,128,4854,277873,5,8.482912,-1,0,84.090691,10.249024,94.339715
716,128,6895,128,6895,277504,5,10.726944,-1,0,116.43222,12.51024,128.94246
717,128,2811,128,2811,277599,5,6.262592,-1,0,55.723488,7.996672,63.72016
718,128,2811,128,2811,277747,5,6.24224,-1,0,54.287903,7.969376,62.257279
719,128,13026,128,13026,276613,5,17.663424,-1,0,218.643875,19.468,238.111876
720,128,768,128,768,277050,5,4.112896,-1,0,24.242945,5.846368,30.089313
721,128,768,128,768,277417,5,3.984704,-1,0,22.846848,5.621536,28.468383
722,128,2811,128,2811,277528,5,6.03424,-1,0,50.809441,7.692288,58.501729
723,128,2811,128,2811,277628,5,6.213248,-1,0,54.854401,7.90528,62.759681
724,128,4854,128,4854,277489,5,8.302592,-1,0,84.32592,10.024928,94.350848
725,128,4854,128,4854,277368,5,8.388224,-1,0,84.947456,10.128032,95.075488
726,128,6897,128,6897,276999,5,10.590048,-1,0,115.949982,12.351904,128.301886
727,128,768,128,768,277399,5,4.10384,-1,0,24.132896,5.826464,29.959361
728,128,768,128,768,277757,5,3.997728,-1,0,23.011553,5.646432,28.657985
729,128,4853,128,4853,277602,5,8.603296,-1,0,85.24781,10.39408,95.641891
730,128,2811,128,2811,277727,5,6.155168,-1,0,54.585407,7.858656,62.444063
731,128,8940,128,8940,276999,5,12.954208,-1,0,149.694046,14.768448,164.462494
732,128,2811,128,2811,277105,5,6.291872,-1,0,55.760479,8.019264,63.779743
733,128,4853,128,4853,276973,5,8.284352,-1,0,84.888962,10.006848,94.89581
734,128,768,128,768,277333,5,4.02624,-1,0,23.33312,5.72688,29.06
735,128,4838,128,4838,277194,5,8.365056,-1,0,83.493629,10.107776,93.601405
736,128,6897,128,6897,276828,5,10.709248,-1,0,116.535042,12.49456,129.029602
737,128,2811,128,2811,276974,5,6.028192,-1,0,54.037247,7.681824,61.719071
738,128,768,128,768,277379,5,4.03296,-1,0,22.927551,5.715328,28.642879
739,128,2810,128,2810,277452,5,6.24784,-1,0,52.467136,7.97504,60.442176
740,128,4854,128,4854,277294,5,8.419328,-1,0,84.110275,10.16864,94.278915
741,128,2811,128,2811,277450,5,6.13008,-1,0,54.156929,7.830848,61.987777
742,128,2811,128,2811,277565,5,6.139776,-1,0,53.932831,7.84656,61.779391
743,128,768,128,768,277957,5,4.136992,-1,0,23.400991,5.882784,29.283775
744,128,4853,128,4853,277850,5,8.752224,-1,0,83.872803,10.588448,94.46125
745,128,2811,128,2811,278018,5,6.240704,-1,0,55.748383,7.961312,63.709694
746,128,768,128,768,278401,5,4.043744,-1,0,23.328672,5.742912,29.071584
747,128,768,128,768,278760,5,3.925152,-1,0,22.814177,5.552768,28.366945
748,128,2811,128,2811,278870,5,6.370592,-1,0,52.598751,8.141216,60.739967
749,128,2811,128,2811,278965,5,6.172992,-1,0,54.963455,7.878432,62.841887
750,128,768,128,768,279361,5,4.060672,-1,0,23.22784,5.741792,28.969633
751,128,4854,128,4854,279259,5,8.454432,-1,0,80.133728,10.207104,90.340832
752,128,2811,128,2811,279372,5,6.160672,-1,0,54.878529,7.863936,62.742465
753,128,2811,128,2811,279451,5,6.348352,-1,0,53.210655,8.102528,61.313183
754,128,768,128,768,279853,5,4.102496,-1,0,23.9112,5.84336,29.75456
755,128,2810,128,2810,279973,5,6.30784,-1,0,52.770847,8.045376,60.816223
756,128,768,128,768,280366,5,4.112384,-1,0,23.89152,5.895872,29.787392
757,128,768,128,768,280751,5,3.958112,-1,0,22.558592,5.584224,28.142816
758,128,2811,128,2811,280854,5,6.16976,-1,0,51.217281,7.84928,59.066561
759,128,2811,128,2811,280962,5,6.133024,-1,0,53.693249,7.829216,61.522465
760,128,2811,128,2811,281139,5,6.236096,-1,0,54.212704,7.967552,62.180256
761,128,4854,128,4854,280962,5,8.542496,-1,0,82.987076,10.268544,93.25562
762,128,6896,128,6896,280609,5,10.71312,-1,0,118.146271,12.498624,130.644895
763,128,2811,128,2811,280761,5,6.2624,-1,0,55.665024,8.001216,63.66624
764,128,6897,128,6897,280375,5,10.749184,-1,0,117.33744,12.530784,129.868224
765,128,2811,128,2811,280472,5,6.278624,-1,0,55.121407,8.008704,63.130111
766,128,2811,128,2811,280623,5,6.11744,-1,0,54.119392,7.8096,61.928992
767,128,6897,128,6897,280236,5,10.724096,-1,0,117.789024,12.5088,130.297824
768,128,2811,128,2811,280349,5,6.215264,-1,0,55.661697,7.92768,63.589377
769,128,8908,128,8908,279710,5,12.59296,-1,0,146.546204,14.348256,160.89446
770,128,768,128,768,280116,5,4.058528,-1,0,23.94416,5.756064,29.700224
771,128,4853,128,4853,279980,5,8.739296,-1,0,81.50531,10.56816,92.07347
772,128,4854,128,4854,279783,5,8.426688,-1,0,86.290176,10.17664,96.466816
773,128,8940,128,8940,279216,5,12.882624,-1,0,148.43718,14.678688,163.115868
774,128,2811,128,2811,279384,5,6.161408,-1,0,55.244289,7.867968,63.112257
775,128,4854,128,4854,279290,5,8.52528,-1,0,84.816803,10.29072,95.107523
776,128,4853,128,4853,279140,5,8.384,-1,0,84.516991,10.12112,94.638111
777,128,2810,128,2810,279247,5,6.291808,-1,0,54.892834,8.032032,62.924866
778,128,4854,128,4854,279128,5,8.409344,-1,0,85.148643,10.157312,95.305956
779,128,2811,128,2811,279293,5,6.130656,-1,0,54.281727,7.825696,62.107423
780,128,4854,128,4854,279107,5,8.512416,-1,0,84.239105,10.281696,94.520802
781,128,768,128,768,279494,5,4.130688,-1,0,23.824703,5.866592,29.691295
782,128,2810,128,2810,279609,5,6.274304,-1,0,52.724354,8.005056,60.72941
783,128,6897,128,6897,279231,5,10.72928,-1,0,116.538429,12.51728,129.055709
784,128,4853,128,4853,279099,5,8.42336,-1,0,85.836159,10.144832,95.98099
785,128,4853,128,4853,278958,5,8.420512,-1,0,85.739967,10.165728,95.905695
786,128,2811,128,2811,279042,5,6.201664,-1,0,54.543423,7.903296,62.446719
787,128,6895,128,6895,278677,5,10.803648,-1,0,116.602463,12.622016,129.224479
788,128,768,128,768,279025,5,4.1976,-1,0,24.184576,5.985792,30.170368
789,128,768,128,768,279385,5,3.96528,-1,0,22.993601,5.571936,28.565537
790,128,2715,128,2715,279539,5,6.064896,-1,0,51.261665,7.777888,59.039553
791,128,2811,128,2811,279659,5,6.10496,-1,0,53.333694,7.777504,61.111198
792,128,4854,128,4854,279495,5,8.48992,-1,0,84.230431,10.232352,94.462783
793,128,6897,128,6897,279123,5,10.443744,-1,0,118.276642,12.179904,130.456546
794,128,6895,128,6895,278759,5,10.702144,-1,0,116.760735,12.485952,129.246687
795,128,2811,128,2811,278868,5,6.174656,-1,0,56.093056,7.870016,63.963072
796,128,4853,128,4853,278711,5,8.50144,-1,0,83.827423,10.268128,94.095551
797,128,8936,128,8936,278113,5,12.692544,-1,0,149.825851,14.45616,164.282011
798,128,4854,128,4854,277987,5,8.460192,-1,0,85.889053,10.229312,96.118365
799,128,2810,128,2810,278139,5,6.252576,-1,0,55.040833,7.987584,63.028417
800,128,4854,128,4854,278064,5,8.35664,-1,0,85.121887,10.096384,95.218271
801,128,4854,128,4854,277927,5,8.43904,-1,0,84.100388,10.18864,94.289027
802,128,4854,128,4854,277754,5,8.300288,-1,0,85.105309,10.02752,95.132829
803,128,8940,128,8940,277063,5,12.688896,-1,0,146.209244,14.49504,160.704284
804,128,2811,128,2811,277186,5,6.20544,-1,0,55.445438,7.961312,63.40675
805,128,4853,128,4853,277101,5,8.318208,-1,0,84.5,10.08304,94.58304
806,128,4838,128,4838,276943,5,8.41536,-1,0,84.948799,10.197376,95.146175
807,128,6897,128,6897,276585,5,10.729376,-1,0,116.91626,12.553728,129.469988
808,128,2811,128,2811,276717,5,6.12304,-1,0,54.946175,7.834592,62.780766
809,128,6897,128,6897,276365,5,10.717632,-1,0,117.239296,12.526496,129.765792
810,128,2811,128,2811,276497,5,6.1256,-1,0,55.076767,7.808,62.884767
811,128,4854,128,4854,276359,5,8.53808,-1,0,83.411491,10.331136,93.742627
812,128,4854,128,4854,276179,5,8.368288,-1,0,86.19136,10.111904,96.303265
813,128,6895,128,6895,275751,5,10.970784,-1,0,116.597534,12.855584,129.453118
814,128,768,128,768,276147,5,4.111616,-1,0,24.685217,5.843648,30.528865
815,128,10983,128,10983,275319,5,14.812896,-1,0,178.430786,16.55904,194.989826
816,128,2811,128,2811,275435,5,6.129056,-1,0,53.815071,7.830432,61.645503
817,128,768,128,768,275848,5,4.092704,-1,0,23.323872,5.843072,29.166944
818,128,768,128,768,276235,5,3.977024,-1,0,22.831553,5.6136,28.445152
819,128,768,128,768,276609,5,3.928544,-1,0,22.362177,5.560832,27.923009
820,128,4854,128,4854,276478,5,8.578208,-1,0,82.698082,10.370688,93.06877
821,128,768,128,768,276844,5,4.051456,-1,0,23.991873,5.770592,29.762465
822,128,4854,128,4854,276777,5,8.415104,-1,0,83.382271,10.158304,93.540575
823,128,768,128,768,277161,5,4.218048,-1,0,23.952192,6.026976,29.979168
824,128,768,128,768,277536,5,3.989952,-1,0,22.765921,5.624832,28.390753
825,128,768,128,768,277908,5,3.921312,-1,0,22.330721,5.534848,27.865569
826,128,768,128,768,278309,5,3.923136,-1,0,22.019808,5.491872,27.51168
827,128,768,128,768,278702,5,3.906176,-1,0,21.933567,5.464288,27.397855
828,128,768,128,768,279066,5,3.944448,-1,0,22.082272,5.525216,27.607488
829,128,768,128,768,279441,5,3.922656,-1,0,22.088736,5.509376,27.598112
830,128,2811,128,2811,279556,5,6.318048,-1,0,51.003616,8.065888,59.069505
831,128,768,128,768,279934,5,4.071008,-1,0,23.617537,5.79824,29.415777
832,128,2811,128,2811,280070,5,6.272832,-1,0,54.361855,8.005472,62.367327
833,128,768,128,768,280451,5,4.04528,-1,0,23.518208,5.7256,29.243807
834,128,768,128,768,280855,5,3.919136,-1,0,22.584385,5.54336,28.127745
835,128,768,128,768,281218,5,3.93808,-1,0,22.140768,5.536992,27.67776
836,128,768,128,768,281609,5,3.902944,-1,0,21.948223,5.463264,27.411487
837,128,10983,128,10983,280624,5,15.584416,-1,0,180.597916,17.394176,197.992092
838,128,8939,128,8939,279993,5,13.004704,-1,0,148.809753,14.822688,163.632442
839,128,4854,128,4854,279857,5,8.382112,-1,0,86.208961,10.125632,96.334594
840,128,2810,128,2810,280018,5,6.204384,-1,0,54.697151,7.923424,62.620575
841,128,768,128,768,280415,5,4.016512,-1,0,23.39856,5.665696,29.064256
842,128,4854,128,4854,280224,5,8.401536,-1,0,82.686111,10.150432,92.836543
843,128,4854,128,4854,280094,5,8.409152,-1,0,84.808159,10.158784,94.966943
844,128,6881,128,6881,279802,5,10.750496,-1,0,118.203041,12.535008,130.73805
845,128,2811,128,2811,279899,5,6.108448,-1,0,54.872833,7.787776,62.660609
846,128,6896,128,6896,279542,5,10.728352,-1,0,114.936256,12.517216,127.453472
847,128,768,128,768,279918,5,4.113344,-1,0,24.493664,5.833408,30.327072
848,128,2795,128,2795,280066,5,6.125664,-1,0,52.369953,7.78096,60.150913
849,128,768,128,768,280463,5,4.059168,-1,0,23.390177,5.745824,29.136001
850,128,6896,128,6896,280030,5,10.611072,-1,0,115.83194,12.371392,128.203332
851,128,6897,128,6897,279675,5,10.816896,-1,0,118.979485,12.61744,131.596925
852,128,13025,128,13025,278527,5,16.390272,-1,0,214.717056,18.096416,232.813473
853,128,4854,128,4854,278414,5,8.42304,-1,0,84.931427,10.195872,95.127299
854,128,2811,128,2811,278552,5,6.227584,-1,0,54.604321,7.962624,62.566945
855,128,4854,128,4854,278439,5,8.305472,-1,0,84.200638,10.066592,94.26723
856,128,768,128,768,278810,5,4.065984,-1,0,23.629919,5.782592,29.412511
857,128,2811,128,2811,278915,5,6.412384,-1,0,54.319393,8.21072,62.530113
858,128,2811,128,2811,279032,5,6.158944,-1,0,54.027649,7.87152,61.899169
859,128,2811,128,2811,279102,5,6.156128,-1,0,53.75827,7.881888,61.640158
860,128,768,128,768,279489,5,4.101344,-1,0,23.3608,5.843648,29.204448
861,128,768,128,768,279880,5,3.958016,-1,0,22.676865,5.588256,28.265121
862,128,6896,128,6896,279508,5,10.907456,-1,0,114.041084,12.7328,126.773884
863,128,2811,128,2811,279637,5,6.173568,-1,0,55.604191,7.887424,63.491615
864,128,2811,128,2811,279756,5,6.371232,-1,0,53.945408,8.140896,62.086304
865,128,2811,128,2811,279901,5,6.443008,-1,0,54.382881,8.2104,62.593281
866,128,2811,128,2811,280003,5,6.196352,-1,0,54.55341,7.912096,62.465506
867,128,4854,128,4854,279855,5,8.52448,-1,0,83.974434,10.288992,94.263426
868,128,4854,128,4854,279729,5,8.379072,-1,0,85.462112,10.120128,95.58224
869,128,6897,128,6897,279340,5,10.73248,-1,0,117.620956,12.524704,130.14566
870,128,768,128,768,279728,5,4.093568,-1,0,24.06176,5.859712,29.921472
871,128,4853,128,4853,279587,5,8.123264,-1,0,81.604797,9.801344,91.406141
872,128,2811,128,2811,279728,5,6.248608,-1,0,53.852959,7.950944,61.803903
873,128,4822,128,4822,279583,5,8.308032,-1,0,84.062462,10.035392,94.097854
874,128,768,128,768,279973,5,4.058528,-1,0,23.369024,5.742592,29.111616
875,128,4854,128,4854,279847,5,8.499264,-1,0,86.847427,10.262112,97.109539
876,128,2811,128,2811,279957,5,6.128832,-1,0,54.364574,7.826496,62.191071
877,128,10982,128,10982,279154,5,14.797536,-1,0,180.680283,16.546753,197.227036
878,128,4854,128,4854,278999,5,8.38912,-1,0,85.050499,10.139584,95.190083
879,128,4854,128,4854,278884,5,8.269888,-1,0,84.5392,9.99888,94.53808
880,128,4854,128,4854,278724,5,8.400608,-1,0,85.347839,10.152224,95.500063
881,128,4854,128,4854,278546,5,8.436832,-1,0,84.143394,10.193088,94.336482
882,128,8939,128,8939,277964,5,12.471168,-1,0,147.637375,14.213536,161.850911
883,128,4853,128,4853,277858,5,8.370752,-1,0,84.171204,10.11856,94.289763
884,128,2811,128,2811,278018,5,6.273696,-1,0,54.662048,8.00208,62.664128
885,128,768,128,768,278404,5,4.03808,-1,0,23.529087,5.742784,29.271871
886,128,768,128,768,278785,5,3.942048,-1,0,22.556192,5.536544,28.092736
887,128,768,128,768,279168,5,3.903136,-1,0,21.962496,5.492096,27.454592
888,128,2795,128,2795,279294,5,6.141024,-1,0,50.067104,7.83072,57.897824
889,128,4854,128,4854,279151,5,8.443424,-1,0,86.186623,10.230048,96.416671
890,128,6897,128,6897,278707,5,10.506656,-1,0,116.627548,12.260064,128.887612
891,128,6896,128,6896,278342,5,10.624,-1,0,116.838562,12.450976,129.289538
892,128,10967,128,10967,277426,5,14.622688,-1,0,179.391968,16.347488,195.739456
893,128,4854,128,4854,277318,5,8.377952,-1,0,85.148224,10.123456,95.27168
894,128,4821,128,4821,277195,5,8.59408,-1,0,85.214813,10.410048,95.624861
895,128,768,128,768,277619,5,4.233696,-1,0,24.264896,6.028224,30.29312
896,128,4853,128,4853,277483,5,8.368736,-1,0,84.424126,10.136,94.560125
897,128,2811,128,2811,277550,5,6.168512,-1,0,54.271809,7.844128,62.115937
898,128,768,128,768,277904,5,4.046688,-1,0,23.239649,5.751776,28.991425
899,128,768,128,768,278241,5,3.942688,-1,0,22.859808,5.562656,28.422464
900,128,6896,128,6896,277760,5,10.717408,-1,0,114.944801,12.520096,127.464897
901,128,768,128,768,278136,5,4.154016,-1,0,24.038496,5.93744,29.975936
902,128,2811,128,2811,278234,5,5.988544,-1,0,52.074913,7.622464,59.697377
903,128,4852,128,4852,278107,5,8.38288,-1,0,84.67971,10.123712,94.803422
904,128,6897,128,6897,277711,5,10.681696,-1,0,116.949539,12.484672,129.434211
905,128,2811,128,2811,277805,5,6.161632,-1,0,55.265633,7.889376,63.155009
906,128,4854,128,4854,277635,5,8.41776,-1,0,84.604607,10.167424,94.772031
907,128,6896,128,6896,277178,5,10.586208,-1,0,118.285347,12.359616,130.644963
908,128,2811,128,2811,277348,5,6.225728,-1,0,54.490463,7.910304,62.400767
909,128,768,128,768,277716,5,4.021632,-1,0,23.364351,5.737632,29.101983
910,128,2811,128,2811,277852,5,6.353984,-1,0,52.67968,8.10512,60.7848
911,128,2747,128,2747,277944,5,6.159456,-1,0,54.64579,7.87616,62.52195
912,128,2811,128,2811,278097,5,6.164672,-1,0,53.94352,7.835168,61.778687
913,128,768,128,768,278477,5,4.03808,-1,0,23.180927,5.726144,28.907071
914,128,768,128,768,278887,5,3.953504,-1,0,22.835009,5.569248,28.404257
915,128,2811,128,2811,279038,5,6.146688,-1,0,51.581921,7.858688,59.440609
916,128,2810,128,2810,279150,5,6.154912,-1,0,53.585857,7.837632,61.42349
917,128,2811,128,2811,279279,5,6.282592,-1,0,53.386208,7.974208,61.360415
918,128,768,128,768,279649,5,4.062656,-1,0,23.514656,5.752032,29.266688
919,128,768,128,768,280036,5,3.970464,-1,0,22.940319,5.581792,28.522111
920,128,2811,128,2811,280160,5,6.296384,-1,0,51.692192,7.949664,59.641856
921,128,768,128,768,280509,5,4.137024,-1,0,24.101664,5.889696,29.99136
922,128,4854,128,4854,280372,5,8.438624,-1,0,83.405472,10.223264,93.628736
923,128,4853,128,4853,280271,5,8.433888,-1,0,84.318817,10.184448,94.503265
924,128,4853,128,4853,280146,5,8.423072,-1,0,85.690079,10.214016,95.904095
925,128,2811,128,2811,280250,5,6.236928,-1,0,55.509151,7.970176,63.479328
926,128,8939,128,8939,279585,5,12.557952,-1,0,148.51123,14.351424,162.862655
927,128,2811,128,2811,279707,5,6.157088,-1,0,55.091778,7.83696,62.928738
928,128,6895,128,6895,279349,5,10.647296,-1,0,115.404259,12.444192,127.848451
929,128,4853,128,4853,279213,5,8.405952,-1,0,85.226845,10.15472,95.381565
930,128,6896,128,6896,278807,5,10.45248,-1,0,116.037155,12.2224,128.259555
931,128,8939,128,8939,278169,5,12.578592,-1,0,148.82016,14.385504,163.205664
932,128,768,128,768,278542,5,4.100352,-1,0,23.847008,5.844896,29.691904
933,128,2811,128,2811,278696,5,6.292224,-1,0,53.611458,8.065792,61.67725
934,128,4854,128,4854,278546,5,8.33568,-1,0,85.181183,10.100512,95.281694
935,128,2811,128,2811,278679,5,6.185088,-1,0,54.415649,7.94128,62.356929
936,128,4854,128,4854,278589,5,8.632,-1,0,84.244164,10.4488,94.692964
937,128,2811,128,2811,278679,5,6.148128,-1,0,55.029442,7.864736,62.894178
938,128,768,128,768,279059,5,4.053216,-1,0,23.201984,5.769536,28.97152
939,128,2811,128,2811,279166,5,6.023552,-1,0,51.872162,7.70928,59.581442
940,128,4854,128,4854,278996,5,8.52048,-1,0,84.451523,10.313984,94.765507
941,128,2811,128,2811,279150,5,6.16816,-1,0,54.351681,7.910976,62.262657
942,128,2811,128,2811,279257,5,6.172672,-1,0,53.413376,7.867232,61.280608
943,128,2811,128,2811,279390,5,6.213568,-1,0,54.212479,7.965248,62.177727
944,128,6880,128,6880,279017,5,10.903008,-1,0,117.579742,12.726176,130.305919
945,128,4854,128,4854,278899,5,8.388096,-1,0,86.164803,10.168096,96.332898
946,128,768,128,768,279290,5,4.060256,-1,0,23.567616,5.752128,29.319744
947,128,768,128,768,279658,5,3.968672,-1,0,22.847168,5.643552,28.49072
948,128,6897,128,6897,279302,5,10.735392,-1,0,115.853439,12.527136,128.380575
949,128,2811,128,2811,279413,5,6.111008,-1,0,55.10928,7.786816,62.896096
950,128,4854,128,4854,279297,5,8.394624,-1,0,84.991966,10.149408,95.141375
951,128,2811,128,2811,279414,5,6.168576,-1,0,54.416481,7.879776,62.296257
952,128,6897,128,6897,278995,5,10.70512,-1,0,115.756927,12.486464,128.243391
953,128,4854,128,4854,278801,5,8.273184,-1,0,85.450783,9.998496,95.449279
954,128,2810,128,2810,278955,5,6.167264,-1,0,54.127007,7.852224,61.97923
955,128,4853,128,4853,278785,5,8.390176,-1,0,83.634781,10.130816,93.765597
956,128,2811,128,2811,278927,5,6.171136,-1,0,54.208832,7.889088,62.09792
957,128,2811,128,2811,279042,5,6.290496,-1,0,54.530464,8.021824,62.552288
958,128,4854,128,4854,278901,5,8.423072,-1,0,85.125984,10.16704,95.293024
959,128,4852,128,4852,278769,5,8.376192,-1,0,84.910812,10.115872,95.026685
960,128,4854,128,4854,278682,5,8.535712,-1,0,85.309181,10.304608,95.61379
961,128,4854,128,4854,278526,5,8.382528,-1,0,85.978851,10.121248,96.1001
962,128,768,128,768,278914,5,4.02144,-1,0,23.850048,5.689056,29.539104
963,128,2811,128,2811,279072,5,5.977984,-1,0,51.861153,7.641024,59.502177
964,128,768,128,768,279452,5,3.986016,-1,0,22.912737,5.624736,28.537473
965,128,2811,128,2811,279551,5,6.163136,-1,0,51.810623,7.874368,59.684991
966,128,2811,128,2811,279700,5,6.028064,-1,0,53.198814,7.682176,60.880991
967,128,4854,128,4854,279583,5,8.364992,-1,0,85.799583,10.108896,95.90848
968,128,2811,128,2811,279684,5,6.041408,-1,0,54.00845,7.687808,61.696258
969,128,2810,128,2810,279762,5,6.255488,-1,0,54.125217,7.976032,62.101249
970,128,2811,128,2811,279897,5,6.1648,-1,0,53.764961,7.845088,61.610049
971,128,6895,128,6895,279523,5,10.45664,-1,0,115.897408,12.194496,128.091904
972,128,4853,128,4853,279430,5,8.364832,-1,0,85.699997,10.11728,95.817277
973,128,10982,128,10982,278630,5,15.271584,-1,0,181.474106,17.044096,198.518202
974,128,6897,128,6897,278244,5,10.712288,-1,0,117.442627,12.496512,129.939139
975,128,4854,128,4854,278091,5,8.288768,-1,0,85.26915,10.019648,95.288797
976,128,8939,128,8939,277503,5,12.693056,-1,0,147.238403,14.471808,161.710212
977,128,2811,128,2811,277625,5,6.219328,-1,0,55.314465,7.939456,63.253921
978,128,768,128,768,278025,5,4.044672,-1,0,23.49568,5.74624,29.24192
979,128,10983,128,10983,277124,5,14.961056,-1,0,180.361023,16.701759,197.062782
980,128,768,128,768,277520,5,4.027776,-1,0,23.994465,5.693632,29.688097
981,128,4854,128,4854,277370,5,8.304416,-1,0,81.796257,10.0288,91.825057
982,128,4854,128,4854,277252,5,8.599296,-1,0,84.784927,10.390368,95.175296
983,128,4854,128,4854,277134,5,8.4024,-1,0,86.167809,10.147872,96.315681
984,128,768,128,768,277506,5,4.10336,-1,0,23.755615,5.8464,29.602015
985,128,768,128,768,277870,5,3.981664,-1,0,22.939199,5.634528,28.573728
986,128,4853,128,4853,277667,5,8.430496,-1,0,81.97168,10.180256,92.151936
987,128,768,128,768,278033,5,4.195232,-1,0,24.05792,5.982336,30.040257
988,128,6897,128,6897,277603,5,10.709376,-1,0,114.705635,12.489504,127.195139
989,128,6897,128,6897,277163,5,10.629216,-1,0,117.972191,12.432448,130.404639
990,128,2811,128,2811,277248,5,6.127264,-1,0,54.635967,7.821312,62.457279
991,128,2811,128,2811,277378,5,6.363648,-1,0,54.404736,8.140608,62.545343
992,128,768,128,768,277758,5,4.070304,-1,0,23.90432,5.792768,29.697088
993,128,4854,128,4854,277618,5,8.410176,-1,0,84.71376,10.221856,94.935616
994,128,2811,128,2811,277740,5,6.02992,-1,0,53.523808,7.674816,61.198624
995,128,4854,128,4854,277606,5,8.5912,-1,0,83.798943,10.401664,94.200606
996,128,768,128,768,278034,5,4.193248,-1,0,24.048544,5.973472,30.022016
997,128,2811,128,2811,278174,5,6.375776,-1,0,54.072098,8.163424,62.235521
998,128,2811,128,2811,278276,5,6.196736,-1,0,55.094913,7.914624,63.009538
999,128,768,128,768,278628,5,4.043136,-1,0,23.200064,5.748704,28.948768
1000,128,2810,128,2810,278734,5,6.170336,-1,0,52.567074,7.870624,60.437698
1001,128,6897,128,6897,278322,5,10.692448,-1,0,116.087395,12.520576,128.60797
1002,128,2811,128,2811,278480,5,6.266432,-1,0,55.17395,7.99072,63.16467
1003,128,4854,128,4854,278354,5,8.49392,-1,0,84.776611,10.291104,95.067716
1004,128,2811,128,2811,278464,5,6.231552,-1,0,54.886879,7.941504,62.828383
1005,128,768,128,768,278842,5,4.076608,-1,0,23.368736,5.793504,29.162241
1006,128,768,128,768,279210,5,3.981184,-1,0,22.988865,5.60624,28.595105
1007,128,4853,128,4853,279052,5,8.575552,-1,0,81.193535,10.319936,91.513471
1008,128,768,128,768,279442,5,4.097472,-1,0,24.108641,5.815328,29.923969
1009,128,768,128,768,279809,5,3.999584,-1,0,23.099457,5.63968,28.739137
1010,128,768,128,768,280192,5,3.964736,-1,0,22.395905,5.633664,28.029569
1011,128,4854,128,4854,280044,5,8.63104,-1,0,82.352867,10.421696,92.774563
1012,128,2811,128,2811,280190,5,6.161056,-1,0,55.10928,7.873088,62.982368
1013,128,2811,128,2811,280303,5,6.285312,-1,0,53.852798,8.053984,61.906782
1014,128,768,128,768,280698,5,4.064832,-1,0,23.623327,5.77248,29.395807
1015,128,768,128,768,281090,5,3.959808,-1,0,22.74848,5.58896,28.33744
1016,128,10981,128,10981,280187,5,15.089696,-1,0,177.621216,16.830175,194.451391
1017,128,768,128,768,280575,5,4.239648,-1,0,24.319777,6.027456,30.347232
1018,128,8940,128,8940,279913,5,12.829888,-1,0,148.97168,14.610144,163.581823
1019,128,8939,128,8939,279313,5,12.758176,-1,0,151.264511,14.542304,165.806815
1020,128,768,128,768,279677,5,4.082944,-1,0,24.216736,5.885696,30.102432
1021,128,4854,128,4854,279544,5,8.417984,-1,0,82.283043,10.168672,92.451715
1022,128,4854,128,4854,279367,5,8.520032,-1,0,85.796959,10.293376,96.090335
1023,128,4854,128,4854,279259,5,8.596256,-1,0,84.966209,10.371616,95.337826
1024,128,2811,128,2811,279357,5,6.166976,-1,0,55.082016,7.869568,62.951584
1025,128,6897,128,6897,279005,5,10.477344,-1,0,115.225441,12.22432,127.449761
1026,128,6769,128,6769,278697,5,10.5544,-1,0,116.429214,12.318592,128.747807
1027,128,2811,128,2811,278825,5,6.17872,-1,0,54.63789,7.885152,62.523042
1028,128,6895,128,6895,278429,5,10.480192,-1,0,115.243774,12.227936,127.47171
1029,128,768,128,768,278784,5,4.095872,-1,0,23.985184,5.831936,29.81712
1030,128,2811,128,2811,278877,5,6.140672,-1,0,53.461952,7.842464,61.304416
1031,128,2811,128,2811,278977,5,6.271264,-1,0,55.069279,8.054144,63.123423
1032,128,10983,128,10983,278114,5,14.991872,-1,0,181.779999,16.764193,198.544191
1033,128,768,128,768,278541,5,4.1136,-1,0,23.968512,5.876288,29.8448
1034,128,2811,128,2811,278682,5,6.286944,-1,0,53.547745,8.047296,61.59504
1035,128,6897,128,6897,278354,5,10.736448,-1,0,116.221405,12.561792,128.783197
1036,128,2811,128,2811,278470,5,6.147904,-1,0,54.936226,7.865728,62.801954
1037,128,2811,128,2811,278601,5,6.25888,-1,0,53.316929,8.026848,61.343777
1038,128,2811,128,2811,278720,5,6.248704,-1,0,53.95789,7.973824,61.931714
1039,128,4854,128,4854,278591,5,8.354624,-1,0,84.523651,10.120512,94.644163
1040,128,2811,128,2811,278710,5,6.288384,-1,0,54.98336,8.042208,63.025568
1041,128,768,128,768,279092,5,4.108864,-1,0,23.431681,5.826784,29.258465
1042,128,4854,128,4854,278938,5,8.608192,-1,0,85.435806,10.451616,95.887423
1043,128,768,128,768,279321,5,4.054304,-1,0,24.235552,5.732704,29.968256
1044,128,768,128,768,279687,5,3.962112,-1,0,22.742144,5.591744,28.333888
1045,128,4854,128,4854,279538,5,8.517376,-1,0,82.35376,10.260992,92.614752
1046,128,2811,128,2811,279691,5,6.297536,-1,0,55.205536,8.044224,63.24976
1047,128,768,128,768,280061,5,4.098336,-1,0,23.461023,5.81312,29.274143
1048,128,4854,128,4854,279950,5,8.398752,-1,0,85.016861,10.148128,95.164989
1049,128,6896,128,6896,279535,5,10.768032,-1,0,116.338371,12.53776,128.876131
1050,128,2811,128,2811,279618,5,6.19872,-1,0,56.155937,7.903904,64.059841
1051,128,2810,128,2810,279752,5,6.012288,-1,0,52.400063,7.654432,60.054494
1052,128,4854,128,4854,279623,5,8.388832,-1,0,83.653633,10.135104,93.788737
1053,128,6896,128,6896,279282,5,10.823296,-1,0,118.843552,12.63936,131.482912
1054,128,8940,128,8940,278667,5,12.716192,-1,0,149.496094,14.496704,163.992798
1055,128,2811,128,2811,278767,5,6.244864,-1,0,55.318302,7.975712,63.294014
1056,128,2811,128,2811,278885,5,6.149216,-1,0,53.854721,7.874304,61.729025
1057,128,6577,128,6577,278502,5,10.395712,-1,0,111.549629,12.2136,123.763229
1058,128,6897,128,6897,278120,5,10.80816,-1,0,117.493759,12.646496,130.140255
1059,128,2794,128,2794,278265,5,6.261216,-1,0,55.742241,8.013888,63.756129
1060,128,4854,128,4854,278157,5,8.303424,-1,0,85.382881,10.074784,95.457665
1061,128,768,128,768,278545,5,3.988416,-1,0,23.685217,5.676832,29.362049
1062,128,6897,128,6897,278131,5,10.897888,-1,0,114.319458,12.71792,127.037378
1063,128,2811,128,2811,278241,5,6.323104,-1,0,56.282017,8.091968,64.373984
1064,128,2811,128,2811,278360,5,6.175328,-1,0,54.175838,7.923936,62.099774
1065,128,2811,128,2811,278476,5,6.235424,-1,0,54.57008,7.963168,62.533248
1066,128,2811,128,2811,278613,5,6.189344,-1,0,54.216801,7.950944,62.167745
1067,128,4853,128,4853,278471,5,8.389376,-1,0,83.991455,10.131872,94.123327
1068,128,10983,128,10983,277526,5,14.886688,-1,0,180.218521,16.632736,196.851257
1069,128,2810,128,2810,277675,5,6.302912,-1,0,54.736351,8.086048,62.822399
1070,128,4854,128,4854,277530,5,8.399296,-1,0,85.014977,10.186592,95.201569
1071,128,2810,128,2810,277648,5,6.25744,-1,0,54.167137,8.021504,62.188642
1072,128,4854,128,4854,277536,5,8.28592,-1,0,84.316132,10.03744,94.353572
1073,128,768,128,768,277936,5,4.057632,-1,0,23.306335,5.77392,29.080256
1074,128,768,128,768,278312,5,3.960288,-1,0,22.558081,5.611456,28.169537
1075,128,6897,128,6897,277954,5,10.702016,-1,0,116.129662,12.512832,128.642493
1076,128,2811,128,2811,278085,5,6.259104,-1,0,55.14016,8.033024,63.173183
1077,128,768,128,768,278460,5,4.119552,-1,0,23.447201,5.846112,29.293313
1078,128,4854,128,4854,278241,5,8.380128,-1,0,82.683075,10.162816,92.845891
1079,128,768,128,768,278608,5,4.040576,-1,0,23.684353,5.726048,29.410401
1080,128,2811,128,2811,278746,5,6.264768,-1,0,52.578625,8.030368,60.608993
1081,128,6897,128,6897,278342,5,10.802528,-1,0,117.438461,12.63664,130.075101
1082,128,4854,128,4854,278247,5,8.389024,-1,0,85.991234,10.16528,96.156514
1083,128,4853,128,4853,278102,5,8.433472,-1,0,84.508003,10.177536,94.685539
1084,128,4853,128,4853,277949,5,8.286976,-1,0,84.816963,10.009824,94.826787
1085,128,768,128,768,278345,5,4.10848,-1,0,23.782944,5.859008,29.641952
1086,128,6896,128,6896,277956,5,10.574208,-1,0,115.368126,12.33776,127.705886
1087,128,2811,128,2811,278086,5,6.147136,-1,0,54.783104,7.836448,62.619552
1088,128,4854,128,4854,277939,5,8.407392,-1,0,85.278915,10.160256,95.439172
1089,128,768,128,768,278297,5,4.104,-1,0,23.785088,5.822784,29.607872
1090,128,768,128,768,278666,5,3.985344,-1,0,22.847296,5.627808,28.475104
1091,128,4853,128,4853,278480,5,8.398784,-1,0,83.489311,10.143296,93.632607
1092,128,2811,128,2811,278621,5,6.150656,-1,0,53.890465,7.8816,61.772065
1093,128,2811,128,2811,278719,5,6.347328,-1,0,54.089535,8.099552,62.189087
1094,128,2811,128,2811,278849,5,6.2744,-1,0,54.774689,8.04192,62.816608
1095,128,2811,128,2811,278971,5,6.257216,-1,0,54.420734,7.96752,62.388255
1096,128,6896,128,6896,278598,5,10.715552,-1,0,116.678558,12.53552,129.214078
1097,128,2811,128,2811,278722,5,6.123936,-1,0,54.686401,7.825376,62.511777
1098,128,768,128,768,279079,5,4.013536,-1,0,23.346464,5.760768,29.107232
1099,128,2811,128,2811,279220,5,6.1488,-1,0,52.549599,7.845184,60.394783
1100,128,768,128,768,279579,5,4.066304,-1,0,23.236576,5.76608,29.002656
1101,128,6897,128,6897,279183,5,10.777888,-1,0,116.15197,12.577024,128.728994
1102,128,2811,128,2811,279336,5,6.267936,-1,0,54.878689,7.992384,62.871073
1103,128,2811,128,2811,279436,5,6.213728,-1,0,54.187298,7.914656,62.101954
1104,128,4854,128,4854,279341,5,8.343392,-1,0,84.385666,10.067936,94.453602
1105,128,4854,128,4854,279195,5,8.305344,-1,0,85.03363,10.028224,95.061854
1106,128,768,128,768,279577,5,4.124096,-1,0,23.520384,5.849696,29.37008
1107,128,4854,128,4854,279455,5,8.412,-1,0,85.113022,10.16208,95.275102
1108,128,6897,128,6897,279067,5,10.598048,-1,0,115.765793,12.341888,128.107681
1109,128,2795,128,2795,279189,5,6.199616,-1,0,55.371647,7.907424,63.279071
1110,128,4854,128,4854,279019,5,8.52656,-1,0,85.068642,10.335552,95.404194
1111,128,8940,128,8940,278379,5,12.621728,-1,0,148.203903,14.399712,162.603615
1112,128,2811,128,2811,278528,5,6.142432,-1,0,54.091103,7.850656,61.941759
1113,128,2811,128,2811,278616,5,6.238016,-1,0,54.132065,7.961312,62.093377
1114,128,2811,128,2811,278749,5,6.13984,-1,0,53.919968,7.848672,61.76864
1115,128,6896,128,6896,278423,5,10.7728,-1,0,116.337021,12.567552,128.904572
1116,128,8940,128,8940,277808,5,12.714208,-1,0,149.689667,14.494144,164.183811
1117,128,768,128,768,278206,5,4.12448,-1,0,23.91152,5.848224,29.759744
1118,128,768,128,768,278574,5,3.933248,-1,0,22.7344,5.52768,28.26208
1119,128,6865,128,6865,278121,5,10.800416,-1,0,115.52845,12.624832,128.153282
1120,128,768,128,768,278515,5,4.10976,-1,0,24.313473,5.82544,30.138913
1121,128,768,128,768,278875,5,3.967456,-1,0,22.971329,5.590432,28.561761
1122,128,2811,128,2811,279000,5,6.081344,-1,0,50.69379,7.748896,58.442687
1123,128,768,128,768,279385,5,4.024096,-1,0,23.073471,5.709632,28.783103
1124,128,2811,128,2811,279531,5,6.287968,-1,0,53.498657,8.027872,61.526529
1125,128,768,128,768,279902,5,4.116928,-1,0,23.716064,5.83072,29.546784
1126,128,2811,128,2811,280072,5,6.2528,-1,0,53.490337,7.991136,61.481473
1127,128,2811,128,2811,280145,5,6.272896,-1,0,54.128639,7.998656,62.127295
1128,128,2811,128,2811,280264,5,6.141984,-1,0,54.03056,7.839392,61.869952
1129,128,2811,128,2811,280370,5,6.210112,-1,0,54.054527,7.92272,61.977247
1130,128,4854,128,4854,280239,5,8.306208,-1,0,84.591202,10.033568,94.62477
1131,128,6897,128,6897,279825,5,10.705472,-1,0,116.991486,12.466592,129.458077
1132,128,4854,128,4854,279744,5,8.362688,-1,0,86.382652,10.10176,96.484412
1133,128,4854,128,4854,279578,5,8.421088,-1,0,84.098305,10.159136,94.257441
1134,128,2811,128,2811,279696,5,6.337248,-1,0,55.375038,8.089024,63.464062
1135,128,6897,128,6897,279350,5,10.57904,-1,0,116.732643,12.338624,129.071267
1136,128,2811,128,2811,279446,5,6.173248,-1,0,54.191521,7.862752,62.054273
1137,128,768,128,768,279829,5,4.048768,-1,0,23.296576,5.75104,29.047616
1138,128,768,128,768,280198,5,3.967232,-1,0,22.866304,5.573856,28.44016
1139,128,2811,128,2811,280275,5,6.294112,-1,0,52.308544,8.023424,60.331968
1140,128,6897,128,6897,279893,5,10.859872,-1,0,116.873505,12.642816,129.51632
1141,128,4854,128,4854,279812,5,8.317088,-1,0,85.58493,10.061344,95.646275
1142,128,8940,128,8940,279094,5,12.706336,-1,0,148.800766,14.490176,163.290942
1143,128,4854,128,4854,278990,5,8.400032,-1,0,85.883423,10.1464,96.029823
1144,128,6897,128,6897,278605,5,10.719552,-1,0,117.466209,12.504416,129.970626
1145,128,2811,128,2811,278736,5,6.18256,-1,0,54.991425,7.90032,62.891745
1146,128,4854,128,4854,278616,5,8.43344,-1,0,84.758781,10.209024,94.967806
1147,128,4854,128,4854,278485,5,8.368928,-1,0,85.440704,10.15504,95.595744
1148,128,4854,128,4854,278376,5,8.287232,-1,0,84.908577,10.049696,94.958273
1149,128,768,128,768,278786,5,4.054912,-1,0,23.303137,5.771168,29.074305
1150,128,2811,128,2811,278885,5,6.288096,-1,0,52.320896,8.05088,60.371777
1151,128,768,128,768,279290,5,4.07008,-1,0,23.694401,5.790656,29.485057
1152,128,4854,128,4854,279130,5,8.38,-1,0,83.937119,10.164448,94.101566
1153,128,4854,128,4854,278997,5,8.608,-1,0,84.340317,10.425696,94.766013
1154,128,2811,128,2811,279122,5,6.203712,-1,0,55.155361,7.931008,63.086369
1155,128,2811,128,2811,279248,5,6.180992,-1,0,54.166656,7.896608,62.063264
1156,128,6897,128,6897,278810,5,10.60672,-1,0,115.826721,12.400928,128.227649
1157,128,2811,128,2811,278950,5,6.330016,-1,0,55.374146,8.075616,63.449761
1158,128,4854,128,4854,278798,5,8.441856,-1,0,85.196449,10.193344,95.389793
1159,128,4854,128,4854,278665,5,8.359456,-1,0,84.779137,10.095328,94.874465
1160,128,2811,128,2811,278802,5,6.171136,-1,0,54.217342,7.875584,62.092927
1161,128,6897,128,6897,278397,5,10.697216,-1,0,117.639938,12.477856,130.117794
1162,128,768,128,768,278787,5,4.0336,-1,0,23.962496,5.702176,29.664672
1163,128,4853,128,4853,278661,5,8.516416,-1,0,85.09008,10.311904,95.401984
1164,128,2811,128,2811,278745,5,6.055392,-1,0,54.722782,7.739072,62.461854
1165,128,6881,128,6881,278409,5,10.870592,-1,0,114.554047,12.690464,127.244511
1166,128,768,128,768,278806,5,4.268224,-1,0,24.277184,6.055712,30.332896
1167,128,4853,128,4853,278693,5,8.314848,-1,0,82.193535,10.047456,92.240991
1168,128,2810,128,2810,278792,5,6.278432,-1,0,54.350784,8.008992,62.359776
1169,128,6897,128,6897,278413,5,10.80304,-1,0,116.592003,12.615616,129.207619
1170,128,4854,128,4854,278273,5,8.481248,-1,0,86.053696,10.248672,96.302367
1171,128,2811,128,2811,278385,5,6.160032,-1,0,54.684128,7.882368,62.566496
1172,128,6897,128,6897,277954,5,10.803968,-1,0,117.731583,12.604512,130.336095
1173,128,2811,128,2811,278065,5,6.126816,-1,0,55.072639,7.822688,62.895328
1174,128,4838,128,4838,277908,5,8.45072,-1,0,84.437149,10.207104,94.644253
1175,128,2811,128,2811,278024,5,6.112416,-1,0,54.012512,7.797344,61.809856
1176,128,768,128,768,278428,5,4.004992,-1,0,23.313568,5.68192,28.995488
1177,128,768,128,768,278802,5,3.968128,-1,0,22.547873,5.578464,28.126337
1178,128,6897,128,6897,278478,5,10.491136,-1,0,115.486275,12.233856,127.720131
1179,128,768,128,768,278857,5,4.139264,-1,0,24.025791,5.945536,29.971327
1180,128,768,128,768,279241,5,3.972928,-1,0,22.684992,5.603936,28.288928
1181,128,768,128,768,279623,5,3.89872,-1,0,22.167648,5.461824,27.629472
1182,128,4854,128,4854,279511,5,7.948896,-1,0,79.070755,9.595456,88.666211
1183,128,4854,128,4854,279336,5,8.619328,-1,0,86.616196,10.404096,97.020291
1184,128,2811,128,2811,279428,5,6.27488,-1,0,55.756542,8.008384,63.764926
1185,128,4854,128,4854,279328,5,8.306368,-1,0,84.263268,10.039648,94.302916
1186,128,2811,128,2811,279435,5,6.150752,-1,0,54.257599,7.854016,62.111615
1187,128,2811,128,2811,279564,5,6.29712,-1,0,54.260288,8.0264,62.286688
1188,128,2811,128,2811,279666,5,6.290464,-1,0,54.372032,8.021376,62.393408
1189,128,2810,128,2810,279795,5,6.270176,-1,0,54.480576,8.019168,62.499743
1190,128,768,128,768,280172,5,4.061792,-1,0,23.680223,5.76496,29.445183
1191,128,13010,128,13010,278858,5,17.998848,-1,0,216.65834,19.891232,236.549572
1192,128,768,128,768,279239,5,4.123904,-1,0,24.427584,5.853664,30.281248
1193,128,6897,128,6897,278851,5,10.596288,-1,0,113.602692,12.356992,125.959683
1194,128,6896,128,6896,278484,5,10.619424,-1,0,117.0224,12.382528,129.404928
1195,128,4853,128,4853,278330,5,8.370848,-1,0,85.056221,10.110144,95.166365
1196,128,4854,128,4854,278245,5,8.408096,-1,0,85.128479,10.154336,95.282815
1197,128,2810,128,2810,278356,5,6.189824,-1,0,54.529121,7.88032,62.409441
1198,128,4853,128,4853,278227,5,8.416064,-1,0,84.492516,10.18752,94.680036
1199,128,2811,128,2811,278324,5,6.112864,-1,0,54.826752,7.793568,62.62032
1200,128,768,128,768,278708,5,4.018912,-1,0,23.212864,5.683232,28.896096
1201,128,4853,128,4853,278607,5,8.46432,-1,0,82.358269,10.21904,92.577309
1202,128,6895,128,6895,278232,5,10.691392,-1,0,118.500961,12.476224,130.977185
1203,128,768,128,768,278639,5,4.212928,-1,0,24.116287,5.996192,30.112479
1204,128,2811,128,2811,278772,5,5.981152,-1,0,52.728127,7.635584,60.36371
1205,128,4854,128,4854,278607,5,8.420672,-1,0,82.935204,10.174784,93.109987
1206,128,768,128,768,278985,5,4.060096,-1,0,23.626272,5.743104,29.369376
1207,128,2811,128,2811,279119,5,6.151264,-1,0,52.294209,7.844352,60.13856
1208,128,2811,128,2811,279192,5,6.165056,-1,0,54.213665,7.871808,62.085473
1209,128,4854,128,4854,279070,5,8.607456,-1,0,85.609444,10.404096,96.013539
1210,128,2811,128,2811,279190,5,6.120736,-1,0,54.909119,7.805504,62.714622
1211,128,2811,128,2811,279321,5,6.542784,-1,0,53.765728,8.357792,62.12352
1212,128,768,128,768,279674,5,4.187872,-1,0,24.234177,5.956864,30.191041
1213,128,4854,128,4854,279560,5,8.590208,-1,0,83.33181,10.376768,93.708578
1214,128,8940,128,8940,278936,5,12.73952,-1,0,147.434875,14.516288,161.951163
1215,128,2811,128,2811,279052,5,6.12688,-1,0,54.997055,7.819008,62.816063
1216,128,4853,128,4853,278924,5,8.385088,-1,0,84.586403,10.130016,94.716419
1217,128,2811,128,2811,279096,5,6.137184,-1,0,53.919872,7.830304,61.750176
1218,128,6896,128,6896,278671,5,10.7664,-1,0,118.323326,12.5536,130.876926
1219,128,2811,128,2811,278783,5,6.117664,-1,0,55.772224,7.80208,63.574305
1220,128,6897,128,6897,278377,5,10.719584,-1,0,117.361122,12.51024,129.871362
1221,128,6897,128,6897,278015,5,10.615808,-1,0,117.604767,12.40688,130.011647
1222,128,4854,128,4854,277873,5,8.361472,-1,0,85.083809,10.109184,95.192993
1223,128,6897,128,6897,277479,5,10.670592,-1,0,116.304703,12.435008,128.739711
1224,128,768,128,768,277875,5,4.103072,-1,0,24.473696,5.903712,30.377408
1225,128,4854,128,4854,277821,5,8.31168,-1,0,82.618401,10.040768,92.659168
1226,128,768,128,768,278187,5,4.042592,-1,0,23.749439,5.727328,29.476767
1227,128,6897,128,6897,277820,5,10.688512,-1,0,116.936356,12.474336,129.410691
1228,128,768,128,768,278207,5,4.049184,-1,0,24.457697,5.751904,30.209601
1229,128,768,128,768,278610,5,3.998336,-1,0,22.843103,5.650944,28.494048
1230,128,2811,128,2811,278709,5,6.200064,-1,0,52.096542,7.889248,59.98579
1231,128,2811,128,2811,278835,5,6.13008,-1,0,53.367424,7.823232,61.190656
1232,128,2811,128,2811,278967,5,6.158528,-1,0,53.006401,7.85648,60.862881
1233,128,4853,128,4853,278802,5,8.48032,-1,0,84.590179,10.24112,94.8313
1234,128,2811,128,2811,278932,5,6.267584,-1,0,55.067966,8.004672,63.072639
1235,128,4854,128,4854,278834,5,8.416,-1,0,85.13472,10.173984,95.308703
1236,128,4853,128,4853,278684,5,8.252832,-1,0,83.665474,9.943104,93.608578
1237,128,2811,128,2811,278805,5,6.249056,-1,0,55.518623,7.987136,63.505759
1238,128,4806,128,4806,278638,5,8.307168,-1,0,84.349503,10.041824,94.391327
1239,128,6897,128,6897,278301,5,10.781952,-1,0,116.543907,12.549248,129.093155
1240,128,4854,128,4854,278200,5,8.390528,-1,0,86.08947,10.137472,96.226942
1241,128,768,128,768,278562,5,4.09664,-1,0,23.630848,5.810144,29.440992
1242,128,2810,128,2810,278715,5,6.130528,-1,0,52.625248,7.82672,60.451968
1243,128,2811,128,2811,278778,5,6.125856,-1,0,53.691967,7.819072,61.511039
1244,128,2811,128,2811,278859,5,6.15984,-1,0,53.593025,7.863456,61.456481
1245,128,768,128,768,279255,5,4.110496,-1,0,23.409599,5.829888,29.239487
1246,128,768,128,768,279587,5,3.985216,-1,0,22.865728,5.621344,28.487072
1247,128,8939,128,8939,278933,5,12.846944,-1,0,148.574661,14.645856,163.220517
1248,128,2811,128,2811,279081,5,6.199872,-1,0,55.088608,7.897152,62.98576
1249,128,4854,128,4854,278940,5,8.521312,-1,0,84.891457,10.286336,95.177793
1250,128,4854,128,4854,278822,5,8.416768,-1,0,84.900131,10.162176,95.062307
1251,128,2811,128,2811,278957,5,6.187072,-1,0,54.285824,7.8904,62.176224
1252,128,2811,128,2811,279104,5,6.147296,-1,0,54.010529,7.84656,61.857089
1253,128,2795,128,2795,279246,5,6.269664,-1,0,54.457504,8.009376,62.46688
1254,128,4854,128,4854,279072,5,8.412256,-1,0,85.453568,10.16192,95.615487
1255,128,768,128,768,279428,5,4.062592,-1,0,24.048033,5.747872,29.795905
1256,128,4854,128,4854,279334,5,8.526688,-1,0,83.682564,10.297056,93.97962
1257,128,6897,128,6897,278922,5,10.481696,-1,0,117.800636,12.22416,130.024796
1258,128,2811,128,2811,279056,5,6.205952,-1,0,54.192898,7.893888,62.086786
1259,128,4854,128,4854,278938,5,8.415008,-1,0,85.103134,10.161728,95.264862
1260,128,6897,128,6897,278531,5,10.470912,-1,0,116.21891,12.215296,128.434206
1261,128,6896,128,6896,278107,5,10.502048,-1,0,116.183197,12.248256,128.431453
1262,128,2811,128,2811,278240,5,6.152544,-1,0,55.764832,7.872192,63.637023
1263,128,768,128,768,278606,5,4.04848,-1,0,23.218529,5.729248,28.947777
1264,128,2811,128,2811,278715,5,6.160864,-1,0,51.659039,7.845056,59.504095
1265,128,4853,128,4853,278640,5,8.427648,-1,0,84.547394,10.177472,94.724866
1266,128,768,128,768,279015,5,4.11888,-1,0,23.722143,5.847584,29.569727
1267,128,768,128,768,279401,5,4.021408,-1,0,22.872992,5.688512,28.561503
1268,128,4854,128,4854,279254,5,8.657952,-1,0,80.299965,10.46208,90.762045
1269,128,6897,128,6897,278853,5,10.823136,-1,0,117.153564,12.589024,129.742588
1270,128,2811,128,2811,279044,5,6.245216,-1,0,55.746529,7.968512,63.715041
1271,128,768,128,768,279471,5,4.0824,-1,0,23.577185,5.800992,29.378177
1272,128,4854,128,4854,279304,5,8.514688,-1,0,84.472511,10.281376,94.753887
1273,128,4853,128,4853,279161,5,8.339808,-1,0,84.645119,10.060288,94.705407
1274,128,4853,128,4853,279045,5,8.321088,-1,0,84.686241,10.05552,94.741761
1275,128,2811,128,2811,279157,5,6.28608,-1,0,54.308929,8.01248,62.321409
1276,128,2811,128,2811,279270,5,6.150272,-1,0,53.950623,7.837152,61.787775
1277,128,4854,128,4854,279065,5,8.452416,-1,0,84.1185,10.182752,94.301251
1278,128,4854,128,4854,278973,5,8.41296,-1,0,85.743294,10.179456,95.92275
1279,128,8940,128,8940,278329,5,12.80016,-1,0,148.164444,14.59552,162.759964
1280,128,2811,128,2811,278419,5,6.314144,-1,0,55.821632,8.088448,63.91008
1281,128,2810,128,2810,278518,5,6.167872,-1,0,54.412735,7.8672,62.279935
1282,128,6897,128,6897,278091,5,10.703616,-1,0,115.556831,12.519904,128.076735
1283,128,4854,128,4854,277956,5,8.383072,-1,0,85.464607,10.126624,95.591231
1284,128,768,128,768,278352,5,4.067776,-1,0,23.592384,5.82192,29.414304
1285,128,768,128,768,278765,5,3.970816,-1,0,22.804768,5.615712,28.42048
1286,128,768,128,768,279129,5,3.93312,-1,0,22.37072,5.533184,27.903904
1287,128,2811,128,2811,279265,5,6.201152,-1,0,51.545952,7.91472,59.460672
1288,128,8940,128,8940,278584,5,12.835008,-1,0,149.749817,14.635136,164.384953
1289,128,2811,128,2811,278693,5,6.248512,-1,0,55.804417,7.973632,63.778049
1290,128,2811,128,2811,278846,5,6.181312,-1,0,54.252991,7.884,62.136991
1291,128,4854,128,4854,278768,5,8.408128,-1,0,84.190529,10.130912,94.321441
1292,128,768,128,768,279139,5,4.090816,-1,0,23.93984,5.828896,29.768736
1293,128,2811,128,2811,279220,5,6.187168,-1,0,53.189728,7.887776,61.077504
1294,128,768,128,768,279619,5,4.02128,-1,0,23.234432,5.711296,28.945728
1295,128,4854,128,4854,279505,5,8.50992,-1,0,85.316544,10.275776,95.592319
1296,128,4854,128,4854,279320,5,8.393632,-1,0,85.356575,10.138976,95.495551
1297,128,2811,128,2811,279460,5,6.288288,-1,0,54.101566,8.02848,62.130046
1298,128,6896,128,6896,279038,5,10.5768,-1,0,115.981186,12.341952,128.323138
1299,128,2811,128,2811,279216,5,6.165824,-1,0,54.981472,7.850176,62.831648
1300,128,4853,128,4853,279039,5,8.4096,-1,0,83.577118,10.164768,93.741886
1301,128,4854,128,4854,278933,5,8.393856,-1,0,85.297791,10.13344,95.431231
1302,128,2811,128,2811,279096,5,6.28512,-1,0,54.146145,8.020128,62.166273
1303,128,2811,128,2811,279235,5,6.178944,-1,0,54.018398,7.87744,61.895838
1304,128,2811,128,2811,279339,5,6.196,-1,0,54.369152,7.888096,62.257248
1305,128,2811,128,2811,279459,5,6.315328,-1,0,54.792095,8.042432,62.834527
1306,128,2811,128,2811,279578,5,6.172896,-1,0,54.288994,7.861888,62.150882
1307,128,768,128,768,279966,5,4.05408,-1,0,23.260639,5.739136,28.999775
1308,128,8940,128,8940,279334,5,12.749824,-1,0,147.62262,14.527264,162.149883
1309,128,4853,128,4853,279214,5,8.315744,-1,0,85.182144,10.046976,95.22912
1310,128,768,128,768,279618,5,4.033344,-1,0,23.468416,5.760512,29.228928
1311,128,2811,128,2811,279766,5,6.165152,-1,0,53.04528,7.855296,60.900577
1312,128,4838,128,4838,279632,5,8.3672,-1,0,84.868225,10.10976,94.977985
1313,128,4854,128,4854,279524,5,8.436768,-1,0,84.852707,10.18064,95.033347
1314,128,10966,128,10966,278586,5,15.206592,-1,0,181.395355,16.951424,198.346779
1315,128,4854,128,4854,278491,5,8.380736,-1,0,86.32093,10.125536,96.446466
1316,128,768,128,768,278902,5,4.128288,-1,0,23.830688,5.868736,29.699424
1317,128,6897,128,6897,278449,5,10.613056,-1,0,114.175423,12.374624,126.550047
1318,128,2811,128,2811,278560,5,6.311264,-1,0,55.555935,8.058368,63.614303
1319,128,4853,128,4853,278397,5,8.312608,-1,0,84.621635,10.047136,94.668772
1320,128,2811,128,2811,278496,5,6.198784,-1,0,54.865726,7.88944,62.755167
1321,128,4853,128,4853,278378,5,8.41152,-1,0,83.425308,10.159264,93.584572
1322,128,768,128,768,278758,5,4.02608,-1,0,23.576927,5.692352,29.269279
1323,128,2811,128,2811,278922,5,6.280096,-1,0,52.687103,8.01216,60.699264
1324,128,10983,128,10983,278032,5,15.21328,-1,0,179.722565,16.993601,196.716166
1325,128,2811,128,2811,278186,5,6.239392,-1,0,55.518623,7.973056,63.491679
1326,128,4853,128,4853,277969,5,8.51216,-1,0,84.83667,10.275936,95.112606
1327,128,2810,128,2810,278102,5,6.186464,-1,0,54.227585,7.892032,62.119617
1328,128,2811,128,2811,278198,5,6.306592,-1,0,53.843552,8.048736,61.892287
1329,128,768,128,768,278624,5,4.058688,-1,0,23.478176,5.74464,29.222816
1330,128,768,128,768,278992,5,3.967072,-1,0,22.926975,5.578272,28.505247
1331,128,10983,128,10983,278083,5,14.909696,-1,0,179.723907,16.650944,196.374851
1332,128,2811,128,2811,278293,5,6.171744,-1,0,54.674431,7.872704,62.547135
1333,128,768,128,768,278671,5,4.051488,-1,0,23.268385,5.735968,29.004353
1334,128,768,128,768,279086,5,3.997024,-1,0,22.89872,5.664384,28.563104
1335,128,4854,128,4854,278927,5,8.443712,-1,0,83.216896,10.204832,93.421728
1336,128,768,128,768,279335,5,4.045696,-1,0,23.98192,5.714048,29.695968
1337,128,2811,128,2811,279503,5,6.00832,-1,0,52.208256,7.655808,59.864064
1338,128,2811,128,2811,279608,5,6.272864,-1,0,53.656769,8.003712,61.66048
1339,128,4853,128,4853,279421,5,8.46864,-1,0,85.414627,10.233952,95.648579
1340,128,2811,128,2811,279560,5,6.287488,-1,0,54.842049,8.021248,62.863297
1341,128,4854,128,4854,279440,5,8.420832,-1,0,85.02739,10.167968,95.195357
1342,128,2810,128,2810,279566,5,6.293056,-1,0,54.594658,7.987776,62.582434
1343,128,4854,128,4854,279423,5,8.506304,-1,0,84.683586,10.270176,94.953762
1344,128,4838,128,4838,279299,5,8.40992,-1,0,84.812386,10.158432,94.970818
1345,128,2811,128,2811,279468,5,6.250752,-1,0,54.702591,7.981152,62.683743
1346,128,6897,128,6897,279057,5,10.627968,-1,0,118.066307,12.417024,130.483331
1347,128,2810,128,2810,279135,5,6.207072,-1,0,54.495838,7.904928,62.400766
1348,128,2811,128,2811,279253,5,6.217504,-1,0,54.157055,7.932736,62.089791
1349,128,2811,128,2811,279389,5,6.206176,-1,0,54.079041,7.915808,61.994849
1350,128,8940,128,8940,278750,5,12.708256,-1,0,148.637436,14.486432,163.123868
1351,128,2811,128,2811,278842,5,6.218944,-1,0,55.080959,7.94224,63.0232
1352,128,2811,128,2811,278983,5,6.258912,-1,0,54.130207,7.98656,62.116767
1353,127,762,127,762,277095,5,4.020096,-1,0,23.494495,5.68464,29.179135
1354,126,756,126,756,275125,5,3.943552,-1,0,22.586817,5.535808,28.122625
1355,124,744,124,744,270867,5,3.929728,-1,0,22.222912,5.492576,27.715488
1356,123,738,123,738,268984,5,3.837312,-1,0,21.809183,5.34096,27.150143
1357,120,720,120,720,262414,5,4.199232,-1,0,21.821632,5.678976,27.500608
1358,118,708,118,708,258123,5,3.658944,-1,0,23.43552,5.080288,28.515808
1359,118,708,118,708,258445,5,3.660128,-1,0,21.41424,5.072512,26.486752
1360,115,690,115,690,251924,5,4.864192,-1,0,21.063553,6.268576,27.332129
1361,114,684,114,684,250006,5,3.503968,-1,0,23.356735,4.891904,28.248639
1362,112,672,112,672,245737,5,4.155488,-1,0,21.088097,5.486656,26.574753
1363,109,654,109,654,239097,5,3.42304,-1,0,23.479391,4.748512,28.227903
1364,109,654,109,654,239428,5,3.437152,-1,0,21.621857,4.7648,26.386657
1365,109,654,109,654,239732,5,3.442208,-1,0,21.676895,4.759392,26.436287
1366,107,642,107,642,235448,5,3.405088,-1,0,21.900127,4.713152,26.613279
1367,104,624,104,624,228888,5,7.331264,-1,0,21.451551,8.596736,30.048287
1368,104,624,104,624,229191,5,3.3152,-1,0,23.108288,4.57376,27.682048
1369,101,606,101,606,222609,5,7.084192,-1,0,21.590752,8.3368,29.927551
1370,101,606,101,606,222893,5,3.272736,-1,0,23.161217,4.503968,27.665184
1371,98,588,98,588,216237,5,4.60352,-1,0,20.724735,5.880992,26.605727
1372,98,588,98,588,216529,5,3.165824,-1,0,22.579744,4.359904,26.939648
1373,96,576,96,576,212202,5,6.84656,-1,0,20.900225,8.02816,28.928385
1374,94,564,94,564,207873,5,6.907456,-1,0,22.699327,8.085312,30.784639
1375,92,552,92,552,203518,5,7.23056,-1,0,21.74416,8.396896,30.141056
1376,90,540,90,540,199143,5,6.778624,-1,0,21.215073,7.905056,29.120129
1377,88,528,88,528,194765,5,5.968928,-1,0,22.246559,7.07104,29.317599
1378,86,516,86,516,190452,5,6.619584,-1,0,22.894815,7.688544,30.583359
1379,85,510,85,510,188396,5,2.94752,-1,0,16.042879,4.000672,20.043551
1380,85,510,85,510,188656,5,2.94192,-1,0,14.360672,3.999872,18.360544
1381,83,498,83,498,184304,5,2.974464,13.9976,1,14.045632,4.046816,18.092448
1382,83,498,83,498,184572,5,2.999648,14.429536,1,14.476864,4.056512,18.533376
1383,81,486,81,486,180237,5,2.90464,13.73472,1,13.782944,3.96672,17.749664
1384,79,474,79,474,175895,5,2.936288,13.819936,1,13.867552,3.980128,17.84768
1385,75,450,75,450,166952,5,3.200896,13.884448,1,13.932736,4.269536,18.202272
