step,sched_reqs,sched_tokens,batch,num_query_tokens,sum_seq_len,num_spec_tokens,draft_ms,step_ms
0,32,64,-1,-1,-1,-1,-1,4618.887207
1,32,32,-1,-1,-1,-1,-1,17.3312
2,0,-1,-1,-1,-1,-1,-1,0.004096
3,1,1025,-1,-1,-1,-1,-1,126.565376
4,10,8192,-1,-1,-1,-1,-1,504.770569
5,18,8192,-1,-1,-1,-1,-1,501.961731
6,26,8192,-1,-1,-1,-1,-1,503.52948
7,32,6749,-1,-1,-1,-1,-1,421.097473
8,32,32,-1,-1,-1,-1,-1,17.752064
9,32,32,-1,-1,-1,-1,-1,17.504255
10,32,32,-1,-1,-1,-1,-1,17.386496
11,32,32,-1,-1,-1,-1,-1,17.31072
12,32,32,-1,-1,-1,-1,-1,17.25952
13,32,32,-1,-1,-1,-1,-1,17.245184
14,32,32,-1,-1,-1,-1,-1,17.263617
15,32,32,-1,-1,-1,-1,-1,17.251328
16,32,32,-1,-1,-1,-1,-1,17.258495
17,32,32,-1,-1,-1,-1,-1,17.185793
18,32,32,-1,-1,-1,-1,-1,17.188864
19,32,32,-1,-1,-1,-1,-1,17.208321
20,32,32,-1,-1,-1,-1,-1,17.205248
21,32,32,-1,-1,-1,-1,-1,17.190912
22,32,32,-1,-1,-1,-1,-1,17.201153
23,32,32,-1,-1,-1,-1,-1,17.220608
24,32,32,-1,-1,-1,-1,-1,17.21344
25,32,32,-1,-1,-1,-1,-1,17.174528
26,32,32,-1,-1,-1,-1,-1,17.189888
27,32,32,-1,-1,-1,-1,-1,17.18784
28,32,32,-1,-1,-1,-1,-1,17.191936
29,32,32,-1,-1,-1,-1,-1,17.177601
30,32,32,-1,-1,-1,-1,-1,17.186815
31,32,32,-1,-1,-1,-1,-1,17.186815
32,32,32,-1,-1,-1,-1,-1,17.199104
33,32,32,-1,-1,-1,-1,-1,17.18784
34,32,32,-1,-1,-1,-1,-1,17.178623
35,32,32,-1,-1,-1,-1,-1,17.233919
36,32,32,-1,-1,-1,-1,-1,17.212416
37,32,32,-1,-1,-1,-1,-1,17.219584
38,32,32,-1,-1,-1,-1,-1,17.225727
39,32,32,-1,-1,-1,-1,-1,17.211391
40,32,32,-1,-1,-1,-1,-1,17.206272
41,32,32,-1,-1,-1,-1,-1,17.199104
42,32,32,-1,-1,-1,-1,-1,17.202175
43,32,32,-1,-1,-1,-1,-1,17.209345
44,32,32,-1,-1,-1,-1,-1,17.206272
45,32,32,-1,-1,-1,-1,-1,17.205248
46,32,32,-1,-1,-1,-1,-1,17.201153
47,32,32,-1,-1,-1,-1,-1,17.214464
48,32,32,-1,-1,-1,-1,-1,17.215488
49,32,32,-1,-1,-1,-1,-1,17.19808
50,32,32,-1,-1,-1,-1,-1,17.217537
51,32,32,-1,-1,-1,-1,-1,17.233919
52,32,32,-1,-1,-1,-1,-1,17.250303
53,32,32,-1,-1,-1,-1,-1,17.242111
54,32,32,-1,-1,-1,-1,-1,17.2544
55,32,32,-1,-1,-1,-1,-1,17.258495
56,32,32,-1,-1,-1,-1,-1,17.249281
57,32,32,-1,-1,-1,-1,-1,17.226751
58,32,32,-1,-1,-1,-1,-1,17.231873
59,32,32,-1,-1,-1,-1,-1,17.225727
60,32,32,-1,-1,-1,-1,-1,17.23904
61,32,32,-1,-1,-1,-1,-1,17.231873
62,32,32,-1,-1,-1,-1,-1,17.243135
63,32,32,-1,-1,-1,-1,-1,17.2544
64,32,32,-1,-1,-1,-1,-1,17.247232
65,32,32,-1,-1,-1,-1,-1,17.240065
66,32,32,-1,-1,-1,-1,-1,17.248257
67,32,32,-1,-1,-1,-1,-1,17.258495
68,32,32,-1,-1,-1,-1,-1,17.264641
69,32,32,-1,-1,-1,-1,-1,17.289215
70,32,32,-1,-1,-1,-1,-1,17.286144
71,32,32,-1,-1,-1,-1,-1,17.290239
72,32,32,-1,-1,-1,-1,-1,17.281025
73,32,32,-1,-1,-1,-1,-1,17.272833
74,32,32,-1,-1,-1,-1,-1,17.284096
75,32,32,-1,-1,-1,-1,-1,17.271809
76,32,32,-1,-1,-1,-1,-1,17.283072
77,32,32,-1,-1,-1,-1,-1,17.277952
78,32,32,-1,-1,-1,-1,-1,17.278976
79,32,32,-1,-1,-1,-1,-1,17.276928
80,32,32,-1,-1,-1,-1,-1,17.28512
81,32,32,-1,-1,-1,-1,-1,17.305599
82,32,32,-1,-1,-1,-1,-1,17.296385
83,32,32,-1,-1,-1,-1,-1,17.308672
84,32,32,-1,-1,-1,-1,-1,17.334272
85,32,32,-1,-1,-1,-1,-1,17.320959
86,32,32,-1,-1,-1,-1,-1,17.328129
87,32,32,-1,-1,-1,-1,-1,17.333248
88,32,32,-1,-1,-1,-1,-1,17.340416
89,32,32,-1,-1,-1,-1,-1,17.303553
90,32,32,-1,-1,-1,-1,-1,17.311745
91,32,32,-1,-1,-1,-1,-1,17.314816
92,32,32,-1,-1,-1,-1,-1,17.31584
93,32,32,-1,-1,-1,-1,-1,17.332224
94,32,32,-1,-1,-1,-1,-1,17.328129
95,32,32,-1,-1,-1,-1,-1,17.32608
96,32,32,-1,-1,-1,-1,-1,17.321983
97,32,32,-1,-1,-1,-1,-1,17.338367
98,32,32,-1,-1,-1,-1,-1,17.338367
99,32,32,-1,-1,-1,-1,-1,17.355776
100,32,32,-1,-1,-1,-1,-1,17.360895
101,32,32,-1,-1,-1,-1,-1,17.362944
102,32,32,-1,-1,-1,-1,-1,17.361919
103,32,32,-1,-1,-1,-1,-1,17.370111
104,32,32,-1,-1,-1,-1,-1,17.376257
105,32,32,-1,-1,-1,-1,-1,17.333248
106,32,32,-1,-1,-1,-1,-1,17.366016
107,32,32,-1,-1,-1,-1,-1,17.355776
108,32,32,-1,-1,-1,-1,-1,17.353727
109,32,32,-1,-1,-1,-1,-1,17.357824
110,32,32,-1,-1,-1,-1,-1,17.353727
111,32,32,-1,-1,-1,-1,-1,17.367041
112,32,32,-1,-1,-1,-1,-1,17.359873
113,32,32,-1,-1,-1,-1,-1,17.364992
114,32,32,-1,-1,-1,-1,-1,17.359873
115,32,32,-1,-1,-1,-1,-1,17.383425
116,32,32,-1,-1,-1,-1,-1,17.398785
117,32,1040,-1,-1,-1,-1,-1,79.984642
118,32,1039,-1,-1,-1,-1,-1,82.417664
119,32,1040,-1,-1,-1,-1,-1,82.458626
120,32,1039,-1,-1,-1,-1,-1,81.953789
121,32,32,-1,-1,-1,-1,-1,17.673216
122,32,1040,-1,-1,-1,-1,-1,80.623619
123,32,1040,-1,-1,-1,-1,-1,82.008064
124,32,1039,-1,-1,-1,-1,-1,81.946625
125,32,1040,-1,-1,-1,-1,-1,81.973251
126,32,1040,-1,-1,-1,-1,-1,81.96608
127,32,1040,-1,-1,-1,-1,-1,82.008064
128,32,32,-1,-1,-1,-1,-1,17.787905
129,32,2048,-1,-1,-1,-1,-1,135.272446
130,32,1040,-1,-1,-1,-1,-1,83.710976
131,32,3056,-1,-1,-1,-1,-1,201.277435
132,32,32,-1,-1,-1,-1,-1,17.795073
133,32,1039,-1,-1,-1,-1,-1,81.077248
134,32,1040,-1,-1,-1,-1,-1,82.245628
135,32,3056,-1,-1,-1,-1,-1,199.966721
136,32,3056,-1,-1,-1,-1,-1,201.53241
137,32,32,-1,-1,-1,-1,-1,17.736704
138,32,2048,-1,-1,-1,-1,-1,136.063995
139,32,32,-1,-1,-1,-1,-1,17.676289
140,32,1040,-1,-1,-1,-1,-1,81.444862
141,32,32,-1,-1,-1,-1,-1,17.635328
142,32,32,-1,-1,-1,-1,-1,17.535999
143,32,1040,-1,-1,-1,-1,-1,80.963585
144,32,32,-1,-1,-1,-1,-1,17.607679
145,32,32,-1,-1,-1,-1,-1,17.522688
146,32,1040,-1,-1,-1,-1,-1,81.019905
147,32,32,-1,-1,-1,-1,-1,17.641472
148,32,32,-1,-1,-1,-1,-1,17.421312
149,32,32,-1,-1,-1,-1,-1,17.386496
150,32,1040,-1,-1,-1,-1,-1,79.923203
151,32,32,-1,-1,-1,-1,-1,17.62816
152,32,2048,-1,-1,-1,-1,-1,135.813126
153,32,32,-1,-1,-1,-1,-1,17.619968
154,32,32,-1,-1,-1,-1,-1,17.478657
155,32,32,-1,-1,-1,-1,-1,17.362944
156,32,32,-1,-1,-1,-1,-1,17.31584
157,32,32,-1,-1,-1,-1,-1,17.274879
158,32,32,-1,-1,-1,-1,-1,17.277952
159,32,32,-1,-1,-1,-1,-1,17.278976
160,32,32,-1,-1,-1,-1,-1,17.264641
161,32,32,-1,-1,-1,-1,-1,17.240065
162,32,32,-1,-1,-1,-1,-1,17.225727
163,32,32,-1,-1,-1,-1,-1,17.230848
164,32,32,-1,-1,-1,-1,-1,17.216513
165,32,32,-1,-1,-1,-1,-1,17.206272
166,32,32,-1,-1,-1,-1,-1,17.236992
167,32,32,-1,-1,-1,-1,-1,17.24416
168,32,32,-1,-1,-1,-1,-1,17.232897
169,32,32,-1,-1,-1,-1,-1,17.240065
170,32,32,-1,-1,-1,-1,-1,17.256449
171,32,32,-1,-1,-1,-1,-1,17.24416
172,32,32,-1,-1,-1,-1,-1,17.233919
173,32,32,-1,-1,-1,-1,-1,17.2544
174,32,32,-1,-1,-1,-1,-1,17.246208
175,32,32,-1,-1,-1,-1,-1,17.242111
176,32,32,-1,-1,-1,-1,-1,17.227776
177,32,32,-1,-1,-1,-1,-1,17.249281
178,32,32,-1,-1,-1,-1,-1,17.266687
179,32,32,-1,-1,-1,-1,-1,17.243135
180,32,32,-1,-1,-1,-1,-1,17.240065
181,32,32,-1,-1,-1,-1,-1,17.238016
182,32,32,-1,-1,-1,-1,-1,17.247232
183,32,32,-1,-1,-1,-1,-1,17.257471
184,32,32,-1,-1,-1,-1,-1,17.258495
185,32,32,-1,-1,-1,-1,-1,17.252352
186,32,32,-1,-1,-1,-1,-1,17.273855
187,32,32,-1,-1,-1,-1,-1,17.28512
188,32,32,-1,-1,-1,-1,-1,17.272833
189,32,32,-1,-1,-1,-1,-1,17.271809
190,32,32,-1,-1,-1,-1,-1,17.289215
191,32,32,-1,-1,-1,-1,-1,17.273855
192,32,32,-1,-1,-1,-1,-1,17.26976
193,32,32,-1,-1,-1,-1,-1,17.283072
194,32,32,-1,-1,-1,-1,-1,17.287169
195,32,32,-1,-1,-1,-1,-1,17.282047
196,32,32,-1,-1,-1,-1,-1,17.26976
197,32,32,-1,-1,-1,-1,-1,17.299456
198,32,32,-1,-1,-1,-1,-1,17.308672
199,32,32,-1,-1,-1,-1,-1,17.286144
200,32,32,-1,-1,-1,-1,-1,17.309696
201,32,32,-1,-1,-1,-1,-1,17.299456
202,32,32,-1,-1,-1,-1,-1,17.297407
203,32,32,-1,-1,-1,-1,-1,17.321983
204,32,32,-1,-1,-1,-1,-1,17.302528
205,32,32,-1,-1,-1,-1,-1,17.328129
206,32,32,-1,-1,-1,-1,-1,17.31072
207,32,32,-1,-1,-1,-1,-1,17.313791
208,32,32,-1,-1,-1,-1,-1,17.303553
209,32,32,-1,-1,-1,-1,-1,17.335297
210,32,32,-1,-1,-1,-1,-1,17.320959
211,32,32,-1,-1,-1,-1,-1,17.338367
212,32,32,-1,-1,-1,-1,-1,17.309696
213,32,32,-1,-1,-1,-1,-1,17.336321
214,32,32,-1,-1,-1,-1,-1,17.338367
215,32,32,-1,-1,-1,-1,-1,17.347584
216,32,32,-1,-1,-1,-1,-1,17.333248
217,32,32,-1,-1,-1,-1,-1,17.34656
218,32,32,-1,-1,-1,-1,-1,17.337343
219,32,32,-1,-1,-1,-1,-1,17.347584
220,32,32,-1,-1,-1,-1,-1,17.347584
221,32,32,-1,-1,-1,-1,-1,17.359873
222,32,32,-1,-1,-1,-1,-1,17.340416
223,32,32,-1,-1,-1,-1,-1,17.351681
224,32,32,-1,-1,-1,-1,-1,17.34144
225,32,32,-1,-1,-1,-1,-1,17.378304
226,32,32,-1,-1,-1,-1,-1,17.359873
227,32,32,-1,-1,-1,-1,-1,17.342464
228,32,32,-1,-1,-1,-1,-1,17.353727
229,32,32,-1,-1,-1,-1,-1,17.359873
230,32,32,-1,-1,-1,-1,-1,17.364992
231,32,32,-1,-1,-1,-1,-1,17.38752
232,32,32,-1,-1,-1,-1,-1,17.377279
233,32,32,-1,-1,-1,-1,-1,17.386496
234,32,32,-1,-1,-1,-1,-1,17.379328
235,32,1040,-1,-1,-1,-1,-1,79.770622
236,32,32,-1,-1,-1,-1,-1,17.701887
237,32,32,-1,-1,-1,-1,-1,17.604609
238,32,32,-1,-1,-1,-1,-1,17.544191
239,32,32,-1,-1,-1,-1,-1,17.501184
240,32,32,-1,-1,-1,-1,-1,17.434624
241,32,32,-1,-1,-1,-1,-1,17.473536
242,32,1040,-1,-1,-1,-1,-1,80.371712
243,32,1040,-1,-1,-1,-1,-1,81.967102
244,32,1040,-1,-1,-1,-1,-1,82.012161
245,32,32,-1,-1,-1,-1,-1,17.734655
246,32,32,-1,-1,-1,-1,-1,17.722368
247,32,1040,-1,-1,-1,-1,-1,80.303101
248,32,1040,-1,-1,-1,-1,-1,82.0224
249,32,1040,-1,-1,-1,-1,-1,82.018303
250,32,1040,-1,-1,-1,-1,-1,82.029572
251,32,32,-1,-1,-1,-1,-1,17.688576
252,32,2047,-1,-1,-1,-1,-1,136.812546
253,32,1039,-1,-1,-1,-1,-1,83.130371
254,32,32,-1,-1,-1,-1,-1,17.687551
255,32,1040,-1,-1,-1,-1,-1,81.403908
256,32,3056,-1,-1,-1,-1,-1,201.135101
257,32,32,-1,-1,-1,-1,-1,17.72032
258,32,1040,-1,-1,-1,-1,-1,81.257469
259,32,1040,-1,-1,-1,-1,-1,82.425858
260,32,32,-1,-1,-1,-1,-1,17.701887
261,32,1040,-1,-1,-1,-1,-1,81.285118
262,32,32,-1,-1,-1,-1,-1,17.645569
263,32,4062,-1,-1,-1,-1,-1,260.143097
264,32,1040,-1,-1,-1,-1,-1,83.441666
265,32,32,-1,-1,-1,-1,-1,17.64352
266,32,32,-1,-1,-1,-1,-1,17.508352
267,32,32,-1,-1,-1,-1,-1,17.394688
268,32,1040,-1,-1,-1,-1,-1,80.42086
269,32,2047,-1,-1,-1,-1,-1,138.187775
270,32,1040,-1,-1,-1,-1,-1,83.004417
271,32,32,-1,-1,-1,-1,-1,17.697792
272,32,32,-1,-1,-1,-1,-1,17.44384
273,32,32,-1,-1,-1,-1,-1,17.379328
274,32,32,-1,-1,-1,-1,-1,17.3568
275,32,1040,-1,-1,-1,-1,-1,80.809982
276,32,32,-1,-1,-1,-1,-1,17.70496
277,32,1040,-1,-1,-1,-1,-1,81.531906
278,32,1040,-1,-1,-1,-1,-1,82.708481
279,32,32,-1,-1,-1,-1,-1,17.634304
280,32,32,-1,-1,-1,-1,-1,17.471489
281,32,32,-1,-1,-1,-1,-1,17.379328
282,32,32,-1,-1,-1,-1,-1,17.340416
283,32,32,-1,-1,-1,-1,-1,17.323008
284,32,32,-1,-1,-1,-1,-1,17.340416
285,32,32,-1,-1,-1,-1,-1,17.349632
286,32,32,-1,-1,-1,-1,-1,17.34144
287,32,32,-1,-1,-1,-1,-1,17.277952
288,32,32,-1,-1,-1,-1,-1,17.262592
289,32,32,-1,-1,-1,-1,-1,17.247232
290,32,2048,-1,-1,-1,-1,-1,135.814148
291,32,32,-1,-1,-1,-1,-1,17.655807
292,32,32,-1,-1,-1,-1,-1,17.502209
293,32,32,-1,-1,-1,-1,-1,17.362944
294,32,32,-1,-1,-1,-1,-1,17.330175
295,32,32,-1,-1,-1,-1,-1,17.273855
296,32,32,-1,-1,-1,-1,-1,17.289215
297,32,32,-1,-1,-1,-1,-1,17.281025
298,32,32,-1,-1,-1,-1,-1,17.289215
299,32,32,-1,-1,-1,-1,-1,17.261568
300,32,32,-1,-1,-1,-1,-1,17.257471
301,32,32,-1,-1,-1,-1,-1,17.236992
302,32,32,-1,-1,-1,-1,-1,17.231873
303,32,32,-1,-1,-1,-1,-1,17.242111
304,32,32,-1,-1,-1,-1,-1,17.243135
305,32,32,-1,-1,-1,-1,-1,17.206272
306,32,32,-1,-1,-1,-1,-1,17.267712
307,32,32,-1,-1,-1,-1,-1,17.2544
308,32,32,-1,-1,-1,-1,-1,17.247232
309,32,32,-1,-1,-1,-1,-1,17.242111
310,32,32,-1,-1,-1,-1,-1,17.2544
311,32,32,-1,-1,-1,-1,-1,17.248257
312,32,32,-1,-1,-1,-1,-1,17.258495
313,32,32,-1,-1,-1,-1,-1,17.266687
314,32,32,-1,-1,-1,-1,-1,17.265663
315,32,32,-1,-1,-1,-1,-1,17.261568
316,32,32,-1,-1,-1,-1,-1,17.270784
317,32,32,-1,-1,-1,-1,-1,17.282047
318,32,32,-1,-1,-1,-1,-1,17.280001
319,32,32,-1,-1,-1,-1,-1,17.284096
320,32,32,-1,-1,-1,-1,-1,17.272833
321,32,32,-1,-1,-1,-1,-1,17.2544
322,32,32,-1,-1,-1,-1,-1,17.289215
323,32,32,-1,-1,-1,-1,-1,17.294336
324,32,32,-1,-1,-1,-1,-1,17.288193
325,32,32,-1,-1,-1,-1,-1,17.278976
326,32,32,-1,-1,-1,-1,-1,17.30048
327,32,32,-1,-1,-1,-1,-1,17.31072
328,32,32,-1,-1,-1,-1,-1,17.296385
329,32,32,-1,-1,-1,-1,-1,17.316864
330,32,32,-1,-1,-1,-1,-1,17.301504
331,32,32,-1,-1,-1,-1,-1,17.302528
332,32,32,-1,-1,-1,-1,-1,17.308672
333,32,32,-1,-1,-1,-1,-1,17.316864
334,32,32,-1,-1,-1,-1,-1,17.318913
335,32,32,-1,-1,-1,-1,-1,17.327105
336,32,32,-1,-1,-1,-1,-1,17.304577
337,32,32,-1,-1,-1,-1,-1,17.302528
338,32,32,-1,-1,-1,-1,-1,17.327105
339,32,32,-1,-1,-1,-1,-1,17.34144
340,32,32,-1,-1,-1,-1,-1,17.34144
341,32,32,-1,-1,-1,-1,-1,17.360895
342,32,32,-1,-1,-1,-1,-1,17.337343
343,32,32,-1,-1,-1,-1,-1,17.336321
344,32,32,-1,-1,-1,-1,-1,17.342464
345,32,32,-1,-1,-1,-1,-1,17.317888
346,32,32,-1,-1,-1,-1,-1,17.349632
347,32,32,-1,-1,-1,-1,-1,17.337343
348,32,32,-1,-1,-1,-1,-1,17.34656
349,32,32,-1,-1,-1,-1,-1,17.342464
350,32,32,-1,-1,-1,-1,-1,17.350657
351,32,32,-1,-1,-1,-1,-1,17.342464
352,32,32,-1,-1,-1,-1,-1,17.3568
353,32,32,-1,-1,-1,-1,-1,17.334272
354,32,32,-1,-1,-1,-1,-1,17.368065
355,32,32,-1,-1,-1,-1,-1,17.385471
356,32,32,-1,-1,-1,-1,-1,17.358849
357,32,32,-1,-1,-1,-1,-1,17.358849
358,32,32,-1,-1,-1,-1,-1,17.37216
359,32,1040,-1,-1,-1,-1,-1,80.137215
360,32,32,-1,-1,-1,-1,-1,17.808384
361,32,32,-1,-1,-1,-1,-1,17.669121
362,32,32,-1,-1,-1,-1,-1,17.503231
363,32,32,-1,-1,-1,-1,-1,17.41824
364,32,1040,-1,-1,-1,-1,-1,80.206848
365,32,32,-1,-1,-1,-1,-1,17.717249
366,32,2047,-1,-1,-1,-1,-1,136.536057
367,32,32,-1,-1,-1,-1,-1,17.792
368,32,1040,-1,-1,-1,-1,-1,81.591293
369,32,32,-1,-1,-1,-1,-1,17.692673
370,32,32,-1,-1,-1,-1,-1,17.552383
371,32,32,-1,-1,-1,-1,-1,17.455105
372,32,32,-1,-1,-1,-1,-1,17.404928
373,32,32,-1,-1,-1,-1,-1,17.423361
374,32,32,-1,-1,-1,-1,-1,17.442816
375,32,2047,-1,-1,-1,-1,-1,135.820282
376,32,32,-1,-1,-1,-1,-1,17.77664
377,32,1040,-1,-1,-1,-1,-1,81.176575
378,32,3056,-1,-1,-1,-1,-1,200.527878
379,32,1040,-1,-1,-1,-1,-1,82.863106
380,32,32,-1,-1,-1,-1,-1,17.718271
381,32,2048,-1,-1,-1,-1,-1,137.967621
382,32,32,-1,-1,-1,-1,-1,17.724417
383,32,1040,-1,-1,-1,-1,-1,81.368065
384,32,32,-1,-1,-1,-1,-1,17.653761
385,32,2048,-1,-1,-1,-1,-1,137.391098
386,32,32,-1,-1,-1,-1,-1,17.778688
387,32,32,-1,-1,-1,-1,-1,17.516544
388,32,3055,-1,-1,-1,-1,-1,198.748154
389,32,32,-1,-1,-1,-1,-1,17.768448
390,32,32,-1,-1,-1,-1,-1,17.569792
391,32,32,-1,-1,-1,-1,-1,17.461248
392,32,2047,-1,-1,-1,-1,-1,136.143875
393,32,32,-1,-1,-1,-1,-1,17.712128
394,32,32,-1,-1,-1,-1,-1,17.566719
395,32,32,-1,-1,-1,-1,-1,17.467392
396,32,32,-1,-1,-1,-1,-1,17.410048
397,32,3054,-1,-1,-1,-1,-1,198.447098
398,32,1040,-1,-1,-1,-1,-1,83.481598
399,32,1040,-1,-1,-1,-1,-1,83.205116
400,32,32,-1,-1,-1,-1,-1,17.675264
401,32,32,-1,-1,-1,-1,-1,17.504255
402,32,32,-1,-1,-1,-1,-1,17.390593
403,32,32,-1,-1,-1,-1,-1,17.31584
404,32,32,-1,-1,-1,-1,-1,17.329151
405,32,1040,-1,-1,-1,-1,-1,80.524284
406,32,32,-1,-1,-1,-1,-1,17.677313
407,32,1040,-1,-1,-1,-1,-1,81.320961
408,32,32,-1,-1,-1,-1,-1,17.668097
409,32,1040,-1,-1,-1,-1,-1,81.431549
410,32,32,-1,-1,-1,-1,-1,17.64864
411,32,32,-1,-1,-1,-1,-1,17.519615
412,32,32,-1,-1,-1,-1,-1,17.444864
413,32,32,-1,-1,-1,-1,-1,17.299456
414,32,32,-1,-1,-1,-1,-1,17.266687
415,32,32,-1,-1,-1,-1,-1,17.293312
416,32,32,-1,-1,-1,-1,-1,17.316864
417,32,32,-1,-1,-1,-1,-1,17.281025
418,32,32,-1,-1,-1,-1,-1,17.284096
419,32,1040,-1,-1,-1,-1,-1,80.154625
420,32,32,-1,-1,-1,-1,-1,17.688576
421,32,32,-1,-1,-1,-1,-1,17.51552
422,32,32,-1,-1,-1,-1,-1,17.394688
423,32,1040,-1,-1,-1,-1,-1,80.586754
424,32,32,-1,-1,-1,-1,-1,17.612801
425,32,32,-1,-1,-1,-1,-1,17.472511
426,32,32,-1,-1,-1,-1,-1,17.375233
427,32,32,-1,-1,-1,-1,-1,17.343489
428,32,32,-1,-1,-1,-1,-1,17.318913
429,32,32,-1,-1,-1,-1,-1,17.314816
430,32,32,-1,-1,-1,-1,-1,17.32608
431,32,32,-1,-1,-1,-1,-1,17.316864
432,32,32,-1,-1,-1,-1,-1,17.277952
433,32,32,-1,-1,-1,-1,-1,17.247232
434,32,32,-1,-1,-1,-1,-1,17.233919
435,32,32,-1,-1,-1,-1,-1,17.253376
436,32,32,-1,-1,-1,-1,-1,17.262592
437,32,32,-1,-1,-1,-1,-1,17.2544
438,32,32,-1,-1,-1,-1,-1,17.249281
439,32,32,-1,-1,-1,-1,-1,17.263617
440,32,32,-1,-1,-1,-1,-1,17.262592
441,32,32,-1,-1,-1,-1,-1,17.261568
442,32,32,-1,-1,-1,-1,-1,17.264641
443,32,32,-1,-1,-1,-1,-1,17.268736
444,32,32,-1,-1,-1,-1,-1,17.26976
445,32,32,-1,-1,-1,-1,-1,17.266687
446,32,32,-1,-1,-1,-1,-1,17.275904
447,32,32,-1,-1,-1,-1,-1,17.275904
448,32,32,-1,-1,-1,-1,-1,17.291264
449,32,32,-1,-1,-1,-1,-1,17.283072
450,32,32,-1,-1,-1,-1,-1,17.265663
451,32,32,-1,-1,-1,-1,-1,17.284096
452,32,32,-1,-1,-1,-1,-1,17.30048
453,32,32,-1,-1,-1,-1,-1,17.299456
454,32,32,-1,-1,-1,-1,-1,17.278976
455,32,32,-1,-1,-1,-1,-1,17.312769
456,32,32,-1,-1,-1,-1,-1,17.316864
457,32,32,-1,-1,-1,-1,-1,17.299456
458,32,32,-1,-1,-1,-1,-1,17.324032
459,32,32,-1,-1,-1,-1,-1,17.303553
460,32,32,-1,-1,-1,-1,-1,17.324032
461,32,32,-1,-1,-1,-1,-1,17.308672
462,32,32,-1,-1,-1,-1,-1,17.332224
463,32,32,-1,-1,-1,-1,-1,17.307648
464,32,32,-1,-1,-1,-1,-1,17.3312
465,32,32,-1,-1,-1,-1,-1,17.323008
466,32,32,-1,-1,-1,-1,-1,17.303553
467,32,32,-1,-1,-1,-1,-1,17.31584
468,32,32,-1,-1,-1,-1,-1,17.350657
469,32,32,-1,-1,-1,-1,-1,17.337343
470,32,32,-1,-1,-1,-1,-1,17.324032
471,32,32,-1,-1,-1,-1,-1,17.348608
472,32,32,-1,-1,-1,-1,-1,17.328129
473,32,32,-1,-1,-1,-1,-1,17.348608
474,32,32,-1,-1,-1,-1,-1,17.335297
475,32,32,-1,-1,-1,-1,-1,17.347584
476,32,32,-1,-1,-1,-1,-1,17.355776
477,32,32,-1,-1,-1,-1,-1,17.34144
478,32,32,-1,-1,-1,-1,-1,17.355776
479,32,32,-1,-1,-1,-1,-1,17.360895
480,32,32,-1,-1,-1,-1,-1,17.355776
481,32,32,-1,-1,-1,-1,-1,17.366016
482,32,32,-1,-1,-1,-1,-1,17.344513
483,32,32,-1,-1,-1,-1,-1,17.362944
484,32,32,-1,-1,-1,-1,-1,17.363968
485,32,32,-1,-1,-1,-1,-1,17.371136
486,32,1040,-1,-1,-1,-1,-1,79.951874
487,32,32,-1,-1,-1,-1,-1,17.74592
488,32,1039,-1,-1,-1,-1,-1,80.913406
489,32,32,-1,-1,-1,-1,-1,17.777664
490,32,1040,-1,-1,-1,-1,-1,81.164291
491,32,32,-1,-1,-1,-1,-1,17.773567
492,32,32,-1,-1,-1,-1,-1,17.594368
493,32,32,-1,-1,-1,-1,-1,17.511423
494,32,32,-1,-1,-1,-1,-1,17.490944
495,32,32,-1,-1,-1,-1,-1,17.448959
496,32,1040,-1,-1,-1,-1,-1,81.103874
497,32,1040,-1,-1,-1,-1,-1,82.767876
498,32,1040,-1,-1,-1,-1,-1,82.768898
499,32,32,-1,-1,-1,-1,-1,17.714176
500,32,1040,-1,-1,-1,-1,-1,82.037758
501,32,32,-1,-1,-1,-1,-1,17.747969
502,32,1040,-1,-1,-1,-1,-1,81.261566
503,32,32,-1,-1,-1,-1,-1,17.670143
504,32,1040,-1,-1,-1,-1,-1,81.253372
505,32,2048,-1,-1,-1,-1,-1,138.400772
506,32,32,-1,-1,-1,-1,-1,17.809408
507,32,32,-1,-1,-1,-1,-1,17.575935
508,32,32,-1,-1,-1,-1,-1,17.50016
509,32,1040,-1,-1,-1,-1,-1,80.550911
510,32,1040,-1,-1,-1,-1,-1,82.935806
511,32,32,-1,-1,-1,-1,-1,17.758207
512,32,1040,-1,-1,-1,-1,-1,81.694717
513,32,2048,-1,-1,-1,-1,-1,138.642426
514,32,32,-1,-1,-1,-1,-1,17.780737
515,32,2047,-1,-1,-1,-1,-1,137.042938
516,32,32,-1,-1,-1,-1,-1,17.788927
517,32,2048,-1,-1,-1,-1,-1,136.931335
518,32,32,-1,-1,-1,-1,-1,17.722368
519,32,1040,-1,-1,-1,-1,-1,81.949699
520,32,32,-1,-1,-1,-1,-1,17.700865
521,32,1040,-1,-1,-1,-1,-1,81.480705
522,32,32,-1,-1,-1,-1,-1,17.688576
523,32,32,-1,-1,-1,-1,-1,17.553408
524,32,32,-1,-1,-1,-1,-1,17.438721
525,32,32,-1,-1,-1,-1,-1,17.406977
526,32,32,-1,-1,-1,-1,-1,17.386496
527,32,32,-1,-1,-1,-1,-1,17.361919
528,32,2047,-1,-1,-1,-1,-1,135.595001
529,32,32,-1,-1,-1,-1,-1,17.740801
530,32,32,-1,-1,-1,-1,-1,17.605633
531,32,1040,-1,-1,-1,-1,-1,80.615425
532,32,32,-1,-1,-1,-1,-1,17.651712
533,32,32,-1,-1,-1,-1,-1,17.555456
534,32,32,-1,-1,-1,-1,-1,17.468416
535,32,1040,-1,-1,-1,-1,-1,80.877571
536,32,32,-1,-1,-1,-1,-1,17.717249
537,32,32,-1,-1,-1,-1,-1,17.519615
538,32,2048,-1,-1,-1,-1,-1,136.564743
539,32,32,-1,-1,-1,-1,-1,17.741823
540,32,32,-1,-1,-1,-1,-1,17.5616
541,32,2048,-1,-1,-1,-1,-1,136.224762
542,32,32,-1,-1,-1,-1,-1,17.691648
543,32,32,-1,-1,-1,-1,-1,17.539072
544,32,2048,-1,-1,-1,-1,-1,136.212479
545,32,32,-1,-1,-1,-1,-1,17.722368
546,32,32,-1,-1,-1,-1,-1,17.540096
547,32,32,-1,-1,-1,-1,-1,17.368065
548,32,32,-1,-1,-1,-1,-1,17.299456
549,32,32,-1,-1,-1,-1,-1,17.294336
550,32,32,-1,-1,-1,-1,-1,17.305599
551,32,32,-1,-1,-1,-1,-1,17.316864
552,32,32,-1,-1,-1,-1,-1,17.294336
553,32,32,-1,-1,-1,-1,-1,17.261568
554,32,32,-1,-1,-1,-1,-1,17.267712
555,32,32,-1,-1,-1,-1,-1,17.241089
556,32,32,-1,-1,-1,-1,-1,17.243135
557,32,32,-1,-1,-1,-1,-1,17.245184
558,32,32,-1,-1,-1,-1,-1,17.248257
559,32,32,-1,-1,-1,-1,-1,17.241089
560,32,32,-1,-1,-1,-1,-1,17.238016
561,32,32,-1,-1,-1,-1,-1,17.277952
562,32,32,-1,-1,-1,-1,-1,17.23904
563,32,32,-1,-1,-1,-1,-1,17.265663
564,32,32,-1,-1,-1,-1,-1,17.267712
565,32,32,-1,-1,-1,-1,-1,17.26976
566,32,32,-1,-1,-1,-1,-1,17.266687
567,32,32,-1,-1,-1,-1,-1,17.270784
568,32,32,-1,-1,-1,-1,-1,17.274879
569,32,32,-1,-1,-1,-1,-1,17.264641
570,32,32,-1,-1,-1,-1,-1,17.281025
571,32,32,-1,-1,-1,-1,-1,17.258495
572,32,32,-1,-1,-1,-1,-1,17.247232
573,32,32,-1,-1,-1,-1,-1,17.286144
574,32,32,-1,-1,-1,-1,-1,17.28512
575,32,32,-1,-1,-1,-1,-1,17.270784
576,32,32,-1,-1,-1,-1,-1,17.282047
577,32,32,-1,-1,-1,-1,-1,17.296385
578,32,32,-1,-1,-1,-1,-1,17.284096
579,32,32,-1,-1,-1,-1,-1,17.297407
580,32,32,-1,-1,-1,-1,-1,17.301504
581,32,32,-1,-1,-1,-1,-1,17.307648
582,32,32,-1,-1,-1,-1,-1,17.306623
583,32,32,-1,-1,-1,-1,-1,17.314816
584,32,32,-1,-1,-1,-1,-1,17.307648
585,32,32,-1,-1,-1,-1,-1,17.323008
586,32,32,-1,-1,-1,-1,-1,17.317888
587,32,32,-1,-1,-1,-1,-1,17.299456
588,32,32,-1,-1,-1,-1,-1,17.303553
589,32,32,-1,-1,-1,-1,-1,17.336321
590,32,32,-1,-1,-1,-1,-1,17.320959
591,32,32,-1,-1,-1,-1,-1,17.31584
592,32,32,-1,-1,-1,-1,-1,17.339392
593,32,32,-1,-1,-1,-1,-1,17.332224
594,32,32,-1,-1,-1,-1,-1,17.325056
595,32,32,-1,-1,-1,-1,-1,17.345535
596,32,32,-1,-1,-1,-1,-1,17.3312
597,32,32,-1,-1,-1,-1,-1,17.345535
598,32,32,-1,-1,-1,-1,-1,17.349632
599,32,32,-1,-1,-1,-1,-1,17.34144
600,32,1039,-1,-1,-1,-1,-1,80.4608
601,32,32,-1,-1,-1,-1,-1,17.762304
602,32,32,-1,-1,-1,-1,-1,17.619968
603,32,32,-1,-1,-1,-1,-1,17.514496
604,32,32,-1,-1,-1,-1,-1,17.41824
605,32,32,-1,-1,-1,-1,-1,17.403904
606,32,32,-1,-1,-1,-1,-1,17.419264
607,32,32,-1,-1,-1,-1,-1,17.394688
608,32,32,-1,-1,-1,-1,-1,17.410048
609,32,32,-1,-1,-1,-1,-1,17.366016
610,32,32,-1,-1,-1,-1,-1,17.367041
611,32,1040,-1,-1,-1,-1,-1,80.666626
612,32,32,-1,-1,-1,-1,-1,17.856512
613,32,32,-1,-1,-1,-1,-1,17.67424
614,32,32,-1,-1,-1,-1,-1,17.537024
615,32,32,-1,-1,-1,-1,-1,17.456127
616,32,32,-1,-1,-1,-1,-1,17.426432
617,32,32,-1,-1,-1,-1,-1,17.41312
618,32,32,-1,-1,-1,-1,-1,17.439745
619,32,2047,-1,-1,-1,-1,-1,135.633926
620,32,32,-1,-1,-1,-1,-1,17.857536
621,32,32,-1,-1,-1,-1,-1,17.696768
622,32,32,-1,-1,-1,-1,-1,17.501184
623,32,32,-1,-1,-1,-1,-1,17.442816
624,32,32,-1,-1,-1,-1,-1,17.454081
625,32,32,-1,-1,-1,-1,-1,17.439745
626,32,32,-1,-1,-1,-1,-1,17.434624
627,32,2048,-1,-1,-1,-1,-1,136.026108
628,32,32,-1,-1,-1,-1,-1,17.867777
629,32,32,-1,-1,-1,-1,-1,17.638399
630,32,1040,-1,-1,-1,-1,-1,80.969727
631,32,2047,-1,-1,-1,-1,-1,138.558456
632,32,1040,-1,-1,-1,-1,-1,83.881981
633,32,1040,-1,-1,-1,-1,-1,83.171326
634,32,2048,-1,-1,-1,-1,-1,138.268677
635,32,3056,-1,-1,-1,-1,-1,202.948608
636,32,32,-1,-1,-1,-1,-1,17.856512
637,32,32,-1,-1,-1,-1,-1,17.588224
638,32,32,-1,-1,-1,-1,-1,17.47456
639,32,1040,-1,-1,-1,-1,-1,81.089539
640,32,1040,-1,-1,-1,-1,-1,82.930687
641,32,4064,-1,-1,-1,-1,-1,263.593994
642,32,32,-1,-1,-1,-1,-1,17.755136
643,32,32,-1,-1,-1,-1,-1,17.532928
644,32,32,-1,-1,-1,-1,-1,17.398785
645,32,32,-1,-1,-1,-1,-1,17.364992
646,32,1040,-1,-1,-1,-1,-1,81.067009
647,32,32,-1,-1,-1,-1,-1,17.764353
648,32,32,-1,-1,-1,-1,-1,17.5616
649,32,32,-1,-1,-1,-1,-1,17.420288
650,32,32,-1,-1,-1,-1,-1,17.350657
651,32,32,-1,-1,-1,-1,-1,17.349632
652,32,32,-1,-1,-1,-1,-1,17.339392
653,32,32,-1,-1,-1,-1,-1,17.343489
654,32,32,-1,-1,-1,-1,-1,17.314816
655,32,1040,-1,-1,-1,-1,-1,80.176125
656,32,32,-1,-1,-1,-1,-1,17.702911
657,32,32,-1,-1,-1,-1,-1,17.485825
658,32,32,-1,-1,-1,-1,-1,17.410048
659,32,32,-1,-1,-1,-1,-1,17.371136
660,32,32,-1,-1,-1,-1,-1,17.337343
661,32,32,-1,-1,-1,-1,-1,17.344513
662,32,32,-1,-1,-1,-1,-1,17.379328
663,32,1040,-1,-1,-1,-1,-1,80.321533
664,32,3056,-1,-1,-1,-1,-1,202.128387
665,32,32,-1,-1,-1,-1,-1,17.767424
666,32,2047,-1,-1,-1,-1,-1,137.847809
667,32,1040,-1,-1,-1,-1,-1,83.485695
668,32,32,-1,-1,-1,-1,-1,17.624063
669,32,32,-1,-1,-1,-1,-1,17.511423
670,32,32,-1,-1,-1,-1,-1,17.389568
671,32,32,-1,-1,-1,-1,-1,17.363968
672,32,32,-1,-1,-1,-1,-1,17.336321
673,32,32,-1,-1,-1,-1,-1,17.328129
674,32,32,-1,-1,-1,-1,-1,17.30048
675,32,32,-1,-1,-1,-1,-1,17.32608
676,32,32,-1,-1,-1,-1,-1,17.271809
677,32,32,-1,-1,-1,-1,-1,17.264641
678,32,32,-1,-1,-1,-1,-1,17.277952
679,32,32,-1,-1,-1,-1,-1,17.25952
680,32,32,-1,-1,-1,-1,-1,17.289215
681,32,32,-1,-1,-1,-1,-1,17.281025
682,32,32,-1,-1,-1,-1,-1,17.271809
683,32,32,-1,-1,-1,-1,-1,17.275904
684,32,1040,-1,-1,-1,-1,-1,80.776192
685,32,32,-1,-1,-1,-1,-1,17.725439
686,32,32,-1,-1,-1,-1,-1,17.552383
687,32,32,-1,-1,-1,-1,-1,17.422337
688,32,32,-1,-1,-1,-1,-1,17.366016
689,32,32,-1,-1,-1,-1,-1,17.344513
690,32,32,-1,-1,-1,-1,-1,17.324032
691,32,32,-1,-1,-1,-1,-1,17.342464
692,32,32,-1,-1,-1,-1,-1,17.299456
693,32,32,-1,-1,-1,-1,-1,17.250303
694,32,32,-1,-1,-1,-1,-1,17.272833
695,32,32,-1,-1,-1,-1,-1,17.272833
696,32,32,-1,-1,-1,-1,-1,17.287169
697,32,32,-1,-1,-1,-1,-1,17.305599
698,32,32,-1,-1,-1,-1,-1,17.292288
699,32,32,-1,-1,-1,-1,-1,17.308672
700,32,32,-1,-1,-1,-1,-1,17.290239
701,32,32,-1,-1,-1,-1,-1,17.307648
702,32,32,-1,-1,-1,-1,-1,17.296385
703,32,32,-1,-1,-1,-1,-1,17.313791
704,32,32,-1,-1,-1,-1,-1,17.31072
705,32,32,-1,-1,-1,-1,-1,17.299456
706,32,32,-1,-1,-1,-1,-1,17.305599
707,32,32,-1,-1,-1,-1,-1,17.31584
708,32,32,-1,-1,-1,-1,-1,17.295361
709,32,32,-1,-1,-1,-1,-1,17.295361
710,32,32,-1,-1,-1,-1,-1,17.323008
711,32,32,-1,-1,-1,-1,-1,17.320959
712,32,32,-1,-1,-1,-1,-1,17.313791
713,32,32,-1,-1,-1,-1,-1,17.31072
714,32,32,-1,-1,-1,-1,-1,17.353727
715,32,32,-1,-1,-1,-1,-1,17.335297
716,32,32,-1,-1,-1,-1,-1,17.349632
717,32,32,-1,-1,-1,-1,-1,17.321983
718,32,32,-1,-1,-1,-1,-1,17.325056
719,32,32,-1,-1,-1,-1,-1,17.347584
720,32,32,-1,-1,-1,-1,-1,17.330175
721,32,32,-1,-1,-1,-1,-1,17.354752
722,32,32,-1,-1,-1,-1,-1,17.32608
723,32,32,-1,-1,-1,-1,-1,17.357824
724,32,32,-1,-1,-1,-1,-1,17.340416
725,32,32,-1,-1,-1,-1,-1,17.32608
726,32,32,-1,-1,-1,-1,-1,17.370111
727,32,32,-1,-1,-1,-1,-1,17.359873
728,32,32,-1,-1,-1,-1,-1,17.371136
729,32,32,-1,-1,-1,-1,-1,17.37216
730,32,32,-1,-1,-1,-1,-1,17.368065
731,32,32,-1,-1,-1,-1,-1,17.384447
732,32,32,-1,-1,-1,-1,-1,17.371136
733,32,32,-1,-1,-1,-1,-1,17.360895
734,32,32,-1,-1,-1,-1,-1,17.364992
735,32,1040,-1,-1,-1,-1,-1,80.137215
736,32,32,-1,-1,-1,-1,-1,17.808384
737,32,32,-1,-1,-1,-1,-1,17.618944
738,32,32,-1,-1,-1,-1,-1,17.467392
739,32,32,-1,-1,-1,-1,-1,17.451008
740,32,1039,-1,-1,-1,-1,-1,80.980995
741,32,32,-1,-1,-1,-1,-1,17.88928
742,32,32,-1,-1,-1,-1,-1,17.6896
743,32,32,-1,-1,-1,-1,-1,17.548288
744,32,32,-1,-1,-1,-1,-1,17.480703
745,32,1040,-1,-1,-1,-1,-1,80.623619
746,32,32,-1,-1,-1,-1,-1,17.783808
747,32,1040,-1,-1,-1,-1,-1,81.903618
748,32,1040,-1,-1,-1,-1,-1,82.907135
749,32,1039,-1,-1,-1,-1,-1,82.734077
750,32,32,-1,-1,-1,-1,-1,17.773567
751,32,1040,-1,-1,-1,-1,-1,81.532928
752,32,32,-1,-1,-1,-1,-1,17.784832
753,32,1039,-1,-1,-1,-1,-1,82.049026
754,32,32,-1,-1,-1,-1,-1,17.856512
755,32,32,-1,-1,-1,-1,-1,17.61792
756,32,1040,-1,-1,-1,-1,-1,80.83149
757,32,32,-1,-1,-1,-1,-1,17.767424
758,32,32,-1,-1,-1,-1,-1,17.635328
759,32,32,-1,-1,-1,-1,-1,17.516544
760,32,1040,-1,-1,-1,-1,-1,80.6185
761,32,1040,-1,-1,-1,-1,-1,83.00032
762,32,1040,-1,-1,-1,-1,-1,83.212288
763,32,1040,-1,-1,-1,-1,-1,83.205116
764,32,32,-1,-1,-1,-1,-1,17.747969
765,32,2048,-1,-1,-1,-1,-1,136.925186
766,32,32,-1,-1,-1,-1,-1,17.763329
767,32,32,-1,-1,-1,-1,-1,17.626112
768,32,32,-1,-1,-1,-1,-1,17.481728
769,32,2048,-1,-1,-1,-1,-1,136.02713
770,32,32,-1,-1,-1,-1,-1,17.77664
771,32,1040,-1,-1,-1,-1,-1,82.158592
772,32,32,-1,-1,-1,-1,-1,17.743872
773,32,32,-1,-1,-1,-1,-1,17.542145
774,32,32,-1,-1,-1,-1,-1,17.420288
775,32,1040,-1,-1,-1,-1,-1,80.563202
776,32,2048,-1,-1,-1,-1,-1,138.825729
777,32,2048,-1,-1,-1,-1,-1,138.781693
778,32,32,-1,-1,-1,-1,-1,17.747969
779,32,32,-1,-1,-1,-1,-1,17.557505
780,32,1039,-1,-1,-1,-1,-1,81.03936
781,32,32,-1,-1,-1,-1,-1,17.74592
782,32,32,-1,-1,-1,-1,-1,17.564672
783,32,32,-1,-1,-1,-1,-1,17.419264
784,32,32,-1,-1,-1,-1,-1,17.340416
785,32,1040,-1,-1,-1,-1,-1,80.958466
786,32,32,-1,-1,-1,-1,-1,17.639423
787,32,32,-1,-1,-1,-1,-1,17.524736
788,32,1040,-1,-1,-1,-1,-1,81.009666
789,32,1040,-1,-1,-1,-1,-1,83.50515
790,32,2048,-1,-1,-1,-1,-1,138.940414
791,32,32,-1,-1,-1,-1,-1,17.667072
792,32,1040,-1,-1,-1,-1,-1,81.946625
793,32,32,-1,-1,-1,-1,-1,17.63328
794,32,32,-1,-1,-1,-1,-1,17.497087
795,32,32,-1,-1,-1,-1,-1,17.405952
796,32,1039,-1,-1,-1,-1,-1,80.490494
797,32,32,-1,-1,-1,-1,-1,17.647615
798,32,32,-1,-1,-1,-1,-1,17.455105
799,32,32,-1,-1,-1,-1,-1,17.351681
800,32,32,-1,-1,-1,-1,-1,17.288193
801,32,32,-1,-1,-1,-1,-1,17.317888
802,32,32,-1,-1,-1,-1,-1,17.321983
803,32,32,-1,-1,-1,-1,-1,17.311745
804,32,32,-1,-1,-1,-1,-1,17.299456
805,32,32,-1,-1,-1,-1,-1,17.261568
806,32,32,-1,-1,-1,-1,-1,17.236992
807,32,32,-1,-1,-1,-1,-1,17.238016
808,32,32,-1,-1,-1,-1,-1,17.247232
809,32,32,-1,-1,-1,-1,-1,17.23904
810,32,32,-1,-1,-1,-1,-1,17.256449
811,32,32,-1,-1,-1,-1,-1,17.274879
812,32,32,-1,-1,-1,-1,-1,17.275904
813,32,1040,-1,-1,-1,-1,-1,80.799744
814,32,32,-1,-1,-1,-1,-1,17.716225
815,32,32,-1,-1,-1,-1,-1,17.604609
816,32,32,-1,-1,-1,-1,-1,17.422337
817,32,32,-1,-1,-1,-1,-1,17.357824
818,32,32,-1,-1,-1,-1,-1,17.313791
819,32,32,-1,-1,-1,-1,-1,17.324032
820,32,32,-1,-1,-1,-1,-1,17.321983
821,32,32,-1,-1,-1,-1,-1,17.337343
822,32,32,-1,-1,-1,-1,-1,17.265663
823,32,32,-1,-1,-1,-1,-1,17.283072
824,32,32,-1,-1,-1,-1,-1,17.283072
825,32,32,-1,-1,-1,-1,-1,17.26976
826,32,32,-1,-1,-1,-1,-1,17.282047
827,32,32,-1,-1,-1,-1,-1,17.278976
828,32,32,-1,-1,-1,-1,-1,17.288193
829,32,32,-1,-1,-1,-1,-1,17.30048
830,32,32,-1,-1,-1,-1,-1,17.294336
831,32,32,-1,-1,-1,-1,-1,17.305599
832,32,32,-1,-1,-1,-1,-1,17.273855
833,32,32,-1,-1,-1,-1,-1,17.296385
834,32,32,-1,-1,-1,-1,-1,17.317888
835,32,32,-1,-1,-1,-1,-1,17.301504
836,32,32,-1,-1,-1,-1,-1,17.305599
837,32,32,-1,-1,-1,-1,-1,17.319937
838,32,32,-1,-1,-1,-1,-1,17.298431
839,32,32,-1,-1,-1,-1,-1,17.311745
840,32,32,-1,-1,-1,-1,-1,17.319937
841,32,32,-1,-1,-1,-1,-1,17.319937
842,32,32,-1,-1,-1,-1,-1,17.32608
843,32,32,-1,-1,-1,-1,-1,17.333248
844,32,32,-1,-1,-1,-1,-1,17.321983
845,32,32,-1,-1,-1,-1,-1,17.335297
846,32,32,-1,-1,-1,-1,-1,17.330175
847,32,32,-1,-1,-1,-1,-1,17.358849
848,32,32,-1,-1,-1,-1,-1,17.319937
849,32,32,-1,-1,-1,-1,-1,17.354752
850,32,32,-1,-1,-1,-1,-1,17.351681
851,32,32,-1,-1,-1,-1,-1,17.347584
852,32,32,-1,-1,-1,-1,-1,17.351681
853,32,32,-1,-1,-1,-1,-1,17.342464
854,32,32,-1,-1,-1,-1,-1,17.352703
855,32,32,-1,-1,-1,-1,-1,17.34656
856,32,32,-1,-1,-1,-1,-1,17.363968
857,32,32,-1,-1,-1,-1,-1,17.362944
858,32,1040,-1,-1,-1,-1,-1,80.200706
859,32,32,-1,-1,-1,-1,-1,17.723392
860,32,32,-1,-1,-1,-1,-1,17.575935
861,32,32,-1,-1,-1,-1,-1,17.502209
862,32,32,-1,-1,-1,-1,-1,17.475584
863,32,32,-1,-1,-1,-1,-1,17.425407
864,32,32,-1,-1,-1,-1,-1,17.420288
865,32,1040,-1,-1,-1,-1,-1,81.574913
866,32,32,-1,-1,-1,-1,-1,17.874945
867,32,32,-1,-1,-1,-1,-1,17.631231
868,32,2048,-1,-1,-1,-1,-1,137.445374
869,32,32,-1,-1,-1,-1,-1,17.853439
870,32,2048,-1,-1,-1,-1,-1,137.830399
871,32,32,-1,-1,-1,-1,-1,17.744896
872,32,32,-1,-1,-1,-1,-1,17.626112
873,32,32,-1,-1,-1,-1,-1,17.486849
874,32,32,-1,-1,-1,-1,-1,17.434624
875,32,1040,-1,-1,-1,-1,-1,80.939011
876,32,1040,-1,-1,-1,-1,-1,83.654655
877,32,32,-1,-1,-1,-1,-1,17.713152
878,32,1039,-1,-1,-1,-1,-1,81.933311
879,32,1040,-1,-1,-1,-1,-1,83.472382
880,32,1040,-1,-1,-1,-1,-1,82.873344
881,32,32,-1,-1,-1,-1,-1,17.741823
882,32,32,-1,-1,-1,-1,-1,17.607679
883,32,32,-1,-1,-1,-1,-1,17.497087
884,32,32,-1,-1,-1,-1,-1,17.419264
885,32,32,-1,-1,-1,-1,-1,17.364992
886,32,32,-1,-1,-1,-1,-1,17.38752
887,32,1040,-1,-1,-1,-1,-1,80.56115
888,32,1039,-1,-1,-1,-1,-1,82.740227
889,32,1039,-1,-1,-1,-1,-1,82.782211
890,32,32,-1,-1,-1,-1,-1,17.705984
891,32,2048,-1,-1,-1,-1,-1,138.600449
892,32,32,-1,-1,-1,-1,-1,17.772545
893,32,3056,-1,-1,-1,-1,-1,201.678848
894,32,32,-1,-1,-1,-1,-1,17.771521
895,32,32,-1,-1,-1,-1,-1,17.613825
896,32,32,-1,-1,-1,-1,-1,17.467392
897,32,1040,-1,-1,-1,-1,-1,81.226753
898,32,1040,-1,-1,-1,-1,-1,83.192833
899,32,32,-1,-1,-1,-1,-1,17.653761
900,32,1039,-1,-1,-1,-1,-1,81.508354
901,32,32,-1,-1,-1,-1,-1,17.665024
902,32,32,-1,-1,-1,-1,-1,17.491968
903,32,32,-1,-1,-1,-1,-1,17.405952
904,32,32,-1,-1,-1,-1,-1,17.347584
905,32,32,-1,-1,-1,-1,-1,17.3568
906,32,1040,-1,-1,-1,-1,-1,81.114113
907,32,32,-1,-1,-1,-1,-1,17.722368
908,32,1040,-1,-1,-1,-1,-1,81.757187
909,32,1039,-1,-1,-1,-1,-1,82.823166
910,32,32,-1,-1,-1,-1,-1,17.747969
911,32,2048,-1,-1,-1,-1,-1,137.627655
912,32,32,-1,-1,-1,-1,-1,17.739777
913,32,32,-1,-1,-1,-1,-1,17.542145
914,32,32,-1,-1,-1,-1,-1,17.41824
915,32,32,-1,-1,-1,-1,-1,17.314816
916,32,32,-1,-1,-1,-1,-1,17.334272
917,32,32,-1,-1,-1,-1,-1,17.348608
918,32,32,-1,-1,-1,-1,-1,17.359873
919,32,32,-1,-1,-1,-1,-1,17.377279
920,32,32,-1,-1,-1,-1,-1,17.323008
921,32,2032,-1,-1,-1,-1,-1,136.718338
922,32,32,-1,-1,-1,-1,-1,17.840128
923,32,32,-1,-1,-1,-1,-1,17.662975
924,32,1040,-1,-1,-1,-1,-1,81.468414
925,32,32,-1,-1,-1,-1,-1,17.709057
926,32,32,-1,-1,-1,-1,-1,17.569792
927,32,32,-1,-1,-1,-1,-1,17.434624
928,32,32,-1,-1,-1,-1,-1,17.369087
929,32,32,-1,-1,-1,-1,-1,17.327105
930,32,32,-1,-1,-1,-1,-1,17.332224
931,32,32,-1,-1,-1,-1,-1,17.304577
932,32,1040,-1,-1,-1,-1,-1,80.987137
933,32,32,-1,-1,-1,-1,-1,17.734655
934,32,32,-1,-1,-1,-1,-1,17.485825
935,32,32,-1,-1,-1,-1,-1,17.393663
936,32,32,-1,-1,-1,-1,-1,17.319937
937,32,1040,-1,-1,-1,-1,-1,80.947197
938,32,32,-1,-1,-1,-1,-1,17.728512
939,32,32,-1,-1,-1,-1,-1,17.568768
940,32,32,-1,-1,-1,-1,-1,17.425407
941,32,32,-1,-1,-1,-1,-1,17.355776
942,32,32,-1,-1,-1,-1,-1,17.31072
943,32,32,-1,-1,-1,-1,-1,17.323008
944,32,32,-1,-1,-1,-1,-1,17.328129
945,32,32,-1,-1,-1,-1,-1,17.338367
946,32,32,-1,-1,-1,-1,-1,17.280001
947,32,32,-1,-1,-1,-1,-1,17.261568
948,32,32,-1,-1,-1,-1,-1,17.288193
949,32,32,-1,-1,-1,-1,-1,17.290239
950,32,32,-1,-1,-1,-1,-1,17.275904
951,32,32,-1,-1,-1,-1,-1,17.294336
952,32,32,-1,-1,-1,-1,-1,17.290239
953,32,32,-1,-1,-1,-1,-1,17.294336
954,32,32,-1,-1,-1,-1,-1,17.31584
955,32,32,-1,-1,-1,-1,-1,17.32608
956,32,32,-1,-1,-1,-1,-1,17.306623
957,32,32,-1,-1,-1,-1,-1,17.31072
958,32,32,-1,-1,-1,-1,-1,17.31072
959,32,32,-1,-1,-1,-1,-1,17.309696
960,32,32,-1,-1,-1,-1,-1,17.304577
961,32,32,-1,-1,-1,-1,-1,17.31584
962,32,32,-1,-1,-1,-1,-1,17.325056
963,32,32,-1,-1,-1,-1,-1,17.312769
964,32,32,-1,-1,-1,-1,-1,17.319937
965,32,32,-1,-1,-1,-1,-1,17.316864
966,32,32,-1,-1,-1,-1,-1,17.333248
967,32,32,-1,-1,-1,-1,-1,17.312769
968,32,32,-1,-1,-1,-1,-1,17.302528
969,32,32,-1,-1,-1,-1,-1,17.336321
970,32,32,-1,-1,-1,-1,-1,17.327105
971,32,32,-1,-1,-1,-1,-1,17.336321
972,32,32,-1,-1,-1,-1,-1,17.335297
973,32,32,-1,-1,-1,-1,-1,17.344513
974,32,32,-1,-1,-1,-1,-1,17.34656
975,32,32,-1,-1,-1,-1,-1,17.357824
976,32,32,-1,-1,-1,-1,-1,17.343489
977,32,32,-1,-1,-1,-1,-1,17.353727
978,32,32,-1,-1,-1,-1,-1,17.351681
979,32,32,-1,-1,-1,-1,-1,17.34144
980,32,32,-1,-1,-1,-1,-1,17.358849
981,32,1040,-1,-1,-1,-1,-1,80.413696
982,32,2048,-1,-1,-1,-1,-1,138.730499
983,32,32,-1,-1,-1,-1,-1,17.780737
984,32,1040,-1,-1,-1,-1,-1,82.04493
985,32,32,-1,-1,-1,-1,-1,17.754112
986,32,32,-1,-1,-1,-1,-1,17.629185
987,32,32,-1,-1,-1,-1,-1,17.504255
988,32,32,-1,-1,-1,-1,-1,17.424383
989,32,32,-1,-1,-1,-1,-1,17.394688
990,32,32,-1,-1,-1,-1,-1,17.394688
991,32,2048,-1,-1,-1,-1,-1,137.524231
992,32,32,-1,-1,-1,-1,-1,17.864704
993,32,32,-1,-1,-1,-1,-1,17.624063
994,32,1040,-1,-1,-1,-1,-1,80.807938
995,32,32,-1,-1,-1,-1,-1,17.726463
996,32,32,-1,-1,-1,-1,-1,17.616896
997,32,32,-1,-1,-1,-1,-1,17.456127
998,32,1040,-1,-1,-1,-1,-1,81.168381
999,32,32,-1,-1,-1,-1,-1,17.794048
1000,32,32,-1,-1,-1,-1,-1,17.646591
1001,32,32,-1,-1,-1,-1,-1,17.495041
1002,32,2048,-1,-1,-1,-1,-1,137.272324
1003,32,1040,-1,-1,-1,-1,-1,83.990524
1004,32,32,-1,-1,-1,-1,-1,17.732609
1005,32,1040,-1,-1,-1,-1,-1,81.902596
1006,32,1040,-1,-1,-1,-1,-1,83.718147
1007,32,1040,-1,-1,-1,-1,-1,82.73613
1008,32,32,-1,-1,-1,-1,-1,17.707008
1009,32,1040,-1,-1,-1,-1,-1,81.944572
1010,32,32,-1,-1,-1,-1,-1,17.77664
1011,32,32,-1,-1,-1,-1,-1,17.593344
1012,32,32,-1,-1,-1,-1,-1,17.462273
1013,32,1040,-1,-1,-1,-1,-1,81.19706
1014,32,1040,-1,-1,-1,-1,-1,82.832382
1015,32,32,-1,-1,-1,-1,-1,17.688576
1016,32,32,-1,-1,-1,-1,-1,17.562624
1017,32,32,-1,-1,-1,-1,-1,17.449984
1018,32,32,-1,-1,-1,-1,-1,17.380352
1019,32,32,-1,-1,-1,-1,-1,17.368065
1020,32,32,-1,-1,-1,-1,-1,17.358849
1021,32,1040,-1,-1,-1,-1,-1,80.438271
1022,32,32,-1,-1,-1,-1,-1,17.709057
1023,32,32,-1,-1,-1,-1,-1,17.529856
1024,32,32,-1,-1,-1,-1,-1,17.392639
1025,32,1040,-1,-1,-1,-1,-1,80.842751
1026,32,1039,-1,-1,-1,-1,-1,83.792892
1027,32,3056,-1,-1,-1,-1,-1,203.78624
1028,32,32,-1,-1,-1,-1,-1,17.756161
1029,32,32,-1,-1,-1,-1,-1,17.569792
1030,32,32,-1,-1,-1,-1,-1,17.435648
1031,32,1040,-1,-1,-1,-1,-1,81.007614
1032,32,32,-1,-1,-1,-1,-1,17.725439
1033,32,32,-1,-1,-1,-1,-1,17.53088
1034,32,1040,-1,-1,-1,-1,-1,81.184769
1035,32,1039,-1,-1,-1,-1,-1,83.656708
1036,32,32,-1,-1,-1,-1,-1,17.660929
1037,32,32,-1,-1,-1,-1,-1,17.47456
1038,32,32,-1,-1,-1,-1,-1,17.349632
1039,32,32,-1,-1,-1,-1,-1,17.323008
1040,32,32,-1,-1,-1,-1,-1,17.316864
1041,32,32,-1,-1,-1,-1,-1,17.32608
1042,32,32,-1,-1,-1,-1,-1,17.349632
1043,32,32,-1,-1,-1,-1,-1,17.297407
1044,32,1040,-1,-1,-1,-1,-1,80.583679
1045,32,1040,-1,-1,-1,-1,-1,83.563522
1046,32,32,-1,-1,-1,-1,-1,17.763329
1047,32,32,-1,-1,-1,-1,-1,17.594368
1048,32,32,-1,-1,-1,-1,-1,17.431553
1049,32,32,-1,-1,-1,-1,-1,17.370111
1050,32,32,-1,-1,-1,-1,-1,17.329151
1051,32,32,-1,-1,-1,-1,-1,17.332224
1052,32,32,-1,-1,-1,-1,-1,17.351681
1053,32,1040,-1,-1,-1,-1,-1,80.820221
1054,32,32,-1,-1,-1,-1,-1,17.756161
1055,32,32,-1,-1,-1,-1,-1,17.509377
1056,32,1040,-1,-1,-1,-1,-1,80.915459
1057,32,32,-1,-1,-1,-1,-1,17.684481
1058,32,32,-1,-1,-1,-1,-1,17.51552
1059,32,1040,-1,-1,-1,-1,-1,81.193985
1060,32,32,-1,-1,-1,-1,-1,17.780737
1061,32,32,-1,-1,-1,-1,-1,17.551359
1062,32,32,-1,-1,-1,-1,-1,17.42848
1063,32,32,-1,-1,-1,-1,-1,17.351681
1064,32,32,-1,-1,-1,-1,-1,17.34656
1065,32,32,-1,-1,-1,-1,-1,17.316864
1066,32,32,-1,-1,-1,-1,-1,17.34656
1067,32,32,-1,-1,-1,-1,-1,17.329151
1068,32,32,-1,-1,-1,-1,-1,17.292288
1069,32,32,-1,-1,-1,-1,-1,17.318913
1070,32,32,-1,-1,-1,-1,-1,17.311745
1071,32,32,-1,-1,-1,-1,-1,17.313791
1072,32,32,-1,-1,-1,-1,-1,17.327105
1073,32,32,-1,-1,-1,-1,-1,17.325056
1074,32,32,-1,-1,-1,-1,-1,17.323008
1075,32,32,-1,-1,-1,-1,-1,17.319937
1076,32,32,-1,-1,-1,-1,-1,17.312769
1077,32,32,-1,-1,-1,-1,-1,17.317888
1078,32,1040,-1,-1,-1,-1,-1,80.852989
1079,32,32,-1,-1,-1,-1,-1,17.756161
1080,32,32,-1,-1,-1,-1,-1,17.589249
1081,32,32,-1,-1,-1,-1,-1,17.451008
1082,32,32,-1,-1,-1,-1,-1,17.359873
1083,32,32,-1,-1,-1,-1,-1,17.370111
1084,32,32,-1,-1,-1,-1,-1,17.358849
1085,32,32,-1,-1,-1,-1,-1,17.363968
1086,32,32,-1,-1,-1,-1,-1,17.330175
1087,32,32,-1,-1,-1,-1,-1,17.317888
1088,32,32,-1,-1,-1,-1,-1,17.320959
1089,32,32,-1,-1,-1,-1,-1,17.333248
1090,32,32,-1,-1,-1,-1,-1,17.3312
1091,32,32,-1,-1,-1,-1,-1,17.324032
1092,32,32,-1,-1,-1,-1,-1,17.327105
1093,32,32,-1,-1,-1,-1,-1,17.340416
1094,32,1040,-1,-1,-1,-1,-1,80.464897
1095,32,32,-1,-1,-1,-1,-1,17.759232
1096,32,32,-1,-1,-1,-1,-1,17.615871
1097,32,32,-1,-1,-1,-1,-1,17.475584
1098,32,32,-1,-1,-1,-1,-1,17.437696
1099,32,32,-1,-1,-1,-1,-1,17.408001
1100,32,32,-1,-1,-1,-1,-1,17.405952
1101,32,32,-1,-1,-1,-1,-1,17.415169
1102,32,32,-1,-1,-1,-1,-1,17.39776
1103,32,32,-1,-1,-1,-1,-1,17.359873
1104,32,32,-1,-1,-1,-1,-1,17.362944
1105,32,32,-1,-1,-1,-1,-1,17.381376
1106,32,32,-1,-1,-1,-1,-1,17.3568
1107,32,32,-1,-1,-1,-1,-1,17.369087
1108,32,1040,-1,-1,-1,-1,-1,80.390144
1109,32,2047,-1,-1,-1,-1,-1,138.577927
1110,32,32,-1,-1,-1,-1,-1,17.803265
1111,32,32,-1,-1,-1,-1,-1,17.686527
1112,32,2047,-1,-1,-1,-1,-1,137.0327
1113,32,32,-1,-1,-1,-1,-1,17.843201
1114,32,32,-1,-1,-1,-1,-1,17.598463
1115,32,1040,-1,-1,-1,-1,-1,81.549309
1116,32,32,-1,-1,-1,-1,-1,17.801216
1117,32,1040,-1,-1,-1,-1,-1,81.860611
1118,32,32,-1,-1,-1,-1,-1,17.76128
1119,32,32,-1,-1,-1,-1,-1,17.531904
1120,32,1008,-1,-1,-1,-1,-1,75.889664
1121,32,1039,-1,-1,-1,-1,-1,83.122177
1122,32,32,-1,-1,-1,-1,-1,17.772545
1123,32,32,-1,-1,-1,-1,-1,17.572865
1124,32,32,-1,-1,-1,-1,-1,17.473536
1125,32,32,-1,-1,-1,-1,-1,17.40288
1126,32,32,-1,-1,-1,-1,-1,17.400831
1127,32,32,-1,-1,-1,-1,-1,17.37216
1128,32,1040,-1,-1,-1,-1,-1,80.899071
1129,32,32,-1,-1,-1,-1,-1,17.747969
1130,32,1040,-1,-1,-1,-1,-1,81.869827
1131,32,32,-1,-1,-1,-1,-1,17.759232
1132,32,32,-1,-1,-1,-1,-1,17.60256
1133,32,1040,-1,-1,-1,-1,-1,81.284096
1134,32,1039,-1,-1,-1,-1,-1,83.778557
1135,32,1040,-1,-1,-1,-1,-1,82.77504
1136,32,32,-1,-1,-1,-1,-1,17.713152
1137,32,32,-1,-1,-1,-1,-1,17.601536
1138,32,32,-1,-1,-1,-1,-1,17.477633
1139,32,32,-1,-1,-1,-1,-1,17.390593
1140,32,32,-1,-1,-1,-1,-1,17.377279
1141,32,32,-1,-1,-1,-1,-1,17.373184
1142,32,32,-1,-1,-1,-1,-1,17.385471
1143,32,32,-1,-1,-1,-1,-1,17.38752
1144,32,32,-1,-1,-1,-1,-1,17.359873
1145,32,1040,-1,-1,-1,-1,-1,81.073151
1146,32,32,-1,-1,-1,-1,-1,17.827841
1147,32,32,-1,-1,-1,-1,-1,17.627136
1148,32,32,-1,-1,-1,-1,-1,17.473536
1149,32,32,-1,-1,-1,-1,-1,17.414145
1150,32,32,-1,-1,-1,-1,-1,17.378304
1151,32,1040,-1,-1,-1,-1,-1,80.720894
1152,32,1040,-1,-1,-1,-1,-1,83.663872
1153,32,32,-1,-1,-1,-1,-1,17.820671
1154,32,32,-1,-1,-1,-1,-1,17.673216
1155,32,32,-1,-1,-1,-1,-1,17.532928
1156,32,32,-1,-1,-1,-1,-1,17.438721
1157,32,32,-1,-1,-1,-1,-1,17.420288
1158,32,1040,-1,-1,-1,-1,-1,81.116158
1159,32,3056,-1,-1,-1,-1,-1,202.70694
1160,32,2048,-1,-1,-1,-1,-1,140.251129
1161,32,32,-1,-1,-1,-1,-1,17.765375
1162,32,32,-1,-1,-1,-1,-1,17.581057
1163,32,32,-1,-1,-1,-1,-1,17.467392
1164,32,32,-1,-1,-1,-1,-1,17.385471
1165,32,2048,-1,-1,-1,-1,-1,137.575424
1166,32,32,-1,-1,-1,-1,-1,17.819649
1167,32,32,-1,-1,-1,-1,-1,17.610752
1168,32,32,-1,-1,-1,-1,-1,17.478657
1169,32,32,-1,-1,-1,-1,-1,17.378304
1170,32,32,-1,-1,-1,-1,-1,17.317888
1171,32,1040,-1,-1,-1,-1,-1,80.642052
1172,32,32,-1,-1,-1,-1,-1,17.657856
1173,32,32,-1,-1,-1,-1,-1,17.528831
1174,32,32,-1,-1,-1,-1,-1,17.445889
1175,32,32,-1,-1,-1,-1,-1,17.390593
1176,32,32,-1,-1,-1,-1,-1,17.344513
1177,32,32,-1,-1,-1,-1,-1,17.353727
1178,32,32,-1,-1,-1,-1,-1,17.358849
1179,32,32,-1,-1,-1,-1,-1,17.349632
1180,32,32,-1,-1,-1,-1,-1,17.292288
1181,32,1040,-1,-1,-1,-1,-1,80.593918
1182,32,32,-1,-1,-1,-1,-1,17.780737
1183,32,32,-1,-1,-1,-1,-1,17.664
1184,32,32,-1,-1,-1,-1,-1,17.508352
1185,32,32,-1,-1,-1,-1,-1,17.412096
1186,32,32,-1,-1,-1,-1,-1,17.369087
1187,32,1040,-1,-1,-1,-1,-1,80.917503
1188,32,32,-1,-1,-1,-1,-1,17.759232
1189,32,32,-1,-1,-1,-1,-1,17.580032
1190,32,32,-1,-1,-1,-1,-1,17.468416
1191,32,32,-1,-1,-1,-1,-1,17.435648
1192,32,32,-1,-1,-1,-1,-1,17.39776
1193,32,32,-1,-1,-1,-1,-1,17.398785
1194,32,32,-1,-1,-1,-1,-1,17.399809
1195,32,1039,-1,-1,-1,-1,-1,81.273857
1196,32,32,-1,-1,-1,-1,-1,17.787905
1197,32,1040,-1,-1,-1,-1,-1,82.052094
1198,32,32,-1,-1,-1,-1,-1,17.712128
1199,32,1040,-1,-1,-1,-1,-1,82.169853
1200,32,32,-1,-1,-1,-1,-1,17.795073
1201,32,32,-1,-1,-1,-1,-1,17.581057
1202,32,32,-1,-1,-1,-1,-1,17.485825
1203,32,32,-1,-1,-1,-1,-1,17.408001
1204,32,32,-1,-1,-1,-1,-1,17.371136
1205,32,32,-1,-1,-1,-1,-1,17.358849
1206,32,32,-1,-1,-1,-1,-1,17.357824
1207,32,32,-1,-1,-1,-1,-1,17.37216
1208,32,32,-1,-1,-1,-1,-1,17.306623
1209,32,32,-1,-1,-1,-1,-1,17.325056
1210,32,32,-1,-1,-1,-1,-1,17.311745
1211,32,32,-1,-1,-1,-1,-1,17.337343
1212,32,32,-1,-1,-1,-1,-1,17.314816
1213,32,32,-1,-1,-1,-1,-1,17.325056
1214,32,32,-1,-1,-1,-1,-1,17.318913
1215,32,32,-1,-1,-1,-1,-1,17.324032
1216,32,32,-1,-1,-1,-1,-1,17.318913
1217,32,32,-1,-1,-1,-1,-1,17.30048
1218,32,32,-1,-1,-1,-1,-1,17.325056
1219,32,32,-1,-1,-1,-1,-1,17.34656
1220,32,32,-1,-1,-1,-1,-1,17.3312
1221,32,32,-1,-1,-1,-1,-1,17.334272
1222,32,32,-1,-1,-1,-1,-1,17.349632
1223,32,32,-1,-1,-1,-1,-1,17.343489
1224,32,32,-1,-1,-1,-1,-1,17.357824
1225,32,32,-1,-1,-1,-1,-1,17.359873
1226,32,32,-1,-1,-1,-1,-1,17.352703
1227,32,32,-1,-1,-1,-1,-1,17.360895
1228,32,32,-1,-1,-1,-1,-1,17.369087
1229,32,32,-1,-1,-1,-1,-1,17.37216
1230,32,32,-1,-1,-1,-1,-1,17.350657
1231,32,32,-1,-1,-1,-1,-1,17.373184
1232,32,1039,-1,-1,-1,-1,-1,80.498688
1233,32,32,-1,-1,-1,-1,-1,17.851393
1234,32,1040,-1,-1,-1,-1,-1,82.009087
1235,32,2048,-1,-1,-1,-1,-1,139.277313
1236,32,32,-1,-1,-1,-1,-1,17.831936
1237,32,32,-1,-1,-1,-1,-1,17.64352
1238,32,32,-1,-1,-1,-1,-1,17.539072
1239,32,1040,-1,-1,-1,-1,-1,81.336319
1240,32,32,-1,-1,-1,-1,-1,17.809408
1241,32,1040,-1,-1,-1,-1,-1,82.176003
1242,32,1040,-1,-1,-1,-1,-1,83.67411
1243,32,1039,-1,-1,-1,-1,-1,83.296257
1244,32,32,-1,-1,-1,-1,-1,17.824768
1245,32,32,-1,-1,-1,-1,-1,17.60256
1246,32,32,-1,-1,-1,-1,-1,17.472511
1247,32,32,-1,-1,-1,-1,-1,17.42848
1248,32,32,-1,-1,-1,-1,-1,17.412096
1249,32,1039,-1,-1,-1,-1,-1,81.373184
1250,32,32,-1,-1,-1,-1,-1,17.736704
1251,32,1040,-1,-1,-1,-1,-1,81.777664
1252,32,32,-1,-1,-1,-1,-1,17.747969
1253,32,32,-1,-1,-1,-1,-1,17.627136
1254,32,32,-1,-1,-1,-1,-1,17.494017
1255,32,32,-1,-1,-1,-1,-1,17.439745
1256,32,32,-1,-1,-1,-1,-1,17.393663
1257,32,32,-1,-1,-1,-1,-1,17.403904
1258,32,1040,-1,-1,-1,-1,-1,80.79155
1259,32,1040,-1,-1,-1,-1,-1,83.631104
1260,32,1040,-1,-1,-1,-1,-1,83.796989
1261,32,1040,-1,-1,-1,-1,-1,83.165184
1262,32,32,-1,-1,-1,-1,-1,17.694719
1263,32,1040,-1,-1,-1,-1,-1,81.771523
1264,32,32,-1,-1,-1,-1,-1,17.76128
1265,32,32,-1,-1,-1,-1,-1,17.609728
1266,32,1040,-1,-1,-1,-1,-1,81.359871
1267,32,32,-1,-1,-1,-1,-1,17.722368
1268,32,32,-1,-1,-1,-1,-1,17.545216
1269,32,32,-1,-1,-1,-1,-1,17.451008
1270,32,32,-1,-1,-1,-1,-1,17.425407
1271,32,1040,-1,-1,-1,-1,-1,81.273857
1272,32,1040,-1,-1,-1,-1,-1,83.485695
1273,32,32,-1,-1,-1,-1,-1,17.664
1274,32,32,-1,-1,-1,-1,-1,17.552383
1275,32,32,-1,-1,-1,-1,-1,17.458176
1276,32,32,-1,-1,-1,-1,-1,17.414145
1277,32,32,-1,-1,-1,-1,-1,17.385471
1278,32,1040,-1,-1,-1,-1,-1,80.716797
1279,32,32,-1,-1,-1,-1,-1,17.778688
1280,32,1040,-1,-1,-1,-1,-1,82.268158
1281,32,32,-1,-1,-1,-1,-1,17.80224
1282,32,32,-1,-1,-1,-1,-1,17.522688
1283,32,32,-1,-1,-1,-1,-1,17.419264
1284,32,32,-1,-1,-1,-1,-1,17.367041
1285,32,1040,-1,-1,-1,-1,-1,81.131523
1286,32,32,-1,-1,-1,-1,-1,17.770496
1287,32,1040,-1,-1,-1,-1,-1,82.164734
1288,32,32,-1,-1,-1,-1,-1,17.814528
1289,32,1040,-1,-1,-1,-1,-1,82.408447
1290,32,32,-1,-1,-1,-1,-1,17.788927
1291,32,32,-1,-1,-1,-1,-1,17.629185
1292,32,32,-1,-1,-1,-1,-1,17.47456
1293,32,32,-1,-1,-1,-1,-1,17.420288
1294,32,32,-1,-1,-1,-1,-1,17.379328
1295,32,2048,-1,-1,-1,-1,-1,137.288712
1296,32,32,-1,-1,-1,-1,-1,17.828863
1297,32,32,-1,-1,-1,-1,-1,17.589249
1298,32,32,-1,-1,-1,-1,-1,17.46944
1299,32,32,-1,-1,-1,-1,-1,17.427456
1300,32,32,-1,-1,-1,-1,-1,17.357824
1301,32,32,-1,-1,-1,-1,-1,17.344513
1302,32,32,-1,-1,-1,-1,-1,17.352703
1303,32,32,-1,-1,-1,-1,-1,17.380352
1304,32,1040,-1,-1,-1,-1,-1,80.535553
1305,32,32,-1,-1,-1,-1,-1,17.740801
1306,32,32,-1,-1,-1,-1,-1,17.594368
1307,32,32,-1,-1,-1,-1,-1,17.456127
1308,32,32,-1,-1,-1,-1,-1,17.425407
1309,32,32,-1,-1,-1,-1,-1,17.376257
1310,32,1040,-1,-1,-1,-1,-1,81.038338
1311,32,32,-1,-1,-1,-1,-1,17.799168
1312,32,1040,-1,-1,-1,-1,-1,82.151421
1313,32,32,-1,-1,-1,-1,-1,17.805311
1314,32,32,-1,-1,-1,-1,-1,17.539072
1315,32,32,-1,-1,-1,-1,-1,17.405952
1316,32,32,-1,-1,-1,-1,-1,17.32608
1317,32,32,-1,-1,-1,-1,-1,17.355776
1318,32,1040,-1,-1,-1,-1,-1,80.989182
1319,32,32,-1,-1,-1,-1,-1,17.792
1320,32,32,-1,-1,-1,-1,-1,17.622017
1321,32,32,-1,-1,-1,-1,-1,17.478657
1322,32,1040,-1,-1,-1,-1,-1,81.473534
1323,32,992,-1,-1,-1,-1,-1,78.202881
1324,32,32,-1,-1,-1,-1,-1,17.666048
1325,32,32,-1,-1,-1,-1,-1,17.533953
1326,32,32,-1,-1,-1,-1,-1,17.449984
1327,32,32,-1,-1,-1,-1,-1,17.41312
1328,32,1040,-1,-1,-1,-1,-1,81.465347
1329,32,32,-1,-1,-1,-1,-1,17.767424
1330,32,32,-1,-1,-1,-1,-1,17.519615
1331,32,32,-1,-1,-1,-1,-1,17.426432
1332,32,32,-1,-1,-1,-1,-1,17.340416
1333,32,32,-1,-1,-1,-1,-1,17.345535
1334,32,32,-1,-1,-1,-1,-1,17.355776
1335,32,32,-1,-1,-1,-1,-1,17.386496
1336,32,32,-1,-1,-1,-1,-1,17.371136
1337,32,32,-1,-1,-1,-1,-1,17.32608
1338,32,32,-1,-1,-1,-1,-1,17.334272
1339,32,32,-1,-1,-1,-1,-1,17.337343
1340,32,32,-1,-1,-1,-1,-1,17.31072
1341,32,32,-1,-1,-1,-1,-1,17.3312
1342,32,32,-1,-1,-1,-1,-1,17.323008
1343,32,32,-1,-1,-1,-1,-1,17.31072
1344,32,32,-1,-1,-1,-1,-1,17.323008
1345,32,32,-1,-1,-1,-1,-1,17.320959
1346,32,32,-1,-1,-1,-1,-1,17.332224
1347,32,32,-1,-1,-1,-1,-1,17.343489
1348,32,32,-1,-1,-1,-1,-1,17.316864
1349,32,32,-1,-1,-1,-1,-1,17.344513
1350,32,32,-1,-1,-1,-1,-1,17.336321
1351,32,32,-1,-1,-1,-1,-1,17.376257
1352,32,32,-1,-1,-1,-1,-1,17.3568
1353,32,32,-1,-1,-1,-1,-1,17.368065
1354,32,1040,-1,-1,-1,-1,-1,81.289215
1355,32,32,-1,-1,-1,-1,-1,17.835009
1356,32,32,-1,-1,-1,-1,-1,17.638399
1357,32,32,-1,-1,-1,-1,-1,17.508352
1358,32,32,-1,-1,-1,-1,-1,17.451008
1359,32,1040,-1,-1,-1,-1,-1,81.162239
1360,32,32,-1,-1,-1,-1,-1,17.783808
1361,32,32,-1,-1,-1,-1,-1,17.640448
1362,32,32,-1,-1,-1,-1,-1,17.541121
1363,32,32,-1,-1,-1,-1,-1,17.479679
1364,32,1040,-1,-1,-1,-1,-1,81.625092
1365,32,32,-1,-1,-1,-1,-1,17.864704
1366,32,32,-1,-1,-1,-1,-1,17.64352
1367,32,32,-1,-1,-1,-1,-1,17.538048
1368,32,1040,-1,-1,-1,-1,-1,81.419266
1369,32,32,-1,-1,-1,-1,-1,17.862656
1370,32,1040,-1,-1,-1,-1,-1,81.912834
1371,32,1040,-1,-1,-1,-1,-1,83.834877
1372,32,32,-1,-1,-1,-1,-1,17.754112
1373,32,3056,-1,-1,-1,-1,-1,201.254913
1374,32,1040,-1,-1,-1,-1,-1,83.992577
1375,32,32,-1,-1,-1,-1,-1,17.731585
1376,32,32,-1,-1,-1,-1,-1,17.584127
1377,32,32,-1,-1,-1,-1,-1,17.458176
1378,32,32,-1,-1,-1,-1,-1,17.425407
1379,32,32,-1,-1,-1,-1,-1,17.38752
1380,32,1040,-1,-1,-1,-1,-1,81.257469
1381,32,1040,-1,-1,-1,-1,-1,83.414017
1382,32,1040,-1,-1,-1,-1,-1,83.153923
1383,32,32,-1,-1,-1,-1,-1,17.676289
1384,32,1040,-1,-1,-1,-1,-1,82.043907
1385,32,32,-1,-1,-1,-1,-1,17.670143
1386,32,1040,-1,-1,-1,-1,-1,82.181122
1387,32,32,-1,-1,-1,-1,-1,17.726463
1388,32,32,-1,-1,-1,-1,-1,17.54624
1389,32,32,-1,-1,-1,-1,-1,17.453056
1390,32,32,-1,-1,-1,-1,-1,17.403904
1391,32,32,-1,-1,-1,-1,-1,17.371136
1392,32,32,-1,-1,-1,-1,-1,17.360895
1393,32,1040,-1,-1,-1,-1,-1,80.654335
1394,32,32,-1,-1,-1,-1,-1,17.798143
1395,32,32,-1,-1,-1,-1,-1,17.550337
1396,32,32,-1,-1,-1,-1,-1,17.454081
1397,32,1040,-1,-1,-1,-1,-1,81.212418
1398,32,32,-1,-1,-1,-1,-1,17.795073
1399,32,1040,-1,-1,-1,-1,-1,82.042877
1400,32,32,-1,-1,-1,-1,-1,17.781759
1401,32,1040,-1,-1,-1,-1,-1,82.46067
1402,32,32,-1,-1,-1,-1,-1,17.80224
1403,32,32,-1,-1,-1,-1,-1,17.595392
1404,32,1040,-1,-1,-1,-1,-1,81.614845
1405,32,32,-1,-1,-1,-1,-1,17.798143
1406,32,1040,-1,-1,-1,-1,-1,82.304001
1407,32,32,-1,-1,-1,-1,-1,17.764353
1408,32,1040,-1,-1,-1,-1,-1,82.148354
1409,32,32,-1,-1,-1,-1,-1,17.798143
1410,32,32,-1,-1,-1,-1,-1,17.591295
1411,32,32,-1,-1,-1,-1,-1,17.447935
1412,32,32,-1,-1,-1,-1,-1,17.398785
1413,32,32,-1,-1,-1,-1,-1,17.378304
1414,32,32,-1,-1,-1,-1,-1,17.389568
1415,32,32,-1,-1,-1,-1,-1,17.374208
1416,32,32,-1,-1,-1,-1,-1,17.371136
1417,32,32,-1,-1,-1,-1,-1,17.321983
1418,32,32,-1,-1,-1,-1,-1,17.30048
1419,32,32,-1,-1,-1,-1,-1,17.342464
1420,32,1040,-1,-1,-1,-1,-1,81.173508
1421,32,32,-1,-1,-1,-1,-1,17.785856
1422,32,32,-1,-1,-1,-1,-1,17.585152
1423,32,1040,-1,-1,-1,-1,-1,81.324036
1424,32,1040,-1,-1,-1,-1,-1,84.001793
1425,32,1040,-1,-1,-1,-1,-1,83.097603
1426,32,32,-1,-1,-1,-1,-1,17.694719
1427,32,1040,-1,-1,-1,-1,-1,81.782784
1428,32,1040,-1,-1,-1,-1,-1,83.598335
1429,32,32,-1,-1,-1,-1,-1,17.738752
1430,32,32,-1,-1,-1,-1,-1,17.560575
1431,32,32,-1,-1,-1,-1,-1,17.441792
1432,32,32,-1,-1,-1,-1,-1,17.406977
1433,32,32,-1,-1,-1,-1,-1,17.343489
1434,32,32,-1,-1,-1,-1,-1,17.337343
1435,32,32,-1,-1,-1,-1,-1,17.362944
1436,32,32,-1,-1,-1,-1,-1,17.358849
1437,32,32,-1,-1,-1,-1,-1,17.334272
1438,32,32,-1,-1,-1,-1,-1,17.30048
1439,32,32,-1,-1,-1,-1,-1,17.311745
1440,32,32,-1,-1,-1,-1,-1,17.292288
1441,32,32,-1,-1,-1,-1,-1,17.298431
1442,32,32,-1,-1,-1,-1,-1,17.272833
1443,32,32,-1,-1,-1,-1,-1,17.297407
1444,32,32,-1,-1,-1,-1,-1,17.296385
1445,32,1039,-1,-1,-1,-1,-1,80.541695
1446,32,1040,-1,-1,-1,-1,-1,83.620865
1447,32,32,-1,-1,-1,-1,-1,17.729536
1448,32,32,-1,-1,-1,-1,-1,17.539072
1449,32,32,-1,-1,-1,-1,-1,17.427456
1450,32,32,-1,-1,-1,-1,-1,17.375233
1451,32,32,-1,-1,-1,-1,-1,17.374208
1452,32,1040,-1,-1,-1,-1,-1,80.984062
1453,32,1040,-1,-1,-1,-1,-1,83.458046
1454,32,32,-1,-1,-1,-1,-1,17.717249
1455,32,32,-1,-1,-1,-1,-1,17.570816
1456,32,32,-1,-1,-1,-1,-1,17.462273
1457,32,32,-1,-1,-1,-1,-1,17.396736
1458,32,32,-1,-1,-1,-1,-1,17.351681
1459,32,32,-1,-1,-1,-1,-1,17.363968
1460,32,32,-1,-1,-1,-1,-1,17.363968
1461,32,32,-1,-1,-1,-1,-1,17.347584
1462,32,32,-1,-1,-1,-1,-1,17.321983
1463,32,32,-1,-1,-1,-1,-1,17.318913
1464,32,32,-1,-1,-1,-1,-1,17.32608
1465,32,32,-1,-1,-1,-1,-1,17.34144
1466,32,32,-1,-1,-1,-1,-1,17.343489
1467,32,32,-1,-1,-1,-1,-1,17.337343
1468,32,32,-1,-1,-1,-1,-1,17.339392
1469,32,32,-1,-1,-1,-1,-1,17.3568
1470,32,32,-1,-1,-1,-1,-1,17.329151
1471,32,32,-1,-1,-1,-1,-1,17.329151
1472,32,32,-1,-1,-1,-1,-1,17.348608
1473,32,32,-1,-1,-1,-1,-1,17.343489
1474,32,32,-1,-1,-1,-1,-1,17.323008
1475,32,32,-1,-1,-1,-1,-1,17.355776
1476,32,32,-1,-1,-1,-1,-1,17.352703
1477,32,32,-1,-1,-1,-1,-1,17.343489
1478,32,32,-1,-1,-1,-1,-1,17.363968
1479,32,32,-1,-1,-1,-1,-1,17.357824
1480,32,1040,-1,-1,-1,-1,-1,80.6912
1481,32,1040,-1,-1,-1,-1,-1,83.648514
1482,32,32,-1,-1,-1,-1,-1,17.739777
1483,32,1040,-1,-1,-1,-1,-1,82.174973
1484,32,32,-1,-1,-1,-1,-1,17.752064
1485,32,32,-1,-1,-1,-1,-1,17.599487
1486,32,32,-1,-1,-1,-1,-1,17.491968
1487,32,32,-1,-1,-1,-1,-1,17.438721
1488,32,32,-1,-1,-1,-1,-1,17.398785
1489,32,32,-1,-1,-1,-1,-1,17.40288
1490,32,32,-1,-1,-1,-1,-1,17.395712
1491,32,32,-1,-1,-1,-1,-1,17.405952
1492,32,1040,-1,-1,-1,-1,-1,80.585732
1493,32,1039,-1,-1,-1,-1,-1,83.00544
1494,32,1040,-1,-1,-1,-1,-1,83.143677
1495,32,1040,-1,-1,-1,-1,-1,83.13446
1496,32,32,-1,-1,-1,-1,-1,17.727488
1497,32,32,-1,-1,-1,-1,-1,17.601536
1498,32,1040,-1,-1,-1,-1,-1,82.028542
1499,32,1040,-1,-1,-1,-1,-1,83.880959
1500,32,2048,-1,-1,-1,-1,-1,139.02951
1501,32,1040,-1,-1,-1,-1,-1,83.889153
1502,32,32,-1,-1,-1,-1,-1,17.765375
1503,32,32,-1,-1,-1,-1,-1,17.609728
1504,32,32,-1,-1,-1,-1,-1,17.478657
1505,32,32,-1,-1,-1,-1,-1,17.410048
1506,32,32,-1,-1,-1,-1,-1,17.351681
1507,32,32,-1,-1,-1,-1,-1,17.382401
1508,32,32,-1,-1,-1,-1,-1,17.379328
1509,32,32,-1,-1,-1,-1,-1,17.391617
1510,32,32,-1,-1,-1,-1,-1,17.342464
1511,32,32,-1,-1,-1,-1,-1,17.32608
1512,32,32,-1,-1,-1,-1,-1,17.319937
1513,32,32,-1,-1,-1,-1,-1,17.344513
1514,32,32,-1,-1,-1,-1,-1,17.353727
1515,32,32,-1,-1,-1,-1,-1,17.344513
1516,32,1040,-1,-1,-1,-1,-1,80.638977
1517,32,32,-1,-1,-1,-1,-1,17.77664
1518,32,2048,-1,-1,-1,-1,-1,137.774078
1519,32,32,-1,-1,-1,-1,-1,17.777664
1520,32,32,-1,-1,-1,-1,-1,17.615871
1521,32,32,-1,-1,-1,-1,-1,17.516544
1522,32,1039,-1,-1,-1,-1,-1,81.300484
1523,32,32,-1,-1,-1,-1,-1,17.785856
1524,32,1040,-1,-1,-1,-1,-1,82.115585
1525,32,32,-1,-1,-1,-1,-1,17.799168
1526,32,32,-1,-1,-1,-1,-1,17.558529
1527,32,32,-1,-1,-1,-1,-1,17.432575
1528,32,1023,-1,-1,-1,-1,-1,75.717628
1529,32,32,-1,-1,-1,-1,-1,17.697792
1530,32,1040,-1,-1,-1,-1,-1,81.969154
1531,32,32,-1,-1,-1,-1,-1,17.75104
1532,32,1040,-1,-1,-1,-1,-1,82.40435
1533,32,32,-1,-1,-1,-1,-1,17.738752
1534,32,32,-1,-1,-1,-1,-1,17.612801
1535,32,1040,-1,-1,-1,-1,-1,81.405952
1536,32,32,-1,-1,-1,-1,-1,17.73056
1537,32,1039,-1,-1,-1,-1,-1,82.304001
1538,32,32,-1,-1,-1,-1,-1,17.754112
1539,32,32,-1,-1,-1,-1,-1,17.635328
1540,32,32,-1,-1,-1,-1,-1,17.495041
1541,32,32,-1,-1,-1,-1,-1,17.398785
1542,32,32,-1,-1,-1,-1,-1,17.373184
1543,32,32,-1,-1,-1,-1,-1,17.380352
1544,32,1040,-1,-1,-1,-1,-1,81.279999
1545,32,32,-1,-1,-1,-1,-1,17.794048
1546,32,32,-1,-1,-1,-1,-1,17.523712
1547,32,1040,-1,-1,-1,-1,-1,81.449982
1548,32,1040,-1,-1,-1,-1,-1,83.919868
1549,32,1039,-1,-1,-1,-1,-1,83.08429
1550,32,32,-1,-1,-1,-1,-1,17.664
1551,32,32,-1,-1,-1,-1,-1,17.541121
1552,32,1040,-1,-1,-1,-1,-1,81.344513
1553,32,32,-1,-1,-1,-1,-1,17.719296
1554,32,32,-1,-1,-1,-1,-1,17.555456
1555,32,1040,-1,-1,-1,-1,-1,81.449982
1556,32,32,-1,-1,-1,-1,-1,17.746944
1557,32,32,-1,-1,-1,-1,-1,17.531904
1558,32,32,-1,-1,-1,-1,-1,17.456127
1559,32,32,-1,-1,-1,-1,-1,17.389568
1560,32,32,-1,-1,-1,-1,-1,17.333248
1561,32,32,-1,-1,-1,-1,-1,17.3312
1562,32,32,-1,-1,-1,-1,-1,17.333248
1563,32,32,-1,-1,-1,-1,-1,17.34656
1564,32,32,-1,-1,-1,-1,-1,17.305599
1565,32,32,-1,-1,-1,-1,-1,17.288193
1566,32,32,-1,-1,-1,-1,-1,17.286144
1567,32,32,-1,-1,-1,-1,-1,17.290239
1568,32,32,-1,-1,-1,-1,-1,17.290239
1569,32,32,-1,-1,-1,-1,-1,17.293312
1570,32,32,-1,-1,-1,-1,-1,17.306623
1571,32,32,-1,-1,-1,-1,-1,17.298431
1572,32,32,-1,-1,-1,-1,-1,17.31584
1573,32,32,-1,-1,-1,-1,-1,17.304577
1574,32,32,-1,-1,-1,-1,-1,17.327105
1575,32,1040,-1,-1,-1,-1,-1,81.088509
1576,32,1040,-1,-1,-1,-1,-1,83.684349
1577,32,1040,-1,-1,-1,-1,-1,82.989059
1578,32,1040,-1,-1,-1,-1,-1,82.806786
1579,32,32,-1,-1,-1,-1,-1,17.772545
1580,32,32,-1,-1,-1,-1,-1,17.559551
1581,32,32,-1,-1,-1,-1,-1,17.435648
1582,32,32,-1,-1,-1,-1,-1,17.368065
1583,32,32,-1,-1,-1,-1,-1,17.353727
1584,32,32,-1,-1,-1,-1,-1,17.364992
1585,32,32,-1,-1,-1,-1,-1,17.340416
1586,32,32,-1,-1,-1,-1,-1,17.369087
1587,32,32,-1,-1,-1,-1,-1,17.313791
1588,32,32,-1,-1,-1,-1,-1,17.316864
1589,32,32,-1,-1,-1,-1,-1,17.308672
1590,32,32,-1,-1,-1,-1,-1,17.317888
1591,32,32,-1,-1,-1,-1,-1,17.324032
1592,32,32,-1,-1,-1,-1,-1,17.320959
1593,32,32,-1,-1,-1,-1,-1,17.317888
1594,32,32,-1,-1,-1,-1,-1,17.321983
1595,32,32,-1,-1,-1,-1,-1,17.305599
1596,32,32,-1,-1,-1,-1,-1,17.308672
1597,32,32,-1,-1,-1,-1,-1,17.323008
1598,32,32,-1,-1,-1,-1,-1,17.323008
1599,32,32,-1,-1,-1,-1,-1,17.329151
1600,32,32,-1,-1,-1,-1,-1,17.347584
1601,32,32,-1,-1,-1,-1,-1,17.319937
1602,32,32,-1,-1,-1,-1,-1,17.342464
1603,32,32,-1,-1,-1,-1,-1,17.350657
1604,32,32,-1,-1,-1,-1,-1,17.345535
1605,32,32,-1,-1,-1,-1,-1,17.336321
1606,32,1040,-1,-1,-1,-1,-1,80.630783
1607,32,1040,-1,-1,-1,-1,-1,83.828735
1608,32,32,-1,-1,-1,-1,-1,17.736704
1609,32,32,-1,-1,-1,-1,-1,17.631231
1610,32,32,-1,-1,-1,-1,-1,17.507328
1611,32,1040,-1,-1,-1,-1,-1,81.435646
1612,32,1040,-1,-1,-1,-1,-1,83.495934
1613,32,32,-1,-1,-1,-1,-1,17.708033
1614,32,1040,-1,-1,-1,-1,-1,81.827843
1615,32,32,-1,-1,-1,-1,-1,17.708033
1616,32,1040,-1,-1,-1,-1,-1,82.316292
1617,32,32,-1,-1,-1,-1,-1,17.752064
1618,32,1040,-1,-1,-1,-1,-1,81.852417
1619,32,32,-1,-1,-1,-1,-1,17.76128
1620,32,2047,-1,-1,-1,-1,-1,138.993668
1621,32,32,-1,-1,-1,-1,-1,17.83296
1622,32,32,-1,-1,-1,-1,-1,17.657856
1623,32,1040,-1,-1,-1,-1,-1,81.289215
1624,32,32,-1,-1,-1,-1,-1,17.726463
1625,32,32,-1,-1,-1,-1,-1,17.551359
1626,32,32,-1,-1,-1,-1,-1,17.498112
1627,32,1040,-1,-1,-1,-1,-1,81.288193
1628,32,32,-1,-1,-1,-1,-1,17.780737
1629,32,32,-1,-1,-1,-1,-1,17.592319
1630,32,32,-1,-1,-1,-1,-1,17.468416
1631,32,32,-1,-1,-1,-1,-1,17.441792
1632,32,1039,-1,-1,-1,-1,-1,81.115135
1633,32,32,-1,-1,-1,-1,-1,17.769472
1634,32,32,-1,-1,-1,-1,-1,17.580032
1635,32,32,-1,-1,-1,-1,-1,17.452032
1636,32,32,-1,-1,-1,-1,-1,17.405952
1637,32,32,-1,-1,-1,-1,-1,17.391617
1638,32,32,-1,-1,-1,-1,-1,17.403904
1639,32,32,-1,-1,-1,-1,-1,17.386496
1640,32,1040,-1,-1,-1,-1,-1,80.761856
1641,32,32,-1,-1,-1,-1,-1,17.769472
1642,32,2048,-1,-1,-1,-1,-1,138.648575
1643,32,32,-1,-1,-1,-1,-1,17.836033
1644,32,1040,-1,-1,-1,-1,-1,82.30912
1645,32,32,-1,-1,-1,-1,-1,17.765375
1646,32,32,-1,-1,-1,-1,-1,17.531904
1647,32,32,-1,-1,-1,-1,-1,17.40288
1648,32,1039,-1,-1,-1,-1,-1,80.894974
1649,32,32,-1,-1,-1,-1,-1,17.783808
1650,32,32,-1,-1,-1,-1,-1,17.57696
1651,32,32,-1,-1,-1,-1,-1,17.477633
1652,32,1040,-1,-1,-1,-1,-1,81.07827
1653,32,1040,-1,-1,-1,-1,-1,83.650558
1654,32,32,-1,-1,-1,-1,-1,17.778688
1655,32,32,-1,-1,-1,-1,-1,17.565697
1656,32,32,-1,-1,-1,-1,-1,17.460224
1657,32,32,-1,-1,-1,-1,-1,17.38752
1658,32,1040,-1,-1,-1,-1,-1,81.127426
1659,32,32,-1,-1,-1,-1,-1,17.770496
1660,32,1040,-1,-1,-1,-1,-1,82.187263
1661,32,32,-1,-1,-1,-1,-1,17.742847
1662,32,32,-1,-1,-1,-1,-1,17.612801
1663,32,32,-1,-1,-1,-1,-1,17.50528
1664,32,2048,-1,-1,-1,-1,-1,137.885696
1665,32,32,-1,-1,-1,-1,-1,17.788927
1666,32,32,-1,-1,-1,-1,-1,17.563648
1667,32,1040,-1,-1,-1,-1,-1,81.57901
1668,32,32,-1,-1,-1,-1,-1,17.754112
1669,32,1040,-1,-1,-1,-1,-1,82.045952
1670,32,1040,-1,-1,-1,-1,-1,83.641342
1671,32,32,-1,-1,-1,-1,-1,17.731585
1672,32,1039,-1,-1,-1,-1,-1,82.490372
1673,32,32,-1,-1,-1,-1,-1,17.713152
1674,32,32,-1,-1,-1,-1,-1,17.570816
1675,32,32,-1,-1,-1,-1,-1,17.432575
1676,32,1040,-1,-1,-1,-1,-1,81.485825
1677,32,32,-1,-1,-1,-1,-1,17.72032
1678,32,32,-1,-1,-1,-1,-1,17.555456
1679,32,32,-1,-1,-1,-1,-1,17.436672
1680,32,32,-1,-1,-1,-1,-1,17.419264
1681,32,32,-1,-1,-1,-1,-1,17.351681
1682,32,32,-1,-1,-1,-1,-1,17.349632
1683,32,32,-1,-1,-1,-1,-1,17.343489
1684,32,32,-1,-1,-1,-1,-1,17.357824
1685,32,32,-1,-1,-1,-1,-1,17.319937
1686,32,32,-1,-1,-1,-1,-1,17.286144
1687,32,32,-1,-1,-1,-1,-1,17.288193
1688,32,32,-1,-1,-1,-1,-1,17.289215
1689,32,32,-1,-1,-1,-1,-1,17.299456
1690,32,32,-1,-1,-1,-1,-1,17.312769
1691,32,32,-1,-1,-1,-1,-1,17.301504
1692,32,32,-1,-1,-1,-1,-1,17.307648
1693,32,32,-1,-1,-1,-1,-1,17.294336
1694,32,32,-1,-1,-1,-1,-1,17.314816
1695,32,32,-1,-1,-1,-1,-1,17.291264
1696,32,32,-1,-1,-1,-1,-1,17.316864
1697,32,32,-1,-1,-1,-1,-1,17.314816
1698,32,1040,-1,-1,-1,-1,-1,81.027069
1699,32,32,-1,-1,-1,-1,-1,17.77664
1700,32,1040,-1,-1,-1,-1,-1,82.054146
1701,32,32,-1,-1,-1,-1,-1,17.695744
1702,32,32,-1,-1,-1,-1,-1,17.50528
1703,32,32,-1,-1,-1,-1,-1,17.467392
1704,32,1040,-1,-1,-1,-1,-1,81.043457
1705,32,32,-1,-1,-1,-1,-1,17.823744
1706,32,32,-1,-1,-1,-1,-1,17.554432
1707,32,32,-1,-1,-1,-1,-1,17.456127
1708,32,32,-1,-1,-1,-1,-1,17.409023
1709,32,32,-1,-1,-1,-1,-1,17.377279
1710,32,32,-1,-1,-1,-1,-1,17.40288
1711,32,32,-1,-1,-1,-1,-1,17.368065
1712,32,32,-1,-1,-1,-1,-1,17.361919
1713,32,1040,-1,-1,-1,-1,-1,80.310272
1714,32,32,-1,-1,-1,-1,-1,17.752064
1715,32,32,-1,-1,-1,-1,-1,17.598463
1716,32,32,-1,-1,-1,-1,-1,17.485825
1717,32,32,-1,-1,-1,-1,-1,17.442816
1718,32,32,-1,-1,-1,-1,-1,17.390593
1719,32,32,-1,-1,-1,-1,-1,17.417215
1720,32,32,-1,-1,-1,-1,-1,17.393663
1721,32,32,-1,-1,-1,-1,-1,17.389568
1722,32,32,-1,-1,-1,-1,-1,17.363968
1723,32,32,-1,-1,-1,-1,-1,17.342464
1724,32,32,-1,-1,-1,-1,-1,17.335297
1725,32,1039,-1,-1,-1,-1,-1,80.655357
1726,32,32,-1,-1,-1,-1,-1,17.739777
1727,32,32,-1,-1,-1,-1,-1,17.567743
1728,32,32,-1,-1,-1,-1,-1,17.516544
1729,32,32,-1,-1,-1,-1,-1,17.462273
1730,32,32,-1,-1,-1,-1,-1,17.411072
1731,32,32,-1,-1,-1,-1,-1,17.426432
1732,32,32,-1,-1,-1,-1,-1,17.419264
1733,32,32,-1,-1,-1,-1,-1,17.431553
1734,32,32,-1,-1,-1,-1,-1,17.37216
1735,32,2048,-1,-1,-1,-1,-1,137.128967
1736,32,32,-1,-1,-1,-1,-1,17.852415
1737,32,1039,-1,-1,-1,-1,-1,82.520065
1738,32,32,-1,-1,-1,-1,-1,17.757183
1739,32,32,-1,-1,-1,-1,-1,17.616896
1740,32,32,-1,-1,-1,-1,-1,17.535999
1741,32,1040,-1,-1,-1,-1,-1,81.803261
1742,32,32,-1,-1,-1,-1,-1,17.853439
1743,32,32,-1,-1,-1,-1,-1,17.583103
1744,32,32,-1,-1,-1,-1,-1,17.537024
1745,32,32,-1,-1,-1,-1,-1,17.47456
1746,32,1040,-1,-1,-1,-1,-1,81.238014
1747,32,32,-1,-1,-1,-1,-1,17.823744
1748,32,2048,-1,-1,-1,-1,-1,137.904129
1749,32,32,-1,-1,-1,-1,-1,17.898497
1750,32,32,-1,-1,-1,-1,-1,17.695744
1751,32,32,-1,-1,-1,-1,-1,17.566719
1752,32,32,-1,-1,-1,-1,-1,17.507328
1753,32,32,-1,-1,-1,-1,-1,17.455105
1754,32,32,-1,-1,-1,-1,-1,17.40288
1755,32,1040,-1,-1,-1,-1,-1,81.150978
1756,32,32,-1,-1,-1,-1,-1,17.762304
1757,32,32,-1,-1,-1,-1,-1,17.607679
1758,32,32,-1,-1,-1,-1,-1,17.520639
1759,32,32,-1,-1,-1,-1,-1,17.441792
1760,32,1040,-1,-1,-1,-1,-1,81.077248
1761,32,1040,-1,-1,-1,-1,-1,83.934212
1762,32,32,-1,-1,-1,-1,-1,17.752064
1763,32,32,-1,-1,-1,-1,-1,17.568768
1764,32,32,-1,-1,-1,-1,-1,17.44384
1765,32,2048,-1,-1,-1,-1,-1,137.247742
1766,32,32,-1,-1,-1,-1,-1,17.856512
1767,32,32,-1,-1,-1,-1,-1,17.693695
1768,32,32,-1,-1,-1,-1,-1,17.53088
1769,32,32,-1,-1,-1,-1,-1,17.422337
1770,32,32,-1,-1,-1,-1,-1,17.391617
1771,32,32,-1,-1,-1,-1,-1,17.399809
1772,32,32,-1,-1,-1,-1,-1,17.409023
1773,32,1040,-1,-1,-1,-1,-1,80.78643
1774,32,1040,-1,-1,-1,-1,-1,83.633148
1775,32,32,-1,-1,-1,-1,-1,17.711103
1776,32,32,-1,-1,-1,-1,-1,17.596416
1777,32,32,-1,-1,-1,-1,-1,17.504255
1778,32,3055,-1,-1,-1,-1,-1,200.938492
1779,32,1040,-1,-1,-1,-1,-1,84.156418
1780,32,32,-1,-1,-1,-1,-1,17.754112
1781,32,32,-1,-1,-1,-1,-1,17.574911
1782,32,32,-1,-1,-1,-1,-1,17.480703
1783,32,32,-1,-1,-1,-1,-1,17.431553
1784,32,32,-1,-1,-1,-1,-1,17.386496
1785,32,32,-1,-1,-1,-1,-1,17.379328
1786,32,1039,-1,-1,-1,-1,-1,80.995331
1787,32,32,-1,-1,-1,-1,-1,17.797119
1788,32,1040,-1,-1,-1,-1,-1,82.287613
1789,32,2048,-1,-1,-1,-1,-1,138.795013
1790,32,1039,-1,-1,-1,-1,-1,83.89325
1791,32,32,-1,-1,-1,-1,-1,17.805311
1792,32,32,-1,-1,-1,-1,-1,17.531904
1793,32,32,-1,-1,-1,-1,-1,17.427456
1794,32,32,-1,-1,-1,-1,-1,17.373184
1795,32,32,-1,-1,-1,-1,-1,17.375233
1796,32,1040,-1,-1,-1,-1,-1,81.312767
1797,32,32,-1,-1,-1,-1,-1,17.754112
1798,32,32,-1,-1,-1,-1,-1,17.565697
1799,32,32,-1,-1,-1,-1,-1,17.478657
1800,32,32,-1,-1,-1,-1,-1,17.416191
1801,32,1040,-1,-1,-1,-1,-1,81.09568
1802,32,32,-1,-1,-1,-1,-1,17.746944
1803,32,32,-1,-1,-1,-1,-1,17.582081
1804,32,32,-1,-1,-1,-1,-1,17.475584
1805,32,32,-1,-1,-1,-1,-1,17.420288
1806,32,1039,-1,-1,-1,-1,-1,81.279999
1807,32,32,-1,-1,-1,-1,-1,17.782784
1808,32,32,-1,-1,-1,-1,-1,17.574911
1809,32,32,-1,-1,-1,-1,-1,17.425407
1810,32,32,-1,-1,-1,-1,-1,17.393663
1811,32,32,-1,-1,-1,-1,-1,17.363968
1812,32,32,-1,-1,-1,-1,-1,17.375233
1813,32,32,-1,-1,-1,-1,-1,17.369087
1814,32,32,-1,-1,-1,-1,-1,17.323008
1815,32,32,-1,-1,-1,-1,-1,17.304577
1816,32,32,-1,-1,-1,-1,-1,17.306623
1817,32,32,-1,-1,-1,-1,-1,17.287169
1818,32,32,-1,-1,-1,-1,-1,17.298431
1819,32,32,-1,-1,-1,-1,-1,17.327105
1820,32,32,-1,-1,-1,-1,-1,17.307648
1821,32,32,-1,-1,-1,-1,-1,17.333248
1822,32,1040,-1,-1,-1,-1,-1,80.918526
1823,32,1040,-1,-1,-1,-1,-1,83.642365
1824,32,32,-1,-1,-1,-1,-1,17.73056
1825,32,32,-1,-1,-1,-1,-1,17.569792
1826,32,32,-1,-1,-1,-1,-1,17.480703
1827,32,1040,-1,-1,-1,-1,-1,81.112061
1828,32,1040,-1,-1,-1,-1,-1,83.454979
1829,32,32,-1,-1,-1,-1,-1,17.733631
1830,32,32,-1,-1,-1,-1,-1,17.564672
1831,32,32,-1,-1,-1,-1,-1,17.452032
1832,32,32,-1,-1,-1,-1,-1,17.370111
1833,32,32,-1,-1,-1,-1,-1,17.373184
1834,32,32,-1,-1,-1,-1,-1,17.368065
1835,32,32,-1,-1,-1,-1,-1,17.383425
1836,32,32,-1,-1,-1,-1,-1,17.369087
1837,32,32,-1,-1,-1,-1,-1,17.34144
1838,32,32,-1,-1,-1,-1,-1,17.330175
1839,32,32,-1,-1,-1,-1,-1,17.32608
1840,32,32,-1,-1,-1,-1,-1,17.337343
1841,32,32,-1,-1,-1,-1,-1,17.362944
1842,32,32,-1,-1,-1,-1,-1,17.34656
1843,32,32,-1,-1,-1,-1,-1,17.338367
1844,32,1040,-1,-1,-1,-1,-1,80.815102
1845,32,32,-1,-1,-1,-1,-1,17.835009
1846,32,32,-1,-1,-1,-1,-1,17.650688
1847,32,32,-1,-1,-1,-1,-1,17.518593
1848,32,32,-1,-1,-1,-1,-1,17.409023
1849,32,32,-1,-1,-1,-1,-1,17.395712
1850,32,32,-1,-1,-1,-1,-1,17.394688
1851,32,1040,-1,-1,-1,-1,-1,81.544189
1852,32,32,-1,-1,-1,-1,-1,17.874945
1853,32,1040,-1,-1,-1,-1,-1,82.591743
1854,32,1040,-1,-1,-1,-1,-1,83.872765
1855,32,32,-1,-1,-1,-1,-1,17.725439
1856,32,32,-1,-1,-1,-1,-1,17.545216
1857,32,32,-1,-1,-1,-1,-1,17.439745
1858,32,32,-1,-1,-1,-1,-1,17.396736
1859,32,32,-1,-1,-1,-1,-1,17.396736
1860,32,32,-1,-1,-1,-1,-1,17.370111
1861,32,32,-1,-1,-1,-1,-1,17.390593
1862,32,1040,-1,-1,-1,-1,-1,81.122307
1863,32,32,-1,-1,-1,-1,-1,17.835009
1864,32,32,-1,-1,-1,-1,-1,17.664
1865,32,32,-1,-1,-1,-1,-1,17.520639
1866,32,32,-1,-1,-1,-1,-1,17.396736
1867,32,32,-1,-1,-1,-1,-1,17.405952
1868,32,32,-1,-1,-1,-1,-1,17.400831
1869,32,2048,-1,-1,-1,-1,-1,137.443329
1870,32,32,-1,-1,-1,-1,-1,17.874945
1871,32,32,-1,-1,-1,-1,-1,17.65888
1872,32,32,-1,-1,-1,-1,-1,17.492992
1873,32,32,-1,-1,-1,-1,-1,17.424383
1874,32,32,-1,-1,-1,-1,-1,17.390593
1875,32,32,-1,-1,-1,-1,-1,17.398785
1876,32,2048,-1,-1,-1,-1,-1,137.364487
1877,32,32,-1,-1,-1,-1,-1,17.846272
1878,32,32,-1,-1,-1,-1,-1,17.607679
1879,32,32,-1,-1,-1,-1,-1,17.478657
1880,32,32,-1,-1,-1,-1,-1,17.438721
1881,32,32,-1,-1,-1,-1,-1,17.417215
1882,32,32,-1,-1,-1,-1,-1,17.378304
1883,32,32,-1,-1,-1,-1,-1,17.404928
1884,32,32,-1,-1,-1,-1,-1,17.424383
1885,32,1040,-1,-1,-1,-1,-1,81.091583
1886,32,32,-1,-1,-1,-1,-1,17.765375
1887,32,1040,-1,-1,-1,-1,-1,81.974274
1888,32,32,-1,-1,-1,-1,-1,17.777664
1889,32,1040,-1,-1,-1,-1,-1,82.349052
1890,32,1040,-1,-1,-1,-1,-1,83.837952
1891,32,1040,-1,-1,-1,-1,-1,83.922943
1892,32,32,-1,-1,-1,-1,-1,17.763329
1893,32,32,-1,-1,-1,-1,-1,17.591295
1894,32,32,-1,-1,-1,-1,-1,17.4848
1895,32,32,-1,-1,-1,-1,-1,17.384447
1896,32,32,-1,-1,-1,-1,-1,17.369087
1897,32,1040,-1,-1,-1,-1,-1,81.112061
1898,32,847,-1,-1,-1,-1,-1,73.657341
1899,32,32,-1,-1,-1,-1,-1,17.718271
1900,32,1040,-1,-1,-1,-1,-1,81.686531
1901,32,1040,-1,-1,-1,-1,-1,83.745789
1902,32,32,-1,-1,-1,-1,-1,17.695744
1903,32,32,-1,-1,-1,-1,-1,17.574911
1904,32,32,-1,-1,-1,-1,-1,17.462273
1905,32,32,-1,-1,-1,-1,-1,17.432575
1906,32,32,-1,-1,-1,-1,-1,17.395712
1907,32,32,-1,-1,-1,-1,-1,17.395712
1908,32,32,-1,-1,-1,-1,-1,17.408001
1909,32,1040,-1,-1,-1,-1,-1,81.131523
1910,32,32,-1,-1,-1,-1,-1,17.8176
1911,32,32,-1,-1,-1,-1,-1,17.581057
1912,32,32,-1,-1,-1,-1,-1,17.445889
1913,32,3055,-1,-1,-1,-1,-1,200.955902
1914,32,1040,-1,-1,-1,-1,-1,84.476929
1915,32,32,-1,-1,-1,-1,-1,17.795073
1916,32,1039,-1,-1,-1,-1,-1,82.412544
1917,32,32,-1,-1,-1,-1,-1,17.77664
1918,32,32,-1,-1,-1,-1,-1,17.656832
1919,32,32,-1,-1,-1,-1,-1,17.439745
1920,32,1040,-1,-1,-1,-1,-1,81.010689
1921,32,32,-1,-1,-1,-1,-1,17.757183
1922,32,32,-1,-1,-1,-1,-1,17.62816
1923,32,32,-1,-1,-1,-1,-1,17.471489
1924,32,1040,-1,-1,-1,-1,-1,80.512001
1925,32,32,-1,-1,-1,-1,-1,17.748993
1926,32,32,-1,-1,-1,-1,-1,17.607679
1927,32,32,-1,-1,-1,-1,-1,17.46944
1928,32,1040,-1,-1,-1,-1,-1,81.48275
1929,32,32,-1,-1,-1,-1,-1,17.782784
1930,32,32,-1,-1,-1,-1,-1,17.607679
1931,32,32,-1,-1,-1,-1,-1,17.47456
1932,32,1040,-1,-1,-1,-1,-1,81.529854
1933,32,32,-1,-1,-1,-1,-1,17.754112
1934,32,32,-1,-1,-1,-1,-1,17.533953
1935,32,32,-1,-1,-1,-1,-1,17.41312
1936,32,32,-1,-1,-1,-1,-1,17.354752
1937,32,32,-1,-1,-1,-1,-1,17.358849
1938,32,32,-1,-1,-1,-1,-1,17.348608
1939,32,32,-1,-1,-1,-1,-1,17.364992
1940,32,32,-1,-1,-1,-1,-1,17.351681
1941,32,32,-1,-1,-1,-1,-1,17.30048
1942,32,32,-1,-1,-1,-1,-1,17.311745
1943,32,32,-1,-1,-1,-1,-1,17.274879
1944,32,32,-1,-1,-1,-1,-1,17.312769
1945,32,32,-1,-1,-1,-1,-1,17.313791
1946,32,1040,-1,-1,-1,-1,-1,81.604607
1947,32,1040,-1,-1,-1,-1,-1,84.208641
1948,32,32,-1,-1,-1,-1,-1,17.800192
1949,32,32,-1,-1,-1,-1,-1,17.534975
1950,32,32,-1,-1,-1,-1,-1,17.435648
1951,32,32,-1,-1,-1,-1,-1,17.380352
1952,32,32,-1,-1,-1,-1,-1,17.370111
1953,32,32,-1,-1,-1,-1,-1,17.374208
1954,32,32,-1,-1,-1,-1,-1,17.376257
1955,32,2048,-1,-1,-1,-1,-1,137.227264
1956,32,32,-1,-1,-1,-1,-1,17.840128
1957,32,32,-1,-1,-1,-1,-1,17.585152
1958,32,32,-1,-1,-1,-1,-1,17.477633
1959,32,32,-1,-1,-1,-1,-1,17.408001
1960,32,32,-1,-1,-1,-1,-1,17.368065
1961,32,32,-1,-1,-1,-1,-1,17.383425
1962,32,32,-1,-1,-1,-1,-1,17.375233
1963,32,32,-1,-1,-1,-1,-1,17.366016
1964,32,32,-1,-1,-1,-1,-1,17.342464
1965,32,1039,-1,-1,-1,-1,-1,80.74752
1966,32,32,-1,-1,-1,-1,-1,17.767424
1967,32,32,-1,-1,-1,-1,-1,17.615871
1968,32,32,-1,-1,-1,-1,-1,17.477633
1969,32,32,-1,-1,-1,-1,-1,17.438721
1970,32,32,-1,-1,-1,-1,-1,17.39776
1971,32,32,-1,-1,-1,-1,-1,17.385471
1972,32,32,-1,-1,-1,-1,-1,17.380352
1973,32,32,-1,-1,-1,-1,-1,17.389568
1974,32,32,-1,-1,-1,-1,-1,17.355776
1975,32,1040,-1,-1,-1,-1,-1,81.086464
1976,32,32,-1,-1,-1,-1,-1,17.830912
1977,32,32,-1,-1,-1,-1,-1,17.700865
1978,32,1040,-1,-1,-1,-1,-1,81.471489
1979,32,32,-1,-1,-1,-1,-1,17.788927
1980,32,32,-1,-1,-1,-1,-1,17.608704
1981,32,32,-1,-1,-1,-1,-1,17.50016
1982,32,32,-1,-1,-1,-1,-1,17.42848
1983,32,32,-1,-1,-1,-1,-1,17.432575
1984,32,32,-1,-1,-1,-1,-1,17.426432
1985,32,32,-1,-1,-1,-1,-1,17.420288
1986,32,32,-1,-1,-1,-1,-1,17.423361
1987,32,1040,-1,-1,-1,-1,-1,80.698364
1988,32,1040,-1,-1,-1,-1,-1,83.71917
1989,32,32,-1,-1,-1,-1,-1,17.775616
1990,32,32,-1,-1,-1,-1,-1,17.551359
1991,32,32,-1,-1,-1,-1,-1,17.477633
1992,32,32,-1,-1,-1,-1,-1,17.424383
1993,32,1040,-1,-1,-1,-1,-1,81.113091
1994,32,32,-1,-1,-1,-1,-1,17.828863
1995,32,1040,-1,-1,-1,-1,-1,82.102272
1996,32,1040,-1,-1,-1,-1,-1,83.924995
1997,32,32,-1,-1,-1,-1,-1,17.819649
1998,32,32,-1,-1,-1,-1,-1,17.603584
1999,32,32,-1,-1,-1,-1,-1,17.48992
2000,32,1040,-1,-1,-1,-1,-1,81.642494
2001,32,32,-1,-1,-1,-1,-1,17.835009
2002,32,32,-1,-1,-1,-1,-1,17.688576
2003,32,32,-1,-1,-1,-1,-1,17.512447
2004,32,32,-1,-1,-1,-1,-1,17.426432
2005,32,32,-1,-1,-1,-1,-1,17.410048
2006,32,32,-1,-1,-1,-1,-1,17.389568
2007,32,32,-1,-1,-1,-1,-1,17.424383
2008,32,32,-1,-1,-1,-1,-1,17.410048
2009,32,32,-1,-1,-1,-1,-1,17.371136
2010,32,32,-1,-1,-1,-1,-1,17.364992
2011,32,32,-1,-1,-1,-1,-1,17.378304
2012,32,32,-1,-1,-1,-1,-1,17.382401
2013,32,1040,-1,-1,-1,-1,-1,81.291267
2014,32,1040,-1,-1,-1,-1,-1,83.620865
2015,32,32,-1,-1,-1,-1,-1,17.800192
2016,32,32,-1,-1,-1,-1,-1,17.626112
2017,32,32,-1,-1,-1,-1,-1,17.540096
2018,32,1040,-1,-1,-1,-1,-1,81.129471
2019,32,1040,-1,-1,-1,-1,-1,83.664894
2020,32,32,-1,-1,-1,-1,-1,17.850368
2021,32,32,-1,-1,-1,-1,-1,17.686527
2022,32,32,-1,-1,-1,-1,-1,17.48992
2023,32,2048,-1,-1,-1,-1,-1,137.679871
2024,32,1040,-1,-1,-1,-1,-1,83.96595
2025,32,1040,-1,-1,-1,-1,-1,83.88813
2026,32,32,-1,-1,-1,-1,-1,17.811457
2027,32,32,-1,-1,-1,-1,-1,17.651712
2028,32,1040,-1,-1,-1,-1,-1,81.513474
2029,32,32,-1,-1,-1,-1,-1,17.830912
2030,32,32,-1,-1,-1,-1,-1,17.629185
2031,32,32,-1,-1,-1,-1,-1,17.509377
2032,32,32,-1,-1,-1,-1,-1,17.42848
2033,32,1040,-1,-1,-1,-1,-1,81.156097
2034,32,32,-1,-1,-1,-1,-1,17.759232
2035,32,32,-1,-1,-1,-1,-1,17.620993
2036,32,32,-1,-1,-1,-1,-1,17.485825
2037,32,1040,-1,-1,-1,-1,-1,81.462273
2038,32,32,-1,-1,-1,-1,-1,17.809408
2039,32,1040,-1,-1,-1,-1,-1,81.859581
2040,32,1040,-1,-1,-1,-1,-1,83.844093
2041,32,32,-1,-1,-1,-1,-1,17.759232
2042,32,32,-1,-1,-1,-1,-1,17.608704
2043,32,32,-1,-1,-1,-1,-1,17.4592
2044,32,32,-1,-1,-1,-1,-1,17.424383
2045,32,1039,-1,-1,-1,-1,-1,81.217537
2046,32,32,-1,-1,-1,-1,-1,17.823744
2047,32,32,-1,-1,-1,-1,-1,17.590273
2048,32,32,-1,-1,-1,-1,-1,17.504255
2049,32,1040,-1,-1,-1,-1,-1,81.333244
2050,32,32,-1,-1,-1,-1,-1,17.783808
2051,32,1040,-1,-1,-1,-1,-1,82.181122
2052,32,32,-1,-1,-1,-1,-1,17.806335
2053,32,1040,-1,-1,-1,-1,-1,82.026497
2054,32,1040,-1,-1,-1,-1,-1,83.691521
2055,32,32,-1,-1,-1,-1,-1,17.815552
2056,32,32,-1,-1,-1,-1,-1,17.564672
2057,32,32,-1,-1,-1,-1,-1,17.442816
2058,32,32,-1,-1,-1,-1,-1,17.378304
2059,32,32,-1,-1,-1,-1,-1,17.381376
2060,32,1040,-1,-1,-1,-1,-1,80.869377
2061,32,32,-1,-1,-1,-1,-1,17.782784
2062,32,1040,-1,-1,-1,-1,-1,82.302979
2063,32,32,-1,-1,-1,-1,-1,17.784832
2064,32,32,-1,-1,-1,-1,-1,17.642496
2065,32,32,-1,-1,-1,-1,-1,17.47456
2066,32,32,-1,-1,-1,-1,-1,17.411072
2067,32,32,-1,-1,-1,-1,-1,17.370111
2068,32,32,-1,-1,-1,-1,-1,17.370111
2069,32,32,-1,-1,-1,-1,-1,17.354752
2070,32,32,-1,-1,-1,-1,-1,17.369087
2071,32,32,-1,-1,-1,-1,-1,17.31584
2072,32,32,-1,-1,-1,-1,-1,17.320959
2073,32,32,-1,-1,-1,-1,-1,17.323008
2074,32,32,-1,-1,-1,-1,-1,17.317888
2075,32,32,-1,-1,-1,-1,-1,17.317888
2076,32,32,-1,-1,-1,-1,-1,17.327105
2077,32,1040,-1,-1,-1,-1,-1,78.334976
2078,32,32,-1,-1,-1,-1,-1,17.851393
2079,32,32,-1,-1,-1,-1,-1,17.64864
2080,32,32,-1,-1,-1,-1,-1,17.498112
2081,32,32,-1,-1,-1,-1,-1,17.444864
2082,32,32,-1,-1,-1,-1,-1,17.398785
2083,32,32,-1,-1,-1,-1,-1,17.423361
2084,32,32,-1,-1,-1,-1,-1,17.417215
2085,32,2048,-1,-1,-1,-1,-1,137.295868
2086,32,32,-1,-1,-1,-1,-1,17.794048
2087,32,32,-1,-1,-1,-1,-1,17.672192
2088,32,32,-1,-1,-1,-1,-1,17.488895
2089,32,32,-1,-1,-1,-1,-1,17.429504
2090,32,32,-1,-1,-1,-1,-1,17.394688
2091,32,32,-1,-1,-1,-1,-1,17.391617
2092,32,32,-1,-1,-1,-1,-1,17.375233
2093,32,32,-1,-1,-1,-1,-1,17.378304
2094,32,32,-1,-1,-1,-1,-1,17.345535
2095,32,32,-1,-1,-1,-1,-1,17.312769
2096,32,32,-1,-1,-1,-1,-1,17.333248
2097,32,32,-1,-1,-1,-1,-1,17.360895
2098,32,1040,-1,-1,-1,-1,-1,80.857086
2099,32,32,-1,-1,-1,-1,-1,17.758207
2100,32,32,-1,-1,-1,-1,-1,17.661951
2101,32,32,-1,-1,-1,-1,-1,17.488895
2102,32,32,-1,-1,-1,-1,-1,17.455105
2103,32,1040,-1,-1,-1,-1,-1,80.995331
2104,32,32,-1,-1,-1,-1,-1,17.841152
2105,32,32,-1,-1,-1,-1,-1,17.596416
2106,32,32,-1,-1,-1,-1,-1,17.465343
2107,32,32,-1,-1,-1,-1,-1,17.42848
2108,32,32,-1,-1,-1,-1,-1,17.436672
2109,32,32,-1,-1,-1,-1,-1,17.422337
2110,32,32,-1,-1,-1,-1,-1,17.424383
2111,32,1040,-1,-1,-1,-1,-1,80.494591
2112,32,32,-1,-1,-1,-1,-1,17.799168
2113,32,32,-1,-1,-1,-1,-1,17.644545
2114,32,1040,-1,-1,-1,-1,-1,81.147903
2115,32,32,-1,-1,-1,-1,-1,17.804289
2116,32,32,-1,-1,-1,-1,-1,17.616896
2117,32,32,-1,-1,-1,-1,-1,17.551359
2118,32,32,-1,-1,-1,-1,-1,17.490944
2119,32,32,-1,-1,-1,-1,-1,17.441792
2120,32,32,-1,-1,-1,-1,-1,17.438721
2121,32,32,-1,-1,-1,-1,-1,17.454081
2122,32,2048,-1,-1,-1,-1,-1,137.784317
2123,32,32,-1,-1,-1,-1,-1,17.864704
2124,32,1040,-1,-1,-1,-1,-1,82.627586
2125,32,32,-1,-1,-1,-1,-1,17.801216
2126,32,32,-1,-1,-1,-1,-1,17.629185
2127,32,32,-1,-1,-1,-1,-1,17.523712
2128,32,32,-1,-1,-1,-1,-1,17.444864
2129,32,1039,-1,-1,-1,-1,-1,80.878593
2130,32,32,-1,-1,-1,-1,-1,17.864704
2131,32,1040,-1,-1,-1,-1,-1,82.528259
2132,32,32,-1,-1,-1,-1,-1,17.779713
2133,32,32,-1,-1,-1,-1,-1,17.641472
2134,32,32,-1,-1,-1,-1,-1,17.519615
2135,32,32,-1,-1,-1,-1,-1,17.449984
2136,32,1040,-1,-1,-1,-1,-1,80.88269
2137,32,32,-1,-1,-1,-1,-1,17.849344
2138,32,32,-1,-1,-1,-1,-1,17.604609
2139,32,1040,-1,-1,-1,-1,-1,81.147903
2140,32,32,-1,-1,-1,-1,-1,17.836033
2141,32,32,-1,-1,-1,-1,-1,17.664
2142,32,1040,-1,-1,-1,-1,-1,81.969154
2143,32,1040,-1,-1,-1,-1,-1,84.121597
2144,32,32,-1,-1,-1,-1,-1,17.804289
2145,32,2048,-1,-1,-1,-1,-1,138.78067
2146,32,32,-1,-1,-1,-1,-1,17.874945
2147,32,32,-1,-1,-1,-1,-1,17.679359
2148,32,1039,-1,-1,-1,-1,-1,81.53907
2149,32,32,-1,-1,-1,-1,-1,17.80736
2150,32,32,-1,-1,-1,-1,-1,17.624063
2151,32,32,-1,-1,-1,-1,-1,17.476608
2152,32,2048,-1,-1,-1,-1,-1,137.681915
2153,32,32,-1,-1,-1,-1,-1,17.800192
2154,32,32,-1,-1,-1,-1,-1,17.590273
2155,32,32,-1,-1,-1,-1,-1,17.495041
2156,32,1040,-1,-1,-1,-1,-1,81.390594
2157,32,32,-1,-1,-1,-1,-1,17.805311
2158,32,32,-1,-1,-1,-1,-1,17.521664
2159,32,32,-1,-1,-1,-1,-1,17.442816
2160,32,32,-1,-1,-1,-1,-1,17.373184
2161,32,32,-1,-1,-1,-1,-1,17.384447
2162,32,32,-1,-1,-1,-1,-1,17.373184
2163,32,32,-1,-1,-1,-1,-1,17.381376
2164,32,1040,-1,-1,-1,-1,-1,80.917503
2165,32,32,-1,-1,-1,-1,-1,17.779713
2166,32,32,-1,-1,-1,-1,-1,17.605633
2167,32,32,-1,-1,-1,-1,-1,17.477633
2168,32,32,-1,-1,-1,-1,-1,17.423361
2169,32,32,-1,-1,-1,-1,-1,17.367041
2170,32,32,-1,-1,-1,-1,-1,17.388544
2171,32,32,-1,-1,-1,-1,-1,17.423361
2172,32,32,-1,-1,-1,-1,-1,17.411072
2173,32,32,-1,-1,-1,-1,-1,17.37216
2174,32,1040,-1,-1,-1,-1,-1,77.635582
2175,32,32,-1,-1,-1,-1,-1,17.785856
2176,32,32,-1,-1,-1,-1,-1,17.682432
2177,32,2047,-1,-1,-1,-1,-1,137.879547
2178,32,32,-1,-1,-1,-1,-1,17.895424
2179,32,32,-1,-1,-1,-1,-1,17.665024
2180,32,32,-1,-1,-1,-1,-1,17.527807
2181,32,1040,-1,-1,-1,-1,-1,81.316864
2182,32,32,-1,-1,-1,-1,-1,17.838079
2183,32,32,-1,-1,-1,-1,-1,17.585152
2184,32,1040,-1,-1,-1,-1,-1,81.204224
2185,32,32,-1,-1,-1,-1,-1,17.824768
2186,32,2047,-1,-1,-1,-1,-1,138.821625
2187,32,32,-1,-1,-1,-1,-1,17.842176
2188,32,32,-1,-1,-1,-1,-1,17.73568
2189,32,1039,-1,-1,-1,-1,-1,81.723389
2190,32,32,-1,-1,-1,-1,-1,17.792
2191,32,32,-1,-1,-1,-1,-1,17.653761
2192,32,32,-1,-1,-1,-1,-1,17.496063
2193,32,32,-1,-1,-1,-1,-1,17.412096
2194,32,1040,-1,-1,-1,-1,-1,80.631805
2195,32,32,-1,-1,-1,-1,-1,17.775616
2196,32,32,-1,-1,-1,-1,-1,17.593344
2197,32,32,-1,-1,-1,-1,-1,17.506304
2198,32,32,-1,-1,-1,-1,-1,17.440767
2199,32,32,-1,-1,-1,-1,-1,17.388544
2200,32,32,-1,-1,-1,-1,-1,17.40288
2201,32,32,-1,-1,-1,-1,-1,17.358849
2202,32,32,-1,-1,-1,-1,-1,17.389568
2203,32,32,-1,-1,-1,-1,-1,17.380352
2204,32,1040,-1,-1,-1,-1,-1,80.514046
2205,32,32,-1,-1,-1,-1,-1,17.752064
2206,32,32,-1,-1,-1,-1,-1,17.598463
2207,32,32,-1,-1,-1,-1,-1,17.475584
2208,32,32,-1,-1,-1,-1,-1,17.41312
2209,32,32,-1,-1,-1,-1,-1,17.395712
2210,32,32,-1,-1,-1,-1,-1,17.384447
2211,32,32,-1,-1,-1,-1,-1,17.388544
2212,32,32,-1,-1,-1,-1,-1,17.409023
2213,32,32,-1,-1,-1,-1,-1,17.366016
2214,32,1040,-1,-1,-1,-1,-1,80.668671
2215,32,32,-1,-1,-1,-1,-1,17.797119
2216,32,32,-1,-1,-1,-1,-1,17.640448
2217,32,32,-1,-1,-1,-1,-1,17.519615
2218,32,32,-1,-1,-1,-1,-1,17.4592
2219,32,1040,-1,-1,-1,-1,-1,81.341438
2220,32,32,-1,-1,-1,-1,-1,17.816576
2221,32,32,-1,-1,-1,-1,-1,17.586176
2222,32,32,-1,-1,-1,-1,-1,17.50528
2223,32,1040,-1,-1,-1,-1,-1,81.336319
2224,32,32,-1,-1,-1,-1,-1,17.793024
2225,32,32,-1,-1,-1,-1,-1,17.573889
2226,32,1040,-1,-1,-1,-1,-1,81.251328
2227,32,32,-1,-1,-1,-1,-1,17.814528
2228,32,32,-1,-1,-1,-1,-1,17.589249
2229,32,32,-1,-1,-1,-1,-1,17.475584
2230,32,32,-1,-1,-1,-1,-1,17.414145
2231,32,32,-1,-1,-1,-1,-1,17.367041
2232,32,32,-1,-1,-1,-1,-1,17.40288
2233,32,32,-1,-1,-1,-1,-1,17.373184
2234,32,32,-1,-1,-1,-1,-1,17.375233
2235,32,32,-1,-1,-1,-1,-1,17.352703
2236,32,32,-1,-1,-1,-1,-1,17.340416
2237,32,32,-1,-1,-1,-1,-1,17.339392
2238,32,1040,-1,-1,-1,-1,-1,80.496643
2239,32,1040,-1,-1,-1,-1,-1,83.820541
2240,32,32,-1,-1,-1,-1,-1,17.78688
2241,32,32,-1,-1,-1,-1,-1,17.613825
2242,32,32,-1,-1,-1,-1,-1,17.478657
2243,32,1040,-1,-1,-1,-1,-1,80.79258
2244,32,32,-1,-1,-1,-1,-1,17.824768
2245,32,1040,-1,-1,-1,-1,-1,82.473984
2246,32,32,-1,-1,-1,-1,-1,17.844225
2247,32,32,-1,-1,-1,-1,-1,17.562624
2248,32,32,-1,-1,-1,-1,-1,17.497087
2249,32,32,-1,-1,-1,-1,-1,17.42848
2250,32,1040,-1,-1,-1,-1,-1,81.164291
2251,32,32,-1,-1,-1,-1,-1,17.838079
2252,32,32,-1,-1,-1,-1,-1,17.6896
2253,32,32,-1,-1,-1,-1,-1,17.509377
2254,32,32,-1,-1,-1,-1,-1,17.465343
2255,32,32,-1,-1,-1,-1,-1,17.420288
2256,32,32,-1,-1,-1,-1,-1,17.399809
2257,32,1039,-1,-1,-1,-1,-1,81.164291
2258,32,32,-1,-1,-1,-1,-1,17.827841
2259,32,32,-1,-1,-1,-1,-1,17.647615
2260,32,32,-1,-1,-1,-1,-1,17.523712
2261,32,1040,-1,-1,-1,-1,-1,81.154045
2262,32,32,-1,-1,-1,-1,-1,17.825792
2263,32,32,-1,-1,-1,-1,-1,17.57184
2264,32,32,-1,-1,-1,-1,-1,17.519615
2265,32,32,-1,-1,-1,-1,-1,17.423361
2266,32,2048,-1,-1,-1,-1,-1,137.635834
2267,32,1040,-1,-1,-1,-1,-1,83.858429
2268,32,32,-1,-1,-1,-1,-1,17.782784
2269,32,1040,-1,-1,-1,-1,-1,82.259972
2270,32,32,-1,-1,-1,-1,-1,17.821695
2271,32,1024,-1,-1,-1,-1,-1,76.947456
2272,32,2048,-1,-1,-1,-1,-1,138.815491
2273,32,32,-1,-1,-1,-1,-1,17.737728
2274,32,32,-1,-1,-1,-1,-1,17.606655
2275,32,32,-1,-1,-1,-1,-1,17.492992
2276,32,32,-1,-1,-1,-1,-1,17.42848
2277,32,32,-1,-1,-1,-1,-1,17.400831
2278,32,32,-1,-1,-1,-1,-1,17.391617
2279,32,1040,-1,-1,-1,-1,-1,80.861183
2280,32,1040,-1,-1,-1,-1,-1,83.954689
2281,32,32,-1,-1,-1,-1,-1,17.793024
2282,32,32,-1,-1,-1,-1,-1,17.613825
2283,32,32,-1,-1,-1,-1,-1,17.495041
2284,32,32,-1,-1,-1,-1,-1,17.436672
2285,32,32,-1,-1,-1,-1,-1,17.412096
2286,32,32,-1,-1,-1,-1,-1,17.398785
2287,32,32,-1,-1,-1,-1,-1,17.393663
2288,32,32,-1,-1,-1,-1,-1,17.406977
2289,32,32,-1,-1,-1,-1,-1,17.378304
2290,32,1040,-1,-1,-1,-1,-1,81.418243
2291,32,1040,-1,-1,-1,-1,-1,83.508224
2292,32,32,-1,-1,-1,-1,-1,17.700865
2293,32,32,-1,-1,-1,-1,-1,17.563648
2294,32,32,-1,-1,-1,-1,-1,17.468416
2295,32,32,-1,-1,-1,-1,-1,17.410048
2296,32,1040,-1,-1,-1,-1,-1,80.646141
2297,32,32,-1,-1,-1,-1,-1,17.742847
2298,32,32,-1,-1,-1,-1,-1,17.610752
2299,32,32,-1,-1,-1,-1,-1,17.492992
2300,32,32,-1,-1,-1,-1,-1,17.44384
2301,32,32,-1,-1,-1,-1,-1,17.388544
2302,32,32,-1,-1,-1,-1,-1,17.398785
2303,32,32,-1,-1,-1,-1,-1,17.393663
2304,32,32,-1,-1,-1,-1,-1,17.426432
2305,32,32,-1,-1,-1,-1,-1,17.375233
2306,32,32,-1,-1,-1,-1,-1,17.368065
2307,32,32,-1,-1,-1,-1,-1,17.37216
2308,32,32,-1,-1,-1,-1,-1,17.368065
2309,32,1040,-1,-1,-1,-1,-1,80.774147
2310,32,1040,-1,-1,-1,-1,-1,83.911682
2311,32,32,-1,-1,-1,-1,-1,17.780737
2312,32,1039,-1,-1,-1,-1,-1,81.835007
2313,32,2048,-1,-1,-1,-1,-1,138.986496
2314,32,32,-1,-1,-1,-1,-1,17.787905
2315,32,1040,-1,-1,-1,-1,-1,82.507774
2316,32,32,-1,-1,-1,-1,-1,17.784832
2317,32,1039,-1,-1,-1,-1,-1,82.336769
2318,32,32,-1,-1,-1,-1,-1,17.753088
2319,32,32,-1,-1,-1,-1,-1,17.593344
2320,32,32,-1,-1,-1,-1,-1,17.47456
2321,32,1040,-1,-1,-1,-1,-1,81.449982
2322,32,1040,-1,-1,-1,-1,-1,83.62394
2323,32,32,-1,-1,-1,-1,-1,17.775616
2324,32,32,-1,-1,-1,-1,-1,17.531904
2325,32,32,-1,-1,-1,-1,-1,17.468416
2326,32,32,-1,-1,-1,-1,-1,17.420288
2327,32,32,-1,-1,-1,-1,-1,17.364992
2328,32,32,-1,-1,-1,-1,-1,17.377279
2329,32,32,-1,-1,-1,-1,-1,17.369087
2330,32,32,-1,-1,-1,-1,-1,17.343489
2331,32,32,-1,-1,-1,-1,-1,17.347584
2332,32,32,-1,-1,-1,-1,-1,17.298431
2333,32,32,-1,-1,-1,-1,-1,17.323008
2334,32,32,-1,-1,-1,-1,-1,17.327105
2335,32,32,-1,-1,-1,-1,-1,17.334272
2336,32,32,-1,-1,-1,-1,-1,17.327105
2337,32,32,-1,-1,-1,-1,-1,17.324032
2338,32,32,-1,-1,-1,-1,-1,17.334272
2339,32,32,-1,-1,-1,-1,-1,17.34656
2340,32,32,-1,-1,-1,-1,-1,17.3312
2341,32,1040,-1,-1,-1,-1,-1,81.105919
2342,32,32,-1,-1,-1,-1,-1,17.809408
2343,32,32,-1,-1,-1,-1,-1,17.612801
2344,32,32,-1,-1,-1,-1,-1,17.50016
2345,32,32,-1,-1,-1,-1,-1,17.431553
2346,32,2048,-1,-1,-1,-1,-1,136.142853
2347,32,32,-1,-1,-1,-1,-1,17.860607
2348,32,32,-1,-1,-1,-1,-1,17.600512
2349,32,1040,-1,-1,-1,-1,-1,81.796097
2350,32,32,-1,-1,-1,-1,-1,17.818624
2351,32,32,-1,-1,-1,-1,-1,17.553408
2352,32,32,-1,-1,-1,-1,-1,17.448959
2353,32,32,-1,-1,-1,-1,-1,17.405952
2354,32,32,-1,-1,-1,-1,-1,17.391617
2355,32,32,-1,-1,-1,-1,-1,17.396736
2356,32,32,-1,-1,-1,-1,-1,17.381376
2357,32,32,-1,-1,-1,-1,-1,17.395712
2358,32,1039,-1,-1,-1,-1,-1,80.361473
2359,32,32,-1,-1,-1,-1,-1,17.804289
2360,32,32,-1,-1,-1,-1,-1,17.586176
2361,32,32,-1,-1,-1,-1,-1,17.502209
2362,32,32,-1,-1,-1,-1,-1,17.46944
2363,32,32,-1,-1,-1,-1,-1,17.401855
2364,32,32,-1,-1,-1,-1,-1,17.392639
2365,32,32,-1,-1,-1,-1,-1,17.410048
2366,32,32,-1,-1,-1,-1,-1,17.406977
2367,32,32,-1,-1,-1,-1,-1,17.434624
2368,32,32,-1,-1,-1,-1,-1,17.3568
2369,32,32,-1,-1,-1,-1,-1,17.374208
2370,32,32,-1,-1,-1,-1,-1,17.377279
2371,32,1040,-1,-1,-1,-1,-1,80.750595
2372,32,1040,-1,-1,-1,-1,-1,83.899391
2373,32,32,-1,-1,-1,-1,-1,17.779713
2374,32,32,-1,-1,-1,-1,-1,17.622017
2375,32,1040,-1,-1,-1,-1,-1,81.047554
2376,32,32,-1,-1,-1,-1,-1,17.806335
2377,32,2032,-1,-1,-1,-1,-1,137.147385
2378,32,32,-1,-1,-1,-1,-1,17.795073
2379,32,32,-1,-1,-1,-1,-1,17.560575
2380,32,32,-1,-1,-1,-1,-1,17.456127
2381,32,32,-1,-1,-1,-1,-1,17.411072
2382,32,32,-1,-1,-1,-1,-1,17.379328
2383,32,32,-1,-1,-1,-1,-1,17.396736
2384,32,32,-1,-1,-1,-1,-1,17.401855
2385,32,1040,-1,-1,-1,-1,-1,81.119232
2386,32,32,-1,-1,-1,-1,-1,17.756161
2387,32,32,-1,-1,-1,-1,-1,17.593344
2388,32,1040,-1,-1,-1,-1,-1,81.456131
2389,32,32,-1,-1,-1,-1,-1,17.797119
2390,32,32,-1,-1,-1,-1,-1,17.606655
2391,32,32,-1,-1,-1,-1,-1,17.503231
2392,32,32,-1,-1,-1,-1,-1,17.455105
2393,32,32,-1,-1,-1,-1,-1,17.436672
2394,32,1040,-1,-1,-1,-1,-1,81.679359
2395,32,32,-1,-1,-1,-1,-1,17.840128
2396,32,1040,-1,-1,-1,-1,-1,81.973251
2397,32,32,-1,-1,-1,-1,-1,17.838079
2398,32,32,-1,-1,-1,-1,-1,17.627136
2399,32,1040,-1,-1,-1,-1,-1,81.125374
2400,32,1040,-1,-1,-1,-1,-1,84.038658
2401,32,32,-1,-1,-1,-1,-1,17.842176
2402,32,32,-1,-1,-1,-1,-1,17.607679
2403,32,1040,-1,-1,-1,-1,-1,81.629181
2404,32,32,-1,-1,-1,-1,-1,17.833984
2405,32,32,-1,-1,-1,-1,-1,17.63328
2406,32,1040,-1,-1,-1,-1,-1,80.888832
2407,32,2048,-1,-1,-1,-1,-1,139.044861
2408,32,32,-1,-1,-1,-1,-1,17.799168
2409,32,32,-1,-1,-1,-1,-1,17.647615
2410,32,32,-1,-1,-1,-1,-1,17.510401
2411,32,32,-1,-1,-1,-1,-1,17.426432
2412,32,32,-1,-1,-1,-1,-1,17.396736
2413,32,32,-1,-1,-1,-1,-1,17.378304
2414,32,32,-1,-1,-1,-1,-1,17.415169
2415,32,1040,-1,-1,-1,-1,-1,81.402878
2416,32,32,-1,-1,-1,-1,-1,17.818624
2417,32,32,-1,-1,-1,-1,-1,17.630207
2418,32,32,-1,-1,-1,-1,-1,17.425407
2419,32,32,-1,-1,-1,-1,-1,17.401855
2420,32,32,-1,-1,-1,-1,-1,17.392639
2421,32,1040,-1,-1,-1,-1,-1,80.61747
2422,32,32,-1,-1,-1,-1,-1,17.808384
2423,32,32,-1,-1,-1,-1,-1,17.611776
2424,32,32,-1,-1,-1,-1,-1,17.554432
2425,32,32,-1,-1,-1,-1,-1,17.433599
2426,32,32,-1,-1,-1,-1,-1,17.423361
2427,32,32,-1,-1,-1,-1,-1,17.41824
2428,32,1040,-1,-1,-1,-1,-1,80.406525
2429,32,32,-1,-1,-1,-1,-1,17.784832
2430,32,32,-1,-1,-1,-1,-1,17.611776
2431,32,2047,-1,-1,-1,-1,-1,138.094589
2432,32,32,-1,-1,-1,-1,-1,17.870848
2433,32,32,-1,-1,-1,-1,-1,17.625088
2434,32,1040,-1,-1,-1,-1,-1,81.474564
2435,32,32,-1,-1,-1,-1,-1,17.814528
2436,32,1039,-1,-1,-1,-1,-1,82.385918
2437,32,32,-1,-1,-1,-1,-1,17.805311
2438,32,32,-1,-1,-1,-1,-1,17.625088
2439,32,32,-1,-1,-1,-1,-1,17.479679
2440,32,32,-1,-1,-1,-1,-1,17.416191
2441,32,1040,-1,-1,-1,-1,-1,81.339394
2442,32,32,-1,-1,-1,-1,-1,17.815552
2443,32,32,-1,-1,-1,-1,-1,17.599487
2444,32,32,-1,-1,-1,-1,-1,17.482752
2445,32,32,-1,-1,-1,-1,-1,17.449984
2446,32,32,-1,-1,-1,-1,-1,17.400831
2447,32,32,-1,-1,-1,-1,-1,17.411072
2448,32,32,-1,-1,-1,-1,-1,17.421312
2449,32,32,-1,-1,-1,-1,-1,17.41824
2450,32,32,-1,-1,-1,-1,-1,17.389568
2451,32,1039,-1,-1,-1,-1,-1,90.295296
2452,32,1040,-1,-1,-1,-1,-1,90.982399
2453,32,32,-1,-1,-1,-1,-1,19.608576
2454,32,32,-1,-1,-1,-1,-1,17.620993
2455,32,32,-1,-1,-1,-1,-1,17.490944
2456,32,1040,-1,-1,-1,-1,-1,91.425789
2457,32,32,-1,-1,-1,-1,-1,20.486143
2458,32,32,-1,-1,-1,-1,-1,17.458176
2459,32,32,-1,-1,-1,-1,-1,17.366016
2460,32,32,-1,-1,-1,-1,-1,17.40288
2461,32,32,-1,-1,-1,-1,-1,17.404928
2462,32,32,-1,-1,-1,-1,-1,17.37216
2463,32,32,-1,-1,-1,-1,-1,17.394688
2464,32,32,-1,-1,-1,-1,-1,17.360895
2465,32,32,-1,-1,-1,-1,-1,17.343489
2466,32,32,-1,-1,-1,-1,-1,17.349632
2467,32,32,-1,-1,-1,-1,-1,17.355776
2468,32,32,-1,-1,-1,-1,-1,17.375233
2469,32,32,-1,-1,-1,-1,-1,17.382401
2470,32,2048,-1,-1,-1,-1,-1,137.141251
2471,32,1040,-1,-1,-1,-1,-1,84.045822
2472,32,32,-1,-1,-1,-1,-1,17.82272
2473,32,32,-1,-1,-1,-1,-1,17.585152
2474,32,32,-1,-1,-1,-1,-1,17.486849
2475,32,32,-1,-1,-1,-1,-1,17.431553
2476,32,32,-1,-1,-1,-1,-1,17.420288
2477,32,1039,-1,-1,-1,-1,-1,81.559555
2478,32,1039,-1,-1,-1,-1,-1,83.592194
2479,32,32,-1,-1,-1,-1,-1,17.823744
2480,32,1040,-1,-1,-1,-1,-1,82.271233
2481,32,32,-1,-1,-1,-1,-1,17.843201
2482,32,32,-1,-1,-1,-1,-1,17.625088
2483,32,32,-1,-1,-1,-1,-1,17.502209
2484,32,32,-1,-1,-1,-1,-1,17.44384
2485,32,32,-1,-1,-1,-1,-1,17.429504
2486,32,1040,-1,-1,-1,-1,-1,83.581955
2487,32,32,-1,-1,-1,-1,-1,17.778688
2488,32,32,-1,-1,-1,-1,-1,17.734655
2489,32,32,-1,-1,-1,-1,-1,17.51552
2490,32,32,-1,-1,-1,-1,-1,17.405952
2491,32,32,-1,-1,-1,-1,-1,17.379328
2492,32,32,-1,-1,-1,-1,-1,17.423361
2493,32,32,-1,-1,-1,-1,-1,17.392639
2494,32,32,-1,-1,-1,-1,-1,17.41824
2495,32,32,-1,-1,-1,-1,-1,17.368065
2496,32,1040,-1,-1,-1,-1,-1,81.289215
2497,32,32,-1,-1,-1,-1,-1,17.825792
2498,32,1040,-1,-1,-1,-1,-1,82.229248
2499,32,32,-1,-1,-1,-1,-1,17.813503
2500,32,32,-1,-1,-1,-1,-1,17.608704
2501,32,32,-1,-1,-1,-1,-1,17.506304
2502,32,32,-1,-1,-1,-1,-1,17.445889
2503,32,32,-1,-1,-1,-1,-1,17.416191
2504,32,32,-1,-1,-1,-1,-1,17.390593
2505,32,32,-1,-1,-1,-1,-1,17.419264
2506,32,32,-1,-1,-1,-1,-1,17.423361
2507,32,32,-1,-1,-1,-1,-1,17.34144
2508,32,32,-1,-1,-1,-1,-1,17.355776
2509,32,1040,-1,-1,-1,-1,-1,81.070084
2510,32,1040,-1,-1,-1,-1,-1,88.199165
2511,32,32,-1,-1,-1,-1,-1,17.73568
2512,32,32,-1,-1,-1,-1,-1,17.660929
2513,32,32,-1,-1,-1,-1,-1,17.513472
2514,32,1040,-1,-1,-1,-1,-1,81.397758
2515,32,32,-1,-1,-1,-1,-1,17.823744
2516,32,32,-1,-1,-1,-1,-1,17.631231
2517,32,32,-1,-1,-1,-1,-1,17.522688
2518,32,1040,-1,-1,-1,-1,-1,89.285629
2519,32,1040,-1,-1,-1,-1,-1,93.215744
2520,32,32,-1,-1,-1,-1,-1,17.8176
2521,32,2048,-1,-1,-1,-1,-1,137.260025
2522,32,1040,-1,-1,-1,-1,-1,83.980286
2523,32,1040,-1,-1,-1,-1,-1,83.999741
2524,32,32,-1,-1,-1,-1,-1,17.744896
2525,32,1040,-1,-1,-1,-1,-1,82.145279
2526,32,32,-1,-1,-1,-1,-1,17.754112
2527,32,32,-1,-1,-1,-1,-1,17.671167
2528,32,32,-1,-1,-1,-1,-1,17.475584
2529,32,1040,-1,-1,-1,-1,-1,81.396736
2530,32,32,-1,-1,-1,-1,-1,17.779713
2531,32,32,-1,-1,-1,-1,-1,17.568768
2532,32,32,-1,-1,-1,-1,-1,17.475584
2533,32,1040,-1,-1,-1,-1,-1,81.60154
2534,32,32,-1,-1,-1,-1,-1,17.864704
2535,32,32,-1,-1,-1,-1,-1,17.645569
2536,32,32,-1,-1,-1,-1,-1,17.522688
2537,32,1040,-1,-1,-1,-1,-1,81.641472
2538,32,32,-1,-1,-1,-1,-1,17.813503
2539,32,32,-1,-1,-1,-1,-1,17.656832
2540,32,32,-1,-1,-1,-1,-1,17.492992
2541,32,32,-1,-1,-1,-1,-1,17.410048
2542,32,32,-1,-1,-1,-1,-1,17.390593
2543,32,32,-1,-1,-1,-1,-1,17.388544
2544,32,32,-1,-1,-1,-1,-1,17.386496
2545,32,32,-1,-1,-1,-1,-1,17.393663
2546,32,32,-1,-1,-1,-1,-1,17.338367
2547,32,32,-1,-1,-1,-1,-1,17.319937
2548,32,32,-1,-1,-1,-1,-1,17.344513
2549,32,1040,-1,-1,-1,-1,-1,80.963585
2550,32,32,-1,-1,-1,-1,-1,17.881088
2551,32,32,-1,-1,-1,-1,-1,17.701887
2552,32,32,-1,-1,-1,-1,-1,17.586176
2553,32,1040,-1,-1,-1,-1,-1,81.565697
2554,32,32,-1,-1,-1,-1,-1,17.762304
2555,32,32,-1,-1,-1,-1,-1,17.592319
2556,32,1040,-1,-1,-1,-1,-1,81.402878
2557,32,32,-1,-1,-1,-1,-1,17.775616
2558,32,32,-1,-1,-1,-1,-1,17.614847
2559,32,1040,-1,-1,-1,-1,-1,81.762306
2560,32,32,-1,-1,-1,-1,-1,17.80224
2561,32,1040,-1,-1,-1,-1,-1,82.415619
2562,32,32,-1,-1,-1,-1,-1,17.762304
2563,32,1039,-1,-1,-1,-1,-1,82.362366
2564,32,32,-1,-1,-1,-1,-1,17.765375
2565,32,1040,-1,-1,-1,-1,-1,82.248703
2566,32,32,-1,-1,-1,-1,-1,17.724417
2567,32,32,-1,-1,-1,-1,-1,17.613825
2568,32,32,-1,-1,-1,-1,-1,17.458176
2569,32,32,-1,-1,-1,-1,-1,17.438721
2570,32,32,-1,-1,-1,-1,-1,17.386496
2571,32,32,-1,-1,-1,-1,-1,18.485249
2572,32,32,-1,-1,-1,-1,-1,17.384447
2573,32,32,-1,-1,-1,-1,-1,17.39776
2574,32,32,-1,-1,-1,-1,-1,17.34656
2575,32,32,-1,-1,-1,-1,-1,17.336321
2576,32,32,-1,-1,-1,-1,-1,17.342464
2577,32,1039,-1,-1,-1,-1,-1,80.750595
2578,32,32,-1,-1,-1,-1,-1,17.801216
2579,32,32,-1,-1,-1,-1,-1,17.620993
2580,32,32,-1,-1,-1,-1,-1,17.542145
2581,32,32,-1,-1,-1,-1,-1,17.449984
2582,32,1039,-1,-1,-1,-1,-1,81.761276
2583,32,32,-1,-1,-1,-1,-1,17.793024
2584,32,1040,-1,-1,-1,-1,-1,83.71405
2585,32,32,-1,-1,-1,-1,-1,17.753088
2586,32,32,-1,-1,-1,-1,-1,17.60256
2587,32,32,-1,-1,-1,-1,-1,17.527807
2588,32,32,-1,-1,-1,-1,-1,17.458176
2589,32,32,-1,-1,-1,-1,-1,17.406977
2590,32,32,-1,-1,-1,-1,-1,17.405952
2591,32,32,-1,-1,-1,-1,-1,17.392639
2592,32,32,-1,-1,-1,-1,-1,17.404928
2593,32,32,-1,-1,-1,-1,-1,17.363968
2594,32,32,-1,-1,-1,-1,-1,17.361919
2595,32,1040,-1,-1,-1,-1,-1,81.926147
2596,32,32,-1,-1,-1,-1,-1,17.800192
2597,32,32,-1,-1,-1,-1,-1,17.694719
2598,32,1040,-1,-1,-1,-1,-1,81.897469
2599,32,32,-1,-1,-1,-1,-1,17.792
2600,32,32,-1,-1,-1,-1,-1,17.638399
2601,32,32,-1,-1,-1,-1,-1,17.53088
2602,32,32,-1,-1,-1,-1,-1,17.465343
2603,32,32,-1,-1,-1,-1,-1,17.425407
2604,32,32,-1,-1,-1,-1,-1,17.436672
2605,32,1040,-1,-1,-1,-1,-1,81.449982
2606,32,32,-1,-1,-1,-1,-1,17.829887
2607,32,32,-1,-1,-1,-1,-1,17.610752
2608,32,1040,-1,-1,-1,-1,-1,81.481728
2609,32,1040,-1,-1,-1,-1,-1,83.829758
2610,32,32,-1,-1,-1,-1,-1,17.849344
2611,32,32,-1,-1,-1,-1,-1,17.574911
2612,32,1040,-1,-1,-1,-1,-1,82.550781
2613,32,32,-1,-1,-1,-1,-1,17.924095
2614,32,32,-1,-1,-1,-1,-1,17.645569
2615,32,32,-1,-1,-1,-1,-1,17.528831
2616,32,32,-1,-1,-1,-1,-1,17.414145
2617,32,32,-1,-1,-1,-1,-1,17.411072
2618,32,1040,-1,-1,-1,-1,-1,81.072128
2619,32,32,-1,-1,-1,-1,-1,17.795073
2620,32,1040,-1,-1,-1,-1,-1,82.568192
2621,32,1040,-1,-1,-1,-1,-1,83.627007
2622,32,32,-1,-1,-1,-1,-1,17.795073
2623,32,32,-1,-1,-1,-1,-1,17.60256
2624,32,32,-1,-1,-1,-1,-1,17.487871
2625,32,1040,-1,-1,-1,-1,-1,81.38752
2626,32,32,-1,-1,-1,-1,-1,17.778688
2627,32,32,-1,-1,-1,-1,-1,17.642496
2628,32,1040,-1,-1,-1,-1,-1,81.545219
2629,32,32,-1,-1,-1,-1,-1,17.746944
2630,32,32,-1,-1,-1,-1,-1,17.613825
2631,32,32,-1,-1,-1,-1,-1,17.479679
2632,32,32,-1,-1,-1,-1,-1,17.452032
2633,32,32,-1,-1,-1,-1,-1,17.39776
2634,32,32,-1,-1,-1,-1,-1,17.408001
2635,32,32,-1,-1,-1,-1,-1,17.405952
2636,32,32,-1,-1,-1,-1,-1,17.395712
2637,32,32,-1,-1,-1,-1,-1,17.351681
2638,32,32,-1,-1,-1,-1,-1,17.329151
2639,32,32,-1,-1,-1,-1,-1,17.339392
2640,32,32,-1,-1,-1,-1,-1,17.345535
2641,32,2048,-1,-1,-1,-1,-1,136.878082
2642,32,1040,-1,-1,-1,-1,-1,84.054016
2643,32,1040,-1,-1,-1,-1,-1,83.969025
2644,32,32,-1,-1,-1,-1,-1,17.754112
2645,32,32,-1,-1,-1,-1,-1,17.637377
2646,32,1040,-1,-1,-1,-1,-1,81.761276
2647,32,32,-1,-1,-1,-1,-1,17.784832
2648,32,32,-1,-1,-1,-1,-1,17.652737
2649,32,3055,-1,-1,-1,-1,-1,202.513412
2650,32,32,-1,-1,-1,-1,-1,17.760256
2651,32,32,-1,-1,-1,-1,-1,17.588224
2652,32,32,-1,-1,-1,-1,-1,17.47456
2653,32,32,-1,-1,-1,-1,-1,17.423361
2654,32,32,-1,-1,-1,-1,-1,17.382401
2655,32,1040,-1,-1,-1,-1,-1,81.671165
2656,32,32,-1,-1,-1,-1,-1,17.778688
2657,32,32,-1,-1,-1,-1,-1,17.54624
2658,32,1040,-1,-1,-1,-1,-1,81.044479
2659,32,32,-1,-1,-1,-1,-1,17.811457
2660,32,32,-1,-1,-1,-1,-1,17.560575
2661,32,32,-1,-1,-1,-1,-1,17.470465
2662,32,32,-1,-1,-1,-1,-1,17.41312
2663,32,32,-1,-1,-1,-1,-1,17.408001
2664,32,32,-1,-1,-1,-1,-1,17.39776
2665,32,32,-1,-1,-1,-1,-1,17.388544
2666,32,32,-1,-1,-1,-1,-1,17.390593
2667,32,32,-1,-1,-1,-1,-1,17.324032
2668,32,1040,-1,-1,-1,-1,-1,81.208321
2669,32,32,-1,-1,-1,-1,-1,17.805311
2670,32,32,-1,-1,-1,-1,-1,17.577984
2671,32,32,-1,-1,-1,-1,-1,17.503231
2672,32,1040,-1,-1,-1,-1,-1,81.047554
2673,32,1040,-1,-1,-1,-1,-1,83.96595
2674,32,32,-1,-1,-1,-1,-1,17.753088
2675,32,32,-1,-1,-1,-1,-1,17.584127
2676,32,32,-1,-1,-1,-1,-1,17.485825
2677,32,32,-1,-1,-1,-1,-1,17.434624
2678,32,32,-1,-1,-1,-1,-1,17.368065
2679,32,32,-1,-1,-1,-1,-1,17.377279
2680,32,32,-1,-1,-1,-1,-1,17.377279
2681,32,32,-1,-1,-1,-1,-1,17.392639
2682,32,32,-1,-1,-1,-1,-1,17.367041
2683,32,32,-1,-1,-1,-1,-1,17.317888
2684,32,1040,-1,-1,-1,-1,-1,80.991234
2685,32,32,-1,-1,-1,-1,-1,17.778688
2686,32,1040,-1,-1,-1,-1,-1,82.597885
2687,32,32,-1,-1,-1,-1,-1,17.767424
2688,32,32,-1,-1,-1,-1,-1,17.638399
2689,32,1040,-1,-1,-1,-1,-1,81.790977
2690,32,32,-1,-1,-1,-1,-1,17.767424
2691,32,32,-1,-1,-1,-1,-1,17.597441
2692,32,32,-1,-1,-1,-1,-1,17.496063
2693,32,32,-1,-1,-1,-1,-1,17.453056
2694,32,32,-1,-1,-1,-1,-1,17.391617
2695,32,32,-1,-1,-1,-1,-1,17.384447
2696,32,32,-1,-1,-1,-1,-1,17.409023
2697,32,32,-1,-1,-1,-1,-1,17.430529
2698,32,1040,-1,-1,-1,-1,-1,81.166336
2699,32,32,-1,-1,-1,-1,-1,17.808384
2700,32,1040,-1,-1,-1,-1,-1,82.514946
2701,32,32,-1,-1,-1,-1,-1,17.84832
2702,32,1040,-1,-1,-1,-1,-1,82.219009
2703,32,32,-1,-1,-1,-1,-1,17.810432
2704,32,32,-1,-1,-1,-1,-1,17.646591
2705,32,1040,-1,-1,-1,-1,-1,81.422333
2706,32,32,-1,-1,-1,-1,-1,17.818624
2707,32,32,-1,-1,-1,-1,-1,17.651712
2708,32,32,-1,-1,-1,-1,-1,17.502209
2709,32,32,-1,-1,-1,-1,-1,17.41312
2710,32,32,-1,-1,-1,-1,-1,17.398785
2711,32,1039,-1,-1,-1,-1,-1,80.749565
2712,32,32,-1,-1,-1,-1,-1,17.759232
2713,32,32,-1,-1,-1,-1,-1,17.594368
2714,32,1040,-1,-1,-1,-1,-1,81.71315
2715,32,32,-1,-1,-1,-1,-1,17.740801
2716,32,32,-1,-1,-1,-1,-1,17.590273
2717,32,32,-1,-1,-1,-1,-1,17.4592
2718,32,32,-1,-1,-1,-1,-1,17.423361
2719,32,32,-1,-1,-1,-1,-1,17.391617
2720,32,32,-1,-1,-1,-1,-1,17.373184
2721,32,32,-1,-1,-1,-1,-1,17.376257
2722,32,32,-1,-1,-1,-1,-1,17.385471
2723,32,32,-1,-1,-1,-1,-1,17.364992
2724,32,32,-1,-1,-1,-1,-1,17.344513
2725,32,1040,-1,-1,-1,-1,-1,80.797699
2726,32,32,-1,-1,-1,-1,-1,17.778688
2727,32,1040,-1,-1,-1,-1,-1,82.480125
2728,32,32,-1,-1,-1,-1,-1,17.795073
2729,32,32,-1,-1,-1,-1,-1,17.636353
2730,32,32,-1,-1,-1,-1,-1,17.498112
2731,32,1040,-1,-1,-1,-1,-1,81.565697
2732,32,32,-1,-1,-1,-1,-1,17.773567
2733,32,32,-1,-1,-1,-1,-1,17.604609
2734,32,32,-1,-1,-1,-1,-1,17.510401
2735,32,1039,-1,-1,-1,-1,-1,81.177597
2736,32,32,-1,-1,-1,-1,-1,17.845247
2737,32,1040,-1,-1,-1,-1,-1,81.979393
2738,32,32,-1,-1,-1,-1,-1,17.813503
2739,32,32,-1,-1,-1,-1,-1,17.551359
2740,32,32,-1,-1,-1,-1,-1,17.478657
2741,32,32,-1,-1,-1,-1,-1,17.409023
2742,32,32,-1,-1,-1,-1,-1,17.412096
2743,32,32,-1,-1,-1,-1,-1,17.419264
2744,32,1040,-1,-1,-1,-1,-1,81.112061
2745,32,32,-1,-1,-1,-1,-1,17.773567
2746,32,32,-1,-1,-1,-1,-1,17.676289
2747,32,32,-1,-1,-1,-1,-1,17.562624
2748,32,32,-1,-1,-1,-1,-1,17.47456
2749,32,32,-1,-1,-1,-1,-1,17.438721
2750,32,32,-1,-1,-1,-1,-1,17.445889
2751,32,32,-1,-1,-1,-1,-1,17.434624
2752,32,32,-1,-1,-1,-1,-1,17.449984
2753,32,32,-1,-1,-1,-1,-1,17.38752
2754,32,32,-1,-1,-1,-1,-1,17.394688
2755,32,1040,-1,-1,-1,-1,-1,80.901123
2756,32,1040,-1,-1,-1,-1,-1,83.659775
2757,32,32,-1,-1,-1,-1,-1,17.856512
2758,32,32,-1,-1,-1,-1,-1,17.62816
2759,32,1040,-1,-1,-1,-1,-1,81.537025
2760,32,32,-1,-1,-1,-1,-1,17.846272
2761,32,2048,-1,-1,-1,-1,-1,138.422272
2762,32,32,-1,-1,-1,-1,-1,17.864704
2763,32,1040,-1,-1,-1,-1,-1,82.781181
2764,32,1024,-1,-1,-1,-1,-1,78.728195
2765,32,32,-1,-1,-1,-1,-1,17.757183
2766,32,32,-1,-1,-1,-1,-1,17.660929
2767,32,32,-1,-1,-1,-1,-1,17.511423
2768,32,1040,-1,-1,-1,-1,-1,81.406975
2769,32,1040,-1,-1,-1,-1,-1,84.036606
2770,32,32,-1,-1,-1,-1,-1,17.78688
2771,32,32,-1,-1,-1,-1,-1,17.623039
2772,32,32,-1,-1,-1,-1,-1,17.509377
2773,32,32,-1,-1,-1,-1,-1,17.444864
2774,32,1040,-1,-1,-1,-1,-1,81.025024
2775,32,32,-1,-1,-1,-1,-1,17.793024
2776,32,32,-1,-1,-1,-1,-1,17.63328
2777,32,1040,-1,-1,-1,-1,-1,81.549309
2778,32,2048,-1,-1,-1,-1,-1,139.774979
2779,32,32,-1,-1,-1,-1,-1,17.800192
2780,32,32,-1,-1,-1,-1,-1,17.631231
2781,32,32,-1,-1,-1,-1,-1,17.464319
2782,32,32,-1,-1,-1,-1,-1,17.422337
2783,32,32,-1,-1,-1,-1,-1,17.366016
2784,32,32,-1,-1,-1,-1,-1,17.388544
2785,32,32,-1,-1,-1,-1,-1,17.394688
2786,32,32,-1,-1,-1,-1,-1,17.395712
2787,32,32,-1,-1,-1,-1,-1,17.348608
2788,32,32,-1,-1,-1,-1,-1,17.337343
2789,32,32,-1,-1,-1,-1,-1,17.352703
2790,32,32,-1,-1,-1,-1,-1,17.350657
2791,32,32,-1,-1,-1,-1,-1,17.334272
2792,32,32,-1,-1,-1,-1,-1,17.366016
2793,32,32,-1,-1,-1,-1,-1,17.347584
2794,32,1040,-1,-1,-1,-1,-1,81.276932
2795,32,32,-1,-1,-1,-1,-1,17.814528
2796,32,1040,-1,-1,-1,-1,-1,81.863678
2797,32,1040,-1,-1,-1,-1,-1,83.98848
2798,32,32,-1,-1,-1,-1,-1,17.820671
2799,32,32,-1,-1,-1,-1,-1,17.598463
2800,32,1040,-1,-1,-1,-1,-1,81.820671
2801,32,32,-1,-1,-1,-1,-1,17.796097
2802,32,32,-1,-1,-1,-1,-1,17.529856
2803,32,32,-1,-1,-1,-1,-1,17.457151
2804,32,1040,-1,-1,-1,-1,-1,81.339394
2805,32,32,-1,-1,-1,-1,-1,17.80224
2806,32,1040,-1,-1,-1,-1,-1,82.228226
2807,32,32,-1,-1,-1,-1,-1,17.792
2808,32,32,-1,-1,-1,-1,-1,17.555456
2809,32,32,-1,-1,-1,-1,-1,17.430529
2810,32,32,-1,-1,-1,-1,-1,17.390593
2811,32,32,-1,-1,-1,-1,-1,17.357824
2812,32,32,-1,-1,-1,-1,-1,17.385471
2813,32,32,-1,-1,-1,-1,-1,17.371136
2814,32,1040,-1,-1,-1,-1,-1,80.798721
2815,32,32,-1,-1,-1,-1,-1,17.739777
2816,32,32,-1,-1,-1,-1,-1,17.61792
2817,32,32,-1,-1,-1,-1,-1,17.48992
2818,32,32,-1,-1,-1,-1,-1,17.416191
2819,32,32,-1,-1,-1,-1,-1,17.39776
2820,32,32,-1,-1,-1,-1,-1,17.399809
2821,32,1040,-1,-1,-1,-1,-1,90.290176
2822,32,32,-1,-1,-1,-1,-1,21.510143
2823,32,32,-1,-1,-1,-1,-1,17.440767
2824,32,32,-1,-1,-1,-1,-1,17.401855
2825,32,32,-1,-1,-1,-1,-1,17.374208
2826,32,1040,-1,-1,-1,-1,-1,80.875519
2827,32,1040,-1,-1,-1,-1,-1,95.332352
2828,32,32,-1,-1,-1,-1,-1,18.219007
2829,32,32,-1,-1,-1,-1,-1,17.598463
2830,32,32,-1,-1,-1,-1,-1,17.487871
2831,32,32,-1,-1,-1,-1,-1,17.423361
2832,32,32,-1,-1,-1,-1,-1,17.419264
2833,32,32,-1,-1,-1,-1,-1,17.408001
2834,32,32,-1,-1,-1,-1,-1,17.388544
2835,32,32,-1,-1,-1,-1,-1,17.408001
2836,32,32,-1,-1,-1,-1,-1,17.386496
2837,32,32,-1,-1,-1,-1,-1,17.373184
2838,32,32,-1,-1,-1,-1,-1,17.361919
2839,32,1040,-1,-1,-1,-1,-1,85.311485
2840,32,32,-1,-1,-1,-1,-1,22.504448
2841,32,32,-1,-1,-1,-1,-1,17.490944
2842,32,32,-1,-1,-1,-1,-1,17.430529
2843,32,32,-1,-1,-1,-1,-1,17.439745
2844,32,32,-1,-1,-1,-1,-1,17.426432
2845,32,32,-1,-1,-1,-1,-1,17.435648
2846,32,3056,-1,-1,-1,-1,-1,200.685562
2847,32,32,-1,-1,-1,-1,-1,17.806335
2848,32,32,-1,-1,-1,-1,-1,17.664
2849,32,1040,-1,-1,-1,-1,-1,86.813698
2850,32,1040,-1,-1,-1,-1,-1,117.807106
2851,32,32,-1,-1,-1,-1,-1,17.627136
2852,32,32,-1,-1,-1,-1,-1,17.562624
2853,32,32,-1,-1,-1,-1,-1,17.495041
2854,32,32,-1,-1,-1,-1,-1,17.452032
2855,32,32,-1,-1,-1,-1,-1,17.390593
2856,32,32,-1,-1,-1,-1,-1,17.406977
2857,32,32,-1,-1,-1,-1,-1,17.399809
2858,32,32,-1,-1,-1,-1,-1,17.396736
2859,32,32,-1,-1,-1,-1,-1,17.349632
2860,32,1040,-1,-1,-1,-1,-1,81.03936
2861,32,32,-1,-1,-1,-1,-1,17.836033
2862,32,32,-1,-1,-1,-1,-1,17.70496
2863,32,32,-1,-1,-1,-1,-1,17.499136
2864,32,2046,-1,-1,-1,-1,-1,137.343994
2865,32,32,-1,-1,-1,-1,-1,17.8176
2866,32,32,-1,-1,-1,-1,-1,17.680384
2867,32,32,-1,-1,-1,-1,-1,17.491968
2868,32,32,-1,-1,-1,-1,-1,17.453056
2869,32,32,-1,-1,-1,-1,-1,17.408001
2870,32,32,-1,-1,-1,-1,-1,17.417215
2871,32,32,-1,-1,-1,-1,-1,17.422337
2872,32,1040,-1,-1,-1,-1,-1,81.343491
2873,32,32,-1,-1,-1,-1,-1,17.819649
2874,32,1040,-1,-1,-1,-1,-1,82.150398
2875,32,1040,-1,-1,-1,-1,-1,83.972099
2876,32,32,-1,-1,-1,-1,-1,17.819649
2877,32,32,-1,-1,-1,-1,-1,17.566719
2878,32,1040,-1,-1,-1,-1,-1,81.588226
2879,32,32,-1,-1,-1,-1,-1,17.808384
2880,32,32,-1,-1,-1,-1,-1,17.597441
2881,32,32,-1,-1,-1,-1,-1,17.482752
2882,32,32,-1,-1,-1,-1,-1,17.392639
2883,32,1040,-1,-1,-1,-1,-1,81.047554
2884,32,32,-1,-1,-1,-1,-1,17.770496
2885,32,32,-1,-1,-1,-1,-1,17.622017
2886,32,32,-1,-1,-1,-1,-1,17.499136
2887,32,32,-1,-1,-1,-1,-1,17.425407
2888,32,1040,-1,-1,-1,-1,-1,80.973824
2889,32,32,-1,-1,-1,-1,-1,17.792
2890,32,1040,-1,-1,-1,-1,-1,82.785278
2891,32,32,-1,-1,-1,-1,-1,17.780737
2892,32,1040,-1,-1,-1,-1,-1,82.607101
2893,32,32,-1,-1,-1,-1,-1,17.781759
2894,32,32,-1,-1,-1,-1,-1,17.620993
2895,32,1040,-1,-1,-1,-1,-1,81.489922
2896,32,32,-1,-1,-1,-1,-1,17.768448
2897,32,32,-1,-1,-1,-1,-1,17.649664
2898,32,32,-1,-1,-1,-1,-1,17.498112
2899,32,32,-1,-1,-1,-1,-1,17.449984
2900,32,32,-1,-1,-1,-1,-1,17.410048
2901,32,1040,-1,-1,-1,-1,-1,81.214462
2902,32,32,-1,-1,-1,-1,-1,17.824768
2903,32,1040,-1,-1,-1,-1,-1,82.0951
2904,32,32,-1,-1,-1,-1,-1,17.819649
2905,32,32,-1,-1,-1,-1,-1,17.565697
2906,32,1040,-1,-1,-1,-1,-1,82.008064
2907,32,32,-1,-1,-1,-1,-1,17.825792
2908,32,32,-1,-1,-1,-1,-1,17.585152
2909,32,1040,-1,-1,-1,-1,-1,81.494019
2910,32,32,-1,-1,-1,-1,-1,17.804289
2911,32,32,-1,-1,-1,-1,-1,17.611776
2912,32,32,-1,-1,-1,-1,-1,17.470465
2913,32,1040,-1,-1,-1,-1,-1,81.399811
2914,32,1040,-1,-1,-1,-1,-1,83.960831
2915,32,32,-1,-1,-1,-1,-1,17.820671
2916,32,32,-1,-1,-1,-1,-1,17.592319
2917,32,32,-1,-1,-1,-1,-1,17.482752
2918,32,32,-1,-1,-1,-1,-1,17.409023
2919,32,32,-1,-1,-1,-1,-1,17.381376
2920,32,32,-1,-1,-1,-1,-1,17.37216
2921,32,1040,-1,-1,-1,-1,-1,80.867325
2922,32,32,-1,-1,-1,-1,-1,17.796097
2923,32,32,-1,-1,-1,-1,-1,17.613825
2924,32,32,-1,-1,-1,-1,-1,17.48992
2925,32,32,-1,-1,-1,-1,-1,17.460224
2926,32,32,-1,-1,-1,-1,-1,17.392639
2927,32,32,-1,-1,-1,-1,-1,17.41824
2928,32,1040,-1,-1,-1,-1,-1,81.731583
2929,32,32,-1,-1,-1,-1,-1,17.827841
2930,32,32,-1,-1,-1,-1,-1,17.584127
2931,32,32,-1,-1,-1,-1,-1,17.456127
2932,32,1040,-1,-1,-1,-1,-1,81.46637
2933,32,32,-1,-1,-1,-1,-1,17.891329
2934,32,32,-1,-1,-1,-1,-1,17.703936
2935,32,32,-1,-1,-1,-1,-1,17.552383
2936,32,1040,-1,-1,-1,-1,-1,81.626114
2937,32,32,-1,-1,-1,-1,-1,17.775616
2938,32,32,-1,-1,-1,-1,-1,17.62816
2939,32,32,-1,-1,-1,-1,-1,17.524736
2940,32,1040,-1,-1,-1,-1,-1,81.51757
2941,32,32,-1,-1,-1,-1,-1,17.762304
2942,32,1040,-1,-1,-1,-1,-1,82.436096
2943,32,32,-1,-1,-1,-1,-1,17.762304
2944,32,32,-1,-1,-1,-1,-1,17.620993
2945,32,32,-1,-1,-1,-1,-1,17.490944
2946,32,32,-1,-1,-1,-1,-1,17.447935
2947,32,32,-1,-1,-1,-1,-1,17.410048
2948,32,1040,-1,-1,-1,-1,-1,81.035263
2949,32,32,-1,-1,-1,-1,-1,17.821695
2950,32,32,-1,-1,-1,-1,-1,17.532928
2951,32,32,-1,-1,-1,-1,-1,17.456127
2952,32,32,-1,-1,-1,-1,-1,17.392639
2953,32,32,-1,-1,-1,-1,-1,17.401855
2954,32,32,-1,-1,-1,-1,-1,17.389568
2955,32,1040,-1,-1,-1,-1,-1,81.378304
2956,32,32,-1,-1,-1,-1,-1,17.804289
2957,32,32,-1,-1,-1,-1,-1,17.665024
2958,32,32,-1,-1,-1,-1,-1,17.527807
2959,32,32,-1,-1,-1,-1,-1,17.460224
2960,32,1040,-1,-1,-1,-1,-1,80.954369
2961,32,32,-1,-1,-1,-1,-1,17.78688
2962,32,1040,-1,-1,-1,-1,-1,82.164734
2963,32,1040,-1,-1,-1,-1,-1,83.926018
2964,32,32,-1,-1,-1,-1,-1,17.767424
2965,32,1040,-1,-1,-1,-1,-1,82.511871
2966,32,32,-1,-1,-1,-1,-1,17.747969
2967,32,32,-1,-1,-1,-1,-1,17.659904
2968,32,32,-1,-1,-1,-1,-1,17.517569
2969,32,32,-1,-1,-1,-1,-1,17.423361
2970,32,32,-1,-1,-1,-1,-1,17.38752
2971,32,32,-1,-1,-1,-1,-1,17.400831
2972,32,32,-1,-1,-1,-1,-1,17.411072
2973,32,1040,-1,-1,-1,-1,-1,81.036285
2974,32,32,-1,-1,-1,-1,-1,17.829887
2975,32,32,-1,-1,-1,-1,-1,17.600512
2976,32,32,-1,-1,-1,-1,-1,17.47456
2977,32,1040,-1,-1,-1,-1,-1,81.397758
2978,32,32,-1,-1,-1,-1,-1,17.80224
2979,32,32,-1,-1,-1,-1,-1,17.622017
2980,32,32,-1,-1,-1,-1,-1,17.475584
2981,32,32,-1,-1,-1,-1,-1,17.422337
2982,32,1040,-1,-1,-1,-1,-1,81.146881
2983,32,32,-1,-1,-1,-1,-1,17.781759
2984,32,1040,-1,-1,-1,-1,-1,82.234367
2985,32,32,-1,-1,-1,-1,-1,17.779713
2986,32,1040,-1,-1,-1,-1,-1,82.549759
2987,32,32,-1,-1,-1,-1,-1,17.785856
2988,32,32,-1,-1,-1,-1,-1,17.631231
2989,32,1039,-1,-1,-1,-1,-1,81.731583
2990,32,32,-1,-1,-1,-1,-1,17.782784
2991,32,32,-1,-1,-1,-1,-1,17.646591
2992,32,32,-1,-1,-1,-1,-1,17.51552
2993,32,32,-1,-1,-1,-1,-1,17.430529
2994,32,32,-1,-1,-1,-1,-1,17.38752
2995,32,1040,-1,-1,-1,-1,-1,81.106941
2996,32,1040,-1,-1,-1,-1,-1,83.934212
2997,32,32,-1,-1,-1,-1,-1,17.792
2998,32,32,-1,-1,-1,-1,-1,17.622017
2999,32,1040,-1,-1,-1,-1,-1,81.394691
3000,32,32,-1,-1,-1,-1,-1,17.760256
3001,32,32,-1,-1,-1,-1,-1,17.590273
3002,32,32,-1,-1,-1,-1,-1,17.501184
3003,32,1040,-1,-1,-1,-1,-1,81.60154
3004,32,32,-1,-1,-1,-1,-1,17.801216
3005,32,32,-1,-1,-1,-1,-1,17.542145
3006,32,32,-1,-1,-1,-1,-1,17.422337
3007,32,32,-1,-1,-1,-1,-1,17.391617
3008,32,32,-1,-1,-1,-1,-1,17.392639
3009,32,32,-1,-1,-1,-1,-1,17.392639
3010,32,32,-1,-1,-1,-1,-1,17.401855
3011,32,32,-1,-1,-1,-1,-1,17.38752
3012,32,1040,-1,-1,-1,-1,-1,80.970749
3013,32,32,-1,-1,-1,-1,-1,17.854464
3014,32,32,-1,-1,-1,-1,-1,17.721344
3015,32,1039,-1,-1,-1,-1,-1,81.594368
3016,32,32,-1,-1,-1,-1,-1,17.789951
3017,32,32,-1,-1,-1,-1,-1,17.676289
3018,32,1040,-1,-1,-1,-1,-1,81.900543
3019,32,32,-1,-1,-1,-1,-1,17.80736
3020,32,32,-1,-1,-1,-1,-1,17.606655
3021,32,32,-1,-1,-1,-1,-1,17.544191
3022,32,32,-1,-1,-1,-1,-1,17.458176
3023,32,32,-1,-1,-1,-1,-1,17.38752
3024,32,1040,-1,-1,-1,-1,-1,81.231873
3025,32,1040,-1,-1,-1,-1,-1,83.92704
3026,32,32,-1,-1,-1,-1,-1,17.820671
3027,32,32,-1,-1,-1,-1,-1,17.611776
3028,32,32,-1,-1,-1,-1,-1,17.50016
3029,32,1040,-1,-1,-1,-1,-1,81.548286
3030,32,32,-1,-1,-1,-1,-1,17.819649
3031,32,1039,-1,-1,-1,-1,-1,82.245628
3032,32,32,-1,-1,-1,-1,-1,17.796097
3033,32,1040,-1,-1,-1,-1,-1,82.204674
3034,32,32,-1,-1,-1,-1,-1,17.809408
3035,32,1040,-1,-1,-1,-1,-1,82.286591
3036,32,32,-1,-1,-1,-1,-1,17.796097
3037,32,32,-1,-1,-1,-1,-1,17.541121
3038,32,32,-1,-1,-1,-1,-1,17.448959
3039,32,32,-1,-1,-1,-1,-1,17.374208
3040,32,32,-1,-1,-1,-1,-1,17.390593
3041,32,1040,-1,-1,-1,-1,-1,81.433601
3042,32,32,-1,-1,-1,-1,-1,17.78688
3043,32,32,-1,-1,-1,-1,-1,17.629185
3044,32,32,-1,-1,-1,-1,-1,17.521664
3045,32,32,-1,-1,-1,-1,-1,17.437696
3046,32,32,-1,-1,-1,-1,-1,17.396736
3047,32,32,-1,-1,-1,-1,-1,17.403904
3048,32,1040,-1,-1,-1,-1,-1,80.822273
3049,32,32,-1,-1,-1,-1,-1,17.790976
3050,32,32,-1,-1,-1,-1,-1,17.588224
3051,32,1040,-1,-1,-1,-1,-1,81.832962
3052,32,32,-1,-1,-1,-1,-1,17.794048
3053,32,32,-1,-1,-1,-1,-1,17.539072
3054,32,32,-1,-1,-1,-1,-1,17.423361
3055,32,32,-1,-1,-1,-1,-1,17.34656
3056,32,1040,-1,-1,-1,-1,-1,81.388542
3057,32,1039,-1,-1,-1,-1,-1,84.556801
3058,32,32,-1,-1,-1,-1,-1,17.814528
3059,32,32,-1,-1,-1,-1,-1,17.564672
3060,32,32,-1,-1,-1,-1,-1,17.473536
3061,32,32,-1,-1,-1,-1,-1,17.395712
3062,32,1040,-1,-1,-1,-1,-1,81.22982
3063,32,32,-1,-1,-1,-1,-1,17.797119
3064,32,32,-1,-1,-1,-1,-1,17.636353
3065,32,32,-1,-1,-1,-1,-1,17.48992
3066,32,32,-1,-1,-1,-1,-1,17.438721
3067,32,32,-1,-1,-1,-1,-1,17.391617
3068,32,32,-1,-1,-1,-1,-1,17.375233
3069,32,1040,-1,-1,-1,-1,-1,81.520638
3070,32,32,-1,-1,-1,-1,-1,17.853439
3071,32,32,-1,-1,-1,-1,-1,17.660929
3072,32,1039,-1,-1,-1,-1,-1,81.584129
3073,32,32,-1,-1,-1,-1,-1,17.795073
3074,32,32,-1,-1,-1,-1,-1,17.605633
3075,32,32,-1,-1,-1,-1,-1,17.506304
3076,32,32,-1,-1,-1,-1,-1,17.444864
3077,32,1040,-1,-1,-1,-1,-1,81.558525
3078,32,32,-1,-1,-1,-1,-1,17.819649
3079,32,32,-1,-1,-1,-1,-1,17.603584
3080,32,32,-1,-1,-1,-1,-1,17.497087
3081,32,32,-1,-1,-1,-1,-1,17.415169
3082,32,32,-1,-1,-1,-1,-1,17.408001
3083,32,32,-1,-1,-1,-1,-1,17.395712
3084,32,32,-1,-1,-1,-1,-1,17.400831
3085,32,32,-1,-1,-1,-1,-1,17.39776
3086,32,32,-1,-1,-1,-1,-1,17.374208
3087,32,32,-1,-1,-1,-1,-1,17.333248
3088,32,32,-1,-1,-1,-1,-1,17.360895
3089,32,1040,-1,-1,-1,-1,-1,80.753662
3090,32,32,-1,-1,-1,-1,-1,17.86368
3091,32,32,-1,-1,-1,-1,-1,17.64352
3092,32,2048,-1,-1,-1,-1,-1,138.119171
3093,32,32,-1,-1,-1,-1,-1,17.84832
3094,32,32,-1,-1,-1,-1,-1,17.709057
3095,32,32,-1,-1,-1,-1,-1,17.533953
3096,32,32,-1,-1,-1,-1,-1,17.451008
3097,32,32,-1,-1,-1,-1,-1,17.429504
3098,32,32,-1,-1,-1,-1,-1,17.435648
3099,32,1040,-1,-1,-1,-1,-1,81.488899
3100,32,1040,-1,-1,-1,-1,-1,83.749886
3101,32,32,-1,-1,-1,-1,-1,17.790976
3102,32,32,-1,-1,-1,-1,-1,17.638399
3103,32,32,-1,-1,-1,-1,-1,17.482752
3104,32,32,-1,-1,-1,-1,-1,17.466368
3105,32,1040,-1,-1,-1,-1,-1,81.264641
3106,32,2047,-1,-1,-1,-1,-1,139.283463
3107,32,1040,-1,-1,-1,-1,-1,83.957764
3108,32,32,-1,-1,-1,-1,-1,17.781759
3109,32,32,-1,-1,-1,-1,-1,17.609728
3110,32,32,-1,-1,-1,-1,-1,17.509377
3111,32,32,-1,-1,-1,-1,-1,17.462273
3112,32,32,-1,-1,-1,-1,-1,17.385471
3113,32,1040,-1,-1,-1,-1,-1,81.362946
3114,32,32,-1,-1,-1,-1,-1,17.819649
3115,32,32,-1,-1,-1,-1,-1,17.579008
3116,32,32,-1,-1,-1,-1,-1,17.472511
3117,32,32,-1,-1,-1,-1,-1,17.419264
3118,32,32,-1,-1,-1,-1,-1,17.370111
3119,32,32,-1,-1,-1,-1,-1,17.367041
3120,32,1039,-1,-1,-1,-1,-1,80.878593
3121,32,1040,-1,-1,-1,-1,-1,83.613693
3122,32,32,-1,-1,-1,-1,-1,17.771521
3123,32,32,-1,-1,-1,-1,-1,17.646591
3124,32,32,-1,-1,-1,-1,-1,17.495041
3125,32,32,-1,-1,-1,-1,-1,17.441792
3126,32,32,-1,-1,-1,-1,-1,17.403904
3127,32,1039,-1,-1,-1,-1,-1,81.116158
3128,32,32,-1,-1,-1,-1,-1,17.812481
3129,32,1040,-1,-1,-1,-1,-1,82.532349
3130,32,32,-1,-1,-1,-1,-1,17.819649
3131,32,32,-1,-1,-1,-1,-1,17.596416
3132,32,32,-1,-1,-1,-1,-1,17.485825
3133,32,32,-1,-1,-1,-1,-1,17.435648
3134,32,32,-1,-1,-1,-1,-1,17.358849
3135,32,32,-1,-1,-1,-1,-1,17.361919
3136,32,32,-1,-1,-1,-1,-1,17.390593
3137,32,32,-1,-1,-1,-1,-1,17.406977
3138,32,32,-1,-1,-1,-1,-1,17.37216
3139,32,32,-1,-1,-1,-1,-1,17.361919
3140,32,1040,-1,-1,-1,-1,-1,80.724991
3141,32,32,-1,-1,-1,-1,-1,17.813503
3142,32,32,-1,-1,-1,-1,-1,17.626112
3143,32,3054,-1,-1,-1,-1,-1,201.832443
3144,32,32,-1,-1,-1,-1,-1,17.815552
3145,32,32,-1,-1,-1,-1,-1,17.626112
3146,32,32,-1,-1,-1,-1,-1,17.464319
3147,32,32,-1,-1,-1,-1,-1,17.447935
3148,32,1040,-1,-1,-1,-1,-1,81.309692
3149,32,1040,-1,-1,-1,-1,-1,83.921921
3150,32,1040,-1,-1,-1,-1,-1,83.94342
3151,32,32,-1,-1,-1,-1,-1,17.736704
3152,32,32,-1,-1,-1,-1,-1,17.60256
3153,32,1040,-1,-1,-1,-1,-1,81.694717
3154,32,32,-1,-1,-1,-1,-1,17.742847
3155,32,1040,-1,-1,-1,-1,-1,82.066429
3156,32,32,-1,-1,-1,-1,-1,17.752064
3157,32,32,-1,-1,-1,-1,-1,17.603584
3158,32,32,-1,-1,-1,-1,-1,17.458176
3159,32,32,-1,-1,-1,-1,-1,17.380352
3160,32,32,-1,-1,-1,-1,-1,17.354752
3161,32,32,-1,-1,-1,-1,-1,17.377279
3162,32,32,-1,-1,-1,-1,-1,17.369087
3163,32,32,-1,-1,-1,-1,-1,17.393663
3164,32,32,-1,-1,-1,-1,-1,17.369087
3165,32,32,-1,-1,-1,-1,-1,17.34144
3166,32,32,-1,-1,-1,-1,-1,17.324032
3167,32,32,-1,-1,-1,-1,-1,17.325056
3168,32,32,-1,-1,-1,-1,-1,17.3568
3169,32,32,-1,-1,-1,-1,-1,17.347584
3170,32,32,-1,-1,-1,-1,-1,17.344513
3171,32,1040,-1,-1,-1,-1,-1,81.212418
3172,32,32,-1,-1,-1,-1,-1,17.823744
3173,32,32,-1,-1,-1,-1,-1,17.588224
3174,32,1040,-1,-1,-1,-1,-1,81.484802
3175,32,32,-1,-1,-1,-1,-1,17.804289
3176,32,1040,-1,-1,-1,-1,-1,82.164734
3177,32,1040,-1,-1,-1,-1,-1,83.928062
3178,32,32,-1,-1,-1,-1,-1,17.785856
3179,32,32,-1,-1,-1,-1,-1,17.600512
3180,32,32,-1,-1,-1,-1,-1,17.488895
3181,32,32,-1,-1,-1,-1,-1,17.438721
3182,32,32,-1,-1,-1,-1,-1,17.40288
3183,32,32,-1,-1,-1,-1,-1,17.379328
3184,32,1040,-1,-1,-1,-1,-1,81.203201
3185,32,32,-1,-1,-1,-1,-1,17.812481
3186,32,32,-1,-1,-1,-1,-1,17.678335
3187,32,32,-1,-1,-1,-1,-1,17.506304
3188,32,32,-1,-1,-1,-1,-1,17.421312
3189,32,32,-1,-1,-1,-1,-1,17.396736
3190,32,32,-1,-1,-1,-1,-1,17.405952
3191,32,1040,-1,-1,-1,-1,-1,80.959488
3192,32,32,-1,-1,-1,-1,-1,17.819649
3193,32,1040,-1,-1,-1,-1,-1,82.399231
3194,32,32,-1,-1,-1,-1,-1,17.788927
3195,32,32,-1,-1,-1,-1,-1,17.612801
3196,32,1040,-1,-1,-1,-1,-1,81.667068
3197,32,32,-1,-1,-1,-1,-1,17.819649
3198,32,32,-1,-1,-1,-1,-1,17.641472
3199,32,32,-1,-1,-1,-1,-1,17.503231
3200,32,32,-1,-1,-1,-1,-1,17.453056
3201,32,32,-1,-1,-1,-1,-1,17.433599
3202,32,32,-1,-1,-1,-1,-1,17.429504
3203,32,1023,-1,-1,-1,-1,-1,76.124161
3204,32,32,-1,-1,-1,-1,-1,17.787905
3205,32,32,-1,-1,-1,-1,-1,17.616896
3206,32,32,-1,-1,-1,-1,-1,17.511423
3207,32,32,-1,-1,-1,-1,-1,17.457151
3208,32,32,-1,-1,-1,-1,-1,17.417215
3209,32,32,-1,-1,-1,-1,-1,17.412096
3210,32,32,-1,-1,-1,-1,-1,17.40288
3211,32,32,-1,-1,-1,-1,-1,17.408001
3212,32,32,-1,-1,-1,-1,-1,17.364992
3213,32,32,-1,-1,-1,-1,-1,17.377279
3214,32,1040,-1,-1,-1,-1,-1,81.164291
3215,32,32,-1,-1,-1,-1,-1,17.792
3216,32,1040,-1,-1,-1,-1,-1,82.546684
3217,32,32,-1,-1,-1,-1,-1,17.862656
3218,32,1040,-1,-1,-1,-1,-1,82.394112
3219,32,32,-1,-1,-1,-1,-1,17.864704
3220,32,32,-1,-1,-1,-1,-1,17.672192
3221,32,32,-1,-1,-1,-1,-1,17.509377
3222,32,32,-1,-1,-1,-1,-1,17.46944
3223,32,32,-1,-1,-1,-1,-1,17.437696
3224,32,32,-1,-1,-1,-1,-1,17.432575
3225,32,1040,-1,-1,-1,-1,-1,81.335297
3226,32,1040,-1,-1,-1,-1,-1,83.952637
3227,32,32,-1,-1,-1,-1,-1,17.784832
3228,32,32,-1,-1,-1,-1,-1,17.646591
3229,32,32,-1,-1,-1,-1,-1,17.531904
3230,32,32,-1,-1,-1,-1,-1,17.486849
3231,32,32,-1,-1,-1,-1,-1,17.410048
3232,32,32,-1,-1,-1,-1,-1,17.440767
3233,32,32,-1,-1,-1,-1,-1,17.470465
3234,32,32,-1,-1,-1,-1,-1,17.46944
3235,32,32,-1,-1,-1,-1,-1,17.429504
3236,32,32,-1,-1,-1,-1,-1,17.41312
3237,32,32,-1,-1,-1,-1,-1,17.389568
3238,32,1040,-1,-1,-1,-1,-1,81.376259
3239,32,32,-1,-1,-1,-1,-1,17.875969
3240,32,1040,-1,-1,-1,-1,-1,82.826241
3241,32,32,-1,-1,-1,-1,-1,17.83296
3242,32,32,-1,-1,-1,-1,-1,17.696768
3243,32,32,-1,-1,-1,-1,-1,17.554432
3244,32,1040,-1,-1,-1,-1,-1,81.751038
3245,32,1040,-1,-1,-1,-1,-1,83.638275
3246,32,1040,-1,-1,-1,-1,-1,83.883011
3247,32,32,-1,-1,-1,-1,-1,17.823744
3248,32,32,-1,-1,-1,-1,-1,17.636353
3249,32,1039,-1,-1,-1,-1,-1,81.806335
3250,32,32,-1,-1,-1,-1,-1,17.853439
3251,32,1039,-1,-1,-1,-1,-1,82.087936
3252,32,32,-1,-1,-1,-1,-1,17.854464
3253,32,32,-1,-1,-1,-1,-1,17.622017
3254,32,32,-1,-1,-1,-1,-1,17.521664
3255,32,32,-1,-1,-1,-1,-1,17.461248
3256,32,32,-1,-1,-1,-1,-1,17.435648
3257,32,32,-1,-1,-1,-1,-1,17.454081
3258,32,32,-1,-1,-1,-1,-1,17.447935
3259,32,32,-1,-1,-1,-1,-1,17.425407
3260,32,32,-1,-1,-1,-1,-1,17.378304
3261,32,32,-1,-1,-1,-1,-1,17.398785
3262,32,1040,-1,-1,-1,-1,-1,80.817154
3263,32,2048,-1,-1,-1,-1,-1,139.847687
3264,32,1040,-1,-1,-1,-1,-1,83.64032
3265,32,32,-1,-1,-1,-1,-1,17.819649
3266,32,32,-1,-1,-1,-1,-1,17.615871
3267,32,32,-1,-1,-1,-1,-1,17.503231
3268,32,32,-1,-1,-1,-1,-1,17.452032
3269,32,32,-1,-1,-1,-1,-1,17.40288
3270,32,2048,-1,-1,-1,-1,-1,137.640961
3271,32,32,-1,-1,-1,-1,-1,17.837055
3272,32,32,-1,-1,-1,-1,-1,17.678335
3273,32,32,-1,-1,-1,-1,-1,17.51552
3274,32,32,-1,-1,-1,-1,-1,17.415169
3275,32,1040,-1,-1,-1,-1,-1,81.079292
3276,32,32,-1,-1,-1,-1,-1,17.794048
3277,32,32,-1,-1,-1,-1,-1,17.601536
3278,32,32,-1,-1,-1,-1,-1,17.517569
3279,32,32,-1,-1,-1,-1,-1,17.466368
3280,32,1040,-1,-1,-1,-1,-1,81.34861
3281,32,32,-1,-1,-1,-1,-1,17.907713
3282,32,1040,-1,-1,-1,-1,-1,82.204674
3283,32,32,-1,-1,-1,-1,-1,17.842176
3284,32,32,-1,-1,-1,-1,-1,17.584127
3285,32,32,-1,-1,-1,-1,-1,17.441792
3286,32,32,-1,-1,-1,-1,-1,17.436672
3287,32,32,-1,-1,-1,-1,-1,17.417215
3288,32,32,-1,-1,-1,-1,-1,17.426432
3289,32,1040,-1,-1,-1,-1,-1,81.226753
3290,32,32,-1,-1,-1,-1,-1,17.80224
3291,32,1040,-1,-1,-1,-1,-1,82.243584
3292,32,32,-1,-1,-1,-1,-1,17.797119
3293,32,32,-1,-1,-1,-1,-1,17.635328
3294,32,1040,-1,-1,-1,-1,-1,81.752068
3295,32,1040,-1,-1,-1,-1,-1,83.649536
3296,32,32,-1,-1,-1,-1,-1,17.813503
3297,32,32,-1,-1,-1,-1,-1,17.630207
3298,32,32,-1,-1,-1,-1,-1,17.48992
3299,32,32,-1,-1,-1,-1,-1,17.421312
3300,32,32,-1,-1,-1,-1,-1,17.390593
3301,32,32,-1,-1,-1,-1,-1,17.392639
3302,32,32,-1,-1,-1,-1,-1,17.408001
3303,32,32,-1,-1,-1,-1,-1,17.403904
3304,32,32,-1,-1,-1,-1,-1,17.354752
3305,32,32,-1,-1,-1,-1,-1,17.359873
3306,32,32,-1,-1,-1,-1,-1,17.366016
3307,32,1039,-1,-1,-1,-1,-1,81.232895
3308,32,32,-1,-1,-1,-1,-1,17.838079
3309,32,32,-1,-1,-1,-1,-1,17.668097
3310,32,32,-1,-1,-1,-1,-1,17.508352
3311,32,1040,-1,-1,-1,-1,-1,81.5616
3312,32,2047,-1,-1,-1,-1,-1,139.279358
3313,32,32,-1,-1,-1,-1,-1,17.765375
3314,32,1040,-1,-1,-1,-1,-1,82.550781
3315,32,32,-1,-1,-1,-1,-1,17.743872
3316,32,32,-1,-1,-1,-1,-1,17.618944
3317,32,32,-1,-1,-1,-1,-1,17.494017
3318,32,32,-1,-1,-1,-1,-1,17.421312
3319,32,32,-1,-1,-1,-1,-1,17.37216
3320,32,1040,-1,-1,-1,-1,-1,81.381378
3321,32,32,-1,-1,-1,-1,-1,17.770496
3322,32,32,-1,-1,-1,-1,-1,17.596416
3323,32,32,-1,-1,-1,-1,-1,17.498112
3324,32,32,-1,-1,-1,-1,-1,17.430529
3325,32,32,-1,-1,-1,-1,-1,17.40288
3326,32,32,-1,-1,-1,-1,-1,17.364992
3327,32,32,-1,-1,-1,-1,-1,17.376257
3328,32,32,-1,-1,-1,-1,-1,17.381376
3329,32,32,-1,-1,-1,-1,-1,17.367041
3330,32,32,-1,-1,-1,-1,-1,17.336321
3331,32,32,-1,-1,-1,-1,-1,17.3312
3332,32,32,-1,-1,-1,-1,-1,17.353727
3333,32,32,-1,-1,-1,-1,-1,17.34144
3334,32,32,-1,-1,-1,-1,-1,17.347584
3335,32,1040,-1,-1,-1,-1,-1,81.026047
3336,32,1040,-1,-1,-1,-1,-1,83.916801
3337,32,32,-1,-1,-1,-1,-1,17.80224
3338,32,32,-1,-1,-1,-1,-1,17.608704
3339,32,32,-1,-1,-1,-1,-1,17.512447
3340,32,32,-1,-1,-1,-1,-1,17.456127
3341,32,32,-1,-1,-1,-1,-1,17.390593
3342,32,32,-1,-1,-1,-1,-1,17.41312
3343,32,32,-1,-1,-1,-1,-1,17.411072
3344,32,32,-1,-1,-1,-1,-1,17.426432
3345,32,32,-1,-1,-1,-1,-1,17.392639
3346,32,32,-1,-1,-1,-1,-1,17.383425
3347,32,1040,-1,-1,-1,-1,-1,80.859138
3348,32,1040,-1,-1,-1,-1,-1,84.641792
3349,32,32,-1,-1,-1,-1,-1,17.770496
3350,32,32,-1,-1,-1,-1,-1,17.668097
3351,32,32,-1,-1,-1,-1,-1,17.539072
3352,32,1040,-1,-1,-1,-1,-1,81.337341
3353,32,1040,-1,-1,-1,-1,-1,83.940353
3354,32,32,-1,-1,-1,-1,-1,17.762304
3355,32,32,-1,-1,-1,-1,-1,17.662975
3356,32,32,-1,-1,-1,-1,-1,17.545216
3357,32,32,-1,-1,-1,-1,-1,17.452032
3358,32,32,-1,-1,-1,-1,-1,17.432575
3359,32,32,-1,-1,-1,-1,-1,17.42848
3360,32,32,-1,-1,-1,-1,-1,17.420288
3361,32,32,-1,-1,-1,-1,-1,17.423361
3362,32,32,-1,-1,-1,-1,-1,17.388544
3363,32,32,-1,-1,-1,-1,-1,17.381376
3364,32,1040,-1,-1,-1,-1,-1,80.897026
3365,32,32,-1,-1,-1,-1,-1,17.815552
3366,32,32,-1,-1,-1,-1,-1,17.682432
3367,32,32,-1,-1,-1,-1,-1,17.533953
3368,32,32,-1,-1,-1,-1,-1,17.476608
3369,32,32,-1,-1,-1,-1,-1,17.451008
3370,32,32,-1,-1,-1,-1,-1,17.423361
3371,32,32,-1,-1,-1,-1,-1,17.441792
3372,32,32,-1,-1,-1,-1,-1,17.453056
3373,32,32,-1,-1,-1,-1,-1,17.412096
3374,32,1040,-1,-1,-1,-1,-1,80.947197
3375,32,32,-1,-1,-1,-1,-1,17.882113
3376,32,1039,-1,-1,-1,-1,-1,82.183167
3377,32,1040,-1,-1,-1,-1,-1,83.902466
3378,32,32,-1,-1,-1,-1,-1,17.818624
3379,32,32,-1,-1,-1,-1,-1,17.63328
3380,32,1040,-1,-1,-1,-1,-1,81.375229
3381,32,32,-1,-1,-1,-1,-1,17.818624
3382,32,1040,-1,-1,-1,-1,-1,82.375679
3383,32,32,-1,-1,-1,-1,-1,17.800192
3384,32,2048,-1,-1,-1,-1,-1,138.62912
3385,32,32,-1,-1,-1,-1,-1,17.890305
3386,32,1040,-1,-1,-1,-1,-1,82.371582
3387,32,32,-1,-1,-1,-1,-1,17.816576
3388,32,32,-1,-1,-1,-1,-1,17.60256
3389,32,32,-1,-1,-1,-1,-1,17.46944
3390,32,32,-1,-1,-1,-1,-1,17.462273
3391,32,32,-1,-1,-1,-1,-1,17.406977
3392,32,32,-1,-1,-1,-1,-1,17.417215
3393,32,32,-1,-1,-1,-1,-1,17.425407
3394,32,1040,-1,-1,-1,-1,-1,81.411072
3395,32,1040,-1,-1,-1,-1,-1,83.94342
3396,32,32,-1,-1,-1,-1,-1,17.821695
3397,32,1040,-1,-1,-1,-1,-1,82.624512
3398,32,32,-1,-1,-1,-1,-1,17.825792
3399,32,32,-1,-1,-1,-1,-1,17.620993
3400,32,32,-1,-1,-1,-1,-1,17.496063
3401,32,1040,-1,-1,-1,-1,-1,81.705986
3402,32,32,-1,-1,-1,-1,-1,17.853439
3403,32,32,-1,-1,-1,-1,-1,17.683456
3404,32,1040,-1,-1,-1,-1,-1,81.777664
3405,32,1040,-1,-1,-1,-1,-1,83.759102
3406,32,32,-1,-1,-1,-1,-1,17.838079
3407,32,32,-1,-1,-1,-1,-1,17.618944
3408,32,1040,-1,-1,-1,-1,-1,81.787903
3409,32,32,-1,-1,-1,-1,-1,17.812481
3410,32,1040,-1,-1,-1,-1,-1,82.541565
3411,32,32,-1,-1,-1,-1,-1,17.813503
3412,32,32,-1,-1,-1,-1,-1,17.604609
3413,32,1040,-1,-1,-1,-1,-1,81.981438
3414,32,32,-1,-1,-1,-1,-1,17.805311
3415,32,32,-1,-1,-1,-1,-1,17.62816
3416,32,32,-1,-1,-1,-1,-1,17.473536
3417,32,32,-1,-1,-1,-1,-1,17.411072
3418,32,32,-1,-1,-1,-1,-1,17.361919
3419,32,32,-1,-1,-1,-1,-1,17.386496
3420,32,32,-1,-1,-1,-1,-1,17.385471
3421,32,32,-1,-1,-1,-1,-1,17.390593
3422,32,32,-1,-1,-1,-1,-1,17.366016
3423,32,1040,-1,-1,-1,-1,-1,81.320961
3424,32,1040,-1,-1,-1,-1,-1,83.920898
3425,32,32,-1,-1,-1,-1,-1,17.784832
3426,32,32,-1,-1,-1,-1,-1,17.592319
3427,32,32,-1,-1,-1,-1,-1,17.508352
3428,32,32,-1,-1,-1,-1,-1,17.439745
3429,32,32,-1,-1,-1,-1,-1,17.411072
3430,32,1039,-1,-1,-1,-1,-1,80.83149
3431,32,32,-1,-1,-1,-1,-1,17.804289
3432,32,1040,-1,-1,-1,-1,-1,82.417664
3433,32,32,-1,-1,-1,-1,-1,17.821695
3434,32,1040,-1,-1,-1,-1,-1,81.925117
3435,32,32,-1,-1,-1,-1,-1,17.800192
3436,32,32,-1,-1,-1,-1,-1,17.606655
3437,32,32,-1,-1,-1,-1,-1,17.465343
3438,32,32,-1,-1,-1,-1,-1,17.405952
3439,32,32,-1,-1,-1,-1,-1,17.403904
3440,32,32,-1,-1,-1,-1,-1,17.382401
3441,32,32,-1,-1,-1,-1,-1,17.410048
3442,32,1040,-1,-1,-1,-1,-1,81.407997
3443,32,32,-1,-1,-1,-1,-1,17.805311
3444,32,32,-1,-1,-1,-1,-1,17.657856
3445,32,32,-1,-1,-1,-1,-1,17.527807
3446,32,32,-1,-1,-1,-1,-1,17.467392
3447,32,2048,-1,-1,-1,-1,-1,137.272324
3448,32,32,-1,-1,-1,-1,-1,17.858561
3449,32,32,-1,-1,-1,-1,-1,17.604609
3450,32,32,-1,-1,-1,-1,-1,17.472511
3451,32,32,-1,-1,-1,-1,-1,17.374208
3452,32,32,-1,-1,-1,-1,-1,17.369087
3453,32,32,-1,-1,-1,-1,-1,17.393663
3454,32,32,-1,-1,-1,-1,-1,17.382401
3455,32,32,-1,-1,-1,-1,-1,17.359873
3456,32,32,-1,-1,-1,-1,-1,17.329151
3457,32,32,-1,-1,-1,-1,-1,17.338367
3458,32,1040,-1,-1,-1,-1,-1,81.521667
3459,32,32,-1,-1,-1,-1,-1,17.878016
3460,32,1040,-1,-1,-1,-1,-1,82.400253
3461,32,32,-1,-1,-1,-1,-1,17.829887
3462,32,32,-1,-1,-1,-1,-1,17.562624
3463,32,32,-1,-1,-1,-1,-1,17.451008
3464,32,32,-1,-1,-1,-1,-1,17.414145
3465,32,32,-1,-1,-1,-1,-1,17.415169
3466,32,1040,-1,-1,-1,-1,-1,81.343491
3467,32,32,-1,-1,-1,-1,-1,17.795073
3468,32,32,-1,-1,-1,-1,-1,17.667072
3469,32,32,-1,-1,-1,-1,-1,17.514496
3470,32,32,-1,-1,-1,-1,-1,17.424383
3471,32,32,-1,-1,-1,-1,-1,17.394688
3472,32,32,-1,-1,-1,-1,-1,17.396736
3473,32,32,-1,-1,-1,-1,-1,17.400831
3474,32,32,-1,-1,-1,-1,-1,17.412096
3475,32,32,-1,-1,-1,-1,-1,17.3568
3476,32,32,-1,-1,-1,-1,-1,17.369087
3477,32,32,-1,-1,-1,-1,-1,17.390593
3478,32,1040,-1,-1,-1,-1,-1,81.541122
3479,32,2047,-1,-1,-1,-1,-1,139.819016
3480,32,1040,-1,-1,-1,-1,-1,84.541443
3481,32,32,-1,-1,-1,-1,-1,17.810432
3482,32,32,-1,-1,-1,-1,-1,17.562624
3483,32,32,-1,-1,-1,-1,-1,17.433599
3484,32,32,-1,-1,-1,-1,-1,17.416191
3485,32,32,-1,-1,-1,-1,-1,17.412096
3486,32,32,-1,-1,-1,-1,-1,17.40288
3487,32,32,-1,-1,-1,-1,-1,17.403904
3488,32,32,-1,-1,-1,-1,-1,17.383425
3489,32,32,-1,-1,-1,-1,-1,17.360895
3490,32,32,-1,-1,-1,-1,-1,17.350657
3491,32,32,-1,-1,-1,-1,-1,17.352703
3492,32,32,-1,-1,-1,-1,-1,17.337343
3493,32,32,-1,-1,-1,-1,-1,17.353727
3494,32,32,-1,-1,-1,-1,-1,17.367041
3495,32,32,-1,-1,-1,-1,-1,17.361919
3496,32,32,-1,-1,-1,-1,-1,17.375233
3497,32,1039,-1,-1,-1,-1,-1,80.764931
3498,32,32,-1,-1,-1,-1,-1,17.814528
3499,32,32,-1,-1,-1,-1,-1,17.683456
3500,32,2048,-1,-1,-1,-1,-1,138.348541
3501,32,1040,-1,-1,-1,-1,-1,84.464638
3502,32,32,-1,-1,-1,-1,-1,17.739777
3503,32,3056,-1,-1,-1,-1,-1,203.022339
3504,32,32,-1,-1,-1,-1,-1,17.811457
3505,32,32,-1,-1,-1,-1,-1,17.666048
3506,32,32,-1,-1,-1,-1,-1,17.516544
3507,32,32,-1,-1,-1,-1,-1,17.422337
3508,32,1040,-1,-1,-1,-1,-1,81.886208
3509,32,1040,-1,-1,-1,-1,-1,84.100098
3510,32,32,-1,-1,-1,-1,-1,17.747969
3511,32,32,-1,-1,-1,-1,-1,17.607679
3512,32,32,-1,-1,-1,-1,-1,17.475584
3513,32,32,-1,-1,-1,-1,-1,17.429504
3514,32,32,-1,-1,-1,-1,-1,17.368065
3515,32,32,-1,-1,-1,-1,-1,17.362944
3516,32,32,-1,-1,-1,-1,-1,17.375233
3517,32,32,-1,-1,-1,-1,-1,17.384447
3518,32,32,-1,-1,-1,-1,-1,17.318913
3519,32,32,-1,-1,-1,-1,-1,17.344513
3520,32,32,-1,-1,-1,-1,-1,17.344513
3521,32,32,-1,-1,-1,-1,-1,17.327105
3522,32,32,-1,-1,-1,-1,-1,17.370111
3523,32,1040,-1,-1,-1,-1,-1,81.035263
3524,32,32,-1,-1,-1,-1,-1,17.836033
3525,32,32,-1,-1,-1,-1,-1,17.666048
3526,32,32,-1,-1,-1,-1,-1,17.526785
3527,32,1040,-1,-1,-1,-1,-1,81.789955
3528,32,1040,-1,-1,-1,-1,-1,83.718147
3529,32,32,-1,-1,-1,-1,-1,17.790976
3530,32,1040,-1,-1,-1,-1,-1,82.718719
3531,32,32,-1,-1,-1,-1,-1,17.754112
3532,32,32,-1,-1,-1,-1,-1,17.644545
3533,32,32,-1,-1,-1,-1,-1,17.510401
3534,32,1040,-1,-1,-1,-1,-1,81.352707
3535,32,32,-1,-1,-1,-1,-1,17.810432
3536,32,32,-1,-1,-1,-1,-1,17.613825
3537,32,32,-1,-1,-1,-1,-1,17.497087
3538,32,32,-1,-1,-1,-1,-1,17.4592
3539,32,32,-1,-1,-1,-1,-1,17.420288
3540,32,32,-1,-1,-1,-1,-1,17.414145
3541,32,32,-1,-1,-1,-1,-1,17.410048
3542,32,32,-1,-1,-1,-1,-1,17.423361
3543,32,3054,-1,-1,-1,-1,-1,201.574402
3544,32,32,-1,-1,-1,-1,-1,17.839104
3545,32,32,-1,-1,-1,-1,-1,17.675264
3546,32,32,-1,-1,-1,-1,-1,17.528831
3547,32,32,-1,-1,-1,-1,-1,17.427456
3548,32,32,-1,-1,-1,-1,-1,17.408001
3549,32,32,-1,-1,-1,-1,-1,17.414145
3550,32,1040,-1,-1,-1,-1,-1,81.841148
3551,32,32,-1,-1,-1,-1,-1,17.884159
3552,32,32,-1,-1,-1,-1,-1,17.612801
3553,32,1040,-1,-1,-1,-1,-1,81.671165
3554,32,32,-1,-1,-1,-1,-1,17.8176
3555,32,32,-1,-1,-1,-1,-1,17.624063
3556,32,32,-1,-1,-1,-1,-1,17.520639
3557,32,2048,-1,-1,-1,-1,-1,137.85907
3558,32,32,-1,-1,-1,-1,-1,17.878016
3559,32,32,-1,-1,-1,-1,-1,17.708033
3560,32,32,-1,-1,-1,-1,-1,17.506304
3561,32,32,-1,-1,-1,-1,-1,17.395712
3562,32,32,-1,-1,-1,-1,-1,17.395712
3563,32,32,-1,-1,-1,-1,-1,17.369087
3564,32,32,-1,-1,-1,-1,-1,17.378304
3565,32,32,-1,-1,-1,-1,-1,17.38752
3566,32,32,-1,-1,-1,-1,-1,17.358849
3567,32,1040,-1,-1,-1,-1,-1,81.166336
3568,32,32,-1,-1,-1,-1,-1,17.864704
3569,32,32,-1,-1,-1,-1,-1,17.641472
3570,32,32,-1,-1,-1,-1,-1,17.541121
3571,32,32,-1,-1,-1,-1,-1,17.442816
3572,32,1040,-1,-1,-1,-1,-1,81.584129
3573,32,32,-1,-1,-1,-1,-1,17.835009
3574,32,32,-1,-1,-1,-1,-1,17.657856
3575,32,1040,-1,-1,-1,-1,-1,81.925117
3576,32,32,-1,-1,-1,-1,-1,17.794048
3577,32,32,-1,-1,-1,-1,-1,17.646591
3578,32,32,-1,-1,-1,-1,-1,17.517569
3579,32,32,-1,-1,-1,-1,-1,17.420288
3580,32,1040,-1,-1,-1,-1,-1,81.034241
3581,32,1040,-1,-1,-1,-1,-1,83.663872
3582,32,32,-1,-1,-1,-1,-1,17.766399
3583,32,32,-1,-1,-1,-1,-1,17.642496
3584,32,32,-1,-1,-1,-1,-1,17.495041
3585,32,32,-1,-1,-1,-1,-1,17.425407
3586,32,32,-1,-1,-1,-1,-1,17.390593
3587,32,32,-1,-1,-1,-1,-1,17.409023
3588,32,1040,-1,-1,-1,-1,-1,81.792
3589,32,32,-1,-1,-1,-1,-1,17.86368
3590,32,32,-1,-1,-1,-1,-1,17.638399
3591,32,1040,-1,-1,-1,-1,-1,81.412094
3592,32,32,-1,-1,-1,-1,-1,17.830912
3593,32,32,-1,-1,-1,-1,-1,17.550337
3594,32,32,-1,-1,-1,-1,-1,17.447935
3595,32,32,-1,-1,-1,-1,-1,17.392639
3596,32,1040,-1,-1,-1,-1,-1,81.437698
3597,32,32,-1,-1,-1,-1,-1,17.827841
3598,32,32,-1,-1,-1,-1,-1,17.634304
3599,32,1040,-1,-1,-1,-1,-1,81.206268
3600,32,32,-1,-1,-1,-1,-1,17.790976
3601,32,32,-1,-1,-1,-1,-1,17.647615
3602,32,32,-1,-1,-1,-1,-1,17.455105
3603,32,32,-1,-1,-1,-1,-1,17.424383
3604,32,1040,-1,-1,-1,-1,-1,81.278976
3605,32,32,-1,-1,-1,-1,-1,17.833984
3606,32,32,-1,-1,-1,-1,-1,17.655807
3607,32,32,-1,-1,-1,-1,-1,17.543167
3608,32,32,-1,-1,-1,-1,-1,17.458176
3609,32,32,-1,-1,-1,-1,-1,17.385471
3610,32,32,-1,-1,-1,-1,-1,17.410048
3611,32,32,-1,-1,-1,-1,-1,17.393663
3612,32,32,-1,-1,-1,-1,-1,17.423361
3613,32,32,-1,-1,-1,-1,-1,17.375233
3614,32,32,-1,-1,-1,-1,-1,17.362944
3615,32,32,-1,-1,-1,-1,-1,17.357824
3616,32,32,-1,-1,-1,-1,-1,17.34144
3617,32,32,-1,-1,-1,-1,-1,17.361919
3618,32,1039,-1,-1,-1,-1,-1,81.031166
3619,32,32,-1,-1,-1,-1,-1,17.820671
3620,32,1040,-1,-1,-1,-1,-1,82.345985
3621,32,1040,-1,-1,-1,-1,-1,83.929085
3622,32,1040,-1,-1,-1,-1,-1,83.928062
3623,32,1040,-1,-1,-1,-1,-1,83.919868
3624,32,32,-1,-1,-1,-1,-1,17.815552
3625,32,32,-1,-1,-1,-1,-1,17.564672
3626,32,32,-1,-1,-1,-1,-1,17.481728
3627,32,32,-1,-1,-1,-1,-1,17.398785
3628,32,1040,-1,-1,-1,-1,-1,81.608704
3629,32,32,-1,-1,-1,-1,-1,17.855488
3630,32,32,-1,-1,-1,-1,-1,17.65888
3631,32,32,-1,-1,-1,-1,-1,17.533953
3632,32,32,-1,-1,-1,-1,-1,17.445889
3633,32,1040,-1,-1,-1,-1,-1,81.127426
3634,32,32,-1,-1,-1,-1,-1,17.76128
3635,32,1039,-1,-1,-1,-1,-1,82.526207
3636,32,32,-1,-1,-1,-1,-1,17.765375
3637,32,1040,-1,-1,-1,-1,-1,82.317314
3638,32,32,-1,-1,-1,-1,-1,17.766399
3639,32,1040,-1,-1,-1,-1,-1,82.229248
3640,32,32,-1,-1,-1,-1,-1,17.806335
3641,32,32,-1,-1,-1,-1,-1,17.653761
3642,32,32,-1,-1,-1,-1,-1,17.520639
3643,32,32,-1,-1,-1,-1,-1,17.426432
3644,32,1040,-1,-1,-1,-1,-1,80.829437
3645,32,32,-1,-1,-1,-1,-1,17.845247
3646,32,32,-1,-1,-1,-1,-1,17.672192
3647,32,32,-1,-1,-1,-1,-1,17.512447
3648,32,32,-1,-1,-1,-1,-1,17.448959
3649,32,32,-1,-1,-1,-1,-1,17.420288
3650,32,32,-1,-1,-1,-1,-1,17.396736
3651,32,32,-1,-1,-1,-1,-1,17.411072
3652,32,32,-1,-1,-1,-1,-1,17.412096
3653,32,1040,-1,-1,-1,-1,-1,81.395714
3654,32,32,-1,-1,-1,-1,-1,17.803265
3655,32,1040,-1,-1,-1,-1,-1,82.441216
3656,32,32,-1,-1,-1,-1,-1,17.811457
3657,32,32,-1,-1,-1,-1,-1,17.65888
3658,32,32,-1,-1,-1,-1,-1,17.512447
3659,32,32,-1,-1,-1,-1,-1,17.419264
3660,32,32,-1,-1,-1,-1,-1,17.434624
3661,32,32,-1,-1,-1,-1,-1,17.429504
3662,32,2048,-1,-1,-1,-1,-1,138.331131
3663,32,32,-1,-1,-1,-1,-1,17.903616
3664,32,32,-1,-1,-1,-1,-1,17.638399
3665,32,32,-1,-1,-1,-1,-1,17.557505
3666,32,32,-1,-1,-1,-1,-1,17.473536
3667,32,32,-1,-1,-1,-1,-1,17.441792
3668,32,32,-1,-1,-1,-1,-1,17.419264
3669,32,3055,-1,-1,-1,-1,-1,201.020416
3670,32,32,-1,-1,-1,-1,-1,17.826817
3671,32,32,-1,-1,-1,-1,-1,17.692673
3672,32,32,-1,-1,-1,-1,-1,17.50528
3673,32,32,-1,-1,-1,-1,-1,17.422337
3674,32,32,-1,-1,-1,-1,-1,17.379328
3675,32,32,-1,-1,-1,-1,-1,17.371136
3676,32,32,-1,-1,-1,-1,-1,17.41312
3677,32,32,-1,-1,-1,-1,-1,17.400831
3678,32,1039,-1,-1,-1,-1,-1,81.177597
3679,32,32,-1,-1,-1,-1,-1,17.836033
3680,32,32,-1,-1,-1,-1,-1,17.647615
3681,32,32,-1,-1,-1,-1,-1,17.521664
3682,32,32,-1,-1,-1,-1,-1,17.44384
3683,32,32,-1,-1,-1,-1,-1,17.414145
3684,32,1040,-1,-1,-1,-1,-1,80.96666
3685,32,32,-1,-1,-1,-1,-1,17.852415
3686,32,32,-1,-1,-1,-1,-1,17.664
3687,32,2048,-1,-1,-1,-1,-1,137.879547
3688,32,32,-1,-1,-1,-1,-1,17.852415
3689,32,32,-1,-1,-1,-1,-1,17.604609
3690,32,32,-1,-1,-1,-1,-1,17.478657
3691,32,32,-1,-1,-1,-1,-1,17.424383
3692,32,32,-1,-1,-1,-1,-1,17.38752
3693,32,1040,-1,-1,-1,-1,-1,81.386497
3694,32,32,-1,-1,-1,-1,-1,17.884159
3695,32,32,-1,-1,-1,-1,-1,17.709057
3696,32,32,-1,-1,-1,-1,-1,17.539072
3697,32,1040,-1,-1,-1,-1,-1,81.201149
3698,32,1040,-1,-1,-1,-1,-1,83.922943
3699,32,32,-1,-1,-1,-1,-1,17.809408
3700,32,32,-1,-1,-1,-1,-1,17.649664
3701,32,32,-1,-1,-1,-1,-1,17.501184
3702,32,1040,-1,-1,-1,-1,-1,81.459198
3703,32,1039,-1,-1,-1,-1,-1,84.371452
3704,32,32,-1,-1,-1,-1,-1,17.799168
3705,32,32,-1,-1,-1,-1,-1,17.608704
3706,32,32,-1,-1,-1,-1,-1,17.457151
3707,32,32,-1,-1,-1,-1,-1,17.403904
3708,32,32,-1,-1,-1,-1,-1,17.416191
3709,32,1040,-1,-1,-1,-1,-1,81.321983
3710,32,32,-1,-1,-1,-1,-1,17.838079
3711,32,1040,-1,-1,-1,-1,-1,82.585602
3712,32,32,-1,-1,-1,-1,-1,17.757183
3713,32,32,-1,-1,-1,-1,-1,17.623039
3714,32,32,-1,-1,-1,-1,-1,17.490944
3715,32,32,-1,-1,-1,-1,-1,17.445889
3716,32,32,-1,-1,-1,-1,-1,17.415169
3717,32,32,-1,-1,-1,-1,-1,17.39776
3718,32,32,-1,-1,-1,-1,-1,17.410048
3719,32,32,-1,-1,-1,-1,-1,17.410048
3720,32,32,-1,-1,-1,-1,-1,17.398785
3721,32,32,-1,-1,-1,-1,-1,17.333248
3722,32,32,-1,-1,-1,-1,-1,17.335297
3723,32,32,-1,-1,-1,-1,-1,17.349632
3724,32,32,-1,-1,-1,-1,-1,17.364992
3725,32,32,-1,-1,-1,-1,-1,17.373184
3726,32,32,-1,-1,-1,-1,-1,17.369087
3727,32,32,-1,-1,-1,-1,-1,17.38752
3728,32,32,-1,-1,-1,-1,-1,17.368065
3729,32,1040,-1,-1,-1,-1,-1,80.946175
3730,32,32,-1,-1,-1,-1,-1,17.847296
3731,32,32,-1,-1,-1,-1,-1,17.642496
3732,32,32,-1,-1,-1,-1,-1,17.513472
3733,32,32,-1,-1,-1,-1,-1,17.488895
3734,32,32,-1,-1,-1,-1,-1,17.449984
3735,32,32,-1,-1,-1,-1,-1,17.429504
3736,32,32,-1,-1,-1,-1,-1,17.444864
3737,32,1040,-1,-1,-1,-1,-1,81.439743
3738,32,1040,-1,-1,-1,-1,-1,84.427773
3739,32,32,-1,-1,-1,-1,-1,17.771521
3740,32,1039,-1,-1,-1,-1,-1,82.227203
3741,32,32,-1,-1,-1,-1,-1,17.793024
3742,32,1040,-1,-1,-1,-1,-1,82.497536
3743,32,32,-1,-1,-1,-1,-1,17.785856
3744,32,1040,-1,-1,-1,-1,-1,82.265091
3745,32,32,-1,-1,-1,-1,-1,17.792
3746,32,1040,-1,-1,-1,-1,-1,82.583549
3747,32,32,-1,-1,-1,-1,-1,17.764353
3748,32,1040,-1,-1,-1,-1,-1,82.638847
3749,32,1040,-1,-1,-1,-1,-1,83.614723
3750,32,32,-1,-1,-1,-1,-1,17.826817
3751,32,32,-1,-1,-1,-1,-1,17.596416
3752,32,32,-1,-1,-1,-1,-1,17.511423
3753,32,1040,-1,-1,-1,-1,-1,81.836029
3754,32,1040,-1,-1,-1,-1,-1,84.434944
3755,32,32,-1,-1,-1,-1,-1,17.795073
3756,32,32,-1,-1,-1,-1,-1,17.609728
3757,32,32,-1,-1,-1,-1,-1,17.464319
3758,32,32,-1,-1,-1,-1,-1,17.412096
3759,32,32,-1,-1,-1,-1,-1,17.389568
3760,32,32,-1,-1,-1,-1,-1,17.384447
3761,32,32,-1,-1,-1,-1,-1,17.378304
3762,32,32,-1,-1,-1,-1,-1,17.386496
3763,32,1040,-1,-1,-1,-1,-1,80.744446
3764,32,32,-1,-1,-1,-1,-1,17.854464
3765,32,32,-1,-1,-1,-1,-1,17.656832
3766,32,32,-1,-1,-1,-1,-1,17.487871
3767,32,32,-1,-1,-1,-1,-1,17.470465
3768,32,32,-1,-1,-1,-1,-1,17.441792
3769,32,32,-1,-1,-1,-1,-1,17.442816
3770,32,32,-1,-1,-1,-1,-1,17.42848
3771,32,2047,-1,-1,-1,-1,-1,136.981506
3772,32,1040,-1,-1,-1,-1,-1,84.210686
3773,32,32,-1,-1,-1,-1,-1,17.827841
3774,32,32,-1,-1,-1,-1,-1,17.644545
3775,32,32,-1,-1,-1,-1,-1,17.506304
3776,32,32,-1,-1,-1,-1,-1,17.424383
3777,32,32,-1,-1,-1,-1,-1,17.392639
3778,32,32,-1,-1,-1,-1,-1,17.386496
3779,32,32,-1,-1,-1,-1,-1,17.414145
3780,32,32,-1,-1,-1,-1,-1,17.416191
3781,32,32,-1,-1,-1,-1,-1,17.359873
3782,32,32,-1,-1,-1,-1,-1,17.376257
3783,32,32,-1,-1,-1,-1,-1,17.380352
3784,32,32,-1,-1,-1,-1,-1,17.350657
3785,32,32,-1,-1,-1,-1,-1,17.388544
3786,32,1040,-1,-1,-1,-1,-1,81.110016
3787,32,32,-1,-1,-1,-1,-1,17.84832
3788,32,32,-1,-1,-1,-1,-1,17.694719
3789,32,3056,-1,-1,-1,-1,-1,201.828354
3790,32,32,-1,-1,-1,-1,-1,17.860607
3791,32,32,-1,-1,-1,-1,-1,17.698816
3792,32,1039,-1,-1,-1,-1,-1,81.765373
3793,32,32,-1,-1,-1,-1,-1,17.774591
3794,32,32,-1,-1,-1,-1,-1,17.609728
3795,32,32,-1,-1,-1,-1,-1,17.510401
3796,32,32,-1,-1,-1,-1,-1,17.457151
3797,32,32,-1,-1,-1,-1,-1,17.41312
3798,32,32,-1,-1,-1,-1,-1,17.409023
3799,32,1040,-1,-1,-1,-1,-1,81.393661
3800,32,32,-1,-1,-1,-1,-1,17.836033
3801,32,32,-1,-1,-1,-1,-1,17.601536
3802,32,32,-1,-1,-1,-1,-1,17.498112
3803,32,32,-1,-1,-1,-1,-1,17.425407
3804,32,32,-1,-1,-1,-1,-1,17.417215
3805,32,32,-1,-1,-1,-1,-1,17.412096
3806,32,32,-1,-1,-1,-1,-1,17.409023
3807,32,32,-1,-1,-1,-1,-1,17.425407
3808,32,1040,-1,-1,-1,-1,-1,81.187843
3809,32,1040,-1,-1,-1,-1,-1,83.85434
3810,32,32,-1,-1,-1,-1,-1,17.796097
3811,32,32,-1,-1,-1,-1,-1,17.657856
3812,32,32,-1,-1,-1,-1,-1,17.551359
3813,32,1040,-1,-1,-1,-1,-1,82.115585
3814,32,1039,-1,-1,-1,-1,-1,83.886078
3815,32,32,-1,-1,-1,-1,-1,17.781759
3816,32,32,-1,-1,-1,-1,-1,17.641472
3817,32,1040,-1,-1,-1,-1,-1,81.783806
3818,32,32,-1,-1,-1,-1,-1,17.782784
3819,32,32,-1,-1,-1,-1,-1,17.653761
3820,32,32,-1,-1,-1,-1,-1,17.511423
3821,32,32,-1,-1,-1,-1,-1,17.449984
3822,32,32,-1,-1,-1,-1,-1,17.416191
3823,32,1040,-1,-1,-1,-1,-1,81.50016
3824,32,32,-1,-1,-1,-1,-1,17.900543
3825,32,32,-1,-1,-1,-1,-1,17.624063
3826,32,1040,-1,-1,-1,-1,-1,81.99987
3827,32,32,-1,-1,-1,-1,-1,17.827841
3828,32,32,-1,-1,-1,-1,-1,17.580032
3829,32,32,-1,-1,-1,-1,-1,17.523712
3830,32,32,-1,-1,-1,-1,-1,17.449984
3831,32,1040,-1,-1,-1,-1,-1,81.654785
3832,32,32,-1,-1,-1,-1,-1,17.888256
3833,32,32,-1,-1,-1,-1,-1,17.690624
3834,32,1040,-1,-1,-1,-1,-1,81.50528
3835,32,32,-1,-1,-1,-1,-1,17.80736
3836,32,32,-1,-1,-1,-1,-1,17.67424
3837,32,32,-1,-1,-1,-1,-1,17.533953
3838,32,2047,-1,-1,-1,-1,-1,136.594437
3839,32,32,-1,-1,-1,-1,-1,17.862656
3840,32,32,-1,-1,-1,-1,-1,17.620993
3841,32,32,-1,-1,-1,-1,-1,17.513472
3842,32,32,-1,-1,-1,-1,-1,17.4592
3843,32,32,-1,-1,-1,-1,-1,17.429504
3844,32,32,-1,-1,-1,-1,-1,17.403904
3845,32,32,-1,-1,-1,-1,-1,17.422337
3846,32,32,-1,-1,-1,-1,-1,17.401855
3847,32,32,-1,-1,-1,-1,-1,17.401855
3848,32,32,-1,-1,-1,-1,-1,17.329151
3849,32,32,-1,-1,-1,-1,-1,17.373184
3850,32,32,-1,-1,-1,-1,-1,17.373184
3851,32,32,-1,-1,-1,-1,-1,17.357824
3852,32,32,-1,-1,-1,-1,-1,17.363968
3853,32,32,-1,-1,-1,-1,-1,17.350657
3854,32,32,-1,-1,-1,-1,-1,17.336321
3855,32,1040,-1,-1,-1,-1,-1,80.950272
3856,32,32,-1,-1,-1,-1,-1,17.840128
3857,32,32,-1,-1,-1,-1,-1,17.688576
3858,32,32,-1,-1,-1,-1,-1,17.544191
3859,32,32,-1,-1,-1,-1,-1,17.463297
3860,32,32,-1,-1,-1,-1,-1,17.433599
3861,32,1040,-1,-1,-1,-1,-1,81.079292
3862,32,32,-1,-1,-1,-1,-1,17.845247
3863,32,32,-1,-1,-1,-1,-1,17.681408
3864,32,32,-1,-1,-1,-1,-1,17.511423
3865,32,32,-1,-1,-1,-1,-1,17.48992
3866,32,32,-1,-1,-1,-1,-1,17.446913
3867,32,32,-1,-1,-1,-1,-1,17.436672
3868,32,32,-1,-1,-1,-1,-1,17.447935
3869,32,2048,-1,-1,-1,-1,-1,137.539581
3870,32,32,-1,-1,-1,-1,-1,17.893375
3871,32,32,-1,-1,-1,-1,-1,17.702911
3872,32,1039,-1,-1,-1,-1,-1,81.599487
3873,32,1040,-1,-1,-1,-1,-1,83.923965
3874,32,32,-1,-1,-1,-1,-1,17.859585
3875,32,1040,-1,-1,-1,-1,-1,82.642944
3876,32,1040,-1,-1,-1,-1,-1,83.98336
3877,32,1039,-1,-1,-1,-1,-1,83.913727
3878,32,32,-1,-1,-1,-1,-1,17.82272
3879,32,32,-1,-1,-1,-1,-1,17.609728
3880,32,2048,-1,-1,-1,-1,-1,137.772034
3881,32,32,-1,-1,-1,-1,-1,17.850368
3882,32,32,-1,-1,-1,-1,-1,17.699841
3883,32,32,-1,-1,-1,-1,-1,17.544191
3884,32,32,-1,-1,-1,-1,-1,17.427456
3885,32,32,-1,-1,-1,-1,-1,17.392639
3886,32,32,-1,-1,-1,-1,-1,17.391617
3887,32,1040,-1,-1,-1,-1,-1,81.207298
3888,32,32,-1,-1,-1,-1,-1,17.823744
3889,32,32,-1,-1,-1,-1,-1,17.645569
3890,32,32,-1,-1,-1,-1,-1,17.506304
3891,32,32,-1,-1,-1,-1,-1,17.441792
3892,32,32,-1,-1,-1,-1,-1,17.408001
3893,32,32,-1,-1,-1,-1,-1,17.399809
3894,32,1040,-1,-1,-1,-1,-1,81.159164
3895,32,32,-1,-1,-1,-1,-1,17.830912
3896,32,32,-1,-1,-1,-1,-1,17.60256
3897,32,32,-1,-1,-1,-1,-1,17.502209
3898,32,32,-1,-1,-1,-1,-1,17.431553
3899,32,32,-1,-1,-1,-1,-1,17.424383
3900,32,1040,-1,-1,-1,-1,-1,81.261566
3901,32,1040,-1,-1,-1,-1,-1,83.738625
3902,32,32,-1,-1,-1,-1,-1,17.808384
3903,32,32,-1,-1,-1,-1,-1,17.644545
3904,32,2032,-1,-1,-1,-1,-1,138.118149
3905,32,32,-1,-1,-1,-1,-1,17.821695
3906,32,32,-1,-1,-1,-1,-1,17.623039
3907,32,32,-1,-1,-1,-1,-1,17.46944
3908,32,32,-1,-1,-1,-1,-1,17.447935
3909,32,2048,-1,-1,-1,-1,-1,137.610245
3910,32,32,-1,-1,-1,-1,-1,17.865728
3911,32,32,-1,-1,-1,-1,-1,17.638399
3912,32,32,-1,-1,-1,-1,-1,17.455105
3913,32,32,-1,-1,-1,-1,-1,17.396736
3914,32,32,-1,-1,-1,-1,-1,17.373184
3915,32,32,-1,-1,-1,-1,-1,17.364992
3916,32,1040,-1,-1,-1,-1,-1,81.285118
3917,32,32,-1,-1,-1,-1,-1,17.842176
3918,32,32,-1,-1,-1,-1,-1,17.695744
3919,32,32,-1,-1,-1,-1,-1,17.549313
3920,32,32,-1,-1,-1,-1,-1,17.432575
3921,32,32,-1,-1,-1,-1,-1,17.405952
3922,32,32,-1,-1,-1,-1,-1,17.405952
3923,32,32,-1,-1,-1,-1,-1,17.411072
3924,32,1040,-1,-1,-1,-1,-1,81.633278
3925,32,32,-1,-1,-1,-1,-1,17.833984
3926,32,32,-1,-1,-1,-1,-1,17.631231
3927,32,32,-1,-1,-1,-1,-1,17.479679
3928,32,32,-1,-1,-1,-1,-1,17.426432
3929,32,32,-1,-1,-1,-1,-1,17.406977
3930,32,32,-1,-1,-1,-1,-1,17.421312
3931,32,32,-1,-1,-1,-1,-1,17.398785
3932,32,1040,-1,-1,-1,-1,-1,81.400833
3933,32,1040,-1,-1,-1,-1,-1,83.850243
3934,32,32,-1,-1,-1,-1,-1,17.80736
3935,32,32,-1,-1,-1,-1,-1,17.678335
3936,32,32,-1,-1,-1,-1,-1,17.524736
3937,32,1040,-1,-1,-1,-1,-1,81.438721
3938,32,1040,-1,-1,-1,-1,-1,84.318207
3939,32,1040,-1,-1,-1,-1,-1,84.283394
3940,32,32,-1,-1,-1,-1,-1,17.820671
3941,32,32,-1,-1,-1,-1,-1,17.638399
3942,32,32,-1,-1,-1,-1,-1,17.494017
3943,32,32,-1,-1,-1,-1,-1,17.439745
3944,32,32,-1,-1,-1,-1,-1,17.390593
3945,32,32,-1,-1,-1,-1,-1,17.380352
3946,32,1039,-1,-1,-1,-1,-1,80.991234
3947,32,32,-1,-1,-1,-1,-1,17.798143
3948,32,32,-1,-1,-1,-1,-1,17.614847
3949,32,32,-1,-1,-1,-1,-1,17.506304
3950,32,1040,-1,-1,-1,-1,-1,81.913857
3951,32,32,-1,-1,-1,-1,-1,17.805311
3952,32,32,-1,-1,-1,-1,-1,17.635328
3953,32,1040,-1,-1,-1,-1,-1,81.719299
3954,32,32,-1,-1,-1,-1,-1,17.818624
3955,32,32,-1,-1,-1,-1,-1,17.563648
3956,32,32,-1,-1,-1,-1,-1,17.461248
3957,32,32,-1,-1,-1,-1,-1,17.415169
3958,32,32,-1,-1,-1,-1,-1,17.39776
3959,32,1040,-1,-1,-1,-1,-1,81.407997
3960,32,32,-1,-1,-1,-1,-1,17.839104
3961,32,32,-1,-1,-1,-1,-1,17.671167
3962,32,32,-1,-1,-1,-1,-1,17.501184
